date,carrier_freq,rrc_setup_sr,erab_estab_sr,erab_drop_rate,handover_intra_sr,handover_sr,availability_pct,dl_throughput_mbps,ul_throughput_mbps,connected_users,downtime_sec
2025-09-20,350,99.66975346687212,99.68365177195686,0.2023574730354391,0.9846379044684128,98.5115870570108,98.95106153846154,12.077919876733436,1.2481201848998458,13.696953846153846,589083.8399999941
2025-09-21,350,99.68576923076922,99.68230769230767,0.1737692307692308,0.9847846153846154,98.5335846153846,98.84192307692308,12.260323076923076,1.3018615384615386,13.988723076923076,650375.9999999999
2025-09-22,350,99.69095384615385,99.68066153846154,0.1787846153846154,0.9862153846153846,98.68756923076924,99.025,12.422046153846154,1.271584615384615,13.9388,547559.9999999958
2025-09-23,350,99.6851001540832,99.67687211093993,0.1797226502311248,0.9853004622496148,98.58992295839754,99.03055384615384,12.11391371340524,1.273281972265023,13.97543076923077,544440.9600000001
2025-09-24,350,99.68255778120184,99.68442218798153,0.1813559322033898,0.9857627118644068,98.6429121725732,99.0361846153846,12.3615562403698,1.2542218798151,13.955323076923078,541278.7200000003
2025-09-25,350,99.68283513097072,99.686687211094,0.1759630200308166,0.9860708782742682,98.67365177195686,98.9642153846154,12.487996918335902,1.3282280431432971,13.751246153846154,581696.6400000005
2025-09-26,350,99.66779661016948,99.67614791987673,0.1720647149460708,0.9844992295839752,98.47129429892142,98.80527692307692,12.12335901386749,1.278597842835131,13.247953846153846,670956.480000006
2025-09-27,350,99.67035439137132,99.6860246533128,0.1721725731895223,0.9855624036979967,98.6104468412943,98.59047692307692,12.038058551617873,1.298104776579353,13.802076923076925,791588.160000002
2025-09-28,350,99.68651771956856,99.65992295839752,0.1753158705701078,0.985824345146379,98.64090909090908,99.07789230769232,12.34873651771957,1.2725269645608628,13.912384615384614,517855.6800000011
2025-09-29,350,99.68969183359016,99.67292758089368,0.1719876733436055,0.9859476117103236,98.662218798151,99.19376923076922,12.679922958397537,1.2850693374422189,13.8088,452779.2000000037
2025-09-30,350,99.69548536209554,99.67628659476118,0.165362095531587,0.9864869029275808,98.70097072419108,99.22301538461538,12.82491525423729,1.3526040061633282,13.729953846153846,436354.5600000047
2025-10-01,350,99.68739599383667,99.67457627118644,0.1640369799691833,0.9862095531587056,98.6928967642527,99.18475384615384,12.456779661016949,1.3700770416024652,13.697907692307693,457842.240000004
2025-10-02,350,99.68078703703704,99.67206790123456,0.1710493827160494,0.985462962962963,98.60813271604938,99.1104314329738,13.021882716049385,1.378966049382716,13.49171032357473,498813.12000000325
2025-10-03,350,99.6820987654321,99.66683641975308,0.1625154320987654,0.987037037037037,98.73651234567902,99.30682588597844,12.337052469135802,1.369104938271605,13.197349768875192,388687.68000000325
2025-10-04,350,99.6839351851852,99.67220679012344,0.1611728395061728,0.9875462962962962,98.8006172839506,98.6249306625578,12.472854938271604,1.389212962962963,13.636563944530044,771050.8799999973
2025-10-05,350,99.68992295839752,99.65949152542372,0.1739137134052388,0.9859938366718028,98.65796610169492,98.80689230769232,12.784283513097073,1.268798151001541,13.727169230769231,670049.2800000006
2025-10-06,350,99.68966205837174,99.69749615975422,0.1944854070660522,0.982995391705069,98.36930875576036,99.03843558282207,12.939631336405531,1.2296466973886329,13.505828220858897,541676.159999996
2025-10-07,350,99.69248073959938,99.67768875192604,0.1925269645608628,0.985346687211094,98.5980277349769,99.112009202454,13.138151001540832,1.2368104776579354,13.431169230769232,500230.08
2025-10-08,350,99.67604615384616,99.66695384615385,0.1701692307692307,0.985123076923077,98.59113846153846,98.81713190184048,13.068446153846152,1.3719384615384616,13.37457757296467,666342.7200000046
2025-10-09,350,99.6816129032258,99.66847926267282,0.1699539170506912,0.9855145929339478,98.61241167434716,98.60987730061348,13.223778801843318,1.4267127496159753,13.201503067484662,783095.0400000033
2025-10-10,350,99.78592933947772,99.64596006144392,0.105652841781874,0.9835023041474654,98.39353302611369,46.55271472392639,16.40173579109063,1.6079569892473118,9.781472392638037,30108352.319999997
2025-10-13,350,99.69447004608294,99.66299539170508,0.1676344086021505,0.9854070660522274,98.6153149001536,99.33593558282207,13.086912442396311,1.3838402457757295,13.51180981595092,374086.0799999988
2025-10-14,350,99.6921351766513,99.66714285714284,0.1691244239631336,0.9857603686635944,98.63926267281106,99.35029141104296,12.549400921658986,1.3303225806451613,13.553911042944785,365999.0399999994
2025-10-15,350,99.69558461538462,99.6585846153846,0.1697538461538461,0.988,98.85755384615383,98.92238095238096,12.44,1.3738615384615385,13.55642089093702,606121.9200000011
2025-10-16,350,99.69044546851,99.65906298003073,0.170552995391705,0.9877419354838708,98.85216589861751,98.94245022970904,12.746451612903227,1.385668202764977,13.32073619631902,596661.1200000009
2025-10-17,350,99.66768049155148,99.65917050691245,0.1620430107526881,0.9865591397849462,98.6999846390169,98.83803981623277,11.97284178187404,1.39605222734255,12.898159509202454,655568.6400000011
2025-10-18,350,99.6868153846154,99.66749230769231,0.1625692307692307,0.9876153846153848,98.8193076923077,98.92855828220858,11.9836,1.392046153846154,13.601044546851,603573.1199999996
2025-10-19,350,99.6866153846154,99.66566153846152,0.1709076923076923,0.9864923076923078,98.71124615384616,98.92825153374233,11.51163076923077,1.3548,13.795345622119816,603745.9200000016
2025-10-20,350,99.6863594470046,99.66857142857144,0.1676344086021505,0.9874039938556068,98.79224270353302,97.11602760736196,12.294147465437788,1.355714285714286,13.676349693251533,1624622.3999999925
2025-10-21,350,99.6853149001536,99.66473118279568,0.1676804915514592,0.9878494623655916,98.86353302611369,98.80282208588956,12.18726574500768,1.3468970814132104,13.624187116564416,674403.8399999978
2025-10-22,350,99.56432515337424,99.60088957055214,0.2190950920245398,0.9862116564417178,98.697745398773,99.40236196319016,11.907269938650307,1.3436656441717791,13.537285276073618,336666.24000000354
2025-10-23,350,99.6890644171779,99.66115030674848,0.1661963190184049,0.987883435582822,98.84518404907976,99.27480061349694,12.996579754601228,1.4539263803680982,13.163957055214723,408525.1199999966
2025-10-24,350,99.68838957055216,99.66101226993864,0.1537576687116564,0.9866411042944784,98.71601226993864,99.11938650306747,12.498297546012273,1.3920092024539878,12.926012269938653,496074.2400000056
2025-10-25,350,99.6823926380368,99.66437116564416,0.1656748466257668,0.9861656441717792,98.69426380368098,99.12526073619632,12.55228527607362,1.3979754601226997,13.430383435582822,492765.1200000063
2025-10-26,350,99.64960061443932,99.66585253456222,0.179431643625192,0.9854070660522274,98.60771121351767,98.06869431643624,11.798233486943165,1.3511827956989246,13.618940092165898,1086289.9199999978
2025-10-27,350,99.69080123266563,99.6731432973806,0.1581047765793528,0.9583359013867488,95.90231124807396,98.8174,12.54653312788906,1.4120184899845916,13.648412942989214,664148.1600000064
2025-10-28,350,99.69218461538462,99.66816923076922,0.1540307692307692,0.9562,95.68636923076924,99.14084485407066,12.705692307692308,1.4248615384615384,13.579754224270353,483243.8399999978
2025-10-29,350,99.6884178187404,99.6690168970814,0.1552073732718894,0.9568509984639016,95.76354838709678,99.15821812596006,12.717127496159756,1.370952380952381,13.502350230414748,473471.99999999936
2025-10-30,350,99.68453149001536,99.66273425499232,0.1655145929339477,0.956620583717358,95.71090629800308,99.30443932411674,12.86758832565284,1.3835176651305685,13.38858678955453,391227.8399999994
2025-10-31,350,99.68797235023042,99.6516129032258,0.1525038402457757,0.9601536098310292,96.08869431643625,99.46356374807988,12.541305683563747,1.381152073732719,12.980814132104456,301726.0800000011
2025-11-01,350,99.68181259600614,99.66479262672812,0.1582181259600614,0.9603533026113672,96.11304147465437,99.3884485407066,12.257219662058372,1.3926881720430109,13.537665130568357,343975.679999998
2025-11-02,350,99.68660522273426,99.67010752688172,0.1581413210445468,0.9581874039938556,95.88764976958524,99.4126420890937,12.548940092165898,1.418509984639017,13.650614439324116,330367.6800000042
2025-11-03,350,99.69061443932412,99.66402457757296,0.1619047619047619,0.956989247311828,95.75436251920122,98.9368509984639,12.52926267281106,1.4393548387096773,13.854224270353305,597983.0400000016
2025-11-04,350,99.6821198156682,99.66216589861752,0.1631797235023041,0.9576190476190476,95.81798771121352,98.867311827957,12.113087557603686,1.376205837173579,13.651827956989248,637096.3199999973
2025-11-05,350,99.68172573189524,99.66260400616332,0.1648536209553158,0.956995377503852,95.76084745762712,99.29252696456086,12.291617873651772,1.3798613251155625,13.53864406779661,396705.5999999973
2025-11-06,350,99.6716049382716,99.6624537037037,0.1600771604938271,0.9577777777777776,95.84984567901236,99.634737654321,12.498564814814817,1.3944907407407408,13.208626543209878,204500.1600000033
2025-11-07,350,99.67724191063174,99.6691063174114,0.1465331278890601,0.960231124807396,96.083343605547,99.35303543913714,12.22493066255778,1.3936055469953776,12.85130970724191,362776.3199999913
2025-11-08,350,99.67703703703704,99.66016975308642,0.1586728395061728,0.958966049382716,95.96185185185185,99.34356923076923,12.203734567901236,1.3962191358024691,13.36973846153846,368651.5199999975
2025-11-09,350,99.67996923076925,99.66972307692308,0.1594923076923076,0.9585384615384616,95.92235384615384,99.30741538461538,11.956446153846152,1.3832153846153847,13.6384,388955.520000001
2025-11-10,350,99.67900153609833,99.67033794162826,0.1612135176651305,0.9567127496159756,95.7500307219662,99.18348694316435,12.085775729646697,1.4032872503840246,13.753901689708142,459259.2000000036
2025-11-11,350,99.6800153846154,99.66272307692309,0.162,0.9596615384615385,96.02086153846152,99.27239631336406,12.316476923076925,1.402446153846154,13.6984178187404,409250.8800000013
2025-11-12,350,99.68283076923076,99.66112307692308,0.1594615384615384,0.9600923076923076,96.07152307692309,99.50486153846153,12.615723076923077,1.4260307692307692,13.722923076923076,278069.76000000426
2025-11-13,350,99.67466153846154,99.66403076923078,0.1613384615384615,0.957123076923077,95.78641538461538,99.31944615384616,12.541692307692308,1.4801538461538462,13.511630769230768,382199.0399999976
2025-11-14,350,99.67626153846152,99.6511846153846,0.1541384615384615,0.9576,95.83436923076924,99.19638461538462,12.24786153846154,1.4760153846153845,13.04616923076923,451310.4000000008
2025-11-15,350,99.67815384615383,99.65933846153848,0.1559538461538461,0.9553076923076924,95.5981846153846,98.94961538461538,12.225215384615383,1.4418,13.639830769230768,589895.9999999993
2025-11-16,350,99.68405529953915,99.65984639016897,0.1664208909370199,0.9549923195084488,95.55662058371736,99.07543778801843,12.114439324116743,1.3873732718894007,13.82963133640553,520032.9599999968
2025-11-17,350,99.68433179723502,99.65711213517665,0.1766513056835637,0.966989247311828,96.75130568356374,99.054178187404,12.207711213517666,1.3455760368663594,13.88889400921659,531990.7199999987
2025-11-18,350,99.6884923076923,99.65736923076923,0.1674615384615384,0.9888923076923076,98.96093846153846,98.42715821812595,12.275692307692308,1.3674923076923078,13.882165898617512,884666.8799999971
2025-11-19,350,99.68496159754226,99.65729646697388,0.1836251920122888,0.9882027649769586,98.8999692780338,98.14032258064516,11.963640552995392,1.3090937019969278,13.976298003072197,1046001.6000000028
2025-11-20,350,99.68636503067484,99.64590490797544,0.1703220858895705,0.9889417177914108,98.97579754601227,98.37130368098158,12.281104294478528,1.3766717791411045,13.836533742331287,917490.240000008
2025-11-21,350,99.68817484662576,99.66768404907975,0.1495398773006135,0.9886349693251534,98.9291717791411,99.05374233128836,11.94435582822086,1.3585122699386505,13.444708588957056,533053.4399999949
2025-11-22,350,99.68840490797544,99.6602300613497,0.1608588957055214,0.98920245398773,98.98460122699386,98.99523006134967,11.819723926380368,1.3949079754601228,13.92127300613497,566015.0400000003
2025-11-23,350,99.6968970814132,99.6594470046083,0.1573732718894009,0.9893548387096774,99.01087557603688,98.65021505376345,11.975360983102918,1.373563748079877,13.906129032258065,759205.4399999972
2025-11-24,350,99.7072811059908,99.65023041474656,0.1563594470046083,0.9900768049155144,99.08663594470046,98.8373271889401,12.533655913978494,1.4118586789554533,13.771658986175115,653961.599999999
2025-11-25,350,99.7026073619632,99.64565950920246,0.1641564417177914,0.989079754601227,98.98446319018406,99.15170245398774,11.906058282208589,1.3649233128834355,13.788190184049078,477869.7599999981
2025-11-26,350,99.69783742331288,99.64102760736196,0.1666257668711656,0.9892484662576688,98.99389570552148,99.34134969325152,11.820414110429448,1.3632515337423314,13.911794478527607,371036.1599999993
2025-11-27,350,99.69055130168454,99.6432159264931,0.1637519142419602,0.989249617151608,99.01350689127104,99.20915773353752,11.97052067381317,1.4657274119448698,13.8223124042879,446186.87999999785
2025-11-28,350,99.69567484662576,99.65182515337423,0.1475,0.9888496932515338,98.95914110429447,99.11134762633996,11.50467791411043,1.424217791411043,13.471071975497704,501370.56000000366
2025-11-29,350,99.68171516079632,99.64284839203675,0.1732618683001531,0.988238897396631,98.88679938744258,98.50796324655435,11.482955589586524,1.342572741194487,13.991929555895863,841795.2000000065
2025-11-30,350,99.69606431852986,99.6259418070444,0.1677335375191424,0.9890811638591118,98.98271056661562,98.30179173047472,12.057488514548238,1.332113323124043,13.819601837672282,958115.5200000012
2025-12-01,350,99.70889739663096,99.6411638591118,0.1607810107197549,0.9896324655436448,99.04748851454823,98.79003062787136,12.52490045941807,1.4247320061255744,13.828392036753446,682655.0400000009
2025-12-02,350,99.6443797856049,99.59523736600306,0.2189280245022971,0.9888667687595712,98.96540581929555,99.1292496171516,11.9735528330781,1.3654517611026034,13.916385911179171,491270.3999999956
2025-12-03,350,99.6719908116386,99.63229709035222,0.1869831546707503,0.9889739663093414,98.99160796324657,99.27437978560488,11.685084226646248,1.35635528330781,13.988162327718223,409389.1200000038
2025-12-04,350,99.68101226993863,99.66826687116564,0.1760889570552147,0.9891104294478528,98.97407975460122,99.05872699386504,11.002469325153374,1.3705981595092025,13.967684049079756,530245.4399999995
2025-12-05,350,99.6907208588957,99.64303680981595,0.1569325153374233,0.9889110429447852,98.95889570552148,98.67863496932516,11.434539877300612,1.3595705521472394,13.503343558282207,744361.9199999946
2025-12-06,350,99.67872699386504,99.63858895705522,0.171180981595092,0.9889417177914108,98.96696319018405,97.7723619631902,10.814325153374233,1.3436196319018403,14.086380368098158,1254890.8799999962
2025-12-07,350,99.68522411128284,99.6291653786708,0.19629057187017,0.9885316846986092,98.9048686244204,98.51496136012364,11.696043276661516,1.2951159196290574,13.998902627511594,830148.4799999964
2025-12-08,350,99.6755023183926,99.6225656877898,0.2407727975270479,0.9863678516228748,98.70412673879444,97.6570942812983,11.208408037094282,1.1870015455950542,14.013029366306029,1309703.0400000024
2025-12-09,350,99.67310664605871,99.6434312210201,0.2557959814528593,0.9855023183925812,98.61098918083462,98.83430555555556,11.3923029366306,1.1561669242658423,14.179443585780524,652639.6800000053
2025-12-10,350,99.67831790123458,99.63305555555556,0.2696913580246913,0.9831172839506171,98.35813271604938,98.01923547400612,11.39770061728395,1.1236882716049383,14.0035528330781,1119242.8799999934
2025-12-11,350,99.68715160796324,99.64483920367536,0.1882695252679938,0.9884686064318532,98.92329249617153,98.29090076335878,11.962863705972437,1.3351607963246557,13.82064318529862,967213.4399999996
2025-12-12,350,99.69303215926492,99.6415007656968,0.1690964777947932,0.988147013782542,98.87932618683,99.0056183206107,11.554915773353752,1.349770290964778,13.45938744257274,562740.479999999
2025-12-13,350,99.69235834609496,99.63465543644716,0.169739663093415,0.9892955589586524,98.99912710566616,99.1068854961832,11.695788667687596,1.4116998468606432,13.880581929555897,505431.3600000002
2025-12-14,350,99.69949618320612,99.63870229007634,0.1730992366412213,0.988763358778626,98.9642290076336,99.03248854961832,11.98581679389313,1.343679389312977,14.034946564885496,547534.0799999975
2025-12-15,350,99.70468702290076,99.6327786259542,0.1705801526717557,0.9891603053435114,98.98465648854962,99.43967938931296,12.020916030534352,1.3750534351145038,13.99812213740458,317096.6400000019
2025-12-16,350,99.69726717557252,99.63367938931296,0.1734198473282442,0.989114503816794,98.977893129771,98.99741984732825,11.9113893129771,1.3701832061068702,14.13012213740458,567380.159999997
2025-12-17,350,99.69119083969466,99.62641221374048,0.2021679389312977,0.9877251908396948,98.84290076335876,99.26961832061068,11.853190839694657,1.2358931297709923,14.0273893129771,413337.6000000004
2025-12-18,350,99.6807786259542,99.63858015267176,0.207206106870229,0.9873893129770992,98.79622900763358,98.89535877862596,11.56090076335878,1.2308702290076337,13.89248854961832,625138.560000001
2025-12-19,350,99.67870229007634,99.63198473282442,0.2392824427480916,0.9832671755725192,98.3692213740458,98.7329465648855,10.811083969465647,1.1291450381679389,13.750229007633587,717050.8800000018
2025-12-20,350,99.67752671755726,99.63767938931298,0.2458320610687023,0.9841526717557252,98.43578625954198,98.78369465648856,11.340809160305342,1.1743969465648856,13.934381679389311,688331.5199999986
2025-12-21,350,99.68564885496184,99.63937404580152,0.2291145038167938,0.986351145038168,98.70149618320612,98.59786259541984,11.51479389312977,1.152503816793893,14.040824427480915,793497.600000005
2025-12-22,350,99.69641221374046,99.65291603053436,0.189587786259542,0.988412213740458,98.89247328244277,99.49331297709924,11.795496183206106,1.3019541984732823,14.011480916030536,286744.3200000008
2025-12-23,350,99.69036641221376,99.6413893129771,0.167267175572519,0.9873893129770992,98.7992824427481,99.51357251908397,11.69891603053435,1.377740458015267,14.030625954198472,275279.03999999946
2025-12-24,350,99.6700610687023,99.6685038167939,0.2343358778625954,0.9859236641221374,98.65009160305344,99.5137251908397,11.728167938931298,1.37206106870229,13.85503816793893,275192.63999999873
2025-12-25,350,99.69725190839694,99.68948091603052,0.1729007633587786,0.987969465648855,98.87873282442747,99.35822900763358,12.296030534351145,1.6022442748091603,13.601908396946564,363191.0400000041
2025-12-26,350,99.69719083969466,99.66740458015268,0.1885190839694656,0.9864274809160306,98.7142290076336,99.55351145038168,11.60357251908397,1.476824427480916,13.393465648854962,252676.7999999985
2025-12-27,350,99.64059541984732,99.6882290076336,0.1857557251908397,0.9866106870229008,98.7101679389313,98.12485496183206,11.577893129770992,1.5120458015267175,13.810152671755723,1061182.0800000045
2025-12-28,350,99.68607633587786,99.66920610687023,0.2716946564885496,0.9861679389312976,98.65838167938932,99.5573893129771,11.830442748091604,1.318412213740458,14.019175572519083,250482.24000000188
2025-12-29,350,99.6925496183206,99.66778625954198,0.1690687022900763,0.9885038167938932,98.918106870229,98.62970992366412,12.033038167938932,1.5209160305343512,13.932213740458016,775474.5600000003
2025-12-30,350,99.69708141321046,99.68356374807988,0.170552995391705,0.98963133640553,99.0321812596006,98.89154670750384,12.3973579109063,1.5729493087557604,13.96113323124043,625380.479999999
2025-12-31,350,99.69074809160306,99.67007633587788,0.1825954198473282,0.988946564885496,98.96242748091603,98.81603053435114,11.961312977099237,1.5438473282442748,14.001435114503815,670032.0000000027
2026-01-01,350,99.68447328244277,99.68590839694656,0.2035877862595419,0.9884427480916028,98.91099236641222,99.25128244274808,12.154076335877862,1.5222290076335876,13.9646106870229,423714.2400000009
2026-01-02,350,99.70038167938932,99.684,0.1586870229007633,0.988763358778626,98.95181679389312,99.5058778625954,12.156152671755724,1.6098320610687025,13.34873282442748,279633.6000000025
2026-01-03,350,99.69395419847328,99.6805038167939,0.1774656488549618,0.988412213740458,98.92407633587786,99.2892824427481,11.824809160305344,1.575053435114504,13.905236641221377,402209.279999992
2026-01-04,350,99.66070229007634,99.72175572519085,0.1897557251908397,0.9882290076335878,98.90929770992366,99.35670229007634,11.963557251908398,1.664351145038168,14.172641221374043,364055.0399999991
2026-01-05,350,99.69335877862596,99.75471755725192,0.1734351145038168,0.9903358778625954,99.11551145038167,99.21311450381678,11.79406106870229,1.816091603053435,14.265374045801526,445314.2400000082
2026-01-06,350,99.61838167938932,99.73012213740458,0.2639083969465649,0.989648854961832,99.0289923664122,98.35977099236642,11.35836641221374,1.6883664122137407,14.304137404580151,928238.3999999932
2026-01-07,350,99.66734351145038,99.74735877862597,0.1909770992366412,0.9894198473282444,99.0155572519084,99.42903816793893,10.793083969465648,1.786045801526717,14.40587786259542,323118.7199999994
2026-01-08,350,99.66919083969464,99.74998473282444,0.1955267175572519,0.9890076335877862,98.98529770992369,98.83491603053436,11.170809160305344,1.8227175572519083,14.1427786259542,659344.3199999956
2026-01-09,350,99.6809523809524,99.74605222734256,0.1835176651305683,0.9880184331797236,98.88969278033794,98.7602752293578,11.189923195084486,1.8258678955453151,13.612844036697249,700513.9200000007
2026-01-10,350,99.67352671755724,99.72725190839697,0.2825343511450381,0.9881832061068702,98.89375572519084,98.91338931297707,11.172351145038167,1.682503816793893,14.02575572519084,614934.7200000082
2026-01-11,350,99.6289465648855,99.64025954198472,0.4816335877862596,0.9812824427480916,98.1945648854962,99.34424427480916,10.804946564885496,1.6058931297709922,14.27048854961832,371105.2799999956
2026-01-12,350,99.6883358778626,99.73716030534352,0.2623664122137404,0.986351145038168,98.686,99.420106870229,11.481618320610687,1.710580152671756,14.293068702290078,328173.11999999976
2026-01-13,350,99.7,99.75754198473282,0.2026870229007633,0.9860763358778626,98.66569465648855,99.40172519083968,11.860946564885497,1.799465648854962,14.237709923664124,338575.6800000056
2026-01-14,350,99.68083969465648,99.74265648854964,0.266824427480916,0.9830992366412212,98.36364885496184,99.20729770992368,10.705358778625955,1.7142900763358777,14.224748091603052,448606.0799999969
2026-01-15,350,99.68619847328245,99.76303816793892,0.1865190839694656,0.9848396946564884,98.52126717557252,99.23447328244276,11.353358778625951,1.82175572519084,14.088167938931296,433226.8800000002
2026-01-16,350,99.69006106870228,99.72085496183206,0.2827480916030534,0.9827175572519083,98.2922748091603,99.31114503816796,11.558809160305344,1.7037099236641222,13.873541984732825,389836.7999999953
2026-01-17,350,99.67896183206108,99.73781679389312,0.2843206106870229,0.9831603053435116,98.35131297709924,98.96769465648856,11.450839694656487,1.6960763358778628,14.35120610687023,584202.2400000013
2026-01-18,350,99.68830534351144,99.7455572519084,0.2689465648854962,0.9799541984732824,98.02879389312976,99.30807633587786,10.707404580152671,1.6801068702290076,14.52018320610687,391573.44000000175
2026-01-19,350,99.68362252663624,99.72978691019787,0.323896499238965,0.9806697108066972,98.09016742770169,98.57397260273972,11.43917808219178,1.6004261796042618,14.664368340943684,809481.5999999952
2026-01-20,350,99.65829268292684,99.70835365853658,0.4029115853658536,0.9789176829268292,97.91181402439024,98.5510197869102,11.033810975609756,1.5380030487804877,14.59269406392694,822510.7200000057
2026-01-21,350,99.6753506097561,99.73637195121952,0.2931249999999999,0.979969512195122,97.98251524390244,99.18900914634146,11.083521341463417,1.7009756097560975,14.475807926829267,459656.639999998
2026-01-22,350,99.6691768292683,99.72336890243902,0.3226676829268292,0.9779420731707316,97.79829268292684,98.429375,11.577942073170732,1.6866768292682928,14.31155487804878,890205.1200000019
2026-01-23,350,99.68971036585366,99.74746951219512,0.2127439024390243,0.980640243902439,98.09762195121952,98.88925418569254,11.521051829268291,1.80407012195122,13.852313546423137,630512.6400000055
2026-01-24,350,99.68543378995436,99.76152207001525,0.1873668188736682,0.9789193302891932,97.9089193302892,99.11840182648402,11.730426179604262,1.8383409436834093,14.210152207001522,500437.44000000186
2026-01-25,350,99.68044207317074,99.76042682926828,0.1803658536585366,0.9789024390243902,97.91022865853658,99.07597560975609,10.993216463414637,1.8309451219512196,14.64047256097561,523722.2400000077
2026-01-26,350,99.67707762557076,99.76400304414004,0.1784018264840182,0.9771385083713852,97.7231811263318,98.26917808219176,10.736468797564688,1.7531506849315068,14.872161339421616,982497.600000002
2026-01-27,350,99.66664122137404,99.7514503816794,0.2031297709923664,0.9770992366412212,97.71303816793892,98.45199391171994,11.425618320610686,1.7715114503816791,14.648310502283106,878722.5600000011
2026-01-28,350,99.68555555555557,99.7492389649924,0.205738203957382,0.9784627092846272,97.85176560121764,99.1238203957382,11.139604261796045,1.7335464231354645,14.696453576864537,497361.5999999996
2026-01-29,350,99.6827092846271,99.76056316590564,0.1907458143074581,0.9771689497716894,97.72505327245054,98.38319634703196,11.436057838660576,1.769132420091324,14.545418569254188,917775.3599999992
2026-01-30,350,99.6841768292683,99.73121951219512,0.2404573170731707,0.9772865853658536,97.7473475609756,99.38158536585364,11.139649390243902,1.6884908536585368,14.099100609756098,350507.5200000032
2026-01-31,350,99.65581430745814,99.70270928462708,0.3422526636225266,0.9731659056316592,97.32159817351598,98.3780213089802,10.068584474885846,1.543972602739726,14.914566210045663,920712.9600000004
2026-02-01,350,99.66062404870624,99.70456621004568,0.3595738203957382,0.9713698630136984,97.150700152207,96.3838812785388,10.30158295281583,1.519330289193303,15.241308980213088,2052682.5600000028
2026-02-02,350,99.67942073170732,99.7225762195122,0.3026676829268293,0.9719664634146342,97.20760670731708,98.81396341463416,11.499771341463417,1.6116158536585363,14.72341463414634,672226.560000002
2026-02-03,350,99.67111280487804,99.74967987804878,0.186875,0.9749390243902438,97.48286585365854,98.67216133942162,10.938856707317074,1.7408689024390245,14.711765601217657,753744.9599999987
2026-02-04,350,99.63443597560976,99.74025914634146,0.2227591463414634,0.9744969512195122,97.44628048780488,98.78528963414634,10.879618902439024,1.7024237804878048,15.02064024390244,688478.4000000043
2026-02-05,350,99.6634094368341,99.73811263318112,0.2299086757990867,0.9735768645357686,97.3740182648402,99.00025875190258,11.277747336377471,1.7297564687975648,14.718325722983256,567501.1200000036
2026-02-06,350,99.6811737804878,99.72275914634146,0.2208689024390244,0.9760365853658536,97.60091463414632,99.42498475609756,10.90967987804878,1.6722865853658535,14.22842987804878,325909.4400000026
2026-02-07,350,99.67882442748092,99.73977099236642,0.2151297709923664,0.9742290076335878,97.42825954198472,99.15323170731706,10.939465648854965,1.716290076335878,14.774771341463415,479934.7200000088
2026-02-08,350,99.6734756097561,99.75138719512196,0.1942987804878048,0.9727286585365854,97.27182926829268,98.93544901065448,11.141295731707316,1.756814024390244,14.766286149162864,604290.2400000087
2026-02-09,350,99.68587519025876,99.75281582952816,0.2094977168949772,0.9744292237442924,97.4358295281583,99.01126331811264,11.393135464231356,1.7612785388127856,14.826392694063928,561254.3999999955
2026-02-10,350,99.6925762195122,99.74762195121951,0.2402591463414634,0.9738567073170732,97.3761737804878,96.89246951219512,11.553292682926829,1.7108993902439025,14.723048780487805,1761298.5599999994
2026-02-11,350,99.67878048780489,99.74268292682926,0.2322560975609756,0.9733689024390244,97.3376524390244,99.30230182926827,11.381478658536585,1.7223323170731706,14.88317073170732,395444.1600000008
2026-02-12,350,99.66631659056316,99.74456621004566,0.2221004566210045,0.9739573820395738,97.39949771689498,99.01310502283106,10.886377473363776,1.7270624048706242,14.888249619482496,560208.9599999941
2026-02-13,350,99.675601217656,99.7159512937595,0.2742161339421613,0.9750228310502284,97.51613394216132,99.02330289193304,11.173272450532725,1.6639878234398782,14.279010654490106,554420.1599999998
2026-02-14,350,99.6684779299848,99.74211567732117,0.2298173515981735,0.9746879756468798,97.44418569254186,99.2603500761035,10.968432267884324,1.77130898021309,14.973713850837138,419860.799999995
2026-02-15,350,99.68025875190258,99.7540487062405,0.1886149162861491,0.9743531202435312,97.43768645357686,92.7754185692542,11.011826484018265,1.786377473363775,15.099832572298324,4101019.1999999993
2026-02-16,350,99.6814916286149,99.73403348554034,0.2426940639269406,0.9741400304414004,97.43,99.17996960486322,11.37820395738204,1.7539726027397258,14.905738203957382,466197.1200000032
2026-02-17,350,99.68505327245052,99.75060882800608,0.2113089802130898,0.9759512937595132,97.6178386605784,99.2293009118541,11.253561643835615,1.8284322678843223,14.851126331811264,438151.6800000011
2026-02-18,350,99.69411854103345,99.73237082066868,0.3210790273556231,0.9748936170212766,97.49691489361702,99.1145896656535,12.71449848024316,1.7306990881458966,14.576899696048631,503366.3999999994
2026-02-19,350,99.73145896656536,99.76913373860182,0.1784650455927051,0.9793161094224924,97.924179331307,99.34530395136778,13.495455927051673,1.8472644376899696,13.508829787234042,372202.5600000004
2026-02-20,350,99.705799086758,99.72126331811263,0.3519025875190258,0.9791476407914764,97.9148401826484,99.40145896656536,12.535844748858446,1.5754337899543378,13.686362252663624,340277.75999999454
2026-02-21,350,99.70460486322187,99.7432066869301,0.2388601823708206,0.9779635258358662,97.80449848024315,99.06872340425532,12.262629179331308,1.7156686930091187,14.104604863221883,529441.9199999989
2026-02-22,350,99.7116565349544,99.75563829787237,0.1997112462006079,0.9775531914893616,97.76495440729482,99.2074924012158,12.358282674772036,1.7861094224924012,14.39468085106383,450550.0800000019
2026-02-23,350,99.71629179331308,99.75896656534954,0.1716261398176292,0.9771580547112464,97.71939209726445,98.75019756838904,12.60176291793313,1.7809270516717324,14.341519756838904,710527.6800000026
2026-02-24,350,99.69732522796352,99.73676291793312,0.2265045592705167,0.978130699088146,97.83106382978724,98.63259484066768,12.297188449848024,1.763905775075988,14.437177541729897,778567.6800000016
2026-02-25,350,99.69561456752656,99.74066767830048,0.2215477996965098,0.9768588770864948,97.7022458270106,91.63781487101669,11.803156297420331,1.746236722306525,14.554264036418816,4761227.520000002
2026-02-26,350,99.68273141122911,99.71795144157817,0.2833990895295902,0.9771775417298938,97.73229135053111,99.27078907435508,12.078437025796662,1.6056297420333838,14.46711684370258,415195.2000000012
2026-02-27,350,99.68619119878603,99.7366009104704,0.2344461305007587,0.9790288315629742,97.90804248861912,93.42124430955994,11.79690440060698,1.683216995447648,14.04647951441578,3745785.6000000015
2026-02-28,350,99.6850531107739,99.74062215477998,0.2443247344461304,0.9784673748103184,97.8404248861912,99.2344764795144,11.511047040971167,1.6698179059180578,14.53329286798179,435870.7200000029
2026-03-01,350,99.680531107739,99.73019726858875,0.267845220030349,0.9775417298937784,97.75582701062216,99.44220030349014,11.419833080424889,1.6684066767830046,14.85608497723824,317597.7600000004
2026-03-02,350,99.67257966616084,99.71769347496208,0.3661456752655538,0.9785584218512898,97.86531107738998,99.25344461305006,11.41784522003035,1.5958421851289837,14.857784522003035,425070.72000000445
2026-03-03,350,99.68411229135052,99.74969650986344,0.178103186646434,0.979650986342944,97.97895295902885,99.06009104704096,10.87309559939302,1.6906676783004553,15.005751138088014,535161.6000000031
2026-03-04,350,99.67855842185128,99.72450682852806,0.3656752655538695,0.9788315629742032,97.89157814871017,92.68617602427922,11.173581183611534,1.5169954476479517,14.869544764795146,4164315.839999994
2026-03-05,350,99.6850151975684,99.7359726443769,0.263966565349544,0.9790729483282676,97.92281155015198,98.97489361702128,11.226550151975683,1.6701367781155017,14.895,582785.2800000005
2026-03-06,350,99.6801217656012,99.74455098934553,0.2418873668188736,0.9807914764079148,98.08663622526636,93.49867781155017,10.84660578386606,1.6399543378995434,14.508039513677812,3696079.679999997
2026-03-07,350,99.67386605783868,99.7312785388128,0.2917351598173516,0.979269406392694,97.93601217656013,98.93408814589664,10.809208523592083,1.65013698630137,14.740805471124622,605983.6800000048
2026-03-08,350,99.68424012158054,99.7359574468085,0.2722644376899696,0.9792401215805472,97.92179331306993,98.6473708206687,11.013404255319148,1.624240121580547,14.987462006079028,768985.9199999957
2026-03-09,350,99.687899543379,99.74479452054794,0.221248097412481,0.9809436834094368,98.11208523592086,98.8683130699088,11.0075799086758,1.5951293759512937,15.048677811550151,643377.6000000034
2026-03-10,350,99.6669604863222,99.74354103343464,0.2321580547112461,0.97822188449848,97.82577507598783,98.5354779969651,10.735714285714286,1.5860182370820668,14.98556904400607,833863.6799999969
2026-03-11,350,99.6736377473364,99.755601217656,0.1947945205479452,0.9787366818873668,97.87753424657534,93.06189681335356,10.505768645357689,1.6520852359208524,14.96,3950389.439999996
2026-03-12,350,99.67050151975684,99.74949848024316,0.2144072948328267,0.978936170212766,97.90142857142855,98.84948406676784,10.784270516717326,1.5056079027355624,14.890257966616083,655076.1599999976
2026-03-13,350,99.64560790273556,99.7038905775076,0.3017629179331307,0.9759878419452888,97.60983282674772,92.84540212443096,10.462857142857144,1.609772036474164,14.530728376327769,4073656.319999995
2026-03-14,350,99.65601823708208,99.73186930091188,0.244224924012158,0.977355623100304,97.72838905775076,98.74024279210926,10.885759878419451,1.4861246200607905,14.745280728376327,717275.5200000001
2026-03-15,350,99.67479389312976,99.74570992366412,0.2121374045801526,0.9789160305343512,97.90601526717558,98.71958966565349,11.033557251908396,1.594030534351145,14.992572298325724,727928.6400000063
2026-03-16,350,99.65712977099236,99.73835114503817,0.2305190839694656,0.9725343511450382,97.270106870229,95.61673252279635,9.645847328244274,1.537969465648855,15.335799086757993,2491940.1599999988
2026-03-17,350,99.67164110429448,99.73647239263803,0.202760736196319,0.979217791411043,97.92314417177914,92.59563165905632,9.443420245398771,1.5646319018404908,15.278917682926828,4203074.879999997
2026-03-18,350,99.6709907120743,99.7330959752322,0.2318885448916408,0.9789164086687306,97.90227554179567,96.66776923076924,10.748777089783282,1.508312693498452,14.983543913713405,1871380.7999999945
2026-03-19,350,99.67068702290076,99.72995419847328,0.2364580152671755,0.9783358778625952,97.83349618320612,96.67928462709284,11.713404580152671,1.4981374045801523,14.669176829268292,1884997.4400000016
2026-03-20,350,99.68435975609756,99.7313262195122,0.2641920731707317,0.9777591463414632,97.7646493902439,98.54673252279636,12.078170731707315,1.7613871951219513,14.972283105022832,826200.0000000054
2026-03-21,350,99.69085365853658,99.7401219512195,0.2299237804878049,0.9760365853658536,97.61868902439024,98.596499238965,11.931996951219512,1.6031097560975611,13.749878234398782,796694.3999999977
2026-03-22,350,99.66919330289194,99.73170471841703,0.2277016742770167,0.9777473363774734,97.7592085235921,98.86231003039514,10.740045662100457,1.603455098934551,14.18357142857143,646790.3999999984
2026-03-23,350,99.67158295281584,99.74170471841704,0.2350837138508371,0.9755251141552512,97.57138508371384,98.7169452887538,11.134566210045662,1.4853272450532724,14.467340425531916,729431.999999994
2026-03-24,350,99.68032012195124,99.74001524390243,0.2230792682926829,0.9772865853658536,97.73957317073172,98.53773556231005,11.011341463414633,1.5430182926829268,15.013768996960486,831314.8799999969
2026-03-25,350,99.68170212765958,99.74079027355624,0.2116565349544073,0.9773100303951366,97.72785714285716,98.17362670713202,10.783115501519756,1.568434650455927,15.031229135053112,1039893.120000004
2026-03-26,350,99.63907294832826,99.71835866261397,0.250531914893617,0.9782826747720366,97.83886018237082,98.84869499241276,10.885790273556232,1.523206686930091,14.872033383915022,655525.4400000012
2026-03-27,350,99.65623100303952,99.6899848024316,0.3826899696048632,0.9749392097264438,97.48519756838904,98.98585735963582,10.484072948328269,1.388905775075988,14.48927162367223,577428.4799999951
2026-03-28,350,99.6506697108067,99.687199391172,0.3742465753424657,0.9727092846270928,97.29036529680364,99.0737386018237,10.72289193302892,1.475677321156773,15.101641337386017,526590.7200000035
2026-03-29,350,99.58965045592704,99.68369300911851,0.3516261398176292,0.9740425531914892,97.40928571428572,98.99810030395136,11.167522796352584,1.500273556231003,15.141671732522797,569592.0000000021
2026-03-30,350,99.6219119878604,99.6481942336874,0.4650379362670713,0.9735204855842184,97.34150227617604,98.8144764795144,11.091623672230652,1.457556904400607,15.077344461305008,675008.6400000018
2026-03-31,350,99.59678300455236,99.63089529590287,0.5249317147192716,0.9729590288315628,97.3047344461305,96.07206373292868,10.8652655538695,1.4186646433990897,15.061305007587253,2236472.639999999
2026-04-01,350,99.60626707132018,99.6529742033384,0.4636722306525038,0.9729742033383916,97.30552352048558,99.0351138088012,10.729210925644916,1.4162822458270108,15.120576631259484,549383.0400000013
2026-04-02,350,99.64549317147194,99.71221547799698,0.274597875569044,0.9747496206373292,97.47450682852806,98.6964946889226,10.80556904400607,1.4241729893778452,15.068315629742036,742184.6400000005
2026-04-03,350,99.64732928679815,99.70444613050076,0.2825644916540212,0.9754931714719272,97.55033383915024,99.07145675265554,10.652230652503793,1.3727162367223065,14.506752655538696,528690.2399999992
2026-04-04,350,99.63353566009104,99.70001517450685,0.2920789074355083,0.975402124430956,97.54631259484066,99.12461305007588,10.144203338391502,1.3638391502276177,15.288831562974204,498424.31999999424
2026-04-05,350,99.65188163884672,99.70338391502275,0.2639301972685888,0.9748406676783004,97.50763277693474,98.0997875569044,10.40113808801214,1.4328072837632777,15.43640364188164,1081935.3599999973
2026-04-06,350,99.6058358662614,99.61249240121582,0.4769148936170213,0.9675835866261396,96.77705167173252,98.72040971168435,10.73870820668693,1.3598024316109425,15.371077389984826,728568.000000003
2026-04-07,350,99.62694992412747,99.63250379362673,0.3572230652503793,0.9679362670713202,96.80280728376329,99.14591805766312,10.40649468892261,1.2482397572078907,15.311320182094082,486293.759999998
2026-04-08,350,99.64599393019728,99.63898330804248,0.2754172989377845,0.9747344461305008,97.48735963581184,99.376813353566,10.317359635811837,1.2628831562974203,15.350773899848257,354827.5200000012
2026-04-09,350,99.6510303030303,99.64292424242424,0.243530303030303,0.9773787878787876,97.72860606060604,99.43,10.871166666666667,1.3651212121212122,15.018393939393938,325036.79999999586
2026-04-10,350,99.64921212121212,99.64125757575756,0.2144848484848485,0.9777121212121213,97.79210606060606,99.56584848484847,10.648787878787878,1.3871060606060606,14.403348484848484,247570.56000000003
2026-04-11,350,99.64945454545456,99.65268181818182,0.2344848484848484,0.9784696969696968,97.83719696969698,99.33378787878787,10.5095,1.3586060606060606,15.11801515151515,379900.7999999979
2026-04-12,350,99.65913636363636,99.65786363636364,0.2466212121212121,0.9781515151515152,97.82025757575758,99.29974242424242,10.488909090909091,1.312969696969697,15.37818181818182,399314.88000000187
2026-04-13,350,99.6591515151515,99.64813636363635,0.2501363636363636,0.9770909090909092,97.7119393939394,99.12798484848486,10.671818181818182,1.303060606060606,15.348075757575756,497257.919999992
2026-04-14,350,99.6470257966616,99.66022761760242,0.2593474962063732,0.976525037936267,97.68758725341426,98.81211800302572,10.077708649468892,1.27556904400607,15.40210606060606,678404.1600000007
2026-04-15,350,99.65475683890578,99.66080547112462,0.2501519756838906,0.9759574468085106,97.61968085106383,99.33168437025796,10.1070820668693,1.287492401215805,15.363535660091047,380522.87999999366
2026-04-16,350,99.65259484066767,99.63825493171473,0.2784825493171472,0.9761911987860392,97.61670713201822,99.27761760242792,10.561987860394538,1.2687860394537178,15.250849772382397,411307.1999999975
2026-04-17,350,99.6673708206687,99.64132218844986,0.2454103343465045,0.9778419452887538,97.79708206686932,99.46435508345978,10.578176291793312,1.351033434650456,14.550470409711684,304983.36000000616
2026-04-18,350,99.65655538694992,99.6491957511381,0.2510773899848255,0.9767374810318664,97.69270106221548,99.45419696969698,10.579195751138087,1.3288619119878604,15.135333333333334,311238.7199999918
2026-04-19,350,99.6610741301059,99.65364599092284,0.2463993948562783,0.9750226928895612,97.5250378214826,99.59475037821484,10.58783661119516,1.295249621785174,15.324417549167928,231439.6800000008
2026-04-20,350,99.66431164901664,99.643328290469,0.2664750378214826,0.9755673222390318,97.56738275340392,99.65021180030256,10.748154311649015,1.278018154311649,15.286323751891077,199765.4400000084
2026-04-21,350,99.66393343419062,99.65573373676249,0.2572617246596066,0.9751891074130106,97.52278366111952,99.34901664145234,10.743797276853252,1.3013615733736763,15.262995461422088,371779.2000000047
2026-04-22,350,99.654069591528,99.64193645990925,0.2782450832072617,0.9739788199697428,97.37833585476552,98.90537065052948,10.4942965204236,1.2730257186081697,15.236369137670197,625147.2000000065
2026-04-23,350,99.65922844175492,99.65350983358547,0.2429500756429652,0.9759152798789712,97.61532526475038,99.62428139183056,10.744871406959152,1.3458850226928896,15.09105900151286,214574.400000006
2026-04-24,350,99.66783661119516,99.65499243570348,0.2422541603630862,0.975839636913767,97.59662632375188,99.62413010590016,10.669485627836613,1.31517397881997,14.295037821482603,214660.79999999792
2026-04-25,350,99.6577004538578,99.65201210287442,0.2318456883509833,0.9747049924357034,97.47146747352495,99.47892586989413,10.613888048411498,1.34642965204236,15.011119515885024,297587.51999999525
2026-04-26,350,99.66354009077156,99.65467473524964,0.2226172465960665,0.9749924357034796,97.50090771558244,99.57205748865356,10.72124054462935,1.315748865355522,15.322208774583965,244399.6800000009
2026-04-27,350,99.6754462934947,99.6494856278366,0.2044175491679274,0.9786384266263236,97.88019667170953,99.49119515885022,10.789878971255671,1.444856278366112,15.339788199697429,290580.4800000035
2026-04-28,350,99.66234493192133,99.66146747352497,0.2488350983358547,0.9773524962178516,97.74420574886535,99.3118154311649,10.592768532526474,1.2877004538577912,15.103282904689864,393024.95999999694
2026-04-29,350,99.66951588502268,99.66113464447804,0.2291679273827533,0.9780030257186082,97.82783661119517,99.470378214826,10.759001512859305,1.4335098335854766,15.191361573373676,302469.1200000028
2026-04-30,350,99.66677760968231,99.67010590015128,0.2370499243570347,0.976928895612708,97.70006051437215,99.47343419062028,11.107186081694405,1.4448865355521938,14.955431164901665,300723.83999999554
2026-05-01,350,99.67875757575756,99.67313636363636,0.2074545454545454,0.980060606060606,98.02233333333334,99.2892284417549,10.501454545454546,1.3849090909090909,14.363524962178518,405924.4800000122
2026-05-02,350,99.63868181818182,99.64474242424242,0.2506818181818182,0.9791666666666666,97.92139393939394,96.30290468986384,10.611075757575758,1.4862575757575758,14.660484114977306,2111425.919999993
2026-05-03,350,99.66397881996974,99.65597579425116,0.2687897125567322,0.9784568835098336,97.87258698940998,99.4501815431165,10.594674735249622,1.3974735249621786,15.320075642965204,314003.51999999414
2026-05-04,350,99.67275340393344,99.6816338880484,0.2262934947049924,0.9789409984871408,97.92712556732224,99.4382904689864,10.75730711043873,1.463161875945537,15.379319213313162,320794.55999999674
2026-05-05,350,99.65975794251136,99.67263237518912,0.2482753403933434,0.9768683812405446,97.68729198184568,99.51087745839638,10.489046898638428,1.2554916792738275,15.417609682299547,279339.83999999723
2026-05-06,350,99.65661119515886,99.67370650529502,0.2288804841149773,0.9784568835098336,97.86845688350984,99.14136157337369,10.13231467473525,1.3480332829046895,15.46304084720121,490371.8399999936
2026-05-07,350,99.64432677760968,99.68124054462936,0.2519818456883509,0.977125567322239,97.71184568835098,99.4174432677761,10.666520423600604,1.4092284417549168,15.24285930408472,332700.48000000074
2026-05-08,350,99.67249621785174,99.67638426626324,0.2734493192133131,0.976535552193646,97.68317700453858,99.505189107413,10.68515885022693,1.2238729198184568,14.464674735249622,282588.4800000028
2026-05-09,350,99.66216666666666,99.68386363636364,0.241560606060606,0.9776818181818182,97.7843787878788,98.97623298033282,10.608954545454544,1.383530303030303,15.081119515885025,584677.4400000032
2026-05-10,350,99.62131618759456,99.6804084720121,0.2520877458396369,0.9750983358547656,97.53645990922844,98.64558245083208,10.13590015128593,1.2816792738275342,15.420741301059005,773513.2799999951
2026-05-11,350,99.66083207261724,99.67576399394856,0.2628593040847201,0.9772012102874432,97.7428895612708,99.25093797276853,10.813509833585476,1.294251134644478,15.382738275340394,427792.3200000032
2026-05-12,350,99.65369137670196,99.68552193645992,0.2764145234493192,0.9696520423600604,96.99416036308624,98.8495915279879,10.478472012102872,1.2023449319213313,15.405461422087749,657002.8799999977
2026-05-13,350,99.65709531013616,99.67853252647502,0.2422541603630862,0.977125567322239,97.72467473524962,98.98558245083208,10.487004538577912,1.325824508320726,15.47251134644478,579337.9200000039
2026-05-14,350,99.65081942336874,99.6811229135053,0.2259787556904401,0.9798027314112292,97.99619119878604,98.98401515151517,10.37916540212443,1.421866464339909,15.291954545454546,579355.200000002
2026-05-15,350,99.65737878787878,99.68648484848484,0.2569696969696969,0.9752424242424242,97.53318181818182,99.00620272314674,10.416242424242425,1.2424545454545457,14.53571860816944,567561.6000000035
2026-05-16,350,99.6525606060606,99.6859393939394,0.2498484848484848,0.9766969696969696,97.6924696969697,99.20822995461424,10.360363636363637,1.2627878787878788,15.243706505295007,452183.039999998
2026-05-17,350,99.6599393939394,99.68866666666668,0.2265909090909091,0.9780151515151516,97.82660606060604,98.9539636913767,10.319,1.3899696969696969,15.575863636363636,597395.5200000007
2026-05-18,350,99.66925757575758,99.68489393939394,0.2108181818181818,0.9786666666666666,97.87628787878788,98.93809379727684,10.615878787878788,1.4729696969696968,15.491166666666668,606458.8800000022
2026-05-19,350,99.668517397882,99.68158850226928,0.2249319213313162,0.97732223903177,97.7617397881997,98.93226928895614,10.753328290468986,1.3767624810892587,15.439742813918306,609785.2799999974
2026-05-20,350,99.65877272727272,99.68095454545454,0.2512424242424242,0.9757121212121213,97.55289393939394,99.04747352496216,10.611924242424244,1.385939393939394,15.341527987897123,543991.6800000045
2026-05-21,350,99.65316666666666,99.674,0.2235757575757575,0.9772575757575758,97.7470606060606,99.34519696969696,10.6695,1.4733181818181815,15.360015151515151,373394.8800000001
2026-05-22,350,99.668517397882,99.68649016641452,0.2277760968229954,0.9787291981845688,97.88662632375188,99.33936459909228,10.62680786686838,1.3525113464447809,14.539500756429652,377291.5199999941
2026-05-23,350,99.656671709531,99.68205748865356,0.228910741301059,0.9755219364599091,97.58170953101362,99.3534039334342,10.666384266263238,1.4126626323751892,15.07071104387292,369273.5999999991
2026-05-24,350,99.65338880484114,99.67520423600604,0.2319969742813918,0.9744780635400908,97.4628139183056,99.49476550680784,10.73196671709531,1.360877458396369,15.22464447806354,288541.4400000111
2026-05-25,350,99.67293494704992,99.68285930408472,0.2337367624810892,0.9745990922844175,97.4715582450832,99.35543116490167,11.68196671709531,1.4206354009077156,14.778124054462936,368115.8399999937
2026-05-26,350,99.69788199697427,99.68468986384266,0.2365204236006051,0.9735854765506808,97.37714069591529,99.45013615733735,13.000423600605144,1.3137972768532526,13.699894099848713,314029.4400000076
2026-05-27,350,99.74491679273828,99.69267776096824,0.2281391830559758,0.9744175491679274,97.4617397881997,99.46118003025718,13.757715582450832,1.484962178517398,13.203661119515886,307722.24000000395
2026-05-28,350,99.7016944024206,99.67830559757942,0.2340695915279879,0.9756732223903176,97.5842208774584,99.45299546142208,12.401452344931922,1.372965204236006,12.822314674735248,312396.4800000056
2026-05-29,350,99.68484114977306,99.67806354009076,0.2232072617246596,0.9749924357034796,97.5095612708018,99.4628139183056,11.628714069591528,1.3648260211800305,13.313419062027233,306789.1199999965
2026-05-30,350,99.6560060514372,99.6750378214826,0.23910741301059,0.9749016641452344,97.48083207261725,99.0020726172466,10.415673222390318,1.3211649016641451,14.07767019667171,569920.3200000008
2026-05-31,350,99.67111951588502,99.67993948562784,0.215143721633888,0.9752798789712556,97.55456883509834,99.4019969742814,10.544614220877458,1.3261270801815432,14.87717095310136,341521.91999999963
2026-06-01,350,99.66298033282904,99.66677760968231,0.2356127080181543,0.9738124054462934,97.40346444780636,98.84757942511348,10.492481089258698,1.366838124054463,15.114765506807869,658152.0000000007
2026-06-02,350,99.66210287443266,99.66727685325266,0.2306354009077155,0.9752344931921332,97.53400907715584,99.09798789712556,10.462753403933434,1.3888502269288956,15.290605143721637,515142.72000000346
2025-09-20,400,99.69571428571427,99.66714285714284,0.19,0.9885714285714284,98.78428571428572,98.81,19.26,1.672857142857143,15.344285714285714,7197.12000000008
2025-09-21,400,99.71428571428572,99.70714285714288,0.18,0.9828571428571428,98.35428571428572,98.81,18.49,1.5,15.351428571428572,7197.12000000008
2025-09-22,400,99.69428571428573,99.68999999999998,0.2071428571428571,0.9842857142857142,98.48857142857142,98.81,16.762857142857143,1.4657142857142855,14.935714285714283,7197.12000000008
2025-09-23,400,99.63285714285712,99.64142857142858,0.2057142857142857,0.9871428571428572,98.85714285714286,95.5442857142857,17.90142857142857,1.4085714285714286,14.564285714285717,26948.16000000006
2025-09-24,400,99.66571428571427,99.68857142857142,0.2142857142857142,0.9871428571428572,98.73285714285714,98.81,16.44857142857143,1.3171428571428572,14.895714285714288,7197.12000000008
2025-09-25,400,99.7,99.70142857142856,0.1842857142857143,0.9857142857142858,98.52428571428572,98.81,17.40285714285714,1.417142857142857,15.14,7197.12000000008
2025-09-26,400,99.68857142857144,99.67857142857144,0.2057142857142857,0.9857142857142858,98.53571428571428,98.81,15.062857142857142,1.3214285714285714,13.662857142857144,7197.12000000008
2025-09-27,400,99.67428571428572,99.67857142857144,0.2085714285714285,0.9842857142857142,98.29714285714284,98.81,15.948571428571428,1.5985714285714283,14.88714285714286,7197.12000000008
2025-09-28,400,99.69714285714284,99.69857142857144,0.2014285714285714,0.9842857142857142,98.36857142857144,98.81,18.47142857142857,1.3957142857142857,15.214285714285714,7197.12000000008
2025-09-29,400,99.7057142857143,99.72,0.1971428571428571,0.9857142857142858,98.5257142857143,98.81,18.575714285714287,1.3285714285714287,14.954285714285716,7197.12000000008
2025-09-30,400,99.72,99.70428571428572,0.1914285714285714,0.9828571428571428,98.23857142857142,98.81,19.108571428571427,1.5442857142857145,14.895714285714286,7197.12000000008
2025-10-01,400,99.72142857142856,99.67571428571428,0.1699999999999999,0.9828571428571428,98.28571428571428,98.81,18.367142857142856,1.731428571428571,14.778571428571428,7197.12000000008
2025-10-02,400,99.7,99.45714285714288,0.1914285714285714,0.9857142857142858,98.39142857142858,98.81,18.717142857142857,1.6228571428571428,14.992857142857144,7197.12000000008
2025-10-03,400,99.71857142857142,99.67428571428572,0.1642857142857142,0.9885714285714284,98.83285714285716,98.81,17.017142857142858,1.9585714285714289,13.638571428571428,7197.12000000008
2025-10-04,400,99.70285714285714,99.66857142857144,0.1614285714285714,0.9828571428571428,98.41285714285712,98.81,16.25857142857143,1.7057142857142855,14.29857142857143,7197.12000000008
2025-10-05,400,99.71,99.71428571428572,0.1842857142857143,0.9871428571428572,98.68285714285716,98.81,17.024285714285714,1.5528571428571427,14.644285714285711,7197.12000000008
2025-10-06,400,99.71,99.72428571428571,0.1914285714285714,0.9828571428571428,98.31142857142858,98.81,18.43,1.6742857142857144,13.944285714285714,7197.12000000008
2025-10-07,400,99.72,99.72,0.2214285714285714,0.9714285714285714,97.30142857142856,98.78857142857144,17.14,1.5114285714285711,13.947142857142856,7326.720000000018
2025-10-08,400,99.73571428571428,99.72428571428571,0.1771428571428571,0.9814285714285714,98.16714285714284,98.80428571428573,19.252857142857145,1.5642857142857145,13.888571428571428,7231.680000000018
2025-10-09,400,99.7242857142857,99.66571428571427,0.1757142857142857,0.9857142857142858,98.55714285714284,98.81,19.93142857142857,1.7042857142857142,14.142857142857142,7197.12000000008
2025-10-10,400,99.87714285714286,99.82142857142856,0.0728571428571428,0.9814285714285714,98.06428571428572,46.32142857142857,23.05,1.9685714285714289,9.108571428571429,324648.0
2025-10-13,400,99.72,99.71571428571428,0.1657142857142857,0.9814285714285714,98.24571428571429,98.41857142857144,17.08857142857143,1.74,14.485714285714286,9564.48000000004
2025-10-14,400,99.72714285714288,99.70142857142856,0.1885714285714285,0.9871428571428572,98.6542857142857,98.75714285714284,16.102857142857143,1.612857142857143,14.231428571428571,7516.800000000017
2025-10-15,400,99.67428571428572,99.66857142857144,0.19,0.9871428571428572,98.64,98.81,15.679999999999998,1.532857142857143,14.18,7197.12000000008
2025-10-16,400,99.6542857142857,99.67714285714284,0.1957142857142857,0.9814285714285714,98.18,98.81,15.932857142857143,1.587142857142857,14.257142857142856,7197.12000000008
2025-10-17,400,99.72285714285717,99.73142857142857,0.15,0.9842857142857142,98.49857142857142,98.81,16.585714285714285,1.61,12.574285714285711,7197.12000000008
2025-10-18,400,99.68857142857142,99.67285714285715,0.1671428571428571,0.9857142857142858,98.63428571428572,98.81,16.457142857142856,1.487142857142857,13.538571428571428,7197.12000000008
2025-10-19,400,99.6314285714286,99.66,0.2057142857142857,0.9814285714285714,98.08142857142856,97.60285714285716,16.982857142857142,1.7657142857142856,13.984285714285717,14497.919999999976
2025-10-20,400,99.71285714285716,99.67714285714284,0.1757142857142857,0.9871428571428572,98.83142857142856,98.80571428571427,17.93,1.4814285714285715,14.105714285714283,7223.040000000001
2025-10-21,400,99.62142857142858,99.53428571428572,0.1885714285714285,0.9885714285714284,98.91285714285712,91.59285714285714,16.765714285714285,1.4942857142857144,14.304285714285715,50846.4
2025-10-22,400,99.61428571428571,99.64571428571428,0.2042857142857143,0.99,98.98,98.81,15.084285714285716,1.5514285714285714,14.28,7197.12000000008
2025-10-23,400,99.63857142857144,99.56285714285715,0.2114285714285714,0.9871428571428572,98.70142857142856,98.79142857142855,14.611428571428572,1.6357142857142857,13.741428571428573,7309.440000000049
2025-10-24,400,99.62571428571428,99.66857142857144,0.1914285714285714,0.99,98.90428571428572,98.81,15.438571428571429,1.6585714285714286,13.234285714285717,7197.12000000008
2025-10-25,400,99.65142857142858,99.69428571428573,0.1914285714285714,0.9885714285714284,98.75714285714284,98.81,15.915714285714284,1.6271428571428572,13.94285714285714,7197.12000000008
2025-10-26,400,99.63428571428572,99.64428571428572,0.1971428571428571,0.9857142857142858,98.6557142857143,96.58428571428573,14.20142857142857,1.3671428571428572,13.722857142857142,20658.240000000016
2025-10-27,400,99.7057142857143,99.67,0.18,0.9842857142857142,98.66,99.23857142857142,15.304285714285712,1.731428571428571,13.767142857142858,4605.120000000049
2025-10-28,400,99.71285714285716,99.69142857142856,0.1714285714285714,0.9871428571428572,98.81714285714284,100.0,16.804285714285715,1.577142857142857,13.882857142857144,0.0
2025-10-29,400,99.69571428571427,99.6557142857143,0.1671428571428571,0.9842857142857142,98.43285714285716,99.99285714285716,16.517142857142854,1.3228571428571427,13.702857142857145,43.19999999995687
2025-10-30,400,99.68142857142855,99.63428571428572,0.1857142857142857,0.9842857142857142,98.55428571428573,100.0,15.522857142857143,1.3628571428571428,13.892857142857142,0.0
2025-10-31,400,99.68857142857142,99.69,0.1485714285714285,0.9842857142857142,98.49285714285712,100.0,15.907142857142857,1.8571428571428568,12.714285714285714,0.0
2025-11-01,400,99.68714285714285,99.67285714285715,0.1728571428571428,0.9871428571428572,98.86142857142856,100.0,15.264285714285714,1.6585714285714286,13.68142857142857,0.0
2025-11-02,400,99.70285714285714,99.68142857142855,0.1685714285714286,0.9885714285714284,98.84285714285714,100.0,14.734285714285717,1.61,14.095714285714283,0.0
2025-11-03,400,99.68142857142855,99.64428571428572,0.1757142857142857,0.9857142857142858,98.54714285714286,100.0,14.86,1.64,13.98,0.0
2025-11-04,400,99.65142857142855,99.68142857142855,0.1814285714285714,0.9871428571428572,98.61428571428571,99.85142857142856,14.717142857142855,1.518571428571429,13.974285714285712,898.5600000000161
2025-11-05,400,99.66714285714284,99.71142857142856,0.1685714285714285,0.9814285714285714,98.14142857142858,92.85714285714286,15.605714285714289,1.6085714285714283,13.778571428571428,43199.99999999998
2025-11-06,400,99.64857142857144,99.69428571428573,0.1842857142857143,0.9828571428571428,98.4,100.0,14.727142857142857,1.812857142857143,14.032857142857145,0.0
2025-11-07,400,99.67428571428572,99.71571428571428,0.1671428571428571,0.9814285714285714,98.08857142857144,100.0,14.21,1.8157142857142856,12.398571428571428,0.0
2025-11-08,400,99.66714285714284,99.71428571428572,0.16,0.9871428571428572,98.78428571428572,100.0,15.955714285714285,1.5585714285714285,13.57,0.0
2025-11-09,400,99.70285714285714,99.67,0.1785714285714285,0.9828571428571428,98.32428571428572,99.29,15.352857142857143,1.508571428571429,14.235714285714286,4294.0800000000645
2025-11-10,400,99.68142857142855,99.67571428571428,0.1699999999999999,0.9871428571428572,98.81142857142856,100.0,15.891428571428571,1.664285714285714,13.971428571428572,0.0
2025-11-11,400,99.69,99.72142857142856,0.1728571428571428,0.98,98.24,98.41428571428573,16.235714285714288,1.5400000000000005,13.278571428571428,9590.400000000029
2025-11-12,400,99.67571428571428,99.72142857142856,0.1714285714285714,0.9842857142857142,98.42714285714284,98.83714285714288,15.528571428571428,1.6457142857142857,13.387142857142855,7032.959999999936
2025-11-13,400,99.67571428571428,99.71142857142856,0.1857142857142857,0.9871428571428572,98.96142857142856,100.0,14.978571428571428,1.78,13.758571428571427,0.0
2025-11-14,400,99.7,99.67571428571428,0.1557142857142857,0.9842857142857142,98.46,100.0,12.948571428571428,1.8057142857142856,12.052857142857144,0.0
2025-11-15,400,99.61428571428571,99.61571428571428,0.19,0.9871428571428572,98.68142857142855,100.0,14.855714285714289,1.8885714285714288,13.268571428571429,0.0
2025-11-16,400,99.59,99.6,0.2085714285714285,0.9857142857142858,98.63714285714286,100.0,13.771428571428572,1.9142857142857144,13.994285714285716,0.0
2025-11-17,400,99.6,99.56428571428572,0.2242857142857142,0.9857142857142858,98.59142857142857,100.0,12.495714285714286,1.6414285714285717,13.778571428571428,0.0
2025-11-18,400,99.66,99.66285714285712,0.1857142857142857,0.9842857142857142,98.63142857142856,99.98714285714286,15.001428571428573,1.8242857142857145,13.672857142857142,77.7600000000298
2025-11-19,400,99.65857142857143,99.68142857142855,0.1657142857142857,0.9871428571428572,98.76428571428572,100.0,15.45857142857143,1.8657142857142857,13.875714285714285,0.0
2025-11-20,400,99.69285714285716,99.69714285714284,0.1728571428571428,0.9814285714285714,98.24571428571429,100.0,15.605714285714283,1.9585714285714289,14.282857142857145,0.0
2025-11-21,400,99.69142857142856,99.68857142857142,0.1614285714285714,0.9857142857142858,98.75285714285714,100.0,18.09857142857143,2.3085714285714287,13.215714285714284,0.0
2025-11-22,400,99.69571428571427,99.65285714285714,0.18,0.9871428571428572,98.76,100.0,18.10857142857143,2.2185714285714284,15.012857142857143,0.0
2025-11-23,400,99.70142857142856,99.70714285714288,0.1728571428571428,0.99,99.13571428571429,99.97857142857144,17.625714285714285,2.157142857142857,14.39857142857143,129.6000000000049
2025-11-24,400,99.69857142857144,99.69,0.1742857142857143,0.9828571428571428,98.47714285714288,100.0,17.31714285714286,2.0385714285714287,13.124285714285715,0.0
2025-11-25,400,99.71428571428572,99.66,0.19,0.9871428571428572,98.80428571428573,99.92571428571428,17.254285714285714,2.291428571428572,13.802857142857144,449.2799999999409
2025-11-26,400,99.69142857142856,99.63714285714286,0.1757142857142857,0.9857142857142858,98.51714285714286,99.99714285714286,14.98857142857143,1.5585714285714285,13.535714285714286,17.27999999996932
2025-11-27,400,99.66428571428573,99.63714285714286,0.1871428571428571,0.9828571428571428,98.44428571428573,99.84714285714286,15.844285714285714,2.204285714285714,13.84142857142857,924.4800000000037
2025-11-28,400,99.66857142857144,99.67142857142858,0.1385714285714285,0.9857142857142858,98.5657142857143,100.0,16.49857142857143,2.204285714285714,12.444285714285714,0.0
2025-11-29,400,99.68857142857144,99.68,0.1699999999999999,0.9857142857142858,98.72285714285714,100.0,16.61714285714286,1.7457142857142856,13.427142857142856,0.0
2025-11-30,400,99.71714285714286,99.67428571428572,0.18,0.9857142857142858,98.72571428571428,100.0,17.50142857142857,1.7671428571428571,13.864285714285714,0.0
2025-12-01,400,99.71857142857142,99.64714285714284,0.1642857142857142,0.9885714285714284,98.96,100.0,16.681428571428572,1.9814285714285715,13.745714285714286,0.0
2025-12-02,400,99.68142857142855,99.67571428571428,0.1728571428571428,0.9885714285714284,99.02428571428572,92.78285714285714,15.514285714285714,1.9814285714285715,13.78,43649.27999999999
2025-12-03,400,99.6842857142857,99.64142857142858,0.1914285714285714,0.9842857142857142,98.47142857142856,99.17142857142858,16.884285714285713,2.0957142857142856,13.56857142857143,5011.199999999966
2025-12-04,400,99.64857142857144,99.6557142857143,0.1785714285714285,0.9871428571428572,98.74285714285716,100.0,14.724285714285712,1.6057142857142856,14.047142857142855,0.0
2025-12-05,400,99.67571428571428,99.63857142857144,0.1728571428571428,0.9842857142857142,98.38428571428572,99.98,15.985714285714286,1.8242857142857145,12.18,120.95999999998668
2025-12-06,400,99.60428571428572,99.66,0.1685714285714285,0.9885714285714284,98.95142857142856,99.98428571428572,14.911428571428573,1.84,13.455714285714285,95.03999999999913
2025-12-07,400,99.69857142857144,99.66571428571427,0.1742857142857143,0.9871428571428572,98.78285714285714,100.0,15.671428571428567,1.5814285714285714,13.994285714285716,0.0
2025-12-08,400,99.72,99.69,0.1842857142857143,0.9885714285714284,98.81428571428572,100.0,16.791428571428572,1.8014285714285714,13.864285714285714,0.0
2025-12-09,400,99.71857142857142,99.67571428571428,0.1857142857142857,0.9914285714285712,99.04857142857144,100.0,16.497142857142858,1.8957142857142857,13.872857142857145,0.0
2025-12-10,400,99.70857142857145,99.64857142857144,0.2057142857142857,0.99,99.01857142857143,99.98285714285714,14.138571428571428,1.512857142857143,14.208571428571428,103.68000000001736
2025-12-11,400,99.64375,99.65625,0.17875,0.99,98.915,93.14125,13.10125,2.3575,15.1225,47407.680000000015
2025-12-12,400,99.69875,99.6575,0.15375,0.98875,99.055,100.0,14.22125,1.61875,13.5325,0.0
2025-12-13,400,99.63375,99.61625,0.16875,0.98875,98.9625,100.0,15.285,2.60875,12.5775,0.0
2025-12-14,400,99.63375,99.60375,0.19125,0.99,99.1,99.99625,16.39125,2.01875,13.43625,25.91999999993959
2025-12-15,400,99.67,99.6625,0.20875,0.99,99.20125,100.0,16.0175,2.505,13.51625,0.0
2025-12-16,400,99.645,99.56875,0.1925,0.99,99.12,99.9825,16.68375,2.45375,13.88,120.96000000002503
2025-12-17,400,99.62375,99.55875,0.18,0.99,99.0175,100.0,15.98875,1.72375,13.2125,0.0
2025-12-18,400,99.60125,99.53375,0.18375,0.98625,98.70625,100.0,14.4075,1.86125,13.225,0.0
2025-12-19,400,99.68375,99.58625,0.15875,0.99,98.9975,99.99625,13.88375,2.5425,11.41625,25.91999999993959
2025-12-20,400,99.66,99.55375,0.16375,0.985,98.6625,100.0,15.08375,2.16625,12.2175,0.0
2025-12-21,400,99.605,99.6125,0.18125,0.9875,98.71625,99.38,16.18625,2.96875,12.73125,4285.440000000065
2025-12-22,400,99.64875,99.58875,0.16875,0.9875,98.85625,100.0,14.29875,2.18125,12.7725,0.0
2025-12-23,400,99.6375,99.62125,0.1675,0.98625,98.73875,100.0,14.54875,2.16625,12.86625,0.0
2025-12-24,400,99.6925,99.7275,0.14875,0.9875,98.885,99.99625,16.52625,2.7625,12.535,25.91999999993959
2025-12-25,400,99.68125,99.76625,0.15,0.985,98.62125,100.0,14.77125,2.76625,12.7125,0.0
2025-12-26,400,99.66,99.75,0.1675,0.98375,98.36375,100.0,14.29125,2.84125,11.87,0.0
2025-12-27,400,99.675,99.7275,0.15375,0.985,98.73875,100.0,15.975,2.71875,12.28,0.0
2025-12-28,400,99.66875,99.71875,0.1775,0.985,98.56125,99.99625,16.752499999999998,2.56875,12.76625,25.91999999993959
2025-12-29,400,99.66375,99.68625,0.1699999999999999,0.98625,98.5975,95.85625,16.08875,2.6375,12.09375,28641.60000000001
2025-12-30,400,99.71857142857142,99.61571428571428,0.18,0.9871428571428572,98.91142857142856,87.5,17.725714285714286,2.177142857142857,11.805,86400.0
2025-12-31,400,99.62125,99.6975,0.165,0.98875,98.8875,92.61,14.7625,2.58625,12.9825,51079.67999999998
2026-01-01,400,99.63625,99.60625,0.17125,0.98875,98.925,99.96875,14.78625,2.71375,13.38625,216.00000000003376
2026-01-02,400,99.66625,99.59875,0.1375,0.98625,98.64,99.99125,14.02125,2.81875,11.80375,60.479999999935785
2026-01-03,400,99.63,99.475,0.16,0.9875,98.85125,100.0,15.48625,2.235,12.705,0.0
2026-01-04,400,99.61125,99.74,0.16625,0.98875,98.94625,98.55,14.6725,2.32375,13.3075,10022.400000000049
2026-01-05,400,99.6175,99.56,0.1725,0.98375,98.52,93.57375,14.95375,2.83375,12.84125,44418.24
2026-01-06,400,99.6225,99.18875,0.18625,0.9875,98.8575,98.21375,13.9525,2.70875,12.99375,12346.560000000003
2026-01-07,400,99.5475,99.31,0.175,0.98875,98.9575,96.0375,14.275,3.16125,13.08125,27388.80000000001
2026-01-08,400,99.54875,99.52625,0.1925,0.99,99.06625,98.21375,15.04625,3.31625,13.5275,12346.560000000003
2026-01-09,400,99.59,99.54125,0.15375,0.9875,98.8575,98.21375,15.5925,3.25,11.70375,12346.560000000003
2026-01-10,400,99.59875,99.415,0.17,0.98625,98.61375,98.21375,14.1,3.15625,12.3775,12346.560000000003
2026-01-11,400,99.555,99.4325,0.22375,0.98375,98.32625,96.96125,15.98625,2.8675,12.6425,21003.83999999993
2026-01-12,400,99.54875,99.30875,0.16125,0.985,98.475,96.97875,15.40625,2.92625,12.47,20882.879999999983
2026-01-13,400,99.62125,99.50625,0.17125,0.99,99.10375,91.82875,15.3975,3.1025,12.6075,56479.67999999998
2026-01-14,400,99.52625,99.59125,0.1875,0.975,97.43,90.72625,12.74375,2.86625,12.8825,64100.16000000002
2026-01-15,400,99.5025,99.5125,0.18,0.9775,97.67625,94.15875,12.33375,3.03125,13.00625,40374.71999999999
2026-01-16,400,99.6275,99.5725,0.16375,0.97875,97.88,97.5,13.18375,3.20125,11.53125,17280.000000000015
2026-01-17,400,99.6175,99.53375,0.1987499999999999,0.98375,98.31125,97.5,13.97375,3.0575,12.64375,17280.000000000015
2026-01-18,400,99.62625,99.5525,0.21375,0.985,98.45375,97.5,14.35625,2.77625,14.03875,17280.000000000015
2026-01-19,400,99.6375,99.48,0.1925,0.985,98.36,97.5,15.6625,2.97625,13.42,17280.000000000015
2026-01-20,400,99.57125,99.38125,0.20375,0.96875,96.77875,97.5,15.46125,3.03,13.1825,17280.000000000015
2026-01-21,400,99.60375,99.50125,0.1925,0.9875,98.59625,91.79,15.6375,2.88375,13.1125,56747.52000000004
2026-01-22,400,99.60875,99.37125,0.20875,0.985,98.38625,93.1675,14.77625,3.2,13.3975,47226.239999999976
2026-01-23,400,99.5275,99.60875,0.14875,0.98375,98.34625,96.45875,13.7425,3.2575000000000003,11.98375,24477.120000000046
2026-01-24,400,99.62,99.6,0.19125,0.9725,97.14375,96.45875,13.48375,2.79875,12.755,24477.120000000046
2026-01-25,400,99.615,99.40875,0.17875,0.97625,97.63125,96.1775,14.05875,3.38875,13.03125,26421.120000000046
2026-01-26,400,99.6125,99.38375,0.1925,0.985,98.28,96.455,14.05375,3.08625,12.845,24503.039999999983
2026-01-27,400,99.66125,98.96125,0.1725,0.98375,98.16,90.31125,14.35625,2.7625,12.46375,66968.64000000001
2026-01-28,400,99.615,99.5225,0.18375,0.98,98.03,91.5725,14.57125,2.9825,13.25625,58250.87999999999
2026-01-29,400,99.59125,99.465,0.1925,0.98,98.07125,97.5,14.0575,3.03,12.805,17280.000000000015
2026-01-30,400,99.63125,99.535,0.18375,0.9825,98.3125,97.5,13.40625,2.91,11.71125,17280.000000000015
2026-01-31,400,99.65625,99.51875,0.21625,0.97625,97.76375,97.5,13.33375,2.6225,12.5925,17280.000000000015
2026-02-01,400,99.65125,99.4,0.2024999999999999,0.955,95.45625,97.5,14.405,2.90625,12.53,17280.000000000015
2026-02-02,400,99.60875,99.50875,0.1825,0.9625,96.1925,97.45875,15.42875,2.7475,13.075,17565.120000000043
2026-02-03,400,99.56875,99.3675,0.21,0.98,97.91,97.5,13.5225,2.865,13.1825,17280.000000000015
2026-02-04,400,99.6225,99.22375,0.1725,0.97875,97.9725,97.45125,14.6025,3.0725,13.5325,17616.96
2026-02-05,400,99.595,99.50125,0.2,0.98125,97.90125,97.34375,13.5525,2.895,13.3275,18360.00000000003
2026-02-06,400,99.6025,99.31625,0.1825,0.98375,98.41,97.41625,12.23125,3.28125,12.045,17858.879999999972
2026-02-07,400,99.6025,99.44875,0.2025,0.98,98.175,97.5,14.15375,2.68125,12.94125,17280.000000000015
2026-02-08,400,99.63375,99.39375,0.1925,0.98,98.12375,97.4575,15.65875,2.7625,13.10375,17573.76000000002
2026-02-09,400,99.72777777777776,99.45777777777778,0.1577777777777777,0.9788888888888888,97.81222222222222,79.37666666666667,17.593333333333334,2.917777777777778,11.634444444444446,160367.04000000004
2026-02-10,400,99.57,99.33375,0.205,0.97125,97.20875,86.355,13.75625,2.98375,13.67625,94314.23999999998
2026-02-11,400,99.61125,99.42,0.3275,0.9825,98.18375,87.14,13.01375,2.38625,13.7175,88888.32000000004
2026-02-12,400,99.605,99.44375,0.21625,0.9725,97.24375,85.8375,12.58,2.8075,14.10125,97891.19999999992
2026-02-13,400,99.6375,99.41625,0.17875,0.98,98.01625,86.60375,13.20875,3.325,11.965,92594.88
2026-02-14,400,99.63375,99.44375,0.20625,0.975,97.53,85.36625000000001,11.97625,2.95875,12.8375,101148.47999999992
2026-02-15,400,99.6375,99.52625,0.1925,0.9625,96.29375,81.03,13.1325,2.7975,13.74375,131120.63999999998
2026-02-16,400,99.60625,99.4775,0.19875,0.97875,97.90625,87.4025,13.85875,2.54875,13.72875,87073.91999999997
2026-02-17,400,99.64125,99.53,0.1875,0.9775,97.72375,87.5,13.475,2.53,13.6075,86400.0
2026-02-18,400,99.65,99.55625,0.1875,0.985,98.41,87.39875,14.0825,3.25125,13.4575,87099.83999999998
2026-02-19,400,99.69,99.52125,0.16625,0.9575,95.6025,74.71875,15.73125,3.03375,11.2825,174744.0
2026-02-20,400,99.69125,99.65375,0.155,0.97375,97.3075,87.5,14.76375,2.8600000000000003,11.225,86400.0
2026-02-21,400,99.685,99.55875,0.15875,0.98125,98.11,87.5,15.1075,2.6575,11.805,86400.0
2026-02-22,400,99.6925,99.5225,0.165,0.98625,98.69875,87.5,15.96375,2.8075,12.28125,86400.0
2026-02-23,400,99.67875,99.45125,0.1525,0.9875,98.6825,87.4325,16.03,2.7,12.2175,86866.55999999998
2026-02-24,400,99.62,99.3975,0.17,0.98125,98.0975,87.36125,14.79625,2.8925,12.52875,87359.04
2026-02-25,400,99.61875,99.43625,0.1775,0.98125,98.02125,81.23875,13.29875,2.67375,12.66875,129677.76000000004
2026-02-26,400,99.5975,99.435,0.1825,0.9525,95.23375,87.47749999999999,14.1825,2.26125,13.00375,86555.52000000002
2026-02-27,400,99.64,99.4475,0.15875,0.98,97.9025,87.5,13.345,2.68875,12.16,86400.0
2026-02-28,400,99.65,99.52875,0.17625,0.98875,98.94875,87.49875,13.1325,2.3525,12.87125,86408.63999999998
2026-03-01,400,99.635,99.4675,0.19,0.985,98.64,87.5,13.31125,2.08125,13.36625,86400.0
2026-03-02,400,99.6575,99.50875,0.17125,0.985,98.5925,87.5,13.54125,2.4225,13.05,86400.0
2026-03-03,400,99.62125,99.52,0.19625,0.9825,98.17,87.5,14.44875,2.35875,13.13,86400.0
2026-03-04,400,99.55375,99.49625,0.205,0.97375,97.57,84.87,12.5275,2.29625,13.15625,104578.56
2026-03-05,400,99.57,99.47625,0.195,0.97875,97.86375,87.5,12.1325,2.71125,13.795,86400.0
2026-03-06,400,99.6125,99.53125,0.16875,0.96875,97.01,87.49,12.67875,2.765,12.95125,86469.12000000007
2026-03-07,400,99.62125,99.54625,0.1975,0.9875,98.80375,87.5,14.06125,3.05625,13.575,86400.0
2026-03-08,400,99.63125,99.53875,0.19,0.98375,98.44125,87.5,14.41125,2.62875,13.95375,86400.0
2026-03-09,400,99.64875,99.5275,0.18125,0.985,98.4325,87.5,13.78,2.36,14.37125,86400.0
2026-03-10,400,99.61875,99.4975,0.18875,0.985,98.6425,87.2325,12.855,2.65125,14.19375,88248.95999999999
2026-03-11,400,99.6125,99.57375,0.1875,0.9875,98.75625,81.25,13.625,2.46375,14.20375,129600.0
2026-03-12,400,99.6,99.51625,0.18125,0.9825,98.39875,87.5,13.1725,2.56625,14.2975,86400.0
2026-03-13,400,99.61,99.56875,0.18875,0.98125,98.2125,87.5,12.48125,2.85875,13.7275,86400.0
2026-03-14,400,99.59,99.56875,0.18875,0.975,97.58125,87.5,12.07,2.90875,14.19,86400.0
2026-03-15,400,99.6075,99.55625,0.17875,0.98375,98.60125,87.5,12.8425,2.525,14.68,86400.0
2026-03-16,400,99.61875,99.5025,0.2,0.98,97.86625,87.37625,13.48375,3.00875,13.88125,87255.36
2026-03-17,400,99.66,99.52375,0.20875,0.98,98.015,87.22,13.90125,2.47125,13.335,88335.36000000002
2026-03-18,400,99.62875,99.5425,0.1987499999999999,0.98625,98.6225,87.5,13.02125,2.5775,14.47875,86400.0
2026-03-19,400,99.67,99.5625,0.2,0.97875,97.76875,87.5,15.197500000000002,2.72,15.0325,86400.0
2026-03-20,400,99.67375,99.58125,0.18625,0.98875,98.79625,87.5,14.80375,3.265,14.99,86400.0
2026-03-21,400,99.62,99.565,0.1825,0.98625,98.64875,87.47375,16.14875,3.585,12.18875,86581.44000000003
2026-03-22,400,99.645,99.5275,0.1825,0.98375,98.325,87.4125,13.2025,3.28125,12.67,87004.80000000005
2026-03-23,400,99.67375,99.49875,0.18375,0.99125,99.1125,87.5,15.16375,2.90625,12.61125,86400.0
2026-03-24,400,99.66125,99.545,0.1825,0.98625,98.6025,87.5,13.245,2.605,13.15,86400.0
2026-03-25,400,99.62875,99.53,0.1975,0.9875,98.76,86.37875,14.09,2.5825,13.3225,94150.08000000005
2026-03-26,400,99.64571428571428,99.7057142857143,0.2228571428571428,0.9771428571428572,97.78428571428572,78.125,14.247142857142856,1.8642857142857143,14.989999999999998,151200.0
2026-03-27,400,99.66857142857144,99.74571428571429,0.1728571428571428,0.9842857142857142,98.53857142857144,89.28571428571429,14.044285714285715,2.037142857142857,13.88714285714286,64799.99999999997
2026-03-28,400,99.67857142857144,99.73142857142857,0.1942857142857142,0.9842857142857142,98.28428571428572,89.28571428571429,14.544285714285715,1.8957142857142857,15.148571428571428,64799.99999999997
2026-03-29,400,99.67857142857144,99.77,0.1842857142857143,0.9757142857142858,97.74857142857142,89.28428571428572,15.678571428571429,2.6700000000000004,15.514285714285714,64808.63999999999
2026-03-30,400,99.68999999999998,99.75285714285714,0.1928571428571428,0.98,98.04714285714286,89.28571428571429,15.145714285714286,2.5728571428571425,14.732857142857142,64799.99999999997
2026-03-31,400,99.67857142857144,99.72857142857144,0.1928571428571428,0.98,98.13285714285716,89.23857142857142,15.131428571428572,2.027142857142857,14.515714285714283,65085.12000000004
2026-04-01,400,99.67142857142858,99.71285714285716,0.1999999999999999,0.9828571428571428,98.49857142857142,89.04857142857144,13.831428571428573,2.037142857142857,14.962857142857144,66234.23999999998
2026-04-02,400,99.64857142857144,99.69571428571427,0.1871428571428571,0.9857142857142858,98.42428571428572,89.22,14.305714285714286,2.08,15.605714285714283,65197.44
2026-04-03,400,99.66,99.72428571428571,0.1814285714285714,0.9871428571428572,98.65428571428572,89.28571428571429,13.527142857142858,2.1914285714285717,13.445714285714288,64799.99999999997
2026-04-04,400,99.64142857142858,99.72142857142856,0.1771428571428571,0.9742857142857144,97.37142857142858,89.28571428571429,12.915714285714284,1.77,14.44285714285714,64799.99999999997
2026-04-05,400,99.62571428571428,99.70142857142856,0.2042857142857142,0.9828571428571428,98.42714285714284,89.28571428571429,13.91,2.0785714285714287,15.191428571428572,64799.99999999997
2026-04-06,400,99.63142857142856,99.64857142857144,0.2242857142857142,0.9728571428571428,97.30428571428573,89.28571428571429,14.348571428571429,1.8485714285714288,15.092857142857143,64799.99999999997
2026-04-07,400,99.53857142857144,99.59142857142857,0.2314285714285714,0.9742857142857144,97.53571428571428,89.27714285714285,11.864285714285714,1.692857142857143,14.83714285714286,64851.84000000008
2026-04-08,400,99.55428571428573,99.56142857142858,0.2085714285714285,0.9842857142857142,98.36285714285714,89.28571428571429,11.778571428571428,1.5285714285714287,15.142857142857142,64799.99999999997
2026-04-09,400,99.5657142857143,99.57571428571428,0.2014285714285714,0.9814285714285714,98.27,89.28428571428572,11.935714285714283,1.812857142857143,15.401428571428571,64808.63999999999
2026-04-10,400,99.55571428571427,99.59857142857145,0.1814285714285714,0.9857142857142858,98.59714285714286,89.28571428571429,10.842857142857143,1.8742857142857143,13.944285714285714,64799.99999999997
2026-04-11,400,99.51714285714286,99.5657142857143,0.1999999999999999,0.9771428571428572,97.75142857142858,89.28571428571429,10.224285714285712,1.737142857142857,14.861428571428572,64799.99999999997
2026-04-12,400,99.64285714285714,99.63714285714286,0.1785714285714285,0.9785714285714284,97.96571428571428,89.28571428571429,12.344285714285714,1.6642857142857144,15.354285714285714,64799.99999999997
2026-04-13,400,99.63857142857144,99.64,0.1971428571428571,0.96,95.89142857142858,89.23,13.618571428571428,1.6914285714285715,15.090000000000002,65136.95999999994
2026-04-14,400,99.62428571428572,99.64571428571428,0.1928571428571428,0.9842857142857142,98.22571428571428,89.28571428571429,12.948571428571428,1.7457142857142858,15.267142857142858,64799.99999999997
2026-04-15,400,99.64857142857144,99.63,0.2028571428571428,0.9814285714285714,98.02571428571429,89.28571428571429,13.157142857142857,1.6657142857142857,15.347142857142858,64799.99999999997
2026-04-16,400,99.64142857142858,99.60285714285716,0.1857142857142857,0.9885714285714284,98.75142857142858,89.28571428571429,12.644285714285711,1.8057142857142856,15.634285714285712,64799.99999999997
2026-04-17,400,99.64857142857144,99.63,0.18,0.9514285714285714,95.1,88.82714285714285,11.13714285714286,2.0142857142857147,14.29,67573.44000000005
2026-04-18,400,99.63714285714286,99.62714285714286,0.1742857142857143,0.9557142857142856,95.53,89.28571428571429,11.361428571428572,1.89,15.132857142857144,64799.99999999997
2026-04-19,400,99.64,99.64428571428572,0.1914285714285714,0.9857142857142858,98.48285714285714,89.28571428571429,12.508571428571427,1.6785714285714286,15.76142857142857,64799.99999999997
2026-04-20,400,99.6,99.54714285714286,0.2042857142857143,0.9814285714285714,98.17142857142858,89.23714285714286,11.202857142857145,1.6371428571428572,15.52142857142857,65093.75999999999
2026-04-21,400,99.60857142857142,99.58571428571427,0.2014285714285714,0.98,98.2057142857143,89.27285714285713,11.165714285714284,1.64,16.29714285714286,64877.76000000007
2026-04-22,400,99.57714285714285,99.57428571428572,0.2028571428571428,0.9771428571428572,97.72714285714288,89.28571428571429,11.661428571428573,1.6442857142857144,15.712857142857144,64799.99999999997
2026-04-23,400,99.48428571428572,99.60714285714286,0.19,0.9814285714285714,98.40142857142855,89.28571428571429,12.227142857142857,1.7899999999999998,15.601428571428572,64799.99999999997
2026-04-24,400,99.64,99.67142857142858,0.1685714285714285,0.9785714285714284,97.81857142857145,89.28571428571429,11.035714285714286,1.8128571428571427,14.765714285714283,64799.99999999997
2026-04-25,400,99.61714285714284,99.63285714285712,0.1828571428571428,0.9885714285714284,98.74285714285716,89.28571428571429,11.497142857142856,1.7428571428571429,15.368571428571428,64799.99999999997
2026-04-26,400,99.61428571428571,99.62571428571428,0.1985714285714286,0.9871428571428572,98.72857142857144,89.28571428571429,12.001428571428573,1.8142857142857145,15.425714285714289,64799.99999999997
2026-04-27,400,99.59142857142857,99.54857142857144,0.2042857142857143,0.9857142857142858,98.51285714285714,89.28571428571429,11.732857142857142,1.625714285714286,15.25,64799.99999999997
2026-04-28,400,99.60285714285716,99.65285714285712,0.1871428571428571,0.9885714285714284,98.99428571428572,88.42,11.374285714285715,1.5257142857142856,15.167142857142858,70035.84000000001
2026-04-29,400,99.64,99.66142857142856,0.2,0.9714285714285714,97.12571428571428,94.88285714285716,11.312857142857142,1.6014285714285716,14.641428571428571,30948.479999999978
2026-04-30,400,99.61428571428571,99.66714285714284,0.2128571428571428,0.9842857142857142,98.48857142857145,100.0,11.64,1.6985714285714286,14.501428571428573,0.0
2026-05-01,400,99.64714285714284,99.66571428571427,0.1842857142857143,0.9885714285714284,98.71857142857142,100.0,11.98,1.945714285714286,12.74,0.0
2026-05-02,400,99.64285714285714,99.63571428571429,0.2042857142857142,0.9871428571428572,98.73428571428572,100.0,11.62,1.6857142857142855,13.874285714285715,0.0
2026-05-03,400,99.63714285714286,99.67285714285715,0.2128571428571428,0.9885714285714284,98.71571428571428,100.0,12.005714285714287,1.5342857142857145,14.788571428571428,0.0
2026-05-04,400,99.61285714285714,99.64142857142858,0.2271428571428571,0.9857142857142858,98.54857142857144,100.0,12.36285714285714,1.6228571428571428,14.61285714285714,0.0
2026-05-05,400,99.58285714285714,99.62857142857142,0.2342857142857143,0.98,97.80714285714284,100.0,10.808571428571428,1.587142857142857,15.017142857142856,0.0
2026-05-06,400,99.63428571428572,99.61857142857144,0.2157142857142857,0.9828571428571428,98.30714285714284,100.0,11.764285714285714,1.827142857142857,14.864285714285714,0.0
2026-05-07,400,99.61857142857144,99.64714285714284,0.2128571428571428,0.9828571428571428,98.44285714285716,100.0,11.34142857142857,1.5071428571428571,15.124285714285715,0.0
2026-05-08,400,99.65285714285712,99.68,0.2342857142857143,0.9857142857142858,98.60857142857142,100.0,11.712857142857144,1.4814285714285715,13.564285714285717,0.0
2026-05-09,400,99.66142857142856,99.66142857142856,0.2157142857142857,0.9757142857142858,97.68857142857144,100.0,12.79,1.6142857142857143,14.555714285714286,0.0
2026-05-10,400,99.65142857142855,99.68142857142855,0.2085714285714285,0.97,96.87714285714286,100.0,12.524285714285714,1.58,15.182857142857143,0.0
2026-05-11,400,99.61,99.64285714285714,0.22,0.9814285714285714,98.32142857142856,100.0,11.774285714285714,1.4914285714285715,14.787142857142856,0.0
2026-05-12,400,99.57285714285716,99.67714285714284,0.26,0.9771428571428572,97.71571428571428,100.0,12.031428571428572,1.5585714285714285,14.921428571428573,0.0
2026-05-13,400,99.64714285714284,99.65428571428572,0.2114285714285714,0.9871428571428572,98.53142857142858,100.0,11.567142857142857,1.6542857142857144,15.41,0.0
2026-05-14,400,99.64,99.63857142857144,0.2171428571428571,0.9814285714285714,98.30285714285716,100.0,11.345714285714283,1.5614285714285714,14.968571428571428,0.0
2026-05-15,400,99.63285714285716,99.61142857142856,0.21,0.9871428571428572,98.82285714285716,100.0,11.82,1.4928571428571429,13.198571428571428,0.0
2026-05-16,400,99.6557142857143,99.68285714285716,0.1814285714285714,0.9885714285714284,98.65428571428572,100.0,11.891428571428571,1.602857142857143,14.234285714285717,0.0
2026-05-17,400,99.66571428571427,99.68571428571428,0.2,0.9785714285714284,97.71714285714286,99.99,12.505714285714284,1.7214285714285715,15.042857142857144,60.47999999992619
2026-05-18,400,99.69285714285716,99.65285714285712,0.1885714285714285,0.9842857142857142,98.42857142857144,99.79857142857144,12.971428571428572,1.9928571428571429,14.89857142857143,1218.2399999999525
2026-05-19,400,99.66428571428573,99.67857142857144,0.1985714285714286,0.9742857142857144,97.29714285714284,100.0,12.885714285714286,1.7885714285714285,15.017142857142856,0.0
2026-05-20,400,99.62857142857142,99.65,0.2171428571428571,0.9828571428571428,98.24714285714286,100.0,12.02142857142857,1.6428571428571428,14.831428571428573,0.0
2026-05-21,400,99.6314285714286,99.63714285714286,0.2128571428571428,0.9828571428571428,98.4,100.0,12.71,1.7857142857142858,15.351428571428572,0.0
2026-05-22,400,99.67571428571428,99.66142857142856,0.1857142857142857,0.9842857142857142,98.56285714285715,100.0,12.38,2.052857142857143,13.401428571428571,0.0
2026-05-23,400,99.66857142857144,99.58,0.2014285714285714,0.9857142857142858,98.53285714285714,100.0,13.547142857142855,2.1314285714285712,14.648571428571428,0.0
2026-05-24,400,99.64285714285714,99.60142857142856,0.2028571428571428,0.9642857142857144,96.52428571428572,100.0,13.472857142857142,2.144285714285714,15.982857142857142,0.0
2026-05-25,400,99.66714285714284,99.62142857142858,0.21,0.9814285714285714,98.18,99.35571428571428,12.538571428571428,1.8342857142857143,15.384285714285712,3896.6400000000313
2026-05-26,400,99.73142857142857,99.7,0.1814285714285714,0.9785714285714284,97.69857142857144,100.0,13.897142857142857,1.8814285714285717,13.672857142857143,0.0
2026-05-27,400,99.77285714285712,99.67571428571428,0.1757142857142857,0.9914285714285712,98.98428571428572,100.0,15.991428571428573,2.378571428571429,11.352857142857143,0.0
2026-05-28,400,99.67142857142858,99.66714285714284,0.1885714285714285,0.9871428571428572,98.81714285714284,100.0,14.145714285714286,2.231428571428572,12.218571428571428,0.0
2026-05-29,400,99.64428571428572,99.64714285714284,0.19,0.9814285714285714,98.17142857142858,100.0,11.944285714285714,2.097142857142857,13.41,0.0
2026-05-30,400,99.62428571428572,99.67,0.1885714285714285,0.98,98.12,100.0,13.302857142857144,2.205714285714285,14.45857142857143,0.0
2026-05-31,400,99.65,99.70285714285714,0.2028571428571428,0.9814285714285714,98.33571428571427,100.0,12.681428571428572,1.672857142857143,14.764285714285714,0.0
2026-06-01,400,99.62428571428572,99.67,0.1985714285714286,0.9757142857142858,97.43714285714286,99.82285714285716,12.63,1.78,14.722857142857142,1071.3599999999778
2026-06-02,400,99.58714285714288,99.61857142857144,0.2185714285714285,0.9728571428571428,97.16428571428573,100.0,11.085714285714284,1.9485714285714288,15.355714285714289,0.0
2025-09-20,1556,99.761625,99.516125,0.17225,0.9645,96.44925,62.94862500000001,11.7975,1.292,27.91425,2560991.04
2025-09-21,1556,99.76075949367088,99.7020253164557,0.1687341772151898,0.9646835443037974,96.47481012658228,63.095625,11.923797468354431,1.3136708860759494,27.971375,2550830.4
2025-09-22,1556,99.764625,99.697375,0.1675,0.965,96.534125,62.50037037037037,11.96425,1.289875,27.65913580246913,2624374.08
2025-09-23,1556,99.73654320987654,99.69703703703703,0.1787654320987654,0.9644444444444444,96.46888888888888,62.71370370370371,11.53074074074074,1.277037037037037,27.63098765432099,2609444.16
2025-09-24,1556,99.7462962962963,99.70506172839504,0.2091358024691358,0.962716049382716,96.27395061728394,63.46641975308642,11.06543209876543,1.0437037037037038,28.35617283950617,2556766.08
2025-09-25,1556,99.74444444444444,99.69641975308642,0.1923456790123456,0.9630864197530864,96.35469135802468,61.86358024691358,10.903827160493828,1.0503703703703704,30.171604938271606,2668939.2
2025-09-26,1556,99.73310810810813,99.6745945945946,0.1924324324324324,0.9608108108108108,96.12175675675677,67.27567567567567,10.477297297297298,1.0586486486486486,29.489189189189187,2092262.4
2025-09-27,1556,99.72702702702703,99.65418918918918,0.2052702702702702,0.9616216216216216,96.17878378378376,60.83518518518518,10.857432432432432,1.0287837837837837,26.537283950617283,2740910.4000000004
2025-09-28,1556,99.75683544303796,99.69506329113923,0.1934177215189873,0.9643037974683544,96.4506329113924,62.09050632911392,11.806075949367088,1.1246835443037977,26.903037974683546,2587550.4
2025-09-29,1556,99.78777777777778,99.70098765432098,0.1929629629629629,0.9653086419753086,96.55358024691358,62.83518518518518,12.71679012345679,1.0824691358024692,27.18617283950617,2600942.4000000004
2025-09-30,1556,99.77864197530864,99.71617283950616,0.1725925925925926,0.9662962962962962,96.6583950617284,63.773086419753085,13.101234567901235,1.218765432098765,26.95111111111111,2535304.32
2025-10-01,1556,99.77851851851852,99.70987654320987,0.1572839506172839,0.9661728395061728,96.62765432098766,63.05222222222222,12.898024691358025,1.3528395061728395,26.81876543209877,2585753.2800000003
2025-10-02,1556,99.77913580246911,99.70543209876544,0.1724691358024691,0.9665432098765432,96.67864197530864,62.47888888888889,12.925432098765432,1.2591358024691357,27.18679012345679,2625877.4400000004
2025-10-03,1556,99.7816049382716,99.69765432098764,0.1506172839506172,0.987037037037037,98.77037037037036,62.94209876543211,11.855925925925929,1.3571604938271606,28.44,2593460.159999999
2025-10-04,1556,99.789012345679,99.72123456790123,0.1458024691358024,0.987037037037037,98.77493827160494,63.142839506172834,12.337037037037035,1.3893827160493828,28.2341975308642,2579411.5200000005
2025-10-05,1556,99.78345679012344,99.71827160493828,0.1629629629629629,0.9864197530864198,98.61395061728396,61.29876543209876,12.87604938271605,1.3058024691358023,27.56703703703704,2708467.2000000007
2025-10-06,1556,99.79703703703704,99.71382716049382,0.1604938271604938,0.9866666666666668,98.63802469135804,62.776172839506174,13.5479012345679,1.4664197530864198,26.53432098765432,2605072.32
2025-10-07,1556,99.76975308641975,98.64506172839506,0.3033333333333333,0.971358024691358,97.1695061728395,62.33012345679012,13.303950617283952,1.3523456790123458,26.25296296296296,2636288.64
2025-10-08,1556,99.7951851851852,99.69061728395062,0.1611111111111111,0.98320987654321,98.3241975308642,63.01728395061728,13.765061728395064,1.3644444444444443,26.166049382716047,2588198.4000000004
2025-10-09,1556,99.79197530864197,99.72,0.1508641975308642,0.9880246913580248,98.82049382716048,62.9258024691358,13.421481481481482,1.4737037037037035,26.389012345679014,2594600.64
2025-10-10,1556,99.85469135802468,99.7648148148148,0.0838271604938271,0.984567901234568,98.46777777777778,29.602592592592597,15.799753086419752,1.6488888888888888,21.32864197530864,4926692.16
2025-10-13,1556,99.76,99.73481481481484,0.1543209876543209,0.9861728395061728,98.69271604938272,62.236543209876544,13.521604938271604,1.4414814814814816,26.107901234567898,2642837.76
2025-10-14,1556,99.7504938271605,99.7032098765432,0.170875,0.9869135802469136,98.77234567901236,62.35493827160494,12.833086419753087,1.2769135802469136,25.1525,2634552.0000000005
2025-10-15,1556,99.77555555555556,99.67666666666668,0.17425,0.987283950617284,98.73913580246914,64.66641975308642,12.521728395061729,1.3043209876543211,24.594,2472785.2800000007
2025-10-16,1556,99.77506172839506,99.72308641975307,0.172375,0.9869135802469136,98.77444444444444,64.73827160493828,12.574567901234568,1.3306172839506174,24.720625,2467756.8
2025-10-17,1556,99.7948148148148,99.7362962962963,0.15525,0.9871604938271604,98.72802469135804,64.72456790123456,12.216666666666669,1.3769135802469137,25.078875,2468715.8400000003
2025-10-18,1556,99.77506172839506,99.5458024691358,0.1635,0.9841975308641976,98.45185185185186,64.5562962962963,12.350246913580246,1.462098765432099,25.228125,2480492.16
2025-10-19,1556,99.59876543209876,99.6474074074074,0.23125,0.9635802469135802,96.3525925925926,61.8579012345679,11.304814814814817,1.367037037037037,24.568625,2669336.64
2025-10-20,1556,99.7865,99.69275,0.1634177215189873,0.987875,98.81875,63.79025,13.191875,1.387125,24.777848101265825,2502817.92
2025-10-21,1556,99.770625,99.6765,0.1677215189873417,0.988125,98.82675,57.43825,12.346125,1.383625,24.765696202531647,2941868.16
2025-10-22,1556,99.71475,99.663625,0.1722784810126582,0.987125,98.8155,64.354875,11.491125,1.3116249999999998,25.27987341772152,2463791.039999999
2025-10-23,1556,99.65925,99.674125,0.1697468354430379,0.98725,98.746875,64.415875,12.267375,1.38575,25.49594936708861,2459574.72
2025-10-24,1556,99.737125,99.677625,0.1627848101265822,0.987625,98.750875,64.2835,11.177875,1.401,25.793924050632917,2468724.4799999995
2025-10-25,1556,99.764,99.42275,0.1788607594936709,0.975,97.51175,64.265125,12.105125,1.361875,25.308354430379744,2469994.56
2025-10-26,1556,99.74358024691358,99.08382716049384,0.198,0.9797530864197532,98.01543209876544,63.40753086419753,12.346543209876543,1.2161728395061728,24.196875,2560887.3599999994
2025-10-27,1556,99.798,99.712625,0.1544303797468354,0.98775,98.837125,63.99061728395061,12.99625,1.4225,24.393125,2520080.64
2025-10-28,1556,99.80382716049382,99.71,0.152625,0.9883950617283952,98.88395061728396,63.96407407407408,13.24925925925926,1.4464197530864198,24.419,2521938.24
2025-10-29,1556,99.79283950617284,99.69395061728396,0.1594936708860759,0.9865432098765432,98.66234567901236,63.57086419753086,13.149629629629628,1.405679012345679,24.323291139240503,2549456.64
2025-10-30,1556,99.80308641975309,99.68592592592591,0.1579746835443038,0.9875308641975308,98.84358024691358,63.700370370370365,13.0379012345679,1.4237037037037037,24.5473417721519,2540393.2800000007
2025-10-31,1556,99.76864197530864,99.6946913580247,0.1450632911392405,0.9864197530864198,98.67975308641977,63.84987654320988,12.419135802469135,1.4625925925925929,24.84873417721519,2529930.24
2025-11-01,1556,99.7872839506173,99.7274074074074,0.1554430379746835,0.988641975308642,98.890987654321,63.87938271604938,12.51037037037037,1.4383950617283952,24.86,2527865.2800000003
2025-11-02,1556,99.79604938271603,99.699012345679,0.1551898734177215,0.9890123456790124,98.95703703703704,63.8279012345679,13.222345679012346,1.4361728395061728,24.468987341772152,2531468.16
2025-11-03,1556,99.8016049382716,99.72185185185184,0.156625,0.9892592592592592,98.96555555555555,63.7916049382716,13.445308641975307,1.4819753086419754,24.4745,2534008.32
2025-11-04,1556,99.7648148148148,99.71913580246914,0.157125,0.9880246913580248,98.83716049382716,63.940740740740736,12.852962962962962,1.5280246913580249,24.562,2523571.2000000007
2025-11-05,1556,99.7425925925926,99.72185185185184,0.157375,0.9882716049382716,98.87876543209876,58.00296296296296,13.001975308641976,1.4964197530864196,24.2445,2939120.6400000006
2025-11-06,1556,99.78185185185184,99.73703703703704,0.157375,0.9880246913580248,98.8288888888889,64.34506172839507,12.800493827160492,1.482962962962963,24.240375,2495275.1999999997
2025-11-07,1556,99.7762962962963,99.73358024691358,0.148,0.9849382716049384,98.54962962962962,64.04098765432099,11.965555555555556,1.481851851851852,24.8795,2516555.52
2025-11-08,1556,99.77777777777776,99.7106172839506,0.1535,0.9876543209876544,98.81382716049384,63.41753086419753,12.452222222222222,1.42679012345679,24.945625,2560187.52
2025-11-09,1556,99.78691358024692,99.6925925925926,0.158,0.9890123456790124,98.92012345679012,64.22283950617285,12.6,1.461358024691358,24.83425,2503828.8
2025-11-10,1556,99.77592592592592,99.71666666666668,0.15925,0.987777777777778,98.84493827160492,64.15679012345679,13.09777777777778,1.4333333333333331,24.643375,2508451.2
2025-11-11,1556,99.78592592592592,99.72703703703704,0.162,0.9879012345679012,98.86950617283952,64.12370370370371,13.086913580246913,1.371604938271605,24.6035,2510766.7199999997
2025-11-12,1556,99.78126582278482,99.71518987341771,0.1575641025641025,0.9875949367088608,98.85379746835444,65.475375,12.952784810126582,1.4118987341772151,24.435696202531645,2386342.08
2025-11-13,1556,99.77506172839506,99.7220987654321,0.1614814814814814,0.9883950617283952,98.87604938271603,64.86518518518518,12.836543209876544,1.4838271604938271,24.968024691358025,2458874.8800000004
2025-11-14,1556,99.77296296296296,99.72753086419752,0.1558024691358024,0.9888888888888888,98.88555555555556,65.20765432098766,12.25506172839506,1.475679012345679,25.278271604938272,2434907.52
2025-11-15,1556,99.7658024691358,99.59024691358024,0.1716049382716049,0.9822222222222222,98.25135802469136,65.21407407407408,12.47111111111111,1.381851851851852,25.383086419753088,2434458.24
2025-11-16,1556,99.76888888888888,99.21123456790124,0.1669135802469135,0.9820987654320988,98.2746913580247,64.89567901234568,12.480864197530863,1.4149382716049383,24.69296296296297,2456740.8
2025-11-17,1556,99.755875,99.697,0.165125,0.9845,98.53425,65.5925,12.659625,1.35975,24.799875,2378246.4
2025-11-18,1556,99.777125,99.705125,0.16425,0.987375,98.83825,65.791875,12.57475,1.4045,25.164250000000003,2364465.6
2025-11-19,1556,99.801125,99.7035,0.153625,0.988,98.860375,65.704125,12.7625,1.4395,25.143625,2370530.88
2025-11-20,1556,99.784375,99.69825,0.163625,0.988375,98.877,64.54125,12.4905,1.455875,24.85975,2450908.8
2025-11-21,1556,99.792625,99.69925,0.14075,0.988625,98.967625,65.720625,12.209625,1.5285,25.103125,2369390.4
2025-11-22,1556,99.7975,99.690625,0.146875,0.989,98.93175,64.91728395061729,12.4095,1.497375,24.98617283950617,2455228.8
2025-11-23,1556,99.81345679012348,99.70567901234568,0.1444444444444444,0.9882716049382716,98.92654320987654,65.03518518518518,12.981604938271603,1.4774074074074075,24.564567901234568,2446977.6
2025-11-24,1556,99.7762962962963,99.68382716049383,0.145679012345679,0.9883950617283952,98.89037037037036,64.45444444444445,13.301851851851852,1.5109876543209877,24.30296296296296,2487620.16
2025-11-25,1556,99.7516049382716,99.69283950617285,0.1569135802469136,0.9875308641975308,98.83148148148148,64.64444444444445,12.862222222222222,1.4669135802469135,24.452098765432098,2474323.2
2025-11-26,1556,99.799,99.716375,0.1585,0.98775,98.81775,63.7625925925926,12.813624999999998,1.35975,24.701604938271604,2536038.72
2025-11-27,1556,99.783417721519,99.69164556962026,0.1583544303797468,0.9888607594936708,98.89708860759494,65.00987341772152,12.629620253164555,1.4969620253164555,25.21455696202532,2388286.08
2025-11-28,1556,99.78,99.69518987341772,0.1432911392405063,0.9883544303797468,98.91303797468356,65.26962025316456,11.776835443037974,1.4820253164556962,26.06443037974684,2370556.8
2025-11-29,1556,99.79632911392405,99.66430379746836,0.1507594936708861,0.9891139240506328,98.93278481012658,65.28734177215189,12.508607594936707,1.4516455696202533,25.564050632911396,2369347.200000001
2025-11-30,1556,99.79177215189874,99.65518987341773,0.1555696202531645,0.98873417721519,98.91012658227848,64.181625,12.71632911392405,1.4482278481012658,24.587375,2475766.08
2025-12-01,1556,99.77246913580248,99.6774074074074,0.1551851851851851,0.9890123456790124,98.94185185185184,63.760617283950616,13.15679012345679,1.4528395061728396,24.27135802469136,2536176.96
2025-12-02,1556,99.79555555555557,99.6658024691358,0.1554320987654321,0.9895061728395064,98.93234567901236,58.31259259259259,12.749135802469135,1.4172839506172838,24.5483950617284,2917451.5200000005
2025-12-03,1556,99.7088888888889,99.6362962962963,0.1759259259259259,0.985925925925926,98.67135802469136,63.64925925925926,11.857037037037037,1.4444444444444444,24.358641975308643,2543970.24
2025-12-04,1556,99.785625,99.667875,0.162,0.98975,98.98875,65.635125,11.871125,1.427875,25.007,2375300.16
2025-12-05,1556,99.77875,99.664125,0.147625,0.989125,98.985625,65.68575,11.45375,1.34875,25.78025,2371800.96
2025-12-06,1556,99.7725,99.646625,0.1553749999999999,0.989375,99.0365,64.935875,11.6375,1.3678750000000002,25.849625,2423632.3200000003
2025-12-07,1556,99.78925,99.635375,0.15425,0.989125,99.04275,64.88975,12.777,1.401875,24.900625,2426820.48
2025-12-08,1556,99.79753086419754,99.67753086419754,0.1550617283950617,0.9904938271604938,99.0767901234568,65.12493827160493,12.697654320987654,1.4127160493827162,24.910617283950614,2440696.32
2025-12-09,1556,99.79185185185186,99.67543209876544,0.1528395061728395,0.9901234567901236,99.0279012345679,65.2567901234568,12.834074074074074,1.4066666666666667,24.71530864197531,2431468.8
2025-12-10,1556,99.7479012345679,99.6858024691358,0.1581481481481481,0.9890123456790124,98.9477777777778,65.12629629629629,12.453950617283953,1.388641975308642,24.830987654320985,2440601.2800000003
2025-12-11,1556,99.75,99.64950617283952,0.1595061728395061,0.9888888888888888,99.01197530864198,65.2295061728395,12.64074074074074,1.4139506172839509,25.084567901234568,2433378.24
2025-12-12,1556,99.77432098765432,99.6662962962963,0.1507407407407407,0.9883950617283952,98.90654320987656,66.24407407407408,11.554444444444444,1.4139506172839509,25.931728395061725,2362374.72
2025-12-13,1556,99.7835802469136,99.6679012345679,0.1508641975308642,0.9892592592592592,99.01123456790124,67.08740740740741,12.085185185185184,1.4562962962962962,24.78395061728395,2303354.88
2025-12-14,1556,99.79037037037035,99.68308641975308,0.1551851851851851,0.989135802469136,98.9695061728395,67.00876543209877,12.78222222222222,1.4796296296296296,24.247777777777777,2308858.56
2025-12-15,1556,99.7948148148148,99.6958024691358,0.1551851851851851,0.988148148148148,98.89185185185184,66.75530864197532,12.97567901234568,1.411604938271605,24.124444444444443,2326596.479999999
2025-12-16,1556,99.7874074074074,99.69876543209875,0.1629629629629629,0.9890123456790124,98.99666666666666,66.80493827160494,12.341728395061727,1.3724691358024692,24.368024691358023,2323123.2
2025-12-17,1556,99.76641975308642,99.66716049382715,0.1819753086419753,0.9895061728395064,98.9804938271605,67.02185185185186,12.314938271604936,1.2144444444444444,24.312962962962963,2307942.719999999
2025-12-18,1556,99.77475,99.666625,0.16875,0.988875,98.9815,68.990375,11.67325,1.410625,23.996625,2143385.28
2025-12-19,1556,99.756,99.64375,0.158875,0.988125,98.870375,72.341875,10.691,1.42525,24.276625000000003,1911729.6
2025-12-20,1556,99.78654320987654,99.64888888888888,0.1590123456790123,0.988641975308642,98.99493827160494,71.59135802469136,11.923703703703705,1.431604938271605,23.423456790123456,1988150.3999999997
2025-12-21,1556,99.74913580246914,99.71864197530864,0.1634567901234568,0.9890123456790124,99.00493827160491,71.63666666666666,12.476543209876544,1.744074074074074,22.77679012345679,1984979.5200000005
2025-12-22,1556,99.80827160493828,99.75333333333332,0.1560493827160494,0.9916049382716048,99.18617283950616,71.77592592592593,12.415185185185186,1.804567901234568,22.81506172839506,1975233.6
2025-12-23,1556,99.79172839506172,99.7562962962963,0.1648148148148148,0.9911111111111112,99.1174074074074,70.75518518518518,12.091358024691358,1.7781481481481485,22.74604938271605,2046669.12
2025-12-24,1556,99.77851851851852,99.71345679012346,0.2079012345679012,0.9901234567901236,99.11444444444444,71.17283950617283,11.83246913580247,1.7012345679012346,23.22320987654321,2017440.0
2025-12-25,1556,99.75530864197532,99.6725925925926,0.4125925925925926,0.9888888888888888,98.9516049382716,71.64604938271604,11.921975308641974,1.5223456790123455,23.26851851851852,1984322.88
2025-12-26,1556,99.76148148148148,99.68333333333334,0.3344444444444444,0.9898765432098764,98.98814814814814,71.60197530864198,11.356913580246912,1.6125925925925926,23.588765432098768,1987407.3599999996
2025-12-27,1556,99.80506172839506,99.7716049382716,0.1462962962962962,0.9892592592592592,99.0135802469136,71.67617283950618,12.043456790123455,1.7683950617283952,23.286913580246917,1982214.7199999995
2025-12-28,1556,99.79938271604938,99.76333333333334,0.1496296296296296,0.99,98.9916049382716,71.55654320987654,12.390123456790125,1.8124691358024687,23.019382716049385,1990586.8800000008
2025-12-29,1556,99.81037037037038,99.76432098765432,0.1544444444444444,0.9890123456790124,98.9958024691358,71.46283950617284,12.487777777777778,1.813827160493827,22.853950617283957,1997144.64
2025-12-30,1556,99.7783950617284,99.74901234567902,0.1571604938271605,0.9888888888888888,98.96456790123456,71.55814814814815,12.886666666666668,1.7964197530864197,22.92395061728395,1990474.56
2025-12-31,1556,99.79469135802468,99.7395061728395,0.1577777777777778,0.9904938271604938,99.0920987654321,70.86444444444444,12.64111111111111,1.8407407407407408,22.816666666666663,2039022.72
2026-01-01,1556,99.77938271604938,99.75012345679012,0.164320987654321,0.9903703703703703,99.09567901234568,69.66444444444444,12.076913580246911,1.8324691358024687,23.40185185185185,2123003.5200000005
2026-01-02,1556,99.79407407407408,99.75283950617283,0.1429629629629629,0.989135802469136,98.9483950617284,71.67654320987654,11.859382716049383,1.823703703703704,23.63111111111111,1982188.8
2026-01-03,1556,99.80308641975309,99.76641975308642,0.1561728395061728,0.9901234567901236,99.09271604938272,71.6632098765432,11.958148148148148,1.7829629629629629,23.410740740740746,1983121.92
2026-01-04,1556,99.80172839506172,99.77604938271604,0.1590123456790123,0.9897530864197532,99.06074074074074,71.69765432098765,12.52506172839506,1.8659259259259255,23.401481481481483,1980711.3600000008
2026-01-05,1556,99.80246913580248,99.76037037037035,0.1598765432098765,0.9890123456790124,99.0483950617284,71.67358024691359,12.279012345679012,1.712222222222222,23.62320987654321,1982396.1599999992
2026-01-06,1556,99.79358024691358,99.77358024691358,0.1616049382716049,0.988641975308642,98.9558024691358,71.7320987654321,11.876666666666669,1.724074074074074,23.71962962962963,1978300.8000000005
2026-01-07,1556,99.75851851851851,99.760987654321,0.1620987654320987,0.9883950617283952,98.95493827160496,71.69123456790123,11.295925925925928,1.752469135802469,23.836296296296297,1981160.6400000004
2026-01-08,1556,99.79629629629628,99.7774074074074,0.1569135802469136,0.9898765432098764,99.0241975308642,71.63753086419753,11.797777777777778,1.870987654320988,23.67,1984919.04
2026-01-09,1556,99.79777777777778,99.77172839506171,0.1397530864197531,0.9897530864197532,99.0241975308642,71.67037037037038,11.344444444444443,1.9317283950617283,24.1241975308642,1982620.8
2026-01-10,1556,99.79851851851852,99.77925925925926,0.1520987654320987,0.9896296296296296,99.05074074074074,71.60395061728396,11.811851851851852,1.889012345679012,23.791728395061728,1987269.12
2026-01-11,1556,99.8077777777778,99.77530864197531,0.1564197530864197,0.9887654320987654,98.97802469135804,71.72703703703704,11.75567901234568,1.8151851851851848,23.17432098765432,1978655.0400000005
2026-01-12,1556,99.7853086419753,99.77814814814816,0.1577777777777777,0.984074074074074,98.4620987654321,71.68123456790124,12.45753086419753,1.807654320987654,23.079135802469136,1981860.4799999995
2026-01-13,1556,99.80617283950616,99.77135802469137,0.1541975308641975,0.974320987654321,97.530987654321,71.7537037037037,12.43604938271605,1.822716049382716,23.03851851851852,1976788.8
2026-01-14,1556,99.7848148148148,99.76333333333334,0.1622222222222222,0.9837037037037036,98.46246913580246,71.59962962962963,11.168765432098764,1.66,22.913703703703703,1987571.52
2026-01-15,1556,99.75086419753086,99.7516049382716,0.1669135802469135,0.9801234567901236,98.05864197530865,71.7025925925926,11.23641975308642,1.730246913580247,23.378024691358025,1980365.76
2026-01-16,1556,99.76172839506172,99.74358024691358,0.1502469135802469,0.98,98.02765432098764,71.78962962962963,11.457037037037036,1.8361728395061727,24.422222222222224,1974274.5600000003
2026-01-17,1556,99.7835802469136,99.74777777777776,0.1591358024691358,0.9779012345679012,97.75407407407408,71.73333333333333,11.980987654320987,1.7896296296296297,24.03185185185185,1978214.4
2026-01-18,1556,99.72691358024692,99.70814814814814,0.2749382716049383,0.9744444444444444,97.41333333333333,71.03148148148148,11.152222222222225,1.6101234567901233,23.681604938271605,2027332.8000000005
2026-01-19,1556,99.72358024691356,99.75962962962964,0.1553086419753086,0.9744444444444444,97.45716049382716,70.81691358024692,11.957407407407407,1.7462962962962962,23.967901234567904,2042349.1199999996
2026-01-20,1556,99.79086419753088,99.77,0.1571604938271605,0.9625925925925926,96.28543209876544,71.74864197530864,11.415308641975308,1.7902469135802468,23.82703703703704,1977143.04
2026-01-21,1556,99.77345679012345,99.77654320987654,0.1525925925925925,0.9748148148148148,97.46382716049382,71.59617283950617,10.758024691358024,1.745925925925926,24.16172839506173,1987813.4400000004
2026-01-22,1556,99.7883950617284,99.77024691358024,0.1550617283950617,0.977777777777778,97.8062962962963,71.2916049382716,11.386913580246912,1.791111111111111,24.039753086419758,2009128.3200000003
2026-01-23,1556,99.78567901234568,99.76493827160492,0.1411111111111111,0.9780246913580248,97.81851851851852,71.72333333333333,11.112345679012346,1.819506172839506,24.296543209876543,1978914.2400000005
2026-01-24,1556,99.780987654321,99.75197530864196,0.1538271604938271,0.9724691358024692,97.26037037037035,71.7879012345679,11.62641975308642,1.7781481481481485,23.920617283950616,1974395.5200000005
2026-01-25,1556,99.78913580246912,99.76024691358025,0.1575308641975308,0.9728395061728394,97.3058024691358,71.73864197530864,11.527654320987654,1.819506172839506,23.910740740740746,1977842.8800000004
2026-01-26,1556,99.76641975308642,99.77407407407406,0.1545679012345679,0.9628395061728394,96.28222222222222,71.57012345679013,10.315185185185184,1.8685185185185185,24.902962962962963,1989636.48
2026-01-27,1556,99.79567901234569,99.7537037037037,0.1575308641975308,0.9623456790123456,96.23617283950615,71.10765432098766,11.594691358024692,1.767407407407407,24.0020987654321,2022001.919999999
2026-01-28,1556,99.79123456790124,99.76172839506172,0.1553086419753086,0.965925925925926,96.63283950617284,71.77074074074075,11.33827160493827,1.7639506172839503,24.01074074074074,1975596.4799999995
2026-01-29,1556,99.76629629629628,99.71308641975308,0.3392592592592592,0.9633333333333334,96.35666666666668,71.74987654320988,11.74358024691358,1.641604938271605,24.26185185185185,1977056.64
2026-01-30,1556,99.78456790123457,99.77382716049384,0.1445679012345679,0.969753086419753,96.9967901234568,71.58407407407408,10.8020987654321,1.8549382716049383,24.866419753086426,1988660.16
2026-01-31,1556,99.71962962962962,99.64654320987654,0.4324691358024691,0.9608641975308642,96.07617283950616,71.2911111111111,9.01432098765432,1.394814814814815,25.89185185185185,2009162.8800000004
2026-02-01,1556,99.79123456790124,99.76592592592591,0.1476543209876543,0.9634567901234566,96.3725925925926,71.29530864197531,10.754691358024692,1.7798765432098764,24.990864197530865,2008869.12
2026-02-02,1556,99.79851851851852,99.75913580246912,0.1532098765432099,0.9612345679012344,96.17938271604936,71.41172839506173,11.568024691358024,1.8339506172839508,23.83037037037037,2000721.6000000003
2026-02-03,1556,99.77765432098764,99.66851851851852,0.1667901234567901,0.9639506172839506,96.4106172839506,71.54851851851852,11.04716049382716,1.728148148148148,24.213456790123452,1991148.48
2026-02-04,1556,99.77825,99.603375,0.16075,0.96075,96.123625,71.40827160493826,10.866875,1.779125,25.01703703703704,2000963.5200000005
2026-02-05,1556,99.76888888888888,99.73925925925926,0.1620987654320987,0.9448148148148148,94.53753086419754,71.51358024691359,11.364074074074074,1.789753086419753,24.67283950617284,1993593.5999999996
2026-02-06,1556,99.76333333333334,99.74555555555555,0.1504938271604938,0.967037037037037,96.7558024691358,71.79012345679013,10.396913580246911,1.7665432098765432,25.442222222222224,1974240.0
2026-02-07,1556,99.77234567901236,99.7535802469136,0.1639506172839506,0.944567901234568,94.46987654320988,71.75160493827161,10.961234567901236,1.797901234567901,24.77716049382716,1976935.68
2026-02-08,1556,99.79913580246912,99.77111111111113,0.1576543209876543,0.9703703703703704,97.08283950617285,71.76296296296296,11.341604938271605,1.837283950617284,24.032592592592597,1976140.8
2026-02-09,1556,99.79938271604938,99.76395061728395,0.1628395061728395,0.9653086419753086,96.5837037037037,71.61456790123457,11.67148148148148,1.7923456790123458,24.03901234567901,1986526.0800000003
2026-02-10,1556,99.80037037037036,99.78234567901234,0.1638271604938271,0.9629629629629628,96.29283950617284,71.77074074074075,11.424691358024692,1.838148148148148,23.581728395061727,1975596.4799999995
2026-02-11,1556,99.75814814814817,99.70765432098766,0.3392592592592592,0.9598765432098766,96.00148148148148,71.41753086419753,11.464814814814815,1.4928395061728394,24.055925925925926,2000315.52
2026-02-12,1556,99.77913580246911,99.76703703703704,0.1675308641975308,0.9734567901234568,97.36753086419752,71.58925925925925,11.047407407407407,1.7328395061728397,24.807407407407407,1988297.2800000005
2026-02-13,1556,99.78444444444445,99.7625925925926,0.1538271604938271,0.958641975308642,95.89395061728396,71.17999999999999,10.343827160493827,1.7958024691358023,24.796666666666667,2016938.8800000008
2026-02-14,1556,99.78432098765433,99.74765432098764,0.1744444444444444,0.9498765432098764,94.96851851851852,69.63086419753087,10.244197530864197,1.720740740740741,24.613333333333333,2125353.599999999
2026-02-15,1556,99.785,99.7695,0.179125,0.960625,96.06425,53.55,11.38825,1.7763750000000005,24.47,3210624.0
2026-02-16,1556,99.77777777777776,99.7604938271605,0.2045679012345679,0.952716049382716,95.26567901234569,71.11283950617285,12.134197530864196,1.7838271604938272,24.23901234567901,2021639.04
2026-02-17,1556,99.79358024691358,99.76765432098766,0.1550617283950617,0.9603703703703704,96.13037037037036,71.78679012345678,11.654938271604935,1.875185185185185,24.91604938271605,1974473.2800000007
2026-02-18,1556,99.82283950617284,99.7816049382716,0.1549382716049382,0.9425925925925924,94.22074074074074,74.54851851851852,13.567777777777778,1.8369135802469132,21.969506172839505,1781196.4799999995
2026-02-19,1556,99.83666666666666,99.78308641975308,0.1279012345679012,0.9688888888888888,96.92444444444445,65.70086419753086,14.168641975308644,1.7914814814814817,20.36543209876543,2400390.72
2026-02-20,1556,99.72111111111111,99.6953086419753,0.3524691358024691,0.967283950617284,96.76814814814816,77.16222222222223,12.925185185185184,1.4328395061728396,21.291358024691355,1598279.04
2026-02-21,1556,99.75604938271604,99.70098765432098,0.3124691358024691,0.9525925925925924,95.26691358024692,77.1604938271605,12.733703703703704,1.4864197530864198,21.46901234567901,1598400.0
2026-02-22,1556,99.8320987654321,99.77753086419752,0.131358024691358,0.9569135802469136,95.7367901234568,76.74555555555555,13.204567901234569,1.832962962962963,21.67962962962963,1627439.04
2026-02-23,1556,99.82938271604938,99.79037037037038,0.1361728395061728,0.9502469135802468,95.03407407407408,77.03086419753086,13.612222222222222,1.825432098765432,21.23469135802469,1607472.0000000005
2026-02-24,1556,99.8083950617284,99.76197530864198,0.1434567901234568,0.9522222222222222,95.27308641975308,76.96382716049382,13.137407407407409,1.7195061728395062,21.270987654320987,1612163.5200000005
2026-02-25,1556,99.80333333333331,99.7611111111111,0.1496296296296296,0.9714814814814816,97.17074074074074,75.04308641975308,12.115679012345678,1.6167901234567903,21.53604938271605,1746584.6400000004
2026-02-26,1556,99.73666666666666,99.64234567901234,0.2675308641975308,0.9674074074074074,96.8004938271605,72.00975308641975,11.757037037037035,1.405185185185185,21.496172839506173,1958869.4400000004
2026-02-27,1556,99.7635802469136,99.57987654320988,0.2079012345679012,0.9660493827160492,96.65827160493826,76.95172839506174,11.679753086419751,1.531358024691358,21.68777777777778,1613010.2399999995
2026-02-28,1556,99.7041975308642,99.38876543209877,0.4096296296296296,0.9533333333333334,95.40308641975308,76.95246913580246,11.7,1.3808641975308642,22.00629629629629,1612958.4000000006
2026-03-01,1556,99.65728395061728,99.57296296296296,0.4319753086419753,0.9664197530864198,96.64222222222222,76.94320987654321,12.060864197530863,1.3007407407407408,22.073827160493828,1613606.4000000004
2026-03-02,1556,99.789012345679,99.76246913580248,0.1714814814814814,0.9645679012345678,96.50654320987654,76.93395061728394,11.90641975308642,1.645432098765432,22.137901234567902,1614254.4000000006
2026-03-03,1556,99.7974074074074,99.74148148148149,0.1559259259259259,0.9687654320987654,96.93308641975308,77.06246913580247,11.224074074074071,1.5764197530864197,22.2841975308642,1605260.16
2026-03-04,1556,99.75802469135802,99.74518518518518,0.1929629629629629,0.9671604938271604,96.73962962962965,74.48358024691358,11.546913580246914,1.5802469135802468,22.032098765432096,1785741.1200000006
2026-03-05,1556,99.80012345679012,99.77913580246911,0.1476543209876543,0.9591358024691358,95.96851851851852,77.1604938271605,11.541975308641977,1.759753086419753,22.56098765432099,1598400.0
2026-03-06,1556,99.80320987654322,99.75716049382716,0.1411111111111111,0.9666666666666668,96.60814814814816,77.15185185185186,11.376172839506172,1.7170370370370371,22.29753086419753,1599004.799999999
2026-03-07,1556,99.8004938271605,99.77827160493828,0.1509876543209876,0.9598765432098766,96.0216049382716,77.05345679012346,11.285555555555556,1.612716049382716,22.285925925925927,1605890.8799999994
2026-03-08,1556,99.819012345679,99.79617283950616,0.151358024691358,0.9648148148148148,96.50641975308642,77.08864197530865,11.753827160493827,1.6881481481481482,22.45987654320988,1603428.4799999995
2026-03-09,1556,99.734375,99.7215,0.327,0.945375,94.519875,75.30975308641976,11.816875,1.42625,22.131481481481483,1727922.2399999993
2026-03-10,1556,99.79703703703704,99.78074074074074,0.174320987654321,0.9601234567901236,96.01469135802468,76.26086419753086,11.684320987654322,1.657283950617284,22.110864197530866,1661359.68
2026-03-11,1556,99.8020987654321,99.77987654320988,0.1708641975308642,0.9655555555555556,96.54395061728395,77.14617283950618,11.50851851851852,1.7065432098765432,22.08641975308642,1599402.2399999998
2026-03-12,1556,99.74913580246914,99.77222222222224,0.1701234567901234,0.9660493827160492,96.64530864197532,77.06555555555556,11.483950617283952,1.6996296296296294,22.152098765432097,1605044.1599999997
2026-03-13,1556,99.75518518518518,99.7758024691358,0.1645679012345679,0.9690123456790124,96.92666666666668,77.01802469135802,10.960987654320988,1.675185185185185,22.02679012345679,1608370.56
2026-03-14,1556,99.78827160493827,99.78074074074074,0.1691358024691358,0.9661728395061728,96.63901234567902,76.8237037037037,11.09358024691358,1.735432098765432,22.00679012345679,1621969.92
2026-03-15,1556,99.80543209876544,99.76703703703704,0.1667901234567901,0.9717283950617284,97.21654320987656,76.9320987654321,11.788024691358023,1.7251851851851854,22.18777777777778,1614384.0
2026-03-16,1556,99.74012345679012,99.76123456790124,0.1891358024691358,0.965432098765432,96.57333333333332,77.1704938271605,10.140493827160494,1.5674074074074074,21.48444444444445,1597700.1599999997
2026-03-17,1556,99.754375,99.757125,0.19675,0.95825,95.835625,76.500625,9.80175,1.4525,21.67275,1624276.8
2026-03-18,1556,99.766125,99.7875,0.181875,0.968125,96.895,79.375625,11.559,1.5975,20.956,1425556.8000000005
2026-03-19,1556,99.79037037037038,99.75308641975307,0.1875308641975308,0.9722222222222222,97.26765432098766,78.31123456790124,12.370617283950615,1.5834567901234566,20.695925925925927,1517866.56
2026-03-20,1556,99.75125,99.766375,0.234625,0.973,97.339375,79.53999999999999,11.926875,1.6471250000000002,22.8385,1414195.200000001
2026-03-21,1556,99.785625,99.77425,0.171875,0.970125,97.016875,79.4205,11.42475,1.71875,21.322875,1422455.0399999996
2026-03-22,1556,99.774875,99.766625,0.172875,0.957,95.775375,79.568625,10.073125,1.6134999999999995,22.515,1412216.6400000006
2026-03-23,1556,99.762625,99.7665,0.2061249999999999,0.967125,96.774,79.583375,10.630125,1.621625,21.914,1411197.12
2026-03-24,1556,99.784625,99.779375,0.17825,0.961,96.137875,79.51174999999999,10.852875,1.6505,21.768,1416147.8400000003
2026-03-25,1556,99.780375,99.771,0.178375,0.968375,96.799875,79.340375,10.92275,1.63625,21.541,1427993.2800000005
2026-03-26,1556,99.697875,99.712375,0.339875,0.965875,96.62825,79.04175000000001,10.536875,1.35375,21.667375,1448634.2399999993
2026-03-27,1556,99.7775,99.764125,0.1679999999999999,0.970375,97.110875,78.76162500000001,10.3595,1.739125,21.826375,1467996.479999999
2026-03-28,1556,99.78275,99.759625,0.1765,0.971375,97.112,78.769375,10.73025,1.666,21.6245,1467460.8000000005
2026-03-29,1556,99.793,99.737875,0.172875,0.969,96.86,79.176,11.520375,1.6809999999999998,21.195625,1439354.88
2026-03-30,1556,99.794625,99.77625,0.1745,0.95725,95.74325,79.62537499999999,11.669,1.70175,20.936625,1408294.0800000008
2026-03-31,1556,99.77925,99.764125,0.176,0.954125,95.46675,79.529,11.45225,1.741375,20.933625,1414955.5200000005
2026-04-01,1556,99.780625,99.769625,0.17775,0.953375,95.359,79.463375,11.24425,1.7899999999999998,21.278,1419491.5199999998
2026-04-02,1556,99.73074074074074,99.75703703703704,0.1795061728395061,0.961358024691358,96.12876543209876,79.1446913580247,11.307530864197531,1.7244444444444444,21.34481481481481,1459537.9199999997
2026-04-03,1556,99.75333333333334,99.75814814814817,0.1632098765432099,0.9638271604938272,96.37629629629627,79.93679012345679,10.59925925925926,1.7755555555555556,21.348271604938272,1404103.68
2026-04-04,1556,99.7535802469136,99.75543209876544,0.207037037037037,0.9665432098765432,96.69296296296297,79.00777777777778,10.329135802469136,1.6206172839506174,21.778395061728396,1469119.6800000002
2026-04-05,1556,99.78814814814815,99.76469135802468,0.1762962962962962,0.9604938271604938,96.07728395061729,79.90456790123457,11.334197530864198,1.7212345679012344,21.519012345679013,1406358.72
2026-04-06,1556,99.78851851851852,99.75197530864196,0.1845679012345679,0.9655555555555556,96.57185185185185,79.92407407407408,11.557901234567902,1.63,21.123456790123456,1404993.5999999996
2026-04-07,1556,99.746375,99.701125,0.189625,0.964625,96.537875,79.66637499999999,10.859125,1.450375,21.427,1405460.1600000008
2026-04-08,1556,99.74876543209876,99.65283950617284,0.2155555555555555,0.9607407407407408,96.1104938271605,79.33925925925925,10.633333333333333,1.3151851851851852,21.469506172839505,1445921.2800000005
2026-04-09,1556,99.7495061728395,99.6674074074074,0.1885185185185185,0.9529629629629628,95.34913580246914,79.9346913580247,10.67851851851852,1.4665432098765432,21.518641975308643,1404250.56
2026-04-10,1556,99.73469135802468,99.6641975308642,0.18,0.9734567901234568,97.39333333333332,79.93555555555555,9.863086419753088,1.5120987654320988,21.83604938271605,1404190.0800000003
2026-04-11,1556,99.74555555555555,99.67851851851852,0.1818518518518518,0.9661728395061728,96.60444444444444,79.86604938271604,10.603086419753089,1.4481481481481482,21.822592592592592,1409054.4000000006
2026-04-12,1556,99.68037037037035,99.68728395061729,0.174074074074074,0.961358024691358,96.20925925925926,79.8120987654321,11.117283950617283,1.478395061728395,21.560123456790123,1412830.0800000003
2026-04-13,1556,99.72481481481482,99.67691358024692,0.1751851851851851,0.971851851851852,97.24716049382717,79.65493827160493,11.597283950617284,1.6022222222222222,21.242962962962963,1423828.8000000005
2026-04-14,1556,99.76901234567902,99.69024691358024,0.1808641975308642,0.9602469135802468,96.0374074074074,79.82567901234567,10.903827160493828,1.5306172839506174,21.407777777777778,1411879.6800000004
2026-04-15,1556,99.78604938271604,99.71061728395064,0.172716049382716,0.9676543209876542,96.73987654320987,79.92333333333333,11.287654320987654,1.7428395061728394,21.21555555555556,1405045.44
2026-04-16,1556,99.7795061728395,99.66456790123456,0.1814814814814815,0.9753086419753086,97.5620987654321,79.84913580246914,11.435185185185183,1.6425925925925928,21.5520987654321,1410238.0799999996
2026-04-17,1556,99.77802469135804,99.67641975308642,0.1590123456790123,0.9658024691358024,96.66283950617284,79.9341975308642,11.100617283950616,1.7066666666666668,21.6620987654321,1404285.1200000003
2026-04-18,1556,99.77901234567902,99.68555555555557,0.1707407407407407,0.972962962962963,97.34913580246914,79.93666666666667,11.348148148148148,1.6530864197530866,21.618395061728396,1404112.32
2026-04-19,1556,99.78666666666668,99.68444444444444,0.1775308641975308,0.9734567901234568,97.40938271604938,79.92592592592592,11.616913580246914,1.5937037037037038,21.363703703703703,1404864.0000000002
2026-04-20,1556,99.75913580246912,99.64703703703704,0.1948148148148148,0.9476543209876545,94.82234567901234,78.60802469135803,11.422962962962965,1.4482716049382716,21.268765432098764,1497096.0
2026-04-21,1556,99.75012345679012,99.66283950617284,0.2266666666666666,0.9601234567901236,96.050987654321,79.88444444444445,11.551358024691355,1.2749382716049382,21.42148148148148,1407767.039999999
2026-04-22,1556,99.74469135802468,99.65641975308642,0.1964197530864197,0.9738271604938272,97.4262962962963,78.95876543209876,10.9679012345679,1.4774074074074075,21.43493827160494,1472549.7600000007
2026-04-23,1556,99.7620987654321,99.67691358024692,0.1890123456790123,0.9701234567901236,97.04555555555557,79.89148148148148,11.13716049382716,1.535925925925926,21.707407407407405,1407274.5600000003
2026-04-24,1556,99.7611111111111,99.70740740740742,0.1945679012345679,0.9744444444444444,97.50555555555556,79.93802469135802,10.866790123456791,1.5266666666666666,21.51567901234568,1404017.28
2026-04-25,1556,99.76802469135802,99.6916049382716,0.2065432098765432,0.9565432098765432,95.70234567901235,79.91962962962963,11.035185185185185,1.5371604938271606,21.744444444444444,1405304.64
2026-04-26,1556,99.75728395061728,99.6583950617284,0.2467901234567901,0.97,96.96790123456788,79.89123456790124,11.307283950617284,1.3644444444444443,21.521604938271604,1407291.84
2026-04-27,1556,99.75975308641976,99.65234567901234,0.1946913580246913,0.975432098765432,97.56888888888888,79.78777777777778,11.13888888888889,1.465432098765432,21.512592592592597,1414532.16
2026-04-28,1556,99.77814814814816,99.6677777777778,0.2069135802469136,0.9707407407407408,97.0783950617284,79.9253086419753,11.705185185185185,1.3749382716049383,20.96962962962963,1404907.2000000004
2026-04-29,1556,99.7674074074074,99.65950617283951,0.2125925925925925,0.97,97.01765432098766,80.59074074074074,11.55358024691358,1.413333333333333,20.86543209876543,1358337.6
2026-04-30,1556,99.74222222222222,99.66234567901236,0.2465432098765431,0.974074074074074,97.40888888888888,81.28407407407407,11.481975308641974,1.337283950617284,20.892345679012344,1309815.36
2026-05-01,1556,99.74530864197531,99.67888888888888,0.2091358024691358,0.9693827160493826,96.91654320987654,81.37012345679011,10.161851851851852,1.4614814814814814,21.26246913580247,1303793.280000001
2026-05-02,1556,99.72555555555556,99.63308641975308,0.314320987654321,0.9598765432098766,96.08876543209875,79.82148148148148,10.78111111111111,1.158148148148148,20.993827160493822,1412173.44
2026-05-03,1556,99.75222222222224,99.68024691358023,0.2274074074074074,0.9608641975308642,96.18197530864197,80.18827160493827,11.47641975308642,1.3424691358024692,20.941111111111116,1386504.0000000005
2026-05-04,1556,99.765,99.675125,0.19375,0.96175,96.224375,80.7835,11.573625,1.446125,21.06775,1328244.4799999995
2026-05-05,1556,99.74625,99.657375,0.2081249999999999,0.972875,97.35625,81.08137500000001,11.056625,1.277125,21.169,1307655.3599999992
2026-05-06,1556,99.779875,99.652875,0.1845,0.9695,97.009,80.466125,11.34125,1.474875,21.352125,1350181.4399999992
2026-05-07,1556,99.739,99.650625,0.296375,0.967375,96.7005,80.038,11.21575,1.209375,21.488875,1379773.4400000002
2026-05-08,1556,99.69050632911392,99.58518987341772,0.3581012658227848,0.9416455696202533,94.22443037974683,80.90544303797468,9.813291139240508,1.0754430379746835,22.54620253164557,1303318.0800000003
2026-05-09,1556,99.71675,99.65050632911392,0.2621518987341772,0.9453164556962024,94.56151898734176,79.97162499999999,10.51645569620253,1.1325316455696202,21.769,1384361.2800000007
2026-05-10,1556,99.725875,99.65225,0.307875,0.961,96.183125,79.754625,10.671375,1.097125,21.944,1399360.3199999998
2026-05-11,1556,99.737375,99.66525,0.23925,0.96975,96.997625,80.9515,11.375,1.231625,21.31125,1316632.32
2026-05-12,1556,99.71075,99.650625,0.270375,0.954,95.40575,81.09025,10.9115,1.05825,21.438625,1307041.9200000002
2026-05-13,1556,99.766,99.68075,0.18975,0.95475,95.502625,80.856875,11.42275,1.435875,21.31125,1323172.7999999996
2026-05-14,1556,99.735125,99.649,0.25775,0.966125,96.65275,81.2455,10.939125,1.294125,21.434,1296311.0399999998
2026-05-15,1556,99.708625,99.64675,0.31775,0.965,96.526125,81.139,10.15025,1.081125,21.5645,1303672.3200000003
2026-05-16,1556,99.75851851851851,99.68135802469136,0.2571604938271605,0.9637037037037036,96.40493827160492,80.22012345679012,11.071728395061728,1.3240740740740742,21.492222222222225,1384274.8800000006
2026-05-17,1556,99.786125,99.716875,0.175125,0.964875,96.518875,81.25,11.571,1.66675,21.466,1296000.0
2026-05-18,1556,99.79012345679013,99.70567901234568,0.1788888888888889,0.9692592592592594,96.9646913580247,80.63049382716049,12.052345679012346,1.6569135802469137,20.995555555555555,1355555.5200000005
2026-05-19,1556,99.76814814814816,99.67185185185186,0.2080246913580247,0.9660493827160492,96.6158024691358,78.32037037037037,12.09432098765432,1.421604938271605,20.99679012345679,1517227.1999999995
2026-05-20,1556,99.74358024691358,99.65703703703704,0.2525925925925926,0.9588888888888888,95.94148148148147,81.41222222222223,11.930493827160491,1.287777777777778,20.70111111111111,1300847.039999999
2026-05-21,1556,99.76518518518516,99.68358024691358,0.1924691358024691,0.9722222222222222,97.23851851851852,81.37469135802469,11.523456790123456,1.5603703703703704,21.27111111111111,1303473.6000000003
2026-05-22,1556,99.77666666666669,99.70567901234568,0.1732098765432098,0.9617283950617284,96.23604938271605,81.48061728395062,10.806419753086418,1.5988888888888888,21.425555555555555,1296060.48
2026-05-23,1556,99.77543209876544,99.68123456790124,0.1880246913580247,0.97320987654321,97.31086419753086,81.48148148148148,11.261481481481482,1.5792592592592594,21.36135802469136,1296000.0000000002
2026-05-24,1556,99.64987654320988,99.68012345679011,0.2004938271604938,0.9553086419753086,95.5862962962963,81.47864197530865,11.668148148148148,1.443950617283951,21.44160493827161,1296198.7199999993
2026-05-25,1556,99.76716049382716,99.69604938271604,0.1988888888888889,0.9493827160493828,94.93333333333334,81.3479012345679,12.007037037037035,1.5008641975308643,21.25629629629629,1305348.4800000002
2026-05-26,1556,99.79185185185186,99.69197530864196,0.1839506172839506,0.9724691358024692,97.29469135802468,81.39666666666666,12.375432098765431,1.5633333333333332,21.017160493827163,1301935.6800000004
2026-05-27,1556,99.82543209876545,99.7332098765432,0.1496296296296296,0.9744444444444444,97.53444444444445,81.48135802469136,12.11,1.7350617283950616,21.83148148148148,1296008.6399999997
2026-05-28,1556,99.72308641975307,99.66592592592592,0.1914814814814814,0.9641975308641976,96.4404938271605,81.48061728395062,10.363703703703704,1.517283950617284,21.646296296296292,1296060.48
2026-05-29,1556,99.70074074074074,99.62530864197532,0.2890123456790123,0.9695061728395062,96.92086419753086,81.42197530864198,9.23358024691358,1.1414814814814815,22.825185185185184,1300164.4799999995
2026-05-30,1556,99.69125,99.65575,0.238,0.971,97.12875,81.88374999999999,9.248125,1.26975,22.336125000000003,1252195.200000001
2026-05-31,1556,99.717375,99.676625,0.261375,0.974625,97.465625,82.13624999999999,9.80325,1.248,21.9985,1234742.4000000008
2026-06-01,1556,99.7205,99.669,0.213625,0.9675,96.844625,81.58099999999999,10.154875,1.442875,21.762,1273121.2800000005
2026-06-02,1556,99.70675,99.659125,0.2138749999999999,0.967,96.7275,81.39525,10.080875,1.408125,21.7715,1285960.3199999994
2025-09-20,1700,99.66576923076924,99.675,0.1919230769230769,0.98,97.97153846153849,81.54074074074073,11.524615384615384,1.3069230769230769,22.16038461538461,430617.6000000001
2025-09-21,1700,99.67423076923076,99.6926923076923,0.1846153846153846,0.981923076923077,98.10923076923078,81.47185185185184,11.904615384615385,1.323846153846154,22.60423076923077,432224.6400000003
2025-09-22,1700,99.66153846153846,99.65384615384616,0.2019230769230769,0.981923076923077,98.13346153846156,81.40666666666667,11.861923076923077,1.2584615384615383,22.32423076923077,433745.2799999999
2025-09-23,1700,99.6273076923077,99.63615384615385,0.2165384615384615,0.981923076923077,98.13615384615385,80.19814814814815,11.109615384615385,1.2234615384615384,21.79192307692308,461937.5999999999
2025-09-24,1700,99.59884615384615,99.6326923076923,0.3396153846153846,0.9753846153846154,97.46230769230768,81.54333333333334,10.577307692307691,0.9019230769230768,22.50653846153846,430557.12
2025-09-25,1700,99.64115384615386,99.66807692307692,0.2592307692307692,0.9776923076923076,97.78807692307691,80.68259259259258,11.165,1.0065384615384614,23.34038461538461,450636.4800000002
2025-09-26,1700,99.596,99.6432,0.298,0.9796,97.8676,83.67807692307693,10.858,0.8867999999999999,19.6836,366655.67999999993
2025-09-27,1700,99.5552,99.62,0.2856,0.9764,97.684,82.50269230769231,10.7896,0.9784,20.2768,393059.51999999984
2025-09-28,1700,99.59692307692308,99.64923076923075,0.2630769230769231,0.9788461538461538,97.84884615384615,80.28,11.099615384615385,1.07,23.536153846153844,460028.1600000001
2025-09-29,1700,99.63923076923076,99.63346153846152,0.2657692307692307,0.9780769230769232,97.82115384615383,81.59814814814816,11.720769230769232,1.003076923076923,22.278076923076924,429278.3999999999
2025-09-30,1700,99.66692307692308,99.66115384615384,0.2296153846153846,0.98,97.93653846153846,81.6285185185185,12.603076923076925,1.111923076923077,22.086153846153845,428569.9200000005
2025-10-01,1700,99.66615384615385,99.66269230769232,0.1911538461538461,0.981923076923077,98.2576923076923,81.4162962962963,12.41153846153846,1.243846153846154,22.317307692307693,433520.64
2025-10-02,1700,99.63153846153848,99.65692307692308,0.2161538461538461,0.9815384615384616,98.19423076923076,81.4511111111111,12.407692307692308,1.1503846153846151,22.45692307692308,432708.4800000001
2025-10-03,1700,99.63846153846154,99.68230769230767,0.2057692307692308,0.9788461538461538,97.90269230769232,81.50037037037038,12.139615384615384,1.2103846153846154,21.37769230769231,431559.3599999998
2025-10-04,1700,99.6953846153846,99.67576923076923,0.1819230769230769,0.9792307692307692,98.01384615384616,81.36925925925925,12.718076923076923,1.4092307692307693,22.46538461538461,434617.92000000016
2025-10-05,1700,99.6503846153846,99.67538461538462,0.2042307692307692,0.9803846153846152,98.04346153846154,81.50296296296295,12.898846153846154,1.228076923076923,22.602692307692305,431498.8800000002
2025-10-06,1700,99.67923076923076,99.70884615384615,0.1884615384615384,0.98,98.115,81.27666666666666,13.148846153846154,1.3684615384615384,21.778846153846157,436777.92000000033
2025-10-07,1700,99.67076923076924,99.675,0.2092307692307692,0.9792307692307692,97.975,80.56148148148148,12.88346153846154,1.2342307692307697,21.318461538461538,453461.76000000007
2025-10-08,1700,99.65153846153846,99.6703846153846,0.2092307692307692,0.9792307692307692,97.92692307692307,81.34629629629629,13.345769230769232,1.1996153846153847,21.45615384615385,435153.6000000003
2025-10-09,1700,99.67576923076923,99.66884615384616,0.1907692307692307,0.981153846153846,98.22807692307693,81.67481481481481,13.044230769230769,1.4015384615384614,21.36692307692308,427489.9200000001
2025-10-10,1700,99.69115384615384,99.61846153846152,0.1361538461538461,0.9846153846153848,98.37346153846154,38.27814814814815,15.61076923076923,1.5107692307692309,15.883846153846154,1439847.36
2025-10-13,1700,99.69423076923076,99.66961538461538,0.2065384615384615,0.9826923076923078,98.34538461538462,81.39740740740741,13.323846153846157,1.326153846153846,21.54692307692308,433961.2799999997
2025-10-14,1700,99.65076923076924,99.61576923076922,0.2619230769230769,0.981153846153846,98.07923076923076,81.31777777777778,12.17576923076923,1.1034615384615385,21.825769230769232,435818.88
2025-10-15,1700,99.6123076923077,99.59461538461538,0.2334615384615384,0.9834615384615384,98.375,81.78555555555556,11.794615384615383,1.2046153846153846,22.06692307692308,424906.56
2025-10-16,1700,99.67,99.67153846153846,0.2126923076923077,0.9823076923076924,98.225,81.8488888888889,12.276153846153846,1.2223076923076923,22.138461538461534,423429.1199999999
2025-10-17,1700,99.60807692307692,99.63192307692309,0.2661538461538461,0.975,97.5196153846154,81.84148148148148,11.931153846153846,1.1523076923076925,20.71153846153846,423601.92
2025-10-18,1700,99.70807692307692,99.66230769230768,0.1853846153846154,0.9746153846153848,97.47346153846154,81.8488888888889,12.456153846153846,1.3519230769230768,21.40230769230769,423429.1199999999
2025-10-19,1700,99.6503846153846,99.62923076923076,0.2380769230769231,0.9576923076923076,95.8,81.31925925925925,11.970769230769232,1.3434615384615385,21.68,435784.32
2025-10-20,1700,99.68076923076924,99.67884615384617,0.1926923076923077,0.9776923076923076,97.86115384615384,81.78037037037038,12.221153846153848,1.2488461538461535,21.933461538461536,425027.5199999997
2025-10-21,1700,99.63653846153846,99.64115384615386,0.2249999999999999,0.9823076923076924,98.33307692307692,73.34962962962963,11.358076923076924,1.242307692307692,22.013076923076923,621699.84
2025-10-22,1700,99.62961538461538,99.61576923076922,0.2111538461538461,0.9830769230769232,98.35923076923078,81.65185185185184,10.910769230769231,1.2588461538461535,22.753076923076925,428025.6000000002
2025-10-23,1700,99.61346153846154,99.63,0.235,0.9803846153846152,98.11,81.75481481481482,11.310384615384615,1.258076923076923,22.14346153846154,425623.67999999976
2025-10-24,1700,99.59769230769233,99.60730769230769,0.2303846153846153,0.9769230769230768,97.77846153846151,81.85185185185185,10.927307692307693,1.236923076923077,20.688846153846157,423360.0000000002
2025-10-25,1700,99.65615384615384,99.64115384615386,0.2188461538461538,0.9715384615384616,97.22730769230768,81.69148148148149,11.371923076923078,1.246923076923077,21.509615384615383,427101.1199999999
2025-10-26,1700,99.59846153846154,99.55653846153844,0.42,0.9696153846153848,96.87230769230769,81.50851851851851,11.370384615384616,0.9192307692307692,21.72615384615385,431369.28000000014
2025-10-27,1700,99.66423076923076,99.6573076923077,0.1876923076923076,0.9773076923076924,97.83846153846154,81.2762962962963,12.10846153846154,1.3361538461538462,22.07730769230769,436786.5600000001
2025-10-28,1700,99.68576923076922,99.67692307692307,0.1765384615384615,0.98,98.0723076923077,81.54037037037038,12.609230769230768,1.3834615384615383,22.025384615384613,430626.2399999997
2025-10-29,1700,99.67076923076924,99.60884615384614,0.2173076923076923,0.9792307692307692,97.87230769230769,81.52481481481482,12.433076923076923,1.2496153846153848,21.86192307692308,430989.12
2025-10-30,1700,99.67307692307692,99.65230769230767,0.195,0.9776923076923076,97.78153846153847,81.53888888888889,12.320384615384617,1.3407692307692307,21.99,430660.7999999999
2025-10-31,1700,99.67884615384617,99.665,0.1819230769230769,0.9780769230769232,97.83115384615384,81.54037037037038,11.998846153846156,1.3323076923076924,20.64192307692308,430626.2399999997
2025-11-01,1700,99.69807692307693,99.66961538461538,0.1807692307692307,0.9784615384615384,97.97115384615384,81.54074074074073,12.273076923076925,1.3326923076923076,21.33192307692308,430617.6000000001
2025-11-02,1700,99.68769230769232,99.64923076923075,0.1884615384615384,0.9826923076923078,98.29576923076924,81.63777777777777,12.659615384615384,1.3461538461538465,22.025769230769228,428353.92
2025-11-03,1700,99.70615384615384,99.6603846153846,0.1876923076923076,0.9826923076923078,98.345,81.59111111111112,12.59846153846154,1.3884615384615384,21.80692307692308,429442.56
2025-11-04,1700,99.67615384615384,99.62923076923076,0.1888461538461538,0.9834615384615384,98.33807692307693,81.3662962962963,12.14423076923077,1.385,22.017692307692307,434687.0399999999
2025-11-05,1700,99.67923076923076,99.65653846153847,0.1976923076923077,0.9803846153846152,98.12961538461538,73.42037037037036,12.136153846153848,1.389230769230769,21.67807692307692,620049.6
2025-11-06,1700,99.67,99.60307692307693,0.2215384615384615,0.9796153846153846,98.05884615384616,81.53740740740741,12.015384615384615,1.4292307692307693,21.457692307692305,430695.3599999999
2025-11-07,1700,99.67923076923076,99.6153846153846,0.2057692307692308,0.9780769230769232,97.8276923076923,81.53444444444443,11.771153846153847,1.3165384615384614,20.019615384615385,430764.4800000003
2025-11-08,1700,99.68076923076924,99.63384615384616,0.1853846153846154,0.9807692307692308,98.12769230769231,81.63444444444445,12.169615384615383,1.3461538461538465,21.094615384615388,428431.67999999976
2025-11-09,1700,99.68692307692308,99.6596153846154,0.1888461538461538,0.981153846153846,98.17346153846152,81.53185185185185,12.081153846153846,1.34,21.82384615384615,430824.9599999999
2025-11-10,1700,99.6796153846154,99.60153846153844,0.2007692307692307,0.9815384615384616,98.18423076923077,81.60777777777777,12.499615384615383,1.3619230769230768,21.497692307692304,429053.7600000002
2025-11-11,1700,99.67538461538462,99.63615384615385,0.1903846153846154,0.981923076923077,98.1923076923077,81.69,12.328846153846154,1.4507692307692308,21.93230769230769,427135.6800000001
2025-11-12,1700,99.68653846153846,99.645,0.18,0.9773076923076924,97.84115384615384,81.84555555555555,12.338076923076924,1.4273076923076924,21.876153846153844,423506.8800000001
2025-11-13,1700,99.665,99.66576923076924,0.2,0.9769230769230768,97.81384615384614,81.84444444444445,12.13,1.4026923076923077,21.461153846153845,423532.7999999998
2025-11-14,1700,99.6446153846154,99.59,0.2165384615384615,0.9826923076923078,98.28,81.85185185185185,11.095384615384615,1.3323076923076924,20.33576923076923,423360.0000000002
2025-11-15,1700,99.65230769230767,99.6273076923077,0.205,0.9803846153846152,98.00807692307691,81.56333333333333,11.542307692307691,1.2734615384615384,20.99923076923077,430090.56000000006
2025-11-16,1700,99.66923076923078,99.62615384615384,0.2088461538461538,0.9757692307692308,97.62923076923076,81.22074074074074,11.757307692307691,1.2846153846153845,21.353461538461534,438082.56000000006
2025-11-17,1700,99.66576923076924,99.61192307692308,0.2057692307692308,0.9784615384615384,97.87923076923076,81.53444444444443,11.840769230769231,1.2823076923076924,21.53846153846154,430764.4800000003
2025-11-18,1700,99.6703846153846,99.60961538461538,0.1969230769230769,0.981153846153846,98.10730769230769,81.53740740740741,11.715,1.3188461538461538,21.654230769230768,430695.3599999999
2025-11-19,1700,99.68076923076924,99.64846153846156,0.1892307692307692,0.9788461538461538,97.965,81.25925925925925,11.75346153846154,1.3946153846153846,21.72192307692308,437184.0000000001
2025-11-20,1700,99.66269230769232,99.6526923076923,0.2034615384615384,0.9780769230769232,97.8726923076923,79.27481481481482,11.71346153846154,1.363846153846154,21.71807692307692,483477.1199999999
2025-11-21,1700,99.65461538461538,99.6126923076923,0.1884615384615384,0.9803846153846152,98.09846153846154,81.59555555555555,11.261153846153848,1.378076923076923,20.494615384615383,429338.88
2025-11-22,1700,99.70576923076922,99.66076923076922,0.183076923076923,0.98,98.0773076923077,81.83666666666667,12.055,1.416153846153846,21.134615384615383,423714.23999999993
2025-11-23,1700,99.71653846153846,99.63807692307692,0.1792307692307692,0.981153846153846,98.19884615384616,81.47222222222223,12.183461538461538,1.3776923076923078,21.24576923076923,432216.0
2025-11-24,1700,99.7176923076923,99.65192307692308,0.1761538461538461,0.98,98.10884615384614,81.84296296296297,12.71269230769231,1.3761538461538465,20.847692307692306,423567.35999999975
2025-11-25,1700,99.69346153846156,99.62192307692308,0.1961538461538461,0.9834615384615384,98.32115384615383,81.63555555555556,11.808461538461538,1.3146153846153843,21.09923076923077,428405.7600000001
2025-11-26,1700,99.69,99.62346153846154,0.2061538461538461,0.981153846153846,98.14307692307692,81.67407407407407,11.057307692307692,1.2253846153846153,21.439230769230768,427507.2000000002
2025-11-27,1700,99.68538461538462,99.59192307692308,0.1896153846153846,0.981923076923077,98.315,81.72222222222223,11.166153846153843,1.405,21.677692307692308,426383.9999999998
2025-11-28,1700,99.68923076923078,99.58384615384615,0.1699999999999999,0.981153846153846,98.11807692307691,81.84740740740742,10.82346153846154,1.3553846153846154,20.50923076923077,423463.6799999999
2025-11-29,1700,99.71192307692309,99.6353846153846,0.1823076923076923,0.9815384615384616,98.19846153846152,81.81962962962963,11.445,1.3626923076923076,21.21538461538461,424111.68
2025-11-30,1700,99.72115384615384,99.60153846153844,0.1942307692307692,0.9807692307692308,98.18807692307692,81.75296296296295,11.547307692307694,1.4311538461538462,21.18846153846154,425666.8800000003
2025-12-01,1700,99.69807692307693,99.62769230769231,0.1957692307692307,0.981923076923077,98.26923076923076,81.56407407407407,11.595384615384615,1.3215384615384616,21.26076923076923,430073.2800000002
2025-12-02,1700,99.68384615384616,99.57461538461538,0.2007692307692307,0.981153846153846,98.26846153846154,73.22777777777777,11.406923076923077,1.3369230769230769,21.64730769230769,624542.4000000001
2025-12-03,1700,99.67576923076923,99.62076923076924,0.2019230769230769,0.9834615384615384,98.41923076923078,81.42962962962963,11.345769230769232,1.378076923076923,21.601923076923075,433209.6
2025-12-04,1700,99.66576923076924,99.62461538461538,0.2,0.9846153846153848,98.55692307692308,81.5737037037037,10.873076923076924,1.4326923076923077,21.618076923076924,429848.64
2025-12-05,1700,99.685,99.635,0.1926923076923077,0.9807692307692308,98.14576923076925,81.72777777777777,11.109230769230768,1.2184615384615385,20.693846153846152,426254.4
2025-12-06,1700,99.71307692307693,99.64769230769232,0.1896153846153846,0.9826923076923078,98.36423076923076,81.84037037037037,10.98576923076923,1.3438461538461537,21.63269230769231,423627.84000000014
2025-12-07,1700,99.73076923076924,99.65153846153846,0.1796153846153846,0.9830769230769232,98.4803846153846,81.84962962962963,11.469615384615384,1.3326923076923076,21.577692307692303,423411.84
2025-12-08,1700,99.70423076923076,99.65307692307692,0.195,0.9823076923076924,98.3276923076923,81.84592592592593,11.416923076923077,1.3553846153846154,21.74923076923077,423498.2400000001
2025-12-09,1700,99.6953846153846,99.64576923076925,0.1919230769230769,0.981923076923077,98.28923076923076,81.70555555555556,11.561923076923078,1.343076923076923,21.651538461538465,426772.7999999998
2025-12-10,1700,99.6923076923077,99.6273076923077,0.1942307692307692,0.9830769230769232,98.45807692307692,81.5374074074074,11.41153846153846,1.3684615384615384,22.028846153846157,430695.3600000001
2025-12-11,1700,99.68384615384616,99.6153846153846,0.2057692307692307,0.9823076923076924,98.34115384615384,79.11259259259259,11.518846153846154,1.4046153846153848,21.77346153846154,487261.44000000006
2025-12-12,1700,99.6676923076923,99.60846153846154,0.1915384615384615,0.9788461538461538,97.94653846153848,80.86037037037038,11.06423076923077,1.3738461538461535,20.905,446489.28
2025-12-13,1700,99.6953846153846,99.67,0.1919230769230769,0.9838461538461538,98.44384615384617,76.91518518518518,10.88,1.3876923076923076,21.05307692307692,538522.5600000002
2025-12-14,1700,99.68615384615386,99.6326923076923,0.1984615384615384,0.985,98.54961538461538,81.63148148148149,11.306153846153846,1.3792307692307693,21.843846153846155,428500.8
2025-12-15,1700,99.68307692307692,99.64769230769232,0.1988461538461538,0.9830769230769232,98.29,81.8488888888889,11.605,1.4303846153846154,21.841538461538462,423429.1199999999
2025-12-16,1700,99.69423076923076,99.63076923076925,0.2084615384615384,0.9815384615384616,98.19653846153848,81.7988888888889,10.896538461538462,1.3138461538461537,22.423846153846156,424595.5199999998
2025-12-17,1700,99.63961538461538,99.59769230769233,0.2607692307692307,0.976153846153846,97.66923076923078,81.84296296296297,10.747692307692308,1.021923076923077,21.95846153846154,423567.35999999975
2025-12-18,1700,99.65461538461538,99.58692307692309,0.2184615384615384,0.9784615384615384,97.96807692307692,81.85037037037037,11.133076923076922,1.3434615384615385,21.70846153846154,423394.56
2025-12-19,1700,99.65923076923076,99.59307692307692,0.2119230769230769,0.9757692307692308,97.61692307692309,76.63888888888889,10.226923076923075,1.3665384615384617,20.323461538461537,544968.0
2025-12-20,1700,99.7046153846154,99.62653846153846,0.2161538461538461,0.9723076923076924,97.32423076923077,79.1848148148148,11.056153846153846,1.330769230769231,20.68730769230769,485576.6400000004
2025-12-21,1700,99.66961538461538,99.71115384615383,0.2073076923076923,0.9765384615384616,97.70192307692308,81.82444444444445,11.708076923076923,1.6576923076923078,21.26807692307693,423999.35999999975
2025-12-22,1700,99.67461538461538,99.72384615384615,0.2196153846153846,0.9765384615384616,97.74384615384616,81.0225925925926,11.788076923076924,1.6834615384615386,20.946538461538463,442704.9599999998
2025-12-23,1700,99.69192307692308,99.74576923076924,0.1976923076923076,0.9776923076923076,97.86807692307691,81.52296296296296,11.226923076923075,1.6703846153846154,21.732692307692307,431032.32
2025-12-24,1700,99.63923076923076,99.7126923076923,0.2776923076923077,0.9796153846153846,98.11076923076924,81.85037037037037,11.444615384615386,1.6065384615384617,22.399615384615384,423394.56
2025-12-25,1700,99.5053846153846,99.5526923076923,0.6153846153846154,0.9742307692307692,97.50846153846152,81.68037037037037,11.805769230769233,1.333846153846154,20.98423076923077,427360.32
2025-12-26,1700,99.50846153846156,99.60692307692308,0.5038461538461538,0.9719230769230768,97.18384615384616,81.53888888888889,11.39423076923077,1.3226923076923076,20.01807692307693,430660.7999999999
2025-12-27,1700,99.72846153846154,99.76346153846154,0.1953846153846153,0.9719230769230768,97.20884615384615,81.64888888888889,12.344615384615384,1.6176923076923078,20.526538461538465,428094.7199999999
2025-12-28,1700,99.71923076923076,99.77153846153846,0.1938461538461538,0.9696153846153848,97.12076923076924,81.53666666666666,12.076153846153847,1.6738461538461538,20.762307692307694,430712.64000000025
2025-12-29,1700,99.72038461538462,99.7703846153846,0.1923076923076923,0.9738461538461538,97.40307692307692,81.54185185185186,12.104615384615386,1.6411538461538462,20.744615384615383,430591.67999999993
2025-12-30,1700,99.72769230769232,99.75,0.1980769230769231,0.9769230769230768,97.79,81.50148148148148,12.968461538461538,1.648846153846154,20.71423076923077,431533.4400000002
2025-12-31,1700,99.70923076923076,99.74923076923076,0.1938461538461538,0.9742307692307692,97.53884615384617,81.54185185185186,12.673846153846153,1.7411538461538465,20.817692307692308,430591.67999999993
2026-01-01,1700,99.7103846153846,99.73538461538462,0.1873076923076923,0.975,97.5896153846154,81.52703703703703,12.324615384615385,1.7407692307692306,21.05115384615385,430937.28000000014
2026-01-02,1700,99.70884615384615,99.71076923076924,0.1896153846153846,0.9680769230769232,96.81653846153846,81.53925925925925,12.158076923076925,1.6192307692307693,19.63576923076923,430652.1600000001
2026-01-03,1700,99.71615384615384,99.71653846153846,0.2138461538461538,0.9676923076923076,96.93076923076924,81.54074074074073,12.192307692307692,1.5596153846153844,20.425769230769237,430617.6000000001
2026-01-04,1700,99.7103846153846,99.74807692307692,0.2042307692307692,0.975,97.63653846153846,81.48,12.09769230769231,1.591153846153846,21.26115384615385,432034.5599999998
2026-01-05,1700,99.7073076923077,99.76307692307692,0.1846153846153846,0.9807692307692308,98.16153846153846,81.53999999999999,11.770384615384616,1.617307692307692,21.544615384615383,430634.8800000002
2026-01-06,1700,99.72615384615384,99.78,0.1926923076923077,0.9823076923076924,98.26576923076922,81.62222222222223,11.548076923076923,1.6126923076923076,21.96,428716.7999999998
2026-01-07,1700,99.66423076923076,99.75653846153848,0.2030769230769231,0.981153846153846,98.17,81.8488888888889,11.10846153846154,1.688076923076923,21.97153846153846,423429.1199999999
2026-01-08,1700,99.67423076923076,99.72615384615384,0.1907692307692307,0.9826923076923078,98.46615384615384,81.85185185185185,11.621923076923078,1.7565384615384616,21.43846153846154,423360.0000000002
2026-01-09,1700,99.68730769230768,99.72692307692309,0.1876923076923076,0.9776923076923076,97.9146153846154,81.85037037037037,11.748846153846156,1.738846153846154,20.061153846153847,423394.56
2026-01-10,1700,99.70115384615384,99.76923076923076,0.1776923076923077,0.9792307692307692,98.01076923076924,81.85037037037037,11.9,1.7126923076923075,20.775,423394.56
2026-01-11,1700,99.6903846153846,99.76730769230768,0.1919230769230769,0.9823076923076924,98.25923076923075,81.77111111111111,11.779230769230768,1.6115384615384616,21.09807692307692,425243.52000000014
2026-01-12,1700,99.70846153846152,99.75615384615384,0.1857692307692307,0.9803846153846152,98.0053846153846,81.85185185185185,12.161153846153846,1.709230769230769,20.921538461538464,423360.0000000002
2026-01-13,1700,99.71,99.76461538461538,0.1811538461538461,0.9738461538461538,97.49115384615384,81.85185185185185,12.350384615384616,1.6596153846153845,20.88653846153846,423360.0000000002
2026-01-14,1700,99.655,99.74576923076924,0.2076923076923077,0.9730769230769232,97.3726923076923,81.82111111111111,10.992692307692309,1.5646153846153843,20.972692307692306,424077.12
2026-01-15,1700,99.61192307692308,99.65807692307692,0.2273076923076923,0.9780769230769232,97.94269230769233,82.75481481481482,10.896538461538462,1.54,20.58153846153846,402295.67999999976
2026-01-16,1700,99.68,99.7173076923077,0.195,0.9726923076923076,97.33769230769232,84.62962962962963,11.632692307692308,1.6084615384615384,19.279615384615383,358559.99999999994
2026-01-17,1700,99.7046153846154,99.73269230769232,0.1846153846153846,0.9592307692307692,95.9453846153846,84.62370370370371,12.243076923076924,1.6534615384615383,19.73307692307693,358698.2399999998
2026-01-18,1700,99.60076923076925,99.66423076923076,0.36,0.975,97.52230769230768,84.6214814814815,11.703076923076924,1.4334615384615386,19.965,358750.0799999996
2026-01-19,1700,99.7023076923077,99.74692307692308,0.1953846153846153,0.9703846153846154,97.09846153846154,84.61444444444444,12.19923076923077,1.6511538461538462,19.93,358914.23999999993
2026-01-20,1700,99.69307692307692,99.74884615384616,0.1892307692307692,0.9684615384615384,96.83,84.61333333333333,11.771538461538462,1.7007692307692308,20.11653846153846,358940.1600000001
2026-01-21,1700,99.69384615384617,99.72807692307693,0.1903846153846154,0.9688461538461538,96.79653846153846,82.94444444444444,11.48153846153846,1.6442307692307692,20.208846153846157,397872.00000000006
2026-01-22,1700,99.69769230769232,99.5723076923077,0.21,0.9673076923076922,96.73346153846154,82.34370370370371,11.937307692307693,1.6265384615384617,20.128076923076925,411886.0799999999
2026-01-23,1700,99.66230769230768,99.6576923076923,0.1984615384615384,0.9684615384615384,96.74423076923075,82.29740740740742,11.695384615384617,1.61,19.002692307692307,412966.0799999997
2026-01-24,1700,99.6864,99.7192,0.2087999999999999,0.97,97.018,84.03192307692308,11.9844,1.5119999999999998,19.7556,358706.88
2026-01-25,1700,99.6744,99.74,0.2019999999999999,0.956,95.56040000000002,84.03576923076922,12.1768,1.6063999999999998,20.3168,358620.4800000003
2026-01-26,1700,99.66346153846152,99.4673076923077,0.2253846153846154,0.96,95.90692307692308,82.03925925925925,10.982692307692307,1.5973076923076923,21.162692307692307,418988.1600000001
2026-01-27,1700,99.69692307692308,99.61846153846152,0.2146153846153846,0.9634615384615384,96.28884615384617,83.99333333333334,12.081153846153846,1.6142307692307691,20.04230769230769,373403.5199999998
2026-01-28,1700,99.66230769230768,99.50923076923075,0.2861538461538461,0.9392307692307692,93.91,84.61555555555555,11.767307692307693,1.525,20.38576923076923,358888.3200000003
2026-01-29,1700,99.55230769230768,99.47846153846154,0.4946153846153845,0.9288461538461538,92.94,84.53296296296296,12.068076923076925,1.4534615384615384,20.54269230769231,360815.0400000002
2026-01-30,1700,99.64538461538464,99.56423076923078,0.2365384615384615,0.9407692307692308,93.99692307692308,84.62962962962963,11.461538461538462,1.6319230769230768,19.76153846153846,358559.99999999994
2026-01-31,1700,99.44769230769232,99.32346153846152,0.7269230769230769,0.9557692307692308,95.53153846153847,84.62814814814816,10.471153846153848,1.2153846153846155,20.78730769230769,358594.5599999999
2026-02-01,1700,99.7103846153846,99.54923076923076,0.1984615384615384,0.953846153846154,95.37692307692308,83.95962962962962,11.53,1.6126923076923076,20.587307692307693,374189.7600000003
2026-02-02,1700,99.68884615384614,99.63153846153848,0.2065384615384615,0.9453846153846152,94.49384615384616,84.60481481481482,12.761153846153848,1.6973076923076922,20.199615384615388,359138.8800000001
2026-02-03,1700,99.64884615384616,99.665,0.2219230769230769,0.9315384615384616,93.18807692307692,84.59518518518519,11.246923076923078,1.5942307692307691,20.35076923076923,359363.52
2026-02-04,1700,99.66961538461538,99.68576923076922,0.2003846153846153,0.9323076923076924,93.34346153846153,84.27296296296296,11.346153846153848,1.6492307692307693,21.173846153846156,366880.32000000007
2026-02-05,1700,99.65192307692308,99.71807692307692,0.2030769230769231,0.9496153846153846,94.9523076923077,84.55333333333334,11.246538461538462,1.676923076923077,20.91038461538462,360339.8399999997
2026-02-06,1700,99.66730769230767,99.72192307692308,0.2046153846153846,0.9534615384615384,95.3626923076923,84.62962962962963,10.863076923076925,1.6315384615384616,19.833076923076923,358559.99999999994
2026-02-07,1700,99.70115384615384,99.7176923076923,0.1957692307692307,0.943076923076923,94.37923076923076,84.62666666666667,11.478076923076925,1.6288461538461538,20.131153846153843,358629.1200000001
2026-02-08,1700,99.69846153846152,99.72,0.1869230769230769,0.9419230769230768,94.24,84.62407407407407,11.816153846153846,1.7453846153846155,20.575769230769232,358689.60000000003
2026-02-09,1700,99.70538461538462,99.72923076923075,0.21,0.9607692307692308,95.99730769230769,84.62037037037037,11.76846153846154,1.7330769230769232,20.71923076923077,358776.00000000006
2026-02-10,1700,99.69423076923076,99.7376923076923,0.1869230769230769,0.9257692307692308,92.69192307692308,84.62962962962963,12.09846153846154,1.741923076923077,20.55692307692308,358559.99999999994
2026-02-11,1700,99.56615384615384,99.59192307692308,0.5246153846153846,0.9396153846153846,93.9423076923077,84.6285185185185,11.933461538461538,1.4107692307692308,20.458846153846157,358585.9200000004
2026-02-12,1700,99.6803846153846,99.69807692307693,0.195,0.9323076923076924,93.25038461538462,84.40703703703703,11.40576923076923,1.7765384615384614,21.354615384615386,363752.6400000003
2026-02-13,1700,99.67576923076923,99.74576923076924,0.1934615384615384,0.9369230769230767,93.64,83.89296296296297,11.16576923076923,1.6815384615384614,19.804230769230767,375744.9599999999
2026-02-14,1700,99.68307692307692,99.74653846153844,0.1896153846153846,0.9534615384615384,95.34384615384616,83.26407407407407,11.186538461538465,1.6938461538461538,20.226923076923075,390415.6799999999
2026-02-15,1700,99.68923076923078,99.76423076923076,0.2111538461538461,0.9273076923076924,92.70846153846152,75.05037037037037,11.951538461538462,1.706153846153846,20.96923076923077,582024.9599999998
2026-02-16,1700,99.67192307692306,99.73615384615384,0.243076923076923,0.9315384615384616,93.08269230769233,84.62962962962963,12.07076923076923,1.666923076923077,20.61576923076923,358559.99999999994
2026-02-17,1700,99.68346153846154,99.76769230769231,0.1892307692307692,0.9307692307692308,93.10192307692309,84.62814814814816,11.671153846153846,1.853076923076923,20.355,358594.5599999999
2026-02-18,1700,99.705,99.7623076923077,0.1961538461538461,0.9296153846153844,92.95038461538462,84.62962962962963,13.302692307692308,1.738846153846154,20.15692307692308,358559.99999999994
2026-02-19,1700,99.7396153846154,99.7696153846154,0.1634615384615384,0.9353846153846154,93.57346153846152,63.35074074074074,13.219615384615384,1.7042307692307692,18.39115384615385,854953.92
2026-02-20,1700,99.41423076923076,99.48346153846154,0.6096153846153846,0.9484615384615384,94.75576923076925,84.62962962962963,12.331153846153846,1.3023076923076924,18.493846153846157,358559.99999999994
2026-02-21,1700,99.53615384615384,99.43961538461538,0.5142307692307692,0.9384615384615383,93.79807692307692,84.62962962962963,12.428846153846154,1.324230769230769,18.748076923076923,358559.99999999994
2026-02-22,1700,99.735,99.74,0.1588461538461538,0.93,92.99730769230769,84.62962962962963,12.917307692307691,1.6546153846153844,19.357692307692307,358559.99999999994
2026-02-23,1700,99.72192307692308,99.77230769230768,0.1630769230769231,0.9323076923076924,93.23192307692308,84.62962962962963,13.369615384615384,1.646153846153846,18.98076923076923,358559.99999999994
2026-02-24,1700,99.69807692307693,99.7626923076923,0.1826923076923076,0.9507692307692308,95.09923076923076,84.55185185185185,12.146538461538462,1.5769230769230769,19.25076923076923,360374.3999999999
2026-02-25,1700,99.6803846153846,99.75307692307692,0.1980769230769231,0.9565384615384616,95.72192307692308,80.92592592592592,11.362307692307692,1.4692307692307691,19.96923076923077,444960.00000000006
2026-02-26,1700,99.54230769230767,99.5776923076923,0.4396153846153846,0.9665384615384616,96.67692307692307,84.5074074074074,11.030384615384616,1.1584615384615384,20.585,361411.2000000002
2026-02-27,1700,99.56115384615386,99.65384615384616,0.3238461538461538,0.951153846153846,95.12653846153846,84.62962962962963,10.73692307692308,1.2999999999999998,19.43692307692308,358559.99999999994
2026-02-28,1700,99.4223076923077,99.41269230769232,0.6684615384615384,0.9426923076923076,94.37346153846154,84.62814814814816,11.19576923076923,1.138076923076923,19.66653846153846,358594.5599999999
2026-03-01,1700,98.6303846153846,99.28807692307691,0.955,0.9507692307692308,95.0323076923077,84.57185185185186,11.823461538461537,1.0038461538461538,19.936153846153847,359907.8399999997
2026-03-02,1700,99.0876923076923,99.6126923076923,0.443076923076923,0.9507692307692308,95.0723076923077,84.62703703703703,11.72,1.393846153846154,19.77692307692308,358620.4800000004
2026-03-03,1700,99.67653846153848,99.70769230769233,0.2265384615384615,0.9615384615384616,96.15615384615384,84.62962962962963,10.926923076923078,1.3992307692307693,19.919615384615383,358559.99999999994
2026-03-04,1700,99.60038461538464,99.68730769230768,0.3084615384615384,0.961153846153846,96.20769230769233,84.62962962962963,11.066153846153846,1.3715384615384614,19.89307692307693,358559.99999999994
2026-03-05,1700,99.67461538461538,99.75307692307692,0.2,0.9653846153846154,96.51423076923076,84.62370370370371,11.13923076923077,1.598076923076923,20.183846153846154,358698.2399999998
2026-03-06,1700,99.6826923076923,99.74692307692308,0.1942307692307692,0.9692307692307692,96.87192307692308,84.62555555555555,10.928461538461535,1.5869230769230769,19.54346153846154,358655.04000000004
2026-03-07,1700,99.67153846153846,99.72423076923076,0.22,0.956153846153846,95.66423076923076,84.62962962962963,10.82076923076923,1.4876923076923076,19.890384615384612,358559.99999999994
2026-03-08,1700,99.71576923076924,99.75307692307692,0.1807692307692307,0.953846153846154,95.43730769230768,84.23555555555556,11.791923076923077,1.628076923076923,20.051538461538463,367752.9599999998
2026-03-09,1700,99.4223076923077,99.44769230769232,0.6603846153846155,0.9634615384615384,96.36076923076924,84.62962962962963,11.788846153846151,1.3461538461538465,19.81346153846154,358559.99999999994
2026-03-10,1700,99.55384615384617,99.7146153846154,0.2573076923076923,0.9653846153846154,96.49846153846154,84.62962962962963,11.478076923076925,1.6153846153846154,19.925769230769237,358559.99999999994
2026-03-11,1700,99.63576923076924,99.75153846153846,0.2046153846153846,0.9673076923076922,96.73615384615384,84.62222222222223,11.26423076923077,1.609615384615385,20.095,358732.79999999976
2026-03-12,1700,99.69576923076924,99.73,0.1811538461538461,0.966923076923077,96.62576923076924,84.61666666666667,11.37076923076923,1.6749999999999998,20.11230769230769,358862.39999999985
2026-03-13,1700,99.68769230769232,99.76346153846154,0.1823076923076923,0.956153846153846,95.67615384615384,84.62962962962963,10.898846153846154,1.5446153846153845,19.39192307692308,358559.99999999994
2026-03-14,1700,99.7026923076923,99.74423076923075,0.1992307692307692,0.956153846153846,95.70653846153846,84.62037037037037,11.351923076923075,1.5799999999999998,19.944615384615386,358776.00000000006
2026-03-15,1700,99.72153846153849,99.7576923076923,0.1842307692307692,0.9692307692307692,96.9473076923077,84.62185185185184,11.377307692307692,1.591923076923077,20.341153846153848,358741.44000000006
2026-03-16,1700,99.63846153846154,99.72423076923076,0.215,0.9576923076923076,95.7576923076923,82.26666666666667,9.517692307692307,1.5296153846153844,20.677692307692308,413683.2
2026-03-17,1700,99.62461538461538,99.58346153846152,0.2246153846153846,0.96,95.98384615384614,82.11407407407407,9.506923076923076,1.41,20.92115384615385,417242.88
2026-03-18,1700,99.69,99.7596153846154,0.2169230769230769,0.9619230769230768,96.13115384615384,80.41925925925926,9.984615384615385,1.3023076923076924,21.32807692307692,456779.5199999998
2026-03-19,1700,99.68230769230767,99.76461538461538,0.2307692307692307,0.9565384615384616,95.67653846153848,84.37518518518519,11.06,1.3946153846153846,21.293076923076924,364495.68
2026-03-20,1700,99.03346153846154,99.50730769230768,0.6934615384615385,0.9642307692307692,96.405,84.4,10.696153846153846,1.4688461538461537,22.193076923076923,363916.7999999998
2026-03-21,1700,99.68,99.7476923076923,0.21,0.9684615384615384,96.94153846153846,84.62629629629629,10.981923076923078,1.6673076923076924,20.448461538461537,358637.7600000002
2026-03-22,1700,99.66346153846152,99.73076923076924,0.2196153846153846,0.9634615384615384,96.45769230769233,84.6274074074074,10.233076923076924,1.5673076923076923,21.116153846153846,358611.84
2026-03-23,1700,98.86807692307691,99.50076923076924,0.62,0.956153846153846,95.62115384615385,84.62962962962963,10.930384615384614,1.4126923076923077,20.503076923076925,358559.99999999994
2026-03-24,1700,99.67692307692307,99.75,0.208076923076923,0.9515384615384614,95.1576923076923,84.62962962962963,10.656538461538462,1.6080769230769232,21.036153846153844,358559.99999999994
2026-03-25,1700,99.65692307692308,99.7376923076923,0.2038461538461538,0.9719230769230768,97.13884615384616,84.62925925925926,10.674615384615386,1.6853846153846157,21.045,358568.64
2026-03-26,1700,97.3196153846154,98.74307692307691,1.9607692307692308,0.9496153846153846,94.93538461538462,84.59037037037037,10.47346153846154,1.186153846153846,20.663846153846155,359475.84000000026
2026-03-27,1700,99.67461538461538,99.71961538461538,0.2015384615384615,0.9542307692307692,95.46115384615383,84.62962962962963,10.306538461538462,1.639230769230769,20.05,358559.99999999994
2026-03-28,1700,99.62230769230769,99.71846153846153,0.2438461538461538,0.9596153846153844,96.00307692307692,84.62962962962963,10.99846153846154,1.5326923076923078,20.439615384615383,358559.99999999994
2026-03-29,1700,99.68730769230768,99.7176923076923,0.2107692307692308,0.9653846153846152,96.57461538461538,84.62629629629629,11.433076923076923,1.639230769230769,20.906538461538464,358637.7600000002
2026-03-30,1700,99.66,99.73576923076924,0.2011538461538461,0.9596153846153844,95.87769230769231,84.61296296296297,11.323076923076924,1.6388461538461538,20.732307692307693,358948.7999999999
2026-03-31,1700,99.69923076923077,99.73423076923078,0.2053846153846154,0.9634615384615384,96.38076923076925,84.55888888888889,11.366153846153846,1.734230769230769,20.603846153846156,360210.2400000001
2026-04-01,1700,99.67846153846152,99.75653846153848,0.2069230769230769,0.9615384615384616,96.08653846153848,84.07629629629629,10.97269230769231,1.675769230769231,20.85384615384616,371468.1600000001
2026-04-02,1700,99.68576923076922,99.74153846153844,0.2092307692307692,0.9596153846153844,95.97192307692308,84.47333333333334,11.191538461538462,1.7023076923076923,21.121923076923075,362206.0799999997
2026-04-03,1700,99.67653846153848,99.71230769230768,0.2030769230769231,0.9692307692307692,96.89576923076925,84.62962962962963,10.926153846153843,1.6907692307692308,20.142307692307693,358559.99999999994
2026-04-04,1700,99.44,99.57923076923076,0.4734615384615384,0.9534615384615384,95.33192307692308,84.62370370370371,10.37576923076923,1.448846153846154,20.79038461538461,358698.2399999998
2026-04-05,1700,99.70807692307692,99.7376923076923,0.1988461538461538,0.9680769230769232,96.79076923076924,82.44962962962963,11.07076923076923,1.5926923076923076,21.299230769230768,409415.04
2026-04-06,1700,99.6316,99.66,0.3064,0.964,96.4896,85.17500000000001,11.1844,1.388,20.4092,333028.79999999976
2026-04-07,1700,99.5996,99.6392,0.294,0.9608,96.1456,87.03115384615384,10.3048,1.27,20.696,291332.1600000001
2026-04-08,1700,99.6476,99.6096,0.2468,0.9644,96.486,87.11538461538461,10.3128,1.2096,20.7584,289439.99999999994
2026-04-09,1700,99.6048,99.5812,0.2536,0.9712,97.0208,87.11538461538461,10.2892,1.3912,20.76,289439.99999999994
2026-04-10,1700,99.5588,99.6024,0.2504,0.946,94.5816,87.11538461538461,10.0672,1.3019999999999998,19.3752,289439.99999999994
2026-04-11,1700,99.6388,99.6096,0.2448,0.9632,96.3704,87.11538461538461,10.501600000000002,1.3652000000000002,19.952,289439.99999999994
2026-04-12,1700,99.6736,99.652,0.2004,0.9588,95.8764,87.11384615384615,11.1584,1.4364,20.5884,289474.56
2026-04-13,1700,99.6652,99.6608,0.1951999999999999,0.9608,96.1092,87.00615384615384,11.8856,1.5336,20.3568,291893.7600000003
2026-04-14,1700,99.6472,99.6196,0.2523999999999999,0.9672,96.7616,87.11538461538461,11.2388,1.3084,20.542,289439.99999999994
2026-04-15,1700,99.6616,99.6556,0.2044,0.9716,97.10880000000002,86.58461538461538,11.6544,1.5712000000000002,20.4152,301363.2000000003
2026-04-16,1700,99.6488,99.6532,0.2271999999999999,0.9612,96.1564,87.10576923076923,11.042,1.4604,21.218000000000004,289656.0000000001
2026-04-17,1700,99.6548,99.648,0.198,0.9636,96.4024,87.1126923076923,11.3032,1.5528,19.3524,289500.4800000003
2026-04-18,1700,99.6612,99.6512,0.2032,0.9648,96.436,87.11538461538461,11.1048,1.4772,20.2688,289439.99999999994
2026-04-19,1700,99.664,99.6544,0.2052,0.97,97.0836,87.11538461538461,11.3424,1.4884,20.823600000000003,289439.99999999994
2026-04-20,1700,99.6316,99.6324,0.2184,0.9612,96.142,87.10692307692308,11.1324,1.3876,20.888,289630.0799999999
2026-04-21,1700,99.6288,99.6356,0.2775999999999999,0.9636,96.3484,86.99499999999999,10.8896,1.1608,20.5184,292144.32000000024
2026-04-22,1700,99.6072,99.6404,0.2452,0.9684,96.8864,87.0023076923077,10.3584,1.4948,20.6,291980.1599999998
2026-04-23,1700,99.6356,99.6396,0.2076,0.9568,95.574,87.11538461538461,10.5464,1.5368000000000002,21.2528,289439.99999999994
2026-04-24,1700,99.66,99.656,0.2168,0.9712,97.146,87.11538461538461,10.9472,1.4104,19.4884,289439.99999999994
2026-04-25,1700,99.6684,99.6488,0.2224,0.9708,96.984,87.11538461538461,11.3464,1.354,19.9976,289439.99999999994
2026-04-26,1700,99.62346153846154,99.6346153846154,0.2669230769230769,0.9680769230769232,96.8673076923077,84.95888888888888,10.41230769230769,1.1253846153846154,20.87153846153846,350879.0400000001
2026-04-27,1700,99.61038461538462,99.59692307692308,0.2457692307692307,0.9626923076923076,96.33846153846154,86.04296296296296,10.415384615384616,1.2888461538461538,20.204615384615384,325589.75999999995
2026-04-28,1700,99.63423076923078,99.60307692307693,0.2492307692307692,0.9638461538461538,96.33461538461538,87.52222222222223,10.682307692307692,1.198076923076923,20.00076923076923,291081.6
2026-04-29,1700,99.63074074074076,99.62555555555556,0.2559259259259259,0.9662962962962964,96.63111111111112,91.44666666666666,10.834074074074074,1.2414814814814816,18.90222222222222,199532.1600000003
2026-04-30,1700,99.58851851851853,99.61296296296295,0.3,0.9666666666666668,96.67851851851852,95.0,11.082592592592594,1.085925925925926,18.49074074074074,116640.0000000001
2026-05-01,1700,99.61888888888888,99.64296296296295,0.2348148148148148,0.9625925925925926,96.26296296296296,94.99851851851852,10.394074074074071,1.265185185185185,17.636666666666667,116674.5599999998
2026-05-02,1700,99.60333333333334,99.6,0.3348148148148148,0.9666666666666668,96.65777777777778,88.96703703703704,11.43074074074074,1.0951851851851853,16.867037037037036,257376.95999999985
2026-05-03,1700,99.6562962962963,99.65962962962963,0.2433333333333333,0.9674074074074076,96.67962962962964,91.50814814814814,11.8,1.2514814814814814,18.26148148148148,198097.92000000025
2026-05-04,1700,99.6325925925926,99.5788888888889,0.2607407407407407,0.9722222222222222,97.27296296296296,94.99555555555555,11.792962962962964,1.2796296296296297,18.471111111111117,116743.68
2026-05-05,1700,99.57111111111112,99.55111111111113,0.3614814814814814,0.9677777777777776,96.70777777777778,94.98592592592593,10.984074074074076,1.0448148148148149,18.515555555555554,116968.31999999992
2026-05-06,1700,99.66555555555554,99.62555555555556,0.2362962962962962,0.9722222222222222,97.27333333333334,94.99555555555555,11.007407407407406,1.435925925925926,18.69333333333333,116743.68
2026-05-07,1700,99.61148148148148,99.6137037037037,0.3974074074074074,0.9574074074074076,95.7762962962963,95.0,11.151851851851852,1.0062962962962965,18.631481481481483,116640.0000000001
2026-05-08,1700,99.43296296296296,99.40777777777778,0.7799999999999999,0.95,95.08407407407408,95.0,9.87111111111111,0.7159259259259259,18.07333333333333,116640.0000000001
2026-05-09,1700,99.60185185185183,99.60074074074072,0.3492592592592592,0.9681481481481482,96.74777777777778,95.0,10.191481481481482,0.8685185185185185,18.49185185185185,116640.0000000001
2026-05-10,1700,99.65296296296296,99.64851851851851,0.3677777777777777,0.9648148148148148,96.4511111111111,94.92074074074074,10.88888888888889,1.0151851851851852,18.98888888888889,118488.96000000004
2026-05-11,1700,99.6274074074074,99.6288888888889,0.2985185185185185,0.9681481481481482,96.77851851851852,95.0,11.354814814814814,1.1277777777777778,18.65037037037037,116640.0000000001
2026-05-12,1700,99.56074074074074,99.55777777777776,0.4596296296296296,0.964074074074074,96.42185185185184,95.0,10.788148148148148,0.9485185185185184,18.694814814814816,116640.0000000001
2026-05-13,1700,99.67444444444445,99.68407407407406,0.227037037037037,0.9744444444444444,97.49296296296296,95.0,11.11925925925926,1.3540740740740742,18.943703703703704,116640.0000000001
2026-05-14,1700,99.61851851851851,99.63037037037036,0.2818518518518518,0.9603703703703704,95.87925925925926,94.99851851851852,10.36037037037037,1.1044444444444446,19.143703703703704,116674.5599999998
2026-05-15,1700,99.60222222222222,99.63111111111112,0.3262962962962963,0.9651851851851851,96.5722222222222,94.98777777777778,10.325925925925926,0.8803703703703704,17.50925925925926,116925.1199999999
2026-05-16,1700,99.6711111111111,99.69,0.2503703703703703,0.9637037037037036,96.32111111111112,95.0,10.966296296296296,1.1222222222222222,18.56962962962963,116640.0000000001
2026-05-17,1700,99.6837037037037,99.72481481481482,0.207037037037037,0.9696296296296296,96.93407407407406,95.0,11.726666666666668,1.594814814814815,18.89,116640.0000000001
2026-05-18,1700,99.69037037037036,99.69703703703703,0.2029629629629629,0.9633333333333332,96.40037037037035,95.0,11.652222222222225,1.441851851851852,19.205185185185183,116640.0000000001
2026-05-19,1700,99.6362962962963,99.67888888888888,0.2385185185185185,0.9674074074074076,96.70888888888888,94.99555555555555,12.00925925925926,1.3218518518518518,19.271111111111114,116743.68
2026-05-20,1700,99.62074074074071,99.65222222222222,0.2777777777777778,0.9603703703703704,96.1162962962963,95.0,11.31111111111111,1.164074074074074,18.65962962962963,116640.0000000001
2026-05-21,1700,99.64925925925928,99.6711111111111,0.227037037037037,0.9651851851851851,96.56925925925924,94.98851851851852,11.657407407407408,1.6,19.01148148148148,116907.84000000004
2026-05-22,1700,99.6074074074074,99.67185185185184,0.2125925925925926,0.9696296296296296,97.00777777777778,95.0,11.622962962962962,1.5396296296296297,17.505925925925926,116640.0000000001
2026-05-23,1700,99.66518518518518,99.69444444444444,0.2318518518518518,0.9466666666666668,94.60185185185183,94.98481481481484,11.445185185185183,1.534074074074074,18.374814814814812,116994.23999999985
2026-05-24,1700,99.64888888888888,99.62629629629627,0.3274074074074074,0.9637037037037036,96.41111111111113,94.71074074074076,11.56037037037037,1.2214814814814814,19.04888888888889,123387.83999999976
2026-05-25,1700,99.63888888888889,99.66333333333333,0.2611111111111111,0.97,96.96481481481482,95.0,11.829629629629627,1.393333333333333,19.00703703703704,116640.0000000001
2026-05-26,1700,99.6662962962963,99.68,0.2311111111111111,0.9618518518518518,96.1548148148148,95.0,12.753703703703705,1.4451851851851854,17.93777777777778,116640.0000000001
2026-05-27,1700,99.65333333333332,99.64925925925928,0.2377777777777777,0.9611111111111112,96.13148148148149,95.0,12.63148148148148,1.5025925925925927,16.797037037037036,116640.0000000001
2026-05-28,1700,99.59148148148148,99.60962962962964,0.2488888888888889,0.9629629629629628,96.28814814814814,95.0,10.316666666666666,1.3548148148148147,17.91,116640.0000000001
2026-05-29,1700,99.54518518518518,99.59296296296296,0.3329629629629629,0.9648148148148148,96.52962962962964,95.0,9.511111111111113,0.9951851851851852,18.395925925925926,116640.0000000001
2026-05-30,1700,99.57592592592592,99.59962962962965,0.3181481481481481,0.9533333333333333,95.42444444444445,95.0,9.357037037037037,1.0396296296296297,18.38111111111111,116640.0000000001
2026-05-31,1700,99.58777777777776,99.63888888888889,0.3059259259259259,0.9655555555555556,96.56555555555556,95.0,9.804074074074071,1.0377777777777777,19.154074074074074,116640.0000000001
2026-06-01,1700,99.59407407407409,99.6214814814815,0.2892592592592592,0.965925925925926,96.69962962962964,93.49555555555555,10.30111111111111,1.301111111111111,19.214074074074077,151735.68000000005
2026-06-02,1700,99.58777777777776,99.61407407407408,0.2925925925925926,0.9514814814814816,95.15814814814814,94.83555555555556,9.985185185185186,1.2970370370370372,19.337407407407408,120476.15999999986
2025-09-20,3500,99.71706611570248,99.6768181818182,0.1933884297520661,0.98298755186722,98.38572614107883,89.8590612244898,12.579669421487605,1.2772314049586777,15.942520661157026,2146633.9199999967
2025-09-21,3500,99.691975308642,99.66868312757202,0.1786419753086419,0.9838429752066116,98.4906611570248,90.24065040650407,12.852880658436217,1.3765020576131688,16.331687242798353,2074291.1999999976
2025-09-22,3500,99.71210743801652,99.67619834710744,0.1862809917355372,0.9837759336099584,98.44485477178422,90.61906122448978,12.800371900826446,1.3084297520661157,16.25495867768595,1985757.120000003
2025-09-23,3500,99.68736625514404,99.6509465020576,0.1957201646090535,0.983801652892562,98.46376033057852,90.08569105691058,12.187942386831276,1.2705761316872428,16.178189300411525,2107226.879999998
2025-09-24,3500,99.55045267489712,99.62164609053498,0.3194238683127572,0.9781404958677686,97.87504132231405,90.25910569105692,12.066460905349794,1.0763786008230454,16.473333333333333,2070368.6399999985
2025-09-25,3500,99.6187242798354,99.65057613168725,0.291522633744856,0.9802479338842977,98.05301652892562,89.66093495934959,12.30074074074074,1.2081069958847737,16.55650205761317,2197506.24
2025-09-26,3500,99.354173553719,99.62892561983472,0.2947520661157025,0.97448132780083,97.4601244813278,89.68057142857144,12.004545454545454,1.1842148760330578,15.720537190082643,2184416.639999997
2025-09-27,3500,99.6296265560166,99.64601659751035,0.2663900414937759,0.978,97.83,87.93755102040816,11.763875,1.2056666666666669,16.312603305785125,2553379.1999999997
2025-09-28,3500,99.6453361344538,99.65974789915968,0.2549159663865546,0.9807142857142856,98.13697478991595,90.15793388429752,12.283067226890756,1.1901680672268906,16.472384937238495,2057857.919999999
2025-09-29,3500,99.53859504132232,99.64838842975206,0.2778099173553719,0.980954356846473,98.15344398340248,89.82330612244898,12.896556016597511,1.165082644628099,16.02809917355372,2154202.559999998
2025-09-30,3500,99.71267489711934,99.67172839506172,0.2383539094650205,0.9822314049586776,98.30628099173552,90.59930894308944,13.326913580246911,1.2889300411522633,15.933045267489712,1998060.48
2025-10-01,3500,99.71576131687245,99.65617283950616,0.2079835390946502,0.9839669421487603,98.42520661157026,90.46630081300812,12.892510288065845,1.3739506172839506,15.982798353909466,2026330.5600000008
2025-10-02,3500,99.6756378600823,99.66633744855966,0.2298765432098765,0.982603305785124,98.32537190082644,90.53264227642276,13.339670781893004,1.3216049382716049,15.87312757201646,2012230.080000001
2025-10-03,3500,99.70477366255145,99.67020576131688,0.2101646090534979,0.9854545454545454,98.6144214876033,90.27126016260162,12.82761316872428,1.4962139917695472,15.385596707818928,2067785.2800000017
2025-10-04,3500,99.71282157676347,99.67053941908712,0.1673858921161826,0.9879583333333332,98.8465,90.945,13.20207468879668,1.4596680497925312,15.95609958506224,1908938.879999998
2025-10-05,3500,99.68265560165976,99.6686307053942,0.2045228215767635,0.9866666666666668,98.70958333333331,90.1849387755102,13.132904564315352,1.2754771784232364,16.067438016528925,2077652.16
2025-10-06,3500,99.70275,99.69475,0.1945416666666666,0.986652719665272,98.72129707112973,91.24864197530864,13.52675,1.3318333333333332,15.814333333333334,1837365.1200000024
2025-10-07,3500,99.70220833333332,99.68654166666668,0.215,0.9863598326359831,98.68200836820084,91.360987654321,13.607125,1.252625,15.736583333333334,1813777.9199999992
2025-10-08,3500,99.6925,99.67558333333334,0.2009166666666666,0.9870292887029288,98.74255230125524,91.21600823045269,13.73525,1.3675416666666669,15.634833333333336,1844216.6399999985
2025-10-09,3500,99.71633333333332,99.666625,0.1782916666666666,0.9868619246861924,98.71502092050208,91.4612757201646,13.68525,1.493458333333333,15.558416666666666,1792722.2400000012
2025-10-10,3500,99.81816666666668,99.62087866108786,0.112092050209205,0.9844769874476988,98.4830962343096,42.97148148148148,17.330041841004185,1.652887029288703,11.182791666666668,11973251.519999998
2025-10-13,3500,99.71958333333332,99.65708333333332,0.1884166666666666,0.9872803347280336,98.76401673640169,91.58028806584362,13.4985,1.4329583333333331,15.650041666666668,1767735.3600000008
2025-10-14,3500,99.687875,99.62516666666669,0.2435,0.9851046025104604,98.57966527196652,91.48921810699588,12.969916666666668,1.272125,15.659458333333331,1786855.6799999978
2025-10-15,3500,99.69191666666669,99.63320833333334,0.2066666666666666,0.9872803347280336,98.79669456066944,91.43510288065843,12.554708333333334,1.2928333333333333,15.732541666666666,1798217.28
2025-10-16,3500,99.70471074380166,99.64396694214877,0.2160330578512396,0.9874273858921162,98.80564315352696,91.09755102040818,12.703264462809916,1.3517355371900828,15.66285123966942,1884470.3999999976
2025-10-17,3500,99.32111570247932,99.6101652892562,0.2548347107438016,0.9847717842323652,98.51029045643152,91.33289795918368,12.69384297520661,1.4520661157024792,15.061611570247932,1834652.159999999
2025-10-18,3500,99.72801652892562,99.66115702479338,0.1747520661157025,0.9875103734439834,98.79448132780084,90.8569387755102,12.757355371900829,1.429586776859504,15.59706611570248,1935403.200000001
2025-10-19,3500,99.70668049792532,99.6495020746888,0.2160995850622406,0.9759583333333332,97.62758333333332,89.87477551020407,12.184315352697096,1.428838174273859,15.72793388429752,2143307.5200000014
2025-10-20,3500,99.69954356846472,99.66755186721991,0.1831120331950207,0.9875416666666668,98.84108333333332,90.33209016393442,13.000995850622406,1.4211618257261411,15.757603305785125,2038150.0800000008
2025-10-21,3500,99.70152892561984,99.62305785123966,0.1899999999999999,0.9869709543568465,98.7816182572614,86.45575510204081,12.73710743801653,1.39599173553719,15.576776859504132,2867045.760000001
2025-10-22,3500,99.60115702479338,99.60078512396694,0.2295041322314049,0.9865145228215768,98.71755186721992,91.05357723577237,12.031157024793387,1.3945867768595042,15.7197520661157,1901508.4799999984
2025-10-23,3500,99.69413223140496,99.64553719008263,0.1876446280991735,0.9870539419087137,98.78215767634856,91.45804081632652,12.709793388429752,1.4253719008264465,15.2399173553719,1808161.919999999
2025-10-24,3500,99.67285123966944,99.63747933884298,0.1857024793388429,0.9865145228215768,98.69489626556016,91.35795918367349,12.259338842975206,1.4238429752066115,14.98495867768595,1829347.1999999983
2025-10-25,3500,99.69272727272728,99.6395041322314,0.1891322314049587,0.9863070539419088,98.70539419087136,91.21710204081631,12.628884297520662,1.450206611570248,15.42504132231405,1859163.840000003
2025-10-26,3500,99.26838842975206,99.56512396694214,0.3821487603305785,0.9798755186721992,98.0572614107884,90.33569105691058,12.118842975206611,1.1830165289256198,15.842520661157025,2054090.8799999997
2025-10-27,3500,99.69570247933883,99.65694214876032,0.1929752066115702,0.983402489626556,98.3897510373444,91.3817551020408,12.967314049586776,1.4800000000000002,15.810165289256195,1824310.08
2025-10-28,3500,99.71342975206612,99.66694214876034,0.1969834710743801,0.9839834024896263,98.4559336099585,91.38469387755102,13.189462809917355,1.437396694214876,15.72095041322314,1823688.0000000007
2025-10-29,3500,99.70489711934157,99.65493827160496,0.2244444444444444,0.9834297520661156,98.38111570247932,90.94146341463414,13.066954732510288,1.4078600823045269,15.593539094650206,1925337.6000000015
2025-10-30,3500,99.72403292181068,99.65847736625514,0.2020576131687242,0.984586776859504,98.51078512396694,91.09556910569106,12.969794238683129,1.438477366255144,15.54366255144033,1892583.3600000008
2025-10-31,3500,99.7204132231405,99.65694214876032,0.1827685950413223,0.9853305785123968,98.57173553719008,91.4690243902439,12.905578512396694,1.465,14.843086419753083,1813207.68
2025-11-01,3500,99.71637860082303,99.6654732510288,0.1901646090534979,0.9853719008264464,98.57987603305784,91.39276422764227,12.968724279835392,1.4631687242798357,15.442098765432098,1829416.32
2025-11-02,3500,99.70205761316872,99.65395061728395,0.1921399176954732,0.985206611570248,98.5903305785124,91.4208536585366,13.134732510288066,1.4896707818930042,15.597119341563786,1823446.0800000003
2025-11-03,3500,99.72197530864196,99.6588888888889,0.1982304526748971,0.9852892561983472,98.59913223140497,91.29910569105692,13.16687242798354,1.4672427983539096,15.660123456790124,1849322.8799999969
2025-11-04,3500,99.70814814814815,99.65460905349794,0.2017283950617284,0.985,98.551652892562,90.88166666666666,12.58744855967078,1.4748559670781891,15.642345679012346,1938047.0400000007
2025-11-05,3500,99.71404958677684,99.65636363636364,0.2103305785123967,0.9834439834024896,98.41244813278009,86.57783673469388,12.683760330578512,1.436115702479339,15.4998347107438,2841203.52
2025-11-06,3500,99.71652892561984,99.66289256198348,0.2063223140495867,0.9833609958506224,98.38228215767636,90.0049387755102,12.62413223140496,1.430578512396694,15.29396694214876,2115754.5600000005
2025-11-07,3500,99.7250826446281,99.65545454545456,0.176694214876033,0.9825311203319502,98.28477178423238,90.98604081632654,12.5001652892562,1.4409917355371902,14.749752066115702,1908074.8799999976
2025-11-08,3500,99.72286307053942,99.65792531120331,0.1749377593360996,0.9846666666666668,98.48608333333333,91.6241393442623,12.542323651452282,1.4340248962655602,15.338921161825724,1765765.4399999988
2025-11-09,3500,99.72599173553718,99.6595041322314,0.177396694214876,0.98551867219917,98.61771784232364,91.43314285714284,12.520909090909091,1.451570247933884,15.740289256198349,1813432.32
2025-11-10,3500,99.71297520661156,99.66169421487604,0.1789669421487603,0.9851867219917012,98.59286307053942,91.3460569105691,12.750743801652892,1.472520661157025,15.711399176954732,1839343.68
2025-11-11,3500,99.6974074074074,99.6638683127572,0.1780246913580246,0.9851239669421488,98.55103305785124,91.3989837398374,13.075925925925926,1.4499588477366254,15.665637860082304,1828094.399999999
2025-11-12,3500,99.71251028806584,99.66794238683129,0.1853909465020576,0.9849586776859504,98.52661157024792,91.5158536585366,13.415843621399178,1.4733333333333332,15.649506172839503,1803254.4000000004
2025-11-13,3500,99.70456790123455,99.6580658436214,0.1813168724279835,0.9848760330578512,98.57809917355372,91.39317073170731,13.02090534979424,1.5161728395061729,15.64641975308642,1829329.92
2025-11-14,3500,99.7188796680498,99.63356846473027,0.1809958506224066,0.984625,98.54379166666666,91.42040816326532,12.672448132780085,1.486182572614108,14.861570247933884,1816127.9999999995
2025-11-15,3500,99.68780082987551,99.63933609958508,0.1801244813278008,0.9837916666666666,98.44029166666664,91.24534693877553,12.521535269709544,1.4825311203319502,15.521239669421488,1853184.960000001
2025-11-16,3500,99.68888429752066,99.6393388429752,0.1846694214876033,0.9842323651452282,98.49485477178422,91.45832653061224,12.391694214876033,1.406776859504132,15.858595041322316,1808101.4399999976
2025-11-17,3500,99.68371900826446,99.63789256198346,0.1847520661157025,0.9826970954356846,98.32510373443982,91.52563265306122,12.560743801652892,1.3490495867768597,15.875206611570247,1793854.0800000017
2025-11-18,3500,99.70360995850622,99.64373443983402,0.18,0.987375,98.84758333333332,91.82606557377048,12.650290456431534,1.3994190871369294,15.958340248962656,1723196.1600000008
2025-11-19,3500,99.71158333333332,99.653375,0.196875,0.9877824267782426,98.8468619246862,91.73139344262296,12.433708333333334,1.4419583333333332,16.059375,1743154.5600000017
2025-11-20,3500,99.69195833333332,99.643625,0.1966666666666666,0.9880334728033472,98.85251046025104,91.59590163934426,12.266208333333331,1.40625,15.974708333333332,1771718.400000001
2025-11-21,3500,99.71479166666668,99.64670833333334,0.1754583333333333,0.9884937238493724,98.88414225941423,91.60827868852458,12.237458333333333,1.5107916666666663,15.333583333333332,1769109.120000002
2025-11-22,3500,99.72741666666668,99.64983333333332,0.1746666666666666,0.9879916317991632,98.84518828451884,91.7167213114754,12.412083333333332,1.49625,15.763083333333332,1746247.6799999992
2025-11-23,3500,99.736375,99.63633333333334,0.17425,0.9889539748953974,98.92029288702928,91.45142857142856,12.46625,1.4493333333333331,15.719958506224067,1809561.6000000024
2025-11-24,3500,99.73970954356848,99.6241908713693,0.1773029045643153,0.9898333333333332,99.00895833333334,91.38922448979592,13.061659751037343,1.4195435684647304,15.566390041493776,1822728.96
2025-11-25,3500,99.74206611570249,99.62326446280991,0.1711157024793388,0.9892116182572614,98.9907468879668,91.32256097560976,12.463966942148762,1.427685950413223,15.750289256198348,1844337.6
2025-11-26,3500,99.71586776859505,99.63061983471074,0.2228395061728395,0.9873443983402488,98.7991286307054,90.97849593495934,12.242479338842974,1.3108677685950414,15.92329218106996,1917466.5600000028
2025-11-27,3500,99.6730165289256,99.64727272727272,0.1737860082304526,0.9889626556016596,98.97435684647304,91.2989837398374,12.446337448559673,1.456008230452675,15.901316872427984,1849348.8000000012
2025-11-28,3500,99.73551867219916,99.63659751037343,0.1579668049792531,0.9890871369294606,98.95319502074688,91.41772357723576,12.10863070539419,1.462033195020747,15.290495867768596,1824111.3600000013
2025-11-29,3500,99.73570247933884,99.63272727272728,0.1770661157024793,0.98850622406639,98.8828630705394,90.82333333333334,12.254586776859504,1.4351652892561984,15.721570247933885,1950445.44
2025-11-30,3500,99.72962962962964,99.62316872427984,0.1817695473251029,0.9870247933884296,98.78012396694216,90.8691056910569,12.632304526748973,1.429341563786008,15.712633744855967,1940716.800000001
2025-12-01,3500,99.72442148760332,99.62471074380166,0.1806198347107438,0.9837759336099584,98.45041493775932,90.7370731707317,12.750785123966942,1.4136776859504132,15.685267489711936,1968779.52
2025-12-02,3500,99.7251440329218,99.60242798353907,0.1862139917695473,0.9857851239669422,98.65285123966945,87.1839430894309,12.37111111111111,1.4236625514403292,15.87514403292181,2723976.0000000005
2025-12-03,3500,99.6544214876033,99.62834710743802,0.1857024793388429,0.988298755186722,98.9298755186722,90.4271951219512,11.986528925619831,1.3977272727272727,15.947078189300411,2034642.240000002
2025-12-04,3500,99.71165975103732,99.66473029045645,0.1842323651452282,0.9877916666666666,98.8605,91.25367346938776,11.69195020746888,1.4768049792531122,16.100829875518674,1851422.399999998
2025-12-05,3500,99.71409090909091,99.64425619834712,0.1867355371900826,0.9873858921161826,98.8078838174274,90.94979591836734,12.07297520661157,1.4133609958506224,15.394338842975204,1915747.200000002
2025-12-06,3500,99.70170124481328,99.6433609958506,0.1786721991701245,0.9879583333333332,98.84283333333332,90.83591836734692,11.58954356846473,1.446804979253112,16.034564315352696,1939852.8000000007
2025-12-07,3500,99.72785123966942,99.6390082644628,0.1886363636363636,0.988091286307054,98.89091286307054,91.20646341463414,12.549669421487604,1.3844628099173557,15.964214876033058,1869013.4400000009
2025-12-08,3500,99.7142561983471,99.60735537190082,0.2395454545454545,0.984896265560166,98.53336099585064,90.86280487804878,11.993305785123969,1.215413223140496,15.977818930041153,1942056.0000000007
2025-12-09,3500,99.71288702928872,99.62928870292887,0.246375,0.983403361344538,98.40731092436974,91.45300411522636,12.174518828451882,1.2567364016736402,16.076291666666666,1794458.8799999987
2025-12-10,3500,99.6844769874477,99.63673640167364,0.2531666666666666,0.984327731092437,98.48920168067228,90.16349593495936,12.110878661087868,1.198242677824268,15.73037037037037,2090689.919999998
2025-12-11,3500,99.71690082644628,99.63925619834713,0.193099173553719,0.9881327800829875,98.8748132780083,91.15731707317072,12.4752479338843,1.522107438016529,15.780454545454544,1879459.2000000004
2025-12-12,3500,99.70161157024792,99.6502479338843,0.1727685950413223,0.9880082987551868,98.88344398340249,91.56150406504064,12.358429752066115,1.4482644628099175,15.027727272727272,1793551.679999999
2025-12-13,3500,99.7335123966942,99.63376033057853,0.1814876033057851,0.9886721991701244,98.93535269709542,91.67382113821138,12.431570247933884,1.4391735537190082,15.645,1769679.3600000015
2025-12-14,3500,99.7205785123967,99.6290082644628,0.1818595041322314,0.9884647302904565,98.90896265560168,91.529918699187,12.594421487603306,1.377603305785124,15.869835390946502,1800264.959999999
2025-12-15,3500,99.72502057613168,99.6414403292181,0.1779423868312757,0.98900826446281,98.98462809917356,91.61349593495936,12.770452674897118,1.4207407407407409,15.76769547325103,1782501.1200000013
2025-12-16,3500,99.72012345679012,99.63362139917696,0.1867901234567901,0.9868181818181818,98.77690082644628,90.32678861788618,12.493786008230453,1.3774074074074074,16.051358024691357,2055983.0400000005
2025-12-17,3500,99.70191666666666,99.600125,0.2728333333333333,0.9844769874476988,98.50225941422596,91.67925925925928,12.095916666666666,1.137,16.058958333333333,1746956.1599999974
2025-12-18,3500,99.70157676348548,99.47427385892117,0.2199585062240663,0.9865416666666668,98.73170833333332,91.05282786885246,12.037676348547718,1.3088381742738588,16.043195020746886,1886207.04
2025-12-19,3500,99.722489626556,99.35473029045644,0.2429460580912863,0.9837759336099584,98.42979253112034,91.2008163265306,11.792655601659751,1.2776763485477178,15.375619834710744,1862611.200000001
2025-12-20,3500,99.72794238683127,99.40362139917696,0.2509876543209877,0.9833333333333332,98.38497942386832,90.70341463414634,12.321810699588475,1.3320164609053498,15.459053497942389,1975933.4400000004
2025-12-21,3500,99.70230452674896,99.39761316872428,0.2452263374485596,0.984504132231405,98.53330578512396,91.81869918699188,12.26201646090535,1.4332098765432095,15.84835390946502,1738886.3999999976
2025-12-22,3500,99.73316872427984,99.4561316872428,0.2195884773662551,0.9867489711934156,98.730658436214,91.11585365853658,12.44053497942387,1.4767901234567902,15.695061728395062,1888272.0000000005
2025-12-23,3500,99.73304526748971,99.50703703703704,0.1930041152263374,0.9863374485596708,98.70037037037036,91.59353658536584,12.340617283950618,1.5820164609053498,15.801522633744856,1786743.36
2025-12-24,3500,99.69407407407408,99.46078189300412,0.358641975308642,0.9846280991735538,98.52971074380164,91.4710569105691,12.631280991735537,1.5178512396694217,15.458148148148148,1812775.6800000004
2025-12-25,3500,99.64069958847736,99.34246913580247,0.580082304526749,0.9838429752066116,98.44512396694216,91.2987398373984,12.90633744855967,1.5356378600823046,15.319053497942388,1849400.6399999964
2025-12-26,3500,99.63871369294606,99.3458091286307,0.5222821576763486,0.9828215767634854,98.3334854771784,91.6197142857143,12.242904564315351,1.4709128630705397,15.033512396694215,1773938.8799999985
2025-12-27,3500,99.73279835390946,99.490658436214,0.1895473251028806,0.98198347107438,98.25991735537193,91.21540650406504,12.535473251028806,1.6208641975308642,15.511810699588477,1867112.6399999992
2025-12-28,3500,99.73144032921812,99.47860082304528,0.3414814814814815,0.9799586776859504,98.05772727272728,91.47747967479674,12.839465020576132,1.5605349794238683,15.63880658436214,1811410.5600000024
2025-12-29,3500,99.7332510288066,99.53168724279836,0.1930864197530864,0.9843388429752068,98.49805785123966,91.36028455284551,12.749876543209876,1.6611522633744855,15.649876543209876,1836319.68
2025-12-30,3500,99.74588477366255,99.5114403292181,0.1953497942386831,0.9868181818181818,98.75545454545454,91.25658536585364,13.052469135802468,1.7192592592592597,15.74082304526749,1858360.3200000024
2025-12-31,3500,99.73814814814814,99.48921810699588,0.1945267489711934,0.9863636363636364,98.6952479338843,91.38837398373984,13.003168724279837,1.757530864197531,15.809135802469136,1830349.4400000009
2026-01-01,3500,99.73444444444443,99.50152263374486,0.2362551440329218,0.9811570247933884,98.1709917355372,91.21617886178862,12.79374485596708,1.6770781893004114,15.866584362139918,1866948.4799999995
2026-01-02,3500,99.7462962962963,99.47648760330578,0.1876446280991735,0.9803734439834024,98.09497925311204,91.48276422764226,13.052892561983471,1.7243801652892563,14.85814814814815,1810287.3600000024
2026-01-03,3500,99.7427572016461,99.52285123966942,0.2097933884297521,0.9805809128630704,98.12302904564316,91.13065040650406,12.540743801652892,1.646776859504132,15.352880658436217,1885127.040000002
2026-01-04,3500,99.72020576131686,99.5097119341564,0.2477777777777778,0.9804979253112034,98.11427385892117,91.14182926829268,12.844526748971193,1.7707407407407407,15.80201646090535,1882751.04
2026-01-05,3500,99.73827160493828,99.72246913580248,0.1797942386831275,0.986404958677686,98.70111570247931,91.5570325203252,12.59320987654321,1.8042798353909464,15.94588477366255,1794502.080000001
2026-01-06,3500,99.70477366255145,99.75621399176954,0.2090946502057613,0.9878512396694216,98.83863636363635,91.42349593495936,12.015349794238682,1.703827160493827,16.163703703703703,1822884.4799999995
2026-01-07,3500,99.69761316872427,99.75341563786009,0.2045267489711934,0.9875619834710744,98.80809917355371,91.17483739837398,11.480493827160494,1.755843621399177,16.18893004115226,1875735.3600000015
2026-01-08,3500,99.7071193415638,99.76222222222222,0.1979012345679012,0.9879338842975206,98.8859090909091,90.89943089430894,11.907777777777778,1.8409053497942385,15.983168724279835,1934271.360000003
2026-01-09,3500,99.59316872427983,99.77658436213991,0.1747736625514403,0.9881404958677684,98.86714876033058,91.49650406504064,12.225785123966942,1.8590082644628096,15.315020576131689,1807367.04
2026-01-10,3500,99.7222633744856,99.74662551440328,0.2696707818930041,0.986900826446281,98.75239669421488,91.58060975609756,12.221234567901234,1.7157438016528923,15.776748971193417,1789490.879999997
2026-01-11,3500,99.6830864197531,99.70810699588478,0.3269135802469136,0.9841735537190082,98.47185950413224,91.39443089430894,11.697818930041151,1.7145267489711935,16.078765432098766,1829062.08
2026-01-12,3500,99.70677685950412,99.7530165289256,0.2429752066115702,0.9841078838174272,98.4628630705394,90.87130081300812,12.37285123966942,1.7319421487603306,16.014609053497942,1940250.2399999984
2026-01-13,3500,99.72473029045644,99.75775933609958,0.1856431535269709,0.9833333333333332,98.38970833333332,91.73733606557376,12.82103734439834,1.8052697095435684,15.929668049792532,1741901.7599999998
2026-01-14,3500,99.7155601659751,99.7311203319502,0.2595850622406639,0.9797083333333332,97.98120833333334,91.55889344262296,11.700705394190871,1.6751867219917014,15.945892116182574,1779520.320000001
2026-01-15,3500,99.69680497925312,99.68639004149377,0.2100414937759336,0.9774166666666666,97.77020833333331,91.5313524590164,11.679377593360996,1.757676348547718,15.81365145228216,1785326.3999999985
2026-01-16,3500,99.72242677824268,99.65238493723848,0.2733054393305439,0.9776050420168066,97.7703781512605,92.07078512396694,12.339874476987449,1.792133891213389,15.337782426778242,1657903.679999999
2026-01-17,3500,99.71966527196652,99.67941422594144,0.2535564853556485,0.9755042016806722,97.55844537815126,92.34074380165288,12.504058577405855,1.7501673640167366,15.706778242677824,1601458.5600000003
2026-01-18,3500,99.66623430962343,99.57497907949792,0.4373640167364017,0.9760504201680672,97.64563025210084,92.24028925619837,11.95020920502092,1.58907949790795,15.9644769874477,1622462.3999999997
2026-01-19,3500,99.7210878661088,99.65623430962344,0.2862761506276151,0.9728571428571428,97.31126050420168,91.2361316872428,12.546610878661088,1.680836820083682,16.004791666666666,1839991.6799999983
2026-01-20,3500,99.71091286307056,99.65751037344398,0.3448132780082987,0.969375,96.95304166666666,91.52594262295082,11.969419087136927,1.6160165975103733,16.1551867219917,1786466.8800000004
2026-01-21,3500,99.71483333333336,99.679125,0.2690416666666667,0.9665690376569036,96.68142259414226,91.75094650205762,11.694041666666667,1.722625,16.14345833333333,1731905.279999999
2026-01-22,3500,99.68,99.65458333333332,0.3520416666666666,0.9710041841004184,97.12979079497909,90.77596707818932,12.002916666666666,1.721666666666667,16.035208333333333,1936604.1599999976
2026-01-23,3500,99.69920833333336,99.6045,0.2089583333333333,0.9746861924686192,97.48200836820084,91.80213991769548,11.961208333333332,1.768333333333333,15.576,1721157.1200000008
2026-01-24,3500,99.69247899159664,99.7220588235294,0.1907563025210084,0.97084388185654,97.0661181434599,91.81570247933884,12.049117647058823,1.7485714285714289,15.672092050209203,1711238.399999997
2026-01-25,3500,99.68871369294604,99.73937759336098,0.1854356846473029,0.9727916666666666,97.307375,91.29696721311475,11.769460580912863,1.794149377593361,16.272240663900416,1834738.56
2026-01-26,3500,99.69866666666668,99.70883333333332,0.1836666666666666,0.9712133891213388,97.16280334728032,91.85205761316872,11.346375,1.7604166666666667,16.558833333333332,1710676.7999999998
2026-01-27,3500,99.68921161825726,99.69597510373444,0.2076348547717842,0.9685,96.89566666666666,91.44032786885244,12.36804979253112,1.7657676348547715,16.122157676348547,1804515.840000003
2026-01-28,3500,99.69004149377594,99.70161825726142,0.2234439834024896,0.9705416666666667,97.07370833333331,92.06717213114754,12.237095435684648,1.7535269709543568,16.205145228215766,1672367.039999999
2026-01-29,3500,99.63272727272728,99.58855371900826,0.4945454545454545,0.9656846473029044,96.5604979253112,91.37502040816328,12.23900826446281,1.7018181818181817,16.142479338842975,1825735.68
2026-01-30,3500,99.70817427385892,99.69614107883818,0.2456016597510373,0.9702916666666668,97.06516666666668,92.23377049180328,12.243112033195022,1.8506639004149377,15.425726141078838,1637245.4399999997
2026-01-31,3500,99.56394190871367,99.47908713692944,0.7390871369294606,0.9624583333333334,96.24320833333331,91.3202868852459,10.856846473029046,1.410331950207469,16.401078838174275,1829822.3999999992
2026-02-01,3500,99.70818181818184,99.67611570247934,0.3028512396694215,0.9639834024896266,96.43663900414936,90.83714285714284,11.709917355371902,1.7450826446280991,16.414669421487602,1939593.6000000013
2026-02-02,3500,99.69471074380164,99.7064049586777,0.2743801652892562,0.9614107883817428,96.1403734439834,92.14885714285715,12.584710743801653,1.6746280991735536,16.07706611570248,1661929.9199999976
2026-02-03,3500,99.69838842975206,99.7394214876033,0.1905785123966942,0.9681327800829876,96.79435684647302,91.89755102040816,11.932603305785124,1.6793801652892564,16.18793388429752,1715126.3999999976
2026-02-04,3500,99.70330578512396,99.75698347107438,0.1912809917355372,0.9682157676348548,96.8103734439834,91.53938775510204,11.926322314049589,1.716115702479339,16.704504132231403,1790942.3999999997
2026-02-05,3500,99.69863070539418,99.75207468879668,0.2042738589211618,0.9667083333333332,96.684375,91.86176229508196,12.241659751037345,1.8180497925311203,16.456431535269708,1715670.7199999988
2026-02-06,3500,99.72468879668052,99.74684647302904,0.1847717842323651,0.9722083333333332,97.25104166666668,92.08930327868852,11.876416666666668,1.7951666666666666,15.68195020746888,1667701.4399999992
2026-02-07,3500,99.71232365145228,99.74327800829876,0.1995850622406639,0.96725,96.73620833333332,92.21840163934426,12.145145228215767,1.772448132780083,16.12473029045643,1640485.4400000004
2026-02-08,3500,99.71410788381742,99.76016597510372,0.1778008298755186,0.964875,96.46308333333332,92.07729508196722,12.340663900414937,1.8126970954356847,16.129170124481327,1670232.9599999974
2026-02-09,3500,99.7203734439834,99.75539419087136,0.2037344398340249,0.9682916666666668,96.83883333333333,92.19168032786884,12.77195020746888,1.8166390041493776,16.127053941908713,1646118.72
2026-02-10,3500,99.66526970954358,99.75663900414938,0.2203734439834025,0.963,96.309375,89.88266393442622,12.710165975103736,1.8128215767634852,16.07020746887967,2132896.3200000017
2026-02-11,3500,99.57190871369296,99.61643153526973,0.5478838174273859,0.9596666666666668,95.979,92.02372950819672,12.65414937759336,1.614688796680498,16.302074688796683,1681525.4399999983
2026-02-12,3500,99.68954356846471,99.75755186721992,0.2112448132780083,0.9654166666666666,96.54245833333331,91.74877049180328,11.638215767634854,1.7917842323651452,16.51887966804979,1739491.199999998
2026-02-13,3500,99.70821576763484,99.75419087136927,0.220746887966805,0.9687916666666666,96.88754166666666,91.78827868852458,12.368879668049791,1.8841493775933609,15.494066390041494,1731162.2400000016
2026-02-14,3500,99.7039419087137,99.75551867219916,0.2027800829875518,0.9656666666666668,96.55229166666666,91.9652868852459,12.003360995850622,1.7952916666666667,16.169004149377592,1693846.0800000003
2026-02-15,3500,99.7023651452282,99.75099585062242,0.2089211618257261,0.96625,96.63225,82.59618852459018,12.333360995850622,1.8002489626556015,16.681244813278006,3669001.9199999976
2026-02-16,3500,99.66593360995851,99.72572614107884,0.2763070539419087,0.9625,96.282375,91.86536885245904,12.603278008298757,1.759875518672199,16.406182572614107,1714910.3999999976
2026-02-17,3500,99.7061825726141,99.7546887966805,0.180746887966805,0.9659166666666666,96.59029166666666,92.04569672131149,12.450207468879668,1.9009958506224065,16.109668049792532,1676894.3999999976
2026-02-18,3500,99.7269547325103,99.74979423868314,0.2858436213991769,0.9650826446280992,96.513347107438,92.41643442622951,13.393991769547323,1.8361316872427984,15.99045267489712,1598736.9599999995
2026-02-19,3500,99.7642213114754,99.76536885245902,0.1867622950819672,0.9705761316872428,97.09069958847736,81.45334693877551,13.976926229508196,1.8854508196721311,14.59077868852459,3925955.520000001
2026-02-20,3500,99.44798353909464,99.5124279835391,0.7064197530864197,0.9684297520661156,96.83528925619837,92.4794693877551,13.314814814814817,1.6130041152263377,14.748971193415638,1591945.9200000009
2026-02-21,3500,99.56460905349796,99.57279835390946,0.5529218106995886,0.9738842975206612,97.368347107438,92.49163265306125,13.05477366255144,1.754156378600823,15.153333333333334,1589371.199999999
2026-02-22,3500,99.75296296296295,99.75958847736626,0.1746913580246913,0.9728512396694216,97.2960743801653,92.1258775510204,13.324485596707818,1.8565843621399176,15.500534979423868,1666794.2400000002
2026-02-23,3500,99.75131687242798,99.7683950617284,0.1624279835390946,0.9714049586776858,97.1809917355372,92.1122857142857,13.473662551440327,1.8860082304526748,15.346995884773664,1669671.360000003
2026-02-24,3500,99.70913580246912,99.7501646090535,0.1920576131687243,0.9694214876033056,96.97214876033055,92.37420408163266,13.105596707818927,1.816625514403292,15.508724279835391,1614228.4799999984
2026-02-25,3500,99.71687242798356,99.74526748971194,0.209753086419753,0.9685123966942148,96.87611570247934,89.18832653061224,12.533621399176957,1.7073251028806584,15.641893004115229,2288615.040000001
2026-02-26,3500,99.62151639344265,99.62381147540984,0.4493032786885246,0.9702880658436214,97.06086419753086,92.67555102040816,12.3697131147541,1.4829918032786886,15.577909836065574,1550439.3600000022
2026-02-27,3500,99.64704918032788,99.6927049180328,0.2915163934426229,0.97119341563786,97.10633744855969,90.17885714285714,12.399139344262297,1.585532786885246,15.078688524590165,2078939.520000001
2026-02-28,3500,99.49803278688525,99.5138524590164,0.6498360655737705,0.9674897119341564,96.75720164609054,92.6924081632653,12.249506172839506,1.441522633744856,15.494631147540984,1546871.0400000026
2026-03-01,3500,99.21668032786884,99.40098360655738,0.8482786885245901,0.9688477366255144,96.8670781893004,92.27453061224487,12.294590163934426,1.4382786885245902,15.86311475409836,1635327.3600000022
2026-03-02,3500,99.52619834710744,99.62520661157023,0.4437603305785124,0.9684232365145228,96.84385892116184,92.4672950819672,12.233347107438016,1.5908713692946057,15.977695473251028,1588014.7200000018
2026-03-03,3500,99.71704918032786,99.74110655737704,0.2082786885245901,0.9733744855967078,97.37954732510288,92.23934693877553,11.76094262295082,1.6414344262295082,16.085204918032787,1642775.0399999996
2026-03-04,3500,99.61344262295084,99.68159836065574,0.3654098360655737,0.972962962962963,97.30617283950616,91.44048979591835,11.73266393442623,1.5918852459016395,15.96110655737705,1811877.12
2026-03-05,3500,99.70516393442624,99.7355737704918,0.2346311475409836,0.975514403292181,97.55946502057614,92.96126530612244,11.755573770491804,1.718155737704918,16.1202868852459,1489959.3600000013
2026-03-06,3500,99.62736625514404,99.74893004115226,0.2252263374485597,0.977366255144033,97.73946502057612,88.57751020408163,11.688683127572016,1.7282716049382718,15.603975409836066,2417912.64
2026-03-07,3500,99.55491803278689,99.7272950819672,0.2773360655737705,0.9741393442622952,97.42860655737704,92.49665306122448,11.519795081967214,1.6301229508196722,15.882377049180327,1588308.4800000004
2026-03-08,3500,99.5585655737705,99.7408606557377,0.2509016393442623,0.9729508196721312,97.28963114754096,92.64644897959184,12.25204918032787,1.7015983606557377,16.168401639344264,1556599.6800000006
2026-03-09,3500,99.38745901639344,99.52487704918032,0.6409016393442623,0.9692622950819672,96.94352459016396,92.92162601626016,12.349590163934426,1.5277459016393442,16.0475,1504465.9200000002
2026-03-10,3500,99.42975409836066,99.7132786885246,0.283155737704918,0.9734156378600822,97.33444444444444,92.61276422764227,11.909016393442624,1.6540163934426229,16.02295081967213,1570112.639999998
2026-03-11,3500,99.6988524590164,99.7414344262295,0.2191803278688524,0.9769135802469135,97.71604938271604,89.4879674796748,11.87155737704918,1.6902868852459016,16.02487704918033,2234269.4400000013
2026-03-12,3500,99.69395918367348,99.7029387755102,0.2132653061224489,0.9723360655737704,97.18790983606556,92.36487804878048,11.972,1.832938775510204,16.152122448979593,1622799.3600000006
2026-03-13,3500,99.69983606557376,99.73938524590164,0.2474590163934426,0.9677366255144032,96.78658436213992,89.94638211382114,11.752909836065571,1.6421311475409837,15.722745901639344,2136836.1599999988
2026-03-14,3500,99.70573770491804,99.74770491803278,0.2220491803278688,0.9722222222222222,97.23267489711934,91.54552845528455,11.729341563786008,1.6553909465020575,15.97622950819672,1796947.2
2026-03-15,3500,99.70902040816324,99.75836734693875,0.2114285714285714,0.9706967213114754,97.05901639344265,92.40065040650408,11.888524590163936,1.6897131147540985,16.35865306122449,1615196.159999999
2026-03-16,3500,99.67362139917697,99.74930041152264,0.2332510288065843,0.9564197530864196,95.62037037037037,90.64783673469388,10.771975308641975,1.6010699588477366,16.60106557377049,1979665.9199999976
2026-03-17,3500,99.68132780082988,99.7544398340249,0.2144813278008298,0.9581742738589212,95.801867219917,88.34827868852459,10.427053941908714,1.5599585062240664,16.75716049382716,2456369.280000001
2026-03-18,3500,99.68628099173554,99.74157024793388,0.2194214876033058,0.9704979253112032,97.03066390041494,90.59909465020576,11.39344398340249,1.5321161825726142,16.58099173553719,1973738.8799999985
2026-03-19,3500,99.67008230452676,99.7391769547325,0.2251028806584362,0.9734297520661156,97.35814049586776,92.08483606557375,12.020987654320988,1.5425206611570248,16.48777777777778,1668643.1999999995
2026-03-20,3500,99.40008230452676,99.52530864197531,0.6103292181069959,0.971198347107438,97.1359917355372,92.65545081967213,12.380905349794238,1.7355144032921812,17.393827160493828,1548348.4800000014
2026-03-21,3500,99.70065843621398,99.74769547325104,0.2426337448559671,0.9730578512396694,97.34177685950412,92.3377049180328,12.181234567901235,1.7409876543209877,15.955761316872428,1615334.3999999964
2026-03-22,3500,99.7004938271605,99.7364609053498,0.2192181069958848,0.967396694214876,96.73392561983472,92.79168032786885,10.925967078189302,1.7266255144032925,16.39954732510288,1519629.1200000022
2026-03-23,3500,99.39954732510289,99.57506172839508,0.4814814814814814,0.964793388429752,96.44871900826446,92.76946721311477,11.718847736625516,1.58880658436214,16.143703703703704,1524312.0000000002
2026-03-24,3500,99.71257142857142,99.74444897959184,0.2068163265306122,0.9697950819672132,96.99545081967212,92.36711382113822,11.659183673469387,1.6566122448979592,16.464448979591836,1622324.1599999997
2026-03-25,3500,99.70897959183674,99.7414693877551,0.2080408163265306,0.9673360655737704,96.75889344262296,92.7430894308943,11.60465306122449,1.6571836734693877,16.321102040816328,1542412.800000002
2026-03-26,3500,98.8195081967213,99.037131147541,1.4127868852459018,0.9594238683127572,95.9764609053498,92.68146341463414,11.39032786885246,1.480122950819672,16.186803278688526,1555511.0400000024
2026-03-27,3500,99.67786885245904,99.71463114754098,0.3031147540983607,0.9704115226337447,97.06144032921812,93.12555102040815,11.392704918032788,1.6089344262295082,15.651065573770492,1455183.3600000031
2026-03-28,3500,99.56741803278688,99.58495901639344,0.3295491803278688,0.9661728395061728,96.64078189300412,92.81302040816324,11.665901639344264,1.6026229508196723,16.17762295081967,1521339.840000003
2026-03-29,3500,99.69352459016396,99.71934426229508,0.2736475409836065,0.9694650205761316,96.97777777777776,92.48711382113822,11.943811475409836,1.5877868852459016,16.42061475409836,1596818.8799999976
2026-03-30,3500,99.69971311475408,99.7366393442623,0.2754918032786885,0.971111111111111,97.1275720164609,93.09167346938776,11.9622131147541,1.577704918032787,16.34938524590164,1462354.5599999991
2026-03-31,3500,99.69397540983609,99.73704918032789,0.2595901639344262,0.9646502057613168,96.46921810699588,92.86020408163266,11.926762295081968,1.587827868852459,16.331803278688525,1511351.999999999
2026-04-01,3500,99.7017213114754,99.74147540983606,0.251311475409836,0.9694650205761316,96.9417695473251,92.48469387755102,11.546393442622952,1.6470901639344262,16.306762295081967,1590839.9999999986
2026-04-02,3500,99.69946721311474,99.73381147540984,0.2236885245901639,0.9705761316872428,97.04897119341564,92.89828571428572,11.584795081967211,1.7104918032786889,16.443483606557376,1503290.8799999985
2026-04-03,3500,99.70237704918031,99.73204918032786,0.2202868852459016,0.9705761316872428,97.06761316872428,93.16171428571428,11.580901639344262,1.6371721311475411,15.656065573770492,1447528.320000001
2026-04-04,3500,99.54950819672132,99.61926229508197,0.4224590163934426,0.9711522633744856,97.11279835390948,92.91971428571428,11.11188524590164,1.5258196721311477,16.366475409836067,1498754.8799999985
2026-04-05,3500,99.6965306122449,99.73616326530612,0.2181632653061224,0.9677459016393444,96.78565573770491,91.75764227642276,11.321224489795918,1.5893061224489795,16.909142857142857,1751863.679999999
2026-04-06,3500,99.66627049180327,99.6666393442623,0.3686065573770491,0.9677777777777776,96.78423868312755,93.80260162601624,11.576188524590163,1.430983606557377,16.158775510204084,1317219.8400000003
2026-04-07,3500,99.64371428571428,99.62897959183672,0.3133061224489796,0.965532786885246,96.57413934426228,95.24654471544714,11.1845306122449,1.3338775510204082,15.902367346938776,1010318.400000002
2026-04-08,3500,99.67069387755102,99.59510204081631,0.2738367346938776,0.9702868852459016,97.04877049180328,96.25426829268292,10.811183673469388,1.2294693877551022,16.014938775510203,796132.8000000013
2026-04-09,3500,99.62946938775512,99.62297959183674,0.2373877551020408,0.9718852459016392,97.2002868852459,96.30760162601624,10.920285714285711,1.359673469387755,15.865877551020407,784797.1200000026
2026-04-10,3500,99.67436213991768,99.61279835390948,0.2237037037037037,0.9737603305785124,97.39289256198349,96.17077868852458,11.02292181069959,1.4142386831275722,15.069465020576132,807261.1200000015
2026-04-11,3500,99.6653086419753,99.61189300411522,0.2330041152263374,0.9717768595041322,97.18371900826446,95.94351020408163,10.90164609053498,1.388641975308642,15.69422131147541,858677.760000001
2026-04-12,3500,99.70020408163263,99.63057142857144,0.224,0.973688524590164,97.3835655737705,95.63930894308945,11.252938775510204,1.3680408163265307,16.083061224489796,926838.7200000004
2026-04-13,3500,99.7069387755102,99.63657142857144,0.2225714285714286,0.9732377049180329,97.35602459016393,96.275,11.644285714285711,1.3880816326530612,15.98183673469388,791726.3999999978
2026-04-14,3500,99.67432653061223,99.61326530612244,0.2751020408163265,0.97077868852459,97.09545081967214,95.849837398374,11.19865306122449,1.27934693877551,16.1294693877551,882092.1599999978
2026-04-15,3500,99.63836734693878,99.64453061224488,0.2350204081632653,0.9742622950819672,97.459631147541,96.18573170731707,11.29857142857143,1.4072244897959183,16.171061224489794,810699.8399999987
2026-04-16,3500,99.68502040816328,99.63489795918368,0.2853061224489796,0.9709426229508196,97.07918032786884,94.7149593495935,11.26134693877551,1.3497142857142856,16.27261224489796,1123303.6799999997
2026-04-17,3500,99.71217213114754,99.63184426229508,0.2329508196721311,0.9702057613168724,97.0775720164609,95.81820408163264,11.66938524590164,1.5470901639344263,15.213483606557377,885202.5600000026
2026-04-18,3500,99.69622950819672,99.64053278688525,0.2436885245901639,0.9736213991769548,97.38979423868314,95.42110204081632,11.509218106995885,1.4793827160493829,15.790532786885246,969261.1200000016
2026-04-19,3500,99.69668032786886,99.3741393442623,0.2290163934426229,0.9714814814814816,97.14913580246916,96.34897959183674,11.53516393442623,1.3811885245901638,16.12684426229508,772847.9999999997
2026-04-20,3500,99.68594262295082,99.6322950819672,0.2294262295081967,0.968641975308642,96.87748971193416,96.39779591836734,11.454590163934428,1.349795081967213,16.091967213114753,762514.5600000025
2026-04-21,3500,99.67688524590164,99.61602459016396,0.298811475409836,0.9694238683127572,96.95263374485596,96.34044897959184,11.341311475409835,1.2134016393442624,16.142131147540983,774653.759999999
2026-04-22,3500,99.67110655737704,99.62868852459016,0.2340163934426229,0.9744855967078188,97.48267489711934,96.39571428571428,11.28877049180328,1.404795081967213,16.034877049180327,762955.1999999979
2026-04-23,3500,99.68254098360656,99.64139344262296,0.2172950819672131,0.9750205761316872,97.5028806584362,96.50865306122448,11.433237704918032,1.4409426229508195,16.09340163934426,739048.3200000019
2026-04-24,3500,99.69651639344262,99.64635245901638,0.2460655737704918,0.9733744855967078,97.3435390946502,96.50461224489796,11.84204918032787,1.425081967213115,15.057745901639343,739903.6799999978
2026-04-25,3500,99.69487704918032,99.63463114754096,0.2430737704918033,0.969670781893004,96.95950617283953,96.50220408163266,11.564959016393445,1.3812295081967212,15.786475409836068,740413.4399999988
2026-04-26,3500,99.67676229508196,99.61377049180328,0.2796721311475409,0.9676543209876542,96.78115226337448,96.10322448979592,11.54577868852459,1.2909016393442625,15.97188524590164,824869.4399999988
2026-04-27,3500,99.5939024390244,99.62333333333332,0.2218699186991869,0.9733469387755102,97.31489795918368,95.47808943089431,11.150081300813008,1.3985772357723578,15.916260162601626,961104.9599999978
2026-04-28,3500,99.6830081300813,99.63528455284552,0.2451219512195122,0.9780408163265306,97.8028163265306,95.4627935222672,11.507073170731706,1.3183333333333334,15.650243902439025,968276.1599999996
2026-04-29,3500,99.6832258064516,99.63104838709675,0.2490322580645161,0.9768825910931174,97.70364372469636,96.3095564516129,11.673467741935484,1.407298387096774,15.338548387096774,790758.7199999986
2026-04-30,3500,99.65975806451613,99.63076612903224,0.2811693548387097,0.9729149797570852,97.3317004048583,97.1352822580645,11.65564516129032,1.2729149797570851,15.16858870967742,613828.8000000027
2026-05-01,3500,99.68404858299594,99.6506072874494,0.2371255060728745,0.9776829268292684,97.765081300813,97.31245967741935,11.353684210526316,1.3957894736842105,14.430323886639677,575864.6400000012
2026-05-02,3500,99.65101214574898,99.61283400809717,0.3561943319838057,0.966178861788618,96.63983739837398,95.32350806451612,11.554008097165992,1.3451821862348177,14.88251012145749,1002041.279999998
2026-05-03,3500,99.6866935483871,99.64552419354838,0.2800403225806451,0.965344129554656,96.5282186234818,97.37995967741936,11.757298387096776,1.3329435483870968,15.34967741935484,561401.2800000015
2026-05-04,3500,99.69008064516127,99.63891129032258,0.254758064516129,0.965748987854251,96.61651821862348,97.91737903225804,11.742379032258064,1.3974193548387095,15.28032258064516,446247.3600000018
2026-05-05,3500,99.6533064516129,99.5954435483871,0.333508064516129,0.9695141700404858,96.96748987854252,97.85862903225808,11.43266129032258,1.1936693548387096,15.329959677419357,458835.840000001
2026-05-06,3500,99.6910483870968,99.66100806451612,0.2166129032258064,0.9754655870445345,97.56275303643724,98.0958870967742,11.184314516129032,1.4436290322580645,15.446129032258064,407998.08000000025
2026-05-07,3500,99.66084677419354,99.61104838709676,0.39,0.9701214574898784,97.0131174089069,97.88,11.48883064516129,1.254959677419355,15.33282258064516,454256.6399999976
2026-05-08,3500,99.59408906882592,99.50226720647774,0.604251012145749,0.9604048582995952,96.06429149797572,96.7321370967742,11.033967611336031,1.0463157894736843,14.558024193548386,700211.5199999996
2026-05-09,3500,99.60223140495869,99.61876033057852,0.3051239669421487,0.9724066390041494,97.23858921161826,97.067479338843,10.916404958677688,1.2185537190082645,15.235495867768597,613154.8799999973
2026-05-10,3500,99.65677685950412,99.61929752066116,0.3421074380165289,0.9707883817427386,97.08398340248964,98.03603305785124,11.229834710743802,1.2284297520661156,15.665909090909093,410641.9199999986
2026-05-11,3500,99.62735537190082,99.63177685950411,0.2881818181818181,0.9658091286307052,96.59390041493776,96.65314285714284,11.73595041322314,1.326570247933884,15.299102040816328,708462.7200000018
2026-05-12,3500,99.61971774193547,99.58637096774191,0.4080241935483871,0.9647773279352226,96.4702024291498,96.0782258064516,11.411129032258064,1.1158870967741936,15.322701612903227,840326.4000000003
2026-05-13,3500,99.6914112903226,99.65596774193548,0.2263306451612903,0.97331983805668,97.36886639676112,97.34153225806452,11.615645161290322,1.3937903225806452,15.50592741935484,569635.1999999987
2026-05-14,3500,99.65681451612905,99.6220564516129,0.3005241935483871,0.9711336032388664,97.1238056680162,97.28326612903226,11.149233870967745,1.2909274193548386,15.40540322580645,582120.000000001
2026-05-15,3500,99.65318548387096,99.61899193548386,0.3813306451612903,0.9655465587044536,96.59554655870444,97.51213709677418,11.119112903225806,1.1180645161290323,14.32967741935484,533079.3600000013
2026-05-16,3500,99.68173387096776,99.65165322580646,0.2820967741935484,0.9683805668016194,96.79627530364372,97.79959677419356,11.40741935483871,1.2348790322580645,15.065645161290323,471484.80000000127
2026-05-17,3500,99.70193548387095,99.68076612903226,0.2081048387096774,0.9724696356275304,97.2521862348178,97.89475806451614,11.556088709677418,1.5224193548387095,15.4875,451094.3999999975
2026-05-18,3500,99.70951612903224,99.67439516129032,0.2062903225806451,0.9681781376518218,96.84834008097168,97.72955645161292,11.91435483870968,1.499274193548387,15.319879032258063,486492.4799999988
2026-05-19,3500,99.70258064516128,99.65508064516128,0.2417338709677419,0.9696356275303644,96.97708502024292,98.17657258064516,11.99875,1.3790322580645162,15.31616935483871,390709.4399999978
2026-05-20,3500,99.6691935483871,99.6383870967742,0.2931854838709677,0.9706477732793524,97.0934008097166,97.98383064516128,11.568387096774194,1.3011693548387098,15.274435483870969,432008.63999999873
2026-05-21,3500,99.68483870967742,99.6541935483871,0.2207258064516129,0.9742105263157894,97.4491093117409,97.77262096774194,11.483266129032256,1.522983870967742,15.493387096774194,477264.9599999988
2026-05-22,3500,99.69540322580644,99.67104838709676,0.2043145161290322,0.9765182186234818,97.65251012145748,98.01346774193549,11.786129032258064,1.5228629032258063,14.313145161290322,425658.2399999988
2026-05-23,3500,99.69145161290322,99.66104838709676,0.2117338709677419,0.9775708502024292,97.76643724696356,97.79717741935484,11.596693548387098,1.5031451612903224,14.996290322580643,472003.1999999994
2026-05-24,3500,99.66774193548386,99.62096774193547,0.3095564516129032,0.9732793522267208,97.35757085020242,97.6155241935484,11.540362903225809,1.3090322580645162,15.408064516129032,510926.39999999775
2026-05-25,3500,99.68935483870968,99.65459677419356,0.2454435483870967,0.975344129554656,97.54242914979756,98.18423387096772,12.359475806451613,1.3922177419354838,14.99701612903226,389067.8400000026
2026-05-26,3500,99.71120967741936,99.65870967741937,0.2239516129032258,0.9752226720647772,97.54477732793522,98.20298387096774,13.687298387096773,1.4900403225806451,13.902056451612903,385050.2400000001
2026-05-27,3500,99.7539112903226,99.66681451612902,0.2288306451612903,0.9764777327935222,97.67704453441296,98.22798387096776,13.604556451612902,1.5434274193548387,13.574112903225808,379693.4399999983
2026-05-28,3500,99.6666935483871,99.63685483870968,0.2341129032258064,0.971497975708502,97.15287449392711,98.2066935483871,12.120604838709676,1.4156048387096771,13.577943548387095,384255.3600000011
2026-05-29,3500,99.65729838709676,99.61725806451614,0.3323790322580645,0.9694736842105264,96.95663967611335,98.08854838709676,11.369798387096774,1.2906048387096771,14.130806451612903,409570.5600000023
2026-05-30,3500,99.65198380566802,99.62854251012146,0.2939676113360324,0.971983805668016,97.20753036437246,97.6857258064516,10.749757085020244,1.2418218623481785,14.563467741935485,495884.159999999
2026-05-31,3500,99.65891129032258,99.61370967741937,0.3123790322580645,0.97331983805668,97.29825910931172,97.81528225806451,10.80266129032258,1.1826209677419357,15.121854838709677,468123.8399999997
2026-06-01,3500,99.66596774193548,99.62338709677418,0.2583467741935484,0.9724696356275304,97.28085020242916,97.85290322580646,11.164112903225806,1.3678225806451612,15.266693548387096,460062.7199999996
2026-06-02,3500,99.65616935483872,99.62592741935484,0.2546774193548387,0.9730364372469636,97.32995951417004,97.61754032258064,10.927620967741936,1.3707258064516128,15.495766129032257,510494.39999999816
2025-09-20,6200,99.62565217391304,99.78695652173911,0.1552173913043478,0.9827272727272728,98.24727272727272,83.32541666666667,26.840434782608696,2.641304347826087,1.271304347826087,345764.15999999986
2025-09-21,6200,99.6291304347826,99.8704347826087,0.1999999999999999,0.9881818181818182,98.83636363636364,83.18333333333334,24.686086956521734,3.5917391304347825,3.4617391304347827,348710.3999999998
2025-09-22,6200,99.7491304347826,99.82478260869564,0.1882608695652174,0.987391304347826,98.60521739130436,83.2325,26.845652173913045,3.266086956521739,3.694782608695653,347690.88000000006
2025-09-23,6200,99.74652173913044,99.86434782608696,0.2030434782608695,0.9865217391304348,98.6282608695652,83.035,27.546956521739133,4.113913043478261,3.820869565217391,351786.24000000017
2025-09-24,6200,99.74347826086957,99.8408695652174,0.2095652173913043,0.9865217391304348,98.71478260869566,83.33041666666666,25.859565217391303,3.495217391304348,4.163913043478261,345660.4800000001
2025-09-25,6200,99.68,99.81695652173912,0.1917391304347826,0.9852173913043478,98.43695652173912,83.19541666666667,26.324782608695653,3.340869565217392,3.6969565217391303,348459.8399999998
2025-09-26,6200,99.64347826086956,99.8717391304348,0.0991304347826087,0.9813636363636364,98.11954545454546,82.08208333333333,23.885217391304348,2.088636363636364,0.9143478260869564,371545.92
2025-09-27,6200,99.58217391304348,99.83478260869563,0.1847826086956521,0.9868181818181818,98.64090909090908,83.33166666666666,25.83347826086956,3.909130434782608,1.5956521739130436,345634.5600000002
2025-09-28,6200,99.7186956521739,99.88652173913044,0.1921739130434782,0.9895454545454544,98.90636363636364,83.33166666666666,27.04217391304348,4.412173913043478,3.751304347826087,345634.5600000002
2025-09-29,6200,99.75782608695653,99.77695652173912,0.2108695652173913,0.99,98.88454545454546,83.33041666666666,25.41913043478261,3.760869565217391,3.556086956521739,345660.4800000001
2025-09-30,6200,99.74739130434784,99.84260869565216,0.16,0.9891304347826086,98.95,83.28875000000001,26.67173913043478,4.548260869565217,3.493478260869565,346524.47999999975
2025-10-01,6200,99.75260869565216,99.87434782608696,0.1704347826086956,0.9882608695652174,98.81434782608696,83.32875,26.323913043478264,4.022173913043479,3.931304347826087,345695.0400000001
2025-10-02,6200,99.77826086956522,99.82739130434784,0.1865217391304348,0.9856521739130434,98.54347826086956,83.3175,28.17478260869565,5.675652173913043,3.33,345928.32
2025-10-03,6200,99.69478260869565,99.90739130434784,0.0752173913043478,0.9863636363636364,98.59545454545454,83.33208333333333,28.24434782608696,4.518636363636364,1.0221739130434782,345625.9200000001
2025-10-04,6200,99.44260869565215,99.8008695652174,0.2404347826086956,0.9886363636363636,98.81727272727272,81.435,24.387391304347823,4.217826086956522,1.562608695652174,384963.84
2025-10-05,6200,99.7209090909091,99.84727272727272,0.179090909090909,0.9904761904761904,98.9195238095238,82.60739130434783,24.83181818181818,4.581363636363637,3.912272727272727,345625.91999999987
2025-10-06,6200,99.72772727272728,99.84136363636364,0.2113636363636364,0.9845454545454544,98.44090909090907,82.58173913043478,26.05727272727273,4.210909090909091,4.072727272727272,346135.68
2025-10-07,6200,99.72545454545455,99.83727272727272,0.2740909090909091,0.985,98.4559090909091,82.49956521739131,27.75818181818181,4.938181818181818,3.946363636363636,347768.6400000001
2025-10-08,6200,99.71136363636364,99.82954545454544,0.1827272727272727,0.984090909090909,98.3290909090909,82.60739130434783,25.682727272727277,5.723181818181819,3.855909090909091,345625.91999999987
2025-10-09,6200,99.71681818181818,99.75090909090908,0.1872727272727272,0.9863636363636364,98.55318181818184,82.56826086956521,25.898636363636363,4.347272727272728,3.694090909090909,346403.5200000001
2025-10-10,6200,99.77318181818184,99.8459090909091,0.0972727272727272,0.99,98.9905,38.72608695652174,28.14090909090909,4.055238095238095,0.8490909090909091,1217635.2000000002
2025-10-13,6200,99.73318181818182,99.85681818181818,0.1913636363636363,0.9895238095238096,98.88285714285716,82.6086956521739,27.38590909090909,3.4540909090909087,4.015909090909092,345600.00000000023
2025-10-14,6200,99.74636363636364,99.83727272727272,0.1936363636363636,0.9876190476190476,98.82809523809524,82.59434782608696,25.08409090909091,3.557272727272728,3.791363636363636,345885.12
2025-10-15,6200,99.74909090909092,99.8290909090909,0.1872727272727272,0.9877272727272728,98.65818181818182,82.6086956521739,24.939090909090908,4.317272727272727,3.7904545454545455,345600.00000000023
2025-10-16,6200,99.73136363636364,99.80545454545454,0.1818181818181818,0.9868181818181818,98.60454545454546,82.58347826086957,27.404545454545453,3.503181818181818,3.5872727272727274,346101.11999999994
2025-10-17,6200,99.53636363636365,99.73636363636363,0.0933333333333333,0.98,97.95,82.6086956521739,23.827272727272724,2.438181818181818,0.9895454545454544,345600.00000000023
2025-10-18,6200,99.47818181818182,99.4568181818182,0.1345454545454545,0.984090909090909,98.32636363636362,82.60782608695652,25.44818181818182,3.609090909090909,1.4036363636363636,345617.2799999999
2025-10-19,6200,99.7059090909091,99.85136363636364,0.1663636363636363,0.985909090909091,98.5759090909091,82.57521739130435,27.079090909090908,3.7581818181818174,3.7318181818181815,346265.28
2025-10-20,6200,99.72136363636363,99.84636363636363,0.175,0.985909090909091,98.565,82.0895652173913,25.553181818181816,3.2095454545454545,4.044545454545455,355916.16000000027
2025-10-21,6200,99.7231818181818,99.89545454545454,0.1959090909090909,0.99,98.88,81.9395652173913,24.688181818181818,3.5704545454545453,4.035454545454545,358896.9599999999
2025-10-22,6200,99.71863636363636,99.87590909090908,0.1772727272727272,0.985909090909091,98.54,81.54913043478261,26.031818181818185,4.239090909090909,3.823636363636364,366655.67999999993
2025-10-23,6200,99.34227272727274,99.85772727272727,0.1459090909090909,0.9895454545454544,98.84772727272728,82.49304347826087,26.20727272727273,3.3795454545454544,1.7963636363636362,347898.2399999999
2025-10-24,6200,99.62136363636364,99.865,0.2677272727272727,0.9752380952380952,97.4647619047619,82.58869565217391,23.90727272727273,2.575454545454545,1.055,345997.43999999994
2025-10-25,6200,99.66409090909092,99.76272727272728,0.1731818181818182,0.9847619047619048,98.39666666666666,82.60347826086957,27.74681818181818,3.0963636363636367,1.864090909090909,345703.67999999993
2025-10-26,6200,99.64363636363636,99.84454545454544,0.2222727272727272,0.9890476190476192,98.73571428571428,82.60695652173914,24.04318181818182,3.9086363636363632,4.195,345634.5599999998
2025-10-27,6200,99.68363636363635,99.81181818181818,0.2104545454545454,0.9886363636363636,98.73727272727272,82.6008695652174,25.725454545454543,4.025454545454545,4.072727272727272,345755.52
2025-10-28,6200,99.6940909090909,99.8490909090909,0.1904545454545454,0.9868181818181818,98.6668181818182,82.60826086956521,25.92681818181818,3.295909090909092,4.465454545454545,345608.6400000002
2025-10-29,6200,99.71909090909092,99.795,0.1918181818181818,0.9881818181818182,98.74045454545454,82.60043478260869,25.41318181818182,3.3781818181818184,4.307272727272727,345764.16000000015
2025-10-30,6200,99.71772727272727,99.8559090909091,0.1681818181818181,0.9868181818181818,98.64772727272728,82.60434782608696,26.154545454545453,4.534090909090909,3.58,345686.3999999998
2025-10-31,6200,99.39227272727273,99.80954545454546,0.1040909090909091,0.9842857142857142,98.46476190476191,82.59478260869565,22.81714285714285,2.698571428571429,1.1227272727272728,345876.48000000004
2025-11-01,6200,99.69272727272728,99.8309090909091,0.1622727272727273,0.9866666666666666,98.65238095238094,82.6086956521739,23.877272727272725,1.9872727272727275,1.4840909090909091,345600.00000000023
2025-11-02,6200,99.74818181818182,99.74227272727272,0.1677272727272727,0.9885714285714288,98.85095238095238,82.60739130434783,26.162727272727277,3.200909090909091,3.9463636363636367,345625.91999999987
2025-11-03,6200,99.71863636363636,99.87181818181816,0.1868181818181818,0.990909090909091,98.93636363636364,82.60652173913044,25.645909090909093,3.536818181818182,4.067272727272727,345643.1999999998
2025-11-04,6200,99.72136363636363,99.87863636363636,0.1959090909090909,0.9886363636363636,98.87227272727272,82.5613043478261,26.878636363636364,3.2513636363636365,4.054090909090909,346541.7599999999
2025-11-05,6200,99.73727272727272,99.85954545454544,0.1990909090909091,0.9877272727272728,98.80363636363636,82.49347826086957,28.55636363636364,4.177727272727273,3.737727272727272,347889.5999999999
2025-11-06,6200,99.72454545454546,99.88227272727272,0.1909090909090909,0.9886363636363636,98.84636363636363,82.58347826086957,24.37,3.391818181818182,3.5236363636363635,346101.11999999994
2025-11-07,6200,99.42,99.16863636363637,0.1077272727272727,0.978095238095238,97.81761904761905,82.60695652173914,23.34272727272727,2.616190476190476,1.395909090909091,345634.5599999998
2025-11-08,6200,99.28363636363636,99.83590909090908,0.2236363636363636,0.9833333333333332,98.35809523809525,82.60695652173914,29.12409090909091,2.8277272727272726,1.785,345634.5599999998
2025-11-09,6200,99.73954545454544,99.86772727272728,0.2077272727272727,0.9890476190476192,98.9209523809524,82.60652173913044,26.680909090909093,4.030454545454545,3.891818181818182,345643.1999999998
2025-11-10,6200,99.72863636363635,99.85772727272727,0.1954545454545454,0.9877272727272728,98.72,82.6086956521739,25.36090909090909,3.755454545454546,4.033181818181817,345600.00000000023
2025-11-11,6200,99.74818181818182,99.8559090909091,0.2281818181818182,0.9895454545454544,98.82863636363636,82.58217391304348,26.631363636363638,4.725909090909091,4.331818181818182,346127.04000000004
2025-11-12,6200,99.76695652173912,99.88565217391304,0.2034782608695652,0.9908695652173912,98.99434782608697,80.49,28.627826086956524,4.205652173913044,4.083478260869565,404559.3600000001
2025-11-13,6200,99.75565217391303,99.87739130434782,0.1947826086956522,0.9895652173913042,98.81782608695652,83.28583333333333,27.03521739130435,4.147391304347826,3.924782608695652,346584.96000000014
2025-11-14,6200,99.60521739130436,99.79826086956524,0.0865217391304347,0.9757142857142856,97.53857142857144,83.31333333333333,25.06043478260869,2.9709090909090907,1.75,346014.7200000001
2025-11-15,6200,99.56260869565216,99.9,0.5908695652173913,0.9904545454545454,99.0468181818182,83.18291666666667,26.739565217391306,4.708695652173913,2.3021739130434784,348719.03999999986
2025-11-16,6200,99.63434782608697,99.88521739130437,0.1813043478260869,0.989090909090909,98.8331818181818,83.26416666666667,25.56043478260869,3.34304347826087,3.808260869565218,347034.2399999999
2025-11-17,6200,99.73521739130436,99.84869565217392,0.188695652173913,0.987391304347826,98.71434782608696,83.28458333333333,26.105217391304347,2.968695652173913,4.070434782608696,346610.8800000001
2025-11-18,6200,99.75826086956522,99.8591304347826,0.2034782608695652,0.9908695652173912,98.97608695652173,83.29625,27.59695652173913,3.2169565217391303,4.0486956521739135,346368.9599999999
2025-11-19,6200,99.74782608695652,99.8404347826087,0.2339130434782608,0.9904347826086956,98.99652173913044,83.29625,26.07130434782609,3.761304347826087,3.9126086956521737,346368.9599999999
2025-11-20,6200,99.77739130434784,99.8591304347826,0.2091304347826086,0.9869565217391304,98.6595652173913,83.16250000000001,26.72,3.596086956521739,3.882608695652174,349142.3999999999
2025-11-21,6200,99.22521739130434,99.68,0.411304347826087,0.9847619047619048,98.44809523809523,83.33041666666666,28.237826086956524,4.778695652173913,1.1008695652173912,345660.4800000001
2025-11-22,6200,99.72521739130434,99.89521739130436,0.1099999999999999,0.9868181818181818,98.67909090909092,83.33333333333333,29.29086956521739,3.9717391304347824,1.9443478260869564,345600.0000000002
2025-11-23,6200,99.75695652173911,99.87608695652176,0.2108695652173912,0.9891304347826086,98.86391304347826,83.32208333333334,28.293478260869566,3.2717391304347827,4.192608695652174,345833.27999999985
2025-11-24,6200,99.77043478260867,99.88260869565218,0.1930434782608696,0.987391304347826,98.65652173913044,83.33333333333333,28.520869565217392,3.8256521739130434,4.072173913043478,345600.0000000002
2025-11-25,6200,99.7595652173913,99.85478260869564,0.188695652173913,0.9852173913043478,98.5017391304348,83.33333333333333,28.045217391304345,3.3817391304347826,4.159130434782608,345600.0000000002
2025-11-26,6200,99.7591304347826,99.85043478260869,0.1860869565217391,0.9869565217391304,98.73391304347828,83.26583333333333,29.225652173913044,5.148695652173913,3.931739130434783,346999.6800000001
2025-11-27,6200,99.81782608695652,99.8708695652174,0.1969565217391304,0.9882608695652174,98.77260869565217,83.33333333333333,28.36913043478261,3.823478260869565,3.934347826086957,345600.0000000002
2025-11-28,6200,99.79304347826086,99.87130434782608,0.1639130434782608,0.9822727272727272,98.13454545454546,83.33208333333333,29.54869565217391,2.638571428571429,1.1517391304347826,345625.9200000001
2025-11-29,6200,99.69086956521738,99.72260869565216,0.1878260869565217,0.9872727272727272,98.76454545454546,82.69666666666667,29.576521739130435,3.433913043478261,1.9717391304347829,358801.91999999987
2025-11-30,6200,99.77565217391304,99.85391304347826,0.1847826086956521,0.99,98.915,82.08416666666666,28.31,3.724347826086957,4.22304347826087,371502.7200000002
2025-12-01,6200,99.77,99.88782608695652,0.2060869565217391,0.9908695652173912,99.03565217391304,82.63875,28.443913043478258,3.806086956521739,4.075217391304348,360002.8799999999
2025-12-02,6200,99.75695652173911,99.8691304347826,0.1991304347826087,0.9908695652173912,98.99869565217392,82.61625,27.108260869565218,3.775652173913044,4.106086956521739,360469.4400000002
2025-12-03,6200,99.7591304347826,99.86521739130436,0.1939130434782608,0.9878260869565216,98.7517391304348,82.59458333333333,27.818695652173915,4.022608695652174,4.02695652173913,360918.7199999999
2025-12-04,6200,99.7413043478261,99.88869565217392,0.1760869565217391,0.988695652173913,98.81,82.57708333333333,27.14,3.605652173913043,3.9369565217391305,361281.6
2025-12-05,6200,99.7182608695652,99.89,0.1973913043478261,0.9813636363636364,98.055,82.6275,26.44695652173913,4.707727272727272,1.4108695652173917,360236.16000000003
2025-12-06,6200,99.69652173913045,99.79565217391306,0.2439130434782608,0.9877272727272728,98.7790909090909,82.54125,27.157391304347826,2.9317391304347824,2.453913043478261,362024.6399999998
2025-12-07,6200,99.7691304347826,99.9004347826087,0.1943478260869565,0.990909090909091,98.98363636363636,83.01,27.480434782608693,4.096521739130435,4.369565217391305,352304.6399999999
2025-12-08,6200,99.76608695652172,99.88304347826087,0.2413043478260869,0.9904347826086956,98.92956521739131,83.28666666666668,27.882608695652173,4.607391304347826,4.2043478260869565,346567.6799999998
2025-12-09,6200,99.78434782608696,99.86347826086956,0.2530434782608696,0.9882608695652174,98.8308695652174,83.03916666666667,28.030869565217397,4.2043478260869565,4.965217391304348,351699.83999999985
2025-12-10,6200,99.75347826086956,99.85565217391304,0.25,0.9891304347826086,98.78130434782608,84.08333333333333,28.904347826086955,3.664347826086957,4.606086956521739,330048.0
2025-12-11,6200,99.75608695652171,99.86043478260868,0.2543478260869565,0.9891304347826086,98.81739130434784,84.72041666666667,27.98478260869565,4.567391304347826,4.413913043478261,316837.44000000006
2025-12-12,6200,99.47,99.86478260869563,0.1547826086956521,0.9852380952380952,98.54619047619046,84.72208333333333,25.05434782608696,3.4486363636363637,1.137391304347826,316802.88000000006
2025-12-13,6200,99.6482608695652,99.83782608695653,0.1882608695652174,0.9872727272727272,98.68409090909093,84.72208333333333,29.14608695652174,4.002608695652174,1.6617391304347826,316802.88000000006
2025-12-14,6200,99.76173913043478,99.88304347826087,0.2230434782608695,0.9904347826086956,99.01173913043478,84.72208333333333,28.356521739130432,3.637826086956522,4.140869565217392,316802.88000000006
2025-12-15,6200,99.78652173913044,99.88434782608697,0.1769565217391304,0.9891304347826086,98.91434782608697,84.72208333333333,29.43869565217392,4.290434782608696,4.18608695652174,316802.88000000006
2025-12-16,6200,99.7695652173913,99.88565217391304,0.1960869565217391,0.988695652173913,98.93739130434784,84.72208333333333,28.066521739130437,3.792173913043478,4.235652173913044,316802.88000000006
2025-12-17,6200,99.7495652173913,99.87347826086958,0.2578260869565217,0.987391304347826,98.6991304347826,84.72208333333333,27.350869565217398,4.22,4.326521739130435,316802.88000000006
2025-12-18,6200,99.76608695652172,99.85608695652174,0.2282608695652173,0.988695652173913,98.85652173913044,83.62375,29.318695652173915,4.731739130434782,4.265652173913043,339577.92000000004
2025-12-19,6200,99.6704347826087,99.83434782608695,0.2195652173913043,0.9843478260869566,98.32391304347826,75.87125,29.99913043478261,3.689090909090909,1.195217391304348,500333.76
2025-12-20,6200,99.41652173913045,99.72695652173913,0.1934782608695652,0.9821739130434782,98.13869565217392,84.72208333333333,28.282608695652176,3.854347826086957,2.1821739130434783,316802.88000000006
2025-12-21,6200,99.70695652173912,99.86565217391303,0.2,0.987391304347826,98.67,84.68083333333333,27.74347826086957,4.198695652173913,4.2700000000000005,317658.2400000001
2025-12-22,6200,99.75782608695653,99.8395652173913,0.2008695652173913,0.988695652173913,98.72608695652173,84.62125,28.331739130434784,4.237826086956522,4.191739130434782,318893.75999999995
2025-12-23,6200,99.77217391304347,99.86695652173913,0.2082608695652174,0.9891304347826086,98.8108695652174,84.71833333333333,27.55130434782609,5.009565217391304,3.735217391304348,316880.6400000001
2025-12-24,6200,99.62434782608696,99.87260869565218,0.2865217391304347,0.9839130434782608,98.3791304347826,84.65666666666667,29.27913043478261,3.1669565217391304,1.3839130434782607,318159.3599999999
2025-12-25,6200,99.69826086956522,99.88956521739132,0.2243478260869565,0.977391304347826,97.64739130434782,84.71249999999999,30.001304347826085,4.252608695652174,1.3847826086956525,317001.6000000002
2025-12-26,6200,99.7482608695652,99.86869565217393,0.0856521739130434,0.9871428571428572,98.65571428571428,84.68458333333334,25.11521739130435,3.5276190476190474,0.9004347826086957,317580.47999999986
2025-12-27,6200,99.56434782608696,99.68521739130436,0.1965217391304348,0.9877272727272728,98.7231818181818,84.64375,27.253913043478263,2.6356521739130434,1.23,318427.20000000007
2025-12-28,6200,99.77652173913044,99.91217391304347,0.1734782608695652,0.99,98.95826086956522,83.26916666666666,29.88434782608696,3.486086956521739,3.579565217391304,346930.5600000001
2025-12-29,6200,99.76272727272728,99.88909090909092,0.1845454545454545,0.9886363636363636,98.83136363636363,85.38826086956522,29.632272727272724,5.057272727272728,3.5513636363636363,290364.4800000001
2025-12-30,6200,99.77545454545454,99.89545454545454,0.1822727272727272,0.9895454545454544,98.87181818181816,85.50086956521739,29.65,4.297727272727273,4.004090909090909,288126.7200000001
2025-12-31,6200,99.71363636363635,99.875,0.2222727272727272,0.985909090909091,98.54863636363638,81.94041666666666,28.564090909090908,4.433181818181819,3.5017391304347827,374483.52000000014
2026-01-01,6200,99.76434782608696,99.8991304347826,0.2334782608695652,0.9869565217391304,98.82521739130436,82.73125,28.92043478260869,4.046086956521739,3.351304347826087,358084.8
2026-01-02,6200,99.6208695652174,99.69086956521738,0.1630434782608695,0.9772727272727272,97.70727272727272,84.4975,28.91227272727273,3.5276190476190474,1.0069565217391303,321459.8399999999
2026-01-03,6200,99.68304347826088,99.85217391304349,0.228695652173913,0.981304347826087,98.08304347826086,84.49333333333333,28.07217391304348,4.898260869565218,1.865217391304348,321546.2400000003
2026-01-04,6200,99.70347826086956,99.8926086956522,0.2195652173913043,0.9882608695652174,98.81347826086956,84.44791666666667,28.460434782608697,3.382173913043478,4.005652173913044,322488.0
2026-01-05,6200,99.74391304347829,99.89869565217391,0.2104347826086956,0.9878260869565216,98.7013043478261,84.51,28.265652173913043,3.7221739130434783,4.082173913043478,321200.63999999984
2026-01-06,6200,99.68130434782609,99.88782608695652,0.2513043478260869,0.9860869565217392,98.52913043478262,84.4875,27.7795652173913,3.885652173913044,3.953478260869565,321667.2000000001
2026-01-07,6200,99.72695652173913,99.90565217391304,0.2052173913043478,0.9865217391304348,98.69260869565215,84.47958333333334,27.64695652173913,3.613478260869565,4.299130434782609,321831.3599999998
2026-01-08,6200,99.72521739130434,99.8926086956522,0.2078260869565217,0.9847826086956522,98.49521739130434,84.25125,28.05,4.815652173913044,3.848695652173913,326566.08
2026-01-09,6200,99.76478260869564,99.79454545454546,0.1163636363636363,0.9817391304347826,98.17565217391304,84.57625,23.204782608695652,3.87,1.3091304347826087,319826.88000000006
2026-01-10,6200,99.74260869565217,99.77739130434784,0.2930434782608695,0.9852173913043478,98.50304347826088,84.48958333333333,27.17,3.787391304347826,2.2113043478260868,321624.0000000001
2026-01-11,6200,99.77826086956522,99.91217391304347,0.23,0.9882608695652174,98.82782608695652,84.5575,28.33652173913044,4.151304347826087,4.356086956521739,320215.6799999998
2026-01-12,6200,99.75521739130434,99.87695652173912,0.2191304347826086,0.9856521739130434,98.58869565217393,84.51333333333334,27.23304347826087,3.7034782608695656,3.893478260869565,321131.51999999984
2026-01-13,6200,99.77043478260867,99.90869565217392,0.2356521739130434,0.9830434782608696,98.27391304347827,83.42375,27.00869565217392,3.654782608695652,4.009565217391304,343725.12000000005
2026-01-14,6200,99.74739130434784,99.89521739130436,0.2052173913043478,0.9882608695652174,98.78347826086956,82.38375,27.678260869565214,4.016521739130434,3.9082608695652175,365290.55999999976
2026-01-15,6200,99.75217391304348,99.91086956521738,0.2047826086956521,0.9860869565217392,98.50260869565216,82.37708333333333,26.85565217391304,3.771739130434783,3.611739130434782,365428.8
2026-01-16,6200,99.57565217391304,99.80217391304348,0.1947826086956522,0.9813636363636364,98.1818181818182,82.415,31.437391304347823,3.8782608695652177,1.077391304347826,364642.5599999999
2026-01-17,6200,99.76521739130436,99.86434782608696,0.1260869565217391,0.985909090909091,98.58363636363636,82.39666666666666,29.48652173913043,3.3739130434782605,1.8856521739130436,365022.7200000001
2026-01-18,6200,99.77260869565217,99.89608695652174,0.2682608695652174,0.9877272727272728,98.70363636363636,81.64458333333333,28.03217391304348,2.5391304347826087,4.053913043478261,380617.92
2026-01-19,6200,99.76043478260868,99.89695652173914,0.2413043478260869,0.9882608695652174,98.80173913043478,82.65458333333333,25.57130434782609,3.81,4.222608695652174,359674.56000000006
2026-01-20,6200,99.7308695652174,99.86043478260868,0.2969565217391304,0.987391304347826,98.70478260869564,82.72916666666667,26.35217391304348,3.76,4.395217391304348,358127.9999999998
2026-01-21,6200,99.69434782608695,99.88869565217392,0.2691304347826087,0.9830434782608696,98.3108695652174,82.64291666666666,27.467391304347824,4.2095652173913045,4.413043478260869,359916.48000000004
2026-01-22,6200,99.73478260869564,99.88782608695652,0.2443478260869565,0.9856521739130436,98.58,82.74708333333334,28.735217391304342,3.744782608695652,4.118260869565217,357756.4799999999
2026-01-23,6200,98.08565217391303,99.7495652173913,0.2160869565217391,0.981304347826087,98.1217391304348,82.39708333333333,28.623043478260872,6.203043478260869,1.4182608695652172,365014.08
2026-01-24,6200,99.5808695652174,99.83173913043478,0.2243478260869565,0.987391304347826,98.6691304347826,82.80791666666667,25.05217391304348,4.4573913043478255,4.290869565217392,356495.0399999999
2026-01-25,6200,99.76347826086956,99.88347826086957,0.2465217391304348,0.9882608695652174,98.91,82.70083333333334,26.464347826086957,3.945652173913044,5.345652173913043,358715.52
2026-01-26,6200,99.7686956521739,99.8904347826087,0.2339130434782608,0.982608695652174,98.2108695652174,82.54083333333334,26.499565217391304,4.025217391304348,4.856521739130435,362033.2799999999
2026-01-27,6200,99.7231818181818,99.86636363636364,0.2709090909090909,0.9886363636363636,98.76454545454546,78.59458333333333,24.92681818181818,4.159090909090909,4.138636363636364,443862.72
2026-01-28,6200,99.75,99.88545454545456,0.2322727272727272,0.985909090909091,98.55181818181818,78.68958333333333,26.96318181818182,3.355909090909091,4.149545454545454,441892.8
2026-01-29,6200,99.71909090909092,99.88636363636364,0.2127272727272727,0.985909090909091,98.50090909090908,78.70166666666667,27.224545454545453,2.960909090909091,3.8854545454545457,441642.23999999993
2026-01-30,6200,99.67739130434782,99.8395652173913,0.1852173913043478,0.973181818181818,97.36727272727272,79.68291666666667,29.87772727272727,3.341818181818182,1.2669565217391303,421295.0399999999
2026-01-31,6200,99.59391304347824,99.87260869565218,0.1717391304347826,0.985,98.52636363636364,82.80458333333333,29.13826086956521,4.437391304347826,1.6752173913043478,356564.16000000015
2026-02-01,6200,99.52695652173912,99.88565217391304,0.2317391304347826,0.981818181818182,98.24545454545456,82.75750000000001,24.933478260869567,2.313043478260869,2.4469565217391307,357540.47999999986
2026-02-02,6200,99.70739130434782,99.48608695652172,0.2547826086956521,0.9895454545454544,98.84272727272727,82.81166666666667,23.47391304347826,3.5156521739130437,5.096521739130435,356417.2799999999
2026-02-03,6200,99.68434782608696,99.85434782608696,0.2426086956521739,0.9845454545454544,98.4040909090909,81.74833333333333,26.37173913043478,3.4369565217391305,3.997826086956522,378466.56
2026-02-04,6200,99.70136363636362,99.79045454545454,0.2413636363636364,0.98,98.08285714285714,82.71608695652174,25.04590909090909,3.675,4.215,343465.92
2026-02-05,6200,99.71217391304349,99.86565217391303,0.2595652173913043,0.9854545454545456,98.48454545454544,71.705,26.323043478260868,3.699565217391304,3.833478260869565,586725.1200000001
2026-02-06,6200,99.65478260869564,99.82478260869564,0.1713043478260869,0.9786363636363636,97.8,80.86083333333333,29.08818181818182,4.252727272727273,1.1056521739130434,396869.7599999999
2026-02-07,6200,99.63909090909092,99.84545454545454,0.2595454545454545,0.9842857142857142,98.28761904761905,82.76478260869565,30.44590909090909,4.161818181818182,1.855,342498.24
2026-02-08,6200,99.74347826086957,99.86652173913043,0.2630434782608695,0.9881818181818182,98.82318181818182,81.23375,26.847391304347827,3.107391304347826,4.129565217391304,389136.9599999999
2026-02-09,6200,99.77875,99.76125,0.2430434782608695,0.9845833333333333,98.43916666666668,80.8772,28.211250000000003,4.422916666666667,4.385217391304348,413052.4799999999
2026-02-10,6200,99.7504,99.6904,0.3616,0.9892,98.876,82.12153846153845,26.566,4.7416,4.1704,401621.7600000004
2026-02-11,6200,99.7276,99.7076,0.2732,0.988,98.7356,84.10192307692309,26.6308,3.91,4.284800000000001,357134.3999999997
2026-02-12,6200,99.6192,99.69,0.2428,0.9888,98.8052,83.97307692307693,28.214,4.3392,3.8052,360028.7999999999
2026-02-13,6200,99.494,99.7344,0.2339999999999999,0.98375,98.26458333333332,80.91961538461538,26.7228,3.96,1.036,428621.76
2026-02-14,6200,99.58708333333334,99.62625,0.285,0.9852173913043478,98.46478260869566,80.20038461538462,29.38208333333333,3.560833333333333,1.625,444778.5599999998
2026-02-15,6200,99.71958333333332,99.61666666666667,0.26,0.9878260869565216,98.68,69.53384615384616,27.22625,3.5275,3.7616666666666663,684391.6799999999
2026-02-16,6200,99.77875,99.64541666666668,0.2070833333333333,0.9895652173913042,98.98565217391304,79.93807692307692,27.633333333333336,3.6475,3.5716666666666668,450671.04000000015
2026-02-17,6200,99.53708333333331,99.45,0.23625,0.974782608695652,97.46521739130434,79.74884615384615,26.537916666666664,2.8191666666666664,1.174583333333333,454921.9200000003
2026-02-18,6200,99.6968,99.8304,0.3028,0.9895833333333334,98.89208333333332,82.14692307692309,27.7824,3.104,3.5332,401051.51999999984
2026-02-19,6200,99.674,99.886,0.2712,0.9879166666666668,98.745,81.55115384615384,32.2892,2.296,2.3124,414434.8800000002
2026-02-20,6200,99.6492,99.7352,0.196,0.9825,98.22458333333331,84.02807692307692,24.896,2.1964,0.9272,358793.28
2026-02-21,6200,99.6212,99.8544,0.4151999999999999,0.9825,98.22333333333334,83.26730769230768,27.7024,3.0444,1.3824,375883.2000000003
2026-02-22,6200,99.6852,99.8716,0.4068,0.98875,98.8075,83.60884615384614,29.7796,3.1596,2.7044,368210.8800000004
2026-02-23,6200,99.68959999999998,99.8912,0.3743999999999999,0.9920833333333332,99.10583333333334,80.16961538461538,27.21,2.984,2.6632,445469.7600000001
2026-02-24,6200,99.6352,99.8844,0.3764,0.9883333333333332,98.805,82.87692307692308,30.9884,4.0508,2.6128,384652.7999999999
2026-02-25,6200,99.80833333333334,99.86916666666669,0.2325,0.991304347826087,99.0617391304348,79.81,29.410416666666663,2.7558333333333334,2.6366666666666667,453548.1599999999
2026-02-26,6200,99.7132,99.8904,0.2491999999999999,0.9895833333333334,98.98625,82.14461538461539,34.4404,2.8084,2.4704,401103.3599999998
2026-02-27,6200,99.6356,99.7556,0.2208,0.98125,98.02083333333331,83.36923076923077,24.8796,2.0924,0.9416,373593.5999999999
2026-02-28,6200,99.5696,99.768,0.4252,0.98625,98.6,84.01076923076924,24.836,2.486,1.3076,359182.07999999967
2026-03-01,6200,99.8156,99.8788,0.242,0.98875,98.85541666666666,83.59423076923076,29.3736,2.8584,2.7704000000000004,368539.2000000002
2026-03-02,6200,99.8028,99.8812,0.2996,0.99125,99.07041666666667,83.73538461538462,31.266,3.2092,2.6008,365368.31999999983
2026-03-03,6200,99.7644,99.8908,0.2648,0.9875,98.7725,83.51807692307692,30.0156,2.9828,2.6644,370249.92
2026-03-04,6200,99.56230769230768,99.88115384615384,0.3665384615384616,0.9908333333333332,98.98541666666668,83.62230769230769,30.045384615384616,3.666538461538461,2.881153846153846,367908.48000000016
2026-03-05,6200,99.80692307692308,99.8876923076923,0.1746153846153846,0.9879166666666668,98.74916666666668,86.53192307692308,29.80807692307692,3.826923076923077,2.507307692307692,302546.87999999995
2026-03-06,6200,99.47769230769232,99.73923076923076,0.275,0.9825,98.21375,74.64192307692308,24.82307692307692,2.219230769230769,1.0573076923076925,569643.84
2026-03-07,6200,99.7576923076923,99.82538461538462,0.1384615384615384,0.9854166666666666,98.50875,86.76769230769231,32.21653846153846,2.9496153846153845,1.3642307692307691,297250.5599999999
2026-03-08,6200,99.72269230769233,99.8696153846154,0.2023076923076923,0.988,98.7016,87.03692307692307,31.37076923076923,4.005384615384616,2.5342307692307693,291202.55999999994
2026-03-09,6200,99.8096153846154,99.86192307692308,0.1611538461538461,0.988,98.8032,87.09423076923076,30.22384615384616,3.8176923076923073,2.920384615384616,289915.2000000001
2026-03-10,6200,99.8173076923077,99.88807692307692,0.1976923076923076,0.9908,99.0124,86.51115384615385,30.06230769230769,3.6184615384615375,2.509230769230769,303013.44000000006
2026-03-11,6200,99.75923076923078,99.86576923076925,0.2111538461538461,0.988,98.784,85.7026923076923,28.12307692307693,4.142307692307693,2.7684615384615388,321174.72000000003
2026-03-12,6200,99.565,99.86769230769232,0.235,0.9876,98.7796,86.7476923076923,30.361153846153847,3.0546153846153845,2.302692307692308,297699.8400000001
2026-03-13,6200,99.50884615384616,99.84461538461538,0.3611538461538461,0.984,98.3628,86.27269230769231,25.91730769230769,2.6208,1.061923076923077,308370.23999999993
2026-03-14,6200,99.65307692307692,99.83692307692309,0.1696153846153846,0.9795833333333333,97.92083333333332,87.025,32.669230769230765,3.1003846153846157,1.323076923076923,291470.39999999985
2026-03-15,6200,99.77461538461536,99.89538461538464,0.1969230769230769,0.988,98.83,86.55384615384615,29.50423076923077,3.0957692307692306,2.4534615384615384,302054.40000000014
2026-03-16,6200,99.64653846153846,99.89115384615386,0.1923076923076923,0.9744,97.4816,83.735,29.505384615384614,3.892692307692308,2.04,365376.9599999999
2026-03-17,6200,99.6776,99.7676,0.2,0.9876,98.656,85.1992,25.9892,2.7072000000000003,1.6616,319697.2799999998
2026-03-18,6200,99.738,99.874,0.2019999999999999,0.9904,98.9848,84.7104,25.072,2.834,2.0096000000000003,330255.3599999998
2026-03-19,6200,99.53576923076922,99.87230769230769,0.1838461538461538,0.9736,97.308,82.80384615384615,24.347692307692306,3.700769230769231,1.6365384615384615,386294.4000000001
2026-03-20,6200,99.37192307692308,99.6803846153846,0.1438461538461538,0.9882608695652174,98.69173913043478,85.0973076923077,22.6644,2.3344,0.9288461538461538,334774.07999999984
2026-03-21,6200,99.4684,99.6788,0.1856,0.9866666666666668,98.66791666666668,85.08115384615385,25.3488,1.9864,0.9884615384615384,335136.9599999998
2026-03-22,6200,99.49538461538462,99.7623076923077,0.218076923076923,0.9734782608695652,97.2695652173913,85.21115384615383,22.80923076923077,2.294,1.0557692307692308,332216.6400000004
2026-03-23,6200,99.59846153846154,99.72769230769232,0.1584615384615384,0.9829166666666668,98.30916666666668,85.30576923076923,26.38576923076923,3.4073076923076924,1.363846153846154,330091.2000000001
2026-03-24,6200,99.79692307692306,99.87961538461538,0.2326923076923077,0.99,98.9684,85.78153846153847,29.05807692307692,3.552692307692308,2.7453846153846158,319403.51999999967
2026-03-25,6200,99.75384615384615,99.88307692307691,0.2465384615384615,0.9884,98.9368,86.12538461538462,28.46,4.24923076923077,2.975,311679.36
2026-03-26,6200,99.785,99.8653846153846,0.2619230769230769,0.9904,98.9804,86.16115384615385,28.98,4.154615384615385,3.0900000000000003,310875.84
2026-03-27,6200,99.662,99.7956,0.1507692307692307,0.98,97.97739130434783,85.83346153846153,26.7104,4.1160000000000005,1.456923076923077,318237.12000000017
2026-03-28,6200,99.55423076923076,99.76653846153846,0.2711538461538461,0.9884,98.7512,86.42538461538462,27.40269230769231,3.6530769230769233,1.7757692307692308,304940.16000000003
2026-03-29,6200,99.75423076923076,99.8496153846154,0.2092307692307692,0.9892,98.91,86.1676923076923,26.87307692307693,3.739615384615385,3.910769230769231,310728.96000000014
2026-03-30,6200,99.79115384615385,99.89538461538464,0.1873076923076923,0.992,99.1052,86.09384615384616,27.023846153846154,3.501153846153846,4.148846153846154,312387.84
2026-03-31,6200,99.73346153846154,99.88153846153848,0.2146153846153846,0.988,98.6868,71.40615384615384,26.140384615384612,4.101153846153846,3.680769230769231,642332.1600000001
2026-04-01,6200,99.77653846153846,99.88,0.2034615384615384,0.9792307692307692,97.93384615384616,86.10192307692309,26.14423076923077,4.017307692307693,4.054615384615385,312206.3999999999
2026-04-02,6200,99.77230769230768,99.87846153846156,0.2111538461538461,0.9904,98.9392,86.48615384615384,26.82884615384615,3.527692307692308,3.880769230769231,303575.04000000027
2026-04-03,6200,99.51846153846154,99.85730769230769,0.2215384615384615,0.984,98.408,85.77307692307691,28.244,3.2092,1.918076923076923,319593.6000000001
2026-04-04,6200,99.58692307692309,99.67192307692306,0.2326923076923077,0.9868,98.6368,86.88884615384616,28.80730769230769,4.062692307692307,2.4707692307692306,294528.96
2026-04-05,6200,99.77884615384616,99.89230769230768,0.22,0.9888,98.932,87.20192307692308,26.60384615384616,3.5007692307692304,4.218461538461539,287495.9999999999
2026-04-06,6200,99.77615384615385,99.8826923076923,0.2103846153846153,0.9908,99.0656,85.855,25.560769230769232,3.422692307692308,3.8884615384615375,317753.2799999999
2026-04-07,6200,99.72192307692308,99.88230769230768,0.22,0.99,98.9768,87.25884615384615,25.731153846153845,3.456538461538462,4.087307692307692,286217.28000000014
2026-04-08,6200,99.73538461538462,99.865,0.2473076923076922,0.9892,98.8392,87.44576923076923,28.07230769230769,3.251923076923077,3.988076923076923,282018.24
2026-04-09,6200,99.74730769230769,99.8623076923077,0.2253846153846154,0.99,98.9496,87.36384615384615,27.955,3.653461538461538,3.9584615384615383,283858.5599999999
2026-04-10,6200,99.64230769230768,99.78884615384617,0.1261538461538461,0.9788,97.8808,86.83346153846153,27.8125,4.008333333333334,1.5023076923076923,295773.12000000017
2026-04-11,6200,99.6923076923077,99.785,0.1653846153846153,0.9868,98.7208,87.5,27.52846153846154,3.675,2.2819230769230767,280800.0
2026-04-12,6200,99.72192307692308,99.8646153846154,0.3276923076923076,0.9644,96.3464,85.58846153846154,26.02192307692308,3.6561538461538463,4.371153846153846,323740.7999999998
2026-04-13,6200,99.74730769230769,99.84653846153849,0.2726923076923077,0.9892,98.8096,85.46230769230769,27.505,3.902692307692308,4.321153846153846,326574.72
2026-04-14,6200,99.78807692307691,99.83846153846154,0.2326923076923077,0.9868,98.6204,88.06653846153846,26.59846153846153,3.700384615384615,4.447692307692308,268073.2800000001
2026-04-15,6200,99.8,99.85230769230768,0.2373076923076923,0.9912,99.0888,88.01846153846154,26.32807692307692,3.7811538461538463,4.314230769230769,269153.2800000001
2026-04-16,6200,99.74653846153844,99.85153846153844,0.2734615384615385,0.9876,98.5928,87.535,27.12923076923077,3.3069230769230766,4.066153846153847,280013.76000000007
2026-04-17,6200,99.6353846153846,99.59423076923076,0.1115384615384615,0.9856,98.552,87.80807692307692,26.7452,3.06,1.57,273879.3599999999
2026-04-18,6200,99.66269230769232,99.8403846153846,0.1930769230769231,0.9864,98.656,87.67846153846153,29.403846153846157,4.360384615384615,2.1134615384615385,276791.04
2026-04-19,6200,99.75384615384615,99.87192307692308,0.2346153846153846,0.9908,98.9608,87.27923076923078,24.52269230769231,4.064615384615385,4.1657692307692304,285759.35999999987
2026-04-20,6200,99.77192307692307,99.84461538461538,0.218076923076923,0.9908,99.0556,87.44269230769231,25.220769230769232,3.5053846153846155,4.277692307692307,282087.3599999998
2026-04-21,6200,99.78076923076924,99.87307692307692,0.223076923076923,0.9912,99.1172,87.67076923076924,26.180384615384614,3.648461538461538,4.312692307692307,276963.8399999998
2026-04-22,6200,99.79961538461538,99.88384615384616,0.2465384615384615,0.9916,99.1312,87.11961538461539,27.72,3.894615384615385,4.461538461538462,289344.9599999999
2026-04-23,6200,99.7446153846154,99.87346153846154,0.2038461538461538,0.9908,99.004,87.72461538461539,27.006153846153843,3.335384615384615,3.9465384615384616,275754.2399999999
2026-04-24,6200,99.43538461538462,99.7623076923077,0.125,0.9841666666666667,98.40125,87.78730769230768,30.0316,3.1580769230769232,1.6576923076923078,274345.9200000003
2026-04-25,6200,99.69192307692308,99.58461538461538,0.1957692307692307,0.9875,98.75666666666666,87.74,25.88,3.6257692307692304,2.626153846153846,275408.6400000001
2026-04-26,6200,99.7846153846154,99.85461538461536,0.2288461538461538,0.9896,98.9772,87.77153846153846,25.892692307692307,3.8419230769230768,4.561153846153847,274700.1600000001
2026-04-27,6200,99.69615384615383,99.81230769230768,0.235,0.9904,98.972,87.44384615384615,23.66846153846154,4.020769230769231,5.140769230769231,282061.4400000001
2026-04-28,6200,99.64384615384614,99.85692307692308,0.2188461538461538,0.9868,98.6836,87.71807692307692,25.57923076923077,4.140384615384615,4.282307692307692,275901.11999999994
2026-04-29,6200,99.72076923076924,99.86,0.2223076923076923,0.9876,98.6948,87.7373076923077,25.731153846153845,4.318461538461539,4.350384615384615,275469.1199999999
2026-04-30,6200,99.76846153846154,99.8803846153846,0.2269230769230769,0.9858333333333332,98.58625,87.025,27.238846153846158,4.251153846153846,3.972307692307692,291470.39999999985
2026-05-01,6200,99.7332,99.84,0.156,0.9795833333333334,98.00083333333332,88.6364,29.231666666666666,2.978333333333333,1.5088,245453.76000000013
2026-05-02,6200,99.7052,99.8572,0.1744,0.9858333333333332,98.58208333333332,85.53153846153847,26.814,3.4416,2.513076923076923,325019.5199999998
2026-05-03,6200,99.79807692307692,99.8646153846154,0.2384615384615384,0.9884,98.8192,86.63615384615385,26.079615384615387,4.411153846153846,4.547692307692308,300205.4400000001
2026-05-04,6200,99.71576923076924,99.89615384615384,0.2380769230769231,0.9888,98.7824,87.42961538461539,27.43653846153846,4.1,4.202307692307692,282381.1199999999
2026-05-05,6200,99.72846153846154,99.8426923076923,0.255,0.9864,98.684,87.77346153846155,24.77230769230769,4.271153846153846,4.4946153846153845,274656.95999999973
2026-05-06,6200,99.7476923076923,99.87923076923076,0.22,0.988,98.7716,87.47615384615385,26.228461538461534,3.1276923076923078,4.2846153846153845,281335.67999999993
2026-05-07,6200,99.6676923076923,99.86923076923075,0.3842307692307692,0.9852,98.4684,87.77076923076923,28.603076923076927,3.162692307692308,3.903076923076923,274717.44
2026-05-08,6200,99.61576923076925,99.76076923076924,0.2334615384615384,0.982,98.1608,86.89653846153846,29.292800000000003,2.9760000000000004,1.2538461538461538,294356.1600000002
2026-05-09,6200,99.50076923076924,99.71653846153846,0.2161538461538461,0.9736,97.2556,87.33269230769231,26.339615384615385,4.773076923076923,2.2834615384615384,284558.3999999998
2026-05-10,6200,99.77846153846151,99.88423076923075,0.2292307692307692,0.986,98.6188,87.36846153846153,27.46,4.275384615384615,4.358461538461539,283754.88000000024
2026-05-11,6200,99.74730769230769,99.8473076923077,0.2557692307692308,0.9873076923076922,98.67153846153846,87.12653846153846,24.79192307692308,3.224615384615385,4.566153846153847,289189.44
2026-05-12,6200,99.76846153846154,99.85115384615384,0.2392307692307692,0.9853846153846154,98.44653846153848,83.79925925925926,25.925769230769227,3.751923076923077,4.4738461538461545,377930.88
2026-05-13,6200,99.75,99.82423076923077,0.2326923076923077,0.9873076923076922,98.7246153846154,83.8225925925926,25.205,4.106923076923077,4.95423076923077,377386.5599999997
2026-05-14,6200,99.72384615384615,99.87653846153846,0.2246153846153846,0.9864,98.6408,87.18538461538462,26.166153846153847,3.561153846153846,4.19,287867.5199999999
2026-05-15,6200,99.6128,99.704,0.1876,0.9804166666666668,98.00458333333334,86.7256,27.616,2.9408,1.5212,286727.0399999999
2026-05-16,6200,99.5432,99.8268,0.2184,0.9833333333333334,98.23291666666668,86.8072,27.363200000000003,3.9436,2.7352,284964.4800000001
2026-05-17,6200,99.7972,99.8956,0.23,0.98625,98.57166666666669,86.8336,24.3008,3.7396,5.246,284394.24
2026-05-18,6200,99.7356,99.8872,0.246,0.9852,98.5208,86.8224,24.9136,4.2332,4.4856,284636.16000000003
2026-05-19,6200,99.7724,99.862,0.2932,0.9848,98.5184,86.7568,25.5096,3.956,4.4924,286053.12
2026-05-20,6200,99.76,99.7704,0.2072,0.98875,98.84125,86.92,24.7204,4.0852,4.5524,282528.00000000006
2026-05-21,6200,99.70576923076922,99.74423076923075,0.2553846153846154,0.9832,98.2596,83.93961538461538,26.23576923076923,3.830384615384616,4.045384615384615,360780.48
2026-05-22,6200,99.4792,99.722,0.1596,0.9779166666666668,97.70041666666668,83.24615384615385,25.9236,4.0444,1.2804,376358.4
2026-05-23,6200,99.6624,99.8708,0.1924,0.9829166666666668,98.24541666666666,83.39230769230768,29.887200000000004,3.5344,1.8656,373075.2000000004
2026-05-24,6200,99.788,99.8652,0.2239999999999999,0.9866666666666668,98.62375,83.45961538461538,28.132,3.9584,4.126,371563.2000000003
2026-05-25,6200,99.60423076923075,99.69153846153846,0.6830769230769231,0.9852,98.48,85.35153846153845,28.97923076923077,3.409615384615385,3.688076923076923,329063.0400000001
2026-05-26,6200,99.53769230769232,99.52576923076924,0.5969230769230769,0.9752,97.494,86.43115384615385,33.27692307692308,2.7365384615384616,1.2846153846153845,304810.5599999999
2026-05-27,6200,98.2046153846154,99.66846153846154,0.4003846153846154,0.9721739130434782,97.16260869565215,85.7046153846154,33.5504,1.933076923076923,0.9615384615384616,321131.5199999999
2026-05-28,6200,99.44192307692308,99.60730769230769,0.445,0.975,97.49681818181816,85.5596153846154,31.17,2.773461538461538,1.2011538461538462,324388.79999999976
2026-05-29,6200,99.42,99.585,0.6246153846153847,0.9795652173913044,97.90086956521738,85.90115384615385,25.6276,2.3412,1.2503846153846152,316716.48000000004
2026-05-30,6200,99.2376923076923,99.60923076923078,0.5473076923076923,0.982608695652174,98.1713043478261,86.05153846153847,28.56230769230769,2.835384615384615,1.561923076923077,313338.2399999999
2026-05-31,6200,99.58153846153846,99.63615384615385,0.6503846153846153,0.9458333333333332,94.675,86.4523076923077,27.91230769230769,3.605769230769231,3.2584615384615385,304335.3599999999
2026-06-01,6200,99.58192307692308,99.61615384615384,0.7323076923076923,0.99,99.0456,86.36538461538461,26.36192307692308,3.803076923076923,3.817692307692308,306288.0000000001
2026-06-02,6200,99.58461538461538,99.59576923076922,0.7219230769230769,0.9872,98.686,86.78615384615385,24.03923076923077,4.065769230769231,4.543846153846154,296835.84
