{"type": "FeatureCollection", "features": [{"type": "Feature", "geometry": {"type": "Polygon", "coordinates": [[[13.223175651007686, 32.85593292443128], [13.221434241757434, 32.85095781545644], [13.225631389988173, 32.84724114928968], [13.23157006773092, 32.848499391573185], [13.233312014961712, 32.853474495462486], [13.229114746504097, 32.85719136216936], [13.223175651007686, 32.85593292443128]]]}, "properties": {"mcc": 606, "mnc": 0, "net_type": "GSM", "h3_r8": "88384b299dfffff", "sample_count": 3, "day_count": 1, "device_count": 1, "cell_count": 1, "spatial_bins_r9": 1, "median_dbm": -71.0, "p10_dbm": -71.0, "p90_dbm": -71.0, "median_lte_rsrp_dbm": null}}, {"type": "Feature", "geometry": {"type": "Polygon", "coordinates": [[[13.210273788181993, 32.834773384106086], [13.208533484422105, 32.82979804498498], [13.212729984152643, 32.8260815110498], [13.21866690815689, 32.82734011563605], [13.220407749781039, 32.83231544981569], [13.216211129571503, 32.836032184366104], [13.210273788181993, 32.834773384106086]]]}, "properties": {"mcc": 606, "mnc": 0, "net_type": "GSM", "h3_r8": "88384b29bdfffff", "sample_count": 8, "day_count": 1, "device_count": 1, "cell_count": 2, "spatial_bins_r9": 2, "median_dbm": -78.0, "p10_dbm": -80.4, "p90_dbm": -75.6, "median_lte_rsrp_dbm": null}}, {"type": "Feature", "geometry": {"type": "Polygon", "coordinates": [[[13.197986839662558, 32.878227608604035], [13.196246487382073, 32.873252637925496], [13.20044502548076, 32.86953745056887], [13.206384036766405, 32.87079703354282], [13.208124927481332, 32.875771999540994], [13.203926268511005, 32.87948738726113], [13.197986839662558, 32.878227608604035]]]}, "properties": {"mcc": 606, "mnc": 0, "net_type": "GSM", "h3_r8": "88384b29cbfffff", "sample_count": 5, "day_count": 1, "device_count": 1, "cell_count": 2, "spatial_bins_r9": 2, "median_dbm": -79.0, "p10_dbm": -80.6, "p90_dbm": -77.4, "median_lte_rsrp_dbm": null}}, {"type": "Feature", "geometry": {"type": "Polygon", "coordinates": [[[13.386082826459921, 32.88112529532012], [13.384331655979212, 32.87615088972383], [13.38852685454437, 32.87242792653695], [13.394473340081168, 32.87367916814822], [13.396225047405613, 32.878653566369714], [13.392029732384875, 32.88237673037025], [13.386082826459921, 32.88112529532012]]]}, "properties": {"mcc": 606, "mnc": 0, "net_type": "GSM", "h3_r8": "88384b2dc1fffff", "sample_count": 10, "day_count": 1, "device_count": 1, "cell_count": 1, "spatial_bins_r9": 2, "median_dbm": -74.0, "p10_dbm": -76.4, "p90_dbm": -71.6, "median_lte_rsrp_dbm": null}}, {"type": "Feature", "geometry": {"type": "Polygon", "coordinates": [[[13.37838541530013, 32.87489917212196], [13.376634793443367, 32.86992468489868], [13.380829875386082, 32.86620192253832], [13.386775695843328, 32.86745344659022], [13.38852685454437, 32.87242792653695], [13.384331655979212, 32.87615088972383], [13.37838541530013, 32.87489917212196]]]}, "properties": {"mcc": 606, "mnc": 0, "net_type": "GSM", "h3_r8": "88384b2dc5fffff", "sample_count": 7, "day_count": 1, "device_count": 1, "cell_count": 1, "spatial_bins_r9": 1, "median_dbm": -71.0, "p10_dbm": -71.0, "p90_dbm": -71.0, "median_lte_rsrp_dbm": null}}, {"type": "Feature", "geometry": {"type": "Polygon", "coordinates": [[[13.3024923640806, 32.90955842741219], [13.300745481631923, 32.90458404320962], [13.30494341618469, 32.900865102712764], [13.310888351711307, 32.90212034596845], [13.312635772033103, 32.90709472405097], [13.308437718990326, 32.91081386501338], [13.3024923640806, 32.90955842741219]]]}, "properties": {"mcc": 606, "mnc": 0, "net_type": "GSM", "h3_r8": "88384b2f27fffff", "sample_count": 6, "day_count": 1, "device_count": 1, "cell_count": 1, "spatial_bins_r9": 1, "median_dbm": -81.0, "p10_dbm": -81.0, "p90_dbm": -81.0, "median_lte_rsrp_dbm": null}}, {"type": "Feature", "geometry": {"type": "Polygon", "coordinates": [[[13.215495814566014, 32.8496990984962], [13.213754953227394, 32.8447239109499], [13.217951981065907, 32.84100744533565], [13.223889990670122, 32.842265966730736], [13.225631389988173, 32.84724114928968], [13.221434241757434, 32.85095781545644], [13.215495814566014, 32.8496990984962]]]}, "properties": {"mcc": 606, "mnc": 0, "net_type": "LTE", "h3_r8": "88384b2983fffff", "sample_count": 3, "day_count": 1, "device_count": 1, "cell_count": 2, "spatial_bins_r9": 1, "median_dbm": -111.0, "p10_dbm": -111.0, "p90_dbm": -111.0, "median_lte_rsrp_dbm": -123.0}}, {"type": "Feature", "geometry": {"type": "Polygon", "coordinates": [[[13.207817194417101, 32.8434649150142], [13.206076880900934, 32.83848964915547], [13.210273788181993, 32.834773384106086], [13.216211129571503, 32.836032184366104], [13.217951981065907, 32.84100744533565], [13.213754953227394, 32.8447239109499], [13.207817194417101, 32.8434649150142]]]}, "properties": {"mcc": 606, "mnc": 0, "net_type": "LTE", "h3_r8": "88384b2987fffff", "sample_count": 3, "day_count": 1, "device_count": 1, "cell_count": 1, "spatial_bins_r9": 1, "median_dbm": -107.0, "p10_dbm": -107.0, "p90_dbm": -107.0, "median_lte_rsrp_dbm": -118.0}}, {"type": "Feature", "geometry": {"type": "Polygon", "coordinates": [[[13.21303925019372, 32.858390408869276], [13.211298379036931, 32.853415294959305], [13.215495814566014, 32.8496990984962], [13.221434241757434, 32.85095781545644], [13.223175651007686, 32.85593292443128], [13.21897809500791, 32.85964932139654], [13.21303925019372, 32.858390408869276]]]}, "properties": {"mcc": 606, "mnc": 0, "net_type": "LTE", "h3_r8": "88384b298bfffff", "sample_count": 3, "day_count": 1, "device_count": 1, "cell_count": 3, "spatial_bins_r9": 1, "median_dbm": -111.0, "p10_dbm": -111.0, "p90_dbm": -111.0, "median_lte_rsrp_dbm": -116.0}}, {"type": "Feature", "geometry": {"type": "Polygon", "coordinates": [[[13.200139790547794, 32.837230374490986], [13.198400024764876, 32.832255030578835], [13.202596811323323, 32.82853896610668], [13.208533484422105, 32.82979804498498], [13.210273788181993, 32.834773384106086], [13.206076880900934, 32.83848964915547], [13.200139790547794, 32.837230374490986]]]}, "properties": {"mcc": 606, "mnc": 0, "net_type": "LTE", "h3_r8": "88384b29abfffff", "sample_count": 3, "day_count": 1, "device_count": 1, "cell_count": 1, "spatial_bins_r9": 1, "median_dbm": -109.0, "p10_dbm": -109.0, "p90_dbm": -109.0, "median_lte_rsrp_dbm": -124.0}}, {"type": "Feature", "geometry": {"type": "Polygon", "coordinates": [[[13.212729984152643, 32.8260815110498], [13.210989690175076, 32.82110609887948], [13.215185782416636, 32.81738929627357], [13.221122289071138, 32.81864770518791], [13.222863120799008, 32.82362311236452], [13.21866690815689, 32.82734011563605], [13.212729984152643, 32.8260815110498]]]}, "properties": {"mcc": 606, "mnc": 0, "net_type": "LTE", "h3_r8": "88384b29b5fffff", "sample_count": 3, "day_count": 1, "device_count": 1, "cell_count": 1, "spatial_bins_r9": 1, "median_dbm": -113.0, "p10_dbm": -113.0, "p90_dbm": -113.0, "median_lte_rsrp_dbm": -44.0}}, {"type": "Feature", "geometry": {"type": "Polygon", "coordinates": [[[13.20044502548076, 32.86953745056887], [13.198704682852215, 32.86456240577576], [13.202902813154129, 32.860846948673576], [13.208841406912493, 32.86210633596627], [13.210582287861385, 32.86708137602684], [13.206384036766405, 32.87079703354282], [13.20044502548076, 32.86953745056887]]]}, "properties": {"mcc": 606, "mnc": 0, "net_type": "LTE", "h3_r8": "88384b29c3fffff", "sample_count": 1, "day_count": 1, "device_count": 1, "cell_count": 1, "spatial_bins_r9": 1, "median_dbm": -113.0, "p10_dbm": -113.0, "p90_dbm": -113.0, "median_lte_rsrp_dbm": -44.0}}, {"type": "Feature", "geometry": {"type": "Polygon", "coordinates": [[[13.33012613390894, 32.87854628849356], [13.328378209111326, 32.87357169269268], [13.332574338172147, 32.86985100655944], [13.338518509832651, 32.87110471555206], [13.340266971932541, 32.87607930477596], [13.336070725104848, 32.87980019159977], [13.33012613390894, 32.87854628849356]]]}, "properties": {"mcc": 606, "mnc": 0, "net_type": "LTE", "h3_r8": "88384b2d01fffff", "sample_count": 2, "day_count": 1, "device_count": 1, "cell_count": 1, "spatial_bins_r9": 1, "median_dbm": -113.0, "p10_dbm": -113.0, "p90_dbm": -113.0, "median_lte_rsrp_dbm": -44.0}}, {"type": "Feature", "geometry": {"type": "Polygon", "coordinates": [[[13.319985252291339, 32.881012327263605], [13.318237864910133, 32.876037725036085], [13.322434284296927, 32.87231750806946], [13.328378209111326, 32.87357169269268], [13.33012613390894, 32.87854628849356], [13.32592959651091, 32.882266706113384], [13.319985252291339, 32.881012327263605]]]}, "properties": {"mcc": 606, "mnc": 0, "net_type": "LTE", "h3_r8": "88384b2d0dfffff", "sample_count": 2, "day_count": 1, "device_count": 1, "cell_count": 1, "spatial_bins_r9": 2, "median_dbm": -113.0, "p10_dbm": -113.0, "p90_dbm": -113.0, "median_lte_rsrp_dbm": -44.0}}, {"type": "Feature", "geometry": {"type": "Polygon", "coordinates": [[[13.312294187316342, 32.87478306480492], [13.310547348383237, 32.86980838196014], [13.314743649592499, 32.86608836565938], [13.320686907947541, 32.867342831553074], [13.322434284296927, 32.87231750806946], [13.318237864910133, 32.876037725036085], [13.312294187316342, 32.87478306480492]]]}, "properties": {"mcc": 606, "mnc": 0, "net_type": "LTE", "h3_r8": "88384b2d63fffff", "sample_count": 8, "day_count": 1, "device_count": 1, "cell_count": 1, "spatial_bins_r9": 2, "median_dbm": -113.0, "p10_dbm": -113.0, "p90_dbm": -113.0, "median_lte_rsrp_dbm": -44.0}}, {"type": "Feature", "geometry": {"type": "Polygon", "coordinates": [[[13.190609892461923, 32.90429601527156], [13.188869511382388, 32.89932126821441], [13.193069273240877, 32.89560689138304], [13.199009537321375, 32.89686706141184], [13.200750457177797, 32.90184180394503], [13.196550574211681, 32.90555638098894], [13.190609892461923, 32.90429601527156]]]}, "properties": {"mcc": 606, "mnc": 0, "net_type": "UMTS", "h3_r8": "88384b2807fffff", "sample_count": 6, "day_count": 1, "device_count": 1, "cell_count": 2, "spatial_bins_r9": 1, "median_dbm": -69.0, "p10_dbm": -69.0, "p90_dbm": -69.0, "median_lte_rsrp_dbm": null}}, {"type": "Feature", "geometry": {"type": "Polygon", "coordinates": [[[13.226258587521249, 32.911854433212056], [13.22451603202925, 32.90687985488167], [13.228715460794866, 32.90316413630617], [13.234657565375732, 32.90442279581249], [13.236400659421097, 32.90939736912157], [13.23220111036719, 32.91311328796119], [13.226258587521249, 32.911854433212056]]]}, "properties": {"mcc": 606, "mnc": 0, "net_type": "UMTS", "h3_r8": "88384b2813fffff", "sample_count": 25, "day_count": 1, "device_count": 1, "cell_count": 6, "spatial_bins_r9": 3, "median_dbm": -71.0, "p10_dbm": -78.2, "p90_dbm": -69.4, "median_lte_rsrp_dbm": null}}, {"type": "Feature", "geometry": {"type": "Polygon", "coordinates": [[[13.208432858935302, 32.908076357332156], [13.206691390639026, 32.90310169433536], [13.210890986408483, 32.899386646600675], [13.216832171207185, 32.90064606163991], [13.218574178168767, 32.90562071986406], [13.214374461701235, 32.90933596783717], [13.208432858935302, 32.908076357332156]]]}, "properties": {"mcc": 606, "mnc": 0, "net_type": "UMTS", "h3_r8": "88384b2815fffff", "sample_count": 17, "day_count": 1, "device_count": 1, "cell_count": 2, "spatial_bins_r9": 2, "median_dbm": -71.0, "p10_dbm": -71.0, "p90_dbm": -71.0, "median_lte_rsrp_dbm": null}}, {"type": "Feature", "geometry": {"type": "Polygon", "coordinates": [[[13.218574178168767, 32.90562071986406], [13.216832171207185, 32.90064606163991], [13.221031479518878, 32.89693054334084], [13.226972915281008, 32.898189483005034], [13.228715460794866, 32.90316413630617], [13.22451603202925, 32.90687985488167], [13.218574178168767, 32.90562071986406]]]}, "properties": {"mcc": 606, "mnc": 0, "net_type": "UMTS", "h3_r8": "88384b2817fffff", "sample_count": 23, "day_count": 1, "device_count": 1, "cell_count": 4, "spatial_bins_r9": 3, "median_dbm": -68.0, "p10_dbm": -75.2, "p90_dbm": -66.4, "median_lte_rsrp_dbm": null}}, {"type": "Feature", "geometry": {"type": "Polygon", "coordinates": [[[13.185389307111034, 32.8893716201521], [13.183649483866015, 32.88439671932326], [13.187848716548755, 32.880682272377136], [13.193787893705544, 32.88194252600034], [13.195528255611846, 32.886917422351324], [13.191328901734888, 32.89063206957252], [13.185389307111034, 32.8893716201521]]]}, "properties": {"mcc": 606, "mnc": 0, "net_type": "UMTS", "h3_r8": "88384b2823fffff", "sample_count": 31, "day_count": 1, "device_count": 1, "cell_count": 8, "spatial_bins_r9": 4, "median_dbm": -71.0, "p10_dbm": -78.6, "p90_dbm": -66.2, "median_lte_rsrp_dbm": null}}, {"type": "Feature", "geometry": {"type": "Polygon", "coordinates": [[[13.182929499256012, 32.898060622994954], [13.181189666525468, 32.89308579675873], [13.185389307111034, 32.8893716201521], [13.191328901734888, 32.89063206957252], [13.193069273240877, 32.89560689138304], [13.188869511382388, 32.89932126821441], [13.182929499256012, 32.898060622994954]]]}, "properties": {"mcc": 606, "mnc": 0, "net_type": "UMTS", "h3_r8": "88384b282bfffff", "sample_count": 16, "day_count": 1, "device_count": 1, "cell_count": 4, "spatial_bins_r9": 2, "median_dbm": -72.0, "p10_dbm": -72.8, "p90_dbm": -71.2, "median_lte_rsrp_dbm": null}}, {"type": "Feature", "geometry": {"type": "Polygon", "coordinates": [[[13.200750457177797, 32.90184180394503], [13.199009537321375, 32.89686706141184], [13.203209012227264, 32.89315221392779], [13.209149527888002, 32.89441190874185], [13.210890986408483, 32.899386646600675], [13.206691390639026, 32.90310169433536], [13.200750457177797, 32.90184180394503]]]}, "properties": {"mcc": 606, "mnc": 0, "net_type": "UMTS", "h3_r8": "88384b2839fffff", "sample_count": 22, "day_count": 1, "device_count": 1, "cell_count": 3, "spatial_bins_r9": 3, "median_dbm": -67.0, "p10_dbm": -67.0, "p90_dbm": -63.8, "median_lte_rsrp_dbm": null}}, {"type": "Feature", "geometry": {"type": "Polygon", "coordinates": [[[13.193069273240877, 32.89560689138304], [13.191328901734888, 32.89063206957252], [13.195528255611846, 32.886917422351324], [13.201468102058564, 32.88817739669336], [13.203209012227264, 32.89315221392779], [13.199009537321375, 32.89686706141184], [13.193069273240877, 32.89560689138304]]]}, "properties": {"mcc": 606, "mnc": 0, "net_type": "UMTS", "h3_r8": "88384b283dfffff", "sample_count": 7, "day_count": 1, "device_count": 1, "cell_count": 1, "spatial_bins_r9": 1, "median_dbm": -59.0, "p10_dbm": -59.0, "p90_dbm": -59.0, "median_lte_rsrp_dbm": null}}, {"type": "Feature", "geometry": {"type": "Polygon", "coordinates": [[[13.29480079409175, 32.90332832403019], [13.293054460355997, 32.898353858825786], [13.297252276252488, 32.89463511880704], [13.303196544576137, 32.89589064353012], [13.30494341618469, 32.900865102712764], [13.300745481631923, 32.90458404320962], [13.29480079409175, 32.90332832403019]]]}, "properties": {"mcc": 606, "mnc": 0, "net_type": "UMTS", "h3_r8": "88384b289bfffff", "sample_count": 4, "day_count": 1, "device_count": 1, "cell_count": 1, "spatial_bins_r9": 1, "median_dbm": -97.0, "p10_dbm": -97.0, "p90_dbm": -97.0, "median_lte_rsrp_dbm": null}}, {"type": "Feature", "geometry": {"type": "Polygon", "coordinates": [[[13.24622245821836, 32.8746322518975], [13.244479404698549, 32.86965738019145], [13.248676913113519, 32.86594011244153], [13.254617594813563, 32.86719751591032], [13.256361186316793, 32.87217238223626], [13.252163558171533, 32.87588985048906], [13.24622245821836, 32.8746322518975]]]}, "properties": {"mcc": 606, "mnc": 0, "net_type": "UMTS", "h3_r8": "88384b28a1fffff", "sample_count": 25, "day_count": 1, "device_count": 1, "cell_count": 4, "spatial_bins_r9": 3, "median_dbm": -83.0, "p10_dbm": -84.6, "p90_dbm": -82.2, "median_lte_rsrp_dbm": null}}, {"type": "Feature", "geometry": {"type": "Polygon", "coordinates": [[[13.256361186316793, 32.87217238223626], [13.254617594813563, 32.86719751591032], [13.258814814937834, 32.863479778469916], [13.264755746086566, 32.86473670683033], [13.266499875459889, 32.86971156762575], [13.262302535849388, 32.87342950560681], [13.256361186316793, 32.87217238223626]]]}, "properties": {"mcc": 606, "mnc": 0, "net_type": "UMTS", "h3_r8": "88384b28a3fffff", "sample_count": 20, "day_count": 1, "device_count": 1, "cell_count": 4, "spatial_bins_r9": 4, "median_dbm": -74.0, "p10_dbm": -83.9, "p90_dbm": -69.0, "median_lte_rsrp_dbm": null}}, {"type": "Feature", "geometry": {"type": "Polygon", "coordinates": [[[13.238538972821118, 32.868399501637676], [13.236796467480238, 32.863424550582955], [13.240993855999296, 32.859707483348345], [13.246933869790102, 32.8609651666687], [13.248676913113519, 32.86594011244153], [13.244479404698549, 32.86965738019145], [13.238538972821118, 32.868399501637676]]]}, "properties": {"mcc": 606, "mnc": 0, "net_type": "UMTS", "h3_r8": "88384b28a5fffff", "sample_count": 12, "day_count": 1, "device_count": 1, "cell_count": 2, "spatial_bins_r9": 2, "median_dbm": -78.0, "p10_dbm": -83.6, "p90_dbm": -72.4, "median_lte_rsrp_dbm": null}}, {"type": "Feature", "geometry": {"type": "Polygon", "coordinates": [[[13.236083691799307, 32.87709117650601], [13.234341176376132, 32.872116299570216], [13.238538972821118, 32.868399501637676], [13.244479404698549, 32.86965738019145], [13.24622245821836, 32.8746322518975], [13.242024541799047, 32.87834925029508], [13.236083691799307, 32.87709117650601]]]}, "properties": {"mcc": 606, "mnc": 0, "net_type": "UMTS", "h3_r8": "88384b28adfffff", "sample_count": 3, "day_count": 1, "device_count": 1, "cell_count": 2, "spatial_bins_r9": 2, "median_dbm": -74.0, "p10_dbm": -76.4, "p90_dbm": -71.6, "median_lte_rsrp_dbm": null}}, {"type": "Feature", "geometry": {"type": "Polygon", "coordinates": [[[13.274186151840619, 32.875942996743184], [13.272441474197837, 32.87096821575197], [13.27663852501294, 32.86724980816974], [13.282580372582139, 32.86850598102837], [13.284325587982181, 32.873480756240475], [13.280128418090802, 32.87719936438858], [13.274186151840619, 32.875942996743184]]]}, "properties": {"mcc": 606, "mnc": 0, "net_type": "UMTS", "h3_r8": "88384b28b1fffff", "sample_count": 17, "day_count": 1, "device_count": 1, "cell_count": 4, "spatial_bins_r9": 2, "median_dbm": -76.5, "p10_dbm": -79.3, "p90_dbm": -73.7, "median_lte_rsrp_dbm": null}}, {"type": "Feature", "geometry": {"type": "Polygon", "coordinates": [[[13.284325587982181, 32.873480756240475], [13.282580372582139, 32.86850598102837], [13.286777134341238, 32.86478710397212], [13.292719230367556, 32.86604280154005], [13.294464983411226, 32.871017570822715], [13.290268102820017, 32.87473664848243], [13.284325587982181, 32.873480756240475]]]}, "properties": {"mcc": 606, "mnc": 0, "net_type": "UMTS", "h3_r8": "88384b28b3fffff", "sample_count": 27, "day_count": 1, "device_count": 1, "cell_count": 6, "spatial_bins_r9": 4, "median_dbm": -75.5, "p10_dbm": -77.0, "p90_dbm": -69.1, "median_lte_rsrp_dbm": null}}, {"type": "Feature", "geometry": {"type": "Polygon", "coordinates": [[[13.266499875459889, 32.86971156762575], [13.264755746086566, 32.86473670683033], [13.268952677659515, 32.86101849982644], [13.274893857882946, 32.862274953055156], [13.27663852501294, 32.86724980816974], [13.272441474197837, 32.87096821575197], [13.266499875459889, 32.86971156762575]]]}, "properties": {"mcc": 606, "mnc": 0, "net_type": "UMTS", "h3_r8": "88384b28b5fffff", "sample_count": 17, "day_count": 1, "device_count": 1, "cell_count": 2, "spatial_bins_r9": 2, "median_dbm": -77.0, "p10_dbm": -80.2, "p90_dbm": -73.8, "median_lte_rsrp_dbm": null}}, {"type": "Feature", "geometry": {"type": "Polygon", "coordinates": [[[13.264046675621376, 32.87840429222675], [13.262302535849388, 32.87342950560681], [13.266499875459889, 32.86971156762575], [13.272441474197837, 32.87096821575197], [13.274186151840619, 32.875942996743184], [13.269988692909681, 32.87966113525242], [13.264046675621376, 32.87840429222675]]]}, "properties": {"mcc": 606, "mnc": 0, "net_type": "UMTS", "h3_r8": "88384b28bdfffff", "sample_count": 3, "day_count": 1, "device_count": 1, "cell_count": 3, "spatial_bins_r9": 1, "median_dbm": -73.0, "p10_dbm": -73.0, "p90_dbm": -73.0, "median_lte_rsrp_dbm": null}}, {"type": "Feature", "geometry": {"type": "Polygon", "coordinates": [[[13.244087075410265, 32.91563024128111], [13.24234343274421, 32.910655748223185], [13.246542693590897, 32.90693935886984], [13.25248571701686, 32.90819726230028], [13.25422989812394, 32.913171750088196], [13.250030517399027, 32.91688833973122], [13.244087075410265, 32.91563024128111]]]}, "properties": {"mcc": 606, "mnc": 0, "net_type": "UMTS", "h3_r8": "88384b28c1fffff", "sample_count": 5, "day_count": 1, "device_count": 1, "cell_count": 2, "spatial_bins_r9": 1, "median_dbm": -63.0, "p10_dbm": -63.0, "p90_dbm": -63.0, "median_lte_rsrp_dbm": null}}, {"type": "Feature", "geometry": {"type": "Polygon", "coordinates": [[[13.25422989812394, 32.913171750088196], [13.25248571701686, 32.90819726230028], [13.25668468939531, 32.90448040255993], [13.26262796254973, 32.905737830295564], [13.264372681984398, 32.910712312663144], [13.260173589972075, 32.91442937273097], [13.25422989812394, 32.913171750088196]]]}, "properties": {"mcc": 606, "mnc": 0, "net_type": "UMTS", "h3_r8": "88384b28c3fffff", "sample_count": 16, "day_count": 1, "device_count": 1, "cell_count": 3, "spatial_bins_r9": 2, "median_dbm": -78.0, "p10_dbm": -78.8, "p90_dbm": -77.2, "median_lte_rsrp_dbm": null}}, {"type": "Feature", "geometry": {"type": "Polygon", "coordinates": [[[13.236400659421097, 32.90939736912157], [13.234657565375732, 32.90442279581249], [13.238856706178387, 32.90070660676117], [13.244799061105413, 32.90196479073246], [13.246542693590897, 32.90693935886984], [13.24234343274421, 32.910655748223185], [13.236400659421097, 32.90939736912157]]]}, "properties": {"mcc": 606, "mnc": 0, "net_type": "UMTS", "h3_r8": "88384b28c5fffff", "sample_count": 18, "day_count": 1, "device_count": 1, "cell_count": 3, "spatial_bins_r9": 3, "median_dbm": -75.0, "p10_dbm": -79.8, "p90_dbm": -65.4, "median_lte_rsrp_dbm": null}}, {"type": "Feature", "geometry": {"type": "Polygon", "coordinates": [[[13.246542693590897, 32.90693935886984], [13.244799061105413, 32.90196479073246], [13.248997913684097, 32.89824813133198], [13.254940518583037, 32.899505839744585], [13.25668468939531, 32.90448040255993], [13.25248571701686, 32.90819726230028], [13.246542693590897, 32.90693935886984]]]}, "properties": {"mcc": 606, "mnc": 0, "net_type": "UMTS", "h3_r8": "88384b28c7fffff", "sample_count": 15, "day_count": 1, "device_count": 1, "cell_count": 3, "spatial_bins_r9": 2, "median_dbm": -70.0, "p10_dbm": -72.4, "p90_dbm": -67.6, "median_lte_rsrp_dbm": null}}, {"type": "Feature", "geometry": {"type": "Polygon", "coordinates": [[[13.282205423160187, 32.91448299605865], [13.280459616799485, 32.909508600067014], [13.284658130603752, 32.90579059953042], [13.290602569782818, 32.907046794610544], [13.292348914244434, 32.912021184782816], [13.28815028146118, 32.91573938570986], [13.282205423160187, 32.91448299605865]]]}, "properties": {"mcc": 606, "mnc": 0, "net_type": "UMTS", "h3_r8": "88384b28d3fffff", "sample_count": 18, "day_count": 1, "device_count": 1, "cell_count": 2, "spatial_bins_r9": 2, "median_dbm": -91.0, "p10_dbm": -92.6, "p90_dbm": -89.4, "median_lte_rsrp_dbm": null}}, {"type": "Feature", "geometry": {"type": "Polygon", "coordinates": [[[13.264372681984398, 32.910712312663144], [13.26262796254973, 32.905737830295564], [13.266826646198986, 32.902020500295066], [13.272770168707455, 32.90327745231247], [13.274515426356155, 32.90825192910935], [13.270316623317399, 32.91196945947507], [13.264372681984398, 32.910712312663144]]]}, "properties": {"mcc": 606, "mnc": 0, "net_type": "UMTS", "h3_r8": "88384b28d5fffff", "sample_count": 31, "day_count": 1, "device_count": 1, "cell_count": 5, "spatial_bins_r9": 3, "median_dbm": -73.0, "p10_dbm": -76.2, "p90_dbm": -72.2, "median_lte_rsrp_dbm": null}}, {"type": "Feature", "geometry": {"type": "Polygon", "coordinates": [[[13.274515426356155, 32.90825192910935], [13.272770168707455, 32.90327745231247], [13.276968563366616, 32.89955965217879], [13.282912334854664, 32.9008161284546], [13.284658130603752, 32.90579059953042], [13.280459616799485, 32.909508600067014], [13.274515426356155, 32.90825192910935]]]}, "properties": {"mcc": 606, "mnc": 0, "net_type": "UMTS", "h3_r8": "88384b28d7fffff", "sample_count": 25, "day_count": 1, "device_count": 1, "cell_count": 3, "spatial_bins_r9": 2, "median_dbm": -89.5, "p10_dbm": -90.7, "p90_dbm": -88.3, "median_lte_rsrp_dbm": null}}, {"type": "Feature", "geometry": {"type": "Polygon", "coordinates": [[[13.215495814566014, 32.8496990984962], [13.213754953227394, 32.8447239109499], [13.217951981065907, 32.84100744533565], [13.223889990670122, 32.842265966730736], [13.225631389988173, 32.84724114928968], [13.221434241757434, 32.85095781545644], [13.215495814566014, 32.8496990984962]]]}, "properties": {"mcc": 606, "mnc": 0, "net_type": "UMTS", "h3_r8": "88384b2983fffff", "sample_count": 108, "day_count": 1, "device_count": 1, "cell_count": 12, "spatial_bins_r9": 3, "median_dbm": -79.0, "p10_dbm": -85.4, "p90_dbm": -71.0, "median_lte_rsrp_dbm": null}}, {"type": "Feature", "geometry": {"type": "Polygon", "coordinates": [[[13.197682371881024, 32.84592144051026], [13.195942596455811, 32.84094616991274], [13.200139790547794, 32.837230374490986], [13.206076880900934, 32.83848964915547], [13.207817194417101, 32.8434649150142], [13.203619879523984, 32.84718091096279], [13.197682371881024, 32.84592144051026]]]}, "properties": {"mcc": 606, "mnc": 0, "net_type": "UMTS", "h3_r8": "88384b2985fffff", "sample_count": 7, "day_count": 1, "device_count": 1, "cell_count": 3, "spatial_bins_r9": 1, "median_dbm": -81.0, "p10_dbm": -81.0, "p90_dbm": -81.0, "median_lte_rsrp_dbm": null}}, {"type": "Feature", "geometry": {"type": "Polygon", "coordinates": [[[13.207817194417101, 32.8434649150142], [13.206076880900934, 32.83848964915547], [13.210273788181993, 32.834773384106086], [13.216211129571503, 32.836032184366104], [13.217951981065907, 32.84100744533565], [13.213754953227394, 32.8447239109499], [13.207817194417101, 32.8434649150142]]]}, "properties": {"mcc": 606, "mnc": 0, "net_type": "UMTS", "h3_r8": "88384b2987fffff", "sample_count": 38, "day_count": 1, "device_count": 1, "cell_count": 10, "spatial_bins_r9": 5, "median_dbm": -74.0, "p10_dbm": -76.8, "p90_dbm": -73.0, "median_lte_rsrp_dbm": null}}, {"type": "Feature", "geometry": {"type": "Polygon", "coordinates": [[[13.202902813154129, 32.860846948673576], [13.201162480203623, 32.855871829978874], [13.205360202770361, 32.85215610334604], [13.211298379036931, 32.853415294959305], [13.21303925019372, 32.858390408869276], [13.208841406912493, 32.86210633596627], [13.202902813154129, 32.860846948673576]]]}, "properties": {"mcc": 606, "mnc": 0, "net_type": "UMTS", "h3_r8": "88384b2989fffff", "sample_count": 32, "day_count": 1, "device_count": 1, "cell_count": 9, "spatial_bins_r9": 2, "median_dbm": -82.5, "p10_dbm": -86.9, "p90_dbm": -78.1, "median_lte_rsrp_dbm": null}}, {"type": "Feature", "geometry": {"type": "Polygon", "coordinates": [[[13.21303925019372, 32.858390408869276], [13.211298379036931, 32.853415294959305], [13.215495814566014, 32.8496990984962], [13.221434241757434, 32.85095781545644], [13.223175651007686, 32.85593292443128], [13.21897809500791, 32.85964932139654], [13.21303925019372, 32.858390408869276]]]}, "properties": {"mcc": 606, "mnc": 0, "net_type": "UMTS", "h3_r8": "88384b298bfffff", "sample_count": 152, "day_count": 1, "device_count": 1, "cell_count": 9, "spatial_bins_r9": 2, "median_dbm": -77.0, "p10_dbm": -78.6, "p90_dbm": -75.4, "median_lte_rsrp_dbm": null}}, {"type": "Feature", "geometry": {"type": "Polygon", "coordinates": [[[13.230856703755117, 32.86216639231368], [13.229114746504097, 32.85719136216936], [13.233312014961712, 32.853474495462486], [13.239251360766705, 32.85473245838774], [13.240993855999296, 32.859707483348345], [13.236796467480238, 32.863424550582955], [13.230856703755117, 32.86216639231368]]]}, "properties": {"mcc": 606, "mnc": 0, "net_type": "UMTS", "h3_r8": "88384b2999fffff", "sample_count": 6, "day_count": 1, "device_count": 1, "cell_count": 3, "spatial_bins_r9": 1, "median_dbm": -67.0, "p10_dbm": -67.0, "p90_dbm": -67.0, "median_lte_rsrp_dbm": null}}, {"type": "Feature", "geometry": {"type": "Polygon", "coordinates": [[[13.223175651007686, 32.85593292443128], [13.221434241757434, 32.85095781545644], [13.225631389988173, 32.84724114928968], [13.23157006773092, 32.848499391573185], [13.233312014961712, 32.853474495462486], [13.229114746504097, 32.85719136216936], [13.223175651007686, 32.85593292443128]]]}, "properties": {"mcc": 606, "mnc": 0, "net_type": "UMTS", "h3_r8": "88384b299dfffff", "sample_count": 25, "day_count": 1, "device_count": 1, "cell_count": 9, "spatial_bins_r9": 3, "median_dbm": -70.0, "p10_dbm": -88.4, "p90_dbm": -69.2, "median_lte_rsrp_dbm": null}}, {"type": "Feature", "geometry": {"type": "Polygon", "coordinates": [[[13.202596811323323, 32.82853896610668], [13.200857055208772, 32.82356354909303], [13.205053434295193, 32.81984721578548], [13.210989690175076, 32.82110609887948], [13.212729984152643, 32.8260815110498], [13.208533484422105, 32.82979804498498], [13.202596811323323, 32.82853896610668]]]}, "properties": {"mcc": 606, "mnc": 0, "net_type": "UMTS", "h3_r8": "88384b29a3fffff", "sample_count": 31, "day_count": 1, "device_count": 1, "cell_count": 3, "spatial_bins_r9": 2, "median_dbm": -78.0, "p10_dbm": -82.0, "p90_dbm": -74.0, "median_lte_rsrp_dbm": null}}, {"type": "Feature", "geometry": {"type": "Polygon", "coordinates": [[[13.200139790547794, 32.837230374490986], [13.198400024764876, 32.832255030578835], [13.202596811323323, 32.82853896610668], [13.208533484422105, 32.82979804498498], [13.210273788181993, 32.834773384106086], [13.206076880900934, 32.83848964915547], [13.200139790547794, 32.837230374490986]]]}, "properties": {"mcc": 606, "mnc": 0, "net_type": "UMTS", "h3_r8": "88384b29abfffff", "sample_count": 20, "day_count": 1, "device_count": 1, "cell_count": 4, "spatial_bins_r9": 2, "median_dbm": -76.0, "p10_dbm": -76.8, "p90_dbm": -75.2, "median_lte_rsrp_dbm": null}}, {"type": "Feature", "geometry": {"type": "Polygon", "coordinates": [[[13.212729984152643, 32.8260815110498], [13.210989690175076, 32.82110609887948], [13.215185782416636, 32.81738929627357], [13.221122289071138, 32.81864770518791], [13.222863120799008, 32.82362311236452], [13.21866690815689, 32.82734011563605], [13.212729984152643, 32.8260815110498]]]}, "properties": {"mcc": 606, "mnc": 0, "net_type": "UMTS", "h3_r8": "88384b29b5fffff", "sample_count": 25, "day_count": 1, "device_count": 1, "cell_count": 9, "spatial_bins_r9": 1, "median_dbm": -85.0, "p10_dbm": -85.0, "p90_dbm": -85.0, "median_lte_rsrp_dbm": null}}, {"type": "Feature", "geometry": {"type": "Polygon", "coordinates": [[[13.217951981065907, 32.84100744533565], [13.216211129571503, 32.836032184366104], [13.220407749781039, 32.83231544981569], [13.226345341833603, 32.833573775647515], [13.228086731193427, 32.83854903157748], [13.223889990670122, 32.842265966730736], [13.217951981065907, 32.84100744533565]]]}, "properties": {"mcc": 606, "mnc": 0, "net_type": "UMTS", "h3_r8": "88384b29b9fffff", "sample_count": 29, "day_count": 1, "device_count": 1, "cell_count": 6, "spatial_bins_r9": 2, "median_dbm": -74.0, "p10_dbm": -74.8, "p90_dbm": -73.2, "median_lte_rsrp_dbm": null}}, {"type": "Feature", "geometry": {"type": "Polygon", "coordinates": [[[13.210273788181993, 32.834773384106086], [13.208533484422105, 32.82979804498498], [13.212729984152643, 32.8260815110498], [13.21866690815689, 32.82734011563605], [13.220407749781039, 32.83231544981569], [13.216211129571503, 32.836032184366104], [13.210273788181993, 32.834773384106086]]]}, "properties": {"mcc": 606, "mnc": 0, "net_type": "UMTS", "h3_r8": "88384b29bdfffff", "sample_count": 99, "day_count": 1, "device_count": 1, "cell_count": 9, "spatial_bins_r9": 6, "median_dbm": -79.0, "p10_dbm": -84.0, "p90_dbm": -73.0, "median_lte_rsrp_dbm": null}}, {"type": "Feature", "geometry": {"type": "Polygon", "coordinates": [[[13.20044502548076, 32.86953745056887], [13.198704682852215, 32.86456240577576], [13.202902813154129, 32.860846948673576], [13.208841406912493, 32.86210633596627], [13.210582287861385, 32.86708137602684], [13.206384036766405, 32.87079703354282], [13.20044502548076, 32.86953745056887]]]}, "properties": {"mcc": 606, "mnc": 0, "net_type": "UMTS", "h3_r8": "88384b29c3fffff", "sample_count": 30, "day_count": 1, "device_count": 1, "cell_count": 6, "spatial_bins_r9": 5, "median_dbm": -71.0, "p10_dbm": -76.4, "p90_dbm": -67.8, "median_lte_rsrp_dbm": null}}, {"type": "Feature", "geometry": {"type": "Polygon", "coordinates": [[[13.187848716548755, 32.880682272377136], [13.186108902815436, 32.87570729716861], [13.190307727656919, 32.87199258009772], [13.196246487382073, 32.873252637925496], [13.197986839662558, 32.878227608604035], [13.193787893705544, 32.88194252600034], [13.187848716548755, 32.880682272377136]]]}, "properties": {"mcc": 606, "mnc": 0, "net_type": "UMTS", "h3_r8": "88384b29c9fffff", "sample_count": 15, "day_count": 1, "device_count": 1, "cell_count": 3, "spatial_bins_r9": 2, "median_dbm": -80.0, "p10_dbm": -82.4, "p90_dbm": -77.6, "median_lte_rsrp_dbm": null}}, {"type": "Feature", "geometry": {"type": "Polygon", "coordinates": [[[13.197986839662558, 32.878227608604035], [13.196246487382073, 32.873252637925496], [13.20044502548076, 32.86953745056887], [13.206384036766405, 32.87079703354282], [13.208124927481332, 32.875771999540994], [13.203926268511005, 32.87948738726113], [13.197986839662558, 32.878227608604035]]]}, "properties": {"mcc": 606, "mnc": 0, "net_type": "UMTS", "h3_r8": "88384b29cbfffff", "sample_count": 14, "day_count": 1, "device_count": 1, "cell_count": 2, "spatial_bins_r9": 2, "median_dbm": -78.0, "p10_dbm": -78.8, "p90_dbm": -77.2, "median_lte_rsrp_dbm": null}}, {"type": "Feature", "geometry": {"type": "Polygon", "coordinates": [[[13.218262979370426, 32.87331544529044], [13.21652155033389, 32.86834048412303], [13.220719514164323, 32.86462435657418], [13.226659027449996, 32.86588298976878], [13.22840099469522, 32.87085794595503], [13.224202910480976, 32.874574273943395], [13.218262979370426, 32.87331544529044]]]}, "properties": {"mcc": 606, "mnc": 0, "net_type": "UMTS", "h3_r8": "88384b29d1fffff", "sample_count": 9, "day_count": 1, "device_count": 1, "cell_count": 2, "spatial_bins_r9": 1, "median_dbm": -61.0, "p10_dbm": -61.0, "p90_dbm": -61.0, "median_lte_rsrp_dbm": null}}, {"type": "Feature", "geometry": {"type": "Polygon", "coordinates": [[[13.22840099469522, 32.87085794595503], [13.226659027449996, 32.86588298976878], [13.230856703755117, 32.86216639231368], [13.236796467480238, 32.863424550582955], [13.238538972821118, 32.868399501637676], [13.234341176376132, 32.872116299570216], [13.22840099469522, 32.87085794595503]]]}, "properties": {"mcc": 606, "mnc": 0, "net_type": "UMTS", "h3_r8": "88384b29d3fffff", "sample_count": 27, "day_count": 1, "device_count": 1, "cell_count": 4, "spatial_bins_r9": 3, "median_dbm": -75.0, "p10_dbm": -76.6, "p90_dbm": -71.8, "median_lte_rsrp_dbm": null}}, {"type": "Feature", "geometry": {"type": "Polygon", "coordinates": [[[13.210582287861385, 32.86708137602684], [13.208841406912493, 32.86210633596627], [13.21303925019372, 32.858390408869276], [13.21897809500791, 32.85964932139654], [13.220719514164323, 32.86462435657418], [13.21652155033389, 32.86834048412303], [13.210582287861385, 32.86708137602684]]]}, "properties": {"mcc": 606, "mnc": 0, "net_type": "UMTS", "h3_r8": "88384b29d5fffff", "sample_count": 4, "day_count": 1, "device_count": 1, "cell_count": 2, "spatial_bins_r9": 1, "median_dbm": -79.0, "p10_dbm": -79.0, "p90_dbm": -79.0, "median_lte_rsrp_dbm": null}}, {"type": "Feature", "geometry": {"type": "Polygon", "coordinates": [[[13.220719514164323, 32.86462435657418], [13.21897809500791, 32.85964932139654], [13.223175651007686, 32.85593292443128], [13.229114746504097, 32.85719136216936], [13.230856703755117, 32.86216639231368], [13.226659027449996, 32.86588298976878], [13.220719514164323, 32.86462435657418]]]}, "properties": {"mcc": 606, "mnc": 0, "net_type": "UMTS", "h3_r8": "88384b29d7fffff", "sample_count": 45, "day_count": 1, "device_count": 1, "cell_count": 11, "spatial_bins_r9": 4, "median_dbm": -75.0, "p10_dbm": -77.8, "p90_dbm": -72.2, "median_lte_rsrp_dbm": null}}, {"type": "Feature", "geometry": {"type": "Polygon", "coordinates": [[[13.371049653812427, 32.90098886532869], [13.369298997036237, 32.89601460195238], [13.373495304601029, 32.89229264394551], [13.37944238583314, 32.89354474865378], [13.381193579796296, 32.89851900490976], [13.37699715537571, 32.902241163593324], [13.371049653812427, 32.90098886532869]]]}, "properties": {"mcc": 606, "mnc": 0, "net_type": "UMTS", "h3_r8": "88384b2c21fffff", "sample_count": 15, "day_count": 1, "device_count": 1, "cell_count": 2, "spatial_bins_r9": 2, "median_dbm": -78.0, "p10_dbm": -78.8, "p90_dbm": -77.2, "median_lte_rsrp_dbm": null}}, {"type": "Feature", "geometry": {"type": "Polygon", "coordinates": [[[13.381193579796296, 32.89851900490976], [13.37944238583314, 32.89354474865378], [13.383638401573146, 32.8898223215872], [13.389585727922743, 32.891073950078315], [13.391337458958105, 32.896048199063614], [13.38714132660702, 32.899770826844], [13.381193579796296, 32.89851900490976]]]}, "properties": {"mcc": 606, "mnc": 0, "net_type": "UMTS", "h3_r8": "88384b2c23fffff", "sample_count": 23, "day_count": 1, "device_count": 1, "cell_count": 4, "spatial_bins_r9": 3, "median_dbm": -63.0, "p10_dbm": -75.8, "p90_dbm": -63.0, "median_lte_rsrp_dbm": null}}, {"type": "Feature", "geometry": {"type": "Polygon", "coordinates": [[[13.363352161296682, 32.894762021049125], [13.361602053321977, 32.88978767582197], [13.365798243864178, 32.88606591850463], [13.37174465943898, 32.88731830574042], [13.373495304601029, 32.89229264394551], [13.369298997036237, 32.89601460195238], [13.363352161296682, 32.894762021049125]]]}, "properties": {"mcc": 606, "mnc": 0, "net_type": "UMTS", "h3_r8": "88384b2c25fffff", "sample_count": 17, "day_count": 1, "device_count": 1, "cell_count": 2, "spatial_bins_r9": 2, "median_dbm": -61.5, "p10_dbm": -65.1, "p90_dbm": -57.9, "median_lte_rsrp_dbm": null}}, {"type": "Feature", "geometry": {"type": "Polygon", "coordinates": [[[13.33012613390894, 32.87854628849356], [13.328378209111326, 32.87357169269268], [13.332574338172147, 32.86985100655944], [13.338518509832651, 32.87110471555206], [13.340266971932541, 32.87607930477596], [13.336070725104848, 32.87980019159977], [13.33012613390894, 32.87854628849356]]]}, "properties": {"mcc": 606, "mnc": 0, "net_type": "UMTS", "h3_r8": "88384b2d01fffff", "sample_count": 147, "day_count": 3, "device_count": 1, "cell_count": 14, "spatial_bins_r9": 4, "median_dbm": -81.0, "p10_dbm": -91.0, "p90_dbm": -71.7, "median_lte_rsrp_dbm": null}}, {"type": "Feature", "geometry": {"type": "Polygon", "coordinates": [[[13.340266971932541, 32.87607930477596], [13.338518509832651, 32.87110471555206], [13.342714348307117, 32.86738356037999], [13.348658766439153, 32.86863679371949], [13.350407765727086, 32.87361137621608], [13.346211809730157, 32.877332732116024], [13.340266971932541, 32.87607930477596]]]}, "properties": {"mcc": 606, "mnc": 0, "net_type": "UMTS", "h3_r8": "88384b2d03fffff", "sample_count": 55, "day_count": 2, "device_count": 1, "cell_count": 6, "spatial_bins_r9": 3, "median_dbm": -66.0, "p10_dbm": -71.0, "p90_dbm": -57.0, "median_lte_rsrp_dbm": null}}, {"type": "Feature", "geometry": {"type": "Polygon", "coordinates": [[[13.332574338172147, 32.86985100655944], [13.33082642452052, 32.8648763365218], [13.33502214530608, 32.861155382090345], [13.340965897467369, 32.86240889697144], [13.342714348307117, 32.86738356037999], [13.338518509832651, 32.87110471555206], [13.332574338172147, 32.86985100655944]]]}, "properties": {"mcc": 606, "mnc": 0, "net_type": "UMTS", "h3_r8": "88384b2d07fffff", "sample_count": 24, "day_count": 1, "device_count": 1, "cell_count": 5, "spatial_bins_r9": 1, "median_dbm": -79.0, "p10_dbm": -79.0, "p90_dbm": -79.0, "median_lte_rsrp_dbm": null}}, {"type": "Feature", "geometry": {"type": "Polygon", "coordinates": [[[13.319985252291339, 32.881012327263605], [13.318237864910133, 32.876037725036085], [13.322434284296927, 32.87231750806946], [13.328378209111326, 32.87357169269268], [13.33012613390894, 32.87854628849356], [13.32592959651091, 32.882266706113384], [13.319985252291339, 32.881012327263605]]]}, "properties": {"mcc": 606, "mnc": 0, "net_type": "UMTS", "h3_r8": "88384b2d0dfffff", "sample_count": 12, "day_count": 1, "device_count": 1, "cell_count": 1, "spatial_bins_r9": 3, "median_dbm": -73.0, "p10_dbm": -74.6, "p90_dbm": -73.0, "median_lte_rsrp_dbm": null}}, {"type": "Feature", "geometry": {"type": "Polygon", "coordinates": [[[13.358102397576122, 32.87983882909288], [13.356352849751728, 32.87486432776751], [13.36054851465754, 32.87114250291935], [13.366493844534482, 32.87239497865978], [13.368243929432332, 32.877369473009274], [13.364048147415064, 32.881091498609734], [13.358102397576122, 32.87983882909288]]]}, "properties": {"mcc": 606, "mnc": 0, "net_type": "UMTS", "h3_r8": "88384b2d11fffff", "sample_count": 37, "day_count": 2, "device_count": 1, "cell_count": 5, "spatial_bins_r9": 2, "median_dbm": -73.5, "p10_dbm": -77.5, "p90_dbm": -72.3, "median_lte_rsrp_dbm": null}}, {"type": "Feature", "geometry": {"type": "Polygon", "coordinates": [[[13.368243929432332, 32.877369473009274], [13.366493844534482, 32.87239497865978], [13.370689218088872, 32.86867268499145], [13.376634793443367, 32.86992468489868], [13.37838541530013, 32.87489917212196], [13.374189924878785, 32.87862166657973], [13.368243929432332, 32.877369473009274]]]}, "properties": {"mcc": 606, "mnc": 0, "net_type": "UMTS", "h3_r8": "88384b2d13fffff", "sample_count": 45, "day_count": 2, "device_count": 1, "cell_count": 4, "spatial_bins_r9": 4, "median_dbm": -77.0, "p10_dbm": -82.2, "p90_dbm": -73.0, "median_lte_rsrp_dbm": null}}, {"type": "Feature", "geometry": {"type": "Polygon", "coordinates": [[[13.350407765727086, 32.87361137621608], [13.348658766439153, 32.86863679371949], [13.352854314066912, 32.86491516963643], [13.358798978295903, 32.8661679273004], [13.36054851465754, 32.87114250291935], [13.356352849751728, 32.87486432776751], [13.350407765727086, 32.87361137621608]]]}, "properties": {"mcc": 606, "mnc": 0, "net_type": "UMTS", "h3_r8": "88384b2d15fffff", "sample_count": 32, "day_count": 2, "device_count": 1, "cell_count": 6, "spatial_bins_r9": 2, "median_dbm": -70.0, "p10_dbm": -79.4, "p90_dbm": -64.8, "median_lte_rsrp_dbm": null}}, {"type": "Feature", "geometry": {"type": "Polygon", "coordinates": [[[13.315085996247177, 32.89840093568246], [13.313338586879759, 32.893426482671906], [13.31753582297067, 32.889706803277306], [13.323480586631558, 32.8909613763557], [13.325228533643804, 32.895935823043786], [13.32103117938552, 32.89965570299147], [13.315085996247177, 32.89840093568246]]]}, "properties": {"mcc": 606, "mnc": 0, "net_type": "UMTS", "h3_r8": "88384b2d41fffff", "sample_count": 27, "day_count": 1, "device_count": 1, "cell_count": 5, "spatial_bins_r9": 3, "median_dbm": -81.0, "p10_dbm": -82.6, "p90_dbm": -77.8, "median_lte_rsrp_dbm": null}}, {"type": "Feature", "geometry": {"type": "Polygon", "coordinates": [[[13.325228533643804, 32.895935823043786], [13.323480586631558, 32.8909613763557], [13.327677532428735, 32.88724122746441], [13.333622543196253, 32.88849532468625], [13.33537102773918, 32.89346976490154], [13.331173964019104, 32.8971901143833], [13.325228533643804, 32.895935823043786]]]}, "properties": {"mcc": 606, "mnc": 0, "net_type": "UMTS", "h3_r8": "88384b2d43fffff", "sample_count": 25, "day_count": 1, "device_count": 1, "cell_count": 5, "spatial_bins_r9": 2, "median_dbm": -76.0, "p10_dbm": -76.8, "p90_dbm": -75.2, "median_lte_rsrp_dbm": null}}, {"type": "Feature", "geometry": {"type": "Polygon", "coordinates": [[[13.312635772033103, 32.90709472405097], [13.310888351711307, 32.90212034596845], [13.315085996247177, 32.89840093568246], [13.32103117938552, 32.89965570299147], [13.322779137466387, 32.904630074803585], [13.318581374685026, 32.908349685592604], [13.312635772033103, 32.90709472405097]]]}, "properties": {"mcc": 606, "mnc": 0, "net_type": "UMTS", "h3_r8": "88384b2d49fffff", "sample_count": 3, "day_count": 1, "device_count": 1, "cell_count": 1, "spatial_bins_r9": 1, "median_dbm": -81.0, "p10_dbm": -81.0, "p90_dbm": -81.0, "median_lte_rsrp_dbm": null}}, {"type": "Feature", "geometry": {"type": "Polygon", "coordinates": [[[13.30494341618469, 32.900865102712764], [13.303196544576137, 32.89589064353012], [13.307394070700179, 32.89217143375974], [13.313338586879759, 32.893426482671906], [13.315085996247177, 32.89840093568246], [13.310888351711307, 32.90212034596845], [13.30494341618469, 32.900865102712764]]]}, "properties": {"mcc": 606, "mnc": 0, "net_type": "UMTS", "h3_r8": "88384b2d4dfffff", "sample_count": 1, "day_count": 1, "device_count": 1, "cell_count": 1, "spatial_bins_r9": 1, "median_dbm": -81.0, "p10_dbm": -81.0, "p90_dbm": -81.0, "median_lte_rsrp_dbm": null}}, {"type": "Feature", "geometry": {"type": "Polygon", "coordinates": [[[13.343065738233133, 32.89969793906919], [13.341316704976657, 32.89472358024888], [13.34551347789792, 32.89100276136074], [13.351459401622742, 32.89225610069332], [13.353208972295551, 32.8972304527922], [13.349012081862474, 32.90095147229546], [13.343065738233133, 32.89969793906919]]]}, "properties": {"mcc": 606, "mnc": 0, "net_type": "UMTS", "h3_r8": "88384b2d51fffff", "sample_count": 15, "day_count": 1, "device_count": 1, "cell_count": 2, "spatial_bins_r9": 2, "median_dbm": -72.0, "p10_dbm": -72.8, "p90_dbm": -71.2, "median_lte_rsrp_dbm": null}}, {"type": "Feature", "geometry": {"type": "Polygon", "coordinates": [[[13.353208972295551, 32.8972304527922], [13.351459401622742, 32.89225610069332], [13.355655883484701, 32.88853481252661], [13.361602053321977, 32.88978767582197], [13.363352161296682, 32.894762021049125], [13.359155562167498, 32.89848350986817], [13.353208972295551, 32.8972304527922]]]}, "properties": {"mcc": 606, "mnc": 0, "net_type": "UMTS", "h3_r8": "88384b2d53fffff", "sample_count": 25, "day_count": 1, "device_count": 1, "cell_count": 3, "spatial_bins_r9": 3, "median_dbm": -67.0, "p10_dbm": -70.2, "p90_dbm": -67.0, "median_lte_rsrp_dbm": null}}, {"type": "Feature", "geometry": {"type": "Polygon", "coordinates": [[[13.33537102773918, 32.89346976490154], [13.333622543196253, 32.88849532468625], [13.337819198439142, 32.88477470642593], [13.34376445593856, 32.88602832776857], [13.34551347789792, 32.89100276136074], [13.341316704976657, 32.89472358024888], [13.33537102773918, 32.89346976490154]]]}, "properties": {"mcc": 606, "mnc": 0, "net_type": "UMTS", "h3_r8": "88384b2d55fffff", "sample_count": 6, "day_count": 1, "device_count": 1, "cell_count": 2, "spatial_bins_r9": 1, "median_dbm": -71.0, "p10_dbm": -71.0, "p90_dbm": -71.0, "median_lte_rsrp_dbm": null}}, {"type": "Feature", "geometry": {"type": "Polygon", "coordinates": [[[13.332922459744905, 32.902164479774676], [13.331173964019104, 32.8971901143833], [13.33537102773918, 32.89346976490154], [13.341316704976657, 32.89472358024888], [13.343065738233133, 32.89969793906919], [13.338868556756678, 32.90341848912875], [13.332922459744905, 32.902164479774676]]]}, "properties": {"mcc": 606, "mnc": 0, "net_type": "UMTS", "h3_r8": "88384b2d5dfffff", "sample_count": 15, "day_count": 1, "device_count": 1, "cell_count": 2, "spatial_bins_r9": 2, "median_dbm": -75.0, "p10_dbm": -79.8, "p90_dbm": -70.2, "median_lte_rsrp_dbm": null}}, {"type": "Feature", "geometry": {"type": "Polygon", "coordinates": [[[13.302154047865344, 32.87724767666097], [13.30040774646245, 32.872272987638155], [13.304604337492934, 32.86855344059418], [13.310547348383237, 32.86980838196014], [13.312294187316342, 32.87478306480492], [13.308097477864054, 32.87850281247731], [13.302154047865344, 32.87724767666097]]]}, "properties": {"mcc": 606, "mnc": 0, "net_type": "UMTS", "h3_r8": "88384b2d61fffff", "sample_count": 22, "day_count": 1, "device_count": 1, "cell_count": 4, "spatial_bins_r9": 3, "median_dbm": -69.0, "p10_dbm": -73.8, "p90_dbm": -67.4, "median_lte_rsrp_dbm": null}}, {"type": "Feature", "geometry": {"type": "Polygon", "coordinates": [[[13.312294187316342, 32.87478306480492], [13.310547348383237, 32.86980838196014], [13.314743649592499, 32.86608836565938], [13.320686907947541, 32.867342831553074], [13.322434284296927, 32.87231750806946], [13.318237864910133, 32.876037725036085], [13.312294187316342, 32.87478306480492]]]}, "properties": {"mcc": 606, "mnc": 0, "net_type": "UMTS", "h3_r8": "88384b2d63fffff", "sample_count": 9, "day_count": 1, "device_count": 1, "cell_count": 2, "spatial_bins_r9": 2, "median_dbm": -65.0, "p10_dbm": -66.6, "p90_dbm": -63.4, "median_lte_rsrp_dbm": null}}, {"type": "Feature", "geometry": {"type": "Polygon", "coordinates": [[[13.294464983411226, 32.871017570822715], [13.292719230367556, 32.86604280154005], [13.29691570281012, 32.86232345513711], [13.302858046919363, 32.863578677391324], [13.304604337492934, 32.86855344059418], [13.30040774646245, 32.872272987638155], [13.294464983411226, 32.871017570822715]]]}, "properties": {"mcc": 606, "mnc": 0, "net_type": "UMTS", "h3_r8": "88384b2d65fffff", "sample_count": 15, "day_count": 1, "device_count": 1, "cell_count": 2, "spatial_bins_r9": 2, "median_dbm": -69.0, "p10_dbm": -70.6, "p90_dbm": -67.4, "median_lte_rsrp_dbm": null}}, {"type": "Feature", "geometry": {"type": "Polygon", "coordinates": [[[13.386082826459921, 32.88112529532012], [13.384331655979212, 32.87615088972383], [13.38852685454437, 32.87242792653695], [13.394473340081168, 32.87367916814822], [13.396225047405613, 32.878653566369714], [13.392029732384875, 32.88237673037025], [13.386082826459921, 32.88112529532012]]]}, "properties": {"mcc": 606, "mnc": 0, "net_type": "UMTS", "h3_r8": "88384b2dc1fffff", "sample_count": 79, "day_count": 2, "device_count": 1, "cell_count": 8, "spatial_bins_r9": 4, "median_dbm": -85.0, "p10_dbm": -89.8, "p90_dbm": -74.2, "median_lte_rsrp_dbm": null}}, {"type": "Feature", "geometry": {"type": "Polygon", "coordinates": [[[13.37838541530013, 32.87489917212196], [13.376634793443367, 32.86992468489868], [13.380829875386082, 32.86620192253832], [13.386775695843328, 32.86745344659022], [13.38852685454437, 32.87242792653695], [13.384331655979212, 32.87615088972383], [13.37838541530013, 32.87489917212196]]]}, "properties": {"mcc": 606, "mnc": 0, "net_type": "UMTS", "h3_r8": "88384b2dc5fffff", "sample_count": 48, "day_count": 2, "device_count": 1, "cell_count": 4, "spatial_bins_r9": 3, "median_dbm": -72.0, "p10_dbm": -75.0, "p90_dbm": -70.0, "median_lte_rsrp_dbm": null}}, {"type": "Feature", "geometry": {"type": "Polygon", "coordinates": [[[13.383638401573146, 32.8898223215872], [13.381887219338395, 32.88484799055449], [13.386082826459921, 32.88112529532012], [13.392029732384875, 32.88237673037025], [13.393781451577585, 32.88735105408022], [13.389585727922743, 32.891073950078315], [13.383638401573146, 32.8898223215872]]]}, "properties": {"mcc": 606, "mnc": 0, "net_type": "UMTS", "h3_r8": "88384b2dc9fffff", "sample_count": 45, "day_count": 2, "device_count": 1, "cell_count": 8, "spatial_bins_r9": 3, "median_dbm": -73.0, "p10_dbm": -78.6, "p90_dbm": -64.2, "median_lte_rsrp_dbm": null}}, {"type": "Feature", "geometry": {"type": "Polygon", "coordinates": [[[13.393781451577585, 32.88735105408022], [13.392029732384875, 32.88237673037025], [13.396225047405613, 32.878653566369714], [13.40217219794309, 32.87990452529395], [13.403924453978917, 32.8848788415309], [13.39972902266953, 32.888602206332145], [13.393781451577585, 32.88735105408022]]]}, "properties": {"mcc": 606, "mnc": 0, "net_type": "UMTS", "h3_r8": "88384b2dcbfffff", "sample_count": 17, "day_count": 2, "device_count": 1, "cell_count": 4, "spatial_bins_r9": 1, "median_dbm": -78.5, "p10_dbm": -79.7, "p90_dbm": -77.3, "median_lte_rsrp_dbm": null}}, {"type": "Feature", "geometry": {"type": "Polygon", "coordinates": [[[13.292348914244434, 32.912021184782816], [13.290602569782818, 32.907046794610544], [13.29480079409175, 32.90332832403019], [13.300745481631923, 32.90458404320962], [13.3024923640806, 32.90955842741219], [13.298294021037165, 32.91327709842056], [13.292348914244434, 32.912021184782816]]]}, "properties": {"mcc": 606, "mnc": 0, "net_type": "UMTS", "h3_r8": "88384b2f25fffff", "sample_count": 17, "day_count": 1, "device_count": 1, "cell_count": 2, "spatial_bins_r9": 3, "median_dbm": -77.0, "p10_dbm": -86.6, "p90_dbm": -77.0, "median_lte_rsrp_dbm": null}}, {"type": "Feature", "geometry": {"type": "Polygon", "coordinates": [[[13.3024923640806, 32.90955842741219], [13.300745481631923, 32.90458404320962], [13.30494341618469, 32.900865102712764], [13.310888351711307, 32.90212034596845], [13.312635772033103, 32.90709472405097], [13.308437718990326, 32.91081386501338], [13.3024923640806, 32.90955842741219]]]}, "properties": {"mcc": 606, "mnc": 0, "net_type": "UMTS", "h3_r8": "88384b2f27fffff", "sample_count": 1, "day_count": 1, "device_count": 1, "cell_count": 1, "spatial_bins_r9": 1, "median_dbm": -97.0, "p10_dbm": -97.0, "p90_dbm": -97.0, "median_lte_rsrp_dbm": null}}, {"type": "Feature", "geometry": {"type": "Polygon", "coordinates": [[[13.190609892461923, 32.90429601527156], [13.188869511382388, 32.89932126821441], [13.193069273240877, 32.89560689138304], [13.199009537321375, 32.89686706141184], [13.200750457177797, 32.90184180394503], [13.196550574211681, 32.90555638098894], [13.190609892461923, 32.90429601527156]]]}, "properties": {"mcc": 606, "mnc": 1, "net_type": "LTE", "h3_r8": "88384b2807fffff", "sample_count": 6, "day_count": 1, "device_count": 1, "cell_count": 1, "spatial_bins_r9": 1, "median_dbm": -69.0, "p10_dbm": -69.0, "p90_dbm": -69.0, "median_lte_rsrp_dbm": -79.0}}, {"type": "Feature", "geometry": {"type": "Polygon", "coordinates": [[[13.226258587521249, 32.911854433212056], [13.22451603202925, 32.90687985488167], [13.228715460794866, 32.90316413630617], [13.234657565375732, 32.90442279581249], [13.236400659421097, 32.90939736912157], [13.23220111036719, 32.91311328796119], [13.226258587521249, 32.911854433212056]]]}, "properties": {"mcc": 606, "mnc": 1, "net_type": "LTE", "h3_r8": "88384b2813fffff", "sample_count": 32, "day_count": 2, "device_count": 2, "cell_count": 3, "spatial_bins_r9": 3, "median_dbm": -70.0, "p10_dbm": -79.0, "p90_dbm": -57.0, "median_lte_rsrp_dbm": -91.0}}, {"type": "Feature", "geometry": {"type": "Polygon", "coordinates": [[[13.208432858935302, 32.908076357332156], [13.206691390639026, 32.90310169433536], [13.210890986408483, 32.899386646600675], [13.216832171207185, 32.90064606163991], [13.218574178168767, 32.90562071986406], [13.214374461701235, 32.90933596783717], [13.208432858935302, 32.908076357332156]]]}, "properties": {"mcc": 606, "mnc": 1, "net_type": "LTE", "h3_r8": "88384b2815fffff", "sample_count": 17, "day_count": 1, "device_count": 1, "cell_count": 3, "spatial_bins_r9": 2, "median_dbm": -83.0, "p10_dbm": -83.0, "p90_dbm": -83.0, "median_lte_rsrp_dbm": -101.0}}, {"type": "Feature", "geometry": {"type": "Polygon", "coordinates": [[[13.218574178168767, 32.90562071986406], [13.216832171207185, 32.90064606163991], [13.221031479518878, 32.89693054334084], [13.226972915281008, 32.898189483005034], [13.228715460794866, 32.90316413630617], [13.22451603202925, 32.90687985488167], [13.218574178168767, 32.90562071986406]]]}, "properties": {"mcc": 606, "mnc": 1, "net_type": "LTE", "h3_r8": "88384b2817fffff", "sample_count": 23, "day_count": 1, "device_count": 1, "cell_count": 3, "spatial_bins_r9": 3, "median_dbm": -69.0, "p10_dbm": -73.8, "p90_dbm": -67.4, "median_lte_rsrp_dbm": -82.0}}, {"type": "Feature", "geometry": {"type": "Polygon", "coordinates": [[[13.185389307111034, 32.8893716201521], [13.183649483866015, 32.88439671932326], [13.187848716548755, 32.880682272377136], [13.193787893705544, 32.88194252600034], [13.195528255611846, 32.886917422351324], [13.191328901734888, 32.89063206957252], [13.185389307111034, 32.8893716201521]]]}, "properties": {"mcc": 606, "mnc": 1, "net_type": "LTE", "h3_r8": "88384b2823fffff", "sample_count": 31, "day_count": 1, "device_count": 1, "cell_count": 6, "spatial_bins_r9": 4, "median_dbm": -64.0, "p10_dbm": -70.6, "p90_dbm": -61.6, "median_lte_rsrp_dbm": -82.0}}, {"type": "Feature", "geometry": {"type": "Polygon", "coordinates": [[[13.172789690907637, 32.90051340866158], [13.171050397065155, 32.89553857815003], [13.17525032409823, 32.8918248722841], [13.181189666525468, 32.89308579675873], [13.182929499256012, 32.898060622994954], [13.17872945070605, 32.90177452904743], [13.172789690907637, 32.90051340866158]]]}, "properties": {"mcc": 606, "mnc": 1, "net_type": "LTE", "h3_r8": "88384b2829fffff", "sample_count": 11, "day_count": 1, "device_count": 1, "cell_count": 1, "spatial_bins_r9": 2, "median_dbm": -61.0, "p10_dbm": -69.0, "p90_dbm": -53.0, "median_lte_rsrp_dbm": -89.0}}, {"type": "Feature", "geometry": {"type": "Polygon", "coordinates": [[[13.182929499256012, 32.898060622994954], [13.181189666525468, 32.89308579675873], [13.185389307111034, 32.8893716201521], [13.191328901734888, 32.89063206957252], [13.193069273240877, 32.89560689138304], [13.188869511382388, 32.89932126821441], [13.182929499256012, 32.898060622994954]]]}, "properties": {"mcc": 606, "mnc": 1, "net_type": "LTE", "h3_r8": "88384b282bfffff", "sample_count": 16, "day_count": 1, "device_count": 1, "cell_count": 4, "spatial_bins_r9": 2, "median_dbm": -68.0, "p10_dbm": -68.8, "p90_dbm": -67.2, "median_lte_rsrp_dbm": -81.0}}, {"type": "Feature", "geometry": {"type": "Polygon", "coordinates": [[[13.165111307208253, 32.89427717864549], [13.163372561623598, 32.88930226931216], [13.167572366974634, 32.88558876364487], [13.17351103962713, 32.88684996712782], [13.17525032409823, 32.8918248722841], [13.171050397065155, 32.89553857815003], [13.165111307208253, 32.89427717864549]]]}, "properties": {"mcc": 606, "mnc": 1, "net_type": "LTE", "h3_r8": "88384b282dfffff", "sample_count": 10, "day_count": 1, "device_count": 1, "cell_count": 2, "spatial_bins_r9": 2, "median_dbm": -55.0, "p10_dbm": -55.0, "p90_dbm": -55.0, "median_lte_rsrp_dbm": -87.0}}, {"type": "Feature", "geometry": {"type": "Polygon", "coordinates": [[[13.200750457177797, 32.90184180394503], [13.199009537321375, 32.89686706141184], [13.203209012227264, 32.89315221392779], [13.209149527888002, 32.89441190874185], [13.210890986408483, 32.899386646600675], [13.206691390639026, 32.90310169433536], [13.200750457177797, 32.90184180394503]]]}, "properties": {"mcc": 606, "mnc": 1, "net_type": "LTE", "h3_r8": "88384b2839fffff", "sample_count": 22, "day_count": 1, "device_count": 1, "cell_count": 3, "spatial_bins_r9": 3, "median_dbm": -73.0, "p10_dbm": -74.6, "p90_dbm": -69.8, "median_lte_rsrp_dbm": -90.0}}, {"type": "Feature", "geometry": {"type": "Polygon", "coordinates": [[[13.193069273240877, 32.89560689138304], [13.191328901734888, 32.89063206957252], [13.195528255611846, 32.886917422351324], [13.201468102058564, 32.88817739669336], [13.203209012227264, 32.89315221392779], [13.199009537321375, 32.89686706141184], [13.193069273240877, 32.89560689138304]]]}, "properties": {"mcc": 606, "mnc": 1, "net_type": "LTE", "h3_r8": "88384b283dfffff", "sample_count": 7, "day_count": 1, "device_count": 1, "cell_count": 2, "spatial_bins_r9": 1, "median_dbm": -63.0, "p10_dbm": -63.0, "p90_dbm": -63.0, "median_lte_rsrp_dbm": -75.0}}, {"type": "Feature", "geometry": {"type": "Polygon", "coordinates": [[[13.170328659115034, 32.909201599463024], [13.168589355927377, 32.904226843809056], [13.172789690907637, 32.90051340866158], [13.17872945070605, 32.90177452904743], [13.180469292895966, 32.90674928047819], [13.176268836319998, 32.91046291576187], [13.170328659115034, 32.909201599463024]]]}, "properties": {"mcc": 606, "mnc": 1, "net_type": "LTE", "h3_r8": "88384b2863fffff", "sample_count": 2, "day_count": 1, "device_count": 1, "cell_count": 1, "spatial_bins_r9": 1, "median_dbm": -71.0, "p10_dbm": -71.0, "p90_dbm": -71.0, "median_lte_rsrp_dbm": -80.0}}, {"type": "Feature", "geometry": {"type": "Polygon", "coordinates": [[[13.16264984883072, 32.90296524828114], [13.160911093988842, 32.89799041364467], [13.165111307208253, 32.89427717864549], [13.171050397065155, 32.89553857815003], [13.172789690907637, 32.90051340866158], [13.168589355927377, 32.904226843809056], [13.16264984883072, 32.90296524828114]]]}, "properties": {"mcc": 606, "mnc": 1, "net_type": "LTE", "h3_r8": "88384b2867fffff", "sample_count": 6, "day_count": 1, "device_count": 1, "cell_count": 2, "spatial_bins_r9": 2, "median_dbm": -70.0, "p10_dbm": -70.8, "p90_dbm": -69.2, "median_lte_rsrp_dbm": -96.0}}, {"type": "Feature", "geometry": {"type": "Polygon", "coordinates": [[[13.29480079409175, 32.90332832403019], [13.293054460355997, 32.898353858825786], [13.297252276252488, 32.89463511880704], [13.303196544576137, 32.89589064353012], [13.30494341618469, 32.900865102712764], [13.300745481631923, 32.90458404320962], [13.29480079409175, 32.90332832403019]]]}, "properties": {"mcc": 606, "mnc": 1, "net_type": "LTE", "h3_r8": "88384b289bfffff", "sample_count": 9, "day_count": 2, "device_count": 2, "cell_count": 2, "spatial_bins_r9": 1, "median_dbm": -84.0, "p10_dbm": -107.2, "p90_dbm": -60.8, "median_lte_rsrp_dbm": -77.0}}, {"type": "Feature", "geometry": {"type": "Polygon", "coordinates": [[[13.24622245821836, 32.8746322518975], [13.244479404698549, 32.86965738019145], [13.248676913113519, 32.86594011244153], [13.254617594813563, 32.86719751591032], [13.256361186316793, 32.87217238223626], [13.252163558171533, 32.87588985048906], [13.24622245821836, 32.8746322518975]]]}, "properties": {"mcc": 606, "mnc": 1, "net_type": "LTE", "h3_r8": "88384b28a1fffff", "sample_count": 17, "day_count": 1, "device_count": 1, "cell_count": 3, "spatial_bins_r9": 3, "median_dbm": -65.0, "p10_dbm": -69.8, "p90_dbm": -65.0, "median_lte_rsrp_dbm": -76.0}}, {"type": "Feature", "geometry": {"type": "Polygon", "coordinates": [[[13.256361186316793, 32.87217238223626], [13.254617594813563, 32.86719751591032], [13.258814814937834, 32.863479778469916], [13.264755746086566, 32.86473670683033], [13.266499875459889, 32.86971156762575], [13.262302535849388, 32.87342950560681], [13.256361186316793, 32.87217238223626]]]}, "properties": {"mcc": 606, "mnc": 1, "net_type": "LTE", "h3_r8": "88384b28a3fffff", "sample_count": 20, "day_count": 1, "device_count": 1, "cell_count": 4, "spatial_bins_r9": 4, "median_dbm": -72.0, "p10_dbm": -77.2, "p90_dbm": -71.0, "median_lte_rsrp_dbm": -88.0}}, {"type": "Feature", "geometry": {"type": "Polygon", "coordinates": [[[13.238538972821118, 32.868399501637676], [13.236796467480238, 32.863424550582955], [13.240993855999296, 32.859707483348345], [13.246933869790102, 32.8609651666687], [13.248676913113519, 32.86594011244153], [13.244479404698549, 32.86965738019145], [13.238538972821118, 32.868399501637676]]]}, "properties": {"mcc": 606, "mnc": 1, "net_type": "LTE", "h3_r8": "88384b28a5fffff", "sample_count": 12, "day_count": 1, "device_count": 1, "cell_count": 2, "spatial_bins_r9": 2, "median_dbm": -64.5, "p10_dbm": -67.3, "p90_dbm": -61.7, "median_lte_rsrp_dbm": -77.25}}, {"type": "Feature", "geometry": {"type": "Polygon", "coordinates": [[[13.236083691799307, 32.87709117650601], [13.234341176376132, 32.872116299570216], [13.238538972821118, 32.868399501637676], [13.244479404698549, 32.86965738019145], [13.24622245821836, 32.8746322518975], [13.242024541799047, 32.87834925029508], [13.236083691799307, 32.87709117650601]]]}, "properties": {"mcc": 606, "mnc": 1, "net_type": "LTE", "h3_r8": "88384b28adfffff", "sample_count": 3, "day_count": 1, "device_count": 1, "cell_count": 1, "spatial_bins_r9": 2, "median_dbm": -88.0, "p10_dbm": -108.0, "p90_dbm": -68.0, "median_lte_rsrp_dbm": -60.0}}, {"type": "Feature", "geometry": {"type": "Polygon", "coordinates": [[[13.274186151840619, 32.875942996743184], [13.272441474197837, 32.87096821575197], [13.27663852501294, 32.86724980816974], [13.282580372582139, 32.86850598102837], [13.284325587982181, 32.873480756240475], [13.280128418090802, 32.87719936438858], [13.274186151840619, 32.875942996743184]]]}, "properties": {"mcc": 606, "mnc": 1, "net_type": "LTE", "h3_r8": "88384b28b1fffff", "sample_count": 17, "day_count": 1, "device_count": 1, "cell_count": 4, "spatial_bins_r9": 2, "median_dbm": -68.5, "p10_dbm": -68.9, "p90_dbm": -68.1, "median_lte_rsrp_dbm": -86.25}}, {"type": "Feature", "geometry": {"type": "Polygon", "coordinates": [[[13.284325587982181, 32.873480756240475], [13.282580372582139, 32.86850598102837], [13.286777134341238, 32.86478710397212], [13.292719230367556, 32.86604280154005], [13.294464983411226, 32.871017570822715], [13.290268102820017, 32.87473664848243], [13.284325587982181, 32.873480756240475]]]}, "properties": {"mcc": 606, "mnc": 1, "net_type": "LTE", "h3_r8": "88384b28b3fffff", "sample_count": 26, "day_count": 1, "device_count": 1, "cell_count": 4, "spatial_bins_r9": 4, "median_dbm": -80.5, "p10_dbm": -84.1, "p90_dbm": -79.0, "median_lte_rsrp_dbm": -95.0}}, {"type": "Feature", "geometry": {"type": "Polygon", "coordinates": [[[13.266499875459889, 32.86971156762575], [13.264755746086566, 32.86473670683033], [13.268952677659515, 32.86101849982644], [13.274893857882946, 32.862274953055156], [13.27663852501294, 32.86724980816974], [13.272441474197837, 32.87096821575197], [13.266499875459889, 32.86971156762575]]]}, "properties": {"mcc": 606, "mnc": 1, "net_type": "LTE", "h3_r8": "88384b28b5fffff", "sample_count": 14, "day_count": 1, "device_count": 1, "cell_count": 2, "spatial_bins_r9": 2, "median_dbm": -64.0, "p10_dbm": -64.8, "p90_dbm": -63.2, "median_lte_rsrp_dbm": -78.0}}, {"type": "Feature", "geometry": {"type": "Polygon", "coordinates": [[[13.264046675621376, 32.87840429222675], [13.262302535849388, 32.87342950560681], [13.266499875459889, 32.86971156762575], [13.272441474197837, 32.87096821575197], [13.274186151840619, 32.875942996743184], [13.269988692909681, 32.87966113525242], [13.264046675621376, 32.87840429222675]]]}, "properties": {"mcc": 606, "mnc": 1, "net_type": "LTE", "h3_r8": "88384b28bdfffff", "sample_count": 2, "day_count": 1, "device_count": 1, "cell_count": 2, "spatial_bins_r9": 1, "median_dbm": -71.0, "p10_dbm": -71.0, "p90_dbm": -71.0, "median_lte_rsrp_dbm": -84.0}}, {"type": "Feature", "geometry": {"type": "Polygon", "coordinates": [[[13.244087075410265, 32.91563024128111], [13.24234343274421, 32.910655748223185], [13.246542693590897, 32.90693935886984], [13.25248571701686, 32.90819726230028], [13.25422989812394, 32.913171750088196], [13.250030517399027, 32.91688833973122], [13.244087075410265, 32.91563024128111]]]}, "properties": {"mcc": 606, "mnc": 1, "net_type": "LTE", "h3_r8": "88384b28c1fffff", "sample_count": 5, "day_count": 1, "device_count": 1, "cell_count": 2, "spatial_bins_r9": 1, "median_dbm": -75.0, "p10_dbm": -75.0, "p90_dbm": -75.0, "median_lte_rsrp_dbm": -102.0}}, {"type": "Feature", "geometry": {"type": "Polygon", "coordinates": [[[13.25422989812394, 32.913171750088196], [13.25248571701686, 32.90819726230028], [13.25668468939531, 32.90448040255993], [13.26262796254973, 32.905737830295564], [13.264372681984398, 32.910712312663144], [13.260173589972075, 32.91442937273097], [13.25422989812394, 32.913171750088196]]]}, "properties": {"mcc": 606, "mnc": 1, "net_type": "LTE", "h3_r8": "88384b28c3fffff", "sample_count": 20, "day_count": 2, "device_count": 2, "cell_count": 3, "spatial_bins_r9": 2, "median_dbm": -67.0, "p10_dbm": -68.6, "p90_dbm": -63.8, "median_lte_rsrp_dbm": -83.0}}, {"type": "Feature", "geometry": {"type": "Polygon", "coordinates": [[[13.236400659421097, 32.90939736912157], [13.234657565375732, 32.90442279581249], [13.238856706178387, 32.90070660676117], [13.244799061105413, 32.90196479073246], [13.246542693590897, 32.90693935886984], [13.24234343274421, 32.910655748223185], [13.236400659421097, 32.90939736912157]]]}, "properties": {"mcc": 606, "mnc": 1, "net_type": "LTE", "h3_r8": "88384b28c5fffff", "sample_count": 18, "day_count": 1, "device_count": 1, "cell_count": 4, "spatial_bins_r9": 3, "median_dbm": -75.0, "p10_dbm": -79.8, "p90_dbm": -75.0, "median_lte_rsrp_dbm": -95.0}}, {"type": "Feature", "geometry": {"type": "Polygon", "coordinates": [[[13.246542693590897, 32.90693935886984], [13.244799061105413, 32.90196479073246], [13.248997913684097, 32.89824813133198], [13.254940518583037, 32.899505839744585], [13.25668468939531, 32.90448040255993], [13.25248571701686, 32.90819726230028], [13.246542693590897, 32.90693935886984]]]}, "properties": {"mcc": 606, "mnc": 1, "net_type": "LTE", "h3_r8": "88384b28c7fffff", "sample_count": 15, "day_count": 1, "device_count": 1, "cell_count": 2, "spatial_bins_r9": 2, "median_dbm": -74.5, "p10_dbm": -74.9, "p90_dbm": -74.1, "median_lte_rsrp_dbm": -92.5}}, {"type": "Feature", "geometry": {"type": "Polygon", "coordinates": [[[13.282205423160187, 32.91448299605865], [13.280459616799485, 32.909508600067014], [13.284658130603752, 32.90579059953042], [13.290602569782818, 32.907046794610544], [13.292348914244434, 32.912021184782816], [13.28815028146118, 32.91573938570986], [13.282205423160187, 32.91448299605865]]]}, "properties": {"mcc": 606, "mnc": 1, "net_type": "LTE", "h3_r8": "88384b28d3fffff", "sample_count": 28, "day_count": 2, "device_count": 2, "cell_count": 4, "spatial_bins_r9": 2, "median_dbm": -81.0, "p10_dbm": -89.0, "p90_dbm": -63.199999999999996, "median_lte_rsrp_dbm": -107.0}}, {"type": "Feature", "geometry": {"type": "Polygon", "coordinates": [[[13.264372681984398, 32.910712312663144], [13.26262796254973, 32.905737830295564], [13.266826646198986, 32.902020500295066], [13.272770168707455, 32.90327745231247], [13.274515426356155, 32.90825192910935], [13.270316623317399, 32.91196945947507], [13.264372681984398, 32.910712312663144]]]}, "properties": {"mcc": 606, "mnc": 1, "net_type": "LTE", "h3_r8": "88384b28d5fffff", "sample_count": 40, "day_count": 2, "device_count": 2, "cell_count": 5, "spatial_bins_r9": 3, "median_dbm": -73.0, "p10_dbm": -76.2, "p90_dbm": -63.8, "median_lte_rsrp_dbm": -91.0}}, {"type": "Feature", "geometry": {"type": "Polygon", "coordinates": [[[13.274515426356155, 32.90825192910935], [13.272770168707455, 32.90327745231247], [13.276968563366616, 32.89955965217879], [13.282912334854664, 32.9008161284546], [13.284658130603752, 32.90579059953042], [13.280459616799485, 32.909508600067014], [13.274515426356155, 32.90825192910935]]]}, "properties": {"mcc": 606, "mnc": 1, "net_type": "LTE", "h3_r8": "88384b28d7fffff", "sample_count": 27, "day_count": 2, "device_count": 2, "cell_count": 2, "spatial_bins_r9": 2, "median_dbm": -80.0, "p10_dbm": -83.8, "p90_dbm": -79.0, "median_lte_rsrp_dbm": -98.5}}, {"type": "Feature", "geometry": {"type": "Polygon", "coordinates": [[[13.154972257075945, 32.89672853913462], [13.15323405049016, 32.89175362577463], [13.157434141783662, 32.88804059093581], [13.163372561623598, 32.88930226931216], [13.165111307208253, 32.89427717864549], [13.160911093988842, 32.89799041364467], [13.154972257075945, 32.89672853913462]]]}, "properties": {"mcc": 606, "mnc": 1, "net_type": "LTE", "h3_r8": "88384b295bfffff", "sample_count": 6, "day_count": 1, "device_count": 1, "cell_count": 3, "spatial_bins_r9": 1, "median_dbm": -69.0, "p10_dbm": -69.0, "p90_dbm": -69.0, "median_lte_rsrp_dbm": -99.0}}, {"type": "Feature", "geometry": {"type": "Polygon", "coordinates": [[[13.215495814566014, 32.8496990984962], [13.213754953227394, 32.8447239109499], [13.217951981065907, 32.84100744533565], [13.223889990670122, 32.842265966730736], [13.225631389988173, 32.84724114928968], [13.221434241757434, 32.85095781545644], [13.215495814566014, 32.8496990984962]]]}, "properties": {"mcc": 606, "mnc": 1, "net_type": "LTE", "h3_r8": "88384b2983fffff", "sample_count": 90, "day_count": 1, "device_count": 1, "cell_count": 11, "spatial_bins_r9": 3, "median_dbm": -69.0, "p10_dbm": -78.6, "p90_dbm": -64.2, "median_lte_rsrp_dbm": -84.5}}, {"type": "Feature", "geometry": {"type": "Polygon", "coordinates": [[[13.197682371881024, 32.84592144051026], [13.195942596455811, 32.84094616991274], [13.200139790547794, 32.837230374490986], [13.206076880900934, 32.83848964915547], [13.207817194417101, 32.8434649150142], [13.203619879523984, 32.84718091096279], [13.197682371881024, 32.84592144051026]]]}, "properties": {"mcc": 606, "mnc": 1, "net_type": "LTE", "h3_r8": "88384b2985fffff", "sample_count": 6, "day_count": 1, "device_count": 1, "cell_count": 1, "spatial_bins_r9": 1, "median_dbm": -59.0, "p10_dbm": -59.0, "p90_dbm": -59.0, "median_lte_rsrp_dbm": -73.5}}, {"type": "Feature", "geometry": {"type": "Polygon", "coordinates": [[[13.207817194417101, 32.8434649150142], [13.206076880900934, 32.83848964915547], [13.210273788181993, 32.834773384106086], [13.216211129571503, 32.836032184366104], [13.217951981065907, 32.84100744533565], [13.213754953227394, 32.8447239109499], [13.207817194417101, 32.8434649150142]]]}, "properties": {"mcc": 606, "mnc": 1, "net_type": "LTE", "h3_r8": "88384b2987fffff", "sample_count": 41, "day_count": 1, "device_count": 1, "cell_count": 5, "spatial_bins_r9": 5, "median_dbm": -73.0, "p10_dbm": -73.6, "p90_dbm": -65.4, "median_lte_rsrp_dbm": -84.0}}, {"type": "Feature", "geometry": {"type": "Polygon", "coordinates": [[[13.202902813154129, 32.860846948673576], [13.201162480203623, 32.855871829978874], [13.205360202770361, 32.85215610334604], [13.211298379036931, 32.853415294959305], [13.21303925019372, 32.858390408869276], [13.208841406912493, 32.86210633596627], [13.202902813154129, 32.860846948673576]]]}, "properties": {"mcc": 606, "mnc": 1, "net_type": "LTE", "h3_r8": "88384b2989fffff", "sample_count": 28, "day_count": 1, "device_count": 1, "cell_count": 7, "spatial_bins_r9": 2, "median_dbm": -69.0, "p10_dbm": -72.2, "p90_dbm": -65.8, "median_lte_rsrp_dbm": -91.0}}, {"type": "Feature", "geometry": {"type": "Polygon", "coordinates": [[[13.21303925019372, 32.858390408869276], [13.211298379036931, 32.853415294959305], [13.215495814566014, 32.8496990984962], [13.221434241757434, 32.85095781545644], [13.223175651007686, 32.85593292443128], [13.21897809500791, 32.85964932139654], [13.21303925019372, 32.858390408869276]]]}, "properties": {"mcc": 606, "mnc": 1, "net_type": "LTE", "h3_r8": "88384b298bfffff", "sample_count": 140, "day_count": 1, "device_count": 1, "cell_count": 16, "spatial_bins_r9": 2, "median_dbm": -75.0, "p10_dbm": -75.8, "p90_dbm": -74.2, "median_lte_rsrp_dbm": -92.25}}, {"type": "Feature", "geometry": {"type": "Polygon", "coordinates": [[[13.230856703755117, 32.86216639231368], [13.229114746504097, 32.85719136216936], [13.233312014961712, 32.853474495462486], [13.239251360766705, 32.85473245838774], [13.240993855999296, 32.859707483348345], [13.236796467480238, 32.863424550582955], [13.230856703755117, 32.86216639231368]]]}, "properties": {"mcc": 606, "mnc": 1, "net_type": "LTE", "h3_r8": "88384b2999fffff", "sample_count": 6, "day_count": 1, "device_count": 1, "cell_count": 3, "spatial_bins_r9": 1, "median_dbm": -66.0, "p10_dbm": -66.0, "p90_dbm": -66.0, "median_lte_rsrp_dbm": -83.0}}, {"type": "Feature", "geometry": {"type": "Polygon", "coordinates": [[[13.223175651007686, 32.85593292443128], [13.221434241757434, 32.85095781545644], [13.225631389988173, 32.84724114928968], [13.23157006773092, 32.848499391573185], [13.233312014961712, 32.853474495462486], [13.229114746504097, 32.85719136216936], [13.223175651007686, 32.85593292443128]]]}, "properties": {"mcc": 606, "mnc": 1, "net_type": "LTE", "h3_r8": "88384b299dfffff", "sample_count": 28, "day_count": 1, "device_count": 1, "cell_count": 8, "spatial_bins_r9": 3, "median_dbm": -74.0, "p10_dbm": -86.0, "p90_dbm": -68.4, "median_lte_rsrp_dbm": -93.0}}, {"type": "Feature", "geometry": {"type": "Polygon", "coordinates": [[[13.202596811323323, 32.82853896610668], [13.200857055208772, 32.82356354909303], [13.205053434295193, 32.81984721578548], [13.210989690175076, 32.82110609887948], [13.212729984152643, 32.8260815110498], [13.208533484422105, 32.82979804498498], [13.202596811323323, 32.82853896610668]]]}, "properties": {"mcc": 606, "mnc": 1, "net_type": "LTE", "h3_r8": "88384b29a3fffff", "sample_count": 30, "day_count": 1, "device_count": 1, "cell_count": 5, "spatial_bins_r9": 2, "median_dbm": -70.5, "p10_dbm": -78.9, "p90_dbm": -62.1, "median_lte_rsrp_dbm": -87.75}}, {"type": "Feature", "geometry": {"type": "Polygon", "coordinates": [[[13.200139790547794, 32.837230374490986], [13.198400024764876, 32.832255030578835], [13.202596811323323, 32.82853896610668], [13.208533484422105, 32.82979804498498], [13.210273788181993, 32.834773384106086], [13.206076880900934, 32.83848964915547], [13.200139790547794, 32.837230374490986]]]}, "properties": {"mcc": 606, "mnc": 1, "net_type": "LTE", "h3_r8": "88384b29abfffff", "sample_count": 19, "day_count": 1, "device_count": 1, "cell_count": 3, "spatial_bins_r9": 2, "median_dbm": -61.0, "p10_dbm": -62.6, "p90_dbm": -59.4, "median_lte_rsrp_dbm": -80.5}}, {"type": "Feature", "geometry": {"type": "Polygon", "coordinates": [[[13.212729984152643, 32.8260815110498], [13.210989690175076, 32.82110609887948], [13.215185782416636, 32.81738929627357], [13.221122289071138, 32.81864770518791], [13.222863120799008, 32.82362311236452], [13.21866690815689, 32.82734011563605], [13.212729984152643, 32.8260815110498]]]}, "properties": {"mcc": 606, "mnc": 1, "net_type": "LTE", "h3_r8": "88384b29b5fffff", "sample_count": 20, "day_count": 1, "device_count": 1, "cell_count": 7, "spatial_bins_r9": 1, "median_dbm": -67.0, "p10_dbm": -67.0, "p90_dbm": -67.0, "median_lte_rsrp_dbm": -83.0}}, {"type": "Feature", "geometry": {"type": "Polygon", "coordinates": [[[13.217951981065907, 32.84100744533565], [13.216211129571503, 32.836032184366104], [13.220407749781039, 32.83231544981569], [13.226345341833603, 32.833573775647515], [13.228086731193427, 32.83854903157748], [13.223889990670122, 32.842265966730736], [13.217951981065907, 32.84100744533565]]]}, "properties": {"mcc": 606, "mnc": 1, "net_type": "LTE", "h3_r8": "88384b29b9fffff", "sample_count": 25, "day_count": 1, "device_count": 1, "cell_count": 5, "spatial_bins_r9": 2, "median_dbm": -76.0, "p10_dbm": -78.4, "p90_dbm": -73.6, "median_lte_rsrp_dbm": -93.5}}, {"type": "Feature", "geometry": {"type": "Polygon", "coordinates": [[[13.210273788181993, 32.834773384106086], [13.208533484422105, 32.82979804498498], [13.212729984152643, 32.8260815110498], [13.21866690815689, 32.82734011563605], [13.220407749781039, 32.83231544981569], [13.216211129571503, 32.836032184366104], [13.210273788181993, 32.834773384106086]]]}, "properties": {"mcc": 606, "mnc": 1, "net_type": "LTE", "h3_r8": "88384b29bdfffff", "sample_count": 93, "day_count": 1, "device_count": 1, "cell_count": 14, "spatial_bins_r9": 6, "median_dbm": -68.5, "p10_dbm": -71.0, "p90_dbm": -63.0, "median_lte_rsrp_dbm": -86.75}}, {"type": "Feature", "geometry": {"type": "Polygon", "coordinates": [[[13.20044502548076, 32.86953745056887], [13.198704682852215, 32.86456240577576], [13.202902813154129, 32.860846948673576], [13.208841406912493, 32.86210633596627], [13.210582287861385, 32.86708137602684], [13.206384036766405, 32.87079703354282], [13.20044502548076, 32.86953745056887]]]}, "properties": {"mcc": 606, "mnc": 1, "net_type": "LTE", "h3_r8": "88384b29c3fffff", "sample_count": 32, "day_count": 1, "device_count": 1, "cell_count": 7, "spatial_bins_r9": 5, "median_dbm": -69.0, "p10_dbm": -72.6, "p90_dbm": -65.4, "median_lte_rsrp_dbm": -89.0}}, {"type": "Feature", "geometry": {"type": "Polygon", "coordinates": [[[13.187848716548755, 32.880682272377136], [13.186108902815436, 32.87570729716861], [13.190307727656919, 32.87199258009772], [13.196246487382073, 32.873252637925496], [13.197986839662558, 32.878227608604035], [13.193787893705544, 32.88194252600034], [13.187848716548755, 32.880682272377136]]]}, "properties": {"mcc": 606, "mnc": 1, "net_type": "LTE", "h3_r8": "88384b29c9fffff", "sample_count": 15, "day_count": 1, "device_count": 1, "cell_count": 2, "spatial_bins_r9": 2, "median_dbm": -69.0, "p10_dbm": -70.6, "p90_dbm": -67.4, "median_lte_rsrp_dbm": -88.0}}, {"type": "Feature", "geometry": {"type": "Polygon", "coordinates": [[[13.197986839662558, 32.878227608604035], [13.196246487382073, 32.873252637925496], [13.20044502548076, 32.86953745056887], [13.206384036766405, 32.87079703354282], [13.208124927481332, 32.875771999540994], [13.203926268511005, 32.87948738726113], [13.197986839662558, 32.878227608604035]]]}, "properties": {"mcc": 606, "mnc": 1, "net_type": "LTE", "h3_r8": "88384b29cbfffff", "sample_count": 19, "day_count": 1, "device_count": 1, "cell_count": 4, "spatial_bins_r9": 2, "median_dbm": -66.0, "p10_dbm": -66.8, "p90_dbm": -65.2, "median_lte_rsrp_dbm": -85.5}}, {"type": "Feature", "geometry": {"type": "Polygon", "coordinates": [[[13.218262979370426, 32.87331544529044], [13.21652155033389, 32.86834048412303], [13.220719514164323, 32.86462435657418], [13.226659027449996, 32.86588298976878], [13.22840099469522, 32.87085794595503], [13.224202910480976, 32.874574273943395], [13.218262979370426, 32.87331544529044]]]}, "properties": {"mcc": 606, "mnc": 1, "net_type": "LTE", "h3_r8": "88384b29d1fffff", "sample_count": 6, "day_count": 1, "device_count": 1, "cell_count": 2, "spatial_bins_r9": 1, "median_dbm": -73.0, "p10_dbm": -73.0, "p90_dbm": -73.0, "median_lte_rsrp_dbm": -86.5}}, {"type": "Feature", "geometry": {"type": "Polygon", "coordinates": [[[13.22840099469522, 32.87085794595503], [13.226659027449996, 32.86588298976878], [13.230856703755117, 32.86216639231368], [13.236796467480238, 32.863424550582955], [13.238538972821118, 32.868399501637676], [13.234341176376132, 32.872116299570216], [13.22840099469522, 32.87085794595503]]]}, "properties": {"mcc": 606, "mnc": 1, "net_type": "LTE", "h3_r8": "88384b29d3fffff", "sample_count": 27, "day_count": 1, "device_count": 1, "cell_count": 5, "spatial_bins_r9": 3, "median_dbm": -71.0, "p10_dbm": -74.2, "p90_dbm": -71.0, "median_lte_rsrp_dbm": -86.0}}, {"type": "Feature", "geometry": {"type": "Polygon", "coordinates": [[[13.210582287861385, 32.86708137602684], [13.208841406912493, 32.86210633596627], [13.21303925019372, 32.858390408869276], [13.21897809500791, 32.85964932139654], [13.220719514164323, 32.86462435657418], [13.21652155033389, 32.86834048412303], [13.210582287861385, 32.86708137602684]]]}, "properties": {"mcc": 606, "mnc": 1, "net_type": "LTE", "h3_r8": "88384b29d5fffff", "sample_count": 4, "day_count": 1, "device_count": 1, "cell_count": 1, "spatial_bins_r9": 1, "median_dbm": -77.0, "p10_dbm": -77.0, "p90_dbm": -77.0, "median_lte_rsrp_dbm": -93.0}}, {"type": "Feature", "geometry": {"type": "Polygon", "coordinates": [[[13.220719514164323, 32.86462435657418], [13.21897809500791, 32.85964932139654], [13.223175651007686, 32.85593292443128], [13.229114746504097, 32.85719136216936], [13.230856703755117, 32.86216639231368], [13.226659027449996, 32.86588298976878], [13.220719514164323, 32.86462435657418]]]}, "properties": {"mcc": 606, "mnc": 1, "net_type": "LTE", "h3_r8": "88384b29d7fffff", "sample_count": 52, "day_count": 1, "device_count": 1, "cell_count": 11, "spatial_bins_r9": 4, "median_dbm": -76.0, "p10_dbm": -78.4, "p90_dbm": -73.6, "median_lte_rsrp_dbm": -94.75}}, {"type": "Feature", "geometry": {"type": "Polygon", "coordinates": [[[13.371049653812427, 32.90098886532869], [13.369298997036237, 32.89601460195238], [13.373495304601029, 32.89229264394551], [13.37944238583314, 32.89354474865378], [13.381193579796296, 32.89851900490976], [13.37699715537571, 32.902241163593324], [13.371049653812427, 32.90098886532869]]]}, "properties": {"mcc": 606, "mnc": 1, "net_type": "LTE", "h3_r8": "88384b2c21fffff", "sample_count": 15, "day_count": 1, "device_count": 1, "cell_count": 2, "spatial_bins_r9": 2, "median_dbm": -85.0, "p10_dbm": -86.6, "p90_dbm": -83.4, "median_lte_rsrp_dbm": -91.5}}, {"type": "Feature", "geometry": {"type": "Polygon", "coordinates": [[[13.381193579796296, 32.89851900490976], [13.37944238583314, 32.89354474865378], [13.383638401573146, 32.8898223215872], [13.389585727922743, 32.891073950078315], [13.391337458958105, 32.896048199063614], [13.38714132660702, 32.899770826844], [13.381193579796296, 32.89851900490976]]]}, "properties": {"mcc": 606, "mnc": 1, "net_type": "LTE", "h3_r8": "88384b2c23fffff", "sample_count": 23, "day_count": 1, "device_count": 1, "cell_count": 3, "spatial_bins_r9": 3, "median_dbm": -91.0, "p10_dbm": -95.8, "p90_dbm": -89.4, "median_lte_rsrp_dbm": -104.0}}, {"type": "Feature", "geometry": {"type": "Polygon", "coordinates": [[[13.363352161296682, 32.894762021049125], [13.361602053321977, 32.88978767582197], [13.365798243864178, 32.88606591850463], [13.37174465943898, 32.88731830574042], [13.373495304601029, 32.89229264394551], [13.369298997036237, 32.89601460195238], [13.363352161296682, 32.894762021049125]]]}, "properties": {"mcc": 606, "mnc": 1, "net_type": "LTE", "h3_r8": "88384b2c25fffff", "sample_count": 17, "day_count": 1, "device_count": 1, "cell_count": 3, "spatial_bins_r9": 2, "median_dbm": -78.5, "p10_dbm": -79.7, "p90_dbm": -77.3, "median_lte_rsrp_dbm": -89.5}}, {"type": "Feature", "geometry": {"type": "Polygon", "coordinates": [[[13.33012613390894, 32.87854628849356], [13.328378209111326, 32.87357169269268], [13.332574338172147, 32.86985100655944], [13.338518509832651, 32.87110471555206], [13.340266971932541, 32.87607930477596], [13.336070725104848, 32.87980019159977], [13.33012613390894, 32.87854628849356]]]}, "properties": {"mcc": 606, "mnc": 1, "net_type": "LTE", "h3_r8": "88384b2d01fffff", "sample_count": 125, "day_count": 4, "device_count": 2, "cell_count": 16, "spatial_bins_r9": 4, "median_dbm": -83.0, "p10_dbm": -91.8, "p90_dbm": -71.8, "median_lte_rsrp_dbm": -97.0}}, {"type": "Feature", "geometry": {"type": "Polygon", "coordinates": [[[13.340266971932541, 32.87607930477596], [13.338518509832651, 32.87110471555206], [13.342714348307117, 32.86738356037999], [13.348658766439153, 32.86863679371949], [13.350407765727086, 32.87361137621608], [13.346211809730157, 32.877332732116024], [13.340266971932541, 32.87607930477596]]]}, "properties": {"mcc": 606, "mnc": 1, "net_type": "LTE", "h3_r8": "88384b2d03fffff", "sample_count": 48, "day_count": 2, "device_count": 1, "cell_count": 7, "spatial_bins_r9": 3, "median_dbm": -81.0, "p10_dbm": -88.0, "p90_dbm": -70.0, "median_lte_rsrp_dbm": -95.5}}, {"type": "Feature", "geometry": {"type": "Polygon", "coordinates": [[[13.332574338172147, 32.86985100655944], [13.33082642452052, 32.8648763365218], [13.33502214530608, 32.861155382090345], [13.340965897467369, 32.86240889697144], [13.342714348307117, 32.86738356037999], [13.338518509832651, 32.87110471555206], [13.332574338172147, 32.86985100655944]]]}, "properties": {"mcc": 606, "mnc": 1, "net_type": "LTE", "h3_r8": "88384b2d07fffff", "sample_count": 21, "day_count": 1, "device_count": 1, "cell_count": 7, "spatial_bins_r9": 1, "median_dbm": -85.0, "p10_dbm": -85.0, "p90_dbm": -85.0, "median_lte_rsrp_dbm": -99.0}}, {"type": "Feature", "geometry": {"type": "Polygon", "coordinates": [[[13.327677532428735, 32.88724122746441], [13.32592959651091, 32.882266706113384], [13.33012613390894, 32.87854628849356], [13.336070725104848, 32.87980019159977], [13.337819198439142, 32.88477470642593], [13.333622543196253, 32.88849532468625], [13.327677532428735, 32.88724122746441]]]}, "properties": {"mcc": 606, "mnc": 1, "net_type": "LTE", "h3_r8": "88384b2d09fffff", "sample_count": 25, "day_count": 1, "device_count": 1, "cell_count": 3, "spatial_bins_r9": 6, "median_dbm": -65.0, "p10_dbm": -67.0, "p90_dbm": -61.0, "median_lte_rsrp_dbm": -95.0}}, {"type": "Feature", "geometry": {"type": "Polygon", "coordinates": [[[13.319985252291339, 32.881012327263605], [13.318237864910133, 32.876037725036085], [13.322434284296927, 32.87231750806946], [13.328378209111326, 32.87357169269268], [13.33012613390894, 32.87854628849356], [13.32592959651091, 32.882266706113384], [13.319985252291339, 32.881012327263605]]]}, "properties": {"mcc": 606, "mnc": 1, "net_type": "LTE", "h3_r8": "88384b2d0dfffff", "sample_count": 26, "day_count": 2, "device_count": 2, "cell_count": 2, "spatial_bins_r9": 4, "median_dbm": -58.0, "p10_dbm": -69.4, "p90_dbm": -51.0, "median_lte_rsrp_dbm": -83.5}}, {"type": "Feature", "geometry": {"type": "Polygon", "coordinates": [[[13.358102397576122, 32.87983882909288], [13.356352849751728, 32.87486432776751], [13.36054851465754, 32.87114250291935], [13.366493844534482, 32.87239497865978], [13.368243929432332, 32.877369473009274], [13.364048147415064, 32.881091498609734], [13.358102397576122, 32.87983882909288]]]}, "properties": {"mcc": 606, "mnc": 1, "net_type": "LTE", "h3_r8": "88384b2d11fffff", "sample_count": 31, "day_count": 2, "device_count": 1, "cell_count": 5, "spatial_bins_r9": 2, "median_dbm": -84.5, "p10_dbm": -85.0, "p90_dbm": -81.9, "median_lte_rsrp_dbm": -96.0}}, {"type": "Feature", "geometry": {"type": "Polygon", "coordinates": [[[13.368243929432332, 32.877369473009274], [13.366493844534482, 32.87239497865978], [13.370689218088872, 32.86867268499145], [13.376634793443367, 32.86992468489868], [13.37838541530013, 32.87489917212196], [13.374189924878785, 32.87862166657973], [13.368243929432332, 32.877369473009274]]]}, "properties": {"mcc": 606, "mnc": 1, "net_type": "LTE", "h3_r8": "88384b2d13fffff", "sample_count": 41, "day_count": 2, "device_count": 1, "cell_count": 4, "spatial_bins_r9": 4, "median_dbm": -75.0, "p10_dbm": -83.8, "p90_dbm": -63.4, "median_lte_rsrp_dbm": -92.0}}, {"type": "Feature", "geometry": {"type": "Polygon", "coordinates": [[[13.350407765727086, 32.87361137621608], [13.348658766439153, 32.86863679371949], [13.352854314066912, 32.86491516963643], [13.358798978295903, 32.8661679273004], [13.36054851465754, 32.87114250291935], [13.356352849751728, 32.87486432776751], [13.350407765727086, 32.87361137621608]]]}, "properties": {"mcc": 606, "mnc": 1, "net_type": "LTE", "h3_r8": "88384b2d15fffff", "sample_count": 29, "day_count": 2, "device_count": 1, "cell_count": 2, "spatial_bins_r9": 2, "median_dbm": -85.0, "p10_dbm": -87.0, "p90_dbm": -69.0, "median_lte_rsrp_dbm": -99.5}}, {"type": "Feature", "geometry": {"type": "Polygon", "coordinates": [[[13.315085996247177, 32.89840093568246], [13.313338586879759, 32.893426482671906], [13.31753582297067, 32.889706803277306], [13.323480586631558, 32.8909613763557], [13.325228533643804, 32.895935823043786], [13.32103117938552, 32.89965570299147], [13.315085996247177, 32.89840093568246]]]}, "properties": {"mcc": 606, "mnc": 1, "net_type": "LTE", "h3_r8": "88384b2d41fffff", "sample_count": 27, "day_count": 1, "device_count": 1, "cell_count": 6, "spatial_bins_r9": 3, "median_dbm": -74.0, "p10_dbm": -78.0, "p90_dbm": -71.6, "median_lte_rsrp_dbm": -92.0}}, {"type": "Feature", "geometry": {"type": "Polygon", "coordinates": [[[13.325228533643804, 32.895935823043786], [13.323480586631558, 32.8909613763557], [13.327677532428735, 32.88724122746441], [13.333622543196253, 32.88849532468625], [13.33537102773918, 32.89346976490154], [13.331173964019104, 32.8971901143833], [13.325228533643804, 32.895935823043786]]]}, "properties": {"mcc": 606, "mnc": 1, "net_type": "LTE", "h3_r8": "88384b2d43fffff", "sample_count": 17, "day_count": 1, "device_count": 1, "cell_count": 4, "spatial_bins_r9": 2, "median_dbm": -71.0, "p10_dbm": -72.6, "p90_dbm": -69.4, "median_lte_rsrp_dbm": -86.5}}, {"type": "Feature", "geometry": {"type": "Polygon", "coordinates": [[[13.312635772033103, 32.90709472405097], [13.310888351711307, 32.90212034596845], [13.315085996247177, 32.89840093568246], [13.32103117938552, 32.89965570299147], [13.322779137466387, 32.904630074803585], [13.318581374685026, 32.908349685592604], [13.312635772033103, 32.90709472405097]]]}, "properties": {"mcc": 606, "mnc": 1, "net_type": "LTE", "h3_r8": "88384b2d49fffff", "sample_count": 3, "day_count": 1, "device_count": 1, "cell_count": 1, "spatial_bins_r9": 1, "median_dbm": -87.0, "p10_dbm": -87.0, "p90_dbm": -87.0, "median_lte_rsrp_dbm": -103.0}}, {"type": "Feature", "geometry": {"type": "Polygon", "coordinates": [[[13.30494341618469, 32.900865102712764], [13.303196544576137, 32.89589064353012], [13.307394070700179, 32.89217143375974], [13.313338586879759, 32.893426482671906], [13.315085996247177, 32.89840093568246], [13.310888351711307, 32.90212034596845], [13.30494341618469, 32.900865102712764]]]}, "properties": {"mcc": 606, "mnc": 1, "net_type": "LTE", "h3_r8": "88384b2d4dfffff", "sample_count": 10, "day_count": 1, "device_count": 1, "cell_count": 2, "spatial_bins_r9": 2, "median_dbm": -87.0, "p10_dbm": -87.0, "p90_dbm": -87.0, "median_lte_rsrp_dbm": -100.0}}, {"type": "Feature", "geometry": {"type": "Polygon", "coordinates": [[[13.343065738233133, 32.89969793906919], [13.341316704976657, 32.89472358024888], [13.34551347789792, 32.89100276136074], [13.351459401622742, 32.89225610069332], [13.353208972295551, 32.8972304527922], [13.349012081862474, 32.90095147229546], [13.343065738233133, 32.89969793906919]]]}, "properties": {"mcc": 606, "mnc": 1, "net_type": "LTE", "h3_r8": "88384b2d51fffff", "sample_count": 15, "day_count": 1, "device_count": 1, "cell_count": 1, "spatial_bins_r9": 2, "median_dbm": -65.0, "p10_dbm": -69.8, "p90_dbm": -60.2, "median_lte_rsrp_dbm": -77.5}}, {"type": "Feature", "geometry": {"type": "Polygon", "coordinates": [[[13.353208972295551, 32.8972304527922], [13.351459401622742, 32.89225610069332], [13.355655883484701, 32.88853481252661], [13.361602053321977, 32.88978767582197], [13.363352161296682, 32.894762021049125], [13.359155562167498, 32.89848350986817], [13.353208972295551, 32.8972304527922]]]}, "properties": {"mcc": 606, "mnc": 1, "net_type": "LTE", "h3_r8": "88384b2d53fffff", "sample_count": 25, "day_count": 1, "device_count": 1, "cell_count": 5, "spatial_bins_r9": 3, "median_dbm": -69.0, "p10_dbm": -77.0, "p90_dbm": -69.0, "median_lte_rsrp_dbm": -77.0}}, {"type": "Feature", "geometry": {"type": "Polygon", "coordinates": [[[13.33537102773918, 32.89346976490154], [13.333622543196253, 32.88849532468625], [13.337819198439142, 32.88477470642593], [13.34376445593856, 32.88602832776857], [13.34551347789792, 32.89100276136074], [13.341316704976657, 32.89472358024888], [13.33537102773918, 32.89346976490154]]]}, "properties": {"mcc": 606, "mnc": 1, "net_type": "LTE", "h3_r8": "88384b2d55fffff", "sample_count": 7, "day_count": 2, "device_count": 2, "cell_count": 3, "spatial_bins_r9": 2, "median_dbm": -72.0, "p10_dbm": -80.8, "p90_dbm": -63.2, "median_lte_rsrp_dbm": -96.5}}, {"type": "Feature", "geometry": {"type": "Polygon", "coordinates": [[[13.332922459744905, 32.902164479774676], [13.331173964019104, 32.8971901143833], [13.33537102773918, 32.89346976490154], [13.341316704976657, 32.89472358024888], [13.343065738233133, 32.89969793906919], [13.338868556756678, 32.90341848912875], [13.332922459744905, 32.902164479774676]]]}, "properties": {"mcc": 606, "mnc": 1, "net_type": "LTE", "h3_r8": "88384b2d5dfffff", "sample_count": 15, "day_count": 1, "device_count": 1, "cell_count": 2, "spatial_bins_r9": 2, "median_dbm": -89.0, "p10_dbm": -93.8, "p90_dbm": -84.2, "median_lte_rsrp_dbm": -101.5}}, {"type": "Feature", "geometry": {"type": "Polygon", "coordinates": [[[13.302154047865344, 32.87724767666097], [13.30040774646245, 32.872272987638155], [13.304604337492934, 32.86855344059418], [13.310547348383237, 32.86980838196014], [13.312294187316342, 32.87478306480492], [13.308097477864054, 32.87850281247731], [13.302154047865344, 32.87724767666097]]]}, "properties": {"mcc": 606, "mnc": 1, "net_type": "LTE", "h3_r8": "88384b2d61fffff", "sample_count": 22, "day_count": 1, "device_count": 1, "cell_count": 4, "spatial_bins_r9": 3, "median_dbm": -77.0, "p10_dbm": -77.0, "p90_dbm": -73.8, "median_lte_rsrp_dbm": -88.0}}, {"type": "Feature", "geometry": {"type": "Polygon", "coordinates": [[[13.312294187316342, 32.87478306480492], [13.310547348383237, 32.86980838196014], [13.314743649592499, 32.86608836565938], [13.320686907947541, 32.867342831553074], [13.322434284296927, 32.87231750806946], [13.318237864910133, 32.876037725036085], [13.312294187316342, 32.87478306480492]]]}, "properties": {"mcc": 606, "mnc": 1, "net_type": "LTE", "h3_r8": "88384b2d63fffff", "sample_count": 17, "day_count": 1, "device_count": 1, "cell_count": 2, "spatial_bins_r9": 2, "median_dbm": -73.0, "p10_dbm": -76.2, "p90_dbm": -69.8, "median_lte_rsrp_dbm": -84.5}}, {"type": "Feature", "geometry": {"type": "Polygon", "coordinates": [[[13.294464983411226, 32.871017570822715], [13.292719230367556, 32.86604280154005], [13.29691570281012, 32.86232345513711], [13.302858046919363, 32.863578677391324], [13.304604337492934, 32.86855344059418], [13.30040774646245, 32.872272987638155], [13.294464983411226, 32.871017570822715]]]}, "properties": {"mcc": 606, "mnc": 1, "net_type": "LTE", "h3_r8": "88384b2d65fffff", "sample_count": 15, "day_count": 1, "device_count": 1, "cell_count": 2, "spatial_bins_r9": 2, "median_dbm": -78.0, "p10_dbm": -80.4, "p90_dbm": -75.6, "median_lte_rsrp_dbm": -93.5}}, {"type": "Feature", "geometry": {"type": "Polygon", "coordinates": [[[13.386082826459921, 32.88112529532012], [13.384331655979212, 32.87615088972383], [13.38852685454437, 32.87242792653695], [13.394473340081168, 32.87367916814822], [13.396225047405613, 32.878653566369714], [13.392029732384875, 32.88237673037025], [13.386082826459921, 32.88112529532012]]]}, "properties": {"mcc": 606, "mnc": 1, "net_type": "LTE", "h3_r8": "88384b2dc1fffff", "sample_count": 77, "day_count": 2, "device_count": 1, "cell_count": 7, "spatial_bins_r9": 4, "median_dbm": -71.0, "p10_dbm": -84.8, "p90_dbm": -63.0, "median_lte_rsrp_dbm": -84.0}}, {"type": "Feature", "geometry": {"type": "Polygon", "coordinates": [[[13.37838541530013, 32.87489917212196], [13.376634793443367, 32.86992468489868], [13.380829875386082, 32.86620192253832], [13.386775695843328, 32.86745344659022], [13.38852685454437, 32.87242792653695], [13.384331655979212, 32.87615088972383], [13.37838541530013, 32.87489917212196]]]}, "properties": {"mcc": 606, "mnc": 1, "net_type": "LTE", "h3_r8": "88384b2dc5fffff", "sample_count": 47, "day_count": 2, "device_count": 1, "cell_count": 4, "spatial_bins_r9": 3, "median_dbm": -72.0, "p10_dbm": -76.0, "p90_dbm": -66.0, "median_lte_rsrp_dbm": -87.5}}, {"type": "Feature", "geometry": {"type": "Polygon", "coordinates": [[[13.383638401573146, 32.8898223215872], [13.381887219338395, 32.88484799055449], [13.386082826459921, 32.88112529532012], [13.392029732384875, 32.88237673037025], [13.393781451577585, 32.88735105408022], [13.389585727922743, 32.891073950078315], [13.383638401573146, 32.8898223215872]]]}, "properties": {"mcc": 606, "mnc": 1, "net_type": "LTE", "h3_r8": "88384b2dc9fffff", "sample_count": 40, "day_count": 2, "device_count": 1, "cell_count": 5, "spatial_bins_r9": 3, "median_dbm": -87.0, "p10_dbm": -90.2, "p90_dbm": -73.8, "median_lte_rsrp_dbm": -102.0}}, {"type": "Feature", "geometry": {"type": "Polygon", "coordinates": [[[13.393781451577585, 32.88735105408022], [13.392029732384875, 32.88237673037025], [13.396225047405613, 32.878653566369714], [13.40217219794309, 32.87990452529395], [13.403924453978917, 32.8848788415309], [13.39972902266953, 32.888602206332145], [13.393781451577585, 32.88735105408022]]]}, "properties": {"mcc": 606, "mnc": 1, "net_type": "LTE", "h3_r8": "88384b2dcbfffff", "sample_count": 13, "day_count": 2, "device_count": 1, "cell_count": 2, "spatial_bins_r9": 1, "median_dbm": -85.0, "p10_dbm": -85.0, "p90_dbm": -85.0, "median_lte_rsrp_dbm": -95.5}}, {"type": "Feature", "geometry": {"type": "Polygon", "coordinates": [[[13.292348914244434, 32.912021184782816], [13.290602569782818, 32.907046794610544], [13.29480079409175, 32.90332832403019], [13.300745481631923, 32.90458404320962], [13.3024923640806, 32.90955842741219], [13.298294021037165, 32.91327709842056], [13.292348914244434, 32.912021184782816]]]}, "properties": {"mcc": 606, "mnc": 1, "net_type": "LTE", "h3_r8": "88384b2f25fffff", "sample_count": 33, "day_count": 2, "device_count": 2, "cell_count": 5, "spatial_bins_r9": 3, "median_dbm": -75.0, "p10_dbm": -99.0, "p90_dbm": -58.0, "median_lte_rsrp_dbm": -110.0}}, {"type": "Feature", "geometry": {"type": "Polygon", "coordinates": [[[13.3024923640806, 32.90955842741219], [13.300745481631923, 32.90458404320962], [13.30494341618469, 32.900865102712764], [13.310888351711307, 32.90212034596845], [13.312635772033103, 32.90709472405097], [13.308437718990326, 32.91081386501338], [13.3024923640806, 32.90955842741219]]]}, "properties": {"mcc": 606, "mnc": 1, "net_type": "LTE", "h3_r8": "88384b2f27fffff", "sample_count": 11, "day_count": 2, "device_count": 2, "cell_count": 3, "spatial_bins_r9": 2, "median_dbm": -87.0, "p10_dbm": -91.8, "p90_dbm": -61.4, "median_lte_rsrp_dbm": -110.0}}, {"type": "Feature", "geometry": {"type": "Polygon", "coordinates": [[[13.251452735777656, 32.88955655909521], [13.249709123731316, 32.88458184143759], [13.25390715995931, 32.88086464258733], [13.259848927911552, 32.882121960970004], [13.261593078056265, 32.887096673201384], [13.257394922185348, 32.89081407249188], [13.251452735777656, 32.88955655909521]]]}, "properties": {"mcc": 606, "mnc": 1, "net_type": "UMTS", "h3_r8": "88384b2885fffff", "sample_count": 15, "day_count": 1, "device_count": 1, "cell_count": 2, "spatial_bins_r9": 1, "median_dbm": -75.0, "p10_dbm": -75.0, "p90_dbm": -75.0, "median_lte_rsrp_dbm": null}}, {"type": "Feature", "geometry": {"type": "Polygon", "coordinates": [[[13.248997913684097, 32.89824813133198], [13.247254291405186, 32.89327348832799], [13.251452735777656, 32.88955655909521], [13.257394922185348, 32.89081407249188], [13.259139082676827, 32.895788710121735], [13.254940518583037, 32.899505839744585], [13.248997913684097, 32.89824813133198]]]}, "properties": {"mcc": 606, "mnc": 1, "net_type": "UMTS", "h3_r8": "88384b288dfffff", "sample_count": 6, "day_count": 1, "device_count": 1, "cell_count": 1, "spatial_bins_r9": 1, "median_dbm": -79.0, "p10_dbm": -79.0, "p90_dbm": -79.0, "median_lte_rsrp_dbm": null}}, {"type": "Feature", "geometry": {"type": "Polygon", "coordinates": [[[13.29480079409175, 32.90332832403019], [13.293054460355997, 32.898353858825786], [13.297252276252488, 32.89463511880704], [13.303196544576137, 32.89589064353012], [13.30494341618469, 32.900865102712764], [13.300745481631923, 32.90458404320962], [13.29480079409175, 32.90332832403019]]]}, "properties": {"mcc": 606, "mnc": 1, "net_type": "UMTS", "h3_r8": "88384b289bfffff", "sample_count": 9, "day_count": 2, "device_count": 1, "cell_count": 2, "spatial_bins_r9": 1, "median_dbm": -90.0, "p10_dbm": -95.6, "p90_dbm": -84.4, "median_lte_rsrp_dbm": null}}, {"type": "Feature", "geometry": {"type": "Polygon", "coordinates": [[[13.24622245821836, 32.8746322518975], [13.244479404698549, 32.86965738019145], [13.248676913113519, 32.86594011244153], [13.254617594813563, 32.86719751591032], [13.256361186316793, 32.87217238223626], [13.252163558171533, 32.87588985048906], [13.24622245821836, 32.8746322518975]]]}, "properties": {"mcc": 606, "mnc": 1, "net_type": "UMTS", "h3_r8": "88384b28a1fffff", "sample_count": 15, "day_count": 1, "device_count": 1, "cell_count": 1, "spatial_bins_r9": 3, "median_dbm": -65.0, "p10_dbm": -69.8, "p90_dbm": -65.0, "median_lte_rsrp_dbm": null}}, {"type": "Feature", "geometry": {"type": "Polygon", "coordinates": [[[13.256361186316793, 32.87217238223626], [13.254617594813563, 32.86719751591032], [13.258814814937834, 32.863479778469916], [13.264755746086566, 32.86473670683033], [13.266499875459889, 32.86971156762575], [13.262302535849388, 32.87342950560681], [13.256361186316793, 32.87217238223626]]]}, "properties": {"mcc": 606, "mnc": 1, "net_type": "UMTS", "h3_r8": "88384b28a3fffff", "sample_count": 19, "day_count": 1, "device_count": 1, "cell_count": 1, "spatial_bins_r9": 4, "median_dbm": -59.0, "p10_dbm": -68.0, "p90_dbm": -57.0, "median_lte_rsrp_dbm": null}}, {"type": "Feature", "geometry": {"type": "Polygon", "coordinates": [[[13.238538972821118, 32.868399501637676], [13.236796467480238, 32.863424550582955], [13.240993855999296, 32.859707483348345], [13.246933869790102, 32.8609651666687], [13.248676913113519, 32.86594011244153], [13.244479404698549, 32.86965738019145], [13.238538972821118, 32.868399501637676]]]}, "properties": {"mcc": 606, "mnc": 1, "net_type": "UMTS", "h3_r8": "88384b28a5fffff", "sample_count": 11, "day_count": 1, "device_count": 1, "cell_count": 1, "spatial_bins_r9": 2, "median_dbm": -69.5, "p10_dbm": -73.1, "p90_dbm": -65.9, "median_lte_rsrp_dbm": null}}, {"type": "Feature", "geometry": {"type": "Polygon", "coordinates": [[[13.236083691799307, 32.87709117650601], [13.234341176376132, 32.872116299570216], [13.238538972821118, 32.868399501637676], [13.244479404698549, 32.86965738019145], [13.24622245821836, 32.8746322518975], [13.242024541799047, 32.87834925029508], [13.236083691799307, 32.87709117650601]]]}, "properties": {"mcc": 606, "mnc": 1, "net_type": "UMTS", "h3_r8": "88384b28adfffff", "sample_count": 3, "day_count": 1, "device_count": 1, "cell_count": 1, "spatial_bins_r9": 2, "median_dbm": -67.0, "p10_dbm": -68.6, "p90_dbm": -65.4, "median_lte_rsrp_dbm": null}}, {"type": "Feature", "geometry": {"type": "Polygon", "coordinates": [[[13.274186151840619, 32.875942996743184], [13.272441474197837, 32.87096821575197], [13.27663852501294, 32.86724980816974], [13.282580372582139, 32.86850598102837], [13.284325587982181, 32.873480756240475], [13.280128418090802, 32.87719936438858], [13.274186151840619, 32.875942996743184]]]}, "properties": {"mcc": 606, "mnc": 1, "net_type": "UMTS", "h3_r8": "88384b28b1fffff", "sample_count": 16, "day_count": 1, "device_count": 1, "cell_count": 4, "spatial_bins_r9": 2, "median_dbm": -73.5, "p10_dbm": -82.7, "p90_dbm": -64.3, "median_lte_rsrp_dbm": null}}, {"type": "Feature", "geometry": {"type": "Polygon", "coordinates": [[[13.284325587982181, 32.873480756240475], [13.282580372582139, 32.86850598102837], [13.286777134341238, 32.86478710397212], [13.292719230367556, 32.86604280154005], [13.294464983411226, 32.871017570822715], [13.290268102820017, 32.87473664848243], [13.284325587982181, 32.873480756240475]]]}, "properties": {"mcc": 606, "mnc": 1, "net_type": "UMTS", "h3_r8": "88384b28b3fffff", "sample_count": 25, "day_count": 1, "device_count": 1, "cell_count": 3, "spatial_bins_r9": 3, "median_dbm": -73.0, "p10_dbm": -74.6, "p90_dbm": -71.4, "median_lte_rsrp_dbm": null}}, {"type": "Feature", "geometry": {"type": "Polygon", "coordinates": [[[13.266499875459889, 32.86971156762575], [13.264755746086566, 32.86473670683033], [13.268952677659515, 32.86101849982644], [13.274893857882946, 32.862274953055156], [13.27663852501294, 32.86724980816974], [13.272441474197837, 32.87096821575197], [13.266499875459889, 32.86971156762575]]]}, "properties": {"mcc": 606, "mnc": 1, "net_type": "UMTS", "h3_r8": "88384b28b5fffff", "sample_count": 14, "day_count": 1, "device_count": 1, "cell_count": 2, "spatial_bins_r9": 2, "median_dbm": -74.0, "p10_dbm": -81.2, "p90_dbm": -66.8, "median_lte_rsrp_dbm": null}}, {"type": "Feature", "geometry": {"type": "Polygon", "coordinates": [[[13.264046675621376, 32.87840429222675], [13.262302535849388, 32.87342950560681], [13.266499875459889, 32.86971156762575], [13.272441474197837, 32.87096821575197], [13.274186151840619, 32.875942996743184], [13.269988692909681, 32.87966113525242], [13.264046675621376, 32.87840429222675]]]}, "properties": {"mcc": 606, "mnc": 1, "net_type": "UMTS", "h3_r8": "88384b28bdfffff", "sample_count": 3, "day_count": 1, "device_count": 1, "cell_count": 1, "spatial_bins_r9": 1, "median_dbm": -65.0, "p10_dbm": -65.0, "p90_dbm": -65.0, "median_lte_rsrp_dbm": null}}, {"type": "Feature", "geometry": {"type": "Polygon", "coordinates": [[[13.244087075410265, 32.91563024128111], [13.24234343274421, 32.910655748223185], [13.246542693590897, 32.90693935886984], [13.25248571701686, 32.90819726230028], [13.25422989812394, 32.913171750088196], [13.250030517399027, 32.91688833973122], [13.244087075410265, 32.91563024128111]]]}, "properties": {"mcc": 606, "mnc": 1, "net_type": "UMTS", "h3_r8": "88384b28c1fffff", "sample_count": 8, "day_count": 1, "device_count": 1, "cell_count": 1, "spatial_bins_r9": 1, "median_dbm": -73.0, "p10_dbm": -73.0, "p90_dbm": -73.0, "median_lte_rsrp_dbm": null}}, {"type": "Feature", "geometry": {"type": "Polygon", "coordinates": [[[13.25422989812394, 32.913171750088196], [13.25248571701686, 32.90819726230028], [13.25668468939531, 32.90448040255993], [13.26262796254973, 32.905737830295564], [13.264372681984398, 32.910712312663144], [13.260173589972075, 32.91442937273097], [13.25422989812394, 32.913171750088196]]]}, "properties": {"mcc": 606, "mnc": 1, "net_type": "UMTS", "h3_r8": "88384b28c3fffff", "sample_count": 24, "day_count": 2, "device_count": 1, "cell_count": 3, "spatial_bins_r9": 2, "median_dbm": -78.5, "p10_dbm": -82.4, "p90_dbm": -72.5, "median_lte_rsrp_dbm": null}}, {"type": "Feature", "geometry": {"type": "Polygon", "coordinates": [[[13.236400659421097, 32.90939736912157], [13.234657565375732, 32.90442279581249], [13.238856706178387, 32.90070660676117], [13.244799061105413, 32.90196479073246], [13.246542693590897, 32.90693935886984], [13.24234343274421, 32.910655748223185], [13.236400659421097, 32.90939736912157]]]}, "properties": {"mcc": 606, "mnc": 1, "net_type": "UMTS", "h3_r8": "88384b28c5fffff", "sample_count": 4, "day_count": 1, "device_count": 1, "cell_count": 1, "spatial_bins_r9": 1, "median_dbm": -77.0, "p10_dbm": -77.0, "p90_dbm": -77.0, "median_lte_rsrp_dbm": null}}, {"type": "Feature", "geometry": {"type": "Polygon", "coordinates": [[[13.246542693590897, 32.90693935886984], [13.244799061105413, 32.90196479073246], [13.248997913684097, 32.89824813133198], [13.254940518583037, 32.899505839744585], [13.25668468939531, 32.90448040255993], [13.25248571701686, 32.90819726230028], [13.246542693590897, 32.90693935886984]]]}, "properties": {"mcc": 606, "mnc": 1, "net_type": "UMTS", "h3_r8": "88384b28c7fffff", "sample_count": 21, "day_count": 1, "device_count": 1, "cell_count": 2, "spatial_bins_r9": 3, "median_dbm": -75.0, "p10_dbm": -81.4, "p90_dbm": -62.2, "median_lte_rsrp_dbm": null}}, {"type": "Feature", "geometry": {"type": "Polygon", "coordinates": [[[13.272061891463443, 32.916943861135714], [13.270316623317399, 32.91196945947507], [13.274515426356155, 32.90825192910935], [13.280459616799485, 32.909508600067014], [13.282205423160187, 32.91448299605865], [13.27800650089798, 32.91820072677717], [13.272061891463443, 32.916943861135714]]]}, "properties": {"mcc": 606, "mnc": 1, "net_type": "UMTS", "h3_r8": "88384b28d1fffff", "sample_count": 2, "day_count": 1, "device_count": 1, "cell_count": 1, "spatial_bins_r9": 2, "median_dbm": -83.0, "p10_dbm": -83.0, "p90_dbm": -83.0, "median_lte_rsrp_dbm": null}}, {"type": "Feature", "geometry": {"type": "Polygon", "coordinates": [[[13.282205423160187, 32.91448299605865], [13.280459616799485, 32.909508600067014], [13.284658130603752, 32.90579059953042], [13.290602569782818, 32.907046794610544], [13.292348914244434, 32.912021184782816], [13.28815028146118, 32.91573938570986], [13.282205423160187, 32.91448299605865]]]}, "properties": {"mcc": 606, "mnc": 1, "net_type": "UMTS", "h3_r8": "88384b28d3fffff", "sample_count": 27, "day_count": 2, "device_count": 1, "cell_count": 2, "spatial_bins_r9": 2, "median_dbm": -89.5, "p10_dbm": -93.8, "p90_dbm": -83.1, "median_lte_rsrp_dbm": null}}, {"type": "Feature", "geometry": {"type": "Polygon", "coordinates": [[[13.264372681984398, 32.910712312663144], [13.26262796254973, 32.905737830295564], [13.266826646198986, 32.902020500295066], [13.272770168707455, 32.90327745231247], [13.274515426356155, 32.90825192910935], [13.270316623317399, 32.91196945947507], [13.264372681984398, 32.910712312663144]]]}, "properties": {"mcc": 606, "mnc": 1, "net_type": "UMTS", "h3_r8": "88384b28d5fffff", "sample_count": 51, "day_count": 3, "device_count": 1, "cell_count": 5, "spatial_bins_r9": 3, "median_dbm": -87.0, "p10_dbm": -89.8, "p90_dbm": -75.2, "median_lte_rsrp_dbm": null}}, {"type": "Feature", "geometry": {"type": "Polygon", "coordinates": [[[13.274515426356155, 32.90825192910935], [13.272770168707455, 32.90327745231247], [13.276968563366616, 32.89955965217879], [13.282912334854664, 32.9008161284546], [13.284658130603752, 32.90579059953042], [13.280459616799485, 32.909508600067014], [13.274515426356155, 32.90825192910935]]]}, "properties": {"mcc": 606, "mnc": 1, "net_type": "UMTS", "h3_r8": "88384b28d7fffff", "sample_count": 25, "day_count": 2, "device_count": 1, "cell_count": 2, "spatial_bins_r9": 2, "median_dbm": -79.0, "p10_dbm": -81.8, "p90_dbm": -77.6, "median_lte_rsrp_dbm": null}}, {"type": "Feature", "geometry": {"type": "Polygon", "coordinates": [[[13.241312354838524, 32.8920154994852], [13.239569281003902, 32.8870407765517], [13.243767605489262, 32.88332404772136], [13.249709123731316, 32.88458184143759], [13.251452735777656, 32.88955655909521], [13.247254291405186, 32.89327348832799], [13.241312354838524, 32.8920154994852]]]}, "properties": {"mcc": 606, "mnc": 1, "net_type": "UMTS", "h3_r8": "88384b28e3fffff", "sample_count": 11, "day_count": 1, "device_count": 1, "cell_count": 1, "spatial_bins_r9": 2, "median_dbm": -76.0, "p10_dbm": -84.8, "p90_dbm": -67.2, "median_lte_rsrp_dbm": null}}, {"type": "Feature", "geometry": {"type": "Polygon", "coordinates": [[[13.238856706178387, 32.90070660676117], [13.237113622225381, 32.895731958533425], [13.241312354838524, 32.8920154994852], [13.247254291405186, 32.89327348832799], [13.248997913684097, 32.89824813133198], [13.244799061105413, 32.90196479073246], [13.238856706178387, 32.90070660676117]]]}, "properties": {"mcc": 606, "mnc": 1, "net_type": "UMTS", "h3_r8": "88384b28ebfffff", "sample_count": 21, "day_count": 1, "device_count": 1, "cell_count": 2, "spatial_bins_r9": 3, "median_dbm": -65.0, "p10_dbm": -76.2, "p90_dbm": -61.8, "median_lte_rsrp_dbm": null}}, {"type": "Feature", "geometry": {"type": "Polygon", "coordinates": [[[13.21303925019372, 32.858390408869276], [13.211298379036931, 32.853415294959305], [13.215495814566014, 32.8496990984962], [13.221434241757434, 32.85095781545644], [13.223175651007686, 32.85593292443128], [13.21897809500791, 32.85964932139654], [13.21303925019372, 32.858390408869276]]]}, "properties": {"mcc": 606, "mnc": 1, "net_type": "UMTS", "h3_r8": "88384b298bfffff", "sample_count": 28, "day_count": 1, "device_count": 1, "cell_count": 5, "spatial_bins_r9": 3, "median_dbm": -77.0, "p10_dbm": -81.8, "p90_dbm": -69.0, "median_lte_rsrp_dbm": null}}, {"type": "Feature", "geometry": {"type": "Polygon", "coordinates": [[[13.230856703755117, 32.86216639231368], [13.229114746504097, 32.85719136216936], [13.233312014961712, 32.853474495462486], [13.239251360766705, 32.85473245838774], [13.240993855999296, 32.859707483348345], [13.236796467480238, 32.863424550582955], [13.230856703755117, 32.86216639231368]]]}, "properties": {"mcc": 606, "mnc": 1, "net_type": "UMTS", "h3_r8": "88384b2999fffff", "sample_count": 3, "day_count": 1, "device_count": 1, "cell_count": 2, "spatial_bins_r9": 1, "median_dbm": -79.0, "p10_dbm": -79.0, "p90_dbm": -79.0, "median_lte_rsrp_dbm": null}}, {"type": "Feature", "geometry": {"type": "Polygon", "coordinates": [[[13.223175651007686, 32.85593292443128], [13.221434241757434, 32.85095781545644], [13.225631389988173, 32.84724114928968], [13.23157006773092, 32.848499391573185], [13.233312014961712, 32.853474495462486], [13.229114746504097, 32.85719136216936], [13.223175651007686, 32.85593292443128]]]}, "properties": {"mcc": 606, "mnc": 1, "net_type": "UMTS", "h3_r8": "88384b299dfffff", "sample_count": 18, "day_count": 1, "device_count": 1, "cell_count": 4, "spatial_bins_r9": 2, "median_dbm": -79.0, "p10_dbm": -80.6, "p90_dbm": -77.4, "median_lte_rsrp_dbm": null}}, {"type": "Feature", "geometry": {"type": "Polygon", "coordinates": [[[13.20044502548076, 32.86953745056887], [13.198704682852215, 32.86456240577576], [13.202902813154129, 32.860846948673576], [13.208841406912493, 32.86210633596627], [13.210582287861385, 32.86708137602684], [13.206384036766405, 32.87079703354282], [13.20044502548076, 32.86953745056887]]]}, "properties": {"mcc": 606, "mnc": 1, "net_type": "UMTS", "h3_r8": "88384b29c3fffff", "sample_count": 14, "day_count": 1, "device_count": 1, "cell_count": 1, "spatial_bins_r9": 3, "median_dbm": -65.0, "p10_dbm": -65.0, "p90_dbm": -61.8, "median_lte_rsrp_dbm": null}}, {"type": "Feature", "geometry": {"type": "Polygon", "coordinates": [[[13.218262979370426, 32.87331544529044], [13.21652155033389, 32.86834048412303], [13.220719514164323, 32.86462435657418], [13.226659027449996, 32.86588298976878], [13.22840099469522, 32.87085794595503], [13.224202910480976, 32.874574273943395], [13.218262979370426, 32.87331544529044]]]}, "properties": {"mcc": 606, "mnc": 1, "net_type": "UMTS", "h3_r8": "88384b29d1fffff", "sample_count": 5, "day_count": 1, "device_count": 1, "cell_count": 1, "spatial_bins_r9": 1, "median_dbm": -93.0, "p10_dbm": -93.0, "p90_dbm": -93.0, "median_lte_rsrp_dbm": null}}, {"type": "Feature", "geometry": {"type": "Polygon", "coordinates": [[[13.22840099469522, 32.87085794595503], [13.226659027449996, 32.86588298976878], [13.230856703755117, 32.86216639231368], [13.236796467480238, 32.863424550582955], [13.238538972821118, 32.868399501637676], [13.234341176376132, 32.872116299570216], [13.22840099469522, 32.87085794595503]]]}, "properties": {"mcc": 606, "mnc": 1, "net_type": "UMTS", "h3_r8": "88384b29d3fffff", "sample_count": 22, "day_count": 1, "device_count": 1, "cell_count": 2, "spatial_bins_r9": 3, "median_dbm": -81.0, "p10_dbm": -81.0, "p90_dbm": -71.4, "median_lte_rsrp_dbm": null}}, {"type": "Feature", "geometry": {"type": "Polygon", "coordinates": [[[13.210582287861385, 32.86708137602684], [13.208841406912493, 32.86210633596627], [13.21303925019372, 32.858390408869276], [13.21897809500791, 32.85964932139654], [13.220719514164323, 32.86462435657418], [13.21652155033389, 32.86834048412303], [13.210582287861385, 32.86708137602684]]]}, "properties": {"mcc": 606, "mnc": 1, "net_type": "UMTS", "h3_r8": "88384b29d5fffff", "sample_count": 22, "day_count": 1, "device_count": 1, "cell_count": 3, "spatial_bins_r9": 4, "median_dbm": -83.0, "p10_dbm": -91.1, "p90_dbm": -70.0, "median_lte_rsrp_dbm": null}}, {"type": "Feature", "geometry": {"type": "Polygon", "coordinates": [[[13.220719514164323, 32.86462435657418], [13.21897809500791, 32.85964932139654], [13.223175651007686, 32.85593292443128], [13.229114746504097, 32.85719136216936], [13.230856703755117, 32.86216639231368], [13.226659027449996, 32.86588298976878], [13.220719514164323, 32.86462435657418]]]}, "properties": {"mcc": 606, "mnc": 1, "net_type": "UMTS", "h3_r8": "88384b29d7fffff", "sample_count": 67, "day_count": 1, "device_count": 1, "cell_count": 6, "spatial_bins_r9": 4, "median_dbm": -86.0, "p10_dbm": -87.0, "p90_dbm": -82.2, "median_lte_rsrp_dbm": null}}, {"type": "Feature", "geometry": {"type": "Polygon", "coordinates": [[[13.33012613390894, 32.87854628849356], [13.328378209111326, 32.87357169269268], [13.332574338172147, 32.86985100655944], [13.338518509832651, 32.87110471555206], [13.340266971932541, 32.87607930477596], [13.336070725104848, 32.87980019159977], [13.33012613390894, 32.87854628849356]]]}, "properties": {"mcc": 606, "mnc": 1, "net_type": "UMTS", "h3_r8": "88384b2d01fffff", "sample_count": 25, "day_count": 3, "device_count": 2, "cell_count": 4, "spatial_bins_r9": 3, "median_dbm": -98.0, "p10_dbm": -101.0, "p90_dbm": -89.4, "median_lte_rsrp_dbm": null}}, {"type": "Feature", "geometry": {"type": "Polygon", "coordinates": [[[13.327677532428735, 32.88724122746441], [13.32592959651091, 32.882266706113384], [13.33012613390894, 32.87854628849356], [13.336070725104848, 32.87980019159977], [13.337819198439142, 32.88477470642593], [13.333622543196253, 32.88849532468625], [13.327677532428735, 32.88724122746441]]]}, "properties": {"mcc": 606, "mnc": 1, "net_type": "UMTS", "h3_r8": "88384b2d09fffff", "sample_count": 100, "day_count": 3, "device_count": 1, "cell_count": 8, "spatial_bins_r9": 6, "median_dbm": -75.0, "p10_dbm": -83.4, "p90_dbm": -65.8, "median_lte_rsrp_dbm": null}}, {"type": "Feature", "geometry": {"type": "Polygon", "coordinates": [[[13.337819198439142, 32.88477470642593], [13.336070725104848, 32.87980019159977], [13.340266971932541, 32.87607930477596], [13.346211809730157, 32.877332732116024], [13.347960820366659, 32.88230724026696], [13.34376445593856, 32.88602832776857], [13.337819198439142, 32.88477470642593]]]}, "properties": {"mcc": 606, "mnc": 1, "net_type": "UMTS", "h3_r8": "88384b2d0bfffff", "sample_count": 20, "day_count": 1, "device_count": 1, "cell_count": 1, "spatial_bins_r9": 2, "median_dbm": -67.0, "p10_dbm": -68.6, "p90_dbm": -65.4, "median_lte_rsrp_dbm": null}}, {"type": "Feature", "geometry": {"type": "Polygon", "coordinates": [[[13.319985252291339, 32.881012327263605], [13.318237864910133, 32.876037725036085], [13.322434284296927, 32.87231750806946], [13.328378209111326, 32.87357169269268], [13.33012613390894, 32.87854628849356], [13.32592959651091, 32.882266706113384], [13.319985252291339, 32.881012327263605]]]}, "properties": {"mcc": 606, "mnc": 1, "net_type": "UMTS", "h3_r8": "88384b2d0dfffff", "sample_count": 54, "day_count": 3, "device_count": 1, "cell_count": 4, "spatial_bins_r9": 5, "median_dbm": -68.0, "p10_dbm": -71.0, "p90_dbm": -64.7, "median_lte_rsrp_dbm": null}}, {"type": "Feature", "geometry": {"type": "Polygon", "coordinates": [[[13.315085996247177, 32.89840093568246], [13.313338586879759, 32.893426482671906], [13.31753582297067, 32.889706803277306], [13.323480586631558, 32.8909613763557], [13.325228533643804, 32.895935823043786], [13.32103117938552, 32.89965570299147], [13.315085996247177, 32.89840093568246]]]}, "properties": {"mcc": 606, "mnc": 1, "net_type": "UMTS", "h3_r8": "88384b2d41fffff", "sample_count": 43, "day_count": 2, "device_count": 1, "cell_count": 3, "spatial_bins_r9": 3, "median_dbm": -77.0, "p10_dbm": -79.0, "p90_dbm": -70.5, "median_lte_rsrp_dbm": null}}, {"type": "Feature", "geometry": {"type": "Polygon", "coordinates": [[[13.325228533643804, 32.895935823043786], [13.323480586631558, 32.8909613763557], [13.327677532428735, 32.88724122746441], [13.333622543196253, 32.88849532468625], [13.33537102773918, 32.89346976490154], [13.331173964019104, 32.8971901143833], [13.325228533643804, 32.895935823043786]]]}, "properties": {"mcc": 606, "mnc": 1, "net_type": "UMTS", "h3_r8": "88384b2d43fffff", "sample_count": 37, "day_count": 2, "device_count": 1, "cell_count": 8, "spatial_bins_r9": 2, "median_dbm": -70.0, "p10_dbm": -71.0, "p90_dbm": -64.8, "median_lte_rsrp_dbm": null}}, {"type": "Feature", "geometry": {"type": "Polygon", "coordinates": [[[13.31753582297067, 32.889706803277306], [13.315788424583454, 32.88473227555176], [13.319985252291339, 32.881012327263605], [13.32592959651091, 32.882266706113384], [13.327677532428735, 32.88724122746441], [13.323480586631558, 32.8909613763557], [13.31753582297067, 32.889706803277306]]]}, "properties": {"mcc": 606, "mnc": 1, "net_type": "UMTS", "h3_r8": "88384b2d47fffff", "sample_count": 6, "day_count": 2, "device_count": 1, "cell_count": 2, "spatial_bins_r9": 1, "median_dbm": -78.0, "p10_dbm": -80.4, "p90_dbm": -75.6, "median_lte_rsrp_dbm": null}}, {"type": "Feature", "geometry": {"type": "Polygon", "coordinates": [[[13.312635772033103, 32.90709472405097], [13.310888351711307, 32.90212034596845], [13.315085996247177, 32.89840093568246], [13.32103117938552, 32.89965570299147], [13.322779137466387, 32.904630074803585], [13.318581374685026, 32.908349685592604], [13.312635772033103, 32.90709472405097]]]}, "properties": {"mcc": 606, "mnc": 1, "net_type": "UMTS", "h3_r8": "88384b2d49fffff", "sample_count": 8, "day_count": 2, "device_count": 1, "cell_count": 2, "spatial_bins_r9": 1, "median_dbm": -82.0, "p10_dbm": -84.4, "p90_dbm": -79.6, "median_lte_rsrp_dbm": null}}, {"type": "Feature", "geometry": {"type": "Polygon", "coordinates": [[[13.30494341618469, 32.900865102712764], [13.303196544576137, 32.89589064353012], [13.307394070700179, 32.89217143375974], [13.313338586879759, 32.893426482671906], [13.315085996247177, 32.89840093568246], [13.310888351711307, 32.90212034596845], [13.30494341618469, 32.900865102712764]]]}, "properties": {"mcc": 606, "mnc": 1, "net_type": "UMTS", "h3_r8": "88384b2d4dfffff", "sample_count": 17, "day_count": 2, "device_count": 1, "cell_count": 2, "spatial_bins_r9": 2, "median_dbm": -87.0, "p10_dbm": -105.8, "p90_dbm": -80.8, "median_lte_rsrp_dbm": null}}, {"type": "Feature", "geometry": {"type": "Polygon", "coordinates": [[[13.33537102773918, 32.89346976490154], [13.333622543196253, 32.88849532468625], [13.337819198439142, 32.88477470642593], [13.34376445593856, 32.88602832776857], [13.34551347789792, 32.89100276136074], [13.341316704976657, 32.89472358024888], [13.33537102773918, 32.89346976490154]]]}, "properties": {"mcc": 606, "mnc": 1, "net_type": "UMTS", "h3_r8": "88384b2d55fffff", "sample_count": 34, "day_count": 2, "device_count": 1, "cell_count": 5, "spatial_bins_r9": 4, "median_dbm": -75.0, "p10_dbm": -82.2, "p90_dbm": -69.2, "median_lte_rsrp_dbm": null}}, {"type": "Feature", "geometry": {"type": "Polygon", "coordinates": [[[13.302154047865344, 32.87724767666097], [13.30040774646245, 32.872272987638155], [13.304604337492934, 32.86855344059418], [13.310547348383237, 32.86980838196014], [13.312294187316342, 32.87478306480492], [13.308097477864054, 32.87850281247731], [13.302154047865344, 32.87724767666097]]]}, "properties": {"mcc": 606, "mnc": 1, "net_type": "UMTS", "h3_r8": "88384b2d61fffff", "sample_count": 18, "day_count": 1, "device_count": 1, "cell_count": 1, "spatial_bins_r9": 4, "median_dbm": -83.0, "p10_dbm": -85.8, "p90_dbm": -76.0, "median_lte_rsrp_dbm": null}}, {"type": "Feature", "geometry": {"type": "Polygon", "coordinates": [[[13.312294187316342, 32.87478306480492], [13.310547348383237, 32.86980838196014], [13.314743649592499, 32.86608836565938], [13.320686907947541, 32.867342831553074], [13.322434284296927, 32.87231750806946], [13.318237864910133, 32.876037725036085], [13.312294187316342, 32.87478306480492]]]}, "properties": {"mcc": 606, "mnc": 1, "net_type": "UMTS", "h3_r8": "88384b2d63fffff", "sample_count": 20, "day_count": 2, "device_count": 1, "cell_count": 3, "spatial_bins_r9": 2, "median_dbm": -69.0, "p10_dbm": -72.2, "p90_dbm": -61.0, "median_lte_rsrp_dbm": null}}, {"type": "Feature", "geometry": {"type": "Polygon", "coordinates": [[[13.294464983411226, 32.871017570822715], [13.292719230367556, 32.86604280154005], [13.29691570281012, 32.86232345513711], [13.302858046919363, 32.863578677391324], [13.304604337492934, 32.86855344059418], [13.30040774646245, 32.872272987638155], [13.294464983411226, 32.871017570822715]]]}, "properties": {"mcc": 606, "mnc": 1, "net_type": "UMTS", "h3_r8": "88384b2d65fffff", "sample_count": 14, "day_count": 1, "device_count": 1, "cell_count": 1, "spatial_bins_r9": 2, "median_dbm": -78.0, "p10_dbm": -78.8, "p90_dbm": -77.2, "median_lte_rsrp_dbm": null}}, {"type": "Feature", "geometry": {"type": "Polygon", "coordinates": [[[13.292348914244434, 32.912021184782816], [13.290602569782818, 32.907046794610544], [13.29480079409175, 32.90332832403019], [13.300745481631923, 32.90458404320962], [13.3024923640806, 32.90955842741219], [13.298294021037165, 32.91327709842056], [13.292348914244434, 32.912021184782816]]]}, "properties": {"mcc": 606, "mnc": 1, "net_type": "UMTS", "h3_r8": "88384b2f25fffff", "sample_count": 32, "day_count": 2, "device_count": 1, "cell_count": 3, "spatial_bins_r9": 3, "median_dbm": -99.0, "p10_dbm": -101.0, "p90_dbm": -93.0, "median_lte_rsrp_dbm": null}}, {"type": "Feature", "geometry": {"type": "Polygon", "coordinates": [[[13.3024923640806, 32.90955842741219], [13.300745481631923, 32.90458404320962], [13.30494341618469, 32.900865102712764], [13.310888351711307, 32.90212034596845], [13.312635772033103, 32.90709472405097], [13.308437718990326, 32.91081386501338], [13.3024923640806, 32.90955842741219]]]}, "properties": {"mcc": 606, "mnc": 1, "net_type": "UMTS", "h3_r8": "88384b2f27fffff", "sample_count": 27, "day_count": 3, "device_count": 1, "cell_count": 6, "spatial_bins_r9": 2, "median_dbm": -97.0, "p10_dbm": -109.8, "p90_dbm": -86.6, "median_lte_rsrp_dbm": null}}, {"type": "Feature", "geometry": {"type": "Polygon", "coordinates": [[[13.215495814566014, 32.8496990984962], [13.213754953227394, 32.8447239109499], [13.217951981065907, 32.84100744533565], [13.223889990670122, 32.842265966730736], [13.225631389988173, 32.84724114928968], [13.221434241757434, 32.85095781545644], [13.215495814566014, 32.8496990984962]]]}, "properties": {"mcc": 606, "mnc": 3, "net_type": "LTE", "h3_r8": "88384b2983fffff", "sample_count": 1, "day_count": 1, "device_count": 1, "cell_count": 1, "spatial_bins_r9": 1, "median_dbm": -113.0, "p10_dbm": -113.0, "p90_dbm": -113.0, "median_lte_rsrp_dbm": -130.0}}, {"type": "Feature", "geometry": {"type": "Polygon", "coordinates": [[[13.21303925019372, 32.858390408869276], [13.211298379036931, 32.853415294959305], [13.215495814566014, 32.8496990984962], [13.221434241757434, 32.85095781545644], [13.223175651007686, 32.85593292443128], [13.21897809500791, 32.85964932139654], [13.21303925019372, 32.858390408869276]]]}, "properties": {"mcc": 606, "mnc": 3, "net_type": "LTE", "h3_r8": "88384b298bfffff", "sample_count": 1, "day_count": 1, "device_count": 1, "cell_count": 1, "spatial_bins_r9": 1, "median_dbm": -111.0, "p10_dbm": -111.0, "p90_dbm": -111.0, "median_lte_rsrp_dbm": -124.0}}, {"type": "Feature", "geometry": {"type": "Polygon", "coordinates": [[[13.220719514164323, 32.86462435657418], [13.21897809500791, 32.85964932139654], [13.223175651007686, 32.85593292443128], [13.229114746504097, 32.85719136216936], [13.230856703755117, 32.86216639231368], [13.226659027449996, 32.86588298976878], [13.220719514164323, 32.86462435657418]]]}, "properties": {"mcc": 606, "mnc": 3, "net_type": "LTE", "h3_r8": "88384b29d7fffff", "sample_count": 5, "day_count": 1, "device_count": 1, "cell_count": 1, "spatial_bins_r9": 1, "median_dbm": -83.0, "p10_dbm": -83.0, "p90_dbm": -83.0, "median_lte_rsrp_dbm": -94.0}}, {"type": "Feature", "geometry": {"type": "Polygon", "coordinates": [[[13.33012613390894, 32.87854628849356], [13.328378209111326, 32.87357169269268], [13.332574338172147, 32.86985100655944], [13.338518509832651, 32.87110471555206], [13.340266971932541, 32.87607930477596], [13.336070725104848, 32.87980019159977], [13.33012613390894, 32.87854628849356]]]}, "properties": {"mcc": 606, "mnc": 3, "net_type": "LTE", "h3_r8": "88384b2d01fffff", "sample_count": 2, "day_count": 1, "device_count": 1, "cell_count": 1, "spatial_bins_r9": 1, "median_dbm": -65.0, "p10_dbm": -65.0, "p90_dbm": -65.0, "median_lte_rsrp_dbm": -75.0}}]}
