rat,region_id,site_id,network_identity,observation_count,latitude,longitude,bandwidth_latest_observed_mhz,bandwidth_naive_all_observations_mhz,bandwidth_method,bandwidth_capacity_verified,source_record_ids,last_seen_ms
GSM,1,1007,606:1,2,32.866900366891834,13.178500457677128,,0.0,unknown,False,"3626,4085",1785715200000
GSM,1,1008,606:1,2,32.86750089714941,13.177900336251415,,0.0,unknown,False,"3628,4086",1785715200000
GSM,1,1011,606:1,2,32.86750054239259,13.18290055493901,,0.0,unknown,False,"3632,4087",1785715200000
GSM,1,1028,606:1,7,32.89130067301599,13.174100513304445,,0.0,unknown,False,"3660,3672,3722,3773,3989,4039,4089",1351296000000
GSM,1,1036,606:1,2,32.89140052657836,13.174400524924227,,0.0,unknown,False,"3667,4071",1351296000000
GSM,1,1045,606:1,1,32.89140070561918,13.174400505263819,,0.0,unknown,False,4072,1351296000000
GSM,1,1112,606:1,1,32.89150071708868,13.174400416672228,,0.0,unknown,False,4084,1351296000000
GSM,10,1033,606:1,1,31.74910054100582,14.02310033777844,,0.0,unknown,False,3665,1578787200000
GSM,10,2122,606:1,6,32.70990053233905,13.194500445287748,,0.0,unknown,False,"3714,3760,3811,4008,4053,4127",1779408000000
GSM,1111,1018,606:1,3,32.10200038691598,20.166000383928857,,0.0,unknown,False,"3647,4171,4222",1555200000000
GSM,1111,1020,606:1,3,32.094200316104796,20.223400587957922,,0.0,unknown,False,"3651,4173,4224",1555200000000
GSM,1111,1021,606:1,3,32.08570061979044,20.202800413838425,,0.0,unknown,False,"3652,4174,4225",1556409600000
GSM,1111,1023,606:1,3,32.06780034846823,20.21150059404702,,0.0,unknown,False,"3655,4177,4228",1555200000000
GSM,1111,1043,606:1,2,32.15450062610889,20.122500392569584,,0.0,unknown,False,"4152,4206",1563840000000
GSM,1111,1044,606:1,2,32.15070063453571,20.11050059518144,,0.0,unknown,False,"4181,4232",1581206400000
GSM,1111,1045,606:1,2,32.14710062819483,20.114500291306218,,0.0,unknown,False,"4182,4233",1581206400000
GSM,1111,1046,606:1,2,32.14580072692507,20.11220058696125,,0.0,unknown,False,"4183,4234",1614211200000
GSM,1111,1047,606:1,2,32.144400346284854,20.1024003214848,,0.0,unknown,False,"4184,4235",1581206400000
GSM,1111,1048,606:1,2,32.13990050359279,20.118600591860908,,0.0,unknown,False,"4185,4236",1581206400000
GSM,1111,1049,606:1,2,32.13910030838734,20.119100907050914,,0.0,unknown,False,"4186,4237",1581206400000
GSM,1111,1051,606:1,2,32.13310065531245,20.116500368541068,,0.0,unknown,False,"4159,4212",1581206400000
GSM,1111,1052,606:1,2,32.13760070263589,20.116900751860825,,0.0,unknown,False,"4187,4238",1581206400000
GSM,1111,1053,606:1,2,32.129700492270175,20.10950075954073,,0.0,unknown,False,"4151,4205",1581206400000
GSM,1111,1055,606:1,2,32.118400628444554,20.113700677757997,,0.0,unknown,False,"4188,4239",1786665600000
GSM,1111,1056,606:1,1,32.1178007937663,20.114000204370615,,0.0,unknown,False,4240,1612396800000
GSM,1111,1058,606:1,1,32.139900664561374,20.10040074751797,,0.0,unknown,False,4241,1614211200000
GSM,1111,1120,606:1,2,32.146100135252475,20.08920050455834,,0.0,unknown,False,"4146,4201",1789084800000
GSM,1111,1129,606:1,2,32.11760051474286,20.066600439029532,,0.0,unknown,False,"4140,4195",1700438400000
GSM,1112,1001,606:1,1,32.10470058666827,20.135800338962934,,0.0,unknown,False,3623,1789084800000
GSM,1112,1002,606:1,1,32.10940034449544,20.141400375897817,,0.0,unknown,False,3624,1701734400000
GSM,1112,1003,606:1,1,32.117000237085165,20.15910028070058,,0.0,unknown,False,3625,1781049600000
GSM,1112,1007,606:1,1,32.10490060496543,20.126900800174585,,0.0,unknown,False,3627,1789084800000
GSM,1112,1008,606:1,1,32.10720091647968,20.119500299027905,,0.0,unknown,False,3629,1785628800000
GSM,1112,1009,606:1,1,32.10710055775093,20.11450077549382,,0.0,unknown,False,3630,1789084800000
GSM,1112,1010,606:1,1,32.1052002438191,20.126500889046095,,0.0,unknown,False,3631,1786233600000
GSM,1112,1011,606:1,1,32.09500056039554,20.12640039305796,,0.0,unknown,False,3634,1789084800000
GSM,1112,1067,606:1,2,32.11580034733967,20.085500737889554,,0.0,unknown,False,"4141,4196",1786665600000
GSM,1112,1073,606:1,2,32.10930047876643,20.08310079207736,,0.0,unknown,False,"4144,4199",1789084800000
GSM,1112,1074,606:1,2,32.108800545479895,20.089500939085198,,0.0,unknown,False,"4150,4204",1789084800000
GSM,1112,1075,606:1,1,32.1083005140119,20.083400137523462,,0.0,unknown,False,4242,1614384000000
GSM,1112,1078,606:1,2,32.09120063351982,20.09170020007945,,0.0,unknown,False,"4139,4194",1779235200000
GSM,1112,1079,606:1,1,32.08780063539417,20.094300912603277,,0.0,unknown,False,4243,1579478400000
GSM,1112,1087,606:1,2,32.09570044629592,20.101100527629434,,0.0,unknown,False,"4143,4198",1782086400000
GSM,1112,1132,606:1,2,32.111000854878135,20.058800762624607,,0.0,unknown,False,"4142,4197",1772496000000
GSM,1112,1191,606:1,2,32.11150032443486,20.11040054614754,,0.0,unknown,False,"4161,4214",1786233600000
GSM,1113,1012,606:1,3,32.090000610293714,20.136600698464694,,0.0,unknown,False,"3636,4167,4218",1701734400000
GSM,1113,1013,606:1,3,32.087900654467866,20.129900566370225,,0.0,unknown,False,"3640,4168,4219",1701734400000
GSM,1113,1014,606:1,1,32.084600327822244,20.117600875358367,,0.0,unknown,False,3642,1786060800000
GSM,1113,1015,606:1,3,32.078500462706494,20.120000942713475,,0.0,unknown,False,"3643,4169,4220",1786060800000
GSM,1113,1016,606:1,3,32.085300503517075,20.14070040777778,,0.0,unknown,False,"3644,4170,4221",1701734400000
GSM,1113,1086,606:1,2,32.09030076406819,20.105900699971926,,0.0,unknown,False,"4160,4213",1772582400000
GSM,1113,1117,606:1,2,32.05940063836621,20.107000390573045,,0.0,unknown,False,"4145,4200",1781308800000
GSM,1113,1134,606:1,2,32.030500658958736,20.121400911418597,,0.0,unknown,False,"4165,4216",1773446400000
GSM,1113,1160,606:1,2,32.07690030526692,20.064100626412916,,0.0,unknown,False,"4156,4209",1700438400000
GSM,1113,1231,606:1,2,32.071300761716095,20.048000447875076,,0.0,unknown,False,"4158,4211",1701907200000
GSM,1113,1242,606:1,2,32.09000032573438,20.100800521501867,,0.0,unknown,False,"4157,4210",1779235200000
GSM,1113,1244,606:1,2,32.08630057844828,20.09360084870147,,0.0,unknown,False,"4162,4215",1779235200000
GSM,1114,1017,606:1,3,32.11340026212521,20.17050084768332,,0.0,unknown,False,"3646,4147,4202",1701734400000
GSM,1114,1018,606:1,3,32.127000704627406,20.176600665048966,,0.0,unknown,False,"3648,4153,4207",1769817600000
GSM,1114,1019,606:1,3,32.1010007446411,20.176400816286883,,0.0,unknown,False,"3649,4172,4223",1701734400000
GSM,1114,1021,606:1,3,32.09780067974224,20.20130048104087,,0.0,unknown,False,"3653,4175,4226",1701734400000
GSM,1114,1022,606:1,3,32.0269005094664,20.079000462151516,,0.0,unknown,False,"3654,4176,4227",1556668800000
GSM,1114,1023,606:1,3,32.06190061464688,20.069100690981962,,0.0,unknown,False,"3656,4178,4229",1614470400000
GSM,1114,1024,606:1,3,32.05930071791872,20.212900585978648,,0.0,unknown,False,"3658,4179,4230",1701734400000
GSM,1114,1025,606:1,3,31.966700791280342,20.085700563918063,,0.0,unknown,False,"3659,4180,4231",1626393600000
GSM,1114,1029,606:1,3,32.08770084135194,20.238900309074797,,0.0,unknown,False,"3661,4148,4203",1701734400000
GSM,1114,1033,606:1,1,32.22470087637798,20.198800564556098,,0.0,unknown,False,3666,1786665600000
GSM,1114,1036,606:1,1,32.23300018983768,20.190200964765232,,0.0,unknown,False,3668,1786665600000
GSM,1114,1037,606:1,1,32.20290053055271,20.173000190838643,,0.0,unknown,False,3669,1783036800000
GSM,1114,1038,606:1,1,32.20170071512125,20.171900702118794,,0.0,unknown,False,3670,1783036800000
GSM,1114,1649,606:1,2,32.0207005462683,20.16220049668788,,0.0,unknown,False,"4166,4217",1773532800000
GSM,1115,1137,606:1,2,31.952700676464474,20.080400620925136,,0.0,unknown,False,"4155,4208",1612396800000
GSM,1115,1198,606:1,2,31.655000714944187,20.01600067417378,,0.0,unknown,False,"4149,4244",1787011200000
GSM,1115,1201,606:1,2,31.650700877959046,20.237000359892185,,0.0,unknown,False,"4154,4245",1785369600000
GSM,1115,1351,606:1,1,31.654600251811026,20.007800942855788,,0.0,unknown,False,4248,1783036800000
GSM,1115,1352,606:1,2,31.658100671247034,20.012900312462175,,0.0,unknown,False,"4164,4247",1783036800000
GSM,1115,1356,606:1,2,31.653900462457564,20.00870077749916,,0.0,unknown,False,"4163,4246",1753660800000
GSM,1115,1366,606:1,1,31.66730050469589,20.247800328267388,,0.0,unknown,False,4250,1785974400000
GSM,1115,1367,606:1,1,31.668300528496435,20.25590043714782,,0.0,unknown,False,4251,1785974400000
GSM,1115,1369,606:1,1,31.73380032444559,20.261400272319793,,0.0,unknown,False,4252,1785456000000
GSM,1122,1337,606:1,1,32.63890057440847,20.949800644134605,,0.0,unknown,False,4192,1786147200000
GSM,1122,1514,606:1,1,32.63830029792578,20.941600202365603,,0.0,unknown,False,4191,1788307200000
GSM,1123,1648,606:1,1,32.70660018226572,21.732500593534706,,0.0,unknown,False,4189,1780704000000
GSM,1123,1662,606:1,1,32.81620044897403,21.854200248553852,,0.0,unknown,False,4193,1784764800000
GSM,1123,1884,606:1,1,32.80030053094168,21.86540059521768,,0.0,unknown,False,4190,1761696000000
GSM,14,1011,606:1,1,32.82670050650415,13.129400320469584,,0.0,unknown,False,3633,1785715200000
GSM,14,1012,606:1,2,32.81010056367785,13.181200517443786,,0.0,unknown,False,"3635,4070",1539388800000
GSM,14,1013,606:1,1,32.81910052360404,13.13800042590361,,0.0,unknown,False,3639,1785715200000
GSM,14,1014,606:1,1,32.840800338990974,13.12750097126901,,0.0,unknown,False,3641,1785715200000
GSM,14,1024,606:1,1,32.760400199507245,13.142800819292024,,0.0,unknown,False,3657,1785715200000
GSM,14,1039,606:1,1,32.84680047256958,13.152300241346971,,0.0,unknown,False,3671,1785715200000
GSM,14,2009,606:1,2,32.80280065079088,13.12580056261217,,0.0,unknown,False,"4021,4065",1785715200000
GSM,14,2010,606:1,2,32.800700349879264,13.140500635762713,,0.0,unknown,False,"4022,4066",1785715200000
GSM,14,2524,606:1,2,32.84250036866493,13.087500446623292,,0.0,unknown,False,"4024,4067",1785715200000
GSM,14,2649,606:1,1,32.80560082244606,13.13520029225108,,0.0,unknown,False,4077,1785715200000
GSM,14,2653,606:1,1,32.803000240956294,13.138900899727973,,0.0,unknown,False,4078,1785715200000
GSM,14,2667,606:1,1,32.852500471967865,13.164300504921849,,0.0,unknown,False,4083,1785715200000
GSM,14,6444,606:1,6,32.84100060373683,13.108700443385434,,0.0,unknown,False,"3691,3739,3790,3998,4046,4106",1785715200000
GSM,2,1013,606:1,2,32.85250057121028,13.16430067406878,,0.0,unknown,False,"3638,4088",1785715200000
GSM,2,1742,606:1,1,32.85580054158981,13.180700665398845,,0.0,unknown,False,4073,1785715200000
GSM,2,1743,606:1,1,32.85530068178717,13.173100115851218,,0.0,unknown,False,4074,1785715200000
GSM,2,1757,606:1,1,32.85410080774827,13.165900607454015,,0.0,unknown,False,4075,1785715200000
GSM,2,1991,606:1,2,32.860300283661886,13.215200580612194,,0.0,unknown,False,"4019,4063",1785715200000
GSM,2,1993,606:1,2,32.857400448445105,13.209000580478328,,0.0,unknown,False,"4020,4064",1785715200000
GSM,2,6008,606:1,6,32.86950073090531,13.117800471159633,,0.0,unknown,False,"3675,3725,3776,3991,4040,4092",1333411200000
GSM,2,6117,606:1,6,32.87560050527182,13.134700549216262,,0.0,unknown,False,"3681,3730,3781,3995,4043,4097",1333411200000
GSM,2,6227,606:1,6,32.857900546169766,13.210200432318878,,0.0,unknown,False,"3711,3757,3808,4007,4052,4124",1785715200000
GSM,2,6234,606:1,6,32.85610064144921,13.187100642878486,,0.0,unknown,False,"3716,3762,3813,4010,4055,4129",1785715200000
GSM,2000,1000,606:1,4,32.54460066564653,14.102700666449296,,0.0,unknown,False,"3622,3855,3896,3983",1788825600000
GSM,2000,1050,606:1,1,32.592300900771555,14.119600906785422,,0.0,unknown,False,3908,1783555200000
GSM,2000,1063,606:1,1,32.63700075270224,14.1640006204323,,0.0,unknown,False,3909,1783555200000
GSM,2000,1081,606:1,2,32.49270044423059,14.18330019190357,,0.0,unknown,False,"3868,3904",1788825600000
GSM,2000,1084,606:1,3,32.49270057077793,14.183300757100916,,0.0,unknown,False,"3840,3882,3965",1748304000000
GSM,2000,1264,606:1,3,32.49270035292204,14.183300808848681,,0.0,unknown,False,"3841,3883,3966",1748304000000
GSM,2000,1285,606:1,1,32.461600285332075,13.909100669126733,,0.0,unknown,False,3864,1779408000000
GSM,2000,1286,606:1,2,32.70950040859795,13.984100703249648,,0.0,unknown,False,"3865,3902",1785715200000
GSM,2000,1288,606:1,2,32.624700596690865,13.96530045538981,,0.0,unknown,False,"3854,3982",1789084800000
GSM,2000,1289,606:1,1,32.711100484022204,13.929700968296963,,0.0,unknown,False,3866,1785715200000
GSM,2000,1451,606:1,2,32.578600481181326,13.978100401887609,,0.0,unknown,False,"3856,3987",1789084800000
GSM,2000,1452,606:1,6,32.58000064474244,13.946100720856403,,0.0,unknown,False,"3685,3734,3785,3825,3942,4101",1779494400000
GSM,2000,1456,606:1,2,32.50900053635374,14.20390051143455,,0.0,unknown,False,"3869,3905",1788825600000
GSM,2000,1458,606:1,6,32.580100692086205,13.949300507662237,,0.0,unknown,False,"3705,3752,3803,3831,3950,4119",1789084800000
GSM,2000,1460,606:1,7,32.580000570123126,14.03450045610474,,0.0,unknown,False,"3698,3745,3796,3829,3875,3946,4112",1784678400000
GSM,2000,1461,606:1,6,32.48790067479901,13.951800353327831,,0.0,unknown,False,"3686,3735,3786,3826,3943,4102",1782950400000
GSM,2000,1462,606:1,7,32.59960061599547,14.005700589326128,,0.0,unknown,False,"3687,3736,3787,3827,3874,3944,4103",1789084800000
GSM,2000,1463,606:1,3,32.56190063148297,14.027800494719582,,0.0,unknown,False,"3851,3893,3978",1782950400000
GSM,2000,1464,606:1,2,32.571800660060894,14.02220033664741,,0.0,unknown,False,"3859,3898",1783555200000
GSM,2000,1466,606:1,1,32.50560064465736,13.923200745998301,,0.0,unknown,False,3862,1782950400000
GSM,2000,1470,606:1,2,32.51650045232644,14.142300556681356,,0.0,unknown,False,"3872,3906",1788825600000
GSM,2000,1473,606:1,1,32.57980025546378,14.01060032325992,,0.0,unknown,False,3907,1789084800000
GSM,2000,1475,606:1,6,32.57970075621854,13.939300686240976,,0.0,unknown,False,"3690,3738,3789,3828,3945,4105",1789084800000
GSM,2000,1476,606:1,2,32.51360025442244,13.989200280676378,,0.0,unknown,False,"3863,3901",1782950400000
GSM,2000,1477,606:1,7,32.629000630310856,13.991800386181254,,0.0,unknown,False,"3674,3724,3775,3823,3873,3939,4091",1778630400000
GSM,2000,1550,606:1,2,32.52660067972941,14.003100718433704,,0.0,unknown,False,"3867,3903",1779408000000
GSM,2001,1012,606:1,3,32.623100643944724,14.331300697675406,,0.0,unknown,False,"3637,3860,3899",1788825600000
GSM,2001,1045,606:1,3,32.53630073447008,14.238700671450285,,0.0,unknown,False,"3836,3878,3961",1748217600000
GSM,2001,1049,606:1,3,32.53630050849233,14.238700842155316,,0.0,unknown,False,"3837,3879,3962",1748217600000
GSM,2001,1076,606:1,2,32.62280033812442,14.327300459985294,,0.0,unknown,False,"3861,3900",1788825600000
GSM,2001,1077,606:1,3,32.62220040602547,14.259800490073623,,0.0,unknown,False,"3857,3897,3988",1786147200000
GSM,2001,1080,606:1,3,32.54070068184483,14.244700401705765,,0.0,unknown,False,"3838,3880,3963",1748217600000
GSM,2001,1083,606:1,3,32.556200664356744,14.26980061630231,,0.0,unknown,False,"3839,3881,3964",1787529600000
GSM,2001,1282,606:1,3,32.64030054281413,14.240900350228717,,0.0,unknown,False,"3847,3889,3974",1582070400000
GSM,2001,1287,606:1,1,32.629300153812856,14.184600160163214,,0.0,unknown,False,3910,1788825600000
GSM,2001,6550,606:1,5,32.50600071880227,14.48640066507379,,0.0,unknown,False,"3835,3877,3914,3958,4137",1773273600000
GSM,2002,1236,606:1,4,32.468500579653494,14.565200902348412,,0.0,unknown,False,"3842,3884,3917,3969",1552694400000
GSM,2002,1244,606:1,4,32.44910063270427,14.597800577259104,,0.0,unknown,False,"3853,3895,3927,3981",1566604800000
GSM,2002,1245,606:1,4,32.46780076926312,14.551700374601996,,0.0,unknown,False,"3843,3885,3918,3970",1562371200000
GSM,2002,1246,606:1,4,32.45960020638277,14.578600582682,,0.0,unknown,False,"3844,3886,3919,3971",1566604800000
GSM,2002,1254,606:1,4,32.45410015498508,14.601400414913092,,0.0,unknown,False,"3852,3894,3926,3980",1566604800000
GSM,2002,1261,606:1,4,32.4793003838563,14.57760047757338,,0.0,unknown,False,"3845,3887,3920,3972",1582934400000
GSM,2002,1262,606:1,5,32.50320048475952,14.48440061083951,,0.0,unknown,False,"3834,3876,3913,3957,4136",1773187200000
GSM,2002,1281,606:1,4,32.4545004385499,14.585600485205987,,0.0,unknown,False,"3846,3888,3921,3973",1576195200000
GSM,2002,1448,606:1,4,32.47530039409429,14.558700454353005,,0.0,unknown,False,"3848,3890,3922,3975",1580860800000
GSM,2002,1485,606:1,4,32.47050055879306,14.570300552164259,,0.0,unknown,False,"3849,3891,3923,3976",1566604800000
GSM,2002,2290,606:1,4,32.4413006458515,14.564300411099659,,0.0,unknown,False,"3850,3892,3924,3977",1619049600000
GSM,2003,1159,606:1,3,32.392500815117735,15.119900398171941,,0.0,unknown,False,"3916,3934,3968",1665878400000
GSM,2004,1143,606:1,3,32.35510077941224,15.025500234751357,,0.0,unknown,False,"3925,3935,3979",1572220800000
GSM,2004,2251,606:1,3,32.31400039134312,15.103800886524919,,0.0,unknown,False,"3928,3936,3984",1772668800000
GSM,2004,2253,606:1,3,32.303700342737415,15.101600524825116,,0.0,unknown,False,"3929,3937,3985",1772668800000
GSM,2004,6552,606:1,3,32.319500549838274,15.101400513169486,,0.0,unknown,False,"3930,3938,3986",1772668800000
GSM,2007,1181,606:1,1,26.100900119469053,14.783100508327472,,0.0,unknown,False,4256,1683244800000
GSM,2008,1177,606:1,1,27.5010003280248,14.017500978491727,,0.0,unknown,False,4253,1673654400000
GSM,2008,1228,606:1,1,27.5618007579508,14.453600565708943,,0.0,unknown,False,4254,1665878400000
GSM,2008,1406,606:1,1,27.484800141561156,13.796500182280138,,0.0,unknown,False,4255,1673654400000
GSM,2012,1887,606:1,2,32.319500334239635,12.743700721398667,,0.0,unknown,False,"3771,3822",1774310400000
GSM,2021,2131,606:1,2,30.77030073276041,20.266000480804685,,0.0,unknown,False,"4249,4258",1774310400000
GSM,2022,2061,606:1,1,28.69140090598734,21.412900816670426,,0.0,unknown,False,4257,1618444800000
GSM,2034,1630,606:1,6,32.85540071977984,13.293200662194756,,0.0,unknown,False,"3680,3729,3780,3994,4042,4096",1778457600000
GSM,2034,1640,606:1,6,32.83250035445839,13.286400581699905,,0.0,unknown,False,"3682,3731,3782,3996,4044,4098",1778630400000
GSM,2034,1655,606:1,6,32.83120054757049,13.403900693815299,,0.0,unknown,False,"3703,3750,3801,4005,4050,4117",1779494400000
GSM,2034,1732,606:1,5,32.873600838745844,13.38810077515047,,0.0,unknown,False,"3768,3819,4016,4060,4135",1785715200000
GSM,2034,1828,606:1,1,32.87270031476031,13.308900222665141,,0.0,unknown,False,4076,1785715200000
GSM,2034,1856,606:1,1,32.8722005765826,13.372300371389894,,0.0,unknown,False,4081,1785715200000
GSM,2034,1861,606:1,1,32.874900878837224,13.330800711799089,,0.0,unknown,False,4082,1785715200000
GSM,2034,1985,606:1,4,32.87290063491715,13.338000839787563,,0.0,unknown,False,"3770,3821,4018,4062",1785715200000
GSM,2034,6244,606:1,6,32.839800431778116,13.284800317843406,,0.0,unknown,False,"3684,3733,3784,3997,4045,4100",1778457600000
GSM,2034,6249,606:1,6,32.87240058029252,13.30770061381764,,0.0,unknown,False,"3717,3763,3814,4011,4056,4130",1785715200000
GSM,2035,1603,606:1,4,32.575300341721196,13.175300606339842,,0.0,unknown,False,"3688,3737,3788,4104",1781308800000
GSM,2035,1826,606:1,4,32.57890030892734,13.11670050849572,,0.0,unknown,False,"3693,3740,3791,4107",1781308800000
GSM,2035,1858,606:1,5,32.62300040867421,13.169100657502945,,0.0,unknown,False,"3695,3742,3793,3999,4109",1781308800000
GSM,2035,3051,606:1,6,32.74590026684695,13.32290064731842,,0.0,unknown,False,"3715,3761,3812,4009,4054,4128",1784678400000
GSM,2036,1546,606:1,4,32.51170059082054,13.24920041985991,,0.0,unknown,False,"3694,3741,3792,4108",1779408000000
GSM,2036,1752,606:1,1,31.733800652559555,13.982300264761944,,0.0,unknown,False,3689,1788912000000
GSM,2036,1754,606:1,1,32.43970097374922,13.6332006303455,,0.0,unknown,False,3959,1777248000000
GSM,2036,1760,606:1,1,32.452600610555386,13.849300198548375,,0.0,unknown,False,3870,1779408000000
GSM,2036,1765,606:1,4,32.42300071019659,13.452900262220378,,0.0,unknown,False,"3683,3732,3783,4099",1779408000000
GSM,2036,1766,606:1,5,32.42320064322484,13.608100443508906,,0.0,unknown,False,"3704,3751,3802,3949,4118",1779408000000
GSM,2036,1814,606:1,1,31.744800842702894,13.971200244807676,,0.0,unknown,False,3692,1782000000000
GSM,2036,1824,606:1,4,32.47400049497483,13.382500568375898,,0.0,unknown,False,"3706,3753,3804,4120",1779408000000
GSM,2036,1937,606:1,4,32.44720084140863,13.370500742498383,,0.0,unknown,False,"3708,3755,3806,4122",1779408000000
GSM,2036,1938,606:1,1,32.40510037417439,13.547300964670738,,0.0,unknown,False,3960,1779408000000
GSM,2036,1939,606:1,6,32.43840048665356,13.656100484185394,,0.0,unknown,False,"3676,3726,3777,3824,3940,4093",1779408000000
GSM,2036,1940,606:1,6,32.450500616409045,13.819500241820254,,0.0,unknown,False,"3709,3756,3807,3832,3952,4123",1779408000000
GSM,2036,1963,606:1,5,32.433100439530556,13.632100375755583,,0.0,unknown,False,"3712,3758,3809,3954,4125",1779408000000
GSM,2036,1973,606:1,6,32.4366007917896,13.653000606225493,,0.0,unknown,False,"3713,3759,3810,3833,3955,4126",1779408000000
GSM,3,1017,606:1,1,32.81900081307462,13.034800122263741,,0.0,unknown,False,3645,1785715200000
GSM,3,1031,606:1,1,32.8004004161749,13.005600976237838,,0.0,unknown,False,3662,1785715200000
GSM,3,1734,606:1,1,32.82320050188578,12.984100182188556,,0.0,unknown,False,4038,1785715200000
GSM,3,2229,606:1,1,32.792500325486586,13.102400322462065,,0.0,unknown,False,4079,1602460800000
GSM,3,2248,606:1,1,32.79030091335579,13.09340016149925,,0.0,unknown,False,4080,1602460800000
GSM,3,2263,606:1,1,32.69970089284262,12.840200566998105,,0.0,unknown,False,4030,1750464000000
GSM,3,2541,606:1,2,32.8156001929246,13.020700908145987,,0.0,unknown,False,"4025,4068",1785715200000
GSM,3,2543,606:1,2,32.81310092773328,13.016400601952899,,0.0,unknown,False,"4028,4069",1785715200000
GSM,3,6092,606:1,6,32.86120052043614,13.089100536239673,,0.0,unknown,False,"3700,3747,3798,4003,4048,4114",1333411200000
GSM,3,6096,606:1,6,32.86670055223289,13.111500427472912,,0.0,unknown,False,"3718,3764,3815,4012,4057,4131",1333411200000
GSM,3,6099,606:1,6,32.854100866377735,13.077100769627066,,0.0,unknown,False,"3719,3765,3816,4013,4058,4132",1333411200000
GSM,3,6101,606:1,6,32.85650052654978,13.080700630070524,,0.0,unknown,False,"3701,3748,3799,4004,4049,4115",1333411200000
GSM,3,6106,606:1,6,32.85980048173248,13.086500856273014,,0.0,unknown,False,"3678,3728,3779,3993,4041,4095",1333411200000
GSM,3,6158,606:1,6,32.82730052454012,13.043000521379835,,0.0,unknown,False,"3696,3743,3794,4000,4047,4110",1785715200000
GSM,3,6422,606:1,5,32.834900370641684,13.032300583784497,,0.0,unknown,False,"3769,3820,4017,4061,4138",1785715200000
GSM,4,1041,606:1,5,32.76960038916124,12.73120023330512,,0.0,unknown,False,"3673,3723,3774,3990,4090",1782777600000
GSM,4,1050,606:1,1,32.7537005301013,12.722200310229656,,0.0,unknown,False,4023,1779321600000
GSM,4,1051,606:1,1,32.754800131425554,12.728100717568996,,0.0,unknown,False,4026,1779321600000
GSM,4,1053,606:1,5,32.777600610814915,12.740700417053837,,0.0,unknown,False,"3677,3727,3778,3992,4094",1782777600000
GSM,4,1058,606:1,1,32.75420054533031,12.744700527083301,,0.0,unknown,False,4027,1779321600000
GSM,4,1632,606:1,1,32.76690016404838,12.742200303646195,,0.0,unknown,False,4029,1779321600000
GSM,4,1633,606:1,1,32.76140092980012,12.736900226673972,,0.0,unknown,False,4031,1779321600000
GSM,4,1634,606:1,1,32.762600648115566,12.738100227422432,,0.0,unknown,False,4032,1779321600000
GSM,4,1641,606:1,1,32.77540092002516,12.779200811067279,,0.0,unknown,False,4033,1779321600000
GSM,4,1643,606:1,1,32.77200093638582,12.76870062493647,,0.0,unknown,False,4034,1782345600000
GSM,4,1661,606:1,1,32.747900947131185,12.758800746140526,,0.0,unknown,False,4035,1779321600000
GSM,4,1769,606:1,1,32.74480020502388,12.776300295920034,,0.0,unknown,False,4036,1779321600000
GSM,4,1875,606:1,5,32.76850070645119,12.743800453552705,,0.0,unknown,False,"3697,3744,3795,4001,4111",1782777600000
GSM,4,1876,606:1,1,32.76730020784728,12.742700515553787,,0.0,unknown,False,4037,1779321600000
GSM,4310,1010,606:0,3,32.11760019521739,20.06880053637146,,0.0,unknown,False,"2821,2883,2931",1700438400000
GSM,4310,1025,606:0,1,32.11620040208575,20.072700857712494,,0.0,unknown,False,2844,1786665600000
GSM,4310,1079,606:0,4,32.12340070648872,20.061200628030612,,0.0,unknown,False,"2722,2768,2862,3071",1686700800000
GSM,4310,1083,606:0,5,32.12740090101096,20.07490037292971,,0.0,unknown,False,"2724,2770,2808,2864,3073",1686700800000
GSM,4310,1101,606:0,5,32.12930019696905,20.07050040644326,,0.0,unknown,False,"2726,2772,2810,2866,3075",1700438400000
GSM,4310,1148,606:0,5,32.114500190713116,20.06190043442652,,0.0,unknown,False,"2734,2780,2870,2918,3083",1686700800000
GSM,4310,1162,606:0,2,32.08310059204999,20.050100293840316,,0.0,unknown,False,"2892,2940",1595289600000
GSM,4320,1030,606:0,7,32.14310050070333,20.117200571186146,,0.0,unknown,False,"2711,2757,2802,2855,2951,2998,3060",1581206400000
GSM,4320,1051,606:0,6,32.13530055474595,20.101600751940296,,0.0,unknown,False,"2712,2758,2803,2856,2952,3061",1581206400000
GSM,4320,1059,606:0,2,32.16260035261645,20.117100571146118,,0.0,unknown,False,"2992,3007",1786665600000
GSM,4320,1088,606:0,6,32.13700047990547,20.12020032289586,,0.0,unknown,False,"2725,2771,2809,2865,2955,3074",1581206400000
GSM,4320,1089,606:0,2,32.15120069170365,20.11330052861524,,0.0,unknown,False,"2995,3009",1786665600000
GSM,4320,1093,606:0,4,32.14310044371925,20.11720034471025,,0.0,unknown,False,"2823,2885,2967,3003",1581206400000
GSM,4320,1213,606:0,1,32.15810086364024,20.116100346782225,,0.0,unknown,False,3017,1786665600000
GSM,4330,1012,606:0,2,32.12580027567722,20.08560085608633,,0.0,unknown,False,"2831,2896",1786665600000
GSM,4330,1021,606:0,6,32.13250026806142,20.10220046463837,,0.0,unknown,False,"2728,2774,2812,2868,2956,3077",1785888000000
GSM,4330,1028,606:0,2,32.11680049332482,20.093800664131642,,0.0,unknown,False,"2845,2988",1786665600000
GSM,4330,1080,606:0,1,32.123100185116364,20.094500530252635,,0.0,unknown,False,2994,1786665600000
GSM,4330,1081,606:0,6,32.122400442186574,20.113000474251585,,0.0,unknown,False,"2700,2749,2798,2848,2948,3049",1770940800000
GSM,4330,1097,606:0,2,32.13380047745726,20.109000378686957,,0.0,unknown,False,"2836,2980",1779408000000
GSM,4330,1106,606:0,1,32.13870019731122,20.10160087076995,,0.0,unknown,False,2996,1786665600000
GSM,4330,1139,606:0,2,32.128600382905574,20.117100460919367,,0.0,unknown,False,"2841,2985",1780963200000
GSM,4330,1152,606:0,2,32.12600029920812,20.10430038762704,,0.0,unknown,False,"2833,2978",1787961600000
GSM,4330,1170,606:0,2,32.118800762823405,20.11500027860626,,0.0,unknown,False,"2834,2979",1744934400000
GSM,4330,4245,606:0,3,32.13010033227509,20.110300581900134,,0.0,unknown,False,"2825,2887,2969",1770940800000
GSM,4340,1026,606:0,1,32.10200090197864,20.100800766991608,,0.0,unknown,False,2990,1782086400000
GSM,4340,1029,606:0,2,32.11350085811749,20.09880054671615,,0.0,unknown,False,"2846,2989",1786838400000
GSM,4340,1072,606:0,6,32.0928003739531,20.085500514290743,,0.0,unknown,False,"2720,2766,2805,2860,2912,3069",1702166400000
GSM,4340,1074,606:0,1,32.11280036261203,20.083600632571383,,0.0,unknown,False,2835,1779408000000
GSM,4340,1075,606:0,7,32.10390064251325,20.095900595557197,,0.0,unknown,False,"2721,2767,2806,2861,2913,2953,3070",1595289600000
GSM,4340,1140,606:0,4,32.12910036858382,20.06570083546763,,0.0,unknown,False,"2730,2776,2869,3079",1557446400000
GSM,4340,1143,606:0,1,32.110000668029855,20.100800556031174,,0.0,unknown,False,2991,1782086400000
GSM,4340,1176,606:0,7,32.10250069681877,20.10270036072844,,0.0,unknown,False,"2702,2751,2800,2850,2900,2950,3051",1782086400000
GSM,4340,1181,606:0,7,32.097700527303495,20.100300387750753,,0.0,unknown,False,"2744,2789,2815,2874,2923,2960,3093",1595289600000
GSM,4350,1024,606:0,3,32.0981006872069,20.08080035634307,,0.0,unknown,False,"2818,2880,2928",1773532800000
GSM,4350,1052,606:0,3,32.084600400264364,20.07600076622676,,0.0,unknown,False,"2824,2886,2933",1787788800000
GSM,4350,1070,606:0,6,32.08450038804757,20.084800593861345,,0.0,unknown,False,"2719,2765,2804,2859,2911,3068",1787270400000
GSM,4350,1109,606:0,6,32.08370064945741,20.086200463121017,,0.0,unknown,False,"2727,2773,2811,2867,2915,3076",1557964800000
GSM,4350,1145,606:0,5,32.0715003232097,20.0814003838929,,0.0,unknown,False,"2746,2791,2876,2925,3095",1781395200000
GSM,4350,1154,606:0,6,32.08970038943971,20.08750062430579,,0.0,unknown,False,"2738,2784,2813,2871,2920,3087",1708992000000
GSM,4350,1157,606:0,6,32.09780064145636,20.074800796575964,,0.0,unknown,False,"2708,2754,2801,2853,2903,3057",1786924800000
GSM,4350,1193,606:0,2,32.079500642895006,20.06930074942194,,0.0,unknown,False,"2891,2938",1708992000000
GSM,4350,1199,606:0,3,32.08840066611138,20.070400717210138,,0.0,unknown,False,"2820,2882,2930",1787788800000
GSM,4350,4253,606:0,1,32.09060073076263,20.090100868089277,,0.0,unknown,False,2847,1779494400000
GSM,4360,1017,606:0,5,32.0798008177911,20.10890040452641,,0.0,unknown,False,"2709,2755,2854,2904,3058",1598918400000
GSM,4360,1037,606:0,4,32.04690047259899,20.047400342039502,,0.0,unknown,False,"2713,2759,2906,3062",1686700800000
GSM,4360,1039,606:0,1,32.060200760337565,20.057600855613185,,0.0,unknown,False,2947,1787270400000
GSM,4360,1040,606:0,4,32.05450048931804,20.03620030035338,,0.0,unknown,False,"2714,2760,2907,3063",1686700800000
GSM,4360,1043,606:0,2,32.06000055560388,20.079000403401317,,0.0,unknown,False,"2895,2942",1781308800000
GSM,4360,1057,606:0,4,32.052800715162824,20.039600487786274,,0.0,unknown,False,"2715,2761,2908,3064",1708992000000
GSM,4360,1065,606:0,5,32.074900329510335,20.11650054384399,,0.0,unknown,False,"2717,2763,2857,2909,3066",1598918400000
GSM,4360,1066,606:0,2,32.078400631847245,20.115100678495928,,0.0,unknown,False,"2897,2943",1782604800000
GSM,4360,1068,606:0,5,32.07060033129089,20.097600603752408,,0.0,unknown,False,"2718,2764,2858,2910,3067",1598918400000
GSM,4360,1117,606:0,4,32.052900465817245,20.060800677556767,,0.0,unknown,False,"2729,2775,2916,3078",1700438400000
GSM,4360,1164,606:0,5,32.06750025411846,20.04520081341783,,0.0,unknown,False,"2740,2786,2872,2921,3089",1708992000000
GSM,4360,1167,606:0,1,32.063000590331505,20.091900826552475,,0.0,unknown,False,2945,1782604800000
GSM,4360,1186,606:0,1,32.072600344279635,20.113200790089177,,0.0,unknown,False,2946,1782604800000
GSM,4360,1195,606:0,2,32.08270074608231,20.140800766924933,,0.0,unknown,False,"2843,2987",1781308800000
GSM,4360,1206,606:0,5,32.07500070077606,20.095700250313516,,0.0,unknown,False,"2703,2752,2851,2901,3052",1787270400000
GSM,4360,1214,606:0,5,32.07810031845263,20.119900527312264,,0.0,unknown,False,"2747,2792,2877,2926,3096",1598918400000
GSM,4360,4261,606:0,5,32.05860059865984,20.098400594496454,,0.0,unknown,False,"2706,2753,2852,2902,3055",1781395200000
GSM,4370,1004,606:0,1,32.03060085974751,20.07280091681931,,0.0,unknown,False,2937,1598918400000
GSM,4370,1023,606:0,4,32.013700680047926,20.076000342599286,,0.0,unknown,False,"2710,2756,2905,3059",1708992000000
GSM,4370,1099,606:0,4,32.04380040294157,20.046700457701547,,0.0,unknown,False,"2737,2783,2919,3086",1785369600000
GSM,4370,1121,606:0,4,32.013300449073824,20.06880054267984,,0.0,unknown,False,"2731,2777,2917,3080",1686700800000
GSM,4370,1129,606:0,3,31.967900239678837,20.048200729505663,,0.0,unknown,False,"2739,2785,3088",1785369600000
GSM,4370,1173,606:0,1,32.050400293088146,20.077200666371017,,0.0,unknown,False,2939,1598918400000
GSM,4370,1177,606:0,3,31.968500690462957,20.084900459972324,,0.0,unknown,False,"2743,2788,3092",1708992000000
GSM,4370,1205,606:0,5,32.0536004672195,20.090500438536495,,0.0,unknown,False,"2745,2790,2875,2924,3094",1764633600000
GSM,4370,4236,606:0,4,32.041600591328844,20.116100748481482,,0.0,unknown,False,"2699,2748,2898,3048",1763596800000
GSM,4380,1002,606:0,4,32.111500814454246,20.10970038919025,,0.0,unknown,False,"2828,2890,2936,2972",1556668800000
GSM,4380,1011,606:0,4,32.1156004139433,20.114400649660848,,0.0,unknown,False,"2822,2884,2932,2966",1556668800000
GSM,4380,1044,606:0,7,32.10190068724029,20.116100538564723,,0.0,unknown,False,"2701,2750,2799,2849,2899,2949,3050",1780963200000
GSM,4380,1050,606:0,2,32.09590078268178,20.13410062720161,,0.0,unknown,False,"2838,2982",1782777600000
GSM,4380,1067,606:0,2,32.09060040747424,20.12590057259689,,0.0,unknown,False,"2839,2983",1782777600000
GSM,4380,1073,606:0,4,32.094900282619264,20.108300630687268,,0.0,unknown,False,"2819,2881,2929,2965",1595289600000
GSM,4380,1082,606:0,7,32.1143003719577,20.11250045397915,,0.0,unknown,False,"2723,2769,2807,2863,2914,2954,3072",1556668800000
GSM,4380,1094,606:0,4,32.107200528542336,20.11820064438411,,0.0,unknown,False,"2830,2894,2941,2977",1770595200000
GSM,4380,1096,606:0,2,32.08070047716521,20.121300488429007,,0.0,unknown,False,"2832,2944",1782604800000
GSM,4380,1103,606:0,2,32.11060048860043,20.109300875984935,,0.0,unknown,False,"2837,2981",1780963200000
GSM,4380,1111,606:0,4,32.10540050215609,20.11110060029,,0.0,unknown,False,"2827,2889,2935,2971",1770595200000
GSM,4380,1171,606:0,7,32.088300565053935,20.125100618166453,,0.0,unknown,False,"2741,2787,2814,2873,2922,2959,3090",1782604800000
GSM,4380,1172,606:0,4,32.09260076086733,20.116000833963206,,0.0,unknown,False,"2826,2888,2934,2970",1595289600000
GSM,4380,1184,606:0,2,32.09590057041563,20.134200861584244,,0.0,unknown,False,"2840,2984",1782777600000
GSM,4380,1191,606:0,5,32.09030042938353,20.105800213438023,,0.0,unknown,False,"2793,2816,2878,2927,2961",1782086400000
GSM,4400,1013,606:0,2,32.17630041946896,20.13720084870536,,0.0,unknown,False,"2993,3008",1786665600000
GSM,4400,1090,606:0,1,32.2100005844261,20.16950076659281,,0.0,unknown,False,3023,1786665600000
GSM,4400,1116,606:0,1,32.20340057647491,20.157400822598003,,0.0,unknown,False,3025,1786665600000
GSM,4400,1124,606:0,2,32.25990049449473,20.210700509972362,,0.0,unknown,False,"2974,3005",1702166400000
GSM,4400,1125,606:0,2,32.22680037748685,20.19640047094388,,0.0,unknown,False,"2997,3010",1786665600000
GSM,4400,1126,606:0,1,32.224300481609916,20.199300895742738,,0.0,unknown,False,3011,1786665600000
GSM,4400,1133,606:0,1,32.186700687838034,20.146600709194693,,0.0,unknown,False,3012,1786665600000
GSM,4400,1134,606:0,1,32.21150026310883,20.163300215667388,,0.0,unknown,False,3013,1786665600000
GSM,4400,1135,606:0,2,32.25990059538141,20.210700302775667,,0.0,unknown,False,"2968,3004",1702166400000
GSM,4400,1136,606:0,5,32.25980046067726,20.210600374849566,,0.0,unknown,False,"2733,2779,2957,2999,3082",1702166400000
GSM,4400,1138,606:0,1,32.25990070356632,20.210700201339808,,0.0,unknown,False,3014,1786665600000
GSM,4400,1149,606:0,5,32.25990068769516,20.210700240447625,,0.0,unknown,False,"2735,2781,2958,3000,3084",1702166400000
GSM,4400,1179,606:0,1,32.22670014362189,20.19640051391244,,0.0,unknown,False,3015,1786665600000
GSM,4400,1180,606:0,2,32.22010077522007,20.17090050207708,,0.0,unknown,False,"2975,3006",1706918400000
GSM,4400,1208,606:0,1,32.16930097567236,20.12790095782644,,0.0,unknown,False,3016,1786665600000
GSM,4400,1223,606:0,1,32.197400892779534,20.158600843054863,,0.0,unknown,False,3018,1786665600000
GSM,4400,1225,606:0,1,32.25990091835227,20.21070028600852,,0.0,unknown,False,3019,1786665600000
GSM,4400,1233,606:0,2,32.23740069003972,20.183900746550414,,0.0,unknown,False,"2964,3002",1786060800000
GSM,4400,1248,606:0,3,32.26000038974996,20.210800384217187,,0.0,unknown,False,"2797,2963,3001",1702166400000
GSM,4400,4229,606:0,1,32.22720036025276,20.19590018815264,,0.0,unknown,False,3020,1786665600000
GSM,4400,4246,606:0,1,32.20030077456447,20.156100695503905,,0.0,unknown,False,3021,1786665600000
GSM,4400,4262,606:0,1,32.23040047032255,20.19060069164968,,0.0,unknown,False,3024,1786665600000
GSM,4400,4263,606:0,1,32.1765006701925,20.135500337526405,,0.0,unknown,False,3022,1786665600000
GSM,4410,1003,606:0,1,32.090000984982254,20.250900678291753,,0.0,unknown,False,2973,1555200000000
GSM,4410,1060,606:0,3,32.07660039661059,20.260300809023544,,0.0,unknown,False,"2716,2762,3065",1555200000000
GSM,4410,1165,606:0,2,32.0956003827895,20.176300682529956,,0.0,unknown,False,"2842,2986",1781308800000
GSM,4410,1196,606:0,3,32.09080056348213,20.153800488693008,,0.0,unknown,False,"2829,2893,2976",1781308800000
GSM,4410,1235,606:0,4,32.12970051257322,20.152600268585886,,0.0,unknown,False,"2795,2817,2879,2962",1702166400000
GSM,4410,1243,606:0,1,31.964300206503093,20.08360031498693,,0.0,unknown,False,2796,1603324800000
GSM,4420,1128,606:0,3,31.917500539290444,20.097700434928658,,0.0,unknown,False,"2732,2778,3081",1786147200000
GSM,4420,1247,606:0,3,31.67070082485517,20.02830067391689,,0.0,unknown,False,"2736,2782,3085",1787616000000
GSM,4430,6001,606:0,2,32.49570035275413,20.843300839483504,,0.0,unknown,False,"2794,3032",1777420800000
GSM,4430,6002,606:0,1,32.4865009389181,20.829300792311745,,0.0,unknown,False,3034,1777420800000
GSM,4430,6010,606:0,1,32.48780091763849,20.83740040845797,,0.0,unknown,False,3035,1777420800000
GSM,4430,6011,606:0,1,32.5031001789276,20.89050092932035,,0.0,unknown,False,3036,1777420800000
GSM,4430,6016,606:0,1,32.497500889023705,20.835200477311368,,0.0,unknown,False,3038,1777420800000
GSM,4430,6019,606:0,1,32.48740052982906,20.834400477072133,,0.0,unknown,False,3039,1777420800000
GSM,4430,6052,606:0,1,32.492700352242785,20.847400608106213,,0.0,unknown,False,3040,1777420800000
GSM,4440,2069,606:0,1,32.70650029664553,21.73260026412718,,0.0,unknown,False,3033,1780704000000
GSM,4440,6053,606:0,1,32.63830059518358,20.941400972368708,,0.0,unknown,False,3046,1788307200000
GSM,4450,2010,606:0,3,32.720600532196066,21.777900820733738,,0.0,unknown,False,"2704,3027,3053",1780704000000
GSM,4450,2016,606:0,3,32.7065005462367,21.732500282417544,,0.0,unknown,False,"2705,3028,3054",1780704000000
GSM,4460,2006,606:0,1,32.798100269961274,21.872600970441994,,0.0,unknown,False,3043,1784764800000
GSM,4460,2007,606:0,3,32.78390056368102,21.831600273179593,,0.0,unknown,False,"2707,3029,3056",1773100800000
GSM,4460,2017,606:0,3,32.76540035870146,21.76120036041295,,0.0,unknown,False,"2742,3030,3091",1777420800000
GSM,4460,2024,606:0,1,32.72720013008558,21.752800140599206,,0.0,unknown,False,3042,1780704000000
GSM,4460,2070,606:0,1,32.816200589694965,21.854300271069835,,0.0,unknown,False,3044,1784764800000
GSM,4460,2071,606:0,1,32.803100660732085,21.86130032288633,,0.0,unknown,False,3041,1773100800000
GSM,4460,2073,606:0,1,32.79910091233653,21.862700358115575,,0.0,unknown,False,3045,1784764800000
GSM,4460,2075,606:0,1,32.79110064771484,21.866400848771054,,0.0,unknown,False,3037,1773100800000
GSM,5,1033,606:1,1,31.9578008659566,12.027200724820908,,0.0,unknown,False,3664,1602460800000
GSM,5,1103,606:1,1,32.088500430427786,13.019000954540711,,0.0,unknown,False,3772,1504656000000
GSM,6,1020,606:1,5,32.375400388330185,15.087000472495628,,0.0,unknown,False,"3650,3679,3911,3931,3941",1358208000000
GSM,6,1031,606:1,4,32.3754005710522,15.087000821557929,,0.0,unknown,False,"3663,3915,3933,3967",1358208000000
GSM,6,1096,606:1,4,32.37540020623033,15.08700059905668,,0.0,unknown,False,"3710,3912,3932,3953",1358208000000
GSM,6130,1221,606:0,3,32.81280021213483,21.871300442359296,,0.0,unknown,False,"2698,3026,3047",1449273600000
GSM,8,6408,606:1,5,32.66690022658057,13.144700638906462,,0.0,unknown,False,"3720,3766,3817,4014,4133",1298678400000
GSM,8000,1759,606:1,1,32.707500962267964,13.938300366887086,,0.0,unknown,False,3858,1785715200000
GSM,8029,1555,606:1,6,32.72840048414116,13.752900648379004,,0.0,unknown,False,"3702,3749,3800,3830,3948,4116",1780099200000
GSM,8029,1584,606:1,1,32.749800277735126,13.738500288130918,,0.0,unknown,False,3871,1786406400000
GSM,8029,1706,606:1,7,32.805300479112226,13.48920058781561,,0.0,unknown,False,"3721,3767,3818,3956,4015,4059,4134",1785715200000
GSM,8029,1872,606:1,7,32.80150041587854,13.497200853214947,,0.0,unknown,False,"3707,3754,3805,3951,4006,4051,4121",1780099200000
GSM,8029,1944,606:1,6,32.63600031753562,13.577200425898937,,0.0,unknown,False,"3699,3746,3797,3947,4002,4113",1786060800000
GSM,8205,1526,606:0,1,32.37150073709295,12.706300296891802,,0.0,unknown,False,3497,1774310400000
GSM,8205,1657,606:0,8,32.69130056945531,12.910000646479716,,0.0,unknown,False,"3114,3164,3214,3264,3447,3469,3524,3574",1787443200000
GSM,8205,2062,606:0,2,32.67060037187772,12.69370056867213,,0.0,unknown,False,"3449,3498",1774310400000
GSM,8205,2067,606:0,2,32.68640030854705,12.730900448959241,,0.0,unknown,False,"3450,3499",1774310400000
GSM,8205,2384,606:0,2,32.684100533694576,12.71980031541952,,0.0,unknown,False,"3451,3500",1774310400000
GSM,8205,2394,606:0,2,32.754900325896,12.836500695776916,,0.0,unknown,False,"3452,3501",1774310400000
GSM,8206,4036,606:0,3,32.461300426962154,14.554000608733224,,0.0,unknown,False,"3124,3174,3584",1601424000000
GSM,8206,4144,606:0,3,32.373100426469854,14.610300922288546,,0.0,unknown,False,"3142,3192,3602",1600905600000
GSM,8206,4501,606:0,3,32.46180064940328,14.567900393964315,,0.0,unknown,False,"3143,3193,3603",1600905600000
GSM,8215,1791,606:0,4,32.51120038506669,13.984100356695444,,0.0,unknown,False,"3129,3179,3228,3589",1777507200000
GSM,8215,4284,606:0,3,32.492800393260104,14.183200393644048,,0.0,unknown,False,"3131,3181,3591",1748304000000
GSM,8215,4616,606:0,3,32.64030073547913,14.240700530813864,,0.0,unknown,False,"3146,3196,3606",1581897600000
GSM,8215,4667,606:0,3,32.49280050702518,14.183200520198964,,0.0,unknown,False,"3132,3182,3592",1748304000000
GSM,8223,3333,606:0,1,32.10940027332596,12.909600414008178,,0.0,unknown,False,3556,1775865600000
GSM,8224,1400,606:0,1,32.74000016375121,13.724200742929746,,0.0,unknown,False,3395,1786406400000
GSM,8224,1687,606:0,8,32.72800041944023,13.651900545145995,,0.0,unknown,False,"3136,3186,3233,3280,3328,3363,3539,3596",1787875200000
GSM,8224,1752,606:0,1,32.86690043223114,13.41920035235887,,0.0,unknown,False,3385,1786492800000
GSM,8224,1788,606:0,6,32.742100419899714,13.709300499793848,,0.0,unknown,False,"3121,3171,3221,3270,3357,3581",1786406400000
GSM,8224,3002,606:0,7,32.730500684592286,13.672500449638319,,0.0,unknown,False,"3139,3189,3236,3283,3364,3542,3599",1787875200000
GSM,8224,3741,606:0,4,32.50590054003666,13.98060061760831,,0.0,unknown,False,"3130,3180,3229,3590",1777507200000
GSM,8233,2047,606:0,3,32.71850060746472,12.728600678668075,,0.0,unknown,False,"3448,3484,3549",1771804800000
GSM,8243,1840,606:0,6,32.84430053675949,13.153400412478355,,0.0,unknown,False,"3245,3292,3339,3420,3488,3553",1786492800000
GSM,8243,1931,606:0,9,32.83790057555711,13.209300710687621,,0.0,unknown,False,"3138,3188,3235,3282,3330,3411,3478,3541,3598",1787788800000
GSM,8243,6228,606:0,3,32.84050052556526,13.149600565366395,,0.0,unknown,False,"3344,3424,3493",1786492800000
GSM,8244,1815,606:0,9,32.80510081440635,13.195200727063993,,0.0,unknown,False,"3137,3187,3234,3281,3329,3410,3477,3540,3597",1787788800000
GSM,8247,1816,606:0,6,32.81690053961668,13.12470058964107,,0.0,unknown,False,"3242,3289,3336,3417,3485,3550",1786492800000
GSM,8247,1817,606:0,6,32.82620042828985,13.129400497036947,,0.0,unknown,False,"3243,3290,3337,3418,3486,3551",1786492800000
GSM,8247,1825,606:0,6,32.82630049360645,13.129600552774065,,0.0,unknown,False,"3244,3291,3338,3419,3487,3552",1786492800000
GSM,8247,6227,606:0,4,32.832400842038716,13.130400647609967,,0.0,unknown,False,"3296,3343,3423,3492",1786492800000
GSM,8249,4121,606:0,3,32.492500524054144,14.565600691668028,,0.0,unknown,False,"3141,3191,3601",1561852800000
GSM,8249,4502,606:0,3,32.47860022189283,14.566400317353454,,0.0,unknown,False,"3144,3194,3604",1561852800000
GSM,8249,4503,606:0,3,32.47560042396532,14.558800304110688,,0.0,unknown,False,"3145,3195,3605",1554163200000
GSM,8251,1261,606:0,9,32.75800040702166,13.143100737871203,,0.0,unknown,False,"3107,3157,3207,3257,3307,3404,3464,3517,3567",1786492800000
GSM,8251,1305,606:0,2,32.79450031940004,13.143400415489609,,0.0,unknown,False,"3431,3504",1786492800000
GSM,8251,1812,606:0,6,32.770800662971865,13.12210051595289,,0.0,unknown,False,"3240,3287,3334,3415,3482,3546",1786492800000
GSM,8251,1892,606:0,6,32.77340057103055,13.089000765163306,,0.0,unknown,False,"3241,3288,3335,3416,3483,3548",1785369600000
GSM,8251,1908,606:0,9,32.77140075044802,13.251400829794173,,0.0,unknown,False,"3100,3150,3200,3250,3300,3400,3460,3510,3560",1783987200000
GSM,8251,1969,606:0,1,32.681800423779436,13.144000470946677,,0.0,unknown,False,3436,1786492800000
GSM,8251,6343,606:0,9,32.79290048887393,13.181600702231243,,0.0,unknown,False,"3140,3190,3237,3284,3331,3412,3479,3543,3600",1787702400000
GSM,8251,6348,606:0,2,32.771200428286775,13.146300412027028,,0.0,unknown,False,"3433,3506",1786492800000
GSM,8251,6349,606:0,1,32.72330085753546,13.146500354817286,,0.0,unknown,False,3438,1786492800000
GSM,8251,6350,606:0,1,32.78870080999513,13.145600232852807,,0.0,unknown,False,3439,1786492800000
GSM,8251,6409,606:0,1,32.77480029853739,13.082000659334275,,0.0,unknown,False,3443,1785369600000
GSM,8258,1369,606:0,8,32.760600631923005,13.560700399373484,,0.0,unknown,False,"3117,3167,3217,3267,3316,3356,3527,3577",1475798400000
GSM,8258,1688,606:0,4,32.68920047508229,14.004100553152185,,0.0,unknown,False,"3118,3168,3218,3578",1522540800000
GSM,8262,3392,606:0,1,32.106100448435974,12.935700703895092,,0.0,unknown,False,3547,1593129600000
GSM,8264,1002,606:0,8,32.896200412571915,13.20200051203462,,0.0,unknown,False,"3133,3183,3230,3277,3325,3475,3536,3593",1786492800000
GSM,8264,1003,606:0,8,32.89960038955281,13.207900600481512,,0.0,unknown,False,"3134,3184,3231,3278,3326,3476,3537,3594",1786492800000
GSM,8264,1026,606:0,2,32.89130021735859,13.171900373397891,,0.0,unknown,False,"3429,3503",1786492800000
GSM,8264,1027,606:0,1,32.885900658918494,13.164500859636515,,0.0,unknown,False,3440,1786492800000
GSM,8264,1725,606:0,9,32.894200718529014,13.192500719045947,,0.0,unknown,False,"3109,3159,3209,3259,3309,3405,3465,3519,3569",1786492800000
GSM,8264,1758,606:0,9,32.884600550450116,13.160800583863397,,0.0,unknown,False,"3115,3165,3215,3265,3314,3406,3470,3525,3575",1786492800000
GSM,8264,1806,606:0,8,32.89530056440569,13.204600546849036,,0.0,unknown,False,"3123,3173,3223,3272,3320,3474,3531,3583",1786492800000
GSM,8264,1808,606:0,6,32.894100556139406,13.193100362648302,,0.0,unknown,False,"3238,3285,3332,3413,3480,3544",1786492800000
GSM,8264,6221,606:0,4,32.874000677675554,13.163200746264543,,0.0,unknown,False,"3295,3342,3422,3491",1786492800000
GSM,8264,6331,606:0,2,32.8945005855578,13.198500583327023,,0.0,unknown,False,"3428,3502",1786492800000
GSM,8265,1029,606:0,1,32.87100016157542,13.15910036641092,,0.0,unknown,False,3442,1786492800000
GSM,8265,1084,606:0,9,32.867500540720606,13.182700413234818,,0.0,unknown,False,"3105,3155,3205,3255,3305,3403,3463,3515,3565",1782086400000
GSM,8265,1809,606:0,6,32.856400778188004,13.16910059052216,,0.0,unknown,False,"3239,3286,3333,3414,3481,3545",1786492800000
GSM,8265,1858,606:0,6,32.87180056297662,13.167300340364012,,0.0,unknown,False,"3246,3293,3340,3421,3489,3554",1786492800000
GSM,8265,6327,606:0,2,32.8719004787101,13.157900354996539,,0.0,unknown,False,"3427,3496",1786492800000
GSM,8278,1047,606:0,1,32.87980017731434,13.322300871038227,,0.0,unknown,False,3377,1786492800000
GSM,8278,1048,606:0,2,32.89370041345073,13.35780049159122,,0.0,unknown,False,"3375,3444",1786492800000
GSM,8278,1049,606:0,1,32.872200729390016,13.35550061934263,,0.0,unknown,False,3378,1784764800000
GSM,8278,1128,606:0,10,32.845700452140356,13.333000643343738,,0.0,unknown,False,"3097,3147,3197,3247,3297,3347,3397,3457,3507,3557",1783987200000
GSM,8278,1279,606:0,8,32.69640060080137,13.559800423610916,,0.0,unknown,False,"3108,3158,3208,3258,3308,3352,3518,3568",1786492800000
GSM,8278,1281,606:0,1,32.82730044653764,13.507700869235029,,0.0,unknown,False,3379,1786492800000
GSM,8278,1290,606:0,2,32.87370045454697,13.387900755530193,,0.0,unknown,False,"3373,3441",1785369600000
GSM,8278,1293,606:0,1,32.81910034820313,13.531300557282755,,0.0,unknown,False,3380,1786492800000
GSM,8278,1303,606:0,1,32.87360073962079,13.335700746950893,,0.0,unknown,False,3381,1785369600000
GSM,8278,1321,606:0,2,32.89300063401051,13.352300678947712,,0.0,unknown,False,"3376,3445",1786492800000
GSM,8278,1332,606:0,8,32.75700069204484,13.524000541827899,,0.0,unknown,False,"3125,3175,3224,3273,3321,3358,3532,3585",1758153600000
GSM,8278,1574,606:0,1,32.843100881875664,13.46710046026387,,0.0,unknown,False,3382,1786492800000
GSM,8278,1681,606:0,1,32.872600625577455,13.36950037805681,,0.0,unknown,False,3384,1784764800000
GSM,8278,1684,606:0,1,32.873100147198286,13.403000745348484,,0.0,unknown,False,3383,1786492800000
GSM,8278,1900,606:0,8,32.757000495692324,13.524000350937614,,0.0,unknown,False,"3127,3177,3226,3275,3323,3360,3534,3587",1758153600000
GSM,8278,1901,606:0,8,32.75700047357196,13.524000807480036,,0.0,unknown,False,"3106,3156,3206,3256,3306,3351,3516,3566",1786492800000
GSM,8278,1975,606:0,1,32.87180025817076,13.34330011383304,,0.0,unknown,False,3391,1785369600000
GSM,8278,1985,606:0,1,32.8730001260619,13.408200614594804,,0.0,unknown,False,3390,1786492800000
GSM,8278,6249,606:0,3,32.87140051687774,13.40200051694613,,0.0,unknown,False,"3345,3365,3425",1786492800000
GSM,8278,6250,606:0,1,32.873700347837236,13.387900413522031,,0.0,unknown,False,3393,1784764800000
GSM,8278,6251,606:0,1,32.87320019188969,13.36520034414094,,0.0,unknown,False,3394,1784764800000
GSM,8278,6254,606:0,1,32.88520081823171,13.329400791433201,,0.0,unknown,False,3396,1786492800000
GSM,8278,6323,606:0,3,32.87230047149632,13.382700464676587,,0.0,unknown,False,"3366,3426,3495",1786492800000
GSM,8278,6332,606:0,10,32.87430052435134,13.33260044430033,,0.0,unknown,False,"3103,3153,3203,3253,3303,3349,3402,3462,3513,3563",1785369600000
GSM,8278,6355,606:0,1,32.896900324014425,13.320700389883351,,0.0,unknown,False,3372,1786492800000
GSM,8278,6395,606:0,8,32.75700075950144,13.524000513785738,,0.0,unknown,False,"3128,3178,3227,3276,3324,3361,3535,3588",1758153600000
GSM,8279,1336,606:0,9,32.78200061190427,13.255000504291681,,0.0,unknown,False,"3098,3148,3198,3248,3298,3398,3458,3508,3558",1783987200000
GSM,8279,1671,606:0,9,32.79640025040123,13.269200512958559,,0.0,unknown,False,"3099,3149,3199,3249,3299,3399,3459,3509,3559",1783987200000
GSM,8279,6329,606:0,9,32.77090055478817,13.251500676382065,,0.0,unknown,False,"3102,3152,3202,3252,3302,3401,3461,3512,3562",1783987200000
GSM,8280,1373,606:0,8,32.714100529997104,13.60930067647487,,0.0,unknown,False,"3135,3185,3232,3279,3327,3362,3538,3595",1787788800000
GSM,8280,1375,606:0,8,32.67630060227909,13.494500546651082,,0.0,unknown,False,"3101,3151,3201,3251,3301,3348,3511,3561",1786492800000
GSM,8280,1376,606:0,2,32.62290046489923,13.389700421004104,,0.0,unknown,False,"3368,3430",1785888000000
GSM,8280,1377,606:0,1,32.63790013722267,13.57780072014664,,0.0,unknown,False,3371,1786579200000
GSM,8280,1393,606:0,2,32.617200874479074,13.278900556339451,,0.0,unknown,False,"3432,3505",1755993600000
GSM,8280,1395,606:0,2,32.6428003457866,13.441100679434996,,0.0,unknown,False,"3369,3435",1785888000000
GSM,8280,1399,606:0,1,32.73070093984394,13.61240013929017,,0.0,unknown,False,3392,1786492800000
GSM,8280,1409,606:0,8,32.757000460773,13.524000458494122,,0.0,unknown,False,"3126,3176,3225,3274,3322,3359,3533,3586",1758153600000
GSM,8280,1750,606:0,1,32.78380027530889,13.582200796916108,,0.0,unknown,False,3386,1786492800000
GSM,8280,1751,606:0,8,32.795400308095054,13.580600576518298,,0.0,unknown,False,"3113,3163,3213,3263,3313,3354,3523,3573",1786492800000
GSM,8280,1757,606:0,1,32.75080064109988,13.602000699616054,,0.0,unknown,False,3374,1786492800000
GSM,8280,1759,606:0,9,32.62040057624151,13.168200597396678,,0.0,unknown,False,"3119,3169,3219,3268,3317,3407,3471,3528,3579",1786492800000
GSM,8280,1771,606:0,1,32.663400638800915,13.240300271197183,,0.0,unknown,False,3434,1755993600000
GSM,8280,1783,606:0,8,32.61760052353422,13.580100257221883,,0.0,unknown,False,"3104,3154,3204,3254,3304,3350,3514,3564",1786492800000
GSM,8280,1793,606:0,9,32.571500617228395,13.175200468813658,,0.0,unknown,False,"3122,3172,3222,3271,3319,3409,3473,3530,3582",1786492800000
GSM,8280,1794,606:0,8,32.63640050409328,13.577000617436632,,0.0,unknown,False,"3116,3166,3216,3266,3315,3355,3526,3576",1786492800000
GSM,8280,1798,606:0,1,32.77210059512492,13.580400433522527,,0.0,unknown,False,3387,1786406400000
GSM,8280,6375,606:0,1,32.65990087518255,13.473200619230388,,0.0,unknown,False,3367,1785888000000
GSM,8280,6462,606:0,2,32.57640073461682,13.291700233185312,,0.0,unknown,False,"3370,3437",1785888000000
GSM,8281,1317,606:0,8,32.906700439257996,13.257300274150317,,0.0,unknown,False,"3112,3162,3212,3262,3312,3468,3522,3572",1786492800000
GSM,8281,1735,606:0,8,32.89580087050878,13.262700419106078,,0.0,unknown,False,"3111,3161,3211,3261,3311,3467,3521,3571",1786406400000
GSM,8281,1862,606:0,4,32.898900327617554,13.217800758182332,,0.0,unknown,False,"3294,3341,3490,3555",1786492800000
GSM,8281,6319,606:0,2,32.906800479470206,13.230200630881235,,0.0,unknown,False,"3346,3494",1786492800000
GSM,8282,1013,606:0,1,32.864300477316974,13.223000963072108,,0.0,unknown,False,3446,1784764800000
GSM,8282,1191,606:0,1,32.9033001878107,13.302900609939128,,0.0,unknown,False,3388,1786492800000
GSM,8282,1734,606:0,9,32.90480055377369,13.296600525325044,,0.0,unknown,False,"3110,3160,3210,3260,3310,3353,3466,3520,3570",1786492800000
GSM,8282,1747,606:0,9,32.85840045582596,13.274300729477519,,0.0,unknown,False,"3120,3170,3220,3269,3318,3408,3472,3529,3580",1761609600000
GSM,8282,1934,606:0,1,32.872700527342396,13.308900679285028,,0.0,unknown,False,3389,1784764800000
GSM,8291,2179,606:0,1,32.76990051033176,12.607700397050566,,0.0,unknown,False,3453,1787184000000
GSM,8291,2242,606:0,1,32.790700323130764,12.567800265945436,,0.0,unknown,False,3454,1787184000000
GSM,8291,2306,606:0,1,32.75940058280853,12.60110085392718,,0.0,unknown,False,3456,1787961600000
GSM,8291,2405,606:0,1,32.76590071888487,12.567300419287678,,0.0,unknown,False,3455,1787184000000
GSM,9030,1221,606:0,1,32.812800246833355,21.871400145442273,,0.0,unknown,False,3031,1449273600000
GSM,9040,4107,606:0,1,27.532100691567877,14.255300295067707,,0.0,unknown,False,3620,1768176000000
GSM,9040,6407,606:0,1,27.532100904040384,14.255000847148736,,0.0,unknown,False,3621,1768176000000
GSM,9160,4610,606:0,1,26.433900912397753,14.279400512266717,,0.0,unknown,False,3609,1687737600000
GSM,9160,4643,606:0,1,26.102700881031108,14.830800971511943,,0.0,unknown,False,3610,1683244800000
GSM,9160,4816,606:0,1,26.102300646304293,14.830900850938185,,0.0,unknown,False,3611,1683244800000
GSM,9360,4005,606:0,1,27.04710019765342,14.41840040738355,,0.0,unknown,False,3607,1454112000000
GSM,9360,4008,606:0,1,27.04020049256169,14.422000902090637,,0.0,unknown,False,3608,1454112000000
GSM,9360,4030,606:0,1,27.037700573955,14.424200977478181,,0.0,unknown,False,3616,1454112000000
GSM,9360,4037,606:0,1,27.046700677170808,14.418700423608344,,0.0,unknown,False,3617,1454112000000
GSM,9360,4929,606:0,1,27.04670075641369,14.418600806768623,,0.0,unknown,False,3613,1454112000000
GSM,9360,4936,606:0,1,27.0297002351961,14.428600677498746,,0.0,unknown,False,3614,1454112000000
GSM,9360,4943,606:0,1,27.044000554260087,14.410900868762289,,0.0,unknown,False,3615,1454112000000
GSM,9360,4947,606:0,1,27.046400934164645,14.4096001163347,,0.0,unknown,False,3612,1454112000000
GSM,9360,4949,606:0,1,27.0409009177485,14.422200790156637,,0.0,unknown,False,3618,1454112000000
GSM,9360,5325,606:0,1,27.034700837775198,14.426700211155454,,0.0,unknown,False,3619,1454112000000
LTE,1,107,606:0,1,32.889100777541195,13.180800460516062,30.0,30.0,latest_observed_list_total,False,522,1784073600000
LTE,1,109,606:1,1,32.88850089053415,13.181500647627274,30.0,30.0,latest_observed_list_total,False,524,1784073600000
LTE,1,126,606:1,1,32.875400567022936,13.178300519419087,10.0,10.0,latest_observed_list_total,False,530,1781913600000
LTE,1,133,606:1,1,32.89450072799578,13.205800576853372,,0.0,unknown,False,31,1768521600000
LTE,1,134,606:1,1,32.895800389091626,13.197000487060368,,0.0,unknown,False,42,1771372800000
LTE,1,138,606:1,1,32.893600440920814,13.217200133003885,40.0,40.0,latest_observed_list_total,False,4,1771113600000
LTE,1,241,606:1,1,32.90140016218892,13.174300261932384,,0.0,unknown,False,186,1782086400000
LTE,1,26,606:1,1,32.88110013263745,13.164800146004566,,0.0,unknown,False,504,1779667200000
LTE,1,269,606:1,1,32.867300180895406,13.179700264238418,10.0,10.0,latest_observed_list_total,False,87,1782086400000
LTE,1,294,606:1,1,32.894400245450484,13.180100819323778,,0.0,unknown,False,152,1782086400000
LTE,1,306,606:1,1,32.89380082976738,13.168600668072912,,0.0,unknown,False,181,1781395200000
LTE,1,322,606:1,1,32.89110079498827,13.174600351372838,,0.0,unknown,False,154,1768521600000
LTE,1,324,606:1,1,32.88560025633025,13.168000896118176,,0.0,unknown,False,168,1779148800000
LTE,1,332,606:1,1,32.89100085736846,13.199800239422961,,0.0,unknown,False,157,1768521600000
LTE,1,334,606:1,1,32.900000334536365,13.205900158949829,,0.0,unknown,False,158,1779148800000
LTE,1,349,606:1,1,32.88510015342921,13.181600408670514,20.0,20.0,latest_observed_list_total,False,36,1751068800000
LTE,1,35,606:1,1,32.87660097477348,13.207800597817442,,0.0,unknown,False,505,1782172800000
LTE,1,473,606:1,1,32.87920051396722,13.197600690767066,20.0,20.0,latest_observed_list_total,False,3,1781913600000
LTE,1,568,606:1,1,32.89650018933953,13.23480097453283,,0.0,unknown,False,10,1780876800000
LTE,1,587,606:1,1,32.873800548862484,13.192800417118411,,0.0,unknown,False,45,1778716800000
LTE,1,634,606:1,1,32.875900903760744,13.211600734360346,,0.0,unknown,False,16,1782172800000
LTE,1,79,606:1,1,32.90490047381525,13.224900705186267,,0.0,unknown,False,515,1782086400000
LTE,1,793,606:1,1,32.89370071450076,13.233800739903298,20.0,20.0,latest_observed_list_total,False,50,1782000000000
LTE,10,101,606:1,1,32.7704004846746,13.133200796214053,,0.0,unknown,False,349,1782864000000
LTE,10,104,606:1,1,32.69160079453521,13.150600354621625,10.0,10.0,latest_observed_list_total,False,339,1782864000000
LTE,10,105,606:1,1,32.690300520590796,13.194000926840419,,0.0,unknown,False,345,1782864000000
LTE,10,106,606:1,1,32.768000324829416,13.115100138308435,,0.0,unknown,False,350,1769212800000
LTE,10,112,606:1,1,32.80180084066748,13.254400297821924,,0.0,unknown,False,525,1783987200000
LTE,10,118,606:1,1,32.76170069489416,13.273600847220175,10.0,10.0,latest_observed_list_total,False,347,1783987200000
LTE,10,147,606:1,1,32.70870075383642,13.145400837697316,10.0,10.0,latest_observed_list_total,False,90,1782864000000
LTE,10,205,606:1,1,32.74410023651972,13.145000318640529,,0.0,unknown,False,340,1782864000000
LTE,10,213,606:1,1,32.769900249007854,13.2548007880024,50.0,50.0,latest_observed_list_total,False,353,1783987200000
LTE,10,226,606:1,1,32.705000854844144,13.121700153394634,50.0,50.0,latest_observed_list_total,False,33,1747267200000
LTE,10,286,606:1,1,32.803000556087085,13.223800312010063,,0.0,unknown,False,324,1782864000000
LTE,10,288,606:1,1,32.690700280437504,13.207500787047454,,0.0,unknown,False,343,1781481600000
LTE,10,289,606:1,1,32.681700780569194,13.146400170964668,,0.0,unknown,False,335,1781049600000
LTE,10,354,606:1,1,32.7499007412669,13.144400789074403,,0.0,unknown,False,199,1782864000000
LTE,10,355,606:1,1,32.68320088082404,13.175500963426147,,0.0,unknown,False,341,1781481600000
LTE,10,396,606:1,1,32.78280017167828,13.148200917158833,,0.0,unknown,False,355,1769817600000
LTE,10,46,606:1,1,32.74620055260517,13.243200799261755,,0.0,unknown,False,328,1782864000000
LTE,10,47,606:1,1,32.716700623540056,13.198600251756268,,0.0,unknown,False,321,1782864000000
LTE,10,522,606:1,1,32.72420044033329,13.213300940719071,,0.0,unknown,False,325,1782864000000
LTE,10,523,606:1,1,32.69610029539869,13.233500858190753,,0.0,unknown,False,348,1785888000000
LTE,10,528,606:1,1,32.70020012397565,13.116300561094151,,0.0,unknown,False,201,1772582400000
LTE,10,531,606:1,1,32.77020023813653,13.130000731201116,,0.0,unknown,False,352,1782864000000
LTE,10,543,606:1,1,32.772100863828065,13.146400400944133,,0.0,unknown,False,88,1782864000000
LTE,10,559,606:1,1,32.75370063863363,13.13760080171893,,0.0,unknown,False,330,1782864000000
LTE,10,596,606:1,1,32.78070089342168,13.255000708507808,40.0,40.0,latest_observed_list_total,False,370,1783987200000
LTE,10,599,606:1,1,32.7243001262127,13.165200648786298,,0.0,unknown,False,329,1782864000000
LTE,10,630,606:1,1,32.81010086317002,13.233500571834414,,0.0,unknown,False,164,1762300800000
LTE,10,635,606:1,1,32.66840051426675,13.174000526825647,,0.0,unknown,False,346,1781049600000
LTE,10,645,606:1,1,32.78710049591805,13.147100380097163,20.0,20.0,latest_observed_list_total,False,169,1782864000000
LTE,10,66,606:1,1,32.80450068554228,13.140100980377099,,0.0,unknown,False,512,1781481600000
LTE,10,747,606:1,1,32.79270076425815,13.160900216412772,20.0,20.0,latest_observed_list_total,False,319,1763596800000
LTE,10,766,606:1,1,32.770600962339,13.251500411268811,,0.0,unknown,False,56,1783987200000
LTE,10,775,606:1,1,32.72540056313293,13.200100169642717,,0.0,unknown,False,327,1782864000000
LTE,10,780,606:1,1,32.802600349577204,13.231700686492193,,0.0,unknown,False,89,1783987200000
LTE,10,789,606:1,1,32.74090064115504,13.243800714206612,,0.0,unknown,False,81,1782864000000
LTE,10,827,606:1,1,32.695900327172666,13.13360047885131,,0.0,unknown,False,184,1782864000000
LTE,10,894,606:1,1,32.7244002936877,13.232500243419446,,0.0,unknown,False,322,1782864000000
LTE,10,895,606:1,1,32.78830077084235,13.252700959924459,100.0,100.0,latest_observed_list_total,False,356,1783987200000
LTE,10,924,606:1,1,32.76190022076443,13.259800230342032,,0.0,unknown,False,338,1783036800000
LTE,10,934,606:1,1,32.68290084706807,13.164600137929504,,0.0,unknown,False,334,1778630400000
LTE,10,942,606:1,1,32.722700776988034,13.146400639509276,,0.0,unknown,False,326,1782864000000
LTE,10,949,606:1,1,32.81000040374969,13.173500406081446,30.0,30.0,latest_observed_list_total,False,320,1763596800000
LTE,1020,1354,606:0,1,32.56490065536078,14.028100765186641,,0.0,unknown,False,1053,1785456000000
LTE,1020,1355,606:0,1,32.6164009781505,14.172900980737221,60.0,60.0,latest_observed_list_total,False,1069,1783555200000
LTE,1020,1368,606:0,1,32.57680054391154,13.998600863732225,,0.0,unknown,False,1040,1785456000000
LTE,1020,1372,606:0,1,32.68600066118435,14.105600591971054,40.0,40.0,latest_observed_list_total,False,1057,1782864000000
LTE,1020,1397,606:0,1,32.574600356582586,14.047900794025198,,0.0,unknown,False,1055,1785456000000
LTE,1020,1410,606:0,1,32.61630051468538,14.071900293957647,,0.0,unknown,False,1059,1781308800000
LTE,1020,1411,606:0,1,32.649800465741244,14.139000356070369,60.0,60.0,latest_observed_list_total,False,1072,1783555200000
LTE,1020,1540,606:0,1,32.59610083676679,14.124400840297486,,0.0,unknown,False,1068,1783555200000
LTE,1020,1541,606:0,1,32.6137009553906,14.16560063561146,,0.0,unknown,False,1074,1783555200000
LTE,1020,1548,606:0,1,32.65210071009588,13.958100841625573,,0.0,unknown,False,1041,1785456000000
LTE,1020,1580,606:0,1,32.532700280399396,14.118900596798845,,0.0,unknown,False,1067,1777680000000
LTE,1020,1694,606:0,1,32.57800022730344,14.038200765003763,,0.0,unknown,False,1051,1785456000000
LTE,1020,1769,606:0,1,32.53840078555463,13.90820023818379,,0.0,unknown,False,1079,1785456000000
LTE,1020,1774,606:0,1,32.638200446364955,13.977000475095533,,0.0,unknown,False,1042,1784678400000
LTE,1020,1790,606:0,1,32.58210070102725,13.991800887434243,,0.0,unknown,False,709,1785456000000
LTE,1020,1791,606:0,1,32.57210072316628,14.094800129915257,,0.0,unknown,False,1066,1783555200000
LTE,1020,1848,606:0,1,32.6169007802831,14.011700437065288,,0.0,unknown,False,1043,1784678400000
LTE,1020,1939,606:0,1,32.59000088961695,14.04330082653084,,0.0,unknown,False,1062,1785456000000
LTE,1020,3748,606:0,1,32.52800081509507,14.004000661362374,,0.0,unknown,False,1056,1782950400000
LTE,1020,4601,606:0,1,32.64310064064232,14.25650055140866,40.0,40.0,latest_observed_list_total,False,1106,1782864000000
LTE,1020,4610,606:0,1,32.65150091366877,14.259600695552724,80.0,80.0,latest_observed_list_total,False,1108,1777420800000
LTE,1020,4665,606:0,1,32.65370023375083,14.262400151541097,,0.0,unknown,False,1107,1777075200000
LTE,1020,4667,606:0,1,32.51830097945542,14.199500574989068,60.0,60.0,latest_observed_list_total,False,1073,1787875200000
LTE,1020,4673,606:0,1,32.6436006768658,14.252900847002016,20.0,20.0,latest_observed_list_total,False,1070,1782777600000
LTE,1020,4677,606:0,1,32.632200742837995,14.257500516611564,60.0,60.0,latest_observed_list_total,False,1105,1782864000000
LTE,1020,4678,606:0,1,32.63410047053853,14.231700431302562,20.0,20.0,latest_observed_list_total,False,1071,1782864000000
LTE,1020,6476,606:0,1,32.579000919948506,13.934400709681265,,0.0,unknown,False,1044,1785456000000
LTE,1020,6479,606:0,1,32.59810022612201,14.032600561215038,,0.0,unknown,False,1063,1785456000000
LTE,1020,6480,606:0,1,32.57180060799033,14.050600837048767,,0.0,unknown,False,1052,1785456000000
LTE,1030,4034,606:0,1,30.749500944221364,20.23340012722127,60.0,60.0,latest_observed_list_total,False,1215,1782864000000
LTE,1030,4036,606:0,1,32.46480047677876,14.524000194880122,40.0,40.0,latest_observed_list_total,False,1117,1782864000000
LTE,1030,4038,606:0,1,32.39520068464787,14.865300734653676,60.0,60.0,latest_observed_list_total,False,1136,1782864000000
LTE,1030,4045,606:0,1,32.44110037175572,14.564200874467653,,0.0,unknown,False,741,1619049600000
LTE,1030,4056,606:0,1,32.4306009881778,14.63140073405805,20.0,20.0,latest_observed_list_total,False,1124,1782864000000
LTE,1030,4059,606:0,1,32.48270077468776,14.488600604520071,60.0,60.0,latest_observed_list_total,False,1118,1782864000000
LTE,1030,4061,606:0,1,32.49930075699048,14.444900768535001,20.0,20.0,latest_observed_list_total,False,1112,1782864000000
LTE,1030,4062,606:0,1,32.4670008809757,14.485700783869385,20.0,20.0,latest_observed_list_total,False,1128,1783382400000
LTE,1030,4065,606:0,1,32.53930048492505,14.372400855167838,60.0,60.0,latest_observed_list_total,False,1111,1782864000000
LTE,1030,4072,606:0,1,32.42980030840037,14.713000339069849,20.0,20.0,latest_observed_list_total,False,1125,1782777600000
LTE,1030,4075,606:0,1,32.41400033142847,14.802000908303839,40.0,40.0,latest_observed_list_total,False,1127,1782864000000
LTE,1030,4109,606:0,1,32.566400871670425,14.286000335337112,20.0,20.0,latest_observed_list_total,False,1102,1748131200000
LTE,1030,4120,606:0,1,32.50350039455866,14.509100504277828,120.0,120.0,latest_observed_list_total,False,1114,1773273600000
LTE,1030,4121,606:0,1,32.49170074782345,14.566600628078959,60.0,60.0,latest_observed_list_total,False,1121,1773273600000
LTE,1030,4128,606:0,1,32.50570092857431,14.486400830095091,40.0,40.0,latest_observed_list_total,False,1115,1773273600000
LTE,1030,4167,606:0,1,32.4811009828336,14.56420067997605,80.0,80.0,latest_observed_list_total,False,1122,1773360000000
LTE,1030,4198,606:0,1,32.49780017414011,14.536000926588917,100.0,100.0,latest_observed_list_total,False,1116,1773273600000
LTE,1030,4232,606:0,1,32.4596009045459,14.491500910707597,20.0,20.0,latest_observed_list_total,False,706,1783382400000
LTE,1030,4276,606:0,1,32.496700658714886,14.557700649637091,40.0,40.0,latest_observed_list_total,False,1120,1773273600000
LTE,1030,4277,606:0,1,32.459100465202994,14.550300553990667,20.0,20.0,latest_observed_list_total,False,1119,1782864000000
LTE,1030,4504,606:0,1,32.459200947657244,14.55530066047612,20.0,20.0,latest_observed_list_total,False,1123,1782864000000
LTE,1030,4505,606:0,1,32.44250081990167,14.599100490970248,20.0,20.0,latest_observed_list_total,False,1126,1782864000000
LTE,1030,4627,606:0,1,32.60440022394644,14.3214006436427,20.0,20.0,latest_observed_list_total,False,1113,1777420800000
LTE,1030,4654,606:0,1,32.59500071327292,14.318800940900987,40.0,40.0,latest_observed_list_total,False,1103,1782864000000
LTE,1030,4659,606:0,1,32.56490087375128,14.346500167175297,,0.0,unknown,False,1109,1777593600000
LTE,1030,4662,606:0,1,32.606700877363664,14.303600687665178,20.0,20.0,latest_observed_list_total,False,1104,1782864000000
LTE,1030,4664,606:0,1,32.55660033444551,14.35470091354052,40.0,40.0,latest_observed_list_total,False,1110,1782864000000
LTE,1050,4017,606:0,1,30.767500820970167,20.241200892242723,80.0,80.0,latest_observed_list_total,False,1218,1782864000000
LTE,1050,4023,606:0,1,30.75690079580996,20.239800121967317,60.0,60.0,latest_observed_list_total,False,1219,1782777600000
LTE,1050,4027,606:0,1,32.32160064831414,15.112400850222818,20.0,20.0,latest_observed_list_total,False,1138,1782864000000
LTE,1050,4052,606:0,1,32.129300869315465,15.073000982668944,20.0,20.0,latest_observed_list_total,False,1134,1782864000000
LTE,1050,4078,606:0,1,32.24410012771068,15.115900289380031,40.0,40.0,latest_observed_list_total,False,1139,1782864000000
LTE,1050,4094,606:0,1,32.39520073238826,14.91850034882357,40.0,40.0,latest_observed_list_total,False,1133,1782864000000
LTE,1050,4098,606:0,1,32.024600395734986,15.044100889955436,20.0,20.0,latest_observed_list_total,False,1135,1782864000000
LTE,1050,4129,606:0,1,32.37570035729488,15.087600533370594,40.0,40.0,latest_observed_list_total,False,1131,1780272000000
LTE,1050,4133,606:0,1,32.339600323411524,15.102900235459563,40.0,40.0,latest_observed_list_total,False,1130,1782864000000
LTE,1050,4138,606:0,1,32.368600918956936,15.08340014428799,20.0,20.0,latest_observed_list_total,False,1140,1778371200000
LTE,1050,4153,606:0,1,32.32910088240489,15.096400488000791,,0.0,unknown,False,749,1772668800000
LTE,1050,4178,606:0,1,31.623800709195493,15.129400793720368,40.0,40.0,latest_observed_list_total,False,1143,1782864000000
LTE,1050,4194,606:0,1,31.456500624680626,15.25500046692852,60.0,60.0,latest_observed_list_total,False,1144,1782864000000
LTE,1050,4195,606:0,1,31.396400544299926,15.720300745227036,60.0,60.0,latest_observed_list_total,False,1145,1782864000000
LTE,1050,4205,606:0,1,32.30580065972014,15.117600848428367,40.0,40.0,latest_observed_list_total,False,1137,1782864000000
LTE,1050,4218,606:0,1,32.35860062410084,15.06930067353849,160.0,160.0,latest_observed_list_total,False,1129,1782864000000
LTE,1050,4223,606:0,1,32.319200649029845,15.101500793775875,,0.0,unknown,False,750,1772668800000
LTE,1050,4233,606:0,1,32.28670040817589,15.094400664711799,,0.0,unknown,False,752,1772755200000
LTE,1050,4268,606:0,1,31.37560039570961,15.616100643530247,20.0,20.0,latest_observed_list_total,False,1146,1782864000000
LTE,1050,4287,606:0,1,32.3836003010583,15.08680086403995,60.0,60.0,latest_observed_list_total,False,1141,1780272000000
LTE,1050,704,606:0,1,32.376200732177956,15.090400360917128,120.0,120.0,latest_observed_list_total,False,1132,1782864000000
LTE,11,2010,606:1,1,32.7956002965184,12.439000564949726,10.0,10.0,latest_observed_list_total,False,281,1760572800000
LTE,11,2036,606:1,1,32.92290081546024,12.110000296746511,,0.0,unknown,False,282,1772668800000
LTE,11,2041,606:0,1,32.92920050827686,12.088700406333274,,0.0,unknown,False,283,1772668800000
LTE,11,2042,606:0,1,32.93660074162523,12.087000229523301,,0.0,unknown,False,284,1772668800000
LTE,11,2072,606:1,1,32.93090063446245,12.087200116123887,,0.0,unknown,False,285,1772668800000
LTE,11,2173,606:1,1,32.91990082700801,12.109300849154872,,0.0,unknown,False,286,1772668800000
LTE,11,2175,606:1,1,32.92830018432369,12.102300827068408,,0.0,unknown,False,287,1772668800000
LTE,11,2176,606:1,1,32.92580098222622,12.097100930578943,,0.0,unknown,False,288,1772668800000
LTE,11,2182,606:1,1,32.940300619671866,12.081300808951406,,0.0,unknown,False,289,1772668800000
LTE,1210,100411,606:1,1,32.17320048615399,20.1322007806502,,0.0,unknown,False,629,1786665600000
LTE,1210,100571,606:1,1,32.13610050972108,20.103000323855852,40.0,40.0,latest_observed_list_total,False,608,1786665600000
LTE,1210,100611,606:1,1,32.12700034769455,20.10420090501469,20.0,20.0,latest_observed_list_total,False,615,1786924800000
LTE,1210,101101,606:1,1,32.07680093454136,20.11850080753438,,0.0,unknown,False,624,1553040000000
LTE,1210,101241,606:1,1,32.12780052112489,20.084100474811397,80.0,80.0,latest_observed_list_total,False,644,1785456000000
LTE,1210,101641,606:1,1,32.13060066519299,20.076100234391713,,0.0,unknown,False,638,1785456000000
LTE,1210,102591,606:1,1,32.147900441704564,20.140800450122775,,0.0,unknown,False,611,1762732800000
LTE,1210,102691,606:1,1,32.182500831428875,20.142000228560253,50.0,50.0,latest_observed_list_total,False,613,1786665600000
LTE,1210,107261,606:1,1,32.161000705578324,20.11580024360727,10.0,10.0,latest_observed_list_total,False,609,1786665600000
LTE,1220,100121,606:1,1,32.093800485391185,20.14170018677184,,0.0,unknown,False,686,1785110400000
LTE,1220,100161,606:1,1,32.08530042432591,20.140700139657937,10.0,10.0,latest_observed_list_total,False,695,1785110400000
LTE,1220,100701,606:1,1,32.113700430880534,20.09700027669358,90.0,90.0,latest_observed_list_total,False,641,1786924800000
LTE,1220,100761,606:1,1,32.10890056405712,20.10450059891184,80.0,80.0,latest_observed_list_total,False,691,1786924800000
LTE,1220,100801,606:1,1,32.10110070119875,20.0911008057637,,0.0,unknown,False,679,1773964800000
LTE,1220,100851,606:1,1,32.086800561976716,20.111700178719964,50.0,50.0,latest_observed_list_total,False,643,1785110400000
LTE,1220,100971,606:1,1,32.08980077828172,20.097000754131532,,0.0,unknown,False,678,1779235200000
LTE,1220,101321,606:1,1,32.11100070715154,20.058800599771967,40.0,40.0,latest_observed_list_total,False,604,1769212800000
LTE,1220,101331,606:1,1,32.110200694296225,20.060800893263973,40.0,40.0,latest_observed_list_total,False,690,1781654400000
LTE,1220,101721,606:1,1,32.11340039329307,20.10080034620604,90.0,90.0,latest_observed_list_total,False,639,1785456000000
LTE,1220,102121,606:1,1,32.098300566163694,20.10680051458385,,0.0,unknown,False,636,1786924800000
LTE,1220,102161,606:1,1,32.10660034635101,20.09910090869896,70.0,70.0,latest_observed_list_total,False,640,1786924800000
LTE,1220,102301,606:1,1,32.08120090550524,20.11230059797348,70.0,70.0,latest_observed_list_total,False,683,1785110400000
LTE,1220,102371,606:1,1,32.116900324813905,20.10350068049516,,0.0,unknown,False,601,1786924800000
LTE,1220,102431,606:1,1,32.107600866738345,20.120200296008917,10.0,10.0,latest_observed_list_total,False,698,1785110400000
LTE,1220,102471,606:1,1,32.101900730393254,20.116100163843935,10.0,10.0,latest_observed_list_total,False,637,1785110400000
LTE,1220,102481,606:1,1,32.09370016670984,20.131400841933107,10.0,10.0,latest_observed_list_total,False,642,1785110400000
LTE,1220,102551,606:1,1,32.115200431269365,20.149300157276368,,0.0,unknown,False,612,1785110400000
LTE,1230,100061,606:1,1,32.06420097181487,20.058100729188165,,0.0,unknown,False,620,1553040000000
LTE,1230,100341,606:1,1,31.952500431869616,20.08340083324858,,0.0,unknown,False,621,1552953600000
LTE,1230,100581,606:1,1,32.06030098086902,20.0593008706647,,0.0,unknown,False,622,1553040000000
LTE,1230,100941,606:1,1,32.080400881358884,20.075800967331677,50.0,50.0,latest_observed_list_total,False,633,1774656000000
LTE,1230,101031,606:1,1,32.074400548852346,20.078900914595128,90.0,90.0,latest_observed_list_total,False,630,1785974400000
LTE,1230,101051,606:1,1,32.08120098255713,20.060400572642422,20.0,20.0,latest_observed_list_total,False,623,1768262400000
LTE,1230,101081,606:1,1,32.07400079024782,20.097000135533662,100.0,100.0,latest_observed_list_total,False,617,1785110400000
LTE,1230,101131,606:1,1,32.058900187315004,20.115600611296266,20.0,20.0,latest_observed_list_total,False,684,1773964800000
LTE,1230,101141,606:1,1,32.068100561332,20.144300960989618,,0.0,unknown,False,610,1773964800000
LTE,1230,101151,606:1,1,32.05150061896837,20.14060015239816,,0.0,unknown,False,685,1773964800000
LTE,1230,101171,606:1,1,32.058100151166386,20.103700647809855,,0.0,unknown,False,680,1785888000000
LTE,1230,101181,606:1,1,32.05330014667908,20.076900253744704,,0.0,unknown,False,625,1755907200000
LTE,1230,101261,606:1,1,32.08230034106323,20.077800924862906,210.0,210.0,latest_observed_list_total,False,603,1785974400000
LTE,1230,101361,606:1,1,31.96420089207555,20.142500546260514,,0.0,unknown,False,701,1785974400000
LTE,1230,101381,606:1,1,32.010100299893374,20.09560053528552,,0.0,unknown,False,634,1785369600000
LTE,1230,101391,606:1,1,32.01060036127953,20.08330028676379,,0.0,unknown,False,631,1785369600000
LTE,1230,101581,606:1,1,32.058500321957595,20.0679008562052,70.0,70.0,latest_observed_list_total,False,606,1785974400000
LTE,1230,101621,606:1,1,32.09070044672139,20.056100874665,30.0,30.0,latest_observed_list_total,False,697,1769212800000
LTE,1230,101751,606:1,1,32.07840067746511,20.10700051877205,30.0,30.0,latest_observed_list_total,False,607,1785110400000
LTE,1230,101791,606:1,1,32.04790066901091,20.133600221897666,,0.0,unknown,False,688,1774656000000
LTE,1230,102331,606:1,1,32.047500775230894,20.059300498654807,40.0,40.0,latest_observed_list_total,False,687,1785110400000
LTE,1230,102681,606:1,1,32.05340051630112,20.12730057699925,40.0,40.0,latest_observed_list_total,False,696,1774656000000
LTE,1230,102711,606:1,1,32.01440020726186,20.052200488586752,20.0,20.0,latest_observed_list_total,False,600,1783987200000
LTE,1230,102721,606:1,1,32.03830072867518,20.12290051469631,20.0,20.0,latest_observed_list_total,False,602,1785974400000
LTE,1230,102731,606:1,1,32.07180090875302,20.112200883976943,20.0,20.0,latest_observed_list_total,False,681,1785110400000
LTE,1230,102871,606:1,1,32.05080089349677,20.1363008319364,10.0,10.0,latest_observed_list_total,False,700,1772409600000
LTE,1230,103761,606:1,1,32.03510085948428,20.055800718465257,20.0,20.0,latest_observed_list_total,False,605,1785369600000
LTE,1230,106501,606:1,1,31.95840025772966,20.14470072232289,,0.0,unknown,False,705,1785974400000
LTE,1230,108461,606:1,1,32.04630070894594,20.043800975411074,,0.0,unknown,False,699,1785369600000
LTE,1240,100171,606:1,1,32.11340085030688,20.170500153440972,40.0,40.0,latest_observed_list_total,False,682,1785110400000
LTE,1240,100191,606:1,1,32.10150078531206,20.171900511702308,50.0,50.0,latest_observed_list_total,False,692,1769817600000
LTE,1240,100211,606:1,1,32.09780030936747,20.20110013462928,60.0,60.0,latest_observed_list_total,False,689,1769817600000
LTE,1240,100271,606:1,1,31.632500843066325,20.36600068364212,,0.0,unknown,False,549,1785974400000
LTE,1240,100291,606:1,1,32.09670029100219,20.237000728480297,30.0,30.0,latest_observed_list_total,False,693,1769817600000
LTE,1240,100391,606:1,1,32.21060066327417,20.16630069454448,70.0,70.0,latest_observed_list_total,False,616,1786665600000
LTE,1240,101371,606:1,1,31.940600388716334,20.169200683730512,,0.0,unknown,False,704,1785974400000
LTE,1240,101411,606:1,1,31.9572003064293,20.14010086943031,,0.0,unknown,False,614,1774656000000
LTE,1240,101421,606:1,1,31.964100383363437,20.142500811041003,,0.0,unknown,False,703,1786147200000
LTE,1240,101431,606:1,1,31.917400468818844,20.097600457693275,,0.0,unknown,False,557,1786147200000
LTE,1240,101451,606:1,1,31.775600154559704,20.01500020873869,,0.0,unknown,False,598,1785974400000
LTE,1240,101811,606:1,1,32.225300358074506,20.17910051559759,40.0,40.0,latest_observed_list_total,False,632,1786665600000
LTE,1240,101981,606:1,1,31.655000176222114,20.016000909136885,,0.0,unknown,False,566,1785974400000
LTE,1240,102011,606:1,1,31.650700744799558,20.237000787666272,,0.0,unknown,False,589,1786147200000
LTE,1240,102051,606:1,1,32.0490007007517,20.16130020721231,,0.0,unknown,False,635,1774310400000
LTE,1240,102621,606:1,1,32.103400321633764,20.17960093095583,,0.0,unknown,False,626,1733529600000
LTE,1240,103511,606:1,1,31.649500652067715,20.025100374378333,,0.0,unknown,False,597,1785974400000
LTE,1240,103521,606:1,1,31.67030082346339,20.021200620286944,,0.0,unknown,False,595,1785974400000
LTE,1240,103541,606:1,1,31.45170086996086,20.154900474146014,,0.0,unknown,False,599,1785974400000
LTE,1240,103571,606:1,1,31.69180044756599,20.015800610628688,,0.0,unknown,False,596,1785974400000
LTE,1240,103661,606:1,1,31.667300760601822,20.24780091458795,,0.0,unknown,False,585,1786147200000
LTE,1240,103671,606:1,1,31.668300698208313,20.255900218304618,,0.0,unknown,False,569,1786147200000
LTE,1240,103681,606:1,1,31.591200826507094,20.179200668895692,,0.0,unknown,False,545,1785974400000
LTE,1240,103691,606:1,1,31.73380098439829,20.261400888742184,,0.0,unknown,False,541,1785974400000
LTE,1240,103701,606:1,1,31.79780090317243,20.20800046486649,,0.0,unknown,False,594,1785974400000
LTE,1240,103711,606:1,1,31.79190089510659,20.20530057873193,,0.0,unknown,False,593,1785974400000
LTE,1240,103731,606:1,1,31.893100808068834,20.174100926493125,,0.0,unknown,False,592,1786147200000
LTE,1240,103751,606:1,1,31.553000337537032,20.548000553248,,0.0,unknown,False,546,1785974400000
LTE,1240,106551,606:1,1,31.95490062919305,20.136800937590163,,0.0,unknown,False,702,1786147200000
LTE,1240,108831,606:1,1,31.95230021334023,20.134100588347547,,0.0,unknown,False,694,1774656000000
LTE,1240,109631,606:1,1,31.565000679208946,20.068900414423783,,0.0,unknown,False,590,1785974400000
LTE,1241,103121,606:1,1,32.19770036860017,20.599300734809372,10.0,10.0,latest_observed_list_total,False,627,1751760000000
LTE,1250,106011,606:1,1,32.76560088157005,21.76520011122553,50.0,50.0,latest_observed_list_total,False,676,1780704000000
LTE,1250,106031,606:1,1,32.77120079764345,21.769800165456473,,0.0,unknown,False,655,1773100800000
LTE,1250,106041,606:1,1,32.76020032079487,21.773400419134603,20.0,20.0,latest_observed_list_total,False,672,1786233600000
LTE,1250,106051,606:1,1,32.754900482456186,21.761800798074788,40.0,40.0,latest_observed_list_total,False,628,1780704000000
LTE,1250,106061,606:1,1,32.75820054371203,21.755800939517442,20.0,20.0,latest_observed_list_total,False,653,1780704000000
LTE,1250,106071,606:1,1,32.7652009422865,21.755000859018672,20.0,20.0,latest_observed_list_total,False,667,1780704000000
LTE,1250,106111,606:1,1,32.7376009258293,21.76060096791521,30.0,30.0,latest_observed_list_total,False,650,1780704000000
LTE,1250,106121,606:1,1,32.75820069146213,21.777300186275994,60.0,60.0,latest_observed_list_total,False,666,1780704000000
LTE,1250,106131,606:1,1,32.76490028036806,21.777000941165873,40.0,40.0,latest_observed_list_total,False,652,1780704000000
LTE,1250,106141,606:1,1,32.76930083330618,21.787700647240516,60.0,60.0,latest_observed_list_total,False,671,1780704000000
LTE,1250,106151,606:1,1,32.76350068510607,21.785500475483058,20.0,20.0,latest_observed_list_total,False,674,1780704000000
LTE,1250,106161,606:1,1,32.76120034529881,21.78570084026253,,0.0,unknown,False,662,1773964800000
LTE,1250,106171,606:1,1,32.762100638321314,21.789200196519687,,0.0,unknown,False,647,1773964800000
LTE,1250,106181,606:1,1,32.77850092110811,21.78550094212585,,0.0,unknown,False,656,1773014400000
LTE,1250,106191,606:1,1,32.76860047438223,21.741900658979052,,0.0,unknown,False,660,1773100800000
LTE,1250,106201,606:1,1,32.76240077769828,21.743900711365633,,0.0,unknown,False,661,1773100800000
LTE,1250,106231,606:1,1,32.70960071692391,21.7343008707403,10.0,10.0,latest_observed_list_total,False,668,1780704000000
LTE,1250,106451,606:1,1,32.773900819668874,21.782400508295364,,0.0,unknown,False,619,1772928000000
LTE,1250,106461,606:1,1,32.78170040100034,21.797400490331064,,0.0,unknown,False,618,1773273600000
LTE,1250,106481,606:1,1,32.707100501496136,21.73320049979215,20.0,20.0,latest_observed_list_total,False,645,1780704000000
LTE,1250,106531,606:1,1,32.77360017573272,21.789300245893084,20.0,20.0,latest_observed_list_total,False,673,1780704000000
LTE,1250,106611,606:1,1,32.80320078162258,21.873300322212202,80.0,80.0,latest_observed_list_total,False,677,1784764800000
LTE,1250,106621,606:1,1,32.81360014705134,21.873200336419394,90.0,90.0,latest_observed_list_total,False,654,1784764800000
LTE,1250,106631,606:1,1,32.80790057474015,21.86550040971589,90.0,90.0,latest_observed_list_total,False,657,1782259200000
LTE,1250,106641,606:1,1,32.79710055288552,21.87000086702119,,0.0,unknown,False,669,1761782400000
LTE,1250,106651,606:1,1,32.82460043314532,21.854800317656295,60.0,60.0,latest_observed_list_total,False,675,1782000000000
LTE,1250,106661,606:1,1,32.843000390807326,21.89610097281255,10.0,10.0,latest_observed_list_total,False,646,1782000000000
LTE,1250,106691,606:1,1,32.788800757260496,21.876100909329217,,0.0,unknown,False,648,1773964800000
LTE,1250,106721,606:1,1,32.78790052858438,21.86670046132629,,0.0,unknown,False,649,1773878400000
LTE,1250,106751,606:1,1,32.804300465985904,21.95640061700686,,0.0,unknown,False,658,1754006400000
LTE,1250,107431,606:1,1,32.78140046433295,21.823100148464057,,0.0,unknown,False,659,1773100800000
LTE,1250,107641,606:1,1,32.78010043006172,21.80680061421902,,0.0,unknown,False,651,1773964800000
LTE,1250,107671,606:1,1,32.73340046720415,21.77380077949544,20.0,20.0,latest_observed_list_total,False,665,1780704000000
LTE,1250,108441,606:1,1,32.76280089755751,21.74530062871984,,0.0,unknown,False,663,1773100800000
LTE,1250,108841,606:1,1,32.80380041766195,21.867400253779525,30.0,30.0,latest_observed_list_total,False,670,1782000000000
LTE,1250,109611,606:1,1,32.784300926439094,21.833300930632756,,0.0,unknown,False,664,1773964800000
LTE,14,12,606:1,1,32.850400676047485,13.117300462635733,20.0,20.0,latest_observed_list_total,False,502,1782086400000
LTE,14,123,606:1,1,32.827300460416915,13.131000475614842,20.0,20.0,latest_observed_list_total,False,528,1786147200000
LTE,14,124,606:1,1,32.86440022638046,13.104300303059032,40.0,40.0,latest_observed_list_total,False,529,1787529600000
LTE,14,17,606:1,1,32.86500066111436,13.119400760513162,,0.0,unknown,False,43,1775433600000
LTE,14,188,606:1,1,32.862400485673504,13.102400884508846,,0.0,unknown,False,204,1775433600000
LTE,14,232,606:1,1,32.832000600852325,13.124400597412468,,0.0,unknown,False,198,1782864000000
LTE,14,251,606:1,1,32.845800271704675,13.11720074824878,,0.0,unknown,False,13,1610668800000
LTE,14,253,606:1,1,32.84600081492698,13.094800434275204,40.0,40.0,latest_observed_list_total,False,179,1787529600000
LTE,14,261,606:1,1,32.85650012613375,13.080600436024161,40.0,40.0,latest_observed_list_total,False,193,1781913600000
LTE,14,275,606:1,1,32.85920088111214,13.09200013861778,50.0,50.0,latest_observed_list_total,False,185,1775433600000
LTE,14,326,606:1,1,32.86290078092631,13.098400605857565,40.0,40.0,latest_observed_list_total,False,202,1787529600000
LTE,14,336,606:1,1,32.86110091374215,13.123300759769133,20.0,20.0,latest_observed_list_total,False,178,1782086400000
LTE,14,382,606:1,1,32.8449008237766,13.157800668714158,,0.0,unknown,False,177,1768521600000
LTE,14,392,606:1,1,32.85110052654872,13.080500295948651,60.0,60.0,latest_observed_list_total,False,14,1782000000000
LTE,14,51,606:1,1,32.83440020074612,13.144500594443503,,0.0,unknown,False,508,1785369600000
LTE,14,550,606:1,1,32.84090094378982,13.082000718399,20.0,20.0,latest_observed_list_total,False,6,1787529600000
LTE,14,579,606:1,1,32.855500956476824,13.12910065029348,,0.0,unknown,False,183,1769817600000
LTE,14,581,606:1,1,32.856500505319104,13.128500793821809,,0.0,unknown,False,15,1769817600000
LTE,14,59,606:1,1,32.841400408116925,13.103000520004874,20.0,20.0,latest_observed_list_total,False,510,1781740800000
LTE,14,626,606:1,1,32.85280023796366,13.084800814122353,30.0,30.0,latest_observed_list_total,False,166,1782000000000
LTE,14,628,606:1,1,32.843000167140346,13.090000303543858,,0.0,unknown,False,165,1787529600000
LTE,14,63,606:1,1,32.81540014333022,13.129500559633028,,0.0,unknown,False,511,1782864000000
LTE,14,751,606:1,1,32.86360083417327,13.139300453097917,,0.0,unknown,False,22,1769817600000
LTE,14,801,606:1,1,32.80230026695897,13.113400395379692,,0.0,unknown,False,192,1782864000000
LTE,14,809,606:1,1,32.850100217898756,13.136000413731077,,0.0,unknown,False,25,1769817600000
LTE,14,816,606:1,1,32.859700590821696,13.120400929848207,40.0,40.0,latest_observed_list_total,False,1,1787529600000
LTE,14,832,606:1,1,32.85950034364923,13.093300377690838,10.0,10.0,latest_observed_list_total,False,196,1763596800000
LTE,14,892,606:1,1,32.8589007270044,13.084800499672049,40.0,40.0,latest_observed_list_total,False,171,1781913600000
LTE,14,99,606:1,1,32.867100814417654,13.130200346547253,20.0,20.0,latest_observed_list_total,False,521,1781740800000
LTE,1510,1034,606:0,1,32.4556009532653,16.843100581805807,40.0,40.0,latest_observed_list_total,False,1149,1787529600000
LTE,1510,1037,606:0,1,32.82900064222043,13.015200359012164,60.0,60.0,latest_observed_list_total,False,735,1787529600000
LTE,1510,1208,606:0,1,32.80930031587572,13.008300147743812,,0.0,unknown,False,748,1787529600000
LTE,1510,1304,606:0,1,32.82850065457284,13.006200304923222,60.0,60.0,latest_observed_list_total,False,820,1764460800000
LTE,1510,1426,606:0,1,32.78270058095394,12.990300207597151,20.0,20.0,latest_observed_list_total,False,716,1740528000000
LTE,1510,1471,606:0,1,32.82720095086311,12.998600116244896,20.0,20.0,latest_observed_list_total,False,822,1764460800000
LTE,1510,1570,606:0,1,32.830300484500015,13.020600662712742,60.0,60.0,latest_observed_list_total,False,758,1787529600000
LTE,1510,1582,606:0,1,32.815500762233945,12.954800341758826,100.0,100.0,latest_observed_list_total,False,763,1787529600000
LTE,1510,1631,606:0,1,32.832100813786276,13.036700766005424,20.0,20.0,latest_observed_list_total,False,807,1787529600000
LTE,1510,1635,606:0,1,32.812700617098756,13.015400509192519,,0.0,unknown,False,810,1787529600000
LTE,1510,1637,606:0,1,32.83400067279077,13.029700295734457,20.0,20.0,latest_observed_list_total,False,723,1787529600000
LTE,1510,1651,606:0,1,32.81700031531733,12.980400601807688,,0.0,unknown,False,803,1787529600000
LTE,1510,1756,606:0,1,32.83090071412023,12.991900768050597,,0.0,unknown,False,805,1787529600000
LTE,1510,1866,606:0,1,32.79010027240615,13.097400454116057,20.0,20.0,latest_observed_list_total,False,730,1782086400000
LTE,1510,1892,606:0,1,32.77240037294351,13.089600270180387,,0.0,unknown,False,816,1769212800000
LTE,1510,1926,606:0,1,32.82770019353791,13.032200740343782,,0.0,unknown,False,761,1787443200000
LTE,1510,1940,606:0,1,32.77890045891397,13.163500802632186,40.0,40.0,latest_observed_list_total,False,768,1783900800000
LTE,1510,6237,606:0,1,32.8403009585404,13.043400342223004,60.0,60.0,latest_observed_list_total,False,770,1787529600000
LTE,1510,6239,606:0,1,32.80640050237776,13.00040069539063,,0.0,unknown,False,808,1787529600000
LTE,1510,6241,606:0,1,32.83030065960826,12.992900800870576,,0.0,unknown,False,809,1787529600000
LTE,1510,6311,606:0,1,32.79010051737692,13.089000326839088,,0.0,unknown,False,821,1784073600000
LTE,1510,6314,606:0,1,32.784900605994494,13.078600564153009,,0.0,unknown,False,823,1784073600000
LTE,1510,6337,606:0,1,32.824700503803165,13.05740025399056,,0.0,unknown,False,814,1786924800000
LTE,1510,6455,606:0,1,32.77030097468874,13.13380071020101,,0.0,unknown,False,771,1783900800000
LTE,1610,1102,606:0,1,32.86380050588434,13.109700253333397,60.0,60.0,latest_observed_list_total,False,765,1787529600000
LTE,1610,1140,606:0,1,32.87230035449782,13.143100138416491,140.0,140.0,latest_observed_list_total,False,759,1787529600000
LTE,1610,1143,606:0,1,32.846100338921346,13.077600480149943,20.0,20.0,latest_observed_list_total,False,829,1782000000000
LTE,1610,1169,606:0,1,32.83740098832827,13.068900723036386,40.0,40.0,latest_observed_list_total,False,756,1787529600000
LTE,1610,1184,606:0,1,32.543000315232675,15.968200180639986,20.0,20.0,latest_observed_list_total,False,1148,1785110400000
LTE,1610,1202,606:0,1,32.08680042739492,20.141600422476653,,0.0,unknown,False,1184,1787529600000
LTE,1610,1209,606:0,1,32.11730047975243,20.088000576145216,40.0,40.0,latest_observed_list_total,False,1187,1787184000000
LTE,1610,1223,606:0,1,32.841900385013936,13.112500799701314,60.0,60.0,latest_observed_list_total,False,772,1782086400000
LTE,1610,1242,606:0,1,32.86300060702061,13.10530079589142,,0.0,unknown,False,832,1777766400000
LTE,1610,1438,606:0,1,32.8523003512527,13.131400182272662,,0.0,unknown,False,781,1769817600000
LTE,1610,1623,606:0,1,32.862800155498874,13.097300631488498,,0.0,unknown,False,760,1787529600000
LTE,1610,1624,606:0,1,32.85290093437326,13.111000284030824,40.0,40.0,latest_observed_list_total,False,727,1786924800000
LTE,1610,1713,606:0,1,32.86310018051605,13.130500446217107,60.0,60.0,latest_observed_list_total,False,776,1787529600000
LTE,1610,1809,606:0,1,32.86240021138882,13.157200312262425,60.0,60.0,latest_observed_list_total,False,711,1787529600000
LTE,1610,1963,606:0,1,32.85550088587275,13.122100124769172,20.0,20.0,latest_observed_list_total,False,729,1782086400000
LTE,1610,1991,606:0,1,32.83230085521696,13.101200388324582,20.0,20.0,latest_observed_list_total,False,825,1787184000000
LTE,1610,6206,606:0,1,32.842600419946784,13.06130052586534,40.0,40.0,latest_observed_list_total,False,826,1787529600000
LTE,1610,6218,606:0,1,32.83980074058272,13.134900346760604,,0.0,unknown,False,737,1782259200000
LTE,1610,6234,606:0,1,32.837800274581056,13.065200317907603,,0.0,unknown,False,815,1783987200000
LTE,1610,6439,606:0,1,32.88110057275745,13.136200884756525,20.0,20.0,latest_observed_list_total,False,728,1769817600000
LTE,1710,1080,606:0,1,32.1231003335033,20.09450047123498,,0.0,unknown,False,1168,1786579200000
LTE,1710,1107,606:0,1,32.8571005833501,13.227700754988039,120.0,120.0,latest_observed_list_total,False,796,1783987200000
LTE,1710,1122,606:0,1,32.0160005220619,20.12590070297164,20.0,20.0,latest_observed_list_total,False,1152,1785974400000
LTE,1710,1163,606:0,1,32.84570072897679,13.1729009236934,,0.0,unknown,False,724,1760054400000
LTE,1710,1218,606:0,1,32.8466004652064,13.20450096864585,,0.0,unknown,False,774,1785110400000
LTE,1710,1240,606:0,1,32.85550062239033,13.173900143815285,60.0,60.0,latest_observed_list_total,False,793,1787529600000
LTE,1710,1418,606:0,1,32.85910095752979,13.195500759061192,,0.0,unknown,False,787,1783987200000
LTE,1710,1433,606:0,1,32.856200772021545,13.203200323753158,80.0,80.0,latest_observed_list_total,False,779,1787529600000
LTE,1710,1596,606:0,1,32.85510029505761,13.201600689227577,,0.0,unknown,False,794,1783987200000
LTE,1710,1608,606:0,1,32.8566006808315,13.205600800780555,80.0,80.0,latest_observed_list_total,False,784,1787529600000
LTE,1710,1903,606:0,1,32.85620056202793,13.200400942271443,,0.0,unknown,False,1318,1781395200000
LTE,1710,1964,606:0,1,32.85260039286626,13.192800928389675,40.0,40.0,latest_observed_list_total,False,1314,1787529600000
LTE,1810,1027,606:0,1,32.10880029360336,20.089000485044636,20.0,20.0,latest_observed_list_total,False,1180,1786579200000
LTE,1810,1091,606:0,1,32.66910057907455,15.12200091356449,,0.0,unknown,False,1142,1785110400000
LTE,1810,1117,606:0,1,32.05020015882576,20.06000020910612,,0.0,unknown,False,1192,1781049600000
LTE,1810,1125,606:0,1,32.871800351171,13.213200506969589,,0.0,unknown,False,721,1760054400000
LTE,1810,1213,606:0,1,32.88510029840331,13.193200154594035,60.0,60.0,latest_observed_list_total,False,755,1778716800000
LTE,1810,1850,606:0,1,32.869600190620446,13.196900968035584,,0.0,unknown,False,783,1778716800000
LTE,1810,1919,606:0,1,32.89630021430378,13.19740075781068,60.0,60.0,latest_observed_list_total,False,799,1786492800000
LTE,1810,1955,606:0,1,32.890000803474805,13.165100442379952,60.0,60.0,latest_observed_list_total,False,764,1786579200000
LTE,1810,1993,606:0,1,32.880400690661695,13.188900666663706,20.0,20.0,latest_observed_list_total,False,792,1778716800000
LTE,1810,5004,606:0,1,32.90020016944422,13.221400753649986,20.0,20.0,latest_observed_list_total,False,797,1786492800000
LTE,1810,6222,606:0,1,32.87270024413818,13.188700607707956,20.0,20.0,latest_observed_list_total,False,1312,1778716800000
LTE,1810,7709,606:0,1,32.89700021550169,13.199400787446706,40.0,40.0,latest_observed_list_total,False,720,1769817600000
LTE,1910,1013,606:0,1,32.17630028254312,20.137200370460974,20.0,20.0,latest_observed_list_total,False,1173,1787529600000
LTE,1910,1129,606:0,1,32.84260047003932,13.287200342096197,20.0,20.0,latest_observed_list_total,False,757,1787788800000
LTE,1910,1602,606:0,1,32.906700587159094,13.25990051326443,40.0,40.0,latest_observed_list_total,False,780,1771286400000
LTE,1910,1897,606:0,1,32.877100253083036,13.274200743700321,,0.0,unknown,False,795,1769212800000
LTE,1910,6219,606:0,1,32.84250090864304,13.238800863517604,,0.0,unknown,False,1313,1787961600000
LTE,1910,6292,606:0,1,32.86170037513372,13.265700716887801,40.0,40.0,latest_observed_list_total,False,798,1783728000000
LTE,1910,6294,606:0,1,32.86030066514748,13.24600052960393,50.0,50.0,latest_observed_list_total,False,778,1787529600000
LTE,1910,6296,606:0,1,32.877700755988116,13.247500425968859,80.0,80.0,latest_observed_list_total,False,719,1783555200000
LTE,1910,6316,606:0,1,32.862600447015964,13.247100416204301,,0.0,unknown,False,714,1787529600000
LTE,1910,6398,606:0,1,32.82340094716412,13.275100570972224,20.0,20.0,latest_observed_list_total,False,1316,1784678400000
LTE,2,11,606:1,1,32.87510029485807,13.151900292397723,,0.0,unknown,False,86,1778716800000
LTE,2,119,606:1,1,32.82800011359535,13.223600396739826,,0.0,unknown,False,527,1757808000000
LTE,2,14,606:1,1,32.87350035639363,13.144800936330927,,0.0,unknown,False,503,1779148800000
LTE,2,145,606:1,1,32.84370019429842,13.166400838169231,,0.0,unknown,False,38,1768521600000
LTE,2,168,606:1,1,32.819600411493795,13.22710092161878,,0.0,unknown,False,161,1762300800000
LTE,2,229,606:1,1,32.81620074534809,13.239200695350474,,0.0,unknown,False,162,1762300800000
LTE,2,240,606:1,1,32.869600843901594,13.294100858986338,,0.0,unknown,False,35,1597795200000
LTE,2,28,606:1,1,32.843600297614955,13.178500387116074,,0.0,unknown,False,29,1768521600000
LTE,2,376,606:1,1,32.880000772188886,13.218700854178627,20.0,20.0,latest_observed_list_total,False,160,1784764800000
LTE,2,472,606:1,1,32.82190030239403,13.218700358488437,,0.0,unknown,False,323,1782864000000
LTE,2,486,606:1,1,32.84290057587583,13.173100811707576,,0.0,unknown,False,180,1768521600000
LTE,2,488,606:1,1,32.85340059699569,13.165000335074945,,0.0,unknown,False,155,1785369600000
LTE,2,622,606:1,1,32.83390095651749,13.209900310069449,,0.0,unknown,False,163,1782864000000
LTE,2,72,606:1,1,32.84630085670998,13.190700845183835,,0.0,unknown,False,28,1770249600000
LTE,2,74,606:1,1,32.873300942141384,13.132600335893057,20.0,20.0,latest_observed_list_total,False,194,1763596800000
LTE,2,75,606:1,1,32.83580060474383,13.2175002824872,,0.0,unknown,False,513,1757635200000
LTE,2,774,606:1,1,32.86750036888427,13.150200791139405,,0.0,unknown,False,23,1769817600000
LTE,2,78,606:1,1,32.86700051745782,13.229600241750957,40.0,40.0,latest_observed_list_total,False,514,1787529600000
LTE,2,794,606:1,1,32.89130032519685,13.234000430730202,,0.0,unknown,False,49,1771372800000
LTE,2,845,606:1,1,32.87100060729752,13.140900137893363,10.0,10.0,latest_observed_list_total,False,187,1779148800000
LTE,2,868,606:1,1,32.84430074058675,13.209700549782875,,0.0,unknown,False,39,1754352000000
LTE,2,91,606:1,1,32.85220027640458,13.235900563373946,,0.0,unknown,False,519,1783987200000
LTE,2,95,606:1,1,32.84840093498484,13.201500878065744,80.0,80.0,latest_observed_list_total,False,520,1781913600000
LTE,2,970,606:1,1,32.820000231357106,13.22960097474387,,0.0,unknown,False,318,1762300800000
LTE,2040,3047,606:0,1,31.92590091453876,12.260900492483634,,0.0,unknown,False,1284,1764374400000
LTE,2040,3201,606:0,1,30.129300631176307,9.498800250237657,80.0,80.0,latest_observed_list_total,False,1301,1783641600000
LTE,2040,3202,606:0,1,30.130300692504736,9.494500157297088,20.0,20.0,latest_observed_list_total,False,1300,1783641600000
LTE,2040,3203,606:0,1,30.119700287486104,9.493600300231835,40.0,40.0,latest_observed_list_total,False,707,1783641600000
LTE,2040,3206,606:0,1,30.215700934088623,10.470000820543188,20.0,20.0,latest_observed_list_total,False,1291,1783641600000
LTE,2040,3209,606:0,1,30.218400327613587,10.003200944130223,40.0,40.0,latest_observed_list_total,False,1292,1783641600000
LTE,2040,3407,606:0,1,31.893700445933167,11.967600443193152,20.0,20.0,latest_observed_list_total,False,1298,1783641600000
LTE,2040,3504,606:0,1,31.992600791918207,11.661600618090832,40.0,40.0,latest_observed_list_total,False,1286,1783555200000
LTE,2040,3510,606:0,1,32.007900600688004,11.470400714140027,20.0,20.0,latest_observed_list_total,False,1289,1783555200000
LTE,2040,3512,606:0,1,31.75410067449031,10.937300586630105,20.0,20.0,latest_observed_list_total,False,1290,1783555200000
LTE,2040,3517,606:0,1,31.885600659770194,11.468300639196695,40.0,40.0,latest_observed_list_total,False,1288,1783555200000
LTE,2040,3524,606:0,1,31.87960076688882,11.480600926085556,20.0,20.0,latest_observed_list_total,False,1297,1783555200000
LTE,2040,3531,606:0,1,31.874300974295387,11.48590084681227,20.0,20.0,latest_observed_list_total,False,1294,1783555200000
LTE,2040,3546,606:0,1,32.00470051636282,12.218600562537727,20.0,20.0,latest_observed_list_total,False,1305,1783728000000
LTE,2040,3573,606:0,1,30.979300768373633,10.549500499905596,20.0,20.0,latest_observed_list_total,False,717,1783641600000
LTE,2040,3705,606:0,1,32.12470066553578,12.427600387598224,40.0,40.0,latest_observed_list_total,False,1306,1783728000000
LTE,2040,3717,606:0,1,32.004100166849284,12.23010018863458,40.0,40.0,latest_observed_list_total,False,1303,1783728000000
LTE,2040,3848,606:0,1,31.777100678129035,11.370300917468953,20.0,20.0,latest_observed_list_total,False,1293,1783555200000
LTE,2040,3849,606:0,1,31.77620087229594,11.358900507916895,60.0,60.0,latest_observed_list_total,False,1287,1783641600000
LTE,2040,3850,606:0,1,31.776200148342937,11.481300376743103,20.0,20.0,latest_observed_list_total,False,1296,1783641600000
LTE,2040,3857,606:0,1,31.780800875984674,11.889500787705549,20.0,20.0,latest_observed_list_total,False,1295,1783641600000
LTE,2040,3864,606:0,1,31.833900907515574,11.48620040687957,20.0,20.0,latest_observed_list_total,False,1299,1783555200000
LTE,2040,3917,606:0,1,31.949800544159185,12.22310017812328,60.0,60.0,latest_observed_list_total,False,1302,1783728000000
LTE,2040,3941,606:0,1,32.07520070158624,12.232900686975562,20.0,20.0,latest_observed_list_total,False,1304,1783728000000
LTE,2090,1362,606:0,1,32.68010068698259,13.89500075989007,,0.0,unknown,False,1035,1786924800000
LTE,2090,1364,606:0,1,32.7076002209151,13.940500531250336,80.0,80.0,latest_observed_list_total,False,1048,1786838400000
LTE,2090,1370,606:0,1,32.69740018794114,13.84530080358024,,0.0,unknown,False,1029,1786838400000
LTE,2090,1371,606:0,1,32.71190080520569,13.938500631209802,20.0,20.0,latest_observed_list_total,False,1049,1786838400000
LTE,2090,1388,606:0,1,32.6978006407362,13.845300902660519,20.0,20.0,latest_observed_list_total,False,1030,1784678400000
LTE,2090,1398,606:0,1,32.724500584817314,13.76070079400155,40.0,40.0,latest_observed_list_total,False,1028,1786924800000
LTE,2090,1400,606:0,1,32.72640053460405,13.7566007133886,,0.0,unknown,False,1026,1786924800000
LTE,2090,1403,606:0,1,32.701500722242585,14.019000192806587,20.0,20.0,latest_observed_list_total,False,1061,1782864000000
LTE,2090,1404,606:0,1,32.70280089652966,13.823300807760504,40.0,40.0,latest_observed_list_total,False,1034,1786924800000
LTE,2090,1573,606:0,1,32.78000021988747,13.830000123660811,,0.0,unknown,False,1032,1786924800000
LTE,2090,1687,606:0,1,32.72420034341274,13.66640032656042,20.0,20.0,latest_observed_list_total,False,753,1786838400000
LTE,2090,1688,606:0,1,32.700400280553,14.022000164819937,,0.0,unknown,False,1050,1779408000000
LTE,2090,1689,606:0,1,32.74280081633833,13.706300648302621,20.0,20.0,latest_observed_list_total,False,1023,1787184000000
LTE,2090,1690,606:0,1,32.70130033931986,13.828200871669086,40.0,40.0,latest_observed_list_total,False,1031,1786924800000
LTE,2090,1693,606:0,1,32.703200747708195,14.013900643033883,40.0,40.0,latest_observed_list_total,False,1058,1782864000000
LTE,2090,1752,606:0,1,32.79290093420277,13.74200081673645,,0.0,unknown,False,767,1757808000000
LTE,2090,1780,606:0,1,32.66890050894443,13.933400518794445,,0.0,unknown,False,1039,1781308800000
LTE,2090,1788,606:0,1,32.74140075955572,13.692200376762518,20.0,20.0,latest_observed_list_total,False,1022,1787184000000
LTE,2090,1847,606:0,1,32.681800326994484,13.889000656251723,,0.0,unknown,False,1033,1781308800000
LTE,2090,1853,606:0,1,32.69350044917515,14.033700835896768,40.0,40.0,latest_observed_list_total,False,1060,1782864000000
LTE,2090,1868,606:0,1,32.70590036509218,13.907800523439013,80.0,80.0,latest_observed_list_total,False,1046,1784678400000
LTE,2090,1917,606:0,1,32.7624007036456,13.823100958363804,,0.0,unknown,False,1037,1786924800000
LTE,2090,1918,606:0,1,32.70070016686165,14.021200683540528,20.0,20.0,latest_observed_list_total,False,1064,1782864000000
LTE,2090,1983,606:0,1,32.690800312733074,14.083100214042856,,0.0,unknown,False,1065,1779494400000
LTE,2090,3000,606:0,1,32.69370072281645,13.84840071138484,80.0,80.0,latest_observed_list_total,False,1038,1786924800000
LTE,2090,3001,606:0,1,32.73990056218772,13.71590088791222,80.0,80.0,latest_observed_list_total,False,1018,1787184000000
LTE,2090,3002,606:0,1,32.73030069257829,13.672500319859267,40.0,40.0,latest_observed_list_total,False,1021,1786924800000
LTE,2090,6466,606:0,1,32.7531007578733,13.736200290134274,40.0,40.0,latest_observed_list_total,False,1012,1786924800000
LTE,2090,6469,606:0,1,32.686000787500994,13.86980057976427,,0.0,unknown,False,1036,1786924800000
LTE,2090,6470,606:0,1,32.64590032739151,13.90740016827557,,0.0,unknown,False,1045,1786924800000
LTE,2090,6471,606:0,1,32.667600353922964,13.948600692439445,20.0,20.0,latest_observed_list_total,False,1047,1786924800000
LTE,2110,1352,606:0,1,32.8069007857283,13.558100898803046,60.0,60.0,latest_observed_list_total,False,985,1787184000000
LTE,2110,1369,606:0,1,32.78540064313756,13.58220095020525,60.0,60.0,latest_observed_list_total,False,983,1787184000000
LTE,2110,1373,606:0,1,32.72020026593488,13.612800943373767,40.0,40.0,latest_observed_list_total,False,1020,1787875200000
LTE,2110,1377,606:0,1,32.638000712415895,13.577800433963095,,0.0,unknown,False,968,1787961600000
LTE,2110,1396,606:0,1,32.697600694537435,13.559600609325079,,0.0,unknown,False,969,1787961600000
LTE,2110,1399,606:0,1,32.73190032822858,13.610700640978695,20.0,20.0,latest_observed_list_total,False,1017,1786924800000
LTE,2110,1405,606:0,1,32.66880070039137,13.611500322953683,,0.0,unknown,False,1025,1787184000000
LTE,2110,1750,606:0,1,32.80050021068584,13.571000405431871,,0.0,unknown,False,979,1786924800000
LTE,2110,1751,606:0,1,32.798400354611395,13.575400776198633,,0.0,unknown,False,984,1786838400000
LTE,2110,1757,606:0,1,32.7384004534508,13.60740055527989,40.0,40.0,latest_observed_list_total,False,1024,1787184000000
LTE,2110,1783,606:0,1,32.592800195764454,13.54420094610434,,0.0,unknown,False,1084,1787961600000
LTE,2110,1794,606:0,1,32.66700076302456,13.595800404620077,,0.0,unknown,False,991,1787961600000
LTE,2110,1798,606:0,1,32.69990015468953,13.684600515122785,20.0,20.0,latest_observed_list_total,False,1019,1786838400000
LTE,2110,1799,606:0,1,32.616200816149316,13.677400572084695,,0.0,unknown,False,1013,1786924800000
LTE,2110,1869,606:0,1,32.69600077466731,13.713800825105002,,0.0,unknown,False,1016,1787097600000
LTE,2110,3102,606:0,1,31.744800501379725,13.971100948296023,,0.0,unknown,False,1283,1782000000000
LTE,2110,3108,606:0,1,31.738300972060372,14.001300304790293,,0.0,unknown,False,740,1661731200000
LTE,2110,3110,606:0,1,31.759200316195752,13.952400915292804,,0.0,unknown,False,1281,1765065600000
LTE,2110,3601,606:0,1,32.43400056283528,13.636200848436138,,0.0,unknown,False,1087,1779408000000
LTE,2110,3603,606:0,1,32.43870067759994,13.72220023511403,,0.0,unknown,False,1081,1781308800000
LTE,2110,3605,606:0,1,32.40610071327677,13.54290035428286,,0.0,unknown,False,1091,1779408000000
LTE,2110,3607,606:0,1,32.5199007125804,13.669500590922837,,0.0,unknown,False,1082,1786924800000
LTE,2110,3608,606:0,1,32.43330026919854,13.629900204903352,,0.0,unknown,False,1085,1779408000000
LTE,2110,3610,606:0,1,32.43610036998014,13.651100464605786,,0.0,unknown,False,1086,1779408000000
LTE,2110,3612,606:0,1,32.43340093565044,13.629400936203147,,0.0,unknown,False,800,1778889600000
LTE,2110,3613,606:0,1,32.43570036949943,13.64910082501337,,0.0,unknown,False,1095,1779408000000
LTE,2110,3621,606:0,1,32.44500091408681,13.768500326364222,,0.0,unknown,False,1080,1781308800000
LTE,2110,3622,606:0,1,32.45010055152962,13.822000261113976,,0.0,unknown,False,1076,1781308800000
LTE,2110,3623,606:0,1,32.4806002488847,13.699000757349136,,0.0,unknown,False,1093,1781308800000
LTE,2110,3625,606:0,1,32.42200077143243,13.58550040354642,,0.0,unknown,False,1094,1779408000000
LTE,2110,3632,606:0,1,32.56760019327,13.700900651057365,,0.0,unknown,False,1015,1781308800000
LTE,2110,3641,606:0,1,32.42290047171623,13.453500399357171,,0.0,unknown,False,1083,1779408000000
LTE,2110,3644,606:0,1,32.41720015384213,13.477200923109347,,0.0,unknown,False,1090,1779408000000
LTE,2110,3653,606:0,1,32.52210091011046,13.911000799910074,,0.0,unknown,False,1054,1785456000000
LTE,2110,3660,606:0,1,32.45490056630411,13.862600169447413,,0.0,unknown,False,1077,1781308800000
LTE,2110,3661,606:0,1,32.43860083699865,13.6684009616439,,0.0,unknown,False,1096,1781308800000
LTE,2110,3664,606:0,1,32.56040061264775,13.681600220129964,,0.0,unknown,False,1027,1781308800000
LTE,2110,3741,606:0,1,32.467500553886886,13.918700473008364,,0.0,unknown,False,1078,1781308800000
LTE,2110,3742,606:0,1,32.49650075795079,13.971700875493326,,0.0,unknown,False,1075,1782950400000
LTE,2110,3949,606:0,1,32.59690042521761,13.708500149397157,,0.0,unknown,False,1014,1781308800000
LTE,2110,3956,606:0,1,32.786200483262334,13.582200588044273,,0.0,unknown,False,974,1786838400000
LTE,2110,3957,606:0,1,32.437900570955065,13.684600469972779,,0.0,unknown,False,1092,1781308800000
LTE,2110,3960,606:0,1,32.43110084210608,13.620300787689445,,0.0,unknown,False,1089,1779408000000
LTE,2110,6465,606:0,1,32.66500079506503,13.662500651505697,,0.0,unknown,False,1011,1785196800000
LTE,2120,1072,606:0,1,32.74550019890376,13.383600334868847,,0.0,unknown,False,951,1784678400000
LTE,2120,1130,606:0,1,32.88610054219486,13.368000266956205,460.0,460.0,latest_observed_list_total,False,722,1787788800000
LTE,2120,1179,606:0,1,32.69010084471363,13.19960021654014,,0.0,unknown,False,908,1787184000000
LTE,2120,1274,606:0,1,32.82690052711448,13.420800484755253,40.0,40.0,latest_observed_list_total,False,978,1783814400000
LTE,2120,1278,606:0,1,32.7241001521326,13.233100882106829,,0.0,unknown,False,901,1782086400000
LTE,2120,1279,606:0,1,32.76610071462459,13.450300827966878,,0.0,unknown,False,960,1784678400000
LTE,2120,1280,606:0,1,32.72970087975385,13.357300153150877,20.0,20.0,latest_observed_list_total,False,773,1787788800000
LTE,2120,1281,606:0,1,32.813500415384105,13.50240096365335,20.0,20.0,latest_observed_list_total,False,982,1785974400000
LTE,2120,1293,606:0,1,32.817400254128984,13.535500874033957,40.0,40.0,latest_observed_list_total,False,980,1787184000000
LTE,2120,1297,606:0,1,32.78830062755868,13.224400177489231,,0.0,unknown,False,769,1787702400000
LTE,2120,1303,606:0,1,32.87370027908953,13.334800871396192,160.0,160.0,latest_observed_list_total,False,1003,1787184000000
LTE,2120,1307,606:0,1,32.853100514675084,13.408800745363251,40.0,40.0,latest_observed_list_total,False,977,1783296000000
LTE,2120,1332,606:0,1,32.79240049654724,13.440700286797046,,0.0,unknown,False,956,1777334400000
LTE,2120,1353,606:0,1,32.66970025419983,13.295000207649226,,0.0,unknown,False,923,1779408000000
LTE,2120,1357,606:0,1,32.56950086846663,13.455500782792708,,0.0,unknown,False,935,1786924800000
LTE,2120,1358,606:0,1,32.587600227134566,13.33310048950316,,0.0,unknown,False,927,1787184000000
LTE,2120,1363,606:0,1,32.57600039488543,13.478800754376921,,0.0,unknown,False,930,1785024000000
LTE,2120,1375,606:0,1,32.675600974998204,13.494100187167522,,0.0,unknown,False,942,1787184000000
LTE,2120,1376,606:0,1,32.62780035149057,13.40070072702432,,0.0,unknown,False,936,1787184000000
LTE,2120,1381,606:0,1,32.55760050452314,13.248900438152631,,0.0,unknown,False,801,1778889600000
LTE,2120,1393,606:0,1,32.62840025875427,13.305700506997582,,0.0,unknown,False,919,1785196800000
LTE,2120,1395,606:0,1,32.64520064581207,13.438900133610655,,0.0,unknown,False,940,1787184000000
LTE,2120,1409,606:0,1,32.782100381293866,13.535100713884637,20.0,20.0,latest_observed_list_total,False,970,1787184000000
LTE,2120,1412,606:0,1,32.84920079786658,13.29940097940445,,0.0,unknown,False,1315,1761609600000
LTE,2120,1429,606:0,1,32.852100795849374,13.448900374832212,60.0,60.0,latest_observed_list_total,False,988,1787184000000
LTE,2120,1543,606:0,1,32.67040020835064,13.368600458996257,,0.0,unknown,False,938,1787097600000
LTE,2120,1544,606:0,1,32.70890048447885,13.477200769352029,,0.0,unknown,False,963,1787184000000
LTE,2120,1545,606:0,1,32.52710025544504,13.326700758657728,,0.0,unknown,False,928,1785024000000
LTE,2120,1574,606:0,1,32.838900138948055,13.477700743038747,80.0,80.0,latest_observed_list_total,False,990,1787184000000
LTE,2120,1667,606:0,1,32.701900532141806,13.29470077602703,,0.0,unknown,False,1098,1787184000000
LTE,2120,1670,606:0,1,32.746500898984905,13.308300142504416,,0.0,unknown,False,1310,1784678400000
LTE,2120,1676,606:0,1,32.84910093730828,13.308500475567701,,0.0,unknown,False,1317,1761609600000
LTE,2120,1678,606:0,1,32.88150076264949,13.361600599973865,100.0,100.0,latest_observed_list_total,False,1010,1783814400000
LTE,2120,1681,606:0,1,32.87330097229444,13.36450035026477,200.0,200.0,latest_observed_list_total,False,993,1787184000000
LTE,2120,1682,606:0,1,32.88500078203835,13.378000431790715,40.0,40.0,latest_observed_list_total,False,996,1782864000000
LTE,2120,1683,606:0,1,32.87580074716398,13.404000598894552,100.0,100.0,latest_observed_list_total,False,987,1787184000000
LTE,2120,1684,606:0,1,32.859100372312874,13.400800541231803,100.0,100.0,latest_observed_list_total,False,975,1783900800000
LTE,2120,1685,606:0,1,32.89460094676967,13.363700122423273,160.0,160.0,latest_observed_list_total,False,777,1787184000000
LTE,2120,1691,606:0,1,32.574300133575235,13.29460072902093,,0.0,unknown,False,921,1787097600000
LTE,2120,1692,606:0,1,32.65200021775648,13.263200829237785,,0.0,unknown,False,920,1787184000000
LTE,2120,1702,606:0,1,32.62580023467872,13.16800037312414,,0.0,unknown,False,899,1781308800000
LTE,2120,1745,606:0,1,32.77670073777679,13.334300183242231,,0.0,unknown,False,946,1777939200000
LTE,2120,1771,606:0,1,32.66300069891061,13.223500128790867,,0.0,unknown,False,916,1787184000000
LTE,2120,1786,606:0,1,32.680500728366944,13.260400564666657,,0.0,unknown,False,924,1787097600000
LTE,2120,1821,606:0,1,32.87700049972366,13.329200854520954,20.0,20.0,latest_observed_list_total,False,1002,1783641600000
LTE,2120,1826,606:0,1,32.71620023099369,13.337800310296219,,0.0,unknown,False,954,1774828800000
LTE,2120,1827,606:0,1,32.75880098162232,13.435600705684685,,0.0,unknown,False,959,1779494400000
LTE,2120,1831,606:0,1,32.8118004514521,13.274200166191617,60.0,60.0,latest_observed_list_total,False,790,1783987200000
LTE,2120,1879,606:0,1,32.817900292562726,13.441200765807496,,0.0,unknown,False,971,1777334400000
LTE,2120,1900,606:0,1,32.79710062378118,13.475900160089981,,0.0,unknown,False,964,1787097600000
LTE,2120,1901,606:0,1,32.78760046002689,13.473300368652746,40.0,40.0,latest_observed_list_total,False,944,1787184000000
LTE,2120,1908,606:0,1,32.781200690501784,13.235400948565891,,0.0,unknown,False,788,1783987200000
LTE,2120,1912,606:0,1,32.753500252210486,13.288600265331517,,0.0,unknown,False,1311,1784678400000
LTE,2120,1913,606:0,1,32.744000375229845,13.325300268658836,,0.0,unknown,False,952,1782086400000
LTE,2120,1914,606:0,1,32.77800089038665,13.333800592833454,,0.0,unknown,False,958,1779840000000
LTE,2120,1938,606:0,1,32.8291005738152,13.434900594962963,40.0,40.0,latest_observed_list_total,False,981,1783814400000
LTE,2120,1942,606:0,1,32.80880062238903,13.303800248138955,40.0,40.0,latest_observed_list_total,False,786,1787875200000
LTE,2120,1948,606:0,1,32.85910011502895,13.385300436748109,120.0,120.0,latest_observed_list_total,False,1009,1783814400000
LTE,2120,1954,606:0,1,32.725200829217016,13.429000440029979,,0.0,unknown,False,955,1787097600000
LTE,2120,1975,606:0,1,32.871700303917734,13.343800292854707,120.0,120.0,latest_observed_list_total,False,751,1787184000000
LTE,2120,1979,606:0,1,32.84410093078247,13.363100526725919,20.0,20.0,latest_observed_list_total,False,1008,1782086400000
LTE,2120,1980,606:0,1,32.69190042883078,13.233400576514248,,0.0,unknown,False,915,1787184000000
LTE,2120,1985,606:0,1,32.86390076352254,13.425000709987186,60.0,60.0,latest_observed_list_total,False,992,1787184000000
LTE,2120,6247,606:0,1,32.83550047113952,13.406600319975158,80.0,80.0,latest_observed_list_total,False,976,1783814400000
LTE,2120,6248,606:0,1,32.848500394542576,13.353600136869012,,0.0,unknown,False,747,1638057600000
LTE,2120,6250,606:0,1,32.87780080794779,13.372100495248306,90.0,90.0,latest_observed_list_total,False,1005,1786924800000
LTE,2120,6251,606:0,1,32.87700023064516,13.349100145503835,30.0,30.0,latest_observed_list_total,False,791,1783814400000
LTE,2120,6254,606:0,1,32.8798003090433,13.328900594779082,100.0,100.0,latest_observed_list_total,False,775,1783814400000
LTE,2120,6258,606:0,1,32.84270052527472,13.426500566860067,120.0,120.0,latest_observed_list_total,False,986,1787184000000
LTE,2120,6259,606:0,1,32.810500599275116,13.49560080903655,,0.0,unknown,False,973,1784678400000
LTE,2120,6261,606:0,1,32.874600707523136,13.332200184169618,50.0,50.0,latest_observed_list_total,False,998,1786924800000
LTE,2120,6270,606:0,1,32.88540036241908,13.35340093275117,110.0,110.0,latest_observed_list_total,False,999,1783728000000
LTE,2120,6278,606:0,1,32.84950054040468,13.392300960638408,20.0,20.0,latest_observed_list_total,False,995,1783209600000
LTE,2120,6283,606:0,1,32.77760082799806,13.334600188265075,,0.0,unknown,False,961,1784678400000
LTE,2120,6284,606:0,1,32.822500411514454,13.340800409678097,40.0,40.0,latest_observed_list_total,False,997,1782086400000
LTE,2120,6320,606:0,1,32.83650011522992,13.352300276532548,40.0,40.0,latest_observed_list_total,False,1007,1782086400000
LTE,2120,6324,606:0,1,32.83050076428449,13.423300153553937,60.0,60.0,latest_observed_list_total,False,972,1783814400000
LTE,2120,6325,606:0,1,32.72410014813431,13.260800375739416,,0.0,unknown,False,1101,1782086400000
LTE,2120,6329,606:0,1,32.75840044783182,13.261300579956186,,0.0,unknown,False,785,1783987200000
LTE,2120,6332,606:0,1,32.879400575955344,13.329400736880613,20.0,20.0,latest_observed_list_total,False,994,1783814400000
LTE,2120,6342,606:0,1,32.70180089312772,13.290200390511403,,0.0,unknown,False,1099,1785196800000
LTE,2120,6352,606:0,1,32.72520042730983,13.22290015139474,,0.0,unknown,False,895,1781308800000
LTE,2120,6359,606:0,1,32.734600373936,13.434600454186416,,0.0,unknown,False,953,1787184000000
LTE,2120,6362,606:0,1,32.77680062773766,13.334600760807536,,0.0,unknown,False,957,1784678400000
LTE,2120,6363,606:0,1,32.77780096508449,13.334200713844272,,0.0,unknown,False,949,1779580800000
LTE,2120,6364,606:0,1,32.68780053599679,13.446300585320692,,0.0,unknown,False,934,1785196800000
LTE,2120,6365,606:0,1,32.737300253719525,13.328400739318653,,0.0,unknown,False,948,1784678400000
LTE,2120,6366,606:0,1,32.674000117928294,13.353000125947739,,0.0,unknown,False,918,1787184000000
LTE,2120,6367,606:0,1,32.700400350501724,13.268900936697689,,0.0,unknown,False,1100,1787184000000
LTE,2120,6370,606:0,1,32.74100094264784,13.371700300498857,,0.0,unknown,False,950,1784678400000
LTE,2120,6372,606:0,1,32.64290060948195,13.170100664642664,,0.0,unknown,False,903,1781308800000
LTE,2120,6373,606:0,1,32.664700876347005,13.251000478853157,,0.0,unknown,False,907,1787184000000
LTE,2120,6374,606:0,1,32.7650004557503,13.49580074863693,40.0,40.0,latest_observed_list_total,False,966,1787184000000
LTE,2120,6375,606:0,1,32.69270068855257,13.450500622849368,,0.0,unknown,False,939,1787184000000
LTE,2120,6376,606:0,1,32.70040021218156,13.323800902343049,,0.0,unknown,False,937,1787184000000
LTE,2120,6378,606:0,1,32.62490035992321,13.499400153943405,,0.0,unknown,False,943,1787961600000
LTE,2120,6381,606:0,1,32.75340059421064,13.428400147433202,,0.0,unknown,False,962,1784851200000
LTE,2120,6382,606:0,1,32.66880083955847,13.3753007504654,,0.0,unknown,False,941,1787184000000
LTE,2120,6384,606:0,1,32.62180056257226,13.275900495269761,,0.0,unknown,False,929,1787184000000
LTE,2120,6385,606:0,1,32.69100084958402,13.211300817810057,,0.0,unknown,False,911,1787184000000
LTE,2120,6386,606:0,1,32.742100849395726,13.37420054565391,,0.0,unknown,False,947,1784678400000
LTE,2120,6387,606:0,1,32.77940065319073,13.43610075349632,,0.0,unknown,False,945,1780099200000
LTE,2120,6389,606:0,1,32.70190091678517,13.310800946058816,,0.0,unknown,False,931,1782086400000
LTE,2120,6394,606:0,1,32.74990077839197,13.492400976956155,40.0,40.0,latest_observed_list_total,False,967,1787184000000
LTE,2120,6395,606:0,1,32.791400353462606,13.501900677276481,,0.0,unknown,False,965,1787184000000
LTE,2120,6396,606:0,1,32.88840086307254,13.346700921732932,90.0,90.0,latest_observed_list_total,False,1000,1783382400000
LTE,2120,6421,606:0,1,32.810100198203834,13.551100256166588,40.0,40.0,latest_observed_list_total,False,989,1787184000000
LTE,2120,6426,606:0,1,32.86630084973388,13.371500268305594,60.0,60.0,latest_observed_list_total,False,1001,1783814400000
LTE,2120,6462,606:0,1,32.57200069463485,13.27970011674999,,0.0,unknown,False,917,1787184000000
LTE,2120,6464,606:0,1,32.6638008764516,13.41220034514017,,0.0,unknown,False,933,1785196800000
LTE,2120,6486,606:0,1,32.84510096178506,13.374200903986093,20.0,20.0,latest_observed_list_total,False,1004,1782691200000
LTE,2120,6490,606:0,1,32.89100019288802,13.328800961857862,150.0,150.0,latest_observed_list_total,False,1006,1783641600000
LTE,2130,1065,606:0,1,32.68540019332834,13.176000407038648,,0.0,unknown,False,912,1787184000000
LTE,2130,1251,606:0,1,32.34700047520916,20.311100372206262,60.0,60.0,latest_observed_list_total,False,1257,1783728000000
LTE,2130,1252,606:0,1,32.70220064110266,13.108200241353718,40.0,40.0,latest_observed_list_total,False,736,1783728000000
LTE,2130,1253,606:0,1,32.67770015155262,13.051300676081919,40.0,40.0,latest_observed_list_total,False,881,1783728000000
LTE,2130,1256,606:0,1,32.725200875541226,13.207200244629755,40.0,40.0,latest_observed_list_total,False,754,1787788800000
LTE,2130,1257,606:0,1,32.64490090816484,13.170300492151918,,0.0,unknown,False,906,1785024000000
LTE,2130,1258,606:0,1,32.7107007298853,13.194800423608584,,0.0,unknown,False,914,1787184000000
LTE,2130,1261,606:0,1,32.766000845189694,13.144600603454238,40.0,40.0,latest_observed_list_total,False,708,1787184000000
LTE,2130,1295,606:0,1,32.6752006975998,13.174400723925341,,0.0,unknown,False,913,1787184000000
LTE,2130,1324,606:0,1,32.690500567068135,13.155100122142013,20.0,20.0,latest_observed_list_total,False,891,1787184000000
LTE,2130,1365,606:0,1,32.61330096830369,13.17030043862328,,0.0,unknown,False,904,1781308800000
LTE,2130,1406,606:0,1,32.57810056597776,13.11500054758166,,0.0,unknown,False,879,1781308800000
LTE,2130,1569,606:0,1,32.68590087681002,13.177900565871184,,0.0,unknown,False,897,1785283200000
LTE,2130,1655,606:0,1,32.70570045300633,13.093700687583594,80.0,80.0,latest_observed_list_total,False,883,1783728000000
LTE,2130,1664,606:0,1,32.68620011937643,13.179200736437753,,0.0,unknown,False,909,1787184000000
LTE,2130,1700,606:0,1,32.55540038445027,13.178000242332992,,0.0,unknown,False,898,1779408000000
LTE,2130,1759,606:0,1,32.619800816803995,13.168500168585096,,0.0,unknown,False,905,1781308800000
LTE,2130,1873,606:0,1,32.71690044216763,13.152400737519958,80.0,80.0,latest_observed_list_total,False,910,1787184000000
LTE,2130,1893,606:0,1,32.76640036535999,13.118100946447965,,0.0,unknown,False,877,1769212800000
LTE,2130,1898,606:0,1,32.72830049399122,13.18350016241966,,0.0,unknown,False,896,1781308800000
LTE,2130,1969,606:0,1,32.681100622764156,13.14400036369964,20.0,20.0,latest_observed_list_total,False,892,1787184000000
LTE,2130,2387,606:0,1,32.744700359019895,13.111700425092955,,0.0,unknown,False,878,1774828800000
LTE,2130,2388,606:0,1,32.69630096235945,13.131500124629925,80.0,80.0,latest_observed_list_total,False,890,1787097600000
LTE,2130,2389,606:0,1,32.70590047239341,13.092400948071202,20.0,20.0,latest_observed_list_total,False,828,1783728000000
LTE,2130,6349,606:0,1,32.72190038824384,13.146400347027589,,0.0,unknown,False,900,1782000000000
LTE,2130,6360,606:0,1,32.60030082545521,13.032600909293148,40.0,40.0,latest_observed_list_total,False,884,1783728000000
LTE,2130,6369,606:0,1,32.582100394272935,13.124300941159115,,0.0,unknown,False,886,1781308800000
LTE,2130,6371,606:0,1,32.660500424836066,13.049500407582299,20.0,20.0,latest_observed_list_total,False,888,1783728000000
LTE,2130,6379,606:0,1,32.68990076421875,13.157700655521484,20.0,20.0,latest_observed_list_total,False,894,1787097600000
LTE,2130,6390,606:0,1,32.64040058762712,13.169800741372542,,0.0,unknown,False,893,1781308800000
LTE,2130,6391,606:0,1,32.58610046678929,13.132600202089899,,0.0,unknown,False,889,1781308800000
LTE,2130,6414,606:0,1,32.767300806751365,13.100400157027341,,0.0,unknown,False,817,1769212800000
LTE,2140,1064,606:0,1,32.065200850057956,20.06430072881493,100.0,100.0,latest_observed_list_total,False,1189,1783987200000
LTE,2140,1311,606:0,1,32.756400453676726,12.910600306267526,,0.0,unknown,False,762,1787529600000
LTE,2140,1350,606:0,1,32.57300032375474,13.025800677632166,20.0,20.0,latest_observed_list_total,False,887,1783728000000
LTE,2140,1351,606:0,1,32.477300718800315,12.93960093712638,20.0,20.0,latest_observed_list_total,False,876,1783728000000
LTE,2140,1356,606:0,1,32.678500345842124,12.868000815494812,,0.0,unknown,False,849,1777334400000
LTE,2140,1367,606:0,1,32.55570043375032,13.175500739447203,,0.0,unknown,False,902,1779408000000
LTE,2140,1387,606:0,1,32.534500907154026,13.203100873546257,,0.0,unknown,False,802,1779408000000
LTE,2140,1389,606:0,1,32.715600911239996,12.916000244346764,,0.0,unknown,False,806,1787529600000
LTE,2140,1390,606:0,1,32.67870095481747,12.976600243715342,,0.0,unknown,False,882,1777334400000
LTE,2140,1392,606:0,1,32.67860060454151,12.90600052600701,,0.0,unknown,False,812,1787529600000
LTE,2140,1394,606:0,1,32.485200197649554,13.286700312218256,,0.0,unknown,False,926,1779408000000
LTE,2140,1504,606:0,1,32.41450027525011,13.23810012617797,,0.0,unknown,False,1097,1773878400000
LTE,2140,1524,606:0,1,32.43350040338581,13.387200730187114,,0.0,unknown,False,1088,1779408000000
LTE,2140,1525,606:0,1,32.35230065445139,12.656400754989914,20.0,20.0,latest_observed_list_total,False,1308,1783728000000
LTE,2140,1526,606:0,1,32.38320075922194,12.722200563913793,40.0,40.0,latest_observed_list_total,False,874,1783728000000
LTE,2140,1533,606:0,1,32.33600077348126,12.622100953732556,40.0,40.0,latest_observed_list_total,False,1309,1783728000000
LTE,2140,1652,606:0,1,32.777600553048224,12.913900418521514,,0.0,unknown,False,804,1787529600000
LTE,2140,1657,606:0,1,32.678500588709255,12.937000548976542,,0.0,unknown,False,726,1787529600000
LTE,2140,1658,606:0,1,32.69180090392381,12.90960048297916,,0.0,unknown,False,850,1787529600000
LTE,2140,1698,606:0,1,32.68130020710185,12.878800553244432,,0.0,unknown,False,851,1777334400000
LTE,2140,1773,606:0,1,32.6783002633416,12.875100571134823,,0.0,unknown,False,852,1777334400000
LTE,2140,1784,606:0,1,32.463300579528315,13.317700608227952,,0.0,unknown,False,922,1779408000000
LTE,2140,1795,606:0,1,32.50840047350917,13.256100151977932,,0.0,unknown,False,925,1779408000000
LTE,2140,1843,606:0,1,32.67830017928712,13.019800111929943,,0.0,unknown,False,880,1777334400000
LTE,2140,2001,606:0,1,32.785900770612216,12.795000660618996,100.0,100.0,latest_observed_list_total,False,842,1782086400000
LTE,2140,2058,606:0,1,32.746300985192754,12.790500906235494,,0.0,unknown,False,830,1779321600000
LTE,2140,2061,606:0,1,32.7199006174837,12.83290021052179,,0.0,unknown,False,856,1777334400000
LTE,2140,2184,606:0,1,32.3138008374065,12.57750086546214,40.0,40.0,latest_observed_list_total,False,1307,1783728000000
LTE,2140,2219,606:0,1,32.79740025930039,12.890100532492358,40.0,40.0,latest_observed_list_total,False,827,1782086400000
LTE,2140,2223,606:0,1,32.788500138183444,12.82210083090556,80.0,80.0,latest_observed_list_total,False,824,1782086400000
LTE,2140,2266,606:0,1,32.792300434059015,12.914000755480208,,0.0,unknown,False,811,1787529600000
LTE,2140,2274,606:0,1,32.758900661517714,12.78620080677276,,0.0,unknown,False,868,1779321600000
LTE,2140,2275,606:0,1,32.72000020310118,12.831800228796332,,0.0,unknown,False,857,1777334400000
LTE,2140,2365,606:0,1,32.747600416631016,12.75960086190715,40.0,40.0,latest_observed_list_total,False,862,1779321600000
LTE,2140,2393,606:0,1,32.67860038723108,12.887100423964615,,0.0,unknown,False,860,1777334400000
LTE,2140,2394,606:0,1,32.721300254262616,12.833200301291894,,0.0,unknown,False,861,1777334400000
LTE,2140,2395,606:0,1,32.738700323028105,12.915300612164378,,0.0,unknown,False,875,1787443200000
LTE,2140,6268,606:0,1,32.487500860698624,13.369100750602211,,0.0,unknown,False,932,1785024000000
LTE,2140,6392,606:0,1,32.556100618061,13.059200497750039,20.0,20.0,latest_observed_list_total,False,885,1783728000000
LTE,2140,6422,606:0,1,32.753700864724664,12.893300259617188,,0.0,unknown,False,813,1787529600000
LTE,2150,2004,606:0,1,32.76130022610124,21.773400880382926,40.0,40.0,latest_observed_list_total,False,1269,1780704000000
LTE,2150,2006,606:0,1,32.76370032612881,12.56230093213808,80.0,80.0,latest_observed_list_total,False,864,1784764800000
LTE,2150,2007,606:0,1,32.76930053187216,12.72770065554767,60.0,60.0,latest_observed_list_total,False,836,1784764800000
LTE,2150,2008,606:0,1,32.76650027092579,12.75610054462039,20.0,20.0,latest_observed_list_total,False,819,1779321600000
LTE,2150,2009,606:0,1,32.75750022316471,12.575500324675096,20.0,20.0,latest_observed_list_total,False,845,1782086400000
LTE,2150,2016,606:0,1,32.79050069115767,12.686400800060158,,0.0,unknown,False,853,1777334400000
LTE,2150,2027,606:0,1,32.75370012694024,12.727000111858509,60.0,60.0,latest_observed_list_total,False,718,1779321600000
LTE,2150,2028,606:0,1,32.777400430232056,12.741500592274951,20.0,20.0,latest_observed_list_total,False,844,1782777600000
LTE,2150,2040,606:0,1,32.77580030337485,12.72870091730461,,0.0,unknown,False,846,1782777600000
LTE,2150,2045,606:0,1,32.74670027507801,12.715600164690178,,0.0,unknown,False,854,1777334400000
LTE,2150,2052,606:0,1,32.76120028321507,12.690300645403049,60.0,60.0,latest_observed_list_total,False,866,1782086400000
LTE,2150,2054,606:0,1,32.782800879662275,12.687100175358925,,0.0,unknown,False,855,1777334400000
LTE,2150,2091,606:0,1,32.749300302918485,12.737100791812242,40.0,40.0,latest_observed_list_total,False,833,1782086400000
LTE,2150,2094,606:0,1,32.76640032914252,12.735000907235916,160.0,160.0,latest_observed_list_total,False,839,1782345600000
LTE,2150,2164,606:0,1,32.78890029852468,12.495200987763308,20.0,20.0,latest_observed_list_total,False,873,1782086400000
LTE,2150,2179,606:0,1,32.75960023898297,12.607700120844264,40.0,40.0,latest_observed_list_total,False,838,1782086400000
LTE,2150,2226,606:0,1,32.7607004717321,12.737600643229253,60.0,60.0,latest_observed_list_total,False,869,1779321600000
LTE,2150,2227,606:0,1,32.75360013706888,12.722300273982425,,0.0,unknown,False,837,1779321600000
LTE,2150,2228,606:0,1,32.75320025520158,12.734600860613762,40.0,40.0,latest_observed_list_total,False,840,1769731200000
LTE,2150,2230,606:0,1,32.75420090895948,12.74530070595556,80.0,80.0,latest_observed_list_total,False,870,1782086400000
LTE,2150,2239,606:0,1,32.752000362782965,12.658100439683615,60.0,60.0,latest_observed_list_total,False,843,1782086400000
LTE,2150,2240,606:0,1,32.75890056456365,12.633000934194804,20.0,20.0,latest_observed_list_total,False,841,1782086400000
LTE,2150,2300,606:0,1,32.77880015084506,12.687100653864615,,0.0,unknown,False,858,1777334400000
LTE,2150,2305,606:0,1,32.7691007844285,12.760900462488118,40.0,40.0,latest_observed_list_total,False,863,1782086400000
LTE,2150,2306,606:0,1,32.760000667043585,12.601100944265017,20.0,20.0,latest_observed_list_total,False,834,1787961600000
LTE,2150,2375,606:0,1,32.78560086510399,12.511800175907727,40.0,40.0,latest_observed_list_total,False,867,1782086400000
LTE,2150,2386,606:0,1,32.748500848837615,12.757000956931861,,0.0,unknown,False,859,1779321600000
LTE,2150,2402,606:0,1,32.7704007825815,12.550300706663272,20.0,20.0,latest_observed_list_total,False,872,1782086400000
LTE,2150,2405,606:0,1,32.76130042198188,12.566700227627642,20.0,20.0,latest_observed_list_total,False,871,1782086400000
LTE,2150,2411,606:0,1,32.761600779917124,12.702800966981414,,0.0,unknown,False,835,1782345600000
LTE,2150,2412,606:0,1,32.75360071587925,12.675600327825094,20.0,20.0,latest_observed_list_total,False,865,1782086400000
LTE,2150,2413,606:0,1,32.78460061602955,12.76670014551148,120.0,120.0,latest_observed_list_total,False,831,1782777600000
LTE,3,108,606:1,1,32.78490023383229,13.077800492034926,,0.0,unknown,False,523,1784073600000
LTE,3,121,606:1,1,32.803300189205025,13.010500855316526,20.0,20.0,latest_observed_list_total,False,205,1781827200000
LTE,3,127,606:1,1,32.820700823678166,12.975000977519834,40.0,40.0,latest_observed_list_total,False,227,1787529600000
LTE,3,128,606:1,1,32.80700070993243,12.987200198661364,,0.0,unknown,False,175,1787443200000
LTE,3,162,606:1,1,32.8353007629833,13.049200172213288,20.0,20.0,latest_observed_list_total,False,228,1781913600000
LTE,3,170,606:1,1,32.77480055282531,13.082300403049624,,0.0,unknown,False,18,1785974400000
LTE,3,173,606:1,1,32.764100738918046,13.092700372989173,,0.0,unknown,False,404,1782864000000
LTE,3,180,606:1,1,32.79660077122105,13.077000325952982,,0.0,unknown,False,26,1602460800000
LTE,3,201,606:1,1,32.78890073570608,13.006200609768445,,0.0,unknown,False,208,1774137600000
LTE,3,21,606:1,1,32.83330022771425,13.033600939860115,20.0,20.0,latest_observed_list_total,False,174,1787529600000
LTE,3,214,606:1,1,32.79740093129361,13.076700589418422,20.0,20.0,latest_observed_list_total,False,213,1782691200000
LTE,3,219,606:1,1,32.81470048014058,13.04130046589581,,0.0,unknown,False,34,1602460800000
LTE,3,238,606:1,1,32.827500198495336,13.042900943535495,60.0,60.0,latest_observed_list_total,False,195,1781827200000
LTE,3,27,606:1,1,32.76600062993778,13.087300228551548,,0.0,unknown,False,211,1782864000000
LTE,3,282,606:1,1,32.83860046330218,13.041400972947194,60.0,60.0,latest_observed_list_total,False,221,1787529600000
LTE,3,285,606:1,1,32.78950037808168,13.109500727435286,20.0,20.0,latest_observed_list_total,False,167,1782086400000
LTE,3,291,606:1,1,32.76640081134277,13.012300316257688,110.0,110.0,latest_observed_list_total,False,230,1781827200000
LTE,3,300,606:1,1,32.81470011093687,13.012800509873992,,0.0,unknown,False,209,1774137600000
LTE,3,31,606:1,1,32.81830053697983,13.00780013833438,,0.0,unknown,False,197,1772755200000
LTE,3,327,606:1,1,32.843400280295945,13.05670018249454,90.0,90.0,latest_observed_list_total,False,226,1787529600000
LTE,3,335,606:1,1,32.83440050200402,13.068800553671682,,0.0,unknown,False,182,1762300800000
LTE,3,351,606:1,1,32.816900543053514,12.967600831724633,20.0,20.0,latest_observed_list_total,False,95,1787529600000
LTE,3,429,606:1,1,32.70720094358646,12.916000782469725,,0.0,unknown,False,239,1787529600000
LTE,3,535,606:1,1,32.774200525822536,13.024600211487954,10.0,10.0,latest_observed_list_total,False,217,1781827200000
LTE,3,536,606:1,1,32.81340044756584,13.02780018479845,30.0,30.0,latest_observed_list_total,False,173,1781827200000
LTE,3,538,606:1,1,32.76930067712114,13.097200266020595,,0.0,unknown,False,170,1782864000000
LTE,3,551,606:1,1,32.840100116288674,13.064200962856594,50.0,50.0,latest_observed_list_total,False,229,1787529600000
LTE,3,552,606:1,1,32.82280050120802,13.038300531376933,50.0,50.0,latest_observed_list_total,False,216,1787529600000
LTE,3,553,606:1,1,32.78380053402844,13.071700360742176,,0.0,unknown,False,176,1784073600000
LTE,3,558,606:1,1,32.809500693299526,12.975700474689082,,0.0,unknown,False,200,1787443200000
LTE,3,56,606:1,1,32.79370078593704,13.095600559549787,20.0,20.0,latest_observed_list_total,False,509,1782086400000
LTE,3,562,606:1,1,32.80660038735139,12.997100821148953,,0.0,unknown,False,219,1787529600000
LTE,3,564,606:1,1,32.8082007712385,12.939000880382785,,0.0,unknown,False,222,1772841600000
LTE,3,566,606:1,1,32.80800022080776,13.018900930179417,40.0,40.0,latest_observed_list_total,False,225,1781827200000
LTE,3,57,606:1,1,32.81200086743839,13.06220096240891,,0.0,unknown,False,12,1602460800000
LTE,3,637,606:1,1,32.795800667233536,13.079300169398419,20.0,20.0,latest_observed_list_total,False,188,1782691200000
LTE,3,649,606:1,1,32.81550033017357,13.020400930115178,,0.0,unknown,False,210,1787529600000
LTE,3,658,606:1,1,32.77410038410669,13.111600627098072,,0.0,unknown,False,351,1769212800000
LTE,3,677,606:1,1,32.7684007265405,12.913300326577922,,0.0,unknown,False,237,1787529600000
LTE,3,691,606:1,1,32.753700410776176,12.892500276739918,,0.0,unknown,False,240,1787443200000
LTE,3,693,606:1,1,32.794200668173474,12.851300540551312,40.0,40.0,latest_observed_list_total,False,236,1787529600000
LTE,3,694,606:1,1,32.740800847088636,12.914600493401487,,0.0,unknown,False,190,1787529600000
LTE,3,733,606:1,1,32.753400774226876,12.895400938637056,,0.0,unknown,False,189,1787443200000
LTE,3,752,606:1,1,32.68020021187816,12.916100785249125,,0.0,unknown,False,218,1787529600000
LTE,3,754,606:1,1,32.808100684478894,12.939000344891552,80.0,80.0,latest_observed_list_total,False,234,1787529600000
LTE,3,778,606:1,1,32.83440012348053,13.068700902816484,,0.0,unknown,False,191,1771459200000
LTE,3,781,606:1,1,32.766300416818716,13.002400518335957,40.0,40.0,latest_observed_list_total,False,224,1781136000000
LTE,3,784,606:1,1,32.83290017425902,13.040800646856837,20.0,20.0,latest_observed_list_total,False,220,1781827200000
LTE,3,798,606:1,1,32.77470083540523,13.082100765509594,,0.0,unknown,False,44,1784505600000
LTE,3,799,606:1,1,32.784800783663876,13.104800477881733,,0.0,unknown,False,203,1782864000000
LTE,3,82,606:1,1,32.772900913418134,13.005400575033452,60.0,60.0,latest_observed_list_total,False,231,1781827200000
LTE,3,829,606:1,1,32.77720091435725,13.010500964094819,20.0,20.0,latest_observed_list_total,False,215,1781827200000
LTE,3,866,606:1,1,32.79510054802053,13.020400301796297,30.0,30.0,latest_observed_list_total,False,212,1781827200000
LTE,3,907,606:1,1,32.77590048119598,13.102600970834274,,0.0,unknown,False,172,1782864000000
LTE,3,969,606:1,1,32.79870012059096,13.074300256235501,20.0,20.0,latest_observed_list_total,False,207,1784073600000
LTE,3,973,606:1,1,32.812500939896516,12.977700332617387,,0.0,unknown,False,206,1772755200000
LTE,3,974,606:1,1,32.82490015449582,12.984900587858728,20.0,20.0,latest_observed_list_total,False,233,1787529600000
LTE,3,975,606:1,1,32.81330025129695,12.979900239779242,,0.0,unknown,False,238,1787443200000
LTE,3,976,606:1,1,32.8169005682138,12.967600244106182,,0.0,unknown,False,97,1776470400000
LTE,3,979,606:1,1,32.788300596214036,13.022400439843654,40.0,40.0,latest_observed_list_total,False,232,1781827200000
LTE,3,980,606:1,1,32.786500162315306,13.00190088253323,,0.0,unknown,False,214,1774137600000
LTE,3,988,606:1,1,32.75510051193771,12.910300710103733,,0.0,unknown,False,235,1787529600000
LTE,3002,1867,606:0,1,32.89390065313855,13.216600232368735,,0.0,unknown,False,733,1575417600000
LTE,3002,1880,606:0,1,32.88010045138673,13.197900755323909,,0.0,unknown,False,734,1575417600000
LTE,3003,1586,606:0,1,32.88660050113302,13.188200112893897,,0.0,unknown,False,731,1575417600000
LTE,3004,1719,606:0,1,32.881000831158715,13.154000367416819,,0.0,unknown,False,782,1575417600000
LTE,3004,1814,606:0,1,32.866300680227575,13.135100613761034,,0.0,unknown,False,732,1575331200000
LTE,3006,1187,606:0,1,32.83600020130672,13.027800186365132,,0.0,unknown,False,818,1575417600000
LTE,3006,1318,606:0,1,32.842600913170656,13.050700710085062,,0.0,unknown,False,710,1575417600000
LTE,3006,1483,606:0,1,32.90040033320607,13.173400113359307,,0.0,unknown,False,725,1575331200000
LTE,3008,2090,606:0,1,32.746400708005076,12.725500971160214,,0.0,unknown,False,738,1575331200000
LTE,3010,1328,606:0,1,32.78070084525812,12.983000492196656,,0.0,unknown,False,713,1575417600000
LTE,3011,3009,606:0,1,31.74880016174666,14.02620038187297,,0.0,unknown,False,739,1578787200000
LTE,3016,1323,606:0,1,32.89520027945689,13.323800156840884,,0.0,unknown,False,712,1575417600000
LTE,3016,1420,606:0,1,32.89220021785679,13.387400394131046,,0.0,unknown,False,715,1575417600000
LTE,3240,10072,606:0,1,27.068100529772536,14.427400119991367,,0.0,unknown,False,1282,1785888000000
LTE,4,2024,606:0,1,32.76070069836708,12.6150009716803,10.0,10.0,latest_observed_list_total,False,278,1787184000000
LTE,4,2025,606:1,1,32.79060069504012,12.567700958926128,20.0,20.0,latest_observed_list_total,False,275,1787184000000
LTE,4,2029,606:1,1,32.769400908812905,12.567100840359993,10.0,10.0,latest_observed_list_total,False,267,1787184000000
LTE,4,2030,606:1,1,32.76070057486196,12.614600306610631,40.0,40.0,latest_observed_list_total,False,273,1787184000000
LTE,4,2032,606:1,1,32.768100935615294,12.567100919100275,20.0,20.0,latest_observed_list_total,False,277,1787184000000
LTE,4,2034,606:0,1,32.75950038168805,12.604600505021136,50.0,50.0,latest_observed_list_total,False,274,1787184000000
LTE,4,2069,606:1,1,32.72520080128516,12.710200312180833,50.0,50.0,latest_observed_list_total,False,260,1772236800000
LTE,4,2077,606:1,1,32.75910044609193,12.599400251080494,40.0,40.0,latest_observed_list_total,False,266,1787184000000
LTE,4,2078,606:1,1,32.753800834265235,12.731300395065864,30.0,30.0,latest_observed_list_total,False,245,1771632000000
LTE,4,2079,606:1,1,32.7550004376121,12.800400393989337,20.0,20.0,latest_observed_list_total,False,262,1771718400000
LTE,4,2081,606:1,1,32.762000588107426,12.565700977300668,30.0,30.0,latest_observed_list_total,False,276,1787184000000
LTE,4,2082,606:0,1,32.776100956269026,12.536300300372517,30.0,30.0,latest_observed_list_total,False,279,1787184000000
LTE,4,2084,606:1,1,32.77890033289331,12.690800641413512,40.0,40.0,latest_observed_list_total,False,269,1771632000000
LTE,4,2086,606:1,1,32.75690055134768,12.731000744028835,10.0,10.0,latest_observed_list_total,False,247,1771632000000
LTE,4,2087,606:1,1,32.75640078837043,12.742200495050401,40.0,40.0,latest_observed_list_total,False,248,1771632000000
LTE,4,2093,606:0,1,32.780400808248956,12.700800201826297,40.0,40.0,latest_observed_list_total,False,242,1761955200000
LTE,4,2097,606:0,1,32.76050024633602,12.735800673362627,70.0,70.0,latest_observed_list_total,False,263,1771718400000
LTE,4,2098,606:0,1,32.7894003190132,12.82510026947075,40.0,40.0,latest_observed_list_total,False,223,1782086400000
LTE,4,2099,606:0,1,32.750500616743544,12.705000883350907,20.0,20.0,latest_observed_list_total,False,249,1771632000000
LTE,4,2101,606:1,1,32.73670066277322,12.740300426829124,30.0,30.0,latest_observed_list_total,False,250,1771632000000
LTE,4,2102,606:1,1,32.73760088817928,12.714000283624761,50.0,50.0,latest_observed_list_total,False,251,1782691200000
LTE,4,2103,606:1,1,32.77500055409725,12.778600603811874,20.0,20.0,latest_observed_list_total,False,265,1782086400000
LTE,4,2110,606:1,1,32.69550015331399,12.738400862699383,40.0,40.0,latest_observed_list_total,False,253,1774310400000
LTE,4,2111,606:1,1,32.76210038603144,12.690600314845213,20.0,20.0,latest_observed_list_total,False,271,1771632000000
LTE,4,2112,606:0,1,32.73370013392749,12.756700804151981,10.0,10.0,latest_observed_list_total,False,255,1774310400000
LTE,4,2113,606:1,1,32.729000961473375,12.741300479773699,50.0,50.0,latest_observed_list_total,False,254,1772323200000
LTE,4,2115,606:1,1,32.78650091530589,12.690000391259249,30.0,30.0,latest_observed_list_total,False,272,1771632000000
LTE,4,2123,606:1,1,32.74340080600207,12.726800451026694,50.0,50.0,latest_observed_list_total,False,256,1771632000000
LTE,4,2124,606:1,1,32.765000926175155,12.753900942216312,20.0,20.0,latest_observed_list_total,False,244,1782086400000
LTE,4,2127,606:1,1,32.78190056939978,12.801000479762894,50.0,50.0,latest_observed_list_total,False,261,1782172800000
LTE,4,2160,606:1,1,32.72680070196669,12.730800275588987,70.0,70.0,latest_observed_list_total,False,246,1774310400000
LTE,4,2213,606:1,1,32.77840084637922,12.577600938634657,10.0,10.0,latest_observed_list_total,False,268,1787184000000
LTE,4,2215,606:1,1,32.75910097015258,12.63140088191716,20.0,20.0,latest_observed_list_total,False,280,1787184000000
LTE,4,2248,606:1,1,32.71570070069667,12.738500389637581,150.0,150.0,latest_observed_list_total,False,243,1782691200000
LTE,4,2251,606:1,1,32.73950028217904,12.751100606895246,20.0,20.0,latest_observed_list_total,False,264,1774310400000
LTE,4,2252,606:1,1,32.76920090446121,12.744400607870956,10.0,10.0,latest_observed_list_total,False,257,1771632000000
LTE,4,2253,606:1,1,32.74570060725536,12.71690092847787,40.0,40.0,latest_observed_list_total,False,258,1771632000000
LTE,4,2255,606:1,1,32.74990086275212,12.738000831295697,50.0,50.0,latest_observed_list_total,False,241,1772236800000
LTE,4,2264,606:1,1,32.74680022464491,12.728600680496584,60.0,60.0,latest_observed_list_total,False,259,1771632000000
LTE,4,2268,606:1,1,32.68290055937078,12.716300929510378,30.0,30.0,latest_observed_list_total,False,252,1774310400000
LTE,4,2269,606:1,1,32.602700295524855,12.687700444372522,,0.0,unknown,False,270,1774310400000
LTE,4,2279,606:1,1,32.416600809063354,12.70500078815348,,0.0,unknown,False,293,1774310400000
LTE,4,2281,606:1,1,32.47610083383285,12.676900115838256,,0.0,unknown,False,294,1774310400000
LTE,4001,4197,606:1,1,32.65070096499908,14.265300634265786,20.0,20.0,latest_observed_list_total,False,428,1786233600000
LTE,4001,4199,606:1,1,32.65290088954058,14.258100244721517,20.0,20.0,latest_observed_list_total,False,413,1785628800000
LTE,4001,4200,606:1,1,32.637600779968366,14.273600259630182,20.0,20.0,latest_observed_list_total,False,426,1786665600000
LTE,4001,4201,606:1,1,32.64420013263871,14.251900387341875,60.0,60.0,latest_observed_list_total,False,421,1787529600000
LTE,4001,4202,606:0,1,32.654500346770845,14.260300896442258,20.0,20.0,latest_observed_list_total,False,429,1785628800000
LTE,4001,4203,606:0,1,32.64960012214949,14.257500364602997,40.0,40.0,latest_observed_list_total,False,423,1786233600000
LTE,4001,4226,606:1,1,32.57730072453727,14.321100769217281,60.0,60.0,latest_observed_list_total,False,430,1786838400000
LTE,4001,4230,606:1,1,32.63900048877996,14.247700488402648,80.0,80.0,latest_observed_list_total,False,422,1786233600000
LTE,4001,4231,606:0,1,32.57980035290652,14.334300525018218,60.0,60.0,latest_observed_list_total,False,431,1787529600000
LTE,4001,4236,606:1,1,32.615600191576654,14.316600988707378,40.0,40.0,latest_observed_list_total,False,410,1786838400000
LTE,4001,4240,606:0,1,32.64110062145061,14.243000151882487,20.0,20.0,latest_observed_list_total,False,415,1786147200000
LTE,4001,4242,606:1,1,32.64810012977763,13.958600738136843,,0.0,unknown,False,130,1777161600000
LTE,4001,4243,606:1,1,32.57820056866184,14.03810026462077,,0.0,unknown,False,375,1777161600000
LTE,4001,4267,606:1,1,32.56320029741097,14.067500541989418,10.0,10.0,latest_observed_list_total,False,388,1786233600000
LTE,4001,4291,606:1,1,32.647600531080414,14.272500285379492,40.0,40.0,latest_observed_list_total,False,427,1786838400000
LTE,4001,4293,606:1,1,32.581900475408034,14.036700375188337,,0.0,unknown,False,380,1777075200000
LTE,4001,4319,606:1,1,32.64080069848454,14.259800126348676,20.0,20.0,latest_observed_list_total,False,416,1786060800000
LTE,4001,4320,606:1,1,32.63230049918788,14.259400350169377,20.0,20.0,latest_observed_list_total,False,408,1786752000000
LTE,4001,4321,606:0,1,32.628800161304,14.287000648422802,60.0,60.0,latest_observed_list_total,False,418,1787529600000
LTE,4001,4322,606:1,1,32.62410045026193,14.304700178277608,40.0,40.0,latest_observed_list_total,False,407,1786838400000
LTE,4001,4325,606:1,1,32.59410054415469,14.320200849952835,60.0,60.0,latest_observed_list_total,False,417,1787529600000
LTE,4001,4328,606:1,1,32.60960030879974,14.33410071647482,20.0,20.0,latest_observed_list_total,False,420,1786838400000
LTE,4001,4329,606:1,1,32.61550069305094,14.298700561787838,40.0,40.0,latest_observed_list_total,False,419,1787529600000
LTE,4001,4331,606:1,1,32.578300223424996,14.038000358893493,,0.0,unknown,False,376,1777075200000
LTE,4001,4332,606:1,1,32.631700642900256,14.219800289150792,20.0,20.0,latest_observed_list_total,False,405,1787529600000
LTE,4001,4333,606:0,1,32.567900982197436,14.059000832676748,,0.0,unknown,False,387,1777075200000
LTE,4001,4345,606:0,1,32.57880073050222,13.967000711916452,,0.0,unknown,False,112,1777075200000
LTE,4001,4352,606:1,1,32.63880069971175,14.27900019636856,60.0,60.0,latest_observed_list_total,False,425,1786838400000
LTE,4001,4404,606:1,1,32.59530047849098,14.03330088786168,,0.0,unknown,False,381,1777161600000
LTE,4002,4225,606:1,1,32.45550031484154,13.906200754128811,20.0,20.0,latest_observed_list_total,False,400,1787443200000
LTE,4002,4234,606:0,1,32.57530085781321,13.944500317430814,40.0,40.0,latest_observed_list_total,False,383,1784678400000
LTE,4002,4235,606:1,1,32.48940050681212,13.954600506170456,40.0,40.0,latest_observed_list_total,False,113,1784678400000
LTE,4002,4253,606:1,1,32.663600174172004,14.127500774890699,20.0,20.0,latest_observed_list_total,False,395,1787529600000
LTE,4002,4254,606:1,1,32.54400038674013,14.103700662018841,,0.0,unknown,False,391,1775692800000
LTE,4002,4259,606:1,1,32.703100131519435,14.014000760269143,40.0,40.0,latest_observed_list_total,False,384,1786147200000
LTE,4002,4269,606:0,1,32.46320096465114,14.04630014103627,40.0,40.0,latest_observed_list_total,False,390,1784678400000
LTE,4002,4273,606:1,1,32.68730024683235,14.098200819910927,20.0,20.0,latest_observed_list_total,False,398,1786060800000
LTE,4002,4278,606:1,1,32.60770033475056,14.14450013642343,40.0,40.0,latest_observed_list_total,False,401,1787529600000
LTE,4002,4279,606:1,1,32.458700544015834,13.998800974899508,30.0,30.0,latest_observed_list_total,False,397,1784678400000
LTE,4002,4313,606:1,1,32.51210083552571,13.918100395050693,30.0,30.0,latest_observed_list_total,False,382,1784678400000
LTE,4002,4338,606:1,1,32.56360044217637,13.940000373063448,,0.0,unknown,False,107,1784678400000
LTE,4002,4346,606:1,1,32.50510051809803,13.980200319551024,,0.0,unknown,False,379,1776902400000
LTE,4002,4405,606:1,1,32.69900080349311,14.060400424944051,20.0,20.0,latest_observed_list_total,False,386,1786060800000
LTE,4002,5149,606:1,1,32.5884007652642,14.114900931468082,,0.0,unknown,False,394,1777075200000
LTE,4002,5153,606:1,1,32.492800506663784,14.183300187003868,25.0,25.0,latest_observed_list_total,False,399,1787529600000
LTE,4002,5229,606:1,1,32.513800249047776,14.19180080111887,10.0,10.0,latest_observed_list_total,False,396,1787529600000
LTE,4002,5231,606:1,1,32.6734008413701,13.921600162545515,,0.0,unknown,False,126,1777161600000
LTE,4002,5233,606:1,1,32.52680034956888,14.124500892210019,,0.0,unknown,False,392,1775606400000
LTE,4002,5235,606:1,1,32.62830075464158,13.99220082669218,,0.0,unknown,False,377,1776816000000
LTE,4002,5237,606:1,1,32.63100060443557,13.989100465308915,,0.0,unknown,False,378,1777161600000
LTE,4011,4037,606:0,1,32.469400514376794,14.56250037740575,40.0,40.0,latest_observed_list_total,False,434,1778976000000
LTE,4011,4039,606:1,1,32.465000714860814,14.574200284905306,10.0,10.0,latest_observed_list_total,False,451,1773273600000
LTE,4011,4040,606:1,1,32.47690031756873,14.567400745229769,90.0,90.0,latest_observed_list_total,False,459,1778976000000
LTE,4011,4043,606:1,1,32.45640022569834,14.5832006281948,,0.0,unknown,False,458,1566604800000
LTE,4011,4053,606:0,1,32.47520047557844,14.559500298743771,70.0,70.0,latest_observed_list_total,False,447,1778976000000
LTE,4011,4054,606:0,1,32.47130045156775,14.567300884005347,70.0,70.0,latest_observed_list_total,False,449,1773273600000
LTE,4011,4055,606:0,1,32.46870084401967,14.573200199123777,,0.0,unknown,False,452,1582070400000
LTE,4011,4134,606:1,1,32.46780042472023,14.570600629737989,40.0,40.0,latest_observed_list_total,False,460,1778976000000
LTE,4011,4135,606:0,1,32.48280046683474,14.567900704160099,50.0,50.0,latest_observed_list_total,False,461,1783468800000
LTE,4011,4148,606:0,1,32.45140045088663,14.56400045429181,,0.0,unknown,False,454,1782518400000
LTE,4011,4166,606:0,1,32.47410082681797,14.574500429941876,20.0,20.0,latest_observed_list_total,False,450,1783209600000
LTE,4011,4185,606:1,1,32.47890025566131,14.57680038158652,,0.0,unknown,False,455,1783123200000
LTE,4011,4207,606:1,1,32.42860098301216,14.55830018766281,,0.0,unknown,False,441,1782518400000
LTE,4011,4208,606:1,1,32.479000359734194,14.513000147667576,20.0,20.0,latest_observed_list_total,False,433,1782518400000
LTE,4011,4215,606:1,1,32.47290071509073,14.510700703390855,,0.0,unknown,False,448,1782518400000
LTE,4011,4216,606:1,1,32.46580088485538,14.484800159057583,40.0,40.0,latest_observed_list_total,False,445,1783382400000
LTE,4011,4220,606:1,1,32.46130042891925,14.531700603374214,,0.0,unknown,False,442,1782518400000
LTE,4011,4221,606:1,1,32.37320077389917,14.610500590224586,,0.0,unknown,False,456,1600819200000
LTE,4011,4227,606:0,1,32.55670028749795,14.366400523392198,30.0,30.0,latest_observed_list_total,False,411,1786838400000
LTE,4011,4237,606:1,1,32.570100757767506,14.091300692233043,10.0,10.0,latest_observed_list_total,False,393,1785974400000
LTE,4011,4238,606:0,1,32.590100688011844,14.326300853809515,,0.0,unknown,False,409,1576195200000
LTE,4011,4239,606:1,1,32.59010084993191,14.35200097185423,20.0,20.0,latest_observed_list_total,False,412,1785974400000
LTE,4011,4241,606:0,1,32.50580030080418,14.48640021601388,40.0,40.0,latest_observed_list_total,False,435,1773273600000
LTE,4011,4288,606:1,1,32.479800765442846,14.533400695413027,,0.0,unknown,False,444,1778976000000
LTE,4011,4297,606:1,1,32.50310058183795,14.484400622019805,10.0,10.0,latest_observed_list_total,False,436,1773187200000
LTE,4011,4323,606:1,1,32.50380026978796,14.504300858362253,30.0,30.0,latest_observed_list_total,False,437,1773273600000
LTE,4011,4327,606:0,1,32.56370057251627,14.372900544868582,20.0,20.0,latest_observed_list_total,False,414,1785974400000
LTE,4011,4351,606:1,1,32.549800622505934,14.361600386590206,40.0,40.0,latest_observed_list_total,False,432,1787529600000
LTE,4011,4365,606:1,1,32.48960042926796,14.564500447797037,80.0,80.0,latest_observed_list_total,False,463,1778976000000
LTE,4011,4366,606:1,1,32.42270080926068,14.562500121508409,,0.0,unknown,False,443,1782518400000
LTE,4011,4509,606:1,1,32.459200978172845,14.556800733610688,20.0,20.0,latest_observed_list_total,False,440,1782518400000
LTE,4011,5035,606:1,1,32.486600505854966,14.547400838148487,60.0,60.0,latest_observed_list_total,False,446,1778976000000
LTE,4011,5045,606:1,1,32.49970047310427,14.542900539269437,50.0,50.0,latest_observed_list_total,False,438,1773273600000
LTE,4011,5046,606:1,1,32.505900342256574,14.486500336320583,20.0,20.0,latest_observed_list_total,False,439,1773273600000
LTE,4011,5121,606:1,1,32.455400478326695,14.593300543416408,,0.0,unknown,False,457,1757980800000
LTE,4011,5135,606:1,1,32.472100424745946,14.566200420214756,60.0,60.0,latest_observed_list_total,False,462,1778976000000
LTE,4012,4246,606:1,1,32.523000847499404,14.217900675516676,70.0,70.0,latest_observed_list_total,False,406,1787529600000
LTE,4012,4347,606:1,1,32.661600528203124,14.183200254882806,,0.0,unknown,False,389,1721174400000
LTE,4012,5155,606:1,1,32.55790048148672,14.274400188498182,25.0,25.0,latest_observed_list_total,False,424,1786838400000
LTE,4021,4020,606:0,1,32.34480059909824,15.041000902672087,,0.0,unknown,False,464,1781827200000
LTE,4021,4030,606:0,1,32.35690096111869,15.06020076371961,20.0,20.0,latest_observed_list_total,False,493,1781827200000
LTE,4021,4066,606:0,1,32.33700025288963,15.031400124406401,,0.0,unknown,False,471,1781827200000
LTE,4021,4070,606:1,1,32.38680094124318,15.04550044071953,20.0,20.0,latest_observed_list_total,False,476,1747440000000
LTE,4021,4083,606:0,1,32.371600148116165,15.004700295580356,,0.0,unknown,False,468,1768694400000
LTE,4021,4095,606:1,1,32.35490089141469,15.053200820332414,40.0,40.0,latest_observed_list_total,False,494,1781827200000
LTE,4021,4099,606:1,1,32.39320047363361,15.03260087538778,45.0,45.0,latest_observed_list_total,False,466,1747440000000
LTE,4021,4119,606:0,1,32.37420045199032,15.003500457700582,,0.0,unknown,False,469,1768694400000
LTE,4021,4159,606:1,1,32.37250032149843,15.003400203687882,,0.0,unknown,False,470,1768694400000
LTE,4021,4161,606:1,1,32.38070046098331,15.044100281915474,20.0,20.0,latest_observed_list_total,False,477,1747440000000
LTE,4021,4176,606:1,1,32.35280059792693,15.06360013897038,20.0,20.0,latest_observed_list_total,False,491,1781827200000
LTE,4021,5055,606:1,1,32.389600952187145,15.032600982851237,20.0,20.0,latest_observed_list_total,False,465,1747440000000
LTE,4021,5123,606:1,1,32.33100025509809,15.03660015695475,,0.0,unknown,False,467,1781827200000
LTE,4022,4137,606:1,1,32.45020019142263,14.56490088717653,,0.0,unknown,False,453,1782518400000
LTE,4031,4058,606:0,1,32.36940042388264,15.1616005019141,20.0,20.0,latest_observed_list_total,False,472,1665878400000
LTE,4031,4087,606:1,1,32.39260053954887,15.119800394124848,20.0,20.0,latest_observed_list_total,False,473,1665878400000
LTE,4031,4090,606:1,1,32.366400698841026,15.178600174826341,20.0,20.0,latest_observed_list_total,False,478,1665878400000
LTE,4031,4100,606:1,1,32.32890077544415,15.250600587807998,,0.0,unknown,False,490,1666396800000
LTE,4031,4124,606:0,1,32.3666009662274,15.178400263502363,20.0,20.0,latest_observed_list_total,False,479,1665878400000
LTE,4031,4147,606:0,1,32.38090057330817,15.188000541989933,,0.0,unknown,False,474,1610236800000
LTE,4031,4165,606:1,1,32.39090011313838,15.124100213758826,,0.0,unknown,False,475,1738886400000
LTE,4041,4032,606:0,1,32.34320057109909,15.098600658299707,,0.0,unknown,False,495,1781827200000
LTE,4041,4035,606:0,1,32.352600507842155,15.074200178577131,20.0,20.0,latest_observed_list_total,False,498,1781827200000
LTE,4041,4042,606:0,1,32.355000461917236,15.083100658155459,,0.0,unknown,False,499,1781827200000
LTE,4041,4060,606:1,1,32.29920096436603,15.11870017913132,,0.0,unknown,False,483,1781827200000
LTE,4041,4067,606:1,1,32.317500827680405,15.114100979407416,,0.0,unknown,False,488,1781827200000
LTE,4041,4071,606:1,1,32.31620020094484,15.056300571340131,,0.0,unknown,False,484,1781827200000
LTE,4041,4086,606:1,1,32.31550074629526,15.056900987571632,,0.0,unknown,False,480,1781827200000
LTE,4041,4093,606:1,1,32.32930098226701,15.108500839768734,,0.0,unknown,False,482,1781827200000
LTE,4041,4140,606:0,1,32.33860056345518,15.103400217112315,,0.0,unknown,False,486,1781827200000
LTE,4041,4162,606:1,1,32.35000013585328,15.091200664177977,,0.0,unknown,False,492,1781827200000
LTE,4041,4177,606:0,1,32.358000816736734,15.065600763321848,,0.0,unknown,False,485,1781827200000
LTE,4041,4183,606:1,1,32.34410092683318,15.099200818081028,,0.0,unknown,False,487,1781827200000
LTE,4041,4184,606:0,1,32.34770084846496,15.076000240188069,20.0,20.0,latest_observed_list_total,False,497,1781827200000
LTE,4041,5024,606:1,1,32.359700523666746,15.078800940716391,,0.0,unknown,False,481,1781827200000
LTE,4041,5125,606:1,1,32.27660068558215,15.119200281808563,,0.0,unknown,False,489,1781827200000
LTE,4042,4984,606:1,1,32.1945001298555,15.097300541706804,,0.0,unknown,False,496,1781827200000
LTE,4051,4256,606:1,1,31.181700652262183,16.57000035846548,,0.0,unknown,False,577,1782086400000
LTE,4051,4260,606:0,1,31.199200545234046,16.605000870050823,20.0,20.0,latest_observed_list_total,False,500,1772064000000
LTE,4051,4264,606:1,1,31.16720060612597,16.567900961495877,,0.0,unknown,False,552,1782086400000
LTE,4051,4284,606:0,1,31.20000012492725,16.5821009083964,,0.0,unknown,False,576,1782086400000
LTE,4061,4271,606:1,1,27.496700588870326,13.970500563472202,,0.0,unknown,False,531,1673654400000
LTE,4061,4335,606:1,1,27.54140094622533,13.63290031445143,,0.0,unknown,False,533,1673654400000
LTE,4061,4355,606:1,1,27.53210017928841,14.25510038177097,,0.0,unknown,False,536,1768176000000
LTE,4061,4380,606:1,1,26.439300905827533,14.271200864679113,,0.0,unknown,False,532,1687737600000
LTE,4061,4390,606:1,1,26.133900504690093,14.736400405958985,,0.0,unknown,False,534,1683244800000
LTE,4061,4590,606:1,1,27.571100134798872,13.621400203622052,,0.0,unknown,False,501,1673654400000
LTE,4062,4976,606:1,1,26.101500196785857,14.825300913771075,,0.0,unknown,False,535,1683244800000
LTE,4081,4621,606:1,1,32.86980084808058,13.286300314175833,20.0,20.0,latest_observed_list_total,False,80,1785628800000
LTE,4081,4622,606:0,1,32.887100203343905,13.368000926264045,90.0,90.0,latest_observed_list_total,False,70,1763337600000
LTE,4081,4623,606:1,1,32.8716006971521,13.377900171304505,60.0,60.0,latest_observed_list_total,False,61,1786060800000
LTE,4081,4629,606:1,1,32.81490087939179,13.301800429156796,30.0,30.0,latest_observed_list_total,False,53,1785628800000
LTE,4081,4636,606:1,1,32.87350038694982,13.305900949750422,40.0,40.0,latest_observed_list_total,False,32,1786060800000
LTE,4081,4657,606:0,1,32.822500444068446,13.318600144124368,,0.0,unknown,False,21,1783987200000
LTE,4081,4660,606:1,1,32.80880021396357,13.303900877167816,20.0,20.0,latest_observed_list_total,False,62,1786147200000
LTE,4081,4679,606:0,1,32.83800097963017,13.341100274117348,,0.0,unknown,False,58,1783987200000
LTE,4081,4692,606:1,1,32.884900223947746,13.328800537242353,20.0,20.0,latest_observed_list_total,False,69,1766448000000
LTE,4081,4693,606:1,1,32.875400405463374,13.329100805204087,40.0,40.0,latest_observed_list_total,False,27,1785369600000
LTE,4081,4717,606:1,1,32.89230064027515,13.326700879200617,60.0,60.0,latest_observed_list_total,False,68,1779062400000
LTE,4081,4718,606:1,1,32.88920083037132,13.347000212970649,20.0,20.0,latest_observed_list_total,False,51,1771372800000
LTE,4081,4926,606:1,1,32.82490031418018,13.33840034614424,,0.0,unknown,False,373,1783987200000
LTE,4081,4939,606:1,1,32.8798009576156,13.29210093600584,,0.0,unknown,False,79,1767225600000
LTE,4101,4536,606:1,1,32.48740063514514,13.394800503032911,,0.0,unknown,False,403,1775606400000
LTE,4101,4605,606:0,1,32.60980045389621,13.370600582692855,,0.0,unknown,False,8,1771113600000
LTE,4101,4608,606:0,1,32.5025004442665,13.41130050821436,,0.0,unknown,False,402,1777334400000
LTE,4101,4614,606:1,1,32.748900481615394,13.396500304870216,,0.0,unknown,False,371,1777248000000
LTE,4101,4615,606:1,1,32.76230029393728,13.305300983912241,,0.0,unknown,False,364,1777248000000
LTE,4101,4616,606:0,1,32.663100285595235,13.22610081256845,,0.0,unknown,False,336,1781049600000
LTE,4101,4617,606:1,1,32.79080072945696,13.29330058265005,,0.0,unknown,False,357,1777248000000
LTE,4101,4618,606:1,1,32.6925004154322,13.240000720867016,,0.0,unknown,False,156,1781481600000
LTE,4101,4626,606:1,1,32.77290040111147,13.275900812872274,,0.0,unknown,False,60,1782864000000
LTE,4101,4631,606:1,1,32.64750097576846,13.170800909297704,,0.0,unknown,False,331,1772582400000
LTE,4101,4632,606:1,1,32.58880057009758,13.175600723941681,,0.0,unknown,False,332,1772582400000
LTE,4101,4634,606:1,1,32.666600514147575,13.385400888621932,,0.0,unknown,False,369,1781481600000
LTE,4101,4640,606:1,1,32.700300563019105,13.37500091875567,,0.0,unknown,False,366,1777248000000
LTE,4101,4643,606:0,1,32.51080017911772,13.416100179023115,,0.0,unknown,False,127,1777248000000
LTE,4101,4646,606:1,1,32.64760013576237,13.262700871218836,,0.0,unknown,False,9,1771113600000
LTE,4101,4648,606:1,1,32.7693002154618,13.259200422143344,20.0,20.0,latest_observed_list_total,False,354,1783987200000
LTE,4101,4653,606:1,1,32.74520050961107,13.31310098620954,40.0,40.0,latest_observed_list_total,False,362,1777248000000
LTE,4101,4655,606:1,1,32.777500586393955,13.302700626345459,,0.0,unknown,False,363,1777248000000
LTE,4101,4656,606:0,1,32.794500605951626,13.288400491030108,,0.0,unknown,False,372,1783987200000
LTE,4101,4661,606:0,1,32.77430060104452,13.314800158098732,,0.0,unknown,False,358,1777248000000
LTE,4101,4686,606:1,1,32.70170052489863,13.293700246380736,,0.0,unknown,False,52,1781481600000
LTE,4101,4688,606:1,1,32.615900540007125,13.169700377288109,,0.0,unknown,False,333,1772582400000
LTE,4101,4689,606:1,1,32.51480087778698,13.4183006436214,,0.0,unknown,False,37,1775952000000
LTE,4101,4706,606:1,1,32.62660069225234,13.398200744112243,,0.0,unknown,False,63,1771113600000
LTE,4101,4713,606:1,1,32.70200047172414,13.3182004891896,,0.0,unknown,False,365,1781481600000
LTE,4101,4714,606:1,1,32.701400790052034,13.273100573363218,,0.0,unknown,False,344,1781481600000
LTE,4101,4715,606:1,1,32.738100830516274,13.434900304469341,,0.0,unknown,False,142,1781481600000
LTE,4101,4721,606:1,1,32.74550045318737,13.29590096223672,40.0,40.0,latest_observed_list_total,False,342,1777248000000
LTE,4101,4725,606:1,1,32.7366008017252,13.35500018508719,,0.0,unknown,False,368,1777248000000
LTE,4101,4730,606:1,1,32.725600162273544,13.252300177464392,,0.0,unknown,False,59,1782864000000
LTE,4101,4732,606:1,1,32.66900048695617,13.291600487801079,,0.0,unknown,False,84,1781049600000
LTE,4101,4849,606:1,1,32.67720043780357,13.26900051238924,,0.0,unknown,False,100,1781049600000
LTE,4101,4862,606:1,1,32.55290075091062,13.183500484378241,,0.0,unknown,False,317,1772582400000
LTE,4101,4863,606:1,1,32.44260050851998,13.371100281090875,,0.0,unknown,False,2,1777420800000
LTE,4101,4900,606:1,1,32.54880083178384,13.437800262429159,,0.0,unknown,False,119,1777420800000
LTE,4101,4928,606:1,1,32.73270055578993,13.330600286271652,20.0,20.0,latest_observed_list_total,False,54,1777248000000
LTE,4101,4931,606:1,1,32.5850008785959,13.290700435294758,,0.0,unknown,False,104,1771113600000
LTE,4101,5048,606:1,1,32.764800721219956,13.448100742332137,20.0,20.0,latest_observed_list_total,False,146,1784678400000
LTE,4101,9931,606:1,1,32.66580035380641,13.418700702442644,,0.0,unknown,False,374,1781481600000
LTE,4101,9932,606:1,1,32.867600288548985,13.418100649141408,50.0,50.0,latest_observed_list_total,False,143,1786147200000
LTE,4101,9936,606:1,1,32.79220017560401,13.290800772498105,,0.0,unknown,False,360,1776643200000
LTE,4111,4728,606:1,1,32.85300059274298,13.44770052775326,,0.0,unknown,False,103,1785369600000
LTE,4111,4864,606:1,1,32.41260032119075,13.567000380471514,,0.0,unknown,False,85,1777420800000
LTE,4111,4865,606:1,1,32.43840062108961,13.638700112120423,,0.0,unknown,False,110,1777420800000
LTE,4111,4872,606:1,1,32.70050041557148,13.538800212754529,,0.0,unknown,False,115,1760054400000
LTE,4111,4885,606:1,1,32.43730031048757,13.631900988927445,,0.0,unknown,False,91,1777420800000
LTE,4111,4895,606:1,1,32.43680023900301,13.628700594668324,,0.0,unknown,False,111,1777420800000
LTE,4111,4896,606:1,1,32.44110013137379,13.629600577566874,,0.0,unknown,False,109,1777420800000
LTE,4111,4901,606:1,1,32.41370097635561,13.570500795085113,,0.0,unknown,False,117,1776729600000
LTE,4111,4910,606:1,1,32.424300582526115,13.444800804252772,,0.0,unknown,False,128,1777420800000
LTE,4111,4911,606:1,1,32.426000866360766,13.610900778653782,,0.0,unknown,False,129,1777420800000
LTE,4111,4913,606:1,1,32.437900625855434,13.635400723881324,,0.0,unknown,False,132,1777420800000
LTE,4121,4462,606:1,1,24.213800134578726,23.28880098234292,,0.0,unknown,False,588,1785196800000
LTE,4121,4463,606:1,1,24.197800900901036,23.28640021971881,,0.0,unknown,False,586,1785196800000
LTE,4121,4465,606:1,1,24.201800854015097,23.293900784373427,,0.0,unknown,False,587,1785196800000
LTE,4121,4468,606:1,1,24.208600748638894,23.293300424774035,,0.0,unknown,False,591,1787616000000
LTE,4122,4663,606:1,1,32.636100968549165,13.577000458947458,,0.0,unknown,False,99,1786060800000
LTE,4122,4672,606:0,1,32.73650072528288,13.355100582927347,40.0,40.0,latest_observed_list_total,False,367,1777248000000
LTE,4122,4708,606:1,1,32.817800724806766,13.304800613586623,30.0,30.0,latest_observed_list_total,False,17,1785888000000
LTE,4122,4710,606:1,1,32.7585001871886,13.308300656910852,,0.0,unknown,False,359,1777161600000
LTE,4122,4719,606:1,1,32.76630030845551,13.28920086777711,60.0,60.0,latest_observed_list_total,False,337,1783036800000
LTE,4122,4942,606:1,1,32.777500442442914,13.302900844247178,,0.0,unknown,False,361,1777248000000
LTE,4131,4437,606:1,1,29.013700418838035,21.515000936371546,,0.0,unknown,False,581,1783987200000
LTE,4131,4438,606:1,1,29.031200207979825,21.544200752312214,,0.0,unknown,False,584,1784246400000
LTE,4131,4440,606:1,1,29.04750077339322,21.530400731223438,,0.0,unknown,False,583,1783987200000
LTE,4131,4443,606:1,1,29.020800567657155,21.49620085454441,,0.0,unknown,False,582,1783987200000
LTE,4131,4451,606:1,1,29.0523003799624,21.49860046041078,,0.0,unknown,False,538,1783987200000
LTE,4131,4469,606:1,1,29.033300392018603,21.548100114177448,,0.0,unknown,False,544,1784246400000
LTE,4131,4474,606:1,1,29.034100917509225,21.54450045483308,,0.0,unknown,False,573,1784073600000
LTE,4131,4957,606:1,1,29.023800581382236,21.537800576515618,,0.0,unknown,False,580,1783987200000
LTE,4132,4695,606:1,1,32.87940029180077,13.298300827439132,,0.0,unknown,False,78,1767225600000
LTE,4132,4700,606:1,1,32.85610019083115,13.333000355454631,,0.0,unknown,False,20,1783987200000
LTE,4151,4449,606:1,1,31.632500709971374,20.366000796901908,,0.0,unknown,False,548,1785974400000
LTE,4181,4409,606:1,1,30.74050078648831,20.211000244905787,60.0,60.0,latest_observed_list_total,False,553,1782086400000
LTE,4181,4410,606:1,1,30.74870073702311,20.23370065881943,50.0,50.0,latest_observed_list_total,False,567,1782086400000
LTE,4181,4411,606:1,1,30.766800924075717,20.226100436226005,60.0,60.0,latest_observed_list_total,False,554,1782086400000
LTE,4181,4412,606:1,1,30.75490067182293,20.209900409841214,40.0,40.0,latest_observed_list_total,False,537,1782086400000
LTE,4181,4413,606:1,1,30.74780064453118,20.216600957803944,20.0,20.0,latest_observed_list_total,False,568,1782086400000
LTE,4181,4415,606:1,1,30.734900248890884,20.223500482871803,30.0,30.0,latest_observed_list_total,False,563,1782086400000
LTE,4181,4416,606:1,1,30.75480096439814,20.20530068599803,40.0,40.0,latest_observed_list_total,False,578,1782086400000
LTE,4181,4417,606:1,1,30.757800977907262,20.240100666864215,20.0,20.0,latest_observed_list_total,False,551,1782086400000
LTE,4181,4418,606:1,1,30.759600264481243,20.23000021231337,50.0,50.0,latest_observed_list_total,False,540,1782086400000
LTE,4181,4419,606:1,1,30.760400152620583,20.222000263855463,20.0,20.0,latest_observed_list_total,False,555,1782086400000
LTE,4181,4420,606:1,1,30.75730070827028,20.227400769237768,50.0,50.0,latest_observed_list_total,False,570,1782086400000
LTE,4181,4422,606:1,1,30.76400054565906,20.21320043380508,,0.0,unknown,False,556,1774310400000
LTE,4181,4423,606:1,1,30.77390097660148,20.23380078619315,80.0,80.0,latest_observed_list_total,False,539,1786060800000
LTE,4181,4424,606:1,1,30.744400128171534,20.215800836281517,50.0,50.0,latest_observed_list_total,False,572,1782086400000
LTE,4181,4426,606:1,1,30.763400134342124,20.2350003748494,70.0,70.0,latest_observed_list_total,False,565,1782086400000
LTE,4181,4435,606:1,1,30.741600753821885,20.22520022723699,70.0,70.0,latest_observed_list_total,False,579,1782086400000
LTE,4181,4453,606:1,1,30.911600597189977,20.185500175699914,,0.0,unknown,False,558,1774310400000
LTE,4181,4960,606:1,1,30.786300138368848,20.22850095703108,,0.0,unknown,False,559,1774310400000
LTE,4181,4999,606:1,1,30.778600213702077,20.21080058408474,40.0,40.0,latest_observed_list_total,False,542,1782086400000
LTE,4181,5000,606:1,1,30.72650035701279,20.19490091713869,60.0,60.0,latest_observed_list_total,False,543,1782086400000
LTE,4181,5001,606:1,1,30.733300236872314,20.22350063562844,50.0,50.0,latest_observed_list_total,False,574,1782086400000
LTE,4181,5003,606:1,1,30.7712007068076,20.201300247699983,20.0,20.0,latest_observed_list_total,False,550,1782086400000
LTE,4181,5025,606:1,1,30.759400470849815,20.198200985019604,,0.0,unknown,False,560,1774310400000
LTE,4181,5037,606:1,1,30.7747003336996,20.239500413641796,30.0,30.0,latest_observed_list_total,False,547,1782086400000
LTE,4181,5042,606:1,1,30.94870072259067,20.187700118253446,,0.0,unknown,False,561,1774310400000
LTE,4181,5083,606:1,1,30.77520044230974,20.280400388690285,,0.0,unknown,False,562,1774310400000
LTE,4181,5085,606:1,1,30.76980072469422,20.23810046993029,30.0,30.0,latest_observed_list_total,False,571,1782086400000
LTE,4181,5888,606:1,1,30.78510065540623,20.223100776684706,60.0,60.0,latest_observed_list_total,False,575,1782086400000
LTE,4181,9911,606:1,1,30.762900470306576,20.243500907586167,20.0,20.0,latest_observed_list_total,False,564,1782086400000
LTE,4311,4772,606:1,1,31.925900551815594,12.261000653155044,,0.0,unknown,False,301,1764374400000
LTE,4311,4783,606:1,1,31.96590080210241,12.366600242022102,,0.0,unknown,False,290,1764374400000
LTE,4311,4814,606:1,1,31.925900816230747,12.260900724216231,,0.0,unknown,False,302,1764374400000
LTE,4311,4824,606:1,1,31.943900520587093,12.27900059021145,,0.0,unknown,False,291,1764374400000
LTE,4311,4948,606:1,1,31.99210096079627,12.347200142529632,,0.0,unknown,False,292,1764374400000
LTE,4311,4949,606:1,1,31.930000128019604,12.248500352414755,,0.0,unknown,False,303,1764374400000
LTE,4311,4950,606:1,1,31.966600619312555,12.099800767237442,,0.0,unknown,False,296,1761091200000
LTE,4311,4951,606:1,1,31.96660015667949,12.099800680100977,,0.0,unknown,False,297,1761091200000
LTE,4331,4490,606:1,1,32.167400271467834,13.021600460911325,,0.0,unknown,False,92,1775865600000
LTE,4331,4493,606:1,1,32.16780030788211,13.017000573007198,,0.0,unknown,False,94,1775865600000
LTE,4331,4499,606:1,1,32.13860043645128,13.005300193895325,,0.0,unknown,False,309,1775865600000
LTE,4331,4500,606:1,1,32.09920070160181,12.986000418427057,,0.0,unknown,False,310,1775865600000
LTE,4331,4510,606:1,1,32.112900303552145,12.99150081064451,,0.0,unknown,False,304,1775865600000
LTE,4331,4513,606:0,1,32.10880060546048,12.911100986789942,,0.0,unknown,False,311,1775865600000
LTE,4331,4515,606:1,1,32.17130066195414,13.020900529070211,,0.0,unknown,False,305,1775865600000
LTE,4331,4516,606:1,1,32.09390056596159,12.9874004950246,,0.0,unknown,False,312,1775865600000
LTE,4331,4518,606:1,1,32.071500170087766,12.93810011818353,,0.0,unknown,False,307,1775865600000
LTE,4331,4521,606:1,1,32.15730055985706,13.0184008675899,,0.0,unknown,False,313,1775865600000
LTE,4331,4527,606:1,1,32.09800075984181,12.924500335816582,,0.0,unknown,False,314,1775865600000
LTE,4331,4528,606:1,1,32.12730061322021,13.001200765412314,,0.0,unknown,False,298,1775865600000
LTE,4331,4529,606:1,1,32.121200709457646,12.91300066058235,,0.0,unknown,False,299,1775865600000
LTE,4331,4545,606:1,1,32.090600308480894,12.923100180443312,,0.0,unknown,False,300,1775865600000
LTE,4331,4547,606:1,1,32.16900071976967,13.011800389976186,,0.0,unknown,False,315,1775865600000
LTE,4331,4823,606:1,1,32.18030087494714,12.857200648867774,,0.0,unknown,False,295,1774310400000
LTE,4331,4855,606:1,1,32.0901004710539,12.923400965117402,,0.0,unknown,False,308,1775865600000
LTE,4331,4856,606:1,1,32.160700767459225,13.007600950140084,,0.0,unknown,False,316,1775865600000
LTE,4331,4944,606:1,1,32.084400822999584,12.973800566988835,,0.0,unknown,False,306,1775865600000
LTE,6310,1018,606:0,1,32.093700914806476,20.0990005169652,,0.0,unknown,False,1163,1773532800000
LTE,6310,1028,606:0,1,32.11680077887313,20.093800892801625,,0.0,unknown,False,1164,1786665600000
LTE,6310,1032,606:0,1,32.10800030123452,20.099400859896285,40.0,40.0,latest_observed_list_total,False,1166,1787529600000
LTE,6310,1055,606:0,1,32.1059009551218,20.072500452050914,,0.0,unknown,False,1158,1787529600000
LTE,6310,1076,606:0,1,32.107000936688216,20.104700178283295,40.0,40.0,latest_observed_list_total,False,1161,1787529600000
LTE,6310,1097,606:0,1,32.13380036584147,20.109000279337415,20.0,20.0,latest_observed_list_total,False,1178,1787529600000
LTE,6310,1144,606:0,1,32.11180037838667,20.081200949515146,,0.0,unknown,False,1167,1787529600000
LTE,6310,1151,606:0,1,32.12030035459625,20.09130037414153,,0.0,unknown,False,1175,1782172800000
LTE,6310,1153,606:0,1,32.090700190506325,20.100800217321638,,0.0,unknown,False,1171,1778371200000
LTE,6310,1222,606:0,1,32.09840046523628,20.09920066440917,,0.0,unknown,False,1156,1787702400000
LTE,6310,904,606:0,1,32.10320043129028,20.072400539260254,,0.0,unknown,False,1169,1785974400000
LTE,6320,1101,606:0,1,32.12050059217216,20.07080029362285,,0.0,unknown,False,1176,1647129600000
LTE,6330,1035,606:0,1,32.107000920567614,20.145400250797536,,0.0,unknown,False,1157,1787529600000
LTE,6330,1073,606:0,1,32.09490086516556,20.108300976070506,,0.0,unknown,False,1177,1782086400000
LTE,6330,1100,606:0,1,32.14720088439143,20.106300839545373,,0.0,unknown,False,1181,1786060800000
LTE,6330,1142,606:0,1,32.11560080499644,20.14860045947473,,0.0,unknown,False,1153,1786665600000
LTE,6330,1146,606:0,1,32.129600793918954,20.17810071195644,,0.0,unknown,False,1191,1570924800000
LTE,6330,1164,606:0,1,32.065700220134936,20.047500832698912,,0.0,unknown,False,1195,1701907200000
LTE,6330,1171,606:0,1,32.08410046680288,20.134100126927947,20.0,20.0,latest_observed_list_total,False,1194,1785110400000
LTE,6330,1172,606:0,1,32.09260082967124,20.116000727686917,,0.0,unknown,False,1172,1786060800000
LTE,6330,1192,606:0,1,32.08680034264362,20.116900580169528,40.0,40.0,latest_observed_list_total,False,1179,1787529600000
LTE,6330,1200,606:0,1,32.530100864024945,16.44220034988407,,0.0,unknown,False,746,1787529600000
LTE,6330,1204,606:0,1,32.090300125638414,20.12080034619158,,0.0,unknown,False,1162,1787529600000
LTE,6340,1104,606:0,1,31.867900218219237,19.984400699535826,20.0,20.0,latest_observed_list_total,False,1186,1787788800000
LTE,6340,1119,606:0,1,31.831400249060888,20.016900124763886,40.0,40.0,latest_observed_list_total,False,1183,1787788800000
LTE,6340,1127,606:0,1,31.93340067193696,20.161000872358454,,0.0,unknown,False,1159,1785974400000
LTE,6340,1174,606:0,1,32.03060028130958,20.12130088603077,20.0,20.0,latest_observed_list_total,False,1240,1707264000000
LTE,6340,1221,606:0,1,32.03310086827202,20.055400818360855,40.0,40.0,latest_observed_list_total,False,1182,1787788800000
LTE,6340,1227,606:0,1,31.653900173504713,20.00870083248371,,0.0,unknown,False,1234,1787616000000
LTE,6340,1229,606:0,1,31.65070096492041,20.23700074005742,20.0,20.0,latest_observed_list_total,False,1214,1786147200000
LTE,6340,1246,606:0,1,31.916200592906048,20.020800828832673,40.0,40.0,latest_observed_list_total,False,1244,1787788800000
LTE,6340,1247,606:0,1,32.77120087294439,13.096900551018813,,0.0,unknown,False,766,1787616000000
LTE,6340,1254,606:0,1,31.97150018734892,20.083600669896086,,0.0,unknown,False,1150,1701907200000
LTE,6340,1255,606:0,1,31.764000700023484,20.234500437497623,,0.0,unknown,False,1235,1785974400000
LTE,6340,1264,606:0,1,31.656500684487415,20.01180066611836,,0.0,unknown,False,1151,1787616000000
LTE,6340,1265,606:0,1,31.658600938674,20.013800945775454,,0.0,unknown,False,1238,1787616000000
LTE,6340,1266,606:0,1,31.986100644490786,20.081400517422068,,0.0,unknown,False,1155,1701734400000
LTE,6340,1267,606:0,1,31.66730011343473,20.24780015178335,120.0,120.0,latest_observed_list_total,False,1227,1786147200000
LTE,6340,1268,606:0,1,31.792000184483875,20.205300943296116,,0.0,unknown,False,1243,1785974400000
LTE,6340,1271,606:0,1,31.669100525759436,20.256000854480188,40.0,40.0,latest_observed_list_total,False,1170,1787529600000
LTE,6340,1272,606:0,1,31.734200270844536,20.261400544823907,,0.0,unknown,False,1237,1785974400000
LTE,6340,1273,606:0,1,31.665100909160916,20.25590026481485,140.0,140.0,latest_observed_list_total,False,1188,1786147200000
LTE,6340,1275,606:0,1,31.82480086096736,20.01620082167071,20.0,20.0,latest_observed_list_total,False,1242,1787788800000
LTE,6340,4103,606:0,1,31.55390065393655,20.075200640182736,,0.0,unknown,False,1239,1785974400000
LTE,6340,4113,606:0,1,31.572400661293297,20.171700477873934,,0.0,unknown,False,1236,1785974400000
LTE,6340,5509,606:0,1,31.69020034786623,20.288600139739728,20.0,20.0,latest_observed_list_total,False,1233,1786147200000
LTE,6350,4001,606:0,1,30.745000294589286,20.231500840447055,60.0,60.0,latest_observed_list_total,False,1222,1782864000000
LTE,6350,4002,606:0,1,30.767200391975926,20.223600300326062,80.0,80.0,latest_observed_list_total,False,1223,1782086400000
LTE,6350,4003,606:0,1,30.75920045517424,20.2168003204314,40.0,40.0,latest_observed_list_total,False,1231,1782086400000
LTE,6350,4004,606:0,1,30.738800289620702,20.21270037849942,50.0,50.0,latest_observed_list_total,False,1216,1782086400000
LTE,6350,4007,606:0,1,30.760300309493456,20.231100366270528,100.0,100.0,latest_observed_list_total,False,1209,1782086400000
LTE,6350,4008,606:0,1,30.7479006503573,20.1970003304469,40.0,40.0,latest_observed_list_total,False,1210,1782086400000
LTE,6350,4009,606:0,1,30.782900371740173,20.220200762146746,20.0,20.0,latest_observed_list_total,False,1232,1782086400000
LTE,6350,4012,606:0,1,30.77950086743765,20.21250090531276,50.0,50.0,latest_observed_list_total,False,1193,1782086400000
LTE,6350,4014,606:0,1,30.740200734342373,20.229200327021672,40.0,40.0,latest_observed_list_total,False,1224,1782086400000
LTE,6350,4015,606:0,1,30.752300855133797,20.211800298503253,60.0,60.0,latest_observed_list_total,False,1211,1782086400000
LTE,6350,4016,606:0,1,30.78180037198529,20.228200704208533,120.0,120.0,latest_observed_list_total,False,1217,1782086400000
LTE,6350,4019,606:0,1,30.774500892483154,20.238900974545402,20.0,20.0,latest_observed_list_total,False,1212,1782086400000
LTE,6350,4021,606:0,1,30.772000118029215,20.235500909057322,60.0,60.0,latest_observed_list_total,False,1225,1782086400000
LTE,6350,4022,606:0,1,30.754100165383456,20.227800189220744,40.0,40.0,latest_observed_list_total,False,1229,1782086400000
LTE,6350,4024,606:0,1,30.72950093410292,20.201600791081077,60.0,60.0,latest_observed_list_total,False,1221,1782777600000
LTE,6350,4025,606:0,1,30.770000635257386,20.23820018642095,40.0,40.0,latest_observed_list_total,False,1213,1782086400000
LTE,6350,4029,606:0,1,30.757500132118516,20.22680045933885,60.0,60.0,latest_observed_list_total,False,1228,1782086400000
LTE,6350,4031,606:0,1,30.7441003406335,20.218300543633035,40.0,40.0,latest_observed_list_total,False,1230,1782086400000
LTE,6350,4041,606:0,1,30.739900584787147,20.211100946812152,70.0,70.0,latest_observed_list_total,False,1220,1782777600000
LTE,6350,4044,606:0,1,30.733000236522283,20.22340075512709,100.0,100.0,latest_observed_list_total,False,1226,1782777600000
LTE,6360,4110,606:0,1,31.67600038497816,19.95510043776593,,0.0,unknown,False,1165,1787616000000
LTE,6370,4303,606:0,1,31.205900395918388,16.568800966260955,,0.0,unknown,False,742,1655856000000
LTE,6370,4305,606:0,1,31.193100857479507,16.572100839508025,,0.0,unknown,False,743,1655856000000
LTE,6370,4330,606:0,1,31.209600947378856,16.55370063263955,,0.0,unknown,False,744,1655856000000
LTE,6370,4334,606:0,1,31.203500916560166,16.567900438632527,,0.0,unknown,False,745,1655856000000
LTE,6370,4336,606:0,1,31.21030088310369,16.544000860827907,,0.0,unknown,False,1147,1655856000000
LTE,6390,1015,606:0,1,32.090500357187075,20.194500577548244,,0.0,unknown,False,1174,1785110400000
LTE,6390,1118,606:0,1,32.1270008815269,20.177700125990103,,0.0,unknown,False,1154,1785283200000
LTE,6390,1123,606:0,1,32.07030067514501,20.22430017710909,,0.0,unknown,False,1258,1785110400000
LTE,6390,1124,606:0,1,32.13450013087179,20.190300499420868,,0.0,unknown,False,1160,1570924800000
LTE,6390,1138,606:0,1,32.23550022123307,20.18570025250913,60.0,60.0,latest_observed_list_total,False,1246,1787529600000
LTE,6390,1160,606:0,1,32.08810060710037,20.18910037205745,,0.0,unknown,False,1259,1785110400000
LTE,6390,1165,606:0,1,32.093500145973785,20.184100881803328,,0.0,unknown,False,1245,1787529600000
LTE,6390,1180,606:0,1,32.21590076658846,20.166900895505123,,0.0,unknown,False,1241,1786060800000
LTE,6390,1189,606:0,1,32.801800845262534,13.159300581818536,40.0,40.0,latest_observed_list_total,False,789,1785110400000
LTE,6390,1196,606:0,1,32.09150091717926,20.15980097583546,,0.0,unknown,False,1190,1786579200000
LTE,6390,1201,606:0,1,32.564400283041685,15.706300646913842,,0.0,unknown,False,1285,1785110400000
LTE,6390,1276,606:0,1,31.864500269850986,20.008700794253986,20.0,20.0,latest_observed_list_total,False,1185,1787788800000
LTE,6390,4262,606:0,1,32.230400784272106,20.19060018462196,,0.0,unknown,False,1247,1786060800000
LTE,6390,5502,606:0,1,32.43750014588338,20.884700211912428,20.0,20.0,latest_observed_list_total,False,1198,1777420800000
LTE,6390,6001,606:0,1,32.49540077617875,20.84490031785054,40.0,40.0,latest_observed_list_total,False,1199,1777420800000
LTE,6390,6002,606:0,1,32.48570011810342,20.827400949817243,40.0,40.0,latest_observed_list_total,False,1200,1777420800000
LTE,6390,6006,606:0,1,32.49560060219566,20.827700772977945,80.0,80.0,latest_observed_list_total,False,1249,1777420800000
LTE,6390,6007,606:0,1,32.44080018855612,20.879800676184242,20.0,20.0,latest_observed_list_total,False,1201,1777420800000
LTE,6390,6010,606:0,1,32.4869001470086,20.837700722101605,120.0,120.0,latest_observed_list_total,False,1251,1777420800000
LTE,6390,6011,606:0,1,32.50000069914063,20.884100467169695,100.0,100.0,latest_observed_list_total,False,1252,1777420800000
LTE,6390,6016,606:0,1,32.49980054846329,20.839200455249443,100.0,100.0,latest_observed_list_total,False,1253,1777420800000
LTE,6390,6019,606:0,1,32.49250039296466,20.831800113584794,140.0,140.0,latest_observed_list_total,False,1250,1777420800000
LTE,6390,6022,606:0,1,32.45770060797275,20.861000646069986,20.0,20.0,latest_observed_list_total,False,1254,1777420800000
LTE,6390,6027,606:0,1,32.461900353105165,20.856500405531957,20.0,20.0,latest_observed_list_total,False,1255,1777420800000
LTE,6390,6028,606:0,1,32.48790053436869,20.84660023211265,40.0,40.0,latest_observed_list_total,False,1203,1777420800000
LTE,6390,6030,606:0,1,32.44760064524384,20.898100311913797,60.0,60.0,latest_observed_list_total,False,1204,1777420800000
LTE,6390,6036,606:0,1,32.462800377758164,20.855500700975696,20.0,20.0,latest_observed_list_total,False,1205,1777420800000
LTE,6390,6037,606:0,1,32.48960069369867,20.827500710042354,60.0,60.0,latest_observed_list_total,False,1206,1777420800000
LTE,6390,6039,606:0,1,32.47500045663776,20.849700801563827,60.0,60.0,latest_observed_list_total,False,1202,1777420800000
LTE,6390,6040,606:0,1,32.64450035204904,20.83150072782733,,0.0,unknown,False,1248,1785456000000
LTE,6390,6041,606:0,1,32.44470041858001,20.89350067280763,40.0,40.0,latest_observed_list_total,False,1207,1777420800000
LTE,6390,6051,606:0,1,32.4627002290065,20.855600259240887,20.0,20.0,latest_observed_list_total,False,1208,1777420800000
LTE,6390,6052,606:0,1,32.49660032571277,20.86050071084937,80.0,80.0,latest_observed_list_total,False,1256,1777420800000
LTE,6390,6061,606:0,1,32.63890021803394,20.949800522871485,,0.0,unknown,False,1260,1786060800000
LTE,6410,2003,606:0,1,32.75740031018911,12.73410038389652,60.0,60.0,latest_observed_list_total,False,847,1780704000000
LTE,6410,2015,606:0,1,32.76060039631517,21.738400307537624,20.0,20.0,latest_observed_list_total,False,1196,1777420800000
LTE,6410,2017,606:0,1,32.76170044832158,21.7650006773841,60.0,60.0,latest_observed_list_total,False,1265,1780704000000
LTE,6410,2018,606:0,1,32.76070033768079,12.72420014228178,80.0,80.0,latest_observed_list_total,False,848,1780704000000
LTE,6410,2021,606:0,1,32.76300011956577,21.748300224338376,20.0,20.0,latest_observed_list_total,False,1261,1777420800000
LTE,6410,2022,606:0,1,32.754800132659554,21.747100743404683,,0.0,unknown,False,1262,1750118400000
LTE,6410,2033,606:0,1,32.767100604935955,21.78530087840877,20.0,20.0,latest_observed_list_total,False,1197,1780704000000
LTE,6410,2037,606:0,1,32.78170062857135,21.797400384554436,,0.0,unknown,False,1271,1761350400000
LTE,6410,2043,606:0,1,32.77190079988323,21.786200805700723,40.0,40.0,latest_observed_list_total,False,1268,1780704000000
LTE,6410,2049,606:0,1,32.760700158014394,21.757700767621056,20.0,20.0,latest_observed_list_total,False,1264,1780704000000
LTE,6410,2070,606:0,1,32.813900825088226,21.864300254959428,100.0,100.0,latest_observed_list_total,False,1267,1784764800000
LTE,6410,2071,606:0,1,32.80550033822721,21.864800573435414,80.0,80.0,latest_observed_list_total,False,1266,1784764800000
LTE,6410,2073,606:0,1,32.7998006565409,21.860200628558758,40.0,40.0,latest_observed_list_total,False,1263,1784764800000
LTE,6410,2075,606:0,1,32.795000588464156,21.867600887698735,20.0,20.0,latest_observed_list_total,False,1270,1784764800000
LTE,6420,5015,606:0,1,32.756000188897886,22.646700719449964,,0.0,unknown,False,1272,1629158400000
LTE,6420,5060,606:0,1,32.539200420175725,23.013900718458167,,0.0,unknown,False,1273,1673222400000
LTE,6430,3008,606:0,1,32.06770021254097,23.96540067036989,,0.0,unknown,False,1276,1578528000000
LTE,6430,3012,606:0,1,32.09430050135847,23.960800190436764,,0.0,unknown,False,1275,1781049600000
LTE,6430,3031,606:0,1,32.067700468653115,23.965400360017373,,0.0,unknown,False,1274,1571702400000
LTE,6440,4501,606:0,1,24.20580048358625,23.28890067333009,40.0,40.0,latest_observed_list_total,False,1277,1786147200000
LTE,6440,4502,606:0,1,24.192900596893864,23.29020027787524,120.0,120.0,latest_observed_list_total,False,1278,1785369600000
LTE,6440,4503,606:0,1,24.199200179748804,23.29890085372798,60.0,60.0,latest_observed_list_total,False,1280,1785369600000
LTE,6440,4512,606:0,1,24.197600962412864,23.28990047104925,,0.0,unknown,False,1279,1785369600000
LTE,8,113,606:1,1,32.859500490928745,13.264500618515259,,0.0,unknown,False,526,1787529600000
LTE,8,158,606:1,1,32.862300667350105,13.267500218537297,,0.0,unknown,False,82,1783987200000
LTE,8,195,606:1,1,32.89300042011231,13.2463003008423,20.0,20.0,latest_observed_list_total,False,40,1771113600000
LTE,8,210,606:1,1,32.89930043137216,13.25550094019425,,0.0,unknown,False,46,1771372800000
LTE,8,280,606:1,1,32.87790082726395,13.273900465004203,,0.0,unknown,False,72,1767225600000
LTE,8,298,606:1,1,32.890900131819954,13.254300739437761,,0.0,unknown,False,57,1768521600000
LTE,8,309,606:1,1,32.88160086229943,13.236800789706312,,0.0,unknown,False,11,1771200000000
LTE,8,311,606:1,1,32.85990085040081,13.238700350409419,,0.0,unknown,False,153,1768521600000
LTE,8,36,606:1,1,32.85540030900584,13.24710092536089,,0.0,unknown,False,506,1787529600000
LTE,8,371,606:1,1,32.84420051239267,13.243200892541715,,0.0,unknown,False,47,1762214400000
LTE,8,374,606:1,1,32.82890058916037,13.247800935716294,,0.0,unknown,False,48,1762214400000
LTE,8,378,606:1,1,32.88070064670755,13.236800232241867,,0.0,unknown,False,159,1771200000000
LTE,8,390,606:1,1,32.895900524519185,13.262800110543246,20.0,20.0,latest_observed_list_total,False,7,1771113600000
LTE,8,41,606:1,1,32.866900161725816,13.247200305073704,20.0,20.0,latest_observed_list_total,False,507,1787529600000
LTE,8,572,606:1,1,32.890600963772606,13.277100971968986,10.0,10.0,latest_observed_list_total,False,5,1771113600000
LTE,8,606,606:1,1,32.87520078192634,13.26770058948673,,0.0,unknown,False,73,1767225600000
LTE,8,608,606:1,1,32.88030091885157,13.28560011558493,,0.0,unknown,False,74,1767225600000
LTE,8,68,606:1,1,32.90430039182372,13.272400778450658,,0.0,unknown,False,71,1781395200000
LTE,8,786,606:1,1,32.89030040991555,13.250200464183418,,0.0,unknown,False,64,1768521600000
LTE,8,83,606:1,1,32.86950055683363,13.259600766734822,50.0,50.0,latest_observed_list_total,False,24,1786060800000
LTE,8,835,606:1,1,32.8876009260116,13.247900868809714,,0.0,unknown,False,65,1768521600000
LTE,8,838,606:1,1,32.89250023617201,13.25480030131341,,0.0,unknown,False,66,1771372800000
LTE,8,84,606:1,1,32.889400199268444,13.239400632609977,,0.0,unknown,False,30,1768521600000
LTE,8,844,606:1,1,32.88220036534926,13.277200471337812,,0.0,unknown,False,75,1767225600000
LTE,8,847,606:1,1,32.869000193098216,13.277900664627238,50.0,50.0,latest_observed_list_total,False,101,1785628800000
LTE,8,848,606:1,1,32.86970046340495,13.271700878182557,60.0,60.0,latest_observed_list_total,False,19,1786060800000
LTE,8,849,606:1,1,32.87490075892073,13.273900362917995,,0.0,unknown,False,76,1767225600000
LTE,8,850,606:1,1,32.875000573131075,13.270200464813996,,0.0,unknown,False,77,1767225600000
LTE,8,87,606:1,1,32.838500343972434,13.272600749628943,,0.0,unknown,False,516,1782086400000
LTE,8,88,606:1,1,32.882000971117414,13.24270027728693,,0.0,unknown,False,517,1782086400000
LTE,8,880,606:1,1,32.85520060633118,13.254300960090891,,0.0,unknown,False,55,1787529600000
LTE,8,89,606:1,1,32.85400035048903,13.252300906454064,,0.0,unknown,False,518,1787529600000
LTE,8,920,606:1,1,32.8898002719092,13.243900286919985,,0.0,unknown,False,67,1768521600000
LTE,8091,4553,606:1,1,32.61380072754992,13.584000198957538,,0.0,unknown,False,149,1786060800000
LTE,8091,4561,606:1,1,32.72490095899561,13.558500734672938,40.0,40.0,latest_observed_list_total,False,134,1786147200000
LTE,8091,4562,606:1,1,32.65800045340646,13.598000854663587,,0.0,unknown,False,148,1786060800000
LTE,8091,4564,606:1,1,32.72570068566244,13.740800273802732,,0.0,unknown,False,120,1776816000000
LTE,8091,4595,606:1,1,32.74260043782264,13.605300438371609,60.0,60.0,latest_observed_list_total,False,102,1786147200000
LTE,8091,4596,606:1,1,32.73980013825021,13.700000562474397,20.0,20.0,latest_observed_list_total,False,96,1786147200000
LTE,8091,4598,606:1,1,32.7401002841975,13.707900281878322,10.0,10.0,latest_observed_list_total,False,133,1785628800000
LTE,8091,4602,606:0,1,32.73670063327104,13.684100203474115,40.0,40.0,latest_observed_list_total,False,139,1786147200000
LTE,8091,4603,606:0,1,32.77120060045331,13.580400834461049,40.0,40.0,latest_observed_list_total,False,147,1786060800000
LTE,8091,4604,606:1,1,32.66980019850307,13.937600827827382,,0.0,unknown,False,121,1777161600000
LTE,8091,4633,606:1,1,32.7268003414334,13.481500235798206,,0.0,unknown,False,41,1785888000000
LTE,8091,4637,606:1,1,32.793100457897424,13.473900446285397,,0.0,unknown,False,83,1776902400000
LTE,8091,4638,606:1,1,32.69520011971431,13.453100908580499,,0.0,unknown,False,116,1781049600000
LTE,8091,4639,606:1,1,32.703000181893074,13.478000470466657,,0.0,unknown,False,144,1786060800000
LTE,8091,4683,606:1,1,32.81150074419307,13.548100844520716,,0.0,unknown,False,118,1780876800000
LTE,8091,4731,606:1,1,32.785500945597285,13.506300723557422,,0.0,unknown,False,105,1779062400000
LTE,8091,4815,606:1,1,32.8016003459285,13.480300651119911,,0.0,unknown,False,106,1776902400000
LTE,8091,4867,606:1,1,32.79380062344789,13.581700481926829,40.0,40.0,latest_observed_list_total,False,150,1786147200000
LTE,8091,4868,606:1,1,32.734400400018906,13.739900909720687,40.0,40.0,latest_observed_list_total,False,145,1786492800000
LTE,8091,4869,606:1,1,32.685700141125295,13.872200671701378,70.0,70.0,latest_observed_list_total,False,141,1786147200000
LTE,8091,4889,606:1,1,32.68600052418735,13.869800195088352,,0.0,unknown,False,123,1777161600000
LTE,8091,4890,606:1,1,32.67180018713985,13.922800888061834,50.0,50.0,latest_observed_list_total,False,124,1782086400000
LTE,8091,4897,606:1,1,32.70780058862437,13.920800239952268,70.0,70.0,latest_observed_list_total,False,137,1786147200000
LTE,8091,4898,606:1,1,32.71310050022276,13.96590058436705,20.0,20.0,latest_observed_list_total,False,385,1786060800000
LTE,8091,4899,606:1,1,32.71120015801384,13.794100982214964,60.0,60.0,latest_observed_list_total,False,138,1786147200000
LTE,8091,4903,606:1,1,32.668100703157805,13.947600930617819,,0.0,unknown,False,125,1777161600000
LTE,8091,4904,606:1,1,32.67140084936247,13.924900541603337,40.0,40.0,latest_observed_list_total,False,108,1786060800000
LTE,8091,4909,606:1,1,32.640200914647316,13.581700288493986,10.0,10.0,latest_observed_list_total,False,98,1786060800000
LTE,8091,4927,606:1,1,32.7532005112615,13.493100125233925,,0.0,unknown,False,136,1781481600000
LTE,8091,4929,606:1,1,32.70860028378771,13.62280091969927,10.0,10.0,latest_observed_list_total,False,93,1786060800000
LTE,8091,4941,606:1,1,32.8372004111777,13.4850009414618,40.0,40.0,latest_observed_list_total,False,135,1786147200000
LTE,8091,9933,606:1,1,32.77130025981643,13.534300255051216,,0.0,unknown,False,140,1780876800000
LTE,8091,9934,606:1,1,32.781700667376974,13.500900133424278,,0.0,unknown,False,122,1779062400000
LTE,8091,9935,606:1,1,32.7708006534787,13.495400328465884,,0.0,unknown,False,114,1769472000000
LTE,8101,4892,606:1,1,32.654200220485826,13.553100325131926,,0.0,unknown,False,151,1786924800000
LTE,8101,4930,606:1,1,32.67190044746734,13.48760040485906,,0.0,unknown,False,131,1785369600000
UMTS,0,1,606:1,5,27.528900565058372,14.291600583569613,,0.0,unknown,False,"1786,1788,1838,2038,2138",1665878400000
UMTS,0,2,606:1,8,32.531200746850686,16.251300617022594,,0.0,unknown,False,"1457,1516,1789,1839,1921,1961,2039,2139",1665878400000
UMTS,10,101,606:1,4,32.62240074241454,13.212500534764622,,0.0,unknown,False,"1816,1866,2066,2166",1587427200000
UMTS,1010,3046,606:1,6,32.14760043977089,20.09480035918451,,0.0,unknown,False,"1372,1423,1913,1955,2004,2105",1776384000000
UMTS,1010,3057,606:1,6,32.13610050724681,20.103000578583856,,0.0,unknown,False,"1369,1420,1910,1952,2001,2102",1789084800000
UMTS,1010,3059,606:1,6,32.13100064926566,20.097700391076152,,0.0,unknown,False,"1370,1421,1911,1953,2002,2103",1789084800000
UMTS,1010,3062,606:1,4,32.12000031578275,20.107800242517815,,0.0,unknown,False,"1402,1453,2033,2136",1785456000000
UMTS,1010,3065,606:1,6,32.123000653319956,20.090700261399235,,0.0,unknown,False,"1371,1422,1912,1954,2003,2104",1789084800000
UMTS,1010,3120,606:1,6,32.146100282191384,20.08920065617101,,0.0,unknown,False,"1378,1429,1922,1962,2010,2111",1776384000000
UMTS,1010,3125,606:1,3,32.1213007273941,20.078100943554826,,0.0,unknown,False,"1404,1455,2035",1786665600000
UMTS,1010,3127,606:1,6,32.1264005754784,20.064900366624503,,0.0,unknown,False,"1387,1438,1936,1971,2019,2120",1686700800000
UMTS,1010,3129,606:1,6,32.11760045866578,20.06660035174071,,0.0,unknown,False,"1386,1437,1935,1970,2018,2119",1701302400000
UMTS,1011,1177,606:1,3,32.889100261555186,13.228100503200453,,0.0,unknown,False,"1600,1633,1719",1607040000000
UMTS,1011,1183,606:1,3,32.888900463343944,13.227900627380949,,0.0,unknown,False,"1603,1636,1722",1607040000000
UMTS,1011,1192,606:1,3,32.90430076623214,13.233300450207015,,0.0,unknown,False,"1558,1610,1690",1788998400000
UMTS,1011,138,606:1,4,32.89250067260484,13.205800847090039,,0.0,unknown,False,"1820,1870,2070,2170",1576540800000
UMTS,1011,142,606:1,4,32.88760078919247,13.18010055315605,,0.0,unknown,False,"1822,1872,2072,2172",1786147200000
UMTS,1011,16,606:1,4,32.8833008490282,13.192700506512473,,0.0,unknown,False,"1791,1841,2041,2141",1591660800000
UMTS,1011,160,606:1,5,32.83920068878205,13.256000709972632,,0.0,unknown,False,"1737,1825,1875,2075,2175",1576195200000
UMTS,1011,1779,606:1,1,32.86670025983533,13.206400456274142,,0.0,unknown,False,1650,1597795200000
UMTS,1011,18,606:1,4,32.88530032246383,13.202000637222612,,0.0,unknown,False,"1792,1842,2042,2142",1576713600000
UMTS,1011,19,606:1,4,32.86470041260656,13.191700278787913,,0.0,unknown,False,"1793,1843,2043,2143",1576713600000
UMTS,1011,193,606:1,5,32.892200428557324,13.206000625064027,,0.0,unknown,False,"1653,1827,1877,2077,2177",1576540800000
UMTS,1011,218,606:1,4,32.868300912235895,13.202700643777378,,0.0,unknown,False,"1833,1883,2083,2183",1576713600000
UMTS,1011,227,606:1,4,32.838600599653645,13.20070058125629,,0.0,unknown,False,"1835,1885,2085,2185",1576713600000
UMTS,1011,239,606:1,4,32.86370053478542,13.2710006691687,,0.0,unknown,False,"1836,1886,2086,2186",1576540800000
UMTS,1011,72,606:1,4,32.84460065878789,13.193800348408992,,0.0,unknown,False,"1807,1857,2057,2157",1591747200000
UMTS,1011,73,606:1,4,32.853000446587984,13.175600384489448,,0.0,unknown,False,"1808,1858,2058,2158",1576800000000
UMTS,1011,87,606:1,4,32.84600086409728,13.25900055026801,,0.0,unknown,False,"1810,1860,2060,2160",1576540800000
UMTS,1011,89,606:1,4,32.852800493509804,13.248700431776854,,0.0,unknown,False,"1811,1861,2061,2161",1576540800000
UMTS,1011,91,606:1,4,32.854000799355795,13.23350059866775,,0.0,unknown,False,"1812,1862,2062,2162",1576540800000
UMTS,1011,94,606:1,4,32.882500676605844,13.200700576751387,,0.0,unknown,False,"1813,1863,2063,2163",1576713600000
UMTS,1011,95,606:1,4,32.84600038984315,13.19500085447335,,0.0,unknown,False,"1814,1864,2064,2164",1591660800000
UMTS,1020,1354,606:0,3,32.53910043165513,14.013500550569985,,0.0,unknown,False,"2202,2251,2377",1779408000000
UMTS,1020,1694,606:0,2,32.57840078598042,14.036100337618343,,0.0,unknown,False,"2287,2413",1783555200000
UMTS,1020,3001,606:1,6,32.10470023752891,20.135800489290958,,0.0,unknown,False,"1361,1412,1897,1944,1993,2094",1789084800000
UMTS,1020,3002,606:1,1,32.10940035205309,20.141400253351467,,0.0,unknown,False,2037,1789084800000
UMTS,1020,3007,606:1,6,32.10490039833288,20.126900508749024,,0.0,unknown,False,"1362,1413,1899,1945,1994,2095",1789084800000
UMTS,1020,3009,606:1,6,32.10710023789676,20.114500715487047,,0.0,unknown,False,"1363,1414,1901,1946,1995,2096",1789084800000
UMTS,1020,3073,606:1,6,32.10930087809597,20.08310049295497,,0.0,unknown,False,"1385,1436,1934,1969,2017,2118",1789084800000
UMTS,1020,3074,606:1,6,32.10880073647911,20.08950072157633,,0.0,unknown,False,"1375,1426,1917,1958,2007,2108",1789084800000
UMTS,1020,3076,606:1,6,32.10890042932374,20.104500618845783,,0.0,unknown,False,"1376,1427,1919,1959,2008,2109",1789084800000
UMTS,1020,3091,606:1,5,32.097000479633664,20.068600438056176,,0.0,unknown,False,"1388,1439,1972,2020,2121",1700697600000
UMTS,1020,3097,606:1,5,32.08980031607993,20.09700049202118,,0.0,unknown,False,"1392,1443,1976,2024,2125",1779235200000
UMTS,1020,3172,606:1,6,32.11340060822047,20.100800561445066,,0.0,unknown,False,"1379,1430,1923,1963,2011,2112",1789084800000
UMTS,1020,3189,606:1,5,32.11570042585465,20.06980053846996,,0.0,unknown,False,"1399,1450,1984,2030,2133",1757289600000
UMTS,1020,3202,606:1,4,32.11010043328734,20.06780066042125,,0.0,unknown,False,"1403,1454,2034,2137",1782086400000
UMTS,1020,3217,606:1,6,32.08280047733395,20.10270073126404,,0.0,unknown,False,"1359,1409,1892,1941,1991,2091",1784851200000
UMTS,1020,3224,606:1,6,32.101600591400356,20.14430037320738,,0.0,unknown,False,"1365,1416,1906,1948,1997,2098",1788220800000
UMTS,1020,3230,606:1,6,32.08120047003451,20.112300481537652,,0.0,unknown,False,"1357,1407,1889,1939,1989,2089",1784851200000
UMTS,1020,3243,606:1,6,32.107600851691465,20.12020062015563,,0.0,unknown,False,"1380,1431,1924,1964,2012,2113",1789084800000
UMTS,1020,3248,606:1,6,32.093700551529466,20.131400640592307,,0.0,unknown,False,"1381,1432,1925,1965,2013,2114",1789084800000
UMTS,1020,3249,606:1,6,32.08510049660505,20.12270055214507,,0.0,unknown,False,"1382,1433,1926,1966,2014,2115",1789084800000
UMTS,1020,3658,606:1,5,32.088900480802366,20.095700705973865,,0.0,unknown,False,"1397,1447,1981,2028,2130",1779235200000
UMTS,1020,4612,606:0,3,32.6414003816813,14.248200412812631,,0.0,unknown,False,"2203,2252,2378",1581897600000
UMTS,1020,4675,606:0,3,32.648200400775764,14.25600037454134,,0.0,unknown,False,"2209,2258,2384",1581984000000
UMTS,1021,1129,606:1,2,32.85660057637408,13.25970064340423,,0.0,unknown,False,"1596,1715",1597795200000
UMTS,1021,1156,606:1,2,32.86250027440152,13.268300528007845,,0.0,unknown,False,"1572,1694",1783728000000
UMTS,1021,1179,606:1,2,32.854600320996255,13.2699002181181,,0.0,unknown,False,"1581,1701",1782086400000
UMTS,1021,1254,606:1,2,32.872300277443614,13.261700133939236,,0.0,unknown,False,"1587,1707",1783036800000
UMTS,1021,1300,606:1,2,32.861700486052406,13.266800206168796,,0.0,unknown,False,"1604,1723",1597795200000
UMTS,1021,1797,606:1,2,32.87610029306792,13.268300280776097,,0.0,unknown,False,"1560,1691",1789084800000
UMTS,1021,204,606:1,4,32.85600067732571,13.264800657855716,,0.0,unknown,False,"1830,1880,2080,2180",1597795200000
UMTS,1021,240,606:1,4,32.86750056379752,13.284100598771982,,0.0,unknown,False,"1837,1887,2087,2187",1597795200000
UMTS,1021,36,606:1,4,32.856900584684325,13.258500523295854,,0.0,unknown,False,"1797,1847,2047,2147",1597795200000
UMTS,1021,68,606:1,4,32.8546006406663,13.270000605395731,,0.0,unknown,False,"1804,1854,2054,2154",1597795200000
UMTS,1021,908,606:1,3,32.83970061678338,13.247900228267138,,0.0,unknown,False,"1602,1635,1721",1779840000000
UMTS,1021,921,606:1,1,32.81340070895624,13.271900729015803,,0.0,unknown,False,1731,1779840000000
UMTS,1030,3110,606:1,5,32.077500646063015,20.120000496802,,0.0,unknown,False,"1389,1440,1973,2021,2122",1701216000000
UMTS,1030,3111,606:1,6,32.07460036926848,20.120300531190736,,0.0,unknown,False,"1377,1428,1920,1960,2009,2110",1789084800000
UMTS,1030,3112,606:1,5,32.07310034021041,20.125100588152687,,0.0,unknown,False,"1401,1452,1987,2032,2135",1771545600000
UMTS,1030,3115,606:1,6,32.06410076814206,20.13000047322894,,0.0,unknown,False,"1356,1406,1888,1938,1988,2088",1773360000000
UMTS,1030,3135,606:1,2,32.00990063443079,20.146500562726352,,0.0,unknown,False,"1405,2036",1773878400000
UMTS,1030,3138,606:1,5,32.01030058020914,20.103800767311565,,0.0,unknown,False,"1390,1441,1974,2022,2123",1701216000000
UMTS,1030,3140,606:1,5,32.008100744877474,20.07490066868426,,0.0,unknown,False,"1393,1444,1977,2025,2126",1701907200000
UMTS,1030,3155,606:1,5,32.04020070907887,20.05410071738631,,0.0,unknown,False,"1394,1445,1978,2026,2127",1701907200000
UMTS,1030,3160,606:1,5,32.07900073263818,20.063500684315287,,0.0,unknown,False,"1400,1451,1985,2031,2134",1700524800000
UMTS,1030,3236,606:1,6,32.0387006430475,20.07700069566963,,0.0,unknown,False,"1360,1410,1893,1942,1992,2092",1756166400000
UMTS,1030,3263,606:1,6,32.06940064152563,20.105300264410122,,0.0,unknown,False,"1383,1434,1927,1967,2015,2116",1789084800000
UMTS,1030,3693,606:1,6,32.03790064695129,20.144800603809728,,0.0,unknown,False,"1358,1408,1890,1940,1990,2090",1773792000000
UMTS,1030,3849,606:1,5,32.0479003959101,20.13380056262669,,0.0,unknown,False,"1396,1446,1980,2027,2129",1773878400000
UMTS,1030,4056,606:0,2,32.43080088925157,14.648200802256476,,0.0,unknown,False,"2198,2248",1575417600000
UMTS,1030,4656,606:0,3,32.57540031124912,14.338200399997662,,0.0,unknown,False,"2217,2266,2392",1777420800000
UMTS,1030,4664,606:0,3,32.55910036898284,14.352200412403802,,0.0,unknown,False,"2208,2257,2383",1782777600000
UMTS,1040,3019,606:1,6,32.10120048980811,20.174600679302493,,0.0,unknown,False,"1364,1415,1904,1947,1996,2097",1789084800000
UMTS,1040,3021,606:1,6,32.0981005403612,20.19810053067259,,0.0,unknown,False,"1366,1417,1907,1949,1998,2099",1789084800000
UMTS,1040,3028,606:1,6,32.07800045380233,20.256700499501385,,0.0,unknown,False,"1367,1418,1908,1950,1999,2100",1789084800000
UMTS,1040,3029,606:1,6,32.089600792522134,20.250500770554293,,0.0,unknown,False,"1368,1419,1909,1951,2000,2101",1789084800000
UMTS,1040,3039,606:1,6,32.21060075217997,20.166300511586847,,0.0,unknown,False,"1373,1424,1914,1956,2005,2106",1783036800000
UMTS,1040,3139,606:1,5,31.994700540030994,20.074500516107467,,0.0,unknown,False,"1391,1442,1975,2023,2124",1701302400000
UMTS,1040,3141,606:1,5,31.970900873208347,20.08390050274901,,0.0,unknown,False,"1398,1449,1983,2029,2132",1773619200000
UMTS,1040,3201,606:1,6,31.650700497564983,20.237000678946714,,0.0,unknown,False,"1374,1425,1916,1957,2006,2107",1785974400000
UMTS,1040,3277,606:1,6,32.09680047124104,20.208800651307655,,0.0,unknown,False,"1384,1435,1928,1968,2016,2117",1789084800000
UMTS,1040,3521,606:1,1,32.64420017657532,20.83120082281867,,0.0,unknown,False,1355,1785456000000
UMTS,1050,3505,606:1,1,32.4889001891518,20.84690092597722,,0.0,unknown,False,1350,1585094400000
UMTS,1050,3646,606:1,1,32.78170038073838,21.797400484814396,,0.0,unknown,False,1352,1758240000000
UMTS,1050,3661,606:1,4,32.80830055882642,21.87230071653738,,0.0,unknown,False,"1349,1395,1979,2128",1784764800000
UMTS,1050,3664,606:1,1,32.7994008516954,21.865600118096058,,0.0,unknown,False,1353,1761696000000
UMTS,1050,3884,606:1,1,32.80000013448868,21.865200279623522,,0.0,unknown,False,1354,1761782400000
UMTS,1050,4140,606:0,2,32.3599007124283,15.08800082729992,,0.0,unknown,False,"2196,2246",1584144000000
UMTS,1050,4178,606:0,1,31.648100851836908,15.116000747744241,,0.0,unknown,False,2680,1782864000000
UMTS,1050,4193,606:0,1,31.725900324586238,15.086600797817486,,0.0,unknown,False,2681,1782864000000
UMTS,1050,4194,606:0,1,31.45490090130092,15.257200771712961,,0.0,unknown,False,2682,1782864000000
UMTS,1050,4267,606:0,1,31.451900208377364,15.267100764255805,,0.0,unknown,False,2683,1782864000000
UMTS,1050,4268,606:0,1,31.379100904156704,15.564400760541307,,0.0,unknown,False,2684,1782864000000
UMTS,1050,4269,606:0,1,31.455200155721627,15.258300121157248,,0.0,unknown,False,2685,1782864000000
UMTS,1060,3810,606:1,1,32.09410078029229,23.960900409365784,,0.0,unknown,False,1351,1781049600000
UMTS,1510,1034,606:0,4,32.83930071172419,13.043600938947906,,0.0,unknown,False,"2207,2256,2299,2382",1772668800000
UMTS,1510,1035,606:0,4,32.821600365752175,13.033900563157793,,0.0,unknown,False,"2223,2272,2312,2398",1772755200000
UMTS,1510,1037,606:0,4,32.824400305849665,13.01650044854947,,0.0,unknown,False,"2210,2259,2300,2385",1772668800000
UMTS,1510,1076,606:0,4,32.8200003965013,12.971500843013057,,0.0,unknown,False,"2225,2274,2314,2400",1772755200000
UMTS,1510,1144,606:0,4,32.81090038019069,12.979200714015231,,0.0,unknown,False,"2228,2277,2315,2403",1772755200000
UMTS,1510,1204,606:0,4,32.80950060868547,12.954900692802674,,0.0,unknown,False,"2230,2279,2317,2405",1772755200000
UMTS,1510,1205,606:0,4,32.820500500477465,13.006700598705674,,0.0,unknown,False,"2231,2280,2318,2406",1784073600000
UMTS,1510,1440,606:0,4,32.80820047535622,12.939000380669086,,0.0,unknown,False,"2232,2281,2319,2407",1772841600000
UMTS,1510,1463,606:0,4,32.8161005601286,13.024500784389733,,0.0,unknown,False,"2214,2263,2304,2389",1772668800000
UMTS,1510,1570,606:0,4,32.83010042546282,13.020400391382054,,0.0,unknown,False,"2233,2282,2320,2408",1772841600000
UMTS,1510,1582,606:0,4,32.81510081019739,12.953400441543877,,0.0,unknown,False,"2215,2264,2305,2390",1772668800000
UMTS,1510,1631,606:0,4,32.83510023736431,13.03220067004343,,0.0,unknown,False,"2234,2283,2321,2409",1772841600000
UMTS,1510,1651,606:0,4,32.81340046094216,12.979900422903846,,0.0,unknown,False,"2235,2284,2322,2410",1772755200000
UMTS,1510,1833,606:0,4,32.81860049129432,13.023800440581496,,0.0,unknown,False,"2216,2265,2306,2391",1772668800000
UMTS,1510,1952,606:0,4,32.827000399511434,13.042000462750526,,0.0,unknown,False,"2218,2267,2307,2393",1772668800000
UMTS,1510,1989,606:0,4,32.84150048267061,13.04800046946017,,0.0,unknown,False,"2236,2285,2323,2411",1772841600000
UMTS,1510,5582,606:0,4,32.81350069331673,12.94580077850119,,0.0,unknown,False,"2219,2268,2308,2394",1772668800000
UMTS,1510,5833,606:0,4,32.81840063462462,13.025800517111014,,0.0,unknown,False,"2220,2269,2309,2395",1772668800000
UMTS,1510,6241,606:0,2,32.81660032689773,12.98030063086331,,0.0,unknown,False,"2327,2415",1772755200000
UMTS,1610,1011,606:0,4,32.876900323829716,13.2166002227996,,0.0,unknown,False,"2188,2238,2288,2366",1419897600000
UMTS,1610,1032,606:0,4,32.84190066349087,13.075300456669048,,0.0,unknown,False,"2222,2271,2311,2397",1775347200000
UMTS,1610,1033,606:0,1,32.853500455810185,13.110500204432642,,0.0,unknown,False,2329,1781740800000
UMTS,1610,1091,606:0,4,32.8809005365306,13.219500417951934,,0.0,unknown,False,"2192,2242,2292,2370",1419897600000
UMTS,1610,1138,606:0,1,32.858400985930565,13.122100369657147,,0.0,unknown,False,2335,1781740800000
UMTS,1610,1140,606:0,4,32.87100065894232,13.139600584840446,,0.0,unknown,False,"2213,2262,2303,2388",1781740800000
UMTS,1610,1171,606:0,1,32.83860028025574,13.122100848044537,,0.0,unknown,False,2336,1781740800000
UMTS,1610,1291,606:0,4,32.843200368571914,13.055900633913286,,0.0,unknown,False,"2212,2261,2302,2387",1772668800000
UMTS,1610,1988,606:0,4,32.842800782793056,13.088700477671718,,0.0,unknown,False,"2229,2278,2316,2404",1775347200000
UMTS,1610,6206,606:0,4,32.84340073428844,13.068500617234566,,0.0,unknown,False,"2221,2270,2310,2396",1772668800000
UMTS,1610,6209,606:0,4,32.83680052166906,13.114200846430727,,0.0,unknown,False,"2237,2286,2324,2412",1781740800000
UMTS,1710,1001,606:0,4,32.88690070994561,13.187800245802606,,0.0,unknown,False,"2189,2239,2289,2367",1575331200000
UMTS,1710,1002,606:0,1,32.893700684945486,13.202100640099019,,0.0,unknown,False,2334,1575331200000
UMTS,1710,1084,606:0,4,32.86770054461685,13.188400399067913,,0.0,unknown,False,"2206,2255,2298,2381",1575331200000
UMTS,1710,1133,606:0,4,32.87720058948466,13.216800645453986,,0.0,unknown,False,"2190,2240,2290,2368",1419897600000
UMTS,1710,1602,606:0,3,32.90250039686953,13.268000384146275,,0.0,unknown,False,"2226,2275,2401",1575417600000
UMTS,1710,1611,606:0,4,32.877800265495864,13.217400548372044,,0.0,unknown,False,"2191,2241,2291,2369",1419897600000
UMTS,1710,1642,606:0,4,32.83600056313222,13.21680042586057,,0.0,unknown,False,"2197,2247,2294,2374",1757635200000
UMTS,1810,106,606:0,4,32.87400084738982,13.193500189971079,,0.0,unknown,False,"2224,2273,2313,2399",1772841600000
UMTS,1810,1117,606:0,1,32.87470082337271,13.201300718217883,,0.0,unknown,False,2333,1782172800000
UMTS,1810,5002,606:0,2,32.89590038698368,13.204800813936368,,0.0,unknown,False,"2325,2414",1634428800000
UMTS,1810,5115,606:0,1,32.882800358736056,13.200400293779902,,0.0,unknown,False,2331,1634428800000
UMTS,2,204,606:1,4,32.8520003818702,13.269600402361355,,0.0,unknown,False,"1829,1879,2079,2179",1597795200000
UMTS,2,68,606:1,4,32.85420037632719,13.269900510927343,,0.0,unknown,False,"1803,1853,2053,2153",1597795200000
UMTS,2003,4116,606:1,4,32.37430050966996,15.090800622616596,,0.0,unknown,False,"1460,1519,1752,1931",1576022400000
UMTS,2003,4274,606:1,3,32.37460061018486,15.081400245394882,,0.0,unknown,False,"1463,1524,1759",1576022400000
UMTS,2011,1036,606:1,3,32.79020064725372,13.093400165739183,,0.0,unknown,False,"1593,1627,1712",1600214400000
UMTS,2011,1048,606:1,3,32.831200447615124,13.06600081041629,,0.0,unknown,False,"1594,1628,1713",1602460800000
UMTS,2011,1063,606:1,3,32.818900842962606,13.062700780044832,,0.0,unknown,False,"1595,1629,1714",1602460800000
UMTS,2011,12,606:1,4,32.85420059497007,13.113600816361561,,0.0,unknown,False,"1790,1840,2040,2140",1576800000000
UMTS,2011,1309,606:1,3,32.79480043029159,13.081200652586546,,0.0,unknown,False,"1605,1637,1724",1602460800000
UMTS,2011,140,606:1,4,32.85480053016778,13.114400659151718,,0.0,unknown,False,"1821,1871,2071,2171",1576800000000
UMTS,2011,1503,606:1,2,32.826300589527065,13.032000350578024,,0.0,unknown,False,"1642,1729",1602460800000
UMTS,2011,1515,606:1,2,32.79240068435814,13.10070024650339,,0.0,unknown,False,"1643,1730",1602460800000
UMTS,2011,1550,606:1,2,32.77500045722206,13.082200430373167,,0.0,unknown,False,"1641,1728",1785369600000
UMTS,2011,1553,606:1,2,32.79870064636522,13.068400267448368,,0.0,unknown,False,"1645,1733",1602460800000
UMTS,2011,1588,606:1,2,32.79250061913848,13.102000675314551,,0.0,unknown,False,"1646,1734",1602460800000
UMTS,2011,159,606:1,6,32.855800391838486,13.116600900334799,,0.0,unknown,False,"1647,1735,1824,1874,2074,2174",1576800000000
UMTS,2011,170,606:1,5,32.790200579491994,13.085900493550216,,0.0,unknown,False,"1649,1826,1876,2076,2176",1576713600000
UMTS,2011,1802,606:1,1,32.84600084836275,13.07610063252833,,0.0,unknown,False,1651,1602460800000
UMTS,2011,1809,606:1,1,32.792400540096025,13.087000496292173,,0.0,unknown,False,1652,1602460800000
UMTS,2011,201,606:1,4,32.789300557443525,13.023100599328833,,0.0,unknown,False,"1828,1878,2078,2178",1576713600000
UMTS,2011,21,606:1,4,32.83340042133968,13.028200763285763,,0.0,unknown,False,"1794,1844,2044,2144",1576713600000
UMTS,2011,214,606:1,4,32.79010054033132,13.079500291234087,,0.0,unknown,False,"1832,1882,2082,2182",1576713600000
UMTS,2011,30,606:1,4,32.79460064034325,13.026800310867678,,0.0,unknown,False,"1795,1845,2045,2145",1576713600000
UMTS,2011,31,606:1,4,32.81460069138387,13.018600483479464,,0.0,unknown,False,"1796,1846,2046,2146",1576800000000
UMTS,2011,51,606:1,4,32.840700513305116,13.158400557112715,,0.0,unknown,False,"1798,1848,2048,2148",1576713600000
UMTS,2011,52,606:1,4,32.770300426834595,13.01510077389218,,0.0,unknown,False,"1799,1849,2049,2149",1576713600000
UMTS,2011,56,606:1,4,32.790200471601594,13.094800267948834,,0.0,unknown,False,"1800,1850,2050,2150",1602460800000
UMTS,2011,59,606:1,4,32.84120054526784,13.102700646643651,,0.0,unknown,False,"1801,1851,2051,2151",1576800000000
UMTS,2011,65,606:1,4,32.84830041183353,13.099800561357632,,0.0,unknown,False,"1802,1852,2052,2152",1576800000000
UMTS,2011,69,606:1,7,32.781100653734875,12.943100691668835,,0.0,unknown,False,"1575,1614,1697,1805,1855,2055,2155",1576713600000
UMTS,2011,70,606:1,4,32.83350069236046,13.191400274094129,,0.0,unknown,False,"1806,1856,2056,2156",1576713600000
UMTS,2011,769,606:1,3,32.82450054823487,13.081700678896198,,0.0,unknown,False,"1556,1608,1688",1781913600000
UMTS,2011,82,606:1,6,32.781900590846085,13.023800540898975,,0.0,unknown,False,"1644,1732,1809,1859,2059,2159",1576800000000
UMTS,2011,99,606:1,4,32.86300042949789,13.130400322862021,,0.0,unknown,False,"1815,1865,2065,2165",1576800000000
UMTS,2021,104,606:1,7,32.69280045134827,13.150400641688899,,0.0,unknown,False,"1564,1611,1692,1817,1867,2067,2167",1777334400000
UMTS,2021,105,606:1,4,32.693000347998876,13.192700449951072,,0.0,unknown,False,"1818,1868,2068,2168",1782864000000
UMTS,2021,1118,606:1,2,32.809100393003476,13.270000538711948,,0.0,unknown,False,"1566,1693",1778630400000
UMTS,2021,118,606:1,4,32.76610064415452,13.256400613465425,,0.0,unknown,False,"1819,1869,2069,2169",1783036800000
UMTS,2021,147,606:1,4,32.712600420935054,13.147000516184473,,0.0,unknown,False,"1823,1873,2073,2173",1783728000000
UMTS,2021,1616,606:1,3,32.699000486812224,13.11080035466559,,0.0,unknown,False,"1574,1613,1696",1784073600000
UMTS,2021,1617,606:1,3,32.72380060537745,13.164500581928635,,0.0,unknown,False,"1573,1612,1695",1777334400000
UMTS,2021,205,606:1,4,32.77730041679885,13.147900321555465,,0.0,unknown,False,"1831,1881,2081,2181",1783728000000
UMTS,2021,226,606:1,4,32.70490055625582,13.121600664990229,,0.0,unknown,False,"1834,1884,2084,2184",1747267200000
UMTS,2021,775,606:1,3,32.72490035105014,13.201500557625465,,0.0,unknown,False,"1557,1609,1689",1781308800000
UMTS,2030,3465,606:0,1,31.385500290211784,13.738100249987694,,0.0,unknown,False,2670,1619308800000
UMTS,2040,3047,606:0,1,31.92590098066527,12.261000439706041,,0.0,unknown,False,2347,1764374400000
UMTS,2040,3048,606:0,1,31.923900815372168,12.275900616585526,,0.0,unknown,False,2343,1764288000000
UMTS,2040,3201,606:0,1,30.133900400658575,9.496500503700467,,0.0,unknown,False,2351,1783641600000
UMTS,2040,3206,606:0,1,30.17050060864405,10.447000551988992,,0.0,unknown,False,2352,1783555200000
UMTS,2040,3209,606:0,1,30.21470023751769,9.992000141760181,,0.0,unknown,False,2353,1783641600000
UMTS,2040,3401,606:0,2,31.966600458602997,12.099800434717377,,0.0,unknown,False,"2328,2339",1761091200000
UMTS,2040,3407,606:0,1,31.966600544090817,12.099800110222404,,0.0,unknown,False,2340,1761091200000
UMTS,2040,3501,606:0,1,31.946700656625257,12.220000531632904,,0.0,unknown,False,2354,1783641600000
UMTS,2040,3505,606:0,1,31.962900621290828,12.100300150450314,,0.0,unknown,False,2341,1761091200000
UMTS,2040,3515,606:0,1,31.78290053918636,11.031500901192013,,0.0,unknown,False,2355,1783641600000
UMTS,2040,3533,606:0,1,31.966600508586232,12.099800110599524,,0.0,unknown,False,2342,1783555200000
UMTS,2040,3546,606:0,1,32.00390049443049,12.215900364903,,0.0,unknown,False,2356,1783728000000
UMTS,2040,3573,606:0,1,31.009300648323006,10.583000651061408,,0.0,unknown,False,2357,1783641600000
UMTS,2040,3705,606:0,1,32.10430061626033,12.33100095560415,,0.0,unknown,False,2358,1783555200000
UMTS,2040,3709,606:0,1,32.069500524314286,12.544300317765854,,0.0,unknown,False,2345,1622851200000
UMTS,2040,3710,606:0,1,32.06940074598402,12.544100674234347,,0.0,unknown,False,2346,1622851200000
UMTS,2040,3715,606:0,1,31.924800178294056,12.268100180377916,,0.0,unknown,False,2348,1764374400000
UMTS,2040,3763,606:0,1,31.924000519311434,12.282700774900356,,0.0,unknown,False,2344,1764288000000
UMTS,2040,3848,606:0,1,31.76160019696025,11.258900836008433,,0.0,unknown,False,2359,1783555200000
UMTS,2040,3849,606:0,1,31.77670031168145,11.318200955958561,,0.0,unknown,False,2360,1783555200000
UMTS,2040,3857,606:0,2,31.729700460656282,11.804900832903577,,0.0,unknown,False,"2361,2687",1783641600000
UMTS,2040,5005,606:0,2,31.961900584457112,12.019500896304839,,0.0,unknown,False,"2326,2338",1602460800000
UMTS,2090,1362,606:0,3,32.67780076992591,13.906300300538966,,0.0,unknown,False,"2195,2245,2373",1778716800000
UMTS,2120,1059,606:0,3,32.79590044507685,13.28760064970473,,0.0,unknown,False,"2227,2276,2402",1775433600000
UMTS,2120,1068,606:0,3,32.747000950026596,13.29450029824385,,0.0,unknown,False,"2193,2243,2371",1778630400000
UMTS,2120,1912,606:0,3,32.75000060135011,13.29040087415413,,0.0,unknown,False,"2200,2249,2375",1778630400000
UMTS,2130,1700,606:0,4,32.555400625535626,13.17800066246183,,0.0,unknown,False,"2194,2244,2293,2372",1752364800000
UMTS,2130,2388,606:0,4,32.704900433211584,13.121600723413048,,0.0,unknown,False,"2204,2253,2296,2379",1786233600000
UMTS,2140,1077,606:0,4,32.80680069272344,12.931300421720742,,0.0,unknown,False,"2211,2260,2301,2386",1772668800000
UMTS,2140,1389,606:0,4,32.708900656511275,12.938000447855558,,0.0,unknown,False,"2205,2254,2297,2380",1753228800000
UMTS,2140,1521,606:0,1,32.542100323079396,12.682800400723915,,0.0,unknown,False,2362,1774310400000
UMTS,2140,1522,606:0,1,32.525700773373515,12.682200746440575,,0.0,unknown,False,2363,1774310400000
UMTS,2140,1526,606:0,1,32.364800542242165,12.683600122379477,,0.0,unknown,False,2349,1783728000000
UMTS,2140,1529,606:0,1,32.31240019340876,12.74970070846973,,0.0,unknown,False,2364,1774310400000
UMTS,2140,2184,606:0,1,32.31470060991785,12.577800580897776,,0.0,unknown,False,2350,1783728000000
UMTS,2140,2223,606:0,1,32.78790063055156,12.80960031332072,,0.0,unknown,False,2332,1761004800000
UMTS,2140,2365,606:0,1,32.746500462167724,12.770300962354685,,0.0,unknown,False,2337,1779321600000
UMTS,2150,2040,606:0,1,32.77960025533973,12.7293004646544,,0.0,unknown,False,2330,1769126400000
UMTS,2150,2165,606:0,1,32.60360017705651,12.687000691495866,,0.0,unknown,False,2365,1774310400000
UMTS,300,3106,606:1,1,32.5235005122766,14.000500781537406,,0.0,unknown,False,1332,1782950400000
UMTS,300,3170,606:1,1,32.689600289881,14.068700658148176,,0.0,unknown,False,1319,1782777600000
UMTS,300,4174,606:1,1,32.64880082119284,14.256500610959657,,0.0,unknown,False,1324,1777420800000
UMTS,300,4184,606:1,1,32.64460094887731,14.251000338107204,,0.0,unknown,False,1327,1777420800000
UMTS,300,4186,606:1,1,32.663400622510025,14.250600501758983,,0.0,unknown,False,1326,1576195200000
UMTS,300,4188,606:1,1,32.65010037511018,14.257900514680133,,0.0,unknown,False,1328,1777420800000
UMTS,300,4189,606:1,1,32.64940027465868,14.257400586189789,,0.0,unknown,False,1323,1748131200000
UMTS,300,4190,606:1,1,32.66620055869822,14.244500931679386,,0.0,unknown,False,1322,1576195200000
UMTS,300,4200,606:1,1,32.636000704011835,14.249300411893703,,0.0,unknown,False,1335,1777593600000
UMTS,300,4204,606:1,4,32.49810059752519,14.557700278887893,,0.0,unknown,False,"1507,1561,1739,1894",1561852800000
UMTS,300,4228,606:1,1,32.64020025827774,14.241200304259054,,0.0,unknown,False,1347,1788825600000
UMTS,300,4229,606:1,1,32.66160059512382,14.18320018080553,,0.0,unknown,False,1330,1721174400000
UMTS,300,4232,606:1,1,32.63160086900469,14.21790019575454,,0.0,unknown,False,1348,1788825600000
UMTS,300,4481,606:1,1,32.63160019221293,14.21780012587778,,0.0,unknown,False,1325,1782864000000
UMTS,300,4534,606:1,1,32.66700069366797,14.243800268927192,,0.0,unknown,False,1331,1777593600000
UMTS,300,4540,606:1,1,32.60580065837675,14.140300477056979,,0.0,unknown,False,1346,1789084800000
UMTS,300,4541,606:1,1,32.583800513328,14.039500673780056,,0.0,unknown,False,1341,1783555200000
UMTS,300,4678,606:1,1,32.578300666817086,13.9958002103141,,0.0,unknown,False,1336,1789084800000
UMTS,300,4679,606:1,1,32.61810022694621,14.01030021309918,,0.0,unknown,False,1337,1778025600000
UMTS,300,4680,606:1,1,32.57670075417735,14.036900771066646,,0.0,unknown,False,1339,1785456000000
UMTS,300,4681,606:1,1,32.57710023534444,14.036700128463622,,0.0,unknown,False,1334,1784678400000
UMTS,300,4682,606:1,1,32.60830011339815,14.026700437916526,,0.0,unknown,False,1320,1789084800000
UMTS,300,4683,606:1,1,32.61050065254961,14.022900617261746,,0.0,unknown,False,1321,1789084800000
UMTS,300,4684,606:1,1,32.570700706583494,14.051700235195545,,0.0,unknown,False,1342,1783555200000
UMTS,300,4686,606:1,1,32.575300582176226,14.025600607269958,,0.0,unknown,False,1345,1789084800000
UMTS,300,4688,606:1,1,32.534000592171786,13.994800181804075,,0.0,unknown,False,1333,1779840000000
UMTS,300,4690,606:1,1,32.5852009295929,14.03790046206651,,0.0,unknown,False,1344,1785456000000
UMTS,300,4691,606:1,1,32.58520040307513,14.037900683476925,,0.0,unknown,False,1343,1783555200000
UMTS,300,4693,606:1,1,32.6974007042286,14.039800986333697,,0.0,unknown,False,1338,1779494400000
UMTS,301,4172,606:1,1,32.570400670354246,14.092000430064164,,0.0,unknown,False,1340,1783555200000
UMTS,301,4212,606:1,1,32.50840035621107,14.418600392456696,,0.0,unknown,False,1771,1782864000000
UMTS,301,4218,606:1,4,32.506400584712225,14.486900506475287,,0.0,unknown,False,"1506,1559,1738,1891",1773273600000
UMTS,301,4219,606:1,3,32.500500365187,14.465800502698514,,0.0,unknown,False,"1520,1753,1932",1782777600000
UMTS,301,4460,606:1,2,32.48930077850701,14.576800587390931,,0.0,unknown,False,"1539,1779",1753228800000
UMTS,301,4466,606:1,1,32.43070072649451,14.646000488868896,,0.0,unknown,False,1501,1576195200000
UMTS,301,4473,606:1,3,32.42800070673676,14.55860019537131,,0.0,unknown,False,"1515,1749,1918",1782518400000
UMTS,301,4474,606:1,4,32.50470062678288,14.500800611017223,,0.0,unknown,False,"1508,1562,1741,1896",1773273600000
UMTS,301,4475,606:1,4,32.50110048571102,14.532700320434454,,0.0,unknown,False,"1509,1563,1742,1898",1773273600000
UMTS,301,4476,606:1,1,32.373100524502874,14.610300111688042,,0.0,unknown,False,1502,1600819200000
UMTS,301,4478,606:1,3,32.431300907294364,14.624100688692131,,0.0,unknown,False,"1473,1538,1778",1782864000000
UMTS,301,4480,606:1,3,32.45620059353137,14.562200726830461,,0.0,unknown,False,"1522,1755,1937",1782777600000
UMTS,301,4481,606:1,2,32.46180047691142,14.530600778853149,,0.0,unknown,False,"1540,1780",1782864000000
UMTS,301,4484,606:1,1,32.48060082916336,14.494600794705633,,0.0,unknown,False,1544,1576195200000
UMTS,301,4486,606:1,2,32.4782007041247,14.567700528238738,,0.0,unknown,False,"1528,1766",1773360000000
UMTS,301,4487,606:1,2,32.48130069017604,14.564200496605373,,0.0,unknown,False,"1529,1767",1773360000000
UMTS,301,4493,606:1,2,32.49110059821804,14.561800623647379,,0.0,unknown,False,"1530,1768",1773360000000
UMTS,301,4502,606:1,1,32.437900985778704,14.604600955968715,,0.0,unknown,False,1503,1576195200000
UMTS,301,4504,606:1,1,32.433200613264,14.68660036337552,,0.0,unknown,False,1504,1576195200000
UMTS,301,4508,606:1,4,32.504900680006116,14.485800420878874,,0.0,unknown,False,"1510,1565,1743,1900",1773273600000
UMTS,301,4532,606:1,2,32.45290055433267,14.577200277079678,,0.0,unknown,False,"1531,1769",1773360000000
UMTS,301,4539,606:1,4,32.50330058225967,14.484300783323517,,0.0,unknown,False,"1511,1568,1745,1902",1773273600000
UMTS,301,4672,606:1,4,32.47770068506381,14.568300376482423,,0.0,unknown,False,"1512,1569,1746,1903",1773273600000
UMTS,301,6066,606:1,4,32.50560069348582,14.486300675545976,,0.0,unknown,False,"1513,1570,1747,1905",1773187200000
UMTS,302,4302,606:1,3,32.416000611804975,14.791200821819572,,0.0,unknown,False,"1468,1533,1773",1782864000000
UMTS,302,4322,606:1,1,32.39560019582404,14.90580025038332,,0.0,unknown,False,1497,1576195200000
UMTS,302,4342,606:1,3,32.360500762457534,15.034200538963663,,0.0,unknown,False,"1469,1534,1774",1782864000000
UMTS,302,4362,606:1,2,32.38830065290034,14.944200485531427,,0.0,unknown,False,"1488,1553",1576195200000
UMTS,302,4366,606:1,4,32.37400051881629,15.005700334447651,,0.0,unknown,False,"1458,1517,1750,1929",1576022400000
UMTS,302,4394,606:1,1,32.35500073754371,15.053400436846662,,0.0,unknown,False,1499,1576022400000
UMTS,302,4395,606:1,3,32.36170082314039,15.028000369957718,,0.0,unknown,False,"1470,1535,1775",1782864000000
UMTS,302,4400,606:1,1,32.39330070764809,14.927700392844944,,0.0,unknown,False,1500,1576195200000
UMTS,302,4480,606:1,3,32.40090078777941,14.845100476631382,,0.0,unknown,False,"1462,1523,1756",1782777600000
UMTS,302,4528,606:1,1,32.38390065352174,14.964300478085345,,0.0,unknown,False,1505,1782864000000
UMTS,302,4530,606:1,3,32.42580062970345,14.736400756891102,,0.0,unknown,False,"1476,1542,1783",1782864000000
UMTS,303,4117,606:1,4,32.37660082172791,15.091500616813978,,0.0,unknown,False,"1456,1514,1748,1915",1783382400000
UMTS,303,4118,606:1,2,32.3717007192201,15.07360058147395,,0.0,unknown,False,"1480,1545",1576022400000
UMTS,303,4119,606:1,2,32.370500266538436,15.074500412890291,,0.0,unknown,False,"1481,1546",1576022400000
UMTS,303,4236,606:1,3,32.37880024163503,15.082200835755382,,0.0,unknown,False,"1464,1525,1763",1774828800000
UMTS,303,4238,606:1,2,32.36670048659534,15.095900489839694,,0.0,unknown,False,"1482,1547",1576022400000
UMTS,303,4239,606:1,2,32.36310068577675,15.098600382222244,,0.0,unknown,False,"1483,1548",1576022400000
UMTS,303,4242,606:1,2,32.367900205472594,15.076000806510852,,0.0,unknown,False,"1484,1549",1576022400000
UMTS,303,4248,606:1,2,32.39060035792726,15.124800276283475,,0.0,unknown,False,"1485,1550",1665878400000
UMTS,303,4260,606:1,2,32.3709003468507,15.08560041446334,,0.0,unknown,False,"1486,1551",1783382400000
UMTS,303,4261,606:1,2,32.370400814399545,15.083000320991644,,0.0,unknown,False,"1487,1552",1576022400000
UMTS,303,4275,606:1,3,32.37620050355965,15.0809005581307,,0.0,unknown,False,"1465,1526,1764",1774828800000
UMTS,303,4282,606:1,1,32.40400017352501,15.087600447709065,,0.0,unknown,False,1493,1610236800000
UMTS,303,4312,606:1,1,32.37270058047724,15.093700530659584,,0.0,unknown,False,1496,1576022400000
UMTS,303,4315,606:1,3,32.38940030144849,15.088900277748797,,0.0,unknown,False,"1466,1527,1765",1774828800000
UMTS,303,4348,606:1,1,32.36680021864343,15.178400753000108,,0.0,unknown,False,1498,1665878400000
UMTS,303,4374,606:1,2,32.392300710359834,15.121200513087341,,0.0,unknown,False,"1490,1555",1665878400000
UMTS,303,4375,606:1,1,32.39250059743198,15.11990057989896,,0.0,unknown,False,1491,1665878400000
UMTS,304,4262,606:1,4,32.011800446773684,15.042100482743955,,0.0,unknown,False,"1461,1521,1754,1933",1782864000000
UMTS,304,4276,606:1,1,32.32660067537094,15.099600916181481,,0.0,unknown,False,1492,1576022400000
UMTS,304,4281,606:1,3,32.2913006497943,15.119000399661982,,0.0,unknown,False,"1467,1532,1772",1782864000000
UMTS,304,4286,606:1,1,32.350000192748546,15.06800053271826,,0.0,unknown,False,1494,1576022400000
UMTS,304,4310,606:1,1,32.354800176090095,15.099300955947667,,0.0,unknown,False,1495,1576022400000
UMTS,304,4370,606:1,2,32.34870059325863,15.072400404653148,,0.0,unknown,False,"1489,1554",1576022400000
UMTS,304,4390,606:1,3,32.33880062054319,15.103400322030268,,0.0,unknown,False,"1478,1543,1787",1576022400000
UMTS,304,4394,606:1,4,32.35500051433334,15.053400500330534,,0.0,unknown,False,"1459,1518,1751,1930",1576022400000
UMTS,304,4398,606:1,3,31.728900525488488,15.0849003431638,,0.0,unknown,False,"1471,1536,1776",1782864000000
UMTS,304,4402,606:1,3,32.35790053656596,15.099300508588325,,0.0,unknown,False,"1472,1537,1777",1782864000000
UMTS,304,4520,606:1,2,31.381800841289117,15.560100940477628,,0.0,unknown,False,"1474,1781",1782864000000
UMTS,304,4524,606:1,3,31.938600331069136,15.03660028120105,,0.0,unknown,False,"1475,1541,1782",1782864000000
UMTS,304,5979,606:1,2,31.39640056949021,15.720300564773428,,0.0,unknown,False,"1479,1986",1782864000000
UMTS,305,4676,606:1,2,31.45610058487072,15.254100872843667,,0.0,unknown,False,"1477,1784",1782864000000
UMTS,306,4100,606:1,1,27.54690021019268,14.273300273559046,,0.0,unknown,False,1757,1665878400000
UMTS,306,4102,606:1,1,27.584500556473557,14.3570005710853,,0.0,unknown,False,1758,1665878400000
UMTS,308,3326,606:1,1,32.84820093343962,13.369000554755884,,0.0,unknown,False,1578,1782691200000
UMTS,310,3224,606:1,1,32.812800948215276,13.500800467529126,,0.0,unknown,False,1571,1784678400000
UMTS,310,3646,606:1,3,32.57930049816382,13.117600441334577,,0.0,unknown,False,"1586,1622,1706",1781308800000
UMTS,311,3132,606:1,1,32.42650063877734,13.611200857732628,,0.0,unknown,False,1762,1779408000000
UMTS,311,3856,606:1,2,32.43840035716466,13.638700660648553,,0.0,unknown,False,"1567,1744",1777420800000
UMTS,311,3902,606:1,1,32.431400720721356,13.621300304221416,,0.0,unknown,False,1770,1777420800000
UMTS,315,5067,606:1,4,30.59910067985551,18.401400544852557,,0.0,unknown,False,"1448,1785,1982,2131",1782864000000
UMTS,315,5101,606:1,5,30.584600435414934,18.41540049524806,,0.0,unknown,False,"1411,1740,1895,1943,2093",1586131200000
UMTS,330,3336,606:1,1,31.783400619533502,11.027300485680021,,0.0,unknown,False,1675,1783641600000
UMTS,330,3342,606:1,1,31.86090078191834,11.492300798565413,,0.0,unknown,False,1676,1783555200000
UMTS,330,3348,606:1,1,31.78220086729374,11.481900985222259,,0.0,unknown,False,1677,1783641600000
UMTS,330,3356,606:1,1,31.998700813378786,11.700500614605152,,0.0,unknown,False,1678,1783555200000
UMTS,330,3358,606:1,1,32.010500346462166,11.470900562563672,,0.0,unknown,False,1679,1783555200000
UMTS,330,3792,606:1,1,31.777000801133866,11.349100229841735,,0.0,unknown,False,1684,1783641600000
UMTS,331,3360,606:1,1,31.783800593126188,11.8912006499109,,0.0,unknown,False,1680,1783641600000
UMTS,331,3378,606:1,2,31.966600709411615,12.099800692784765,,0.0,unknown,False,"1661,1673",1761091200000
UMTS,331,3382,606:1,2,31.958400434078804,12.159400424271428,,0.0,unknown,False,"1662,1674",1783728000000
UMTS,331,3386,606:1,2,31.94270052762034,12.222900277585957,,0.0,unknown,False,"1664,1681",1783728000000
UMTS,331,3388,606:1,2,31.925900763877607,12.261000537557859,,0.0,unknown,False,"1658,1672",1764374400000
UMTS,331,3392,606:1,1,32.14220047394079,12.475600173457751,,0.0,unknown,False,1665,1783728000000
UMTS,331,3400,606:1,1,32.174400552429674,12.497800244972378,,0.0,unknown,False,1666,1783728000000
UMTS,331,3416,606:1,1,32.10340073376427,12.328400112028245,,0.0,unknown,False,1667,1783728000000
UMTS,331,3434,606:1,1,31.948600424412284,12.298700135740953,,0.0,unknown,False,1659,1764374400000
UMTS,331,3454,606:1,1,31.893700272035126,11.96760056789821,,0.0,unknown,False,1682,1783641600000
UMTS,331,3468,606:1,1,32.01720049739805,11.864100581353938,,0.0,unknown,False,1683,1783555200000
UMTS,331,3794,606:1,1,32.10160011876382,12.321500922044605,,0.0,unknown,False,1668,1783728000000
UMTS,331,3796,606:1,2,32.02170058606028,12.222900486266846,,0.0,unknown,False,"1669,1685",1783728000000
UMTS,331,3798,606:1,1,31.728700952546607,11.791000853901116,,0.0,unknown,False,1686,1783641600000
UMTS,331,3954,606:1,2,32.07970089224633,12.251200640362423,,0.0,unknown,False,"1670,1687",1783728000000
UMTS,333,3841,606:1,1,32.46280054465037,13.31900087810171,,0.0,unknown,False,1761,1779408000000
UMTS,4011,3106,606:1,1,32.10610078670504,12.93570081781903,,0.0,unknown,False,1760,1593129600000
UMTS,4040,3005,606:0,1,27.0514004554976,14.413800149241764,,0.0,unknown,False,2658,1454112000000
UMTS,4040,3007,606:0,1,27.04020026863028,14.433500495979652,,0.0,unknown,False,2659,1454112000000
UMTS,4040,3008,606:0,1,27.042700527928325,14.425300886674052,,0.0,unknown,False,2660,1454112000000
UMTS,4040,3009,606:0,1,27.04300031406694,14.430200479957016,,0.0,unknown,False,2649,1454112000000
UMTS,4040,3011,606:0,1,27.025300111363244,14.435800829706219,,0.0,unknown,False,2661,1454112000000
UMTS,4040,3028,606:0,1,27.025600139870587,14.42830012978546,,0.0,unknown,False,2662,1454112000000
UMTS,4040,3031,606:0,1,27.051500846645,14.425600617875581,,0.0,unknown,False,2663,1454112000000
UMTS,4040,3032,606:0,1,27.053500948208033,14.40880015297622,,0.0,unknown,False,2664,1454112000000
UMTS,4040,3036,606:0,1,27.02410090963219,14.432500450627883,,0.0,unknown,False,2665,1454112000000
UMTS,4040,3037,606:0,1,27.04770022547943,14.420200720095384,,0.0,unknown,False,2666,1454112000000
UMTS,4040,3038,606:0,1,27.048300310590406,14.425100538087246,,0.0,unknown,False,2650,1454112000000
UMTS,4040,3039,606:0,1,27.035300561726856,14.438500272794696,,0.0,unknown,False,2667,1454112000000
UMTS,4210,1605,606:0,1,26.101500406397452,14.822200491173847,,0.0,unknown,False,2657,1683244800000
UMTS,4210,5602,606:0,1,26.11040017334013,14.748600950144704,,0.0,unknown,False,2655,1683244800000
UMTS,4210,5902,606:0,1,26.433900966539518,14.279400804368072,,0.0,unknown,False,2656,1687737600000
UMTS,4220,4902,606:0,1,27.549800695862704,13.634100954705552,,0.0,unknown,False,2653,1673481600000
UMTS,4220,4907,606:0,1,27.485300917112532,14.019800651293743,,0.0,unknown,False,2652,1665964800000
UMTS,4220,5006,606:0,1,27.532200800117565,14.255000502932415,,0.0,unknown,False,2688,1768176000000
UMTS,4220,5007,606:0,1,27.532100947454797,14.25510053137386,,0.0,unknown,False,2689,1768176000000
UMTS,4220,5021,606:0,1,27.530800135775717,14.27670062487521,,0.0,unknown,False,2690,1768176000000
UMTS,4220,5326,606:0,1,27.502400922850995,14.012600275952675,,0.0,unknown,False,2654,1665964800000
UMTS,4240,1072,606:0,1,27.06810017308557,14.42740081138158,,0.0,unknown,False,2697,1788998400000
UMTS,4240,3041,606:0,1,27.048000741254505,14.409600501939067,,0.0,unknown,False,2668,1570406400000
UMTS,4240,3055,606:0,1,27.09640014416279,14.410400210811613,,0.0,unknown,False,2669,1686355200000
UMTS,5011,1715,606:1,3,32.79040069138543,12.68640047953214,,0.0,unknown,False,"1576,1615,1698",1777334400000
UMTS,5011,2002,606:1,3,32.76620066821812,12.423400517593672,,0.0,unknown,False,"1598,1631,1717",1782518400000
UMTS,5011,2004,606:1,3,32.76620070977591,12.423400406273686,,0.0,unknown,False,"1599,1632,1718",1782518400000
UMTS,5011,2007,606:1,2,32.7110002186728,12.230800572375792,,0.0,unknown,False,"1654,1671",1698537600000
UMTS,5011,2016,606:1,2,32.76620029095285,12.423200653295146,,0.0,unknown,False,"1638,1725",1782518400000
UMTS,5011,2027,606:1,1,32.76430034172787,12.499500422489369,,0.0,unknown,False,1655,1589241600000
UMTS,5011,2039,606:1,1,32.93070085441759,12.080300423121257,,0.0,unknown,False,1606,1782172800000
UMTS,5011,2042,606:1,1,32.93170035216546,12.083700413780683,,0.0,unknown,False,1607,1782172800000
UMTS,5011,2078,606:1,3,32.756400401929625,12.737200468544447,,0.0,unknown,False,"1579,1616,1699",1777334400000
UMTS,5011,2079,606:1,3,32.736900625505285,12.80510054193103,,0.0,unknown,False,"1580,1617,1700",1777334400000
UMTS,5011,2084,606:1,3,32.778500458862666,12.687500518411868,,0.0,unknown,False,"1582,1618,1702",1777334400000
UMTS,5011,2086,606:1,3,32.7561006255377,12.727100676314823,,0.0,unknown,False,"1583,1619,1703",1777334400000
UMTS,5011,2089,606:1,3,32.76040038749082,12.718400608110617,,0.0,unknown,False,"1584,1620,1704",1777334400000
UMTS,5011,2092,606:1,3,32.76810084252901,12.722100477056191,,0.0,unknown,False,"1585,1621,1705",1777334400000
UMTS,5011,2094,606:1,1,32.76630079150596,12.686400974592962,,0.0,unknown,False,1656,1576022400000
UMTS,5011,2099,606:1,3,32.74910069022731,12.70870017927301,,0.0,unknown,False,"1588,1623,1708",1782086400000
UMTS,5011,2102,606:1,1,32.74770086729637,12.717700422730088,,0.0,unknown,False,1657,1576713600000
UMTS,5011,2111,606:1,3,32.76590034048732,12.6914005129745,,0.0,unknown,False,"1589,1624,1709",1777334400000
UMTS,5011,2112,606:1,3,32.73660031086074,12.767200562557488,,0.0,unknown,False,"1591,1625,1710",1777334400000
UMTS,5011,2114,606:1,3,32.74840073182599,12.757300327514352,,0.0,unknown,False,"1592,1626,1711",1777334400000
UMTS,5011,2115,606:1,3,32.789500588261,12.686900437331193,,0.0,unknown,False,"1597,1630,1716",1777334400000
UMTS,5011,2121,606:1,3,32.76790035800475,12.72120043072013,,0.0,unknown,False,"1601,1634,1720",1777334400000
UMTS,5011,2122,606:1,2,32.76100047955467,12.704000234844859,,0.0,unknown,False,"1648,1736",1777334400000
UMTS,5011,2202,606:1,2,32.76620019114806,12.423300418569935,,0.0,unknown,False,"1639,1726",1782518400000
UMTS,5011,2203,606:1,2,32.76620064650698,12.423400415734392,,0.0,unknown,False,"1640,1727",1782518400000
UMTS,5011,2278,606:1,1,32.30220020334966,12.5709002817061,,0.0,unknown,False,1663,1783728000000
UMTS,5011,2279,606:1,1,32.37470074414637,12.661900291894904,,0.0,unknown,False,1660,1783728000000
UMTS,5310,1070,606:0,4,32.08370043368804,20.082900456844243,,0.0,unknown,False,"2442,2491,2540,2623",1763596800000
UMTS,5310,1072,606:0,4,32.092900574232004,20.085600344591406,,0.0,unknown,False,"2420,2469,2519,2602",1701734400000
UMTS,5310,1097,606:0,4,32.13380060070508,20.109000681059207,,0.0,unknown,False,"2425,2474,2524,2607",1739059200000
UMTS,5310,1140,606:0,4,32.09980037015916,20.083000354363286,,0.0,unknown,False,"2426,2475,2525,2608",1763510400000
UMTS,5310,1141,606:0,4,32.10550070833487,20.08910042426935,,0.0,unknown,False,"2427,2476,2526,2609",1763510400000
UMTS,5310,1157,606:0,4,32.09780036998859,20.07480088583118,,0.0,unknown,False,"2449,2498,2547,2630",1757289600000
UMTS,5310,1405,606:0,2,32.0750005963881,20.06710029408928,,0.0,unknown,False,"2565,2648",1788048000000
UMTS,5310,1540,606:0,4,32.09980093029091,20.08300059238819,,0.0,unknown,False,"2430,2479,2528,2611",1763510400000
UMTS,5310,1593,606:0,4,32.07790070247983,20.067900619220822,,0.0,unknown,False,"2424,2473,2523,2606",1763424000000
UMTS,5310,1611,606:0,4,32.08020078913225,20.08190076658018,,0.0,unknown,False,"2464,2513,2562,2645",1788048000000
UMTS,5330,1056,606:0,4,32.06050058311253,20.117400647230426,,0.0,unknown,False,"2450,2499,2548,2631",1781308800000
UMTS,5330,1068,606:0,4,32.06560028526115,20.10080023172198,,0.0,unknown,False,"2457,2506,2555,2638",1781395200000
UMTS,5330,1089,606:0,4,32.15120043895203,20.113300582730776,,0.0,unknown,False,"2419,2468,2518,2601",1702166400000
UMTS,5330,1120,606:0,4,32.05470071201141,20.109700656023477,,0.0,unknown,False,"2447,2496,2545,2628",1781308800000
UMTS,5330,1167,606:0,4,32.06300060936918,20.09150053495572,,0.0,unknown,False,"2463,2512,2561,2644",1781395200000
UMTS,5330,1206,606:0,3,32.074700426948894,20.09740041408097,,0.0,unknown,False,"2515,2564,2647",1788048000000
UMTS,5330,1489,606:0,4,32.153100606303596,20.110600385712864,,0.0,unknown,False,"2422,2471,2521,2604",1788048000000
UMTS,5340,1130,606:0,4,31.983700590886464,20.03640045067218,,0.0,unknown,False,"2461,2510,2559,2642",1787270400000
UMTS,5340,1173,606:0,4,32.03850068968298,20.11790031953678,,0.0,unknown,False,"2448,2497,2546,2629",1763596800000
UMTS,5340,1406,606:0,4,32.04050046248072,20.078000434747466,,0.0,unknown,False,"2462,2511,2560,2643",1761091200000
UMTS,5340,1508,606:0,4,32.05340043558742,20.13060065245291,,0.0,unknown,False,"2421,2470,2520,2603",1778457600000
UMTS,5340,4236,606:0,4,32.04920064133701,20.112800516824983,,0.0,unknown,False,"2465,2514,2563,2646",1763596800000
UMTS,5360,4092,606:0,1,30.59970025976683,18.398600742860914,,0.0,unknown,False,2679,1782864000000
UMTS,5370,4303,606:0,1,31.20390081225008,16.564200402875006,,0.0,unknown,False,2691,1788220800000
UMTS,5370,4304,606:0,1,31.19790079433525,16.59310025548054,,0.0,unknown,False,2671,1655856000000
UMTS,5370,4305,606:0,1,31.196600391510856,16.571800471640344,,0.0,unknown,False,2672,1788307200000
UMTS,5370,4311,606:0,1,31.19960022956725,16.581600842507566,,0.0,unknown,False,2675,1788220800000
UMTS,5370,4312,606:0,1,31.202200161207504,16.58300066734497,,0.0,unknown,False,2692,1788220800000
UMTS,5370,4315,606:0,3,31.20060091337912,16.607100706626266,,0.0,unknown,False,"2199,2417,2651",1655856000000
UMTS,5370,4321,606:0,1,31.203900973047087,16.56060038431551,,0.0,unknown,False,2693,1788220800000
UMTS,5370,4322,606:0,1,31.1664006021871,16.564100645678344,,0.0,unknown,False,2676,1782086400000
UMTS,5370,4327,606:0,1,31.17770052088617,16.56770098047969,,0.0,unknown,False,2677,1782086400000
UMTS,5370,4328,606:0,1,31.39650078081887,15.72020085151294,,0.0,unknown,False,2686,1782864000000
UMTS,5370,4330,606:0,1,31.204900888449234,16.560500806839958,,0.0,unknown,False,2694,1788220800000
UMTS,5370,4332,606:0,1,31.203000882236147,16.584800272605875,,0.0,unknown,False,2695,1788220800000
UMTS,5370,4333,606:0,1,31.200000574232092,16.582100791835874,,0.0,unknown,False,2678,1782086400000
UMTS,5370,4334,606:0,1,31.193100225753124,16.57250072001683,,0.0,unknown,False,2696,1788220800000
UMTS,5370,4337,606:0,1,31.19990072564047,16.596300236080623,,0.0,unknown,False,2673,1655856000000
UMTS,5370,4341,606:0,1,31.17130092956884,16.541700955903263,,0.0,unknown,False,2674,1667347200000
UMTS,5390,5502,606:0,4,32.437800559428965,20.88300081440088,,0.0,unknown,False,"2429,2478,2527,2610",1777420800000
UMTS,5390,6001,606:0,4,32.49340080327936,20.837200280066007,,0.0,unknown,False,"2432,2481,2530,2613",1777420800000
UMTS,5390,6006,606:0,4,32.49430021712473,20.82610066095873,,0.0,unknown,False,"2433,2482,2531,2614",1777420800000
UMTS,5390,6010,606:0,4,32.48640053767763,20.837400653556493,,0.0,unknown,False,"2434,2483,2532,2615",1777420800000
UMTS,5390,6011,606:0,4,32.500000416009335,20.88390060669488,,0.0,unknown,False,"2435,2484,2533,2616",1777420800000
UMTS,5390,6019,606:0,4,32.497900649965366,20.831700805201496,,0.0,unknown,False,"2436,2485,2534,2617",1777420800000
UMTS,5390,6022,606:0,4,32.44490055012375,20.8820005892443,,0.0,unknown,False,"2437,2486,2535,2618",1777420800000
UMTS,5390,6026,606:0,4,32.441700585413415,20.878900815381712,,0.0,unknown,False,"2438,2487,2536,2619",1777420800000
UMTS,5390,6028,606:0,4,32.48790058243702,20.845700796568384,,0.0,unknown,False,"2439,2488,2537,2620",1777420800000
UMTS,5390,6030,606:0,4,32.462700572258925,20.855500764650163,,0.0,unknown,False,"2440,2489,2538,2621",1777420800000
UMTS,5390,6037,606:0,4,32.48730065700451,20.827500471628596,,0.0,unknown,False,"2441,2490,2539,2622",1777420800000
UMTS,5390,6039,606:0,4,32.47680067394177,20.849700348666452,,0.0,unknown,False,"2443,2492,2541,2624",1777420800000
UMTS,5390,6051,606:0,4,32.46250087766032,20.855700335552605,,0.0,unknown,False,"2444,2493,2542,2625",1777420800000
UMTS,5390,6052,606:0,4,32.49690067326186,20.861100316280428,,0.0,unknown,False,"2445,2494,2543,2626",1777420800000
UMTS,5390,6053,606:0,4,32.43740045253328,20.8848004959043,,0.0,unknown,False,"2446,2495,2544,2627",1777420800000
UMTS,5390,6069,606:0,4,32.03170049978597,21.18020081371737,,0.0,unknown,False,"2418,2467,2517,2600",1753660800000
UMTS,5390,6402,606:0,4,32.48570048470877,20.82730069110715,,0.0,unknown,False,"2451,2500,2549,2632",1777420800000
UMTS,5390,6406,606:0,4,32.495700367796076,20.827300726657086,,0.0,unknown,False,"2452,2501,2550,2633",1777420800000
UMTS,5390,6411,606:0,5,32.50160079144585,20.886900731081255,,0.0,unknown,False,"2453,2502,2551,2570,2634",1777420800000
UMTS,5390,6416,606:0,4,32.49910060877731,20.839100552691207,,0.0,unknown,False,"2454,2503,2552,2635",1777420800000
UMTS,5390,6419,606:0,4,32.49240058945996,20.831500353714386,,0.0,unknown,False,"2455,2504,2553,2636",1777420800000
UMTS,5390,6437,606:0,4,32.48890084410557,20.827500704173005,,0.0,unknown,False,"2456,2505,2554,2637",1777420800000
UMTS,5390,6439,606:0,4,32.47570073369064,20.850000358361243,,0.0,unknown,False,"2458,2507,2556,2639",1777420800000
UMTS,5390,6441,606:0,5,32.446300328817564,20.896700542172983,,0.0,unknown,False,"2459,2508,2557,2571,2640",1777420800000
UMTS,5390,6452,606:0,4,32.49010046344728,20.849900496795236,,0.0,unknown,False,"2460,2509,2558,2641",1777420800000
UMTS,5410,2001,606:0,1,32.767000680589554,21.786000288511524,,0.0,unknown,False,2572,1773100800000
UMTS,5410,2004,606:0,1,32.76020054291983,21.7734004420062,,0.0,unknown,False,2597,1788480000000
UMTS,5410,2006,606:0,1,32.7996002098946,21.872000263931668,,0.0,unknown,False,2591,1773792000000
UMTS,5410,2007,606:0,5,32.782600301891364,21.823900675233006,,0.0,unknown,False,"2431,2480,2529,2569,2612",1773273600000
UMTS,5410,2010,606:0,1,32.72720012858706,21.777900581246744,,0.0,unknown,False,2578,1780704000000
UMTS,5410,2015,606:0,1,32.762300331152524,21.74340070246671,,0.0,unknown,False,2579,1782086400000
UMTS,5410,2020,606:0,1,32.77160038122567,21.77360049652051,,0.0,unknown,False,2573,1773100800000
UMTS,5410,2021,606:0,1,32.76400052300748,21.74920064034231,,0.0,unknown,False,2598,1788480000000
UMTS,5410,2024,606:0,1,32.763100962441364,21.787200392699095,,0.0,unknown,False,2582,1780704000000
UMTS,5410,2031,606:0,1,32.77240083720223,21.765400189248332,,0.0,unknown,False,2574,1773187200000
UMTS,5410,2032,606:0,1,32.76720075228631,21.74000054149133,,0.0,unknown,False,2575,1773100800000
UMTS,5410,2033,606:0,1,32.765200318161995,21.783400430053664,,0.0,unknown,False,2583,1780704000000
UMTS,5410,2037,606:0,1,32.781700943468046,21.79740093429216,,0.0,unknown,False,2596,1773273600000
UMTS,5410,2043,606:0,5,32.771900403560714,21.78830079994415,,0.0,unknown,False,"2423,2472,2522,2567,2605",1777420800000
UMTS,5410,2045,606:0,1,32.783100476876086,21.828900487836833,,0.0,unknown,False,2576,1788134400000
UMTS,5410,2047,606:0,1,32.76220023026657,21.743200685842776,,0.0,unknown,False,2577,1773100800000
UMTS,5410,2053,606:0,1,32.767800740826885,21.788700571584283,,0.0,unknown,False,2584,1780704000000
UMTS,5410,2059,606:0,1,32.84210066092976,21.888100166823193,,0.0,unknown,False,2585,1782000000000
UMTS,5410,2069,606:0,1,32.70640030045451,21.732700495194518,,0.0,unknown,False,2586,1780704000000
UMTS,5410,2070,606:0,1,32.80970096251177,21.871500183991245,,0.0,unknown,False,2595,1784764800000
UMTS,5410,2071,606:0,1,32.80430035769324,21.86280053430579,,0.0,unknown,False,2587,1782000000000
UMTS,5410,2072,606:0,1,32.835600151590015,21.877200174819198,,0.0,unknown,False,2588,1782000000000
UMTS,5410,2073,606:0,1,32.80060011350111,21.86430090221651,,0.0,unknown,False,2592,1773792000000
UMTS,5410,2075,606:0,1,32.79400069250841,21.86830039294884,,0.0,unknown,False,2593,1773792000000
UMTS,5410,2083,606:0,1,32.82610079119841,21.856000638270622,,0.0,unknown,False,2589,1782000000000
UMTS,5410,2402,606:0,1,32.707000879545454,21.733600831611703,,0.0,unknown,False,2590,1780704000000
UMTS,5410,2417,606:0,1,32.765500593064516,21.764600811677372,,0.0,unknown,False,2580,1777420800000
UMTS,5410,2430,606:0,1,32.7721005180047,21.750800879102936,,0.0,unknown,False,2581,1773100800000
UMTS,5410,2475,606:0,1,32.79410067121784,21.86840016911683,,0.0,unknown,False,2594,1773792000000
UMTS,5420,5030,606:0,3,32.762300574512295,22.61970048896028,,0.0,unknown,False,"2428,2477,2568",1786406400000
UMTS,6130,4701,606:0,5,32.81280049364156,21.871300575126398,,0.0,unknown,False,"2416,2466,2516,2566,2599",1449273600000
UMTS,809,3182,606:1,1,32.768600183825534,13.579700957688832,,0.0,unknown,False,1590,1778630400000
UMTS,809,3318,606:1,1,32.856600633781156,13.439700588699747,,0.0,unknown,False,1577,1783814400000
UMTS,809,3906,606:1,1,32.70970092140746,13.934600793087359,,0.0,unknown,False,1329,1779408000000
UMTS,8231,1038,606:0,4,32.77720041401312,13.024600465636457,,0.0,unknown,False,"2201,2250,2295,2376",1575331200000
