date,carrier_freq,rrc_setup_sr,erab_estab_sr,erab_drop_rate,handover_intra_sr,handover_sr,availability_pct,dl_throughput_mbps,ul_throughput_mbps,connected_users,downtime_sec
2025-09-20,350,99.66975346687211,99.68365177195686,0.20235747303543916,0.9846379044684129,98.51158705701079,98.95106153846154,12.077919876733436,1.2481201848998458,13.696953846153846,589083.8399999941
2025-09-21,350,99.68576923076922,99.68230769230769,0.1737692307692308,0.9847846153846154,98.53358461538461,98.84192307692308,12.260323076923077,1.3018615384615386,13.988723076923076,650375.9999999999
2025-09-22,350,99.69095384615385,99.68066153846154,0.1787846153846154,0.9862153846153846,98.68756923076923,99.025,12.422046153846154,1.2715846153846153,13.938799999999999,547559.9999999958
2025-09-23,350,99.6851001540832,99.67687211093991,0.1797226502311248,0.9853004622496149,98.58992295839754,99.03055384615385,12.113913713405239,1.273281972265023,13.97543076923077,544440.9600000001
2025-09-24,350,99.68255778120185,99.68442218798151,0.18135593220338983,0.9857627118644068,98.64291217257319,99.03618461538461,12.361556240369799,1.2542218798151001,13.955323076923078,541278.7200000003
2025-09-25,350,99.68283513097073,99.686687211094,0.17596302003081665,0.9860708782742682,98.67365177195686,98.96421538461539,12.487996918335902,1.3282280431432973,13.751246153846154,581696.6400000005
2025-09-26,350,99.66779661016949,99.67614791987673,0.17206471494607087,0.9844992295839753,98.47129429892142,98.80527692307692,12.12335901386749,1.278597842835131,13.247953846153846,670956.480000006
2025-09-27,350,99.67035439137133,99.6860246533128,0.17217257318952234,0.9855624036979969,98.6104468412943,98.59047692307692,12.038058551617873,1.298104776579353,13.802076923076923,791588.160000002
2025-09-28,350,99.68651771956857,99.65992295839753,0.17531587057010786,0.985824345146379,98.64090909090909,99.07789230769231,12.34873651771957,1.2725269645608628,13.912384615384614,517855.6800000011
2025-09-29,350,99.68969183359015,99.67292758089368,0.17198767334360554,0.9859476117103235,98.662218798151,99.19376923076922,12.679922958397535,1.2850693374422189,13.8088,452779.2000000037
2025-09-30,350,99.69548536209554,99.67628659476118,0.16536209553158707,0.9864869029275809,98.70097072419107,99.22301538461538,12.82491525423729,1.3526040061633282,13.729953846153846,436354.5600000047
2025-10-01,350,99.68739599383667,99.67457627118644,0.16403697996918337,0.9862095531587056,98.6928967642527,99.18475384615384,12.456779661016949,1.3700770416024652,13.697907692307691,457842.24000000395
2025-10-02,350,99.68078703703704,99.67206790123457,0.1710493827160494,0.985462962962963,98.60813271604938,99.1104314329738,13.021882716049383,1.378966049382716,13.49171032357473,498813.12000000325
2025-10-03,350,99.6820987654321,99.66683641975308,0.16251543209876543,0.987037037037037,98.73651234567902,99.30682588597843,12.337052469135802,1.369104938271605,13.197349768875192,388687.68000000325
2025-10-04,350,99.68393518518519,99.67220679012345,0.16117283950617284,0.9875462962962962,98.80061728395061,98.62493066255779,12.472854938271604,1.389212962962963,13.636563944530044,771050.8799999973
2025-10-05,350,99.68992295839753,99.65949152542373,0.17391371340523884,0.9859938366718027,98.65796610169491,98.80689230769231,12.784283513097073,1.268798151001541,13.727169230769231,670049.2800000006
2025-10-06,350,99.68966205837174,99.69749615975422,0.19448540706605222,0.982995391705069,98.36930875576037,99.03843558282209,12.939631336405531,1.2296466973886329,13.505828220858895,541676.159999996
2025-10-07,350,99.69248073959938,99.67768875192604,0.19252696456086288,0.985346687211094,98.5980277349769,99.11200920245399,13.138151001540832,1.2368104776579354,13.431169230769232,500230.07999999996
2025-10-08,350,99.67604615384616,99.66695384615385,0.17016923076923077,0.985123076923077,98.59113846153846,98.81713190184048,13.068446153846153,1.3719384615384616,13.37457757296467,666342.7200000046
2025-10-09,350,99.68161290322581,99.66847926267282,0.16995391705069124,0.9855145929339478,98.61241167434716,98.60987730061349,13.223778801843318,1.4267127496159753,13.201503067484662,783095.0400000033
2025-10-10,350,99.78592933947773,99.64596006144393,0.10565284178187404,0.9835023041474654,98.39353302611367,46.552714723926385,16.40173579109063,1.6079569892473118,9.781472392638037,30108352.319999993
2025-10-13,350,99.69447004608294,99.66299539170507,0.16763440860215054,0.9854070660522274,98.6153149001536,99.33593558282209,13.086912442396313,1.3838402457757297,13.51180981595092,374086.0799999988
2025-10-14,350,99.6921351766513,99.66714285714285,0.16912442396313365,0.9857603686635945,98.63926267281106,99.35029141104295,12.549400921658986,1.3303225806451613,13.553911042944785,365999.0399999994
2025-10-15,350,99.69558461538462,99.65858461538461,0.16975384615384617,0.9880000000000001,98.85755384615385,98.92238095238095,12.44,1.3738615384615385,13.55642089093702,606121.9200000011
2025-10-16,350,99.69044546850999,99.65906298003073,0.17055299539170507,0.9877419354838709,98.85216589861751,98.94245022970904,12.746451612903227,1.385668202764977,13.32073619631902,596661.1200000009
2025-10-17,350,99.66768049155147,99.65917050691245,0.16204301075268818,0.9865591397849462,98.6999846390169,98.83803981623277,11.97284178187404,1.39605222734255,12.898159509202454,655568.6400000011
2025-10-18,350,99.68681538461539,99.66749230769231,0.16256923076923077,0.9876153846153847,98.8193076923077,98.92855828220858,11.983600000000001,1.392046153846154,13.601044546851,603573.1199999996
2025-10-19,350,99.6866153846154,99.66566153846153,0.17090769230769232,0.9864923076923078,98.71124615384615,98.92825153374233,11.51163076923077,1.3548,13.795345622119816,603745.9200000016
2025-10-20,350,99.6863594470046,99.66857142857143,0.16763440860215054,0.9874039938556067,98.79224270353302,97.11602760736197,12.294147465437788,1.3557142857142859,13.676349693251533,1624622.3999999925
2025-10-21,350,99.68531490015361,99.66473118279569,0.16768049155145928,0.9878494623655915,98.86353302611367,98.80282208588957,12.18726574500768,1.3468970814132104,13.624187116564416,674403.8399999978
2025-10-22,350,99.56432515337424,99.60088957055214,0.21909509202453986,0.9862116564417178,98.69774539877301,99.40236196319017,11.907269938650307,1.3436656441717791,13.537285276073618,336666.24000000354
2025-10-23,350,99.6890644171779,99.66115030674847,0.1661963190184049,0.9878834355828221,98.84518404907975,99.27480061349694,12.996579754601228,1.4539263803680982,13.163957055214723,408525.1199999966
2025-10-24,350,99.68838957055215,99.66101226993865,0.15375766871165644,0.9866411042944785,98.71601226993864,99.11938650306747,12.498297546012271,1.3920092024539878,12.926012269938651,496074.2400000056
2025-10-25,350,99.6823926380368,99.66437116564417,0.16567484662576687,0.9861656441717792,98.69426380368098,99.12526073619631,12.55228527607362,1.3979754601226995,13.430383435582822,492765.1200000063
2025-10-26,350,99.64960061443932,99.66585253456222,0.179431643625192,0.9854070660522274,98.60771121351767,98.06869431643625,11.798233486943165,1.3511827956989246,13.618940092165898,1086289.9199999978
2025-10-27,350,99.69080123266565,99.67314329738059,0.15810477657935285,0.9583359013867488,95.90231124807396,98.81739999999999,12.54653312788906,1.4120184899845916,13.648412942989214,664148.1600000064
2025-10-28,350,99.69218461538462,99.66816923076922,0.15403076923076925,0.9561999999999999,95.68636923076923,99.14084485407066,12.705692307692308,1.4248615384615384,13.579754224270353,483243.8399999978
2025-10-29,350,99.6884178187404,99.6690168970814,0.1552073732718894,0.9568509984639016,95.76354838709678,99.15821812596006,12.717127496159755,1.370952380952381,13.502350230414747,473471.99999999936
2025-10-30,350,99.68453149001536,99.66273425499233,0.16551459293394777,0.9566205837173579,95.71090629800308,99.30443932411674,12.867588325652841,1.3835176651305683,13.38858678955453,391227.83999999944
2025-10-31,350,99.68797235023042,99.6516129032258,0.15250384024577573,0.9601536098310292,96.08869431643625,99.46356374807988,12.541305683563749,1.381152073732719,12.980814132104456,301726.0800000011
2025-11-01,350,99.68181259600614,99.66479262672812,0.15821812596006143,0.9603533026113671,96.11304147465437,99.3884485407066,12.257219662058372,1.3926881720430107,13.537665130568357,343975.679999998
2025-11-02,350,99.68660522273426,99.67010752688172,0.15814132104454687,0.9581874039938556,95.88764976958525,99.4126420890937,12.548940092165898,1.418509984639017,13.650614439324116,330367.6800000042
2025-11-03,350,99.69061443932411,99.66402457757296,0.1619047619047619,0.956989247311828,95.75436251920122,98.9368509984639,12.52926267281106,1.4393548387096773,13.854224270353303,597983.0400000016
2025-11-04,350,99.6821198156682,99.66216589861752,0.16317972350230414,0.9576190476190476,95.81798771121352,98.867311827957,12.113087557603686,1.376205837173579,13.651827956989248,637096.3199999973
2025-11-05,350,99.68172573189523,99.66260400616332,0.16485362095531586,0.9569953775038521,95.76084745762712,99.29252696456086,12.291617873651772,1.3798613251155623,13.53864406779661,396705.5999999973
2025-11-06,350,99.6716049382716,99.6624537037037,0.16007716049382717,0.9577777777777777,95.84984567901235,99.63473765432099,12.498564814814815,1.3944907407407408,13.208626543209878,204500.16000000332
2025-11-07,350,99.67724191063174,99.6691063174114,0.14653312788906012,0.9602311248073959,96.08334360554699,99.35303543913714,12.22493066255778,1.3936055469953776,12.85130970724191,362776.31999999133
2025-11-08,350,99.67703703703704,99.66016975308642,0.15867283950617286,0.958966049382716,95.96185185185185,99.34356923076923,12.203734567901236,1.3962191358024691,13.36973846153846,368651.51999999746
2025-11-09,350,99.67996923076923,99.66972307692308,0.15949230769230768,0.9585384615384615,95.92235384615384,99.30741538461538,11.956446153846153,1.3832153846153847,13.638399999999999,388955.520000001
2025-11-10,350,99.67900153609831,99.67033794162826,0.16121351766513056,0.9567127496159755,95.7500307219662,99.18348694316435,12.085775729646697,1.4032872503840246,13.753901689708142,459259.20000000356
2025-11-11,350,99.68001538461539,99.66272307692307,0.162,0.9596615384615385,96.02086153846153,99.27239631336406,12.316476923076923,1.402446153846154,13.698417818740399,409250.8800000013
2025-11-12,350,99.68283076923076,99.66112307692308,0.15946153846153846,0.9600923076923076,96.07152307692307,99.50486153846153,12.615723076923075,1.4260307692307692,13.722923076923076,278069.76000000426
2025-11-13,350,99.67466153846154,99.66403076923078,0.16133846153846154,0.957123076923077,95.78641538461538,99.31944615384616,12.541692307692308,1.4801538461538462,13.511630769230768,382199.0399999976
2025-11-14,350,99.67626153846153,99.65118461538461,0.15413846153846153,0.9575999999999999,95.83436923076923,99.19638461538462,12.247861538461539,1.4760153846153845,13.04616923076923,451310.4000000008
2025-11-15,350,99.67815384615385,99.65933846153847,0.15595384615384617,0.9553076923076924,95.59818461538461,98.94961538461538,12.225215384615385,1.4418,13.639830769230768,589895.9999999993
2025-11-16,350,99.68405529953917,99.65984639016897,0.16642089093701998,0.9549923195084487,95.55662058371736,99.07543778801843,12.114439324116743,1.3873732718894007,13.82963133640553,520032.95999999676
2025-11-17,350,99.68433179723502,99.65711213517665,0.17665130568356374,0.9669892473118279,96.75130568356374,99.05417818740399,12.207711213517666,1.3455760368663594,13.88889400921659,531990.7199999987
2025-11-18,350,99.6884923076923,99.65736923076923,0.16746153846153847,0.9888923076923076,98.96093846153846,98.42715821812597,12.275692307692307,1.3674923076923078,13.882165898617513,884666.8799999971
2025-11-19,350,99.68496159754226,99.65729646697389,0.1836251920122888,0.9882027649769586,98.8999692780338,98.14032258064516,11.963640552995392,1.3090937019969278,13.976298003072197,1046001.6000000029
2025-11-20,350,99.68636503067485,99.64590490797545,0.17032208588957054,0.9889417177914109,98.97579754601227,98.37130368098158,12.281104294478528,1.3766717791411043,13.836533742331289,917490.2400000079
2025-11-21,350,99.68817484662577,99.66768404907975,0.1495398773006135,0.9886349693251534,98.9291717791411,99.05374233128835,11.944355828220859,1.3585122699386503,13.444708588957056,533053.4399999949
2025-11-22,350,99.68840490797545,99.6602300613497,0.16085889570552148,0.9892024539877301,98.98460122699386,98.99523006134969,11.819723926380368,1.3949079754601228,13.92127300613497,566015.0400000003
2025-11-23,350,99.69689708141321,99.6594470046083,0.15737327188940092,0.9893548387096774,99.01087557603687,98.65021505376345,11.975360983102918,1.373563748079877,13.906129032258063,759205.4399999972
2025-11-24,350,99.70728110599079,99.65023041474655,0.1563594470046083,0.9900768049155145,99.08663594470046,98.8373271889401,12.533655913978494,1.4118586789554533,13.771658986175115,653961.599999999
2025-11-25,350,99.70260736196319,99.64565950920246,0.16415644171779142,0.989079754601227,98.98446319018406,99.15170245398774,11.906058282208589,1.3649233128834355,13.788190184049078,477869.7599999981
2025-11-26,350,99.69783742331288,99.64102760736196,0.16662576687116565,0.9892484662576687,98.99389570552147,99.34134969325153,11.820414110429448,1.3632515337423314,13.911794478527607,371036.15999999933
2025-11-27,350,99.69055130168454,99.6432159264931,0.1637519142419602,0.989249617151608,99.01350689127105,99.20915773353752,11.97052067381317,1.4657274119448698,13.822312404287901,446186.87999999785
2025-11-28,350,99.69567484662576,99.65182515337423,0.1475,0.9888496932515338,98.95914110429447,99.11134762633996,11.50467791411043,1.424217791411043,13.471071975497704,501370.56000000366
2025-11-29,350,99.68171516079632,99.64284839203675,0.17326186830015314,0.988238897396631,98.88679938744258,98.50796324655435,11.482955589586524,1.342572741194487,13.991929555895865,841795.2000000065
2025-11-30,350,99.69606431852986,99.62594180704441,0.1677335375191424,0.9890811638591118,98.98271056661562,98.30179173047473,12.057488514548238,1.332113323124043,13.819601837672282,958115.5200000011
2025-12-01,350,99.70889739663095,99.6411638591118,0.16078101071975498,0.9896324655436447,99.04748851454825,98.79003062787136,12.52490045941807,1.4247320061255744,13.828392036753446,682655.0400000009
2025-12-02,350,99.6443797856049,99.59523736600306,0.2189280245022971,0.9888667687595712,98.96540581929557,99.12924961715161,11.9735528330781,1.3654517611026034,13.916385911179173,491270.3999999956
2025-12-03,350,99.6719908116386,99.63229709035222,0.18698315467075038,0.9889739663093414,98.99160796324655,99.27437978560489,11.685084226646248,1.35635528330781,13.988162327718225,409389.1200000038
2025-12-04,350,99.68101226993865,99.66826687116564,0.17608895705521474,0.9891104294478528,98.97407975460122,99.05872699386504,11.002469325153374,1.3705981595092025,13.967684049079756,530245.4399999995
2025-12-05,350,99.6907208588957,99.64303680981595,0.15693251533742333,0.9889110429447853,98.95889570552147,98.67863496932516,11.434539877300613,1.3595705521472394,13.503343558282209,744361.9199999946
2025-12-06,350,99.67872699386503,99.63858895705522,0.171180981595092,0.9889417177914109,98.96696319018405,97.77236196319019,10.814325153374233,1.3436196319018405,14.086380368098158,1254890.8799999962
2025-12-07,350,99.68522411128284,99.62916537867079,0.19629057187017002,0.9885316846986091,98.9048686244204,98.51496136012365,11.696043276661515,1.2951159196290574,13.998902627511594,830148.4799999964
2025-12-08,350,99.67550231839259,99.6225656877898,0.24077279752704792,0.9863678516228748,98.70412673879443,97.6570942812983,11.208408037094282,1.1870015455950542,14.013029366306029,1309703.0400000024
2025-12-09,350,99.67310664605873,99.6434312210201,0.25579598145285937,0.9855023183925812,98.61098918083462,98.83430555555555,11.392302936630601,1.1561669242658423,14.179443585780525,652639.6800000053
2025-12-10,350,99.67831790123458,99.63305555555556,0.26969135802469135,0.9831172839506171,98.35813271604938,98.01923547400612,11.39770061728395,1.1236882716049383,14.0035528330781,1119242.8799999934
2025-12-11,350,99.68715160796324,99.64483920367535,0.18826952526799387,0.9884686064318531,98.92329249617153,98.29090076335878,11.962863705972435,1.3351607963246555,13.820643185298621,967213.4399999995
2025-12-12,350,99.69303215926493,99.64150076569679,0.16909647779479325,0.9881470137825421,98.87932618683001,99.0056183206107,11.554915773353752,1.349770290964778,13.45938744257274,562740.479999999
2025-12-13,350,99.69235834609495,99.63465543644716,0.169739663093415,0.9892955589586524,98.99912710566616,99.10688549618321,11.695788667687596,1.4116998468606432,13.880581929555897,505431.3600000002
2025-12-14,350,99.69949618320611,99.63870229007634,0.17309923664122137,0.988763358778626,98.96422900763359,99.03248854961832,11.98581679389313,1.343679389312977,14.034946564885495,547534.0799999975
2025-12-15,350,99.70468702290076,99.6327786259542,0.17058015267175572,0.9891603053435114,98.98465648854962,99.43967938931297,12.020916030534352,1.3750534351145038,13.99812213740458,317096.6400000019
2025-12-16,350,99.69726717557252,99.63367938931297,0.17341984732824428,0.9891145038167939,98.97789312977099,98.99741984732825,11.9113893129771,1.3701832061068702,14.13012213740458,567380.159999997
2025-12-17,350,99.69119083969466,99.62641221374047,0.2021679389312977,0.9877251908396947,98.84290076335877,99.26961832061069,11.853190839694657,1.2358931297709923,14.0273893129771,413337.6000000004
2025-12-18,350,99.6807786259542,99.63858015267175,0.207206106870229,0.9873893129770992,98.79622900763358,98.89535877862595,11.560900763358779,1.2308702290076337,13.89248854961832,625138.560000001
2025-12-19,350,99.67870229007634,99.63198473282442,0.2392824427480916,0.9832671755725191,98.3692213740458,98.7329465648855,10.811083969465649,1.1291450381679389,13.750229007633587,717050.8800000018
2025-12-20,350,99.67752671755726,99.63767938931298,0.2458320610687023,0.9841526717557252,98.43578625954198,98.78369465648855,11.340809160305342,1.1743969465648856,13.934381679389313,688331.5199999986
2025-12-21,350,99.68564885496183,99.63937404580153,0.22911450381679388,0.9863511450381679,98.70149618320612,98.59786259541984,11.51479389312977,1.152503816793893,14.040824427480915,793497.600000005
2025-12-22,350,99.69641221374046,99.65291603053436,0.189587786259542,0.988412213740458,98.89247328244275,99.49331297709924,11.795496183206106,1.3019541984732823,14.011480916030536,286744.32000000076
2025-12-23,350,99.69036641221375,99.6413893129771,0.16726717557251908,0.9873893129770992,98.7992824427481,99.51357251908397,11.69891603053435,1.377740458015267,14.030625954198472,275279.03999999946
2025-12-24,350,99.6700610687023,99.6685038167939,0.23433587786259544,0.9859236641221374,98.65009160305343,99.5137251908397,11.728167938931298,1.37206106870229,13.85503816793893,275192.63999999873
2025-12-25,350,99.69725190839694,99.68948091603053,0.17290076335877863,0.987969465648855,98.87873282442749,99.35822900763358,12.296030534351145,1.6022442748091603,13.601908396946564,363191.0400000041
2025-12-26,350,99.69719083969466,99.66740458015268,0.18851908396946565,0.9864274809160306,98.71422900763359,99.55351145038168,11.60357251908397,1.4768244274809161,13.393465648854962,252676.7999999985
2025-12-27,350,99.64059541984733,99.6882290076336,0.1857557251908397,0.9866106870229008,98.7101679389313,98.12485496183206,11.577893129770993,1.5120458015267175,13.810152671755725,1061182.0800000045
2025-12-28,350,99.68607633587786,99.66920610687023,0.2716946564885496,0.9861679389312976,98.65838167938931,99.5573893129771,11.830442748091603,1.3184122137404581,14.019175572519083,250482.24000000188
2025-12-29,350,99.69254961832061,99.66778625954198,0.16906870229007634,0.9885038167938932,98.91810687022901,98.62970992366412,12.033038167938932,1.5209160305343512,13.932213740458016,775474.5600000003
2025-12-30,350,99.69708141321046,99.68356374807988,0.17055299539170507,0.9896313364055299,99.0321812596006,98.89154670750384,12.3973579109063,1.5729493087557604,13.96113323124043,625380.479999999
2025-12-31,350,99.69074809160306,99.67007633587787,0.18259541984732824,0.9889465648854961,98.96242748091603,98.81603053435114,11.961312977099237,1.5438473282442748,14.001435114503817,670032.0000000027
2026-01-01,350,99.68447328244275,99.68590839694656,0.20358778625954196,0.9884427480916029,98.91099236641222,99.25128244274809,12.154076335877862,1.5222290076335876,13.964610687022901,423714.2400000009
2026-01-02,350,99.70038167938931,99.684,0.15868702290076336,0.988763358778626,98.95181679389313,99.50587786259541,12.156152671755725,1.6098320610687025,13.348732824427481,279633.6000000025
2026-01-03,350,99.69395419847328,99.6805038167939,0.17746564885496183,0.988412213740458,98.92407633587786,99.2892824427481,11.824809160305344,1.575053435114504,13.905236641221375,402209.279999992
2026-01-04,350,99.66070229007634,99.72175572519085,0.1897557251908397,0.9882290076335878,98.90929770992366,99.35670229007634,11.963557251908398,1.664351145038168,14.172641221374045,364055.0399999991
2026-01-05,350,99.69335877862595,99.75471755725191,0.1734351145038168,0.9903358778625954,99.11551145038167,99.21311450381678,11.79406106870229,1.816091603053435,14.265374045801526,445314.2400000082
2026-01-06,350,99.61838167938932,99.73012213740458,0.2639083969465649,0.9896488549618321,99.02899236641221,98.35977099236642,11.35836641221374,1.6883664122137407,14.304137404580151,928238.3999999932
2026-01-07,350,99.66734351145038,99.74735877862595,0.19097709923664122,0.9894198473282444,99.0155572519084,99.42903816793893,10.793083969465648,1.7860458015267173,14.405877862595421,323118.7199999994
2026-01-08,350,99.66919083969465,99.74998473282443,0.1955267175572519,0.9890076335877862,98.98529770992367,98.83491603053436,11.170809160305344,1.8227175572519085,14.142778625954199,659344.3199999956
2026-01-09,350,99.68095238095239,99.74605222734255,0.18351766513056836,0.9880184331797236,98.88969278033794,98.7602752293578,11.189923195084486,1.8258678955453151,13.612844036697247,700513.9200000007
2026-01-10,350,99.67352671755725,99.72725190839695,0.28253435114503817,0.9881832061068702,98.89375572519084,98.91338931297709,11.172351145038169,1.682503816793893,14.025755725190841,614934.7200000082
2026-01-11,350,99.6289465648855,99.64025954198473,0.4816335877862596,0.9812824427480916,98.19456488549619,99.34424427480917,10.804946564885496,1.6058931297709922,14.270488549618321,371105.2799999956
2026-01-12,350,99.6883358778626,99.73716030534351,0.26236641221374046,0.9863511450381679,98.686,99.420106870229,11.481618320610687,1.710580152671756,14.293068702290078,328173.11999999976
2026-01-13,350,99.7,99.75754198473282,0.20268702290076335,0.9860763358778626,98.66569465648855,99.40172519083968,11.860946564885497,1.799465648854962,14.237709923664124,338575.6800000056
2026-01-14,350,99.68083969465648,99.74265648854963,0.26682442748091606,0.9830992366412213,98.36364885496184,99.20729770992367,10.705358778625955,1.7142900763358777,14.224748091603052,448606.0799999969
2026-01-15,350,99.68619847328245,99.76303816793893,0.18651908396946565,0.9848396946564885,98.52126717557252,99.23447328244275,11.353358778625953,1.8217557251908396,14.088167938931297,433226.8800000002
2026-01-16,350,99.69006106870229,99.72085496183206,0.2827480916030534,0.9827175572519083,98.2922748091603,99.31114503816795,11.558809160305344,1.7037099236641222,13.873541984732825,389836.7999999953
2026-01-17,350,99.67896183206108,99.73781679389313,0.2843206106870229,0.9831603053435115,98.35131297709924,98.96769465648855,11.450839694656489,1.6960763358778628,14.35120610687023,584202.2400000013
2026-01-18,350,99.68830534351144,99.7455572519084,0.2689465648854962,0.9799541984732825,98.02879389312977,99.30807633587786,10.707404580152673,1.6801068702290076,14.52018320610687,391573.44000000175
2026-01-19,350,99.68362252663623,99.72978691019787,0.323896499238965,0.9806697108066971,98.09016742770167,98.57397260273973,11.43917808219178,1.6004261796042618,14.664368340943684,809481.5999999952
2026-01-20,350,99.65829268292683,99.70835365853658,0.40291158536585364,0.9789176829268292,97.91181402439025,98.55101978691019,11.033810975609757,1.5380030487804877,14.59269406392694,822510.7200000057
2026-01-21,350,99.6753506097561,99.73637195121951,0.29312499999999997,0.979969512195122,97.98251524390244,99.18900914634146,11.083521341463415,1.7009756097560975,14.475807926829267,459656.63999999803
2026-01-22,350,99.6691768292683,99.72336890243902,0.32266768292682924,0.9779420731707317,97.79829268292683,98.429375,11.577942073170732,1.6866768292682928,14.31155487804878,890205.1200000019
2026-01-23,350,99.68971036585366,99.74746951219511,0.21274390243902438,0.980640243902439,98.09762195121951,98.88925418569254,11.521051829268293,1.8040701219512196,13.852313546423135,630512.6400000055
2026-01-24,350,99.68543378995435,99.76152207001523,0.1873668188736682,0.9789193302891933,97.9089193302892,99.11840182648402,11.730426179604262,1.8383409436834093,14.210152207001522,500437.44000000186
2026-01-25,350,99.68044207317074,99.76042682926828,0.1803658536585366,0.9789024390243902,97.91022865853658,99.07597560975609,10.993216463414635,1.8309451219512194,14.64047256097561,523722.2400000077
2026-01-26,350,99.67707762557077,99.76400304414003,0.17840182648401828,0.9771385083713852,97.72318112633181,98.26917808219177,10.736468797564687,1.7531506849315068,14.872161339421615,982497.6000000021
2026-01-27,350,99.66664122137405,99.75145038167939,0.20312977099236643,0.9770992366412213,97.71303816793893,98.45199391171994,11.425618320610686,1.7715114503816793,14.648310502283106,878722.5600000011
2026-01-28,350,99.68555555555557,99.74923896499239,0.20573820395738202,0.9784627092846271,97.85176560121765,99.1238203957382,11.139604261796043,1.7335464231354643,14.696453576864535,497361.59999999957
2026-01-29,350,99.6827092846271,99.76056316590564,0.19074581430745816,0.9771689497716894,97.72505327245054,98.38319634703197,11.436057838660577,1.769132420091324,14.545418569254187,917775.3599999993
2026-01-30,350,99.6841768292683,99.73121951219512,0.24045731707317075,0.9772865853658537,97.74734756097561,99.38158536585365,11.139649390243902,1.6884908536585368,14.099100609756098,350507.52000000316
2026-01-31,350,99.65581430745814,99.70270928462709,0.34225266362252665,0.9731659056316591,97.32159817351598,98.37802130898021,10.068584474885846,1.543972602739726,14.914566210045663,920712.9600000003
2026-02-01,350,99.66062404870624,99.70456621004567,0.3595738203957382,0.9713698630136985,97.15070015220701,96.38388127853881,10.30158295281583,1.519330289193303,15.241308980213088,2052682.5600000028
2026-02-02,350,99.67942073170731,99.72257621951219,0.3026676829268293,0.9719664634146342,97.20760670731708,98.81396341463415,11.499771341463415,1.6116158536585365,14.72341463414634,672226.560000002
2026-02-03,350,99.67111280487805,99.74967987804878,0.186875,0.9749390243902438,97.48286585365854,98.67216133942162,10.938856707317074,1.7408689024390245,14.711765601217655,753744.9599999987
2026-02-04,350,99.63443597560976,99.74025914634146,0.2227591463414634,0.9744969512195122,97.44628048780488,98.78528963414634,10.879618902439024,1.7024237804878048,15.02064024390244,688478.4000000043
2026-02-05,350,99.6634094368341,99.73811263318113,0.22990867579908678,0.9735768645357686,97.37401826484019,99.00025875190258,11.277747336377473,1.7297564687975648,14.718325722983257,567501.1200000036
2026-02-06,350,99.6811737804878,99.72275914634146,0.2208689024390244,0.9760365853658536,97.60091463414633,99.42498475609756,10.909679878048781,1.6722865853658537,14.22842987804878,325909.4400000026
2026-02-07,350,99.67882442748092,99.73977099236642,0.2151297709923664,0.9742290076335878,97.42825954198473,99.15323170731706,10.939465648854963,1.716290076335878,14.774771341463415,479934.72000000876
2026-02-08,350,99.6734756097561,99.75138719512195,0.19429878048780488,0.9727286585365854,97.27182926829268,98.93544901065448,11.141295731707316,1.756814024390244,14.766286149162863,604290.2400000087
2026-02-09,350,99.68587519025876,99.75281582952817,0.2094977168949772,0.9744292237442923,97.4358295281583,99.01126331811264,11.393135464231355,1.7612785388127856,14.826392694063928,561254.3999999955
2026-02-10,350,99.6925762195122,99.74762195121951,0.24025914634146345,0.9738567073170732,97.3761737804878,96.89246951219512,11.553292682926829,1.7108993902439023,14.723048780487805,1761298.5599999994
2026-02-11,350,99.67878048780487,99.74268292682926,0.23225609756097562,0.9733689024390243,97.3376524390244,99.30230182926829,11.381478658536585,1.7223323170731706,14.883170731707319,395444.1600000008
2026-02-12,350,99.66631659056316,99.74456621004566,0.22210045662100455,0.9739573820395738,97.39949771689498,99.01310502283106,10.886377473363776,1.7270624048706242,14.888249619482496,560208.9599999941
2026-02-13,350,99.67560121765601,99.7159512937595,0.2742161339421613,0.9750228310502284,97.51613394216133,99.02330289193303,11.173272450532725,1.6639878234398782,14.279010654490106,554420.1599999998
2026-02-14,350,99.66847792998479,99.74211567732115,0.22981735159817354,0.9746879756468798,97.44418569254186,99.2603500761035,10.968432267884323,1.77130898021309,14.973713850837138,419860.799999995
2026-02-15,350,99.68025875190258,99.7540487062405,0.18861491628614915,0.9743531202435312,97.43768645357686,92.77541856925419,11.011826484018265,1.786377473363775,15.099832572298325,4101019.1999999993
2026-02-16,350,99.6814916286149,99.73403348554034,0.24269406392694062,0.9741400304414003,97.43,99.17996960486322,11.37820395738204,1.7539726027397258,14.905738203957382,466197.1200000032
2026-02-17,350,99.68505327245053,99.75060882800608,0.21130898021308983,0.9759512937595131,97.61783866057839,99.2293009118541,11.253561643835617,1.8284322678843226,14.851126331811264,438151.6800000011
2026-02-18,350,99.69411854103343,99.73237082066868,0.3210790273556231,0.9748936170212766,97.49691489361702,99.1145896656535,12.71449848024316,1.7306990881458966,14.576899696048633,503366.39999999944
2026-02-19,350,99.73145896656536,99.76913373860182,0.17846504559270518,0.9793161094224924,97.92417933130699,99.34530395136778,13.495455927051673,1.8472644376899696,13.508829787234042,372202.5600000004
2026-02-20,350,99.70579908675799,99.72126331811263,0.35190258751902587,0.9791476407914763,97.9148401826484,99.40145896656536,12.535844748858446,1.5754337899543378,13.686362252663624,340277.75999999454
2026-02-21,350,99.70460486322189,99.7432066869301,0.23886018237082066,0.9779635258358662,97.80449848024317,99.06872340425532,12.262629179331308,1.7156686930091187,14.104604863221885,529441.9199999989
2026-02-22,350,99.71165653495441,99.75563829787235,0.1997112462006079,0.9775531914893617,97.76495440729482,99.2074924012158,12.358282674772036,1.7861094224924012,14.39468085106383,450550.0800000019
2026-02-23,350,99.71629179331308,99.75896656534954,0.1716261398176292,0.9771580547112463,97.71939209726443,98.75019756838905,12.60176291793313,1.7809270516717324,14.341519756838904,710527.6800000026
2026-02-24,350,99.69732522796352,99.73676291793312,0.22650455927051671,0.9781306990881459,97.83106382978723,98.63259484066768,12.297188449848024,1.763905775075988,14.437177541729895,778567.6800000016
2026-02-25,350,99.69561456752656,99.74066767830047,0.22154779969650987,0.9768588770864947,97.70224582701061,91.63781487101669,11.803156297420333,1.746236722306525,14.554264036418816,4761227.520000002
2026-02-26,350,99.68273141122913,99.71795144157815,0.28339908952959025,0.9771775417298938,97.73229135053111,99.27078907435508,12.078437025796662,1.6056297420333838,14.467116843702579,415195.2000000012
2026-02-27,350,99.68619119878603,99.7366009104704,0.23444613050075871,0.9790288315629742,97.90804248861912,93.42124430955994,11.79690440060698,1.683216995447648,14.04647951441578,3745785.6000000015
2026-02-28,350,99.6850531107739,99.74062215477998,0.24432473444613048,0.9784673748103185,97.84042488619119,99.23447647951441,11.511047040971167,1.6698179059180578,14.53329286798179,435870.7200000029
2026-03-01,350,99.680531107739,99.73019726858877,0.267845220030349,0.9775417298937785,97.75582701062216,99.44220030349014,11.419833080424887,1.6684066767830046,14.85608497723824,317597.7600000004
2026-03-02,350,99.67257966616084,99.71769347496208,0.36614567526555386,0.9785584218512898,97.86531107738998,99.25344461305006,11.41784522003035,1.5958421851289835,14.857784522003035,425070.72000000445
2026-03-03,350,99.68411229135053,99.74969650986344,0.178103186646434,0.9796509863429439,97.97895295902883,99.06009104704097,10.87309559939302,1.6906676783004553,15.005751138088014,535161.6000000031
2026-03-04,350,99.67855842185129,99.72450682852806,0.36567526555386953,0.9788315629742033,97.89157814871017,92.68617602427922,11.173581183611534,1.5169954476479515,14.869544764795146,4164315.8399999943
2026-03-05,350,99.68501519756839,99.7359726443769,0.26396656534954405,0.9790729483282675,97.92281155015198,98.97489361702128,11.226550151975683,1.6701367781155017,14.895,582785.2800000005
2026-03-06,350,99.68012176560121,99.74455098934551,0.24188736681887368,0.9807914764079148,98.08663622526636,93.49867781155015,10.846605783866059,1.6399543378995434,14.508039513677813,3696079.679999997
2026-03-07,350,99.67386605783867,99.73127853881279,0.2917351598173516,0.9792694063926941,97.93601217656013,98.93408814589665,10.809208523592085,1.65013698630137,14.740805471124622,605983.6800000048
2026-03-08,350,99.68424012158054,99.7359574468085,0.2722644376899696,0.9792401215805472,97.92179331306991,98.6473708206687,11.013404255319148,1.624240121580547,14.987462006079028,768985.9199999957
2026-03-09,350,99.68789954337899,99.74479452054794,0.221248097412481,0.9809436834094368,98.11208523592086,98.86831306990881,11.0075799086758,1.5951293759512937,15.048677811550153,643377.6000000034
2026-03-10,350,99.6669604863222,99.74354103343465,0.23215805471124618,0.9782218844984801,97.82577507598785,98.5354779969651,10.735714285714286,1.5860182370820668,14.98556904400607,833863.6799999969
2026-03-11,350,99.67363774733639,99.75560121765601,0.19479452054794522,0.9787366818873667,97.87753424657534,93.06189681335357,10.505768645357687,1.6520852359208524,14.96,3950389.439999996
2026-03-12,350,99.67050151975684,99.74949848024316,0.21440729483282678,0.9789361702127659,97.90142857142857,98.84948406676783,10.784270516717326,1.5056079027355624,14.890257966616085,655076.1599999976
2026-03-13,350,99.64560790273556,99.70389057750761,0.3017629179331307,0.9759878419452889,97.60983282674772,92.84540212443096,10.462857142857143,1.6097720364741641,14.530728376327769,4073656.319999995
2026-03-14,350,99.65601823708207,99.73186930091187,0.24422492401215803,0.977355623100304,97.72838905775076,98.74024279210926,10.885759878419453,1.4861246200607903,14.745280728376327,717275.5200000001
2026-03-15,350,99.67479389312977,99.74570992366412,0.21213740458015265,0.9789160305343511,97.90601526717558,98.71958966565349,11.033557251908396,1.594030534351145,14.992572298325724,727928.6400000063
2026-03-16,350,99.65712977099237,99.73835114503817,0.23051908396946566,0.9725343511450382,97.270106870229,95.61673252279635,9.645847328244274,1.537969465648855,15.335799086757993,2491940.1599999988
2026-03-17,350,99.67164110429448,99.73647239263803,0.202760736196319,0.979217791411043,97.92314417177914,92.59563165905632,9.443420245398773,1.5646319018404908,15.278917682926828,4203074.879999997
2026-03-18,350,99.6709907120743,99.7330959752322,0.23188854489164087,0.9789164086687306,97.90227554179567,96.66776923076924,10.748777089783282,1.508312693498452,14.983543913713405,1871380.7999999945
2026-03-19,350,99.67068702290076,99.72995419847328,0.23645801526717555,0.9783358778625953,97.83349618320611,96.67928462709284,11.713404580152671,1.4981374045801525,14.669176829268292,1884997.4400000018
2026-03-20,350,99.68435975609756,99.7313262195122,0.26419207317073173,0.9777591463414633,97.7646493902439,98.54673252279635,12.078170731707317,1.7613871951219513,14.972283105022832,826200.0000000054
2026-03-21,350,99.69085365853658,99.7401219512195,0.2299237804878049,0.9760365853658536,97.61868902439025,98.596499238965,11.931996951219512,1.6031097560975611,13.749878234398782,796694.3999999977
2026-03-22,350,99.66919330289194,99.73170471841705,0.22770167427701674,0.9777473363774734,97.7592085235921,98.86231003039514,10.740045662100457,1.603455098934551,14.18357142857143,646790.3999999984
2026-03-23,350,99.67158295281584,99.74170471841705,0.23508371385083712,0.9755251141552511,97.57138508371385,98.7169452887538,11.134566210045662,1.4853272450532724,14.467340425531916,729431.999999994
2026-03-24,350,99.68032012195123,99.74001524390243,0.22307926829268293,0.9772865853658537,97.73957317073172,98.53773556231003,11.011341463414633,1.5430182926829268,15.013768996960486,831314.8799999969
2026-03-25,350,99.68170212765958,99.74079027355623,0.2116565349544073,0.9773100303951366,97.72785714285715,98.17362670713202,10.783115501519756,1.568434650455927,15.031229135053112,1039893.120000004
2026-03-26,350,99.63907294832826,99.71835866261397,0.25053191489361704,0.9782826747720366,97.83886018237082,98.84869499241275,10.885790273556232,1.523206686930091,14.872033383915022,655525.4400000012
2026-03-27,350,99.65623100303952,99.68998480243161,0.38268996960486323,0.9749392097264438,97.48519756838905,98.98585735963582,10.484072948328269,1.388905775075988,14.48927162367223,577428.4799999951
2026-03-28,350,99.6506697108067,99.68719939117199,0.37424657534246575,0.9727092846270927,97.29036529680364,99.0737386018237,10.722891933028919,1.475677321156773,15.101641337386017,526590.7200000035
2026-03-29,350,99.58965045592704,99.68369300911853,0.3516261398176292,0.9740425531914892,97.40928571428572,98.99810030395136,11.167522796352584,1.500273556231003,15.141671732522795,569592.0000000021
2026-03-30,350,99.62191198786039,99.6481942336874,0.4650379362670713,0.9735204855842184,97.34150227617603,98.81447647951441,11.091623672230652,1.457556904400607,15.077344461305007,675008.6400000018
2026-03-31,350,99.59678300455235,99.63089529590287,0.5249317147192716,0.9729590288315629,97.3047344461305,96.07206373292868,10.865265553869499,1.4186646433990895,15.061305007587253,2236472.639999999
2026-04-01,350,99.60626707132018,99.65297420333839,0.4636722306525038,0.9729742033383915,97.30552352048558,99.03511380880121,10.729210925644917,1.4162822458270108,15.120576631259484,549383.0400000013
2026-04-02,350,99.64549317147194,99.71221547799698,0.274597875569044,0.9747496206373293,97.47450682852806,98.69649468892261,10.80556904400607,1.4241729893778452,15.068315629742035,742184.6400000005
2026-04-03,350,99.64732928679817,99.70444613050076,0.28256449165402125,0.9754931714719272,97.55033383915023,99.07145675265554,10.652230652503793,1.3727162367223065,14.506752655538696,528690.2399999992
2026-04-04,350,99.63353566009104,99.70001517450683,0.29207890743550835,0.975402124430956,97.54631259484066,99.12461305007588,10.144203338391502,1.3638391502276175,15.288831562974204,498424.31999999424
2026-04-05,350,99.65188163884673,99.70338391502275,0.2639301972685888,0.9748406676783004,97.50763277693474,98.0997875569044,10.40113808801214,1.4328072837632777,15.43640364188164,1081935.3599999973
2026-04-06,350,99.6058358662614,99.61249240121582,0.4769148936170213,0.9675835866261397,96.77705167173252,98.72040971168437,10.73870820668693,1.3598024316109423,15.371077389984826,728568.000000003
2026-04-07,350,99.62694992412747,99.63250379362671,0.35722306525037933,0.9679362670713202,96.80280728376329,99.14591805766312,10.40649468892261,1.2482397572078907,15.311320182094082,486293.75999999803
2026-04-08,350,99.64599393019728,99.63898330804248,0.27541729893778455,0.9747344461305008,97.48735963581183,99.376813353566,10.317359635811837,1.2628831562974203,15.350773899848255,354827.5200000012
2026-04-09,350,99.6510303030303,99.64292424242424,0.243530303030303,0.9773787878787877,97.72860606060605,99.43,10.871166666666667,1.3651212121212122,15.018393939393938,325036.79999999586
2026-04-10,350,99.64921212121212,99.64125757575756,0.2144848484848485,0.9777121212121211,97.79210606060606,99.56584848484849,10.648787878787878,1.3871060606060606,14.403348484848484,247570.56000000003
2026-04-11,350,99.64945454545455,99.65268181818182,0.23448484848484846,0.9784696969696969,97.83719696969698,99.33378787878789,10.509500000000001,1.3586060606060606,15.11801515151515,379900.7999999979
2026-04-12,350,99.65913636363636,99.65786363636364,0.24662121212121213,0.9781515151515152,97.82025757575758,99.29974242424242,10.488909090909091,1.312969696969697,15.378181818181819,399314.88000000187
2026-04-13,350,99.6591515151515,99.64813636363637,0.25013636363636366,0.9770909090909091,97.71193939393939,99.12798484848486,10.671818181818182,1.303060606060606,15.348075757575756,497257.919999992
2026-04-14,350,99.64702579666161,99.66022761760242,0.25934749620637326,0.976525037936267,97.68758725341426,98.81211800302572,10.077708649468892,1.2755690440060699,15.40210606060606,678404.1600000007
2026-04-15,350,99.65475683890578,99.66080547112462,0.2501519756838906,0.9759574468085106,97.61968085106383,99.33168437025797,10.107082066869301,1.2874924012158053,15.363535660091047,380522.87999999366
2026-04-16,350,99.65259484066767,99.63825493171473,0.2784825493171472,0.9761911987860393,97.61670713201822,99.27761760242792,10.561987860394538,1.2687860394537178,15.250849772382397,411307.19999999745
2026-04-17,350,99.6673708206687,99.64132218844986,0.24541033434650456,0.9778419452887538,97.79708206686931,99.46435508345978,10.578176291793312,1.351033434650456,14.550470409711684,304983.36000000616
2026-04-18,350,99.65655538694992,99.6491957511381,0.2510773899848255,0.9767374810318664,97.69270106221548,99.45419696969698,10.579195751138087,1.3288619119878604,15.135333333333334,311238.7199999918
2026-04-19,350,99.6610741301059,99.65364599092284,0.24639939485627838,0.9750226928895613,97.52503782148261,99.59475037821483,10.58783661119516,1.2952496217851739,15.324417549167928,231439.68000000078
2026-04-20,350,99.66431164901664,99.643328290469,0.26647503782148263,0.9755673222390318,97.56738275340393,99.65021180030256,10.748154311649015,1.278018154311649,15.286323751891075,199765.44000000836
2026-04-21,350,99.66393343419062,99.65573373676249,0.25726172465960667,0.9751891074130106,97.52278366111952,99.34901664145234,10.743797276853252,1.3013615733736763,15.262995461422088,371779.20000000467
2026-04-22,350,99.65406959152799,99.64193645990925,0.27824508320726177,0.9739788199697428,97.37833585476551,98.90537065052949,10.4942965204236,1.2730257186081695,15.236369137670197,625147.2000000065
2026-04-23,350,99.65922844175492,99.65350983358547,0.2429500756429652,0.9759152798789713,97.61532526475038,99.62428139183055,10.744871406959152,1.3458850226928896,15.09105900151286,214574.40000000602
2026-04-24,350,99.66783661119516,99.65499243570348,0.24225416036308622,0.975839636913767,97.59662632375189,99.62413010590015,10.669485627836611,1.31517397881997,14.295037821482603,214660.79999999792
2026-04-25,350,99.6577004538578,99.65201210287442,0.23184568835098335,0.9747049924357034,97.47146747352497,99.47892586989411,10.613888048411498,1.34642965204236,15.011119515885023,297587.51999999525
2026-04-26,350,99.66354009077156,99.65467473524963,0.22261724659606658,0.9749924357034796,97.50090771558244,99.57205748865356,10.72124054462935,1.315748865355522,15.322208774583963,244399.6800000009
2026-04-27,350,99.6754462934947,99.64948562783661,0.2044175491679274,0.9786384266263237,97.88019667170953,99.49119515885022,10.789878971255673,1.4448562783661119,15.339788199697429,290580.4800000035
2026-04-28,350,99.66234493192133,99.66146747352495,0.24883509833585474,0.9773524962178517,97.74420574886535,99.3118154311649,10.592768532526474,1.2877004538577912,15.103282904689864,393024.95999999694
2026-04-29,350,99.66951588502269,99.66113464447805,0.22916792738275338,0.9780030257186082,97.82783661119515,99.47037821482601,10.759001512859303,1.4335098335854766,15.191361573373676,302469.1200000028
2026-04-30,350,99.66677760968231,99.67010590015128,0.23704992435703479,0.976928895612708,97.70006051437215,99.47343419062028,11.107186081694403,1.4448865355521938,14.955431164901665,300723.83999999554
2026-05-01,350,99.67875757575757,99.67313636363637,0.20745454545454545,0.9800606060606061,98.02233333333334,99.2892284417549,10.501454545454546,1.3849090909090909,14.363524962178518,405924.4800000122
2026-05-02,350,99.63868181818182,99.64474242424242,0.25068181818181823,0.9791666666666666,97.92139393939394,96.30290468986385,10.611075757575758,1.4862575757575758,14.660484114977306,2111425.919999993
2026-05-03,350,99.66397881996974,99.65597579425115,0.26878971255673223,0.9784568835098336,97.87258698940998,99.4501815431165,10.594674735249622,1.3974735249621786,15.320075642965204,314003.51999999414
2026-05-04,350,99.67275340393344,99.68163388804841,0.22629349470499246,0.9789409984871408,97.92712556732224,99.4382904689864,10.75730711043873,1.463161875945537,15.379319213313162,320794.55999999674
2026-05-05,350,99.65975794251136,99.67263237518911,0.24827534039334345,0.9768683812405446,97.68729198184569,99.51087745839638,10.489046898638428,1.2554916792738275,15.417609682299547,279339.83999999723
2026-05-06,350,99.65661119515886,99.67370650529502,0.2288804841149773,0.9784568835098336,97.86845688350984,99.14136157337369,10.13231467473525,1.3480332829046897,15.46304084720121,490371.83999999356
2026-05-07,350,99.64432677760968,99.68124054462935,0.25198184568835097,0.977125567322239,97.71184568835098,99.4174432677761,10.666520423600605,1.4092284417549168,15.242859304084721,332700.48000000074
2026-05-08,350,99.67249621785174,99.67638426626323,0.27344931921331317,0.976535552193646,97.68317700453858,99.505189107413,10.68515885022693,1.2238729198184568,14.464674735249622,282588.4800000028
2026-05-09,350,99.66216666666666,99.68386363636364,0.24156060606060606,0.9776818181818182,97.7843787878788,98.97623298033282,10.608954545454544,1.383530303030303,15.081119515885025,584677.4400000032
2026-05-10,350,99.62131618759456,99.6804084720121,0.2520877458396369,0.9750983358547655,97.53645990922844,98.64558245083208,10.13590015128593,1.2816792738275342,15.420741301059003,773513.2799999951
2026-05-11,350,99.66083207261724,99.67576399394855,0.26285930408472014,0.9772012102874432,97.7428895612708,99.25093797276853,10.813509833585476,1.294251134644478,15.382738275340394,427792.32000000315
2026-05-12,350,99.65369137670196,99.68552193645992,0.2764145234493192,0.9696520423600604,96.99416036308624,98.8495915279879,10.478472012102873,1.2023449319213313,15.405461422087747,657002.8799999977
2026-05-13,350,99.65709531013616,99.67853252647502,0.24225416036308622,0.977125567322239,97.72467473524962,98.98558245083207,10.487004538577912,1.325824508320726,15.472511346444781,579337.9200000039
2026-05-14,350,99.65081942336874,99.6811229135053,0.2259787556904401,0.9798027314112291,97.99619119878604,98.98401515151515,10.37916540212443,1.421866464339909,15.291954545454546,579355.200000002
2026-05-15,350,99.65737878787878,99.68648484848485,0.25696969696969696,0.9752424242424242,97.53318181818182,99.00620272314674,10.416242424242425,1.2424545454545455,14.535718608169441,567561.6000000035
2026-05-16,350,99.6525606060606,99.68593939393939,0.24984848484848485,0.9766969696969697,97.6924696969697,99.20822995461423,10.360363636363637,1.2627878787878788,15.243706505295007,452183.039999998
2026-05-17,350,99.6599393939394,99.68866666666668,0.22659090909090912,0.9780151515151515,97.82660606060605,98.9539636913767,10.318999999999999,1.3899696969696969,15.575863636363636,597395.5200000007
2026-05-18,350,99.66925757575758,99.68489393939394,0.21081818181818185,0.9786666666666666,97.87628787878788,98.93809379727685,10.615878787878787,1.4729696969696968,15.491166666666667,606458.8800000022
2026-05-19,350,99.668517397882,99.68158850226929,0.2249319213313162,0.9773222390317701,97.7617397881997,98.93226928895614,10.753328290468986,1.3767624810892587,15.439742813918306,609785.2799999974
2026-05-20,350,99.65877272727272,99.68095454545454,0.2512424242424242,0.9757121212121213,97.55289393939394,99.04747352496217,10.611924242424243,1.385939393939394,15.341527987897125,543991.6800000045
2026-05-21,350,99.65316666666666,99.67399999999999,0.22357575757575757,0.9772575757575758,97.7470606060606,99.34519696969697,10.6695,1.4733181818181817,15.360015151515153,373394.8800000001
2026-05-22,350,99.668517397882,99.68649016641453,0.22777609682299546,0.9787291981845687,97.88662632375188,99.33936459909229,10.626807866868381,1.3525113464447807,14.539500756429653,377291.51999999414
2026-05-23,350,99.65667170953101,99.68205748865356,0.228910741301059,0.9755219364599091,97.58170953101362,99.3534039334342,10.666384266263238,1.4126626323751892,15.070711043872919,369273.59999999905
2026-05-24,350,99.65338880484114,99.67520423600605,0.23199697428139182,0.9744780635400908,97.4628139183056,99.49476550680785,10.73196671709531,1.360877458396369,15.22464447806354,288541.4400000111
2026-05-25,350,99.67293494704992,99.68285930408472,0.23373676248108927,0.9745990922844177,97.4715582450832,99.35543116490167,11.68196671709531,1.4206354009077156,14.778124054462936,368115.8399999937
2026-05-26,350,99.69788199697429,99.68468986384266,0.23652042360060516,0.9735854765506807,97.37714069591529,99.45013615733735,13.000423600605144,1.3137972768532526,13.699894099848713,314029.44000000757
2026-05-27,350,99.74491679273828,99.69267776096824,0.2281391830559758,0.9744175491679274,97.4617397881997,99.46118003025718,13.757715582450833,1.4849621785173979,13.203661119515886,307722.24000000395
2026-05-28,350,99.70169440242059,99.67830559757942,0.2340695915279879,0.9756732223903176,97.58422087745839,99.45299546142208,12.401452344931922,1.372965204236006,12.822314674735248,312396.4800000056
2026-05-29,350,99.68484114977306,99.67806354009076,0.2232072617246596,0.9749924357034796,97.50956127080181,99.4628139183056,11.628714069591528,1.3648260211800303,13.313419062027231,306789.1199999965
2026-05-30,350,99.6560060514372,99.6750378214826,0.23910741301059002,0.9749016641452345,97.48083207261725,99.0020726172466,10.415673222390318,1.3211649016641451,14.07767019667171,569920.3200000008
2026-05-31,350,99.67111951588502,99.67993948562784,0.21514372163388806,0.9752798789712557,97.55456883509834,99.40199697428139,10.544614220877458,1.3261270801815432,14.877170953101361,341521.91999999963
2026-06-01,350,99.66298033282904,99.66677760968231,0.23561270801815432,0.9738124054462934,97.40346444780636,98.84757942511347,10.492481089258698,1.366838124054463,15.114765506807867,658152.0000000007
2026-06-02,350,99.66210287443266,99.66727685325266,0.23063540090771556,0.9752344931921332,97.53400907715583,99.09798789712556,10.462753403933434,1.3888502269288956,15.290605143721635,515142.72000000346
2026-06-03,350,99.65328290468987,99.66161875945538,0.2233585476550681,0.9756127080181543,97.55580937972769,98.00776096822995,10.116989409984871,1.4020423600605143,15.342481089258698,1137775.6800000083
2026-06-04,350,99.64426626323753,99.67031770045386,0.2532375189107413,0.9749167927382753,97.50113464447806,97.72350983358547,9.804871406959153,1.2720121028744327,15.318335854765508,1300112.6400000069
2026-06-05,350,99.66195158850228,99.65933434190622,0.23260211800302572,0.9762783661119515,97.63285930408472,97.98695915279879,9.929773071104387,1.3315885022692888,14.552390317700453,1149655.679999999
2026-06-06,350,99.64282904689864,99.67396369137671,0.2507110438729198,0.9760211800302572,97.59730711043873,97.78364599092284,9.948593040847202,1.315552193645991,15.214856278366113,1265768.640000002
2026-06-07,350,99.63860606060605,99.67548484848486,0.2458787878787879,0.9754545454545454,97.5564393939394,97.55366111951588,9.755060606060606,1.300030303030303,15.710030257186082,1397113.9200000043
2026-06-08,350,99.65109090909091,99.67130303030302,0.24054545454545453,0.9742121212121212,97.43725757575757,98.59309090909092,10.094545454545454,1.3672727272727272,15.668939393939393,802275.8399999943
2026-06-09,350,99.64996965098635,99.6730804248862,0.267556904400607,0.9738846737481032,97.4011229135053,98.11342424242424,9.681760242792109,1.275311077389985,15.726878787878787,1075800.960000001
2026-06-10,350,99.6488922610015,99.67289833080426,0.2464795144157815,0.9715326251896813,97.1463884673748,97.2824696969697,9.825902883156298,1.2893323216995447,15.710727272727272,1549644.4799999995
2026-06-11,350,99.64417549167928,99.6739183055976,0.22983358547655067,0.9709682299546142,97.11319213313162,96.43223903177004,9.926701966717095,1.3724659606656582,15.47680786686838,2037562.5600000033
2026-06-12,350,99.67141122913506,99.68352048558422,0.22462822458270107,0.9717754172989378,97.18861911987861,98.86743939393939,10.313080424886191,1.4016691957511382,14.542943854324733,645831.3600000002
2026-06-13,350,99.66273141122915,99.683717754173,0.21814871016691956,0.9709104704097118,97.10523520485584,99.1310909090909,10.306858877086496,1.4136570561456754,15.204097116843702,495486.72000000405
2026-06-14,350,99.66472727272728,99.66303030303031,0.20343939393939395,0.9711969696969697,97.14207575757575,98.99671709531015,9.84630303030303,1.4546363636363637,15.722469696969696,572978.8799999924
2026-06-15,350,99.65919939577039,99.6740332326284,0.2309969788519637,0.9704833836858007,97.0655740181269,99.09231117824774,9.960407854984894,1.355785498489426,15.675664652567978,519168.9599999976
2026-06-16,350,99.65409984871407,99.67036308623298,0.24419062027231467,0.970499243570348,97.04186081694402,98.47912386706949,9.876051437216338,1.328502269288956,15.464992435703481,869892.480000001
2026-06-17,350,99.64960665658094,99.67012102874432,0.2290317700453858,0.9715279878971255,97.15290468986385,98.47155589123867,9.978048411497731,1.3787594553706506,15.619969742813916,874221.120000006
2026-06-18,350,99.66323262839879,99.6729758308157,0.23496978851963748,0.9706948640483384,97.07151057401812,98.83827794561934,10.532794561933535,1.3515407854984895,15.33191842900302,664467.8400000002
2026-06-19,350,99.66486404833837,99.68070996978852,0.22959214501510575,0.9711933534743201,97.15190332326284,99.33933534743203,10.564274924471299,1.3376132930513596,14.401299093655588,377879.04000000074
2026-06-20,350,99.66415407854984,99.6683081570997,0.2222356495468278,0.9687915407854986,96.91009063444109,99.14045317220543,10.077099697885195,1.4131722054380664,15.089848942598186,491633.28000000876
2026-06-21,350,99.6594856278366,99.66888048411498,0.2260968229954614,0.9738426626323753,97.39894099848713,98.96744712990936,10.226822995461422,1.338819969742814,15.543383685800602,590587.2000000041
2026-06-22,350,99.6497583081571,99.66522658610273,0.23895770392749244,0.9749093655589124,97.50049848942598,97.86320241691843,9.891933534743202,1.312250755287009,15.573897280966767,1222179.8400000012
2026-06-23,350,99.64437025796661,99.66610015174508,0.2499544764795144,0.9748861911987861,97.52632776934749,97.927250755287,10.017344461305008,1.2748710166919575,15.5907250755287,1185546.2399999995
2026-06-24,350,99.64251134644478,99.66479576399394,0.227125567322239,0.9746444780635402,97.53006051437217,96.83598187311178,9.999137670196673,1.3803025718608168,15.503927492447131,1809717.1200000036
2026-06-25,350,99.65188821752267,99.65383685800603,0.22623867069486406,0.976631419939577,97.69406344410876,97.37654078549849,10.140906344410876,1.41095166163142,15.289320241691843,1500534.7200000004
2026-06-26,350,99.66531013615734,99.6803025718608,0.24565809379727685,0.9730862329803329,97.33110438729199,98.53012084592146,10.378154311649016,1.2664901664145234,14.554622356495468,840723.8399999979
2026-06-27,350,99.65213313161875,99.67180030257185,0.2433585476550681,0.9733434190620273,97.3681845688351,97.67450151057402,10.31894099848714,1.3136308623298032,15.297341389728096,1330110.7199999995
2026-06-28,350,99.64504531722055,99.6666163141994,0.2581873111782478,0.9717220543806646,97.20110271903323,97.49253776435044,9.936963746223565,1.3196978851963745,15.74749244712991,1434188.1600000076
2026-06-29,350,99.63261329305135,99.66093655589123,0.22832326283987917,0.973308157099698,97.34764350453172,96.91932024169184,9.60190332326284,1.3714199395770392,15.655498489425982,1762050.2400000067
2026-06-30,350,99.63768532526474,99.66217851739788,0.23488653555219363,0.9714523449319213,97.16018154311648,94.549667673716,9.469561270801815,1.2826172465960666,15.880287009063444,3117415.680000008
2026-07-01,350,99.64306525037937,99.6643095599393,0.2349317147192716,0.9702427921092565,97.05616084977238,95.53162121212122,9.441016691957511,1.3034597875569045,15.862272727272728,2548048.319999995
2026-07-02,350,99.64246575342466,99.65733637747337,0.2300304414003044,0.972876712328767,97.30998477929985,95.48259090909092,9.73447488584475,1.3930136986301371,15.633984848484848,2576007.359999997
2026-07-03,350,99.6492213740458,99.65929770992366,0.26578625954198476,0.9724885496183207,97.26494656488549,96.53891074130107,9.605343511450382,1.29787786259542,14.663282904689865,1976641.9199999967
2026-07-04,350,99.64735649546829,99.67154078549848,0.23015105740181271,0.9730211480362537,97.33460725075528,97.48042296072508,9.395015105740182,1.3882779456193353,15.323444108761331,1441117.439999999
2026-07-05,350,99.62913897280967,99.655166163142,0.25522658610271903,0.972311178247734,97.25957703927492,95.83694864048339,9.313564954682779,1.4054833836858005,15.789803625377644,2381132.1599999974
2026-07-06,350,99.64237160120845,99.66093655589123,0.23729607250755289,0.9751208459214501,97.55347432024169,95.94123867069486,9.254924471299095,1.4215558912386708,15.953293051359516,2321481.6000000015
2026-07-07,350,99.64517397881998,99.66780635400907,0.21632375189107414,0.9756732223903176,97.61036308623298,96.89396369137671,9.17730711043873,1.4132980332829048,15.826354009077155,1773869.7599999916
2026-07-08,350,99.64804841149773,99.66739788199696,0.244553706505295,0.9745234493192133,97.48788199697428,96.42403933434191,9.796898638426626,1.3202420574886535,15.790620272314674,2042245.4399999946
2026-07-09,350,99.6389577039275,99.66419939577038,0.24969788519637465,0.9740634441087614,97.43465256797583,97.02612368024133,9.537205438066465,1.3337311178247733,15.473413897280967,1703531.52
2026-07-10,350,99.66108761329305,99.66566465256797,0.2121450151057402,0.9755740181268883,97.59314199395772,97.6490332326284,9.842145015105741,1.4392598187311179,14.530075528700905,1344677.7599999984
2026-07-11,350,99.64224242424243,99.66051515151516,0.2285757575757576,0.9758636363636363,97.61654545454545,96.42768882175226,9.696454545454545,1.440439393939394,15.274220877458397,2043247.680000006
2026-07-12,350,99.63488619119879,99.66716236722307,0.24899848254931714,0.9752352048558421,97.54696509863429,95.73786686838125,9.408922610015173,1.3349772382397571,15.807927382753405,2434121.2799999947
2026-07-13,350,99.63384266263238,99.64586989409985,0.25656580937972767,0.9752042360060514,97.54797276853253,94.1932175226586,9.442435703479577,1.296338880484115,15.842980332829045,3321293.7600000054
2026-07-14,350,99.6325075987842,99.64928571428571,0.2448632218844985,0.9740273556231003,97.46518237082066,94.38337367624811,8.861215805471126,1.333677811550152,16.1018154311649,3207677.7599999956
2026-07-15,350,99.61889393939394,99.63145454545453,0.2614090909090909,0.9729242424242425,97.31481818181818,91.72001510574019,8.543378787878789,1.2755454545454545,16.120151057401813,4735886.399999993
2026-07-16,350,99.62781818181818,99.6534393939394,0.2666212121212121,0.9714696969696969,97.17383333333333,93.46069591527987,9.442818181818183,1.2389545454545454,15.738003025718609,3734622.7200000063
2026-07-17,350,99.64043740573152,99.63782805429865,0.2783861236802413,0.9717043740573152,97.19812971342384,94.9740573152338,9.830196078431372,1.2417194570135746,14.54179487179487,2879020.7999999947
2026-07-18,350,99.60660633484162,99.63521870286576,0.2567571644042232,0.9758220211161388,97.60758672699849,87.51490963855422,8.746636500754148,1.3106184012066366,15.286153846153844,7162646.4
2026-07-19,350,99.62154311649016,99.64514372163389,0.24051437216338878,0.9763691376701966,97.65922844175492,90.85098039215686,8.10213313161876,1.3487443267776096,15.98370090634441,5240851.200000005
2026-07-20,350,99.62169724770642,99.62466360856268,0.2802752293577982,0.9737461773700307,97.40262996941895,89.88631419939577,8.617262996941895,1.257782874617737,15.784962178517398,5784704.6400000015
2026-07-21,350,99.60003039513678,99.62693009118541,0.31627659574468087,0.9714285714285715,97.16835866261398,88.59318664643399,8.61065349544073,1.2064589665653496,15.743459787556905,6494765.759999997
2026-07-22,350,99.60179604261796,99.623500761035,0.27657534246575344,0.9717047184170471,97.19135464231354,86.87748484848484,8.565966514459666,1.2497716894977169,15.765471124620062,7482983.040000003
2026-07-23,350,99.5878691019787,99.61875190258752,0.28097412480974127,0.9720243531202435,97.22115677321158,84.61611532625189,8.584216133942162,1.2520852359208523,15.590531914893617,8759214.720000008
2026-07-24,350,99.60358346094947,99.61735068912711,0.27500765696784074,0.9742572741194486,97.42055130168454,84.21181957186545,8.497932618683,1.1947932618683001,14.90131498470948,8921206.08
2026-07-25,350,99.57843465045593,99.61647416413373,0.28595744680851065,0.9744224924012157,97.46384498480244,83.39191489361701,8.25145896656535,1.2188601823708207,15.585227963525837,9441895.680000003
2026-07-26,350,99.58558778625954,99.62378625954199,0.29146564885496185,0.9748854961832061,97.50757251908396,85.16657056145675,8.32085496183206,1.2765038167938931,15.71919575113809,8445798.719999999
2026-07-27,350,99.60086494688923,99.62496206373294,0.2992412746585736,0.9745523520485585,97.48588770864947,87.6728224582701,8.467207890743552,1.2483459787556903,16.197116843702577,7018799.04
2026-07-28,350,99.50703647416412,99.59481762917933,0.34846504559270514,0.9714893617021276,97.15469604863222,78.7235,7.662325227963526,1.0893617021276596,16.409544764795143,12132711.36
2026-07-29,350,99.56013803680982,99.62046012269938,0.34033742331288347,0.9728680981595091,97.31536809815951,80.36914893617022,8.094049079754601,1.1436042944785276,16.440990853658537,11160374.399999995
2026-07-30,350,99.6419667170953,99.63405446293494,0.27372163388804843,0.9740090771558244,97.4436308623298,89.28332829046899,9.155385779122541,1.3469440242057489,16.154054462934948,6120334.079999999
2026-07-31,350,99.65696646341463,99.62919207317073,0.25621951219512196,0.9744664634146342,97.47885670731706,92.52075757575757,9.051524390243904,1.3641463414634147,15.393772727272726,4264963.200000002
2026-08-01,350,99.55603343465046,99.61001519756839,0.3016261398176292,0.9735410334346505,97.37965045592705,90.62467374810319,9.053890577507598,1.3604407294832825,15.63722306525038,5338085.759999998
2026-08-02,350,99.62045592705167,99.63256838905774,0.2634498480243161,0.9749088145896657,97.53668693009118,90.5979090909091,9.131337386018238,1.3171732522796353,16.141015151515152,5361448.319999994
2026-08-03,350,99.61051204819277,99.63534638554216,0.24602409638554218,0.9753614457831326,97.58439759036145,90.56134036144579,9.149036144578313,1.3441867469879518,16.112590361445783,5414921.279999998
2026-08-04,350,99.59490136570561,99.6301062215478,0.2712594840667678,0.9749165402124431,97.51952959028831,88.20656108597285,8.589423368740517,1.2175113808801215,15.999984894259818,6755659.200000003
2026-08-05,350,99.59953313253011,99.63217194570136,0.31037707390648567,0.9740422322775263,97.43555052790346,88.91393072289156,8.774630467571644,1.20236802413273,16.004743975903615,6360033.600000001
2026-08-06,350,99.60926315789474,99.638,0.28193984962406016,0.9744360902255639,97.48312781954887,87.82476691729323,8.878751879699248,1.2848571428571427,15.8036992481203,6995401.920000003
2026-08-07,350,99.64350453172206,99.64580060422962,0.24648036253776437,0.9752416918429003,97.54708459214501,91.37942598187311,9.166540785498489,1.3641238670694864,14.95962235649547,4930692.480000002
2026-08-08,350,99.60638426626325,99.6298487140696,0.260393343419062,0.9750075642965205,97.51124054462935,89.33309667673716,8.942768532526475,1.322768532526475,15.647598187311177,6101127.360000002
2026-08-09,350,99.59087745839638,99.61921331316188,0.3022844175491679,0.9739636913767019,97.4191830559758,89.12063540090772,8.632813918305597,1.2032677760968231,16.160287443267777,6213248.640000002
2026-08-10,350,99.55486363636365,99.61728787878788,0.28245454545454546,0.9727575757575757,97.29071212121212,85.68978819969742,8.124560606060607,1.2319545454545455,16.201906202723144,8172619.200000008
2026-08-11,350,99.59569486404834,99.64276435045316,0.24817220543806645,0.9747734138972809,97.48732628398791,82.18341389728097,8.057794561933536,1.286963746223565,16.048141993957707,10190517.120000001
2026-08-12,350,99.51789634146341,99.61535060975609,0.304984756097561,0.9739481707317073,97.41475609756098,84.40547945205479,7.723643292682927,1.2225914634146342,16.252831050228313,8852198.400000004
2026-08-13,350,99.57676291793314,99.62644376899695,0.29922492401215806,0.9759118541033435,97.59533434650456,88.34881996974282,8.655440729483283,1.2878267477203647,15.808108925869893,6654035.519999997
2026-08-14,350,99.61524886877828,99.65057315233786,0.27058823529411763,0.9792458521870286,97.94828054298642,90.44289592760181,9.068235294117647,1.2859125188536953,14.804690799396681,5474615.040000002
2026-08-15,350,99.54003025718609,99.61839636913766,0.3032375189107413,0.9775642965204235,97.7552950075643,85.77474320241691,8.569183055975794,1.2618456883509834,15.297990936555891,8136391.6800000025
2026-08-16,350,99.54041221374045,99.60364885496183,0.343587786259542,0.979236641221374,97.93848854961831,71.79784522003035,7.3749312977099235,1.1418473282442747,16.282139605462824,16057630.079999996
2026-08-17,350,99.11686728395063,99.48961419753086,0.5357407407407407,0.9764506172839507,97.65733024691357,56.77511415525114,6.167638888888889,0.9683487654320988,16.885920852359206,24536520.0
2026-08-18,350,99.55327272727273,99.62410606060607,0.3287424242424242,0.9846060606060607,98.4629393939394,79.91498484848485,7.571030303030303,1.2114848484848486,16.4684696969697,11453279.04
2026-08-19,350,99.57765861027191,99.61767371601208,0.2955287009063444,0.9846374622356496,98.49046827794562,80.88465361445783,8.009561933534743,1.3516163141993958,15.988554216867469,10966397.759999998
2026-08-20,350,99.58987823439878,99.63421613394216,0.27079147640791473,0.9866971080669711,98.70596651445966,83.3995744680851,8.440060882800609,1.3846118721461187,15.687720364741642,9437541.120000003
2026-08-21,350,99.61780152671756,99.6447786259542,0.24141984732824426,0.9871908396946565,98.74931297709924,84.56600609756099,8.422167938931299,1.42,15.108259541984733,8747740.799999993
2026-08-22,350,99.5505828220859,99.62726993865031,0.3106748466257669,0.9842024539877301,98.42128834355829,83.30811638591118,7.991134969325154,1.2336656441717793,15.51946319018405,9417427.2
2026-08-23,350,99.56420731707317,99.63128048780489,0.2965548780487805,0.9847560975609756,98.50492378048781,82.44504545454546,7.828384146341463,1.2411280487804877,16.102215477996968,10010537.279999996
2026-08-24,350,99.53935582822086,99.6125,0.31403374233128833,0.9843404907975459,98.4270245398773,80.61190839694657,7.88101226993865,1.2342791411042944,16.15671755725191,10972108.799999995
2026-08-25,350,99.50068807339449,99.61168195718655,0.30382262996941894,0.9848470948012233,98.48975535168196,78.02816793893129,7.650229357798165,1.2488073394495414,15.82781679389313,12434299.200000003
2026-08-26,350,99.5537962962963,99.61671296296296,0.29074074074074074,0.9858024691358024,98.59800925925926,82.1284862385321,7.900462962962963,1.284891975308642,16.20499234303216,10098406.080000002
2026-08-27,350,99.58448328267477,99.62638297872341,0.3045440729483283,0.9811246200607904,98.10917933130699,81.93778452200303,7.820942249240122,1.2183282674772036,16.013672230652503,10284192.000000002
2026-08-28,350,99.61124809741247,99.63054794520548,0.27334855403348557,0.9816438356164383,98.19133942161339,84.97045662100456,8.294520547945206,1.323820395738204,15.091643835616438,8531490.240000008
2026-08-29,350,99.5786170212766,99.62506079027355,0.31185410334346503,0.9835258358662613,98.37563829787234,83.50427921092565,7.8952887537993925,1.2808662613981763,15.675902883156297,9392267.52
2026-08-30,350,99.57123100303951,99.63259878419453,0.30958966565349544,0.9849088145896655,98.50036474164133,81.30151745068285,7.750288753799391,1.2935258358662614,16.190880121396056,10646467.200000003
2026-08-31,350,99.48525581395349,99.58837209302325,0.3626356589147287,0.982139534883721,98.20945736434108,73.90686153846154,7.078573643410853,1.1472713178294573,16.65563076923077,14653906.559999997
2026-09-01,350,99.53459293394776,99.61431643625191,0.329062980030722,0.9828571428571429,98.29164362519201,79.49949541284403,7.68383435582822,1.2140030674846625,16.152278287461773,11583933.120000007
2026-09-02,350,99.59880551301684,99.62629402756508,0.25905053598774885,0.9866003062787136,98.69136294027565,82.75683486238532,8.203506891271058,1.3461715160796324,16.12775229357798,9743353.92
2026-09-03,350,99.60432721712539,99.6422629969419,0.27220183486238536,0.9841284403669724,98.42218654434251,85.3418501529052,8.512859327217125,1.303868501529052,15.930152905198776,8282675.520000001
2026-09-04,350,99.59914373088685,99.64366972477065,0.27998470948012233,0.9843577981651376,98.43868501529052,85.73380517503806,8.481253822629968,1.284006116207951,14.881659056316591,8098176.959999996
2026-09-05,350,99.60019696969698,99.64284848484849,0.282469696969697,0.9843939393939395,98.46221212121212,86.76243570347958,8.32060606060606,1.303621212121212,15.532526475037821,7560025.919999998
2026-09-06,350,99.6045166163142,99.64235649546829,0.2956797583081571,0.9848942598187311,98.50859516616315,86.4176586102719,8.231027190332325,1.2813293051359518,15.885438066465257,7768664.640000003
2026-09-07,350,99.61146747352495,99.6462632375189,0.2887745839636914,0.985249621785174,98.53252647503783,87.46321752265861,8.405975794251136,1.2844175491679273,15.933464447806355,7170638.4
2026-09-08,350,99.60536253776435,99.64543806646526,0.2929003021148036,0.9851359516616314,98.52743202416917,87.25748114630467,8.160090634441087,1.2744108761329305,15.900861027190334,7299322.560000002
2026-09-09,350,99.61069802731411,99.64911987860395,0.29455235204855845,0.9860091047040971,98.61358118361153,86.91754916792738,8.35990895295903,1.3084218512898331,15.936863636363636,7471440.000000003
2026-09-10,350,99.58901515151516,99.63551515151515,0.34328787878787875,0.984030303030303,98.42292424242424,86.51210287443267,8.464257575757575,1.2123636363636363,15.79589393939394,7702992.000000003
2026-09-11,350,99.59142201834862,99.64733944954129,0.3091743119266055,0.984480122324159,98.45168195718655,87.95520610687022,8.60073394495413,1.3068042813455658,15.275626911314985,6816389.760000004
2026-09-12,350,99.547781201849,99.63992295839753,0.32121725731895223,0.9837442218798151,98.37699537750385,85.26727692307693,7.613328197226503,1.2570570107858243,15.854329738058551,8273897.27999999
2026-09-13,350,99.57392966360857,99.64591743119266,0.3172324159021407,0.9841131498470949,98.415,85.22814307458142,7.900045871559633,1.3027981651376146,16.286920731707315,8385215.040000007
2026-09-14,350,99.60977203647415,99.6579179331307,0.2985562310030395,0.9851823708206687,98.54939209726444,90.38644916540213,8.796854103343465,1.4087234042553192,15.851686930091185,5473725.119999998
2026-09-15,350,99.6289755351682,99.66510703363915,0.2522477064220183,0.9871100917431191,98.75536697247706,93.07341463414635,9.024984709480123,1.5273241590214068,15.503267175572518,3925877.759999998
2026-09-16,350,99.66021276595744,99.67613981762916,0.2243161094224924,0.9877355623100303,98.83898176291794,97.22526555386949,9.82696048632219,1.649452887537994,15.563823975720789,1579867.200000006
2026-09-17,350,99.64538812785388,99.66869101978692,0.236544901065449,0.9875646879756469,98.83354642313546,96.3983282674772,10.017427701674277,1.6451445966514457,15.375106382978723,2047593.6000000045
2026-09-18,350,99.67132218844984,99.68004559270517,0.2143465045592705,0.9875531914893616,98.82700607902736,97.53773071104388,9.998693009118542,1.624984802431611,14.835439393939392,1406211.8399999961
2026-09-19,350,99.6620090634441,99.63504531722053,0.23947129909365558,0.986737160120846,98.75080060422961,97.67429003021148,9.709728096676738,1.674773413897281,15.602386706948641,1330231.679999997
2025-09-20,400,99.69571428571429,99.66714285714285,0.19,0.9885714285714285,98.78428571428572,98.80999999999999,19.259999999999998,1.672857142857143,15.344285714285714,7197.12000000008
2025-09-21,400,99.71428571428571,99.70714285714287,0.18,0.9828571428571429,98.35428571428572,98.80999999999999,18.490000000000002,1.5,15.351428571428572,7197.12000000008
2025-09-22,400,99.69428571428571,99.68999999999998,0.20714285714285713,0.9842857142857142,98.48857142857142,98.80999999999999,16.762857142857143,1.4657142857142857,14.935714285714285,7197.12000000008
2025-09-23,400,99.63285714285713,99.64142857142858,0.2057142857142857,0.9871428571428572,98.85714285714286,95.5442857142857,17.90142857142857,1.4085714285714286,14.564285714285715,26948.16000000006
2025-09-24,400,99.66571428571429,99.68857142857142,0.21428571428571427,0.9871428571428572,98.73285714285714,98.80999999999999,16.44857142857143,1.3171428571428572,14.895714285714288,7197.12000000008
2025-09-25,400,99.7,99.70142857142856,0.1842857142857143,0.9857142857142858,98.52428571428572,98.80999999999999,17.40285714285714,1.417142857142857,15.14,7197.12000000008
2025-09-26,400,99.68857142857144,99.67857142857143,0.2057142857142857,0.9857142857142858,98.53571428571429,98.80999999999999,15.062857142857142,1.3214285714285714,13.662857142857144,7197.12000000008
2025-09-27,400,99.67428571428572,99.67857142857143,0.20857142857142857,0.9842857142857142,98.29714285714284,98.80999999999999,15.948571428571427,1.5985714285714285,14.887142857142859,7197.12000000008
2025-09-28,400,99.69714285714285,99.69857142857143,0.20142857142857146,0.9842857142857142,98.36857142857143,98.80999999999999,18.47142857142857,1.3957142857142857,15.214285714285714,7197.12000000008
2025-09-29,400,99.7057142857143,99.72,0.19714285714285712,0.9857142857142858,98.5257142857143,98.80999999999999,18.575714285714287,1.3285714285714287,14.954285714285716,7197.12000000008
2025-09-30,400,99.72,99.70428571428572,0.19142857142857145,0.9828571428571429,98.23857142857142,98.80999999999999,19.108571428571427,1.5442857142857143,14.895714285714286,7197.12000000008
2025-10-01,400,99.72142857142856,99.67571428571429,0.16999999999999998,0.9828571428571429,98.28571428571429,98.80999999999999,18.367142857142856,1.7314285714285713,14.778571428571428,7197.12000000008
2025-10-02,400,99.7,99.45714285714287,0.19142857142857142,0.9857142857142858,98.39142857142858,98.80999999999999,18.717142857142857,1.6228571428571428,14.992857142857144,7197.12000000008
2025-10-03,400,99.71857142857142,99.67428571428572,0.16428571428571428,0.9885714285714285,98.83285714285715,98.80999999999999,17.017142857142858,1.9585714285714286,13.638571428571428,7197.12000000008
2025-10-04,400,99.70285714285714,99.66857142857143,0.16142857142857145,0.9828571428571429,98.41285714285713,98.80999999999999,16.25857142857143,1.7057142857142857,14.29857142857143,7197.12000000008
2025-10-05,400,99.71000000000001,99.71428571428571,0.1842857142857143,0.9871428571428572,98.68285714285715,98.80999999999999,17.024285714285714,1.5528571428571427,14.644285714285713,7197.12000000008
2025-10-06,400,99.71000000000001,99.72428571428573,0.19142857142857142,0.9828571428571429,98.31142857142858,98.80999999999999,18.43,1.6742857142857144,13.944285714285714,7197.12000000008
2025-10-07,400,99.72,99.72,0.22142857142857145,0.9714285714285714,97.30142857142857,98.78857142857143,17.14,1.5114285714285713,13.947142857142856,7326.720000000018
2025-10-08,400,99.73571428571428,99.72428571428573,0.17714285714285713,0.9814285714285714,98.16714285714285,98.80428571428571,19.252857142857145,1.5642857142857143,13.888571428571428,7231.6800000000185
2025-10-09,400,99.7242857142857,99.66571428571429,0.1757142857142857,0.9857142857142858,98.55714285714285,98.80999999999999,19.93142857142857,1.7042857142857142,14.142857142857142,7197.12000000008
2025-10-10,400,99.87714285714286,99.82142857142857,0.07285714285714286,0.9814285714285714,98.06428571428572,46.32142857142857,23.05,1.9685714285714286,9.108571428571429,324648.0
2025-10-13,400,99.72,99.71571428571428,0.1657142857142857,0.9814285714285714,98.24571428571429,98.41857142857143,17.08857142857143,1.74,14.485714285714286,9564.48000000004
2025-10-14,400,99.72714285714287,99.70142857142856,0.18857142857142858,0.9871428571428572,98.6542857142857,98.75714285714285,16.102857142857143,1.612857142857143,14.231428571428571,7516.800000000017
2025-10-15,400,99.67428571428572,99.66857142857143,0.19,0.9871428571428572,98.64,98.80999999999999,15.679999999999998,1.532857142857143,14.180000000000001,7197.12000000008
2025-10-16,400,99.6542857142857,99.67714285714285,0.19571428571428573,0.9814285714285714,98.17999999999999,98.80999999999999,15.932857142857143,1.587142857142857,14.257142857142856,7197.12000000008
2025-10-17,400,99.72285714285715,99.73142857142857,0.15,0.9842857142857142,98.49857142857142,98.80999999999999,16.585714285714285,1.6099999999999999,12.574285714285713,7197.12000000008
2025-10-18,400,99.68857142857142,99.67285714285715,0.16714285714285712,0.9857142857142858,98.63428571428571,98.80999999999999,16.457142857142856,1.487142857142857,13.538571428571428,7197.12000000008
2025-10-19,400,99.63142857142859,99.66,0.2057142857142857,0.9814285714285714,98.08142857142857,97.60285714285715,16.982857142857142,1.7657142857142856,13.984285714285715,14497.919999999976
2025-10-20,400,99.71285714285715,99.67714285714285,0.1757142857142857,0.9871428571428572,98.83142857142857,98.80571428571429,17.93,1.4814285714285715,14.105714285714285,7223.040000000001
2025-10-21,400,99.62142857142858,99.53428571428572,0.18857142857142858,0.9885714285714285,98.91285714285713,91.59285714285714,16.765714285714285,1.4942857142857144,14.304285714285715,50846.4
2025-10-22,400,99.61428571428571,99.64571428571428,0.20428571428571432,0.99,98.98,98.80999999999999,15.084285714285715,1.5514285714285714,14.28,7197.12000000008
2025-10-23,400,99.63857142857144,99.56285714285715,0.21142857142857144,0.9871428571428572,98.70142857142856,98.79142857142857,14.611428571428572,1.6357142857142857,13.741428571428571,7309.440000000049
2025-10-24,400,99.62571428571428,99.66857142857143,0.19142857142857142,0.99,98.90428571428572,98.80999999999999,15.438571428571427,1.6585714285714286,13.234285714285715,7197.12000000008
2025-10-25,400,99.65142857142858,99.69428571428571,0.19142857142857145,0.9885714285714285,98.75714285714285,98.80999999999999,15.915714285714285,1.6271428571428572,13.942857142857141,7197.12000000008
2025-10-26,400,99.63428571428572,99.64428571428572,0.19714285714285712,0.9857142857142858,98.6557142857143,96.58428571428571,14.20142857142857,1.3671428571428572,13.722857142857142,20658.240000000016
2025-10-27,400,99.7057142857143,99.67,0.18,0.9842857142857142,98.66,99.23857142857142,15.304285714285713,1.7314285714285713,13.767142857142858,4605.120000000049
2025-10-28,400,99.71285714285715,99.69142857142857,0.17142857142857143,0.9871428571428572,98.81714285714285,100.0,16.804285714285715,1.577142857142857,13.882857142857144,0.0
2025-10-29,400,99.69571428571429,99.6557142857143,0.16714285714285712,0.9842857142857142,98.43285714285715,99.99285714285715,16.517142857142854,1.3228571428571427,13.702857142857143,43.19999999995687
2025-10-30,400,99.68142857142857,99.63428571428572,0.18571428571428572,0.9842857142857142,98.55428571428571,100.0,15.522857142857143,1.3628571428571428,13.892857142857142,0.0
2025-10-31,400,99.68857142857142,99.69000000000001,0.14857142857142858,0.9842857142857142,98.49285714285713,100.0,15.907142857142857,1.8571428571428572,12.714285714285714,0.0
2025-11-01,400,99.68714285714285,99.67285714285715,0.17285714285714285,0.9871428571428572,98.86142857142856,100.0,15.264285714285714,1.6585714285714286,13.68142857142857,0.0
2025-11-02,400,99.70285714285714,99.68142857142857,0.1685714285714286,0.9885714285714285,98.84285714285714,100.0,14.734285714285715,1.6099999999999999,14.095714285714285,0.0
2025-11-03,400,99.68142857142857,99.64428571428572,0.1757142857142857,0.9857142857142858,98.54714285714286,100.0,14.860000000000001,1.6400000000000001,13.98,0.0
2025-11-04,400,99.65142857142857,99.68142857142857,0.18142857142857144,0.9871428571428572,98.61428571428571,99.85142857142857,14.717142857142857,1.5185714285714287,13.974285714285713,898.5600000000161
2025-11-05,400,99.66714285714285,99.71142857142857,0.16857142857142857,0.9814285714285714,98.14142857142858,92.85714285714286,15.605714285714287,1.6085714285714285,13.778571428571428,43199.99999999998
2025-11-06,400,99.64857142857143,99.69428571428571,0.1842857142857143,0.9828571428571429,98.39999999999999,100.0,14.727142857142857,1.812857142857143,14.032857142857143,0.0
2025-11-07,400,99.67428571428572,99.71571428571428,0.16714285714285712,0.9814285714285714,98.08857142857143,100.0,14.209999999999999,1.8157142857142858,12.398571428571428,0.0
2025-11-08,400,99.66714285714285,99.71428571428571,0.16,0.9871428571428572,98.78428571428572,100.0,15.955714285714285,1.5585714285714285,13.569999999999999,0.0
2025-11-09,400,99.70285714285714,99.66999999999999,0.17857142857142858,0.9828571428571429,98.32428571428571,99.28999999999999,15.352857142857143,1.5085714285714287,14.235714285714286,4294.0800000000645
2025-11-10,400,99.68142857142857,99.67571428571429,0.16999999999999998,0.9871428571428572,98.81142857142856,100.0,15.891428571428573,1.6642857142857141,13.971428571428572,0.0
2025-11-11,400,99.69000000000001,99.72142857142856,0.17285714285714285,0.9799999999999999,98.24,98.41428571428571,16.235714285714288,1.5400000000000003,13.278571428571428,9590.400000000027
2025-11-12,400,99.67571428571429,99.72142857142856,0.17142857142857143,0.9842857142857142,98.42714285714285,98.83714285714287,15.528571428571428,1.6457142857142857,13.387142857142857,7032.9599999999355
2025-11-13,400,99.67571428571429,99.71142857142857,0.18571428571428572,0.9871428571428572,98.96142857142857,100.0,14.978571428571428,1.78,13.758571428571429,0.0
2025-11-14,400,99.7,99.67571428571429,0.15571428571428572,0.9842857142857142,98.46000000000001,100.0,12.948571428571428,1.8057142857142858,12.052857142857144,0.0
2025-11-15,400,99.61428571428571,99.61571428571428,0.19,0.9871428571428572,98.68142857142857,100.0,14.855714285714287,1.8885714285714286,13.268571428571429,0.0
2025-11-16,400,99.59,99.60000000000001,0.20857142857142857,0.9857142857142858,98.63714285714286,100.0,13.771428571428572,1.9142857142857144,13.994285714285715,0.0
2025-11-17,400,99.60000000000001,99.56428571428572,0.22428571428571428,0.9857142857142858,98.59142857142857,100.0,12.495714285714286,1.6414285714285715,13.778571428571428,0.0
2025-11-18,400,99.66,99.66285714285713,0.18571428571428572,0.9842857142857142,98.63142857142857,99.98714285714286,15.001428571428573,1.8242857142857143,13.672857142857142,77.7600000000298
2025-11-19,400,99.65857142857143,99.68142857142857,0.16571428571428573,0.9871428571428572,98.76428571428572,100.0,15.45857142857143,1.8657142857142859,13.875714285714285,0.0
2025-11-20,400,99.69285714285715,99.69714285714285,0.17285714285714285,0.9814285714285714,98.24571428571429,100.0,15.605714285714285,1.9585714285714286,14.282857142857143,0.0
2025-11-21,400,99.69142857142857,99.68857142857142,0.16142857142857145,0.9857142857142858,98.75285714285714,100.0,18.09857142857143,2.3085714285714287,13.215714285714284,0.0
2025-11-22,400,99.69571428571429,99.65285714285714,0.18,0.9871428571428572,98.76,100.0,18.10857142857143,2.2185714285714284,15.012857142857143,0.0
2025-11-23,400,99.70142857142856,99.70714285714287,0.17285714285714285,0.99,99.13571428571429,99.97857142857143,17.625714285714285,2.157142857142857,14.39857142857143,129.6000000000049
2025-11-24,400,99.69857142857143,99.69000000000001,0.17428571428571432,0.9828571428571429,98.47714285714287,100.0,17.31714285714286,2.0385714285714287,13.124285714285715,0.0
2025-11-25,400,99.71428571428571,99.66,0.19,0.9871428571428572,98.80428571428571,99.92571428571429,17.254285714285714,2.2914285714285714,13.802857142857144,449.2799999999409
2025-11-26,400,99.69142857142857,99.63714285714286,0.1757142857142857,0.9857142857142858,98.51714285714286,99.99714285714286,14.98857142857143,1.5585714285714285,13.535714285714286,17.27999999996932
2025-11-27,400,99.66428571428571,99.63714285714286,0.18714285714285714,0.9828571428571429,98.44428571428571,99.84714285714286,15.844285714285714,2.204285714285714,13.84142857142857,924.4800000000037
2025-11-28,400,99.66857142857143,99.67142857142858,0.13857142857142857,0.9857142857142858,98.5657142857143,100.0,16.49857142857143,2.204285714285714,12.444285714285714,0.0
2025-11-29,400,99.68857142857144,99.67999999999999,0.16999999999999998,0.9857142857142858,98.72285714285714,100.0,16.61714285714286,1.7457142857142856,13.427142857142856,0.0
2025-11-30,400,99.71714285714286,99.67428571428572,0.18,0.9857142857142858,98.72571428571429,100.0,17.50142857142857,1.7671428571428573,13.864285714285714,0.0
2025-12-01,400,99.71857142857142,99.64714285714285,0.16428571428571428,0.9885714285714285,98.96000000000001,100.0,16.681428571428572,1.9814285714285715,13.745714285714286,0.0
2025-12-02,400,99.68142857142857,99.67571428571429,0.17285714285714285,0.9885714285714285,99.02428571428571,92.78285714285714,15.514285714285714,1.9814285714285713,13.78,43649.27999999999
2025-12-03,400,99.6842857142857,99.64142857142858,0.19142857142857145,0.9842857142857142,98.47142857142856,99.17142857142858,16.884285714285713,2.0957142857142856,13.56857142857143,5011.199999999966
2025-12-04,400,99.64857142857143,99.6557142857143,0.17857142857142858,0.9871428571428572,98.74285714285715,100.0,14.724285714285713,1.6057142857142856,14.047142857142857,0.0
2025-12-05,400,99.67571428571429,99.63857142857144,0.17285714285714285,0.9842857142857142,98.38428571428572,99.98,15.985714285714286,1.8242857142857143,12.180000000000001,120.95999999998668
2025-12-06,400,99.60428571428572,99.66,0.16857142857142857,0.9885714285714285,98.95142857142856,99.98428571428572,14.911428571428571,1.84,13.455714285714285,95.03999999999913
2025-12-07,400,99.69857142857143,99.66571428571429,0.1742857142857143,0.9871428571428572,98.78285714285714,100.0,15.671428571428569,1.5814285714285714,13.994285714285715,0.0
2025-12-08,400,99.72,99.69000000000001,0.1842857142857143,0.9885714285714285,98.81428571428572,100.0,16.791428571428572,1.8014285714285714,13.864285714285714,0.0
2025-12-09,400,99.71857142857142,99.67571428571429,0.18571428571428572,0.9914285714285713,99.04857142857144,100.0,16.497142857142858,1.8957142857142857,13.872857142857143,0.0
2025-12-10,400,99.70857142857143,99.64857142857143,0.2057142857142857,0.99,99.01857142857143,99.98285714285714,14.138571428571428,1.512857142857143,14.208571428571428,103.68000000001736
2025-12-11,400,99.64375,99.65625,0.17875,0.99,98.91499999999999,93.14125,13.10125,2.3575,15.1225,47407.680000000015
2025-12-12,400,99.69875,99.6575,0.15375,0.98875,99.055,100.0,14.221250000000001,1.61875,13.5325,0.0
2025-12-13,400,99.63375,99.61625000000001,0.16875,0.98875,98.9625,100.0,15.285,2.60875,12.5775,0.0
2025-12-14,400,99.63374999999999,99.60375,0.19125,0.99,99.1,99.99625,16.39125,2.01875,13.43625,25.91999999993959
2025-12-15,400,99.67,99.6625,0.20875,0.99,99.20125,100.0,16.0175,2.505,13.51625,0.0
2025-12-16,400,99.645,99.56875,0.1925,0.99,99.12,99.9825,16.68375,2.45375,13.88,120.96000000002505
2025-12-17,400,99.62375,99.55875,0.18,0.99,99.0175,100.0,15.98875,1.72375,13.2125,0.0
2025-12-18,400,99.60125,99.53375,0.18375,0.98625,98.70625,100.0,14.4075,1.86125,13.225,0.0
2025-12-19,400,99.68375,99.58625,0.15875,0.99,98.9975,99.99625,13.88375,2.5425,11.41625,25.91999999993959
2025-12-20,400,99.66,99.55375,0.16375,0.985,98.6625,100.0,15.08375,2.16625,12.2175,0.0
2025-12-21,400,99.60499999999999,99.6125,0.18125,0.9875,98.71625,99.38,16.18625,2.96875,12.73125,4285.440000000065
2025-12-22,400,99.64875,99.58875,0.16875,0.9875,98.85625,100.0,14.29875,2.18125,12.772499999999999,0.0
2025-12-23,400,99.6375,99.62125,0.1675,0.98625,98.73875,100.0,14.54875,2.16625,12.86625,0.0
2025-12-24,400,99.6925,99.72749999999999,0.14875,0.9875,98.885,99.99625,16.52625,2.7625,12.535,25.91999999993959
2025-12-25,400,99.68125,99.76625,0.15,0.985,98.62125,100.0,14.77125,2.76625,12.7125,0.0
2025-12-26,400,99.66,99.75,0.1675,0.98375,98.36375,100.0,14.29125,2.84125,11.87,0.0
2025-12-27,400,99.675,99.72749999999999,0.15375,0.985,98.73875,100.0,15.975,2.71875,12.280000000000001,0.0
2025-12-28,400,99.66875,99.71875,0.1775,0.985,98.56125,99.99625,16.752499999999998,2.56875,12.76625,25.91999999993959
2025-12-29,400,99.66375,99.68625,0.16999999999999998,0.98625,98.5975,95.85625,16.08875,2.6375,12.09375,28641.60000000001
2025-12-30,400,99.71857142857142,99.61571428571428,0.18,0.9871428571428572,98.91142857142857,87.5,17.725714285714286,2.177142857142857,11.805,86400.0
2025-12-31,400,99.62125,99.6975,0.165,0.98875,98.8875,92.61,14.7625,2.5862499999999997,12.9825,51079.67999999998
2026-01-01,400,99.63625,99.60625,0.17125,0.98875,98.925,99.96875,14.786249999999999,2.71375,13.38625,216.00000000003376
2026-01-02,400,99.66625,99.59875,0.1375,0.98625,98.64,99.99125000000001,14.02125,2.81875,11.803749999999999,60.479999999935785
2026-01-03,400,99.63,99.475,0.16,0.9875,98.85125,100.0,15.48625,2.235,12.705,0.0
2026-01-04,400,99.61125,99.74,0.16625,0.98875,98.94624999999999,98.55,14.6725,2.32375,13.307500000000001,10022.400000000047
2026-01-05,400,99.6175,99.56,0.17250000000000001,0.98375,98.52,93.57375,14.95375,2.83375,12.84125,44418.24
2026-01-06,400,99.6225,99.18875,0.18625,0.9875,98.8575,98.21375,13.9525,2.7087499999999998,12.993749999999999,12346.560000000003
2026-01-07,400,99.5475,99.31,0.175,0.98875,98.9575,96.0375,14.275,3.16125,13.08125,27388.800000000014
2026-01-08,400,99.54875,99.52625,0.1925,0.99,99.06625,98.21375,15.04625,3.31625,13.5275,12346.560000000003
2026-01-09,400,99.59,99.54125,0.15375,0.9875,98.8575,98.21375,15.592500000000001,3.25,11.703750000000001,12346.560000000003
2026-01-10,400,99.59875,99.41499999999999,0.17,0.98625,98.61375,98.21375,14.1,3.15625,12.3775,12346.560000000003
2026-01-11,400,99.555,99.4325,0.22375,0.98375,98.32625,96.96125,15.98625,2.8675,12.6425,21003.83999999993
2026-01-12,400,99.54875,99.30875,0.16125,0.985,98.475,96.97875,15.40625,2.92625,12.47,20882.879999999983
2026-01-13,400,99.62125,99.50625,0.17125,0.99,99.10374999999999,91.82875,15.3975,3.1025,12.6075,56479.67999999998
2026-01-14,400,99.52625,99.59125,0.1875,0.975,97.43,90.72625,12.74375,2.86625,12.8825,64100.16000000002
2026-01-15,400,99.5025,99.5125,0.18,0.9775,97.67625,94.15875,12.33375,3.03125,13.00625,40374.71999999999
2026-01-16,400,99.6275,99.5725,0.16375,0.97875,97.88,97.5,13.18375,3.20125,11.53125,17280.000000000015
2026-01-17,400,99.6175,99.53375,0.19874999999999998,0.98375,98.31125,97.5,13.973749999999999,3.0575,12.643749999999999,17280.000000000015
2026-01-18,400,99.62625,99.5525,0.21375,0.985,98.45375,97.5,14.35625,2.77625,14.03875,17280.000000000015
2026-01-19,400,99.6375,99.48,0.1925,0.985,98.36,97.5,15.662500000000001,2.97625,13.42,17280.000000000015
2026-01-20,400,99.57125,99.38125,0.20375,0.96875,96.77875,97.5,15.46125,3.0300000000000002,13.1825,17280.000000000015
2026-01-21,400,99.60374999999999,99.50125,0.1925,0.9875,98.59625,91.78999999999999,15.6375,2.88375,13.1125,56747.52000000004
2026-01-22,400,99.60875,99.37125,0.20875,0.985,98.38625,93.1675,14.776250000000001,3.1999999999999997,13.397499999999999,47226.239999999976
2026-01-23,400,99.5275,99.60875,0.14875,0.98375,98.34625,96.45875,13.7425,3.2575000000000003,11.98375,24477.120000000046
2026-01-24,400,99.62,99.6,0.19125,0.9725,97.14375,96.45875,13.48375,2.79875,12.754999999999999,24477.120000000046
2026-01-25,400,99.615,99.40875,0.17875,0.97625,97.63125,96.1775,14.05875,3.38875,13.03125,26421.120000000046
2026-01-26,400,99.6125,99.38374999999999,0.1925,0.985,98.28,96.455,14.05375,3.0862499999999997,12.845,24503.039999999986
2026-01-27,400,99.66125,98.96125,0.17250000000000001,0.98375,98.16,90.31125,14.35625,2.7625,12.46375,66968.64000000001
2026-01-28,400,99.615,99.5225,0.18375,0.98,98.03,91.5725,14.57125,2.9825,13.25625,58250.87999999999
2026-01-29,400,99.59125,99.465,0.1925,0.98,98.07125,97.5,14.0575,3.03,12.805,17280.000000000015
2026-01-30,400,99.63125,99.535,0.18375,0.9824999999999999,98.3125,97.5,13.40625,2.91,11.71125,17280.000000000015
2026-01-31,400,99.65625,99.51875,0.21625,0.97625,97.76375,97.5,13.33375,2.6225,12.592500000000001,17280.000000000015
2026-02-01,400,99.65125,99.4,0.20249999999999999,0.955,95.45625,97.5,14.405000000000001,2.90625,12.53,17280.000000000015
2026-02-02,400,99.60875,99.50874999999999,0.1825,0.9625,96.1925,97.45875,15.42875,2.7475,13.075,17565.120000000043
2026-02-03,400,99.56875,99.3675,0.21,0.98,97.91,97.5,13.5225,2.865,13.1825,17280.000000000015
2026-02-04,400,99.6225,99.22375,0.17250000000000001,0.97875,97.9725,97.45125,14.6025,3.0725,13.5325,17616.96
2026-02-05,400,99.595,99.50125,0.2,0.98125,97.90125,97.34375,13.5525,2.895,13.3275,18360.00000000003
2026-02-06,400,99.6025,99.31625,0.18250000000000002,0.98375,98.41,97.41625,12.23125,3.28125,12.045,17858.879999999972
2026-02-07,400,99.60249999999999,99.44875,0.2025,0.98,98.175,97.5,14.15375,2.68125,12.94125,17280.000000000015
2026-02-08,400,99.63375,99.39375,0.1925,0.98,98.12375,97.4575,15.658750000000001,2.7625,13.10375,17573.76000000002
2026-02-09,400,99.72777777777777,99.45777777777778,0.15777777777777777,0.9788888888888889,97.81222222222222,79.37666666666667,17.593333333333334,2.917777777777778,11.634444444444446,160367.04000000004
2026-02-10,400,99.57,99.33375000000001,0.205,0.97125,97.20875,86.355,13.75625,2.9837499999999997,13.67625,94314.23999999998
2026-02-11,400,99.61125,99.42,0.3275,0.9824999999999999,98.18375,87.14,13.01375,2.38625,13.717500000000001,88888.32000000004
2026-02-12,400,99.605,99.44375,0.21625,0.9725,97.24375,85.8375,12.58,2.8075,14.10125,97891.19999999992
2026-02-13,400,99.6375,99.41625,0.17875000000000002,0.98,98.01625,86.60375,13.20875,3.325,11.965,92594.87999999999
2026-02-14,400,99.63374999999999,99.44375,0.20625,0.975,97.53,85.36625000000001,11.97625,2.9587499999999998,12.8375,101148.47999999992
2026-02-15,400,99.6375,99.52625,0.1925,0.9625,96.29375,81.03,13.1325,2.7975,13.74375,131120.63999999998
2026-02-16,400,99.60625,99.47749999999999,0.19875,0.97875,97.90625,87.4025,13.85875,2.54875,13.72875,87073.91999999997
2026-02-17,400,99.64125,99.53,0.1875,0.9775,97.72375,87.5,13.475,2.5300000000000002,13.6075,86400.0
2026-02-18,400,99.65,99.55625,0.1875,0.985,98.41,87.39875,14.0825,3.25125,13.4575,87099.83999999998
2026-02-19,400,99.69,99.52125,0.16625,0.9575,95.6025,74.71875,15.73125,3.03375,11.2825,174744.0
2026-02-20,400,99.69125,99.65375,0.155,0.97375,97.3075,87.5,14.76375,2.8600000000000003,11.225,86400.0
2026-02-21,400,99.685,99.55875,0.15875,0.98125,98.11,87.5,15.1075,2.6574999999999998,11.805,86400.0
2026-02-22,400,99.6925,99.5225,0.165,0.98625,98.69875,87.5,15.963750000000001,2.8075,12.28125,86400.0
2026-02-23,400,99.67875000000001,99.45125,0.1525,0.9875,98.6825,87.4325,16.03,2.7,12.217500000000001,86866.55999999998
2026-02-24,400,99.62,99.39750000000001,0.17,0.98125,98.0975,87.36125,14.79625,2.8925,12.52875,87359.04
2026-02-25,400,99.61875,99.43625,0.1775,0.98125,98.02125,81.23875,13.29875,2.67375,12.668750000000001,129677.76000000005
2026-02-26,400,99.5975,99.435,0.1825,0.9525,95.23375,87.47749999999999,14.182500000000001,2.26125,13.00375,86555.52000000002
2026-02-27,400,99.64,99.4475,0.15875,0.98,97.9025,87.5,13.345,2.68875,12.16,86400.0
2026-02-28,400,99.65,99.52875,0.17625,0.98875,98.94875,87.49875,13.1325,2.3525,12.87125,86408.63999999998
2026-03-01,400,99.635,99.4675,0.19,0.985,98.64,87.5,13.31125,2.08125,13.36625,86400.0
2026-03-02,400,99.6575,99.50874999999999,0.17125,0.985,98.5925,87.5,13.54125,2.4225,13.05,86400.0
2026-03-03,400,99.62125,99.52,0.19625,0.9824999999999999,98.17,87.5,14.44875,2.35875,13.13,86400.0
2026-03-04,400,99.55375,99.49625,0.20500000000000002,0.97375,97.57,84.87,12.5275,2.29625,13.15625,104578.56
2026-03-05,400,99.57,99.47625,0.195,0.97875,97.86375,87.5,12.1325,2.71125,13.795,86400.0
2026-03-06,400,99.6125,99.53125,0.16875,0.96875,97.00999999999999,87.49,12.67875,2.765,12.95125,86469.12000000007
2026-03-07,400,99.62125,99.54625,0.1975,0.9875,98.80375000000001,87.5,14.06125,3.05625,13.575,86400.0
2026-03-08,400,99.63125,99.53875000000001,0.19,0.98375,98.44125,87.5,14.411249999999999,2.62875,13.953750000000001,86400.0
2026-03-09,400,99.64875,99.5275,0.18125,0.985,98.4325,87.5,13.780000000000001,2.36,14.37125,86400.0
2026-03-10,400,99.61875,99.4975,0.18875,0.985,98.6425,87.2325,12.855,2.65125,14.19375,88248.95999999999
2026-03-11,400,99.6125,99.57375,0.1875,0.9875,98.75625,81.25,13.625,2.46375,14.20375,129600.0
2026-03-12,400,99.6,99.51625,0.18125,0.9824999999999999,98.39875,87.5,13.1725,2.56625,14.2975,86400.0
2026-03-13,400,99.61,99.56875,0.18875,0.98125,98.2125,87.5,12.48125,2.85875,13.7275,86400.0
2026-03-14,400,99.59,99.56875,0.18875,0.975,97.58125,87.5,12.07,2.90875,14.19,86400.0
2026-03-15,400,99.6075,99.55625,0.17875,0.98375,98.60125000000001,87.5,12.842500000000001,2.525,14.68,86400.0
2026-03-16,400,99.61875,99.5025,0.2,0.98,97.86625000000001,87.37625,13.48375,3.00875,13.88125,87255.36
2026-03-17,400,99.66,99.52375,0.20875,0.98,98.015,87.22,13.901250000000001,2.47125,13.335,88335.36000000002
2026-03-18,400,99.62875,99.5425,0.19874999999999998,0.98625,98.6225,87.5,13.02125,2.5774999999999997,14.47875,86400.0
2026-03-19,400,99.67,99.5625,0.2,0.97875,97.76875,87.5,15.197500000000002,2.7199999999999998,15.0325,86400.0
2026-03-20,400,99.67375,99.58125,0.18625000000000003,0.98875,98.79625,87.5,14.80375,3.265,14.99,86400.0
2026-03-21,400,99.62,99.565,0.1825,0.98625,98.64875,87.47375,16.14875,3.585,12.188749999999999,86581.44000000003
2026-03-22,400,99.645,99.5275,0.1825,0.98375,98.325,87.4125,13.2025,3.28125,12.67,87004.80000000005
2026-03-23,400,99.67375,99.49875,0.18375,0.99125,99.1125,87.5,15.16375,2.90625,12.61125,86400.0
2026-03-24,400,99.66125,99.545,0.1825,0.98625,98.6025,87.5,13.245000000000001,2.605,13.15,86400.0
2026-03-25,400,99.62875,99.53,0.1975,0.9875,98.75999999999999,86.37875,14.09,2.5825,13.3225,94150.08000000005
2026-03-26,400,99.64571428571428,99.7057142857143,0.22285714285714286,0.9771428571428571,97.78428571428572,78.125,14.247142857142856,1.8642857142857143,14.989999999999998,151200.0
2026-03-27,400,99.66857142857143,99.74571428571429,0.17285714285714285,0.9842857142857142,98.53857142857143,89.28571428571429,14.044285714285715,2.037142857142857,13.887142857142859,64799.99999999997
2026-03-28,400,99.67857142857143,99.73142857142857,0.19428571428571426,0.9842857142857142,98.28428571428572,89.28571428571429,14.544285714285715,1.8957142857142857,15.148571428571428,64799.99999999997
2026-03-29,400,99.67857142857143,99.77,0.1842857142857143,0.9757142857142858,97.74857142857142,89.28428571428572,15.678571428571429,2.6700000000000004,15.514285714285714,64808.63999999999
2026-03-30,400,99.68999999999998,99.75285714285714,0.19285714285714287,0.9799999999999999,98.04714285714286,89.28571428571429,15.145714285714286,2.5728571428571425,14.732857142857142,64799.99999999997
2026-03-31,400,99.67857142857143,99.72857142857143,0.19285714285714287,0.9799999999999999,98.13285714285715,89.23857142857142,15.131428571428572,2.027142857142857,14.515714285714285,65085.12000000004
2026-04-01,400,99.67142857142858,99.71285714285715,0.19999999999999998,0.9828571428571429,98.49857142857142,89.04857142857144,13.831428571428571,2.037142857142857,14.962857142857143,66234.23999999998
2026-04-02,400,99.64857142857143,99.69571428571429,0.18714285714285714,0.9857142857142858,98.42428571428572,89.22,14.305714285714286,2.08,15.605714285714285,65197.44
2026-04-03,400,99.66,99.72428571428573,0.18142857142857144,0.9871428571428572,98.65428571428572,89.28571428571429,13.527142857142858,2.1914285714285713,13.445714285714287,64799.99999999997
2026-04-04,400,99.64142857142858,99.72142857142856,0.17714285714285713,0.9742857142857143,97.37142857142858,89.28571428571429,12.915714285714285,1.77,14.442857142857141,64799.99999999997
2026-04-05,400,99.62571428571428,99.70142857142856,0.20428571428571426,0.9828571428571429,98.42714285714285,89.28571428571429,13.91,2.0785714285714287,15.191428571428572,64799.99999999997
2026-04-06,400,99.63142857142857,99.64857142857143,0.22428571428571428,0.9728571428571428,97.30428571428571,89.28571428571429,14.348571428571429,1.8485714285714288,15.092857142857143,64799.99999999997
2026-04-07,400,99.53857142857143,99.59142857142857,0.23142857142857146,0.9742857142857143,97.53571428571429,89.27714285714285,11.864285714285714,1.692857142857143,14.83714285714286,64851.840000000084
2026-04-08,400,99.55428571428571,99.56142857142858,0.20857142857142857,0.9842857142857142,98.36285714285714,89.28571428571429,11.778571428571428,1.5285714285714287,15.142857142857142,64799.99999999997
2026-04-09,400,99.5657142857143,99.57571428571428,0.20142857142857146,0.9814285714285714,98.27,89.28428571428572,11.935714285714285,1.812857142857143,15.401428571428571,64808.63999999999
2026-04-10,400,99.55571428571429,99.59857142857143,0.18142857142857144,0.9857142857142858,98.59714285714286,89.28571428571429,10.842857142857143,1.8742857142857143,13.944285714285714,64799.99999999997
2026-04-11,400,99.51714285714286,99.5657142857143,0.19999999999999998,0.9771428571428571,97.75142857142858,89.28571428571429,10.224285714285713,1.737142857142857,14.861428571428572,64799.99999999997
2026-04-12,400,99.64285714285714,99.63714285714286,0.17857142857142858,0.9785714285714285,97.96571428571428,89.28571428571429,12.344285714285714,1.6642857142857144,15.354285714285714,64799.99999999997
2026-04-13,400,99.63857142857144,99.64,0.19714285714285712,0.96,95.89142857142858,89.23,13.618571428571428,1.6914285714285715,15.090000000000002,65136.95999999994
2026-04-14,400,99.62428571428572,99.64571428571428,0.19285714285714287,0.9842857142857142,98.22571428571429,89.28571428571429,12.948571428571428,1.7457142857142858,15.267142857142858,64799.99999999997
2026-04-15,400,99.64857142857143,99.63,0.20285714285714285,0.9814285714285714,98.02571428571427,89.28571428571429,13.157142857142857,1.6657142857142857,15.347142857142858,64799.99999999997
2026-04-16,400,99.64142857142858,99.60285714285715,0.18571428571428572,0.9885714285714285,98.75142857142858,89.28571428571429,12.644285714285713,1.8057142857142858,15.634285714285713,64799.99999999997
2026-04-17,400,99.64857142857143,99.63,0.18,0.9514285714285714,95.10000000000001,88.82714285714285,11.137142857142859,2.0142857142857147,14.290000000000001,67573.44000000005
2026-04-18,400,99.63714285714286,99.62714285714286,0.1742857142857143,0.9557142857142856,95.53,89.28571428571429,11.361428571428572,1.8900000000000001,15.132857142857144,64799.99999999997
2026-04-19,400,99.64,99.64428571428572,0.19142857142857142,0.9857142857142858,98.48285714285714,89.28571428571429,12.508571428571429,1.6785714285714286,15.76142857142857,64799.99999999997
2026-04-20,400,99.60000000000001,99.54714285714286,0.20428571428571432,0.9814285714285714,98.17142857142858,89.23714285714286,11.202857142857143,1.6371428571428572,15.52142857142857,65093.75999999999
2026-04-21,400,99.60857142857142,99.58571428571429,0.20142857142857146,0.9799999999999999,98.2057142857143,89.27285714285713,11.165714285714285,1.6400000000000001,16.29714285714286,64877.76000000007
2026-04-22,400,99.57714285714285,99.57428571428571,0.20285714285714285,0.9771428571428571,97.72714285714287,89.28571428571429,11.661428571428571,1.6442857142857144,15.712857142857143,64799.99999999997
2026-04-23,400,99.48428571428572,99.60714285714286,0.19,0.9814285714285714,98.40142857142857,89.28571428571429,12.227142857142857,1.7899999999999998,15.601428571428572,64799.99999999997
2026-04-24,400,99.64,99.67142857142858,0.16857142857142857,0.9785714285714285,97.81857142857143,89.28571428571429,11.035714285714286,1.8128571428571427,14.765714285714285,64799.99999999997
2026-04-25,400,99.61714285714285,99.63285714285713,0.18285714285714286,0.9885714285714285,98.74285714285715,89.28571428571429,11.497142857142856,1.7428571428571427,15.368571428571428,64799.99999999997
2026-04-26,400,99.61428571428571,99.62571428571428,0.1985714285714286,0.9871428571428572,98.72857142857143,89.28571428571429,12.001428571428571,1.8142857142857143,15.425714285714287,64799.99999999997
2026-04-27,400,99.59142857142857,99.54857142857144,0.20428571428571432,0.9857142857142858,98.51285714285714,89.28571428571429,11.732857142857142,1.625714285714286,15.25,64799.99999999997
2026-04-28,400,99.60285714285715,99.65285714285713,0.18714285714285714,0.9885714285714285,98.99428571428572,88.42,11.374285714285715,1.5257142857142856,15.167142857142858,70035.84000000001
2026-04-29,400,99.64,99.66142857142857,0.2,0.9714285714285714,97.12571428571428,94.88285714285715,11.312857142857142,1.6014285714285716,14.641428571428571,30948.479999999978
2026-04-30,400,99.61428571428571,99.66714285714285,0.21285714285714286,0.9842857142857142,98.48857142857143,100.0,11.64,1.6985714285714286,14.501428571428573,0.0
2026-05-01,400,99.64714285714285,99.66571428571429,0.1842857142857143,0.9885714285714285,98.71857142857142,100.0,11.98,1.945714285714286,12.74,0.0
2026-05-02,400,99.64285714285714,99.63571428571429,0.20428571428571426,0.9871428571428572,98.73428571428572,100.0,11.620000000000001,1.6857142857142857,13.874285714285715,0.0
2026-05-03,400,99.63714285714286,99.67285714285715,0.21285714285714286,0.9885714285714285,98.71571428571428,100.0,12.005714285714287,1.5342857142857143,14.788571428571428,0.0
2026-05-04,400,99.61285714285714,99.64142857142858,0.22714285714285712,0.9857142857142858,98.54857142857144,100.0,12.362857142857141,1.6228571428571428,14.612857142857141,0.0
2026-05-05,400,99.58285714285714,99.62857142857142,0.2342857142857143,0.9799999999999999,97.80714285714285,100.0,10.808571428571428,1.587142857142857,15.017142857142856,0.0
2026-05-06,400,99.63428571428572,99.61857142857143,0.21571428571428572,0.9828571428571429,98.30714285714285,100.0,11.764285714285714,1.827142857142857,14.864285714285714,0.0
2026-05-07,400,99.61857142857143,99.64714285714285,0.21285714285714286,0.9828571428571429,98.44285714285715,100.0,11.34142857142857,1.5071428571428573,15.124285714285715,0.0
2026-05-08,400,99.65285714285713,99.67999999999999,0.2342857142857143,0.9857142857142858,98.60857142857142,100.0,11.712857142857143,1.4814285714285715,13.564285714285715,0.0
2026-05-09,400,99.66142857142857,99.66142857142857,0.21571428571428572,0.9757142857142858,97.68857142857144,100.0,12.790000000000001,1.6142857142857143,14.555714285714286,0.0
2026-05-10,400,99.65142857142857,99.68142857142857,0.20857142857142857,0.97,96.87714285714286,100.0,12.524285714285714,1.58,15.182857142857143,0.0
2026-05-11,400,99.61,99.64285714285714,0.22,0.9814285714285714,98.32142857142857,100.0,11.774285714285714,1.4914285714285715,14.787142857142857,0.0
2026-05-12,400,99.57285714285715,99.67714285714285,0.26,0.9771428571428571,97.71571428571428,100.0,12.031428571428572,1.5585714285714285,14.921428571428573,0.0
2026-05-13,400,99.64714285714285,99.65428571428572,0.21142857142857144,0.9871428571428572,98.53142857142858,100.0,11.567142857142857,1.6542857142857144,15.41,0.0
2026-05-14,400,99.64,99.63857142857144,0.21714285714285714,0.9814285714285714,98.30285714285715,100.0,11.345714285714285,1.5614285714285714,14.968571428571428,0.0
2026-05-15,400,99.63285714285715,99.61142857142856,0.21,0.9871428571428572,98.82285714285715,100.0,11.819999999999999,1.4928571428571427,13.198571428571428,0.0
2026-05-16,400,99.6557142857143,99.68285714285715,0.18142857142857144,0.9885714285714285,98.65428571428572,100.0,11.891428571428573,1.602857142857143,14.234285714285715,0.0
2026-05-17,400,99.66571428571429,99.68571428571428,0.2,0.9785714285714285,97.71714285714286,99.99000000000001,12.505714285714285,1.7214285714285715,15.042857142857143,60.47999999992619
2026-05-18,400,99.69285714285715,99.65285714285713,0.18857142857142858,0.9842857142857142,98.42857142857143,99.79857142857144,12.971428571428572,1.9928571428571427,14.89857142857143,1218.2399999999523
2026-05-19,400,99.66428571428571,99.67857142857143,0.1985714285714286,0.9742857142857143,97.29714285714284,100.0,12.885714285714286,1.7885714285714285,15.017142857142856,0.0
2026-05-20,400,99.62857142857142,99.64999999999999,0.21714285714285714,0.9828571428571429,98.24714285714286,100.0,12.02142857142857,1.6428571428571428,14.831428571428573,0.0
2026-05-21,400,99.63142857142859,99.63714285714286,0.21285714285714286,0.9828571428571429,98.39999999999999,100.0,12.709999999999999,1.7857142857142858,15.351428571428572,0.0
2026-05-22,400,99.67571428571429,99.66142857142857,0.18571428571428572,0.9842857142857142,98.56285714285715,100.0,12.379999999999999,2.052857142857143,13.401428571428571,0.0
2026-05-23,400,99.66857142857144,99.58,0.20142857142857146,0.9857142857142858,98.53285714285714,100.0,13.547142857142857,2.1314285714285712,14.648571428571428,0.0
2026-05-24,400,99.64285714285714,99.60142857142857,0.20285714285714285,0.9642857142857143,96.52428571428571,100.0,13.472857142857142,2.144285714285714,15.982857142857142,0.0
2026-05-25,400,99.66714285714285,99.62142857142858,0.21,0.9814285714285714,98.17999999999999,99.35571428571428,12.538571428571428,1.8342857142857143,15.384285714285713,3896.6400000000313
2026-05-26,400,99.73142857142857,99.7,0.18142857142857144,0.9785714285714285,97.69857142857143,100.0,13.897142857142857,1.8814285714285715,13.672857142857143,0.0
2026-05-27,400,99.77285714285713,99.67571428571429,0.1757142857142857,0.9914285714285713,98.98428571428572,100.0,15.991428571428571,2.3785714285714286,11.352857142857143,0.0
2026-05-28,400,99.67142857142858,99.66714285714285,0.18857142857142858,0.9871428571428572,98.81714285714285,100.0,14.145714285714286,2.2314285714285718,12.218571428571428,0.0
2026-05-29,400,99.64428571428572,99.64714285714285,0.19,0.9814285714285714,98.17142857142858,100.0,11.944285714285714,2.097142857142857,13.41,0.0
2026-05-30,400,99.62428571428572,99.67,0.18857142857142858,0.9799999999999999,98.12,100.0,13.302857142857144,2.2057142857142855,14.45857142857143,0.0
2026-05-31,400,99.64999999999999,99.70285714285714,0.20285714285714285,0.9814285714285714,98.33571428571429,100.0,12.681428571428572,1.672857142857143,14.764285714285714,0.0
2026-06-01,400,99.62428571428572,99.66999999999999,0.1985714285714286,0.9757142857142858,97.43714285714286,99.82285714285715,12.629999999999999,1.78,14.722857142857142,1071.3599999999778
2026-06-02,400,99.58714285714287,99.61857142857143,0.21857142857142858,0.9728571428571428,97.16428571428571,100.0,11.085714285714285,1.9485714285714286,15.355714285714287,0.0
2026-06-03,400,99.63142857142857,99.65142857142857,0.21714285714285714,0.9314285714285714,93.05,99.78142857142858,11.127142857142857,1.7985714285714285,15.700000000000001,1321.9199999999696
2026-06-04,400,99.32428571428571,99.6542857142857,0.2342857142857143,0.9728571428571428,97.20285714285716,100.0,11.245714285714286,1.6557142857142857,16.29,0.0
2026-06-05,400,99.65285714285713,99.67857142857143,0.18714285714285714,0.9657142857142856,96.59285714285714,100.0,11.53857142857143,2.1314285714285712,15.005714285714287,0.0
2026-06-06,400,99.58571428571429,99.63571428571429,0.21571428571428572,0.9671428571428571,96.67857142857143,100.0,11.432857142857143,1.6728571428571428,15.379999999999999,0.0
2026-06-07,400,99.57000000000001,99.65142857142857,0.2357142857142857,0.9571428571428572,95.61142857142856,100.0,9.922857142857143,1.5842857142857143,16.834285714285716,0.0
2026-06-08,400,99.61142857142856,99.64999999999999,0.22142857142857145,0.9685714285714286,96.80428571428571,100.0,10.665714285714285,1.582857142857143,16.242857142857144,0.0
2026-06-09,400,99.62285714285714,99.66714285714286,0.22142857142857145,0.9785714285714285,98.00285714285714,100.0,10.505714285714285,1.5685714285714287,16.19857142857143,0.0
2026-06-10,400,99.5942857142857,99.62142857142858,0.22142857142857145,0.9857142857142858,98.67142857142858,100.0,10.290000000000001,1.6642857142857144,16.14142857142857,0.0
2026-06-11,400,99.57857142857142,99.6542857142857,0.21142857142857144,0.9328571428571429,93.07571428571428,99.88571428571429,11.34,1.6500000000000001,16.55,691.1999999999814
2026-06-12,400,99.65428571428572,99.7,0.18142857142857144,0.9885714285714285,98.69000000000001,100.0,12.107142857142858,2.0214285714285714,14.788571428571428,0.0
2026-06-13,400,99.69857142857143,99.69285714285715,0.18142857142857144,0.9885714285714285,98.74142857142859,100.0,12.59,1.9000000000000001,15.11857142857143,0.0
2026-06-14,400,99.66285714285713,99.64142857142858,0.21,0.99,98.93285714285715,100.0,11.889999999999999,1.81,16.002857142857142,0.0
2026-06-15,400,99.58428571428571,99.62285714285714,0.22999999999999998,0.9814285714285714,98.10142857142857,96.69000000000001,11.032857142857143,1.7414285714285715,15.459999999999999,20018.879999999943
2026-06-16,400,99.64142857142858,99.64571428571428,0.21,0.9871428571428572,98.49571428571429,100.0,12.664285714285715,1.7914285714285714,15.344285714285714,0.0
2026-06-17,400,99.67142857142858,99.5942857142857,0.20857142857142857,0.99,99.02142857142857,92.57428571428571,12.752857142857144,1.772857142857143,15.522857142857143,44910.72000000003
2026-06-18,400,99.61999999999999,99.63857142857144,0.22999999999999998,0.9871428571428572,98.63,89.04857142857144,12.598571428571429,1.7442857142857144,16.038571428571426,66234.23999999998
2026-06-19,400,99.60857142857142,99.63142857142859,0.7357142857142858,0.9828571428571429,98.20142857142856,92.85714285714286,11.25,1.8928571428571428,14.967142857142859,43199.99999999998
2026-06-20,400,99.5657142857143,99.63,0.5185714285714286,0.9857142857142858,98.49142857142859,99.99857142857142,11.248571428571427,1.9057142857142857,15.168571428571429,8.640000000018233
2026-06-21,400,99.58142857142857,99.50714285714285,0.22571428571428573,0.9885714285714285,99.04285714285713,98.38571428571429,10.904285714285715,1.58,16.172857142857143,9763.19999999999
2026-06-22,400,99.56714285714285,99.61428571428571,0.21857142857142858,0.9871428571428572,98.85285714285715,99.85142857142857,11.071428571428571,1.6199999999999999,15.792857142857143,898.5600000000161
2026-06-23,400,99.56857142857143,99.58428571428571,0.22714285714285715,0.9757142857142858,97.62,99.99142857142859,10.959999999999999,1.6214285714285714,16.092857142857145,51.83999999990796
2026-06-24,400,99.59571428571428,99.63857142857144,0.22,0.9857142857142858,98.50142857142858,100.0,11.23,1.6057142857142854,15.822857142857142,0.0
2026-06-25,400,99.58,99.63142857142857,0.2414285714285714,0.9757142857142858,97.54142857142857,100.0,10.030000000000001,1.747142857142857,16.335714285714285,0.0
2026-06-26,400,99.62428571428572,99.52857142857144,0.22428571428571428,0.9785714285714285,97.92428571428572,100.0,9.448571428571428,1.6242857142857143,16.487142857142857,0.0
2026-06-27,400,99.6842857142857,99.67714285714285,0.2557142857142857,0.9142857142857144,91.5457142857143,100.0,12.070000000000002,1.8742857142857143,16.11857142857143,0.0
2026-06-28,400,99.66571428571429,99.62,0.2342857142857143,0.9557142857142856,95.78428571428572,100.0,12.54142857142857,1.82,16.717142857142857,0.0
2026-06-29,400,99.61142857142856,99.58571428571429,0.2357142857142857,0.9814285714285714,98.10000000000001,100.0,10.99,1.707142857142857,16.23,0.0
2026-06-30,400,99.57000000000001,99.53571428571429,0.23428571428571426,0.9828571428571429,98.17714285714285,97.77428571428571,10.04857142857143,1.7557142857142856,16.78142857142857,13461.120000000004
2026-07-01,400,99.64285714285714,99.52285714285713,0.21285714285714286,0.9685714285714286,97.0,100.0,10.811428571428573,1.6999999999999997,17.102857142857143,0.0
2026-07-02,400,99.61571428571428,99.55428571428571,0.23285714285714287,0.9400000000000001,94.03571428571429,100.0,10.33,1.8742857142857143,17.82,0.0
2026-07-03,400,99.1842857142857,99.45857142857143,0.2542857142857143,0.9685714285714286,96.89428571428572,98.30857142857143,9.627142857142857,1.8985714285714288,17.184285714285714,10229.760000000035
2026-07-04,400,99.62142857142858,99.64,0.21714285714285714,0.9771428571428571,97.81142857142856,98.69142857142857,11.891428571428573,1.7028571428571428,16.464285714285715,7914.2399999999825
2026-07-05,400,99.63571428571429,99.66428571428571,0.21285714285714286,0.9642857142857143,96.54714285714286,99.3,12.198571428571428,2.0228571428571427,17.044285714285714,4233.600000000004
2026-07-06,400,99.65142857142858,99.66428571428571,0.21142857142857144,0.9685714285714286,96.80714285714285,98.7757142857143,12.41,2.774285714285714,16.458571428571428,7404.479999999913
2026-07-07,400,99.60000000000001,99.59142857142857,0.22142857142857145,0.9828571428571429,98.37571428571428,99.90285714285713,10.81,1.832857142857143,16.45,587.5200000000983
2026-07-08,400,99.61714285714285,99.64,0.22714285714285715,0.9871428571428572,98.75999999999999,98.62857142857142,10.674285714285714,1.7414285714285713,17.27285714285714,8294.400000000045
2026-07-09,400,99.54285714285713,99.55,0.23285714285714285,0.9642857142857143,96.41,97.55999999999999,8.764285714285714,1.6485714285714288,18.018571428571427,14757.120000000054
2026-07-10,400,99.55571428571429,99.48285714285714,0.21857142857142858,0.9857142857142858,98.79285714285713,100.0,8.93142857142857,1.3885714285714283,20.198571428571427,0.0
2026-07-11,400,99.39285714285714,99.35285714285715,0.27999999999999997,0.9799999999999999,98.16571428571429,99.39714285714285,8.821428571428571,1.3742857142857143,17.717142857142857,3646.0800000000395
2026-07-12,400,99.56428571428572,99.61571428571428,0.2657142857142857,0.9442857142857143,94.43285714285715,96.48428571428572,8.93,1.27,17.93857142857143,21263.03999999995
2026-07-13,400,99.61571428571428,99.51285714285714,0.23428571428571426,0.9857142857142858,98.53999999999999,95.03285714285714,9.374285714285715,1.3714285714285714,18.391428571428573,30041.28000000001
2026-07-14,400,99.57285714285715,99.58857142857143,0.2557142857142857,0.9785714285714285,97.82000000000001,95.50571428571428,8.015714285714285,1.387142857142857,18.63,27181.440000000086
2026-07-15,400,99.17285714285715,99.54142857142857,0.36428571428571427,0.9685714285714286,96.86428571428571,94.47142857142856,7.161428571428571,1.1300000000000001,18.828571428571426,33436.80000000006
2026-07-16,400,99.42428571428572,99.41428571428571,0.32142857142857145,0.9757142857142858,97.66285714285713,92.24571428571429,8.124285714285715,1.1914285714285715,20.024285714285714,46897.92
2026-07-17,400,98.83428571428571,99.5657142857143,0.4557142857142857,0.9742857142857143,97.34714285714287,93.38285714285713,8.178571428571429,1.2514285714285713,24.50857142857143,40020.480000000054
2026-07-18,400,99.48857142857142,99.55857142857143,0.27999999999999997,0.9785714285714285,97.81428571428572,88.97428571428573,7.277142857142857,1.2714285714285716,21.541428571428572,66683.51999999992
2026-07-19,400,99.31285714285715,99.49428571428572,0.35000000000000003,0.9785714285714285,97.87,93.47142857142856,6.99,1.28,21.10571428571428,39484.80000000006
2026-07-20,400,99.50571428571428,99.49571428571429,0.2757142857142857,0.9785714285714285,97.89714285714285,93.23857142857142,8.061428571428571,1.3742857142857143,20.415714285714284,40893.12000000008
2026-07-21,400,99.49142857142859,99.46857142857142,0.2614285714285714,0.9814285714285714,98.1557142857143,90.57142857142857,7.998571428571429,1.3,21.240000000000002,57024.000000000015
2026-07-22,400,99.49857142857142,99.53285714285714,0.2928571428571428,0.9842857142857142,98.41857142857143,86.57857142857142,7.9557142857142855,1.227142857142857,23.745714285714286,81172.8
2026-07-23,400,99.41714285714285,99.55285714285715,0.33428571428571424,0.9857142857142858,98.63,85.82571428571428,7.925714285714286,1.2871428571428571,24.21857142857143,85726.08000000002
2026-07-24,400,99.57571428571428,99.58428571428571,0.2757142857142857,0.9871428571428572,98.60857142857142,89.02428571428571,9.07,1.447142857142857,27.787142857142857,66381.12000000002
2026-07-25,400,99.52714285714286,99.46571428571428,0.3,0.9885714285714285,98.76,84.74857142857142,7.1000000000000005,1.1300000000000001,22.18285714285714,92240.64
2026-07-26,400,99.53857142857143,99.56000000000002,0.2742857142857143,0.9885714285714285,98.90142857142857,92.11428571428571,8.051428571428572,1.3514285714285716,21.835714285714285,47692.799999999996
2026-07-27,400,99.47142857142856,99.53142857142858,0.3071428571428571,0.99,98.92,89.35428571428572,7.897142857142858,1.1457142857142857,22.174285714285713,64385.27999999997
2026-07-28,400,99.52142857142857,99.57571428571428,0.2671428571428572,0.9885714285714285,98.89857142857143,84.88714285714286,7.562857142857142,1.3657142857142854,22.58857142857143,91402.55999999998
2026-07-29,400,99.61571428571428,99.59714285714287,0.25,0.9885714285714285,98.94714285714285,87.73285714285714,9.447142857142856,1.7157142857142857,21.298571428571428,74191.67999999998
2026-07-30,400,99.60714285714286,99.59,0.23571428571428574,0.99,99.05285714285715,86.39285714285714,9.778571428571428,1.6500000000000001,21.01571428571429,82296.00000000003
2026-07-31,400,99.64428571428572,99.62857142857142,0.20857142857142857,0.99,99.02714285714286,84.37428571428572,9.192857142857141,1.912857142857143,23.032857142857143,94504.31999999995
2026-08-01,400,99.60857142857142,99.55571428571429,0.22285714285714286,0.99,98.91428571428571,95.80999999999999,9.992857142857144,1.6028571428571428,19.83857142857143,25341.120000000097
2026-08-02,400,99.61142857142856,99.56714285714285,0.23714285714285713,0.99,98.96428571428571,89.40285714285713,9.248571428571429,1.5085714285714285,20.12285714285714,64091.520000000084
2026-08-03,400,99.49285714285715,99.52857142857144,0.2857142857142857,0.9871428571428572,98.77857142857144,88.51857142857143,7.481428571428572,1.1428571428571428,21.20285714285714,69439.67999999996
2026-08-04,400,99.51428571428572,99.49285714285715,0.29857142857142854,0.9828571428571429,98.32714285714285,97.38714285714286,7.9399999999999995,1.4457142857142855,20.767142857142858,15802.559999999976
2026-08-05,400,99.55142857142857,99.5657142857143,0.27285714285714285,0.9857142857142858,98.55857142857143,91.22142857142856,8.002857142857142,1.3285714285714287,21.45285714285714,53092.80000000004
2026-08-06,400,99.58857142857143,99.4557142857143,0.24571428571428572,0.9885714285714285,98.83714285714287,89.24714285714286,8.271428571428572,1.7185714285714284,22.518571428571427,65033.27999999999
2026-08-07,400,99.62857142857142,99.64285714285714,0.18714285714285714,0.9914285714285713,99.06428571428572,90.89857142857143,8.618571428571428,1.6214285714285714,22.332857142857144,55045.44
2026-08-08,400,99.60142857142857,99.53857142857143,0.23714285714285716,0.9885714285714285,98.94857142857143,86.45,9.04857142857143,1.412857142857143,21.851428571428574,81950.39999999997
2026-08-09,400,99.57714285714285,99.52285714285713,0.2742857142857143,0.99,98.90285714285713,86.4342857142857,8.267142857142856,1.2714285714285716,21.305714285714284,82045.44000000003
2026-08-10,400,99.57000000000001,99.49857142857142,0.25142857142857145,0.9871428571428572,98.86857142857141,90.60285714285715,8.484285714285715,1.1442857142857144,21.447142857142858,56833.91999999995
2026-08-11,400,99.55571428571429,99.44857142857143,0.2414285714285714,0.9885714285714285,98.83571428571429,78.11142857142856,9.0,1.2542857142857142,21.417142857142856,132382.08000000005
2026-08-12,400,99.59571428571428,99.57142857142857,0.25857142857142856,0.99,98.95285714285714,74.23571428571428,8.27,1.4157142857142857,14.262857142857143,155822.40000000002
2026-08-13,400,99.50428571428571,99.52,0.28285714285714286,0.9885714285714285,98.94571428571429,78.85428571428572,7.6014285714285705,1.432857142857143,18.31142857142857,127889.27999999996
2026-08-14,400,99.60285714285715,99.54857142857142,0.23714285714285716,0.99,98.98285714285714,90.43571428571428,7.694285714285714,1.3642857142857143,21.65142857142857,57844.799999999996
2026-08-15,400,99.58285714285715,99.42999999999999,0.27714285714285714,0.99,98.91857142857144,88.10142857142857,7.675714285714285,1.4057142857142857,21.62,71962.55999999998
2026-08-16,400,99.46857142857142,99.46428571428571,0.34142857142857136,0.9857142857142858,98.64571428571428,76.32857142857142,7.1485714285714295,1.1014285714285714,24.63714285714286,143164.80000000002
2026-08-17,400,98.51666666666667,99.27166666666666,0.5766666666666668,0.98,98.06,76.30166666666666,4.523333333333333,0.5866666666666667,30.221666666666664,122852.15999999999
2026-08-18,400,99.5,99.44285714285715,0.32,0.9885714285714285,98.84,85.66714285714285,6.902857142857143,1.317142857142857,23.747142857142855,86685.12000000002
2026-08-19,400,99.61714285714285,99.60571428571428,0.2357142857142857,0.9857142857142858,98.67999999999999,88.84714285714287,7.635714285714286,1.4371428571428573,21.822857142857142,67452.47999999992
2026-08-20,400,99.61714285714285,99.61428571428571,0.23285714285714285,0.9857142857142858,98.59857142857143,87.61857142857143,7.381428571428572,1.445714285714286,21.94142857142857,74882.88000000003
2026-08-21,400,99.61428571428571,99.61428571428571,0.2357142857142857,0.9885714285714285,98.81142857142858,91.49,8.195714285714285,1.5400000000000003,22.577142857142857,51468.48000000004
2026-08-22,400,99.49857142857142,99.53285714285714,0.31428571428571433,0.9857142857142858,98.25285714285714,92.37428571428572,7.49,1.0871428571428572,23.729999999999997,46120.31999999996
2026-08-23,400,99.55428571428571,99.56714285714285,0.27571428571428575,0.9842857142857142,98.31000000000002,86.89142857142858,7.784285714285714,1.1171428571428572,23.47714285714286,79280.63999999998
2026-08-24,400,99.17857142857143,99.52857142857144,0.40285714285714286,0.9757142857142858,97.56714285714285,84.35142857142857,6.677142857142857,0.9314285714285714,25.15142857142857,94642.56000000003
2026-08-25,400,99.41857142857144,99.46000000000001,0.6785714285714286,0.9828571428571429,98.14571428571428,90.39142857142858,6.478571428571429,0.9328571428571427,26.265714285714285,58112.63999999996
2026-08-26,400,99.46714285714286,99.48571428571428,0.3628571428571429,0.9842857142857142,98.53857142857143,86.53,6.212857142857142,0.9500000000000001,28.247142857142855,81466.56000000003
2026-08-27,400,99.26428571428572,99.55,0.3657142857142857,0.9814285714285714,98.14,91.58714285714287,7.1657142857142855,1.1714285714285713,24.919999999999998,50880.95999999994
2026-08-28,400,99.42999999999999,99.53142857142858,0.3057142857142857,0.9857142857142858,98.46714285714286,90.15285714285714,7.589999999999999,1.2785714285714285,24.755714285714284,59555.51999999998
2026-08-29,400,99.50142857142858,99.55571428571429,0.30428571428571427,0.9857142857142858,98.51285714285714,85.39571428571428,7.771428571428572,1.3542857142857143,22.262857142857143,88326.72000000006
2026-08-30,400,99.47285714285714,99.50571428571428,0.35428571428571426,0.9814285714285714,98.15714285714286,90.60857142857142,7.081428571428572,1.1271428571428572,23.80857142857143,56799.36000000001
2026-08-31,400,98.54142857142857,99.28999999999999,0.5957142857142858,0.9799999999999999,97.87857142857142,66.08142857142857,5.72,0.8085714285714286,30.424285714285713,205139.51999999996
2026-09-01,400,99.54571428571428,99.53,0.31857142857142856,0.9771428571428571,97.92999999999999,89.13714285714286,7.562857142857142,1.0057142857142858,23.594285714285714,65698.55999999998
2026-09-02,400,99.61285714285714,99.54285714285713,0.24857142857142858,0.9814285714285714,98.14142857142858,79.98,8.785714285714286,1.554285714285714,18.928571428571427,121080.95999999996
2026-09-03,400,99.58,99.56428571428572,0.27285714285714285,0.9785714285714285,97.99571428571429,88.67,8.477142857142857,1.3800000000000001,21.21,68523.83999999997
2026-09-04,400,99.63142857142857,99.63000000000001,0.2342857142857143,0.9828571428571429,98.64,92.53285714285714,9.252857142857142,1.77,20.18,45161.28000000002
2026-09-05,400,99.63428571428571,99.63142857142857,0.23142857142857146,0.9814285714285714,98.19000000000001,90.84142857142857,10.534285714285714,1.77,19.740000000000002,55391.04000000006
2026-09-06,400,99.59857142857143,99.57285714285715,0.2657142857142857,0.9785714285714285,97.91428571428571,90.91,10.307142857142859,1.7857142857142858,20.462857142857143,54976.319999999985
2026-09-07,400,99.62571428571428,99.60714285714286,0.2671428571428572,0.9842857142857142,98.36,96.10714285714286,9.65,1.737142857142857,19.849999999999998,23543.999999999996
2026-09-08,400,99.61142857142856,99.60714285714286,0.24285714285714285,0.9828571428571429,98.24142857142859,94.34571428571428,10.641428571428571,1.8485714285714285,19.585714285714285,34197.12000000005
2026-09-09,400,99.56714285714285,99.55571428571429,0.2914285714285714,0.9799999999999999,98.03285714285714,89.05857142857143,9.407142857142857,1.6185714285714285,19.92142857142857,66173.75999999998
2026-09-10,400,99.54285714285713,99.56428571428572,0.2785714285714286,0.9785714285714285,97.90857142857143,93.11428571428571,8.542857142857143,1.59,19.330000000000002,41644.79999999999
2026-09-11,400,99.53714285714285,99.53571428571429,0.30428571428571427,0.9857142857142858,98.57714285714285,96.13142857142857,8.697142857142858,1.6042857142857143,18.768571428571427,23397.120000000024
2026-09-12,400,99.55571428571429,99.60857142857142,0.46714285714285714,0.9857142857142858,98.59285714285714,90.32714285714285,9.104285714285714,1.6014285714285716,19.360000000000003,58501.44000000004
2026-09-13,400,99.48285714285714,99.59,0.3828571428571429,0.9785714285714285,97.92571428571429,87.46857142857142,8.882857142857143,1.3114285714285714,19.117142857142856,75790.08000000006
2026-09-14,400,99.64142857142858,99.65714285714286,0.23,0.9828571428571429,98.41571428571429,96.66714285714285,12.198571428571428,1.8599999999999999,17.45714285714286,20157.120000000035
2026-09-15,400,99.62714285714286,99.61285714285714,0.2342857142857143,0.9828571428571429,98.34142857142857,97.74714285714286,12.401428571428571,1.9014285714285712,16.337142857142858,13625.279999999948
2026-09-16,400,99.63428571428571,99.66285714285713,0.21714285714285714,0.9842857142857142,98.39857142857143,100.0,12.561428571428573,1.9514285714285715,16.220000000000002,0.0
2026-09-17,400,99.66142857142857,99.62714285714286,0.22285714285714286,0.9799999999999999,98.21428571428571,100.0,12.868571428571428,2.2457142857142856,16.255714285714287,0.0
2026-09-18,400,99.62857142857142,99.64999999999999,0.22,0.9842857142857142,98.48571428571428,98.0657142857143,11.998571428571429,2.0028571428571427,14.704285714285714,11698.559999999978
2026-09-19,400,99.62714285714286,99.61,0.21571428571428572,0.9842857142857142,98.51142857142858,89.42714285714285,11.218571428571428,1.947142857142857,17.397142857142857,63944.64000000004
2025-09-20,1556,99.76162500000001,99.516125,0.17225,0.9644999999999999,96.44924999999999,62.94862500000001,11.7975,1.292,27.91425,2560991.04
2025-09-21,1556,99.76075949367089,99.7020253164557,0.16873417721518988,0.9646835443037974,96.47481012658228,63.095625,11.923797468354431,1.3136708860759494,27.971375000000002,2550830.4
2025-09-22,1556,99.764625,99.697375,0.1675,0.9650000000000001,96.53412499999999,62.50037037037037,11.96425,1.2898749999999999,27.659135802469134,2624374.0799999996
2025-09-23,1556,99.73654320987654,99.69703703703703,0.17876543209876544,0.9644444444444445,96.46888888888888,62.71370370370371,11.530740740740741,1.277037037037037,27.63098765432099,2609444.16
2025-09-24,1556,99.7462962962963,99.70506172839505,0.20913580246913582,0.962716049382716,96.27395061728394,63.46641975308642,11.06543209876543,1.0437037037037038,28.356172839506172,2556766.0799999996
2025-09-25,1556,99.74444444444444,99.69641975308642,0.19234567901234567,0.9630864197530865,96.35469135802468,61.86358024691358,10.903827160493828,1.0503703703703704,30.171604938271606,2668939.2
2025-09-26,1556,99.73310810810811,99.6745945945946,0.19243243243243244,0.9608108108108108,96.12175675675675,67.27567567567567,10.477297297297298,1.0586486486486486,29.489189189189187,2092262.4000000001
2025-09-27,1556,99.72702702702703,99.65418918918918,0.20527027027027026,0.9616216216216216,96.17878378378377,60.83518518518518,10.857432432432432,1.0287837837837837,26.537283950617283,2740910.4000000004
2025-09-28,1556,99.75683544303797,99.69506329113923,0.19341772151898734,0.9643037974683544,96.4506329113924,62.09050632911392,11.806075949367088,1.1246835443037975,26.903037974683546,2587550.4
2025-09-29,1556,99.78777777777778,99.70098765432098,0.19296296296296298,0.9653086419753086,96.55358024691358,62.83518518518518,12.71679012345679,1.0824691358024692,27.18617283950617,2600942.4000000004
2025-09-30,1556,99.77864197530864,99.71617283950617,0.1725925925925926,0.9662962962962962,96.6583950617284,63.773086419753085,13.101234567901235,1.2187654320987653,26.95111111111111,2535304.32
2025-10-01,1556,99.77851851851852,99.70987654320987,0.15728395061728395,0.9661728395061729,96.62765432098766,63.05222222222222,12.898024691358025,1.3528395061728395,26.81876543209877,2585753.2800000003
2025-10-02,1556,99.77913580246913,99.70543209876544,0.17246913580246914,0.9665432098765431,96.67864197530865,62.47888888888889,12.925432098765432,1.2591358024691357,27.18679012345679,2625877.4400000004
2025-10-03,1556,99.78160493827161,99.69765432098765,0.15061728395061727,0.987037037037037,98.77037037037037,62.94209876543211,11.855925925925927,1.3571604938271606,28.439999999999998,2593460.159999999
2025-10-04,1556,99.78901234567901,99.72123456790123,0.14580246913580247,0.987037037037037,98.77493827160494,63.142839506172834,12.337037037037037,1.3893827160493828,28.2341975308642,2579411.5200000005
2025-10-05,1556,99.78345679012345,99.71827160493828,0.16296296296296295,0.9864197530864198,98.61395061728395,61.29876543209876,12.87604938271605,1.3058024691358023,27.567037037037036,2708467.2000000007
2025-10-06,1556,99.79703703703704,99.71382716049382,0.16049382716049382,0.9866666666666667,98.63802469135803,62.776172839506174,13.5479012345679,1.4664197530864198,26.534320987654322,2605072.32
2025-10-07,1556,99.76975308641975,98.64506172839506,0.30333333333333334,0.9713580246913579,97.1695061728395,62.33012345679012,13.303950617283952,1.3523456790123458,26.25296296296296,2636288.64
2025-10-08,1556,99.79518518518519,99.69061728395062,0.16111111111111112,0.9832098765432099,98.3241975308642,63.017283950617276,13.765061728395063,1.3644444444444443,26.166049382716047,2588198.4000000004
2025-10-09,1556,99.79197530864197,99.72,0.15086419753086422,0.9880246913580247,98.82049382716049,62.9258024691358,13.421481481481482,1.4737037037037037,26.389012345679014,2594600.6399999997
2025-10-10,1556,99.85469135802468,99.76481481481481,0.08382716049382716,0.9845679012345679,98.46777777777778,29.602592592592593,15.799753086419752,1.6488888888888888,21.328641975308642,4926692.16
2025-10-13,1556,99.76,99.73481481481483,0.15432098765432098,0.9861728395061727,98.69271604938271,62.236543209876544,13.521604938271604,1.4414814814814816,26.107901234567898,2642837.76
2025-10-14,1556,99.7504938271605,99.70320987654321,0.170875,0.9869135802469136,98.77234567901235,62.35493827160494,12.833086419753087,1.2769135802469136,25.1525,2634552.0000000005
2025-10-15,1556,99.77555555555556,99.67666666666668,0.17425000000000002,0.9872839506172839,98.73913580246914,64.66641975308642,12.521728395061729,1.3043209876543211,24.594,2472785.2800000007
2025-10-16,1556,99.77506172839506,99.72308641975309,0.172375,0.9869135802469136,98.77444444444444,64.73827160493828,12.574567901234568,1.3306172839506174,24.720625000000002,2467756.7999999993
2025-10-17,1556,99.79481481481481,99.7362962962963,0.15525,0.9871604938271604,98.72802469135803,64.72456790123456,12.216666666666667,1.3769135802469137,25.078875,2468715.8400000003
2025-10-18,1556,99.77506172839506,99.54580246913581,0.1635,0.9841975308641975,98.45185185185186,64.5562962962963,12.350246913580246,1.462098765432099,25.228125,2480492.1599999997
2025-10-19,1556,99.59876543209876,99.6474074074074,0.23125,0.9635802469135802,96.3525925925926,61.8579012345679,11.304814814814815,1.367037037037037,24.568625,2669336.64
2025-10-20,1556,99.7865,99.69275,0.16341772151898734,0.9878750000000001,98.81875,63.79025,13.191875,1.387125,24.777848101265825,2502817.92
2025-10-21,1556,99.770625,99.6765,0.16772151898734178,0.9881249999999999,98.82675,57.438250000000004,12.346125,1.3836249999999999,24.765696202531647,2941868.1599999997
2025-10-22,1556,99.71475000000001,99.663625,0.17227848101265822,0.987125,98.8155,64.354875,11.491125,1.3116249999999998,25.279873417721518,2463791.039999999
2025-10-23,1556,99.65925,99.674125,0.16974683544303798,0.9872500000000001,98.746875,64.415875,12.267375,1.38575,25.49594936708861,2459574.72
2025-10-24,1556,99.737125,99.677625,0.16278481012658227,0.9876250000000001,98.750875,64.2835,11.177875,1.401,25.793924050632913,2468724.4799999995
2025-10-25,1556,99.764,99.42275,0.1788607594936709,0.975,97.51174999999999,64.265125,12.105125,1.361875,25.308354430379744,2469994.56
2025-10-26,1556,99.74358024691358,99.08382716049383,0.198,0.9797530864197531,98.01543209876543,63.40753086419753,12.346543209876543,1.2161728395061728,24.196875,2560887.3599999994
2025-10-27,1556,99.798,99.712625,0.15443037974683546,0.9877499999999999,98.837125,63.99061728395061,12.99625,1.4224999999999999,24.393125,2520080.64
2025-10-28,1556,99.80382716049382,99.71000000000001,0.152625,0.9883950617283951,98.88395061728396,63.96407407407408,13.24925925925926,1.4464197530864198,24.419,2521938.24
2025-10-29,1556,99.79283950617284,99.69395061728395,0.15949367088607594,0.9865432098765432,98.66234567901235,63.57086419753086,13.149629629629628,1.405679012345679,24.323291139240506,2549456.64
2025-10-30,1556,99.80308641975309,99.68592592592593,0.1579746835443038,0.9875308641975308,98.84358024691358,63.700370370370365,13.0379012345679,1.4237037037037037,24.5473417721519,2540393.2800000007
2025-10-31,1556,99.76864197530864,99.6946913580247,0.14506329113924052,0.9864197530864198,98.67975308641975,63.84987654320988,12.419135802469137,1.4625925925925927,24.84873417721519,2529930.2399999998
2025-11-01,1556,99.7872839506173,99.72740740740741,0.15544303797468353,0.988641975308642,98.890987654321,63.87938271604938,12.51037037037037,1.4383950617283952,24.86,2527865.2800000003
2025-11-02,1556,99.79604938271605,99.69901234567901,0.15518987341772153,0.9890123456790123,98.95703703703703,63.8279012345679,13.222345679012346,1.4361728395061728,24.468987341772152,2531468.1599999997
2025-11-03,1556,99.80160493827161,99.72185185185185,0.15662500000000001,0.9892592592592592,98.96555555555555,63.791604938271604,13.445308641975307,1.4819753086419754,24.4745,2534008.32
2025-11-04,1556,99.76481481481481,99.71913580246914,0.15712500000000001,0.9880246913580247,98.83716049382717,63.940740740740736,12.852962962962962,1.5280246913580247,24.562,2523571.2000000007
2025-11-05,1556,99.74259259259259,99.72185185185185,0.157375,0.9882716049382716,98.87876543209877,58.00296296296296,13.001975308641976,1.4964197530864196,24.2445,2939120.6400000006
2025-11-06,1556,99.78185185185185,99.73703703703704,0.157375,0.9880246913580247,98.8288888888889,64.34506172839507,12.800493827160492,1.482962962962963,24.240375,2495275.1999999993
2025-11-07,1556,99.7762962962963,99.73358024691358,0.148,0.9849382716049383,98.54962962962962,64.04098765432099,11.965555555555556,1.481851851851852,24.8795,2516555.5199999996
2025-11-08,1556,99.77777777777777,99.71061728395061,0.1535,0.9876543209876543,98.81382716049383,63.41753086419753,12.452222222222222,1.4267901234567901,24.945625,2560187.5199999996
2025-11-09,1556,99.78691358024692,99.6925925925926,0.158,0.9890123456790123,98.92012345679012,64.22283950617285,12.6,1.461358024691358,24.83425,2503828.7999999993
2025-11-10,1556,99.77592592592593,99.71666666666667,0.15925,0.9877777777777779,98.84493827160493,64.15679012345679,13.097777777777779,1.4333333333333333,24.643375,2508451.2
2025-11-11,1556,99.78592592592592,99.72703703703704,0.162,0.9879012345679011,98.86950617283951,64.12370370370371,13.086913580246913,1.371604938271605,24.6035,2510766.7199999993
2025-11-12,1556,99.78126582278482,99.71518987341773,0.15756410256410258,0.9875949367088607,98.85379746835443,65.475375,12.952784810126582,1.4118987341772153,24.435696202531645,2386342.0799999996
2025-11-13,1556,99.77506172839506,99.7220987654321,0.16148148148148148,0.9883950617283951,98.87604938271605,64.86518518518518,12.836543209876544,1.4838271604938271,24.968024691358025,2458874.8800000004
2025-11-14,1556,99.77296296296296,99.72753086419753,0.15580246913580248,0.9888888888888888,98.88555555555556,65.20765432098766,12.255061728395061,1.475679012345679,25.278271604938272,2434907.5199999996
2025-11-15,1556,99.76580246913579,99.59024691358024,0.17160493827160495,0.9822222222222222,98.25135802469136,65.21407407407408,12.47111111111111,1.3818518518518519,25.383086419753088,2434458.2399999998
2025-11-16,1556,99.76888888888888,99.21123456790123,0.16691358024691358,0.9820987654320987,98.2746913580247,64.89567901234568,12.480864197530865,1.4149382716049383,24.692962962962966,2456740.7999999993
2025-11-17,1556,99.755875,99.697,0.16512500000000002,0.9845,98.53425,65.5925,12.659625,1.35975,24.799875,2378246.4
2025-11-18,1556,99.777125,99.705125,0.16425,0.9873749999999999,98.83825,65.791875,12.57475,1.4045,25.164250000000003,2364465.6
2025-11-19,1556,99.801125,99.70349999999999,0.153625,0.9880000000000001,98.860375,65.704125,12.7625,1.4395,25.143625,2370530.88
2025-11-20,1556,99.784375,99.69825,0.163625,0.9883749999999999,98.877,64.54125,12.4905,1.455875,24.85975,2450908.8
2025-11-21,1556,99.792625,99.69924999999999,0.14075,0.9886250000000001,98.967625,65.720625,12.209624999999999,1.5285,25.103125,2369390.4
2025-11-22,1556,99.7975,99.690625,0.146875,0.9890000000000001,98.93175,64.91728395061729,12.4095,1.4973750000000001,24.986172839506175,2455228.8
2025-11-23,1556,99.81345679012347,99.70567901234568,0.14444444444444443,0.9882716049382716,98.92654320987654,65.03518518518518,12.981604938271605,1.4774074074074075,24.564567901234568,2446977.6
2025-11-24,1556,99.7762962962963,99.68382716049383,0.145679012345679,0.9883950617283951,98.89037037037036,64.45444444444445,13.301851851851852,1.5109876543209877,24.30296296296296,2487620.1599999997
2025-11-25,1556,99.75160493827161,99.69283950617285,0.1569135802469136,0.9875308641975308,98.83148148148149,64.64444444444445,12.862222222222222,1.4669135802469135,24.452098765432098,2474323.1999999997
2025-11-26,1556,99.799,99.716375,0.1585,0.9877499999999999,98.81775,63.7625925925926,12.813624999999998,1.35975,24.701604938271604,2536038.72
2025-11-27,1556,99.78341772151899,99.69164556962026,0.15835443037974684,0.9888607594936709,98.89708860759494,65.00987341772152,12.629620253164557,1.4969620253164557,25.214556962025316,2388286.08
2025-11-28,1556,99.78,99.69518987341772,0.14329113924050632,0.9883544303797468,98.91303797468355,65.26962025316456,11.776835443037974,1.4820253164556962,26.064430379746838,2370556.8
2025-11-29,1556,99.79632911392405,99.66430379746835,0.1507594936708861,0.9891139240506329,98.93278481012658,65.28734177215189,12.508607594936707,1.4516455696202533,25.564050632911393,2369347.200000001
2025-11-30,1556,99.79177215189874,99.65518987341773,0.15556962025316456,0.9887341772151899,98.91012658227848,64.181625,12.71632911392405,1.4482278481012658,24.587375,2475766.08
2025-12-01,1556,99.77246913580247,99.6774074074074,0.15518518518518518,0.9890123456790123,98.94185185185185,63.760617283950616,13.15679012345679,1.4528395061728396,24.27135802469136,2536176.96
2025-12-02,1556,99.79555555555555,99.66580246913581,0.1554320987654321,0.9895061728395063,98.93234567901236,58.31259259259259,12.749135802469137,1.4172839506172838,24.548395061728396,2917451.5200000005
2025-12-03,1556,99.7088888888889,99.6362962962963,0.17592592592592593,0.9859259259259259,98.67135802469136,63.64925925925926,11.857037037037037,1.4444444444444444,24.358641975308643,2543970.2399999998
2025-12-04,1556,99.78562500000001,99.66787500000001,0.162,0.9897499999999999,98.98875000000001,65.635125,11.871125000000001,1.427875,25.006999999999998,2375300.1599999997
2025-12-05,1556,99.77875,99.664125,0.147625,0.9891249999999999,98.985625,65.68575,11.45375,1.3487500000000001,25.780250000000002,2371800.96
2025-12-06,1556,99.77250000000001,99.646625,0.15537499999999999,0.9893750000000001,99.0365,64.935875,11.6375,1.3678750000000002,25.849624999999996,2423632.3200000003
2025-12-07,1556,99.78925000000001,99.635375,0.15425,0.9891249999999999,99.04275,64.88975,12.777,1.401875,24.900624999999998,2426820.48
2025-12-08,1556,99.79753086419754,99.67753086419754,0.15506172839506174,0.9904938271604938,99.07679012345679,65.12493827160493,12.697654320987654,1.4127160493827162,24.910617283950618,2440696.32
2025-12-09,1556,99.79185185185186,99.67543209876543,0.1528395061728395,0.9901234567901235,99.0279012345679,65.2567901234568,12.834074074074074,1.4066666666666667,24.71530864197531,2431468.7999999993
2025-12-10,1556,99.7479012345679,99.68580246913581,0.15814814814814815,0.9890123456790123,98.94777777777779,65.12629629629629,12.453950617283951,1.388641975308642,24.830987654320985,2440601.2800000003
2025-12-11,1556,99.75,99.64950617283951,0.15950617283950616,0.9888888888888888,99.01197530864198,65.2295061728395,12.64074074074074,1.4139506172839507,25.084567901234568,2433378.24
2025-12-12,1556,99.77432098765432,99.6662962962963,0.15074074074074076,0.9883950617283951,98.90654320987655,66.24407407407408,11.554444444444444,1.4139506172839507,25.931728395061725,2362374.7199999997
2025-12-13,1556,99.78358024691359,99.6679012345679,0.15086419753086422,0.9892592592592592,99.01123456790123,67.08740740740741,12.085185185185185,1.4562962962962962,24.78395061728395,2303354.88
2025-12-14,1556,99.79037037037037,99.68308641975308,0.15518518518518518,0.9891358024691359,98.9695061728395,67.00876543209877,12.78222222222222,1.4796296296296296,24.247777777777777,2308858.5599999996
2025-12-15,1556,99.79481481481481,99.6958024691358,0.15518518518518518,0.988148148148148,98.89185185185185,66.75530864197532,12.97567901234568,1.411604938271605,24.124444444444443,2326596.479999999
2025-12-16,1556,99.7874074074074,99.69876543209877,0.16296296296296295,0.9890123456790123,98.99666666666666,66.80493827160494,12.341728395061727,1.3724691358024692,24.368024691358023,2323123.1999999997
2025-12-17,1556,99.76641975308642,99.66716049382715,0.1819753086419753,0.9895061728395063,98.9804938271605,67.02185185185186,12.314938271604937,1.2144444444444444,24.312962962962963,2307942.719999999
2025-12-18,1556,99.77475,99.666625,0.16875,0.988875,98.98150000000001,68.990375,11.67325,1.410625,23.996625,2143385.28
2025-12-19,1556,99.756,99.64375,0.15887500000000002,0.9881249999999999,98.870375,72.341875,10.690999999999999,1.42525,24.276625000000003,1911729.6
2025-12-20,1556,99.78654320987654,99.64888888888889,0.15901234567901235,0.988641975308642,98.99493827160494,71.59135802469136,11.923703703703705,1.431604938271605,23.423456790123456,1988150.3999999994
2025-12-21,1556,99.74913580246914,99.71864197530864,0.1634567901234568,0.9890123456790123,99.00493827160493,71.63666666666666,12.476543209876544,1.744074074074074,22.77679012345679,1984979.5200000005
2025-12-22,1556,99.80827160493827,99.75333333333333,0.1560493827160494,0.9916049382716049,99.18617283950617,71.77592592592593,12.415185185185186,1.8045679012345677,22.81506172839506,1975233.5999999996
2025-12-23,1556,99.79172839506172,99.7562962962963,0.1648148148148148,0.9911111111111112,99.11740740740741,70.75518518518518,12.091358024691358,1.7781481481481483,22.746049382716052,2046669.1199999999
2025-12-24,1556,99.77851851851852,99.71345679012346,0.20790123456790124,0.9901234567901235,99.11444444444444,71.17283950617283,11.83246913580247,1.7012345679012346,23.22320987654321,2017440.0000000002
2025-12-25,1556,99.75530864197532,99.6725925925926,0.4125925925925926,0.9888888888888888,98.9516049382716,71.64604938271604,11.921975308641974,1.5223456790123457,23.26851851851852,1984322.8800000001
2025-12-26,1556,99.76148148148148,99.68333333333334,0.33444444444444443,0.9898765432098765,98.98814814814814,71.60197530864198,11.356913580246912,1.6125925925925926,23.588765432098768,1987407.3599999994
2025-12-27,1556,99.80506172839506,99.77160493827161,0.14629629629629629,0.9892592592592592,99.01358024691359,71.67617283950618,12.043456790123457,1.7683950617283952,23.286913580246914,1982214.7199999995
2025-12-28,1556,99.79938271604938,99.76333333333334,0.14962962962962964,0.99,98.9916049382716,71.55654320987654,12.390123456790123,1.8124691358024692,23.019382716049382,1990586.8800000008
2025-12-29,1556,99.81037037037038,99.76432098765432,0.15444444444444444,0.9890123456790123,98.9958024691358,71.46283950617284,12.487777777777778,1.813827160493827,22.853950617283953,1997144.6400000001
2025-12-30,1556,99.7783950617284,99.74901234567902,0.1571604938271605,0.9888888888888888,98.96456790123457,71.55814814814815,12.886666666666667,1.7964197530864197,22.92395061728395,1990474.56
2025-12-31,1556,99.79469135802469,99.7395061728395,0.1577777777777778,0.9904938271604938,99.0920987654321,70.86444444444444,12.64111111111111,1.8407407407407406,22.816666666666666,2039022.7200000002
2026-01-01,1556,99.77938271604938,99.75012345679012,0.164320987654321,0.9903703703703703,99.09567901234568,69.66444444444444,12.076913580246913,1.8324691358024692,23.401851851851852,2123003.5200000005
2026-01-02,1556,99.79407407407408,99.75283950617283,0.14296296296296296,0.9891358024691359,98.94839506172839,71.67654320987654,11.859382716049383,1.8237037037037036,23.63111111111111,1982188.8
2026-01-03,1556,99.80308641975309,99.76641975308642,0.15617283950617283,0.9901234567901235,99.09271604938272,71.6632098765432,11.958148148148148,1.7829629629629629,23.410740740740742,1983121.92
2026-01-04,1556,99.80172839506173,99.77604938271604,0.15901234567901235,0.9897530864197531,99.06074074074074,71.69765432098765,12.52506172839506,1.8659259259259258,23.401481481481483,1980711.3600000006
2026-01-05,1556,99.80246913580247,99.76037037037037,0.15987654320987654,0.9890123456790123,99.0483950617284,71.67358024691359,12.279012345679012,1.712222222222222,23.62320987654321,1982396.1599999992
2026-01-06,1556,99.79358024691358,99.77358024691358,0.16160493827160494,0.988641975308642,98.9558024691358,71.7320987654321,11.876666666666667,1.724074074074074,23.71962962962963,1978300.8000000003
2026-01-07,1556,99.75851851851853,99.76098765432099,0.16209876543209878,0.9883950617283951,98.95493827160495,71.69123456790123,11.295925925925927,1.752469135802469,23.836296296296297,1981160.6400000004
2026-01-08,1556,99.79629629629629,99.77740740740741,0.1569135802469136,0.9898765432098765,99.0241975308642,71.63753086419753,11.797777777777778,1.8709876543209878,23.669999999999998,1984919.04
2026-01-09,1556,99.79777777777778,99.77172839506173,0.1397530864197531,0.9897530864197531,99.0241975308642,71.67037037037038,11.344444444444445,1.9317283950617283,24.124197530864198,1982620.7999999998
2026-01-10,1556,99.79851851851852,99.77925925925926,0.15209876543209877,0.9896296296296296,99.05074074074074,71.60395061728396,11.811851851851852,1.8890123456790122,23.791728395061728,1987269.1199999999
2026-01-11,1556,99.80777777777779,99.77530864197531,0.15641975308641975,0.9887654320987654,98.97802469135803,71.72703703703704,11.755679012345679,1.8151851851851852,23.17432098765432,1978655.0400000003
2026-01-12,1556,99.7853086419753,99.77814814814815,0.15777777777777777,0.984074074074074,98.4620987654321,71.68123456790124,12.45753086419753,1.807654320987654,23.079135802469136,1981860.4799999995
2026-01-13,1556,99.80617283950617,99.77135802469135,0.15419753086419755,0.974320987654321,97.530987654321,71.7537037037037,12.43604938271605,1.822716049382716,23.03851851851852,1976788.7999999996
2026-01-14,1556,99.78481481481481,99.76333333333334,0.16222222222222224,0.9837037037037036,98.46246913580246,71.59962962962963,11.168765432098764,1.6600000000000001,22.913703703703703,1987571.5199999996
2026-01-15,1556,99.75086419753086,99.75160493827161,0.16691358024691358,0.9801234567901235,98.05864197530865,71.7025925925926,11.23641975308642,1.730246913580247,23.378024691358025,1980365.7599999998
2026-01-16,1556,99.76172839506172,99.74358024691358,0.15024691358024692,0.98,98.02765432098765,71.78962962962963,11.457037037037036,1.8361728395061727,24.422222222222224,1974274.5600000003
2026-01-17,1556,99.78358024691359,99.74777777777777,0.1591358024691358,0.9779012345679011,97.75407407407407,71.73333333333333,11.980987654320987,1.7896296296296297,24.03185185185185,1978214.3999999997
2026-01-18,1556,99.72691358024692,99.70814814814814,0.2749382716049383,0.9744444444444443,97.41333333333333,71.03148148148148,11.152222222222223,1.6101234567901233,23.681604938271605,2027332.8000000005
2026-01-19,1556,99.72358024691357,99.75962962962963,0.15530864197530864,0.9744444444444443,97.45716049382716,70.81691358024692,11.957407407407407,1.7462962962962962,23.967901234567904,2042349.1199999994
2026-01-20,1556,99.79086419753087,99.77,0.1571604938271605,0.9625925925925926,96.28543209876543,71.74864197530864,11.415308641975308,1.7902469135802468,23.827037037037037,1977143.0399999996
2026-01-21,1556,99.77345679012345,99.77654320987654,0.15259259259259259,0.9748148148148147,97.46382716049382,71.59617283950617,10.758024691358024,1.7459259259259259,24.161728395061726,1987813.4400000004
2026-01-22,1556,99.7883950617284,99.77024691358025,0.15506172839506174,0.9777777777777779,97.8062962962963,71.2916049382716,11.386913580246913,1.7911111111111113,24.039753086419754,2009128.3200000003
2026-01-23,1556,99.78567901234568,99.76493827160493,0.1411111111111111,0.9780246913580247,97.81851851851852,71.72333333333333,11.112345679012346,1.819506172839506,24.296543209876543,1978914.2400000005
2026-01-24,1556,99.780987654321,99.75197530864197,0.15382716049382716,0.9724691358024691,97.26037037037037,71.7879012345679,11.62641975308642,1.7781481481481483,23.920617283950616,1974395.5200000003
2026-01-25,1556,99.78913580246913,99.76024691358025,0.15753086419753087,0.9728395061728394,97.30580246913581,71.73864197530864,11.527654320987654,1.819506172839506,23.910740740740742,1977842.8800000004
2026-01-26,1556,99.76641975308642,99.77407407407406,0.1545679012345679,0.9628395061728394,96.28222222222222,71.57012345679013,10.315185185185184,1.8685185185185185,24.902962962962963,1989636.48
2026-01-27,1556,99.79567901234567,99.7537037037037,0.15753086419753087,0.9623456790123457,96.23617283950617,71.10765432098766,11.594691358024692,1.7674074074074073,24.0020987654321,2022001.919999999
2026-01-28,1556,99.79123456790124,99.76172839506172,0.15530864197530864,0.9659259259259259,96.63283950617284,71.77074074074075,11.33827160493827,1.7639506172839505,24.01074074074074,1975596.4799999995
2026-01-29,1556,99.76629629629629,99.71308641975308,0.33925925925925926,0.9633333333333334,96.35666666666667,71.74987654320988,11.74358024691358,1.641604938271605,24.26185185185185,1977056.64
2026-01-30,1556,99.78456790123457,99.77382716049384,0.14456790123456792,0.969753086419753,96.99679012345679,71.58407407407408,10.802098765432099,1.8549382716049383,24.866419753086422,1988660.1599999997
2026-01-31,1556,99.71962962962962,99.64654320987654,0.43246913580246915,0.9608641975308642,96.07617283950617,71.2911111111111,9.01432098765432,1.394814814814815,25.89185185185185,2009162.8800000004
2026-02-01,1556,99.79123456790124,99.76592592592593,0.14765432098765433,0.9634567901234566,96.3725925925926,71.29530864197531,10.754691358024692,1.7798765432098764,24.990864197530865,2008869.12
2026-02-02,1556,99.79851851851852,99.75913580246913,0.1532098765432099,0.9612345679012345,96.17938271604937,71.41172839506173,11.568024691358024,1.8339506172839508,23.83037037037037,2000721.6000000003
2026-02-03,1556,99.77765432098765,99.66851851851851,0.16679012345679012,0.9639506172839506,96.41061728395061,71.54851851851852,11.04716049382716,1.728148148148148,24.213456790123455,1991148.4799999997
2026-02-04,1556,99.77825,99.603375,0.16075,0.96075,96.123625,71.40827160493826,10.866875,1.779125,25.01703703703704,2000963.5200000003
2026-02-05,1556,99.76888888888888,99.73925925925926,0.16209876543209878,0.9448148148148148,94.53753086419754,71.51358024691359,11.364074074074074,1.789753086419753,24.67283950617284,1993593.5999999994
2026-02-06,1556,99.76333333333334,99.74555555555555,0.1504938271604938,0.967037037037037,96.7558024691358,71.79012345679013,10.396913580246913,1.7665432098765432,25.442222222222224,1974240.0
2026-02-07,1556,99.77234567901235,99.75358024691359,0.1639506172839506,0.944567901234568,94.46987654320988,71.75160493827161,10.961234567901235,1.797901234567901,24.77716049382716,1976935.68
2026-02-08,1556,99.79913580246912,99.77111111111111,0.1576543209876543,0.9703703703703703,97.08283950617285,71.76296296296296,11.341604938271605,1.8372839506172838,24.032592592592593,1976140.8
2026-02-09,1556,99.79938271604938,99.76395061728395,0.1628395061728395,0.9653086419753086,96.5837037037037,71.61456790123457,11.67148148148148,1.7923456790123458,24.039012345679012,1986526.0800000005
2026-02-10,1556,99.80037037037037,99.78234567901234,0.16382716049382715,0.9629629629629629,96.29283950617284,71.77074074074075,11.424691358024692,1.838148148148148,23.581728395061727,1975596.4799999995
2026-02-11,1556,99.75814814814815,99.70765432098766,0.33925925925925926,0.9598765432098766,96.00148148148148,71.41753086419753,11.464814814814815,1.4928395061728394,24.055925925925926,2000315.52
2026-02-12,1556,99.77913580246913,99.76703703703704,0.16753086419753085,0.9734567901234568,97.36753086419753,71.58925925925925,11.047407407407407,1.7328395061728397,24.807407407407407,1988297.2800000005
2026-02-13,1556,99.78444444444445,99.7625925925926,0.15382716049382716,0.958641975308642,95.89395061728395,71.17999999999999,10.343827160493827,1.7958024691358025,24.796666666666667,2016938.8800000008
2026-02-14,1556,99.78432098765431,99.74765432098765,0.17444444444444446,0.9498765432098765,94.96851851851852,69.63086419753087,10.244197530864197,1.7207407407407407,24.613333333333333,2125353.599999999
2026-02-15,1556,99.785,99.76950000000001,0.179125,0.960625,96.06425,53.55,11.388250000000001,1.7763750000000003,24.47,3210624.0
2026-02-16,1556,99.77777777777777,99.7604938271605,0.20456790123456792,0.952716049382716,95.26567901234567,71.11283950617285,12.134197530864197,1.7838271604938272,24.23901234567901,2021639.0399999998
2026-02-17,1556,99.79358024691358,99.76765432098766,0.15506172839506174,0.9603703703703704,96.13037037037037,71.78679012345678,11.654938271604937,1.875185185185185,24.91604938271605,1974473.2800000007
2026-02-18,1556,99.82283950617284,99.78160493827161,0.15493827160493828,0.9425925925925925,94.22074074074074,74.54851851851852,13.567777777777778,1.8369135802469134,21.969506172839505,1781196.4799999995
2026-02-19,1556,99.83666666666666,99.78308641975309,0.12790123456790123,0.9688888888888889,96.92444444444445,65.70086419753086,14.168641975308644,1.7914814814814817,20.36543209876543,2400390.72
2026-02-20,1556,99.72111111111111,99.6953086419753,0.35246913580246914,0.9672839506172839,96.76814814814816,77.16222222222223,12.925185185185185,1.4328395061728396,21.291358024691355,1598279.04
2026-02-21,1556,99.75604938271604,99.70098765432098,0.3124691358024691,0.9525925925925925,95.26691358024691,77.1604938271605,12.733703703703705,1.4864197530864198,21.469012345679012,1598400.0
2026-02-22,1556,99.8320987654321,99.77753086419753,0.13135802469135804,0.9569135802469136,95.7367901234568,76.74555555555555,13.204567901234567,1.832962962962963,21.67962962962963,1627439.04
2026-02-23,1556,99.82938271604938,99.79037037037038,0.13617283950617284,0.9502469135802469,95.03407407407407,77.03086419753086,13.612222222222222,1.8254320987654322,21.23469135802469,1607472.0000000005
2026-02-24,1556,99.80839506172839,99.76197530864198,0.1434567901234568,0.9522222222222222,95.27308641975308,76.96382716049382,13.137407407407409,1.7195061728395062,21.270987654320987,1612163.5200000003
2026-02-25,1556,99.80333333333333,99.7611111111111,0.14962962962962964,0.9714814814814815,97.17074074074074,75.04308641975308,12.115679012345678,1.6167901234567903,21.53604938271605,1746584.6400000004
2026-02-26,1556,99.73666666666666,99.64234567901234,0.26753086419753086,0.9674074074074074,96.8004938271605,72.00975308641975,11.757037037037037,1.405185185185185,21.496172839506173,1958869.4400000004
2026-02-27,1556,99.76358024691359,99.57987654320988,0.20790123456790124,0.9660493827160493,96.65827160493826,76.95172839506174,11.679753086419753,1.531358024691358,21.68777777777778,1613010.2399999995
2026-02-28,1556,99.70419753086419,99.38876543209877,0.4096296296296296,0.9533333333333334,95.40308641975308,76.95246913580246,11.7,1.3808641975308642,22.006296296296295,1612958.4000000006
2026-03-01,1556,99.65728395061728,99.57296296296296,0.4319753086419753,0.9664197530864198,96.64222222222222,76.94320987654321,12.060864197530865,1.3007407407407408,22.073827160493828,1613606.4000000004
2026-03-02,1556,99.78901234567901,99.76246913580248,0.17148148148148148,0.9645679012345678,96.50654320987654,76.93395061728394,11.90641975308642,1.645432098765432,22.137901234567902,1614254.4000000006
2026-03-03,1556,99.7974074074074,99.74148148148149,0.15592592592592594,0.9687654320987654,96.93308641975308,77.06246913580247,11.224074074074073,1.5764197530864197,22.284197530864198,1605260.16
2026-03-04,1556,99.75802469135802,99.74518518518518,0.19296296296296298,0.9671604938271605,96.73962962962963,74.48358024691358,11.546913580246914,1.5802469135802468,22.032098765432096,1785741.1200000006
2026-03-05,1556,99.80012345679013,99.77913580246913,0.14765432098765433,0.9591358024691358,95.96851851851852,77.1604938271605,11.541975308641975,1.759753086419753,22.56098765432099,1598400.0
2026-03-06,1556,99.80320987654322,99.75716049382716,0.1411111111111111,0.9666666666666667,96.60814814814815,77.15185185185186,11.376172839506173,1.7170370370370371,22.29753086419753,1599004.7999999993
2026-03-07,1556,99.8004938271605,99.77827160493827,0.15098765432098765,0.9598765432098766,96.02160493827161,77.05345679012346,11.285555555555556,1.612716049382716,22.285925925925927,1605890.8799999994
2026-03-08,1556,99.81901234567901,99.79617283950617,0.15135802469135803,0.9648148148148149,96.50641975308642,77.08864197530865,11.753827160493827,1.6881481481481482,22.459876543209877,1603428.4799999997
2026-03-09,1556,99.734375,99.7215,0.327,0.945375,94.519875,75.30975308641976,11.816875,1.42625,22.131481481481483,1727922.2399999993
2026-03-10,1556,99.79703703703704,99.78074074074074,0.174320987654321,0.9601234567901235,96.01469135802469,76.26086419753086,11.684320987654322,1.657283950617284,22.110864197530866,1661359.68
2026-03-11,1556,99.8020987654321,99.77987654320988,0.1708641975308642,0.9655555555555555,96.54395061728395,77.14617283950618,11.50851851851852,1.7065432098765432,22.08641975308642,1599402.2399999998
2026-03-12,1556,99.74913580246914,99.77222222222223,0.17012345679012347,0.9660493827160493,96.64530864197532,77.06555555555556,11.483950617283952,1.6996296296296294,22.152098765432097,1605044.1599999995
2026-03-13,1556,99.75518518518518,99.7758024691358,0.1645679012345679,0.9690123456790123,96.92666666666668,77.01802469135802,10.960987654320988,1.675185185185185,22.02679012345679,1608370.56
2026-03-14,1556,99.78827160493827,99.78074074074074,0.1691358024691358,0.9661728395061729,96.63901234567902,76.8237037037037,11.09358024691358,1.735432098765432,22.00679012345679,1621969.92
2026-03-15,1556,99.80543209876544,99.76703703703704,0.16679012345679012,0.9717283950617284,97.21654320987655,76.9320987654321,11.788024691358025,1.7251851851851854,22.18777777777778,1614384.0
2026-03-16,1556,99.74012345679012,99.76123456790123,0.1891358024691358,0.9654320987654321,96.57333333333332,77.1704938271605,10.140493827160494,1.5674074074074074,21.484444444444446,1597700.1599999995
2026-03-17,1556,99.75437500000001,99.757125,0.19675,0.9582499999999999,95.83562500000001,76.500625,9.80175,1.4525000000000001,21.67275,1624276.8
2026-03-18,1556,99.766125,99.7875,0.181875,0.968125,96.89500000000001,79.375625,11.559000000000001,1.5975,20.956,1425556.8000000005
2026-03-19,1556,99.79037037037038,99.75308641975309,0.18753086419753087,0.9722222222222222,97.26765432098766,78.31123456790124,12.370617283950617,1.5834567901234566,20.695925925925927,1517866.56
2026-03-20,1556,99.75125,99.76637500000001,0.234625,0.9730000000000001,97.33937499999999,79.53999999999999,11.926874999999999,1.6471250000000002,22.8385,1414195.200000001
2026-03-21,1556,99.78562500000001,99.77425,0.171875,0.970125,97.016875,79.4205,11.42475,1.71875,21.322875,1422455.0399999996
2026-03-22,1556,99.774875,99.766625,0.172875,0.9570000000000001,95.775375,79.568625,10.073125000000001,1.6134999999999997,22.515,1412216.6400000006
2026-03-23,1556,99.762625,99.7665,0.20612499999999997,0.967125,96.774,79.583375,10.630125,1.6216249999999999,21.913999999999998,1411197.1199999999
2026-03-24,1556,99.784625,99.779375,0.17825,0.961,96.137875,79.51174999999999,10.852875000000001,1.6504999999999999,21.768,1416147.8400000005
2026-03-25,1556,99.780375,99.771,0.178375,0.968375,96.799875,79.340375,10.92275,1.63625,21.541,1427993.2800000003
2026-03-26,1556,99.697875,99.712375,0.33987500000000004,0.9658749999999999,96.62825000000001,79.04175000000001,10.536875,1.35375,21.667375,1448634.2399999993
2026-03-27,1556,99.7775,99.764125,0.16799999999999998,0.970375,97.110875,78.76162500000001,10.3595,1.739125,21.826375,1467996.479999999
2026-03-28,1556,99.78275,99.759625,0.17650000000000002,0.9713749999999999,97.112,78.769375,10.73025,1.666,21.6245,1467460.8000000003
2026-03-29,1556,99.79299999999999,99.737875,0.172875,0.969,96.86,79.176,11.520375,1.6809999999999998,21.195625,1439354.88
2026-03-30,1556,99.794625,99.77625,0.17450000000000002,0.9572499999999999,95.74325,79.62537499999999,11.669,1.7017499999999999,20.936625,1408294.0800000008
2026-03-31,1556,99.77925,99.764125,0.176,0.954125,95.46675,79.529,11.45225,1.7413750000000001,20.933625,1414955.5200000005
2026-04-01,1556,99.780625,99.76962499999999,0.17775000000000002,0.953375,95.35900000000001,79.463375,11.24425,1.7899999999999998,21.278,1419491.5199999998
2026-04-02,1556,99.73074074074074,99.75703703703704,0.17950617283950618,0.9613580246913581,96.12876543209877,79.1446913580247,11.307530864197531,1.7244444444444444,21.344814814814814,1459537.9199999995
2026-04-03,1556,99.75333333333334,99.75814814814815,0.1632098765432099,0.9638271604938271,96.37629629629629,79.93679012345679,10.59925925925926,1.7755555555555556,21.348271604938272,1404103.68
2026-04-04,1556,99.75358024691359,99.75543209876543,0.20703703703703702,0.9665432098765431,96.69296296296297,79.00777777777778,10.329135802469136,1.6206172839506174,21.778395061728393,1469119.6800000002
2026-04-05,1556,99.78814814814815,99.76469135802469,0.17629629629629628,0.9604938271604938,96.07728395061729,79.90456790123457,11.334197530864198,1.7212345679012344,21.519012345679013,1406358.72
2026-04-06,1556,99.78851851851852,99.75197530864197,0.18456790123456793,0.9655555555555555,96.57185185185185,79.92407407407408,11.557901234567902,1.6300000000000001,21.123456790123456,1404993.5999999996
2026-04-07,1556,99.746375,99.701125,0.189625,0.9646250000000001,96.537875,79.66637499999999,10.859125,1.450375,21.427,1405460.1600000008
2026-04-08,1556,99.74876543209876,99.65283950617284,0.21555555555555556,0.9607407407407407,96.1104938271605,79.33925925925925,10.633333333333333,1.3151851851851852,21.469506172839505,1445921.2800000005
2026-04-09,1556,99.7495061728395,99.66740740740741,0.1885185185185185,0.9529629629629629,95.34913580246914,79.9346913580247,10.67851851851852,1.4665432098765432,21.518641975308643,1404250.56
2026-04-10,1556,99.73469135802469,99.6641975308642,0.18,0.9734567901234568,97.39333333333333,79.93555555555555,9.863086419753087,1.5120987654320988,21.83604938271605,1404190.0800000005
2026-04-11,1556,99.74555555555555,99.67851851851852,0.18185185185185185,0.9661728395061729,96.60444444444444,79.86604938271604,10.603086419753087,1.4481481481481482,21.822592592592592,1409054.4000000006
2026-04-12,1556,99.68037037037037,99.68728395061729,0.17407407407407408,0.9613580246913581,96.20925925925926,79.8120987654321,11.117283950617283,1.478395061728395,21.560123456790123,1412830.0800000003
2026-04-13,1556,99.72481481481482,99.67691358024692,0.17518518518518517,0.9718518518518519,97.24716049382715,79.65493827160493,11.597283950617284,1.6022222222222222,21.242962962962963,1423828.8000000003
2026-04-14,1556,99.76901234567902,99.69024691358024,0.1808641975308642,0.9602469135802469,96.0374074074074,79.82567901234567,10.903827160493828,1.5306172839506174,21.407777777777778,1411879.6800000004
2026-04-15,1556,99.78604938271604,99.71061728395063,0.17271604938271606,0.9676543209876542,96.73987654320987,79.92333333333333,11.287654320987654,1.7428395061728394,21.215555555555557,1405045.44
2026-04-16,1556,99.7795061728395,99.66456790123456,0.1814814814814815,0.9753086419753086,97.5620987654321,79.84913580246914,11.435185185185185,1.6425925925925928,21.5520987654321,1410238.0799999996
2026-04-17,1556,99.77802469135803,99.67641975308642,0.15901234567901235,0.9658024691358025,96.66283950617283,79.9341975308642,11.100617283950617,1.7066666666666668,21.6620987654321,1404285.1200000003
2026-04-18,1556,99.77901234567902,99.68555555555555,0.17074074074074075,0.972962962962963,97.34913580246914,79.93666666666667,11.348148148148148,1.6530864197530866,21.618395061728393,1404112.32
2026-04-19,1556,99.78666666666668,99.68444444444444,0.17753086419753086,0.9734567901234568,97.40938271604938,79.92592592592592,11.616913580246914,1.5937037037037038,21.363703703703703,1404864.0000000002
2026-04-20,1556,99.75913580246913,99.64703703703704,0.19481481481481483,0.9476543209876543,94.82234567901234,78.60802469135803,11.422962962962963,1.4482716049382716,21.268765432098764,1497096.0
2026-04-21,1556,99.75012345679012,99.66283950617283,0.22666666666666666,0.9601234567901235,96.05098765432099,79.88444444444445,11.551358024691357,1.2749382716049382,21.421481481481482,1407767.039999999
2026-04-22,1556,99.74469135802468,99.65641975308642,0.19641975308641976,0.9738271604938271,97.4262962962963,78.95876543209876,10.9679012345679,1.4774074074074075,21.43493827160494,1472549.7600000007
2026-04-23,1556,99.7620987654321,99.67691358024692,0.18901234567901234,0.9701234567901235,97.04555555555555,79.89148148148148,11.13716049382716,1.535925925925926,21.707407407407405,1407274.5600000005
2026-04-24,1556,99.7611111111111,99.70740740740742,0.1945679012345679,0.9744444444444443,97.50555555555556,79.93802469135802,10.866790123456791,1.5266666666666666,21.51567901234568,1404017.28
2026-04-25,1556,99.76802469135802,99.69160493827161,0.2065432098765432,0.9565432098765433,95.70234567901235,79.91962962962963,11.035185185185185,1.5371604938271606,21.744444444444444,1405304.6400000001
2026-04-26,1556,99.75728395061729,99.6583950617284,0.24679012345679016,0.9699999999999999,96.96790123456789,79.89123456790124,11.307283950617284,1.3644444444444443,21.521604938271604,1407291.8399999999
2026-04-27,1556,99.75975308641975,99.65234567901234,0.19469135802469134,0.9754320987654321,97.56888888888889,79.78777777777778,11.13888888888889,1.4654320987654321,21.512592592592593,1414532.16
2026-04-28,1556,99.77814814814815,99.66777777777779,0.2069135802469136,0.9707407407407407,97.0783950617284,79.9253086419753,11.705185185185185,1.3749382716049383,20.96962962962963,1404907.2000000004
2026-04-29,1556,99.7674074074074,99.65950617283951,0.21259259259259258,0.9699999999999999,97.01765432098766,80.59074074074074,11.553580246913581,1.4133333333333333,20.86543209876543,1358337.6
2026-04-30,1556,99.74222222222222,99.66234567901235,0.24654320987654318,0.9740740740740741,97.40888888888888,81.28407407407407,11.481975308641974,1.337283950617284,20.892345679012344,1309815.3599999999
2026-05-01,1556,99.74530864197531,99.67888888888889,0.20913580246913582,0.9693827160493826,96.91654320987654,81.37012345679011,10.161851851851852,1.4614814814814814,21.26246913580247,1303793.280000001
2026-05-02,1556,99.72555555555556,99.63308641975308,0.314320987654321,0.9598765432098766,96.08876543209875,79.82148148148148,10.78111111111111,1.1581481481481481,20.993827160493826,1412173.44
2026-05-03,1556,99.75222222222223,99.68024691358025,0.22740740740740742,0.9608641975308642,96.18197530864197,80.18827160493827,11.47641975308642,1.3424691358024692,20.941111111111113,1386504.0000000005
2026-05-04,1556,99.765,99.67512500000001,0.19375,0.96175,96.224375,80.7835,11.573625,1.4461249999999999,21.06775,1328244.4799999995
2026-05-05,1556,99.74625,99.657375,0.20812499999999998,0.9728749999999999,97.35625,81.08137500000001,11.056625,1.277125,21.169,1307655.3599999992
2026-05-06,1556,99.779875,99.65287500000001,0.1845,0.9695,97.009,80.466125,11.341249999999999,1.474875,21.352125,1350181.4399999992
2026-05-07,1556,99.739,99.650625,0.296375,0.967375,96.7005,80.038,11.21575,1.209375,21.488875,1379773.4400000002
2026-05-08,1556,99.69050632911393,99.58518987341772,0.3581012658227848,0.9416455696202531,94.22443037974683,80.90544303797468,9.813291139240507,1.0754430379746835,22.54620253164557,1303318.0800000003
2026-05-09,1556,99.71675,99.65050632911392,0.2621518987341772,0.9453164556962025,94.56151898734177,79.97162499999999,10.51645569620253,1.1325316455696202,21.769,1384361.2800000007
2026-05-10,1556,99.725875,99.65225000000001,0.307875,0.961,96.18312499999999,79.754625,10.671375000000001,1.097125,21.944,1399360.3199999998
2026-05-11,1556,99.737375,99.66525,0.23925000000000002,0.96975,96.997625,80.9515,11.375,1.231625,21.31125,1316632.32
2026-05-12,1556,99.71074999999999,99.650625,0.270375,0.954,95.40575,81.09025,10.9115,1.05825,21.438625,1307041.9200000002
2026-05-13,1556,99.76599999999999,99.68075,0.18975,0.95475,95.502625,80.856875,11.42275,1.435875,21.31125,1323172.7999999996
2026-05-14,1556,99.73512500000001,99.649,0.25775000000000003,0.9661249999999999,96.65275,81.2455,10.939125,1.294125,21.434,1296311.0399999998
2026-05-15,1556,99.708625,99.64675,0.31775000000000003,0.9650000000000001,96.52612500000001,81.139,10.15025,1.081125,21.564500000000002,1303672.3200000003
2026-05-16,1556,99.75851851851851,99.68135802469135,0.2571604938271605,0.9637037037037037,96.40493827160493,80.22012345679012,11.071728395061728,1.3240740740740742,21.492222222222225,1384274.8800000006
2026-05-17,1556,99.786125,99.716875,0.175125,0.9648749999999999,96.51887500000001,81.25,11.571,1.66675,21.466,1296000.0
2026-05-18,1556,99.79012345679013,99.70567901234568,0.1788888888888889,0.9692592592592594,96.9646913580247,80.63049382716049,12.052345679012346,1.6569135802469137,20.995555555555555,1355555.5200000005
2026-05-19,1556,99.76814814814816,99.67185185185186,0.2080246913580247,0.9660493827160493,96.6158024691358,78.32037037037037,12.09432098765432,1.421604938271605,20.99679012345679,1517227.1999999997
2026-05-20,1556,99.74358024691358,99.65703703703704,0.2525925925925926,0.9588888888888889,95.94148148148149,81.41222222222223,11.930493827160493,1.287777777777778,20.70111111111111,1300847.0399999993
2026-05-21,1556,99.76518518518517,99.68358024691358,0.19246913580246913,0.9722222222222222,97.23851851851852,81.37469135802469,11.523456790123456,1.5603703703703704,21.27111111111111,1303473.6000000003
2026-05-22,1556,99.77666666666667,99.70567901234568,0.17320987654320988,0.9617283950617285,96.23604938271605,81.48061728395062,10.806419753086418,1.5988888888888888,21.425555555555555,1296060.48
2026-05-23,1556,99.77543209876544,99.68123456790124,0.1880246913580247,0.9732098765432099,97.31086419753086,81.48148148148148,11.261481481481482,1.5792592592592594,21.36135802469136,1296000.0000000002
2026-05-24,1556,99.64987654320988,99.68012345679013,0.20049382716049385,0.9553086419753086,95.5862962962963,81.47864197530865,11.668148148148148,1.4439506172839507,21.441604938271606,1296198.7199999993
2026-05-25,1556,99.76716049382716,99.69604938271605,0.1988888888888889,0.9493827160493827,94.93333333333334,81.3479012345679,12.007037037037037,1.5008641975308643,21.256296296296295,1305348.4800000002
2026-05-26,1556,99.79185185185186,99.69197530864197,0.18395061728395062,0.9724691358024691,97.29469135802469,81.39666666666666,12.375432098765431,1.5633333333333332,21.017160493827163,1301935.6800000004
2026-05-27,1556,99.82543209876543,99.73320987654321,0.14962962962962964,0.9744444444444443,97.53444444444445,81.48135802469136,12.11,1.7350617283950616,21.83148148148148,1296008.6399999997
2026-05-28,1556,99.72308641975309,99.66592592592592,0.19148148148148147,0.9641975308641975,96.4404938271605,81.48061728395062,10.363703703703704,1.517283950617284,21.646296296296295,1296060.48
2026-05-29,1556,99.70074074074074,99.62530864197531,0.28901234567901235,0.9695061728395062,96.92086419753086,81.42197530864198,9.23358024691358,1.1414814814814815,22.825185185185184,1300164.4799999995
2026-05-30,1556,99.69125,99.65575,0.238,0.9709999999999999,97.12875,81.88374999999999,9.248125,1.26975,22.336125000000003,1252195.200000001
2026-05-31,1556,99.717375,99.676625,0.261375,0.974625,97.465625,82.13624999999999,9.80325,1.248,21.9985,1234742.4000000008
2026-06-01,1556,99.7205,99.66900000000001,0.213625,0.9675,96.844625,81.58099999999999,10.154875,1.4428750000000001,21.762,1273121.2800000005
2026-06-02,1556,99.70675,99.65912499999999,0.21387499999999998,0.967,96.72749999999999,81.39525,10.080875,1.408125,21.7715,1285960.3199999994
2026-06-03,1556,99.734875,99.669875,0.21037500000000003,0.9566250000000001,95.66525,81.045125,10.526250000000001,1.481875,21.91675,1310160.9600000002
2026-06-04,1556,99.42456790123457,99.65345679012346,0.2560493827160494,0.9625925925925926,96.34024691358024,80.27777777777777,9.689382716049384,1.2392592592592593,22.461604938271602,1380240.0000000005
2026-06-05,1556,99.70666666666666,99.66999999999999,0.21296296296296297,0.9593827160493826,95.98185185185184,80.42037037037038,9.342839506172838,1.3830864197530863,22.558024691358025,1370260.7999999996
2026-06-06,1556,99.66283950617283,99.65308641975308,0.23987654320987653,0.9624691358024691,96.29308641975308,80.4916049382716,9.700987654320988,1.298395061728395,22.49888888888889,1365275.5199999996
2026-06-07,1556,99.58975308641976,99.64234567901234,0.26185185185185184,0.9612345679012345,96.12493827160493,79.50061728395062,9.121358024691359,1.2177777777777778,22.58543209876543,1434628.8000000003
2026-06-08,1556,99.67283950617283,99.66037037037037,0.23160493827160497,0.9639506172839506,96.46395061728396,79.22345679012346,9.59962962962963,1.2922222222222222,22.66283950617284,1454025.5999999999
2026-06-09,1556,99.70654320987654,99.65518518518518,0.22209876543209875,0.9648148148148149,96.51691358024691,79.24530864197531,9.626543209876543,1.3124691358024692,22.85506172839506,1452496.3199999998
2026-06-10,1556,99.6937037037037,99.64259259259259,0.22925925925925927,0.9606172839506173,96.11086419753086,78.42148148148148,9.30962962962963,1.29,22.687901234567903,1510151.04
2026-06-11,1556,99.71395061728396,99.670987654321,0.21061728395061727,0.9739506172839506,97.46370370370371,80.92703703703704,9.949259259259259,1.3838271604938273,22.79074074074074,1334802.2399999998
2026-06-12,1556,99.77172839506173,99.70691358024692,0.16901234567901233,0.9659259259259259,96.63148148148147,81.48234567901234,10.318518518518518,1.5080246913580249,22.21925925925926,1295939.5200000007
2026-06-13,1556,99.77641975308643,99.70370370370371,0.18160493827160495,0.9661728395061729,96.6725925925926,81.46333333333332,10.845925925925926,1.5049382716049384,21.927777777777777,1297270.0800000008
2026-06-14,1556,99.77074074074075,99.68148148148148,0.1869135802469136,0.9725925925925926,97.27888888888889,81.48061728395062,10.796913580246914,1.4965432098765432,22.220370370370368,1296060.48
2026-06-15,1556,99.7520987654321,99.67827160493826,0.19580246913580246,0.9623456790123457,96.35246913580247,82.2304938271605,10.601481481481482,1.417037037037037,21.474691358024693,1243581.1199999996
2026-06-16,1556,99.75123456790124,99.6774074074074,0.1882716049382716,0.9658024691358025,96.6641975308642,83.32987654320988,10.410493827160494,1.4448148148148148,21.323086419753086,1166641.9199999997
2026-06-17,1556,99.7462962962963,99.64654320987654,0.1917283950617284,0.9755555555555555,97.58432098765432,83.29407407407408,10.583086419753087,1.4385185185185185,21.17049382716049,1169147.5199999998
2026-06-18,1556,99.75098765432098,99.66567901234568,0.19950617283950617,0.969753086419753,97.08876543209875,83.31012345679012,10.590987654320987,1.4053086419753087,21.422222222222224,1168024.3200000003
2026-06-19,1556,99.74975308641974,99.67185185185186,0.18518518518518517,0.9619753086419753,96.29358024691358,83.26814814814816,10.157777777777778,1.418641975308642,21.267654320987656,1170961.9199999992
2026-06-20,1556,99.75283950617285,99.67234567901235,0.1819753086419753,0.9588888888888889,95.98938271604939,83.21765432098766,10.358518518518519,1.4649382716049382,21.236666666666668,1174495.6799999992
2026-06-21,1556,99.73913580246914,99.6662962962963,0.19765432098765434,0.962716049382716,96.31283950617284,82.85382716049382,10.475802469135802,1.4334567901234567,21.337037037037035,1199957.7600000005
2026-06-22,1556,99.72987654320987,99.64432098765431,0.2037037037037037,0.9646913580246914,96.46679012345679,89.4874074074074,10.74567901234568,1.411604938271605,17.83962962962963,735713.2800000003
2026-06-23,1556,99.71481481481482,99.6279012345679,0.21641975308641978,0.972962962962963,97.3662962962963,93.71617283950617,10.809135802469136,1.3434567901234569,17.266666666666666,439767.36
2026-06-24,1556,99.71148148148148,99.62765432098766,0.21469135802469136,0.972962962962963,97.33333333333333,92.89111111111112,10.778765432098766,1.4217283950617283,17.24888888888889,497508.47999999986
2026-06-25,1556,99.71765432098766,99.62888888888888,0.21518518518518517,0.9753086419753086,97.58148148148149,92.48765432098766,10.7820987654321,1.4295061728395062,17.276296296296298,525743.9999999999
2026-06-26,1556,99.71012345679011,99.60962962962964,0.20543209876543211,0.9659259259259259,96.68530864197531,92.61012345679012,10.151851851851852,1.4285185185185185,17.611604938271604,517173.12000000046
2026-06-27,1556,99.728875,99.630875,0.211625,0.975625,97.564125,93.450375,10.776125,1.384875,17.813499999999998,452710.08000000025
2026-06-28,1556,99.756625,99.64874999999999,0.212625,0.96975,96.99425,92.918375,11.092625,1.447125,17.888749999999998,489481.92000000016
2026-06-29,1556,99.64937499999999,99.61975,0.22162500000000002,0.951125,95.122625,92.426625,10.689499999999999,1.41075,17.761125,523471.6799999995
2026-06-30,1556,99.66725,99.59810126582279,0.23151898734177215,0.959240506329114,95.9654430379747,91.692375,9.811012658227849,1.3321518987341772,18.07175,574223.0399999997
2026-07-01,1556,99.7025,99.61886075949367,0.230126582278481,0.9617721518987342,96.21607594936708,91.71837500000001,9.629999999999999,1.2311392405063293,18.178625,572425.9199999995
2026-07-02,1556,99.68462500000001,99.6345,0.21962500000000001,0.9727499999999999,97.316,92.65725,9.6265,1.35275,18.283125000000002,507530.87999999983
2026-07-03,1556,99.70375,99.64462499999999,0.20049999999999998,0.9706250000000001,97.138875,89.709,9.424125,1.420375,17.244125,711313.9199999996
2026-07-04,1556,99.70575,99.6265,0.2305,0.970125,96.99825,89.451625,9.667,1.40225,17.8585,729103.6799999991
2026-07-05,1556,99.75525,99.65650000000001,0.215625,0.969125,96.962875,93.153875,10.55725,1.4532500000000002,17.688625,473204.1600000002
2026-07-06,1556,99.761375,99.644125,0.20825,0.9672499999999999,96.713375,92.9395,10.37975,1.46275,17.580000000000002,488021.7600000002
2026-07-07,1556,99.732125,99.6485,0.21325,0.970125,97.081875,94.518625,10.467,1.4635,17.603375,378872.63999999996
2026-07-08,1556,99.72325,99.609375,0.22562500000000002,0.9744999999999999,97.461625,94.59725,10.623625,1.39825,17.71025,373438.08
2026-07-09,1556,99.67025,99.59037500000001,0.23075,0.96175,96.271875,94.116375,8.9665,1.423375,17.461125000000003,406676.15999999945
2026-07-10,1556,99.649,99.603375,0.220625,0.97675,97.664,96.14462499999999,8.70875,1.3411250000000001,17.0255,266483.52000000037
2026-07-11,1556,99.654625,99.60499999999999,0.25975000000000004,0.96075,96.08324999999999,95.85875,9.230875000000001,1.215,17.0375,286243.1999999997
2026-07-12,1556,99.6645,99.573375,0.36062500000000003,0.9662499999999999,96.637,95.32075,9.373125,1.080875,17.190625,323429.7600000001
2026-07-13,1556,99.686125,99.59400000000001,0.241875,0.96225,96.28875000000001,95.09875,9.491125,1.290875,17.16825,338774.4000000001
2026-07-14,1556,99.685375,99.5895,0.23625,0.9723749999999999,97.292125,95.43575,9.274875,1.324125,17.431125,315480.9600000002
2026-07-15,1556,99.594625,99.537625,0.28675,0.9652499999999999,96.57925,92.758875,8.761624999999999,1.119375,17.338,500506.5599999995
2026-07-16,1556,99.546,99.52925,0.3135,0.9588749999999999,95.90175,91.56025,8.635250000000001,1.0695000000000001,17.5025,583355.5200000001
2026-07-17,1556,99.56283950617284,99.54679012345679,0.28185185185185185,0.9801234567901235,98.05506172839506,90.12987654320987,7.771604938271605,1.098395061728395,17.295802469135804,690750.7200000001
2026-07-18,1556,99.56728395061728,99.55197530864197,0.2832098765432099,0.9718518518518519,97.17679012345678,82.62913580246914,7.015555555555555,1.1114814814814815,17.077777777777776,1215682.56
2026-07-19,1556,99.58876543209875,99.55987654320988,0.29530864197530865,0.9724691358024691,97.24444444444444,86.23098765432098,7.000987654320988,1.2180246913580246,17.57024691358025,963610.5600000006
2026-07-20,1556,99.52283950617284,99.53296296296297,0.2948148148148148,0.9685185185185186,96.80358024691358,87.96283950617284,7.520493827160493,1.1371604938271604,16.71320987654321,842408.6399999999
2026-07-21,1556,99.62432098765431,99.57296296296296,0.2577777777777778,0.9765432098765432,97.61197530864197,92.02197530864197,8.369259259259259,1.1676543209876542,16.87814814814815,558334.0800000005
2026-07-22,1556,99.60148148148149,99.55839506172839,0.2839506172839506,0.9760493827160495,97.62716049382716,85.83592592592592,7.91641975308642,1.0871604938271606,16.888024691358027,991258.5600000008
2026-07-23,1556,99.60444444444444,99.54580246913581,0.2974074074074074,0.9845679012345679,98.55283950617283,88.22703703703704,8.117037037037036,1.0953086419753086,16.803703703703704,823919.04
2026-07-24,1556,99.63925,99.5555,0.268625,0.9878750000000001,98.81625,89.27938271604938,8.8585,1.170125,17.030875,750271.68
2026-07-25,1556,99.61175,99.541625,0.28925,0.9872500000000001,98.759,88.01851851851852,8.48,1.113375,16.914875000000002,838512.0
2026-07-26,1556,99.59728395061728,99.53641975308642,0.3106172839506173,0.9853086419753087,98.5920987654321,90.40716049382715,8.587654320987655,1.0804938271604938,16.9941975308642,671345.2800000004
2026-07-27,1556,99.59825,99.53475,0.342125,0.9858750000000001,98.60912499999999,89.0355,8.240375,0.9886250000000001,17.34425,757866.24
2026-07-28,1556,99.65234567901234,99.55617283950617,0.3030864197530864,0.9879012345679011,98.85740740740741,84.53160493827161,8.297283950617285,1.078395061728395,17.041234567901235,1082540.1599999997
2026-07-29,1556,99.64753086419753,99.52679012345679,0.33987654320987654,0.9879012345679011,98.82925925925926,74.84864197530864,7.767037037037037,1.0585185185185184,17.350740740740743,1760192.6400000001
2026-07-30,1556,99.73185185185184,99.58222222222221,0.25555555555555554,0.9893827160493828,99.04814814814814,90.03864197530865,10.035308641975309,1.3051851851851852,17.291604938271604,697135.6799999992
2026-07-31,1556,99.74098765432099,99.58777777777777,0.23827160493827163,0.9903703703703703,99.14308641975309,95.40666666666667,9.895679012345678,1.3490123456790124,17.399876543209878,321459.8400000003
2026-08-01,1556,99.70407407407407,99.57320987654322,0.2608641975308642,0.9891358024691359,99.0279012345679,93.37703703703704,9.971851851851852,1.2560493827160493,16.69925925925926,463501.44000000006
2026-08-02,1556,99.67925925925925,99.54074074074074,0.27592592592592596,0.9897530864197531,99.00135802469136,91.26851851851852,9.556296296296296,1.1924691358024693,16.74098765432099,611064.0000000002
2026-08-03,1556,99.6579012345679,99.56987654320987,0.25938271604938273,0.9880246913580247,98.88654320987654,93.20777777777778,9.321851851851852,1.2385185185185184,17.21283950617284,475346.87999999995
2026-08-04,1556,99.67864197530865,99.58098765432099,0.28580246913580243,0.9888888888888888,98.94296296296297,94.35913580246914,9.132222222222223,1.114074074074074,18.578395061728394,394770.23999999964
2026-08-05,1556,99.64472972972973,99.57054054054055,0.2644594594594595,0.9889189189189188,98.94662162162163,94.22243243243243,8.74527027027027,1.1886486486486485,18.15297297297297,369394.5600000006
2026-08-06,1556,99.61635135135134,99.56432432432433,0.2564864864864865,0.9887837837837838,98.97013513513514,92.72405405405405,9.069999999999999,1.2168918918918918,18.485675675675676,465194.88000000024
2026-08-07,1556,99.67635135135136,99.60432432432432,0.22040540540540537,0.9894594594594595,98.99689189189189,85.57025316455696,8.61135135135135,1.262972972972973,17.208354430379746,984916.7999999998
2026-08-08,1556,99.66862499999999,99.55812499999999,0.271625,0.9886250000000001,98.974875,87.001625,9.152625,1.19875,17.175375,898447.6799999997
2026-08-09,1556,99.64075,99.51887500000001,0.29925,0.987125,98.795625,89.446125,8.76775,1.077125,17.25825,729483.8400000001
2026-08-10,1556,99.614375,99.53375,0.2965,0.9879999999999999,98.858125,93.536,8.33675,1.067,17.56225,446791.6800000002
2026-08-11,1556,99.63225,99.568625,0.27537500000000004,0.9875,98.819625,88.00825,8.288625,1.1143750000000001,17.540375,828869.7600000001
2026-08-12,1556,99.57124999999999,99.569,0.3185,0.9868750000000001,98.729375,63.408500000000004,8.228,1.0710000000000002,11.4845,2529204.48
2026-08-13,1556,99.5655,99.47312500000001,0.37075,0.9873749999999999,98.74125000000001,87.548875,8.442499999999999,1.112125,15.942374999999998,860621.7600000005
2026-08-14,1556,99.67512500000001,99.5805,0.27287500000000003,0.989625,99.001875,91.530125,8.563875,1.252375,17.059625,585437.7600000004
2026-08-15,1556,99.6515,99.543125,0.31,0.9891249999999999,98.96900000000001,91.7825,8.530750000000001,1.201,17.05875,567993.6
2026-08-16,1556,99.43316455696203,99.43075949367088,0.5668354430379747,0.9830379746835443,98.32430379746835,49.912,5.180632911392405,0.8189873417721519,17.88225,3462082.56
2026-08-17,1556,98.9664935064935,99.22714285714285,0.8337662337662338,0.9693506493506494,96.86922077922078,24.659873417721517,3.862337662337662,0.6080519480519481,18.17448717948718,5142415.680000001
2026-08-18,1556,99.55367088607595,99.49949367088608,0.4460759493670886,0.9759493670886076,97.59582278481012,82.50075000000001,6.116835443037975,1.0102531645569621,18.519493670886074,1209548.1599999992
2026-08-19,1556,99.629875,99.55848101265822,0.49683544303797467,0.9770886075949367,97.74341772151898,79.41024691358024,6.750759493670885,1.0755696202531646,17.63025,1440953.2800000005
2026-08-20,1556,99.688125,99.59177215189874,0.4149367088607595,0.9777215189873417,97.80253164556962,85.0246913580247,8.379113924050634,1.228860759493671,17.515875,1048031.9999999998
2026-08-21,1556,99.70417721518987,99.6173417721519,0.3959493670886076,0.9826582278481012,98.3332911392405,89.51849999999999,8.57139240506329,1.349620253164557,17.345625000000002,724481.2800000007
2026-08-22,1556,99.63620253164557,99.55582278481012,0.4125316455696202,0.9865822784810127,98.71189873417721,84.47225,7.844430379746836,1.1349367088607594,17.70240506329114,1073278.0799999996
2026-08-23,1556,99.60935897435897,99.55410256410256,0.40076923076923077,0.9875641025641025,98.74692307692308,81.54278481012658,7.112307692307692,1.0444871794871795,18.064683544303797,1259815.6800000002
2026-08-24,1556,99.56227848101265,99.5073417721519,0.4488607594936709,0.9849367088607596,98.45139240506329,77.41775,6.630759493670887,0.8869620253164556,17.77050632911392,1560885.1200000003
2026-08-25,1556,99.48960000000001,99.41866666666667,0.5022666666666666,0.9820000000000001,98.20026666666668,83.07293333333334,6.046266666666667,0.7108,18.242,1096873.9199999995
2026-08-26,1556,99.58293333333334,99.54360000000001,0.3329333333333333,0.9849333333333334,98.55733333333333,81.95013157894736,6.1632,1.0014666666666667,17.917894736842104,1185226.5600000005
2026-08-27,1556,99.56116883116883,99.54077922077923,0.312987012987013,0.9862337662337662,98.65662337662337,82.9551282051282,6.831818181818181,1.128961038961039,18.268961038961038,1148688.0
2026-08-28,1556,99.59666666666666,99.55333333333333,0.2865384615384616,0.9882051282051282,98.81807692307693,86.75794871794872,7.021794871794873,1.181153846153846,18.206153846153846,892408.32
2026-08-29,1556,99.57897435897436,99.54769230769232,0.30615384615384617,0.9876923076923075,98.77692307692307,84.43179487179488,7.123461538461538,1.1092307692307692,18.083589743589744,1049172.4799999997
2026-08-30,1556,99.51935897435898,99.54282051282051,0.3219230769230769,0.9865384615384616,98.6451282051282,83.5002564102564,6.95448717948718,1.0455128205128206,17.468974358974357,1111950.7200000007
2026-08-31,1556,98.70405405405405,99.29716216216215,0.6616216216216216,0.9704054054054054,97.04554054054054,41.826933333333336,3.766891891891892,0.6637837837837838,18.391199999999998,3769614.7199999997
2026-09-01,1556,99.52025641025641,99.48179487179488,0.4951282051282051,0.9846153846153846,98.46038461538461,80.8176923076923,5.766794871794872,0.9037179487179486,18.96474358974359,1292734.0800000003
2026-09-02,1556,99.015,99.50307692307692,0.4987179487179487,0.9853846153846154,98.57320512820513,72.27089743589744,6.865897435897436,0.9966666666666666,16.587692307692308,1868719.6799999997
2026-09-03,1556,99.54666666666667,99.53897435897436,0.4325641025641026,0.986923076923077,98.68807692307692,81.88153846153847,7.420769230769231,1.1188461538461538,17.216923076923077,1221039.3599999992
2026-09-04,1556,99.68194805194805,99.60831168831169,0.4,0.9885714285714287,98.8877922077922,85.18961538461538,7.386753246753246,1.3125974025974025,17.757692307692306,998101.4400000003
2026-09-05,1556,99.67205128205129,99.59371794871794,0.4074358974358975,0.988076923076923,98.87666666666667,88.44833333333334,8.305,1.212051282051282,17.744230769230768,778489.9199999996
2026-09-06,1556,99.70701298701299,99.61168831168831,0.2979220779220779,0.9894805194805194,98.99792207792208,88.11597402597403,8.051818181818183,1.2883116883116883,17.635194805194807,790620.4799999996
2026-09-07,1556,99.67825,99.58250000000001,0.258125,0.98925,99.048125,90.6155,9.073375,1.4,17.576249999999998,648656.6400000005
2026-09-08,1556,99.716875,99.59225,0.245875,0.9894999999999999,99.068125,91.874125,9.022375,1.4116250000000001,17.436875,561660.4799999995
2026-09-09,1556,99.675,99.573625,0.292375,0.9894999999999999,98.95975,88.590125,8.567125,1.301375,17.169375,788650.5600000002
2026-09-10,1556,99.64225,99.56687500000001,0.281,0.9891249999999999,98.93475,90.7545,8.78925,1.354125,17.308625,639048.9600000004
2026-09-11,1556,99.63075,99.551375,0.34025,0.9877499999999999,98.804,92.52975,8.022625,1.1712500000000001,17.3265,516343.6799999993
2026-09-12,1556,99.6315,99.56825,0.293375,0.9890000000000001,98.902,85.53425,7.998749999999999,1.29825,16.79175,999872.64
2026-09-13,1556,99.16875,99.5395,0.35950000000000004,0.986375,98.666375,85.629625,8.529,1.286875,16.280250000000002,993280.3199999994
2026-09-14,1556,99.75037499999999,99.636,0.24512499999999998,0.9891249999999999,99.013625,96.07000000000001,10.45275,1.57125,16.608875,271641.5999999992
2026-09-15,1556,99.748625,99.63925,0.244125,0.9893750000000001,99.021,96.15197530864198,10.67275,1.5755000000000001,15.882749999999998,269300.15999999974
2026-09-16,1556,99.749875,99.65075,0.23700000000000002,0.99,99.0935,95.07575,10.06225,1.533375,16.468875,340364.1599999998
2026-09-17,1556,99.74974999999999,99.64450000000001,0.23337500000000003,0.990375,99.144875,98.08975000000001,10.495000000000001,1.574625,16.69625,132036.4799999994
2026-09-18,1556,99.72312500000001,99.62875,0.236125,0.9890000000000001,99.009125,97.3075,9.639125,1.482625,16.785375,186105.59999999983
2026-09-19,1556,99.739375,99.63425,0.2375,0.99,99.08025,99.298,9.889375,1.4917500000000001,16.887375,48522.24000000018
2025-09-20,1700,99.66576923076923,99.67500000000001,0.19192307692307692,0.98,97.97153846153847,81.54074074074073,11.524615384615384,1.3069230769230769,22.160384615384615,430617.6000000001
2025-09-21,1700,99.67423076923076,99.6926923076923,0.1846153846153846,0.981923076923077,98.10923076923078,81.47185185185184,11.904615384615385,1.323846153846154,22.60423076923077,432224.6400000003
2025-09-22,1700,99.66153846153846,99.65384615384616,0.20192307692307693,0.981923076923077,98.13346153846155,81.40666666666667,11.861923076923075,1.2584615384615385,22.324230769230766,433745.2799999999
2025-09-23,1700,99.6273076923077,99.63615384615385,0.21653846153846154,0.981923076923077,98.13615384615385,80.19814814814815,11.109615384615383,1.2234615384615384,21.791923076923077,461937.5999999999
2025-09-24,1700,99.59884615384615,99.6326923076923,0.3396153846153846,0.9753846153846154,97.46230769230769,81.54333333333334,10.577307692307691,0.9019230769230769,22.50653846153846,430557.12
2025-09-25,1700,99.64115384615386,99.66807692307692,0.25923076923076926,0.9776923076923076,97.78807692307691,80.68259259259258,11.165000000000001,1.0065384615384614,23.340384615384615,450636.4800000002
2025-09-26,1700,99.596,99.6432,0.298,0.9795999999999999,97.8676,83.67807692307693,10.857999999999999,0.8867999999999999,19.6836,366655.67999999993
2025-09-27,1700,99.5552,99.62,0.2856,0.9764,97.684,82.50269230769231,10.7896,0.9784,20.2768,393059.51999999984
2025-09-28,1700,99.59692307692308,99.64923076923077,0.2630769230769231,0.9788461538461538,97.84884615384615,80.28,11.099615384615383,1.07,23.536153846153844,460028.1600000001
2025-09-29,1700,99.63923076923076,99.63346153846153,0.26576923076923076,0.9780769230769231,97.82115384615385,81.59814814814816,11.720769230769232,1.003076923076923,22.278076923076924,429278.3999999999
2025-09-30,1700,99.66692307692308,99.66115384615385,0.2296153846153846,0.98,97.93653846153846,81.6285185185185,12.603076923076923,1.111923076923077,22.086153846153845,428569.92000000045
2025-10-01,1700,99.66615384615385,99.66269230769231,0.19115384615384615,0.981923076923077,98.2576923076923,81.4162962962963,12.411538461538461,1.243846153846154,22.317307692307693,433520.63999999996
2025-10-02,1700,99.63153846153847,99.65692307692308,0.21615384615384617,0.9815384615384615,98.19423076923077,81.4511111111111,12.407692307692308,1.1503846153846153,22.456923076923076,432708.4800000001
2025-10-03,1700,99.63846153846154,99.68230769230769,0.2057692307692308,0.9788461538461538,97.90269230769232,81.50037037037038,12.139615384615384,1.2103846153846154,21.37769230769231,431559.3599999998
2025-10-04,1700,99.69538461538461,99.67576923076923,0.18192307692307694,0.9792307692307692,98.01384615384616,81.36925925925925,12.718076923076923,1.4092307692307693,22.465384615384615,434617.92000000016
2025-10-05,1700,99.65038461538461,99.67538461538462,0.20423076923076924,0.9803846153846153,98.04346153846154,81.50296296296295,12.898846153846154,1.228076923076923,22.602692307692305,431498.8800000002
2025-10-06,1700,99.67923076923077,99.70884615384615,0.18846153846153849,0.98,98.115,81.27666666666666,13.148846153846154,1.3684615384615384,21.778846153846153,436777.92000000033
2025-10-07,1700,99.67076923076924,99.67500000000001,0.20923076923076925,0.9792307692307692,97.975,80.56148148148148,12.883461538461539,1.2342307692307695,21.318461538461538,453461.76000000007
2025-10-08,1700,99.65153846153846,99.6703846153846,0.20923076923076925,0.9792307692307692,97.92692307692307,81.34629629629629,13.345769230769232,1.1996153846153847,21.456153846153846,435153.6000000003
2025-10-09,1700,99.67576923076923,99.66884615384615,0.19076923076923077,0.981153846153846,98.22807692307691,81.67481481481481,13.044230769230769,1.4015384615384614,21.366923076923076,427489.9200000001
2025-10-10,1700,99.69115384615384,99.61846153846153,0.13615384615384615,0.9846153846153847,98.37346153846154,38.27814814814815,15.61076923076923,1.5107692307692309,15.883846153846154,1439847.3599999999
2025-10-13,1700,99.69423076923077,99.66961538461538,0.20653846153846153,0.9826923076923078,98.34538461538462,81.39740740740741,13.323846153846155,1.326153846153846,21.54692307692308,433961.27999999974
2025-10-14,1700,99.65076923076923,99.61576923076922,0.2619230769230769,0.981153846153846,98.07923076923076,81.31777777777778,12.17576923076923,1.1034615384615385,21.825769230769232,435818.88
2025-10-15,1700,99.6123076923077,99.59461538461538,0.23346153846153847,0.9834615384615385,98.375,81.78555555555556,11.794615384615385,1.2046153846153846,22.06692307692308,424906.56
2025-10-16,1700,99.67,99.67153846153846,0.2126923076923077,0.9823076923076923,98.225,81.8488888888889,12.276153846153846,1.2223076923076923,22.138461538461538,423429.1199999999
2025-10-17,1700,99.60807692307692,99.63192307692307,0.26615384615384613,0.9750000000000001,97.51961538461539,81.84148148148148,11.931153846153846,1.1523076923076923,20.71153846153846,423601.92
2025-10-18,1700,99.70807692307692,99.66230769230768,0.1853846153846154,0.9746153846153847,97.47346153846154,81.8488888888889,12.456153846153846,1.3519230769230768,21.402307692307694,423429.1199999999
2025-10-19,1700,99.65038461538461,99.62923076923077,0.2380769230769231,0.9576923076923076,95.80000000000001,81.31925925925925,11.970769230769232,1.3434615384615385,21.68,435784.32
2025-10-20,1700,99.68076923076923,99.67884615384615,0.1926923076923077,0.9776923076923076,97.86115384615384,81.78037037037038,12.221153846153847,1.2488461538461537,21.933461538461536,425027.5199999997
2025-10-21,1700,99.63653846153846,99.64115384615386,0.22499999999999998,0.9823076923076923,98.33307692307692,73.34962962962963,11.358076923076924,1.2423076923076921,22.013076923076923,621699.84
2025-10-22,1700,99.62961538461538,99.61576923076922,0.21115384615384616,0.9830769230769231,98.35923076923078,81.65185185185184,10.910769230769231,1.2588461538461537,22.753076923076925,428025.6000000002
2025-10-23,1700,99.61346153846154,99.63000000000001,0.23500000000000001,0.9803846153846153,98.11,81.75481481481482,11.310384615384615,1.258076923076923,22.14346153846154,425623.67999999976
2025-10-24,1700,99.59769230769231,99.60730769230769,0.23038461538461538,0.9769230769230769,97.77846153846153,81.85185185185185,10.927307692307693,1.236923076923077,20.688846153846153,423360.00000000023
2025-10-25,1700,99.65615384615384,99.64115384615386,0.21884615384615386,0.9715384615384615,97.22730769230769,81.69148148148149,11.371923076923078,1.246923076923077,21.509615384615383,427101.1199999999
2025-10-26,1700,99.59846153846154,99.55653846153845,0.42,0.9696153846153847,96.87230769230769,81.50851851851851,11.370384615384616,0.9192307692307692,21.726153846153846,431369.28000000014
2025-10-27,1700,99.66423076923077,99.6573076923077,0.18769230769230769,0.9773076923076923,97.83846153846154,81.2762962962963,12.108461538461539,1.3361538461538462,22.07730769230769,436786.5600000001
2025-10-28,1700,99.68576923076922,99.67692307692307,0.17653846153846153,0.98,98.0723076923077,81.54037037037038,12.609230769230768,1.3834615384615385,22.025384615384613,430626.23999999964
2025-10-29,1700,99.67076923076924,99.60884615384614,0.2173076923076923,0.9792307692307692,97.87230769230769,81.52481481481482,12.433076923076923,1.2496153846153848,21.861923076923077,430989.11999999994
2025-10-30,1700,99.67307692307692,99.65230769230769,0.195,0.9776923076923076,97.78153846153847,81.53888888888889,12.320384615384615,1.3407692307692307,21.990000000000002,430660.7999999999
2025-10-31,1700,99.67884615384615,99.66499999999999,0.18192307692307694,0.9780769230769231,97.83115384615385,81.54037037037038,11.998846153846156,1.3323076923076924,20.641923076923078,430626.23999999964
2025-11-01,1700,99.69807692307693,99.66961538461538,0.18076923076923077,0.9784615384615385,97.97115384615384,81.54074074074073,12.273076923076925,1.3326923076923076,21.331923076923076,430617.6000000001
2025-11-02,1700,99.68769230769232,99.64923076923077,0.18846153846153849,0.9826923076923078,98.29576923076924,81.63777777777777,12.659615384615385,1.3461538461538463,22.025769230769228,428353.92000000004
2025-11-03,1700,99.70615384615385,99.66038461538461,0.18769230769230769,0.9826923076923078,98.34500000000001,81.59111111111112,12.598461538461539,1.3884615384615384,21.806923076923077,429442.55999999994
2025-11-04,1700,99.67615384615384,99.62923076923077,0.18884615384615386,0.9834615384615385,98.33807692307693,81.3662962962963,12.14423076923077,1.385,22.017692307692307,434687.03999999986
2025-11-05,1700,99.67923076923077,99.65653846153847,0.19769230769230772,0.9803846153846153,98.12961538461538,73.42037037037036,12.136153846153848,1.389230769230769,21.678076923076922,620049.6
2025-11-06,1700,99.67,99.60307692307691,0.22153846153846152,0.9796153846153846,98.05884615384616,81.53740740740741,12.015384615384615,1.4292307692307693,21.457692307692305,430695.35999999987
2025-11-07,1700,99.67923076923077,99.61538461538461,0.2057692307692308,0.9780769230769231,97.8276923076923,81.53444444444443,11.771153846153847,1.3165384615384614,20.019615384615385,430764.4800000003
2025-11-08,1700,99.68076923076923,99.63384615384615,0.1853846153846154,0.9807692307692307,98.12769230769231,81.63444444444445,12.169615384615385,1.3461538461538463,21.094615384615388,428431.67999999976
2025-11-09,1700,99.68692307692308,99.65961538461539,0.18884615384615386,0.981153846153846,98.17346153846152,81.53185185185185,12.081153846153846,1.34,21.82384615384615,430824.9599999999
2025-11-10,1700,99.67961538461539,99.60153846153845,0.20076923076923076,0.9815384615384615,98.18423076923077,81.60777777777777,12.499615384615385,1.3619230769230768,21.497692307692304,429053.76000000024
2025-11-11,1700,99.67538461538462,99.63615384615385,0.1903846153846154,0.981923076923077,98.1923076923077,81.69,12.328846153846154,1.4507692307692308,21.932307692307692,427135.6800000001
2025-11-12,1700,99.68653846153846,99.645,0.18,0.9773076923076923,97.84115384615384,81.84555555555555,12.338076923076924,1.4273076923076924,21.876153846153844,423506.8800000001
2025-11-13,1700,99.66499999999999,99.66576923076923,0.2,0.9769230769230769,97.81384615384614,81.84444444444445,12.129999999999999,1.4026923076923077,21.461153846153845,423532.7999999998
2025-11-14,1700,99.64461538461539,99.59,0.21653846153846154,0.9826923076923078,98.28,81.85185185185185,11.095384615384615,1.3323076923076924,20.33576923076923,423360.00000000023
2025-11-15,1700,99.65230769230769,99.6273076923077,0.20500000000000002,0.9803846153846153,98.00807692307693,81.56333333333333,11.542307692307693,1.2734615384615384,20.99923076923077,430090.56000000006
2025-11-16,1700,99.66923076923078,99.62615384615385,0.20884615384615385,0.9757692307692308,97.62923076923077,81.22074074074074,11.757307692307693,1.2846153846153845,21.353461538461538,438082.56000000006
2025-11-17,1700,99.66576923076923,99.61192307692308,0.2057692307692308,0.9784615384615385,97.87923076923077,81.53444444444443,11.840769230769231,1.2823076923076924,21.53846153846154,430764.4800000003
2025-11-18,1700,99.6703846153846,99.60961538461538,0.19692307692307692,0.981153846153846,98.10730769230769,81.53740740740741,11.715,1.3188461538461538,21.654230769230768,430695.35999999987
2025-11-19,1700,99.68076923076923,99.64846153846155,0.18923076923076923,0.9788461538461538,97.965,81.25925925925925,11.75346153846154,1.3946153846153846,21.721923076923076,437184.0000000001
2025-11-20,1700,99.66269230769231,99.6526923076923,0.20346153846153847,0.9780769230769231,97.8726923076923,79.27481481481482,11.713461538461539,1.363846153846154,21.71807692307692,483477.1199999999
2025-11-21,1700,99.65461538461538,99.6126923076923,0.18846153846153849,0.9803846153846153,98.09846153846154,81.59555555555555,11.261153846153848,1.378076923076923,20.494615384615386,429338.88
2025-11-22,1700,99.70576923076922,99.66076923076922,0.18307692307692308,0.98,98.0773076923077,81.83666666666667,12.055,1.416153846153846,21.134615384615383,423714.23999999993
2025-11-23,1700,99.71653846153846,99.63807692307692,0.17923076923076925,0.981153846153846,98.19884615384616,81.47222222222223,12.183461538461538,1.3776923076923078,21.24576923076923,432215.99999999994
2025-11-24,1700,99.7176923076923,99.65192307692307,0.17615384615384616,0.98,98.10884615384614,81.84296296296297,12.71269230769231,1.3761538461538463,20.847692307692306,423567.35999999975
2025-11-25,1700,99.69346153846155,99.62192307692308,0.19615384615384615,0.9834615384615385,98.32115384615385,81.63555555555556,11.808461538461538,1.3146153846153845,21.099230769230772,428405.7600000001
2025-11-26,1700,99.69,99.62346153846154,0.20615384615384616,0.981153846153846,98.14307692307693,81.67407407407407,11.057307692307692,1.2253846153846153,21.439230769230768,427507.2000000002
2025-11-27,1700,99.68538461538462,99.59192307692307,0.1896153846153846,0.981923076923077,98.315,81.72222222222223,11.166153846153845,1.405,21.677692307692308,426383.9999999998
2025-11-28,1700,99.68923076923078,99.58384615384615,0.16999999999999998,0.981153846153846,98.11807692307693,81.84740740740742,10.82346153846154,1.3553846153846154,20.50923076923077,423463.6799999999
2025-11-29,1700,99.71192307692307,99.63538461538461,0.1823076923076923,0.9815384615384615,98.19846153846153,81.81962962962963,11.445,1.3626923076923076,21.215384615384615,424111.68
2025-11-30,1700,99.72115384615384,99.60153846153845,0.19423076923076923,0.9807692307692307,98.18807692307692,81.75296296296295,11.547307692307694,1.4311538461538462,21.18846153846154,425666.8800000003
2025-12-01,1700,99.69807692307693,99.62769230769231,0.19576923076923075,0.981923076923077,98.26923076923077,81.56407407407407,11.595384615384615,1.3215384615384616,21.26076923076923,430073.2800000002
2025-12-02,1700,99.68384615384616,99.57461538461538,0.20076923076923076,0.981153846153846,98.26846153846154,73.22777777777777,11.406923076923077,1.3369230769230769,21.647307692307695,624542.4000000001
2025-12-03,1700,99.67576923076923,99.62076923076923,0.20192307692307693,0.9834615384615385,98.41923076923078,81.42962962962963,11.345769230769232,1.378076923076923,21.601923076923075,433209.6
2025-12-04,1700,99.66576923076923,99.62461538461538,0.2,0.9846153846153847,98.55692307692308,81.5737037037037,10.873076923076923,1.4326923076923077,21.618076923076924,429848.64
2025-12-05,1700,99.685,99.635,0.1926923076923077,0.9807692307692307,98.14576923076923,81.72777777777777,11.109230769230768,1.2184615384615385,20.693846153846152,426254.4
2025-12-06,1700,99.71307692307693,99.64769230769231,0.1896153846153846,0.9826923076923078,98.36423076923076,81.84037037037037,10.98576923076923,1.3438461538461537,21.63269230769231,423627.84000000014
2025-12-07,1700,99.73076923076923,99.65153846153846,0.17961538461538462,0.9830769230769231,98.48038461538461,81.84962962962963,11.469615384615384,1.3326923076923076,21.577692307692306,423411.84
2025-12-08,1700,99.70423076923076,99.65307692307692,0.195,0.9823076923076923,98.3276923076923,81.84592592592593,11.416923076923077,1.3553846153846154,21.74923076923077,423498.2400000001
2025-12-09,1700,99.69538461538461,99.64576923076923,0.19192307692307692,0.981923076923077,98.28923076923077,81.70555555555556,11.561923076923078,1.343076923076923,21.651538461538465,426772.7999999998
2025-12-10,1700,99.6923076923077,99.6273076923077,0.19423076923076923,0.9830769230769231,98.45807692307692,81.5374074074074,11.411538461538461,1.3684615384615384,22.028846153846153,430695.3600000001
2025-12-11,1700,99.68384615384616,99.61538461538461,0.20576923076923076,0.9823076923076923,98.34115384615384,79.11259259259259,11.518846153846154,1.4046153846153848,21.77346153846154,487261.44000000006
2025-12-12,1700,99.6676923076923,99.60846153846154,0.19153846153846152,0.9788461538461538,97.94653846153847,80.86037037037038,11.06423076923077,1.3738461538461537,20.904999999999998,446489.27999999997
2025-12-13,1700,99.69538461538461,99.67,0.19192307692307692,0.9838461538461538,98.44384615384615,76.91518518518518,10.879999999999999,1.3876923076923076,21.053076923076922,538522.5600000002
2025-12-14,1700,99.68615384615386,99.6326923076923,0.19846153846153847,0.985,98.54961538461538,81.63148148148149,11.306153846153846,1.3792307692307693,21.843846153846155,428500.8
2025-12-15,1700,99.68307692307692,99.64769230769231,0.19884615384615384,0.9830769230769231,98.28999999999999,81.8488888888889,11.605,1.4303846153846154,21.841538461538462,423429.1199999999
2025-12-16,1700,99.69423076923077,99.63076923076923,0.20846153846153845,0.9815384615384615,98.19653846153847,81.7988888888889,10.896538461538462,1.3138461538461537,22.423846153846153,424595.5199999998
2025-12-17,1700,99.63961538461538,99.59769230769231,0.26076923076923075,0.9761538461538461,97.66923076923078,81.84296296296297,10.747692307692308,1.021923076923077,21.95846153846154,423567.35999999975
2025-12-18,1700,99.65461538461538,99.58692307692309,0.21846153846153846,0.9784615384615385,97.96807692307692,81.85037037037037,11.133076923076922,1.3434615384615385,21.70846153846154,423394.55999999994
2025-12-19,1700,99.65923076923076,99.59307692307692,0.2119230769230769,0.9757692307692308,97.61692307692307,76.63888888888889,10.226923076923075,1.3665384615384615,20.323461538461537,544968.0
2025-12-20,1700,99.7046153846154,99.62653846153846,0.21615384615384617,0.9723076923076923,97.32423076923077,79.1848148148148,11.056153846153846,1.330769230769231,20.68730769230769,485576.6400000004
2025-12-21,1700,99.66961538461538,99.71115384615383,0.20730769230769233,0.9765384615384616,97.70192307692308,81.82444444444445,11.708076923076923,1.6576923076923078,21.268076923076926,423999.35999999975
2025-12-22,1700,99.67461538461538,99.72384615384615,0.2196153846153846,0.9765384615384616,97.74384615384616,81.0225925925926,11.788076923076924,1.6834615384615386,20.946538461538463,442704.9599999998
2025-12-23,1700,99.69192307692308,99.74576923076923,0.19769230769230767,0.9776923076923076,97.86807692307693,81.52296296296296,11.226923076923075,1.6703846153846154,21.732692307692307,431032.32
2025-12-24,1700,99.63923076923076,99.7126923076923,0.2776923076923077,0.9796153846153846,98.11076923076924,81.85037037037037,11.444615384615386,1.6065384615384615,22.399615384615384,423394.55999999994
2025-12-25,1700,99.50538461538461,99.5526923076923,0.6153846153846154,0.9742307692307691,97.50846153846153,81.68037037037037,11.805769230769231,1.333846153846154,20.98423076923077,427360.32
2025-12-26,1700,99.50846153846155,99.60692307692308,0.5038461538461538,0.9719230769230769,97.18384615384616,81.53888888888889,11.39423076923077,1.3226923076923076,20.018076923076926,430660.7999999999
2025-12-27,1700,99.72846153846154,99.76346153846154,0.19538461538461538,0.9719230769230769,97.20884615384615,81.64888888888889,12.344615384615384,1.6176923076923078,20.526538461538465,428094.7199999999
2025-12-28,1700,99.71923076923076,99.77153846153846,0.19384615384615383,0.9696153846153847,97.12076923076923,81.53666666666666,12.076153846153847,1.6738461538461538,20.762307692307694,430712.64000000025
2025-12-29,1700,99.72038461538462,99.7703846153846,0.19230769230769232,0.9738461538461538,97.40307692307692,81.54185185185186,12.104615384615386,1.6411538461538462,20.744615384615386,430591.67999999993
2025-12-30,1700,99.72769230769231,99.75,0.1980769230769231,0.9769230769230769,97.78999999999999,81.50148148148148,12.968461538461538,1.6488461538461539,20.71423076923077,431533.4400000002
2025-12-31,1700,99.70923076923077,99.74923076923076,0.19384615384615383,0.9742307692307691,97.53884615384617,81.54185185185186,12.673846153846153,1.7411538461538463,20.817692307692308,430591.67999999993
2026-01-01,1700,99.71038461538461,99.73538461538462,0.18730769230769231,0.9749999999999999,97.58961538461539,81.52703703703703,12.324615384615385,1.7407692307692306,21.05115384615385,430937.28000000014
2026-01-02,1700,99.70884615384615,99.71076923076923,0.1896153846153846,0.9680769230769231,96.81653846153846,81.53925925925925,12.158076923076923,1.6192307692307693,19.63576923076923,430652.1600000001
2026-01-03,1700,99.71615384615384,99.71653846153846,0.21384615384615382,0.9676923076923077,96.93076923076923,81.54074074074073,12.192307692307692,1.5596153846153844,20.425769230769234,430617.6000000001
2026-01-04,1700,99.71038461538461,99.74807692307692,0.20423076923076924,0.9750000000000001,97.63653846153846,81.48,12.09769230769231,1.5911538461538461,21.261153846153846,432034.5599999998
2026-01-05,1700,99.7073076923077,99.76307692307692,0.1846153846153846,0.9807692307692307,98.16153846153846,81.53999999999999,11.770384615384616,1.6173076923076921,21.544615384615383,430634.88000000024
2026-01-06,1700,99.72615384615385,99.78,0.1926923076923077,0.9823076923076923,98.26576923076922,81.62222222222223,11.548076923076923,1.6126923076923076,21.96,428716.7999999998
2026-01-07,1700,99.66423076923077,99.75653846153847,0.2030769230769231,0.981153846153846,98.17,81.8488888888889,11.108461538461539,1.688076923076923,21.97153846153846,423429.1199999999
2026-01-08,1700,99.67423076923077,99.72615384615385,0.19076923076923077,0.9826923076923078,98.46615384615384,81.85185185185185,11.621923076923078,1.7565384615384616,21.43846153846154,423360.00000000023
2026-01-09,1700,99.68730769230768,99.72692307692309,0.18769230769230769,0.9776923076923076,97.91461538461539,81.85037037037037,11.748846153846156,1.738846153846154,20.061153846153847,423394.55999999994
2026-01-10,1700,99.70115384615384,99.76923076923077,0.1776923076923077,0.9792307692307692,98.01076923076923,81.85037037037037,11.899999999999999,1.7126923076923077,20.775,423394.55999999994
2026-01-11,1700,99.6903846153846,99.76730769230768,0.19192307692307692,0.9823076923076923,98.25923076923075,81.77111111111111,11.779230769230768,1.6115384615384616,21.09807692307692,425243.52000000014
2026-01-12,1700,99.70846153846153,99.75615384615384,0.18576923076923077,0.9803846153846153,98.00538461538461,81.85185185185185,12.161153846153846,1.709230769230769,20.921538461538464,423360.00000000023
2026-01-13,1700,99.71000000000001,99.76461538461538,0.18115384615384617,0.9738461538461538,97.49115384615385,81.85185185185185,12.350384615384616,1.6596153846153845,20.88653846153846,423360.00000000023
2026-01-14,1700,99.655,99.74576923076923,0.2076923076923077,0.9730769230769231,97.3726923076923,81.82111111111111,10.992692307692307,1.5646153846153845,20.972692307692306,424077.12
2026-01-15,1700,99.61192307692308,99.65807692307693,0.22730769230769232,0.9780769230769231,97.94269230769231,82.75481481481482,10.896538461538462,1.54,20.58153846153846,402295.67999999976
2026-01-16,1700,99.67999999999999,99.7173076923077,0.195,0.9726923076923076,97.33769230769232,84.62962962962963,11.632692307692308,1.6084615384615384,19.279615384615383,358559.99999999994
2026-01-17,1700,99.7046153846154,99.73269230769232,0.1846153846153846,0.9592307692307693,95.94538461538461,84.62370370370371,12.243076923076924,1.6534615384615385,19.733076923076926,358698.2399999998
2026-01-18,1700,99.60076923076923,99.66423076923077,0.36,0.9749999999999999,97.52230769230769,84.6214814814815,11.703076923076923,1.4334615384615386,19.965,358750.0799999996
2026-01-19,1700,99.7023076923077,99.74692307692308,0.19538461538461538,0.9703846153846154,97.09846153846154,84.61444444444444,12.19923076923077,1.6511538461538462,19.93,358914.23999999993
2026-01-20,1700,99.69307692307692,99.74884615384616,0.18923076923076923,0.9684615384615385,96.83,84.61333333333333,11.771538461538462,1.7007692307692308,20.11653846153846,358940.1600000001
2026-01-21,1700,99.69384615384615,99.72807692307691,0.1903846153846154,0.9688461538461538,96.79653846153846,82.94444444444444,11.481538461538461,1.6442307692307692,20.208846153846153,397872.00000000006
2026-01-22,1700,99.69769230769231,99.5723076923077,0.21,0.9673076923076922,96.73346153846154,82.34370370370371,11.937307692307693,1.6265384615384615,20.128076923076925,411886.0799999999
2026-01-23,1700,99.66230769230768,99.6576923076923,0.19846153846153847,0.9684615384615385,96.74423076923077,82.29740740740742,11.695384615384615,1.6099999999999999,19.002692307692307,412966.0799999997
2026-01-24,1700,99.68639999999999,99.7192,0.20879999999999999,0.97,97.01799999999999,84.03192307692308,11.9844,1.5119999999999998,19.7556,358706.88
2026-01-25,1700,99.6744,99.74,0.20199999999999999,0.956,95.56040000000002,84.03576923076922,12.1768,1.6063999999999998,20.3168,358620.4800000003
2026-01-26,1700,99.66346153846153,99.4673076923077,0.2253846153846154,0.9600000000000001,95.90692307692308,82.03925925925925,10.982692307692307,1.5973076923076923,21.162692307692307,418988.1600000001
2026-01-27,1700,99.69692307692307,99.61846153846153,0.21461538461538462,0.9634615384615385,96.28884615384617,83.99333333333334,12.081153846153846,1.6142307692307691,20.042307692307695,373403.5199999998
2026-01-28,1700,99.66230769230768,99.50923076923075,0.28615384615384615,0.9392307692307692,93.91,84.61555555555555,11.767307692307693,1.525,20.38576923076923,358888.3200000003
2026-01-29,1700,99.55230769230769,99.47846153846154,0.49461538461538457,0.9288461538461538,92.94,84.53296296296296,12.068076923076923,1.4534615384615384,20.54269230769231,360815.0400000002
2026-01-30,1700,99.64538461538463,99.56423076923078,0.23653846153846156,0.9407692307692308,93.99692307692308,84.62962962962963,11.461538461538462,1.6319230769230768,19.76153846153846,358559.99999999994
2026-01-31,1700,99.44769230769231,99.32346153846153,0.7269230769230769,0.9557692307692307,95.53153846153847,84.62814814814816,10.471153846153847,1.2153846153846155,20.787307692307692,358594.5599999999
2026-02-01,1700,99.71038461538461,99.54923076923077,0.19846153846153847,0.9538461538461539,95.37692307692308,83.95962962962962,11.53,1.6126923076923076,20.587307692307693,374189.7600000003
2026-02-02,1700,99.68884615384614,99.63153846153847,0.20653846153846153,0.9453846153846153,94.49384615384616,84.60481481481482,12.761153846153848,1.6973076923076922,20.199615384615388,359138.8800000001
2026-02-03,1700,99.64884615384615,99.66499999999999,0.22192307692307692,0.9315384615384615,93.18807692307692,84.59518518518519,11.246923076923078,1.5942307692307693,20.35076923076923,359363.52
2026-02-04,1700,99.66961538461538,99.68576923076922,0.20038461538461538,0.9323076923076923,93.34346153846153,84.27296296296296,11.346153846153847,1.6492307692307693,21.173846153846153,366880.32000000007
2026-02-05,1700,99.65192307692307,99.71807692307692,0.2030769230769231,0.9496153846153846,94.9523076923077,84.55333333333334,11.246538461538462,1.676923076923077,20.91038461538462,360339.8399999997
2026-02-06,1700,99.66730769230769,99.72192307692308,0.20461538461538462,0.9534615384615385,95.3626923076923,84.62962962962963,10.863076923076923,1.6315384615384616,19.833076923076923,358559.99999999994
2026-02-07,1700,99.70115384615384,99.7176923076923,0.19576923076923075,0.943076923076923,94.37923076923077,84.62666666666667,11.478076923076923,1.6288461538461538,20.131153846153843,358629.1200000001
2026-02-08,1700,99.69846153846153,99.72,0.18692307692307694,0.9419230769230769,94.24,84.62407407407407,11.816153846153846,1.7453846153846155,20.575769230769232,358689.60000000003
2026-02-09,1700,99.70538461538462,99.72923076923077,0.21,0.9607692307692308,95.99730769230769,84.62037037037037,11.768461538461539,1.7330769230769232,20.71923076923077,358776.00000000006
2026-02-10,1700,99.69423076923077,99.7376923076923,0.18692307692307694,0.9257692307692308,92.69192307692308,84.62962962962963,12.098461538461539,1.741923076923077,20.556923076923077,358559.99999999994
2026-02-11,1700,99.56615384615385,99.59192307692307,0.5246153846153846,0.9396153846153846,93.9423076923077,84.6285185185185,11.933461538461538,1.4107692307692308,20.458846153846153,358585.9200000004
2026-02-12,1700,99.68038461538461,99.69807692307693,0.195,0.9323076923076923,93.25038461538462,84.40703703703703,11.40576923076923,1.7765384615384614,21.354615384615386,363752.6400000003
2026-02-13,1700,99.67576923076923,99.74576923076923,0.19346153846153846,0.9369230769230769,93.64,83.89296296296297,11.16576923076923,1.6815384615384614,19.804230769230767,375744.95999999985
2026-02-14,1700,99.68307692307692,99.74653846153845,0.1896153846153846,0.9534615384615385,95.34384615384616,83.26407407407407,11.186538461538463,1.6938461538461538,20.226923076923075,390415.6799999999
2026-02-15,1700,99.68923076923078,99.76423076923076,0.21115384615384616,0.9273076923076923,92.70846153846153,75.05037037037037,11.951538461538462,1.7061538461538461,20.96923076923077,582024.9599999998
2026-02-16,1700,99.67192307692306,99.73615384615384,0.24307692307692308,0.9315384615384615,93.08269230769231,84.62962962962963,12.07076923076923,1.666923076923077,20.61576923076923,358559.99999999994
2026-02-17,1700,99.68346153846154,99.76769230769231,0.18923076923076923,0.9307692307692308,93.10192307692309,84.62814814814816,11.671153846153846,1.853076923076923,20.355,358594.5599999999
2026-02-18,1700,99.705,99.7623076923077,0.19615384615384615,0.9296153846153845,92.95038461538462,84.62962962962963,13.302692307692308,1.738846153846154,20.15692307692308,358559.99999999994
2026-02-19,1700,99.73961538461539,99.76961538461539,0.16346153846153846,0.9353846153846154,93.57346153846153,63.35074074074074,13.219615384615384,1.7042307692307692,18.39115384615385,854953.92
2026-02-20,1700,99.41423076923077,99.48346153846154,0.6096153846153846,0.9484615384615385,94.75576923076923,84.62962962962963,12.331153846153846,1.3023076923076924,18.493846153846153,358559.99999999994
2026-02-21,1700,99.53615384615385,99.43961538461538,0.5142307692307692,0.9384615384615385,93.79807692307692,84.62962962962963,12.428846153846154,1.3242307692307693,18.748076923076923,358559.99999999994
2026-02-22,1700,99.735,99.74,0.15884615384615383,0.9299999999999999,92.99730769230769,84.62962962962963,12.917307692307693,1.6546153846153844,19.357692307692307,358559.99999999994
2026-02-23,1700,99.72192307692308,99.77230769230769,0.1630769230769231,0.9323076923076923,93.23192307692308,84.62962962962963,13.369615384615384,1.646153846153846,18.98076923076923,358559.99999999994
2026-02-24,1700,99.69807692307693,99.7626923076923,0.18269230769230768,0.9507692307692307,95.09923076923077,84.55185185185185,12.146538461538462,1.5769230769230769,19.25076923076923,360374.3999999999
2026-02-25,1700,99.68038461538461,99.75307692307692,0.1980769230769231,0.9565384615384616,95.72192307692308,80.92592592592592,11.362307692307693,1.4692307692307693,19.96923076923077,444960.00000000006
2026-02-26,1700,99.54230769230769,99.5776923076923,0.43961538461538463,0.9665384615384615,96.67692307692307,84.5074074074074,11.030384615384616,1.1584615384615384,20.585,361411.20000000024
2026-02-27,1700,99.56115384615386,99.65384615384616,0.32384615384615384,0.9511538461538461,95.12653846153846,84.62962962962963,10.736923076923079,1.2999999999999998,19.436923076923076,358559.99999999994
2026-02-28,1700,99.4223076923077,99.41269230769231,0.6684615384615384,0.9426923076923076,94.37346153846154,84.62814814814816,11.19576923076923,1.138076923076923,19.66653846153846,358594.5599999999
2026-03-01,1700,98.63038461538461,99.28807692307691,0.955,0.9507692307692307,95.0323076923077,84.57185185185186,11.823461538461537,1.0038461538461538,19.936153846153847,359907.8399999997
2026-03-02,1700,99.0876923076923,99.6126923076923,0.44307692307692303,0.9507692307692307,95.0723076923077,84.62703703703703,11.719999999999999,1.393846153846154,19.77692307692308,358620.48000000033
2026-03-03,1700,99.67653846153847,99.70769230769231,0.22653846153846152,0.9615384615384616,96.15615384615384,84.62962962962963,10.926923076923078,1.3992307692307693,19.919615384615383,358559.99999999994
2026-03-04,1700,99.60038461538463,99.68730769230768,0.30846153846153845,0.9611538461538461,96.20769230769231,84.62962962962963,11.066153846153846,1.3715384615384614,19.893076923076926,358559.99999999994
2026-03-05,1700,99.67461538461538,99.75307692307692,0.2,0.9653846153846154,96.51423076923076,84.62370370370371,11.13923076923077,1.598076923076923,20.183846153846154,358698.2399999998
2026-03-06,1700,99.6826923076923,99.74692307692308,0.19423076923076923,0.9692307692307692,96.87192307692308,84.62555555555555,10.928461538461537,1.5869230769230769,19.54346153846154,358655.04000000004
2026-03-07,1700,99.67153846153846,99.72423076923077,0.22,0.9561538461538461,95.66423076923077,84.62962962962963,10.82076923076923,1.4876923076923076,19.890384615384615,358559.99999999994
2026-03-08,1700,99.71576923076924,99.75307692307692,0.18076923076923077,0.9538461538461539,95.43730769230768,84.23555555555556,11.791923076923077,1.628076923076923,20.051538461538463,367752.9599999998
2026-03-09,1700,99.4223076923077,99.44769230769231,0.6603846153846155,0.9634615384615385,96.36076923076924,84.62962962962963,11.788846153846153,1.3461538461538463,19.81346153846154,358559.99999999994
2026-03-10,1700,99.55384615384615,99.71461538461539,0.25730769230769235,0.9653846153846154,96.49846153846154,84.62962962962963,11.478076923076923,1.6153846153846154,19.925769230769234,358559.99999999994
2026-03-11,1700,99.63576923076924,99.75153846153846,0.20461538461538462,0.9673076923076922,96.73615384615384,84.62222222222223,11.26423076923077,1.6096153846153847,20.095000000000002,358732.79999999976
2026-03-12,1700,99.69576923076923,99.73,0.18115384615384617,0.966923076923077,96.62576923076924,84.61666666666667,11.37076923076923,1.6749999999999998,20.11230769230769,358862.39999999985
2026-03-13,1700,99.68769230769232,99.76346153846154,0.1823076923076923,0.9561538461538461,95.67615384615384,84.62962962962963,10.898846153846154,1.5446153846153845,19.391923076923078,358559.99999999994
2026-03-14,1700,99.7026923076923,99.74423076923077,0.1992307692307692,0.9561538461538461,95.70653846153846,84.62037037037037,11.351923076923075,1.5799999999999998,19.944615384615386,358776.00000000006
2026-03-15,1700,99.72153846153847,99.7576923076923,0.18423076923076923,0.9692307692307692,96.9473076923077,84.62185185185184,11.377307692307692,1.591923076923077,20.341153846153848,358741.44000000006
2026-03-16,1700,99.63846153846154,99.72423076923077,0.215,0.9576923076923076,95.7576923076923,82.26666666666667,9.517692307692307,1.5296153846153844,20.677692307692308,413683.2
2026-03-17,1700,99.62461538461538,99.58346153846153,0.2246153846153846,0.9600000000000001,95.98384615384614,82.11407407407407,9.506923076923076,1.4100000000000001,20.92115384615385,417242.88
2026-03-18,1700,99.69,99.75961538461539,0.2169230769230769,0.9619230769230769,96.13115384615384,80.41925925925926,9.984615384615385,1.3023076923076924,21.32807692307692,456779.5199999998
2026-03-19,1700,99.68230769230769,99.76461538461538,0.23076923076923078,0.9565384615384616,95.67653846153847,84.37518518518519,11.06,1.3946153846153846,21.293076923076924,364495.68
2026-03-20,1700,99.03346153846154,99.50730769230769,0.6934615384615385,0.9642307692307692,96.405,84.4,10.696153846153846,1.4688461538461537,22.193076923076923,363916.7999999998
2026-03-21,1700,99.67999999999999,99.7476923076923,0.21,0.9684615384615385,96.94153846153846,84.62629629629629,10.981923076923078,1.6673076923076924,20.448461538461537,358637.7600000002
2026-03-22,1700,99.66346153846153,99.73076923076923,0.2196153846153846,0.9634615384615385,96.45769230769231,84.6274074074074,10.233076923076924,1.5673076923076923,21.116153846153846,358611.84
2026-03-23,1700,98.86807692307693,99.50076923076924,0.62,0.9561538461538461,95.62115384615385,84.62962962962963,10.930384615384614,1.4126923076923075,20.503076923076925,358559.99999999994
2026-03-24,1700,99.67692307692307,99.75,0.20807692307692308,0.9515384615384614,95.1576923076923,84.62962962962963,10.656538461538462,1.6080769230769232,21.036153846153844,358559.99999999994
2026-03-25,1700,99.65692307692308,99.7376923076923,0.20384615384615384,0.9719230769230769,97.13884615384616,84.62925925925926,10.674615384615386,1.6853846153846155,21.044999999999998,358568.64
2026-03-26,1700,97.31961538461539,98.74307692307693,1.9607692307692308,0.9496153846153846,94.93538461538462,84.59037037037037,10.473461538461539,1.1861538461538461,20.663846153846155,359475.84000000026
2026-03-27,1700,99.67461538461538,99.71961538461538,0.20153846153846156,0.9542307692307692,95.46115384615385,84.62962962962963,10.306538461538462,1.639230769230769,20.049999999999997,358559.99999999994
2026-03-28,1700,99.62230769230769,99.71846153846153,0.24384615384615385,0.9596153846153845,96.00307692307692,84.62962962962963,10.99846153846154,1.5326923076923078,20.439615384615383,358559.99999999994
2026-03-29,1700,99.68730769230768,99.7176923076923,0.2107692307692308,0.9653846153846153,96.57461538461538,84.62629629629629,11.433076923076923,1.639230769230769,20.906538461538464,358637.7600000002
2026-03-30,1700,99.66,99.73576923076924,0.20115384615384618,0.9596153846153845,95.87769230769231,84.61296296296297,11.323076923076924,1.6388461538461538,20.732307692307693,358948.7999999999
2026-03-31,1700,99.69923076923077,99.73423076923078,0.2053846153846154,0.9634615384615385,96.38076923076923,84.55888888888889,11.366153846153846,1.734230769230769,20.603846153846153,360210.2400000001
2026-04-01,1700,99.67846153846153,99.75653846153847,0.20692307692307693,0.9615384615384616,96.08653846153847,84.07629629629629,10.97269230769231,1.6757692307692307,20.853846153846156,371468.1600000001
2026-04-02,1700,99.68576923076922,99.74153846153845,0.20923076923076925,0.9596153846153845,95.97192307692308,84.47333333333334,11.191538461538462,1.7023076923076923,21.121923076923075,362206.0799999997
2026-04-03,1700,99.67653846153847,99.71230769230769,0.2030769230769231,0.9692307692307692,96.89576923076923,84.62962962962963,10.926153846153845,1.6907692307692308,20.142307692307693,358559.99999999994
2026-04-04,1700,99.44,99.57923076923076,0.47346153846153843,0.9534615384615385,95.33192307692308,84.62370370370371,10.37576923076923,1.448846153846154,20.790384615384614,358698.2399999998
2026-04-05,1700,99.70807692307692,99.7376923076923,0.19884615384615384,0.9680769230769231,96.79076923076923,82.44962962962963,11.07076923076923,1.5926923076923076,21.299230769230768,409415.04000000004
2026-04-06,1700,99.63159999999999,99.66,0.3064,0.964,96.4896,85.17500000000001,11.1844,1.3880000000000001,20.409200000000002,333028.79999999976
2026-04-07,1700,99.5996,99.6392,0.294,0.9608,96.1456,87.03115384615384,10.3048,1.27,20.695999999999998,291332.1600000001
2026-04-08,1700,99.6476,99.60960000000001,0.2468,0.9643999999999999,96.486,87.11538461538461,10.3128,1.2096,20.7584,289439.99999999994
2026-04-09,1700,99.6048,99.58120000000001,0.2536,0.9712000000000001,97.0208,87.11538461538461,10.289200000000001,1.3912,20.76,289439.99999999994
2026-04-10,1700,99.55879999999999,99.6024,0.2504,0.946,94.5816,87.11538461538461,10.0672,1.3019999999999998,19.3752,289439.99999999994
2026-04-11,1700,99.63879999999999,99.60959999999999,0.24480000000000002,0.9632,96.37039999999999,87.11538461538461,10.501600000000002,1.3652000000000002,19.952,289439.99999999994
2026-04-12,1700,99.67360000000001,99.652,0.2004,0.9588,95.87639999999999,87.11384615384615,11.158399999999999,1.4364000000000001,20.5884,289474.56
2026-04-13,1700,99.6652,99.6608,0.19519999999999998,0.9608,96.1092,87.00615384615384,11.8856,1.5336,20.3568,291893.7600000003
2026-04-14,1700,99.6472,99.61959999999999,0.25239999999999996,0.9672,96.7616,87.11538461538461,11.238800000000001,1.3084,20.541999999999998,289439.99999999994
2026-04-15,1700,99.66159999999999,99.65559999999999,0.20440000000000003,0.9716,97.10880000000002,86.58461538461538,11.6544,1.5712000000000002,20.4152,301363.2000000003
2026-04-16,1700,99.6488,99.6532,0.22719999999999999,0.9612,96.15639999999999,87.10576923076923,11.042,1.4604,21.218000000000004,289656.0000000001
2026-04-17,1700,99.6548,99.648,0.198,0.9636,96.4024,87.1126923076923,11.303199999999999,1.5528,19.3524,289500.4800000003
2026-04-18,1700,99.66120000000001,99.6512,0.2032,0.9648,96.436,87.11538461538461,11.104800000000001,1.4772,20.268800000000002,289439.99999999994
2026-04-19,1700,99.664,99.65440000000001,0.2052,0.97,97.0836,87.11538461538461,11.3424,1.4884,20.823600000000003,289439.99999999994
2026-04-20,1700,99.63159999999999,99.6324,0.2184,0.9612,96.14200000000001,87.10692307692308,11.1324,1.3876,20.888,289630.0799999999
2026-04-21,1700,99.6288,99.6356,0.27759999999999996,0.9636,96.3484,86.99499999999999,10.8896,1.1608,20.5184,292144.32000000024
2026-04-22,1700,99.60719999999999,99.64040000000001,0.2452,0.9684,96.8864,87.0023076923077,10.3584,1.4948,20.6,291980.1599999998
2026-04-23,1700,99.6356,99.63959999999999,0.2076,0.9567999999999999,95.574,87.11538461538461,10.5464,1.5368000000000002,21.2528,289439.99999999994
2026-04-24,1700,99.66,99.656,0.2168,0.9712000000000001,97.146,87.11538461538461,10.9472,1.4103999999999999,19.4884,289439.99999999994
2026-04-25,1700,99.6684,99.64880000000001,0.22240000000000001,0.9708,96.984,87.11538461538461,11.346400000000001,1.354,19.9976,289439.99999999994
2026-04-26,1700,99.62346153846154,99.63461538461539,0.26692307692307693,0.9680769230769231,96.8673076923077,84.95888888888888,10.41230769230769,1.1253846153846154,20.87153846153846,350879.0400000001
2026-04-27,1700,99.61038461538462,99.59692307692308,0.24576923076923077,0.9626923076923077,96.33846153846154,86.04296296296296,10.415384615384616,1.2888461538461538,20.204615384615384,325589.75999999995
2026-04-28,1700,99.63423076923078,99.60307692307691,0.24923076923076926,0.9638461538461538,96.33461538461538,87.52222222222223,10.682307692307692,1.198076923076923,20.00076923076923,291081.6
2026-04-29,1700,99.63074074074075,99.62555555555555,0.25592592592592595,0.9662962962962963,96.63111111111111,91.44666666666666,10.834074074074074,1.2414814814814816,18.90222222222222,199532.1600000003
2026-04-30,1700,99.58851851851851,99.61296296296297,0.3,0.9666666666666667,96.67851851851853,95.0,11.082592592592594,1.085925925925926,18.49074074074074,116640.0000000001
2026-05-01,1700,99.61888888888889,99.64296296296297,0.2348148148148148,0.9625925925925926,96.26296296296296,94.99851851851852,10.394074074074073,1.265185185185185,17.636666666666667,116674.55999999981
2026-05-02,1700,99.60333333333334,99.6,0.33481481481481484,0.9666666666666667,96.65777777777778,88.96703703703704,11.43074074074074,1.0951851851851853,16.867037037037036,257376.95999999982
2026-05-03,1700,99.6562962962963,99.65962962962963,0.24333333333333335,0.9674074074074075,96.67962962962963,91.50814814814814,11.8,1.2514814814814814,18.261481481481482,198097.92000000022
2026-05-04,1700,99.63259259259259,99.5788888888889,0.2607407407407407,0.9722222222222222,97.27296296296296,94.99555555555555,11.792962962962964,1.2796296296296295,18.471111111111114,116743.68000000001
2026-05-05,1700,99.57111111111111,99.55111111111111,0.36148148148148146,0.9677777777777777,96.70777777777778,94.98592592592593,10.984074074074075,1.0448148148148149,18.515555555555554,116968.31999999992
2026-05-06,1700,99.66555555555554,99.62555555555555,0.23629629629629628,0.9722222222222222,97.27333333333334,94.99555555555555,11.007407407407406,1.435925925925926,18.693333333333335,116743.68000000001
2026-05-07,1700,99.61148148148149,99.6137037037037,0.39740740740740743,0.9574074074074075,95.7762962962963,95.0,11.151851851851852,1.0062962962962965,18.631481481481483,116640.0000000001
2026-05-08,1700,99.43296296296296,99.40777777777778,0.7799999999999999,0.95,95.08407407407407,95.0,9.87111111111111,0.7159259259259259,18.073333333333334,116640.0000000001
2026-05-09,1700,99.60185185185185,99.60074074074073,0.34925925925925927,0.9681481481481482,96.74777777777778,95.0,10.191481481481482,0.8685185185185185,18.49185185185185,116640.0000000001
2026-05-10,1700,99.65296296296297,99.64851851851853,0.36777777777777776,0.9648148148148148,96.4511111111111,94.92074074074074,10.88888888888889,1.0151851851851852,18.98888888888889,118488.96000000005
2026-05-11,1700,99.6274074074074,99.6288888888889,0.2985185185185185,0.9681481481481482,96.77851851851852,95.0,11.354814814814814,1.1277777777777778,18.65037037037037,116640.0000000001
2026-05-12,1700,99.56074074074074,99.55777777777777,0.4596296296296296,0.9640740740740741,96.42185185185184,95.0,10.788148148148148,0.9485185185185185,18.694814814814816,116640.0000000001
2026-05-13,1700,99.67444444444445,99.68407407407406,0.22703703703703704,0.9744444444444444,97.49296296296296,95.0,11.119259259259259,1.3540740740740742,18.943703703703704,116640.0000000001
2026-05-14,1700,99.61851851851851,99.63037037037037,0.28185185185185185,0.9603703703703703,95.87925925925926,94.99851851851852,10.36037037037037,1.1044444444444446,19.143703703703704,116674.55999999981
2026-05-15,1700,99.60222222222222,99.63111111111111,0.3262962962962963,0.9651851851851851,96.57222222222221,94.98777777777778,10.325925925925926,0.8803703703703704,17.50925925925926,116925.1199999999
2026-05-16,1700,99.6711111111111,99.69,0.25037037037037035,0.9637037037037037,96.32111111111111,95.0,10.966296296296296,1.1222222222222222,18.56962962962963,116640.0000000001
2026-05-17,1700,99.6837037037037,99.72481481481482,0.20703703703703702,0.9696296296296296,96.93407407407406,95.0,11.726666666666667,1.594814814814815,18.89,116640.0000000001
2026-05-18,1700,99.69037037037036,99.69703703703705,0.20296296296296298,0.9633333333333333,96.40037037037037,95.0,11.652222222222223,1.441851851851852,19.205185185185183,116640.0000000001
2026-05-19,1700,99.6362962962963,99.67888888888889,0.23851851851851855,0.9674074074074075,96.70888888888888,94.99555555555555,12.00925925925926,1.3218518518518518,19.271111111111114,116743.68000000001
2026-05-20,1700,99.62074074074073,99.65222222222222,0.2777777777777778,0.9603703703703703,96.1162962962963,95.0,11.31111111111111,1.164074074074074,18.65962962962963,116640.0000000001
2026-05-21,1700,99.64925925925927,99.6711111111111,0.22703703703703704,0.9651851851851851,96.56925925925925,94.98851851851852,11.657407407407407,1.6,19.01148148148148,116907.84000000004
2026-05-22,1700,99.60740740740741,99.67185185185184,0.2125925925925926,0.9696296296296296,97.00777777777778,95.0,11.622962962962962,1.5396296296296297,17.505925925925926,116640.0000000001
2026-05-23,1700,99.66518518518518,99.69444444444444,0.23185185185185184,0.9466666666666667,94.60185185185185,94.98481481481483,11.445185185185185,1.5340740740740741,18.374814814814815,116994.23999999983
2026-05-24,1700,99.64888888888889,99.62629629629629,0.3274074074074074,0.9637037037037037,96.41111111111111,94.71074074074075,11.56037037037037,1.2214814814814814,19.04888888888889,123387.83999999976
2026-05-25,1700,99.63888888888889,99.66333333333333,0.2611111111111111,0.9699999999999999,96.96481481481482,95.0,11.829629629629629,1.3933333333333333,19.00703703703704,116640.0000000001
2026-05-26,1700,99.6662962962963,99.68,0.23111111111111113,0.9618518518518518,96.15481481481481,95.0,12.753703703703703,1.4451851851851854,17.93777777777778,116640.0000000001
2026-05-27,1700,99.65333333333332,99.64925925925927,0.23777777777777778,0.9611111111111111,96.13148148148149,95.0,12.631481481481481,1.5025925925925927,16.797037037037036,116640.0000000001
2026-05-28,1700,99.59148148148148,99.60962962962964,0.2488888888888889,0.9629629629629629,96.28814814814814,95.0,10.316666666666666,1.3548148148148147,17.91,116640.0000000001
2026-05-29,1700,99.54518518518518,99.59296296296297,0.33296296296296296,0.9648148148148148,96.52962962962964,95.0,9.511111111111111,0.9951851851851852,18.395925925925926,116640.0000000001
2026-05-30,1700,99.57592592592593,99.59962962962963,0.3181481481481481,0.9533333333333333,95.42444444444445,95.0,9.357037037037037,1.0396296296296297,18.38111111111111,116640.0000000001
2026-05-31,1700,99.58777777777777,99.63888888888889,0.30592592592592593,0.9655555555555556,96.56555555555555,95.0,9.804074074074073,1.0377777777777777,19.154074074074074,116640.0000000001
2026-06-01,1700,99.59407407407407,99.6214814814815,0.28925925925925927,0.9659259259259259,96.69962962962963,93.49555555555555,10.30111111111111,1.301111111111111,19.214074074074073,151735.68000000005
2026-06-02,1700,99.58777777777777,99.61407407407407,0.2925925925925926,0.9514814814814815,95.15814814814814,94.83555555555556,9.985185185185186,1.2970370370370372,19.337407407407408,120476.15999999986
2026-06-03,1700,99.60888888888888,99.64407407407407,0.23407407407407407,0.9462962962962963,94.62037037037037,93.3725925925926,10.446666666666667,1.2792592592592593,19.46481481481481,154604.15999999992
2026-06-04,1700,99.46444444444444,99.55037037037037,0.4422222222222222,0.9611111111111111,96.1,90.72814814814814,9.921111111111111,1.0896296296296297,19.6037037037037,216293.7600000003
2026-06-05,1700,99.52576923076923,99.56576923076923,0.3819230769230769,0.9600000000000001,96.02961538461538,94.4923076923077,10.186923076923078,1.135,18.00576923076923,123724.79999999962
2026-06-06,1700,99.43692307692308,99.52307692307691,0.44423076923076926,0.9569230769230769,95.67884615384615,94.8076923076923,9.840384615384615,1.041153846153846,18.78846153846154,116640.00000000009
2026-06-07,1700,99.39333333333333,99.5425925925926,0.43777777777777777,0.9537037037037037,95.46185185185185,88.25481481481482,8.722592592592592,0.9559259259259258,19.255185185185184,273991.6799999999
2026-06-08,1700,99.56148148148148,99.59444444444445,0.3159259259259259,0.9481481481481481,94.83222222222221,93.50851851851851,9.725185185185184,1.1544444444444444,19.427407407407404,151433.28000000012
2026-06-09,1700,99.57481481481481,99.60444444444445,0.3,0.9699999999999999,96.95148148148148,94.97777777777777,9.664074074074074,1.1907407407407407,19.8962962962963,117158.40000000014
2026-06-10,1700,99.55888888888889,99.58074074074074,0.28185185185185185,0.9703703703703703,97.03555555555556,93.92777777777779,9.81851851851852,1.2966666666666666,19.434444444444445,141652.79999999976
2026-06-11,1700,99.55222222222221,99.58814814814815,0.3348148148148148,0.9614814814814815,96.23222222222222,94.62222222222223,10.291111111111112,1.225925925925926,19.46851851851852,125452.79999999983
2026-06-12,1700,99.63740740740741,99.63037037037037,0.2762962962962963,0.9585185185185184,95.82925925925926,95.0,11.182962962962963,1.421851851851852,17.865555555555556,116640.0000000001
2026-06-13,1700,99.66814814814815,99.64148148148149,0.27925925925925926,0.9662962962962963,96.63740740740741,95.0,11.945185185185185,1.3888888888888888,18.36,116640.0000000001
2026-06-14,1700,99.64592592592592,99.62407407407407,0.23925925925925925,0.9751851851851852,97.62481481481481,94.99703703703705,11.115555555555556,1.3959259259259258,19.18888888888889,116709.11999999978
2026-06-15,1700,99.56888888888889,99.59407407407407,0.27740740740740744,0.9718518518518517,97.16925925925926,95.0,10.733333333333334,1.3707407407407406,19.205185185185183,116640.0000000001
2026-06-16,1700,99.56777777777778,99.6162962962963,0.2525925925925926,0.9729629629629629,97.24703703703705,95.0,10.922962962962963,1.4374074074074075,18.668518518518518,116640.0000000001
2026-06-17,1700,99.5988888888889,99.61111111111111,0.2451851851851852,0.9718518518518517,97.21703703703704,94.48592592592593,10.45,1.3762962962962961,19.277037037037037,128632.31999999993
2026-06-18,1700,99.55703703703703,99.59703703703703,0.3125925925925926,0.9662962962962963,96.63555555555556,94.98555555555556,10.752592592592592,1.3137037037037036,19.39666666666667,116976.95999999972
2026-06-19,1700,99.58999999999999,99.58407407407407,0.30185185185185187,0.9662962962962963,96.58407407407407,95.0,10.393703703703704,1.2277777777777776,17.923703703703705,116640.0000000001
2026-06-20,1700,99.64259259259259,99.62666666666667,0.24555555555555555,0.9685185185185184,96.89555555555555,95.0,10.872592592592593,1.3170370370370372,18.427407407407408,116640.0000000001
2026-06-21,1700,99.60333333333334,99.61518518518518,0.26222222222222225,0.9740740740740741,97.46148148148148,94.96777777777778,10.582592592592594,1.3492592592592592,19.14074074074074,117391.67999999985
2026-06-22,1700,99.59444444444445,99.59148148148148,0.26925925925925925,0.9774074074074074,97.80666666666667,94.32925925925926,9.982962962962963,1.271111111111111,17.67888888888889,132287.04000000004
2026-06-23,1700,99.57407407407408,99.58333333333333,0.2948148148148148,0.9729629629629629,97.34074074074073,95.8648148148148,9.555185185185186,1.1644444444444444,17.255185185185184,96465.60000000028
2026-06-24,1700,99.61777777777777,99.60740740740741,0.2588888888888889,0.9688888888888889,96.87074074074073,99.93925925925926,9.917777777777777,1.3137037037037036,17.84,1416.959999999959
2026-06-25,1700,99.61148148148149,99.58296296296295,0.26740740740740737,0.9603703703703703,96.05222222222221,99.96222222222222,9.896296296296295,1.3096296296296297,17.65111111111111,881.2800000000756
2026-06-26,1700,99.5637037037037,99.58962962962963,0.25037037037037035,0.9700000000000001,97.02962962962964,100.0,9.637407407407407,1.2625925925925927,16.855185185185185,0.0
2026-06-27,1700,99.59111111111112,99.61185185185185,0.2777777777777778,0.9677777777777777,96.80111111111111,99.86925925925925,9.655555555555555,1.1848148148148148,17.497407407407408,3049.920000000297
2026-06-28,1700,99.6774074074074,99.62814814814816,0.23296296296296296,0.9662962962962963,96.74555555555555,99.95185185185184,10.184814814814816,1.2840740740740741,18.483703703703704,1123.2000000001065
2026-06-29,1700,99.60888888888888,99.55851851851851,0.2803703703703704,0.9648148148148148,96.44777777777779,99.51962962962963,9.83222222222222,1.2381481481481482,17.974444444444444,11206.07999999986
2026-06-30,1700,99.58037037037037,99.56074074074074,0.27444444444444444,0.9740740740740741,97.3648148148148,99.4462962962963,9.368148148148148,1.234074074074074,18.330000000000002,12916.79999999993
2026-07-01,1700,99.54629629629629,99.52296296296296,0.3622222222222222,0.9651851851851851,96.61148148148148,99.40037037037037,9.157037037037037,1.067777777777778,18.148888888888887,13988.159999999956
2026-07-02,1700,99.60111111111111,99.58777777777777,0.2940740740740741,0.9659259259259259,96.62814814814816,99.61074074074074,9.034814814814816,1.147037037037037,18.48148148148148,9080.64000000018
2026-07-03,1700,99.64444444444445,99.61925925925925,0.2211111111111111,0.9666666666666667,96.64111111111112,98.75148148148148,9.347407407407408,1.2674074074074073,17.098518518518517,29125.440000000188
2026-07-04,1700,99.6562962962963,99.62407407407407,0.2396296296296296,0.9707407407407408,97.10925925925925,99.99740740740741,9.947777777777777,1.2496296296296296,17.554814814814815,60.47999999987823
2026-07-05,1700,99.66555555555557,99.5862962962963,0.23185185185185184,0.9574074074074074,95.7737037037037,98.4211111111111,9.938148148148148,1.2674074074074073,18.305185185185184,36832.320000000174
2026-07-06,1700,99.64962962962963,99.49962962962964,0.2588888888888889,0.9633333333333333,96.4211111111111,99.39629629629628,10.131851851851852,1.3003703703703704,18.151111111111113,14083.200000000319
2026-07-07,1700,99.59370370370371,99.58999999999999,0.26222222222222225,0.9666666666666666,96.70185185185184,99.66111111111111,9.123333333333333,1.204074074074074,18.254814814814814,7905.599999999993
2026-07-08,1700,99.56481481481481,99.5537037037037,0.3325925925925926,0.9662962962962963,96.60111111111111,99.99851851851852,9.308518518518518,1.06,18.524444444444445,34.55999999996742
2026-07-09,1700,99.53407407407407,99.51666666666667,0.28074074074074074,0.9666666666666666,96.71888888888888,99.72925925925927,8.495185185185186,1.192222222222222,18.511111111111113,6315.839999999937
2026-07-10,1700,99.5062962962963,99.53074074074074,0.3014814814814815,0.9674074074074075,96.78222222222222,99.81222222222222,8.282592592592593,1.1044444444444446,16.88259259259259,4380.480000000208
2026-07-11,1700,99.54185185185186,99.55555555555556,0.3077777777777778,0.9718518518518517,97.10185185185185,99.66666666666667,8.883703703703704,1.1033333333333333,17.426296296296297,7775.999999999921
2026-07-12,1700,99.55111111111111,99.54962962962964,0.35555555555555557,0.9640740740740741,96.47481481481482,99.99888888888889,8.52037037037037,0.9055555555555556,18.501851851851853,25.920000000169807
2026-07-13,1700,99.58740740740741,99.57444444444445,0.292962962962963,0.9700000000000001,97.01851851851852,99.67444444444445,8.927407407407408,1.1296296296296295,18.712592592592593,7594.560000000027
2026-07-14,1700,99.56851851851852,99.56740740740742,0.27111111111111114,0.9692592592592592,96.90444444444445,99.10555555555555,8.323333333333332,1.1525925925925926,18.564814814814813,20865.599999999948
2026-07-15,1700,99.45407407407407,99.47555555555556,0.36000000000000004,0.9662962962962963,96.64,97.77296296296296,7.87925925925926,0.917037037037037,19.039259259259257,51952.320000000036
2026-07-16,1700,99.39666666666666,99.49222222222222,0.38851851851851854,0.9637037037037037,96.41111111111111,96.47666666666666,8.016296296296296,0.8933333333333334,19.012222222222224,82192.32000000027
2026-07-17,1700,99.39074074074075,99.45407407407409,0.3933333333333333,0.9674074074074075,96.76111111111112,97.7637037037037,7.177777777777778,0.9444444444444444,18.142222222222223,52168.32000000015
2026-07-18,1700,99.43481481481483,99.46814814814815,0.3425925925925926,0.9655555555555556,96.55185185185185,98.64703703703702,6.7811111111111115,0.9374074074074074,19.294074074074075,31561.92000000035
2026-07-19,1700,99.44814814814815,99.49925925925926,0.3514814814814815,0.9707407407407408,97.13444444444445,95.44814814814815,6.504814814814814,0.99,19.594814814814814,106185.59999999999
2026-07-20,1700,99.44666666666666,99.48814814814814,0.3514814814814815,0.9655555555555556,96.60555555555555,99.01814814814814,7.7840740740740735,1.0896296296296297,18.747407407407408,22904.640000000098
2026-07-21,1700,99.48185185185186,99.48296296296296,0.33592592592592596,0.9692592592592592,96.93814814814814,99.35111111111111,7.978148148148148,1.058888888888889,19.00148148148148,15137.279999999973
2026-07-22,1700,99.50185185185185,99.53518518518518,0.3033333333333333,0.9707407407407408,97.15592592592593,97.70851851851852,8.745185185185186,1.1277777777777778,19.315925925925924,53455.680000000044
2026-07-23,1700,99.47192307692308,99.49499999999999,0.36653846153846154,0.97,96.98576923076924,96.52307692307691,7.591923076923076,1.0323076923076924,20.035384615384615,78105.60000000027
2026-07-24,1700,99.49576923076923,99.49846153846154,0.3765384615384615,0.9746153846153847,97.44615384615385,95.4523076923077,8.013461538461538,0.9896153846153847,18.734615384615385,102159.35999999977
2026-07-25,1700,99.48846153846154,99.51307692307692,0.3688461538461538,0.9726923076923076,97.285,98.45115384615384,7.679615384615384,0.9707692307692307,19.088461538461537,34793.28000000018
2026-07-26,1700,99.45481481481482,99.4925925925926,0.3655555555555555,0.9766666666666667,97.66703703703705,97.28740740740741,7.752222222222223,0.9940740740740741,20.174814814814816,63279.359999999906
2026-07-27,1700,99.50185185185185,99.51592592592591,0.36074074074074075,0.9725925925925926,97.32333333333334,95.1211111111111,7.815185185185185,0.942962962962963,21.192222222222224,113814.72000000025
2026-07-28,1700,99.61851851851851,99.5637037037037,0.29555555555555557,0.9733333333333334,97.37481481481481,97.96185185185185,8.044444444444444,1.0007407407407407,21.701851851851853,47545.92000000017
2026-07-29,1700,99.53296296296296,99.61333333333333,0.2625925925925926,0.9725925925925926,97.36777777777777,99.53407407407407,9.894074074074073,1.2481481481481482,20.924444444444447,10869.119999999983
2026-07-30,1700,99.72444444444444,99.60148148148147,0.2562962962962963,0.9751851851851852,97.6574074074074,97.83444444444446,10.287407407407407,1.2996296296296297,20.50888888888889,50518.0799999997
2026-07-31,1700,99.6962962962963,99.55259259259259,0.26333333333333336,0.9755555555555555,97.71518518518518,100.0,10.322962962962963,1.2866666666666668,18.233333333333334,0.0
2026-08-01,1700,99.61666666666667,99.56592592592594,0.2788888888888889,0.977037037037037,97.80148148148147,100.0,10.047407407407409,1.2003703703703703,18.72888888888889,0.0
2026-08-02,1700,99.61592592592594,99.55037037037037,0.2985185185185185,0.9774074074074074,97.87444444444445,99.96148148148148,9.484444444444444,1.1655555555555555,19.734074074074076,898.5599999999298
2026-08-03,1700,99.59407407407407,99.5637037037037,0.29962962962962963,0.98,98.04333333333334,96.97962962962963,8.27,1.102962962962963,20.267777777777777,70459.20000000007
2026-08-04,1700,99.5132,99.4884,0.43119999999999997,0.9736,97.36959999999999,98.63959999999999,8.0896,0.848,19.328400000000002,29384.64000000037
2026-08-05,1700,99.54111111111112,99.51555555555557,0.33925925925925926,0.9781481481481481,97.85814814814815,95.09296296296297,7.995185185185186,1.047037037037037,21.611851851851853,114471.35999999988
2026-08-06,1700,99.52962962962964,99.53703703703704,0.3185185185185185,0.9822222222222222,98.25148148148148,98.97888888888889,8.045185185185185,1.037037037037037,20.95777777777778,23820.47999999988
2026-08-07,1700,99.60370370370372,99.58111111111111,0.23703703703703705,0.981111111111111,98.27666666666666,99.38111111111111,8.325555555555555,1.228888888888889,19.736296296296295,14437.44000000005
2026-08-08,1700,99.59148148148148,99.57777777777777,0.26481481481481484,0.98,98.11259259259259,99.53037037037038,8.682962962962963,1.1592592592592592,19.182592592592595,10955.519999999771
2026-08-09,1700,99.54592592592591,99.5262962962963,0.33296296296296296,0.9814814814814815,98.17074074074074,99.99296296296296,8.64074074074074,1.011111111111111,19.57814814814815,164.16000000003947
2026-08-10,1700,99.36259259259259,99.46222222222222,0.4125925925925926,0.9803703703703703,98.07962962962964,96.56851851851852,6.144814814814815,0.7525925925925926,20.843333333333334,80049.59999999996
2026-08-11,1700,99.55222222222221,99.58370370370369,0.2962962962962963,0.981111111111111,98.23925925925926,99.24074074074075,7.837407407407408,1.0718518518518518,19.910370370370373,17711.999999999745
2026-08-12,1700,98.70296296296296,99.48037037037037,0.4055555555555555,0.9781481481481481,97.90148148148148,73.06888888888889,7.304814814814814,0.9692592592592592,15.17222222222222,628248.9599999998
2026-08-13,1700,99.47222222222223,99.47851851851853,0.3592592592592592,0.9762962962962963,97.70888888888888,90.42185185185184,7.6462962962962955,1.0318518518518518,18.140740740740743,223439.0400000002
2026-08-14,1700,99.57074074074073,99.56407407407407,0.27555555555555555,0.9792592592592593,98.00185185185185,97.85925925925925,8.45111111111111,1.177037037037037,17.804814814814815,49939.20000000031
2026-08-15,1700,99.5288888888889,99.51851851851852,0.3288888888888889,0.9781481481481481,97.86555555555555,96.36888888888889,6.892592592592592,0.9885185185185186,19.784814814814816,84706.55999999991
2026-08-16,1700,99.11259259259259,99.43629629629629,0.48333333333333334,0.9725925925925926,97.21814814814815,86.79666666666668,5.132962962962963,0.6285185185185185,25.607037037037035,308007.35999999975
2026-08-17,1700,95.23962962962963,99.12592592592593,0.9170370370370371,0.9418518518518518,94.23518518518519,76.12666666666667,4.345925925925926,0.5344444444444444,33.903333333333336,556917.12
2026-08-18,1700,99.3785185185185,99.50074074074074,0.35370370370370374,0.9762962962962963,97.62814814814816,96.66888888888889,6.003333333333334,0.9148148148148147,21.62777777777778,77708.16000000016
2026-08-19,1700,99.58592592592593,99.5625925925926,0.2762962962962963,0.9792592592592593,97.99666666666666,94.10592592592593,7.350740740740741,1.057037037037037,20.288148148148146,137496.96
2026-08-20,1700,99.6225925925926,99.5925925925926,0.25666666666666665,0.9807407407407408,98.17074074074074,98.17925925925927,8.898518518518518,1.2714814814814814,20.006296296296295,42474.23999999984
2026-08-21,1700,99.63222222222223,99.62518518518519,0.24851851851851853,0.9822222222222222,98.31814814814815,97.09555555555555,8.872222222222222,1.2607407407407407,18.745555555555555,67754.88000000022
2026-08-22,1700,99.50851851851851,99.53148148148148,0.3496296296296296,0.9822222222222222,98.19555555555556,97.56444444444443,7.597407407407407,1.0433333333333334,19.38037037037037,56816.640000000305
2026-08-23,1700,99.50481481481482,99.56333333333333,0.33222222222222225,0.9825925925925927,98.25222222222222,96.73037037037037,7.194444444444445,0.9981481481481481,21.00185185185185,76273.92000000009
2026-08-24,1700,99.34407407407407,99.51111111111112,0.3788888888888889,0.9803703703703703,98.02814814814816,98.41740740740741,7.035185185185185,0.8662962962962963,21.26148148148148,36918.719999999965
2026-08-25,1700,99.3037037037037,99.45148148148148,0.48148148148148145,0.977037037037037,97.72777777777777,94.33333333333333,6.41962962962963,0.7207407407407408,20.835185185185182,132192.0000000002
2026-08-26,1700,99.29923076923077,99.5,0.34423076923076923,0.9773076923076923,97.8153846153846,97.05000000000001,7.068076923076924,1.041923076923077,20.747307692307693,66268.79999999968
2026-08-27,1700,99.48115384615383,99.50730769230769,0.3676923076923077,0.9776923076923076,97.80538461538461,98.14961538461537,6.75,0.9973076923076923,21.309615384615384,41567.04000000024
2026-08-28,1700,99.47961538461537,99.51461538461538,0.36576923076923074,0.9807692307692307,98.08500000000001,99.01769230769231,6.345769230769231,1.001923076923077,20.802692307692308,22066.559999999776
2026-08-29,1700,99.40961538461539,99.53346153846154,0.36538461538461536,0.9773076923076923,97.75461538461538,97.75615384615384,6.628076923076923,0.9923076923076923,20.586923076923078,50405.760000000206
2026-08-30,1700,99.49499999999999,99.54346153846154,0.3392307692307692,0.9792307692307692,97.95576923076922,98.61653846153847,6.628461538461538,0.9973076923076923,20.665384615384614,31078.07999999976
2026-08-31,1700,94.72038461538462,99.0596153846154,0.9857692307692307,0.9380769230769231,93.74923076923076,72.62615384615384,4.503846153846154,0.6092307692307692,29.441153846153846,614926.0800000001
2026-09-01,1700,99.36923076923077,99.44153846153846,0.4707692307692308,0.9719230769230769,97.08,93.35730769230769,5.1557692307692315,0.5965384615384616,22.86423076923077,149221.44000000006
2026-09-02,1700,99.39629629629628,99.56222222222222,0.31777777777777777,0.9785185185185185,97.82555555555555,90.97185185185184,7.901481481481482,1.1011111111111112,20.2,210608.64000000033
2026-09-03,1700,99.55111111111111,99.57703703703703,0.2955555555555555,0.98,98.10814814814815,99.72851851851853,8.766666666666666,1.2774074074074075,19.951481481481483,6333.119999999792
2026-09-04,1700,99.64777777777778,99.6214814814815,0.23592592592592593,0.981111111111111,98.1337037037037,99.49814814814815,9.448518518518519,1.4259259259259258,18.515925925925927,11707.200000000033
2026-09-05,1700,99.65592592592593,99.62074074074074,0.2537037037037037,0.9818518518518518,98.26814814814814,99.36,9.387777777777778,1.2622222222222221,19.206666666666667,14929.91999999991
2026-09-06,1700,99.59333333333333,99.62333333333333,0.2544444444444445,0.9818518518518518,98.25444444444445,99.53851851851852,9.304444444444444,1.3103703703703704,20.462222222222223,10765.44000000008
2026-09-07,1700,99.65629629629629,99.62333333333333,0.2518518518518518,0.9822222222222222,98.28999999999999,99.5537037037037,9.641481481481481,1.4274074074074075,19.892222222222223,10411.200000000092
2026-09-08,1700,99.64037037037036,99.60444444444445,0.26740740740740737,0.98,98.04925925925926,99.99925925925926,9.164074074074074,1.3674074074074074,20.02740740740741,17.279999999854212
2026-09-09,1700,99.60074074074073,99.59111111111112,0.27037037037037037,0.9807407407407408,98.1351851851852,97.18518518518519,8.755925925925926,1.3044444444444443,19.982222222222223,65663.99999999999
2026-09-10,1700,99.53925925925925,99.5551851851852,0.32333333333333336,0.9814814814814815,98.19296296296297,99.40592592592593,7.412962962962963,1.1188888888888888,20.26148148148148,13858.559999999883
2026-09-11,1700,99.55777777777777,99.55814814814815,0.3318518518518519,0.9796296296296296,97.99925925925926,99.46814814814815,8.044814814814815,1.1137037037037036,18.62,12407.039999999957
2026-09-12,1700,99.59296296296297,99.58703703703704,0.2759259259259259,0.9792592592592593,97.9774074074074,99.00111111111111,8.667777777777777,1.328888888888889,18.70962962962963,23302.079999999853
2026-09-13,1700,99.64555555555555,99.63185185185185,0.24666666666666667,0.981111111111111,98.20666666666666,98.74111111111112,9.490370370370371,1.4022222222222223,19.133333333333333,29367.359999999702
2026-09-14,1700,99.66222222222223,99.63074074074073,0.2366666666666667,0.9818518518518518,98.33185185185185,99.90592592592593,10.107407407407406,1.4737037037037037,18.862962962962964,2194.5599999998735
2026-09-15,1700,99.6648148148148,99.65777777777778,0.24037037037037037,0.9822222222222222,98.36148148148148,99.90481481481481,9.908148148148147,1.5429629629629629,18.53925925925926,2220.480000000043
2026-09-16,1700,99.68074074074075,99.67703703703704,0.22444444444444442,0.9822222222222222,98.31333333333333,98.75925925925925,9.63037037037037,1.537777777777778,19.24777777777778,28944.000000000036
2026-09-17,1700,99.6511111111111,99.65629629629629,0.24555555555555555,0.9807407407407408,98.17925925925927,99.62037037037037,9.542222222222222,1.4844444444444445,18.41296296296296,8856.000000000004
2026-09-18,1700,99.61925925925925,99.60666666666667,0.25703703703703706,0.9785185185185185,97.91296296296296,99.67185185185184,8.862222222222222,1.3622222222222222,17.815925925925924,7655.040000000164
2026-09-19,1700,99.65148148148148,99.63222222222223,0.2588888888888889,0.9792592592592593,97.98444444444443,99.98666666666666,9.096296296296297,1.3862962962962964,18.538888888888888,311.03999999996574
2025-09-20,3500,99.71706611570248,99.67681818181819,0.1933884297520661,0.98298755186722,98.38572614107883,89.8590612244898,12.579669421487605,1.2772314049586775,15.942520661157026,2146633.9199999967
2025-09-21,3500,99.69197530864199,99.66868312757202,0.17864197530864198,0.9838429752066116,98.4906611570248,90.24065040650407,12.852880658436215,1.3765020576131688,16.331687242798353,2074291.1999999979
2025-09-22,3500,99.71210743801653,99.67619834710743,0.1862809917355372,0.9837759336099585,98.44485477178422,90.61906122448978,12.800371900826446,1.3084297520661157,16.25495867768595,1985757.1200000027
2025-09-23,3500,99.68736625514403,99.65094650205761,0.1957201646090535,0.9838016528925619,98.46376033057851,90.08569105691058,12.187942386831276,1.2705761316872428,16.178189300411525,2107226.879999998
2025-09-24,3500,99.55045267489712,99.62164609053498,0.3194238683127572,0.9781404958677686,97.87504132231405,90.25910569105692,12.066460905349794,1.0763786008230454,16.473333333333333,2070368.6399999985
2025-09-25,3500,99.61872427983539,99.65057613168725,0.291522633744856,0.9802479338842975,98.05301652892562,89.66093495934959,12.300740740740741,1.2081069958847737,16.55650205761317,2197506.24
2025-09-26,3500,99.35417355371901,99.62892561983472,0.2947520661157025,0.9744813278008299,97.4601244813278,89.68057142857144,12.004545454545454,1.1842148760330578,15.720537190082645,2184416.639999997
2025-09-27,3500,99.6296265560166,99.64601659751037,0.26639004149377593,0.978,97.83,87.93755102040816,11.763875,1.2056666666666667,16.312603305785125,2553379.1999999993
2025-09-28,3500,99.64533613445379,99.65974789915967,0.2549159663865546,0.9807142857142856,98.13697478991595,90.15793388429752,12.283067226890756,1.1901680672268906,16.472384937238495,2057857.919999999
2025-09-29,3500,99.53859504132231,99.64838842975206,0.2778099173553719,0.980954356846473,98.15344398340248,89.82330612244898,12.896556016597511,1.165082644628099,16.02809917355372,2154202.559999998
2025-09-30,3500,99.71267489711934,99.67172839506172,0.23835390946502058,0.9822314049586777,98.30628099173553,90.59930894308943,13.326913580246913,1.2889300411522633,15.933045267489712,1998060.4800000002
2025-10-01,3500,99.71576131687243,99.65617283950617,0.2079835390946502,0.9839669421487603,98.42520661157026,90.46630081300813,12.892510288065845,1.3739506172839506,15.982798353909466,2026330.5600000008
2025-10-02,3500,99.6756378600823,99.66633744855966,0.22987654320987655,0.9826033057851239,98.32537190082645,90.53264227642276,13.339670781893004,1.3216049382716049,15.873127572016461,2012230.080000001
2025-10-03,3500,99.70477366255143,99.67020576131688,0.21016460905349793,0.9854545454545454,98.6144214876033,90.27126016260162,12.82761316872428,1.4962139917695472,15.385596707818928,2067785.2800000017
2025-10-04,3500,99.71282157676349,99.67053941908713,0.1673858921161826,0.9879583333333333,98.8465,90.94500000000001,13.20207468879668,1.4596680497925312,15.95609958506224,1908938.879999998
2025-10-05,3500,99.68265560165975,99.6686307053942,0.2045228215767635,0.9866666666666667,98.70958333333333,90.1849387755102,13.132904564315353,1.2754771784232364,16.067438016528925,2077652.1600000001
2025-10-06,3500,99.70275,99.69475000000001,0.19454166666666667,0.986652719665272,98.72129707112971,91.24864197530863,13.52675,1.3318333333333332,15.814333333333334,1837365.1200000024
2025-10-07,3500,99.70220833333333,99.68654166666667,0.215,0.9863598326359833,98.68200836820084,91.360987654321,13.607125,1.2526249999999999,15.736583333333334,1813777.9199999992
2025-10-08,3500,99.69250000000001,99.67558333333334,0.20091666666666666,0.9870292887029289,98.74255230125523,91.21600823045269,13.73525,1.3675416666666667,15.634833333333335,1844216.6399999983
2025-10-09,3500,99.71633333333332,99.66662500000001,0.17829166666666665,0.9868619246861924,98.71502092050208,91.46127572016461,13.68525,1.4934583333333333,15.558416666666666,1792722.2400000012
2025-10-10,3500,99.81816666666667,99.62087866108786,0.11209205020920501,0.9844769874476987,98.48309623430961,42.97148148148148,17.330041841004185,1.652887029288703,11.182791666666667,11973251.519999998
2025-10-13,3500,99.71958333333333,99.65708333333333,0.18841666666666665,0.9872803347280336,98.76401673640167,91.58028806584362,13.4985,1.4329583333333333,15.650041666666668,1767735.3600000008
2025-10-14,3500,99.687875,99.62516666666667,0.2435,0.9851046025104603,98.57966527196653,91.48921810699589,12.969916666666668,1.272125,15.659458333333333,1786855.6799999978
2025-10-15,3500,99.69191666666667,99.63320833333334,0.20666666666666667,0.9872803347280336,98.79669456066945,91.43510288065843,12.554708333333334,1.2928333333333333,15.732541666666666,1798217.28
2025-10-16,3500,99.70471074380166,99.64396694214877,0.21603305785123966,0.9874273858921162,98.80564315352697,91.09755102040818,12.703264462809917,1.3517355371900828,15.66285123966942,1884470.3999999978
2025-10-17,3500,99.32111570247933,99.6101652892562,0.25483471074380165,0.9847717842323651,98.51029045643153,91.33289795918368,12.69384297520661,1.4520661157024792,15.061611570247933,1834652.159999999
2025-10-18,3500,99.72801652892562,99.66115702479338,0.1747520661157025,0.9875103734439834,98.79448132780084,90.8569387755102,12.757355371900827,1.429586776859504,15.597066115702479,1935403.2000000011
2025-10-19,3500,99.70668049792532,99.6495020746888,0.21609958506224067,0.9759583333333333,97.62758333333333,89.87477551020407,12.184315352697096,1.428838174273859,15.72793388429752,2143307.5200000014
2025-10-20,3500,99.69954356846473,99.66755186721993,0.18311203319502076,0.9875416666666667,98.84108333333333,90.33209016393442,13.000995850622406,1.4211618257261411,15.757603305785125,2038150.0800000012
2025-10-21,3500,99.70152892561984,99.62305785123966,0.18999999999999997,0.9869709543568465,98.7816182572614,86.45575510204081,12.73710743801653,1.39599173553719,15.576776859504132,2867045.760000001
2025-10-22,3500,99.60115702479338,99.60078512396694,0.22950413223140495,0.9865145228215768,98.71755186721992,91.05357723577237,12.031157024793389,1.3945867768595042,15.719752066115701,1901508.4799999984
2025-10-23,3500,99.69413223140495,99.64553719008265,0.18764462809917357,0.9870539419087137,98.78215767634855,91.45804081632653,12.709793388429752,1.4253719008264463,15.239917355371901,1808161.919999999
2025-10-24,3500,99.67285123966943,99.63747933884298,0.18570247933884296,0.9865145228215768,98.69489626556017,91.35795918367347,12.259338842975206,1.4238429752066115,14.98495867768595,1829347.1999999986
2025-10-25,3500,99.69272727272727,99.6395041322314,0.1891322314049587,0.9863070539419087,98.70539419087137,91.21710204081631,12.628884297520662,1.4502066115702479,15.42504132231405,1859163.840000003
2025-10-26,3500,99.26838842975206,99.56512396694214,0.38214876033057854,0.9798755186721992,98.05726141078839,90.33569105691058,12.118842975206613,1.1830165289256198,15.842520661157025,2054090.8799999994
2025-10-27,3500,99.69570247933885,99.65694214876032,0.19297520661157025,0.983402489626556,98.3897510373444,91.38175510204081,12.967314049586777,1.4800000000000002,15.810165289256197,1824310.0799999996
2025-10-28,3500,99.71342975206612,99.66694214876034,0.19698347107438016,0.9839834024896265,98.4559336099585,91.38469387755102,13.189462809917355,1.4373966942148761,15.72095041322314,1823688.0000000012
2025-10-29,3500,99.70489711934157,99.65493827160495,0.22444444444444445,0.9834297520661157,98.38111570247933,90.94146341463414,13.066954732510288,1.4078600823045269,15.593539094650206,1925337.6000000017
2025-10-30,3500,99.72403292181069,99.65847736625514,0.20205761316872428,0.9845867768595041,98.51078512396694,91.09556910569106,12.969794238683127,1.438477366255144,15.54366255144033,1892583.3600000006
2025-10-31,3500,99.7204132231405,99.65694214876032,0.18276859504132234,0.9853305785123967,98.57173553719008,91.4690243902439,12.905578512396694,1.4649999999999999,14.843086419753085,1813207.68
2025-11-01,3500,99.71637860082303,99.6654732510288,0.19016460905349794,0.9853719008264463,98.57987603305784,91.39276422764227,12.968724279835392,1.4631687242798355,15.442098765432098,1829416.32
2025-11-02,3500,99.70205761316872,99.65395061728395,0.19213991769547323,0.9852066115702479,98.5903305785124,91.42085365853659,13.134732510288066,1.4896707818930042,15.597119341563786,1823446.0800000005
2025-11-03,3500,99.72197530864197,99.6588888888889,0.19823045267489714,0.9852892561983471,98.59913223140497,91.29910569105692,13.16687242798354,1.4672427983539096,15.660123456790123,1849322.8799999969
2025-11-04,3500,99.70814814814815,99.65460905349794,0.2017283950617284,0.985,98.55165289256199,90.88166666666666,12.587448559670781,1.4748559670781893,15.642345679012346,1938047.0400000012
2025-11-05,3500,99.71404958677685,99.65636363636364,0.2103305785123967,0.9834439834024896,98.41244813278009,86.57783673469388,12.683760330578512,1.436115702479339,15.499834710743801,2841203.5199999996
2025-11-06,3500,99.71652892561984,99.66289256198348,0.20632231404958679,0.9833609958506224,98.38228215767636,90.0049387755102,12.624132231404959,1.430578512396694,15.29396694214876,2115754.5600000005
2025-11-07,3500,99.7250826446281,99.65545454545455,0.17669421487603304,0.9825311203319502,98.28477178423238,90.98604081632654,12.500165289256199,1.4409917355371902,14.749752066115702,1908074.8799999978
2025-11-08,3500,99.72286307053942,99.65792531120333,0.1749377593360996,0.9846666666666667,98.48608333333333,91.6241393442623,12.542323651452282,1.4340248962655602,15.338921161825725,1765765.4399999988
2025-11-09,3500,99.72599173553718,99.6595041322314,0.17739669421487603,0.9855186721991701,98.61771784232364,91.43314285714285,12.520909090909091,1.4515702479338841,15.740289256198347,1813432.32
2025-11-10,3500,99.71297520661157,99.66169421487604,0.17896694214876033,0.9851867219917013,98.59286307053942,91.3460569105691,12.750743801652892,1.472520661157025,15.711399176954732,1839343.6799999997
2025-11-11,3500,99.69740740740741,99.6638683127572,0.17802469135802468,0.9851239669421488,98.55103305785123,91.3989837398374,13.075925925925926,1.4499588477366254,15.665637860082304,1828094.399999999
2025-11-12,3500,99.71251028806584,99.66794238683129,0.1853909465020576,0.9849586776859504,98.52661157024792,91.51585365853659,13.415843621399178,1.4733333333333332,15.649506172839505,1803254.4000000004
2025-11-13,3500,99.70456790123457,99.6580658436214,0.18131687242798356,0.9848760330578512,98.57809917355372,91.39317073170731,13.020905349794239,1.5161728395061729,15.64641975308642,1829329.9199999997
2025-11-14,3500,99.7188796680498,99.63356846473029,0.18099585062240664,0.984625,98.54379166666666,91.42040816326531,12.672448132780083,1.486182572614108,14.861570247933884,1816127.9999999993
2025-11-15,3500,99.68780082987551,99.63933609958507,0.18012448132780084,0.9837916666666666,98.44029166666665,91.24534693877551,12.521535269709544,1.4825311203319502,15.521239669421487,1853184.9600000007
2025-11-16,3500,99.68888429752066,99.6393388429752,0.1846694214876033,0.9842323651452282,98.49485477178422,91.45832653061225,12.391694214876033,1.4067768595041321,15.858595041322316,1808101.4399999978
2025-11-17,3500,99.68371900826446,99.63789256198346,0.1847520661157025,0.9826970954356846,98.32510373443982,91.52563265306122,12.560743801652892,1.3490495867768597,15.875206611570249,1793854.0800000015
2025-11-18,3500,99.70360995850622,99.64373443983402,0.18000000000000002,0.987375,98.84758333333333,91.82606557377049,12.650290456431534,1.3994190871369294,15.958340248962656,1723196.1600000008
2025-11-19,3500,99.71158333333332,99.65337500000001,0.196875,0.9877824267782426,98.8468619246862,91.73139344262295,12.433708333333334,1.4419583333333332,16.059375,1743154.5600000015
2025-11-20,3500,99.69195833333333,99.643625,0.19666666666666668,0.9880334728033472,98.85251046025104,91.59590163934426,12.266208333333333,1.40625,15.974708333333332,1771718.400000001
2025-11-21,3500,99.71479166666667,99.64670833333334,0.17545833333333333,0.9884937238493724,98.88414225941423,91.60827868852458,12.237458333333333,1.5107916666666665,15.333583333333333,1769109.120000002
2025-11-22,3500,99.72741666666667,99.64983333333333,0.17466666666666666,0.9879916317991632,98.84518828451883,91.71672131147541,12.412083333333333,1.49625,15.763083333333332,1746247.6799999992
2025-11-23,3500,99.736375,99.63633333333334,0.17425,0.9889539748953974,98.92029288702929,91.45142857142856,12.46625,1.4493333333333331,15.719958506224067,1809561.6000000022
2025-11-24,3500,99.73970954356847,99.6241908713693,0.17730290456431533,0.9898333333333333,99.00895833333334,91.38922448979592,13.061659751037345,1.4195435684647304,15.566390041493776,1822728.9600000002
2025-11-25,3500,99.74206611570249,99.62326446280993,0.17111570247933885,0.9892116182572614,98.99074688796681,91.32256097560976,12.463966942148762,1.427685950413223,15.750289256198348,1844337.5999999999
2025-11-26,3500,99.71586776859505,99.63061983471074,0.2228395061728395,0.9873443983402489,98.7991286307054,90.97849593495934,12.242479338842974,1.3108677685950414,15.923292181069959,1917466.5600000028
2025-11-27,3500,99.67301652892561,99.64727272727272,0.17378600823045265,0.9889626556016597,98.97435684647303,91.2989837398374,12.446337448559671,1.456008230452675,15.901316872427984,1849348.8000000014
2025-11-28,3500,99.73551867219916,99.63659751037343,0.1579668049792531,0.9890871369294606,98.95319502074689,91.41772357723576,12.10863070539419,1.462033195020747,15.290495867768596,1824111.3600000015
2025-11-29,3500,99.73570247933884,99.63272727272727,0.17706611570247935,0.98850622406639,98.88286307053941,90.82333333333334,12.254586776859504,1.4351652892561984,15.721570247933883,1950445.44
2025-11-30,3500,99.72962962962963,99.62316872427984,0.1817695473251029,0.9870247933884297,98.78012396694216,90.8691056910569,12.632304526748971,1.429341563786008,15.712633744855967,1940716.800000001
2025-12-01,3500,99.72442148760331,99.62471074380166,0.1806198347107438,0.9837759336099585,98.45041493775933,90.7370731707317,12.750785123966942,1.4136776859504132,15.685267489711935,1968779.5199999998
2025-12-02,3500,99.7251440329218,99.60242798353909,0.18621399176954734,0.9857851239669422,98.65285123966943,87.1839430894309,12.37111111111111,1.4236625514403292,15.87514403292181,2723976.0000000005
2025-12-03,3500,99.6544214876033,99.62834710743802,0.18570247933884296,0.988298755186722,98.92987551867219,90.42719512195121,11.986528925619833,1.3977272727272727,15.947078189300411,2034642.240000002
2025-12-04,3500,99.71165975103733,99.66473029045643,0.1842323651452282,0.9877916666666666,98.8605,91.25367346938776,11.69195020746888,1.4768049792531122,16.100829875518674,1851422.399999998
2025-12-05,3500,99.71409090909091,99.64425619834711,0.18673553719008262,0.9873858921161826,98.8078838174274,90.94979591836734,12.07297520661157,1.4133609958506224,15.394338842975205,1915747.200000002
2025-12-06,3500,99.70170124481328,99.64336099585061,0.1786721991701245,0.9879583333333333,98.84283333333333,90.83591836734693,11.58954356846473,1.4468049792531121,16.034564315352696,1939852.8000000007
2025-12-07,3500,99.72785123966942,99.6390082644628,0.18863636363636363,0.9880912863070539,98.89091286307054,91.20646341463414,12.549669421487604,1.3844628099173555,15.964214876033058,1869013.4400000009
2025-12-08,3500,99.7142561983471,99.60735537190082,0.23954545454545453,0.984896265560166,98.53336099585063,90.86280487804878,11.993305785123967,1.215413223140496,15.977818930041153,1942056.0000000012
2025-12-09,3500,99.71288702928871,99.62928870292887,0.246375,0.9834033613445379,98.40731092436974,91.45300411522635,12.174518828451882,1.2567364016736402,16.076291666666666,1794458.8799999987
2025-12-10,3500,99.6844769874477,99.63673640167364,0.25316666666666665,0.984327731092437,98.48920168067227,90.16349593495936,12.110878661087867,1.1982426778242679,15.73037037037037,2090689.919999998
2025-12-11,3500,99.71690082644629,99.63925619834711,0.19309917355371903,0.9881327800829875,98.8748132780083,91.15731707317073,12.4752479338843,1.522107438016529,15.780454545454544,1879459.2000000004
2025-12-12,3500,99.70161157024793,99.6502479338843,0.17276859504132233,0.9880082987551867,98.88344398340249,91.56150406504065,12.358429752066115,1.4482644628099175,15.027727272727272,1793551.679999999
2025-12-13,3500,99.73351239669421,99.63376033057851,0.18148760330578514,0.9886721991701245,98.93535269709542,91.67382113821138,12.431570247933884,1.4391735537190082,15.645000000000001,1769679.3600000015
2025-12-14,3500,99.7205785123967,99.62900826446281,0.1818595041322314,0.9884647302904565,98.90896265560167,91.529918699187,12.594421487603306,1.377603305785124,15.869835390946502,1800264.959999999
2025-12-15,3500,99.72502057613168,99.6414403292181,0.17794238683127572,0.98900826446281,98.98462809917355,91.61349593495935,12.770452674897118,1.4207407407407409,15.76769547325103,1782501.1200000013
2025-12-16,3500,99.72012345679013,99.63362139917696,0.18679012345679014,0.9868181818181818,98.77690082644628,90.32678861788618,12.493786008230453,1.3774074074074074,16.051358024691357,2055983.0400000003
2025-12-17,3500,99.70191666666666,99.60012499999999,0.27283333333333337,0.9844769874476987,98.50225941422595,91.67925925925927,12.095916666666666,1.137,16.058958333333333,1746956.1599999974
2025-12-18,3500,99.70157676348549,99.47427385892117,0.21995850622406637,0.9865416666666668,98.73170833333333,91.05282786885246,12.037676348547718,1.3088381742738588,16.043195020746886,1886207.0399999998
2025-12-19,3500,99.72248962655601,99.35473029045644,0.2429460580912863,0.9837759336099585,98.42979253112034,91.20081632653061,11.792655601659751,1.2776763485477178,15.375619834710744,1862611.2000000007
2025-12-20,3500,99.72794238683127,99.40362139917696,0.2509876543209877,0.9833333333333333,98.38497942386832,90.70341463414634,12.321810699588477,1.3320164609053498,15.459053497942387,1975933.4400000004
2025-12-21,3500,99.70230452674897,99.39761316872428,0.24522633744855968,0.984504132231405,98.53330578512397,91.81869918699188,12.26201646090535,1.4332098765432097,15.84835390946502,1738886.3999999976
2025-12-22,3500,99.73316872427984,99.4561316872428,0.21958847736625514,0.9867489711934156,98.73065843621399,91.11585365853658,12.44053497942387,1.4767901234567902,15.695061728395062,1888272.0000000005
2025-12-23,3500,99.73304526748971,99.50703703703704,0.19300411522633745,0.9863374485596708,98.70037037037036,91.59353658536585,12.340617283950618,1.5820164609053498,15.801522633744856,1786743.36
2025-12-24,3500,99.69407407407407,99.46078189300412,0.358641975308642,0.9846280991735538,98.52971074380164,91.4710569105691,12.631280991735537,1.5178512396694215,15.458148148148148,1812775.6800000004
2025-12-25,3500,99.64069958847736,99.34246913580247,0.580082304526749,0.9838429752066116,98.44512396694215,91.29873983739839,12.90633744855967,1.5356378600823046,15.319053497942388,1849400.6399999964
2025-12-26,3500,99.63871369294606,99.3458091286307,0.5222821576763486,0.9828215767634854,98.33348547717841,91.6197142857143,12.242904564315353,1.4709128630705395,15.033512396694215,1773938.8799999985
2025-12-27,3500,99.73279835390946,99.49065843621399,0.18954732510288066,0.9819834710743801,98.25991735537191,91.21540650406504,12.535473251028806,1.6208641975308642,15.511810699588477,1867112.6399999992
2025-12-28,3500,99.73144032921812,99.47860082304527,0.3414814814814815,0.9799586776859505,98.05772727272728,91.47747967479674,12.839465020576132,1.5605349794238683,15.63880658436214,1811410.5600000026
2025-12-29,3500,99.73325102880659,99.53168724279836,0.19308641975308644,0.9843388429752067,98.49805785123966,91.36028455284553,12.749876543209876,1.6611522633744857,15.649876543209876,1836319.6800000002
2025-12-30,3500,99.74588477366255,99.5114403292181,0.19534979423868312,0.9868181818181818,98.75545454545454,91.25658536585365,13.052469135802468,1.7192592592592595,15.74082304526749,1858360.3200000022
2025-12-31,3500,99.73814814814814,99.48921810699589,0.19452674897119343,0.9863636363636363,98.6952479338843,91.38837398373984,13.003168724279835,1.757530864197531,15.809135802469136,1830349.4400000006
2026-01-01,3500,99.73444444444445,99.50152263374486,0.23625514403292183,0.9811570247933884,98.1709917355372,91.21617886178862,12.793744855967079,1.6770781893004114,15.866584362139918,1866948.4799999993
2026-01-02,3500,99.7462962962963,99.47648760330578,0.18764462809917357,0.9803734439834025,98.09497925311203,91.48276422764226,13.052892561983471,1.7243801652892563,14.85814814814815,1810287.3600000022
2026-01-03,3500,99.7427572016461,99.52285123966942,0.2097933884297521,0.9805809128630705,98.12302904564316,91.13065040650406,12.540743801652892,1.646776859504132,15.352880658436215,1885127.0400000021
2026-01-04,3500,99.72020576131686,99.50971193415639,0.2477777777777778,0.9804979253112034,98.11427385892117,91.14182926829268,12.844526748971193,1.7707407407407407,15.80201646090535,1882751.0399999996
2026-01-05,3500,99.73827160493828,99.72246913580247,0.17979423868312755,0.986404958677686,98.70111570247933,91.5570325203252,12.59320987654321,1.8042798353909464,15.94588477366255,1794502.080000001
2026-01-06,3500,99.70477366255143,99.75621399176954,0.20909465020576132,0.9878512396694215,98.83863636363637,91.42349593495935,12.015349794238682,1.703827160493827,16.163703703703703,1822884.4799999993
2026-01-07,3500,99.69761316872429,99.75341563786007,0.20452674897119344,0.9875619834710744,98.80809917355373,91.17483739837398,11.480493827160494,1.755843621399177,16.18893004115226,1875735.3600000017
2026-01-08,3500,99.7071193415638,99.76222222222222,0.19790123456790124,0.9879338842975206,98.8859090909091,90.89943089430894,11.907777777777778,1.8409053497942385,15.983168724279835,1934271.3600000027
2026-01-09,3500,99.59316872427983,99.77658436213991,0.17477366255144033,0.9881404958677685,98.86714876033058,91.49650406504065,12.225785123966942,1.8590082644628099,15.315020576131689,1807367.0399999998
2026-01-10,3500,99.72226337448559,99.74662551440329,0.26967078189300414,0.986900826446281,98.75239669421488,91.58060975609757,12.221234567901234,1.7157438016528925,15.776748971193415,1789490.879999997
2026-01-11,3500,99.6830864197531,99.70810699588478,0.3269135802469136,0.9841735537190082,98.47185950413223,91.39443089430894,11.697818930041153,1.7145267489711935,16.078765432098766,1829062.08
2026-01-12,3500,99.70677685950413,99.75301652892561,0.24297520661157024,0.9841078838174273,98.46286307053941,90.87130081300813,12.372851239669421,1.7319421487603306,16.014609053497942,1940250.2399999984
2026-01-13,3500,99.72473029045644,99.75775933609958,0.18564315352697097,0.9833333333333333,98.38970833333333,91.73733606557377,12.82103734439834,1.8052697095435684,15.929668049792532,1741901.7599999998
2026-01-14,3500,99.7155601659751,99.73112033195021,0.2595850622406639,0.9797083333333333,97.98120833333334,91.55889344262295,11.700705394190871,1.6751867219917014,15.945892116182574,1779520.320000001
2026-01-15,3500,99.69680497925312,99.68639004149377,0.2100414937759336,0.9774166666666666,97.77020833333333,91.5313524590164,11.679377593360996,1.757676348547718,15.813651452282159,1785326.3999999983
2026-01-16,3500,99.72242677824268,99.65238493723848,0.2733054393305439,0.9776050420168066,97.7703781512605,92.07078512396694,12.339874476987449,1.792133891213389,15.337782426778242,1657903.679999999
2026-01-17,3500,99.71966527196653,99.67941422594143,0.25355648535564856,0.9755042016806722,97.55844537815126,92.34074380165289,12.504058577405857,1.7501673640167366,15.706778242677824,1601458.5600000003
2026-01-18,3500,99.66623430962343,99.57497907949791,0.4373640167364017,0.9760504201680672,97.64563025210084,92.24028925619835,11.95020920502092,1.58907949790795,15.9644769874477,1622462.3999999997
2026-01-19,3500,99.72108786610879,99.65623430962343,0.2862761506276151,0.9728571428571429,97.31126050420168,91.2361316872428,12.546610878661088,1.680836820083682,16.004791666666666,1839991.6799999985
2026-01-20,3500,99.71091286307055,99.65751037344398,0.34481327800829875,0.969375,96.95304166666666,91.52594262295082,11.969419087136929,1.6160165975103733,16.1551867219917,1786466.8800000004
2026-01-21,3500,99.71483333333335,99.67912500000001,0.2690416666666667,0.9665690376569037,96.68142259414226,91.75094650205762,11.694041666666667,1.722625,16.14345833333333,1731905.279999999
2026-01-22,3500,99.68,99.65458333333332,0.35204166666666664,0.9710041841004183,97.12979079497909,90.77596707818931,12.002916666666666,1.7216666666666667,16.035208333333333,1936604.1599999976
2026-01-23,3500,99.69920833333335,99.6045,0.20895833333333333,0.9746861924686192,97.48200836820084,91.80213991769547,11.961208333333333,1.7683333333333333,15.575999999999999,1721157.1200000008
2026-01-24,3500,99.69247899159664,99.72205882352941,0.1907563025210084,0.9708438818565401,97.0661181434599,91.81570247933885,12.049117647058823,1.7485714285714287,15.672092050209205,1711238.399999997
2026-01-25,3500,99.68871369294605,99.73937759336098,0.1854356846473029,0.9727916666666666,97.30737500000001,91.29696721311475,11.769460580912863,1.794149377593361,16.272240663900416,1834738.5599999998
2026-01-26,3500,99.69866666666667,99.70883333333333,0.18366666666666667,0.9712133891213389,97.16280334728033,91.85205761316872,11.346375,1.7604166666666667,16.558833333333332,1710676.7999999998
2026-01-27,3500,99.68921161825726,99.69597510373444,0.20763485477178423,0.9685,96.89566666666666,91.44032786885245,12.368049792531119,1.7657676348547717,16.122157676348547,1804515.840000003
2026-01-28,3500,99.69004149377594,99.70161825726142,0.22344398340248964,0.9705416666666667,97.07370833333333,92.06717213114754,12.237095435684648,1.7535269709543568,16.205145228215766,1672367.039999999
2026-01-29,3500,99.63272727272727,99.58855371900826,0.49454545454545457,0.9656846473029045,96.56049792531121,91.37502040816327,12.23900826446281,1.7018181818181817,16.142479338842975,1825735.68
2026-01-30,3500,99.70817427385892,99.69614107883818,0.24560165975103734,0.9702916666666667,97.06516666666667,92.23377049180328,12.243112033195022,1.8506639004149377,15.425726141078838,1637245.4399999997
2026-01-31,3500,99.56394190871369,99.47908713692945,0.7390871369294606,0.9624583333333334,96.24320833333333,91.3202868852459,10.856846473029046,1.410331950207469,16.401078838174275,1829822.3999999992
2026-02-01,3500,99.70818181818183,99.67611570247934,0.3028512396694215,0.9639834024896266,96.43663900414937,90.83714285714285,11.709917355371902,1.7450826446280991,16.414669421487602,1939593.6000000015
2026-02-02,3500,99.69471074380165,99.7064049586777,0.27438016528925624,0.9614107883817427,96.1403734439834,92.14885714285715,12.584710743801653,1.6746280991735536,16.07706611570248,1661929.9199999976
2026-02-03,3500,99.69838842975206,99.7394214876033,0.1905785123966942,0.9681327800829875,96.79435684647302,91.89755102040817,11.932603305785124,1.6793801652892564,16.18793388429752,1715126.3999999976
2026-02-04,3500,99.70330578512397,99.75698347107438,0.1912809917355372,0.9682157676348548,96.8103734439834,91.53938775510204,11.926322314049587,1.716115702479339,16.704504132231403,1790942.3999999997
2026-02-05,3500,99.69863070539418,99.75207468879668,0.20427385892116182,0.9667083333333333,96.684375,91.86176229508197,12.241659751037343,1.8180497925311203,16.456431535269708,1715670.7199999988
2026-02-06,3500,99.72468879668051,99.74684647302905,0.18477178423236515,0.9722083333333332,97.25104166666667,92.08930327868853,11.876416666666668,1.7951666666666666,15.68195020746888,1667701.4399999992
2026-02-07,3500,99.71232365145228,99.74327800829876,0.1995850622406639,0.9672499999999999,96.73620833333332,92.21840163934426,12.145145228215767,1.772448132780083,16.12473029045643,1640485.4400000004
2026-02-08,3500,99.71410788381742,99.76016597510373,0.17780082987551868,0.9648749999999999,96.46308333333333,92.07729508196722,12.340663900414937,1.8126970954356847,16.129170124481327,1670232.9599999974
2026-02-09,3500,99.7203734439834,99.75539419087137,0.2037344398340249,0.9682916666666667,96.83883333333333,92.19168032786885,12.77195020746888,1.8166390041493776,16.127053941908713,1646118.72
2026-02-10,3500,99.66526970954358,99.75663900414938,0.2203734439834025,0.963,96.309375,89.88266393442622,12.710165975103735,1.8128215767634854,16.07020746887967,2132896.3200000017
2026-02-11,3500,99.57190871369295,99.61643153526971,0.5478838174273859,0.9596666666666667,95.979,92.02372950819672,12.654149377593361,1.614688796680498,16.302074688796683,1681525.4399999985
2026-02-12,3500,99.68954356846473,99.75755186721992,0.21124481327800831,0.9654166666666666,96.54245833333333,91.74877049180328,11.638215767634854,1.7917842323651452,16.51887966804979,1739491.1999999979
2026-02-13,3500,99.70821576763485,99.75419087136929,0.220746887966805,0.9687916666666666,96.88754166666666,91.78827868852458,12.368879668049793,1.8841493775933609,15.494066390041494,1731162.2400000016
2026-02-14,3500,99.7039419087137,99.75551867219916,0.20278008298755185,0.9656666666666667,96.55229166666666,91.9652868852459,12.003360995850622,1.7952916666666667,16.169004149377592,1693846.0800000003
2026-02-15,3500,99.70236514522821,99.75099585062242,0.20892116182572615,0.96625,96.63225000000001,82.59618852459018,12.333360995850622,1.8002489626556017,16.681244813278006,3669001.9199999976
2026-02-16,3500,99.66593360995851,99.72572614107884,0.27630705394190874,0.9625,96.282375,91.86536885245903,12.603278008298755,1.759875518672199,16.406182572614107,1714910.3999999976
2026-02-17,3500,99.7061825726141,99.7546887966805,0.180746887966805,0.9659166666666666,96.59029166666666,92.04569672131149,12.450207468879668,1.9009958506224065,16.109668049792532,1676894.3999999976
2026-02-18,3500,99.7269547325103,99.74979423868314,0.28584362139917696,0.9650826446280991,96.51334710743801,92.41643442622951,13.393991769547323,1.8361316872427984,15.990452674897119,1598736.9599999995
2026-02-19,3500,99.76422131147541,99.76536885245902,0.1867622950819672,0.9705761316872428,97.09069958847736,81.45334693877551,13.976926229508196,1.8854508196721311,14.59077868852459,3925955.520000001
2026-02-20,3500,99.44798353909465,99.5124279835391,0.7064197530864197,0.9684297520661156,96.83528925619835,92.4794693877551,13.314814814814815,1.6130041152263375,14.748971193415638,1591945.9200000009
2026-02-21,3500,99.56460905349795,99.57279835390946,0.5529218106995886,0.9738842975206612,97.36834710743801,92.49163265306123,13.05477366255144,1.754156378600823,15.153333333333334,1589371.199999999
2026-02-22,3500,99.75296296296297,99.75958847736626,0.17469135802469138,0.9728512396694216,97.2960743801653,92.12587755102041,13.324485596707818,1.8565843621399176,15.500534979423868,1666794.2400000002
2026-02-23,3500,99.75131687242798,99.7683950617284,0.16242798353909466,0.9714049586776858,97.18099173553719,92.1122857142857,13.473662551440329,1.8860082304526748,15.346995884773664,1669671.3600000027
2026-02-24,3500,99.70913580246913,99.7501646090535,0.1920576131687243,0.9694214876033057,96.97214876033057,92.37420408163266,13.105596707818929,1.8166255144032921,15.508724279835391,1614228.4799999984
2026-02-25,3500,99.71687242798355,99.74526748971194,0.20975308641975307,0.9685123966942148,96.87611570247934,89.18832653061224,12.533621399176955,1.7073251028806584,15.641893004115227,2288615.0400000014
2026-02-26,3500,99.62151639344263,99.62381147540984,0.4493032786885246,0.9702880658436214,97.06086419753086,92.67555102040815,12.369713114754099,1.4829918032786886,15.577909836065574,1550439.3600000022
2026-02-27,3500,99.64704918032787,99.69270491803279,0.2915163934426229,0.9711934156378601,97.10633744855967,90.17885714285714,12.399139344262295,1.585532786885246,15.078688524590163,2078939.520000001
2026-02-28,3500,99.49803278688525,99.51385245901639,0.6498360655737705,0.9674897119341563,96.75720164609054,92.6924081632653,12.249506172839506,1.4415226337448561,15.494631147540984,1546871.0400000026
2026-03-01,3500,99.21668032786884,99.40098360655738,0.8482786885245901,0.9688477366255144,96.86707818930041,92.27453061224489,12.294590163934426,1.4382786885245902,15.86311475409836,1635327.3600000022
2026-03-02,3500,99.52619834710744,99.62520661157025,0.4437603305785124,0.9684232365145228,96.84385892116183,92.46729508196721,12.233347107438016,1.5908713692946057,15.977695473251028,1588014.7200000018
2026-03-03,3500,99.71704918032786,99.74110655737704,0.20827868852459017,0.9733744855967078,97.37954732510288,92.23934693877551,11.76094262295082,1.6414344262295082,16.085204918032787,1642775.0399999996
2026-03-04,3500,99.61344262295083,99.68159836065574,0.36540983606557376,0.972962962962963,97.30617283950617,91.44048979591837,11.73266393442623,1.5918852459016395,15.96110655737705,1811877.12
2026-03-05,3500,99.70516393442624,99.7355737704918,0.2346311475409836,0.975514403292181,97.55946502057614,92.96126530612244,11.755573770491804,1.7181557377049181,16.1202868852459,1489959.3600000013
2026-03-06,3500,99.62736625514404,99.74893004115226,0.2252263374485597,0.977366255144033,97.73946502057612,88.57751020408163,11.688683127572016,1.7282716049382718,15.603975409836066,2417912.64
2026-03-07,3500,99.55491803278689,99.72729508196721,0.2773360655737705,0.9741393442622951,97.42860655737704,92.49665306122449,11.519795081967214,1.6301229508196722,15.882377049180329,1588308.4800000004
2026-03-08,3500,99.5585655737705,99.7408606557377,0.2509016393442623,0.9729508196721312,97.28963114754097,92.64644897959184,12.25204918032787,1.7015983606557377,16.168401639344264,1556599.6800000006
2026-03-09,3500,99.38745901639345,99.52487704918033,0.6409016393442623,0.9692622950819673,96.94352459016395,92.92162601626016,12.349590163934426,1.5277459016393442,16.0475,1504465.9200000002
2026-03-10,3500,99.42975409836066,99.7132786885246,0.28315573770491803,0.9734156378600822,97.33444444444444,92.61276422764229,11.909016393442624,1.6540163934426229,16.02295081967213,1570112.639999998
2026-03-11,3500,99.6988524590164,99.7414344262295,0.21918032786885247,0.9769135802469135,97.71604938271605,89.4879674796748,11.87155737704918,1.6902868852459016,16.02487704918033,2234269.4400000013
2026-03-12,3500,99.69395918367347,99.7029387755102,0.21326530612244898,0.9723360655737705,97.18790983606557,92.36487804878048,11.972,1.832938775510204,16.152122448979593,1622799.3600000006
2026-03-13,3500,99.69983606557376,99.73938524590164,0.24745901639344264,0.9677366255144033,96.78658436213992,89.94638211382114,11.752909836065573,1.6421311475409837,15.722745901639344,2136836.1599999988
2026-03-14,3500,99.70573770491804,99.74770491803278,0.22204918032786886,0.9722222222222222,97.23267489711934,91.54552845528455,11.729341563786008,1.6553909465020575,15.97622950819672,1796947.2
2026-03-15,3500,99.70902040816325,99.75836734693877,0.2114285714285714,0.9706967213114754,97.05901639344263,92.40065040650407,11.888524590163936,1.6897131147540985,16.35865306122449,1615196.159999999
2026-03-16,3500,99.67362139917695,99.74930041152264,0.23325102880658435,0.9564197530864197,95.62037037037037,90.64783673469388,10.771975308641975,1.6010699588477366,16.60106557377049,1979665.9199999978
2026-03-17,3500,99.68132780082988,99.7544398340249,0.21448132780082987,0.9581742738589211,95.80186721991701,88.34827868852459,10.427053941908714,1.5599585062240664,16.75716049382716,2456369.280000001
2026-03-18,3500,99.68628099173554,99.74157024793388,0.2194214876033058,0.9704979253112033,97.03066390041494,90.59909465020577,11.39344398340249,1.5321161825726142,16.58099173553719,1973738.8799999983
2026-03-19,3500,99.67008230452676,99.7391769547325,0.22510288065843623,0.9734297520661157,97.35814049586777,92.08483606557377,12.020987654320987,1.5425206611570248,16.48777777777778,1668643.1999999997
2026-03-20,3500,99.40008230452675,99.52530864197531,0.6103292181069959,0.971198347107438,97.13599173553719,92.65545081967213,12.380905349794238,1.7355144032921812,17.393827160493828,1548348.4800000014
2026-03-21,3500,99.70065843621398,99.74769547325103,0.2426337448559671,0.9730578512396694,97.34177685950412,92.3377049180328,12.181234567901235,1.7409876543209877,15.955761316872428,1615334.3999999964
2026-03-22,3500,99.7004938271605,99.73646090534979,0.2192181069958848,0.967396694214876,96.73392561983471,92.79168032786885,10.925967078189302,1.7266255144032923,16.39954732510288,1519629.1200000022
2026-03-23,3500,99.39954732510289,99.57506172839507,0.48148148148148145,0.964793388429752,96.44871900826446,92.76946721311475,11.718847736625515,1.58880658436214,16.143703703703704,1524312.0000000002
2026-03-24,3500,99.71257142857142,99.74444897959184,0.20681632653061224,0.9697950819672131,96.99545081967213,92.36711382113822,11.659183673469387,1.6566122448979592,16.464448979591836,1622324.1599999995
2026-03-25,3500,99.70897959183674,99.7414693877551,0.2080408163265306,0.9673360655737705,96.75889344262295,92.7430894308943,11.60465306122449,1.6571836734693877,16.321102040816328,1542412.8000000021
2026-03-26,3500,98.8195081967213,99.03713114754099,1.4127868852459018,0.9594238683127572,95.9764609053498,92.68146341463414,11.39032786885246,1.480122950819672,16.186803278688526,1555511.0400000024
2026-03-27,3500,99.67786885245903,99.71463114754098,0.3031147540983607,0.9704115226337449,97.06144032921812,93.12555102040815,11.392704918032788,1.6089344262295082,15.651065573770492,1455183.3600000031
2026-03-28,3500,99.56741803278689,99.58495901639344,0.32954918032786884,0.9661728395061728,96.64078189300412,92.81302040816325,11.665901639344263,1.6026229508196723,16.17762295081967,1521339.8400000033
2026-03-29,3500,99.69352459016395,99.71934426229508,0.27364754098360655,0.9694650205761316,96.97777777777777,92.48711382113822,11.943811475409836,1.5877868852459016,16.42061475409836,1596818.8799999976
2026-03-30,3500,99.69971311475409,99.7366393442623,0.2754918032786885,0.971111111111111,97.1275720164609,93.09167346938776,11.9622131147541,1.577704918032787,16.34938524590164,1462354.5599999991
2026-03-31,3500,99.69397540983607,99.73704918032787,0.25959016393442624,0.9646502057613169,96.46921810699588,92.86020408163266,11.926762295081968,1.587827868852459,16.331803278688525,1511351.999999999
2026-04-01,3500,99.70172131147541,99.74147540983606,0.25131147540983606,0.9694650205761316,96.9417695473251,92.48469387755102,11.546393442622952,1.6470901639344262,16.306762295081967,1590839.9999999986
2026-04-02,3500,99.69946721311474,99.73381147540984,0.22368852459016392,0.9705761316872428,97.04897119341564,92.89828571428572,11.584795081967213,1.7104918032786887,16.443483606557376,1503290.8799999983
2026-04-03,3500,99.70237704918033,99.73204918032786,0.22028688524590165,0.9705761316872428,97.06761316872428,93.16171428571428,11.580901639344262,1.6371721311475411,15.656065573770492,1447528.320000001
2026-04-04,3500,99.54950819672132,99.61926229508197,0.42245901639344263,0.9711522633744857,97.11279835390947,92.91971428571429,11.11188524590164,1.5258196721311477,16.366475409836067,1498754.8799999983
2026-04-05,3500,99.6965306122449,99.73616326530612,0.21816326530612246,0.9677459016393443,96.78565573770491,91.75764227642277,11.321224489795918,1.5893061224489795,16.909142857142857,1751863.679999999
2026-04-06,3500,99.66627049180327,99.6666393442623,0.36860655737704917,0.9677777777777777,96.78423868312757,93.80260162601625,11.576188524590165,1.430983606557377,16.158775510204084,1317219.8400000005
2026-04-07,3500,99.64371428571428,99.62897959183672,0.3133061224489796,0.9655327868852459,96.57413934426229,95.24654471544714,11.184530612244899,1.3338775510204082,15.902367346938775,1010318.4000000019
2026-04-08,3500,99.67069387755102,99.59510204081633,0.2738367346938776,0.9702868852459017,97.04877049180328,96.25426829268292,10.811183673469387,1.2294693877551022,16.014938775510203,796132.8000000013
2026-04-09,3500,99.62946938775511,99.62297959183674,0.23738775510204083,0.9718852459016393,97.2002868852459,96.30760162601625,10.920285714285713,1.359673469387755,15.865877551020407,784797.1200000026
2026-04-10,3500,99.67436213991769,99.61279835390947,0.2237037037037037,0.9737603305785124,97.39289256198347,96.17077868852458,11.02292181069959,1.4142386831275722,15.069465020576132,807261.1200000015
2026-04-11,3500,99.6653086419753,99.61189300411522,0.23300411522633743,0.9717768595041322,97.18371900826446,95.94351020408163,10.90164609053498,1.3886419753086419,15.69422131147541,858677.760000001
2026-04-12,3500,99.70020408163265,99.63057142857143,0.224,0.9736885245901639,97.3835655737705,95.63930894308943,11.252938775510204,1.3680408163265307,16.083061224489796,926838.7200000003
2026-04-13,3500,99.70693877551021,99.63657142857143,0.2225714285714286,0.9732377049180327,97.35602459016393,96.275,11.644285714285713,1.3880816326530612,15.981836734693879,791726.3999999978
2026-04-14,3500,99.67432653061225,99.61326530612244,0.27510204081632655,0.9707786885245901,97.09545081967214,95.84983739837399,11.19865306122449,1.27934693877551,16.1294693877551,882092.1599999978
2026-04-15,3500,99.63836734693878,99.64453061224489,0.2350204081632653,0.9742622950819672,97.45963114754099,96.18573170731707,11.29857142857143,1.4072244897959183,16.171061224489794,810699.8399999987
2026-04-16,3500,99.68502040816327,99.63489795918368,0.2853061224489796,0.9709426229508197,97.07918032786885,94.7149593495935,11.26134693877551,1.3497142857142856,16.27261224489796,1123303.6799999997
2026-04-17,3500,99.71217213114754,99.63184426229508,0.23295081967213116,0.9702057613168724,97.0775720164609,95.81820408163264,11.669385245901639,1.5470901639344263,15.213483606557377,885202.5600000026
2026-04-18,3500,99.69622950819672,99.64053278688525,0.24368852459016394,0.9736213991769548,97.38979423868314,95.42110204081632,11.509218106995883,1.4793827160493827,15.790532786885246,969261.1200000016
2026-04-19,3500,99.69668032786886,99.3741393442623,0.22901639344262295,0.9714814814814815,97.14913580246915,96.34897959183674,11.53516393442623,1.3811885245901638,16.12684426229508,772847.9999999997
2026-04-20,3500,99.68594262295082,99.63229508196721,0.22942622950819674,0.9686419753086419,96.87748971193416,96.39779591836734,11.454590163934427,1.3497950819672133,16.091967213114753,762514.5600000025
2026-04-21,3500,99.67688524590164,99.61602459016395,0.29881147540983605,0.9694238683127572,96.95263374485597,96.34044897959184,11.341311475409837,1.2134016393442624,16.142131147540983,774653.759999999
2026-04-22,3500,99.67110655737704,99.62868852459017,0.23401639344262296,0.9744855967078189,97.48267489711934,96.39571428571429,11.288770491803279,1.404795081967213,16.034877049180327,762955.1999999979
2026-04-23,3500,99.68254098360656,99.64139344262296,0.21729508196721312,0.9750205761316872,97.50288065843621,96.50865306122448,11.433237704918033,1.4409426229508195,16.09340163934426,739048.3200000019
2026-04-24,3500,99.69651639344262,99.64635245901638,0.2460655737704918,0.9733744855967078,97.34353909465021,96.50461224489797,11.84204918032787,1.425081967213115,15.057745901639345,739903.6799999978
2026-04-25,3500,99.69487704918032,99.63463114754097,0.2430737704918033,0.969670781893004,96.95950617283951,96.50220408163266,11.564959016393443,1.3812295081967212,15.786475409836067,740413.4399999988
2026-04-26,3500,99.67676229508197,99.61377049180327,0.27967213114754097,0.9676543209876542,96.78115226337448,96.10322448979592,11.54577868852459,1.2909016393442623,15.971885245901639,824869.4399999988
2026-04-27,3500,99.59390243902439,99.62333333333333,0.22186991869918699,0.9733469387755102,97.31489795918368,95.47808943089431,11.150081300813008,1.3985772357723578,15.916260162601626,961104.9599999978
2026-04-28,3500,99.6830081300813,99.63528455284552,0.2451219512195122,0.9780408163265306,97.8028163265306,95.4627935222672,11.507073170731706,1.3183333333333334,15.650243902439025,968276.1599999996
2026-04-29,3500,99.6832258064516,99.63104838709677,0.24903225806451612,0.9768825910931174,97.70364372469635,96.3095564516129,11.673467741935484,1.4072983870967741,15.338548387096774,790758.7199999986
2026-04-30,3500,99.65975806451613,99.63076612903225,0.2811693548387097,0.9729149797570851,97.3317004048583,97.1352822580645,11.655645161290321,1.2729149797570851,15.168588709677419,613828.8000000027
2026-05-01,3500,99.68404858299594,99.65060728744939,0.2371255060728745,0.9776829268292683,97.76508130081301,97.31245967741935,11.353684210526316,1.3957894736842105,14.430323886639677,575864.6400000012
2026-05-02,3500,99.65101214574898,99.61283400809717,0.3561943319838057,0.9661788617886179,96.63983739837398,95.32350806451613,11.554008097165992,1.3451821862348177,14.88251012145749,1002041.279999998
2026-05-03,3500,99.6866935483871,99.64552419354838,0.28004032258064515,0.9653441295546559,96.52821862348179,97.37995967741935,11.757298387096775,1.3329435483870968,15.349677419354839,561401.2800000015
2026-05-04,3500,99.69008064516129,99.63891129032258,0.25475806451612903,0.965748987854251,96.61651821862348,97.91737903225805,11.742379032258064,1.3974193548387097,15.28032258064516,446247.3600000018
2026-05-05,3500,99.6533064516129,99.5954435483871,0.333508064516129,0.9695141700404858,96.96748987854251,97.85862903225807,11.432661290322581,1.1936693548387096,15.329959677419355,458835.840000001
2026-05-06,3500,99.69104838709679,99.66100806451612,0.21661290322580645,0.9754655870445345,97.56275303643724,98.09588709677419,11.184314516129032,1.4436290322580645,15.446129032258064,407998.08000000025
2026-05-07,3500,99.66084677419354,99.61104838709677,0.39,0.9701214574898785,97.0131174089069,97.88000000000001,11.48883064516129,1.254959677419355,15.33282258064516,454256.63999999757
2026-05-08,3500,99.59408906882592,99.50226720647774,0.604251012145749,0.9604048582995951,96.06429149797572,96.7321370967742,11.033967611336031,1.0463157894736843,14.558024193548386,700211.5199999996
2026-05-09,3500,99.60223140495869,99.61876033057852,0.30512396694214877,0.9724066390041494,97.23858921161826,97.06747933884299,10.916404958677687,1.2185537190082645,15.235495867768595,613154.8799999973
2026-05-10,3500,99.65677685950412,99.61929752066115,0.34210743801652893,0.9707883817427386,97.08398340248964,98.03603305785124,11.229834710743802,1.2284297520661156,15.665909090909091,410641.91999999864
2026-05-11,3500,99.62735537190082,99.63177685950413,0.28818181818181815,0.9658091286307053,96.59390041493776,96.65314285714285,11.73595041322314,1.3265702479338841,15.299102040816328,708462.7200000018
2026-05-12,3500,99.61971774193547,99.58637096774193,0.4080241935483871,0.9647773279352226,96.4702024291498,96.07822580645161,11.411129032258065,1.1158870967741936,15.322701612903227,840326.4000000003
2026-05-13,3500,99.69141129032259,99.65596774193548,0.22633064516129034,0.9733198380566801,97.36886639676113,97.34153225806452,11.615645161290322,1.3937903225806452,15.505927419354839,569635.1999999987
2026-05-14,3500,99.65681451612903,99.6220564516129,0.3005241935483871,0.9711336032388664,97.1238056680162,97.28326612903226,11.149233870967743,1.2909274193548386,15.40540322580645,582120.000000001
2026-05-15,3500,99.65318548387097,99.61899193548386,0.3813306451612903,0.9655465587044535,96.59554655870444,97.51213709677418,11.119112903225806,1.1180645161290323,14.329677419354839,533079.3600000013
2026-05-16,3500,99.68173387096775,99.65165322580646,0.2820967741935484,0.9683805668016194,96.79627530364372,97.79959677419355,11.40741935483871,1.2348790322580645,15.065645161290323,471484.80000000127
2026-05-17,3500,99.70193548387097,99.68076612903226,0.20810483870967741,0.9724696356275303,97.25218623481781,97.89475806451614,11.556088709677418,1.5224193548387097,15.4875,451094.39999999746
2026-05-18,3500,99.70951612903225,99.67439516129032,0.20629032258064517,0.9681781376518218,96.84834008097167,97.72955645161291,11.914354838709679,1.499274193548387,15.319879032258065,486492.47999999876
2026-05-19,3500,99.70258064516129,99.65508064516129,0.24173387096774196,0.9696356275303644,96.97708502024291,98.17657258064517,11.99875,1.3790322580645162,15.31616935483871,390709.4399999978
2026-05-20,3500,99.6691935483871,99.6383870967742,0.2931854838709677,0.9706477732793523,97.0934008097166,97.98383064516129,11.568387096774194,1.3011693548387098,15.274435483870967,432008.63999999873
2026-05-21,3500,99.68483870967742,99.6541935483871,0.2207258064516129,0.9742105263157894,97.4491093117409,97.77262096774194,11.483266129032257,1.522983870967742,15.493387096774194,477264.9599999988
2026-05-22,3500,99.69540322580644,99.67104838709676,0.20431451612903226,0.9765182186234818,97.65251012145748,98.01346774193549,11.786129032258065,1.5228629032258065,14.313145161290322,425658.2399999988
2026-05-23,3500,99.69145161290322,99.66104838709677,0.21173387096774193,0.9775708502024292,97.76643724696356,97.79717741935484,11.596693548387098,1.5031451612903224,14.996290322580645,472003.1999999994
2026-05-24,3500,99.66774193548386,99.62096774193549,0.3095564516129032,0.9732793522267207,97.35757085020242,97.6155241935484,11.540362903225807,1.3090322580645162,15.408064516129032,510926.39999999775
2026-05-25,3500,99.68935483870968,99.65459677419355,0.24544354838709675,0.9753441295546559,97.54242914979757,98.18423387096773,12.359475806451613,1.3922177419354838,14.997016129032259,389067.8400000026
2026-05-26,3500,99.71120967741936,99.65870967741935,0.2239516129032258,0.9752226720647773,97.54477732793522,98.20298387096774,13.687298387096773,1.4900403225806451,13.902056451612903,385050.24000000005
2026-05-27,3500,99.75391129032259,99.66681451612902,0.2288306451612903,0.9764777327935222,97.67704453441296,98.22798387096775,13.604556451612902,1.5434274193548387,13.574112903225807,379693.43999999826
2026-05-28,3500,99.6666935483871,99.63685483870967,0.23411290322580647,0.971497975708502,97.15287449392711,98.2066935483871,12.120604838709676,1.4156048387096773,13.577943548387097,384255.3600000011
2026-05-29,3500,99.65729838709677,99.61725806451614,0.33237903225806453,0.9694736842105264,96.95663967611337,98.08854838709676,11.369798387096774,1.2906048387096773,14.130806451612903,409570.5600000023
2026-05-30,3500,99.65198380566802,99.62854251012146,0.2939676113360324,0.9719838056680161,97.20753036437246,97.68572580645161,10.749757085020244,1.2418218623481783,14.563467741935485,495884.159999999
2026-05-31,3500,99.65891129032258,99.61370967741935,0.3123790322580645,0.9733198380566801,97.29825910931173,97.81528225806451,10.80266129032258,1.1826209677419355,15.121854838709677,468123.8399999997
2026-06-01,3500,99.66596774193549,99.62338709677418,0.2583467741935484,0.9724696356275303,97.28085020242915,97.85290322580646,11.164112903225806,1.3678225806451612,15.266693548387096,460062.7199999996
2026-06-02,3500,99.65616935483871,99.62592741935484,0.25467741935483873,0.9730364372469635,97.32995951417004,97.61754032258065,10.927620967741936,1.3707258064516128,15.495766129032257,510494.39999999816
2026-06-03,3500,99.67665322580646,99.64572580645161,0.2203225806451613,0.9736437246963563,97.4012955465587,96.90080645161291,10.691612903225806,1.4408467741935482,15.750322580645161,664070.3999999989
2026-06-04,3500,99.61459677419354,99.5875806451613,0.35576612903225807,0.9662753036437246,96.662995951417,97.45491935483871,10.341129032258063,1.1894354838709678,15.778266129032259,545339.52
2026-06-05,3500,99.65927419354838,99.61157258064516,0.2888306451612903,0.9729149797570851,97.32186234817814,97.58838709677418,10.712540322580645,1.3193548387096774,14.828870967741935,516741.12000000133
2026-06-06,3500,99.61979838709676,99.58157258064516,0.32471774193548386,0.9717813765182186,97.17056680161944,97.00552419354838,10.282056451612902,1.2161693548387098,15.398346774193548,641632.3200000001
2026-06-07,3500,99.60733870967742,99.58681451612902,0.3495967741935484,0.9693927125506073,96.89797570850202,95.52137096774193,9.824153225806452,1.121975806451613,16.085443548387097,959644.8000000021
2026-06-08,3500,99.65241935483871,99.59911290322582,0.3023790322580645,0.9717813765182186,97.1512955465587,97.05471774193548,10.356693548387097,1.2558870967741935,15.801048387096774,631091.5200000006
2026-06-09,3500,99.65741935483871,99.61620967741935,0.2886693548387097,0.9728340080971659,97.27781376518219,96.84370967741935,10.241693548387097,1.2284274193548386,15.920483870967743,676304.6400000001
2026-06-10,3500,99.64345381526105,99.61759036144578,0.2540160642570281,0.9730645161290322,97.29008064516128,96.46397590361445,10.329799196787148,1.3037751004016063,15.981606425702811,760726.0800000014
2026-06-11,3500,99.64156626506023,99.61401606425703,0.29329317269076305,0.9726209677419355,97.2845564516129,96.82461847389558,10.346706827309237,1.3212048192771084,16.079357429718875,683138.8799999994
2026-06-12,3500,99.6983935742972,99.64124497991968,0.2516064257028112,0.9730645161290322,97.29870967741937,97.80457831325302,11.281686746987951,1.4320883534136546,14.562168674698794,472314.23999999807
2026-06-13,3500,99.70024096385542,99.62991967871486,0.26164658634538157,0.9739516129032257,97.37826612903227,98.12461847389558,11.433935742971888,1.4163855421686746,15.069076305220882,403462.08000000153
2026-06-14,3500,99.6882329317269,99.6210843373494,0.22204819277108434,0.9721774193548387,97.24366935483872,97.98887550200803,11.143855421686748,1.43570281124498,15.752530120481929,432665.2799999999
2026-06-15,3500,99.64439516129033,99.61516129032259,0.24266129032258063,0.970080971659919,97.02396761133602,97.47721774193548,10.950040322580646,1.365241935483871,15.541854838709678,540561.6000000022
2026-06-16,3500,99.67835341365462,99.62586345381526,0.2393574297188755,0.9746774193548388,97.4716935483871,97.16369477911645,10.886706827309236,1.375582329317269,15.130923694779115,610191.3600000035
2026-06-17,3500,99.66236947791165,99.61650602409638,0.2250602409638554,0.9718145161290322,97.19278225806453,98.40730923694778,11.155261044176706,1.3717670682730922,15.418875502008033,342645.120000002
2026-06-18,3500,99.63522088353413,99.61401606425703,0.2779116465863454,0.9713709677419355,97.18395161290321,98.21084337349397,11.269076305220883,1.3136546184738958,15.408714859437751,384912.00000000076
2026-06-19,3500,99.68558232931727,99.62746987951807,0.26180722891566266,0.9730241935483871,97.31633064516129,98.43285140562249,11.318634538152612,1.410160642570281,14.33714859437751,337150.07999999996
2026-06-20,3500,99.68379032258065,99.63064516129033,0.22133064516129033,0.9744758064516128,97.44237903225806,98.07638554216868,10.891532258064515,1.4093145161290321,14.96867469879518,413838.71999999974
2026-06-21,3500,99.6509638554217,99.61987951807228,0.2353413654618474,0.974516129032258,97.46032258064515,97.93927710843374,11.084578313253012,1.394538152610442,15.57566265060241,443335.6799999985
2026-06-22,3500,99.63875502008032,99.61481927710844,0.2480321285140562,0.9773387096774193,97.76487903225807,97.37156626506024,10.824417670682731,1.3081927710843373,15.575020080321284,565470.7200000004
2026-06-23,3500,99.61739837398375,99.6130894308943,0.2677642276422764,0.9762857142857143,97.62755102040816,96.11072289156627,10.517317073170732,1.2859349593495935,15.523614457831325,836723.5199999991
2026-06-24,3500,99.6613654618474,99.62216867469878,0.2293574297188755,0.9764112903225807,97.66479838709677,95.59502008032129,10.844538152610442,1.3895180722891567,15.465983935742972,947669.7599999987
2026-06-25,3500,99.66835341365461,99.61477911646585,0.24164658634538153,0.9754838709677419,97.53092741935482,95.70650602409638,10.725020080321286,1.4148192771084338,15.22722891566265,923685.1200000006
2026-06-26,3500,99.66092741935483,99.61318548387096,0.24463709677419357,0.9754032258064517,97.54592741935484,97.99244979919678,10.597137096774194,1.3504032258064516,14.665983935742972,431896.32000000175
2026-06-27,3500,99.66109756097562,99.59016260162602,0.2554251012145749,0.9727642276422764,97.29032520325204,97.43254032258065,10.70548780487805,1.339552845528455,15.420685483870967,550134.7199999986
2026-06-28,3500,99.68779116465863,99.64265060240965,0.22975903614457832,0.9746370967741936,97.49637096774192,96.55184,10.650602409638553,1.347550200803213,15.975341365461848,744802.56
2026-06-29,3500,99.63741935483871,99.58814516129033,0.25846774193548383,0.966842105263158,96.7248987854251,95.33461847389557,10.239596774193549,1.3195967741935484,15.751491935483871,1003691.5200000023
2026-06-30,3500,99.6458232931727,99.61048192771084,0.27100401606425706,0.9736693548387096,97.37641129032258,96.08364,10.213453815261044,1.2939759036144578,16.21304,845933.7599999992
2026-07-01,3500,99.63369477911647,99.58080321285141,0.3189558232931727,0.9746370967741936,97.49895161290323,95.0858,9.850281124497991,1.1824497991967873,16.157028112449797,1061467.199999998
2026-07-02,3500,99.65887550200804,99.60987951807229,0.25538152610441767,0.9752016129032258,97.52504032258064,96.76567999999999,10.390803212851406,1.3047791164658633,16.03124497991968,698613.1200000028
2026-07-03,3500,99.6521686746988,99.64297188755019,0.22751004016064255,0.9766532258064516,97.67431451612903,97.18791999999999,10.335020080321286,1.3403614457831325,14.884899598393575,607409.2800000012
2026-07-04,3500,99.6799193548387,99.63737903225807,0.23556451612903226,0.9764919354838709,97.6838306451613,97.11744,10.317137096774195,1.3877419354838711,15.446706827309237,622632.9600000002
2026-07-05,3500,99.6978313253012,99.60345381526103,0.23650602409638555,0.9739112903225806,97.4341935483871,96.81627999999999,10.577228915662651,1.3975100401606426,16.142329317269077,687683.5200000026
2026-07-06,3500,99.68016064257029,99.6247389558233,0.24722891566265062,0.9777419354838709,97.80528225806451,97.18996000000001,10.37598393574297,1.3698393574297187,16.04116465863454,606968.6399999982
2026-07-07,3500,99.66364,99.61252,0.24536000000000002,0.9756626506024096,97.58871485943776,97.106,10.13796,1.37424,15.8758,625104.0000000016
2026-07-08,3500,99.64771084337349,99.58654618473895,0.29345381526104414,0.9752822580645162,97.55185483870967,97.62610441767069,10.469116465863454,1.254738955823293,16.00714859437751,510710.39999999857
2026-07-09,3500,99.61846774193549,99.59233870967742,0.27233870967741935,0.9763967611336032,97.69412955465587,96.58321285140563,9.449596774193548,1.2671370967741935,15.757550200803212,735073.9199999982
2026-07-10,3500,99.57992,99.583,0.26672,0.9785140562248996,97.86943775100403,97.93584,9.997639999999999,1.3138800000000002,14.5564,445858.5600000008
2026-07-11,3500,99.63068,99.55904,0.27252,0.9786345381526105,97.90345381526105,98.41839999999999,9.75116,1.2655999999999998,15.27124,341625.60000000114
2026-07-12,3500,99.62508,99.54728,0.33444,0.973574297188755,97.41044176706828,96.60575999999999,9.77344,1.22024,16.01108,733155.8400000032
2026-07-13,3500,99.63436,99.59472,0.27664,0.9757028112449799,97.6171485943775,97.36456,9.91184,1.24404,16.08584,569255.04
2026-07-14,3500,99.63088353413654,99.59891566265061,0.26943775100401607,0.9779838709677419,97.8057258064516,95.71417670682732,9.39694779116466,1.2565060240963855,16.26578313253012,922034.879999999
2026-07-15,3500,99.58839357429719,99.56140562248996,0.3013654618473896,0.9747177419354839,97.50342741935484,95.70032128514056,9.045261044176707,1.150562248995984,16.502329317269076,925015.6799999992
2026-07-16,3500,99.55104417670682,99.55132530120481,0.32823293172690765,0.9748790322580646,97.49491935483871,96.85393574297188,9.337510040160643,1.1175100401606426,16.18558232931727,676831.6800000003
2026-07-17,3500,99.53096385542169,99.13461847389559,0.33088709677419353,0.9762903225806452,97.62677419354839,92.59895582329317,9.322459677419355,1.1077016129032258,14.574538152610442,1592231.04
2026-07-18,3500,99.57411290322581,99.56487903225806,0.2911290322580645,0.9759274193548387,97.59963709677419,94.05795180722892,8.545403225806453,1.1973790322580644,16.02277108433735,1278348.4800000007
2026-07-19,3500,99.59348,99.57712,0.28196,0.9762650602409638,97.62763052208835,94.37408,8.05172,1.24352,16.61104,1215198.719999999
2026-07-20,3500,99.5836,99.547,0.29268,0.9768674698795181,97.6855421686747,96.21556,8.933639999999999,1.2,16.352520000000002,817439.04
2026-07-21,3500,99.58161290322582,99.5530241935484,0.28318548387096776,0.9780161943319837,97.8012145748988,95.32477911646586,8.711451612903225,1.1743951612903225,16.475742971887552,1005808.3200000001
2026-07-22,3500,99.57236947791165,99.54634538152611,0.28638554216867473,0.9797177419354839,97.96887096774194,93.99614457831326,9.006305220883535,1.2233333333333334,16.743895582329316,1291645.439999997
2026-07-23,3500,99.54718875502007,99.54076305220885,0.3293975903614458,0.982016129032258,98.21790322580645,91.69337349397591,8.573453815261043,1.1219678714859438,16.631004016064256,1787054.3999999973
2026-07-24,3500,99.57184738955823,99.54843373493976,0.3208433734939759,0.9841935483870967,98.4266129032258,89.44100401606426,9.113092369477911,1.1134136546184739,15.896265060240964,2271620.160000001
2026-07-25,3500,99.56614457831326,99.54831325301204,0.31819277108433736,0.9847983870967741,98.50862903225806,92.62544,8.740562248995984,1.1486345381526104,16.588875502008033,1592904.9600000016
2026-07-26,3500,99.58036144578313,99.55273092369478,0.29967871485943776,0.9843145161290322,98.45810483870967,92.99408,8.801164658634537,1.1706827309236947,16.91269076305221,1513278.7199999997
2026-07-27,3500,99.60154471544715,99.57121951219513,0.2897154471544715,0.9844897959183673,98.4722857142857,91.49153225806452,8.617764227642276,1.1121951219512196,17.007217741935484,1823126.3999999985
2026-07-28,3500,99.57903614457831,99.5977108433735,0.2853012048192771,0.9836290322580645,98.3916935483871,90.40899598393574,8.655742971887552,1.1682329317269076,17.800843373493976,2063370.2400000014
2026-07-29,3500,99.60919028340082,99.60603238866396,0.27400809716599195,0.9834146341463414,98.39715447154472,94.55354838709677,9.372510121457491,1.3273279352226721,17.66318548387097,1167022.0800000022
2026-07-30,3500,99.66300411522634,99.61773662551441,0.25106995884773664,0.9855785123966941,98.5954132231405,98.17053278688525,10.21045267489712,1.3479835390946502,17.184221311475408,385680.9600000002
2026-07-31,3500,99.66638211382114,99.59329268292683,0.24707317073170731,0.9838367346938776,98.42795918367347,97.91497975708502,10.14520325203252,1.356178861788618,15.838704453441295,444960.0000000003
2026-08-01,3500,99.43076923076924,99.59032388663968,0.2768825910931174,0.9847967479674796,98.52081300813008,96.71696356275304,9.80085020242915,1.2380161943319838,16.128663967611338,700626.2400000007
2026-08-02,3500,99.62626506024095,99.58437751004016,0.27686746987951805,0.9855645161290322,98.61568548387096,94.59140562248996,9.531847389558232,1.2319277108433735,16.61325301204819,1163583.360000001
2026-08-03,3500,99.6112145748988,99.58497975708502,0.2810526315789474,0.985040650406504,98.55808943089431,95.64277108433734,9.331093117408908,1.2260323886639675,16.846491935483872,937396.8000000018
2026-08-04,3500,99.57971428571427,99.54551020408164,0.37179591836734693,0.9815510204081632,98.17073469387756,92.81591093117409,8.016979591836735,0.9764081632653061,17.61267206477733,1533142.0800000012
2026-08-05,3500,99.59069958847736,99.56427983539095,0.32037037037037036,0.9836363636363636,98.36611570247933,92.69758196721311,8.783786008230452,1.1437037037037037,17.468888888888888,1539466.5599999996
2026-08-06,3500,99.61072874493927,99.57554655870446,0.29829959514170046,0.984349593495935,98.4760162601626,96.02133603238866,9.174331983805669,1.1946963562753035,16.98838056680162,849078.7200000009
2026-08-07,3500,99.59971428571428,99.62751020408164,0.22559183673469388,0.9850409836065573,98.55073770491803,97.77167346938776,9.756408163265307,1.351795918367347,15.861102040816325,471692.1599999978
2026-08-08,3500,99.62609756097561,99.60040650406505,0.2632520325203252,0.985795918367347,98.62510204081633,97.66384615384617,9.686056910569105,1.2763008130081301,16.40740890688259,498553.919999997
2026-08-09,3500,99.59846774193548,99.56633064516129,0.3526209677419355,0.98417004048583,98.44643724696357,96.7346370967742,9.15717741935484,1.1150403225806451,17.11584677419355,699675.8400000008
2026-08-10,3500,99.56028112449799,99.55128514056226,0.33550200803212854,0.9836693548387097,98.39362903225806,90.07497991967871,8.081325301204819,1.0253413654618475,17.00152610441767,2135229.120000001
2026-08-11,3500,99.60439516129033,99.59181451612903,0.279758064516129,0.9842914979757085,98.47534412955466,94.5596370967742,8.560645161290322,1.2563306451612903,17.349798387096776,1165717.4399999995
2026-08-12,3500,99.49163265306123,99.55559183673469,0.3290612244897959,0.9837959183673469,98.39918367346938,80.0449593495935,8.197510204081633,1.1027755102040817,14.827317073170732,4241324.159999998
2026-08-13,3500,99.55658536585365,99.54565040650407,0.33439024390243904,0.9844081632653061,98.44595918367347,92.76068548387097,8.453536585365855,1.1413008130081301,16.22600806451613,1551182.3999999985
2026-08-14,3500,99.62862348178137,99.60785425101214,0.2631578947368421,0.9858536585365854,98.64463414634147,95.85635627530364,9.207408906882591,1.258097165991903,15.719595141700406,884286.7199999999
2026-08-15,3500,99.45744939271256,99.56761133603239,0.33356275303643723,0.9845528455284552,98.48174796747966,92.76315789473684,8.218906882591092,1.1404048582995951,16.552834008097168,1544400.0000000012
2026-08-16,3500,99.52178861788619,99.55056910569105,0.37573170731707317,0.9850612244897959,98.50551020408163,77.35723577235773,7.057560975609756,0.9886585365853658,18.399105691056914,4812583.68
2026-08-17,3500,99.1957786885246,99.4564344262295,0.48250000000000004,0.9793827160493828,97.93827160493827,63.98938775510204,6.332704918032787,0.803483606557377,18.634489795918366,7622726.400000001
2026-08-18,3500,99.54072874493927,99.57242914979757,0.31400809716599193,0.9864634146341463,98.65524390243903,92.30580645161291,7.532550607287449,1.0924291497975709,18.058306451612903,1648650.2399999998
2026-08-19,3500,99.61325203252032,99.60276422764227,0.268130081300813,0.9869795918367347,98.72889795918368,93.58716599190284,8.37569105691057,1.2197560975609756,17.46485829959514,1368550.0800000003
2026-08-20,3500,99.59907630522088,99.59361445783134,0.25931726907630526,0.9881854838709677,98.86834677419354,93.36409638554217,9.080522088353414,1.3185140562248996,17.272289156626506,1427621.7599999993
2026-08-21,3500,99.65927710843374,99.63072289156626,0.273855421686747,0.9879435483870967,98.81834677419356,95.97156626506023,9.233413654618474,1.3586746987951808,16.259999999999998,866661.1200000008
2026-08-22,3500,99.53576612903225,99.57693548387097,0.3480241935483871,0.9861943319838057,98.6568016194332,93.77475806451612,8.368508064516128,1.149274193548387,17.006411290322582,1333895.0400000026
2026-08-23,3500,99.57827309236949,99.58618473895582,0.3220481927710843,0.9859677419354839,98.6515322580645,91.7722,8.09694779116466,1.1650602409638555,17.610120481927712,1777204.8000000017
2026-08-24,3500,99.51471074380166,99.42586776859504,0.35524793388429754,0.9845228215767635,98.49240663900414,93.52477366255144,7.823305785123967,1.067479338842975,18.044462809917356,1359486.7199999997
2026-08-25,3500,99.46825726141078,99.52157676348548,0.4107883817427386,0.9816666666666667,98.15791666666668,88.69787755102041,7.484813278008298,0.9663070539419087,17.374303278688526,2392433.28
2026-08-26,3500,99.54076923076923,99.5687044534413,0.31959514170040487,0.9858536585365854,98.63601626016259,92.65550607287449,7.895182186234817,1.1851012145748987,17.76493927125506,1567373.7600000023
2026-08-27,3500,99.54483739837399,99.57243902439025,0.3196341463414634,0.9847755102040817,98.49032653061225,90.79028455284553,8.019308943089431,1.1489837398373983,17.710569105691057,1957469.7599999986
2026-08-28,3500,99.58558333333333,99.57,0.2967916666666667,0.9853556485355649,98.54753138075314,94.53891666666667,8.362,1.2066666666666668,16.391583333333333,1132410.2400000012
2026-08-29,3500,99.57843621399178,99.57716049382717,0.3098765432098765,0.9857024793388429,98.59247933884298,93.1625306122449,8.022139917695474,1.1536776859504132,17.19240816326531,1447355.52
2026-08-30,3500,99.57020325203253,99.59231707317073,0.2938617886178862,0.9857551020408163,98.61579591836734,93.53971659919029,8.132520325203252,1.1911382113821138,17.96927125506073,1378676.1600000004
2026-08-31,3500,99.25355371900827,99.45962809917356,0.4890082644628099,0.9802892561983471,98.01723140495868,64.94322448979592,5.984256198347108,0.9087603305785124,17.6905306122449,7420818.239999998
2026-09-01,3500,99.53145748987855,99.53356275303643,0.38623481781376523,0.9821138211382113,98.20947154471544,86.58534412955466,6.967044534412955,0.9758299595141701,17.85234817813765,2862794.8800000004
2026-09-02,3500,99.61646586345381,99.5929718875502,0.28397590361445785,0.9871774193548387,98.71016129032257,91.63281124497992,8.582008032128515,1.2702409638554217,17.425341365461847,1800083.5200000005
2026-09-03,3500,99.63935483870968,99.60689516129031,0.2737903225806452,0.9867206477732794,98.67761133603238,97.35165322580644,9.170040322580645,1.3125403225806451,17.22193548387097,567466.5600000015
2026-09-04,3500,99.6680081300813,99.64256097560975,0.2489387755102041,0.9854693877551021,98.59918367346938,96.34449392712551,9.10959349593496,1.3210162601626014,16.335263157894737,780114.2399999998
2026-09-05,3500,99.61764227642276,99.63065040650406,0.36841463414634146,0.9856734693877551,98.59261224489795,97.24256097560975,9.738780487804878,1.3052032520325203,16.64682926829268,586077.1200000016
2026-09-06,3500,99.63,99.63089795918367,0.28885714285714287,0.9863934426229508,98.67606557377049,96.79555102040817,9.626938775510204,1.3488979591836736,17.27212244897959,678317.7599999994
2026-09-07,3500,99.65186991869919,99.62670731707317,0.28780487804878047,0.985795918367347,98.58865306122449,96.71146341463415,9.70548780487805,1.356910569105691,17.094268292682926,698958.7199999975
2026-09-08,3500,99.645081300813,99.61154471544715,0.26735772357723575,0.9861224489795918,98.63224489795918,95.76805668016193,9.637764227642275,1.3809756097560977,16.872307692307693,903130.5600000032
2026-09-09,3500,99.63416000000001,99.61912,0.271,0.9866265060240963,98.64574297188756,94.54936254980079,9.6268,1.35196,16.81820717131474,1182047.0400000024
2026-09-10,3500,99.59466135458166,99.59593625498009,0.3113545816733068,0.98568,98.58648,95.90964143426295,9.136812749003985,1.2338645418326692,16.700278884462154,887051.5199999999
2026-09-11,3500,99.63636,99.60364,0.30232,0.9852610441767068,98.53943775100402,97.61128,9.597,1.32952,15.79368,515963.52000000235
2026-09-12,3500,99.32959677419356,99.61088709677419,0.2995983935742972,0.9858064516129031,98.62100806451612,96.94522088353413,8.889759036144579,1.3341129032258066,16.946626506024096,657192.9600000007
2026-09-13,3500,99.6368674698795,99.63112449799198,0.2724899598393574,0.9874193548387097,98.76629032258064,96.44558232931728,9.311004016064258,1.406144578313253,17.09562248995984,764683.1999999975
2026-09-14,3500,99.67610441767067,99.64429718875502,0.2596787148594377,0.9876209677419355,98.80334677419354,97.2147389558233,10.36120481927711,1.533855421686747,16.26,599209.9200000012
2026-09-15,3500,99.67430278884463,99.65693227091633,0.23832669322709163,0.98864,98.89868,97.61462151394423,10.400956175298804,1.563227091633466,15.634422310756971,517302.7199999978
2026-09-16,3500,99.63959839357429,99.64044176706828,0.20120481927710843,0.9888709677419355,98.93879032258064,99.05751004016064,10.86441767068273,1.6794377510040162,15.30293172690763,202763.52000000174
2026-09-17,3500,99.6875,99.66016129032259,0.21754032258064518,0.988991935483871,98.93870967741935,98.45947791164659,10.744596774193548,1.618548387096774,15.463453815261044,331421.7599999999
2026-09-18,3500,99.4204016064257,99.24843373493977,0.2095967741935484,0.988508064516129,98.90467741935484,98.5,10.458346774193549,1.5971370967741934,14.925903614457832,322704.0000000003
2026-09-19,3500,99.67266129032258,99.64649193548387,0.22923387096774195,0.9884274193548387,98.91044354838711,98.40469879518072,10.243911290322579,1.5868548387096775,15.672530120481929,343206.72000000003
2025-09-20,6200,99.62565217391304,99.78695652173913,0.15521739130434783,0.9827272727272728,98.24727272727273,83.32541666666667,26.840434782608696,2.641304347826087,1.271304347826087,345764.15999999986
2025-09-21,6200,99.6291304347826,99.8704347826087,0.19999999999999998,0.9881818181818182,98.83636363636364,83.18333333333334,24.686086956521738,3.5917391304347825,3.4617391304347827,348710.3999999998
2025-09-22,6200,99.74913043478261,99.82478260869564,0.1882608695652174,0.9873913043478261,98.60521739130435,83.2325,26.845652173913045,3.266086956521739,3.6947826086956526,347690.88000000006
2025-09-23,6200,99.74652173913044,99.86434782608696,0.20304347826086958,0.9865217391304348,98.62826086956521,83.035,27.546956521739133,4.113913043478261,3.820869565217391,351786.24000000017
2025-09-24,6200,99.74347826086957,99.8408695652174,0.20956521739130435,0.9865217391304348,98.71478260869566,83.33041666666666,25.859565217391303,3.495217391304348,4.163913043478261,345660.4800000001
2025-09-25,6200,99.67999999999999,99.81695652173913,0.1917391304347826,0.9852173913043478,98.43695652173913,83.19541666666667,26.324782608695653,3.3408695652173916,3.6969565217391307,348459.8399999998
2025-09-26,6200,99.64347826086957,99.87173913043479,0.0991304347826087,0.9813636363636363,98.11954545454546,82.08208333333333,23.885217391304348,2.088636363636364,0.9143478260869565,371545.92
2025-09-27,6200,99.58217391304348,99.83478260869565,0.18478260869565216,0.9868181818181818,98.64090909090909,83.33166666666666,25.833478260869562,3.9091304347826084,1.5956521739130436,345634.5600000002
2025-09-28,6200,99.7186956521739,99.88652173913043,0.19217391304347825,0.9895454545454545,98.90636363636364,83.33166666666666,27.04217391304348,4.412173913043478,3.751304347826087,345634.5600000002
2025-09-29,6200,99.75782608695651,99.77695652173912,0.21086956521739134,0.9900000000000001,98.88454545454546,83.33041666666666,25.41913043478261,3.760869565217391,3.556086956521739,345660.4800000001
2025-09-30,6200,99.74739130434783,99.84260869565217,0.16,0.9891304347826086,98.95,83.28875000000001,26.67173913043478,4.548260869565217,3.493478260869565,346524.47999999975
2025-10-01,6200,99.75260869565217,99.87434782608696,0.17043478260869566,0.9882608695652174,98.81434782608696,83.32875,26.323913043478264,4.022173913043479,3.931304347826087,345695.0400000001
2025-10-02,6200,99.77826086956522,99.82739130434784,0.1865217391304348,0.9856521739130434,98.54347826086956,83.3175,28.17478260869565,5.675652173913043,3.33,345928.32
2025-10-03,6200,99.69478260869565,99.90739130434783,0.07521739130434782,0.9863636363636363,98.59545454545454,83.33208333333333,28.24434782608696,4.518636363636364,1.0221739130434782,345625.9200000001
2025-10-04,6200,99.44260869565217,99.8008695652174,0.24043478260869566,0.9886363636363636,98.81727272727272,81.435,24.387391304347826,4.217826086956522,1.5626086956521739,384963.83999999997
2025-10-05,6200,99.7209090909091,99.84727272727272,0.17909090909090908,0.9904761904761905,98.91952380952381,82.60739130434783,24.83181818181818,4.581363636363637,3.912272727272727,345625.91999999987
2025-10-06,6200,99.72772727272728,99.84136363636365,0.2113636363636364,0.9845454545454545,98.44090909090909,82.58173913043478,26.05727272727273,4.210909090909091,4.072727272727272,346135.68
2025-10-07,6200,99.72545454545455,99.83727272727273,0.2740909090909091,0.9849999999999999,98.4559090909091,82.49956521739131,27.758181818181814,4.9381818181818184,3.946363636363636,347768.6400000001
2025-10-08,6200,99.71136363636364,99.82954545454545,0.18272727272727274,0.984090909090909,98.3290909090909,82.60739130434783,25.682727272727274,5.723181818181819,3.855909090909091,345625.91999999987
2025-10-09,6200,99.71681818181818,99.75090909090909,0.18727272727272729,0.9863636363636363,98.55318181818183,82.56826086956521,25.898636363636363,4.347272727272728,3.694090909090909,346403.5200000001
2025-10-10,6200,99.77318181818183,99.8459090909091,0.09727272727272727,0.99,98.9905,38.72608695652174,28.14090909090909,4.055238095238095,0.8490909090909091,1217635.2000000002
2025-10-13,6200,99.73318181818182,99.85681818181818,0.19136363636363637,0.9895238095238096,98.88285714285715,82.6086956521739,27.38590909090909,3.4540909090909087,4.0159090909090915,345600.00000000023
2025-10-14,6200,99.74636363636364,99.83727272727273,0.19363636363636363,0.9876190476190475,98.82809523809523,82.59434782608696,25.08409090909091,3.5572727272727276,3.791363636363636,345885.12
2025-10-15,6200,99.74909090909091,99.8290909090909,0.18727272727272729,0.9877272727272728,98.65818181818182,82.6086956521739,24.939090909090908,4.317272727272727,3.7904545454545455,345600.00000000023
2025-10-16,6200,99.73136363636364,99.80545454545454,0.18181818181818182,0.9868181818181818,98.60454545454546,82.58347826086957,27.404545454545453,3.503181818181818,3.5872727272727274,346101.11999999994
2025-10-17,6200,99.53636363636365,99.73636363636363,0.09333333333333334,0.9799999999999999,97.94999999999999,82.6086956521739,23.827272727272724,2.438181818181818,0.9895454545454545,345600.00000000023
2025-10-18,6200,99.47818181818182,99.45681818181819,0.13454545454545455,0.984090909090909,98.32636363636362,82.60782608695652,25.44818181818182,3.609090909090909,1.4036363636363636,345617.2799999999
2025-10-19,6200,99.7059090909091,99.85136363636364,0.16636363636363638,0.985909090909091,98.5759090909091,82.57521739130435,27.079090909090908,3.7581818181818183,3.7318181818181815,346265.28
2025-10-20,6200,99.72136363636363,99.84636363636363,0.17500000000000002,0.985909090909091,98.565,82.0895652173913,25.553181818181816,3.2095454545454545,4.044545454545455,355916.16000000027
2025-10-21,6200,99.72318181818181,99.89545454545454,0.19590909090909092,0.9900000000000001,98.88000000000001,81.9395652173913,24.688181818181818,3.5704545454545453,4.035454545454545,358896.9599999999
2025-10-22,6200,99.71863636363636,99.87590909090909,0.17727272727272728,0.985909090909091,98.54,81.54913043478261,26.031818181818185,4.239090909090909,3.8236363636363637,366655.67999999993
2025-10-23,6200,99.34227272727274,99.85772727272727,0.1459090909090909,0.9895454545454545,98.84772727272728,82.49304347826087,26.20727272727273,3.3795454545454544,1.7963636363636362,347898.2399999999
2025-10-24,6200,99.62136363636364,99.86500000000001,0.2677272727272727,0.9752380952380952,97.4647619047619,82.58869565217391,23.90727272727273,2.575454545454545,1.055,345997.43999999994
2025-10-25,6200,99.66409090909092,99.76272727272728,0.1731818181818182,0.9847619047619047,98.39666666666666,82.60347826086957,27.74681818181818,3.0963636363636367,1.864090909090909,345703.67999999993
2025-10-26,6200,99.64363636363636,99.84454545454545,0.22227272727272726,0.9890476190476191,98.73571428571428,82.60695652173914,24.04318181818182,3.9086363636363632,4.195,345634.5599999998
2025-10-27,6200,99.68363636363637,99.81181818181818,0.21045454545454545,0.9886363636363636,98.73727272727272,82.6008695652174,25.725454545454546,4.025454545454545,4.072727272727272,345755.51999999996
2025-10-28,6200,99.6940909090909,99.8490909090909,0.19045454545454546,0.9868181818181818,98.66681818181819,82.60826086956521,25.92681818181818,3.2959090909090913,4.465454545454545,345608.6400000002
2025-10-29,6200,99.71909090909092,99.79499999999999,0.1918181818181818,0.9881818181818182,98.74045454545454,82.60043478260869,25.41318181818182,3.3781818181818184,4.307272727272727,345764.16000000015
2025-10-30,6200,99.71772727272727,99.8559090909091,0.16818181818181818,0.9868181818181818,98.64772727272727,82.60434782608696,26.154545454545453,4.534090909090909,3.5799999999999996,345686.3999999998
2025-10-31,6200,99.39227272727273,99.80954545454546,0.1040909090909091,0.9842857142857142,98.46476190476191,82.59478260869565,22.817142857142855,2.698571428571429,1.1227272727272728,345876.48000000004
2025-11-01,6200,99.69272727272728,99.8309090909091,0.1622727272727273,0.9866666666666666,98.65238095238094,82.6086956521739,23.877272727272725,1.9872727272727273,1.4840909090909091,345600.00000000023
2025-11-02,6200,99.74818181818182,99.74227272727272,0.16772727272727272,0.9885714285714287,98.85095238095238,82.60739130434783,26.162727272727274,3.200909090909091,3.9463636363636367,345625.91999999987
2025-11-03,6200,99.71863636363636,99.87181818181817,0.18681818181818183,0.990909090909091,98.93636363636364,82.60652173913044,25.645909090909093,3.536818181818182,4.067272727272727,345643.1999999998
2025-11-04,6200,99.72136363636363,99.87863636363636,0.19590909090909092,0.9886363636363636,98.87227272727273,82.5613043478261,26.878636363636364,3.2513636363636365,4.054090909090909,346541.7599999999
2025-11-05,6200,99.73727272727272,99.85954545454545,0.1990909090909091,0.9877272727272728,98.80363636363636,82.49347826086957,28.55636363636364,4.177727272727273,3.7377272727272723,347889.5999999999
2025-11-06,6200,99.72454545454546,99.88227272727272,0.19090909090909092,0.9886363636363636,98.84636363636363,82.58347826086957,24.37,3.391818181818182,3.5236363636363635,346101.11999999994
2025-11-07,6200,99.41999999999999,99.16863636363637,0.10772727272727273,0.978095238095238,97.81761904761905,82.60695652173914,23.34272727272727,2.616190476190476,1.395909090909091,345634.5599999998
2025-11-08,6200,99.28363636363635,99.83590909090908,0.22363636363636363,0.9833333333333333,98.35809523809523,82.60695652173914,29.12409090909091,2.8277272727272726,1.785,345634.5599999998
2025-11-09,6200,99.73954545454545,99.86772727272728,0.20772727272727273,0.9890476190476191,98.92095238095239,82.60652173913044,26.680909090909093,4.030454545454545,3.891818181818182,345643.1999999998
2025-11-10,6200,99.72863636363637,99.85772727272727,0.19545454545454544,0.9877272727272728,98.72000000000001,82.6086956521739,25.36090909090909,3.755454545454546,4.033181818181817,345600.00000000023
2025-11-11,6200,99.74818181818182,99.8559090909091,0.2281818181818182,0.9895454545454545,98.82863636363636,82.58217391304348,26.631363636363634,4.725909090909091,4.331818181818182,346127.04000000004
2025-11-12,6200,99.76695652173912,99.88565217391304,0.2034782608695652,0.9908695652173912,98.99434782608695,80.49,28.627826086956524,4.205652173913044,4.0834782608695654,404559.3600000001
2025-11-13,6200,99.75565217391305,99.87739130434782,0.1947826086956522,0.9895652173913042,98.81782608695652,83.28583333333333,27.03521739130435,4.147391304347826,3.924782608695652,346584.96000000014
2025-11-14,6200,99.60521739130435,99.79826086956523,0.08652173913043479,0.9757142857142856,97.53857142857143,83.31333333333333,25.060434782608695,2.9709090909090907,1.75,346014.7200000001
2025-11-15,6200,99.56260869565217,99.89999999999999,0.5908695652173913,0.9904545454545454,99.0468181818182,83.18291666666667,26.739565217391306,4.708695652173913,2.3021739130434784,348719.03999999986
2025-11-16,6200,99.63434782608697,99.88521739130435,0.18130434782608695,0.989090909090909,98.83318181818181,83.26416666666667,25.560434782608695,3.34304347826087,3.8082608695652174,347034.2399999999
2025-11-17,6200,99.73521739130435,99.84869565217392,0.18869565217391304,0.9873913043478261,98.71434782608695,83.28458333333333,26.105217391304347,2.968695652173913,4.070434782608696,346610.8800000001
2025-11-18,6200,99.75826086956522,99.85913043478261,0.2034782608695652,0.9908695652173912,98.97608695652173,83.29625,27.59695652173913,3.2169565217391303,4.0486956521739135,346368.9599999999
2025-11-19,6200,99.74782608695651,99.8404347826087,0.23391304347826086,0.9904347826086957,98.99652173913044,83.29625,26.071304347826086,3.761304347826087,3.9126086956521737,346368.9599999999
2025-11-20,6200,99.77739130434783,99.8591304347826,0.20913043478260868,0.9869565217391304,98.6595652173913,83.16250000000001,26.72,3.596086956521739,3.882608695652174,349142.3999999999
2025-11-21,6200,99.22521739130434,99.67999999999999,0.411304347826087,0.9847619047619047,98.44809523809523,83.33041666666666,28.237826086956524,4.778695652173913,1.1008695652173912,345660.4800000001
2025-11-22,6200,99.72521739130434,99.89521739130436,0.10999999999999999,0.9868181818181818,98.67909090909092,83.33333333333333,29.29086956521739,3.9717391304347824,1.9443478260869564,345600.0000000002
2025-11-23,6200,99.75695652173913,99.87608695652175,0.21086956521739128,0.9891304347826086,98.86391304347826,83.32208333333334,28.293478260869566,3.2717391304347827,4.192608695652174,345833.27999999985
2025-11-24,6200,99.77043478260869,99.88260869565218,0.1930434782608696,0.9873913043478261,98.65652173913043,83.33333333333333,28.520869565217392,3.8256521739130434,4.072173913043478,345600.0000000002
2025-11-25,6200,99.7595652173913,99.85478260869564,0.18869565217391304,0.9852173913043478,98.50173913043479,83.33333333333333,28.045217391304345,3.3817391304347826,4.159130434782608,345600.0000000002
2025-11-26,6200,99.7591304347826,99.85043478260869,0.18608695652173915,0.9869565217391304,98.73391304347827,83.26583333333333,29.225652173913044,5.148695652173913,3.931739130434783,346999.6800000001
2025-11-27,6200,99.81782608695652,99.8708695652174,0.19695652173913045,0.9882608695652174,98.77260869565217,83.33333333333333,28.36913043478261,3.823478260869565,3.934347826086957,345600.0000000002
2025-11-28,6200,99.79304347826086,99.87130434782608,0.16391304347826088,0.9822727272727273,98.13454545454546,83.33208333333333,29.54869565217391,2.638571428571429,1.1517391304347826,345625.9200000001
2025-11-29,6200,99.69086956521738,99.72260869565217,0.18782608695652175,0.9872727272727272,98.76454545454546,82.69666666666667,29.576521739130435,3.433913043478261,1.9717391304347827,358801.91999999987
2025-11-30,6200,99.77565217391304,99.85391304347826,0.18478260869565216,0.9900000000000001,98.915,82.08416666666666,28.31,3.7243478260869565,4.22304347826087,371502.7200000002
2025-12-01,6200,99.77,99.88782608695652,0.20608695652173914,0.9908695652173912,99.03565217391305,82.63875,28.443913043478258,3.806086956521739,4.075217391304348,360002.8799999999
2025-12-02,6200,99.75695652173913,99.8691304347826,0.1991304347826087,0.9908695652173912,98.99869565217391,82.61625,27.108260869565218,3.7756521739130435,4.106086956521739,360469.4400000002
2025-12-03,6200,99.7591304347826,99.86521739130436,0.19391304347826085,0.9878260869565217,98.75173913043479,82.59458333333333,27.818695652173915,4.022608695652174,4.02695652173913,360918.7199999999
2025-12-04,6200,99.7413043478261,99.88869565217392,0.1760869565217391,0.988695652173913,98.81,82.57708333333333,27.14,3.605652173913043,3.9369565217391305,361281.6
2025-12-05,6200,99.71826086956521,99.88999999999999,0.1973913043478261,0.9813636363636363,98.055,82.6275,26.44695652173913,4.707727272727272,1.4108695652173915,360236.16000000003
2025-12-06,6200,99.69652173913043,99.79565217391306,0.24391304347826087,0.9877272727272728,98.7790909090909,82.54125,27.157391304347826,2.9317391304347824,2.4539130434782606,362024.6399999998
2025-12-07,6200,99.76913043478261,99.9004347826087,0.1943478260869565,0.990909090909091,98.98363636363636,83.01,27.480434782608693,4.096521739130435,4.369565217391305,352304.6399999999
2025-12-08,6200,99.76608695652173,99.88304347826087,0.24130434782608695,0.9904347826086957,98.92956521739131,83.28666666666668,27.882608695652173,4.607391304347826,4.2043478260869565,346567.6799999998
2025-12-09,6200,99.78434782608696,99.86347826086957,0.2530434782608696,0.9882608695652174,98.8308695652174,83.03916666666667,28.030869565217394,4.2043478260869565,4.965217391304348,351699.83999999985
2025-12-10,6200,99.75347826086956,99.85565217391304,0.25,0.9891304347826086,98.78130434782608,84.08333333333333,28.904347826086955,3.6643478260869564,4.606086956521739,330048.0
2025-12-11,6200,99.75608695652173,99.86043478260869,0.2543478260869565,0.9891304347826086,98.81739130434784,84.72041666666667,27.98478260869565,4.567391304347826,4.413913043478261,316837.44000000006
2025-12-12,6200,99.47,99.86478260869565,0.15478260869565216,0.9852380952380952,98.54619047619046,84.72208333333333,25.054347826086957,3.4486363636363633,1.137391304347826,316802.88000000006
2025-12-13,6200,99.6482608695652,99.83782608695653,0.1882608695652174,0.9872727272727272,98.68409090909091,84.72208333333333,29.14608695652174,4.002608695652174,1.6617391304347826,316802.88000000006
2025-12-14,6200,99.76173913043478,99.88304347826087,0.22304347826086957,0.9904347826086957,99.01173913043478,84.72208333333333,28.356521739130432,3.637826086956522,4.1408695652173915,316802.88000000006
2025-12-15,6200,99.78652173913044,99.88434782608697,0.17695652173913046,0.9891304347826086,98.91434782608697,84.72208333333333,29.438695652173916,4.290434782608696,4.18608695652174,316802.88000000006
2025-12-16,6200,99.7695652173913,99.88565217391304,0.19608695652173913,0.988695652173913,98.93739130434783,84.72208333333333,28.066521739130433,3.792173913043478,4.235652173913044,316802.88000000006
2025-12-17,6200,99.7495652173913,99.87347826086958,0.2578260869565217,0.9873913043478261,98.6991304347826,84.72208333333333,27.350869565217394,4.22,4.326521739130435,316802.88000000006
2025-12-18,6200,99.76608695652173,99.85608695652174,0.22826086956521738,0.988695652173913,98.85652173913043,83.62375,29.318695652173915,4.731739130434782,4.265652173913043,339577.92000000004
2025-12-19,6200,99.6704347826087,99.83434782608695,0.21956521739130433,0.9843478260869566,98.32391304347826,75.87125,29.99913043478261,3.689090909090909,1.195217391304348,500333.75999999995
2025-12-20,6200,99.41652173913043,99.72695652173913,0.19347826086956524,0.9821739130434782,98.13869565217392,84.72208333333333,28.282608695652176,3.854347826086957,2.1821739130434783,316802.88000000006
2025-12-21,6200,99.70695652173912,99.86565217391303,0.2,0.9873913043478261,98.66999999999999,84.68083333333333,27.743478260869566,4.198695652173913,4.2700000000000005,317658.2400000001
2025-12-22,6200,99.75782608695651,99.8395652173913,0.2008695652173913,0.988695652173913,98.72608695652173,84.62125,28.331739130434784,4.237826086956522,4.191739130434782,318893.75999999995
2025-12-23,6200,99.77217391304347,99.86695652173913,0.2082608695652174,0.9891304347826086,98.8108695652174,84.71833333333333,27.551304347826086,5.009565217391304,3.7352173913043476,316880.6400000001
2025-12-24,6200,99.62434782608696,99.87260869565218,0.28652173913043477,0.9839130434782608,98.3791304347826,84.65666666666667,29.27913043478261,3.1669565217391304,1.3839130434782607,318159.3599999999
2025-12-25,6200,99.69826086956522,99.88956521739131,0.22434782608695653,0.9773913043478261,97.64739130434782,84.71249999999999,30.001304347826085,4.252608695652174,1.3847826086956523,317001.6000000002
2025-12-26,6200,99.74826086956521,99.86869565217391,0.08565217391304347,0.9871428571428572,98.65571428571428,84.68458333333334,25.11521739130435,3.5276190476190474,0.9004347826086957,317580.47999999986
2025-12-27,6200,99.56434782608696,99.68521739130436,0.1965217391304348,0.9877272727272728,98.72318181818181,84.64375,27.253913043478263,2.6356521739130434,1.23,318427.20000000007
2025-12-28,6200,99.77652173913044,99.91217391304347,0.17347826086956522,0.99,98.95826086956522,83.26916666666666,29.88434782608696,3.486086956521739,3.579565217391304,346930.5600000001
2025-12-29,6200,99.76272727272728,99.88909090909091,0.18454545454545457,0.9886363636363636,98.83136363636363,85.38826086956522,29.632272727272724,5.057272727272728,3.5513636363636363,290364.4800000001
2025-12-30,6200,99.77545454545454,99.89545454545454,0.18227272727272725,0.9895454545454545,98.87181818181817,85.50086956521739,29.65,4.297727272727273,4.004090909090909,288126.7200000001
2025-12-31,6200,99.71363636363635,99.875,0.22227272727272726,0.985909090909091,98.54863636363638,81.94041666666666,28.564090909090908,4.433181818181819,3.5017391304347827,374483.52000000014
2026-01-01,6200,99.76434782608695,99.8991304347826,0.23347826086956522,0.9869565217391304,98.82521739130435,82.73125,28.920434782608694,4.046086956521739,3.351304347826087,358084.8
2026-01-02,6200,99.6208695652174,99.69086956521738,0.16304347826086957,0.9772727272727273,97.70727272727272,84.4975,28.91227272727273,3.5276190476190474,1.0069565217391305,321459.8399999999
2026-01-03,6200,99.68304347826087,99.85217391304347,0.22869565217391302,0.981304347826087,98.08304347826086,84.49333333333333,28.07217391304348,4.898260869565218,1.8652173913043477,321546.2400000003
2026-01-04,6200,99.70347826086956,99.89260869565219,0.21956521739130433,0.9882608695652174,98.81347826086957,84.44791666666667,28.460434782608697,3.382173913043478,4.0056521739130435,322488.0
2026-01-05,6200,99.74391304347827,99.89869565217391,0.21043478260869564,0.9878260869565217,98.7013043478261,84.51,28.265652173913043,3.7221739130434783,4.082173913043478,321200.63999999984
2026-01-06,6200,99.68130434782609,99.88782608695652,0.25130434782608696,0.9860869565217392,98.52913043478262,84.4875,27.7795652173913,3.885652173913044,3.953478260869565,321667.2000000001
2026-01-07,6200,99.72695652173913,99.90565217391304,0.20521739130434782,0.9865217391304348,98.69260869565217,84.47958333333334,27.64695652173913,3.6134782608695653,4.299130434782609,321831.3599999998
2026-01-08,6200,99.72521739130434,99.89260869565219,0.20782608695652174,0.9847826086956522,98.49521739130434,84.25125,28.05,4.815652173913044,3.8486956521739133,326566.08
2026-01-09,6200,99.76478260869565,99.79454545454546,0.11636363636363636,0.9817391304347826,98.17565217391304,84.57625,23.204782608695655,3.8699999999999997,1.3091304347826087,319826.88000000006
2026-01-10,6200,99.74260869565217,99.77739130434783,0.29304347826086957,0.9852173913043478,98.50304347826088,84.48958333333333,27.169999999999998,3.787391304347826,2.2113043478260868,321624.0000000001
2026-01-11,6200,99.77826086956522,99.91217391304347,0.23,0.9882608695652174,98.82782608695652,84.5575,28.336521739130436,4.151304347826087,4.356086956521739,320215.6799999998
2026-01-12,6200,99.75521739130434,99.87695652173913,0.21913043478260869,0.9856521739130434,98.58869565217391,84.51333333333334,27.23304347826087,3.7034782608695656,3.893478260869565,321131.51999999984
2026-01-13,6200,99.77043478260869,99.90869565217392,0.23565217391304347,0.9830434782608696,98.27391304347827,83.42375,27.008695652173916,3.654782608695652,4.009565217391304,343725.12000000005
2026-01-14,6200,99.74739130434783,99.89521739130436,0.20521739130434782,0.9882608695652174,98.78347826086956,82.38375,27.678260869565218,4.016521739130434,3.9082608695652175,365290.55999999976
2026-01-15,6200,99.75217391304349,99.91086956521738,0.20478260869565218,0.9860869565217392,98.50260869565217,82.37708333333333,26.85565217391304,3.7717391304347827,3.611739130434782,365428.8
2026-01-16,6200,99.57565217391303,99.80217391304348,0.1947826086956522,0.9813636363636363,98.18181818181819,82.415,31.437391304347823,3.8782608695652177,1.077391304347826,364642.5599999999
2026-01-17,6200,99.76521739130435,99.86434782608696,0.12608695652173912,0.985909090909091,98.58363636363637,82.39666666666666,29.48652173913043,3.3739130434782605,1.8856521739130434,365022.7200000001
2026-01-18,6200,99.77260869565217,99.89608695652174,0.2682608695652174,0.9877272727272728,98.70363636363636,81.64458333333333,28.03217391304348,2.5391304347826087,4.053913043478261,380617.92000000004
2026-01-19,6200,99.76043478260868,99.89695652173914,0.24130434782608695,0.9882608695652174,98.80173913043478,82.65458333333333,25.571304347826086,3.8099999999999996,4.222608695652174,359674.56000000006
2026-01-20,6200,99.73086956521739,99.86043478260869,0.29695652173913045,0.9873913043478261,98.70478260869565,82.72916666666667,26.35217391304348,3.7600000000000002,4.395217391304348,358127.9999999998
2026-01-21,6200,99.69434782608695,99.88869565217392,0.2691304347826087,0.9830434782608696,98.3108695652174,82.64291666666666,27.467391304347824,4.2095652173913045,4.413043478260869,359916.48000000004
2026-01-22,6200,99.73478260869565,99.88782608695652,0.24434782608695652,0.9856521739130436,98.58000000000001,82.74708333333334,28.735217391304346,3.744782608695652,4.118260869565217,357756.4799999999
2026-01-23,6200,98.08565217391303,99.7495652173913,0.21608695652173912,0.981304347826087,98.12173913043479,82.39708333333333,28.623043478260872,6.203043478260869,1.4182608695652172,365014.08
2026-01-24,6200,99.5808695652174,99.83173913043478,0.22434782608695653,0.9873913043478261,98.6691304347826,82.80791666666667,25.05217391304348,4.4573913043478255,4.290869565217392,356495.0399999999
2026-01-25,6200,99.76347826086956,99.88347826086957,0.2465217391304348,0.9882608695652174,98.91,82.70083333333334,26.464347826086954,3.9456521739130435,5.345652173913043,358715.51999999996
2026-01-26,6200,99.7686956521739,99.8904347826087,0.23391304347826086,0.982608695652174,98.2108695652174,82.54083333333334,26.499565217391304,4.025217391304348,4.856521739130435,362033.27999999985
2026-01-27,6200,99.72318181818181,99.86636363636363,0.27090909090909093,0.9886363636363636,98.76454545454546,78.59458333333333,24.92681818181818,4.159090909090909,4.138636363636364,443862.72
2026-01-28,6200,99.75,99.88545454545455,0.23227272727272724,0.985909090909091,98.55181818181818,78.68958333333333,26.96318181818182,3.355909090909091,4.149545454545454,441892.8
2026-01-29,6200,99.71909090909092,99.88636363636364,0.2127272727272727,0.985909090909091,98.50090909090909,78.70166666666667,27.224545454545453,2.960909090909091,3.8854545454545457,441642.23999999993
2026-01-30,6200,99.67739130434782,99.8395652173913,0.1852173913043478,0.9731818181818181,97.36727272727272,79.68291666666667,29.87772727272727,3.341818181818182,1.2669565217391305,421295.0399999999
2026-01-31,6200,99.59391304347825,99.87260869565218,0.17173913043478262,0.9849999999999999,98.52636363636363,82.80458333333333,29.138260869565215,4.437391304347826,1.6752173913043478,356564.16000000015
2026-02-01,6200,99.52695652173912,99.88565217391304,0.23173913043478261,0.9818181818181819,98.24545454545455,82.75750000000001,24.933478260869567,2.3130434782608695,2.4469565217391307,357540.47999999986
2026-02-02,6200,99.70739130434782,99.48608695652173,0.25478260869565217,0.9895454545454545,98.84272727272727,82.81166666666667,23.47391304347826,3.5156521739130433,5.096521739130435,356417.2799999999
2026-02-03,6200,99.68434782608695,99.85434782608696,0.2426086956521739,0.9845454545454545,98.4040909090909,81.74833333333333,26.37173913043478,3.4369565217391305,3.997826086956522,378466.56
2026-02-04,6200,99.70136363636362,99.79045454545454,0.2413636363636364,0.9799999999999999,98.08285714285714,82.71608695652174,25.045909090909092,3.675,4.215,343465.92
2026-02-05,6200,99.71217391304349,99.86565217391303,0.25956521739130434,0.9854545454545455,98.48454545454545,71.705,26.323043478260868,3.6995652173913043,3.8334782608695654,586725.1200000001
2026-02-06,6200,99.65478260869565,99.82478260869564,0.17130434782608694,0.9786363636363636,97.8,80.86083333333333,29.08818181818182,4.252727272727273,1.1056521739130434,396869.7599999999
2026-02-07,6200,99.63909090909091,99.84545454545454,0.2595454545454545,0.9842857142857142,98.28761904761905,82.76478260869565,30.445909090909094,4.161818181818182,1.8550000000000002,342498.24
2026-02-08,6200,99.74347826086957,99.86652173913043,0.26304347826086955,0.9881818181818182,98.82318181818182,81.23375,26.847391304347827,3.107391304347826,4.129565217391304,389136.9599999999
2026-02-09,6200,99.77875,99.76125,0.24304347826086956,0.9845833333333333,98.43916666666667,80.8772,28.211250000000003,4.422916666666667,4.385217391304348,413052.4799999999
2026-02-10,6200,99.75040000000001,99.69040000000001,0.3616,0.9892,98.876,82.12153846153845,26.566,4.7416,4.1704,401621.76000000036
2026-02-11,6200,99.7276,99.7076,0.2732,0.988,98.73559999999999,84.10192307692309,26.6308,3.91,4.284800000000001,357134.3999999997
2026-02-12,6200,99.6192,99.69,0.24280000000000002,0.9887999999999999,98.8052,83.97307692307693,28.214000000000002,4.3392,3.8051999999999997,360028.7999999999
2026-02-13,6200,99.494,99.73440000000001,0.23399999999999999,0.98375,98.26458333333333,80.91961538461538,26.722799999999996,3.96,1.036,428621.76
2026-02-14,6200,99.58708333333334,99.62625000000001,0.285,0.9852173913043478,98.46478260869566,80.20038461538462,29.38208333333333,3.5608333333333335,1.625,444778.5599999998
2026-02-15,6200,99.71958333333333,99.61666666666667,0.26,0.9878260869565217,98.67999999999999,69.53384615384616,27.226249999999997,3.5275,3.7616666666666667,684391.6799999999
2026-02-16,6200,99.77875,99.64541666666668,0.2070833333333333,0.9895652173913042,98.98565217391305,79.93807692307692,27.633333333333336,3.6475000000000004,3.5716666666666668,450671.04000000015
2026-02-17,6200,99.53708333333333,99.45,0.23625,0.9747826086956521,97.46521739130434,79.74884615384615,26.537916666666664,2.8191666666666664,1.1745833333333333,454921.9200000003
2026-02-18,6200,99.6968,99.83040000000001,0.3028,0.9895833333333334,98.89208333333333,82.14692307692309,27.7824,3.1039999999999996,3.5332,401051.51999999984
2026-02-19,6200,99.67399999999999,99.88600000000001,0.2712,0.9879166666666667,98.745,81.55115384615384,32.2892,2.296,2.3124000000000002,414434.88000000024
2026-02-20,6200,99.64920000000001,99.7352,0.196,0.9824999999999999,98.22458333333333,84.02807692307692,24.896,2.1963999999999997,0.9272,358793.28
2026-02-21,6200,99.6212,99.8544,0.41519999999999996,0.9824999999999999,98.22333333333334,83.26730769230768,27.702399999999997,3.0444,1.3824,375883.2000000003
2026-02-22,6200,99.68520000000001,99.8716,0.4068,0.98875,98.8075,83.60884615384614,29.779600000000002,3.1595999999999997,2.7044,368210.88000000035
2026-02-23,6200,99.68959999999998,99.89120000000001,0.37439999999999996,0.9920833333333333,99.10583333333334,80.16961538461538,27.21,2.984,2.6632,445469.7600000001
2026-02-24,6200,99.6352,99.8844,0.3764,0.9883333333333333,98.805,82.87692307692308,30.988400000000002,4.0508,2.6127999999999996,384652.7999999999
2026-02-25,6200,99.80833333333334,99.86916666666667,0.2325,0.991304347826087,99.06173913043479,79.81,29.410416666666666,2.7558333333333334,2.6366666666666667,453548.1599999999
2026-02-26,6200,99.7132,99.89040000000001,0.24919999999999998,0.9895833333333334,98.98625,82.14461538461539,34.4404,2.8084000000000002,2.4704,401103.3599999998
2026-02-27,6200,99.6356,99.7556,0.22080000000000002,0.9812500000000001,98.02083333333333,83.36923076923077,24.8796,2.0924,0.9416,373593.5999999999
2026-02-28,6200,99.5696,99.76799999999999,0.4252,0.9862500000000001,98.60000000000001,84.01076923076924,24.836,2.4859999999999998,1.3075999999999999,359182.07999999967
2026-03-01,6200,99.81559999999999,99.8788,0.242,0.98875,98.85541666666666,83.59423076923076,29.3736,2.8583999999999996,2.7704000000000004,368539.20000000024
2026-03-02,6200,99.8028,99.8812,0.29960000000000003,0.99125,99.07041666666667,83.73538461538462,31.266,3.2092,2.6008,365368.31999999983
2026-03-03,6200,99.76440000000001,99.8908,0.2648,0.9874999999999999,98.7725,83.51807692307692,30.0156,2.9827999999999997,2.6644,370249.92
2026-03-04,6200,99.56230769230768,99.88115384615384,0.3665384615384616,0.9908333333333333,98.98541666666667,83.62230769230769,30.045384615384616,3.6665384615384613,2.881153846153846,367908.48000000016
2026-03-05,6200,99.80692307692308,99.8876923076923,0.17461538461538462,0.9879166666666667,98.74916666666667,86.53192307692308,29.80807692307692,3.826923076923077,2.507307692307692,302546.87999999995
2026-03-06,6200,99.47769230769231,99.73923076923076,0.275,0.9824999999999999,98.21375,74.64192307692308,24.823076923076922,2.219230769230769,1.0573076923076923,569643.84
2026-03-07,6200,99.7576923076923,99.82538461538462,0.13846153846153847,0.9854166666666666,98.50875,86.76769230769231,32.21653846153846,2.9496153846153845,1.3642307692307691,297250.5599999999
2026-03-08,6200,99.72269230769231,99.86961538461539,0.2023076923076923,0.988,98.7016,87.03692307692307,31.37076923076923,4.0053846153846155,2.5342307692307693,291202.55999999994
2026-03-09,6200,99.8096153846154,99.86192307692308,0.16115384615384615,0.988,98.8032,87.09423076923076,30.223846153846157,3.8176923076923073,2.9203846153846156,289915.2000000001
2026-03-10,6200,99.8173076923077,99.88807692307692,0.19769230769230767,0.9908,99.0124,86.51115384615385,30.06230769230769,3.6184615384615384,2.509230769230769,303013.44000000006
2026-03-11,6200,99.75923076923078,99.86576923076925,0.21115384615384616,0.988,98.78399999999999,85.7026923076923,28.123076923076926,4.142307692307693,2.7684615384615388,321174.72000000003
2026-03-12,6200,99.565,99.86769230769231,0.23500000000000001,0.9876,98.77959999999999,86.7476923076923,30.361153846153847,3.0546153846153845,2.302692307692308,297699.8400000001
2026-03-13,6200,99.50884615384615,99.84461538461538,0.36115384615384616,0.9840000000000001,98.36280000000001,86.27269230769231,25.917307692307695,2.6208,1.061923076923077,308370.23999999993
2026-03-14,6200,99.65307692307692,99.83692307692309,0.1696153846153846,0.9795833333333333,97.92083333333333,87.025,32.669230769230765,3.1003846153846153,1.323076923076923,291470.39999999985
2026-03-15,6200,99.77461538461537,99.89538461538463,0.19692307692307692,0.988,98.83,86.55384615384615,29.50423076923077,3.0957692307692306,2.4534615384615384,302054.40000000014
2026-03-16,6200,99.64653846153846,99.89115384615386,0.19230769230769232,0.9743999999999999,97.4816,83.735,29.505384615384614,3.892692307692308,2.04,365376.9599999999
2026-03-17,6200,99.6776,99.7676,0.2,0.9876,98.656,85.1992,25.9892,2.7072000000000003,1.6616,319697.2799999998
2026-03-18,6200,99.738,99.874,0.20199999999999999,0.9904,98.98479999999999,84.7104,25.072,2.8339999999999996,2.0096000000000003,330255.3599999998
2026-03-19,6200,99.53576923076922,99.87230769230769,0.18384615384615385,0.9736,97.30799999999999,82.80384615384615,24.347692307692306,3.7007692307692306,1.6365384615384615,386294.4000000001
2026-03-20,6200,99.37192307692308,99.68038461538461,0.14384615384615385,0.9882608695652174,98.69173913043478,85.0973076923077,22.6644,2.3344,0.9288461538461538,334774.07999999984
2026-03-21,6200,99.4684,99.6788,0.18560000000000001,0.9866666666666667,98.66791666666667,85.08115384615385,25.3488,1.9864000000000002,0.9884615384615384,335136.9599999998
2026-03-22,6200,99.49538461538462,99.7623076923077,0.21807692307692308,0.9734782608695652,97.2695652173913,85.21115384615383,22.80923076923077,2.294,1.0557692307692308,332216.64000000036
2026-03-23,6200,99.59846153846154,99.72769230769231,0.15846153846153846,0.9829166666666667,98.30916666666667,85.30576923076923,26.38576923076923,3.4073076923076924,1.363846153846154,330091.2000000001
2026-03-24,6200,99.79692307692306,99.87961538461538,0.2326923076923077,0.99,98.9684,85.78153846153847,29.05807692307692,3.552692307692308,2.7453846153846153,319403.51999999967
2026-03-25,6200,99.75384615384615,99.88307692307693,0.24653846153846154,0.9884000000000001,98.9368,86.12538461538462,28.46,4.24923076923077,2.9749999999999996,311679.36
2026-03-26,6200,99.785,99.86538461538461,0.2619230769230769,0.9904,98.98039999999999,86.16115384615385,28.98,4.154615384615385,3.0900000000000003,310875.83999999997
2026-03-27,6200,99.662,99.7956,0.15076923076923077,0.98,97.97739130434783,85.83346153846153,26.7104,4.1160000000000005,1.456923076923077,318237.12000000017
2026-03-28,6200,99.55423076923077,99.76653846153846,0.27115384615384613,0.9884000000000001,98.75120000000001,86.42538461538462,27.40269230769231,3.6530769230769233,1.7757692307692308,304940.16000000003
2026-03-29,6200,99.75423076923077,99.84961538461539,0.20923076923076925,0.9892,98.91,86.1676923076923,26.873076923076926,3.7396153846153846,3.910769230769231,310728.96000000014
2026-03-30,6200,99.79115384615385,99.89538461538463,0.18730769230769231,0.992,99.10520000000001,86.09384615384616,27.023846153846154,3.501153846153846,4.148846153846154,312387.83999999997
2026-03-31,6200,99.73346153846154,99.88153846153847,0.21461538461538462,0.988,98.6868,71.40615384615384,26.140384615384615,4.101153846153846,3.680769230769231,642332.1600000001
2026-04-01,6200,99.77653846153846,99.88000000000001,0.20346153846153847,0.9792307692307692,97.93384615384615,86.10192307692309,26.14423076923077,4.017307692307693,4.054615384615385,312206.3999999999
2026-04-02,6200,99.77230769230769,99.87846153846155,0.21115384615384616,0.9904,98.9392,86.48615384615384,26.82884615384615,3.5276923076923077,3.880769230769231,303575.04000000027
2026-04-03,6200,99.51846153846154,99.85730769230769,0.22153846153846152,0.9840000000000001,98.40799999999999,85.77307692307691,28.244,3.2092,1.918076923076923,319593.6000000001
2026-04-04,6200,99.58692307692309,99.67192307692306,0.2326923076923077,0.9868000000000001,98.63680000000001,86.88884615384616,28.807307692307692,4.062692307692307,2.4707692307692306,294528.95999999996
2026-04-05,6200,99.77884615384616,99.89230769230768,0.22,0.9887999999999999,98.932,87.20192307692308,26.603846153846156,3.5007692307692304,4.218461538461539,287495.9999999999
2026-04-06,6200,99.77615384615385,99.8826923076923,0.21038461538461536,0.9908,99.06559999999999,85.855,25.560769230769232,3.4226923076923077,3.8884615384615384,317753.2799999999
2026-04-07,6200,99.72192307692308,99.88230769230769,0.22,0.99,98.9768,87.25884615384615,25.731153846153845,3.456538461538462,4.087307692307692,286217.28000000014
2026-04-08,6200,99.73538461538462,99.865,0.24730769230769228,0.9892,98.8392,87.44576923076923,28.072307692307692,3.251923076923077,3.988076923076923,282018.24
2026-04-09,6200,99.74730769230769,99.8623076923077,0.2253846153846154,0.99,98.94959999999999,87.36384615384615,27.955000000000002,3.653461538461538,3.9584615384615387,283858.5599999999
2026-04-10,6200,99.64230769230768,99.78884615384615,0.12615384615384617,0.9788,97.8808,86.83346153846153,27.8125,4.008333333333334,1.5023076923076923,295773.12000000017
2026-04-11,6200,99.6923076923077,99.785,0.16538461538461538,0.9867999999999999,98.7208,87.5,27.52846153846154,3.675,2.2819230769230767,280800.0
2026-04-12,6200,99.72192307692308,99.86461538461539,0.32769230769230767,0.9643999999999999,96.34639999999999,85.58846153846154,26.02192307692308,3.6561538461538463,4.371153846153846,323740.7999999998
2026-04-13,6200,99.74730769230769,99.84653846153847,0.2726923076923077,0.9892,98.80959999999999,85.46230769230769,27.505,3.9026923076923077,4.321153846153846,326574.72
2026-04-14,6200,99.78807692307693,99.83846153846154,0.2326923076923077,0.9867999999999999,98.6204,88.06653846153846,26.598461538461535,3.700384615384615,4.447692307692308,268073.2800000001
2026-04-15,6200,99.80000000000001,99.85230769230769,0.2373076923076923,0.9912000000000001,99.08879999999999,88.01846153846154,26.32807692307692,3.7811538461538463,4.314230769230769,269153.2800000001
2026-04-16,6200,99.74653846153845,99.85153846153845,0.2734615384615385,0.9876,98.59280000000001,87.535,27.12923076923077,3.3069230769230766,4.0661538461538465,280013.76000000007
2026-04-17,6200,99.63538461538461,99.59423076923076,0.11153846153846153,0.9856,98.552,87.80807692307692,26.7452,3.06,1.57,273879.3599999999
2026-04-18,6200,99.66269230769231,99.84038461538461,0.1930769230769231,0.9864,98.656,87.67846153846153,29.403846153846153,4.360384615384615,2.1134615384615385,276791.04
2026-04-19,6200,99.75384615384615,99.87192307692308,0.23461538461538461,0.9908,98.9608,87.27923076923078,24.52269230769231,4.064615384615385,4.1657692307692304,285759.35999999987
2026-04-20,6200,99.77192307692309,99.84461538461538,0.21807692307692308,0.9908,99.0556,87.44269230769231,25.220769230769232,3.5053846153846155,4.277692307692307,282087.3599999998
2026-04-21,6200,99.78076923076924,99.87307692307692,0.22307692307692306,0.9912000000000001,99.1172,87.67076923076924,26.180384615384618,3.6484615384615386,4.312692307692307,276963.8399999998
2026-04-22,6200,99.79961538461538,99.88384615384615,0.24653846153846154,0.9915999999999999,99.1312,87.11961538461539,27.720000000000002,3.894615384615385,4.461538461538462,289344.9599999999
2026-04-23,6200,99.74461538461539,99.87346153846154,0.20384615384615384,0.9908,99.00399999999999,87.72461538461539,27.006153846153843,3.335384615384615,3.9465384615384616,275754.2399999999
2026-04-24,6200,99.43538461538462,99.7623076923077,0.125,0.9841666666666667,98.40125,87.78730769230768,30.031599999999997,3.1580769230769232,1.6576923076923078,274345.9200000003
2026-04-25,6200,99.69192307692308,99.58461538461538,0.19576923076923075,0.9874999999999999,98.75666666666666,87.74,25.88,3.6257692307692304,2.626153846153846,275408.6400000001
2026-04-26,6200,99.78461538461539,99.85461538461537,0.22884615384615387,0.9895999999999999,98.9772,87.77153846153846,25.892692307692307,3.8419230769230768,4.561153846153847,274700.1600000001
2026-04-27,6200,99.69615384615385,99.81230769230768,0.23500000000000001,0.9904,98.97200000000001,87.44384615384615,23.66846153846154,4.020769230769231,5.140769230769231,282061.4400000001
2026-04-28,6200,99.64384615384614,99.85692307692308,0.21884615384615386,0.9867999999999999,98.68360000000001,87.71807692307692,25.57923076923077,4.140384615384615,4.282307692307692,275901.11999999994
2026-04-29,6200,99.72076923076924,99.86,0.22230769230769232,0.9876,98.6948,87.7373076923077,25.731153846153845,4.318461538461539,4.350384615384615,275469.1199999999
2026-04-30,6200,99.76846153846154,99.88038461538461,0.22692307692307695,0.9858333333333333,98.58625,87.025,27.238846153846154,4.251153846153846,3.9723076923076923,291470.39999999985
2026-05-01,6200,99.7332,99.84,0.15600000000000003,0.9795833333333334,98.00083333333333,88.6364,29.231666666666666,2.9783333333333335,1.5088,245453.76000000015
2026-05-02,6200,99.7052,99.85719999999999,0.1744,0.9858333333333333,98.58208333333333,85.53153846153847,26.814,3.4415999999999998,2.513076923076923,325019.5199999998
2026-05-03,6200,99.79807692307692,99.86461538461539,0.23846153846153847,0.9884000000000001,98.8192,86.63615384615385,26.079615384615387,4.411153846153846,4.547692307692308,300205.4400000001
2026-05-04,6200,99.71576923076924,99.89615384615385,0.2380769230769231,0.9887999999999999,98.7824,87.42961538461539,27.43653846153846,4.1,4.202307692307692,282381.1199999999
2026-05-05,6200,99.72846153846154,99.8426923076923,0.255,0.9864,98.684,87.77346153846155,24.772307692307695,4.271153846153846,4.4946153846153845,274656.95999999973
2026-05-06,6200,99.7476923076923,99.87923076923077,0.22,0.988,98.77159999999999,87.47615384615385,26.228461538461538,3.1276923076923073,4.2846153846153845,281335.67999999993
2026-05-07,6200,99.6676923076923,99.86923076923077,0.38423076923076926,0.9852,98.4684,87.77076923076923,28.603076923076927,3.162692307692308,3.903076923076923,274717.44
2026-05-08,6200,99.61576923076925,99.76076923076924,0.23346153846153847,0.982,98.1608,86.89653846153846,29.292800000000003,2.9760000000000004,1.2538461538461538,294356.1600000002
2026-05-09,6200,99.50076923076924,99.71653846153846,0.21615384615384617,0.9736,97.2556,87.33269230769231,26.339615384615385,4.773076923076923,2.2834615384615384,284558.3999999998
2026-05-10,6200,99.77846153846153,99.88423076923075,0.22923076923076924,0.986,98.61880000000001,87.36846153846153,27.46,4.275384615384615,4.358461538461539,283754.88000000024
2026-05-11,6200,99.74730769230769,99.8473076923077,0.2557692307692308,0.9873076923076922,98.67153846153846,87.12653846153846,24.791923076923077,3.224615384615385,4.5661538461538465,289189.44
2026-05-12,6200,99.76846153846154,99.85115384615385,0.23923076923076922,0.9853846153846154,98.44653846153847,83.79925925925926,25.925769230769227,3.751923076923077,4.4738461538461545,377930.87999999995
2026-05-13,6200,99.75,99.82423076923077,0.2326923076923077,0.9873076923076922,98.72461538461539,83.8225925925926,25.205000000000002,4.106923076923077,4.95423076923077,377386.5599999997
2026-05-14,6200,99.72384615384615,99.87653846153846,0.2246153846153846,0.9864,98.6408,87.18538461538462,26.166153846153847,3.561153846153846,4.1899999999999995,287867.5199999999
2026-05-15,6200,99.61280000000001,99.704,0.18760000000000002,0.9804166666666667,98.00458333333334,86.7256,27.616,2.9408,1.5212,286727.0399999999
2026-05-16,6200,99.5432,99.8268,0.2184,0.9833333333333334,98.23291666666667,86.8072,27.363200000000003,3.9436,2.7352,284964.4800000001
2026-05-17,6200,99.79719999999999,99.8956,0.23,0.98625,98.57166666666667,86.8336,24.3008,3.7396,5.246,284394.24
2026-05-18,6200,99.73559999999999,99.88719999999999,0.24600000000000002,0.9852,98.5208,86.8224,24.913600000000002,4.2332,4.4856,284636.16000000003
2026-05-19,6200,99.7724,99.86200000000001,0.2932,0.9848,98.5184,86.7568,25.5096,3.9559999999999995,4.4924,286053.12
2026-05-20,6200,99.76,99.7704,0.2072,0.98875,98.84125,86.92,24.720399999999998,4.0851999999999995,4.5524000000000004,282528.00000000006
2026-05-21,6200,99.70576923076922,99.74423076923077,0.2553846153846154,0.9832,98.25959999999999,83.93961538461538,26.23576923076923,3.8303846153846157,4.045384615384615,360780.48
2026-05-22,6200,99.4792,99.72200000000001,0.15960000000000002,0.9779166666666667,97.70041666666667,83.24615384615385,25.9236,4.0443999999999996,1.2804,376358.39999999997
2026-05-23,6200,99.66239999999999,99.8708,0.1924,0.9829166666666667,98.24541666666666,83.39230769230768,29.887200000000004,3.5343999999999998,1.8656,373075.20000000036
2026-05-24,6200,99.788,99.8652,0.22399999999999998,0.9866666666666667,98.62374999999999,83.45961538461538,28.131999999999998,3.9583999999999997,4.126,371563.2000000003
2026-05-25,6200,99.60423076923077,99.69153846153846,0.6830769230769231,0.9852,98.48,85.35153846153845,28.97923076923077,3.409615384615385,3.688076923076923,329063.0400000001
2026-05-26,6200,99.53769230769231,99.52576923076923,0.5969230769230769,0.9752,97.494,86.43115384615385,33.276923076923076,2.7365384615384616,1.2846153846153845,304810.5599999999
2026-05-27,6200,98.2046153846154,99.66846153846154,0.4003846153846154,0.9721739130434782,97.16260869565217,85.7046153846154,33.550399999999996,1.933076923076923,0.9615384615384616,321131.5199999999
2026-05-28,6200,99.44192307692308,99.60730769230769,0.445,0.975,97.49681818181817,85.5596153846154,31.169999999999998,2.7734615384615386,1.2011538461538462,324388.79999999976
2026-05-29,6200,99.42,99.58500000000001,0.6246153846153847,0.9795652173913044,97.90086956521738,85.90115384615385,25.627599999999997,2.3412,1.2503846153846152,316716.48000000004
2026-05-30,6200,99.2376923076923,99.60923076923078,0.5473076923076923,0.982608695652174,98.1713043478261,86.05153846153847,28.56230769230769,2.835384615384615,1.561923076923077,313338.2399999999
2026-05-31,6200,99.58153846153846,99.63615384615385,0.6503846153846153,0.9458333333333333,94.675,86.4523076923077,27.912307692307692,3.605769230769231,3.2584615384615385,304335.3599999999
2026-06-01,6200,99.58192307692308,99.61615384615385,0.7323076923076923,0.99,99.0456,86.36538461538461,26.361923076923077,3.803076923076923,3.8176923076923077,306288.0000000001
2026-06-02,6200,99.58461538461538,99.59576923076922,0.7219230769230769,0.9872,98.686,86.78615384615385,24.03923076923077,4.065769230769231,4.543846153846154,296835.84
2026-06-03,6200,99.58153846153846,99.48807692307693,0.7619230769230769,0.9828,98.1944,86.58846153846154,24.90269230769231,3.521153846153846,4.861923076923077,301276.7999999998
2026-06-04,6200,99.55461538461539,99.5596153846154,0.7911538461538462,0.9904,98.9184,87.12346153846154,26.303461538461537,3.883846153846154,4.271538461538461,289258.5599999999
2026-06-05,6200,99.29692307692306,99.53153846153847,0.5626923076923077,0.9872,98.7256,86.22,24.958,2.7196,1.4142307692307692,309553.9200000001
2026-06-06,6200,99.44576923076923,99.61423076923076,0.6042307692307692,0.98,97.90559999999999,87.51384615384616,24.809615384615384,3.6500000000000004,2.2773076923076925,280488.9599999998
2026-06-07,6200,99.71115384615383,99.75538461538461,0.37999999999999995,0.9864,98.6328,86.25307692307692,25.743076923076924,3.7803846153846155,4.976153846153846,308810.88000000006
2026-06-08,6200,99.73576923076924,99.81230769230768,0.3403846153846154,0.988,98.8016,87.24730769230769,25.431538461538462,4.396153846153846,5.071923076923077,286476.48000000016
2026-06-09,6200,99.71692307692307,99.80730769230769,0.3638461538461539,0.9884000000000001,98.80799999999999,87.4873076923077,26.468461538461536,4.163461538461538,5.309230769230769,281085.12
2026-06-10,6200,99.71076923076923,99.83730769230769,0.3515384615384616,0.9852,98.4464,87.35346153846154,25.25653846153846,3.8361538461538465,5.336153846153847,284091.83999999997
2026-06-11,6200,99.735,99.83269230769231,0.32076923076923075,0.9856,98.49520000000001,86.46538461538461,26.16846153846154,3.94,5.093846153846154,304041.6000000001
2026-06-12,6200,99.70280000000001,99.7432,0.23079999999999998,0.9691666666666666,96.81791666666668,86.11840000000001,26.0044,3.06,1.7892,299842.5599999999
2026-06-13,6200,99.61040000000001,99.8372,0.2556,0.9700000000000001,96.93333333333334,86.9076,21.276799999999998,3.5164,2.3184,282795.83999999985
2026-06-14,6200,99.75120000000001,99.8048,0.322,0.9779166666666667,97.76916666666666,86.87200000000001,24.659200000000002,3.7992000000000004,4.6124,283564.79999999964
2026-06-15,6200,99.7292,99.80879999999999,0.3048,0.9854166666666666,98.45625,86.9296,25.781999999999996,5.3364,4.854,282320.6400000001
2026-06-16,6200,99.6628,99.80879999999999,0.23,0.9808333333333333,98.16791666666667,86.5412,25.172400000000003,3.1192,2.8344,290710.07999999984
2026-06-17,6200,99.712,99.8372,0.3132,0.98375,98.20375,83.1923076923077,24.342399999999998,3.7807999999999997,4.094230769230769,377567.9999999999
2026-06-18,6200,99.645,99.82846153846154,0.28192307692307694,0.9836,98.2832,83.90115384615385,23.186923076923076,4.613846153846154,4.603461538461539,361644.4800000001
2026-06-19,6200,99.61538461538461,99.49192307692307,0.20846153846153845,0.972,97.2004,87.17846153846153,24.64423076923077,3.4642307692307694,1.7426923076923078,288023.04000000004
2026-06-20,6200,99.61461538461539,99.81576923076923,0.22961538461538464,0.9728,97.21520000000001,87.33423076923077,25.93307692307692,3.528461538461539,2.3076923076923075,284523.83999999997
2026-06-21,6200,99.69615384615385,99.82461538461538,0.35423076923076924,0.9842307692307692,98.46153846153847,87.25307692307692,26.130384615384614,3.990769230769231,5.2869230769230775,286346.88
2026-06-22,6200,99.65846153846154,99.8223076923077,0.3765384615384615,0.9876923076923076,98.73115384615386,86.23692307692308,24.91076923076923,4.128461538461538,5.136538461538462,309173.76
2026-06-23,6200,99.6992,99.8152,0.3124,0.9876,98.66760000000001,82.96423076923078,26.433200000000003,4.0428,5.156153846153846,382691.51999999967
2026-06-24,6200,99.73269230769232,99.81423076923078,0.27884615384615385,0.986,98.5892,86.81115384615386,26.022307692307695,4.271923076923077,4.958846153846154,296274.2399999998
2026-06-25,6200,99.72807692307691,99.84961538461539,0.2857692307692308,0.9769230769230769,97.64038461538462,86.73384615384614,28.099230769230772,4.766538461538461,4.563076923076923,298010.88000000035
2026-06-26,6200,99.53423076923076,99.77923076923076,0.19115384615384615,0.978,97.83879999999999,86.00807692307693,25.00423076923077,4.05,1.9207692307692308,314314.55999999994
2026-06-27,6200,99.6973076923077,99.8423076923077,0.2653846153846154,0.9784,97.8392,86.50730769230769,25.584615384615386,3.575,3.0257692307692308,303099.8400000001
2026-06-28,6200,99.71153846153847,99.81115384615386,0.3380769230769231,0.9795999999999999,97.94760000000001,85.61653846153847,25.795384615384616,4.188846153846153,5.2153846153846155,323110.0799999998
2026-06-29,6200,99.70192307692308,99.83615384615383,0.3403846153846154,0.9828,98.2384,86.61076923076924,25.29,4.311923076923077,5.950384615384616,300775.6799999999
2026-06-30,6200,99.67423076923077,99.76153846153846,0.3496153846153846,0.9848,98.4164,85.38000000000001,23.794999999999998,4.986923076923077,5.700769230769231,328423.67999999976
2026-07-01,6200,99.69384615384615,99.83500000000001,0.35346153846153844,0.9465384615384616,94.68538461538462,86.00384615384615,25.65192307692308,4.547307692307692,5.755769230769231,314409.60000000003
2026-07-02,6200,99.72807692307691,99.76307692307692,0.2753846153846154,0.98,98.06192307692308,86.27999999999999,25.72153846153846,4.6365384615384615,5.498846153846154,308206.08000000025
2026-07-03,6200,99.56307692307692,99.84576923076922,0.3507692307692307,0.9775,97.85208333333333,85.32384615384616,26.3748,3.5304,2.056153846153846,329685.1199999998
2026-07-04,6200,99.68576923076922,99.82076923076923,0.23346153846153847,0.9803999999999999,97.95479999999999,77.98423076923076,26.463846153846156,3.4253846153846155,2.9657692307692307,494562.24000000005
2026-07-05,6200,99.70538461538462,99.79807692307692,0.35807692307692307,0.9775,97.79958333333333,81.6126923076923,24.31,5.061153846153847,4.97,413052.4800000001
2026-07-06,6200,99.715,99.77384615384615,0.3269230769230769,0.9870833333333334,98.61958333333332,87.32615384615384,25.138846153846153,4.325,5.576153846153845,284705.2800000001
2026-07-07,6200,99.71153846153847,99.80423076923077,0.29846153846153844,0.9841666666666667,98.38541666666667,85.30153846153847,24.168076923076924,4.338846153846154,5.5211538461538465,330186.23999999976
2026-07-08,6200,99.71192307692309,99.83846153846154,0.3423076923076923,0.9816666666666666,98.12666666666667,87.57615384615384,25.039615384615384,4.538846153846154,5.353461538461539,279089.27999999997
2026-07-09,6200,99.70307692307694,99.81615384615384,0.32192307692307687,0.9829166666666667,98.20875000000001,86.73961538461539,25.99230769230769,3.946923076923077,4.981923076923077,297881.27999999997
2026-07-10,6200,99.67076923076924,99.8026923076923,0.22192307692307692,0.9382608695652174,93.89434782608696,86.96653846153846,22.894615384615385,3.1523076923076925,2.243846153846154,292783.6799999999
2026-07-11,6200,99.5426923076923,99.81076923076922,0.2811538461538462,0.9829166666666667,98.26625,87.20576923076922,25.20730769230769,3.857692307692308,2.802692307692308,287409.6000000001
2026-07-12,6200,99.72807692307691,99.7953846153846,0.3303846153846154,0.9833333333333334,98.46333333333332,87.35346153846154,25.81153846153846,3.759230769230769,5.417307692307692,284091.83999999997
2026-07-13,6200,99.69346153846155,99.80346153846153,0.4019230769230769,0.9725,97.2375,86.76846153846154,25.288846153846155,4.635384615384615,5.416538461538461,297233.27999999997
2026-07-14,6200,99.68307692307692,99.80076923076923,0.35500000000000004,0.985,98.51583333333333,87.71692307692307,24.692692307692308,4.434230769230769,5.321923076923077,275927.04000000015
2026-07-15,6200,99.69384615384615,99.7826923076923,0.30038461538461536,0.9845833333333333,98.38458333333334,87.11192307692308,25.317307692307693,4.3088461538461535,5.228076923076923,289517.7599999999
2026-07-16,6200,99.72615384615385,99.79576923076924,0.28923076923076924,0.98375,98.39958333333334,86.725,24.846153846153847,4.052307692307692,4.890769230769231,298209.6000000001
2026-07-17,6200,99.39076923076922,99.68692307692308,0.23500000000000001,0.97375,97.30041666666666,85.58692307692309,23.38769230769231,3.955769230769231,1.9896153846153848,323775.35999999987
2026-07-18,6200,99.52115384615385,99.81923076923077,0.3038461538461539,0.9845833333333333,98.35916666666667,84.66730769230769,23.18307692307692,3.983846153846154,2.6046153846153848,344433.60000000003
2026-07-19,6200,99.6903846153846,99.81461538461538,0.40269230769230774,0.9812500000000001,98.12958333333334,85.30076923076923,23.615000000000002,3.454230769230769,5.082307692307692,330203.5199999999
2026-07-20,6200,99.685,99.78615384615385,0.31461538461538463,0.9824999999999999,98.26083333333334,85.16153846153846,23.966153846153848,4.320384615384615,5.306538461538461,333331.2000000001
2026-07-21,6200,99.65307692307692,99.80346153846153,0.36153846153846153,0.98375,98.35083333333334,84.7626923076923,25.03076923076923,4.725769230769231,5.042307692307692,342290.8800000002
2026-07-22,6200,99.61576923076922,99.72538461538463,0.47576923076923083,0.985,98.44333333333333,85.00615384615384,25.213076923076922,4.412692307692308,4.922307692307692,336821.76000000036
2026-07-23,6200,99.63653846153846,99.73961538461539,0.4226923076923077,0.9829166666666667,98.22791666666666,84.88384615384615,28.06576923076923,4.0588461538461535,4.461538461538462,339569.27999999997
2026-07-24,6200,99.4723076923077,99.61423076923076,0.27115384615384613,0.9804347826086957,98.08304347826086,84.24307692307693,25.26423076923077,4.0116,2.0407692307692304,353963.5199999998
2026-07-25,6200,99.47461538461539,99.75346153846155,0.36538461538461536,0.9854166666666666,98.53625,84.39038461538462,25.72846153846154,3.460769230769231,2.7596153846153846,350654.39999999997
2026-07-26,6200,99.6984,99.7616,0.3336,0.9865217391304348,98.66869565217392,83.46807692307692,26.2132,3.9164,4.963461538461538,371373.1200000001
2026-07-27,6200,99.47076923076922,99.64846153846155,1.0,0.9829166666666667,98.35916666666667,78.19615384615385,25.668076923076924,3.977692307692308,4.874615384615385,489801.5999999999
2026-07-28,6200,99.57576923076923,99.66230769230768,0.6880769230769231,0.9783333333333334,97.73583333333333,82.31615384615385,27.37769230769231,3.927692307692308,4.991923076923077,397249.9199999999
2026-07-29,6200,99.60538461538461,99.73423076923078,0.3469230769230769,0.9595833333333333,95.92125,80.96692307692307,25.248076923076926,3.4842307692307695,4.899230769230769,427559.04000000015
2026-07-30,6200,99.69115384615384,99.68038461538461,0.305,0.9824999999999999,98.20208333333333,84.69076923076923,26.059615384615384,3.7634615384615384,4.718076923076923,343906.5599999999
2026-07-31,6200,99.5668,99.62360000000001,0.3016,0.9500000000000001,95.05913043478262,85.804,21.144583333333333,3.4295833333333334,2.188,306633.5999999999
2026-08-01,6200,99.6984,99.73360000000001,0.4004,0.978695652173913,97.86260869565218,86.132,25.8,3.9596,2.5848,299548.7999999998
2026-08-02,6200,99.68730769230768,99.74653846153845,0.3984615384615384,0.9833333333333334,98.24874999999999,84.16538461538462,27.755,3.630769230769231,5.060384615384615,355708.79999999993
2026-08-03,6200,99.6823076923077,99.74615384615385,0.37115384615384617,0.97625,97.66041666666666,83.47115384615384,26.711153846153845,4.255769230769231,5.074999999999999,371304.0
2026-08-04,6200,99.68730769230768,99.76153846153846,0.49615384615384617,0.9787499999999999,97.84166666666665,84.21115384615383,27.298846153846153,4.827692307692308,4.952307692307692,354680.64000000036
2026-08-05,6200,99.67307692307692,99.72846153846154,0.4053846153846154,0.9754166666666667,97.56041666666665,85.50730769230769,28.89769230769231,3.616153846153846,5.037692307692307,325563.8400000001
2026-08-06,6200,99.73461538461538,99.76038461538461,0.39,0.9804166666666667,97.97416666666668,85.49384615384616,26.586923076923078,3.5107692307692306,4.845384615384615,325866.23999999976
2026-08-07,6200,99.588,99.7612,0.2288,0.9695652173913044,96.91565217391305,84.71192307692309,24.1336,3.1108,2.175,343431.3599999997
2026-08-08,6200,99.59423076923076,99.77730769230769,0.25730769230769235,0.9295833333333333,92.98083333333334,85.14846153846155,27.753076923076925,3.845384615384615,2.5788461538461536,333624.95999999973
2026-08-09,6200,99.65576923076924,99.69615384615385,0.643076923076923,0.9792000000000001,97.83,85.83730769230769,26.52423076923077,4.0188461538461535,5.328846153846154,318150.72000000015
2026-08-10,6200,99.63153846153847,99.74653846153845,0.525,0.976,97.4584,85.23615384615384,25.413846153846155,4.342692307692308,5.21076923076923,331655.04000000015
2026-08-11,6200,99.625,99.77576923076923,0.5073076923076922,0.9768000000000001,97.738,84.61076923076924,24.549999999999997,3.3996153846153847,5.161538461538461,345703.67999999993
2026-08-12,6200,99.6526923076923,99.78769230769231,0.4434615384615385,0.98375,98.26166666666667,81.65115384615385,23.443076923076923,4.0042307692307695,5.069999999999999,412188.48000000004
2026-08-13,6200,99.69153846153846,99.78,0.44576923076923075,0.9833333333333334,98.38499999999999,84.30499999999999,25.97846153846154,3.3826923076923077,4.713846153846154,352572.4800000001
2026-08-14,6200,99.63692307692307,99.78615384615385,0.31807692307692303,0.9652,96.492,82.55115384615384,24.78076923076923,1.8123076923076922,1.9376923076923076,391970.88000000024
2026-08-15,6200,99.47461538461539,99.66730769230769,0.4115384615384615,0.982,98.2032,73.77653846153846,24.341923076923077,3.4061538461538463,2.8176923076923077,589083.8399999999
2026-08-16,6200,99.42375,99.75875,0.6116666666666667,0.9745454545454546,97.55454545454545,71.955,20.10875,3.016086956521739,5.602083333333334,581541.12
2026-08-17,6200,99.42120000000001,99.6636,0.5124,0.9884000000000001,98.8716,69.69807692307693,21.8864,3.3224,4.514615384615384,680702.4
2026-08-18,6200,99.67280000000001,99.7456,0.4596,0.9840000000000001,98.3228,80.0132,27.906399999999998,3.7648,5.277200000000001,431714.8800000001
2026-08-19,6200,99.67692307692307,99.76384615384616,0.4892307692307692,0.9823076923076923,98.17192307692306,79.27807692307692,25.553461538461537,5.118846153846154,4.974615384615385,465497.27999999997
2026-08-20,6200,99.67076923076924,99.76384615384616,0.44269230769230766,0.99,98.95559999999999,78.05807692307692,24.64,3.9342307692307696,4.633461538461538,492903.36
2026-08-21,6200,99.31384615384614,99.61807692307693,0.36000000000000004,0.9776,97.7928,76.94461538461539,22.9128,2.9092000000000002,2.006153846153846,517916.1599999999
2026-08-22,6200,99.38884615384616,99.6226923076923,0.5149999999999999,0.9776,97.72319999999999,79.475,24.760384615384616,4.418461538461538,2.8665384615384615,461073.6000000001
2026-08-23,6200,99.70615384615385,99.72961538461537,0.42807692307692313,0.9828,98.2492,82.76307692307692,25.49153846153846,5.038846153846153,5.893076923076923,387210.2399999999
2026-08-24,6200,99.60346153846154,99.73384615384614,0.43961538461538463,0.9874999999999999,98.75625000000001,81.79923076923077,25.86653846153846,4.213076923076923,5.753846153846154,408862.0799999998
2026-08-25,6200,99.59153846153846,99.69153846153846,0.3457692307692308,0.9866666666666667,98.62124999999999,82.41923076923078,27.059615384615384,4.3634615384615385,2.5184615384615388,394934.3999999998
2026-08-26,6200,99.67461538461538,99.77423076923077,0.48538461538461536,0.9883333333333333,98.84416666666668,82.84615384615384,26.305384615384614,4.405,5.060384615384615,385344.00000000023
2026-08-27,6200,99.75538461538461,99.81269230769232,0.6134615384615385,0.9891666666666666,98.86291666666666,80.77269230769231,26.121923076923075,4.346923076923077,4.680000000000001,431922.24000000005
2026-08-28,6200,99.71541666666667,99.83041666666666,0.28583333333333333,0.9828571428571429,98.24571428571429,83.00375,24.372916666666665,2.34,2.095833333333333,352434.24000000005
2026-08-29,6200,99.62666666666667,99.75625000000001,0.36166666666666664,0.9804545454545455,98.04181818181819,82.07000000000001,28.55458333333333,5.444166666666667,2.6599999999999997,371796.4799999998
2026-08-30,6200,99.7008,99.75200000000001,0.4156,0.9869565217391304,98.7586956521739,78.3608,24.0952,3.7632,5.083200000000001,467406.7200000001
2026-08-31,6200,99.67,99.73960000000001,0.44799999999999995,0.9830434782608696,98.22869565217393,76.7832,25.6384,4.0504,5.2636,501482.88000000006
2026-09-01,6200,99.70479999999999,99.7408,0.43160000000000004,0.9873913043478261,98.82043478260869,80.77640000000001,26.9304,4.5024,5.1739999999999995,415229.75999999966
2026-09-02,6200,99.7296,99.736,0.4432,0.9808695652173912,98.0486956521739,80.21,26.137600000000003,5.4352,4.9904,427464.0000000002
2026-09-03,6200,99.6936,99.75399999999999,0.4188,0.988695652173913,98.83217391304348,82.5704,27.3616,5.2208000000000006,4.6704,376479.35999999975
2026-09-04,6200,99.5816,99.73719999999999,0.3544,0.9814285714285714,98.19761904761906,80.0752,21.915000000000003,2.735,2.0144,430375.6800000002
2026-09-05,6200,99.61959999999999,99.7552,0.2888,0.9839130434782608,98.39608695652174,79.6788,27.922400000000003,5.394,2.4823999999999997,438937.9200000001
2026-09-06,6200,99.6788,99.7688,0.3968,0.9856521739130434,98.59391304347825,81.8904,25.9388,4.2256,5.059200000000001,391167.3600000001
2026-09-07,6200,99.67307692307692,99.64538461538463,0.4369230769230769,0.9847826086956522,98.5786956521739,80.395,26.13230769230769,3.2176923076923076,5.0503846153846155,440406.72000000015
2026-09-08,6200,99.6676923076923,99.73230769230769,0.4746153846153846,0.9858333333333333,98.53583333333334,81.83576923076923,25.16076923076923,5.221153846153846,4.935769230769231,408041.28
2026-09-09,6200,99.645,99.76461538461538,0.4623076923076923,0.9866666666666667,98.66666666666667,81.08423076923077,24.836923076923078,4.643076923076923,4.837307692307692,424923.83999999997
2026-09-10,6200,99.68807692307692,99.795,0.4346153846153846,0.9874999999999999,98.70083333333334,79.21296296296296,25.685000000000002,4.5661538461538465,4.414074074074073,484920.0
2026-09-11,6200,99.47777777777777,99.69307692307692,0.25115384615384617,0.9808333333333333,98.07958333333333,78.18592592592593,21.0444,3.076,2.2440740740740743,508878.72000000003
2026-09-12,6200,99.56307692307692,99.74461538461539,0.27115384615384613,0.98,97.95,77.1162962962963,26.740384615384617,4.106923076923077,2.6623076923076923,533831.04
2026-09-13,6200,99.68,99.80888888888889,0.4237037037037037,0.9867999999999999,98.682,78.88296296296296,25.993703703703705,4.706296296296297,4.774814814814814,492618.23999999993
2026-09-14,6200,99.56777777777778,99.8037037037037,0.44703703703703707,0.9892,98.8672,78.75444444444445,26.024814814814814,4.115555555555556,4.3207407407407405,495616.3199999999
2026-09-15,6200,99.61851851851851,99.80407407407408,0.39888888888888885,0.9872,98.7108,84.07444444444445,26.84962962962963,4.294074074074074,4.585555555555556,371511.3599999998
2026-09-16,6200,99.56481481481481,99.8137037037037,0.3040740740740741,0.9846153846153847,98.48076923076923,84.7325925925926,23.79259259259259,3.17,2.354074074074074,356158.08
2026-09-17,6200,99.54296296296296,99.77222222222223,0.3618518518518518,0.9856,98.5684,82.6285185185185,29.074444444444445,2.989259259259259,2.475925925925926,405241.9200000004
2026-09-18,6200,99.69959999999999,99.73719999999999,0.3552,0.9725,97.3075,86.96461538461539,23.296666666666667,2.72,2.0115384615384615,292826.88
2026-09-19,6200,99.52230769230769,99.79192307692308,0.29423076923076924,0.9856,98.5484,85.58814814814815,29.39576923076923,3.9376923076923074,2.761111111111111,336199.68000000005
