physical_site_id,canonical_latitude,canonical_longitude,radio_tower_count,technologies,rat_subtypes,has_gsm,has_umts,has_lte,tech_count,max_generation,operators,has_libyana,has_almadar,operator_count,is_multi_operator,is_multi_tech,total_bandwidth_mhz,total_carrier_count,bands_deployed,band_count,primary_tower_type,is_visible,first_seen_ms,last_seen_ms,has_timing_advance,has_signal_strength
1,32.866900366891834,13.178500457677128,1,GSM,GSM,1,0,0,1,2,Al-Madar,0,1,1,0,0,0.4,0,,0,MACRO,0,1785715200000,1785715200000,0,1
2,32.86750089714941,13.177900336251415,1,GSM,GSM,1,0,0,1,2,Al-Madar,0,1,1,0,0,0.4,0,,0,MACRO,0,1597795200000,1785715200000,0,1
3,32.867500541556595,13.182800484086915,2,GSM,GSM,1,0,0,1,2,"Al-Madar,Libyana",1,1,2,1,0,0.8,1,900,1,MACRO,1,1782086400000,1785715200000,0,1
4,32.8913406834581,13.17438046230751,5,"GSM,LTE","EDGE,LTE",1,0,1,2,4,Al-Madar,0,1,1,0,1,21.6,1,3,1,MACRO,1,1351296000000,1768521600000,0,1
5,31.74910054100582,14.02310033777844,1,GSM,GSM,1,0,0,1,2,Al-Madar,0,1,1,0,0,0.8,2,900,1,MACRO,1,1578528000000,1578787200000,0,0
6,32.70990053233905,13.194500445287748,1,GSM,GSM,1,0,0,1,2,Al-Madar,0,1,1,0,0,0.4,1,900,1,MACRO,0,1778889600000,1779408000000,0,1
7,32.10200038691598,20.166000383928857,1,GSM,GSM,1,0,0,1,2,Al-Madar,0,1,1,0,0,0.8,2,900,1,MACRO,1,1555200000000,1555200000000,0,0
8,32.094200316104796,20.223400587957922,1,GSM,GSM,1,0,0,1,2,Al-Madar,0,1,1,0,0,0.8,2,900,1,MACRO,1,1555200000000,1555200000000,0,0
9,32.08570061979044,20.202800413838425,1,GSM,EDGE,1,0,0,1,2,Al-Madar,0,1,1,0,0,1.2,3,900,1,MACRO,1,1555200000000,1556409600000,0,0
10,32.06780034846823,20.21150059404702,1,GSM,GSM,1,0,0,1,2,Al-Madar,0,1,1,0,0,1.2,3,900,1,MACRO,1,1555200000000,1555200000000,0,0
11,32.15450062610889,20.122500392569584,1,GSM,EDGE,1,0,0,1,2,Al-Madar,0,1,1,0,0,0.4,1,900,1,MACRO,1,1563840000000,1563840000000,0,1
12,32.15070063453571,20.11050059518144,1,GSM,GSM,1,0,0,1,2,Al-Madar,0,1,1,0,0,1.2,3,900,1,MACRO,1,1563840000000,1581206400000,0,0
13,32.14710062819483,20.114500291306218,1,GSM,GSM,1,0,0,1,2,Al-Madar,0,1,1,0,0,0.8,2,900,1,MACRO,1,1581206400000,1581206400000,0,0
14,32.14580072692507,20.11220058696125,1,GSM,GSM,1,0,0,1,2,Al-Madar,0,1,1,0,0,1.2,3,900,1,MACRO,1,1581206400000,1614211200000,0,0
15,32.144400346284854,20.1024003214848,1,GSM,GSM,1,0,0,1,2,Al-Madar,0,1,1,0,0,0.8,2,900,1,MACRO,1,1563840000000,1581206400000,0,0
16,32.13990050359279,20.118600591860908,1,GSM,GSM,1,0,0,1,2,Al-Madar,0,1,1,0,0,0.4,1,900,1,MACRO,0,1581206400000,1581206400000,0,0
17,32.13910030838734,20.119100907050914,1,GSM,GSM,1,0,0,1,2,Al-Madar,0,1,1,0,0,0.8,2,900,1,MACRO,1,1581206400000,1581206400000,0,0
18,32.13310065531245,20.116500368541068,1,GSM,GSM,1,0,0,1,2,Al-Madar,0,1,1,0,0,0.4,1,900,1,MACRO,1,1579651200000,1581206400000,0,1
19,32.13760070263589,20.116900751860825,1,GSM,GSM,1,0,0,1,2,Al-Madar,0,1,1,0,0,1.2,3,900,1,MACRO,1,1579651200000,1581206400000,0,0
20,32.129700492270175,20.10950075954073,1,GSM,GSM,1,0,0,1,2,Al-Madar,0,1,1,0,0,1.2,3,900,1,MACRO,1,1579651200000,1581206400000,0,0
21,32.118400628444554,20.113700677757997,1,GSM,GSM,1,0,0,1,2,Al-Madar,0,1,1,0,0,0.8,2,900,1,MACRO,1,1579651200000,1786665600000,0,1
22,32.1178007937663,20.114000204370615,1,GSM,GSM,1,0,0,1,2,Al-Madar,0,1,1,0,0,0.4,1,900,1,MACRO,0,1579651200000,1612396800000,0,0
23,32.139900664561374,20.10040074751797,1,GSM,GSM,1,0,0,1,2,Al-Madar,0,1,1,0,0,0.8,2,900,1,MACRO,1,1563840000000,1614211200000,0,0
24,32.14610020872193,20.089200580364675,2,"GSM,UMTS","GSM,UMTS",1,1,0,2,3,Al-Madar,0,1,1,0,1,10.4,3,"1,900",2,MACRO,1,1581206400000,1789084800000,0,1
25,32.11760048670432,20.066600395385123,2,"GSM,UMTS","GSM,UMTS",1,1,0,2,3,Al-Madar,0,1,1,0,1,11.2,5,"1,900",2,MACRO,1,1612396800000,1701302400000,0,1
26,32.104700412098595,20.135800414126948,2,"GSM,UMTS","GSM,UMTS",1,1,0,2,3,Al-Madar,0,1,1,0,1,10.8,4,"1,900",2,MACRO,1,1570924800000,1789084800000,0,1
27,32.109400348274264,20.14140031462464,2,"GSM,UMTS","GSM,UMTS",1,1,0,2,3,Al-Madar,0,1,1,0,1,10.8,4,"1,900",2,MACRO,1,1570924800000,1789084800000,0,1
28,32.117000237085165,20.15910028070058,1,GSM,GSM,1,0,0,1,2,Al-Madar,0,1,1,0,0,0.4,1,900,1,MACRO,0,1781049600000,1781049600000,0,1
29,32.104900501649155,20.126900654461807,2,"GSM,UMTS","GSM,UMTS",1,1,0,2,3,Al-Madar,0,1,1,0,1,10.8,4,"1,900",2,MACRO,1,1608422400000,1789084800000,0,1
30,32.10720091647968,20.119500299027905,1,GSM,GSM,1,0,0,1,2,Al-Madar,0,1,1,0,0,0.8,2,900,1,MACRO,1,1579651200000,1785628800000,0,1
31,32.10710039782384,20.11450074549043,2,"GSM,UMTS","GSM,UMTS",1,1,0,2,3,Al-Madar,0,1,1,0,1,6.2,4,"1,900",2,MACRO,1,1581206400000,1789084800000,0,1
32,32.1052002438191,20.126500889046095,1,GSM,GSM,1,0,0,1,2,Al-Madar,0,1,1,0,0,0.8,2,900,1,MACRO,1,1579651200000,1786233600000,0,1
33,32.09500056039554,20.12640039305796,1,GSM,GSM,1,0,0,1,2,Al-Madar,0,1,1,0,0,0.8,2,900,1,MACRO,1,1579651200000,1789084800000,0,1
34,32.11580034733967,20.085500737889554,1,GSM,GSM,1,0,0,1,2,Al-Madar,0,1,1,0,0,1.2,3,900,1,MACRO,1,1563840000000,1786665600000,0,1
35,32.1093006784312,20.083100642516165,2,"GSM,UMTS","EDGE,UMTS",1,1,0,2,3,Al-Madar,0,1,1,0,1,11.2,5,"1,900",2,MACRO,1,1578182400000,1789084800000,0,1
36,32.108800525187455,20.08933404856872,3,"GSM,LTE,UMTS","GSM,LTE,UMTS",1,1,1,3,4,"Al-Madar,Libyana",1,1,2,1,1,31.2,10,"1,3,28,900",4,MACRO,1,1572393600000,1789084800000,1,1
37,32.1083005140119,20.083400137523462,1,GSM,GSM,1,0,0,1,2,Al-Madar,0,1,1,0,0,0.8,2,900,1,MACRO,1,1578787200000,1614384000000,0,0
38,32.09120063351982,20.09170020007945,1,GSM,GSM,1,0,0,1,2,Al-Madar,0,1,1,0,0,0.8,2,900,1,MACRO,1,1578787200000,1779235200000,0,1
39,32.08780063539417,20.094300912603277,1,GSM,GSM,1,0,0,1,2,Al-Madar,0,1,1,0,0,0.4,1,900,1,MACRO,0,1579478400000,1579478400000,0,0
40,32.09570044629592,20.101100527629434,1,GSM,GSM,1,0,0,1,2,Al-Madar,0,1,1,0,0,0.8,2,900,1,MACRO,1,1579478400000,1782086400000,0,1
41,32.11100078101484,20.058800681198285,2,"GSM,LTE","GSM,LTE",1,0,1,2,4,Al-Madar,0,1,1,0,1,41.2,4,"3,900",2,MACRO,1,1578182400000,1772496000000,0,1
42,32.11150032443486,20.11040054614754,1,GSM,GSM,1,0,0,1,2,Al-Madar,0,1,1,0,0,1.2,3,900,1,MACRO,1,1784419200000,1786233600000,0,1
43,32.090000610293714,20.136600698464694,1,GSM,EDGE,1,0,0,1,2,Al-Madar,0,1,1,0,0,0.8,2,900,1,MACRO,1,1570924800000,1701734400000,0,0
44,32.087900654467866,20.129900566370225,1,GSM,GSM,1,0,0,1,2,Al-Madar,0,1,1,0,0,0.8,2,900,1,MACRO,1,1562025600000,1701734400000,0,0
45,32.084600327822244,20.117600875358367,1,GSM,GSM,1,0,0,1,2,Al-Madar,0,1,1,0,0,1.2,3,900,1,MACRO,1,1562371200000,1786060800000,0,1
46,32.07830039057956,20.11995073501287,2,GSM,GSM,1,0,0,1,2,"Al-Madar,Libyana",1,1,2,1,0,1.6,4,"900,1800",2,MACRO,1,1581206400000,1786060800000,0,1
47,32.08530046392149,20.140700273717858,2,"GSM,LTE","GSM,LTE",1,0,1,2,4,Al-Madar,0,1,1,0,1,10.4,4,"3,8,900",3,MACRO,1,1552953600000,1785110400000,1,1
48,32.09030059672586,20.105850456704975,2,GSM,GSM,1,0,0,1,2,"Al-Madar,Libyana",1,1,2,1,0,1.6,4,900,1,MACRO,1,1579478400000,1782086400000,0,1
49,32.05940063836621,20.107000390573045,1,GSM,GSM,1,0,0,1,2,Al-Madar,0,1,1,0,0,1.2,3,900,1,MACRO,1,1559260800000,1781308800000,0,1
50,32.03055047013416,20.121350898724685,2,"GSM,LTE","GSM,LTE",1,0,1,2,4,"Al-Madar,Libyana",1,1,2,1,1,21.2,4,"3,900",2,MACRO,1,1559260800000,1773446400000,0,1
51,32.07690030526692,20.064100626412916,1,GSM,EDGE,1,0,0,1,2,Al-Madar,0,1,1,0,0,1.2,3,900,1,MACRO,1,1563840000000,1700438400000,0,0
52,32.071300761716095,20.048000447875076,1,GSM,GSM,1,0,0,1,2,Al-Madar,0,1,1,0,0,0.8,2,900,1,MACRO,1,1700438400000,1701907200000,0,1
53,32.09000032573438,20.100800521501867,1,GSM,GSM,1,0,0,1,2,Al-Madar,0,1,1,0,0,0.4,1,900,1,MACRO,1,1779235200000,1779235200000,0,1
54,32.08630057844828,20.09360084870147,1,GSM,GSM,1,0,0,1,2,Al-Madar,0,1,1,0,0,0.8,2,900,1,MACRO,1,1772582400000,1779235200000,0,1
55,32.11340055621605,20.17050050056215,2,"GSM,LTE","GSM,LTE",1,0,1,2,4,Al-Madar,0,1,1,0,1,41.2,5,"3,900",2,MACRO,1,1552953600000,1785110400000,1,1
56,32.127000704627406,20.176600665048966,1,GSM,GSM,1,0,0,1,2,Al-Madar,0,1,1,0,0,1.2,3,900,1,MACRO,1,1570924800000,1769817600000,0,1
57,32.1010007446411,20.176400816286883,1,GSM,GSM,1,0,0,1,2,Al-Madar,0,1,1,0,0,1.2,3,900,1,MACRO,1,1557878400000,1701734400000,0,0
58,32.09780049455486,20.201200307835073,2,"GSM,LTE","GSM,LTE",1,0,1,2,4,Al-Madar,0,1,1,0,1,61.2,5,"3,8,900",3,MACRO,1,1557878400000,1769817600000,1,1
59,32.0269005094664,20.079000462151516,1,GSM,GSM,1,0,0,1,2,Al-Madar,0,1,1,0,0,0.4,1,900,1,MACRO,0,1556668800000,1556668800000,0,0
60,32.06190061464688,20.069100690981962,1,GSM,GSM,1,0,0,1,2,Al-Madar,0,1,1,0,0,0.4,1,900,1,MACRO,0,1578182400000,1614470400000,0,0
61,32.05930071791872,20.212900585978648,1,GSM,GSM,1,0,0,1,2,Al-Madar,0,1,1,0,0,0.8,2,900,1,MACRO,1,1701734400000,1701734400000,0,0
62,31.966700791280342,20.085700563918063,1,GSM,GSM,1,0,0,1,2,Al-Madar,0,1,1,0,0,0.4,1,900,1,MACRO,0,1578182400000,1626393600000,0,0
63,32.08770084135194,20.238900309074797,1,GSM,GSM,1,0,0,1,2,Al-Madar,0,1,1,0,0,0.4,1,900,1,MACRO,0,1701734400000,1701734400000,0,0
64,32.22470087637798,20.198800564556098,1,GSM,GSM,1,0,0,1,2,Al-Madar,0,1,1,0,0,0.4,1,900,1,MACRO,0,1786665600000,1786665600000,0,1
65,32.23300018983768,20.190200964765232,1,GSM,GSM,1,0,0,1,2,Al-Madar,0,1,1,0,0,0.8,2,900,1,MACRO,1,1786665600000,1786665600000,0,1
66,32.20290053055271,20.173000190838643,1,GSM,GSM,1,0,0,1,2,Al-Madar,0,1,1,0,0,0.4,0,,0,MACRO,0,1782086400000,1783036800000,0,1
67,32.20170071512125,20.171900702118794,1,GSM,GSM,1,0,0,1,2,Al-Madar,0,1,1,0,0,0.4,1,900,1,MACRO,1,1772496000000,1783036800000,0,1
68,32.0207005462683,20.16220049668788,1,GSM,GSM,1,0,0,1,2,Al-Madar,0,1,1,0,0,0.4,0,,0,MACRO,0,1773446400000,1773532800000,0,1
69,31.952700676464474,20.080400620925136,1,GSM,GSM,1,0,0,1,2,Al-Madar,0,1,1,0,0,0.4,1,900,1,MACRO,0,1578009600000,1612396800000,0,0
70,31.65500044558315,20.016000791655333,2,"GSM,LTE","EDGE,LTE",1,0,1,2,4,Al-Madar,0,1,1,0,1,20.4,2,3,1,MACRO,1,1744416000000,1787011200000,1,1
71,31.650700771311,20.23700064164065,4,"GSM,LTE,UMTS","GSM,LTE,UMTS",1,1,1,3,4,"Al-Madar,Libyana",1,1,2,1,1,50.4,9,"1,3,8,20",4,MACRO,1,1575244800000,1786147200000,1,1
72,31.654600251811026,20.007800942855788,1,GSM,GSM,1,0,0,1,2,Al-Madar,0,1,1,0,0,0.4,0,,0,MACRO,1,1744416000000,1783036800000,0,1
73,31.658100671247034,20.012900312462175,1,GSM,GSM,1,0,0,1,2,Al-Madar,0,1,1,0,0,0.4,0,,0,MACRO,1,1744416000000,1783036800000,0,1
74,31.65390031798114,20.008700804991435,2,"GSM,LTE","GSM,LTE",1,0,1,2,4,"Al-Madar,Libyana",1,1,2,1,1,20.4,2,"1,3",2,MACRO,1,1744416000000,1787616000000,1,1
75,31.66730045957748,20.247800464879564,3,"GSM,LTE","GSM,LTE",1,0,1,2,4,"Al-Madar,Libyana",1,1,2,1,1,140.4,6,"1,3,8",3,MACRO,1,1769299200000,1786147200000,1,1
76,31.668300613352372,20.255900327726216,2,"GSM,LTE","GSM,LTE",1,0,1,2,4,Al-Madar,0,1,1,0,1,20.4,2,8,1,MACRO,1,1785283200000,1786147200000,1,1
77,31.73393385989614,20.261400568628627,3,"GSM,LTE","GSM,LTE",1,0,1,2,4,"Al-Madar,Libyana",1,1,2,1,1,40.4,3,"1,8",2,MACRO,1,1758499200000,1785974400000,1,1
78,32.6389003962212,20.949800583503045,2,"GSM,LTE","GSM,LTE",1,0,1,2,4,"Al-Madar,Libyana",1,1,2,1,1,20.4,2,"1,900",2,MACRO,0,1786060800000,1786147200000,1,1
79,32.63830044655468,20.941500587367155,2,GSM,EDGE,1,0,0,1,2,"Al-Madar,Libyana",1,1,2,1,0,0.8,2,900,1,MACRO,0,1785456000000,1788307200000,0,1
80,32.70650033140061,21.732575408818487,4,"GSM,UMTS","GSM,UMTS",1,1,0,2,3,"Al-Madar,Libyana",1,1,2,1,1,6.2,4,"1,900",2,MACRO,0,1780704000000,1780704000000,0,1
81,32.8162005193345,21.85425025981184,2,GSM,"EDGE,GSM",1,0,0,1,2,"Al-Madar,Libyana",1,1,2,1,0,1.6,4,"900,1800",2,MACRO,1,1761609600000,1784764800000,0,1
82,32.80015033271518,21.8653004374206,2,"GSM,UMTS","GSM,UMTS",1,1,0,2,3,Al-Madar,0,1,1,0,1,5.4,2,"1,900",2,MACRO,0,1761696000000,1761782400000,0,1
83,32.826400476133486,13.129467123426865,3,GSM,GSM,1,0,0,1,2,"Al-Madar,Libyana",1,1,2,1,0,1.2,2,900,1,MACRO,1,1755820800000,1786492800000,0,1
84,32.81010056367785,13.181200517443786,1,GSM,EDGE,1,0,0,1,2,Al-Madar,0,1,1,0,0,0.4,1,900,1,MACRO,0,1539388800000,1539388800000,0,0
85,32.81910052360404,13.13800042590361,1,GSM,GSM,1,0,0,1,2,Al-Madar,0,1,1,0,0,0.4,0,,0,MACRO,1,1755475200000,1785715200000,0,1
86,32.840800338990974,13.12750097126901,1,GSM,GSM,1,0,0,1,2,Al-Madar,0,1,1,0,0,0.4,0,,0,MACRO,0,1785715200000,1785715200000,0,1
87,32.760400199507245,13.142800819292024,1,GSM,GSM,1,0,0,1,2,Al-Madar,0,1,1,0,0,0.4,0,,0,MACRO,1,1756252800000,1785715200000,0,1
88,32.84680047256958,13.152300241346971,1,GSM,EDGE,1,0,0,1,2,Al-Madar,0,1,1,0,0,0.4,0,,0,MACRO,1,1785715200000,1785715200000,0,1
89,32.80280065079088,13.12580056261217,1,GSM,GSM,1,0,0,1,2,Al-Madar,0,1,1,0,0,0.4,0,,0,MACRO,0,1756252800000,1785715200000,0,1
90,32.800700349879264,13.140500635762713,1,GSM,GSM,1,0,0,1,2,Al-Madar,0,1,1,0,0,0.4,0,,0,MACRO,0,1785369600000,1785715200000,0,1
91,32.84250036866493,13.087500446623292,1,GSM,GSM,1,0,0,1,2,Al-Madar,0,1,1,0,0,0.4,0,,0,MACRO,0,1785715200000,1785715200000,0,1
92,32.80560082244606,13.13520029225108,1,GSM,EDGE,1,0,0,1,2,Al-Madar,0,1,1,0,0,0.4,0,,0,MACRO,1,1785369600000,1785715200000,0,1
93,32.803000240956294,13.138900899727973,1,GSM,EDGE,1,0,0,1,2,Al-Madar,0,1,1,0,0,0.4,1,900,1,MACRO,0,1772582400000,1785715200000,0,1
94,32.85250052158907,13.164300589495316,2,GSM,GSM,1,0,0,1,2,Al-Madar,0,1,1,0,0,0.8,0,,0,MACRO,0,1785715200000,1785715200000,0,1
95,32.84100060373683,13.108700443385434,1,GSM,GSM,1,0,0,1,2,Al-Madar,0,1,1,0,0,0.4,0,,0,MACRO,1,1785715200000,1785715200000,0,1
96,32.85580054158981,13.180700665398845,1,GSM,GSM,1,0,0,1,2,Al-Madar,0,1,1,0,0,0.4,0,,0,MACRO,0,1785715200000,1785715200000,0,1
97,32.85530068178717,13.173100115851218,1,GSM,GSM,1,0,0,1,2,Al-Madar,0,1,1,0,0,0.4,0,,0,MACRO,1,1785715200000,1785715200000,0,1
98,32.85410080774827,13.165900607454015,1,GSM,GSM,1,0,0,1,2,Al-Madar,0,1,1,0,0,0.4,0,,0,MACRO,0,1785715200000,1785715200000,0,1
99,32.860300283661886,13.215200580612194,1,GSM,GSM,1,0,0,1,2,Al-Madar,0,1,1,0,0,0.4,0,,0,MACRO,0,1785715200000,1785715200000,0,1
100,32.857400448445105,13.209000580478328,1,GSM,GSM,1,0,0,1,2,Al-Madar,0,1,1,0,0,0.4,0,,0,MACRO,0,1785715200000,1785715200000,0,1
101,32.86950073090531,13.117800471159633,1,GSM,EDGE,1,0,0,1,2,Al-Madar,0,1,1,0,0,0.4,0,,0,MACRO,0,1333411200000,1333411200000,0,0
102,32.87560050527182,13.134700549216262,1,GSM,EDGE,1,0,0,1,2,Al-Madar,0,1,1,0,0,0.4,0,,0,MACRO,1,1333411200000,1333411200000,0,0
103,32.857900546169766,13.210200432318878,1,GSM,GSM,1,0,0,1,2,Al-Madar,0,1,1,0,0,0.4,0,,0,MACRO,0,1785715200000,1785715200000,0,1
104,32.85610064144921,13.187100642878486,1,GSM,GSM,1,0,0,1,2,Al-Madar,0,1,1,0,0,0.4,0,,0,MACRO,1,1785715200000,1785715200000,0,1
105,32.54460066564653,14.102700666449296,1,GSM,GSM,1,0,0,1,2,Al-Madar,0,1,1,0,0,0.8,2,900,1,MACRO,1,1748131200000,1788825600000,0,1
106,32.592300900771555,14.119600906785422,1,GSM,GSM,1,0,0,1,2,Al-Madar,0,1,1,0,0,1.2,3,900,1,MACRO,1,1777593600000,1783555200000,0,1
107,32.63700075270224,14.1640006204323,1,GSM,GSM,1,0,0,1,2,Al-Madar,0,1,1,0,0,1.2,3,900,1,MACRO,1,1576195200000,1783555200000,0,1
108,32.49275046247994,14.183267143116675,6,"GSM,LTE","GSM,LTE",1,0,1,2,4,"Al-Madar,Libyana",1,1,2,1,1,29.8,14,"8,900,1800",3,MACRO,1,1748044800000,1788825600000,1,1
109,32.461600285332075,13.909100669126733,1,GSM,GSM,1,0,0,1,2,Al-Madar,0,1,1,0,0,0.8,2,900,1,MACRO,1,1777507200000,1779408000000,0,1
110,32.70950040859795,13.984100703249648,1,GSM,GSM,1,0,0,1,2,Al-Madar,0,1,1,0,0,0.8,2,900,1,MACRO,1,1576195200000,1785715200000,0,1
111,32.624700596690865,13.96530045538981,1,GSM,EDGE,1,0,0,1,2,Al-Madar,0,1,1,0,0,0.4,1,900,1,MACRO,0,1779840000000,1789084800000,0,1
112,32.711100484022204,13.929700968296963,1,GSM,GSM,1,0,0,1,2,Al-Madar,0,1,1,0,0,0.4,1,900,1,MACRO,1,1576195200000,1785715200000,0,1
113,32.578600481181326,13.978100401887609,1,GSM,GSM,1,0,0,1,2,Al-Madar,0,1,1,0,0,0.4,1,900,1,MACRO,0,1778025600000,1789084800000,0,1
114,32.58000064474244,13.946100720856403,1,GSM,GSM,1,0,0,1,2,Al-Madar,0,1,1,0,0,0.4,1,900,1,MACRO,0,1779408000000,1779494400000,0,1
115,32.50900053635374,14.20390051143455,1,GSM,GSM,1,0,0,1,2,Al-Madar,0,1,1,0,0,0.8,2,900,1,MACRO,1,1748131200000,1788825600000,0,1
116,32.580100692086205,13.949300507662237,1,GSM,GSM,1,0,0,1,2,Al-Madar,0,1,1,0,0,0.4,1,900,1,MACRO,0,1778284800000,1789084800000,0,1
117,32.580000570123126,14.03450045610474,1,GSM,GSM,1,0,0,1,2,Al-Madar,0,1,1,0,0,0.4,1,900,1,MACRO,0,1779408000000,1784678400000,0,1
118,32.48790067479901,13.951800353327831,1,GSM,GSM,1,0,0,1,2,Al-Madar,0,1,1,0,0,1.2,3,900,1,MACRO,1,1777507200000,1782950400000,0,1
119,32.59960061599547,14.005700589326128,1,GSM,EDGE,1,0,0,1,2,Al-Madar,0,1,1,0,0,0.8,2,900,1,MACRO,1,1778025600000,1789084800000,0,1
120,32.56190063148297,14.027800494719582,1,GSM,GSM,1,0,0,1,2,Al-Madar,0,1,1,0,0,0.8,2,900,1,MACRO,1,1777507200000,1782950400000,0,1
121,32.571800660060894,14.02220033664741,1,GSM,GSM,1,0,0,1,2,Al-Madar,0,1,1,0,0,1.2,3,900,1,MACRO,1,1777507200000,1783555200000,0,1
122,32.50560064465736,13.923200745998301,1,GSM,GSM,1,0,0,1,2,Al-Madar,0,1,1,0,0,1.2,3,900,1,MACRO,1,1781308800000,1782950400000,0,1
123,32.51650045232644,14.142300556681356,1,GSM,GSM,1,0,0,1,2,Al-Madar,0,1,1,0,0,1.2,3,900,1,MACRO,1,1748131200000,1788825600000,0,1
124,32.57980025546378,14.01060032325992,1,GSM,GSM,1,0,0,1,2,Al-Madar,0,1,1,0,0,0.8,2,900,1,MACRO,1,1778025600000,1789084800000,0,1
125,32.57970075621854,13.939300686240976,1,GSM,GSM,1,0,0,1,2,Al-Madar,0,1,1,0,0,0.8,2,900,1,MACRO,1,1777075200000,1789084800000,0,1
126,32.51360025442244,13.989200280676378,1,GSM,GSM,1,0,0,1,2,Al-Madar,0,1,1,0,0,0.8,2,900,1,MACRO,1,1777507200000,1782950400000,0,1
127,32.629000630310856,13.991800386181254,1,GSM,GSM,1,0,0,1,2,Al-Madar,0,1,1,0,0,0.4,1,900,1,MACRO,0,1778025600000,1778630400000,0,1
128,32.52660067972941,14.003100718433704,1,GSM,GSM,1,0,0,1,2,Al-Madar,0,1,1,0,0,0.4,1,900,1,MACRO,0,1777507200000,1779408000000,0,1
129,32.623100643944724,14.331300697675406,1,GSM,GSM,1,0,0,1,2,Al-Madar,0,1,1,0,0,0.4,0,,0,MACRO,0,1788825600000,1788825600000,0,1
130,32.5363006214812,14.2387007568028,2,GSM,GSM,1,0,0,1,2,Al-Madar,0,1,1,0,0,0.8,2,900,1,MACRO,0,1576195200000,1748217600000,0,0
131,32.62280033812442,14.327300459985294,1,GSM,GSM,1,0,0,1,2,Al-Madar,0,1,1,0,0,0.4,0,,0,MACRO,1,1788825600000,1788825600000,0,1
132,32.62220040602547,14.259800490073623,1,GSM,EDGE,1,0,0,1,2,Al-Madar,0,1,1,0,0,0.8,2,900,1,MACRO,1,1581984000000,1786147200000,0,1
133,32.54070068184483,14.244700401705765,1,GSM,GSM,1,0,0,1,2,Al-Madar,0,1,1,0,0,0.4,1,900,1,MACRO,0,1748131200000,1748217600000,0,0
134,32.556200664356744,14.26980061630231,1,GSM,GSM,1,0,0,1,2,Al-Madar,0,1,1,0,0,0.8,2,900,1,MACRO,1,1748131200000,1787529600000,0,1
135,32.640267178856995,14.240933728433879,3,"GSM,UMTS","EDGE,GSM,HSPA+",1,1,0,2,3,"Al-Madar,Libyana",1,1,2,1,1,20.8,4,"1,8",2,MACRO,1,1576195200000,1788825600000,0,1
136,32.629300153812856,14.184600160163214,1,GSM,GSM,1,0,0,1,2,Al-Madar,0,1,1,0,0,1.2,3,900,1,MACRO,1,1576195200000,1788825600000,0,1
137,32.50580059678463,14.486400544609864,5,"GSM,LTE,UMTS","GSM,LTE,UMTS",1,1,1,3,4,"Al-Madar,Libyana",1,1,2,1,1,105.4,8,"1,3,8,900",4,MACRO,1,1773187200000,1773273600000,1,1
138,32.468500579653494,14.565200902348412,1,GSM,GSM,1,0,0,1,2,Al-Madar,0,1,1,0,0,0.4,1,900,1,MACRO,0,1552694400000,1552694400000,0,0
139,32.44910063270427,14.597800577259104,1,GSM,EDGE,1,0,0,1,2,Al-Madar,0,1,1,0,0,0.4,1,900,1,MACRO,0,1566604800000,1566604800000,0,0
140,32.46780076926312,14.551700374601996,1,GSM,EDGE,1,0,0,1,2,Al-Madar,0,1,1,0,0,0.4,1,900,1,MACRO,0,1562371200000,1562371200000,0,0
141,32.45960020638277,14.578600582682,1,GSM,EDGE,1,0,0,1,2,Al-Madar,0,1,1,0,0,0.4,1,900,1,MACRO,0,1566604800000,1566604800000,0,0
142,32.45410015498508,14.601400414913092,1,GSM,EDGE,1,0,0,1,2,Al-Madar,0,1,1,0,0,0.4,1,900,1,MACRO,0,1566604800000,1566604800000,0,0
143,32.4793003838563,14.57760047757338,1,GSM,GSM,1,0,0,1,2,Al-Madar,0,1,1,0,0,0.8,2,900,1,MACRO,1,1561852800000,1582934400000,0,0
144,32.503200549619045,14.48436733872761,3,"GSM,LTE,UMTS","GSM,LTE,UMTS",1,1,1,3,4,Al-Madar,0,1,1,0,1,15.4,3,"1,900",2,MACRO,0,1773187200000,1773273600000,0,1
145,32.4545004385499,14.585600485205987,1,GSM,EDGE,1,0,0,1,2,Al-Madar,0,1,1,0,0,0.8,2,900,1,MACRO,1,1566604800000,1576195200000,0,0
146,32.475450409029804,14.558750379231846,2,GSM,"EDGE,GSM",1,0,0,1,2,"Al-Madar,Libyana",1,1,2,1,0,1.6,4,900,1,MACRO,1,1554163200000,1580860800000,0,0
147,32.47050055879306,14.570300552164259,1,GSM,EDGE,1,0,0,1,2,Al-Madar,0,1,1,0,0,1.2,3,900,1,MACRO,1,1552694400000,1566604800000,0,0
148,32.441200508803604,14.564250642783655,2,"GSM,LTE","GSM,LTE-A",1,0,1,2,4,"Al-Madar,Libyana",1,1,2,1,1,20.4,2,"3,900",2,MACRO,0,1619049600000,1619049600000,0,0
149,32.392533984032866,15.119867124065252,3,"GSM,LTE,UMTS","GSM,LTE,UMTS",1,1,1,3,4,Al-Madar,0,1,1,0,1,25.4,3,"1,3,900",3,MACRO,0,1665878400000,1665878400000,0,0
150,32.35510077941224,15.025500234751357,1,GSM,GPRS,1,0,0,1,2,Al-Madar,0,1,1,0,0,0.4,0,,0,MACRO,1,1572220800000,1572220800000,0,0
151,32.31400039134312,15.103800886524919,1,GSM,GSM,1,0,0,1,2,Al-Madar,0,1,1,0,0,0.4,1,900,1,MACRO,0,1772668800000,1772668800000,0,1
152,32.303700342737415,15.101600524825116,1,GSM,GSM,1,0,0,1,2,Al-Madar,0,1,1,0,0,0.4,1,900,1,MACRO,0,1772668800000,1772668800000,0,1
153,32.31935059943406,15.10145065347268,2,"GSM,LTE","GSM,LTE",1,0,1,2,4,"Al-Madar,Libyana",1,1,2,1,1,20.8,3,"3,900",2,MACRO,1,1772668800000,1772668800000,1,1
154,26.100900119469053,14.783100508327472,1,GSM,GSM,1,0,0,1,2,Al-Madar,0,1,1,0,0,0.4,0,,0,MACRO,0,1683244800000,1683244800000,0,0
155,27.5010003280248,14.017500978491727,1,GSM,EDGE,1,0,0,1,2,Al-Madar,0,1,1,0,0,0.4,0,,0,MACRO,1,1673654400000,1673654400000,0,0
156,27.5618007579508,14.453600565708943,1,GSM,EDGE,1,0,0,1,2,Al-Madar,0,1,1,0,0,0.4,0,,0,MACRO,1,1665878400000,1665878400000,0,0
157,27.484800141561156,13.796500182280138,1,GSM,EDGE,1,0,0,1,2,Al-Madar,0,1,1,0,0,0.4,0,,0,MACRO,1,1665964800000,1673654400000,0,0
158,32.319500334239635,12.743700721398667,1,GSM,EDGE,1,0,0,1,2,Al-Madar,0,1,1,0,0,0.4,1,900,1,MACRO,0,1728777600000,1774310400000,0,1
159,30.77030073276041,20.266000480804685,1,GSM,GSM,1,0,0,1,2,Al-Madar,0,1,1,0,0,0.4,0,,0,MACRO,0,1774310400000,1774310400000,0,1
160,28.69140090598734,21.412900816670426,1,GSM,GSM,1,0,0,1,2,Al-Madar,0,1,1,0,0,0.4,0,,0,MACRO,0,1618444800000,1618444800000,0,0
161,32.85540071977984,13.293200662194756,1,GSM,GSM,1,0,0,1,2,Al-Madar,0,1,1,0,0,0.4,1,900,1,MACRO,1,1656460800000,1778457600000,0,1
162,32.83250035445839,13.286400581699905,1,GSM,GSM,1,0,0,1,2,Al-Madar,0,1,1,0,0,0.8,2,900,1,MACRO,1,1778457600000,1778630400000,0,1
163,32.83120054757049,13.403900693815299,1,GSM,GSM,1,0,0,1,2,Al-Madar,0,1,1,0,0,0.4,0,,0,MACRO,0,1779408000000,1779494400000,0,1
164,32.873667213710014,13.387967314734231,3,GSM,GSM,1,0,0,1,2,"Al-Madar,Libyana",1,1,2,1,0,1.2,3,900,1,MACRO,1,1758585600000,1785715200000,0,1
165,32.87270042105135,13.308900450975084,2,GSM,GSM,1,0,0,1,2,"Al-Madar,Libyana",1,1,2,1,0,1.6,3,900,1,MACRO,1,1784764800000,1785715200000,0,1
166,32.8722005765826,13.372300371389894,1,GSM,GSM,1,0,0,1,2,Al-Madar,0,1,1,0,0,0.4,0,,0,MACRO,0,1785715200000,1785715200000,0,1
167,32.874900878837224,13.330800711799089,1,GSM,GSM,1,0,0,1,2,Al-Madar,0,1,1,0,0,0.4,0,,0,MACRO,0,1785715200000,1785715200000,0,1
168,32.87290063491715,13.338000839787563,1,GSM,GSM,1,0,0,1,2,Al-Madar,0,1,1,0,0,0.4,0,,0,MACRO,0,1785715200000,1785715200000,0,1
169,32.839800431778116,13.284800317843406,1,GSM,GSM,1,0,0,1,2,Al-Madar,0,1,1,0,0,0.4,1,900,1,MACRO,0,1777161600000,1778457600000,0,1
170,32.87240058029252,13.30770061381764,1,GSM,GSM,1,0,0,1,2,Al-Madar,0,1,1,0,0,0.4,0,,0,MACRO,1,1785715200000,1785715200000,0,1
171,32.575300341721196,13.175300606339842,1,GSM,GSM,1,0,0,1,2,Al-Madar,0,1,1,0,0,1.2,3,900,1,MACRO,1,1772582400000,1781308800000,0,1
172,32.57890030892734,13.11670050849572,1,GSM,GSM,1,0,0,1,2,Al-Madar,0,1,1,0,0,0.8,2,900,1,MACRO,1,1781308800000,1781308800000,0,1
173,32.62300040867421,13.169100657502945,1,GSM,GSM,1,0,0,1,2,Al-Madar,0,1,1,0,0,1.2,3,900,1,MACRO,1,1778889600000,1781308800000,0,1
174,32.74590026684695,13.32290064731842,1,GSM,GSM,1,0,0,1,2,Al-Madar,0,1,1,0,0,0.8,2,900,1,MACRO,1,1777680000000,1784678400000,0,1
175,32.51170059082054,13.24920041985991,1,GSM,GSM,1,0,0,1,2,Al-Madar,0,1,1,0,0,1.2,3,900,1,MACRO,1,1774915200000,1779408000000,0,1
176,31.733800652559555,13.982300264761944,1,GSM,GSM,1,0,0,1,2,Al-Madar,0,1,1,0,0,0.4,1,900,1,MACRO,1,1782000000000,1788912000000,0,1
177,32.43970097374922,13.6332006303455,1,GSM,GSM,1,0,0,1,2,Al-Madar,0,1,1,0,0,0.4,0,,0,MACRO,1,1774828800000,1777248000000,0,1
178,32.452600610555386,13.849300198548375,1,GSM,GSM,1,0,0,1,2,Al-Madar,0,1,1,0,0,0.4,1,900,1,MACRO,1,1778889600000,1779408000000,0,1
179,32.42300071019659,13.452900262220378,1,GSM,GSM,1,0,0,1,2,Al-Madar,0,1,1,0,0,0.4,1,900,1,MACRO,0,1775520000000,1779408000000,0,1
180,32.42320064322484,13.608100443508906,1,GSM,GSM,1,0,0,1,2,Al-Madar,0,1,1,0,0,0.4,1,900,1,MACRO,1,1774828800000,1779408000000,0,1
181,31.744800672041308,13.97115059655185,2,"GSM,LTE","GSM,LTE",1,0,1,2,4,"Al-Madar,Libyana",1,1,2,1,1,20.4,1,1,1,MACRO,0,1782000000000,1782000000000,1,1
182,32.47400049497483,13.382500568375898,1,GSM,GSM,1,0,0,1,2,Al-Madar,0,1,1,0,0,0.8,2,900,1,MACRO,1,1774915200000,1779408000000,0,1
183,32.44720084140863,13.370500742498383,1,GSM,GSM,1,0,0,1,2,Al-Madar,0,1,1,0,0,1.2,3,900,1,MACRO,1,1775001600000,1779408000000,0,1
184,32.40510037417439,13.547300964670738,1,GSM,GSM,1,0,0,1,2,Al-Madar,0,1,1,0,0,0.4,1,900,1,MACRO,1,1775260800000,1779408000000,0,1
185,32.43840048665356,13.656100484185394,1,GSM,GSM,1,0,0,1,2,Al-Madar,0,1,1,0,0,0.8,2,900,1,MACRO,1,1774828800000,1779408000000,0,1
186,32.450500616409045,13.819500241820254,1,GSM,GSM,1,0,0,1,2,Al-Madar,0,1,1,0,0,1.2,3,900,1,MACRO,1,1778889600000,1779408000000,0,1
187,32.433100439530556,13.632100375755583,1,GSM,GSM,1,0,0,1,2,Al-Madar,0,1,1,0,0,1.2,3,900,1,MACRO,1,1774828800000,1779408000000,0,1
188,32.4366007917896,13.653000606225493,1,GSM,GSM,1,0,0,1,2,Al-Madar,0,1,1,0,0,1.2,3,900,1,MACRO,1,1774828800000,1779408000000,0,1
189,32.81900081307462,13.034800122263741,1,GSM,GSM,1,0,0,1,2,Al-Madar,0,1,1,0,0,0.4,0,,0,MACRO,0,1576800000000,1785715200000,0,1
190,32.8004004161749,13.005600976237838,1,GSM,EDGE,1,0,0,1,2,Al-Madar,0,1,1,0,0,0.4,0,,0,MACRO,1,1785715200000,1785715200000,0,1
191,32.82320050188578,12.984100182188556,1,GSM,GSM,1,0,0,1,2,Al-Madar,0,1,1,0,0,0.4,1,900,1,MACRO,0,1772755200000,1785715200000,0,1
192,32.79250047231253,13.102200498888308,2,"GSM,UMTS","EDGE,UMTS",1,1,0,2,3,Al-Madar,0,1,1,0,1,10.4,2,1,1,MACRO,1,1600214400000,1602460800000,0,0
193,32.79025078030476,13.093400163619217,2,"GSM,UMTS","GSM,UMTS",1,1,0,2,3,Al-Madar,0,1,1,0,1,5.4,1,1,1,MACRO,0,1600214400000,1602460800000,0,0
194,32.69970089284262,12.840200566998105,1,GSM,EDGE,1,0,0,1,2,Al-Madar,0,1,1,0,0,0.4,0,,0,MACRO,0,1750464000000,1750464000000,0,0
195,32.815550261549085,13.020550919130581,2,"GSM,LTE","GSM,LTE",1,0,1,2,4,Al-Madar,0,1,1,0,1,20.4,1,3,1,MACRO,1,1774137600000,1787529600000,1,1
196,32.81310092773328,13.016400601952899,1,GSM,GSM,1,0,0,1,2,Al-Madar,0,1,1,0,0,0.4,0,,0,MACRO,1,1785715200000,1785715200000,0,1
197,32.86120052043614,13.089100536239673,1,GSM,GPRS,1,0,0,1,2,Al-Madar,0,1,1,0,0,0.4,0,,0,MACRO,0,1333411200000,1333411200000,0,1
198,32.86670055223289,13.111500427472912,1,GSM,EDGE,1,0,0,1,2,Al-Madar,0,1,1,0,0,0.4,0,,0,MACRO,0,1333411200000,1333411200000,0,1
199,32.854100866377735,13.077100769627066,1,GSM,GPRS,1,0,0,1,2,Al-Madar,0,1,1,0,0,0.4,0,,0,MACRO,1,1333411200000,1333411200000,0,1
200,32.85650032634177,13.080650533047343,2,"GSM,LTE","GPRS,LTE",1,0,1,2,4,Al-Madar,0,1,1,0,1,40.4,1,3,1,MACRO,1,1333411200000,1781913600000,0,1
201,32.85980048173248,13.086500856273014,1,GSM,EDGE,1,0,0,1,2,Al-Madar,0,1,1,0,0,0.4,0,,0,MACRO,0,1333411200000,1333411200000,0,0
202,32.82740036151773,13.042950732457665,2,"GSM,LTE","EDGE,LTE",1,0,1,2,4,Al-Madar,0,1,1,0,1,60.4,2,3,1,MACRO,1,1576713600000,1785715200000,0,1
203,32.835000304002996,13.032250626913964,2,"GSM,UMTS","GSM,UMTS",1,1,0,2,3,"Al-Madar,Libyana",1,1,2,1,1,5.4,1,1,1,MACRO,1,1772668800000,1785715200000,0,1
204,32.76960038916124,12.73120023330512,1,GSM,GSM,1,0,0,1,2,Al-Madar,0,1,1,0,0,0.4,1,900,1,MACRO,0,1782345600000,1782777600000,0,1
205,32.753650333585085,12.72225029210604,2,"GSM,LTE","GSM,LTE",1,0,1,2,4,"Al-Madar,Libyana",1,1,2,1,1,20.4,2,"1,900",2,MACRO,1,1779321600000,1779321600000,0,1
206,32.754800131425554,12.728100717568996,1,GSM,GSM,1,0,0,1,2,Al-Madar,0,1,1,0,0,0.4,1,900,1,MACRO,1,1779321600000,1779321600000,0,1
207,32.777600610814915,12.740700417053837,1,GSM,GSM,1,0,0,1,2,Al-Madar,0,1,1,0,0,0.8,2,900,1,MACRO,1,1779321600000,1782777600000,0,1
208,32.75420054533031,12.744700527083301,1,GSM,GSM,1,0,0,1,2,Al-Madar,0,1,1,0,0,1.2,3,900,1,MACRO,1,1779321600000,1779321600000,0,1
209,32.76690016404838,12.742200303646195,1,GSM,GSM,1,0,0,1,2,Al-Madar,0,1,1,0,0,0.4,1,900,1,MACRO,1,1779321600000,1779321600000,0,1
210,32.76140092980012,12.736900226673972,1,GSM,GSM,1,0,0,1,2,Al-Madar,0,1,1,0,0,0.4,1,900,1,MACRO,0,1779321600000,1779321600000,0,1
211,32.762600648115566,12.738100227422432,1,GSM,GSM,1,0,0,1,2,Al-Madar,0,1,1,0,0,0.4,1,900,1,MACRO,0,1779321600000,1779321600000,0,1
212,32.77540092002516,12.779200811067279,1,GSM,GSM,1,0,0,1,2,Al-Madar,0,1,1,0,0,0.4,1,900,1,MACRO,1,1779321600000,1779321600000,0,1
213,32.77200093638582,12.76870062493647,1,GSM,GSM,1,0,0,1,2,Al-Madar,0,1,1,0,0,0.4,1,900,1,MACRO,0,1779321600000,1782345600000,0,1
214,32.747900947131185,12.758800746140526,1,GSM,GSM,1,0,0,1,2,Al-Madar,0,1,1,0,0,0.4,1,900,1,MACRO,1,1779321600000,1779321600000,0,1
215,32.74480020502388,12.776300295920034,1,GSM,GSM,1,0,0,1,2,Al-Madar,0,1,1,0,0,0.4,1,900,1,MACRO,0,1779321600000,1779321600000,0,1
216,32.76850070645119,12.743800453552705,1,GSM,GSM,1,0,0,1,2,Al-Madar,0,1,1,0,0,0.4,1,900,1,MACRO,1,1779321600000,1782777600000,0,1
217,32.76730020784728,12.742700515553787,1,GSM,GSM,1,0,0,1,2,Al-Madar,0,1,1,0,0,0.4,1,900,1,MACRO,0,1779321600000,1779321600000,0,1
218,32.11760019521739,20.06880053637146,1,GSM,GSM,1,0,0,1,2,Libyana,1,0,1,0,0,0.4,1,1800,1,MACRO,1,1647129600000,1700438400000,0,0
219,32.11620040208575,20.072700857712494,1,GSM,EDGE,1,0,0,1,2,Libyana,1,0,1,0,0,2.4,6,"900,1800",2,MACRO,1,1552262400000,1786665600000,0,1
220,32.12340070648872,20.061200628030612,1,GSM,GSM,1,0,0,1,2,Libyana,1,0,1,0,0,1.2,3,1800,1,MACRO,1,1686700800000,1686700800000,0,0
221,32.12740090101096,20.07490037292971,1,GSM,GSM,1,0,0,1,2,Libyana,1,0,1,0,0,0.4,1,1800,1,MACRO,0,1686700800000,1686700800000,0,0
222,32.12930019696905,20.07050040644326,1,GSM,GSM,1,0,0,1,2,Libyana,1,0,1,0,0,2.0,5,"900,1800",2,MACRO,1,1686700800000,1700438400000,0,0
223,32.114500190713116,20.06190043442652,1,GSM,GSM,1,0,0,1,2,Libyana,1,0,1,0,0,2.0,5,"900,1800",2,MACRO,1,1686700800000,1686700800000,0,0
224,32.08310059204999,20.050100293840316,1,GSM,EDGE,1,0,0,1,2,Libyana,1,0,1,0,0,2.4,6,"900,1800",2,MACRO,1,1552262400000,1595289600000,0,0
225,32.14310047221129,20.117200457948197,2,GSM,GSM,1,0,0,1,2,Libyana,1,0,1,0,0,2.0,5,"900,1800",2,MACRO,1,1581206400000,1581206400000,0,0
226,32.13530055474595,20.101600751940296,1,GSM,GSM,1,0,0,1,2,Libyana,1,0,1,0,0,0.8,2,"900,1800",2,MACRO,1,1557360000000,1581206400000,0,0
227,32.16260035261645,20.117100571146118,1,GSM,EDGE,1,0,0,1,2,Libyana,1,0,1,0,0,1.2,3,1800,1,MACRO,1,1772496000000,1786665600000,0,1
228,32.13700047990547,20.12020032289586,1,GSM,GSM,1,0,0,1,2,Libyana,1,0,1,0,0,2.4,6,"900,1800",2,MACRO,1,1581206400000,1581206400000,0,0
229,32.15120056532784,20.113300555673007,2,"GSM,UMTS","GSM,HSPA+",1,1,0,2,3,Libyana,1,0,1,0,1,10.8,4,"1,1800",2,MACRO,1,1563840000000,1786665600000,0,1
230,32.15810086364024,20.116100346782225,1,GSM,GSM,1,0,0,1,2,Libyana,1,0,1,0,0,0.4,1,1800,1,MACRO,0,1786665600000,1786665600000,0,1
231,32.12580027567722,20.08560085608633,1,GSM,EDGE,1,0,0,1,2,Libyana,1,0,1,0,0,2.4,6,"900,1800",2,MACRO,1,1554422400000,1786665600000,0,1
232,32.13250026806142,20.10220046463837,1,GSM,GSM,1,0,0,1,2,Libyana,1,0,1,0,0,2.0,5,"900,1800",2,MACRO,1,1554422400000,1785888000000,0,1
233,32.11680063609897,20.093800778466633,2,"GSM,LTE","GSM,LTE",1,0,1,2,4,Libyana,1,0,1,0,1,22.4,9,"1,3,28,900,1800",5,MACRO,1,1554422400000,1786665600000,1,1
234,32.12310025930984,20.094500500743806,2,"GSM,LTE","GSM,LTE",1,0,1,2,4,Libyana,1,0,1,0,1,22.4,9,"1,3,900,1800",4,MACRO,1,1581206400000,1786665600000,1,1
235,32.122400442186574,20.113000474251585,1,GSM,GSM,1,0,0,1,2,Libyana,1,0,1,0,0,2.0,5,"900,1800",2,MACRO,1,1739059200000,1770940800000,0,1
236,32.13380048133461,20.109000446361193,3,"GSM,LTE,UMTS","GSM,LTE,UMTS",1,1,1,3,4,Libyana,1,0,1,0,1,31.6,8,"1,3,900,1800",4,MACRO,1,1575244800000,1787529600000,0,1
237,32.13870019731122,20.10160087076995,1,GSM,EDGE,1,0,0,1,2,Libyana,1,0,1,0,0,2.4,6,"900,1800",2,MACRO,1,1554422400000,1786665600000,0,1
238,32.128600382905574,20.117100460919367,1,GSM,GSM,1,0,0,1,2,Libyana,1,0,1,0,0,0.8,2,1800,1,MACRO,1,1739059200000,1780963200000,0,1
239,32.12600029920812,20.10430038762704,1,GSM,GSM,1,0,0,1,2,Libyana,1,0,1,0,0,2.4,6,"900,1800",2,MACRO,1,1770508800000,1787961600000,0,1
240,32.118800762823405,20.11500027860626,1,GSM,GSM,1,0,0,1,2,Libyana,1,0,1,0,0,2.4,6,"900,1800",2,MACRO,1,1556668800000,1744934400000,0,1
241,32.13010033227509,20.110300581900134,1,GSM,GSM,1,0,0,1,2,Libyana,1,0,1,0,0,1.2,3,"900,1800",2,MACRO,1,1744761600000,1770940800000,0,1
242,32.10200090197864,20.100800766991608,1,GSM,GSM,1,0,0,1,2,Libyana,1,0,1,0,0,1.6,4,"900,1800",2,MACRO,1,1595289600000,1782086400000,0,1
243,32.11350085811749,20.09880054671615,1,GSM,GSM,1,0,0,1,2,Libyana,1,0,1,0,0,2.4,6,"900,1800",2,MACRO,1,1556668800000,1786838400000,0,1
244,32.09285047409255,20.085550429441074,2,"GSM,UMTS","GSM,UMTS",1,1,0,2,3,Libyana,1,0,1,0,1,5.8,3,"1,900,1800",3,MACRO,1,1701734400000,1702166400000,0,0
245,32.11280036261203,20.083600632571383,1,GSM,GSM,1,0,0,1,2,Libyana,1,0,1,0,0,0.4,1,1800,1,MACRO,0,1779408000000,1779408000000,0,1
246,32.10390064251325,20.095900595557197,1,GSM,GSM,1,0,0,1,2,Libyana,1,0,1,0,0,0.4,1,1800,1,MACRO,1,1595289600000,1595289600000,0,1
247,32.12910036858382,20.06570083546763,1,GSM,GSM,1,0,0,1,2,Libyana,1,0,1,0,0,0.4,1,900,1,MACRO,0,1557446400000,1557446400000,0,0
248,32.110000668029855,20.100800556031174,1,GSM,GSM,1,0,0,1,2,Libyana,1,0,1,0,0,0.4,1,900,1,MACRO,0,1770595200000,1782086400000,0,1
249,32.10250069681877,20.10270036072844,1,GSM,GSM,1,0,0,1,2,Libyana,1,0,1,0,0,2.4,6,"900,1800",2,MACRO,1,1595289600000,1782086400000,0,1
250,32.097700527303495,20.100300387750753,1,GSM,GSM,1,0,0,1,2,Libyana,1,0,1,0,0,1.2,3,"900,1800",2,MACRO,1,1595289600000,1595289600000,0,0
251,32.0981006872069,20.08080035634307,1,GSM,EDGE,1,0,0,1,2,Libyana,1,0,1,0,0,1.6,4,"900,1800",2,MACRO,1,1554422400000,1773532800000,0,1
252,32.084600400264364,20.07600076622676,1,GSM,EDGE,1,0,0,1,2,Libyana,1,0,1,0,0,2.4,6,"900,1800",2,MACRO,1,1555372800000,1787788800000,0,1
253,32.08450038804757,20.084800593861345,1,GSM,EDGE,1,0,0,1,2,Libyana,1,0,1,0,0,2.0,5,"900,1800",2,MACRO,1,1554422400000,1787270400000,0,1
254,32.08370064945741,20.086200463121017,1,GSM,GSM,1,0,0,1,2,Libyana,1,0,1,0,0,2.4,6,"900,1800",2,MACRO,1,1556668800000,1557964800000,0,0
255,32.0715003232097,20.0814003838929,1,GSM,GSM,1,0,0,1,2,Libyana,1,0,1,0,0,0.4,1,1800,1,MACRO,0,1598918400000,1781395200000,0,1
256,32.08970038943971,20.08750062430579,1,GSM,GSM,1,0,0,1,2,Libyana,1,0,1,0,0,2.4,6,"900,1800",2,MACRO,1,1557187200000,1708992000000,0,1
257,32.097800505722475,20.074800841203572,2,"GSM,UMTS","GSM,UMTS",1,1,0,2,3,Libyana,1,0,1,0,1,7.4,7,"1,900,1800",3,MACRO,1,1554422400000,1786924800000,0,1
258,32.079500642895006,20.06930074942194,1,GSM,GPRS,1,0,0,1,2,Libyana,1,0,1,0,0,0.8,2,900,1,MACRO,1,1643673600000,1708992000000,0,0
259,32.08840066611138,20.070400717210138,1,GSM,EDGE,1,0,0,1,2,Libyana,1,0,1,0,0,2.4,6,"900,1800",2,MACRO,1,1554422400000,1787788800000,0,1
260,32.09060073076263,20.090100868089277,1,GSM,GSM,1,0,0,1,2,Libyana,1,0,1,0,0,0.8,2,"900,1800",2,MACRO,1,1778976000000,1779494400000,0,1
261,32.0798008177911,20.10890040452641,1,GSM,GSM,1,0,0,1,2,Libyana,1,0,1,0,0,2.4,6,"900,1800",2,MACRO,1,1546128000000,1598918400000,0,0
262,32.04690047259899,20.047400342039502,1,GSM,GSM,1,0,0,1,2,Libyana,1,0,1,0,0,2.4,6,"900,1800",2,MACRO,1,1552003200000,1686700800000,0,0
263,32.060200760337565,20.057600855613185,1,GSM,GSM,1,0,0,1,2,Libyana,1,0,1,0,0,2.4,6,"900,1800",2,MACRO,1,1552003200000,1787270400000,0,1
264,32.05450048931804,20.03620030035338,1,GSM,GSM,1,0,0,1,2,Libyana,1,0,1,0,0,2.4,6,"900,1800",2,MACRO,1,1545696000000,1686700800000,0,0
265,32.06000055560388,20.079000403401317,1,GSM,EDGE,1,0,0,1,2,Libyana,1,0,1,0,0,2.0,5,"900,1800",2,MACRO,1,1551830400000,1781308800000,0,1
266,32.052800715162824,20.039600487786274,1,GSM,EDGE,1,0,0,1,2,Libyana,1,0,1,0,0,1.2,3,1800,1,MACRO,1,1686700800000,1708992000000,0,0
267,32.074900329510335,20.11650054384399,1,GSM,GSM,1,0,0,1,2,Libyana,1,0,1,0,0,1.2,3,"900,1800",2,MACRO,1,1556582400000,1598918400000,0,0
268,32.078400631847245,20.115100678495928,1,GSM,GSM,1,0,0,1,2,Libyana,1,0,1,0,0,2.0,5,"900,1800",2,MACRO,1,1546128000000,1782604800000,0,1
269,32.07060033129089,20.097600603752408,1,GSM,GSM,1,0,0,1,2,Libyana,1,0,1,0,0,2.4,6,"900,1800",2,MACRO,1,1546128000000,1598918400000,0,0
270,32.052900465817245,20.060800677556767,1,GSM,GSM,1,0,0,1,2,Libyana,1,0,1,0,0,2.4,6,"900,1800",2,MACRO,1,1545696000000,1700438400000,0,0
271,32.06750025411846,20.04520081341783,1,GSM,EDGE,1,0,0,1,2,Libyana,1,0,1,0,0,2.4,6,"900,1800",2,MACRO,1,1552435200000,1708992000000,0,0
272,32.06300059985034,20.091700680754098,2,"GSM,UMTS","GSM,HSUPA",1,1,0,2,3,Libyana,1,0,1,0,1,12.4,8,"1,900,1800",3,MACRO,1,1549843200000,1782604800000,0,1
273,32.072600344279635,20.113200790089177,1,GSM,GSM,1,0,0,1,2,Libyana,1,0,1,0,0,0.8,2,"900,1800",2,MACRO,1,1782604800000,1782604800000,0,1
274,32.08270074608231,20.140800766924933,1,GSM,EDGE,1,0,0,1,2,Libyana,1,0,1,0,0,0.4,1,1800,1,MACRO,0,1781308800000,1781308800000,0,1
275,32.07500070077606,20.095700250313516,1,GSM,EDGE,1,0,0,1,2,Libyana,1,0,1,0,0,1.2,3,"900,1800",2,MACRO,1,1595289600000,1787270400000,0,1
276,32.05860059865984,20.098400594496454,1,GSM,EDGE,1,0,0,1,2,Libyana,1,0,1,0,0,1.2,3,"900,1800",2,MACRO,1,1781308800000,1781395200000,0,1
277,32.03060085974751,20.07280091681931,1,GSM,GSM,1,0,0,1,2,Libyana,1,0,1,0,0,0.8,2,"900,1800",2,MACRO,1,1556582400000,1598918400000,0,0
278,32.013700680047926,20.076000342599286,1,GSM,EDGE,1,0,0,1,2,Libyana,1,0,1,0,0,2.4,6,"900,1800",2,MACRO,1,1576022400000,1708992000000,0,0
279,32.04380040294157,20.046700457701547,1,GSM,GSM,1,0,0,1,2,Libyana,1,0,1,0,0,1.6,4,"900,1800",2,MACRO,1,1556582400000,1785369600000,0,1
280,32.013300449073824,20.06880054267984,1,GSM,GSM,1,0,0,1,2,Libyana,1,0,1,0,0,1.2,3,"900,1800",2,MACRO,1,1595289600000,1686700800000,0,0
281,31.967900239678837,20.048200729505663,1,GSM,GSM,1,0,0,1,2,Libyana,1,0,1,0,0,1.2,3,"900,1800",2,MACRO,1,1595289600000,1785369600000,0,1
282,32.050400293088146,20.077200666371017,1,GSM,GSM,1,0,0,1,2,Libyana,1,0,1,0,0,0.4,1,900,1,MACRO,0,1598918400000,1598918400000,0,0
283,31.968500690462957,20.084900459972324,1,GSM,EDGE,1,0,0,1,2,Libyana,1,0,1,0,0,2.4,6,"900,1800",2,MACRO,1,1576022400000,1708992000000,0,0
284,32.0536004672195,20.090500438536495,1,GSM,GPRS,1,0,0,1,2,Libyana,1,0,1,0,0,0.4,1,1800,1,MACRO,0,1598918400000,1764633600000,0,1
285,32.041600591328844,20.116100748481482,1,GSM,GSM,1,0,0,1,2,Libyana,1,0,1,0,0,0.8,2,900,1,MACRO,1,1763337600000,1763596800000,0,1
286,32.111500814454246,20.10970038919025,1,GSM,GSM,1,0,0,1,2,Libyana,1,0,1,0,0,0.4,1,1800,1,MACRO,0,1556668800000,1556668800000,0,0
287,32.1156004139433,20.114400649660848,1,GSM,GSM,1,0,0,1,2,Libyana,1,0,1,0,0,0.4,1,900,1,MACRO,0,1556668800000,1556668800000,0,0
288,32.10190070881677,20.11610035120433,2,"GSM,LTE","EDGE,LTE",1,0,1,2,4,Libyana,1,0,1,0,1,12.4,8,"3,900,1800",3,MACRO,1,1555200000000,1785110400000,0,1
289,32.09590067654871,20.134150744392926,2,GSM,GSM,1,0,0,1,2,Libyana,1,0,1,0,0,1.2,3,"900,1800",2,MACRO,1,1782604800000,1782777600000,0,1
290,32.09060040747424,20.12590057259689,1,GSM,EDGE,1,0,0,1,2,Libyana,1,0,1,0,0,2.0,5,"900,1800",2,MACRO,1,1556841600000,1782777600000,0,1
291,32.09490057389242,20.10830080337889,2,"GSM,LTE","GSM,LTE",1,0,1,2,4,Libyana,1,0,1,0,1,22.0,7,"1,3,900,1800",4,MACRO,1,1595289600000,1782086400000,0,1
292,32.1143003719577,20.11250045397915,1,GSM,GSM,1,0,0,1,2,Libyana,1,0,1,0,0,0.4,1,1800,1,MACRO,0,1556668800000,1556668800000,0,0
293,32.107200528542336,20.11820064438411,1,GSM,GSM,1,0,0,1,2,Libyana,1,0,1,0,0,1.6,4,"900,1800",2,MACRO,1,1556668800000,1770595200000,0,1
294,32.08070047716521,20.121300488429007,1,GSM,GSM,1,0,0,1,2,Libyana,1,0,1,0,0,0.8,2,"900,1800",2,MACRO,1,1598918400000,1782604800000,0,1
295,32.11060048860043,20.109300875984935,1,GSM,GSM,1,0,0,1,2,Libyana,1,0,1,0,0,0.8,2,"900,1800",2,MACRO,1,1556668800000,1780963200000,0,1
296,32.10540050215609,20.11110060029,1,GSM,EDGE,1,0,0,1,2,Libyana,1,0,1,0,0,2.4,6,"900,1800",2,MACRO,1,1556668800000,1770595200000,0,1
297,32.088300565053935,20.125100618166453,1,GSM,GSM,1,0,0,1,2,Libyana,1,0,1,0,0,0.4,1,1800,1,MACRO,0,1598918400000,1782604800000,0,1
298,32.092600795269284,20.11600078082506,2,"GSM,LTE","GSM,LTE",1,0,1,2,4,Libyana,1,0,1,0,1,22.0,7,"1,3,900,1800",4,MACRO,1,1556668800000,1786060800000,0,1
299,32.176300351006034,20.137200609583168,2,"GSM,LTE","EDGE,LTE",1,0,1,2,4,Libyana,1,0,1,0,1,21.6,8,"1,3,900,1800",4,MACRO,1,1570924800000,1787529600000,1,1
300,32.2100005844261,20.16950076659281,1,GSM,GSM,1,0,0,1,2,Libyana,1,0,1,0,0,2.0,5,"900,1800",2,MACRO,1,1706745600000,1786665600000,0,1
301,32.20340057647491,20.157400822598003,1,GSM,GSM,1,0,0,1,2,Libyana,1,0,1,0,0,2.4,6,"900,1800",2,MACRO,1,1702166400000,1786665600000,0,1
302,32.25990060713102,20.21070032851582,7,GSM,"EDGE,GSM",1,0,0,1,2,Libyana,1,0,1,0,0,5.6,14,"900,1800",2,MACRO,1,1702166400000,1786665600000,0,1
303,32.22675026055437,20.19640049242816,2,GSM,GSM,1,0,0,1,2,Libyana,1,0,1,0,0,0.8,2,1800,1,MACRO,0,1786665600000,1786665600000,0,1
304,32.224300481609916,20.199300895742738,1,GSM,GSM,1,0,0,1,2,Libyana,1,0,1,0,0,1.2,3,"900,1800",2,MACRO,1,1786665600000,1786665600000,0,1
305,32.186700687838034,20.146600709194693,1,GSM,GSM,1,0,0,1,2,Libyana,1,0,1,0,0,0.8,2,"900,1800",2,MACRO,1,1772236800000,1786665600000,0,1
306,32.21150026310883,20.163300215667388,1,GSM,GSM,1,0,0,1,2,Libyana,1,0,1,0,0,0.4,1,900,1,MACRO,0,1786665600000,1786665600000,0,1
307,32.22010077522007,20.17090050207708,1,GSM,GSM,1,0,0,1,2,Libyana,1,0,1,0,0,0.8,2,900,1,MACRO,1,1702166400000,1706918400000,0,0
308,32.16930097567236,20.12790095782644,1,GSM,GSM,1,0,0,1,2,Libyana,1,0,1,0,0,1.2,3,"900,1800",2,MACRO,1,1772236800000,1786665600000,0,1
309,32.197400892779534,20.158600843054863,1,GSM,GSM,1,0,0,1,2,Libyana,1,0,1,0,0,1.2,3,"900,1800",2,MACRO,1,1772496000000,1786665600000,0,1
310,32.23740069003972,20.183900746550414,1,GSM,EDGE,1,0,0,1,2,Libyana,1,0,1,0,0,1.2,3,"900,1800",2,MACRO,1,1702166400000,1786060800000,0,1
311,32.22720036025276,20.19590018815264,1,GSM,GSM,1,0,0,1,2,Libyana,1,0,1,0,0,0.4,1,1800,1,MACRO,0,1786665600000,1786665600000,0,1
312,32.20030077456447,20.156100695503905,1,GSM,GSM,1,0,0,1,2,Libyana,1,0,1,0,0,1.2,3,"900,1800",2,MACRO,1,1772496000000,1786665600000,0,1
313,32.23040062729733,20.19060043813582,2,"GSM,LTE","EDGE,LTE",1,0,1,2,4,Libyana,1,0,1,0,1,22.0,6,"3,900,1800",3,MACRO,1,1786060800000,1786665600000,1,1
314,32.1765006701925,20.135500337526405,1,GSM,GSM,1,0,0,1,2,Libyana,1,0,1,0,0,1.2,3,"900,1800",2,MACRO,1,1772496000000,1786665600000,0,1
315,32.090000984982254,20.250900678291753,1,GSM,EDGE,1,0,0,1,2,Libyana,1,0,1,0,0,2.4,6,"900,1800",2,MACRO,1,1555200000000,1555200000000,0,0
316,32.07660039661059,20.260300809023544,1,GSM,EDGE,1,0,0,1,2,Libyana,1,0,1,0,0,2.4,6,"900,1800",2,MACRO,1,1555200000000,1555200000000,0,0
317,32.0956003827895,20.176300682529956,1,GSM,GSM,1,0,0,1,2,Libyana,1,0,1,0,0,0.4,1,1800,1,MACRO,1,1576022400000,1781308800000,0,1
318,32.09080056348213,20.153800488693008,1,GSM,GSM,1,0,0,1,2,Libyana,1,0,1,0,0,0.4,1,1800,1,MACRO,1,1781308800000,1781308800000,0,1
319,32.12970051257322,20.152600268585886,1,GSM,GSM,1,0,0,1,2,Libyana,1,0,1,0,0,0.8,2,"900,1800",2,MACRO,1,1578009600000,1702166400000,0,0
320,31.964300206503093,20.08360031498693,1,GSM,GSM,1,0,0,1,2,Libyana,1,0,1,0,0,0.8,2,"900,1800",2,MACRO,1,1578009600000,1603324800000,0,0
321,31.917450504054642,20.097650446310965,2,"GSM,LTE","GSM,LTE",1,0,1,2,4,Libyana,1,0,1,0,1,20.4,2,"8,900",2,MACRO,1,1592524800000,1786147200000,0,1
322,31.67070082485517,20.02830067391689,1,GSM,GSM,1,0,0,1,2,Libyana,1,0,1,0,0,2.0,5,"900,1800",2,MACRO,1,1777248000000,1787616000000,0,1
323,32.49570035275413,20.843300839483504,1,GSM,GSM,1,0,0,1,2,Libyana,1,0,1,0,0,0.4,1,900,1,MACRO,1,1777420800000,1777420800000,0,1
324,32.4865009389181,20.829300792311745,1,GSM,GSM,1,0,0,1,2,Libyana,1,0,1,0,0,0.4,1,1800,1,MACRO,0,1777420800000,1777420800000,0,1
325,32.48780091763849,20.83740040845797,1,GSM,GSM,1,0,0,1,2,Libyana,1,0,1,0,0,0.8,2,900,1,MACRO,1,1777420800000,1777420800000,0,1
326,32.5031001789276,20.89050092932035,1,GSM,GSM,1,0,0,1,2,Libyana,1,0,1,0,0,1.2,3,"900,1800",2,MACRO,1,1777420800000,1777420800000,0,1
327,32.497500889023705,20.835200477311368,1,GSM,GSM,1,0,0,1,2,Libyana,1,0,1,0,0,1.2,3,"900,1800",2,MACRO,1,1777420800000,1777420800000,0,1
328,32.48740052982906,20.834400477072133,1,GSM,GSM,1,0,0,1,2,Libyana,1,0,1,0,0,0.4,1,1800,1,MACRO,0,1777420800000,1777420800000,0,1
329,32.492700352242785,20.847400608106213,1,GSM,GSM,1,0,0,1,2,Libyana,1,0,1,0,0,0.8,2,1800,1,MACRO,1,1777420800000,1777420800000,0,1
330,32.720600532196066,21.777900820733738,1,GSM,GSM,1,0,0,1,2,Libyana,1,0,1,0,0,0.4,1,900,1,MACRO,0,1780704000000,1780704000000,0,1
331,32.798100269961274,21.872600970441994,1,GSM,GSM,1,0,0,1,2,Libyana,1,0,1,0,0,0.8,2,900,1,MACRO,1,1772841600000,1784764800000,0,1
332,32.78390056368102,21.831600273179593,1,GSM,GSM,1,0,0,1,2,Libyana,1,0,1,0,0,1.2,3,900,1,MACRO,1,1772841600000,1773100800000,0,1
333,32.76540035870146,21.76120036041295,1,GSM,GSM,1,0,0,1,2,Libyana,1,0,1,0,0,0.4,1,1800,1,MACRO,1,1596412800000,1777420800000,0,1
334,32.72720013008558,21.752800140599206,1,GSM,GSM,1,0,0,1,2,Libyana,1,0,1,0,0,0.4,1,900,1,MACRO,0,1780704000000,1780704000000,0,1
335,32.803100660732085,21.86130032288633,1,GSM,GSM,1,0,0,1,2,Libyana,1,0,1,0,0,0.4,1,900,1,MACRO,0,1761696000000,1773100800000,0,1
336,32.79910091233653,21.862700358115575,1,GSM,GSM,1,0,0,1,2,Libyana,1,0,1,0,0,0.8,2,"900,1800",2,MACRO,0,1743811200000,1784764800000,0,1
337,32.79110064771484,21.866400848771054,1,GSM,GSM,1,0,0,1,2,Libyana,1,0,1,0,0,0.8,2,900,1,MACRO,1,1772841600000,1773100800000,0,1
338,31.9578008659566,12.027200724820908,1,GSM,EDGE,1,0,0,1,2,Al-Madar,0,1,1,0,0,0.4,0,,0,MACRO,1,1602460800000,1602460800000,0,0
339,32.088500430427786,13.019000954540711,1,GSM,EDGE,1,0,0,1,2,Al-Madar,0,1,1,0,0,0.4,0,,0,MACRO,0,1504569600000,1504656000000,0,0
340,32.37540038853757,15.087000631036744,3,GSM,"EDGE,GPRS",1,0,0,1,2,Al-Madar,0,1,1,0,0,1.2,0,,0,MACRO,1,1358208000000,1358208000000,0,0
341,32.812800317536585,21.871333720975986,3,"GSM,UMTS","GPRS,UMTS",1,1,0,2,3,Libyana,1,0,1,0,1,5.8,0,,0,MACRO,0,1449273600000,1449273600000,0,0
342,32.66690022658057,13.144700638906462,1,GSM,GPRS,1,0,0,1,2,Al-Madar,0,1,1,0,0,0.4,0,,0,MACRO,0,1298678400000,1298678400000,0,1
343,32.707500962267964,13.938300366887086,1,GSM,GSM,1,0,0,1,2,Al-Madar,0,1,1,0,0,1.2,3,900,1,MACRO,1,1777680000000,1785715200000,0,1
344,32.72840048414116,13.752900648379004,1,GSM,GSM,1,0,0,1,2,Al-Madar,0,1,1,0,0,0.4,1,900,1,MACRO,0,1779494400000,1780099200000,0,1
345,32.749800277735126,13.738500288130918,1,GSM,GSM,1,0,0,1,2,Al-Madar,0,1,1,0,0,0.4,1,900,1,MACRO,1,1778025600000,1786406400000,0,1
346,32.805300479112226,13.48920058781561,1,GSM,GSM,1,0,0,1,2,Al-Madar,0,1,1,0,0,0.8,2,900,1,MACRO,1,1777334400000,1785715200000,0,1
347,32.80150041587854,13.497200853214947,1,GSM,GSM,1,0,0,1,2,Al-Madar,0,1,1,0,0,0.8,2,900,1,MACRO,1,1777680000000,1780099200000,0,1
348,32.636167263392686,13.577067167427677,3,"GSM,LTE","GSM,LTE",1,0,1,2,4,"Al-Madar,Libyana",1,1,2,1,1,22.0,5,"8,900,1800",3,MACRO,1,1757808000000,1786492800000,0,1
349,32.37150073709295,12.706300296891802,1,GSM,GSM,1,0,0,1,2,Libyana,1,0,1,0,0,0.8,2,900,1,MACRO,1,1774310400000,1774310400000,0,1
350,32.69130056945531,12.910000646479716,1,GSM,GSM,1,0,0,1,2,Libyana,1,0,1,0,0,0.4,1,1800,1,MACRO,0,1787443200000,1787443200000,0,1
351,32.67060037187772,12.69370056867213,1,GSM,GSM,1,0,0,1,2,Libyana,1,0,1,0,0,0.4,1,1800,1,MACRO,1,1774310400000,1774310400000,0,1
352,32.68640030854705,12.730900448959241,1,GSM,GSM,1,0,0,1,2,Libyana,1,0,1,0,0,0.4,1,900,1,MACRO,0,1774310400000,1774310400000,0,1
353,32.684100533694576,12.71980031541952,1,GSM,GSM,1,0,0,1,2,Libyana,1,0,1,0,0,0.4,1,900,1,MACRO,0,1774310400000,1774310400000,0,1
354,32.754900325896,12.836500695776916,1,GSM,GSM,1,0,0,1,2,Libyana,1,0,1,0,0,0.4,1,900,1,MACRO,0,1774310400000,1774310400000,0,1
355,32.461300426962154,14.554000608733224,1,GSM,EDGE,1,0,0,1,2,Libyana,1,0,1,0,0,0.8,2,1800,1,MACRO,0,1601424000000,1601424000000,0,0
356,32.37313390829063,14.610367208067059,3,"GSM,LTE,UMTS","EDGE,HSPA+,LTE",1,1,1,3,4,"Al-Madar,Libyana",1,1,2,1,1,25.4,3,"3,8,900",3,MACRO,0,1600819200000,1600905600000,0,0
357,32.46180064940328,14.567900393964315,1,GSM,EDGE,1,0,0,1,2,Libyana,1,0,1,0,0,0.4,1,900,1,MACRO,0,1600905600000,1600905600000,0,0
358,32.51120038506669,13.984100356695444,1,GSM,GSM,1,0,0,1,2,Libyana,1,0,1,0,0,0.4,1,900,1,MACRO,0,1775779200000,1777507200000,0,1
359,32.10940027332596,12.909600414008178,1,GSM,GSM,1,0,0,1,2,Libyana,1,0,1,0,0,0.4,1,1800,1,MACRO,1,1775865600000,1775865600000,0,1
360,32.74000016375121,13.724200742929746,1,GSM,GSM,1,0,0,1,2,Libyana,1,0,1,0,0,0.4,1,900,1,MACRO,0,1786406400000,1786406400000,0,1
361,32.72800041944023,13.651900545145995,1,GSM,GSM,1,0,0,1,2,Libyana,1,0,1,0,0,2.0,5,"900,1800",2,MACRO,1,1782518400000,1787875200000,0,1
362,32.86690043223114,13.41920035235887,1,GSM,GSM,1,0,0,1,2,Libyana,1,0,1,0,0,0.4,1,900,1,MACRO,0,1784764800000,1786492800000,0,1
363,32.742100419899714,13.709300499793848,1,GSM,GSM,1,0,0,1,2,Libyana,1,0,1,0,0,0.4,1,900,1,MACRO,0,1782518400000,1786406400000,0,1
364,32.73040068858529,13.672500384748794,2,"GSM,LTE","GSM,LTE",1,0,1,2,4,Libyana,1,0,1,0,1,42.4,7,"3,900,1800",3,MACRO,1,1755302400000,1787875200000,1,1
365,32.50590054003666,13.98060061760831,1,GSM,GSM,1,0,0,1,2,Libyana,1,0,1,0,0,0.4,1,900,1,MACRO,0,1776902400000,1777507200000,0,1
366,32.71850060746472,12.728600678668075,1,GSM,EDGE,1,0,0,1,2,Libyana,1,0,1,0,0,0.8,2,"900,1800",2,MACRO,1,1771632000000,1771804800000,0,1
367,32.84430053675949,13.153400412478355,1,GSM,GSM,1,0,0,1,2,Libyana,1,0,1,0,0,1.2,3,900,1,MACRO,1,1784764800000,1786492800000,0,1
368,32.83790057555711,13.209300710687621,1,GSM,GSM,1,0,0,1,2,Libyana,1,0,1,0,0,0.4,1,900,1,MACRO,0,1787788800000,1787788800000,0,1
369,32.84050052556526,13.149600565366395,1,GSM,GSM,1,0,0,1,2,Libyana,1,0,1,0,0,1.2,3,900,1,MACRO,1,1784764800000,1786492800000,0,1
370,32.80510081440635,13.195200727063993,1,GSM,GSM,1,0,0,1,2,Libyana,1,0,1,0,0,0.4,1,900,1,MACRO,0,1787788800000,1787788800000,0,1
371,32.81690053961668,13.12470058964107,1,GSM,GSM,1,0,0,1,2,Libyana,1,0,1,0,0,1.2,3,900,1,MACRO,1,1784764800000,1786492800000,0,1
372,32.832400842038716,13.130400647609967,1,GSM,GSM,1,0,0,1,2,Libyana,1,0,1,0,0,1.2,3,900,1,MACRO,1,1755993600000,1786492800000,0,1
373,32.492500524054144,14.565600691668028,1,GSM,EDGE,1,0,0,1,2,Libyana,1,0,1,0,0,2.0,5,"900,1800",2,MACRO,1,1561852800000,1561852800000,0,0
374,32.47860022189283,14.566400317353454,1,GSM,EDGE,1,0,0,1,2,Libyana,1,0,1,0,0,0.4,1,900,1,MACRO,1,1554163200000,1561852800000,0,0
375,32.75800040702166,13.143100737871203,1,GSM,GSM,1,0,0,1,2,Libyana,1,0,1,0,0,1.2,3,900,1,MACRO,1,1782864000000,1786492800000,0,1
376,32.79450031940004,13.143400415489609,1,GSM,EDGE,1,0,0,1,2,Libyana,1,0,1,0,0,1.6,4,"900,1800",2,MACRO,1,1755993600000,1786492800000,0,1
377,32.770800662971865,13.12210051595289,1,GSM,EDGE,1,0,0,1,2,Libyana,1,0,1,0,0,0.4,1,1800,1,MACRO,0,1782864000000,1786492800000,0,1
378,32.77340057103055,13.089000765163306,1,GSM,GSM,1,0,0,1,2,Libyana,1,0,1,0,0,0.8,2,900,1,MACRO,1,1782691200000,1785369600000,0,1
379,32.77140075044802,13.251400829794173,1,GSM,EDGE,1,0,0,1,2,Libyana,1,0,1,0,0,0.4,1,900,1,MACRO,0,1782172800000,1783987200000,0,1
380,32.681800423779436,13.144000470946677,1,GSM,GSM,1,0,0,1,2,Libyana,1,0,1,0,0,2.0,5,"900,1800",2,MACRO,1,1755993600000,1786492800000,0,1
381,32.79290048887393,13.181600702231243,1,GSM,GSM,1,0,0,1,2,Libyana,1,0,1,0,0,0.4,1,900,1,MACRO,0,1787702400000,1787702400000,0,1
382,32.771200428286775,13.146300412027028,1,GSM,GSM,1,0,0,1,2,Libyana,1,0,1,0,0,0.4,1,900,1,MACRO,0,1786492800000,1786492800000,0,1
383,32.72330085753546,13.146500354817286,1,GSM,GSM,1,0,0,1,2,Libyana,1,0,1,0,0,0.8,2,"900,1800",2,MACRO,1,1786492800000,1786492800000,0,1
384,32.78870080999513,13.145600232852807,1,GSM,GSM,1,0,0,1,2,Libyana,1,0,1,0,0,0.4,1,900,1,MACRO,0,1786492800000,1786492800000,0,1
385,32.7748255359975,13.082150564566664,4,"GSM,LTE,UMTS","GSM,HSPA+,LTE",1,1,1,3,4,"Al-Madar,Libyana",1,1,2,1,1,45.4,8,"1,3,8,20,900",5,MACRO,1,1600214400000,1785974400000,0,1
386,32.760600631923005,13.560700399373484,1,GSM,GPRS,1,0,0,1,2,Libyana,1,0,1,0,0,0.4,0,,0,MACRO,0,1475798400000,1475798400000,0,0
387,32.68920047508229,14.004100553152185,1,GSM,GSM,1,0,0,1,2,Libyana,1,0,1,0,0,0.4,1,900,1,MACRO,0,1522540800000,1522540800000,0,0
388,32.106100617570505,12.93570076085706,2,"GSM,UMTS","GSM,UMTS",1,1,0,2,3,"Al-Madar,Libyana",1,1,2,1,1,5.4,2,"8,900",2,MACRO,0,1593129600000,1593129600000,0,0
389,32.896200412571915,13.20200051203462,1,GSM,GSM,1,0,0,1,2,Libyana,1,0,1,0,0,1.2,3,900,1,MACRO,1,1786406400000,1786492800000,0,1
390,32.89960038955281,13.207900600481512,1,GSM,GSM,1,0,0,1,2,Libyana,1,0,1,0,0,0.4,1,900,1,MACRO,1,1786492800000,1786492800000,0,1
391,32.89130021735859,13.171900373397891,1,GSM,GSM,1,0,0,1,2,Libyana,1,0,1,0,0,1.2,3,900,1,MACRO,1,1786406400000,1786492800000,0,1
392,32.885900658918494,13.164500859636515,1,GSM,GSM,1,0,0,1,2,Libyana,1,0,1,0,0,0.8,2,900,1,MACRO,1,1786406400000,1786492800000,0,1
393,32.894200718529014,13.192500719045947,1,GSM,GSM,1,0,0,1,2,Libyana,1,0,1,0,0,0.8,2,900,1,MACRO,1,1786406400000,1786492800000,0,1
394,32.884600550450116,13.160800583863397,1,GSM,GSM,1,0,0,1,2,Libyana,1,0,1,0,0,1.2,3,900,1,MACRO,1,1786406400000,1786492800000,0,1
395,32.89530056440569,13.204600546849036,1,GSM,GSM,1,0,0,1,2,Libyana,1,0,1,0,0,0.4,1,900,1,MACRO,0,1786492800000,1786492800000,0,1
396,32.894100556139406,13.193100362648302,1,GSM,GSM,1,0,0,1,2,Libyana,1,0,1,0,0,1.2,3,900,1,MACRO,1,1658534400000,1786492800000,0,1
397,32.874000677675554,13.163200746264543,1,GSM,GSM,1,0,0,1,2,Libyana,1,0,1,0,0,0.4,1,900,1,MACRO,0,1786492800000,1786492800000,0,1
398,32.8945005855578,13.198500583327023,1,GSM,GSM,1,0,0,1,2,Libyana,1,0,1,0,0,0.8,2,900,1,MACRO,1,1786492800000,1786492800000,0,1
399,32.87100016157542,13.15910036641092,1,GSM,GSM,1,0,0,1,2,Libyana,1,0,1,0,0,0.8,2,900,1,MACRO,0,1786492800000,1786492800000,0,1
400,32.856400778188004,13.16910059052216,1,GSM,GSM,1,0,0,1,2,Libyana,1,0,1,0,0,0.4,1,900,1,MACRO,0,1784764800000,1786492800000,0,1
401,32.87180056297662,13.167300340364012,1,GSM,EDGE,1,0,0,1,2,Libyana,1,0,1,0,0,0.4,1,900,1,MACRO,0,1786492800000,1786492800000,0,1
402,32.8719004787101,13.157900354996539,1,GSM,GSM,1,0,0,1,2,Libyana,1,0,1,0,0,0.8,2,900,1,MACRO,1,1786492800000,1786492800000,0,1
403,32.87980017731434,13.322300871038227,1,GSM,GSM,1,0,0,1,2,Libyana,1,0,1,0,0,1.2,3,900,1,MACRO,1,1784764800000,1786492800000,0,1
404,32.89370041345073,13.35780049159122,1,GSM,GSM,1,0,0,1,2,Libyana,1,0,1,0,0,0.4,1,900,1,MACRO,0,1786492800000,1786492800000,0,1
405,32.872200729390016,13.35550061934263,1,GSM,GSM,1,0,0,1,2,Libyana,1,0,1,0,0,1.2,3,900,1,MACRO,1,1783987200000,1784764800000,0,1
406,32.845700452140356,13.333000643343738,1,GSM,EDGE,1,0,0,1,2,Libyana,1,0,1,0,0,0.4,1,900,1,MACRO,0,1783987200000,1783987200000,0,1
407,32.69640060080137,13.559800423610916,1,GSM,GSM,1,0,0,1,2,Libyana,1,0,1,0,0,0.8,2,900,1,MACRO,1,1758153600000,1786492800000,0,1
408,32.82730044653764,13.507700869235029,1,GSM,GSM,1,0,0,1,2,Libyana,1,0,1,0,0,0.8,2,"900,1800",2,MACRO,1,1784764800000,1786492800000,0,1
409,32.81910034820313,13.531300557282755,1,GSM,GSM,1,0,0,1,2,Libyana,1,0,1,0,0,2.4,6,"900,1800",2,MACRO,1,1784764800000,1786492800000,0,1
410,32.87360073962079,13.335700746950893,1,GSM,GSM,1,0,0,1,2,Libyana,1,0,1,0,0,0.8,2,900,1,MACRO,1,1784764800000,1785369600000,0,1
411,32.89300063401051,13.352300678947712,1,GSM,GSM,1,0,0,1,2,Libyana,1,0,1,0,0,1.2,3,900,1,MACRO,1,1786406400000,1786492800000,0,1
412,32.75700057631671,13.524000534505083,5,GSM,GSM,1,0,0,1,2,Libyana,1,0,1,0,0,4.4,11,"900,1800",2,MACRO,1,1758153600000,1786492800000,0,1
413,32.843100881875664,13.46710046026387,1,GSM,GSM,1,0,0,1,2,Libyana,1,0,1,0,0,2.4,6,"900,1800",2,MACRO,1,1784764800000,1786492800000,0,1
414,32.872600625577455,13.36950037805681,1,GSM,GSM,1,0,0,1,2,Libyana,1,0,1,0,0,0.4,1,900,1,MACRO,1,1784764800000,1784764800000,0,1
415,32.873100147198286,13.403000745348484,1,GSM,GSM,1,0,0,1,2,Libyana,1,0,1,0,0,0.8,2,900,1,MACRO,1,1784764800000,1786492800000,0,1
416,32.87175028104424,13.343550203343874,2,"GSM,LTE","GSM,LTE",1,0,1,2,4,Libyana,1,0,1,0,1,121.2,6,"1,3,900",3,MACRO,1,1755475200000,1787184000000,1,1
417,32.8730001260619,13.408200614594804,1,GSM,GSM,1,0,0,1,2,Libyana,1,0,1,0,0,1.2,3,900,1,MACRO,1,1784764800000,1786492800000,0,1
418,32.87140051687774,13.40200051694613,1,GSM,GSM,1,0,0,1,2,Libyana,1,0,1,0,0,0.8,2,900,1,MACRO,1,1784764800000,1786492800000,0,1
419,32.87320019188969,13.36520034414094,1,GSM,GSM,1,0,0,1,2,Libyana,1,0,1,0,0,0.4,1,900,1,MACRO,0,1784764800000,1784764800000,0,1
420,32.88520081823171,13.329400791433201,1,GSM,GSM,1,0,0,1,2,Libyana,1,0,1,0,0,0.8,2,900,1,MACRO,1,1784764800000,1786492800000,0,1
421,32.87230047149632,13.382700464676587,1,GSM,GSM,1,0,0,1,2,Libyana,1,0,1,0,0,1.2,3,900,1,MACRO,1,1784764800000,1786492800000,0,1
422,32.87430052435134,13.33260044430033,1,GSM,GSM,1,0,0,1,2,Libyana,1,0,1,0,0,0.4,1,900,1,MACRO,0,1783987200000,1785369600000,0,1
423,32.896900324014425,13.320700389883351,1,GSM,GSM,1,0,0,1,2,Libyana,1,0,1,0,0,0.4,1,900,1,MACRO,1,1786406400000,1786492800000,0,1
424,32.78200061190427,13.255000504291681,1,GSM,GSM,1,0,0,1,2,Libyana,1,0,1,0,0,0.4,1,900,1,MACRO,0,1783036800000,1783987200000,0,1
425,32.79640025040123,13.269200512958559,1,GSM,GSM,1,0,0,1,2,Libyana,1,0,1,0,0,0.4,1,900,1,MACRO,0,1782864000000,1783987200000,0,1
426,32.77075075856359,13.251500543825438,2,"GSM,LTE","EDGE,LTE",1,0,1,2,4,Libyana,1,0,1,0,1,21.2,6,"3,20,900,1800",4,MACRO,1,1782172800000,1783987200000,0,1
427,32.714100529997104,13.60930067647487,1,GSM,GSM,1,0,0,1,2,Libyana,1,0,1,0,0,2.4,6,"900,1800",2,MACRO,1,1782518400000,1787788800000,0,1
428,32.67630060227909,13.494500546651082,1,GSM,EDGE,1,0,0,1,2,Libyana,1,0,1,0,0,2.4,6,"900,1800",2,MACRO,1,1755993600000,1786492800000,0,1
429,32.62290046489923,13.389700421004104,1,GSM,EDGE,1,0,0,1,2,Libyana,1,0,1,0,0,1.6,4,"900,1800",2,MACRO,1,1755993600000,1785888000000,0,1
430,32.63795042481928,13.577800577054868,2,"GSM,LTE","GSM,LTE",1,0,1,2,4,Libyana,1,0,1,0,1,22.4,7,"3,900,1800",3,MACRO,1,1755129600000,1787961600000,1,1
431,32.617200874479074,13.278900556339451,1,GSM,EDGE,1,0,0,1,2,Libyana,1,0,1,0,0,0.4,1,1800,1,MACRO,0,1755993600000,1755993600000,0,1
432,32.6428003457866,13.441100679434996,1,GSM,EDGE,1,0,0,1,2,Libyana,1,0,1,0,0,2.0,5,"900,1800",2,MACRO,1,1755993600000,1785888000000,0,1
433,32.73070093984394,13.61240013929017,1,GSM,GSM,1,0,0,1,2,Libyana,1,0,1,0,0,1.2,3,"900,1800",2,MACRO,1,1784764800000,1786492800000,0,1
434,32.78380027530889,13.582200796916108,1,GSM,GSM,1,0,0,1,2,Libyana,1,0,1,0,0,0.8,2,"900,1800",2,MACRO,1,1784764800000,1786492800000,0,1
435,32.795400308095054,13.580600576518298,1,GSM,GSM,1,0,0,1,2,Libyana,1,0,1,0,0,0.4,1,900,1,MACRO,0,1786406400000,1786492800000,0,1
436,32.75080064109988,13.602000699616054,1,GSM,GSM,1,0,0,1,2,Libyana,1,0,1,0,0,2.4,6,"900,1800",2,MACRO,1,1784764800000,1786492800000,0,1
437,32.62040057624151,13.168200597396678,1,GSM,GSM,1,0,0,1,2,Libyana,1,0,1,0,0,0.4,1,1800,1,MACRO,0,1786492800000,1786492800000,0,1
438,32.663400638800915,13.240300271197183,1,GSM,EDGE,1,0,0,1,2,Libyana,1,0,1,0,0,0.4,1,900,1,MACRO,0,1755993600000,1755993600000,0,1
439,32.61760052353422,13.580100257221883,1,GSM,GSM,1,0,0,1,2,Libyana,1,0,1,0,0,1.2,3,"900,1800",2,MACRO,1,1784764800000,1786492800000,0,1
440,32.571500617228395,13.175200468813658,1,GSM,GSM,1,0,0,1,2,Libyana,1,0,1,0,0,0.4,1,900,1,MACRO,0,1786492800000,1786492800000,0,1
441,32.77210059512492,13.580400433522527,1,GSM,GSM,1,0,0,1,2,Libyana,1,0,1,0,0,0.4,1,900,1,MACRO,0,1784764800000,1786406400000,0,1
442,32.65990087518255,13.473200619230388,1,GSM,GSM,1,0,0,1,2,Libyana,1,0,1,0,0,0.4,1,900,1,MACRO,0,1755993600000,1785888000000,0,1
443,32.57640073461682,13.291700233185312,1,GSM,EDGE,1,0,0,1,2,Libyana,1,0,1,0,0,0.8,2,"900,1800",2,MACRO,1,1755993600000,1785888000000,0,1
444,32.906700439257996,13.257300274150317,1,GSM,GSM,1,0,0,1,2,Libyana,1,0,1,0,0,1.2,3,900,1,MACRO,1,1786406400000,1786492800000,0,1
445,32.89585069751398,13.262750264824662,2,"GSM,LTE","GSM,LTE",1,0,1,2,4,Libyana,1,0,1,0,1,20.4,2,"3,900",2,MACRO,0,1759795200000,1786406400000,0,1
446,32.898900327617554,13.217800758182332,1,GSM,GSM,1,0,0,1,2,Libyana,1,0,1,0,0,0.8,2,900,1,MACRO,1,1786406400000,1786492800000,0,1
447,32.906800479470206,13.230200630881235,1,GSM,GSM,1,0,0,1,2,Libyana,1,0,1,0,0,0.4,1,900,1,MACRO,0,1786406400000,1786492800000,0,1
448,32.864300477316974,13.223000963072108,1,GSM,EDGE,1,0,0,1,2,Libyana,1,0,1,0,0,0.8,2,900,1,MACRO,1,1784764800000,1784764800000,0,1
449,32.9033001878107,13.302900609939128,1,GSM,EDGE,1,0,0,1,2,Libyana,1,0,1,0,0,0.8,2,900,1,MACRO,1,1786406400000,1786492800000,0,1
450,32.90480055377369,13.296600525325044,1,GSM,GSM,1,0,0,1,2,Libyana,1,0,1,0,0,0.8,2,900,1,MACRO,1,1786406400000,1786492800000,0,1
451,32.85840045582596,13.274300729477519,1,GSM,GSM,1,0,0,1,2,Libyana,1,0,1,0,0,0.8,2,900,1,MACRO,1,1761609600000,1761609600000,0,1
452,32.76990051033176,12.607700397050566,1,GSM,GSM,1,0,0,1,2,Libyana,1,0,1,0,0,0.4,1,900,1,MACRO,0,1787184000000,1787184000000,0,1
453,32.79065050908544,12.567750612435782,2,"GSM,LTE","GSM,LTE",1,0,1,2,4,Libyana,1,0,1,0,1,20.4,2,"20,900",2,MACRO,1,1787184000000,1787184000000,0,1
454,32.75940058280853,12.60110085392718,1,GSM,GSM,1,0,0,1,2,Libyana,1,0,1,0,0,1.2,3,"900,1800",2,MACRO,1,1787184000000,1787961600000,0,1
455,32.76590071888487,12.567300419287678,1,GSM,GSM,1,0,0,1,2,Libyana,1,0,1,0,0,0.4,1,900,1,MACRO,0,1787184000000,1787184000000,0,1
456,27.532120704493803,14.255100511658739,5,"GSM,LTE,UMTS","GSM,LTE,UMTS",1,1,1,3,4,Libyana,1,0,1,0,1,40.8,9,"1,3,8,900",4,MACRO,1,1768176000000,1768176000000,0,1
457,26.433900939468636,14.279400658317394,2,"GSM,UMTS","GSM,UMTS",1,1,0,2,3,Libyana,1,0,1,0,1,15.4,4,"1,8,900",3,MACRO,1,1683244800000,1687737600000,0,0
458,26.1025007636677,14.830850911225063,2,GSM,GSM,1,0,0,1,2,Libyana,1,0,1,0,0,0.8,2,"900,1800",2,MACRO,0,1683244800000,1683244800000,0,0
459,27.046833877079305,14.418567212586838,3,GSM,"EDGE,GPRS",1,0,0,1,2,Libyana,1,0,1,0,0,1.2,0,,0,MACRO,1,1454112000000,1454112000000,0,0
460,27.04020049256169,14.422000902090637,1,GSM,GPRS,1,0,0,1,2,Libyana,1,0,1,0,0,0.4,0,,0,MACRO,0,1454112000000,1454112000000,0,0
461,27.037700573955,14.424200977478181,1,GSM,GPRS,1,0,0,1,2,Libyana,1,0,1,0,0,0.4,0,,0,MACRO,0,1454112000000,1454112000000,0,0
462,27.0297002351961,14.428600677498746,1,GSM,EDGE,1,0,0,1,2,Libyana,1,0,1,0,0,0.4,0,,0,MACRO,0,1454112000000,1454112000000,0,0
463,27.044000554260087,14.410900868762289,1,GSM,GPRS,1,0,0,1,2,Libyana,1,0,1,0,0,0.4,0,,0,MACRO,0,1454112000000,1454112000000,0,0
464,27.046400934164645,14.4096001163347,1,GSM,GPRS,1,0,0,1,2,Libyana,1,0,1,0,0,0.4,0,,0,MACRO,0,1454112000000,1454112000000,0,0
465,27.0409009177485,14.422200790156637,1,GSM,GPRS,1,0,0,1,2,Libyana,1,0,1,0,0,0.4,0,,0,MACRO,1,1454112000000,1454112000000,0,0
466,27.034700837775198,14.426700211155454,1,GSM,EDGE,1,0,0,1,2,Libyana,1,0,1,0,0,0.4,0,,0,MACRO,0,1454112000000,1454112000000,0,0
467,32.889100777541195,13.180800460516062,1,LTE,LTE,0,0,1,1,4,Libyana,1,0,1,0,0,30.0,3,"3,20",2,MACRO,1,1782086400000,1784073600000,0,1
468,32.88850089053415,13.181500647627274,1,LTE,LTE,0,0,1,1,4,Libyana,1,0,1,0,0,30.0,2,3,1,MACRO,1,1782086400000,1784073600000,0,1
469,32.875400567022936,13.178300519419087,1,LTE,LTE,0,0,1,1,4,Al-Madar,0,1,1,0,0,10.0,2,"3,8",2,MACRO,1,1768694400000,1781913600000,1,1
470,32.89450072799578,13.205800576853372,1,LTE,LTE,0,0,1,1,4,Al-Madar,0,1,1,0,0,20.0,1,3,1,MACRO,1,1575244800000,1768521600000,0,1
471,32.895800389091626,13.197000487060368,1,LTE,LTE,0,0,1,1,4,Libyana,1,0,1,0,0,20.0,1,3,1,MACRO,1,1759363200000,1771372800000,0,1
472,32.893600440920814,13.217200133003885,1,LTE,LTE,0,0,1,1,4,Libyana,1,0,1,0,0,40.0,1,3,1,MACRO,1,1771113600000,1771113600000,0,1
473,32.90140016218892,13.174300261932384,1,LTE,LTE,0,0,1,1,4,Al-Madar,0,1,1,0,0,20.0,1,3,1,MACRO,1,1759363200000,1782086400000,0,1
474,32.88110013263745,13.164800146004566,1,LTE,LTE,0,0,1,1,4,Al-Madar,0,1,1,0,0,20.0,2,3,1,MACRO,1,1768521600000,1779667200000,0,1
475,32.867300180895406,13.179700264238418,1,LTE,LTE,0,0,1,1,4,Al-Madar,0,1,1,0,0,10.0,2,"8,20",2,MACRO,1,1781913600000,1782086400000,1,1
476,32.894400245450484,13.180100819323778,1,LTE,LTE,0,0,1,1,4,Al-Madar,0,1,1,0,0,20.0,2,"3,20",2,MACRO,1,1768521600000,1782086400000,0,1
477,32.89380082976738,13.168600668072912,1,LTE,LTE,0,0,1,1,4,Al-Madar,0,1,1,0,0,20.0,1,3,1,MACRO,0,1759363200000,1781395200000,0,1
478,32.88560025633025,13.168000896118176,1,LTE,LTE,0,0,1,1,4,Al-Madar,0,1,1,0,0,20.0,1,3,1,MACRO,1,1597795200000,1779148800000,0,1
479,32.89100085736846,13.199800239422961,1,LTE,LTE,0,0,1,1,4,Al-Madar,0,1,1,0,0,20.0,1,3,1,MACRO,1,1768521600000,1768521600000,0,1
480,32.900000334536365,13.205900158949829,1,LTE,LTE,0,0,1,1,4,Al-Madar,0,1,1,0,0,20.0,1,3,1,MACRO,0,1759363200000,1779148800000,0,1
481,32.88510015342921,13.181600408670514,1,LTE,LTE,0,0,1,1,4,Al-Madar,0,1,1,0,0,20.0,1,3,1,MACRO,0,1751068800000,1751068800000,0,0
482,32.87660097477348,13.207800597817442,1,LTE,LTE,0,0,1,1,4,Al-Madar,0,1,1,0,0,10.0,1,20,1,MACRO,0,1782172800000,1782172800000,0,1
483,32.87920051396722,13.197600690767066,1,LTE,LTE,0,0,1,1,4,Al-Madar,0,1,1,0,0,20.0,1,3,1,MACRO,0,1781913600000,1781913600000,0,1
484,32.89650018933953,13.23480097453283,1,LTE,LTE,0,0,1,1,4,Al-Madar,0,1,1,0,0,20.0,2,"3,20",2,MACRO,1,1771200000000,1780876800000,0,1
485,32.873800548862484,13.192800417118411,1,LTE,LTE,0,0,1,1,4,Libyana,1,0,1,0,0,20.0,2,3,1,MACRO,1,1772841600000,1778716800000,1,1
486,32.875900903760744,13.211600734360346,1,LTE,LTE,0,0,1,1,4,Al-Madar,0,1,1,0,0,10.0,1,20,1,MACRO,1,1782172800000,1782172800000,0,1
487,32.90490047381525,13.224900705186267,1,LTE,LTE,0,0,1,1,4,Al-Madar,0,1,1,0,0,20.0,2,"3,20",2,MACRO,1,1768521600000,1782086400000,0,1
488,32.89370071450076,13.233800739903298,1,LTE,LTE,0,0,1,1,4,Al-Madar,0,1,1,0,0,20.0,2,"3,8",2,MACRO,1,1771113600000,1782000000000,0,1
489,32.7704004846746,13.133200796214053,1,LTE,LTE,0,0,1,1,4,Libyana,1,0,1,0,0,20.0,3,"3,20",2,MACRO,1,1768780800000,1782864000000,0,1
490,32.69160079453521,13.150600354621625,1,LTE,LTE,0,0,1,1,4,Al-Madar,0,1,1,0,0,10.0,3,"1,3,20",3,MACRO,1,1747267200000,1782864000000,1,1
491,32.690300520590796,13.194000926840419,1,LTE,LTE,0,0,1,1,4,Al-Madar,0,1,1,0,0,20.0,2,"3,20",2,MACRO,1,1755734400000,1782864000000,1,1
492,32.768000324829416,13.115100138308435,1,LTE,LTE,0,0,1,1,4,Al-Madar,0,1,1,0,0,20.0,2,3,1,MACRO,1,1768780800000,1769212800000,0,1
493,32.80180084066748,13.254400297821924,1,LTE,LTE,0,0,1,1,4,Al-Madar,0,1,1,0,0,10.0,1,20,1,MACRO,0,1783123200000,1783987200000,0,1
494,32.76170069489416,13.273600847220175,1,LTE,LTE,0,0,1,1,4,Al-Madar,0,1,1,0,0,10.0,3,"1,3,20",3,MACRO,1,1772064000000,1783987200000,0,1
495,32.70870075383642,13.145400837697316,1,LTE,LTE,0,0,1,1,4,Al-Madar,0,1,1,0,0,10.0,4,"1,3,8,20",4,MACRO,1,1747267200000,1782864000000,0,1
496,32.74410023651972,13.145000318640529,1,LTE,LTE,0,0,1,1,4,Al-Madar,0,1,1,0,0,20.0,2,"3,20",2,MACRO,1,1755734400000,1782864000000,1,1
497,32.769900249007854,13.2548007880024,1,LTE,LTE,0,0,1,1,4,Al-Madar,0,1,1,0,0,50.0,5,"1,3,8,20",4,MACRO,1,1684368000000,1783987200000,1,1
498,32.70493394810385,13.12163384726597,3,"LTE,UMTS","LTE,UMTS",0,1,1,2,4,"Al-Madar,Libyana",1,1,2,1,1,70.0,8,"1,3,8,20",4,MACRO,1,1747267200000,1786233600000,0,1
499,32.803000556087085,13.223800312010063,1,LTE,LTE,0,0,1,1,4,Al-Madar,0,1,1,0,0,20.0,2,3,1,MACRO,1,1607558400000,1782864000000,1,1
500,32.690700280437504,13.207500787047454,1,LTE,LTE,0,0,1,1,4,Al-Madar,0,1,1,0,0,20.0,2,"3,20",2,MACRO,1,1759881600000,1781481600000,1,1
501,32.681700780569194,13.146400170964668,1,LTE,LTE,0,0,1,1,4,Al-Madar,0,1,1,0,0,20.0,3,"1,3,20",3,MACRO,1,1755734400000,1781049600000,1,1
502,32.7499007412669,13.144400789074403,1,LTE,LTE,0,0,1,1,4,Al-Madar,0,1,1,0,0,20.0,3,"3,20",2,MACRO,1,1755734400000,1782864000000,1,1
503,32.68320088082404,13.175500963426147,1,LTE,LTE,0,0,1,1,4,Al-Madar,0,1,1,0,0,20.0,1,3,1,MACRO,1,1755734400000,1781481600000,0,1
504,32.78280017167828,13.148200917158833,1,LTE,LTE,0,0,1,1,4,Al-Madar,0,1,1,0,0,20.0,1,3,1,MACRO,0,1755734400000,1769817600000,1,1
505,32.74620055260517,13.243200799261755,1,LTE,LTE,0,0,1,1,4,Al-Madar,0,1,1,0,0,20.0,1,1,1,MACRO,0,1782864000000,1782864000000,0,1
506,32.716700623540056,13.198600251756268,1,LTE,LTE,0,0,1,1,4,Al-Madar,0,1,1,0,0,10.0,1,20,1,MACRO,1,1782864000000,1782864000000,0,1
507,32.72420044033329,13.213300940719071,1,LTE,LTE,0,0,1,1,4,Al-Madar,0,1,1,0,0,20.0,2,"1,20",2,MACRO,1,1782864000000,1782864000000,0,1
508,32.69610029539869,13.233500858190753,1,LTE,LTE,0,0,1,1,4,Al-Madar,0,1,1,0,0,10.0,1,20,1,MACRO,0,1759881600000,1785888000000,0,1
509,32.70020012397565,13.116300561094151,1,LTE,LTE,0,0,1,1,4,Al-Madar,0,1,1,0,0,20.0,2,"1,3",2,MACRO,1,1772582400000,1772582400000,0,1
510,32.77020023813653,13.130000731201116,1,LTE,LTE,0,0,1,1,4,Al-Madar,0,1,1,0,0,20.0,2,3,1,MACRO,1,1755734400000,1782864000000,1,1
511,32.772100863828065,13.146400400944133,1,LTE,LTE,0,0,1,1,4,Al-Madar,0,1,1,0,0,20.0,3,"3,20",2,MACRO,1,1755734400000,1782864000000,1,1
512,32.75370063863363,13.13760080171893,1,LTE,LTE,0,0,1,1,4,Al-Madar,0,1,1,0,0,20.0,1,3,1,MACRO,0,1782086400000,1782864000000,0,1
513,32.78070089342168,13.255000708507808,1,LTE,LTE,0,0,1,1,4,Al-Madar,0,1,1,0,0,40.0,4,"3,8,20",3,MACRO,1,1772064000000,1783987200000,1,1
514,32.7243001262127,13.165200648786298,1,LTE,LTE,0,0,1,1,4,Al-Madar,0,1,1,0,0,20.0,1,3,1,MACRO,0,1782864000000,1782864000000,0,1
515,32.81010086317002,13.233500571834414,1,LTE,LTE,0,0,1,1,4,Al-Madar,0,1,1,0,0,20.0,3,"1,3",2,MACRO,1,1762214400000,1762300800000,1,1
516,32.66840051426675,13.174000526825647,1,LTE,LTE,0,0,1,1,4,Al-Madar,0,1,1,0,0,20.0,3,"1,3,20",3,MACRO,1,1756166400000,1781049600000,1,1
517,32.78710049591805,13.147100380097163,1,LTE,LTE,0,0,1,1,4,Al-Madar,0,1,1,0,0,20.0,4,"1,3,20",3,MACRO,1,1755734400000,1782864000000,1,1
518,32.80450068554228,13.140100980377099,1,LTE,LTE,0,0,1,1,4,Al-Madar,0,1,1,0,0,20.0,2,3,1,MACRO,1,1756166400000,1781481600000,1,1
519,32.79270076425815,13.160900216412772,1,LTE,LTE,0,0,1,1,4,Al-Madar,0,1,1,0,0,20.0,1,3,1,MACRO,0,1763596800000,1763596800000,0,1
520,32.72540056313293,13.200100169642717,1,LTE,LTE,0,0,1,1,4,Al-Madar,0,1,1,0,0,10.0,1,20,1,MACRO,0,1782864000000,1782864000000,0,1
521,32.802600349577204,13.231700686492193,1,LTE,LTE,0,0,1,1,4,Al-Madar,0,1,1,0,0,20.0,3,"1,3",2,MACRO,1,1762214400000,1783987200000,0,1
522,32.74090064115504,13.243800714206612,1,LTE,LTE,0,0,1,1,4,Al-Madar,0,1,1,0,0,10.0,1,20,1,MACRO,1,1782864000000,1782864000000,0,1
523,32.695900327172666,13.13360047885131,1,LTE,LTE,0,0,1,1,4,Al-Madar,0,1,1,0,0,20.0,2,"1,20",2,MACRO,1,1772582400000,1782864000000,0,1
524,32.7244002936877,13.232500243419446,1,LTE,LTE,0,0,1,1,4,Libyana,1,0,1,0,0,20.0,2,"3,20",2,MACRO,1,1759622400000,1782864000000,0,1
525,32.78830077084235,13.252700959924459,1,LTE,LTE,0,0,1,1,4,Al-Madar,0,1,1,0,0,100.0,5,"1,3,8,20",4,MACRO,1,1772064000000,1783987200000,1,1
526,32.76190022076443,13.259800230342032,1,LTE,LTE,0,0,1,1,4,Al-Madar,0,1,1,0,0,20.0,4,"1,3,20",3,MACRO,1,1782172800000,1783036800000,0,1
527,32.68290084706807,13.164600137929504,1,LTE,LTE,0,0,1,1,4,Al-Madar,0,1,1,0,0,20.0,2,"1,3",2,MACRO,1,1755734400000,1778630400000,1,1
528,32.722700776988034,13.146400639509276,1,LTE,LTE,0,0,1,1,4,Libyana,1,0,1,0,0,20.0,2,"3,20",2,MACRO,1,1755734400000,1782864000000,1,1
529,32.81000040374969,13.173500406081446,1,LTE,LTE,0,0,1,1,4,Al-Madar,0,1,1,0,0,30.0,2,3,1,MACRO,1,1763596800000,1763596800000,0,1
530,32.56490065536078,14.028100765186641,1,LTE,LTE,0,0,1,1,4,Libyana,1,0,1,0,0,20.0,2,"1,3",2,MACRO,1,1775692800000,1785456000000,1,1
531,32.6164009781505,14.172900980737221,1,LTE,LTE,0,0,1,1,4,Libyana,1,0,1,0,0,60.0,2,"1,3",2,MACRO,1,1776988800000,1783555200000,1,1
532,32.57680054391154,13.998600863732225,1,LTE,LTE,0,0,1,1,4,Libyana,1,0,1,0,0,20.0,1,3,1,MACRO,1,1775606400000,1785456000000,1,1
533,32.68600066118435,14.105600591971054,1,LTE,LTE,0,0,1,1,4,Libyana,1,0,1,0,0,40.0,1,3,1,MACRO,1,1779408000000,1782864000000,1,1
534,32.574600356582586,14.047900794025198,1,LTE,LTE,0,0,1,1,4,Libyana,1,0,1,0,0,20.0,2,"1,3",2,MACRO,1,1775606400000,1785456000000,1,1
535,32.61630051468538,14.071900293957647,1,LTE,LTE,0,0,1,1,4,Libyana,1,0,1,0,0,20.0,1,3,1,MACRO,1,1776988800000,1781308800000,1,1
536,32.649800465741244,14.139000356070369,1,LTE,LTE,0,0,1,1,4,Libyana,1,0,1,0,0,60.0,2,"1,3",2,MACRO,1,1776988800000,1783555200000,1,1
537,32.59610083676679,14.124400840297486,1,LTE,LTE,0,0,1,1,4,Libyana,1,0,1,0,0,20.0,1,3,1,MACRO,1,1775779200000,1783555200000,1,1
538,32.6137009553906,14.16560063561146,1,LTE,LTE,0,0,1,1,4,Libyana,1,0,1,0,0,20.0,1,3,1,MACRO,0,1776988800000,1783555200000,1,1
539,32.65210071009588,13.958100841625573,1,LTE,LTE,0,0,1,1,4,Libyana,1,0,1,0,0,20.0,1,3,1,MACRO,1,1775606400000,1785456000000,1,1
540,32.532700280399396,14.118900596798845,1,LTE,LTE,0,0,1,1,4,Libyana,1,0,1,0,0,20.0,1,3,1,MACRO,1,1775606400000,1777680000000,1,1
541,32.578167006463424,14.03810046283934,3,LTE,LTE,0,0,1,1,4,Libyana,1,0,1,0,0,60.0,4,"1,3",2,MACRO,1,1775606400000,1785456000000,1,1
542,32.53840078555463,13.90820023818379,1,LTE,LTE,0,0,1,1,4,Libyana,1,0,1,0,0,20.0,1,3,1,MACRO,1,1779408000000,1785456000000,1,1
543,32.638200446364955,13.977000475095533,1,LTE,LTE,0,0,1,1,4,Libyana,1,0,1,0,0,20.0,1,3,1,MACRO,1,1775606400000,1784678400000,1,1
544,32.58210070102725,13.991800887434243,1,LTE,LTE,0,0,1,1,4,Libyana,1,0,1,0,0,20.0,1,3,1,MACRO,1,1775779200000,1785456000000,1,1
545,32.57210072316628,14.094800129915257,1,LTE,LTE,0,0,1,1,4,Libyana,1,0,1,0,0,20.0,1,3,1,MACRO,1,1775606400000,1783555200000,1,1
546,32.6169007802831,14.011700437065288,1,LTE,LTE,0,0,1,1,4,Libyana,1,0,1,0,0,20.0,1,3,1,MACRO,0,1775606400000,1784678400000,1,1
547,32.59000088961695,14.04330082653084,1,LTE,LTE,0,0,1,1,4,Libyana,1,0,1,0,0,20.0,2,"1,3",2,MACRO,1,1776556800000,1785456000000,1,1
548,32.52800081509507,14.004000661362374,1,LTE,LTE,0,0,1,1,4,Libyana,1,0,1,0,0,20.0,1,3,1,MACRO,0,1775692800000,1782950400000,1,1
549,32.64310064064232,14.25650055140866,1,LTE,LTE,0,0,1,1,4,Libyana,1,0,1,0,0,40.0,2,"1,3",2,MACRO,1,1776988800000,1782864000000,1,1
550,32.65150091366877,14.259600695552724,1,LTE,LTE,0,0,1,1,4,Libyana,1,0,1,0,0,80.0,2,"1,3",2,MACRO,1,1748131200000,1777420800000,0,1
551,32.65370023375083,14.262400151541097,1,LTE,LTE,0,0,1,1,4,Libyana,1,0,1,0,0,20.0,1,1,1,MACRO,0,1777075200000,1777075200000,0,1
552,32.51830097945542,14.199500574989068,1,LTE,LTE,0,0,1,1,4,Libyana,1,0,1,0,0,60.0,1,3,1,MACRO,1,1748044800000,1787875200000,1,1
553,32.6436006768658,14.252900847002016,1,LTE,LTE,0,0,1,1,4,Libyana,1,0,1,0,0,20.0,2,"1,3",2,MACRO,0,1777075200000,1782777600000,0,1
554,32.632200742837995,14.257500516611564,1,LTE,LTE,0,0,1,1,4,Libyana,1,0,1,0,0,60.0,2,"1,3",2,MACRO,1,1776988800000,1782864000000,1,1
555,32.63410047053853,14.231700431302562,1,LTE,LTE,0,0,1,1,4,Libyana,1,0,1,0,0,20.0,1,3,1,MACRO,0,1776988800000,1782864000000,1,1
556,32.579000919948506,13.934400709681265,1,LTE,LTE,0,0,1,1,4,Libyana,1,0,1,0,0,20.0,1,3,1,MACRO,1,1776470400000,1785456000000,1,1
557,32.59810022612201,14.032600561215038,1,LTE,LTE,0,0,1,1,4,Libyana,1,0,1,0,0,20.0,2,"1,3",2,MACRO,1,1775606400000,1785456000000,1,1
558,32.57180060799033,14.050600837048767,1,LTE,LTE,0,0,1,1,4,Libyana,1,0,1,0,0,20.0,2,"1,3",2,MACRO,1,1775606400000,1785456000000,1,1
559,30.749500944221364,20.23340012722127,1,LTE,LTE,0,0,1,1,4,Libyana,1,0,1,0,0,60.0,3,"1,3",2,MACRO,1,1782086400000,1782864000000,1,1
560,32.46480047677876,14.524000194880122,1,LTE,LTE,0,0,1,1,4,Libyana,1,0,1,0,0,40.0,2,"1,3",2,MACRO,1,1782777600000,1782864000000,1,1
561,32.39520068464787,14.865300734653676,1,LTE,LTE,0,0,1,1,4,Libyana,1,0,1,0,0,60.0,1,3,1,MACRO,1,1782777600000,1782864000000,1,1
562,32.4306009881778,14.63140073405805,1,LTE,LTE,0,0,1,1,4,Libyana,1,0,1,0,0,20.0,1,3,1,MACRO,0,1782777600000,1782864000000,1,1
563,32.48270077468776,14.488600604520071,1,LTE,LTE,0,0,1,1,4,Libyana,1,0,1,0,0,60.0,2,"1,3",2,MACRO,1,1782777600000,1782864000000,1,1
564,32.49930075699048,14.444900768535001,1,LTE,LTE,0,0,1,1,4,Libyana,1,0,1,0,0,20.0,1,1,1,MACRO,0,1782777600000,1782864000000,1,1
565,32.4670008809757,14.485700783869385,1,LTE,LTE,0,0,1,1,4,Libyana,1,0,1,0,0,20.0,1,3,1,MACRO,0,1783382400000,1783382400000,0,1
566,32.53930048492505,14.372400855167838,1,LTE,LTE,0,0,1,1,4,Libyana,1,0,1,0,0,60.0,1,1,1,MACRO,1,1782777600000,1782864000000,1,1
567,32.42980030840037,14.713000339069849,1,LTE,LTE,0,0,1,1,4,Libyana,1,0,1,0,0,20.0,1,3,1,MACRO,0,1782777600000,1782777600000,0,1
568,32.41400033142847,14.802000908303839,1,LTE,LTE,0,0,1,1,4,Libyana,1,0,1,0,0,40.0,1,3,1,MACRO,1,1782777600000,1782864000000,1,1
569,32.566400871670425,14.286000335337112,1,LTE,LTE,0,0,1,1,4,Libyana,1,0,1,0,0,20.0,1,3,1,MACRO,0,1748131200000,1748131200000,0,0
570,32.50350039455866,14.509100504277828,1,LTE,LTE,0,0,1,1,4,Libyana,1,0,1,0,0,120.0,2,"1,3",2,MACRO,1,1773187200000,1773273600000,1,1
571,32.49170074782345,14.566600628078959,1,LTE,LTE,0,0,1,1,4,Libyana,1,0,1,0,0,60.0,1,3,1,MACRO,1,1773187200000,1773273600000,0,1
572,32.481200836504826,14.564200588290712,2,"LTE,UMTS","LTE,UMTS",0,1,1,2,4,"Al-Madar,Libyana",1,1,2,1,1,90.0,4,"1,3",2,MACRO,1,1773187200000,1773360000000,1,1
573,32.49780017414011,14.536000926588917,1,LTE,LTE,0,0,1,1,4,Libyana,1,0,1,0,0,100.0,2,"1,3",2,MACRO,1,1773187200000,1773273600000,1,1
574,32.4596009045459,14.491500910707597,1,LTE,LTE,0,0,1,1,4,Libyana,1,0,1,0,0,20.0,1,1,1,MACRO,0,1783382400000,1783382400000,0,1
575,32.496700658714886,14.557700649637091,1,LTE,LTE,0,0,1,1,4,Libyana,1,0,1,0,0,40.0,1,3,1,MACRO,1,1773187200000,1773273600000,1,1
576,32.459100465202994,14.550300553990667,1,LTE,LTE,0,0,1,1,4,Libyana,1,0,1,0,0,20.0,1,3,1,MACRO,0,1773360000000,1782864000000,0,1
577,32.459200947657244,14.55530066047612,1,LTE,LTE,0,0,1,1,4,Libyana,1,0,1,0,0,20.0,1,1,1,MACRO,0,1782864000000,1782864000000,1,1
578,32.44250081990167,14.599100490970248,1,LTE,LTE,0,0,1,1,4,Libyana,1,0,1,0,0,20.0,1,1,1,MACRO,0,1782777600000,1782864000000,1,1
579,32.60440022394644,14.3214006436427,1,LTE,LTE,0,0,1,1,4,Libyana,1,0,1,0,0,20.0,1,3,1,MACRO,0,1748131200000,1777420800000,0,1
580,32.59500071327292,14.318800940900987,1,LTE,LTE,0,0,1,1,4,Libyana,1,0,1,0,0,40.0,1,3,1,MACRO,1,1748131200000,1782864000000,1,1
581,32.56490087375128,14.346500167175297,1,LTE,LTE,0,0,1,1,4,Libyana,1,0,1,0,0,20.0,1,3,1,MACRO,0,1777593600000,1777593600000,1,1
582,32.606700877363664,14.303600687665178,1,LTE,LTE,0,0,1,1,4,Libyana,1,0,1,0,0,20.0,1,3,1,MACRO,1,1776988800000,1782864000000,1,1
583,32.55660033444551,14.35470091354052,1,LTE,LTE,0,0,1,1,4,Libyana,1,0,1,0,0,40.0,1,3,1,MACRO,1,1777420800000,1782864000000,1,1
584,30.767500820970167,20.241200892242723,1,LTE,LTE,0,0,1,1,4,Libyana,1,0,1,0,0,80.0,3,"1,3,28",3,MACRO,1,1782086400000,1782864000000,0,1
585,30.75690079580996,20.239800121967317,1,LTE,LTE,0,0,1,1,4,Libyana,1,0,1,0,0,60.0,2,"1,3",2,MACRO,1,1772668800000,1782777600000,0,1
586,32.32160064831414,15.112400850222818,1,LTE,LTE,0,0,1,1,4,Libyana,1,0,1,0,0,20.0,3,"1,3",2,MACRO,1,1575417600000,1782864000000,0,1
587,32.129300869315465,15.073000982668944,1,LTE,LTE,0,0,1,1,4,Libyana,1,0,1,0,0,20.0,1,3,1,MACRO,0,1782777600000,1782864000000,1,1
588,32.24410012771068,15.115900289380031,1,LTE,LTE,0,0,1,1,4,Libyana,1,0,1,0,0,40.0,1,3,1,MACRO,1,1782864000000,1782864000000,1,1
589,32.39520073238826,14.91850034882357,1,LTE,LTE,0,0,1,1,4,Libyana,1,0,1,0,0,40.0,1,3,1,MACRO,1,1782777600000,1782864000000,1,1
590,32.024600395734986,15.044100889955436,1,LTE,LTE,0,0,1,1,4,Libyana,1,0,1,0,0,20.0,1,3,1,MACRO,0,1782777600000,1782864000000,1,1
591,32.37570035729488,15.087600533370594,1,LTE,LTE,0,0,1,1,4,Libyana,1,0,1,0,0,40.0,1,1,1,MACRO,1,1778371200000,1780272000000,0,1
592,32.339600323411524,15.102900235459563,1,LTE,LTE,0,0,1,1,4,Libyana,1,0,1,0,0,40.0,1,1,1,MACRO,1,1782777600000,1782864000000,0,1
593,32.368600918956936,15.08340014428799,1,LTE,LTE,0,0,1,1,4,Libyana,1,0,1,0,0,20.0,1,3,1,MACRO,0,1778371200000,1778371200000,0,1
594,32.32910088240489,15.096400488000791,1,LTE,LTE,0,0,1,1,4,Libyana,1,0,1,0,0,20.0,1,3,1,MACRO,1,1772668800000,1772668800000,0,1
595,31.623800709195493,15.129400793720368,1,LTE,LTE,0,0,1,1,4,Libyana,1,0,1,0,0,40.0,1,3,1,MACRO,1,1782777600000,1782864000000,1,1
596,31.456500624680626,15.25500046692852,1,LTE,LTE,0,0,1,1,4,Libyana,1,0,1,0,0,60.0,1,3,1,MACRO,1,1782777600000,1782864000000,1,1
597,31.39643396486967,15.720267387171134,3,"LTE,UMTS","LTE,UMTS",0,1,1,2,4,"Al-Madar,Libyana",1,1,2,1,1,70.0,3,"1,3",2,MACRO,1,1782864000000,1782864000000,1,1
598,32.30580065972014,15.117600848428367,1,LTE,LTE,0,0,1,1,4,Libyana,1,0,1,0,0,40.0,1,1,1,MACRO,1,1782777600000,1782864000000,1,1
599,32.35860062410084,15.06930067353849,1,LTE,LTE,0,0,1,1,4,Libyana,1,0,1,0,0,160.0,3,"1,3,28",3,MACRO,1,1772668800000,1782864000000,0,1
600,32.28670040817589,15.094400664711799,1,LTE,LTE,0,0,1,1,4,Libyana,1,0,1,0,0,20.0,2,"1,3",2,MACRO,1,1772668800000,1772755200000,1,1
601,31.37560039570961,15.616100643530247,1,LTE,LTE,0,0,1,1,4,Libyana,1,0,1,0,0,20.0,1,3,1,MACRO,0,1782864000000,1782864000000,1,1
602,32.3836003010583,15.08680086403995,1,LTE,LTE,0,0,1,1,4,Libyana,1,0,1,0,0,60.0,2,"1,3",2,MACRO,1,1778371200000,1780272000000,0,1
603,32.376200732177956,15.090400360917128,1,LTE,LTE,0,0,1,1,4,Libyana,1,0,1,0,0,120.0,2,"1,3",2,MACRO,1,1778371200000,1782864000000,0,1
604,32.7956002965184,12.439000564949726,1,LTE,LTE,0,0,1,1,4,Libyana,1,0,1,0,0,10.0,1,20,1,MACRO,0,1760572800000,1760572800000,0,1
605,32.92290081546024,12.110000296746511,1,LTE,LTE,0,0,1,1,4,Libyana,1,0,1,0,0,20.0,2,3,1,MACRO,1,1772668800000,1772668800000,0,1
606,32.92920050827686,12.088700406333274,1,LTE,LTE,0,0,1,1,4,Libyana,1,0,1,0,0,20.0,3,"3,8",2,MACRO,1,1772668800000,1772668800000,1,1
607,32.93660074162523,12.087000229523301,1,LTE,LTE,0,0,1,1,4,Libyana,1,0,1,0,0,20.0,2,3,1,MACRO,1,1772668800000,1772668800000,1,1
608,32.93090063446245,12.087200116123887,1,LTE,LTE,0,0,1,1,4,Libyana,1,0,1,0,0,20.0,1,3,1,MACRO,0,1772668800000,1772668800000,0,1
609,32.91990082700801,12.109300849154872,1,LTE,LTE,0,0,1,1,4,Libyana,1,0,1,0,0,20.0,1,3,1,MACRO,0,1772668800000,1772668800000,0,1
610,32.92830018432369,12.102300827068408,1,LTE,LTE,0,0,1,1,4,Libyana,1,0,1,0,0,20.0,2,3,1,MACRO,1,1772668800000,1772668800000,1,1
611,32.92580098222622,12.097100930578943,1,LTE,LTE,0,0,1,1,4,Libyana,1,0,1,0,0,20.0,2,3,1,MACRO,1,1772668800000,1772668800000,0,1
612,32.940300619671866,12.081300808951406,1,LTE,LTE,0,0,1,1,4,Libyana,1,0,1,0,0,20.0,1,3,1,MACRO,0,1772668800000,1772668800000,1,1
613,32.17320048615399,20.1322007806502,1,LTE,LTE,0,0,1,1,4,Libyana,1,0,1,0,0,20.0,3,"1,8,20",3,MACRO,1,1785628800000,1786665600000,1,1
614,32.13610050848395,20.103000451219856,2,"LTE,UMTS","LTE,UMTS",0,1,1,2,4,Al-Madar,0,1,1,0,1,45.0,4,"1,3",2,MACRO,1,1769817600000,1789084800000,0,1
615,32.12700034769455,20.10420090501469,1,LTE,LTE,0,0,1,1,4,Libyana,1,0,1,0,0,20.0,3,"3,8",2,MACRO,1,1744761600000,1786924800000,1,1
616,32.07680093454136,20.11850080753438,1,LTE,LTE,0,0,1,1,4,Libyana,1,0,1,0,0,20.0,1,3,1,MACRO,1,1552953600000,1553040000000,0,0
617,32.12780052112489,20.084100474811397,1,LTE,LTE,0,0,1,1,4,Libyana,1,0,1,0,0,80.0,6,"1,3,8",3,MACRO,1,1757894400000,1785456000000,1,1
618,32.13060066519299,20.076100234391713,1,LTE,LTE,0,0,1,1,4,Libyana,1,0,1,0,0,20.0,3,"1,3",2,MACRO,1,1779408000000,1785456000000,1,1
619,32.147900441704564,20.140800450122775,1,LTE,LTE,0,0,1,1,4,Libyana,1,0,1,0,0,20.0,1,8,1,MACRO,1,1762732800000,1762732800000,0,1
620,32.182500831428875,20.142000228560253,1,LTE,LTE,0,0,1,1,4,Libyana,1,0,1,0,0,50.0,4,"3,8,20",3,MACRO,1,1768521600000,1786665600000,1,1
621,32.161000705578324,20.11580024360727,1,LTE,LTE,0,0,1,1,4,Libyana,1,0,1,0,0,10.0,3,"1,3",2,MACRO,1,1768521600000,1786665600000,1,1
622,32.093800485391185,20.14170018677184,1,LTE,LTE,0,0,1,1,4,Libyana,1,0,1,0,0,20.0,1,3,1,MACRO,0,1785110400000,1785110400000,0,1
623,32.113700430880534,20.09700027669358,1,LTE,LTE,0,0,1,1,4,Libyana,1,0,1,0,0,90.0,3,"1,3",2,MACRO,1,1769040000000,1786924800000,1,1
624,32.10890049669043,20.104500608878812,2,"LTE,UMTS","LTE,UMTS",0,1,1,2,4,Al-Madar,0,1,1,0,1,85.0,4,"1,3,8",3,MACRO,1,1595289600000,1789084800000,1,1
625,32.10110070119875,20.0911008057637,1,LTE,LTE,0,0,1,1,4,Libyana,1,0,1,0,0,20.0,2,3,1,MACRO,1,1772236800000,1773964800000,0,1
626,32.086800561976716,20.111700178719964,1,LTE,LTE,0,0,1,1,4,Libyana,1,0,1,0,0,50.0,2,3,1,MACRO,1,1769817600000,1785110400000,1,1
627,32.08980054718083,20.097000623076354,2,"LTE,UMTS","LTE,UMTS",0,1,1,2,4,Al-Madar,0,1,1,0,1,25.0,3,"1,3",2,MACRO,1,1770681600000,1779235200000,0,1
628,32.110200694296225,20.060800893263973,1,LTE,LTE,0,0,1,1,4,Libyana,1,0,1,0,0,40.0,2,3,1,MACRO,1,1768262400000,1781654400000,1,1
629,32.11340050075677,20.100800453825553,2,"LTE,UMTS","LTE,UMTS",0,1,1,2,4,Al-Madar,0,1,1,0,1,100.0,5,"1,3",2,MACRO,1,1595289600000,1789084800000,1,1
630,32.098300566163694,20.10680051458385,1,LTE,LTE,0,0,1,1,4,Libyana,1,0,1,0,0,20.0,2,"8,20",2,MACRO,1,1772582400000,1786924800000,1,1
631,32.10660034635101,20.09910090869896,1,LTE,LTE,0,0,1,1,4,Libyana,1,0,1,0,0,70.0,5,"1,3,8,20",4,MACRO,1,1768521600000,1786924800000,1,1
632,32.08120068776988,20.112300539755566,2,"LTE,UMTS","LTE,UMTS",0,1,1,2,4,Al-Madar,0,1,1,0,1,75.0,6,"1,3,8,20",4,MACRO,1,1769212800000,1785110400000,1,1
633,32.116900324813905,20.10350068049516,1,LTE,LTE,0,0,1,1,4,Libyana,1,0,1,0,0,20.0,2,3,1,MACRO,1,1769040000000,1786924800000,1,1
634,32.107600859214905,20.120200458082273,2,"LTE,UMTS","LTE,UMTS",0,1,1,2,4,Al-Madar,0,1,1,0,1,15.0,6,"1,3,8,20",4,MACRO,1,1759104000000,1789084800000,1,1
635,32.09370035911965,20.13140074126271,2,"LTE,UMTS","LTE,UMTS",0,1,1,2,4,Al-Madar,0,1,1,0,1,20.0,5,"1,3,8",3,MACRO,1,1759104000000,1789084800000,1,1
636,32.115200431269365,20.149300157276368,1,LTE,LTE,0,0,1,1,4,Libyana,1,0,1,0,0,20.0,1,1,1,MACRO,1,1785110400000,1785110400000,0,1
637,32.06420097181487,20.058100729188165,1,LTE,LTE,0,0,1,1,4,Libyana,1,0,1,0,0,20.0,1,3,1,MACRO,0,1552953600000,1553040000000,0,0
638,31.952500431869616,20.08340083324858,1,LTE,LTE,0,0,1,1,4,Libyana,1,0,1,0,0,20.0,1,3,1,MACRO,0,1552953600000,1552953600000,0,0
639,32.06030098086902,20.0593008706647,1,LTE,LTE,0,0,1,1,4,Libyana,1,0,1,0,0,20.0,1,3,1,MACRO,1,1552953600000,1553040000000,0,0
640,32.080400881358884,20.075800967331677,1,LTE,LTE,0,0,1,1,4,Libyana,1,0,1,0,0,50.0,3,3,1,MACRO,1,1702684800000,1774656000000,0,1
641,32.074400548852346,20.078900914595128,1,LTE,LTE,0,0,1,1,4,Libyana,1,0,1,0,0,90.0,2,3,1,MACRO,1,1702684800000,1785974400000,1,1
642,32.08120098255713,20.060400572642422,1,LTE,LTE,0,0,1,1,4,Libyana,1,0,1,0,0,20.0,2,3,1,MACRO,1,1555372800000,1768262400000,0,1
643,32.07400079024782,20.097000135533662,1,LTE,LTE,0,0,1,1,4,Libyana,1,0,1,0,0,100.0,3,"3,8",2,MACRO,1,1756166400000,1785110400000,1,1
644,32.058900187315004,20.115600611296266,1,LTE,LTE,0,0,1,1,4,Libyana,1,0,1,0,0,20.0,1,3,1,MACRO,1,1767830400000,1773964800000,1,1
645,32.068100561332,20.144300960989618,1,LTE,LTE,0,0,1,1,4,Libyana,1,0,1,0,0,20.0,3,"3,8",2,MACRO,1,1770768000000,1773964800000,1,1
646,32.05150061896837,20.14060015239816,1,LTE,LTE,0,0,1,1,4,Libyana,1,0,1,0,0,20.0,2,3,1,MACRO,1,1770595200000,1773964800000,1,1
647,32.058100151166386,20.103700647809855,1,LTE,LTE,0,0,1,1,4,Libyana,1,0,1,0,0,20.0,1,8,1,MACRO,1,1785456000000,1785888000000,0,1
648,32.05330014667908,20.076900253744704,1,LTE,LTE,0,0,1,1,4,Libyana,1,0,1,0,0,20.0,1,3,1,MACRO,0,1703462400000,1755907200000,0,1
649,32.08230034106323,20.077800924862906,1,LTE,LTE,0,0,1,1,4,Libyana,1,0,1,0,0,210.0,5,"1,3,8,20",4,MACRO,1,1703462400000,1785974400000,1,1
650,31.96415063771949,20.14250067865076,2,LTE,LTE,0,0,1,1,4,Libyana,1,0,1,0,0,40.0,5,"1,3,8",3,MACRO,1,1770681600000,1786147200000,1,1
651,32.010100299893374,20.09560053528552,1,LTE,LTE,0,0,1,1,4,Libyana,1,0,1,0,0,20.0,4,"1,3,20",3,MACRO,1,1772755200000,1785369600000,1,1
652,32.01060036127953,20.08330028676379,1,LTE,LTE,0,0,1,1,4,Libyana,1,0,1,0,0,20.0,3,3,1,MACRO,1,1555372800000,1785369600000,0,1
653,32.058500321957595,20.0679008562052,1,LTE,LTE,0,0,1,1,4,Libyana,1,0,1,0,0,70.0,5,"3,8",2,MACRO,1,1702857600000,1785974400000,1,1
654,32.09070044672139,20.056100874665,1,LTE,LTE,0,0,1,1,4,Libyana,1,0,1,0,0,30.0,2,3,1,MACRO,1,1768262400000,1769212800000,1,1
655,32.07840067746511,20.10700051877205,1,LTE,LTE,0,0,1,1,4,Libyana,1,0,1,0,0,30.0,2,3,1,MACRO,1,1769817600000,1785110400000,0,1
656,32.0479005324605,20.133700392262178,2,"LTE,UMTS","LTE,UMTS",0,1,1,2,4,Al-Madar,0,1,1,0,1,30.0,4,"1,3",2,MACRO,1,1770508800000,1774656000000,1,1
657,32.047500775230894,20.059300498654807,1,LTE,LTE,0,0,1,1,4,Libyana,1,0,1,0,0,40.0,2,"3,8",2,MACRO,1,1769212800000,1785110400000,1,1
658,32.05340051630112,20.12730057699925,1,LTE,LTE,0,0,1,1,4,Libyana,1,0,1,0,0,40.0,5,"1,3,8,20",4,MACRO,1,1768262400000,1774656000000,1,1
659,32.01440020726186,20.052200488586752,1,LTE,LTE,0,0,1,1,4,Libyana,1,0,1,0,0,20.0,1,3,1,MACRO,1,1772755200000,1783987200000,1,1
660,32.03830072867518,20.12290051469631,1,LTE,LTE,0,0,1,1,4,Libyana,1,0,1,0,0,20.0,5,"1,3,8,20",4,MACRO,1,1768089600000,1785974400000,1,1
661,32.07180090875302,20.112200883976943,1,LTE,LTE,0,0,1,1,4,Libyana,1,0,1,0,0,20.0,1,3,1,MACRO,1,1768089600000,1785110400000,1,1
662,32.05080089349677,20.1363008319364,1,LTE,LTE,0,0,1,1,4,Libyana,1,0,1,0,0,10.0,1,8,1,MACRO,1,1768176000000,1772409600000,1,1
663,32.03510085948428,20.055800718465257,1,LTE,LTE,0,0,1,1,4,Libyana,1,0,1,0,0,20.0,2,"1,3",2,MACRO,1,1769212800000,1785369600000,1,1
664,31.95840025772966,20.14470072232289,1,LTE,LTE,0,0,1,1,4,Libyana,1,0,1,0,0,20.0,5,"1,3,8,20",4,MACRO,1,1770595200000,1785974400000,1,1
665,32.04630070894594,20.043800975411074,1,LTE,LTE,0,0,1,1,4,Libyana,1,0,1,0,0,20.0,1,1,1,MACRO,1,1785369600000,1785369600000,0,1
666,32.10150078531206,20.171900511702308,1,LTE,LTE,0,0,1,1,4,Libyana,1,0,1,0,0,50.0,2,"3,8",2,MACRO,1,1575590400000,1769817600000,0,1
667,31.63250077651885,20.366000740272014,2,LTE,LTE,0,0,1,1,4,Libyana,1,0,1,0,0,40.0,2,3,1,MACRO,0,1785628800000,1785974400000,0,1
668,32.09670029100219,20.237000728480297,1,LTE,LTE,0,0,1,1,4,Libyana,1,0,1,0,0,30.0,1,3,1,MACRO,1,1768521600000,1769817600000,1,1
669,32.21060070772707,20.166300603065665,2,"LTE,UMTS","LTE,UMTS",0,1,1,2,4,Al-Madar,0,1,1,0,1,80.0,6,"1,3,8",3,MACRO,1,1768521600000,1786665600000,1,1
670,31.940600388716334,20.169200683730512,1,LTE,LTE,0,0,1,1,4,Libyana,1,0,1,0,0,20.0,5,"1,3,8,20",4,MACRO,1,1769040000000,1785974400000,1,1
671,31.9572003064293,20.14010086943031,1,LTE,LTE,0,0,1,1,4,Libyana,1,0,1,0,0,20.0,3,"3,8",2,MACRO,1,1572393600000,1774656000000,1,1
672,31.775600154559704,20.01500020873869,1,LTE,LTE,0,0,1,1,4,Libyana,1,0,1,0,0,20.0,1,8,1,MACRO,1,1785974400000,1785974400000,0,1
673,32.225300358074506,20.17910051559759,1,LTE,LTE,0,0,1,1,4,Libyana,1,0,1,0,0,40.0,2,8,1,MACRO,1,1767916800000,1786665600000,1,1
674,32.0490007007517,20.16130020721231,1,LTE,LTE,0,0,1,1,4,Libyana,1,0,1,0,0,20.0,3,"1,3",2,MACRO,1,1772236800000,1774310400000,1,1
675,32.103400321633764,20.17960093095583,1,LTE,LTE,0,0,1,1,4,Libyana,1,0,1,0,0,20.0,1,1,1,MACRO,0,1733529600000,1733529600000,0,0
676,31.649500652067715,20.025100374378333,1,LTE,LTE,0,0,1,1,4,Libyana,1,0,1,0,0,20.0,2,3,1,MACRO,1,1785974400000,1785974400000,0,1
677,31.67030082346339,20.021200620286944,1,LTE,LTE,0,0,1,1,4,Libyana,1,0,1,0,0,20.0,2,3,1,MACRO,1,1785974400000,1785974400000,0,1
678,31.45170086996086,20.154900474146014,1,LTE,LTE,0,0,1,1,4,Libyana,1,0,1,0,0,20.0,1,8,1,MACRO,0,1785974400000,1785974400000,0,1
679,31.69180044756599,20.015800610628688,1,LTE,LTE,0,0,1,1,4,Libyana,1,0,1,0,0,20.0,2,3,1,MACRO,1,1785974400000,1785974400000,0,1
680,31.591200826507094,20.179200668895692,1,LTE,LTE,0,0,1,1,4,Libyana,1,0,1,0,0,20.0,1,8,1,MACRO,1,1785974400000,1785974400000,0,1
681,31.79780090317243,20.20800046486649,1,LTE,LTE,0,0,1,1,4,Libyana,1,0,1,0,0,20.0,3,"1,3,8",3,MACRO,1,1785456000000,1785974400000,0,1
682,31.79195053979523,20.205300761014023,2,LTE,LTE,0,0,1,1,4,Libyana,1,0,1,0,0,40.0,4,"1,3,8",3,MACRO,1,1575244800000,1785974400000,1,1
683,31.893100808068834,20.174100926493125,1,LTE,LTE,0,0,1,1,4,Libyana,1,0,1,0,0,20.0,6,"1,3,8,20",4,MACRO,1,1769040000000,1786147200000,1,1
684,31.553000337537032,20.548000553248,1,LTE,LTE,0,0,1,1,4,Libyana,1,0,1,0,0,20.0,1,8,1,MACRO,0,1785974400000,1785974400000,0,1
685,31.95490062919305,20.136800937590163,1,LTE,LTE,0,0,1,1,4,Libyana,1,0,1,0,0,20.0,5,"1,3,8,20",4,MACRO,1,1769299200000,1786147200000,1,1
686,31.95230021334023,20.134100588347547,1,LTE,LTE,0,0,1,1,4,Libyana,1,0,1,0,0,20.0,1,8,1,MACRO,0,1770681600000,1774656000000,1,1
687,31.565000679208946,20.068900414423783,1,LTE,LTE,0,0,1,1,4,Libyana,1,0,1,0,0,20.0,2,3,1,MACRO,1,1785974400000,1785974400000,0,1
688,32.19770036860017,20.599300734809372,1,LTE,LTE,0,0,1,1,4,Libyana,1,0,1,0,0,10.0,1,8,1,MACRO,0,1751760000000,1751760000000,0,0
689,32.76560088157005,21.76520011122553,1,LTE,LTE,0,0,1,1,4,Libyana,1,0,1,0,0,50.0,3,"3,8",2,MACRO,1,1721520000000,1780704000000,1,1
690,32.77120079764345,21.769800165456473,1,LTE,LTE,0,0,1,1,4,Libyana,1,0,1,0,0,20.0,2,3,1,MACRO,1,1757894400000,1773100800000,1,1
691,32.760200431857356,21.7734004305704,2,"LTE,UMTS","LTE,UMTS",0,1,1,2,4,Libyana,1,0,1,0,1,25.0,2,"1,3",2,MACRO,0,1786233600000,1788480000000,0,1
692,32.754900482456186,21.761800798074788,1,LTE,LTE,0,0,1,1,4,Libyana,1,0,1,0,0,40.0,1,3,1,MACRO,1,1780704000000,1780704000000,1,1
693,32.75820054371203,21.755800939517442,1,LTE,LTE,0,0,1,1,4,Libyana,1,0,1,0,0,20.0,1,3,1,MACRO,0,1780704000000,1780704000000,0,1
694,32.7652009422865,21.755000859018672,1,LTE,LTE,0,0,1,1,4,Libyana,1,0,1,0,0,20.0,2,"1,3",2,MACRO,1,1772928000000,1780704000000,0,1
695,32.7376009258293,21.76060096791521,1,LTE,LTE,0,0,1,1,4,Libyana,1,0,1,0,0,30.0,1,8,1,MACRO,1,1780704000000,1780704000000,1,1
696,32.75820069146213,21.777300186275994,1,LTE,LTE,0,0,1,1,4,Libyana,1,0,1,0,0,60.0,2,3,1,MACRO,1,1773964800000,1780704000000,0,1
697,32.76490028036806,21.777000941165873,1,LTE,LTE,0,0,1,1,4,Libyana,1,0,1,0,0,40.0,2,"1,3",2,MACRO,1,1757894400000,1780704000000,1,1
698,32.76930083330618,21.787700647240516,1,LTE,LTE,0,0,1,1,4,Libyana,1,0,1,0,0,60.0,4,"1,3,8",3,MACRO,1,1757894400000,1780704000000,1,1
699,32.76350068510607,21.785500475483058,1,LTE,LTE,0,0,1,1,4,Libyana,1,0,1,0,0,20.0,4,"1,3,8",3,MACRO,1,1757894400000,1780704000000,1,1
700,32.76120034529881,21.78570084026253,1,LTE,LTE,0,0,1,1,4,Libyana,1,0,1,0,0,20.0,1,3,1,MACRO,1,1773100800000,1773964800000,0,1
701,32.762100638321314,21.789200196519687,1,LTE,LTE,0,0,1,1,4,Libyana,1,0,1,0,0,20.0,2,"1,3",2,MACRO,1,1772928000000,1773964800000,0,1
702,32.77850092110811,21.78550094212585,1,LTE,LTE,0,0,1,1,4,Libyana,1,0,1,0,0,20.0,2,"3,8",2,MACRO,0,1759795200000,1773014400000,1,1
703,32.76860047438223,21.741900658979052,1,LTE,LTE,0,0,1,1,4,Libyana,1,0,1,0,0,20.0,1,3,1,MACRO,1,1773100800000,1773100800000,0,1
704,32.76230044637246,21.743500699891708,3,"LTE,UMTS","LTE,UMTS",0,1,1,2,4,Libyana,1,0,1,0,1,45.0,6,"1,3,8",3,MACRO,1,1773100800000,1782086400000,0,1
705,32.70960071692391,21.7343008707403,1,LTE,LTE,0,0,1,1,4,Libyana,1,0,1,0,0,10.0,1,3,1,MACRO,0,1780704000000,1780704000000,1,1
706,32.773900819668874,21.782400508295364,1,LTE,LTE,0,0,1,1,4,Libyana,1,0,1,0,0,20.0,1,3,1,MACRO,0,1772928000000,1772928000000,1,1
707,32.78170058844453,21.797400573498013,4,"LTE,UMTS","HSPA,LTE,UMTS",0,1,1,2,4,"Al-Madar,Libyana",1,1,2,1,1,65.0,8,"1,3,8",3,MACRO,1,1757894400000,1773273600000,1,1
708,32.707050690520795,21.73340066570193,2,"LTE,UMTS","LTE,UMTS",0,1,1,2,4,Libyana,1,0,1,0,1,25.0,3,"1,8",2,MACRO,1,1780704000000,1780704000000,1,1
709,32.77360017573272,21.789300245893084,1,LTE,LTE,0,0,1,1,4,Libyana,1,0,1,0,0,20.0,1,8,1,MACRO,1,1757894400000,1780704000000,1,1
710,32.80320078162258,21.873300322212202,1,LTE,LTE,0,0,1,1,4,Libyana,1,0,1,0,0,80.0,3,"3,8",2,MACRO,1,1761609600000,1784764800000,1,1
711,32.81360014705134,21.873200336419394,1,LTE,LTE,0,0,1,1,4,Libyana,1,0,1,0,0,90.0,3,"3,8",2,MACRO,1,1761609600000,1784764800000,1,1
712,32.80790057474015,21.86550040971589,1,LTE,LTE,0,0,1,1,4,Libyana,1,0,1,0,0,90.0,3,"3,8",2,MACRO,1,1761609600000,1782259200000,1,1
713,32.79710055288552,21.87000086702119,1,LTE,LTE,0,0,1,1,4,Libyana,1,0,1,0,0,20.0,2,"3,8",2,MACRO,1,1761782400000,1761782400000,0,1
714,32.82460043314532,21.854800317656295,1,LTE,LTE,0,0,1,1,4,Libyana,1,0,1,0,0,60.0,2,"3,8",2,MACRO,1,1782000000000,1782000000000,1,1
715,32.843000390807326,21.89610097281255,1,LTE,LTE,0,0,1,1,4,Libyana,1,0,1,0,0,10.0,1,8,1,MACRO,0,1782000000000,1782000000000,1,1
716,32.788800757260496,21.876100909329217,1,LTE,LTE,0,0,1,1,4,Libyana,1,0,1,0,0,20.0,1,8,1,MACRO,0,1772928000000,1773964800000,1,1
717,32.78790052858438,21.86670046132629,1,LTE,LTE,0,0,1,1,4,Libyana,1,0,1,0,0,20.0,1,3,1,MACRO,0,1772928000000,1773878400000,1,1
718,32.804300465985904,21.95640061700686,1,LTE,LTE,0,0,1,1,4,Libyana,1,0,1,0,0,20.0,1,8,1,MACRO,0,1754006400000,1754006400000,1,1
719,32.78140046433295,21.823100148464057,1,LTE,LTE,0,0,1,1,4,Libyana,1,0,1,0,0,10.0,1,20,1,MACRO,0,1772841600000,1773100800000,1,1
720,32.78010043006172,21.80680061421902,1,LTE,LTE,0,0,1,1,4,Libyana,1,0,1,0,0,20.0,5,"1,3,8,20",4,MACRO,1,1757894400000,1773964800000,1,1
721,32.73340046720415,21.77380077949544,1,LTE,LTE,0,0,1,1,4,Libyana,1,0,1,0,0,20.0,2,3,1,MACRO,1,1780704000000,1780704000000,0,1
722,32.76280089755751,21.74530062871984,1,LTE,LTE,0,0,1,1,4,Libyana,1,0,1,0,0,20.0,1,3,1,MACRO,0,1773100800000,1773100800000,0,1
723,32.80380041766195,21.867400253779525,1,LTE,LTE,0,0,1,1,4,Libyana,1,0,1,0,0,30.0,5,"1,3,8,20",4,MACRO,1,1761609600000,1782000000000,1,1
724,32.784300926439094,21.833300930632756,1,LTE,LTE,0,0,1,1,4,Libyana,1,0,1,0,0,20.0,1,8,1,MACRO,1,1772841600000,1773964800000,1,1
725,32.850400676047485,13.117300462635733,1,LTE,LTE,0,0,1,1,4,Al-Madar,0,1,1,0,0,20.0,1,3,1,MACRO,0,1782086400000,1782086400000,0,1
726,32.827300460416915,13.131000475614842,1,LTE,LTE,0,0,1,1,4,Al-Madar,0,1,1,0,0,20.0,5,"1,3,8,20",4,MACRO,1,1755129600000,1786147200000,1,1
727,32.86440022638046,13.104300303059032,1,LTE,LTE,0,0,1,1,4,Al-Madar,0,1,1,0,0,40.0,1,3,1,MACRO,1,1781913600000,1787529600000,0,1
728,32.86500066111436,13.119400760513162,1,LTE,LTE,0,0,1,1,4,Al-Madar,0,1,1,0,0,20.0,2,"1,3",2,MACRO,1,1769558400000,1775433600000,0,1
729,32.862400485673504,13.102400884508846,1,LTE,LTE,0,0,1,1,4,Al-Madar,0,1,1,0,0,20.0,1,1,1,MACRO,1,1775433600000,1775433600000,1,1
730,32.832000600852325,13.124400597412468,1,LTE,LTE,0,0,1,1,4,Al-Madar,0,1,1,0,0,20.0,2,"3,20",2,MACRO,1,1782864000000,1782864000000,0,1
731,32.845800271704675,13.11720074824878,1,LTE,LTE,0,0,1,1,4,Al-Madar,0,1,1,0,0,20.0,1,3,1,MACRO,0,1610668800000,1610668800000,0,0
732,32.84600081492698,13.094800434275204,1,LTE,LTE,0,0,1,1,4,Al-Madar,0,1,1,0,0,40.0,3,"3,20",2,MACRO,1,1762214400000,1787529600000,0,1
733,32.85920088111214,13.09200013861778,1,LTE,LTE,0,0,1,1,4,Al-Madar,0,1,1,0,0,50.0,3,"3,20",2,MACRO,1,1602460800000,1775433600000,0,1
734,32.86290078092631,13.098400605857565,1,LTE,LTE,0,0,1,1,4,Al-Madar,0,1,1,0,0,40.0,2,"1,3",2,MACRO,1,1775433600000,1787529600000,1,1
735,32.86110091374215,13.123300759769133,1,LTE,LTE,0,0,1,1,4,Al-Madar,0,1,1,0,0,20.0,2,3,1,MACRO,1,1768521600000,1782086400000,0,1
736,32.8449008237766,13.157800668714158,1,LTE,LTE,0,0,1,1,4,Al-Madar,0,1,1,0,0,20.0,1,3,1,MACRO,0,1768521600000,1768521600000,0,1
737,32.85110052654872,13.080500295948651,1,LTE,LTE,0,0,1,1,4,Al-Madar,0,1,1,0,0,60.0,1,3,1,MACRO,1,1602460800000,1782000000000,0,1
738,32.83440020074612,13.144500594443503,1,LTE,LTE,0,0,1,1,4,Al-Madar,0,1,1,0,0,20.0,1,3,1,MACRO,0,1768521600000,1785369600000,0,1
739,32.84090094378982,13.082000718399,1,LTE,LTE,0,0,1,1,4,Al-Madar,0,1,1,0,0,20.0,1,3,1,MACRO,0,1775347200000,1787529600000,0,1
740,32.855500956476824,13.12910065029348,1,LTE,LTE,0,0,1,1,4,Al-Madar,0,1,1,0,0,20.0,1,3,1,MACRO,1,1768521600000,1769817600000,0,1
741,32.856500505319104,13.128500793821809,1,LTE,LTE,0,0,1,1,4,Al-Madar,0,1,1,0,0,20.0,1,3,1,MACRO,0,1768521600000,1769817600000,0,1
742,32.84130047669238,13.102850583324262,2,"LTE,UMTS","LTE,UMTS",0,1,1,2,4,Al-Madar,0,1,1,0,1,30.0,3,"1,3,8",3,MACRO,1,1576713600000,1781740800000,0,1
743,32.85280023796366,13.084800814122353,1,LTE,LTE,0,0,1,1,4,Al-Madar,0,1,1,0,0,30.0,2,3,1,MACRO,1,1762214400000,1782000000000,0,1
744,32.843000167140346,13.090000303543858,1,LTE,LTE,0,0,1,1,4,Al-Madar,0,1,1,0,0,20.0,1,3,1,MACRO,0,1762214400000,1787529600000,0,1
745,32.81540014333022,13.129500559633028,1,LTE,LTE,0,0,1,1,4,Al-Madar,0,1,1,0,0,20.0,2,3,1,MACRO,1,1754265600000,1782864000000,1,1
746,32.86360083417327,13.139300453097917,1,LTE,LTE,0,0,1,1,4,Al-Madar,0,1,1,0,0,20.0,1,3,1,MACRO,0,1768521600000,1769817600000,0,1
747,32.80230026695897,13.113400395379692,1,LTE,LTE,0,0,1,1,4,Al-Madar,0,1,1,0,0,20.0,1,3,1,MACRO,0,1782864000000,1782864000000,0,1
748,32.850100217898756,13.136000413731077,1,LTE,LTE,0,0,1,1,4,Al-Madar,0,1,1,0,0,20.0,1,3,1,MACRO,1,1769817600000,1769817600000,0,1
749,32.859700590821696,13.120400929848207,1,LTE,LTE,0,0,1,1,4,Al-Madar,0,1,1,0,0,40.0,1,3,1,MACRO,1,1782086400000,1787529600000,0,1
750,32.85950034364923,13.093300377690838,1,LTE,LTE,0,0,1,1,4,Al-Madar,0,1,1,0,0,10.0,1,3,1,MACRO,0,1763596800000,1763596800000,0,1
751,32.8589007270044,13.084800499672049,1,LTE,LTE,0,0,1,1,4,Al-Madar,0,1,1,0,0,40.0,1,3,1,MACRO,1,1771718400000,1781913600000,0,1
752,32.867100814417654,13.130200346547253,1,LTE,LTE,0,0,1,1,4,Al-Madar,0,1,1,0,0,20.0,2,3,1,MACRO,1,1769817600000,1781740800000,0,1
753,32.4556009532653,16.843100581805807,1,LTE,LTE,0,0,1,1,4,Libyana,1,0,1,0,0,40.0,3,"1,3",2,MACRO,1,1570924800000,1787529600000,1,1
754,32.82900064222043,13.015200359012164,1,LTE,LTE,0,0,1,1,4,Libyana,1,0,1,0,0,60.0,4,"1,3,28",3,MACRO,1,1553040000000,1787529600000,0,1
755,32.80930031587572,13.008300147743812,1,LTE,LTE,0,0,1,1,4,Libyana,1,0,1,0,0,20.0,2,"1,3",2,MACRO,1,1575331200000,1787529600000,0,1
756,32.82850065457284,13.006200304923222,1,LTE,LTE,0,0,1,1,4,Libyana,1,0,1,0,0,60.0,1,3,1,MACRO,1,1575331200000,1764460800000,1,1
757,32.78270058095394,12.990300207597151,1,LTE,LTE,0,0,1,1,4,Libyana,1,0,1,0,0,20.0,1,3,1,MACRO,1,1575331200000,1740528000000,0,0
758,32.82720095086311,12.998600116244896,1,LTE,LTE,0,0,1,1,4,Libyana,1,0,1,0,0,20.0,1,28,1,MACRO,0,1764460800000,1764460800000,1,1
759,32.830200454981416,13.020500527047398,2,"LTE,UMTS","LTE,UMTS",0,1,1,2,4,Libyana,1,0,1,0,1,70.0,4,"1,3",2,MACRO,1,1575244800000,1787529600000,1,1
760,32.815500762233945,12.954800341758826,1,LTE,LTE,0,0,1,1,4,Libyana,1,0,1,0,0,100.0,2,"1,3",2,MACRO,1,1764460800000,1787529600000,0,1
761,32.832100813786276,13.036700766005424,1,LTE,LTE,0,0,1,1,4,Libyana,1,0,1,0,0,20.0,1,1,1,MACRO,1,1764460800000,1787529600000,0,1
762,32.812700617098756,13.015400509192519,1,LTE,LTE,0,0,1,1,4,Libyana,1,0,1,0,0,20.0,1,1,1,MACRO,0,1787443200000,1787529600000,0,1
763,32.83400067279077,13.029700295734457,1,LTE,LTE,0,0,1,1,4,Libyana,1,0,1,0,0,20.0,1,1,1,MACRO,0,1764460800000,1787529600000,0,1
764,32.81680032110753,12.9803506163355,2,"LTE,UMTS","LTE,UMTS",0,1,1,2,4,Libyana,1,0,1,0,1,25.0,2,1,1,MACRO,0,1772668800000,1787529600000,0,1
765,32.83090071412023,12.991900768050597,1,LTE,LTE,0,0,1,1,4,Libyana,1,0,1,0,0,20.0,1,1,1,MACRO,0,1787529600000,1787529600000,0,1
766,32.79010027240615,13.097400454116057,1,LTE,LTE,0,0,1,1,4,Libyana,1,0,1,0,0,20.0,1,1,1,MACRO,1,1782086400000,1782086400000,0,1
767,32.77240037294351,13.089600270180387,1,LTE,LTE,0,0,1,1,4,Libyana,1,0,1,0,0,20.0,2,"1,3",2,MACRO,1,1768780800000,1769212800000,1,1
768,32.82770019353791,13.032200740343782,1,LTE,LTE,0,0,1,1,4,Libyana,1,0,1,0,0,20.0,1,1,1,MACRO,0,1787443200000,1787443200000,0,1
769,32.77890045891397,13.163500802632186,1,LTE,LTE,0,0,1,1,4,Libyana,1,0,1,0,0,40.0,4,"1,3,28",3,MACRO,1,1756080000000,1783900800000,1,1
770,32.8403009585404,13.043400342223004,1,LTE,LTE,0,0,1,1,4,Libyana,1,0,1,0,0,60.0,2,"1,3",2,MACRO,1,1764460800000,1787529600000,1,1
771,32.80640050237776,13.00040069539063,1,LTE,LTE,0,0,1,1,4,Libyana,1,0,1,0,0,20.0,1,1,1,MACRO,0,1787443200000,1787529600000,0,1
772,32.83030065960826,12.992900800870576,1,LTE,LTE,0,0,1,1,4,Libyana,1,0,1,0,0,20.0,1,1,1,MACRO,0,1787443200000,1787529600000,0,1
773,32.79010051737692,13.089000326839088,1,LTE,LTE,0,0,1,1,4,Libyana,1,0,1,0,0,20.0,2,"1,3",2,MACRO,1,1784073600000,1784073600000,0,1
774,32.784900605994494,13.078600564153009,1,LTE,LTE,0,0,1,1,4,Libyana,1,0,1,0,0,20.0,3,"1,3,28",3,MACRO,1,1780876800000,1784073600000,1,1
775,32.824700503803165,13.05740025399056,1,LTE,LTE,0,0,1,1,4,Libyana,1,0,1,0,0,20.0,3,"1,3,28",3,MACRO,1,1781913600000,1786924800000,1,1
776,32.77030097468874,13.13380071020101,1,LTE,LTE,0,0,1,1,4,Libyana,1,0,1,0,0,20.0,2,3,1,MACRO,1,1768780800000,1783900800000,1,1
777,32.86380050588434,13.109700253333397,1,LTE,LTE,0,0,1,1,4,Libyana,1,0,1,0,0,60.0,2,"1,3",2,MACRO,1,1579824000000,1787529600000,1,1
778,32.87230035449782,13.143100138416491,1,LTE,LTE,0,0,1,1,4,Libyana,1,0,1,0,0,140.0,4,"1,3,28",3,MACRO,1,1575331200000,1787529600000,1,1
779,32.846100338921346,13.077600480149943,1,LTE,LTE,0,0,1,1,4,Libyana,1,0,1,0,0,20.0,2,"1,28",2,MACRO,1,1771545600000,1782000000000,0,1
780,32.83740098832827,13.068900723036386,1,LTE,LTE,0,0,1,1,4,Libyana,1,0,1,0,0,40.0,3,"1,3",2,MACRO,1,1575244800000,1787529600000,1,1
781,32.543000315232675,15.968200180639986,1,LTE,LTE,0,0,1,1,4,Libyana,1,0,1,0,0,20.0,2,"1,3",2,MACRO,1,1782000000000,1785110400000,1,1
782,32.08680042739492,20.141600422476653,1,LTE,LTE,0,0,1,1,4,Libyana,1,0,1,0,0,20.0,2,"1,3",2,MACRO,1,1775433600000,1787529600000,1,1
783,32.11730047975243,20.088000576145216,1,LTE,LTE,0,0,1,1,4,Libyana,1,0,1,0,0,40.0,5,"1,3,28",3,MACRO,1,1578787200000,1787184000000,1,1
784,32.841900385013936,13.112500799701314,1,LTE,LTE,0,0,1,1,4,Libyana,1,0,1,0,0,60.0,2,"1,3",2,MACRO,1,1769817600000,1782086400000,0,1
785,32.86300060702061,13.10530079589142,1,LTE,LTE,0,0,1,1,4,Libyana,1,0,1,0,0,20.0,2,"1,3",2,MACRO,1,1775433600000,1777766400000,0,1
786,32.8523003512527,13.131400182272662,1,LTE,LTE,0,0,1,1,4,Libyana,1,0,1,0,0,20.0,1,3,1,MACRO,1,1768521600000,1769817600000,0,1
787,32.862800155498874,13.097300631488498,1,LTE,LTE,0,0,1,1,4,Libyana,1,0,1,0,0,20.0,1,1,1,MACRO,1,1775433600000,1787529600000,1,1
788,32.85290093437326,13.111000284030824,1,LTE,LTE,0,0,1,1,4,Libyana,1,0,1,0,0,40.0,3,"1,3",2,MACRO,1,1575244800000,1786924800000,0,1
789,32.863050305006965,13.130450384539564,2,"LTE,UMTS","LTE,UMTS",0,1,1,2,4,"Al-Madar,Libyana",1,1,2,1,1,65.0,3,"1,3,8",3,MACRO,1,1575244800000,1787529600000,0,1
790,32.86240021138882,13.157200312262425,1,LTE,LTE,0,0,1,1,4,Libyana,1,0,1,0,0,60.0,3,"1,3,28",3,MACRO,1,1575244800000,1787529600000,1,1
791,32.85550088587275,13.122100124769172,1,LTE,LTE,0,0,1,1,4,Libyana,1,0,1,0,0,20.0,2,"1,3",2,MACRO,1,1768521600000,1782086400000,0,1
792,32.83230085521696,13.101200388324582,1,LTE,LTE,0,0,1,1,4,Libyana,1,0,1,0,0,20.0,2,"1,28",2,MACRO,1,1758153600000,1787184000000,1,1
793,32.842600419946784,13.06130052586534,1,LTE,LTE,0,0,1,1,4,Libyana,1,0,1,0,0,40.0,2,"1,3",2,MACRO,1,1762300800000,1787529600000,0,1
794,32.83980074058272,13.134900346760604,1,LTE,LTE,0,0,1,1,4,Libyana,1,0,1,0,0,20.0,1,3,1,MACRO,0,1768521600000,1782259200000,0,1
795,32.837800274581056,13.065200317907603,1,LTE,LTE,0,0,1,1,4,Libyana,1,0,1,0,0,20.0,1,1,1,MACRO,0,1762214400000,1783987200000,0,1
796,32.88110057275745,13.136200884756525,1,LTE,LTE,0,0,1,1,4,Libyana,1,0,1,0,0,20.0,1,1,1,MACRO,0,1769817600000,1769817600000,0,1
797,32.8571005833501,13.227700754988039,1,LTE,LTE,0,0,1,1,4,Libyana,1,0,1,0,0,120.0,2,"1,3",2,MACRO,1,1642464000000,1783987200000,1,1
798,32.0160005220619,20.12590070297164,1,LTE,LTE,0,0,1,1,4,Libyana,1,0,1,0,0,20.0,3,"1,3,28",3,MACRO,1,1565568000000,1785974400000,1,1
799,32.84570072897679,13.1729009236934,1,LTE,LTE,0,0,1,1,4,Libyana,1,0,1,0,0,20.0,2,"3,28",2,MACRO,1,1578700800000,1760054400000,1,1
800,32.8466004652064,13.20450096864585,1,LTE,LTE,0,0,1,1,4,Libyana,1,0,1,0,0,20.0,3,"1,3",2,MACRO,1,1762300800000,1785110400000,0,1
801,32.85550062239033,13.173900143815285,1,LTE,LTE,0,0,1,1,4,Libyana,1,0,1,0,0,60.0,3,"1,3",2,MACRO,1,1755734400000,1787529600000,1,1
802,32.85910095752979,13.195500759061192,1,LTE,LTE,0,0,1,1,4,Libyana,1,0,1,0,0,20.0,4,"1,3,28",3,MACRO,1,1762300800000,1783987200000,0,1
803,32.856200772021545,13.203200323753158,1,LTE,LTE,0,0,1,1,4,Libyana,1,0,1,0,0,80.0,2,"1,3",2,MACRO,1,1755561600000,1787529600000,0,1
804,32.85510029505761,13.201600689227577,1,LTE,LTE,0,0,1,1,4,Libyana,1,0,1,0,0,20.0,2,"1,3",2,MACRO,1,1762300800000,1783987200000,0,1
805,32.8566006808315,13.205600800780555,1,LTE,LTE,0,0,1,1,4,Libyana,1,0,1,0,0,80.0,2,"1,3",2,MACRO,1,1755561600000,1787529600000,1,1
806,32.85620056202793,13.200400942271443,1,LTE,LTE,0,0,1,1,4,Libyana,1,0,1,0,0,20.0,2,"1,3",2,MACRO,1,1762214400000,1781395200000,1,1
807,32.85260039286626,13.192800928389675,1,LTE,LTE,0,0,1,1,4,Libyana,1,0,1,0,0,40.0,4,"1,3,28",3,MACRO,1,1755561600000,1787529600000,0,1
808,32.66910057907455,15.12200091356449,1,LTE,LTE,0,0,1,1,4,Libyana,1,0,1,0,0,20.0,2,"1,3",2,MACRO,1,1612396800000,1785110400000,0,1
809,32.05020015882576,20.06000020910612,1,LTE,LTE,0,0,1,1,4,Libyana,1,0,1,0,0,20.0,3,"1,3",2,MACRO,1,1557100800000,1781049600000,0,1
810,32.871800351171,13.213200506969589,1,LTE,LTE,0,0,1,1,4,Libyana,1,0,1,0,0,20.0,3,"1,3,28",3,MACRO,1,1760054400000,1760054400000,0,1
811,32.88510029840331,13.193200154594035,1,LTE,LTE,0,0,1,1,4,Libyana,1,0,1,0,0,60.0,3,"1,3,28",3,MACRO,1,1575331200000,1778716800000,0,1
812,32.869600190620446,13.196900968035584,1,LTE,LTE,0,0,1,1,4,Libyana,1,0,1,0,0,20.0,2,"1,3",2,MACRO,1,1575331200000,1778716800000,0,1
813,32.89630021430378,13.19740075781068,1,LTE,LTE,0,0,1,1,4,Libyana,1,0,1,0,0,60.0,2,"1,3",2,MACRO,1,1575331200000,1786492800000,1,1
814,32.890000803474805,13.165100442379952,1,LTE,LTE,0,0,1,1,4,Libyana,1,0,1,0,0,60.0,2,"1,3",2,MACRO,1,1757808000000,1786579200000,0,1
815,32.880400690661695,13.188900666663706,1,LTE,LTE,0,0,1,1,4,Libyana,1,0,1,0,0,20.0,1,3,1,MACRO,0,1758153600000,1778716800000,0,1
816,32.90020016944422,13.221400753649986,1,LTE,LTE,0,0,1,1,4,Libyana,1,0,1,0,0,20.0,3,"1,3,28",3,MACRO,1,1575417600000,1786492800000,0,1
817,32.87270024413818,13.188700607707956,1,LTE,LTE,0,0,1,1,4,Libyana,1,0,1,0,0,20.0,1,1,1,MACRO,0,1758499200000,1778716800000,0,1
818,32.89700021550169,13.199400787446706,1,LTE,LTE,0,0,1,1,4,Libyana,1,0,1,0,0,40.0,2,"1,3",2,MACRO,1,1757808000000,1769817600000,1,1
819,32.84260047003932,13.287200342096197,1,LTE,LTE,0,0,1,1,4,Libyana,1,0,1,0,0,20.0,3,"1,3",2,MACRO,1,1761609600000,1787788800000,1,1
820,32.906700587159094,13.25990051326443,1,LTE,LTE,0,0,1,1,4,Libyana,1,0,1,0,0,40.0,2,"1,3",2,MACRO,1,1757808000000,1771286400000,0,1
821,32.877100253083036,13.274200743700321,1,LTE,LTE,0,0,1,1,4,Libyana,1,0,1,0,0,20.0,1,1,1,MACRO,1,1769212800000,1769212800000,0,1
822,32.84250090864304,13.238800863517604,1,LTE,LTE,0,0,1,1,4,Libyana,1,0,1,0,0,20.0,2,"1,3",2,MACRO,1,1762214400000,1787961600000,1,1
823,32.86170037513372,13.265700716887801,1,LTE,LTE,0,0,1,1,4,Libyana,1,0,1,0,0,40.0,2,"1,3",2,MACRO,1,1755648000000,1783728000000,1,1
824,32.86030066514748,13.24600052960393,1,LTE,LTE,0,0,1,1,4,Libyana,1,0,1,0,0,50.0,3,"1,3",2,MACRO,1,1761609600000,1787529600000,1,1
825,32.877700755988116,13.247500425968859,1,LTE,LTE,0,0,1,1,4,Libyana,1,0,1,0,0,80.0,2,"1,3",2,MACRO,1,1756339200000,1783555200000,0,1
826,32.862600447015964,13.247100416204301,1,LTE,LTE,0,0,1,1,4,Libyana,1,0,1,0,0,20.0,2,"1,3",2,MACRO,1,1761609600000,1787529600000,1,1
827,32.82340094716412,13.275100570972224,1,LTE,LTE,0,0,1,1,4,Libyana,1,0,1,0,0,20.0,2,"1,3",2,MACRO,1,1758499200000,1784678400000,1,1
828,32.87510029485807,13.151900292397723,1,LTE,LTE,0,0,1,1,4,Al-Madar,0,1,1,0,0,20.0,2,3,1,MACRO,1,1762300800000,1778716800000,0,1
829,32.82800011359535,13.223600396739826,1,LTE,LTE,0,0,1,1,4,Al-Madar,0,1,1,0,0,20.0,1,8,1,MACRO,1,1756598400000,1757808000000,0,1
830,32.87350035639363,13.144800936330927,1,LTE,LTE,0,0,1,1,4,Al-Madar,0,1,1,0,0,20.0,3,"3,8",2,MACRO,1,1768521600000,1779148800000,0,1
831,32.84370019429842,13.166400838169231,1,LTE,LTE,0,0,1,1,4,Al-Madar,0,1,1,0,0,20.0,1,3,1,MACRO,1,1768521600000,1768521600000,0,1
832,32.819600411493795,13.22710092161878,1,LTE,LTE,0,0,1,1,4,Al-Madar,0,1,1,0,0,20.0,3,"3,20",2,MACRO,1,1762300800000,1762300800000,1,1
833,32.81620074534809,13.239200695350474,1,LTE,LTE,0,0,1,1,4,Al-Madar,0,1,1,0,0,20.0,2,3,1,MACRO,1,1762214400000,1762300800000,1,1
834,32.869600843901594,13.294100858986338,1,LTE,LTE,0,0,1,1,4,Al-Madar,0,1,1,0,0,20.0,1,3,1,MACRO,1,1597795200000,1597795200000,0,0
835,32.843600297614955,13.178500387116074,1,LTE,LTE,0,0,1,1,4,Al-Madar,0,1,1,0,0,20.0,1,3,1,MACRO,1,1768521600000,1768521600000,0,1
836,32.880000772188886,13.218700854178627,1,LTE,LTE,0,0,1,1,4,Al-Madar,0,1,1,0,0,20.0,3,"1,3",2,MACRO,1,1761609600000,1784764800000,0,1
837,32.82190030239403,13.218700358488437,1,LTE,LTE,0,0,1,1,4,Al-Madar,0,1,1,0,0,20.0,2,3,1,MACRO,1,1762300800000,1782864000000,0,1
838,32.84290057587583,13.173100811707576,1,LTE,LTE,0,0,1,1,4,Al-Madar,0,1,1,0,0,20.0,1,3,1,MACRO,0,1768521600000,1768521600000,0,1
839,32.85340059699569,13.165000335074945,1,LTE,LTE,0,0,1,1,4,Al-Madar,0,1,1,0,0,20.0,2,3,1,MACRO,1,1762300800000,1785369600000,0,1
840,32.83390095651749,13.209900310069449,1,LTE,LTE,0,0,1,1,4,Al-Madar,0,1,1,0,0,20.0,2,3,1,MACRO,1,1762300800000,1782864000000,0,1
841,32.84630085670998,13.190700845183835,1,LTE,LTE,0,0,1,1,4,Al-Madar,0,1,1,0,0,20.0,1,3,1,MACRO,1,1768521600000,1770249600000,0,1
842,32.873300942141384,13.132600335893057,1,LTE,LTE,0,0,1,1,4,Al-Madar,0,1,1,0,0,20.0,1,3,1,MACRO,0,1763596800000,1763596800000,1,1
843,32.83580060474383,13.2175002824872,1,LTE,LTE,0,0,1,1,4,Libyana,1,0,1,0,0,20.0,2,3,1,MACRO,1,1757635200000,1757635200000,0,1
844,32.86750036888427,13.150200791139405,1,LTE,LTE,0,0,1,1,4,Al-Madar,0,1,1,0,0,20.0,1,3,1,MACRO,0,1768521600000,1769817600000,0,1
845,32.86700051745782,13.229600241750957,1,LTE,LTE,0,0,1,1,4,Al-Madar,0,1,1,0,0,40.0,5,"1,3,8,20",4,MACRO,1,1756598400000,1787529600000,0,1
846,32.89130032519685,13.234000430730202,1,LTE,LTE,0,0,1,1,4,Al-Madar,0,1,1,0,0,20.0,1,3,1,MACRO,1,1768521600000,1771372800000,0,1
847,32.87100060729752,13.140900137893363,1,LTE,LTE,0,0,1,1,4,Al-Madar,0,1,1,0,0,10.0,3,"1,3",2,MACRO,1,1763596800000,1779148800000,0,1
848,32.84430074058675,13.209700549782875,1,LTE,LTE,0,0,1,1,4,Al-Madar,0,1,1,0,0,20.0,1,3,1,MACRO,0,1754352000000,1754352000000,0,1
849,32.85220027640458,13.235900563373946,1,LTE,LTE,0,0,1,1,4,Al-Madar,0,1,1,0,0,20.0,5,"1,3,8,20",4,MACRO,1,1762214400000,1783987200000,1,1
850,32.84840093498484,13.201500878065744,1,LTE,LTE,0,0,1,1,4,Al-Madar,0,1,1,0,0,80.0,3,"3,20",2,MACRO,1,1762300800000,1781913600000,1,1
851,32.820000231357106,13.22960097474387,1,LTE,LTE,0,0,1,1,4,Al-Madar,0,1,1,0,0,20.0,4,"3,8,20",3,MACRO,1,1756598400000,1762300800000,1,1
852,31.925900805425595,12.260960569423762,5,"LTE,UMTS","HSPA+,LTE,UMTS",0,1,1,2,4,"Al-Madar,Libyana",1,1,2,1,1,75.0,9,"1,3,8",3,MACRO,1,1764288000000,1764374400000,1,1
853,30.129300631176307,9.498800250237657,1,LTE,LTE,0,0,1,1,4,Libyana,1,0,1,0,0,80.0,2,"1,3",2,MACRO,1,1783555200000,1783641600000,1,1
854,30.130300692504736,9.494500157297088,1,LTE,LTE,0,0,1,1,4,Libyana,1,0,1,0,0,20.0,1,3,1,MACRO,0,1783555200000,1783641600000,1,1
855,30.119700287486104,9.493600300231835,1,LTE,LTE,0,0,1,1,4,Libyana,1,0,1,0,0,40.0,1,3,1,MACRO,1,1783555200000,1783641600000,1,1
856,30.215700934088623,10.470000820543188,1,LTE,LTE,0,0,1,1,4,Libyana,1,0,1,0,0,20.0,1,3,1,MACRO,0,1783555200000,1783641600000,1,1
857,30.218400327613587,10.003200944130223,1,LTE,LTE,0,0,1,1,4,Libyana,1,0,1,0,0,40.0,1,3,1,MACRO,1,1783555200000,1783641600000,1,1
858,31.893700358984148,11.967600505545681,2,"LTE,UMTS","LTE,UMTS",0,1,1,2,4,"Al-Madar,Libyana",1,1,2,1,1,25.0,2,"3,8",2,MACRO,0,1783641600000,1783641600000,0,1
859,31.992600791918207,11.661600618090832,1,LTE,LTE,0,0,1,1,4,Libyana,1,0,1,0,0,40.0,1,3,1,MACRO,1,1783555200000,1783555200000,1,1
860,32.007900600688004,11.470400714140027,1,LTE,LTE,0,0,1,1,4,Libyana,1,0,1,0,0,20.0,1,3,1,MACRO,0,1783555200000,1783555200000,1,1
861,31.75410067449031,10.937300586630105,1,LTE,LTE,0,0,1,1,4,Libyana,1,0,1,0,0,20.0,1,1,1,MACRO,0,1783555200000,1783555200000,1,1
862,31.885600659770194,11.468300639196695,1,LTE,LTE,0,0,1,1,4,Libyana,1,0,1,0,0,40.0,2,"1,3",2,MACRO,1,1783555200000,1783555200000,1,1
863,31.87960076688882,11.480600926085556,1,LTE,LTE,0,0,1,1,4,Libyana,1,0,1,0,0,20.0,1,3,1,MACRO,0,1783555200000,1783555200000,1,1
864,31.874300974295387,11.48590084681227,1,LTE,LTE,0,0,1,1,4,Libyana,1,0,1,0,0,20.0,1,3,1,MACRO,0,1783555200000,1783555200000,1,1
865,32.00470051636282,12.218600562537727,1,LTE,LTE,0,0,1,1,4,Libyana,1,0,1,0,0,20.0,1,3,1,MACRO,0,1783728000000,1783728000000,1,1
866,30.979300768373633,10.549500499905596,1,LTE,LTE,0,0,1,1,4,Libyana,1,0,1,0,0,20.0,1,3,1,MACRO,0,1783555200000,1783641600000,1,1
867,32.12470066553578,12.427600387598224,1,LTE,LTE,0,0,1,1,4,Libyana,1,0,1,0,0,40.0,1,3,1,MACRO,1,1783555200000,1783728000000,1,1
868,32.004100166849284,12.23010018863458,1,LTE,LTE,0,0,1,1,4,Libyana,1,0,1,0,0,40.0,1,3,1,MACRO,1,1783641600000,1783728000000,1,1
869,31.777100678129035,11.370300917468953,1,LTE,LTE,0,0,1,1,4,Libyana,1,0,1,0,0,20.0,1,3,1,MACRO,0,1783555200000,1783555200000,1,1
870,31.77620087229594,11.358900507916895,1,LTE,LTE,0,0,1,1,4,Libyana,1,0,1,0,0,60.0,1,3,1,MACRO,1,1783555200000,1783641600000,1,1
871,31.776200148342937,11.481300376743103,1,LTE,LTE,0,0,1,1,4,Libyana,1,0,1,0,0,20.0,1,3,1,MACRO,0,1783555200000,1783641600000,1,1
872,31.780800875984674,11.889500787705549,1,LTE,LTE,0,0,1,1,4,Libyana,1,0,1,0,0,20.0,1,3,1,MACRO,0,1783641600000,1783641600000,1,1
873,31.833900907515574,11.48620040687957,1,LTE,LTE,0,0,1,1,4,Libyana,1,0,1,0,0,20.0,1,3,1,MACRO,0,1783555200000,1783555200000,1,1
874,31.949800544159185,12.22310017812328,1,LTE,LTE,0,0,1,1,4,Libyana,1,0,1,0,0,60.0,2,"1,3",2,MACRO,1,1783641600000,1783728000000,1,1
875,32.07520070158624,12.232900686975562,1,LTE,LTE,0,0,1,1,4,Libyana,1,0,1,0,0,20.0,1,3,1,MACRO,0,1783728000000,1783728000000,1,1
876,32.68010068698259,13.89500075989007,1,LTE,LTE,0,0,1,1,4,Libyana,1,0,1,0,0,20.0,2,"1,3",2,MACRO,1,1775606400000,1786924800000,1,1
877,32.7076002209151,13.940500531250336,1,LTE,LTE,0,0,1,1,4,Libyana,1,0,1,0,0,80.0,2,"1,3",2,MACRO,1,1575417600000,1786838400000,1,1
878,32.697600414338666,13.84530085312038,2,LTE,LTE,0,0,1,1,4,Libyana,1,0,1,0,0,40.0,2,3,1,MACRO,1,1770422400000,1786838400000,1,1
879,32.71190080520569,13.938500631209802,1,LTE,LTE,0,0,1,1,4,Libyana,1,0,1,0,0,20.0,1,3,1,MACRO,0,1783814400000,1786838400000,1,1
880,32.724500584817314,13.76070079400155,1,LTE,LTE,0,0,1,1,4,Libyana,1,0,1,0,0,40.0,1,3,1,MACRO,1,1770422400000,1786924800000,1,1
881,32.72640053460405,13.7566007133886,1,LTE,LTE,0,0,1,1,4,Libyana,1,0,1,0,0,20.0,1,3,1,MACRO,0,1776556800000,1786924800000,1,1
882,32.701500722242585,14.019000192806587,1,LTE,LTE,0,0,1,1,4,Libyana,1,0,1,0,0,20.0,1,3,1,MACRO,0,1776556800000,1782864000000,1,1
883,32.70280089652966,13.823300807760504,1,LTE,LTE,0,0,1,1,4,Libyana,1,0,1,0,0,40.0,1,3,1,MACRO,1,1770940800000,1786924800000,1,1
884,32.78000021988747,13.830000123660811,1,LTE,LTE,0,0,1,1,4,Libyana,1,0,1,0,0,20.0,1,3,1,MACRO,0,1786924800000,1786924800000,0,1
885,32.72420034341274,13.66640032656042,1,LTE,LTE,0,0,1,1,4,Libyana,1,0,1,0,0,20.0,1,3,1,MACRO,1,1755820800000,1786838400000,1,1
886,32.700400280553,14.022000164819937,1,LTE,LTE,0,0,1,1,4,Libyana,1,0,1,0,0,20.0,1,3,1,MACRO,0,1779408000000,1779408000000,0,1
887,32.74280081633833,13.706300648302621,1,LTE,LTE,0,0,1,1,4,Libyana,1,0,1,0,0,20.0,2,"1,3",2,MACRO,1,1575417600000,1787184000000,1,1
888,32.70130033931986,13.828200871669086,1,LTE,LTE,0,0,1,1,4,Libyana,1,0,1,0,0,40.0,2,"1,3",2,MACRO,1,1770422400000,1786924800000,1,1
889,32.703150439613815,14.013950701651513,2,LTE,LTE,0,0,1,1,4,Libyana,1,0,1,0,0,80.0,2,3,1,MACRO,1,1775606400000,1786147200000,1,1
890,32.79290093420277,13.74200081673645,1,LTE,LTE,0,0,1,1,4,Libyana,1,0,1,0,0,20.0,1,3,1,MACRO,1,1755820800000,1757808000000,0,1
891,32.66890050894443,13.933400518794445,1,LTE,LTE,0,0,1,1,4,Libyana,1,0,1,0,0,20.0,1,3,1,MACRO,1,1775606400000,1781308800000,1,1
892,32.74140075955572,13.692200376762518,1,LTE,LTE,0,0,1,1,4,Libyana,1,0,1,0,0,20.0,2,"1,3",2,MACRO,1,1755820800000,1787184000000,1,1
893,32.681800326994484,13.889000656251723,1,LTE,LTE,0,0,1,1,4,Libyana,1,0,1,0,0,20.0,2,"1,3",2,MACRO,1,1775606400000,1781308800000,1,1
894,32.69350044917515,14.033700835896768,1,LTE,LTE,0,0,1,1,4,Libyana,1,0,1,0,0,40.0,2,"1,3",2,MACRO,1,1779408000000,1782864000000,1,1
895,32.70590036509218,13.907800523439013,1,LTE,LTE,0,0,1,1,4,Libyana,1,0,1,0,0,80.0,2,"1,3",2,MACRO,1,1770422400000,1784678400000,1,1
896,32.7624007036456,13.823100958363804,1,LTE,LTE,0,0,1,1,4,Libyana,1,0,1,0,0,20.0,1,3,1,MACRO,1,1776556800000,1786924800000,1,1
897,32.70070016686165,14.021200683540528,1,LTE,LTE,0,0,1,1,4,Libyana,1,0,1,0,0,20.0,1,3,1,MACRO,0,1779408000000,1782864000000,1,1
898,32.690800312733074,14.083100214042856,1,LTE,LTE,0,0,1,1,4,Libyana,1,0,1,0,0,20.0,1,3,1,MACRO,0,1779408000000,1779494400000,1,1
899,32.69370072281645,13.84840071138484,1,LTE,LTE,0,0,1,1,4,Libyana,1,0,1,0,0,80.0,2,"1,3",2,MACRO,1,1770422400000,1786924800000,1,1
900,32.73990056218772,13.71590088791222,1,LTE,LTE,0,0,1,1,4,Libyana,1,0,1,0,0,80.0,2,"1,3",2,MACRO,1,1575417600000,1787184000000,1,1
901,32.7531007578733,13.736200290134274,1,LTE,LTE,0,0,1,1,4,Libyana,1,0,1,0,0,40.0,2,"1,3",2,MACRO,1,1755820800000,1786924800000,1,1
902,32.68600065584417,13.869800387426311,2,LTE,LTE,0,0,1,1,4,Libyana,1,0,1,0,0,40.0,4,"1,3,8",3,MACRO,1,1775606400000,1786924800000,1,1
903,32.64590032739151,13.90740016827557,1,LTE,LTE,0,0,1,1,4,Libyana,1,0,1,0,0,20.0,1,3,1,MACRO,1,1786838400000,1786924800000,0,1
904,32.667600353922964,13.948600692439445,1,LTE,LTE,0,0,1,1,4,Libyana,1,0,1,0,0,20.0,2,"1,3",2,MACRO,1,1775606400000,1786924800000,1,1
905,32.8069007857283,13.558100898803046,1,LTE,LTE,0,0,1,1,4,Libyana,1,0,1,0,0,60.0,1,3,1,MACRO,1,1755475200000,1787184000000,1,1
906,32.78540064313756,13.58220095020525,1,LTE,LTE,0,0,1,1,4,Libyana,1,0,1,0,0,60.0,1,3,1,MACRO,1,1755475200000,1787184000000,1,1
907,32.72020026593488,13.612800943373767,1,LTE,LTE,0,0,1,1,4,Libyana,1,0,1,0,0,40.0,1,3,1,MACRO,1,1755302400000,1787875200000,1,1
908,32.697600694537435,13.559600609325079,1,LTE,LTE,0,0,1,1,4,Libyana,1,0,1,0,0,20.0,1,3,1,MACRO,1,1755302400000,1787961600000,1,1
909,32.73190032822858,13.610700640978695,1,LTE,LTE,0,0,1,1,4,Libyana,1,0,1,0,0,20.0,1,3,1,MACRO,0,1755648000000,1786924800000,1,1
910,32.66880070039137,13.611500322953683,1,LTE,LTE,0,0,1,1,4,Libyana,1,0,1,0,0,20.0,1,3,1,MACRO,0,1755907200000,1787184000000,1,1
911,32.80050021068584,13.571000405431871,1,LTE,LTE,0,0,1,1,4,Libyana,1,0,1,0,0,20.0,1,3,1,MACRO,0,1771200000000,1786924800000,1,1
912,32.798400354611395,13.575400776198633,1,LTE,LTE,0,0,1,1,4,Libyana,1,0,1,0,0,20.0,2,"1,3",2,MACRO,1,1759190400000,1786838400000,1,1
913,32.7384004534508,13.60740055527989,1,LTE,LTE,0,0,1,1,4,Libyana,1,0,1,0,0,40.0,1,3,1,MACRO,1,1755475200000,1787184000000,1,1
914,32.592800195764454,13.54420094610434,1,LTE,LTE,0,0,1,1,4,Libyana,1,0,1,0,0,20.0,1,3,1,MACRO,1,1755388800000,1787961600000,1,1
915,32.66700076302456,13.595800404620077,1,LTE,LTE,0,0,1,1,4,Libyana,1,0,1,0,0,20.0,1,3,1,MACRO,1,1755129600000,1787961600000,1,1
916,32.69990015468953,13.684600515122785,1,LTE,LTE,0,0,1,1,4,Libyana,1,0,1,0,0,20.0,1,3,1,MACRO,1,1755820800000,1786838400000,1,1
917,32.616200816149316,13.677400572084695,1,LTE,LTE,0,0,1,1,4,Libyana,1,0,1,0,0,20.0,1,3,1,MACRO,1,1771632000000,1786924800000,1,1
918,32.69600077466731,13.713800825105002,1,LTE,LTE,0,0,1,1,4,Libyana,1,0,1,0,0,20.0,2,"1,3",2,MACRO,1,1756339200000,1787097600000,1,1
919,31.738300972060372,14.001300304790293,1,LTE,LTE,0,0,1,1,4,Libyana,1,0,1,0,0,20.0,1,1,1,MACRO,0,1661731200000,1661731200000,0,0
920,31.759200316195752,13.952400915292804,1,LTE,LTE,0,0,1,1,4,Libyana,1,0,1,0,0,20.0,1,3,1,MACRO,0,1765065600000,1765065600000,1,1
921,32.43400056283528,13.636200848436138,1,LTE,LTE,0,0,1,1,4,Libyana,1,0,1,0,0,20.0,2,"1,3",2,MACRO,1,1771718400000,1779408000000,1,1
922,32.43870067759994,13.72220023511403,1,LTE,LTE,0,0,1,1,4,Libyana,1,0,1,0,0,20.0,1,3,1,MACRO,1,1771718400000,1781308800000,1,1
923,32.40610071327677,13.54290035428286,1,LTE,LTE,0,0,1,1,4,Libyana,1,0,1,0,0,20.0,1,3,1,MACRO,1,1771718400000,1779408000000,1,1
924,32.5199007125804,13.669500590922837,1,LTE,LTE,0,0,1,1,4,Libyana,1,0,1,0,0,20.0,1,3,1,MACRO,1,1771718400000,1786924800000,1,1
925,32.43335060242449,13.629650570553249,2,LTE,LTE,0,0,1,1,4,Libyana,1,0,1,0,0,40.0,2,3,1,MACRO,1,1771718400000,1779408000000,0,1
926,32.43610036998014,13.651100464605786,1,LTE,LTE,0,0,1,1,4,Libyana,1,0,1,0,0,20.0,1,3,1,MACRO,1,1771718400000,1779408000000,1,1
927,32.43570036949943,13.64910082501337,1,LTE,LTE,0,0,1,1,4,Libyana,1,0,1,0,0,20.0,1,3,1,MACRO,0,1778889600000,1779408000000,0,1
928,32.44500091408681,13.768500326364222,1,LTE,LTE,0,0,1,1,4,Libyana,1,0,1,0,0,20.0,2,"1,3",2,MACRO,1,1771718400000,1781308800000,1,1
929,32.45010055152962,13.822000261113976,1,LTE,LTE,0,0,1,1,4,Libyana,1,0,1,0,0,20.0,1,3,1,MACRO,1,1778889600000,1781308800000,1,1
930,32.4806002488847,13.699000757349136,1,LTE,LTE,0,0,1,1,4,Libyana,1,0,1,0,0,20.0,1,3,1,MACRO,1,1771718400000,1781308800000,1,1
931,32.42200077143243,13.58550040354642,1,LTE,LTE,0,0,1,1,4,Libyana,1,0,1,0,0,20.0,1,3,1,MACRO,1,1771718400000,1779408000000,1,1
932,32.56760019327,13.700900651057365,1,LTE,LTE,0,0,1,1,4,Libyana,1,0,1,0,0,20.0,1,3,1,MACRO,1,1771718400000,1781308800000,1,1
933,32.42290047171623,13.453500399357171,1,LTE,LTE,0,0,1,1,4,Libyana,1,0,1,0,0,20.0,1,3,1,MACRO,1,1771718400000,1779408000000,1,1
934,32.41720015384213,13.477200923109347,1,LTE,LTE,0,0,1,1,4,Libyana,1,0,1,0,0,20.0,1,3,1,MACRO,1,1771718400000,1779408000000,1,1
935,32.52210091011046,13.911000799910074,1,LTE,LTE,0,0,1,1,4,Libyana,1,0,1,0,0,20.0,1,3,1,MACRO,1,1781308800000,1785456000000,1,1
936,32.45490056630411,13.862600169447413,1,LTE,LTE,0,0,1,1,4,Libyana,1,0,1,0,0,20.0,1,3,1,MACRO,1,1778889600000,1781308800000,1,1
937,32.43860083699865,13.6684009616439,1,LTE,LTE,0,0,1,1,4,Libyana,1,0,1,0,0,20.0,1,3,1,MACRO,1,1771718400000,1781308800000,1,1
938,32.56040061264775,13.681600220129964,1,LTE,LTE,0,0,1,1,4,Libyana,1,0,1,0,0,20.0,1,3,1,MACRO,1,1771718400000,1781308800000,1,1
939,32.467500553886886,13.918700473008364,1,LTE,LTE,0,0,1,1,4,Libyana,1,0,1,0,0,20.0,1,3,1,MACRO,1,1777507200000,1781308800000,1,1
940,32.49650075795079,13.971700875493326,1,LTE,LTE,0,0,1,1,4,Libyana,1,0,1,0,0,20.0,1,3,1,MACRO,1,1775692800000,1782950400000,1,1
941,32.59690042521761,13.708500149397157,1,LTE,LTE,0,0,1,1,4,Libyana,1,0,1,0,0,20.0,1,3,1,MACRO,0,1781308800000,1781308800000,0,1
942,32.786200483262334,13.582200588044273,1,LTE,LTE,0,0,1,1,4,Libyana,1,0,1,0,0,20.0,1,3,1,MACRO,0,1755648000000,1786838400000,0,1
943,32.437900570955065,13.684600469972779,1,LTE,LTE,0,0,1,1,4,Libyana,1,0,1,0,0,20.0,1,3,1,MACRO,1,1771718400000,1781308800000,1,1
944,32.43110084210608,13.620300787689445,1,LTE,LTE,0,0,1,1,4,Libyana,1,0,1,0,0,20.0,1,3,1,MACRO,0,1778889600000,1779408000000,0,1
945,32.66500079506503,13.662500651505697,1,LTE,LTE,0,0,1,1,4,Libyana,1,0,1,0,0,20.0,1,3,1,MACRO,1,1781049600000,1785196800000,1,1
946,32.74550019890376,13.383600334868847,1,LTE,LTE,0,0,1,1,4,Libyana,1,0,1,0,0,20.0,2,"1,3",2,MACRO,1,1581465600000,1784678400000,1,1
947,32.88610054219486,13.368000266956205,1,LTE,LTE,0,0,1,1,4,Libyana,1,0,1,0,0,460.0,4,"1,3,28",3,MACRO,1,1500768000000,1787788800000,1,1
948,32.69010084471363,13.19960021654014,1,LTE,LTE,0,0,1,1,4,Libyana,1,0,1,0,0,20.0,2,"1,3",2,MACRO,1,1755388800000,1787184000000,1,1
949,32.82690052711448,13.420800484755253,1,LTE,LTE,0,0,1,1,4,Libyana,1,0,1,0,0,40.0,2,"1,3",2,MACRO,1,1777334400000,1783814400000,1,1
950,32.7241001521326,13.233100882106829,1,LTE,LTE,0,0,1,1,4,Libyana,1,0,1,0,0,20.0,2,"1,3",2,MACRO,1,1755475200000,1782086400000,1,1
951,32.76610071462459,13.450300827966878,1,LTE,LTE,0,0,1,1,4,Libyana,1,0,1,0,0,20.0,2,"1,3",2,MACRO,1,1756080000000,1784678400000,1,1
952,32.72970087975385,13.357300153150877,1,LTE,LTE,0,0,1,1,4,Libyana,1,0,1,0,0,20.0,3,"1,3",2,MACRO,1,1756080000000,1787788800000,1,1
953,32.813500415384105,13.50240096365335,1,LTE,LTE,0,0,1,1,4,Libyana,1,0,1,0,0,20.0,3,"1,3",2,MACRO,1,1755561600000,1785974400000,1,1
954,32.817400254128984,13.535500874033957,1,LTE,LTE,0,0,1,1,4,Libyana,1,0,1,0,0,40.0,1,3,1,MACRO,1,1755475200000,1787184000000,1,1
955,32.78830062755868,13.224400177489231,1,LTE,LTE,0,0,1,1,4,Libyana,1,0,1,0,0,20.0,2,"1,3",2,MACRO,1,1757376000000,1787702400000,0,1
956,32.87370027908953,13.334800871396192,1,LTE,LTE,0,0,1,1,4,Libyana,1,0,1,0,0,160.0,4,"1,3,28",3,MACRO,1,1755561600000,1787184000000,1,1
957,32.853100514675084,13.408800745363251,1,LTE,LTE,0,0,1,1,4,Libyana,1,0,1,0,0,40.0,2,"1,3",2,MACRO,1,1759190400000,1783296000000,1,1
958,32.79240049654724,13.440700286797046,1,LTE,LTE,0,0,1,1,4,Libyana,1,0,1,0,0,20.0,1,3,1,MACRO,0,1777334400000,1777334400000,0,1
959,32.66970025419983,13.295000207649226,1,LTE,LTE,0,0,1,1,4,Libyana,1,0,1,0,0,20.0,1,3,1,MACRO,1,1756080000000,1779408000000,1,1
960,32.56950086846663,13.455500782792708,1,LTE,LTE,0,0,1,1,4,Libyana,1,0,1,0,0,20.0,1,3,1,MACRO,0,1785024000000,1786924800000,1,1
961,32.587600227134566,13.33310048950316,1,LTE,LTE,0,0,1,1,4,Libyana,1,0,1,0,0,20.0,1,3,1,MACRO,1,1755388800000,1787184000000,1,1
962,32.57600039488543,13.478800754376921,1,LTE,LTE,0,0,1,1,4,Libyana,1,0,1,0,0,20.0,1,3,1,MACRO,0,1785024000000,1785024000000,0,1
963,32.675600974998204,13.494100187167522,1,LTE,LTE,0,0,1,1,4,Libyana,1,0,1,0,0,20.0,1,3,1,MACRO,1,1755302400000,1787184000000,1,1
964,32.62780035149057,13.40070072702432,1,LTE,LTE,0,0,1,1,4,Libyana,1,0,1,0,0,20.0,1,3,1,MACRO,1,1755388800000,1787184000000,1,1
965,32.55760050452314,13.248900438152631,1,LTE,LTE,0,0,1,1,4,Libyana,1,0,1,0,0,20.0,1,3,1,MACRO,1,1769990400000,1778889600000,1,1
966,32.62840025875427,13.305700506997582,1,LTE,LTE,0,0,1,1,4,Libyana,1,0,1,0,0,20.0,1,3,1,MACRO,1,1755388800000,1785196800000,1,1
967,32.64520064581207,13.438900133610655,1,LTE,LTE,0,0,1,1,4,Libyana,1,0,1,0,0,20.0,1,3,1,MACRO,1,1755388800000,1787184000000,1,1
968,32.782100381293866,13.535100713884637,1,LTE,LTE,0,0,1,1,4,Libyana,1,0,1,0,0,20.0,1,3,1,MACRO,1,1756080000000,1787184000000,1,1
969,32.84920079786658,13.29940097940445,1,LTE,LTE,0,0,1,1,4,Libyana,1,0,1,0,0,20.0,1,1,1,MACRO,0,1761609600000,1761609600000,0,1
970,32.852100795849374,13.448900374832212,1,LTE,LTE,0,0,1,1,4,Libyana,1,0,1,0,0,60.0,1,3,1,MACRO,1,1755561600000,1787184000000,1,1
971,32.67040020835064,13.368600458996257,1,LTE,LTE,0,0,1,1,4,Libyana,1,0,1,0,0,20.0,1,3,1,MACRO,1,1755388800000,1787097600000,1,1
972,32.70890048447885,13.477200769352029,1,LTE,LTE,0,0,1,1,4,Libyana,1,0,1,0,0,20.0,1,3,1,MACRO,1,1755388800000,1787184000000,1,1
973,32.52710025544504,13.326700758657728,1,LTE,LTE,0,0,1,1,4,Libyana,1,0,1,0,0,20.0,1,3,1,MACRO,0,1779408000000,1785024000000,1,1
974,32.838900138948055,13.477700743038747,1,LTE,LTE,0,0,1,1,4,Libyana,1,0,1,0,0,80.0,2,"1,3",2,MACRO,1,1755561600000,1787184000000,1,1
975,32.701900532141806,13.29470077602703,1,LTE,LTE,0,0,1,1,4,Libyana,1,0,1,0,0,20.0,2,"1,3",2,MACRO,1,1755388800000,1787184000000,1,1
976,32.746500898984905,13.308300142504416,1,LTE,LTE,0,0,1,1,4,Libyana,1,0,1,0,0,20.0,2,"1,3",2,MACRO,1,1756080000000,1784678400000,1,1
977,32.84910093730828,13.308500475567701,1,LTE,LTE,0,0,1,1,4,Libyana,1,0,1,0,0,20.0,1,1,1,MACRO,1,1761609600000,1761609600000,0,1
978,32.88150076264949,13.361600599973865,1,LTE,LTE,0,0,1,1,4,Libyana,1,0,1,0,0,100.0,3,"1,3",2,MACRO,1,1761264000000,1783814400000,1,1
979,32.87330097229444,13.36450035026477,1,LTE,LTE,0,0,1,1,4,Libyana,1,0,1,0,0,200.0,3,"1,3",2,MACRO,1,1755734400000,1787184000000,1,1
980,32.88500078203835,13.378000431790715,1,LTE,LTE,0,0,1,1,4,Libyana,1,0,1,0,0,40.0,2,"1,3",2,MACRO,1,1782691200000,1782864000000,0,1
981,32.87580074716398,13.404000598894552,1,LTE,LTE,0,0,1,1,4,Libyana,1,0,1,0,0,100.0,3,"1,3",2,MACRO,1,1755475200000,1787184000000,1,1
982,32.859100372312874,13.400800541231803,1,LTE,LTE,0,0,1,1,4,Libyana,1,0,1,0,0,100.0,2,"1,3",2,MACRO,1,1782086400000,1783900800000,1,1
983,32.89460094676967,13.363700122423273,1,LTE,LTE,0,0,1,1,4,Libyana,1,0,1,0,0,160.0,3,"1,3,28",3,MACRO,1,1757376000000,1787184000000,1,1
984,32.574300133575235,13.29460072902093,1,LTE,LTE,0,0,1,1,4,Libyana,1,0,1,0,0,20.0,1,3,1,MACRO,1,1755388800000,1787097600000,1,1
985,32.65200021775648,13.263200829237785,1,LTE,LTE,0,0,1,1,4,Libyana,1,0,1,0,0,20.0,1,3,1,MACRO,1,1755561600000,1787184000000,0,1
986,32.62580023467872,13.16800037312414,1,LTE,LTE,0,0,1,1,4,Libyana,1,0,1,0,0,20.0,1,3,1,MACRO,0,1771718400000,1781308800000,1,1
987,32.776750682757225,13.334450472024884,2,LTE,LTE,0,0,1,1,4,Libyana,1,0,1,0,0,40.0,4,"1,3,28",3,MACRO,1,1775606400000,1784678400000,1,1
988,32.66300069891061,13.223500128790867,1,LTE,LTE,0,0,1,1,4,Libyana,1,0,1,0,0,20.0,1,3,1,MACRO,0,1755388800000,1787184000000,0,1
989,32.680500728366944,13.260400564666657,1,LTE,LTE,0,0,1,1,4,Libyana,1,0,1,0,0,20.0,1,3,1,MACRO,1,1756166400000,1787097600000,1,1
990,32.87700049972366,13.329200854520954,1,LTE,LTE,0,0,1,1,4,Libyana,1,0,1,0,0,20.0,1,1,1,MACRO,0,1763596800000,1783641600000,0,1
991,32.71620023099369,13.337800310296219,1,LTE,LTE,0,0,1,1,4,Libyana,1,0,1,0,0,20.0,1,3,1,MACRO,0,1774828800000,1774828800000,0,1
992,32.75880098162232,13.435600705684685,1,LTE,LTE,0,0,1,1,4,Libyana,1,0,1,0,0,20.0,2,"1,3",2,MACRO,1,1756080000000,1779494400000,1,1
993,32.8118004514521,13.274200166191617,1,LTE,LTE,0,0,1,1,4,Libyana,1,0,1,0,0,60.0,2,"1,3",2,MACRO,1,1758499200000,1783987200000,1,1
994,32.817900292562726,13.441200765807496,1,LTE,LTE,0,0,1,1,4,Libyana,1,0,1,0,0,20.0,2,"1,3",2,MACRO,1,1777334400000,1777334400000,1,1
995,32.79710062378118,13.475900160089981,1,LTE,LTE,0,0,1,1,4,Libyana,1,0,1,0,0,20.0,2,"1,3",2,MACRO,1,1756080000000,1787097600000,1,1
996,32.78760046002689,13.473300368652746,1,LTE,LTE,0,0,1,1,4,Libyana,1,0,1,0,0,40.0,2,"1,3",2,MACRO,1,1755648000000,1787184000000,1,1
997,32.781200690501784,13.235400948565891,1,LTE,LTE,0,0,1,1,4,Libyana,1,0,1,0,0,20.0,2,"1,3",2,MACRO,1,1780963200000,1783987200000,0,1
998,32.753500252210486,13.288600265331517,1,LTE,LTE,0,0,1,1,4,Libyana,1,0,1,0,0,20.0,2,"1,3",2,MACRO,1,1775606400000,1784678400000,1,1
999,32.744000375229845,13.325300268658836,1,LTE,LTE,0,0,1,1,4,Libyana,1,0,1,0,0,20.0,2,"1,3",2,MACRO,1,1775606400000,1782086400000,1,1
1000,32.77780089448974,13.334200498314265,3,LTE,LTE,0,0,1,1,4,Libyana,1,0,1,0,0,60.0,8,"1,3,28",3,MACRO,1,1756080000000,1784678400000,1,1
1001,32.8291005738152,13.434900594962963,1,LTE,LTE,0,0,1,1,4,Libyana,1,0,1,0,0,40.0,2,"1,3",2,MACRO,1,1762300800000,1783814400000,1,1
1002,32.808800418176304,13.303850562653386,2,LTE,LTE,0,0,1,1,4,Libyana,1,0,1,0,0,60.0,3,"1,3",2,MACRO,1,1758499200000,1787875200000,1,1
1003,32.85910011502895,13.385300436748109,1,LTE,LTE,0,0,1,1,4,Libyana,1,0,1,0,0,120.0,2,"1,3",2,MACRO,1,1782086400000,1783814400000,1,1
1004,32.725200829217016,13.429000440029979,1,LTE,LTE,0,0,1,1,4,Libyana,1,0,1,0,0,20.0,1,3,1,MACRO,0,1757462400000,1787097600000,1,1
1005,32.84410093078247,13.363100526725919,1,LTE,LTE,0,0,1,1,4,Libyana,1,0,1,0,0,20.0,1,1,1,MACRO,0,1782086400000,1782086400000,0,1
1006,32.69190042883078,13.233400576514248,1,LTE,LTE,0,0,1,1,4,Libyana,1,0,1,0,0,20.0,2,"1,3",2,MACRO,1,1755388800000,1787184000000,1,1
1007,32.86390076352254,13.425000709987186,1,LTE,LTE,0,0,1,1,4,Libyana,1,0,1,0,0,60.0,1,3,1,MACRO,1,1755561600000,1787184000000,1,1
1008,32.83550047113952,13.406600319975158,1,LTE,LTE,0,0,1,1,4,Libyana,1,0,1,0,0,80.0,2,"1,3",2,MACRO,1,1759190400000,1783814400000,1,1
1009,32.848500394542576,13.353600136869012,1,LTE,LTE,0,0,1,1,4,Libyana,1,0,1,0,0,20.0,1,1,1,MACRO,0,1637280000000,1638057600000,0,0
1010,32.87780080794779,13.372100495248306,1,LTE,LTE,0,0,1,1,4,Libyana,1,0,1,0,0,90.0,3,"1,3",2,MACRO,1,1758153600000,1786924800000,1,1
1011,32.87700023064516,13.349100145503835,1,LTE,LTE,0,0,1,1,4,Libyana,1,0,1,0,0,30.0,2,"1,3",2,MACRO,1,1782950400000,1783814400000,1,1
1012,32.8798003090433,13.328900594779082,1,LTE,LTE,0,0,1,1,4,Libyana,1,0,1,0,0,100.0,2,"1,3",2,MACRO,1,1758153600000,1783814400000,1,1
1013,32.84270052527472,13.426500566860067,1,LTE,LTE,0,0,1,1,4,Libyana,1,0,1,0,0,120.0,2,"1,3",2,MACRO,1,1755734400000,1787184000000,1,1
1014,32.810500599275116,13.49560080903655,1,LTE,LTE,0,0,1,1,4,Libyana,1,0,1,0,0,20.0,2,"1,3",2,MACRO,1,1755734400000,1784678400000,1,1
1015,32.874600707523136,13.332200184169618,1,LTE,LTE,0,0,1,1,4,Libyana,1,0,1,0,0,50.0,3,"1,3",2,MACRO,1,1755734400000,1786924800000,1,1
1016,32.88540036241908,13.35340093275117,1,LTE,LTE,0,0,1,1,4,Libyana,1,0,1,0,0,110.0,3,"1,3",2,MACRO,1,1761264000000,1783728000000,1,1
1017,32.84950054040468,13.392300960638408,1,LTE,LTE,0,0,1,1,4,Libyana,1,0,1,0,0,20.0,1,28,1,MACRO,0,1782086400000,1783209600000,1,1
1018,32.822500411514454,13.340800409678097,1,LTE,LTE,0,0,1,1,4,Libyana,1,0,1,0,0,40.0,1,1,1,MACRO,1,1782086400000,1782086400000,1,1
1019,32.83650011522992,13.352300276532548,1,LTE,LTE,0,0,1,1,4,Libyana,1,0,1,0,0,40.0,1,1,1,MACRO,1,1782086400000,1782086400000,1,1
1020,32.83050076428449,13.423300153553937,1,LTE,LTE,0,0,1,1,4,Libyana,1,0,1,0,0,60.0,3,"1,3,28",3,MACRO,1,1782604800000,1783814400000,1,1
1021,32.72410014813431,13.260800375739416,1,LTE,LTE,0,0,1,1,4,Libyana,1,0,1,0,0,20.0,3,"1,3,28",3,MACRO,1,1756080000000,1782086400000,1,1
1022,32.75840044783182,13.261300579956186,1,LTE,LTE,0,0,1,1,4,Libyana,1,0,1,0,0,20.0,3,"1,3,28",3,MACRO,1,1756080000000,1783987200000,1,1
1023,32.879400575955344,13.329400736880613,1,LTE,LTE,0,0,1,1,4,Libyana,1,0,1,0,0,20.0,1,1,1,MACRO,0,1758153600000,1783814400000,1,1
1024,32.70180089312772,13.290200390511403,1,LTE,LTE,0,0,1,1,4,Libyana,1,0,1,0,0,20.0,3,"1,3,28",3,MACRO,1,1756080000000,1785196800000,1,1
1025,32.72520042730983,13.22290015139474,1,LTE,LTE,0,0,1,1,4,Libyana,1,0,1,0,0,20.0,3,"1,3,28",3,MACRO,1,1755475200000,1781308800000,1,1
1026,32.734600373936,13.434600454186416,1,LTE,LTE,0,0,1,1,4,Libyana,1,0,1,0,0,20.0,2,"1,3",2,MACRO,1,1757376000000,1787184000000,1,1
1027,32.68780053599679,13.446300585320692,1,LTE,LTE,0,0,1,1,4,Libyana,1,0,1,0,0,20.0,1,3,1,MACRO,0,1755475200000,1785196800000,0,1
1028,32.737300253719525,13.328400739318653,1,LTE,LTE,0,0,1,1,4,Libyana,1,0,1,0,0,20.0,3,"1,3,28",3,MACRO,1,1756080000000,1784678400000,1,1
1029,32.674000117928294,13.353000125947739,1,LTE,LTE,0,0,1,1,4,Libyana,1,0,1,0,0,20.0,2,"1,3",2,MACRO,1,1755388800000,1787184000000,1,1
1030,32.700400350501724,13.268900936697689,1,LTE,LTE,0,0,1,1,4,Libyana,1,0,1,0,0,20.0,2,"1,3",2,MACRO,1,1755388800000,1787184000000,1,1
1031,32.74100094264784,13.371700300498857,1,LTE,LTE,0,0,1,1,4,Libyana,1,0,1,0,0,20.0,3,"1,3,28",3,MACRO,1,1775606400000,1784678400000,1,1
1032,32.64290060948195,13.170100664642664,1,LTE,LTE,0,0,1,1,4,Libyana,1,0,1,0,0,20.0,1,1,1,MACRO,1,1772582400000,1781308800000,1,1
1033,32.664700876347005,13.251000478853157,1,LTE,LTE,0,0,1,1,4,Libyana,1,0,1,0,0,20.0,2,"1,3",2,MACRO,1,1755388800000,1787184000000,1,1
1034,32.7650004557503,13.49580074863693,1,LTE,LTE,0,0,1,1,4,Libyana,1,0,1,0,0,40.0,2,"1,3",2,MACRO,1,1755561600000,1787184000000,1,1
1035,32.69270068855257,13.450500622849368,1,LTE,LTE,0,0,1,1,4,Libyana,1,0,1,0,0,20.0,2,"1,3",2,MACRO,1,1755388800000,1787184000000,1,1
1036,32.70040021218156,13.323800902343049,1,LTE,LTE,0,0,1,1,4,Libyana,1,0,1,0,0,20.0,2,"1,3",2,MACRO,1,1755475200000,1787184000000,1,1
1037,32.62490035992321,13.499400153943405,1,LTE,LTE,0,0,1,1,4,Libyana,1,0,1,0,0,20.0,2,"1,3",2,MACRO,1,1755648000000,1787961600000,1,1
1038,32.75340059421064,13.428400147433202,1,LTE,LTE,0,0,1,1,4,Libyana,1,0,1,0,0,20.0,3,"1,3,28",3,MACRO,1,1755388800000,1784851200000,1,1
1039,32.66880083955847,13.3753007504654,1,LTE,LTE,0,0,1,1,4,Libyana,1,0,1,0,0,20.0,2,"1,3",2,MACRO,1,1755388800000,1787184000000,1,1
1040,32.62180056257226,13.275900495269761,1,LTE,LTE,0,0,1,1,4,Libyana,1,0,1,0,0,20.0,2,"1,3",2,MACRO,1,1755388800000,1787184000000,1,1
1041,32.69100084958402,13.211300817810057,1,LTE,LTE,0,0,1,1,4,Libyana,1,0,1,0,0,20.0,3,"1,3,28",3,MACRO,1,1755475200000,1787184000000,1,1
1042,32.742100849395726,13.37420054565391,1,LTE,LTE,0,0,1,1,4,Libyana,1,0,1,0,0,20.0,3,"1,3,28",3,MACRO,1,1775606400000,1784678400000,1,1
1043,32.77940065319073,13.43610075349632,1,LTE,LTE,0,0,1,1,4,Libyana,1,0,1,0,0,20.0,2,"1,3",2,MACRO,1,1756080000000,1780099200000,1,1
1044,32.70190091678517,13.310800946058816,1,LTE,LTE,0,0,1,1,4,Libyana,1,0,1,0,0,20.0,3,"1,3,28",3,MACRO,1,1756080000000,1782086400000,1,1
1045,32.74990077839197,13.492400976956155,1,LTE,LTE,0,0,1,1,4,Libyana,1,0,1,0,0,40.0,2,"1,3",2,MACRO,1,1755475200000,1787184000000,1,1
1046,32.791400353462606,13.501900677276481,1,LTE,LTE,0,0,1,1,4,Libyana,1,0,1,0,0,20.0,2,"1,3",2,MACRO,1,1755561600000,1787184000000,1,1
1047,32.88840086307254,13.346700921732932,1,LTE,LTE,0,0,1,1,4,Libyana,1,0,1,0,0,90.0,3,"1,3",2,MACRO,1,1761264000000,1783382400000,1,1
1048,32.810100198203834,13.551100256166588,1,LTE,LTE,0,0,1,1,4,Libyana,1,0,1,0,0,40.0,2,"1,3",2,MACRO,1,1771286400000,1787184000000,1,1
1049,32.86630084973388,13.371500268305594,1,LTE,LTE,0,0,1,1,4,Libyana,1,0,1,0,0,60.0,2,"1,3",2,MACRO,1,1782086400000,1783814400000,1,1
1050,32.57200069463485,13.27970011674999,1,LTE,LTE,0,0,1,1,4,Libyana,1,0,1,0,0,20.0,1,3,1,MACRO,1,1755388800000,1787184000000,1,1
1051,32.6638008764516,13.41220034514017,1,LTE,LTE,0,0,1,1,4,Libyana,1,0,1,0,0,20.0,1,3,1,MACRO,0,1757894400000,1785196800000,0,1
1052,32.84510096178506,13.374200903986093,1,LTE,LTE,0,0,1,1,4,Libyana,1,0,1,0,0,20.0,1,3,1,MACRO,0,1782086400000,1782691200000,1,1
1053,32.89100019288802,13.328800961857862,1,LTE,LTE,0,0,1,1,4,Libyana,1,0,1,0,0,150.0,4,"1,3,28",3,MACRO,1,1757376000000,1783641600000,1,1
1054,32.68540019332834,13.176000407038648,1,LTE,LTE,0,0,1,1,4,Libyana,1,0,1,0,0,20.0,2,"1,3",2,MACRO,1,1565568000000,1787184000000,1,1
1055,32.34700047520916,20.311100372206262,1,LTE,LTE,0,0,1,1,4,Libyana,1,0,1,0,0,60.0,2,"1,3",2,MACRO,1,1777334400000,1783728000000,1,1
1056,32.70220064110266,13.108200241353718,1,LTE,LTE,0,0,1,1,4,Libyana,1,0,1,0,0,40.0,1,1,1,MACRO,1,1772582400000,1783728000000,0,1
1057,32.67770015155262,13.051300676081919,1,LTE,LTE,0,0,1,1,4,Libyana,1,0,1,0,0,40.0,2,"1,3",2,MACRO,1,1777334400000,1783728000000,1,1
1058,32.725200875541226,13.207200244629755,1,LTE,LTE,0,0,1,1,4,Libyana,1,0,1,0,0,40.0,3,"1,3",2,MACRO,1,1755475200000,1787788800000,1,1
1059,32.64490090816484,13.170300492151918,1,LTE,LTE,0,0,1,1,4,Libyana,1,0,1,0,0,20.0,1,3,1,MACRO,1,1771113600000,1785024000000,1,1
1060,32.7107007298853,13.194800423608584,1,LTE,LTE,0,0,1,1,4,Libyana,1,0,1,0,0,20.0,2,"1,3",2,MACRO,1,1755734400000,1787184000000,1,1
1061,32.766000845189694,13.144600603454238,1,LTE,LTE,0,0,1,1,4,Libyana,1,0,1,0,0,40.0,1,3,1,MACRO,1,1755388800000,1787184000000,1,1
1062,32.6752006975998,13.174400723925341,1,LTE,LTE,0,0,1,1,4,Libyana,1,0,1,0,0,20.0,2,"1,3",2,MACRO,1,1755388800000,1787184000000,1,1
1063,32.690500567068135,13.155100122142013,1,LTE,LTE,0,0,1,1,4,Libyana,1,0,1,0,0,20.0,2,"1,3",2,MACRO,1,1755475200000,1787184000000,1,1
1064,32.61330096830369,13.17030043862328,1,LTE,LTE,0,0,1,1,4,Libyana,1,0,1,0,0,20.0,1,3,1,MACRO,1,1771718400000,1781308800000,1,1
1065,32.57810056597776,13.11500054758166,1,LTE,LTE,0,0,1,1,4,Libyana,1,0,1,0,0,20.0,1,3,1,MACRO,1,1781308800000,1781308800000,1,1
1066,32.68590087681002,13.177900565871184,1,LTE,LTE,0,0,1,1,4,Libyana,1,0,1,0,0,20.0,2,"1,3",2,MACRO,1,1755734400000,1785283200000,1,1
1067,32.70570045300633,13.093700687583594,1,LTE,LTE,0,0,1,1,4,Libyana,1,0,1,0,0,80.0,2,"1,3",2,MACRO,1,1772582400000,1783728000000,1,1
1068,32.68620011937643,13.179200736437753,1,LTE,LTE,0,0,1,1,4,Libyana,1,0,1,0,0,20.0,2,"1,3",2,MACRO,1,1755388800000,1787184000000,1,1
1069,32.555400504992946,13.178000452397411,2,"LTE,UMTS","LTE,UMTS",0,1,1,2,4,Libyana,1,0,1,0,1,25.0,3,"1,3",2,MACRO,1,1752364800000,1779408000000,1,1
1070,32.619800816803995,13.168500168585096,1,LTE,LTE,0,0,1,1,4,Libyana,1,0,1,0,0,20.0,1,3,1,MACRO,0,1778889600000,1781308800000,1,1
1071,32.71690044216763,13.152400737519958,1,LTE,LTE,0,0,1,1,4,Libyana,1,0,1,0,0,80.0,2,"1,3",2,MACRO,1,1755388800000,1787184000000,1,1
1072,32.76640036535999,13.118100946447965,1,LTE,LTE,0,0,1,1,4,Libyana,1,0,1,0,0,20.0,2,"1,3",2,MACRO,1,1768780800000,1769212800000,1,1
1073,32.72830049399122,13.18350016241966,1,LTE,LTE,0,0,1,1,4,Libyana,1,0,1,0,0,20.0,2,"1,3",2,MACRO,1,1755475200000,1781308800000,1,1
1074,32.681100622764156,13.14400036369964,1,LTE,LTE,0,0,1,1,4,Libyana,1,0,1,0,0,20.0,2,"1,3",2,MACRO,1,1755388800000,1787184000000,1,1
1075,32.744700359019895,13.111700425092955,1,LTE,LTE,0,0,1,1,4,Libyana,1,0,1,0,0,20.0,2,"1,28",2,MACRO,1,1757894400000,1774828800000,1,1
1076,32.69630096235945,13.131500124629925,1,LTE,LTE,0,0,1,1,4,Libyana,1,0,1,0,0,80.0,3,"1,3,28",3,MACRO,1,1747267200000,1787097600000,1,1
1077,32.70590047239341,13.092400948071202,1,LTE,LTE,0,0,1,1,4,Libyana,1,0,1,0,0,20.0,1,1,1,MACRO,0,1777334400000,1783728000000,0,1
1078,32.72190038824384,13.146400347027589,1,LTE,LTE,0,0,1,1,4,Libyana,1,0,1,0,0,20.0,2,"3,28",2,MACRO,1,1756080000000,1782000000000,1,1
1079,32.60030082545521,13.032600909293148,1,LTE,LTE,0,0,1,1,4,Libyana,1,0,1,0,0,40.0,1,3,1,MACRO,1,1781308800000,1783728000000,1,1
1080,32.582100394272935,13.124300941159115,1,LTE,LTE,0,0,1,1,4,Libyana,1,0,1,0,0,20.0,2,"1,3",2,MACRO,1,1781308800000,1781308800000,1,1
1081,32.660500424836066,13.049500407582299,1,LTE,LTE,0,0,1,1,4,Libyana,1,0,1,0,0,20.0,1,3,1,MACRO,0,1783728000000,1783728000000,0,1
1082,32.68990076421875,13.157700655521484,1,LTE,LTE,0,0,1,1,4,Libyana,1,0,1,0,0,20.0,3,"1,3,28",3,MACRO,1,1755734400000,1787097600000,1,1
1083,32.64040058762712,13.169800741372542,1,LTE,LTE,0,0,1,1,4,Libyana,1,0,1,0,0,20.0,2,"1,3",2,MACRO,1,1771718400000,1781308800000,1,1
1084,32.58610046678929,13.132600202089899,1,LTE,LTE,0,0,1,1,4,Libyana,1,0,1,0,0,20.0,2,"1,3",2,MACRO,1,1752364800000,1781308800000,1,1
1085,32.767300806751365,13.100400157027341,1,LTE,LTE,0,0,1,1,4,Libyana,1,0,1,0,0,20.0,1,3,1,MACRO,0,1768780800000,1769212800000,1,1
1086,32.065200850057956,20.06430072881493,1,LTE,LTE,0,0,1,1,4,Libyana,1,0,1,0,0,100.0,3,"1,3",2,MACRO,1,1557100800000,1783987200000,1,1
1087,32.756400453676726,12.910600306267526,1,LTE,LTE,0,0,1,1,4,Libyana,1,0,1,0,0,20.0,1,1,1,MACRO,0,1787443200000,1787529600000,0,1
1088,32.57300032375474,13.025800677632166,1,LTE,LTE,0,0,1,1,4,Libyana,1,0,1,0,0,20.0,1,3,1,MACRO,0,1781308800000,1783728000000,0,1
1089,32.477300718800315,12.93960093712638,1,LTE,LTE,0,0,1,1,4,Libyana,1,0,1,0,0,20.0,1,3,1,MACRO,0,1783728000000,1783728000000,1,1
1090,32.678500345842124,12.868000815494812,1,LTE,LTE,0,0,1,1,4,Libyana,1,0,1,0,0,20.0,2,"1,3",2,MACRO,1,1777334400000,1777334400000,1,1
1091,32.55570043375032,13.175500739447203,1,LTE,LTE,0,0,1,1,4,Libyana,1,0,1,0,0,20.0,2,"1,3",2,MACRO,1,1769990400000,1779408000000,1,1
1092,32.534500907154026,13.203100873546257,1,LTE,LTE,0,0,1,1,4,Libyana,1,0,1,0,0,20.0,2,"1,3",2,MACRO,1,1769990400000,1779408000000,1,1
1093,32.715600911239996,12.916000244346764,1,LTE,LTE,0,0,1,1,4,Libyana,1,0,1,0,0,20.0,1,1,1,MACRO,1,1787443200000,1787529600000,0,1
1094,32.67870095481747,12.976600243715342,1,LTE,LTE,0,0,1,1,4,Libyana,1,0,1,0,0,20.0,1,3,1,MACRO,1,1777334400000,1777334400000,1,1
1095,32.67860060454151,12.90600052600701,1,LTE,LTE,0,0,1,1,4,Libyana,1,0,1,0,0,20.0,1,3,1,MACRO,0,1777334400000,1787529600000,1,1
1096,32.485200197649554,13.286700312218256,1,LTE,LTE,0,0,1,1,4,Libyana,1,0,1,0,0,20.0,1,3,1,MACRO,1,1771718400000,1779408000000,1,1
1097,32.41450027525011,13.23810012617797,1,LTE,LTE,0,0,1,1,4,Libyana,1,0,1,0,0,20.0,1,3,1,MACRO,0,1773878400000,1773878400000,0,1
1098,32.43350040338581,13.387200730187114,1,LTE,LTE,0,0,1,1,4,Libyana,1,0,1,0,0,20.0,1,3,1,MACRO,1,1771718400000,1779408000000,1,1
1099,32.35230065445139,12.656400754989914,1,LTE,LTE,0,0,1,1,4,Libyana,1,0,1,0,0,20.0,1,3,1,MACRO,0,1783555200000,1783728000000,1,1
1100,32.38320075922194,12.722200563913793,1,LTE,LTE,0,0,1,1,4,Libyana,1,0,1,0,0,40.0,1,3,1,MACRO,1,1783555200000,1783728000000,1,1
1101,32.33600077348126,12.622100953732556,1,LTE,LTE,0,0,1,1,4,Libyana,1,0,1,0,0,40.0,1,3,1,MACRO,1,1783555200000,1783728000000,1,1
1102,32.777600553048224,12.913900418521514,1,LTE,LTE,0,0,1,1,4,Libyana,1,0,1,0,0,20.0,1,1,1,MACRO,1,1787443200000,1787529600000,0,1
1103,32.678500588709255,12.937000548976542,1,LTE,LTE,0,0,1,1,4,Libyana,1,0,1,0,0,20.0,2,"1,3",2,MACRO,1,1777334400000,1787529600000,1,1
1104,32.69180090392381,12.90960048297916,1,LTE,LTE,0,0,1,1,4,Libyana,1,0,1,0,0,20.0,2,"1,3",2,MACRO,1,1777334400000,1787529600000,1,1
1105,32.68130020710185,12.878800553244432,1,LTE,LTE,0,0,1,1,4,Libyana,1,0,1,0,0,20.0,2,"1,3",2,MACRO,1,1777334400000,1777334400000,1,1
1106,32.6783002633416,12.875100571134823,1,LTE,LTE,0,0,1,1,4,Libyana,1,0,1,0,0,20.0,2,"1,3",2,MACRO,1,1777334400000,1777334400000,0,1
1107,32.463300579528315,13.317700608227952,1,LTE,LTE,0,0,1,1,4,Libyana,1,0,1,0,0,20.0,1,3,1,MACRO,0,1771718400000,1779408000000,1,1
1108,32.50840047350917,13.256100151977932,1,LTE,LTE,0,0,1,1,4,Libyana,1,0,1,0,0,20.0,1,3,1,MACRO,1,1771718400000,1779408000000,0,1
1109,32.67830017928712,13.019800111929943,1,LTE,LTE,0,0,1,1,4,Libyana,1,0,1,0,0,20.0,2,"1,3",2,MACRO,1,1777334400000,1777334400000,1,1
1110,32.785900770612216,12.795000660618996,1,LTE,LTE,0,0,1,1,4,Libyana,1,0,1,0,0,100.0,3,"1,3",2,MACRO,1,1575331200000,1782086400000,1,1
1111,32.746300985192754,12.790500906235494,1,LTE,LTE,0,0,1,1,4,Libyana,1,0,1,0,0,20.0,2,"1,3",2,MACRO,1,1777334400000,1779321600000,1,1
1112,32.7199006174837,12.83290021052179,1,LTE,LTE,0,0,1,1,4,Libyana,1,0,1,0,0,20.0,2,"1,3",2,MACRO,1,1777334400000,1777334400000,1,1
1113,32.3138008374065,12.57750086546214,1,LTE,LTE,0,0,1,1,4,Libyana,1,0,1,0,0,40.0,1,3,1,MACRO,1,1783555200000,1783728000000,1,1
1114,32.79740025930039,12.890100532492358,1,LTE,LTE,0,0,1,1,4,Libyana,1,0,1,0,0,40.0,1,1,1,MACRO,1,1764460800000,1782086400000,0,1
1115,32.788500138183444,12.82210083090556,1,LTE,LTE,0,0,1,1,4,Libyana,1,0,1,0,0,80.0,2,"1,3",2,MACRO,1,1763769600000,1782086400000,1,1
1116,32.792300434059015,12.914000755480208,1,LTE,LTE,0,0,1,1,4,Libyana,1,0,1,0,0,20.0,1,1,1,MACRO,0,1787443200000,1787529600000,0,1
1117,32.758900661517714,12.78620080677276,1,LTE,LTE,0,0,1,1,4,Libyana,1,0,1,0,0,20.0,1,1,1,MACRO,1,1779321600000,1779321600000,1,1
1118,32.72000020310118,12.831800228796332,1,LTE,LTE,0,0,1,1,4,Libyana,1,0,1,0,0,20.0,2,"1,3",2,MACRO,1,1777334400000,1777334400000,1,1
1119,32.747600416631016,12.75960086190715,1,LTE,LTE,0,0,1,1,4,Libyana,1,0,1,0,0,40.0,2,"1,3",2,MACRO,1,1763769600000,1779321600000,1,1
1120,32.67860038723108,12.887100423964615,1,LTE,LTE,0,0,1,1,4,Libyana,1,0,1,0,0,20.0,1,3,1,MACRO,0,1777334400000,1777334400000,1,1
1121,32.721300254262616,12.833200301291894,1,LTE,LTE,0,0,1,1,4,Libyana,1,0,1,0,0,20.0,2,"1,3",2,MACRO,1,1777334400000,1777334400000,1,1
1122,32.738700323028105,12.915300612164378,1,LTE,LTE,0,0,1,1,4,Libyana,1,0,1,0,0,20.0,1,3,1,MACRO,0,1787443200000,1787443200000,0,1
1123,32.487500860698624,13.369100750602211,1,LTE,LTE,0,0,1,1,4,Libyana,1,0,1,0,0,20.0,1,3,1,MACRO,1,1779408000000,1785024000000,1,1
1124,32.556100618061,13.059200497750039,1,LTE,LTE,0,0,1,1,4,Libyana,1,0,1,0,0,20.0,1,3,1,MACRO,1,1781308800000,1783728000000,1,1
1125,32.753700864724664,12.893300259617188,1,LTE,LTE,0,0,1,1,4,Libyana,1,0,1,0,0,20.0,1,1,1,MACRO,0,1787443200000,1787529600000,0,1
1126,32.76130022610124,21.773400880382926,1,LTE,LTE,0,0,1,1,4,Libyana,1,0,1,0,0,40.0,2,3,1,MACRO,1,1575331200000,1780704000000,1,1
1127,32.76370032612881,12.56230093213808,1,LTE,LTE,0,0,1,1,4,Libyana,1,0,1,0,0,80.0,2,"1,3",2,MACRO,1,1782086400000,1784764800000,0,1
1128,32.76930053187216,12.72770065554767,1,LTE,LTE,0,0,1,1,4,Libyana,1,0,1,0,0,60.0,2,"1,3",2,MACRO,1,1520726400000,1784764800000,1,1
1129,32.76650027092579,12.75610054462039,1,LTE,LTE,0,0,1,1,4,Libyana,1,0,1,0,0,20.0,2,"1,3",2,MACRO,1,1763769600000,1779321600000,1,1
1130,32.75750022316471,12.575500324675096,1,LTE,LTE,0,0,1,1,4,Libyana,1,0,1,0,0,20.0,1,3,1,MACRO,1,1500768000000,1782086400000,0,1
1131,32.790450691271545,12.686400639796148,2,"LTE,UMTS","LTE,UMTS",0,1,1,2,4,"Al-Madar,Libyana",1,1,2,1,1,25.0,3,"1,3",2,MACRO,1,1777334400000,1777334400000,1,1
1132,32.75370012694024,12.727000111858509,1,LTE,LTE,0,0,1,1,4,Libyana,1,0,1,0,0,60.0,2,"1,3",2,MACRO,1,1575331200000,1779321600000,1,1
1133,32.777400430232056,12.741500592274951,1,LTE,LTE,0,0,1,1,4,Libyana,1,0,1,0,0,20.0,2,"1,3",2,MACRO,1,1763769600000,1782777600000,1,1
1134,32.77580030337485,12.72870091730461,1,LTE,LTE,0,0,1,1,4,Libyana,1,0,1,0,0,20.0,1,1,1,MACRO,0,1782777600000,1782777600000,0,1
1135,32.74670027507801,12.715600164690178,1,LTE,LTE,0,0,1,1,4,Libyana,1,0,1,0,0,20.0,1,3,1,MACRO,0,1575331200000,1777334400000,1,1
1136,32.76120028321507,12.690300645403049,1,LTE,LTE,0,0,1,1,4,Libyana,1,0,1,0,0,60.0,3,"1,3",2,MACRO,1,1777334400000,1782086400000,1,1
1137,32.782800879662275,12.687100175358925,1,LTE,LTE,0,0,1,1,4,Libyana,1,0,1,0,0,20.0,1,3,1,MACRO,0,1777334400000,1777334400000,1,1
1138,32.749300302918485,12.737100791812242,1,LTE,LTE,0,0,1,1,4,Libyana,1,0,1,0,0,40.0,2,"1,3",2,MACRO,1,1575331200000,1782086400000,0,1
1139,32.76640032914252,12.735000907235916,1,LTE,LTE,0,0,1,1,4,Libyana,1,0,1,0,0,160.0,2,"1,3",2,MACRO,1,1769731200000,1782345600000,1,1
1140,32.78890029852468,12.495200987763308,1,LTE,LTE,0,0,1,1,4,Libyana,1,0,1,0,0,20.0,1,3,1,MACRO,0,1782086400000,1782086400000,0,1
1141,32.75960023898297,12.607700120844264,1,LTE,LTE,0,0,1,1,4,Libyana,1,0,1,0,0,40.0,1,1,1,MACRO,1,1782086400000,1782086400000,0,1
1142,32.7607004717321,12.737600643229253,1,LTE,LTE,0,0,1,1,4,Libyana,1,0,1,0,0,60.0,2,"1,3",2,MACRO,1,1769731200000,1779321600000,1,1
1143,32.75320025520158,12.734600860613762,1,LTE,LTE,0,0,1,1,4,Libyana,1,0,1,0,0,40.0,2,"1,3",2,MACRO,1,1575331200000,1769731200000,0,1
1144,32.75420090895948,12.74530070595556,1,LTE,LTE,0,0,1,1,4,Libyana,1,0,1,0,0,80.0,2,"1,3",2,MACRO,1,1769731200000,1782086400000,0,1
1145,32.752000362782965,12.658100439683615,1,LTE,LTE,0,0,1,1,4,Libyana,1,0,1,0,0,60.0,1,1,1,MACRO,1,1782086400000,1782086400000,0,1
1146,32.75890056456365,12.633000934194804,1,LTE,LTE,0,0,1,1,4,Libyana,1,0,1,0,0,20.0,1,1,1,MACRO,0,1782086400000,1782086400000,0,1
1147,32.77880015084506,12.687100653864615,1,LTE,LTE,0,0,1,1,4,Libyana,1,0,1,0,0,20.0,2,"1,3",2,MACRO,1,1777334400000,1777334400000,1,1
1148,32.7691007844285,12.760900462488118,1,LTE,LTE,0,0,1,1,4,Libyana,1,0,1,0,0,40.0,1,1,1,MACRO,1,1782086400000,1782086400000,0,1
1149,32.760000667043585,12.601100944265017,1,LTE,LTE,0,0,1,1,4,Libyana,1,0,1,0,0,20.0,1,3,1,MACRO,0,1787961600000,1787961600000,0,1
1150,32.78560086510399,12.511800175907727,1,LTE,LTE,0,0,1,1,4,Libyana,1,0,1,0,0,40.0,1,3,1,MACRO,1,1782086400000,1782086400000,0,1
1151,32.7484507903318,12.757150642223106,2,"LTE,UMTS","LTE,UMTS",0,1,1,2,4,"Al-Madar,Libyana",1,1,2,1,1,25.0,2,1,1,MACRO,1,1777334400000,1779321600000,1,1
1152,32.7704007825815,12.550300706663272,1,LTE,LTE,0,0,1,1,4,Libyana,1,0,1,0,0,20.0,1,3,1,MACRO,0,1782086400000,1782086400000,0,1
1153,32.76130042198188,12.566700227627642,1,LTE,LTE,0,0,1,1,4,Libyana,1,0,1,0,0,20.0,1,1,1,MACRO,0,1782086400000,1782086400000,0,1
1154,32.761600779917124,12.702800966981414,1,LTE,LTE,0,0,1,1,4,Libyana,1,0,1,0,0,20.0,2,"1,3",2,MACRO,1,1777334400000,1782345600000,1,1
1155,32.75360071587925,12.675600327825094,1,LTE,LTE,0,0,1,1,4,Libyana,1,0,1,0,0,20.0,1,1,1,MACRO,0,1782086400000,1782086400000,0,1
1156,32.78460061602955,12.76670014551148,1,LTE,LTE,0,0,1,1,4,Libyana,1,0,1,0,0,120.0,2,"1,3",2,MACRO,1,1763769600000,1782777600000,1,1
1157,32.78490023383229,13.077800492034926,1,LTE,LTE,0,0,1,1,4,Libyana,1,0,1,0,0,20.0,3,"3,8,20",3,MACRO,1,1600214400000,1784073600000,1,1
1158,32.803300189205025,13.010500855316526,1,LTE,LTE,0,0,1,1,4,Al-Madar,0,1,1,0,0,20.0,2,3,1,MACRO,1,1773532800000,1781827200000,1,1
1159,32.820700823678166,12.975000977519834,1,LTE,LTE,0,0,1,1,4,Al-Madar,0,1,1,0,0,40.0,2,"1,3",2,MACRO,1,1575331200000,1787529600000,0,1
1160,32.80700070993243,12.987200198661364,1,LTE,LTE,0,0,1,1,4,Al-Madar,0,1,1,0,0,20.0,1,1,1,MACRO,0,1787443200000,1787443200000,0,1
1161,32.8353007629833,13.049200172213288,1,LTE,LTE,0,0,1,1,4,Al-Madar,0,1,1,0,0,20.0,1,3,1,MACRO,0,1781827200000,1781913600000,1,1
1162,32.764100738918046,13.092700372989173,1,LTE,LTE,0,0,1,1,4,Al-Madar,0,1,1,0,0,20.0,2,"3,20",2,MACRO,1,1768780800000,1782864000000,0,1
1163,32.79660077122105,13.077000325952982,1,LTE,LTE,0,0,1,1,4,Al-Madar,0,1,1,0,0,20.0,1,3,1,MACRO,1,1602460800000,1602460800000,0,0
1164,32.78890073570608,13.006200609768445,1,LTE,LTE,0,0,1,1,4,Al-Madar,0,1,1,0,0,20.0,3,"3,8,20",3,MACRO,1,1773532800000,1774137600000,1,1
1165,32.83330022771425,13.033600939860115,1,LTE,LTE,0,0,1,1,4,Al-Madar,0,1,1,0,0,20.0,2,3,1,MACRO,1,1602460800000,1787529600000,1,1
1166,32.79740093129361,13.076700589418422,1,LTE,LTE,0,0,1,1,4,Al-Madar,0,1,1,0,0,20.0,1,3,1,MACRO,1,1602460800000,1782691200000,0,1
1167,32.81470048014058,13.04130046589581,1,LTE,LTE,0,0,1,1,4,Al-Madar,0,1,1,0,0,20.0,1,3,1,MACRO,1,1602460800000,1602460800000,0,0
1168,32.76600062993778,13.087300228551548,1,LTE,LTE,0,0,1,1,4,Al-Madar,0,1,1,0,0,20.0,2,"3,20",2,MACRO,1,1782864000000,1782864000000,0,1
1169,32.83860046330218,13.041400972947194,1,LTE,LTE,0,0,1,1,4,Al-Madar,0,1,1,0,0,60.0,3,"3,20",2,MACRO,1,1602460800000,1787529600000,1,1
1170,32.78950037808168,13.109500727435286,1,LTE,LTE,0,0,1,1,4,Al-Madar,0,1,1,0,0,20.0,2,"3,20",2,MACRO,1,1600214400000,1782086400000,0,1
1171,32.76640081134277,13.012300316257688,1,LTE,LTE,0,0,1,1,4,Al-Madar,0,1,1,0,0,110.0,4,"1,3,20",3,MACRO,1,1575331200000,1781827200000,1,1
1172,32.81470011093687,13.012800509873992,1,LTE,LTE,0,0,1,1,4,Al-Madar,0,1,1,0,0,20.0,1,3,1,MACRO,0,1774137600000,1774137600000,1,1
1173,32.81830053697983,13.00780013833438,1,LTE,LTE,0,0,1,1,4,Al-Madar,0,1,1,0,0,20.0,1,3,1,MACRO,0,1772755200000,1772755200000,0,1
1174,32.843400280295945,13.05670018249454,1,LTE,LTE,0,0,1,1,4,Libyana,1,0,1,0,0,90.0,4,"1,3,8",3,MACRO,1,1602460800000,1787529600000,1,1
1175,32.834400312742275,13.068750728244083,2,LTE,LTE,0,0,1,1,4,Al-Madar,0,1,1,0,0,40.0,5,"1,3,8",3,MACRO,1,1602460800000,1771459200000,0,1
1176,32.81690055563366,12.967600537915407,2,LTE,LTE,0,0,1,1,4,Al-Madar,0,1,1,0,0,40.0,4,"1,3",2,MACRO,1,1772755200000,1787529600000,1,1
1177,32.70720094358646,12.916000782469725,1,LTE,LTE,0,0,1,1,4,Al-Madar,0,1,1,0,0,20.0,2,"3,20",2,MACRO,1,1787443200000,1787529600000,0,1
1178,32.774200525822536,13.024600211487954,1,LTE,LTE,0,0,1,1,4,Al-Madar,0,1,1,0,0,10.0,1,20,1,MACRO,0,1774137600000,1781827200000,0,1
1179,32.81340044756584,13.02780018479845,1,LTE,LTE,0,0,1,1,4,Al-Madar,0,1,1,0,0,30.0,1,20,1,MACRO,1,1781827200000,1781827200000,1,1
1180,32.76930067712114,13.097200266020595,1,LTE,LTE,0,0,1,1,4,Al-Madar,0,1,1,0,0,20.0,5,"1,3,8,20",4,MACRO,1,1768780800000,1782864000000,1,1
1181,32.840100116288674,13.064200962856594,1,LTE,LTE,0,0,1,1,4,Al-Madar,0,1,1,0,0,50.0,3,"1,3,8",3,MACRO,1,1762214400000,1787529600000,1,1
1182,32.82280050120802,13.038300531376933,1,LTE,LTE,0,0,1,1,4,Al-Madar,0,1,1,0,0,50.0,2,3,1,MACRO,1,1781827200000,1787529600000,0,1
1183,32.78380053402844,13.071700360742176,1,LTE,LTE,0,0,1,1,4,Al-Madar,0,1,1,0,0,20.0,2,"3,20",2,MACRO,1,1783209600000,1784073600000,0,1
1184,32.809500693299526,12.975700474689082,1,LTE,LTE,0,0,1,1,4,Al-Madar,0,1,1,0,0,20.0,2,"1,3",2,MACRO,1,1772755200000,1787443200000,0,1
1185,32.79370078593704,13.095600559549787,1,LTE,LTE,0,0,1,1,4,Al-Madar,0,1,1,0,0,20.0,1,3,1,MACRO,1,1600214400000,1782086400000,0,1
1186,32.80660038735139,12.997100821148953,1,LTE,LTE,0,0,1,1,4,Al-Madar,0,1,1,0,0,20.0,3,"1,3,8",3,MACRO,1,1772755200000,1787529600000,1,1
1187,32.808167310357874,12.939000535314475,3,"LTE,UMTS","LTE,UMTS",0,1,1,2,4,Libyana,1,0,1,0,1,110.0,9,"1,3,8,20",4,MACRO,1,1771718400000,1787529600000,1,1
1188,32.80800022080776,13.018900930179417,1,LTE,LTE,0,0,1,1,4,Al-Madar,0,1,1,0,0,40.0,2,"3,20",2,MACRO,1,1781827200000,1781827200000,0,1
1189,32.81200086743839,13.06220096240891,1,LTE,LTE,0,0,1,1,4,Al-Madar,0,1,1,0,0,20.0,1,3,1,MACRO,1,1602460800000,1602460800000,0,0
1190,32.795800667233536,13.079300169398419,1,LTE,LTE,0,0,1,1,4,Al-Madar,0,1,1,0,0,20.0,1,3,1,MACRO,1,1602460800000,1782691200000,0,1
1191,32.77410038410669,13.111600627098072,1,LTE,LTE,0,0,1,1,4,Al-Madar,0,1,1,0,0,20.0,2,3,1,MACRO,1,1768780800000,1769212800000,0,1
1192,32.7684007265405,12.913300326577922,1,LTE,LTE,0,0,1,1,4,Al-Madar,0,1,1,0,0,20.0,1,3,1,MACRO,1,1787529600000,1787529600000,0,1
1193,32.753700410776176,12.892500276739918,1,LTE,LTE,0,0,1,1,4,Libyana,1,0,1,0,0,20.0,1,3,1,MACRO,0,1787443200000,1787443200000,0,1
1194,32.794200668173474,12.851300540551312,1,LTE,LTE,0,0,1,1,4,Al-Madar,0,1,1,0,0,40.0,2,"1,3",2,MACRO,1,1771718400000,1787529600000,1,1
1195,32.740800847088636,12.914600493401487,1,LTE,LTE,0,0,1,1,4,Al-Madar,0,1,1,0,0,20.0,1,3,1,MACRO,1,1787443200000,1787529600000,0,1
1196,32.753400774226876,12.895400938637056,1,LTE,LTE,0,0,1,1,4,Al-Madar,0,1,1,0,0,20.0,1,3,1,MACRO,0,1787443200000,1787443200000,0,1
1197,32.68020021187816,12.916100785249125,1,LTE,LTE,0,0,1,1,4,Al-Madar,0,1,1,0,0,20.0,3,"3,8,20",3,MACRO,1,1787443200000,1787529600000,1,1
1198,32.766300416818716,13.002400518335957,1,LTE,LTE,0,0,1,1,4,Al-Madar,0,1,1,0,0,40.0,2,3,1,MACRO,1,1781136000000,1781136000000,0,1
1199,32.83290017425902,13.040800646856837,1,LTE,LTE,0,0,1,1,4,Al-Madar,0,1,1,0,0,20.0,1,3,1,MACRO,0,1762992000000,1781827200000,0,1
1200,32.784800783663876,13.104800477881733,1,LTE,LTE,0,0,1,1,4,Al-Madar,0,1,1,0,0,20.0,2,3,1,MACRO,1,1782864000000,1782864000000,0,1
1201,32.772900913418134,13.005400575033452,1,LTE,LTE,0,0,1,1,4,Al-Madar,0,1,1,0,0,60.0,3,"3,8,20",3,MACRO,1,1774137600000,1781827200000,1,1
1202,32.77720091435725,13.010500964094819,1,LTE,LTE,0,0,1,1,4,Al-Madar,0,1,1,0,0,20.0,2,3,1,MACRO,1,1773792000000,1781827200000,0,1
1203,32.79510054802053,13.020400301796297,1,LTE,LTE,0,0,1,1,4,Al-Madar,0,1,1,0,0,30.0,2,3,1,MACRO,1,1774137600000,1781827200000,0,1
1204,32.77590048119598,13.102600970834274,1,LTE,LTE,0,0,1,1,4,Al-Madar,0,1,1,0,0,20.0,2,"3,20",2,MACRO,1,1768780800000,1782864000000,0,1
1205,32.79870012059096,13.074300256235501,1,LTE,LTE,0,0,1,1,4,Al-Madar,0,1,1,0,0,20.0,2,"3,20",2,MACRO,1,1782691200000,1784073600000,0,1
1206,32.812500939896516,12.977700332617387,1,LTE,LTE,0,0,1,1,4,Al-Madar,0,1,1,0,0,20.0,2,3,1,MACRO,1,1772755200000,1772755200000,0,1
1207,32.82490015449582,12.984900587858728,1,LTE,LTE,0,0,1,1,4,Al-Madar,0,1,1,0,0,20.0,3,"3,8",2,MACRO,1,1771718400000,1787529600000,1,1
1208,32.81335035611956,12.979900331341543,2,"LTE,UMTS","LTE,UMTS",0,1,1,2,4,Libyana,1,0,1,0,1,25.0,2,1,1,MACRO,1,1772668800000,1787443200000,1,1
1209,32.788300596214036,13.022400439843654,1,LTE,LTE,0,0,1,1,4,Al-Madar,0,1,1,0,0,40.0,3,"3,20",2,MACRO,1,1774137600000,1781827200000,0,1
1210,32.786500162315306,13.00190088253323,1,LTE,LTE,0,0,1,1,4,Al-Madar,0,1,1,0,0,20.0,4,"1,3,8,20",4,MACRO,1,1773532800000,1774137600000,1,1
1211,32.75510051193771,12.910300710103733,1,LTE,LTE,0,0,1,1,4,Al-Madar,0,1,1,0,0,20.0,1,3,1,MACRO,1,1787443200000,1787529600000,0,1
1212,32.89390065313855,13.216600232368735,1,LTE,LTE,0,0,1,1,4,Libyana,1,0,1,0,0,20.0,1,3,1,MACRO,0,1575417600000,1575417600000,0,0
1213,32.88010045138673,13.197900755323909,1,LTE,LTE,0,0,1,1,4,Libyana,1,0,1,0,0,20.0,1,3,1,MACRO,1,1575331200000,1575417600000,0,0
1214,32.88660050113302,13.188200112893897,1,LTE,LTE,0,0,1,1,4,Libyana,1,0,1,0,0,20.0,1,3,1,MACRO,1,1575417600000,1575417600000,0,0
1215,32.881000831158715,13.154000367416819,1,LTE,LTE,0,0,1,1,4,Libyana,1,0,1,0,0,20.0,1,3,1,MACRO,0,1575331200000,1575417600000,0,0
1216,32.866300680227575,13.135100613761034,1,LTE,LTE,0,0,1,1,4,Libyana,1,0,1,0,0,20.0,1,3,1,MACRO,0,1575331200000,1575331200000,0,0
1217,32.83600020130672,13.027800186365132,1,LTE,LTE,0,0,1,1,4,Libyana,1,0,1,0,0,20.0,1,3,1,MACRO,1,1575244800000,1575417600000,0,0
1218,32.842600913170656,13.050700710085062,1,LTE,LTE,0,0,1,1,4,Libyana,1,0,1,0,0,20.0,1,3,1,MACRO,0,1575244800000,1575417600000,0,0
1219,32.90040033320607,13.173400113359307,1,LTE,LTE,0,0,1,1,4,Libyana,1,0,1,0,0,20.0,1,3,1,MACRO,0,1575331200000,1575331200000,0,0
1220,32.746400708005076,12.725500971160214,1,LTE,LTE,0,0,1,1,4,Libyana,1,0,1,0,0,20.0,1,3,1,MACRO,1,1575331200000,1575331200000,0,0
1221,32.78070084525812,12.983000492196656,1,LTE,LTE,0,0,1,1,4,Libyana,1,0,1,0,0,20.0,1,3,1,MACRO,0,1575417600000,1575417600000,0,0
1222,31.74880016174666,14.02620038187297,1,LTE,LTE,0,0,1,1,4,Libyana,1,0,1,0,0,20.0,1,3,1,MACRO,1,1578528000000,1578787200000,0,0
1223,32.89520027945689,13.323800156840884,1,LTE,LTE,0,0,1,1,4,Libyana,1,0,1,0,0,20.0,1,3,1,MACRO,0,1575417600000,1575417600000,0,0
1224,32.89220021785679,13.387400394131046,1,LTE,LTE,0,0,1,1,4,Libyana,1,0,1,0,0,20.0,1,3,1,MACRO,1,1575417600000,1575417600000,0,0
1225,27.068100351429052,14.427400465686473,2,"LTE,UMTS","LTE,UMTS",0,1,1,2,4,Libyana,1,0,1,0,1,30.0,5,"1,3,28",3,MACRO,1,1785888000000,1788998400000,0,1
1226,32.760700636614516,12.614800639145466,2,LTE,LTE,0,0,1,1,4,Libyana,1,0,1,0,0,50.0,3,"3,20",2,MACRO,1,1787184000000,1787184000000,0,1
1227,32.769400908812905,12.567100840359993,1,LTE,LTE,0,0,1,1,4,Al-Madar,0,1,1,0,0,10.0,1,20,1,MACRO,0,1787184000000,1787184000000,0,1
1228,32.768100935615294,12.567100919100275,1,LTE,LTE,0,0,1,1,4,Al-Madar,0,1,1,0,0,20.0,2,"8,20",2,MACRO,1,1787184000000,1787184000000,0,1
1229,32.75950038168805,12.604600505021136,1,LTE,LTE,0,0,1,1,4,Libyana,1,0,1,0,0,50.0,3,"1,3,20",3,MACRO,1,1787184000000,1787184000000,0,1
1230,32.72520080128516,12.710200312180833,1,LTE,LTE,0,0,1,1,4,Al-Madar,0,1,1,0,0,50.0,4,"1,3,8,20",4,MACRO,1,1771632000000,1772236800000,1,1
1231,32.75910044609193,12.599400251080494,1,LTE,LTE,0,0,1,1,4,Al-Madar,0,1,1,0,0,40.0,3,"1,3,20",3,MACRO,1,1787184000000,1787184000000,0,1
1232,32.753800834265235,12.731300395065864,1,LTE,LTE,0,0,1,1,4,Al-Madar,0,1,1,0,0,30.0,2,"3,20",2,MACRO,1,1771632000000,1771632000000,1,1
1233,32.7550004376121,12.800400393989337,1,LTE,LTE,0,0,1,1,4,Al-Madar,0,1,1,0,0,20.0,1,3,1,MACRO,0,1771718400000,1771718400000,1,1
1234,32.762000588107426,12.565700977300668,1,LTE,LTE,0,0,1,1,4,Al-Madar,0,1,1,0,0,30.0,2,"1,3",2,MACRO,1,1787184000000,1787184000000,0,1
1235,32.776100956269026,12.536300300372517,1,LTE,LTE,0,0,1,1,4,Libyana,1,0,1,0,0,30.0,2,"1,3",2,MACRO,1,1787184000000,1787184000000,0,1
1236,32.77890033289331,12.690800641413512,1,LTE,LTE,0,0,1,1,4,Al-Madar,0,1,1,0,0,40.0,3,"1,3,8",3,MACRO,1,1761609600000,1771632000000,0,1
1237,32.75690055134768,12.731000744028835,1,LTE,LTE,0,0,1,1,4,Al-Madar,0,1,1,0,0,10.0,1,3,1,MACRO,0,1771632000000,1771632000000,1,1
1238,32.75640078837043,12.742200495050401,1,LTE,LTE,0,0,1,1,4,Al-Madar,0,1,1,0,0,40.0,2,"3,20",2,MACRO,1,1771632000000,1771632000000,0,1
1239,32.780400808248956,12.700800201826297,1,LTE,LTE,0,0,1,1,4,Libyana,1,0,1,0,0,40.0,3,"3,8",2,MACRO,1,1761177600000,1761955200000,0,1
1240,32.76050024633602,12.735800673362627,1,LTE,LTE,0,0,1,1,4,Libyana,1,0,1,0,0,70.0,3,"1,3,20",3,MACRO,1,1771632000000,1771718400000,0,1
1241,32.7894003190132,12.82510026947075,1,LTE,LTE,0,0,1,1,4,Libyana,1,0,1,0,0,40.0,1,3,1,MACRO,1,1771718400000,1782086400000,1,1
1242,32.750500616743544,12.705000883350907,1,LTE,LTE,0,0,1,1,4,Libyana,1,0,1,0,0,20.0,1,3,1,MACRO,0,1771632000000,1771632000000,0,1
1243,32.73670066277322,12.740300426829124,1,LTE,LTE,0,0,1,1,4,Al-Madar,0,1,1,0,0,30.0,2,"1,3",2,MACRO,1,1771632000000,1771632000000,1,1
1244,32.73760088817928,12.714000283624761,1,LTE,LTE,0,0,1,1,4,Al-Madar,0,1,1,0,0,50.0,2,"1,3",2,MACRO,1,1771632000000,1782691200000,1,1
1245,32.77500055409725,12.778600603811874,1,LTE,LTE,0,0,1,1,4,Al-Madar,0,1,1,0,0,20.0,1,3,1,MACRO,0,1771718400000,1782086400000,0,1
1246,32.69550015331399,12.738400862699383,1,LTE,LTE,0,0,1,1,4,Al-Madar,0,1,1,0,0,40.0,3,"1,3,20",3,MACRO,1,1771632000000,1774310400000,1,1
1247,32.76210038603144,12.690600314845213,1,LTE,LTE,0,0,1,1,4,Al-Madar,0,1,1,0,0,20.0,1,3,1,MACRO,0,1771632000000,1771632000000,0,1
1248,32.73370013392749,12.756700804151981,1,LTE,LTE,0,0,1,1,4,Libyana,1,0,1,0,0,10.0,3,"1,3,20",3,MACRO,1,1771632000000,1774310400000,1,1
1249,32.729000961473375,12.741300479773699,1,LTE,LTE,0,0,1,1,4,Al-Madar,0,1,1,0,0,50.0,4,"1,3,8,20",4,MACRO,1,1771632000000,1772323200000,1,1
1250,32.78650091530589,12.690000391259249,1,LTE,LTE,0,0,1,1,4,Al-Madar,0,1,1,0,0,30.0,2,"1,3",2,MACRO,1,1771632000000,1771632000000,1,1
1251,32.74340080600207,12.726800451026694,1,LTE,LTE,0,0,1,1,4,Al-Madar,0,1,1,0,0,50.0,2,3,1,MACRO,1,1771632000000,1771632000000,1,1
1252,32.765000926175155,12.753900942216312,1,LTE,LTE,0,0,1,1,4,Al-Madar,0,1,1,0,0,20.0,2,"3,20",2,MACRO,1,1771632000000,1782086400000,0,1
1253,32.78190056939978,12.801000479762894,1,LTE,LTE,0,0,1,1,4,Al-Madar,0,1,1,0,0,50.0,2,"1,3",2,MACRO,1,1771718400000,1782172800000,1,1
1254,32.72680070196669,12.730800275588987,1,LTE,LTE,0,0,1,1,4,Al-Madar,0,1,1,0,0,70.0,4,"1,3,8,20",4,MACRO,1,1771632000000,1774310400000,1,1
1255,32.77840084637922,12.577600938634657,1,LTE,LTE,0,0,1,1,4,Al-Madar,0,1,1,0,0,10.0,1,20,1,MACRO,0,1787184000000,1787184000000,0,1
1256,32.75910097015258,12.63140088191716,1,LTE,LTE,0,0,1,1,4,Al-Madar,0,1,1,0,0,20.0,1,3,1,MACRO,0,1787184000000,1787184000000,0,1
1257,32.71570070069667,12.738500389637581,1,LTE,LTE,0,0,1,1,4,Al-Madar,0,1,1,0,0,150.0,4,"1,3,8,20",4,MACRO,1,1771632000000,1782691200000,1,1
1258,32.73950028217904,12.751100606895246,1,LTE,LTE,0,0,1,1,4,Al-Madar,0,1,1,0,0,20.0,3,"1,8,20",3,MACRO,1,1771632000000,1774310400000,1,1
1259,32.76920090446121,12.744400607870956,1,LTE,LTE,0,0,1,1,4,Al-Madar,0,1,1,0,0,10.0,1,20,1,MACRO,0,1771632000000,1771632000000,0,1
1260,32.74570060725536,12.71690092847787,1,LTE,LTE,0,0,1,1,4,Al-Madar,0,1,1,0,0,40.0,1,3,1,MACRO,1,1771632000000,1771632000000,0,1
1261,32.74990086275212,12.738000831295697,1,LTE,LTE,0,0,1,1,4,Al-Madar,0,1,1,0,0,50.0,3,"3,20",2,MACRO,1,1771632000000,1772236800000,0,1
1262,32.74680022464491,12.728600680496584,1,LTE,LTE,0,0,1,1,4,Al-Madar,0,1,1,0,0,60.0,2,"3,20",2,MACRO,1,1771632000000,1771632000000,1,1
1263,32.68290055937078,12.716300929510378,1,LTE,LTE,0,0,1,1,4,Al-Madar,0,1,1,0,0,30.0,2,"3,20",2,MACRO,1,1771632000000,1774310400000,1,1
1264,32.602700295524855,12.687700444372522,1,LTE,LTE,0,0,1,1,4,Al-Madar,0,1,1,0,0,20.0,1,3,1,MACRO,1,1774310400000,1774310400000,1,1
1265,32.416600809063354,12.70500078815348,1,LTE,LTE,0,0,1,1,4,Al-Madar,0,1,1,0,0,10.0,1,20,1,MACRO,0,1774310400000,1774310400000,0,1
1266,32.47610083383285,12.676900115838256,1,LTE,LTE,0,0,1,1,4,Al-Madar,0,1,1,0,0,20.0,1,8,1,MACRO,0,1774310400000,1774310400000,0,1
1267,32.65070096499908,14.265300634265786,1,LTE,LTE,0,0,1,1,4,Libyana,1,0,1,0,0,20.0,1,3,1,MACRO,0,1777075200000,1786233600000,1,1
1268,32.65290088954058,14.258100244721517,1,LTE,LTE,0,0,1,1,4,Libyana,1,0,1,0,0,20.0,1,3,1,MACRO,0,1777075200000,1785628800000,0,1
1269,32.637600779968366,14.273600259630182,1,LTE,LTE,0,0,1,1,4,Libyana,1,0,1,0,0,20.0,1,3,1,MACRO,0,1786233600000,1786665600000,1,1
1270,32.64420013263871,14.251900387341875,1,LTE,LTE,0,0,1,1,4,Al-Madar,0,1,1,0,0,60.0,1,3,1,MACRO,1,1777075200000,1787529600000,1,1
1271,32.654500346770845,14.260300896442258,1,LTE,LTE,0,0,1,1,4,Libyana,1,0,1,0,0,20.0,1,3,1,MACRO,0,1777075200000,1785628800000,1,1
1272,32.649500198404084,14.257450475396393,2,"LTE,UMTS","LTE,UMTS",0,1,1,2,4,"Al-Madar,Libyana",1,1,2,1,1,50.0,5,"1,3",2,MACRO,1,1748131200000,1786233600000,1,1
1273,32.57730072453727,14.321100769217281,1,LTE,LTE,0,0,1,1,4,Libyana,1,0,1,0,0,60.0,3,"3,8",2,MACRO,1,1575417600000,1786838400000,1,1
1274,32.63900048877996,14.247700488402648,1,LTE,LTE,0,0,1,1,4,Libyana,1,0,1,0,0,80.0,3,"1,3,8",3,MACRO,1,1575417600000,1786233600000,1,1
1275,32.57980035290652,14.334300525018218,1,LTE,LTE,0,0,1,1,4,Libyana,1,0,1,0,0,60.0,2,"3,8",2,MACRO,1,1582070400000,1787529600000,1,1
1276,32.615600191576654,14.316600988707378,1,LTE,LTE,0,0,1,1,4,Libyana,1,0,1,0,0,40.0,1,3,1,MACRO,1,1575417600000,1786838400000,1,1
1277,32.64110062145061,14.243000151882487,1,LTE,LTE,0,0,1,1,4,Libyana,1,0,1,0,0,20.0,1,3,1,MACRO,0,1777075200000,1786147200000,0,1
1278,32.64810012977763,13.958600738136843,1,LTE,LTE,0,0,1,1,4,Libyana,1,0,1,0,0,20.0,1,3,1,MACRO,1,1775606400000,1777161600000,1,1
1279,32.56320029741097,14.067500541989418,1,LTE,LTE,0,0,1,1,4,Libyana,1,0,1,0,0,10.0,3,"1,3",2,MACRO,1,1775606400000,1786233600000,1,1
1280,32.647600531080414,14.272500285379492,1,LTE,LTE,0,0,1,1,4,Libyana,1,0,1,0,0,40.0,1,3,1,MACRO,1,1786233600000,1786838400000,0,1
1281,32.581900475408034,14.036700375188337,1,LTE,LTE,0,0,1,1,4,Libyana,1,0,1,0,0,20.0,1,3,1,MACRO,1,1775606400000,1777075200000,1,1
1282,32.64080069848454,14.259800126348676,1,LTE,LTE,0,0,1,1,4,Libyana,1,0,1,0,0,20.0,1,3,1,MACRO,0,1777075200000,1786060800000,0,1
1283,32.63230049918788,14.259400350169377,1,LTE,LTE,0,0,1,1,4,Libyana,1,0,1,0,0,20.0,1,3,1,MACRO,1,1776988800000,1786752000000,1,1
1284,32.628800161304,14.287000648422802,1,LTE,LTE,0,0,1,1,4,Libyana,1,0,1,0,0,60.0,1,3,1,MACRO,1,1776988800000,1787529600000,1,1
1285,32.62410045026193,14.304700178277608,1,LTE,LTE,0,0,1,1,4,Libyana,1,0,1,0,0,40.0,2,"3,20",2,MACRO,1,1776988800000,1786838400000,1,1
1286,32.59410054415469,14.320200849952835,1,LTE,LTE,0,0,1,1,4,Libyana,1,0,1,0,0,60.0,1,3,1,MACRO,1,1776988800000,1787529600000,1,1
1287,32.60960030879974,14.33410071647482,1,LTE,LTE,0,0,1,1,4,Libyana,1,0,1,0,0,20.0,1,3,1,MACRO,0,1786838400000,1786838400000,1,1
1288,32.61550069305094,14.298700561787838,1,LTE,LTE,0,0,1,1,4,Libyana,1,0,1,0,0,40.0,2,"3,20",2,MACRO,1,1776988800000,1787529600000,1,1
1289,32.631700642900256,14.219800289150792,1,LTE,LTE,0,0,1,1,4,Libyana,1,0,1,0,0,20.0,1,3,1,MACRO,0,1776988800000,1787529600000,0,1
1290,32.567900982197436,14.059000832676748,1,LTE,LTE,0,0,1,1,4,Libyana,1,0,1,0,0,20.0,2,3,1,MACRO,1,1775606400000,1777075200000,1,1
1291,32.57880073050222,13.967000711916452,1,LTE,LTE,0,0,1,1,4,Libyana,1,0,1,0,0,20.0,1,3,1,MACRO,0,1776470400000,1777075200000,1,1
1292,32.63880069971175,14.27900019636856,1,LTE,LTE,0,0,1,1,4,Libyana,1,0,1,0,0,60.0,1,3,1,MACRO,1,1785542400000,1786838400000,1,1
1293,32.59530047849098,14.03330088786168,1,LTE,LTE,0,0,1,1,4,Libyana,1,0,1,0,0,20.0,4,"1,3,8,20",4,MACRO,1,1775606400000,1777161600000,1,1
1294,32.45550031484154,13.906200754128811,1,LTE,LTE,0,0,1,1,4,Libyana,1,0,1,0,0,20.0,1,3,1,MACRO,0,1787443200000,1787443200000,0,1
1295,32.57530085781321,13.944500317430814,1,LTE,LTE,0,0,1,1,4,Libyana,1,0,1,0,0,40.0,1,3,1,MACRO,1,1776470400000,1784678400000,1,1
1296,32.48940050681212,13.954600506170456,1,LTE,LTE,0,0,1,1,4,Libyana,1,0,1,0,0,40.0,1,3,1,MACRO,1,1775692800000,1784678400000,0,1
1297,32.663600174172004,14.127500774890699,1,LTE,LTE,0,0,1,1,4,Libyana,1,0,1,0,0,20.0,1,3,1,MACRO,0,1785628800000,1787529600000,1,1
1298,32.54400038674013,14.103700662018841,1,LTE,LTE,0,0,1,1,4,Libyana,1,0,1,0,0,20.0,1,3,1,MACRO,1,1775606400000,1775692800000,1,1
1299,32.46320096465114,14.04630014103627,1,LTE,LTE,0,0,1,1,4,Libyana,1,0,1,0,0,40.0,2,"3,20",2,MACRO,1,1775779200000,1784678400000,1,1
1300,32.68730024683235,14.098200819910927,1,LTE,LTE,0,0,1,1,4,Libyana,1,0,1,0,0,20.0,1,3,1,MACRO,0,1776556800000,1786060800000,0,1
1301,32.60770033475056,14.14450013642343,1,LTE,LTE,0,0,1,1,4,Libyana,1,0,1,0,0,40.0,1,3,1,MACRO,1,1775779200000,1787529600000,1,1
1302,32.458700544015834,13.998800974899508,1,LTE,LTE,0,0,1,1,4,Libyana,1,0,1,0,0,30.0,1,3,1,MACRO,1,1783728000000,1784678400000,1,1
1303,32.51210083552571,13.918100395050693,1,LTE,LTE,0,0,1,1,4,Libyana,1,0,1,0,0,30.0,2,3,1,MACRO,1,1784678400000,1784678400000,0,1
1304,32.56360044217637,13.940000373063448,1,LTE,LTE,0,0,1,1,4,Libyana,1,0,1,0,0,20.0,1,3,1,MACRO,0,1776470400000,1784678400000,1,1
1305,32.50510051809803,13.980200319551024,1,LTE,LTE,0,0,1,1,4,Libyana,1,0,1,0,0,20.0,1,3,1,MACRO,1,1775692800000,1776902400000,1,1
1306,32.69900080349311,14.060400424944051,1,LTE,LTE,0,0,1,1,4,Libyana,1,0,1,0,0,20.0,1,3,1,MACRO,0,1785628800000,1786060800000,0,1
1307,32.5884007652642,14.114900931468082,1,LTE,LTE,0,0,1,1,4,Libyana,1,0,1,0,0,20.0,1,8,1,MACRO,1,1775779200000,1777075200000,1,1
1308,32.513800249047776,14.19180080111887,1,LTE,LTE,0,0,1,1,4,Libyana,1,0,1,0,0,10.0,1,8,1,MACRO,1,1785542400000,1787529600000,1,1
1309,32.6734008413701,13.921600162545515,1,LTE,LTE,0,0,1,1,4,Libyana,1,0,1,0,0,20.0,1,8,1,MACRO,0,1775606400000,1777161600000,1,1
1310,32.52680034956888,14.124500892210019,1,LTE,LTE,0,0,1,1,4,Libyana,1,0,1,0,0,20.0,1,8,1,MACRO,0,1775606400000,1775606400000,0,1
1311,32.62830075464158,13.99220082669218,1,LTE,LTE,0,0,1,1,4,Al-Madar,0,1,1,0,0,20.0,1,8,1,MACRO,0,1775606400000,1776816000000,1,1
1312,32.63100060443557,13.989100465308915,1,LTE,LTE,0,0,1,1,4,Libyana,1,0,1,0,0,20.0,1,8,1,MACRO,1,1775606400000,1777161600000,1,1
1313,32.469400514376794,14.56250037740575,1,LTE,LTE,0,0,1,1,4,Libyana,1,0,1,0,0,40.0,1,3,1,MACRO,1,1554163200000,1778976000000,0,1
1314,32.465000714860814,14.574200284905306,1,LTE,LTE,0,0,1,1,4,Libyana,1,0,1,0,0,10.0,1,3,1,MACRO,1,1566604800000,1773273600000,0,1
1315,32.47690031756873,14.567400745229769,1,LTE,LTE,0,0,1,1,4,Libyana,1,0,1,0,0,90.0,2,3,1,MACRO,1,1554163200000,1778976000000,0,1
1316,32.45640022569834,14.5832006281948,1,LTE,LTE,0,0,1,1,4,Libyana,1,0,1,0,0,20.0,1,3,1,MACRO,0,1566604800000,1566604800000,0,1
1317,32.47520047557844,14.559500298743771,1,LTE,LTE,0,0,1,1,4,Libyana,1,0,1,0,0,70.0,2,"1,3",2,MACRO,1,1554163200000,1778976000000,0,1
1318,32.47130045156775,14.567300884005347,1,LTE,LTE,0,0,1,1,4,Libyana,1,0,1,0,0,70.0,2,"1,3",2,MACRO,1,1561852800000,1773273600000,0,1
1319,32.46870084401967,14.573200199123777,1,LTE,LTE,0,0,1,1,4,Libyana,1,0,1,0,0,20.0,1,3,1,MACRO,0,1566604800000,1582070400000,0,0
1320,32.46780042472023,14.570600629737989,1,LTE,LTE,0,0,1,1,4,Libyana,1,0,1,0,0,40.0,1,3,1,MACRO,1,1773187200000,1778976000000,0,1
1321,32.48280046683474,14.567900704160099,1,LTE,LTE,0,0,1,1,4,Libyana,1,0,1,0,0,50.0,2,3,1,MACRO,1,1773187200000,1783468800000,0,1
1322,32.45140045088663,14.56400045429181,1,LTE,LTE,0,0,1,1,4,Libyana,1,0,1,0,0,20.0,1,3,1,MACRO,0,1782518400000,1782518400000,0,1
1323,32.47410082681797,14.574500429941876,1,LTE,LTE,0,0,1,1,4,Libyana,1,0,1,0,0,20.0,1,3,1,MACRO,1,1773187200000,1783209600000,0,1
1324,32.47890025566131,14.57680038158652,1,LTE,LTE,0,0,1,1,4,Al-Madar,0,1,1,0,0,20.0,1,3,1,MACRO,1,1554163200000,1783123200000,0,1
1325,32.42860098301216,14.55830018766281,1,LTE,LTE,0,0,1,1,4,Al-Madar,0,1,1,0,0,20.0,2,"1,3",2,MACRO,1,1782518400000,1782518400000,0,1
1326,32.479000359734194,14.513000147667576,1,LTE,LTE,0,0,1,1,4,Libyana,1,0,1,0,0,20.0,2,"1,3",2,MACRO,1,1773187200000,1782518400000,0,1
1327,32.47290071509073,14.510700703390855,1,LTE,LTE,0,0,1,1,4,Libyana,1,0,1,0,0,20.0,2,"1,3",2,MACRO,1,1778976000000,1782518400000,0,1
1328,32.46580088485538,14.484800159057583,1,LTE,LTE,0,0,1,1,4,Libyana,1,0,1,0,0,40.0,1,3,1,MACRO,1,1783382400000,1783382400000,0,1
1329,32.46130042891925,14.531700603374214,1,LTE,LTE,0,0,1,1,4,Libyana,1,0,1,0,0,20.0,1,1,1,MACRO,0,1782518400000,1782518400000,0,1
1330,32.55670028749795,14.366400523392198,1,LTE,LTE,0,0,1,1,4,Libyana,1,0,1,0,0,30.0,2,"3,8",2,MACRO,1,1575417600000,1786838400000,1,1
1331,32.570100757767506,14.091300692233043,1,LTE,LTE,0,0,1,1,4,Al-Madar,0,1,1,0,0,10.0,1,1,1,MACRO,0,1775779200000,1785974400000,1,1
1332,32.590100688011844,14.326300853809515,1,LTE,LTE,0,0,1,1,4,Libyana,1,0,1,0,0,20.0,1,3,1,MACRO,0,1575417600000,1576195200000,0,0
1333,32.59010084993191,14.35200097185423,1,LTE,LTE,0,0,1,1,4,Libyana,1,0,1,0,0,20.0,2,"1,3",2,MACRO,1,1575417600000,1785974400000,1,1
1334,32.479800765442846,14.533400695413027,1,LTE,LTE,0,0,1,1,4,Libyana,1,0,1,0,0,20.0,1,3,1,MACRO,1,1778976000000,1778976000000,0,1
1335,32.50380026978796,14.504300858362253,1,LTE,LTE,0,0,1,1,4,Libyana,1,0,1,0,0,30.0,2,"1,3",2,MACRO,1,1773187200000,1773273600000,0,1
1336,32.56370057251627,14.372900544868582,1,LTE,LTE,0,0,1,1,4,Libyana,1,0,1,0,0,20.0,1,3,1,MACRO,0,1785974400000,1785974400000,0,1
1337,32.549800622505934,14.361600386590206,1,LTE,LTE,0,0,1,1,4,Libyana,1,0,1,0,0,40.0,1,3,1,MACRO,1,1785974400000,1787529600000,1,1
1338,32.48960042926796,14.564500447797037,1,LTE,LTE,0,0,1,1,4,Libyana,1,0,1,0,0,80.0,3,"1,3",2,MACRO,1,1773187200000,1778976000000,0,1
1339,32.42270080926068,14.562500121508409,1,LTE,LTE,0,0,1,1,4,Libyana,1,0,1,0,0,20.0,1,1,1,MACRO,0,1782518400000,1782518400000,0,1
1340,32.459200978172845,14.556800733610688,1,LTE,LTE,0,0,1,1,4,Libyana,1,0,1,0,0,20.0,1,3,1,MACRO,1,1562371200000,1782518400000,0,1
1341,32.486600505854966,14.547400838148487,1,LTE,LTE,0,0,1,1,4,Libyana,1,0,1,0,0,60.0,1,3,1,MACRO,1,1773187200000,1778976000000,0,1
1342,32.49970047310427,14.542900539269437,1,LTE,LTE,0,0,1,1,4,Libyana,1,0,1,0,0,50.0,2,"3,8",2,MACRO,1,1773187200000,1773273600000,0,1
1343,32.455400478326695,14.593300543416408,1,LTE,LTE,0,0,1,1,4,Libyana,1,0,1,0,0,20.0,4,"3,8,20",3,MACRO,1,1751932800000,1757980800000,1,1
1344,32.472100424745946,14.566200420214756,1,LTE,LTE,0,0,1,1,4,Libyana,1,0,1,0,0,60.0,1,3,1,MACRO,1,1773187200000,1778976000000,0,1
1345,32.523000847499404,14.217900675516676,1,LTE,LTE,0,0,1,1,4,Libyana,1,0,1,0,0,70.0,4,"3,8,20",3,MACRO,1,1721174400000,1787529600000,1,1
1346,32.66160056166348,14.183200217844167,2,"LTE,UMTS","LTE,UMTS",0,1,1,2,4,Al-Madar,0,1,1,0,1,30.0,3,"1,3",2,MACRO,1,1721174400000,1721174400000,0,0
1347,32.55790048148672,14.274400188498182,1,LTE,LTE,0,0,1,1,4,Libyana,1,0,1,0,0,25.0,2,8,1,MACRO,1,1748131200000,1786838400000,1,1
1348,32.34480059909824,15.041000902672087,1,LTE,LTE,0,0,1,1,4,Libyana,1,0,1,0,0,20.0,1,3,1,MACRO,1,1781827200000,1781827200000,0,1
1349,32.35690096111869,15.06020076371961,1,LTE,LTE,0,0,1,1,4,Libyana,1,0,1,0,0,20.0,1,3,1,MACRO,0,1747440000000,1781827200000,0,1
1350,32.33700025288963,15.031400124406401,1,LTE,LTE,0,0,1,1,4,Libyana,1,0,1,0,0,20.0,1,3,1,MACRO,0,1781827200000,1781827200000,0,1
1351,32.38680094124318,15.04550044071953,1,LTE,LTE,0,0,1,1,4,Libyana,1,0,1,0,0,20.0,1,3,1,MACRO,0,1747440000000,1747440000000,0,0
1352,32.371600148116165,15.004700295580356,1,LTE,LTE,0,0,1,1,4,Libyana,1,0,1,0,0,20.0,1,3,1,MACRO,0,1768694400000,1768694400000,0,1
1353,32.35496738109725,15.053333919169871,3,"LTE,UMTS","HSUPA,LTE",0,1,1,2,4,Al-Madar,0,1,1,0,1,60.0,5,"1,3",2,MACRO,1,1576022400000,1781827200000,0,1
1354,32.39320047363361,15.03260087538778,1,LTE,LTE,0,0,1,1,4,Libyana,1,0,1,0,0,45.0,4,"1,3,8",3,MACRO,1,1747440000000,1747440000000,0,0
1355,32.37420045199032,15.003500457700582,1,LTE,LTE,0,0,1,1,4,Libyana,1,0,1,0,0,20.0,2,"3,8",2,MACRO,1,1768694400000,1768694400000,1,1
1356,32.37250032149843,15.003400203687882,1,LTE,LTE,0,0,1,1,4,Libyana,1,0,1,0,0,20.0,1,8,1,MACRO,0,1768694400000,1768694400000,0,1
1357,32.38070046098331,15.044100281915474,1,LTE,LTE,0,0,1,1,4,Libyana,1,0,1,0,0,20.0,1,3,1,MACRO,0,1747440000000,1747440000000,0,0
1358,32.35280059792693,15.06360013897038,1,LTE,LTE,0,0,1,1,4,Libyana,1,0,1,0,0,20.0,1,3,1,MACRO,1,1747440000000,1781827200000,0,1
1359,32.389600952187145,15.032600982851237,1,LTE,LTE,0,0,1,1,4,Libyana,1,0,1,0,0,20.0,1,3,1,MACRO,0,1747440000000,1747440000000,0,0
1360,32.33100025509809,15.03660015695475,1,LTE,LTE,0,0,1,1,4,Libyana,1,0,1,0,0,20.0,1,3,1,MACRO,1,1781827200000,1781827200000,0,1
1361,32.45020019142263,14.56490088717653,1,LTE,LTE,0,0,1,1,4,Libyana,1,0,1,0,0,20.0,1,3,1,MACRO,0,1782518400000,1782518400000,0,1
1362,32.36940042388264,15.1616005019141,1,LTE,LTE,0,0,1,1,4,Libyana,1,0,1,0,0,20.0,1,3,1,MACRO,0,1665878400000,1665878400000,0,0
1363,32.36660062790395,15.178467063776273,3,"LTE,UMTS","LTE,UMTS",0,1,1,2,4,"Al-Madar,Libyana",1,1,2,1,1,45.0,3,"1,3",2,MACRO,0,1665878400000,1665878400000,0,0
1364,32.32890077544415,15.250600587807998,1,LTE,LTE,0,0,1,1,4,Libyana,1,0,1,0,0,20.0,2,3,1,MACRO,1,1665014400000,1666396800000,0,0
1365,32.38090057330817,15.188000541989933,1,LTE,LTE,0,0,1,1,4,Libyana,1,0,1,0,0,20.0,1,3,1,MACRO,0,1610236800000,1610236800000,0,0
1366,32.39090011313838,15.124100213758826,1,LTE,LTE,0,0,1,1,4,Al-Madar,0,1,1,0,0,20.0,1,3,1,MACRO,0,1665878400000,1738886400000,0,0
1367,32.34320057109909,15.098600658299707,1,LTE,LTE,0,0,1,1,4,Libyana,1,0,1,0,0,20.0,1,3,1,MACRO,0,1576022400000,1781827200000,0,1
1368,32.352600507842155,15.074200178577131,1,LTE,LTE,0,0,1,1,4,Libyana,1,0,1,0,0,20.0,2,"3,8",2,MACRO,1,1747440000000,1781827200000,0,1
1369,32.355000461917236,15.083100658155459,1,LTE,LTE,0,0,1,1,4,Libyana,1,0,1,0,0,20.0,1,3,1,MACRO,1,1781827200000,1781827200000,0,1
1370,32.29920096436603,15.11870017913132,1,LTE,LTE,0,0,1,1,4,Libyana,1,0,1,0,0,20.0,1,3,1,MACRO,1,1781827200000,1781827200000,0,1
1371,32.317500827680405,15.114100979407416,1,LTE,LTE,0,0,1,1,4,Libyana,1,0,1,0,0,20.0,1,3,1,MACRO,1,1781827200000,1781827200000,0,1
1372,32.31620020094484,15.056300571340131,1,LTE,LTE,0,0,1,1,4,Libyana,1,0,1,0,0,20.0,1,3,1,MACRO,1,1781827200000,1781827200000,0,1
1373,32.31550074629526,15.056900987571632,1,LTE,LTE,0,0,1,1,4,Libyana,1,0,1,0,0,20.0,1,1,1,MACRO,0,1781827200000,1781827200000,0,1
1374,32.32930098226701,15.108500839768734,1,LTE,LTE,0,0,1,1,4,Libyana,1,0,1,0,0,20.0,1,3,1,MACRO,1,1781827200000,1781827200000,0,1
1375,32.338700591999185,15.103400269571292,2,"LTE,UMTS","HSUPA,LTE",0,1,1,2,4,"Al-Madar,Libyana",1,1,2,1,1,25.0,2,"1,3",2,MACRO,0,1576022400000,1781827200000,0,1
1376,32.35000013585328,15.091200664177977,1,LTE,LTE,0,0,1,1,4,Libyana,1,0,1,0,0,20.0,1,3,1,MACRO,0,1781827200000,1781827200000,0,1
1377,32.358000816736734,15.065600763321848,1,LTE,LTE,0,0,1,1,4,Libyana,1,0,1,0,0,20.0,1,3,1,MACRO,0,1781827200000,1781827200000,0,1
1378,32.34410092683318,15.099200818081028,1,LTE,LTE,0,0,1,1,4,Libyana,1,0,1,0,0,20.0,1,3,1,MACRO,1,1781827200000,1781827200000,0,1
1379,32.34770084846496,15.076000240188069,1,LTE,LTE,0,0,1,1,4,Libyana,1,0,1,0,0,20.0,1,3,1,MACRO,0,1747440000000,1781827200000,0,1
1380,32.359700523666746,15.078800940716391,1,LTE,LTE,0,0,1,1,4,Libyana,1,0,1,0,0,20.0,1,3,1,MACRO,0,1781827200000,1781827200000,0,1
1381,32.27660068558215,15.119200281808563,1,LTE,LTE,0,0,1,1,4,Libyana,1,0,1,0,0,20.0,1,3,1,MACRO,0,1781827200000,1781827200000,0,1
1382,32.1945001298555,15.097300541706804,1,LTE,LTE,0,0,1,1,4,Libyana,1,0,1,0,0,20.0,1,3,1,MACRO,0,1781827200000,1781827200000,0,1
1383,31.181700652262183,16.57000035846548,1,LTE,LTE,0,0,1,1,4,Libyana,1,0,1,0,0,20.0,1,3,1,MACRO,1,1782086400000,1782086400000,0,1
1384,31.199200545234046,16.605000870050823,1,LTE,LTE,0,0,1,1,4,Libyana,1,0,1,0,0,20.0,1,3,1,MACRO,0,1772064000000,1772064000000,1,1
1385,31.16720060612597,16.567900961495877,1,LTE,LTE,0,0,1,1,4,Libyana,1,0,1,0,0,20.0,1,3,1,MACRO,0,1782086400000,1782086400000,0,1
1386,31.20000034957967,16.582100850116134,2,"LTE,UMTS","LTE,UMTS",0,1,1,2,4,Libyana,1,0,1,0,1,25.0,2,"1,3",2,MACRO,1,1782086400000,1782086400000,0,1
1387,27.496700588870326,13.970500563472202,1,LTE,LTE-A,0,0,1,1,4,Libyana,1,0,1,0,0,20.0,2,3,1,MACRO,1,1673654400000,1673654400000,0,0
1388,27.54140094622533,13.63290031445143,1,LTE,LTE,0,0,1,1,4,Libyana,1,0,1,0,0,20.0,1,3,1,MACRO,1,1673654400000,1673654400000,0,0
1389,26.439300905827533,14.271200864679113,1,LTE,LTE,0,0,1,1,4,Libyana,1,0,1,0,0,20.0,1,3,1,MACRO,0,1683244800000,1687737600000,0,0
1390,26.133900504690093,14.736400405958985,1,LTE,LTE,0,0,1,1,4,Libyana,1,0,1,0,0,20.0,1,3,1,MACRO,1,1683244800000,1683244800000,0,0
1391,27.571100134798872,13.621400203622052,1,LTE,LTE,0,0,1,1,4,Libyana,1,0,1,0,0,20.0,1,3,1,MACRO,1,1673654400000,1673654400000,0,0
1392,26.101500196785857,14.825300913771075,1,LTE,LTE,0,0,1,1,4,Libyana,1,0,1,0,0,20.0,1,3,1,MACRO,0,1683244800000,1683244800000,0,0
1393,32.86980084808058,13.286300314175833,1,LTE,LTE,0,0,1,1,4,Libyana,1,0,1,0,0,20.0,2,3,1,MACRO,1,1761609600000,1785628800000,0,1
1394,32.887100203343905,13.368000926264045,1,LTE,LTE,0,0,1,1,4,Libyana,1,0,1,0,0,90.0,3,"1,3,20",3,MACRO,1,1759363200000,1763337600000,1,1
1395,32.8716006971521,13.377900171304505,1,LTE,LTE,0,0,1,1,4,Libyana,1,0,1,0,0,60.0,1,3,1,MACRO,1,1762992000000,1786060800000,0,1
1396,32.81490087939179,13.301800429156796,1,LTE,LTE,0,0,1,1,4,Libyana,1,0,1,0,0,30.0,2,3,1,MACRO,1,1783987200000,1785628800000,1,1
1397,32.87350038694982,13.305900949750422,1,LTE,LTE,0,0,1,1,4,Libyana,1,0,1,0,0,40.0,3,"3,8",2,MACRO,1,1756598400000,1786060800000,1,1
1398,32.822500444068446,13.318600144124368,1,LTE,LTE,0,0,1,1,4,Libyana,1,0,1,0,0,20.0,1,3,1,MACRO,0,1783987200000,1783987200000,0,1
1399,32.83800097963017,13.341100274117348,1,LTE,LTE,0,0,1,1,4,Libyana,1,0,1,0,0,20.0,1,3,1,MACRO,0,1783987200000,1783987200000,0,1
1400,32.884900223947746,13.328800537242353,1,LTE,LTE,0,0,1,1,4,Libyana,1,0,1,0,0,20.0,1,3,1,MACRO,0,1759795200000,1766448000000,0,1
1401,32.875400405463374,13.329100805204087,1,LTE,LTE,0,0,1,1,4,Libyana,1,0,1,0,0,40.0,3,"3,8",2,MACRO,1,1756598400000,1785369600000,1,1
1402,32.89230064027515,13.326700879200617,1,LTE,LTE,0,0,1,1,4,Libyana,1,0,1,0,0,60.0,2,"3,8",2,MACRO,1,1759363200000,1779062400000,1,1
1403,32.88920083037132,13.347000212970649,1,LTE,LTE,0,0,1,1,4,Libyana,1,0,1,0,0,20.0,1,3,1,MACRO,0,1759795200000,1771372800000,0,1
1404,32.82490031418018,13.33840034614424,1,LTE,LTE,0,0,1,1,4,Libyana,1,0,1,0,0,20.0,1,3,1,MACRO,0,1783987200000,1783987200000,0,1
1405,32.8798009576156,13.29210093600584,1,LTE,LTE,0,0,1,1,4,Libyana,1,0,1,0,0,20.0,1,3,1,MACRO,1,1767225600000,1767225600000,1,1
1406,32.48740063514514,13.394800503032911,1,LTE,LTE,0,0,1,1,4,Libyana,1,0,1,0,0,20.0,1,3,1,MACRO,0,1775347200000,1775606400000,0,1
1407,32.60980045389621,13.370600582692855,1,LTE,LTE,0,0,1,1,4,Libyana,1,0,1,0,0,20.0,2,"3,20",2,MACRO,1,1755734400000,1771113600000,1,1
1408,32.5025004442665,13.41130050821436,1,LTE,LTE,0,0,1,1,4,Libyana,1,0,1,0,0,20.0,1,3,1,MACRO,1,1775260800000,1777334400000,1,1
1409,32.748900481615394,13.396500304870216,1,LTE,LTE,0,0,1,1,4,Libyana,1,0,1,0,0,20.0,1,3,1,MACRO,1,1775606400000,1777248000000,1,1
1410,32.76230029393728,13.305300983912241,1,LTE,LTE,0,0,1,1,4,Libyana,1,0,1,0,0,20.0,2,"1,3",2,MACRO,1,1773100800000,1777248000000,1,1
1411,32.663100285595235,13.22610081256845,1,LTE,LTE,0,0,1,1,4,Libyana,1,0,1,0,0,20.0,1,3,1,MACRO,1,1756166400000,1781049600000,1,1
1412,32.79080072945696,13.29330058265005,1,LTE,LTE,0,0,1,1,4,Libyana,1,0,1,0,0,20.0,4,"3,8,20",3,MACRO,1,1773100800000,1777248000000,1,1
1413,32.6925004154322,13.240000720867016,1,LTE,LTE,0,0,1,1,4,Libyana,1,0,1,0,0,20.0,1,3,1,MACRO,1,1755734400000,1781481600000,1,1
1414,32.77290040111147,13.275900812872274,1,LTE,LTE,0,0,1,1,4,Libyana,1,0,1,0,0,20.0,3,"1,3",2,MACRO,1,1782864000000,1782864000000,0,1
1415,32.64750097576846,13.170800909297704,1,LTE,LTE,0,0,1,1,4,Libyana,1,0,1,0,0,20.0,1,3,1,MACRO,1,1772582400000,1772582400000,1,1
1416,32.58880057009758,13.175600723941681,1,LTE,LTE,0,0,1,1,4,Libyana,1,0,1,0,0,20.0,1,3,1,MACRO,1,1772582400000,1772582400000,1,1
1417,32.666600514147575,13.385400888621932,1,LTE,LTE,0,0,1,1,4,Libyana,1,0,1,0,0,20.0,2,"3,20",2,MACRO,1,1755734400000,1781481600000,1,1
1418,32.700300563019105,13.37500091875567,1,LTE,LTE,0,0,1,1,4,Libyana,1,0,1,0,0,10.0,1,20,1,MACRO,0,1777248000000,1777248000000,1,1
1419,32.51080017911772,13.416100179023115,1,LTE,LTE,0,0,1,1,4,Libyana,1,0,1,0,0,20.0,1,3,1,MACRO,0,1775347200000,1777248000000,1,1
1420,32.64760013576237,13.262700871218836,1,LTE,LTE,0,0,1,1,4,Libyana,1,0,1,0,0,20.0,1,3,1,MACRO,0,1762300800000,1771113600000,1,1
1421,32.7693002154618,13.259200422143344,1,LTE,LTE,0,0,1,1,4,Libyana,1,0,1,0,0,20.0,2,3,1,MACRO,1,1772064000000,1783987200000,1,1
1422,32.74520050961107,13.31310098620954,1,LTE,LTE,0,0,1,1,4,Libyana,1,0,1,0,0,40.0,1,3,1,MACRO,1,1772064000000,1777248000000,1,1
1423,32.777500514418435,13.30280073529632,2,LTE,LTE,0,0,1,1,4,Libyana,1,0,1,0,0,40.0,6,"1,3,20",3,MACRO,1,1771632000000,1777248000000,1,1
1424,32.794500605951626,13.288400491030108,1,LTE,LTE,0,0,1,1,4,Libyana,1,0,1,0,0,20.0,5,"1,3,8,20",4,MACRO,1,1773100800000,1783987200000,1,1
1425,32.77430060104452,13.314800158098732,1,LTE,LTE,0,0,1,1,4,Libyana,1,0,1,0,0,20.0,1,3,1,MACRO,0,1775347200000,1777248000000,1,1
1426,32.70170052489863,13.293700246380736,1,LTE,LTE,0,0,1,1,4,Libyana,1,0,1,0,0,20.0,1,3,1,MACRO,1,1755734400000,1781481600000,1,1
1427,32.615900540007125,13.169700377288109,1,LTE,LTE,0,0,1,1,4,Libyana,1,0,1,0,0,20.0,1,3,1,MACRO,1,1772582400000,1772582400000,1,1
1428,32.51480087778698,13.4183006436214,1,LTE,LTE,0,0,1,1,4,Libyana,1,0,1,0,0,10.0,1,20,1,MACRO,0,1775347200000,1775952000000,0,1
1429,32.62660069225234,13.398200744112243,1,LTE,LTE,0,0,1,1,4,Libyana,1,0,1,0,0,20.0,1,3,1,MACRO,1,1762300800000,1771113600000,1,1
1430,32.70200047172414,13.3182004891896,1,LTE,LTE,0,0,1,1,4,Libyana,1,0,1,0,0,20.0,1,3,1,MACRO,0,1755734400000,1781481600000,1,1
1431,32.701400790052034,13.273100573363218,1,LTE,LTE,0,0,1,1,4,Libyana,1,0,1,0,0,20.0,1,3,1,MACRO,0,1755734400000,1781481600000,1,1
1432,32.738100830516274,13.434900304469341,1,LTE,LTE,0,0,1,1,4,Libyana,1,0,1,0,0,20.0,2,"1,3",2,MACRO,1,1755734400000,1781481600000,1,1
1433,32.74550045318737,13.29590096223672,1,LTE,LTE,0,0,1,1,4,Libyana,1,0,1,0,0,40.0,1,3,1,MACRO,1,1772064000000,1777248000000,1,1
1434,32.73655076350404,13.355050384007269,2,LTE,LTE,0,0,1,1,4,Libyana,1,0,1,0,0,60.0,4,"1,3",2,MACRO,1,1772064000000,1777248000000,1,1
1435,32.725600162273544,13.252300177464392,1,LTE,LTE,0,0,1,1,4,Libyana,1,0,1,0,0,20.0,1,3,1,MACRO,0,1782864000000,1782864000000,0,1
1436,32.66900048695617,13.291600487801079,1,LTE,LTE,0,0,1,1,4,Libyana,1,0,1,0,0,20.0,1,3,1,MACRO,1,1756166400000,1781049600000,1,1
1437,32.67720043780357,13.26900051238924,1,LTE,LTE,0,0,1,1,4,Libyana,1,0,1,0,0,20.0,1,3,1,MACRO,0,1756166400000,1781049600000,1,1
1438,32.55290075091062,13.183500484378241,1,LTE,LTE,0,0,1,1,4,Libyana,1,0,1,0,0,20.0,3,"3,8,20",3,MACRO,1,1772582400000,1772582400000,1,1
1439,32.44260050851998,13.371100281090875,1,LTE,LTE,0,0,1,1,4,Libyana,1,0,1,0,0,20.0,1,3,1,MACRO,1,1775347200000,1777420800000,1,1
1440,32.54880083178384,13.437800262429159,1,LTE,LTE,0,0,1,1,4,Libyana,1,0,1,0,0,20.0,1,3,1,MACRO,1,1762300800000,1777420800000,1,1
1441,32.73270055578993,13.330600286271652,1,LTE,LTE,0,0,1,1,4,Libyana,1,0,1,0,0,20.0,2,"3,20",2,MACRO,1,1759881600000,1777248000000,1,1
1442,32.5850008785959,13.290700435294758,1,LTE,LTE,0,0,1,1,4,Libyana,1,0,1,0,0,20.0,2,"3,20",2,MACRO,1,1759622400000,1771113600000,1,1
1443,32.764800721219956,13.448100742332137,1,LTE,LTE,0,0,1,1,4,Libyana,1,0,1,0,0,20.0,3,"3,20",2,MACRO,1,1755734400000,1784678400000,1,1
1444,32.66580035380641,13.418700702442644,1,LTE,LTE,0,0,1,1,4,Libyana,1,0,1,0,0,20.0,2,"8,20",2,MACRO,1,1755734400000,1781481600000,1,1
1445,32.867600288548985,13.418100649141408,1,LTE,LTE,0,0,1,1,4,Libyana,1,0,1,0,0,50.0,4,"3,8,20",3,MACRO,1,1756598400000,1786147200000,1,1
1446,32.79220017560401,13.290800772498105,1,LTE,LTE,0,0,1,1,4,Libyana,1,0,1,0,0,20.0,1,3,1,MACRO,0,1775347200000,1776643200000,1,1
1447,32.85300059274298,13.44770052775326,1,LTE,LTE,0,0,1,1,4,Libyana,1,0,1,0,0,20.0,1,3,1,MACRO,1,1769472000000,1785369600000,1,1
1448,32.41260032119075,13.567000380471514,1,LTE,LTE,0,0,1,1,4,Libyana,1,0,1,0,0,20.0,1,3,1,MACRO,1,1775260800000,1777420800000,1,1
1449,32.43840048912713,13.638700386384489,2,"LTE,UMTS","LTE,UMTS",0,1,1,2,4,Al-Madar,0,1,1,0,1,25.0,3,"3,8",2,MACRO,1,1774483200000,1777420800000,1,1
1450,32.70050041557148,13.538800212754529,1,LTE,LTE,0,0,1,1,4,Libyana,1,0,1,0,0,10.0,1,20,1,MACRO,0,1759622400000,1760054400000,1,1
1451,32.43730031048757,13.631900988927445,1,LTE,LTE,0,0,1,1,4,Libyana,1,0,1,0,0,20.0,4,"3,8,20",3,MACRO,1,1775260800000,1777420800000,1,1
1452,32.43680023900301,13.628700594668324,1,LTE,LTE,0,0,1,1,4,Libyana,1,0,1,0,0,20.0,2,3,1,MACRO,1,1774483200000,1777420800000,1,1
1453,32.44110013137379,13.629600577566874,1,LTE,LTE,0,0,1,1,4,Libyana,1,0,1,0,0,20.0,4,"3,8,20",3,MACRO,1,1774483200000,1777420800000,1,1
1454,32.41370097635561,13.570500795085113,1,LTE,LTE,0,0,1,1,4,Libyana,1,0,1,0,0,20.0,1,3,1,MACRO,0,1775260800000,1776729600000,1,1
1455,32.424300582526115,13.444800804252772,1,LTE,LTE,0,0,1,1,4,Libyana,1,0,1,0,0,20.0,1,3,1,MACRO,1,1775347200000,1777420800000,1,1
1456,32.426000866360766,13.610900778653782,1,LTE,LTE,0,0,1,1,4,Al-Madar,0,1,1,0,0,20.0,1,3,1,MACRO,1,1775260800000,1777420800000,1,1
1457,32.437900625855434,13.635400723881324,1,LTE,LTE,0,0,1,1,4,Libyana,1,0,1,0,0,20.0,2,"3,20",2,MACRO,1,1775260800000,1777420800000,1,1
1458,24.213800134578726,23.28880098234292,1,LTE,LTE,0,0,1,1,4,Libyana,1,0,1,0,0,20.0,1,3,1,MACRO,1,1785196800000,1785196800000,0,1
1459,24.197800900901036,23.28640021971881,1,LTE,LTE,0,0,1,1,4,Libyana,1,0,1,0,0,20.0,1,3,1,MACRO,1,1785196800000,1785196800000,0,1
1460,24.201800854015097,23.293900784373427,1,LTE,LTE,0,0,1,1,4,Libyana,1,0,1,0,0,20.0,1,3,1,MACRO,1,1785196800000,1785196800000,1,1
1461,24.208600748638894,23.293300424774035,1,LTE,LTE,0,0,1,1,4,Libyana,1,0,1,0,0,20.0,2,3,1,MACRO,1,1785196800000,1787616000000,0,1
1462,32.817800724806766,13.304800613586623,1,LTE,LTE,0,0,1,1,4,Libyana,1,0,1,0,0,30.0,2,3,1,MACRO,1,1635638400000,1785888000000,1,1
1463,32.7585001871886,13.308300656910852,1,LTE,LTE,0,0,1,1,4,Libyana,1,0,1,0,0,20.0,2,3,1,MACRO,1,1773100800000,1777161600000,1,1
1464,32.76630030845551,13.28920086777711,1,LTE,LTE,0,0,1,1,4,Libyana,1,0,1,0,0,60.0,4,"1,3,20",3,MACRO,1,1772064000000,1783036800000,1,1
1465,29.013700418838035,21.515000936371546,1,LTE,LTE,0,0,1,1,4,Libyana,1,0,1,0,0,20.0,1,3,1,MACRO,0,1783987200000,1783987200000,1,1
1466,29.031200207979825,21.544200752312214,1,LTE,LTE,0,0,1,1,4,Libyana,1,0,1,0,0,20.0,1,3,1,MACRO,1,1783987200000,1784246400000,1,1
1467,29.04750077339322,21.530400731223438,1,LTE,LTE,0,0,1,1,4,Libyana,1,0,1,0,0,20.0,1,3,1,MACRO,0,1783987200000,1783987200000,0,1
1468,29.020800567657155,21.49620085454441,1,LTE,LTE,0,0,1,1,4,Libyana,1,0,1,0,0,20.0,1,3,1,MACRO,1,1783987200000,1783987200000,0,1
1469,29.0523003799624,21.49860046041078,1,LTE,LTE,0,0,1,1,4,Libyana,1,0,1,0,0,20.0,1,3,1,MACRO,1,1783987200000,1783987200000,0,1
1470,29.033300392018603,21.548100114177448,1,LTE,LTE,0,0,1,1,4,Libyana,1,0,1,0,0,20.0,1,3,1,MACRO,0,1783987200000,1784246400000,0,1
1471,29.034100917509225,21.54450045483308,1,LTE,LTE,0,0,1,1,4,Libyana,1,0,1,0,0,20.0,1,3,1,MACRO,1,1783987200000,1784073600000,1,1
1472,29.023800581382236,21.537800576515618,1,LTE,LTE,0,0,1,1,4,Libyana,1,0,1,0,0,20.0,1,3,1,MACRO,1,1783987200000,1783987200000,0,1
1473,32.87940029180077,13.298300827439132,1,LTE,LTE,0,0,1,1,4,Libyana,1,0,1,0,0,20.0,1,3,1,MACRO,0,1759795200000,1767225600000,1,1
1474,32.85610019083115,13.333000355454631,1,LTE,LTE,0,0,1,1,4,Libyana,1,0,1,0,0,20.0,1,3,1,MACRO,1,1783987200000,1783987200000,0,1
1475,30.74050078648831,20.211000244905787,1,LTE,LTE,0,0,1,1,4,Libyana,1,0,1,0,0,60.0,2,"1,3",2,MACRO,1,1774310400000,1782086400000,0,1
1476,30.74870073702311,20.23370065881943,1,LTE,LTE,0,0,1,1,4,Libyana,1,0,1,0,0,50.0,2,"1,3",2,MACRO,1,1782086400000,1782086400000,0,1
1477,30.766800924075717,20.226100436226005,1,LTE,LTE,0,0,1,1,4,Libyana,1,0,1,0,0,60.0,2,3,1,MACRO,1,1774310400000,1782086400000,0,1
1478,30.75490067182293,20.209900409841214,1,LTE,LTE,0,0,1,1,4,Libyana,1,0,1,0,0,40.0,1,3,1,MACRO,1,1782086400000,1782086400000,0,1
1479,30.74780064453118,20.216600957803944,1,LTE,LTE,0,0,1,1,4,Libyana,1,0,1,0,0,20.0,1,3,1,MACRO,0,1782086400000,1782086400000,0,1
1480,30.734900248890884,20.223500482871803,1,LTE,LTE,0,0,1,1,4,Libyana,1,0,1,0,0,30.0,2,"3,8",2,MACRO,1,1782086400000,1782086400000,0,1
1481,30.75480096439814,20.20530068599803,1,LTE,LTE,0,0,1,1,4,Libyana,1,0,1,0,0,40.0,1,3,1,MACRO,1,1774310400000,1782086400000,0,1
1482,30.757800977907262,20.240100666864215,1,LTE,LTE,0,0,1,1,4,Libyana,1,0,1,0,0,20.0,1,3,1,MACRO,0,1774310400000,1782086400000,0,1
1483,30.759600264481243,20.23000021231337,1,LTE,LTE,0,0,1,1,4,Libyana,1,0,1,0,0,50.0,2,"1,3",2,MACRO,1,1774310400000,1782086400000,0,1
1484,30.760400152620583,20.222000263855463,1,LTE,LTE,0,0,1,1,4,Libyana,1,0,1,0,0,20.0,3,"1,3",2,MACRO,1,1774310400000,1782086400000,0,1
1485,30.75730070827028,20.227400769237768,1,LTE,LTE,0,0,1,1,4,Libyana,1,0,1,0,0,50.0,3,"1,3",2,MACRO,1,1774310400000,1782086400000,0,1
1486,30.76400054565906,20.21320043380508,1,LTE,LTE,0,0,1,1,4,Libyana,1,0,1,0,0,20.0,1,3,1,MACRO,0,1774310400000,1774310400000,0,1
1487,30.77390097660148,20.23380078619315,1,LTE,LTE,0,0,1,1,4,Libyana,1,0,1,0,0,80.0,3,"1,3",2,MACRO,1,1774310400000,1786060800000,0,1
1488,30.744400128171534,20.215800836281517,1,LTE,LTE,0,0,1,1,4,Libyana,1,0,1,0,0,50.0,2,"1,3",2,MACRO,1,1782086400000,1782086400000,0,1
1489,30.763400134342124,20.2350003748494,1,LTE,LTE,0,0,1,1,4,Libyana,1,0,1,0,0,70.0,2,"1,3",2,MACRO,1,1774310400000,1782086400000,0,1
1490,30.741600753821885,20.22520022723699,1,LTE,LTE,0,0,1,1,4,Libyana,1,0,1,0,0,70.0,2,"3,8",2,MACRO,1,1782086400000,1782086400000,0,1
1491,30.911600597189977,20.185500175699914,1,LTE,LTE,0,0,1,1,4,Libyana,1,0,1,0,0,20.0,3,"3,8,20",3,MACRO,1,1774310400000,1774310400000,0,1
1492,30.786300138368848,20.22850095703108,1,LTE,LTE,0,0,1,1,4,Libyana,1,0,1,0,0,20.0,1,3,1,MACRO,0,1774310400000,1774310400000,0,1
1493,30.778600213702077,20.21080058408474,1,LTE,LTE,0,0,1,1,4,Libyana,1,0,1,0,0,40.0,1,3,1,MACRO,1,1782086400000,1782086400000,0,1
1494,30.72650035701279,20.19490091713869,1,LTE,LTE,0,0,1,1,4,Libyana,1,0,1,0,0,60.0,1,3,1,MACRO,1,1774310400000,1782086400000,0,1
1495,30.7331502366973,20.223450695377764,2,LTE,LTE,0,0,1,1,4,Libyana,1,0,1,0,0,150.0,4,"1,3",2,MACRO,1,1782086400000,1782777600000,0,1
1496,30.7712007068076,20.201300247699983,1,LTE,LTE,0,0,1,1,4,Libyana,1,0,1,0,0,20.0,1,3,1,MACRO,0,1782086400000,1782086400000,0,1
1497,30.759400470849815,20.198200985019604,1,LTE,LTE,0,0,1,1,4,Libyana,1,0,1,0,0,20.0,1,3,1,MACRO,1,1774310400000,1774310400000,0,1
1498,30.7747003336996,20.239500413641796,1,LTE,LTE,0,0,1,1,4,Libyana,1,0,1,0,0,30.0,2,3,1,MACRO,1,1782086400000,1782086400000,0,1
1499,30.94870072259067,20.187700118253446,1,LTE,LTE,0,0,1,1,4,Libyana,1,0,1,0,0,20.0,1,3,1,MACRO,0,1774310400000,1774310400000,0,1
1500,30.77520044230974,20.280400388690285,1,LTE,LTE,0,0,1,1,4,Libyana,1,0,1,0,0,20.0,1,3,1,MACRO,0,1774310400000,1774310400000,0,1
1501,30.769900679975805,20.23815032817562,2,LTE,LTE,0,0,1,1,4,Libyana,1,0,1,0,0,70.0,3,"1,3",2,MACRO,1,1782086400000,1782086400000,0,1
1502,30.78510065540623,20.223100776684706,1,LTE,LTE,0,0,1,1,4,Libyana,1,0,1,0,0,60.0,1,3,1,MACRO,1,1782086400000,1782086400000,0,1
1503,30.762900470306576,20.243500907586167,1,LTE,LTE,0,0,1,1,4,Libyana,1,0,1,0,0,20.0,1,3,1,MACRO,0,1782086400000,1782086400000,0,1
1504,31.96590080210241,12.366600242022102,1,LTE,LTE,0,0,1,1,4,Libyana,1,0,1,0,0,20.0,1,3,1,MACRO,0,1764374400000,1764374400000,1,1
1505,31.943900520587093,12.27900059021145,1,LTE,LTE,0,0,1,1,4,Libyana,1,0,1,0,0,20.0,1,3,1,MACRO,0,1764374400000,1764374400000,1,1
1506,31.99210096079627,12.347200142529632,1,LTE,LTE,0,0,1,1,4,Libyana,1,0,1,0,0,20.0,1,3,1,MACRO,1,1764374400000,1764374400000,1,1
1507,31.930000128019604,12.248500352414755,1,LTE,LTE,0,0,1,1,4,Libyana,1,0,1,0,0,20.0,3,"1,3",2,MACRO,1,1764374400000,1764374400000,1,1
1508,31.96660049944728,12.099800465943746,6,"LTE,UMTS","LTE,UMTS",0,1,1,2,4,"Al-Madar,Libyana",1,1,2,1,1,65.0,8,"1,3,8",3,MACRO,1,1760140800000,1783555200000,1,1
1509,32.167400271467834,13.021600460911325,1,LTE,LTE,0,0,1,1,4,Libyana,1,0,1,0,0,20.0,1,3,1,MACRO,1,1775865600000,1775865600000,0,1
1510,32.16780030788211,13.017000573007198,1,LTE,LTE,0,0,1,1,4,Libyana,1,0,1,0,0,20.0,3,"1,3,20",3,MACRO,1,1775865600000,1775865600000,1,1
1511,32.13860043645128,13.005300193895325,1,LTE,LTE,0,0,1,1,4,Libyana,1,0,1,0,0,20.0,1,3,1,MACRO,1,1775865600000,1775865600000,1,1
1512,32.09920070160181,12.986000418427057,1,LTE,LTE,0,0,1,1,4,Libyana,1,0,1,0,0,20.0,1,3,1,MACRO,0,1775865600000,1775865600000,0,1
1513,32.112900303552145,12.99150081064451,1,LTE,LTE,0,0,1,1,4,Libyana,1,0,1,0,0,20.0,3,"3,20",2,MACRO,1,1775174400000,1775865600000,1,1
1514,32.10880060546048,12.911100986789942,1,LTE,LTE,0,0,1,1,4,Libyana,1,0,1,0,0,20.0,1,3,1,MACRO,1,1774310400000,1775865600000,1,1
1515,32.17130066195414,13.020900529070211,1,LTE,LTE,0,0,1,1,4,Libyana,1,0,1,0,0,20.0,1,3,1,MACRO,1,1775174400000,1775865600000,1,1
1516,32.09390056596159,12.9874004950246,1,LTE,LTE,0,0,1,1,4,Libyana,1,0,1,0,0,20.0,1,3,1,MACRO,0,1775865600000,1775865600000,0,1
1517,32.071500170087766,12.93810011818353,1,LTE,LTE,0,0,1,1,4,Libyana,1,0,1,0,0,20.0,3,"1,3",2,MACRO,1,1774310400000,1775865600000,1,1
1518,32.15730055985706,13.0184008675899,1,LTE,LTE,0,0,1,1,4,Libyana,1,0,1,0,0,20.0,2,"3,20",2,MACRO,1,1775865600000,1775865600000,1,1
1519,32.09800075984181,12.924500335816582,1,LTE,LTE,0,0,1,1,4,Libyana,1,0,1,0,0,20.0,1,3,1,MACRO,1,1774310400000,1775865600000,1,1
1520,32.12730061322021,13.001200765412314,1,LTE,LTE,0,0,1,1,4,Libyana,1,0,1,0,0,20.0,1,3,1,MACRO,1,1775865600000,1775865600000,0,1
1521,32.121200709457646,12.91300066058235,1,LTE,LTE,0,0,1,1,4,Libyana,1,0,1,0,0,20.0,1,3,1,MACRO,0,1775174400000,1775865600000,1,1
1522,32.090600308480894,12.923100180443312,1,LTE,LTE,0,0,1,1,4,Libyana,1,0,1,0,0,20.0,1,3,1,MACRO,0,1774310400000,1775865600000,1,1
1523,32.16900071976967,13.011800389976186,1,LTE,LTE,0,0,1,1,4,Libyana,1,0,1,0,0,20.0,1,3,1,MACRO,1,1775174400000,1775865600000,1,1
1524,32.18030087494714,12.857200648867774,1,LTE,LTE,0,0,1,1,4,Libyana,1,0,1,0,0,20.0,1,3,1,MACRO,1,1774310400000,1774310400000,1,1
1525,32.0901004710539,12.923400965117402,1,LTE,LTE,0,0,1,1,4,Libyana,1,0,1,0,0,20.0,2,3,1,MACRO,1,1774310400000,1775865600000,1,1
1526,32.160700767459225,13.007600950140084,1,LTE,LTE,0,0,1,1,4,Libyana,1,0,1,0,0,20.0,2,"1,3",2,MACRO,1,1775865600000,1775865600000,1,1
1527,32.084400822999584,12.973800566988835,1,LTE,LTE,0,0,1,1,4,Libyana,1,0,1,0,0,20.0,1,3,1,MACRO,1,1775174400000,1775865600000,1,1
1528,32.093700914806476,20.0990005169652,1,LTE,LTE,0,0,1,1,4,Libyana,1,0,1,0,0,20.0,2,"1,3",2,MACRO,1,1755388800000,1773532800000,0,1
1529,32.10800030123452,20.099400859896285,1,LTE,LTE,0,0,1,1,4,Libyana,1,0,1,0,0,40.0,4,"1,3,28",3,MACRO,1,1762214400000,1787529600000,1,1
1530,32.1059009551218,20.072500452050914,1,LTE,LTE,0,0,1,1,4,Libyana,1,0,1,0,0,20.0,3,"1,3",2,MACRO,1,1572393600000,1787529600000,1,1
1531,32.107000936688216,20.104700178283295,1,LTE,LTE,0,0,1,1,4,Libyana,1,0,1,0,0,40.0,3,"1,3,28",3,MACRO,1,1764460800000,1787529600000,1,1
1532,32.11180037838667,20.081200949515146,1,LTE,LTE,0,0,1,1,4,Libyana,1,0,1,0,0,20.0,3,"1,3",2,MACRO,1,1572393600000,1787529600000,1,1
1533,32.12030035459625,20.09130037414153,1,LTE,LTE,0,0,1,1,4,Libyana,1,0,1,0,0,20.0,2,"1,3",2,MACRO,1,1572393600000,1782172800000,1,1
1534,32.090700190506325,20.100800217321638,1,LTE,LTE,0,0,1,1,4,Libyana,1,0,1,0,0,20.0,2,"1,3",2,MACRO,1,1755388800000,1778371200000,0,1
1535,32.09840046523628,20.09920066440917,1,LTE,LTE,0,0,1,1,4,Libyana,1,0,1,0,0,20.0,4,"1,3,28",3,MACRO,1,1757376000000,1787702400000,1,1
1536,32.10320043129028,20.072400539260254,1,LTE,LTE,0,0,1,1,4,Libyana,1,0,1,0,0,20.0,3,"1,3",2,MICRO,1,1773532800000,1785974400000,1,1
1537,32.12050059217216,20.07080029362285,1,LTE,LTE,0,0,1,1,4,Libyana,1,0,1,0,0,20.0,1,3,1,MACRO,0,1646438400000,1647129600000,0,0
1538,32.107000920567614,20.145400250797536,1,LTE,LTE,0,0,1,1,4,Libyana,1,0,1,0,0,20.0,3,"1,3",2,MACRO,1,1565395200000,1787529600000,1,1
1539,32.14720088439143,20.106300839545373,1,LTE,LTE,0,0,1,1,4,Libyana,1,0,1,0,0,20.0,1,3,1,MACRO,1,1581206400000,1786060800000,0,1
1540,32.11560080499644,20.14860045947473,1,LTE,LTE,0,0,1,1,4,Libyana,1,0,1,0,0,20.0,2,"3,28",2,MACRO,1,1570924800000,1786665600000,1,1
1541,32.129600793918954,20.17810071195644,1,LTE,LTE,0,0,1,1,4,Libyana,1,0,1,0,0,20.0,1,3,1,MACRO,0,1570924800000,1570924800000,0,0
1542,32.065700220134936,20.047500832698912,1,LTE,LTE,0,0,1,1,4,Libyana,1,0,1,0,0,20.0,2,"1,3",2,MACRO,1,1557100800000,1701907200000,0,0
1543,32.08410046680288,20.134100126927947,1,LTE,LTE,0,0,1,1,4,Libyana,1,0,1,0,0,20.0,3,"1,3",2,MACRO,1,1565395200000,1785110400000,1,1
1544,32.08680034264362,20.116900580169528,1,LTE,LTE,0,0,1,1,4,Libyana,1,0,1,0,0,40.0,2,"1,3",2,MACRO,1,1764460800000,1787529600000,0,1
1545,32.530100864024945,16.44220034988407,1,LTE,LTE,0,0,1,1,4,Libyana,1,0,1,0,0,20.0,3,"1,3",2,MACRO,1,1732233600000,1787529600000,0,1
1546,32.090300125638414,20.12080034619158,1,LTE,LTE,0,0,1,1,4,Libyana,1,0,1,0,0,20.0,3,"1,3,28",3,MACRO,1,1579651200000,1787529600000,1,1
1547,31.867900218219237,19.984400699535826,1,LTE,LTE,0,0,1,1,4,Libyana,1,0,1,0,0,20.0,1,3,1,MACRO,0,1785369600000,1787788800000,1,1
1548,31.831400249060888,20.016900124763886,1,LTE,LTE,0,0,1,1,4,Libyana,1,0,1,0,0,40.0,1,1,1,MACRO,1,1785369600000,1787788800000,1,1
1549,31.93340067193696,20.161000872358454,1,LTE,LTE,0,0,1,1,4,Libyana,1,0,1,0,0,20.0,1,3,1,MACRO,1,1578009600000,1785974400000,1,1
1550,32.03310086827202,20.055400818360855,1,LTE,LTE,0,0,1,1,4,Libyana,1,0,1,0,0,40.0,2,"1,3",2,MACRO,1,1608422400000,1787788800000,1,1
1551,31.916200592906048,20.020800828832673,1,LTE,LTE,0,0,1,1,4,Libyana,1,0,1,0,0,40.0,1,3,1,MACRO,1,1785369600000,1787788800000,1,1
1552,32.77120087294439,13.096900551018813,1,LTE,LTE,0,0,1,1,4,Libyana,1,0,1,0,0,20.0,3,"1,3",2,MACRO,1,1768780800000,1787616000000,1,1
1553,31.97150018734892,20.083600669896086,1,LTE,LTE,0,0,1,1,4,Libyana,1,0,1,0,0,20.0,1,3,1,MACRO,1,1565395200000,1701907200000,0,0
1554,31.764000700023484,20.234500437497623,1,LTE,LTE,0,0,1,1,4,Libyana,1,0,1,0,0,20.0,1,1,1,MACRO,0,1785283200000,1785974400000,1,1
1555,31.656500684487415,20.01180066611836,1,LTE,LTE,0,0,1,1,4,Libyana,1,0,1,0,0,20.0,2,"1,3",2,MACRO,1,1746230400000,1787616000000,1,1
1556,31.658600938674,20.013800945775454,1,LTE,LTE,0,0,1,1,4,Libyana,1,0,1,0,0,20.0,2,"1,3",2,MACRO,1,1575331200000,1787616000000,1,1
1557,31.986100644490786,20.081400517422068,1,LTE,LTE,0,0,1,1,4,Libyana,1,0,1,0,0,20.0,1,3,1,MACRO,1,1570924800000,1701734400000,0,0
1558,31.669100525759436,20.256000854480188,1,LTE,LTE,0,0,1,1,4,Libyana,1,0,1,0,0,40.0,2,"1,3",2,MACRO,1,1769299200000,1787529600000,1,1
1559,31.665100909160916,20.25590026481485,1,LTE,LTE,0,0,1,1,4,Libyana,1,0,1,0,0,140.0,2,"1,3",2,MACRO,1,1769299200000,1786147200000,1,1
1560,31.82480086096736,20.01620082167071,1,LTE,LTE,0,0,1,1,4,Libyana,1,0,1,0,0,20.0,1,1,1,MACRO,0,1785369600000,1787788800000,1,1
1561,31.55390065393655,20.075200640182736,1,LTE,LTE,0,0,1,1,4,Libyana,1,0,1,0,0,20.0,1,1,1,MACRO,1,1785974400000,1785974400000,1,1
1562,31.572400661293297,20.171700477873934,1,LTE,LTE,0,0,1,1,4,Libyana,1,0,1,0,0,20.0,1,1,1,MACRO,1,1785974400000,1785974400000,1,1
1563,31.69020034786623,20.288600139739728,1,LTE,LTE,0,0,1,1,4,Libyana,1,0,1,0,0,20.0,2,"1,3",2,MACRO,1,1769299200000,1786147200000,1,1
1564,30.745000294589286,20.231500840447055,1,LTE,LTE,0,0,1,1,4,Libyana,1,0,1,0,0,60.0,1,3,1,MACRO,1,1780185600000,1782864000000,0,1
1565,30.767200391975926,20.223600300326062,1,LTE,LTE,0,0,1,1,4,Libyana,1,0,1,0,0,80.0,2,"1,3",2,MACRO,1,1782086400000,1782086400000,0,1
1566,30.75920045517424,20.2168003204314,1,LTE,LTE,0,0,1,1,4,Libyana,1,0,1,0,0,40.0,2,"1,3",2,MACRO,1,1782086400000,1782086400000,0,1
1567,30.738800289620702,20.21270037849942,1,LTE,LTE,0,0,1,1,4,Libyana,1,0,1,0,0,50.0,2,3,1,MACRO,1,1774310400000,1782086400000,0,1
1568,30.760300309493456,20.231100366270528,1,LTE,LTE,0,0,1,1,4,Libyana,1,0,1,0,0,100.0,2,"1,3",2,MACRO,1,1782086400000,1782086400000,1,1
1569,30.7479006503573,20.1970003304469,1,LTE,LTE,0,0,1,1,4,Libyana,1,0,1,0,0,40.0,2,3,1,MACRO,1,1774310400000,1782086400000,1,1
1570,30.782900371740173,20.220200762146746,1,LTE,LTE,0,0,1,1,4,Libyana,1,0,1,0,0,20.0,1,3,1,MACRO,0,1782086400000,1782086400000,0,1
1571,30.77950086743765,20.21250090531276,1,LTE,LTE,0,0,1,1,4,Libyana,1,0,1,0,0,50.0,2,3,1,MACRO,1,1782086400000,1782086400000,0,1
1572,30.740200734342373,20.229200327021672,1,LTE,LTE,0,0,1,1,4,Libyana,1,0,1,0,0,40.0,2,"1,3",2,MACRO,1,1782086400000,1782086400000,0,1
1573,30.752300855133797,20.211800298503253,1,LTE,LTE,0,0,1,1,4,Libyana,1,0,1,0,0,60.0,2,"1,3",2,MACRO,1,1774310400000,1782086400000,0,1
1574,30.78180037198529,20.228200704208533,1,LTE,LTE,0,0,1,1,4,Libyana,1,0,1,0,0,120.0,3,"1,3",2,MACRO,1,1774310400000,1782086400000,1,1
1575,30.774500892483154,20.238900974545402,1,LTE,LTE,0,0,1,1,4,Libyana,1,0,1,0,0,20.0,1,3,1,MACRO,0,1782086400000,1782086400000,0,1
1576,30.772000118029215,20.235500909057322,1,LTE,LTE,0,0,1,1,4,Libyana,1,0,1,0,0,60.0,2,3,1,MACRO,1,1774310400000,1782086400000,1,1
1577,30.754100165383456,20.227800189220744,1,LTE,LTE,0,0,1,1,4,Libyana,1,0,1,0,0,40.0,1,3,1,MACRO,1,1782086400000,1782086400000,0,1
1578,30.72950093410292,20.201600791081077,1,LTE,LTE,0,0,1,1,4,Libyana,1,0,1,0,0,60.0,1,3,1,MACRO,1,1782086400000,1782777600000,0,1
1579,30.757500132118516,20.22680045933885,1,LTE,LTE,0,0,1,1,4,Libyana,1,0,1,0,0,60.0,1,3,1,MACRO,1,1772668800000,1782086400000,0,1
1580,30.7441003406335,20.218300543633035,1,LTE,LTE,0,0,1,1,4,Libyana,1,0,1,0,0,40.0,1,3,1,MACRO,1,1782086400000,1782086400000,0,1
1581,30.739900584787147,20.211100946812152,1,LTE,LTE,0,0,1,1,4,Libyana,1,0,1,0,0,70.0,3,"1,3",2,MACRO,1,1773187200000,1782777600000,1,1
1582,31.67600038497816,19.95510043776593,1,LTE,LTE,0,0,1,1,4,Libyana,1,0,1,0,0,20.0,1,3,1,MACRO,0,1787616000000,1787616000000,0,1
1583,31.205900395918388,16.568800966260955,1,LTE,LTE,0,0,1,1,4,Libyana,1,0,1,0,0,20.0,1,3,1,MACRO,1,1643414400000,1655856000000,0,0
1584,31.193100541616317,16.57230077976243,2,"LTE,UMTS","LTE,UMTS",0,1,1,2,4,Libyana,1,0,1,0,1,30.0,3,"1,3",2,MACRO,1,1643414400000,1788220800000,0,1
1585,31.209600947378856,16.55370063263955,1,LTE,LTE,0,0,1,1,4,Libyana,1,0,1,0,0,20.0,1,3,1,MACRO,0,1655856000000,1655856000000,0,0
1586,31.203500916560166,16.567900438632527,1,LTE,LTE,0,0,1,1,4,Libyana,1,0,1,0,0,20.0,1,3,1,MACRO,1,1643414400000,1655856000000,0,0
1587,31.21030088310369,16.544000860827907,1,LTE,LTE,0,0,1,1,4,Libyana,1,0,1,0,0,20.0,1,3,1,MACRO,0,1655856000000,1655856000000,0,0
1588,32.090500357187075,20.194500577548244,1,LTE,LTE,0,0,1,1,4,Libyana,1,0,1,0,0,20.0,2,"1,3",2,MACRO,1,1575417600000,1785110400000,1,1
1589,32.1270008815269,20.177700125990103,1,LTE,LTE,0,0,1,1,4,Libyana,1,0,1,0,0,20.0,1,3,1,MACRO,1,1701734400000,1785283200000,0,1
1590,32.07030067514501,20.22430017710909,1,LTE,LTE,0,0,1,1,4,Libyana,1,0,1,0,0,20.0,1,3,1,MACRO,1,1701734400000,1785110400000,0,1
1591,32.13450013087179,20.190300499420868,1,LTE,LTE,0,0,1,1,4,Libyana,1,0,1,0,0,20.0,1,3,1,MACRO,0,1570924800000,1570924800000,0,0
1592,32.23550022123307,20.18570025250913,1,LTE,LTE,0,0,1,1,4,Libyana,1,0,1,0,0,60.0,3,"1,3,28",3,MACRO,1,1575244800000,1787529600000,1,1
1593,32.08810060710037,20.18910037205745,1,LTE,LTE,0,0,1,1,4,Libyana,1,0,1,0,0,20.0,2,"1,3",2,MACRO,1,1785110400000,1785110400000,1,1
1594,32.093500145973785,20.184100881803328,1,LTE,LTE,0,0,1,1,4,Libyana,1,0,1,0,0,20.0,2,"1,3",2,MACRO,1,1575590400000,1787529600000,1,1
1595,32.21590076658846,20.166900895505123,1,LTE,LTE,0,0,1,1,4,Libyana,1,0,1,0,0,20.0,2,"1,3",2,MACRO,1,1706745600000,1786060800000,0,1
1596,32.801800845262534,13.159300581818536,1,LTE,LTE,0,0,1,1,4,Libyana,1,0,1,0,0,40.0,2,"1,3",2,MACRO,1,1782086400000,1785110400000,0,1
1597,32.09150091717926,20.15980097583546,1,LTE,LTE,0,0,1,1,4,Libyana,1,0,1,0,0,20.0,3,"1,3",2,MACRO,1,1755561600000,1786579200000,1,1
1598,32.564400283041685,15.706300646913842,1,LTE,LTE,0,0,1,1,4,Libyana,1,0,1,0,0,20.0,2,"1,3",2,MACRO,1,1755561600000,1785110400000,0,1
1599,31.864500269850986,20.008700794253986,1,LTE,LTE,0,0,1,1,4,Libyana,1,0,1,0,0,20.0,1,3,1,MACRO,0,1787616000000,1787788800000,0,1
1600,32.43745029920833,20.884750353908366,2,"LTE,UMTS","LTE,UMTS",0,1,1,2,4,Libyana,1,0,1,0,1,25.0,2,"1,3",2,MACRO,0,1777420800000,1777420800000,1,1
1601,32.49540077617875,20.84490031785054,1,LTE,LTE,0,0,1,1,4,Libyana,1,0,1,0,0,40.0,1,3,1,MACRO,1,1777420800000,1777420800000,0,1
1602,32.4857003014061,20.827350820462197,2,"LTE,UMTS","LTE,UMTS",0,1,1,2,4,Libyana,1,0,1,0,1,50.0,4,"1,3",2,MACRO,1,1777420800000,1777420800000,0,1
1603,32.49565048499586,20.827500749817517,2,"LTE,UMTS","LTE,UMTS",0,1,1,2,4,Libyana,1,0,1,0,1,85.0,2,"1,3",2,MACRO,1,1776816000000,1777420800000,1,1
1604,32.44080018855612,20.879800676184242,1,LTE,LTE,0,0,1,1,4,Libyana,1,0,1,0,0,20.0,1,3,1,MACRO,0,1777420800000,1777420800000,0,1
1605,32.4869001470086,20.837700722101605,1,LTE,LTE,0,0,1,1,4,Libyana,1,0,1,0,0,120.0,2,"1,3",2,MACRO,1,1777420800000,1777420800000,1,1
1606,32.50000055757498,20.884000536932287,2,"LTE,UMTS","LTE,UMTS",0,1,1,2,4,Libyana,1,0,1,0,1,110.0,4,"1,3",2,MACRO,1,1777420800000,1777420800000,1,1
1607,32.49980054846329,20.839200455249443,1,LTE,LTE,0,0,1,1,4,Libyana,1,0,1,0,0,100.0,1,3,1,MACRO,1,1575417600000,1777420800000,1,1
1608,32.49245049121231,20.83165023364959,2,"LTE,UMTS","LTE,UMTS",0,1,1,2,4,Libyana,1,0,1,0,1,150.0,4,"1,3",2,MACRO,1,1776816000000,1777420800000,1,1
1609,32.45770060797275,20.861000646069986,1,LTE,LTE,0,0,1,1,4,Libyana,1,0,1,0,0,20.0,1,3,1,MACRO,0,1776902400000,1777420800000,1,1
1610,32.461900353105165,20.856500405531957,1,LTE,LTE,0,0,1,1,4,Libyana,1,0,1,0,0,20.0,1,3,1,MACRO,0,1777420800000,1777420800000,1,1
1611,32.48790053436869,20.84660023211265,1,LTE,LTE,0,0,1,1,4,Libyana,1,0,1,0,0,40.0,1,3,1,MACRO,1,1777420800000,1777420800000,1,1
1612,32.44760064524384,20.898100311913797,1,LTE,LTE,0,0,1,1,4,Libyana,1,0,1,0,0,60.0,1,3,1,MACRO,1,1777420800000,1777420800000,1,1
1613,32.462675514170975,20.85557551510484,4,"LTE,UMTS","LTE,UMTS",0,1,1,2,4,Libyana,1,0,1,0,1,55.0,5,"1,3",2,MACRO,1,1777420800000,1777420800000,1,1
1614,32.48960069369867,20.827500710042354,1,LTE,LTE,0,0,1,1,4,Libyana,1,0,1,0,0,60.0,1,3,1,MACRO,1,1777420800000,1777420800000,0,1
1615,32.47500045663776,20.849700801563827,1,LTE,LTE,0,0,1,1,4,Libyana,1,0,1,0,0,60.0,1,3,1,MACRO,1,1777420800000,1777420800000,1,1
1616,32.64435026431218,20.831350775323,2,"LTE,UMTS","LTE,UMTS",0,1,1,2,4,"Al-Madar,Libyana",1,1,2,1,1,25.0,2,1,1,MACRO,0,1785456000000,1785456000000,0,1
1617,32.44470041858001,20.89350067280763,1,LTE,LTE,0,0,1,1,4,Libyana,1,0,1,0,0,40.0,1,3,1,MACRO,1,1777420800000,1777420800000,1,1
1618,32.49660032571277,20.86050071084937,1,LTE,LTE,0,0,1,1,4,Libyana,1,0,1,0,0,80.0,1,3,1,MACRO,1,1777420800000,1777420800000,1,1
1619,32.75740031018911,12.73410038389652,1,LTE,LTE,0,0,1,1,4,Libyana,1,0,1,0,0,60.0,3,"1,3",2,MACRO,1,1520726400000,1780704000000,0,1
1620,32.76060039631517,21.738400307537624,1,LTE,LTE,0,0,1,1,4,Libyana,1,0,1,0,0,20.0,1,3,1,MACRO,0,1777420800000,1777420800000,0,1
1621,32.76170044832158,21.7650006773841,1,LTE,LTE,0,0,1,1,4,Libyana,1,0,1,0,0,60.0,2,"1,3",2,MACRO,1,1721520000000,1780704000000,0,1
1622,32.76070033768079,12.72420014228178,1,LTE,LTE,0,0,1,1,4,Libyana,1,0,1,0,0,80.0,3,"1,3",2,MACRO,1,1769731200000,1780704000000,1,1
1623,32.76300011956577,21.748300224338376,1,LTE,LTE,0,0,1,1,4,Libyana,1,0,1,0,0,20.0,1,3,1,MACRO,1,1739491200000,1777420800000,0,1
1624,32.754800132659554,21.747100743404683,1,LTE,LTE,0,0,1,1,4,Libyana,1,0,1,0,0,20.0,1,3,1,MACRO,0,1750118400000,1750118400000,0,0
1625,32.767100604935955,21.78530087840877,1,LTE,LTE,0,0,1,1,4,Libyana,1,0,1,0,0,20.0,1,3,1,MACRO,0,1780704000000,1780704000000,0,1
1626,32.77190079988323,21.786200805700723,1,LTE,LTE,0,0,1,1,4,Libyana,1,0,1,0,0,40.0,2,"1,3",2,MACRO,1,1777420800000,1780704000000,1,1
1627,32.760700158014394,21.757700767621056,1,LTE,LTE,0,0,1,1,4,Libyana,1,0,1,0,0,20.0,1,3,1,MACRO,1,1780704000000,1780704000000,0,1
1628,32.813900825088226,21.864300254959428,1,LTE,LTE,0,0,1,1,4,Libyana,1,0,1,0,0,100.0,2,"1,3",2,MACRO,1,1743811200000,1784764800000,1,1
1629,32.80550033822721,21.864800573435414,1,LTE,LTE,0,0,1,1,4,Libyana,1,0,1,0,0,80.0,2,"1,3",2,MACRO,1,1743811200000,1784764800000,1,1
1630,32.7998006565409,21.860200628558758,1,LTE,LTE,0,0,1,1,4,Libyana,1,0,1,0,0,40.0,2,"1,3",2,MACRO,1,1743811200000,1784764800000,0,1
1631,32.795000588464156,21.867600887698735,1,LTE,LTE,0,0,1,1,4,Libyana,1,0,1,0,0,20.0,1,3,1,MACRO,1,1743811200000,1784764800000,0,1
1632,32.756000188897886,22.646700719449964,1,LTE,LTE,0,0,1,1,4,Libyana,1,0,1,0,0,20.0,1,3,1,MACRO,0,1629072000000,1629158400000,0,0
1633,32.539200420175725,23.013900718458167,1,LTE,LTE,0,0,1,1,4,Libyana,1,0,1,0,0,20.0,1,3,1,MACRO,0,1673222400000,1673222400000,0,0
1634,32.06770034059704,23.96540051519363,2,LTE,LTE,0,0,1,1,4,Libyana,1,0,1,0,0,40.0,2,3,1,MACRO,0,1571702400000,1578528000000,0,1
1635,32.09420064082538,23.960850299901274,2,"LTE,UMTS","LTE,UMTS",0,1,1,2,4,"Al-Madar,Libyana",1,1,2,1,1,25.0,2,"1,3",2,MACRO,1,1571702400000,1781049600000,0,1
1636,24.20580048358625,23.28890067333009,1,LTE,LTE,0,0,1,1,4,Libyana,1,0,1,0,0,40.0,3,"1,3",2,MACRO,1,1773360000000,1786147200000,1,1
1637,24.192900596893864,23.29020027787524,1,LTE,LTE,0,0,1,1,4,Libyana,1,0,1,0,0,120.0,3,"1,3",2,MACRO,1,1773187200000,1785369600000,1,1
1638,24.199200179748804,23.29890085372798,1,LTE,LTE,0,0,1,1,4,Libyana,1,0,1,0,0,60.0,3,"1,3",2,MACRO,1,1773187200000,1785369600000,1,1
1639,24.197600962412864,23.28990047104925,1,LTE,LTE,0,0,1,1,4,Libyana,1,0,1,0,0,20.0,1,3,1,MACRO,1,1785196800000,1785369600000,0,1
1640,32.859500490928745,13.264500618515259,1,LTE,LTE,0,0,1,1,4,Al-Madar,0,1,1,0,0,20.0,4,"3,8,20",3,MACRO,1,1761609600000,1787529600000,1,1
1641,32.862300667350105,13.267500218537297,1,LTE,LTE,0,0,1,1,4,Al-Madar,0,1,1,0,0,20.0,2,3,1,MACRO,1,1597795200000,1783987200000,0,1
1642,32.89300042011231,13.2463003008423,1,LTE,LTE,0,0,1,1,4,Al-Madar,0,1,1,0,0,20.0,1,3,1,MACRO,1,1761609600000,1771113600000,0,1
1643,32.89930043137216,13.25550094019425,1,LTE,LTE,0,0,1,1,4,Al-Madar,0,1,1,0,0,20.0,2,3,1,MACRO,1,1761609600000,1771372800000,0,1
1644,32.87790082726395,13.273900465004203,1,LTE,LTE,0,0,1,1,4,Libyana,1,0,1,0,0,20.0,1,3,1,MACRO,1,1767225600000,1767225600000,0,1
1645,32.890900131819954,13.254300739437761,1,LTE,LTE,0,0,1,1,4,Al-Madar,0,1,1,0,0,20.0,1,3,1,MACRO,0,1768521600000,1768521600000,0,1
1646,32.88160086229943,13.236800789706312,1,LTE,LTE,0,0,1,1,4,Al-Madar,0,1,1,0,0,20.0,1,3,1,MACRO,0,1768521600000,1771200000000,0,1
1647,32.85990085040081,13.238700350409419,1,LTE,LTE,0,0,1,1,4,Al-Madar,0,1,1,0,0,20.0,2,3,1,MACRO,1,1761609600000,1768521600000,0,1
1648,32.85540030900584,13.24710092536089,1,LTE,LTE,0,0,1,1,4,Al-Madar,0,1,1,0,0,20.0,1,3,1,MACRO,1,1597795200000,1787529600000,0,1
1649,32.84420051239267,13.243200892541715,1,LTE,LTE,0,0,1,1,4,Al-Madar,0,1,1,0,0,20.0,1,3,1,MACRO,0,1762214400000,1762214400000,0,1
1650,32.82890058916037,13.247800935716294,1,LTE,LTE,0,0,1,1,4,Al-Madar,0,1,1,0,0,20.0,1,3,1,MACRO,1,1762214400000,1762214400000,0,1
1651,32.88070064670755,13.236800232241867,1,LTE,LTE,0,0,1,1,4,Al-Madar,0,1,1,0,0,20.0,1,3,1,MACRO,0,1768521600000,1771200000000,0,1
1652,32.866900161725816,13.247200305073704,1,LTE,LTE,0,0,1,1,4,Al-Madar,0,1,1,0,0,20.0,2,3,1,MACRO,1,1572393600000,1787529600000,0,1
1653,32.890600963772606,13.277100971968986,1,LTE,LTE,0,0,1,1,4,Al-Madar,0,1,1,0,0,10.0,1,3,1,MACRO,0,1759795200000,1771113600000,0,1
1654,32.87520078192634,13.26770058948673,1,LTE,LTE,0,0,1,1,4,Al-Madar,0,1,1,0,0,20.0,1,3,1,MACRO,1,1767225600000,1767225600000,0,1
1655,32.88030091885157,13.28560011558493,1,LTE,LTE,0,0,1,1,4,Al-Madar,0,1,1,0,0,20.0,1,3,1,MACRO,0,1767225600000,1767225600000,0,1
1656,32.90430039182372,13.272400778450658,1,LTE,LTE,0,0,1,1,4,Al-Madar,0,1,1,0,0,20.0,1,3,1,MACRO,0,1759795200000,1781395200000,0,1
1657,32.89030040991555,13.250200464183418,1,LTE,LTE,0,0,1,1,4,Al-Madar,0,1,1,0,0,20.0,1,3,1,MACRO,0,1768521600000,1768521600000,0,1
1658,32.86950055683363,13.259600766734822,1,LTE,LTE,0,0,1,1,4,Al-Madar,0,1,1,0,0,50.0,3,"3,8",2,MACRO,1,1759795200000,1786060800000,0,1
1659,32.8876009260116,13.247900868809714,1,LTE,LTE,0,0,1,1,4,Al-Madar,0,1,1,0,0,20.0,2,3,1,MACRO,1,1761609600000,1768521600000,0,1
1660,32.89250023617201,13.25480030131341,1,LTE,LTE,0,0,1,1,4,Al-Madar,0,1,1,0,0,20.0,1,3,1,MACRO,0,1768521600000,1771372800000,0,1
1661,32.889400199268444,13.239400632609977,1,LTE,LTE,0,0,1,1,4,Al-Madar,0,1,1,0,0,20.0,1,3,1,MACRO,0,1768521600000,1768521600000,0,1
1662,32.88220036534926,13.277200471337812,1,LTE,LTE,0,0,1,1,4,Al-Madar,0,1,1,0,0,20.0,2,3,1,MACRO,1,1767225600000,1767225600000,0,1
1663,32.869000193098216,13.277900664627238,1,LTE,LTE,0,0,1,1,4,Al-Madar,0,1,1,0,0,50.0,2,3,1,MACRO,1,1761609600000,1785628800000,1,1
1664,32.86970046340495,13.271700878182557,1,LTE,LTE,0,0,1,1,4,Al-Madar,0,1,1,0,0,60.0,3,"3,8",2,MACRO,1,1756598400000,1786060800000,0,1
1665,32.87490075892073,13.273900362917995,1,LTE,LTE,0,0,1,1,4,Al-Madar,0,1,1,0,0,20.0,1,3,1,MACRO,0,1767225600000,1767225600000,0,1
1666,32.875000573131075,13.270200464813996,1,LTE,LTE,0,0,1,1,4,Al-Madar,0,1,1,0,0,20.0,1,3,1,MACRO,0,1767225600000,1767225600000,0,1
1667,32.838500343972434,13.272600749628943,1,LTE,LTE,0,0,1,1,4,Al-Madar,0,1,1,0,0,20.0,2,3,1,MACRO,1,1782086400000,1782086400000,1,1
1668,32.882000971117414,13.24270027728693,1,LTE,LTE,0,0,1,1,4,Al-Madar,0,1,1,0,0,20.0,1,3,1,MACRO,0,1782086400000,1782086400000,0,1
1669,32.85520060633118,13.254300960090891,1,LTE,LTE,0,0,1,1,4,Al-Madar,0,1,1,0,0,20.0,1,3,1,MACRO,0,1787443200000,1787529600000,0,1
1670,32.85400035048903,13.252300906454064,1,LTE,LTE,0,0,1,1,4,Al-Madar,0,1,1,0,0,20.0,2,3,1,MACRO,1,1761609600000,1787529600000,0,1
1671,32.8898002719092,13.243900286919985,1,LTE,LTE,0,0,1,1,4,Al-Madar,0,1,1,0,0,20.0,1,3,1,MACRO,0,1768521600000,1768521600000,0,1
1672,32.61380072754992,13.584000198957538,1,LTE,LTE,0,0,1,1,4,Libyana,1,0,1,0,0,20.0,4,"3,8,20",3,MACRO,1,1755648000000,1786060800000,1,1
1673,32.72490095899561,13.558500734672938,1,LTE,LTE,0,0,1,1,4,Libyana,1,0,1,0,0,40.0,4,"1,3,20",3,MACRO,1,1759363200000,1786147200000,1,1
1674,32.65800045340646,13.598000854663587,1,LTE,LTE,0,0,1,1,4,Libyana,1,0,1,0,0,20.0,4,"3,8,20",3,MACRO,1,1755648000000,1786060800000,1,1
1675,32.72570068566244,13.740800273802732,1,LTE,LTE,0,0,1,1,4,Libyana,1,0,1,0,0,20.0,1,3,1,MACRO,1,1776816000000,1776816000000,1,1
1676,32.74260043782264,13.605300438371609,1,LTE,LTE,0,0,1,1,4,Libyana,1,0,1,0,0,60.0,4,"3,8,20",3,MACRO,1,1755734400000,1786147200000,1,1
1677,32.73980013825021,13.700000562474397,1,LTE,LTE,0,0,1,1,4,Libyana,1,0,1,0,0,20.0,1,3,1,MACRO,0,1762300800000,1786147200000,1,1
1678,32.7401002841975,13.707900281878322,1,LTE,LTE,0,0,1,1,4,Libyana,1,0,1,0,0,10.0,3,"1,3,20",3,MACRO,1,1760054400000,1785628800000,1,1
1679,32.73670063327104,13.684100203474115,1,LTE,LTE,0,0,1,1,4,Libyana,1,0,1,0,0,40.0,4,"1,3,20",3,MACRO,1,1760054400000,1786147200000,1,1
1680,32.77120060045331,13.580400834461049,1,LTE,LTE,0,0,1,1,4,Libyana,1,0,1,0,0,40.0,2,3,1,MACRO,1,1762992000000,1786060800000,1,1
1681,32.66980019850307,13.937600827827382,1,LTE,LTE,0,0,1,1,4,Libyana,1,0,1,0,0,20.0,2,"8,20",2,MACRO,1,1775606400000,1777161600000,1,1
1682,32.7268003414334,13.481500235798206,1,LTE,LTE,0,0,1,1,4,Libyana,1,0,1,0,0,20.0,1,3,1,MACRO,0,1755734400000,1785888000000,1,1
1683,32.793100457897424,13.473900446285397,1,LTE,LTE,0,0,1,1,4,Libyana,1,0,1,0,0,20.0,1,3,1,MACRO,0,1775606400000,1776902400000,1,1
1684,32.69520011971431,13.453100908580499,1,LTE,LTE,0,0,1,1,4,Libyana,1,0,1,0,0,20.0,4,"3,8,20",3,MACRO,1,1755734400000,1781049600000,1,1
1685,32.703000181893074,13.478000470466657,1,LTE,LTE,0,0,1,1,4,Libyana,1,0,1,0,0,20.0,2,"3,20",2,MACRO,1,1755734400000,1786060800000,1,1
1686,32.81150074419307,13.548100844520716,1,LTE,LTE,0,0,1,1,4,Libyana,1,0,1,0,0,10.0,1,20,1,MACRO,1,1759795200000,1780876800000,1,1
1687,32.785500945597285,13.506300723557422,1,LTE,LTE,0,0,1,1,4,Libyana,1,0,1,0,0,20.0,2,"3,20",2,MACRO,1,1759363200000,1779062400000,1,1
1688,32.8016003459285,13.480300651119911,1,LTE,LTE,0,0,1,1,4,Libyana,1,0,1,0,0,20.0,1,3,1,MACRO,1,1759363200000,1776902400000,1,1
1689,32.79380062344789,13.581700481926829,1,LTE,LTE,0,0,1,1,4,Libyana,1,0,1,0,0,40.0,3,"3,20",2,MACRO,1,1759363200000,1786147200000,1,1
1690,32.734400400018906,13.739900909720687,1,LTE,LTE,0,0,1,1,4,Libyana,1,0,1,0,0,40.0,2,"1,3",2,MACRO,1,1761177600000,1786492800000,1,1
1691,32.685700141125295,13.872200671701378,1,LTE,LTE,0,0,1,1,4,Libyana,1,0,1,0,0,70.0,2,3,1,MACRO,1,1761177600000,1786147200000,1,1
1692,32.67180018713985,13.922800888061834,1,LTE,LTE,0,0,1,1,4,Libyana,1,0,1,0,0,50.0,2,"3,20",2,MACRO,1,1776556800000,1782086400000,1,1
1693,32.70780058862437,13.920800239952268,1,LTE,LTE,0,0,1,1,4,Libyana,1,0,1,0,0,70.0,3,"3,20",2,MACRO,1,1761177600000,1786147200000,1,1
1694,32.71310050022276,13.96590058436705,1,LTE,LTE,0,0,1,1,4,Libyana,1,0,1,0,0,20.0,1,3,1,MACRO,0,1785628800000,1786060800000,1,1
1695,32.71120015801384,13.794100982214964,1,LTE,LTE,0,0,1,1,4,Libyana,1,0,1,0,0,60.0,1,3,1,MACRO,1,1761177600000,1786147200000,1,1
1696,32.668100703157805,13.947600930617819,1,LTE,LTE,0,0,1,1,4,Libyana,1,0,1,0,0,20.0,4,"3,8,20",3,MACRO,1,1775606400000,1777161600000,1,1
1697,32.67140084936247,13.924900541603337,1,LTE,LTE,0,0,1,1,4,Libyana,1,0,1,0,0,40.0,3,"3,20",2,MACRO,1,1770422400000,1786060800000,1,1
1698,32.640200914647316,13.581700288493986,1,LTE,LTE,0,0,1,1,4,Libyana,1,0,1,0,0,10.0,1,8,1,MACRO,0,1784678400000,1786060800000,1,1
1699,32.7532005112615,13.493100125233925,1,LTE,LTE,0,0,1,1,4,Libyana,1,0,1,0,0,20.0,3,"1,3,20",3,MACRO,1,1755734400000,1781481600000,1,1
1700,32.70860028378771,13.62280091969927,1,LTE,LTE,0,0,1,1,4,Libyana,1,0,1,0,0,10.0,4,"3,8,20",3,MACRO,1,1755648000000,1786060800000,1,1
1701,32.8372004111777,13.4850009414618,1,LTE,LTE,0,0,1,1,4,Libyana,1,0,1,0,0,40.0,4,"1,3,20",3,MACRO,1,1759363200000,1786147200000,1,1
1702,32.77130025981643,13.534300255051216,1,LTE,LTE,0,0,1,1,4,Libyana,1,0,1,0,0,20.0,3,"3,20",2,MACRO,1,1759363200000,1780876800000,1,1
1703,32.781700667376974,13.500900133424278,1,LTE,LTE,0,0,1,1,4,Libyana,1,0,1,0,0,20.0,3,"3,8,20",3,MACRO,1,1756598400000,1779062400000,1,1
1704,32.7708006534787,13.495400328465884,1,LTE,LTE,0,0,1,1,4,Libyana,1,0,1,0,0,20.0,1,3,1,MACRO,1,1759363200000,1769472000000,1,1
1705,32.654200220485826,13.553100325131926,1,LTE,LTE,0,0,1,1,4,Libyana,1,0,1,0,0,20.0,3,"3,8,20",3,MACRO,1,1755648000000,1786924800000,1,1
1706,32.67190044746734,13.48760040485906,1,LTE,LTE,0,0,1,1,4,Libyana,1,0,1,0,0,20.0,3,"3,8,20",3,MACRO,1,1755648000000,1785369600000,1,1
1707,27.528900565058372,14.291600583569613,1,UMTS,UMTS,0,1,0,1,3,Al-Madar,0,1,1,0,0,10.0,2,"1,8",2,MACRO,1,1575590400000,1665878400000,0,0
1708,32.531200746850686,16.251300617022594,1,UMTS,UMTS,0,1,0,1,3,Al-Madar,0,1,1,0,0,5.0,1,1,1,MACRO,1,1575590400000,1665878400000,0,0
1709,32.62240074241454,13.212500534764622,1,UMTS,UMTS,0,1,0,1,3,Al-Madar,0,1,1,0,0,5.0,1,8,1,MACRO,0,1587427200000,1587427200000,0,0
1710,32.14760043977089,20.09480035918451,1,UMTS,UMTS,0,1,0,1,3,Al-Madar,0,1,1,0,0,5.0,1,1,1,MACRO,0,1776384000000,1776384000000,0,1
1711,32.13100064926566,20.097700391076152,1,UMTS,UMTS,0,1,0,1,3,Al-Madar,0,1,1,0,0,10.0,2,1,1,MACRO,1,1579824000000,1789084800000,0,1
1712,32.12000031578275,20.107800242517815,1,UMTS,UMTS,0,1,0,1,3,Al-Madar,0,1,1,0,0,10.0,2,1,1,MACRO,1,1755561600000,1785456000000,0,1
1713,32.123000653319956,20.090700261399235,1,UMTS,HSPA+,0,1,0,1,3,Al-Madar,0,1,1,0,0,10.0,2,1,1,MACRO,1,1556755200000,1789084800000,0,1
1714,32.1213007273941,20.078100943554826,1,UMTS,HSPA+,0,1,0,1,3,Al-Madar,0,1,1,0,0,15.0,3,1,1,MACRO,1,1579824000000,1786665600000,0,1
1715,32.1264005754784,20.064900366624503,1,UMTS,UMTS,0,1,0,1,3,Al-Madar,0,1,1,0,0,5.0,1,1,1,MACRO,1,1686700800000,1686700800000,0,1
1716,32.889000362449565,13.228000565290701,2,UMTS,UMTS,0,1,0,1,3,Al-Madar,0,1,1,0,0,10.0,2,1,1,MACRO,1,1607040000000,1607040000000,0,0
1717,32.90430076623214,13.233300450207015,1,UMTS,UMTS,0,1,0,1,3,Al-Madar,0,1,1,0,0,5.0,1,1,1,MACRO,1,1788998400000,1788998400000,0,1
1718,32.892350550581085,13.205900736077034,2,UMTS,UMTS,0,1,0,1,3,Al-Madar,0,1,1,0,0,10.0,2,1,1,MACRO,0,1576540800000,1576540800000,0,0
1719,32.88760078919247,13.18010055315605,1,UMTS,UMTS,0,1,0,1,3,Al-Madar,0,1,1,0,0,10.0,2,1,1,MACRO,1,1786147200000,1786147200000,0,1
1720,32.8833008490282,13.192700506512473,1,UMTS,UMTS,0,1,0,1,3,Al-Madar,0,1,1,0,0,15.0,3,"1,8",2,MACRO,1,1576540800000,1591660800000,0,0
1721,32.83920068878205,13.256000709972632,1,UMTS,UMTS,0,1,0,1,3,Al-Madar,0,1,1,0,0,5.0,1,1,1,MACRO,0,1576195200000,1576195200000,0,0
1722,32.86670025983533,13.206400456274142,1,UMTS,UMTS,0,1,0,1,3,Al-Madar,0,1,1,0,0,5.0,1,1,1,MACRO,0,1597795200000,1597795200000,0,0
1723,32.88530032246383,13.202000637222612,1,UMTS,HSPA+,0,1,0,1,3,Al-Madar,0,1,1,0,0,15.0,3,"1,8",2,MACRO,1,1576713600000,1576713600000,0,0
1724,32.86470041260656,13.191700278787913,1,UMTS,UMTS,0,1,0,1,3,Al-Madar,0,1,1,0,0,10.0,2,"1,8",2,MACRO,1,1576713600000,1576713600000,0,0
1725,32.868300912235895,13.202700643777378,1,UMTS,UMTS,0,1,0,1,3,Al-Madar,0,1,1,0,0,5.0,1,1,1,MACRO,0,1576713600000,1576713600000,0,0
1726,32.838600599653645,13.20070058125629,1,UMTS,UMTS,0,1,0,1,3,Al-Madar,0,1,1,0,0,5.0,1,1,1,MACRO,0,1576713600000,1576713600000,0,0
1727,32.86370053478542,13.2710006691687,1,UMTS,UMTS,0,1,0,1,3,Al-Madar,0,1,1,0,0,5.0,1,1,1,MACRO,0,1576540800000,1576540800000,0,0
1728,32.84460065878789,13.193800348408992,1,UMTS,UMTS,0,1,0,1,3,Al-Madar,0,1,1,0,0,15.0,3,"1,8",2,MACRO,1,1591660800000,1591747200000,0,0
1729,32.853000446587984,13.175600384489448,1,UMTS,UMTS,0,1,0,1,3,Al-Madar,0,1,1,0,0,10.0,2,1,1,MACRO,1,1576713600000,1576800000000,0,0
1730,32.84600086409728,13.25900055026801,1,UMTS,UMTS,0,1,0,1,3,Al-Madar,0,1,1,0,0,5.0,1,8,1,MACRO,0,1576540800000,1576540800000,0,0
1731,32.852800493509804,13.248700431776854,1,UMTS,UMTS,0,1,0,1,3,Al-Madar,0,1,1,0,0,5.0,1,8,1,MACRO,1,1576540800000,1576540800000,0,0
1732,32.854000799355795,13.23350059866775,1,UMTS,UMTS,0,1,0,1,3,Al-Madar,0,1,1,0,0,5.0,1,8,1,MACRO,1,1576540800000,1576540800000,0,0
1733,32.88265051767095,13.200550435265644,2,UMTS,"HSPA+,HSUPA",0,1,0,1,3,"Al-Madar,Libyana",1,1,2,1,0,20.0,4,"1,8",2,MACRO,1,1576713600000,1634428800000,0,0
1734,32.84600038984315,13.19500085447335,1,UMTS,UMTS,0,1,0,1,3,Al-Madar,0,1,1,0,0,20.0,4,"1,8",2,MACRO,1,1576713600000,1591660800000,0,0
1735,32.53910043165513,14.013500550569985,1,UMTS,HSPA,0,1,0,1,3,Libyana,1,0,1,0,0,5.0,1,1,1,MACRO,0,1777507200000,1779408000000,0,1
1736,32.57840078598042,14.036100337618343,1,UMTS,UMTS,0,1,0,1,3,Libyana,1,0,1,0,0,5.0,1,1,1,MACRO,1,1775606400000,1783555200000,0,1
1737,32.097000479633664,20.068600438056176,1,UMTS,UMTS,0,1,0,1,3,Al-Madar,0,1,1,0,0,10.0,2,1,1,MACRO,1,1556755200000,1700697600000,0,0
1738,32.11570042585465,20.06980053846996,1,UMTS,HSUPA,0,1,0,1,3,Al-Madar,0,1,1,0,0,15.0,3,1,1,MACRO,1,1700524800000,1757289600000,0,1
1739,32.11010043328734,20.06780066042125,1,UMTS,UMTS,0,1,0,1,3,Al-Madar,0,1,1,0,0,5.0,1,1,1,MACRO,0,1701302400000,1782086400000,0,1
1740,32.08280047733395,20.10270073126404,1,UMTS,UMTS,0,1,0,1,3,Al-Madar,0,1,1,0,0,10.0,2,1,1,MACRO,1,1595289600000,1784851200000,0,1
1741,32.101600591400356,20.14430037320738,1,UMTS,UMTS,0,1,0,1,3,Al-Madar,0,1,1,0,0,5.0,1,1,1,MACRO,0,1785110400000,1788220800000,0,1
1742,32.08510049660505,20.12270055214507,1,UMTS,UMTS,0,1,0,1,3,Al-Madar,0,1,1,0,0,10.0,2,1,1,MACRO,1,1774396800000,1789084800000,0,1
1743,32.088900480802366,20.095700705973865,1,UMTS,UMTS,0,1,0,1,3,Al-Madar,0,1,1,0,0,5.0,1,1,1,MICRO,1,1779235200000,1779235200000,0,1
1744,32.6414003816813,14.248200412812631,1,UMTS,HSPA+,0,1,0,1,3,Libyana,1,0,1,0,0,5.0,0,,0,MACRO,1,1581897600000,1581897600000,0,0
1745,32.648200400775764,14.25600037454134,1,UMTS,UMTS,0,1,0,1,3,Libyana,1,0,1,0,0,10.0,2,1,1,MACRO,1,1581984000000,1581984000000,0,0
1746,32.85660057637408,13.25970064340423,1,UMTS,UMTS,0,1,0,1,3,Al-Madar,0,1,1,0,0,10.0,2,1,1,MACRO,1,1597795200000,1597795200000,0,0
1747,32.86250027440152,13.268300528007845,1,UMTS,UMTS,0,1,0,1,3,Al-Madar,0,1,1,0,0,10.0,2,1,1,MACRO,1,1778630400000,1783728000000,0,1
1748,32.85446711266325,13.269933778147058,3,UMTS,UMTS,0,1,0,1,3,Al-Madar,0,1,1,0,0,20.0,4,"1,8",2,MACRO,1,1597795200000,1782086400000,0,1
1749,32.872300277443614,13.261700133939236,1,UMTS,UMTS,0,1,0,1,3,Al-Madar,0,1,1,0,0,10.0,2,1,1,MACRO,1,1777420800000,1783036800000,0,1
1750,32.861700486052406,13.266800206168796,1,UMTS,UMTS,0,1,0,1,3,Al-Madar,0,1,1,0,0,10.0,2,1,1,MACRO,1,1597795200000,1597795200000,0,0
1751,32.87610029306792,13.268300280776097,1,UMTS,UMTS,0,1,0,1,3,Al-Madar,0,1,1,0,0,10.0,2,1,1,MACRO,1,1767225600000,1789084800000,0,1
1752,32.85600067732571,13.264800657855716,1,UMTS,UMTS,0,1,0,1,3,Al-Madar,0,1,1,0,0,10.0,2,1,1,MACRO,1,1597795200000,1597795200000,0,0
1753,32.86750056379752,13.284100598771982,1,UMTS,UMTS,0,1,0,1,3,Al-Madar,0,1,1,0,0,10.0,2,1,1,MACRO,1,1597795200000,1597795200000,0,0
1754,32.856900584684325,13.258500523295854,1,UMTS,UMTS,0,1,0,1,3,Al-Madar,0,1,1,0,0,5.0,1,8,1,MACRO,0,1597795200000,1597795200000,0,0
1755,32.83970061678338,13.247900228267138,1,UMTS,UMTS,0,1,0,1,3,Al-Madar,0,1,1,0,0,5.0,1,1,1,MACRO,1,1777334400000,1779840000000,0,1
1756,32.81340070895624,13.271900729015803,1,UMTS,UMTS,0,1,0,1,3,Al-Madar,0,1,1,0,0,5.0,1,1,1,MACRO,1,1775606400000,1779840000000,0,1
1757,32.077500646063015,20.120000496802,1,UMTS,UMTS,0,1,0,1,3,Al-Madar,0,1,1,0,0,5.0,1,1,1,MACRO,0,1701216000000,1701216000000,0,0
1758,32.07460036926848,20.120300531190736,1,UMTS,UMTS,0,1,0,1,3,Al-Madar,0,1,1,0,0,5.0,1,1,1,MACRO,1,1701216000000,1789084800000,0,1
1759,32.07310034021041,20.125100588152687,1,UMTS,HSUPA,0,1,0,1,3,Al-Madar,0,1,1,0,0,5.0,1,1,1,MACRO,1,1701216000000,1771545600000,0,1
1760,32.06410076814206,20.13000047322894,1,UMTS,HSUPA,0,1,0,1,3,Al-Madar,0,1,1,0,0,5.0,1,1,1,MACRO,0,1770422400000,1773360000000,0,1
1761,32.00990063443079,20.146500562726352,1,UMTS,UMTS,0,1,0,1,3,Al-Madar,0,1,1,0,0,10.0,2,1,1,MACRO,1,1579824000000,1773878400000,0,1
1762,32.01030058020914,20.103800767311565,1,UMTS,UMTS,0,1,0,1,3,Al-Madar,0,1,1,0,0,10.0,2,1,1,MACRO,1,1579824000000,1701216000000,0,0
1763,32.008100744877474,20.07490066868426,1,UMTS,UMTS,0,1,0,1,3,Al-Madar,0,1,1,0,0,10.0,2,1,1,MACRO,1,1556668800000,1701907200000,0,0
1764,32.04020070907887,20.05410071738631,1,UMTS,UMTS,0,1,0,1,3,Al-Madar,0,1,1,0,0,10.0,2,1,1,MACRO,1,1579824000000,1701907200000,0,0
1765,32.07900073263818,20.063500684315287,1,UMTS,UMTS,0,1,0,1,3,Al-Madar,0,1,1,0,0,5.0,1,1,1,MACRO,0,1595289600000,1700524800000,0,0
1766,32.0387006430475,20.07700069566963,1,UMTS,UMTS,0,1,0,1,3,Al-Madar,0,1,1,0,0,10.0,2,1,1,MACRO,1,1756166400000,1756166400000,0,1
1767,32.06940064152563,20.105300264410122,1,UMTS,UMTS,0,1,0,1,3,Al-Madar,0,1,1,0,0,10.0,2,1,1,MACRO,1,1770336000000,1789084800000,0,1
1768,32.03790064695129,20.144800603809728,1,UMTS,HSPA+,0,1,0,1,3,Al-Madar,0,1,1,0,0,10.0,2,1,1,MACRO,1,1770508800000,1773792000000,0,1
1769,32.43080088925157,14.648200802256476,1,UMTS,UMTS,0,1,0,1,3,Libyana,1,0,1,0,0,5.0,1,8,1,MACRO,0,1575417600000,1575417600000,0,0
1770,32.57540031124912,14.338200399997662,1,UMTS,UMTS,0,1,0,1,3,Libyana,1,0,1,0,0,10.0,2,"1,8",2,MACRO,1,1575417600000,1777420800000,0,1
1771,32.55910036898284,14.352200412403802,1,UMTS,UMTS,0,1,0,1,3,Libyana,1,0,1,0,0,10.0,2,"1,8",2,MACRO,1,1575417600000,1782777600000,0,1
1772,32.10120048980811,20.174600679302493,1,UMTS,UMTS,0,1,0,1,3,Al-Madar,0,1,1,0,0,5.0,1,1,1,MACRO,1,1789084800000,1789084800000,0,1
1773,32.0981005403612,20.19810053067259,1,UMTS,UMTS,0,1,0,1,3,Al-Madar,0,1,1,0,0,5.0,1,1,1,MACRO,1,1781049600000,1789084800000,0,1
1774,32.07800045380233,20.256700499501385,1,UMTS,UMTS,0,1,0,1,3,Al-Madar,0,1,1,0,0,5.0,1,1,1,MACRO,1,1789084800000,1789084800000,0,1
1775,32.089600792522134,20.250500770554293,1,UMTS,UMTS,0,1,0,1,3,Al-Madar,0,1,1,0,0,5.0,1,1,1,MACRO,1,1789084800000,1789084800000,0,1
1776,31.994700540030994,20.074500516107467,1,UMTS,UMTS,0,1,0,1,3,Al-Madar,0,1,1,0,0,5.0,1,1,1,MACRO,0,1578009600000,1701302400000,0,0
1777,31.970900873208347,20.08390050274901,1,UMTS,UMTS,0,1,0,1,3,Al-Madar,0,1,1,0,0,20.0,4,1,1,MACRO,1,1647129600000,1773619200000,0,1
1778,32.09680047124104,20.208800651307655,1,UMTS,UMTS,0,1,0,1,3,Al-Madar,0,1,1,0,0,5.0,1,1,1,MACRO,0,1789084800000,1789084800000,0,1
1779,32.4889001891518,20.84690092597722,1,UMTS,UMTS,0,1,0,1,3,Al-Madar,0,1,1,0,0,10.0,2,1,1,MACRO,1,1585094400000,1585094400000,0,0
1780,32.80830055882642,21.87230071653738,1,UMTS,UMTS,0,1,0,1,3,Al-Madar,0,1,1,0,0,5.0,1,1,1,MACRO,0,1761782400000,1784764800000,0,1
1781,32.7994008516954,21.865600118096058,1,UMTS,UMTS,0,1,0,1,3,Al-Madar,0,1,1,0,0,5.0,1,1,1,MACRO,0,1761696000000,1761696000000,0,1
1782,32.3599007124283,15.08800082729992,1,UMTS,UMTS,0,1,0,1,3,Libyana,1,0,1,0,0,10.0,2,1,1,MACRO,1,1584144000000,1584144000000,0,0
1783,31.648100851836908,15.116000747744241,1,UMTS,UMTS,0,1,0,1,3,Libyana,1,0,1,0,0,5.0,1,8,1,MACRO,1,1782777600000,1782864000000,0,1
1784,31.725900324586238,15.086600797817486,1,UMTS,UMTS,0,1,0,1,3,Libyana,1,0,1,0,0,5.0,1,8,1,MACRO,1,1782777600000,1782864000000,0,1
1785,31.45490090130092,15.257200771712961,1,UMTS,UMTS,0,1,0,1,3,Libyana,1,0,1,0,0,5.0,1,8,1,MACRO,1,1782777600000,1782864000000,0,1
1786,31.451900208377364,15.267100764255805,1,UMTS,UMTS,0,1,0,1,3,Libyana,1,0,1,0,0,5.0,1,8,1,MACRO,0,1782864000000,1782864000000,0,1
1787,31.379100904156704,15.564400760541307,1,UMTS,UMTS,0,1,0,1,3,Libyana,1,0,1,0,0,5.0,1,8,1,MACRO,0,1782864000000,1782864000000,0,1
1788,31.455200155721627,15.258300121157248,1,UMTS,UMTS,0,1,0,1,3,Libyana,1,0,1,0,0,5.0,1,8,1,MACRO,1,1782864000000,1782864000000,0,1
1789,32.83930071172419,13.043600938947906,1,UMTS,HSPA,0,1,0,1,3,Libyana,1,0,1,0,0,5.0,1,1,1,MACRO,0,1772668800000,1772668800000,0,1
1790,32.821600365752175,13.033900563157793,1,UMTS,UMTS,0,1,0,1,3,Libyana,1,0,1,0,0,5.0,1,1,1,MACRO,1,1772668800000,1772755200000,0,1
1791,32.824400305849665,13.01650044854947,1,UMTS,HSPA,0,1,0,1,3,Libyana,1,0,1,0,0,5.0,1,1,1,MACRO,0,1772668800000,1772668800000,0,1
1792,32.8200003965013,12.971500843013057,1,UMTS,UMTS,0,1,0,1,3,Libyana,1,0,1,0,0,5.0,1,1,1,MACRO,0,1772668800000,1772755200000,0,1
1793,32.81090038019069,12.979200714015231,1,UMTS,UMTS,0,1,0,1,3,Libyana,1,0,1,0,0,5.0,1,1,1,MACRO,1,1772668800000,1772755200000,0,1
1794,32.80950060868547,12.954900692802674,1,UMTS,UMTS,0,1,0,1,3,Libyana,1,0,1,0,0,10.0,2,1,1,MACRO,1,1772668800000,1772755200000,0,1
1795,32.820500500477465,13.006700598705674,1,UMTS,UMTS,0,1,0,1,3,Libyana,1,0,1,0,0,5.0,1,1,1,MACRO,0,1772668800000,1784073600000,0,1
1796,32.8161005601286,13.024500784389733,1,UMTS,UMTS,0,1,0,1,3,Libyana,1,0,1,0,0,5.0,1,1,1,MACRO,0,1772668800000,1772668800000,0,1
1797,32.81510081019739,12.953400441543877,1,UMTS,UMTS,0,1,0,1,3,Libyana,1,0,1,0,0,5.0,1,1,1,MACRO,0,1772668800000,1772668800000,0,1
1798,32.81860049129432,13.023800440581496,1,UMTS,UMTS,0,1,0,1,3,Libyana,1,0,1,0,0,10.0,2,1,1,MACRO,1,1772668800000,1772668800000,0,1
1799,32.827000399511434,13.042000462750526,1,UMTS,UMTS,0,1,0,1,3,Libyana,1,0,1,0,0,5.0,1,1,1,MACRO,0,1772668800000,1772668800000,0,1
1800,32.84150048267061,13.04800046946017,1,UMTS,UMTS,0,1,0,1,3,Libyana,1,0,1,0,0,5.0,1,1,1,MACRO,0,1772668800000,1772841600000,0,1
1801,32.81350069331673,12.94580077850119,1,UMTS,UMTS,0,1,0,1,3,Libyana,1,0,1,0,0,5.0,1,1,1,MACRO,0,1772668800000,1772668800000,0,1
1802,32.81840063462462,13.025800517111014,1,UMTS,UMTS,0,1,0,1,3,Libyana,1,0,1,0,0,10.0,2,1,1,MACRO,1,1772668800000,1772668800000,0,1
1803,32.87705045665719,13.216700434126793,2,UMTS,HSDPA,0,1,0,1,3,Libyana,1,0,1,0,0,10.0,0,,0,MACRO,0,1419897600000,1419897600000,0,0
1804,32.84190066349087,13.075300456669048,1,UMTS,UMTS,0,1,0,1,3,Libyana,1,0,1,0,0,10.0,2,1,1,MACRO,1,1774915200000,1775347200000,0,1
1805,32.853500455810185,13.110500204432642,1,UMTS,UMTS,0,1,0,1,3,Libyana,1,0,1,0,0,5.0,1,1,1,MACRO,0,1781740800000,1781740800000,0,1
1806,32.8809005365306,13.219500417951934,1,UMTS,HSDPA,0,1,0,1,3,Libyana,1,0,1,0,0,5.0,0,,0,MACRO,1,1419897600000,1419897600000,0,0
1807,32.858400985930565,13.122100369657147,1,UMTS,UMTS,0,1,0,1,3,Libyana,1,0,1,0,0,5.0,1,1,1,MACRO,0,1781740800000,1781740800000,0,1
1808,32.87100065894232,13.139600584840446,1,UMTS,HSPA+,0,1,0,1,3,Libyana,1,0,1,0,0,5.0,1,1,1,MACRO,1,1758153600000,1781740800000,0,1
1809,32.83860028025574,13.122100848044537,1,UMTS,UMTS,0,1,0,1,3,Libyana,1,0,1,0,0,5.0,1,1,1,MACRO,0,1781740800000,1781740800000,0,1
1810,32.843200368571914,13.055900633913286,1,UMTS,UMTS,0,1,0,1,3,Libyana,1,0,1,0,0,10.0,2,1,1,MACRO,1,1772668800000,1772668800000,0,1
1811,32.842800782793056,13.088700477671718,1,UMTS,UMTS,0,1,0,1,3,Libyana,1,0,1,0,0,5.0,1,1,1,MACRO,0,1775347200000,1775347200000,0,1
1812,32.84340073428844,13.068500617234566,1,UMTS,UMTS,0,1,0,1,3,Libyana,1,0,1,0,0,5.0,1,1,1,MACRO,0,1772668800000,1772668800000,0,1
1813,32.83680052166906,13.114200846430727,1,UMTS,UMTS,0,1,0,1,3,Libyana,1,0,1,0,0,10.0,2,1,1,MACRO,1,1775347200000,1781740800000,0,1
1814,32.88690070994561,13.187800245802606,1,UMTS,HSUPA,0,1,0,1,3,Libyana,1,0,1,0,0,5.0,1,1,1,MACRO,0,1575331200000,1575331200000,0,0
1815,32.893700684945486,13.202100640099019,1,UMTS,HSUPA,0,1,0,1,3,Libyana,1,0,1,0,0,10.0,2,1,1,MACRO,1,1575244800000,1575331200000,0,0
1816,32.86770054461685,13.188400399067913,1,UMTS,HSUPA,0,1,0,1,3,Libyana,1,0,1,0,0,5.0,1,1,1,MACRO,0,1575331200000,1575331200000,0,0
1817,32.90250039686953,13.268000384146275,1,UMTS,UMTS,0,1,0,1,3,Libyana,1,0,1,0,0,10.0,2,1,1,MACRO,0,1575417600000,1575417600000,0,0
1818,32.877800265495864,13.217400548372044,1,UMTS,UMTS,0,1,0,1,3,Libyana,1,0,1,0,0,5.0,0,,0,MACRO,0,1419897600000,1419897600000,0,0
1819,32.83600056313222,13.21680042586057,1,UMTS,UMTS,0,1,0,1,3,Libyana,1,0,1,0,0,5.0,1,1,1,MACRO,0,1757635200000,1757635200000,0,1
1820,32.87400084738982,13.193500189971079,1,UMTS,UMTS,0,1,0,1,3,Libyana,1,0,1,0,0,5.0,1,1,1,MACRO,0,1772841600000,1772841600000,0,1
1821,32.87470082337271,13.201300718217883,1,UMTS,UMTS,0,1,0,1,3,Libyana,1,0,1,0,0,5.0,1,1,1,MACRO,0,1782086400000,1782172800000,0,1
1822,32.89590038698368,13.204800813936368,1,UMTS,HSUPA,0,1,0,1,3,Libyana,1,0,1,0,0,10.0,2,1,1,MACRO,1,1634428800000,1634428800000,0,0
1823,32.8520003818702,13.269600402361355,1,UMTS,UMTS,0,1,0,1,3,Al-Madar,0,1,1,0,0,5.0,1,1,1,MACRO,0,1597795200000,1597795200000,0,0
1824,32.37430050966996,15.090800622616596,1,UMTS,UMTS,0,1,0,1,3,Al-Madar,0,1,1,0,0,5.0,1,1,1,MACRO,0,1576022400000,1576022400000,0,0
1825,32.37460061018486,15.081400245394882,1,UMTS,UMTS,0,1,0,1,3,Al-Madar,0,1,1,0,0,5.0,1,1,1,MACRO,0,1576022400000,1576022400000,0,0
1826,32.831200447615124,13.06600081041629,1,UMTS,HSPA+,0,1,0,1,3,Al-Madar,0,1,1,0,0,5.0,1,1,1,MACRO,0,1602460800000,1602460800000,0,0
1827,32.818900842962606,13.062700780044832,1,UMTS,UMTS,0,1,0,1,3,Al-Madar,0,1,1,0,0,5.0,1,1,1,MACRO,0,1602460800000,1602460800000,0,0
1828,32.85420059497007,13.113600816361561,1,UMTS,UMTS,0,1,0,1,3,Al-Madar,0,1,1,0,0,5.0,1,1,1,MACRO,0,1576713600000,1576800000000,0,0
1829,32.79480043029159,13.081200652586546,1,UMTS,HSPA+,0,1,0,1,3,Al-Madar,0,1,1,0,0,5.0,1,1,1,MACRO,1,1602460800000,1602460800000,0,0
1830,32.85480053016778,13.114400659151718,1,UMTS,UMTS,0,1,0,1,3,Al-Madar,0,1,1,0,0,5.0,1,1,1,MACRO,0,1576713600000,1576800000000,0,0
1831,32.826300589527065,13.032000350578024,1,UMTS,UMTS,0,1,0,1,3,Al-Madar,0,1,1,0,0,5.0,1,1,1,MACRO,0,1602460800000,1602460800000,0,0
1832,32.79240068435814,13.10070024650339,1,UMTS,HSPA+,0,1,0,1,3,Al-Madar,0,1,1,0,0,10.0,2,1,1,MACRO,1,1600214400000,1602460800000,0,0
1833,32.79870064636522,13.068400267448368,1,UMTS,UMTS,0,1,0,1,3,Al-Madar,0,1,1,0,0,5.0,1,1,1,MACRO,0,1602460800000,1602460800000,0,0
1834,32.855800391838486,13.116600900334799,1,UMTS,UMTS,0,1,0,1,3,Al-Madar,0,1,1,0,0,5.0,1,1,1,MACRO,0,1576713600000,1576800000000,0,0
1835,32.790200579491994,13.085900493550216,1,UMTS,UMTS,0,1,0,1,3,Al-Madar,0,1,1,0,0,5.0,1,1,1,MACRO,0,1576713600000,1576713600000,0,0
1836,32.84600084836275,13.07610063252833,1,UMTS,UMTS,0,1,0,1,3,Al-Madar,0,1,1,0,0,5.0,1,1,1,MACRO,0,1602460800000,1602460800000,0,0
1837,32.792400540096025,13.087000496292173,1,UMTS,UMTS,0,1,0,1,3,Al-Madar,0,1,1,0,0,5.0,1,1,1,MACRO,0,1602460800000,1602460800000,0,0
1838,32.789300557443525,13.023100599328833,1,UMTS,UMTS,0,1,0,1,3,Al-Madar,0,1,1,0,0,5.0,1,1,1,MACRO,1,1576713600000,1576713600000,0,0
1839,32.83340042133968,13.028200763285763,1,UMTS,UMTS,0,1,0,1,3,Al-Madar,0,1,1,0,0,5.0,1,8,1,MACRO,1,1576713600000,1576713600000,0,0
1840,32.79010054033132,13.079500291234087,1,UMTS,UMTS,0,1,0,1,3,Al-Madar,0,1,1,0,0,5.0,1,1,1,MACRO,0,1576713600000,1576713600000,0,0
1841,32.79460064034325,13.026800310867678,1,UMTS,UMTS,0,1,0,1,3,Al-Madar,0,1,1,0,0,10.0,2,1,1,MACRO,1,1576713600000,1576713600000,0,0
1842,32.81460069138387,13.018600483479464,1,UMTS,UMTS,0,1,0,1,3,Al-Madar,0,1,1,0,0,5.0,1,8,1,MACRO,0,1576800000000,1576800000000,0,0
1843,32.840700513305116,13.158400557112715,1,UMTS,UMTS,0,1,0,1,3,Al-Madar,0,1,1,0,0,10.0,2,1,1,MACRO,1,1576713600000,1576713600000,0,0
1844,32.770300426834595,13.01510077389218,1,UMTS,UMTS,0,1,0,1,3,Al-Madar,0,1,1,0,0,5.0,1,1,1,MACRO,0,1576713600000,1576713600000,0,0
1845,32.790200471601594,13.094800267948834,1,UMTS,HSPA+,0,1,0,1,3,Al-Madar,0,1,1,0,0,10.0,2,"1,8",2,MACRO,1,1576713600000,1602460800000,0,0
1846,32.84830041183353,13.099800561357632,1,UMTS,UMTS,0,1,0,1,3,Al-Madar,0,1,1,0,0,15.0,3,"1,8",2,MACRO,1,1576713600000,1576800000000,0,0
1847,32.781100653734875,12.943100691668835,1,UMTS,UMTS,0,1,0,1,3,Al-Madar,0,1,1,0,0,10.0,2,"1,8",2,MACRO,1,1576713600000,1576713600000,0,0
1848,32.83350069236046,13.191400274094129,1,UMTS,UMTS,0,1,0,1,3,Al-Madar,0,1,1,0,0,10.0,2,"1,8",2,MACRO,1,1576713600000,1576713600000,0,0
1849,32.82450054823487,13.081700678896198,1,UMTS,UMTS,0,1,0,1,3,Al-Madar,0,1,1,0,0,5.0,1,1,1,MACRO,1,1781913600000,1781913600000,0,1
1850,32.781900590846085,13.023800540898975,1,UMTS,UMTS,0,1,0,1,3,Al-Madar,0,1,1,0,0,10.0,2,1,1,MACRO,1,1576713600000,1576800000000,0,0
1851,32.69280045134827,13.150400641688899,1,UMTS,UMTS,0,1,0,1,3,Al-Madar,0,1,1,0,0,10.0,2,1,1,MACRO,1,1777334400000,1777334400000,0,1
1852,32.693000347998876,13.192700449951072,1,UMTS,UMTS,0,1,0,1,3,Al-Madar,0,1,1,0,0,10.0,2,1,1,MACRO,1,1778889600000,1782864000000,0,1
1853,32.809100393003476,13.270000538711948,1,UMTS,UMTS,0,1,0,1,3,Al-Madar,0,1,1,0,0,5.0,1,1,1,MACRO,0,1777852800000,1778630400000,0,1
1854,32.76610064415452,13.256400613465425,1,UMTS,HSPA+,0,1,0,1,3,Al-Madar,0,1,1,0,0,10.0,2,1,1,MACRO,1,1780617600000,1783036800000,0,1
1855,32.712600420935054,13.147000516184473,1,UMTS,UMTS,0,1,0,1,3,Al-Madar,0,1,1,0,0,10.0,2,1,1,MACRO,1,1777334400000,1783728000000,0,1
1856,32.699000486812224,13.11080035466559,1,UMTS,UMTS,0,1,0,1,3,Al-Madar,0,1,1,0,0,10.0,2,1,1,MACRO,1,1777334400000,1784073600000,0,1
1857,32.72380060537745,13.164500581928635,1,UMTS,UMTS,0,1,0,1,3,Al-Madar,0,1,1,0,0,5.0,1,1,1,MACRO,0,1777334400000,1777334400000,0,1
1858,32.77730041679885,13.147900321555465,1,UMTS,UMTS,0,1,0,1,3,Al-Madar,0,1,1,0,0,5.0,1,1,1,MACRO,0,1783728000000,1783728000000,0,1
1859,32.72490035105014,13.201500557625465,1,UMTS,UMTS,0,1,0,1,3,Al-Madar,0,1,1,0,0,5.0,1,1,1,MACRO,0,1778889600000,1781308800000,0,1
1860,31.385500290211784,13.738100249987694,1,UMTS,HSPA+,0,1,0,1,3,Libyana,1,0,1,0,0,5.0,1,8,1,MACRO,0,1619308800000,1619308800000,0,0
1861,31.923900815372168,12.275900616585526,1,UMTS,UMTS,0,1,0,1,3,Libyana,1,0,1,0,0,10.0,2,1,1,MACRO,1,1764288000000,1764288000000,0,1
1862,30.133900400658575,9.496500503700467,1,UMTS,UMTS,0,1,0,1,3,Libyana,1,0,1,0,0,10.0,2,1,1,MACRO,1,1783555200000,1783641600000,0,1
1863,30.17050060864405,10.447000551988992,1,UMTS,UMTS,0,1,0,1,3,Libyana,1,0,1,0,0,10.0,2,"1,8",2,MACRO,1,1783555200000,1783555200000,0,1
1864,30.21470023751769,9.992000141760181,1,UMTS,UMTS,0,1,0,1,3,Libyana,1,0,1,0,0,5.0,1,8,1,MACRO,0,1783555200000,1783641600000,0,1
1865,31.946700656625257,12.220000531632904,1,UMTS,HSUPA,0,1,0,1,3,Libyana,1,0,1,0,0,5.0,1,1,1,MACRO,0,1760140800000,1783641600000,0,1
1866,31.962900621290828,12.100300150450314,1,UMTS,UMTS,0,1,0,1,3,Libyana,1,0,1,0,0,5.0,1,1,1,MACRO,0,1761091200000,1761091200000,0,1
1867,31.78290053918636,11.031500901192013,1,UMTS,UMTS,0,1,0,1,3,Libyana,1,0,1,0,0,5.0,1,8,1,MACRO,0,1783555200000,1783641600000,0,1
1868,32.00390049443049,12.215900364903,1,UMTS,UMTS,0,1,0,1,3,Libyana,1,0,1,0,0,5.0,1,8,1,MACRO,0,1783728000000,1783728000000,0,1
1869,31.009300648323006,10.583000651061408,1,UMTS,HSPA+,0,1,0,1,3,Libyana,1,0,1,0,0,5.0,1,8,1,MACRO,1,1783555200000,1783641600000,0,1
1870,32.10430061626033,12.33100095560415,1,UMTS,UMTS,0,1,0,1,3,Libyana,1,0,1,0,0,5.0,1,8,1,MACRO,0,1783555200000,1783555200000,0,1
1871,32.06945063514915,12.544200496000101,2,UMTS,HSPA,0,1,0,1,3,Libyana,1,0,1,0,0,10.0,0,,0,MACRO,0,1622851200000,1622851200000,0,0
1872,31.924800178294056,12.268100180377916,1,UMTS,UMTS,0,1,0,1,3,Libyana,1,0,1,0,0,5.0,1,8,1,MACRO,1,1764288000000,1764374400000,0,1
1873,31.924000519311434,12.282700774900356,1,UMTS,UMTS,0,1,0,1,3,Libyana,1,0,1,0,0,10.0,2,"1,8",2,MACRO,1,1764288000000,1764288000000,0,1
1874,31.76160019696025,11.258900836008433,1,UMTS,HSUPA,0,1,0,1,3,Libyana,1,0,1,0,0,5.0,1,1,1,MACRO,0,1783555200000,1783555200000,0,1
1875,31.77670031168145,11.318200955958561,1,UMTS,UMTS,0,1,0,1,3,Libyana,1,0,1,0,0,5.0,1,8,1,MACRO,0,1783555200000,1783555200000,0,1
1876,31.729700460656282,11.804900832903577,1,UMTS,UMTS,0,1,0,1,3,Libyana,1,0,1,0,0,5.0,1,8,1,MACRO,0,1783641600000,1783641600000,0,1
1877,31.961900584457112,12.019500896304839,1,UMTS,UMTS,0,1,0,1,3,Libyana,1,0,1,0,0,5.0,1,8,1,MACRO,0,1602460800000,1602460800000,0,0
1878,32.67780076992591,13.906300300538966,1,UMTS,UMTS,0,1,0,1,3,Libyana,1,0,1,0,0,10.0,2,"1,8",2,MACRO,1,1776556800000,1778716800000,0,1
1879,32.79590044507685,13.28760064970473,1,UMTS,HSPA,0,1,0,1,3,Libyana,1,0,1,0,0,5.0,1,1,1,MACRO,0,1758499200000,1775433600000,0,1
1880,32.747000950026596,13.29450029824385,1,UMTS,HSPA+,0,1,0,1,3,Libyana,1,0,1,0,0,5.0,1,1,1,MACRO,0,1777766400000,1778630400000,0,1
1881,32.75000060135011,13.29040087415413,1,UMTS,UMTS,0,1,0,1,3,Libyana,1,0,1,0,0,5.0,1,1,1,MACRO,0,1778630400000,1778630400000,0,1
1882,32.80680069272344,12.931300421720742,1,UMTS,UMTS,0,1,0,1,3,Libyana,1,0,1,0,0,10.0,2,1,1,MACRO,1,1772668800000,1772668800000,0,1
1883,32.708900656511275,12.938000447855558,1,UMTS,UMTS,0,1,0,1,3,Libyana,1,0,1,0,0,15.0,3,"1,8",2,MACRO,1,1753228800000,1753228800000,0,1
1884,32.542100323079396,12.682800400723915,1,UMTS,UMTS,0,1,0,1,3,Libyana,1,0,1,0,0,5.0,1,8,1,MACRO,0,1774310400000,1774310400000,0,1
1885,32.525700773373515,12.682200746440575,1,UMTS,UMTS,0,1,0,1,3,Libyana,1,0,1,0,0,5.0,1,8,1,MACRO,0,1774310400000,1774310400000,0,1
1886,32.364800542242165,12.683600122379477,1,UMTS,UMTS,0,1,0,1,3,Libyana,1,0,1,0,0,5.0,1,8,1,MACRO,0,1783728000000,1783728000000,0,1
1887,32.31240019340876,12.74970070846973,1,UMTS,UMTS,0,1,0,1,3,Libyana,1,0,1,0,0,5.0,1,1,1,MACRO,0,1774310400000,1774310400000,0,1
1888,32.31470060991785,12.577800580897776,1,UMTS,UMTS,0,1,0,1,3,Libyana,1,0,1,0,0,5.0,1,1,1,MACRO,0,1783728000000,1783728000000,0,1
1889,32.78790063055156,12.80960031332072,1,UMTS,UMTS,0,1,0,1,3,Libyana,1,0,1,0,0,5.0,1,1,1,MACRO,0,1761004800000,1761004800000,0,1
1890,32.746500462167724,12.770300962354685,1,UMTS,UMTS,0,1,0,1,3,Libyana,1,0,1,0,0,10.0,2,1,1,MACRO,1,1774310400000,1779321600000,0,1
1891,32.77960025533973,12.7293004646544,1,UMTS,UMTS,0,1,0,1,3,Libyana,1,0,1,0,0,5.0,1,1,1,MACRO,0,1769126400000,1769126400000,0,1
1892,32.60360017705651,12.687000691495866,1,UMTS,UMTS,0,1,0,1,3,Libyana,1,0,1,0,0,5.0,1,8,1,MACRO,1,1774310400000,1774310400000,0,1
1893,32.5235005122766,14.000500781537406,1,UMTS,UMTS,0,1,0,1,3,Al-Madar,0,1,1,0,0,5.0,1,8,1,MACRO,0,1777507200000,1782950400000,0,1
1894,32.689600289881,14.068700658148176,1,UMTS,UMTS,0,1,0,1,3,Al-Madar,0,1,1,0,0,5.0,1,8,1,MACRO,1,1753228800000,1782777600000,0,1
1895,32.64880082119284,14.256500610959657,1,UMTS,UMTS,0,1,0,1,3,Al-Madar,0,1,1,0,0,10.0,2,1,1,MACRO,1,1581984000000,1777420800000,0,1
1896,32.64460094887731,14.251000338107204,1,UMTS,UMTS,0,1,0,1,3,Al-Madar,0,1,1,0,0,5.0,1,1,1,MACRO,1,1777420800000,1777420800000,0,1
1897,32.663400622510025,14.250600501758983,1,UMTS,HSPA+,0,1,0,1,3,Al-Madar,0,1,1,0,0,5.0,1,1,1,MACRO,0,1576195200000,1576195200000,0,0
1898,32.65010037511018,14.257900514680133,1,UMTS,UMTS,0,1,0,1,3,Al-Madar,0,1,1,0,0,5.0,1,1,1,MACRO,1,1581984000000,1777420800000,0,1
1899,32.66620055869822,14.244500931679386,1,UMTS,HSPA+,0,1,0,1,3,Al-Madar,0,1,1,0,0,10.0,2,1,1,MACRO,1,1576195200000,1576195200000,0,0
1900,32.636000704011835,14.249300411893703,1,UMTS,UMTS,0,1,0,1,3,Al-Madar,0,1,1,0,0,10.0,2,"1,8",2,MACRO,1,1777593600000,1777593600000,0,1
1901,32.49810059752519,14.557700278887893,1,UMTS,HSPA+,0,1,0,1,3,Al-Madar,0,1,1,0,0,10.0,2,1,1,MACRO,0,1561852800000,1561852800000,0,0
1902,32.63160053060881,14.217850160816159,2,UMTS,UMTS,0,1,0,1,3,Al-Madar,0,1,1,0,0,15.0,3,"1,8",2,MACRO,1,1748131200000,1788825600000,0,1
1903,32.66700069366797,14.243800268927192,1,UMTS,HSPA+,0,1,0,1,3,Al-Madar,0,1,1,0,0,15.0,3,"1,8",2,MACRO,1,1576195200000,1777593600000,0,1
1904,32.60580065837675,14.140300477056979,1,UMTS,HSPA+,0,1,0,1,3,Al-Madar,0,1,1,0,0,15.0,3,1,1,MACRO,1,1576195200000,1789084800000,0,1
1905,32.583800513328,14.039500673780056,1,UMTS,UMTS,0,1,0,1,3,Al-Madar,0,1,1,0,0,10.0,2,1,1,MACRO,1,1777420800000,1783555200000,0,1
1906,32.578300666817086,13.9958002103141,1,UMTS,HSPA+,0,1,0,1,3,Al-Madar,0,1,1,0,0,25.0,5,"1,8",2,MACRO,1,1777680000000,1789084800000,0,1
1907,32.61810022694621,14.01030021309918,1,UMTS,UMTS,0,1,0,1,3,Al-Madar,0,1,1,0,0,5.0,1,1,1,MACRO,0,1778025600000,1778025600000,0,1
1908,32.57690049476089,14.036800449765135,2,UMTS,UMTS,0,1,0,1,3,Al-Madar,0,1,1,0,0,25.0,5,"1,8",2,MACRO,1,1775606400000,1785456000000,0,1
1909,32.60830011339815,14.026700437916526,1,UMTS,HSPA+,0,1,0,1,3,Al-Madar,0,1,1,0,0,20.0,4,1,1,MACRO,1,1576195200000,1789084800000,0,1
1910,32.61050065254961,14.022900617261746,1,UMTS,HSPA+,0,1,0,1,3,Al-Madar,0,1,1,0,0,15.0,3,1,1,MACRO,1,1777680000000,1789084800000,0,1
1911,32.570700706583494,14.051700235195545,1,UMTS,UMTS,0,1,0,1,3,Al-Madar,0,1,1,0,0,10.0,2,1,1,MACRO,1,1777507200000,1783555200000,0,1
1912,32.575300582176226,14.025600607269958,1,UMTS,HSPA+,0,1,0,1,3,Al-Madar,0,1,1,0,0,20.0,4,1,1,MACRO,1,1777507200000,1789084800000,0,1
1913,32.534000592171786,13.994800181804075,1,UMTS,UMTS,0,1,0,1,3,Al-Madar,0,1,1,0,0,5.0,1,8,1,MACRO,1,1777507200000,1779840000000,0,1
1914,32.58520066633402,14.037900572771719,2,UMTS,UMTS,0,1,0,1,3,Al-Madar,0,1,1,0,0,25.0,5,"1,8",2,MACRO,1,1777420800000,1785456000000,0,1
1915,32.6974007042286,14.039800986333697,1,UMTS,UMTS,0,1,0,1,3,Al-Madar,0,1,1,0,0,10.0,2,1,1,MACRO,1,1779408000000,1779494400000,0,1
1916,32.570400670354246,14.092000430064164,1,UMTS,UMTS,0,1,0,1,3,Al-Madar,0,1,1,0,0,5.0,1,1,1,MACRO,0,1783555200000,1783555200000,0,1
1917,32.50840035621107,14.418600392456696,1,UMTS,UMTS,0,1,0,1,3,Al-Madar,0,1,1,0,0,5.0,1,1,1,MACRO,0,1782777600000,1782864000000,0,1
1918,32.506400584712225,14.486900506475287,1,UMTS,UMTS,0,1,0,1,3,Al-Madar,0,1,1,0,0,5.0,1,1,1,MACRO,0,1773187200000,1773273600000,0,1
1919,32.500500365187,14.465800502698514,1,UMTS,UMTS,0,1,0,1,3,Al-Madar,0,1,1,0,0,10.0,2,1,1,MACRO,1,1773273600000,1782777600000,0,1
1920,32.48930077850701,14.576800587390931,1,UMTS,UMTS,0,1,0,1,3,Al-Madar,0,1,1,0,0,10.0,2,1,1,MACRO,1,1560643200000,1753228800000,0,1
1921,32.43070072649451,14.646000488868896,1,UMTS,HSUPA,0,1,0,1,3,Al-Madar,0,1,1,0,0,10.0,2,1,1,MACRO,1,1576195200000,1576195200000,0,0
1922,32.42800070673676,14.55860019537131,1,UMTS,UMTS,0,1,0,1,3,Al-Madar,0,1,1,0,0,5.0,1,1,1,MACRO,0,1782518400000,1782518400000,0,1
1923,32.50470062678288,14.500800611017223,1,UMTS,HSPA+,0,1,0,1,3,Al-Madar,0,1,1,0,0,15.0,3,1,1,MACRO,1,1561852800000,1773273600000,0,1
1924,32.50110048571102,14.532700320434454,1,UMTS,UMTS,0,1,0,1,3,Al-Madar,0,1,1,0,0,10.0,2,1,1,MACRO,1,1753228800000,1773273600000,0,1
1925,32.431300907294364,14.624100688692131,1,UMTS,HSUPA,0,1,0,1,3,Al-Madar,0,1,1,0,0,10.0,2,"1,8",2,MACRO,1,1576195200000,1782864000000,0,1
1926,32.45620059353137,14.562200726830461,1,UMTS,HSUPA,0,1,0,1,3,Al-Madar,0,1,1,0,0,10.0,2,1,1,MACRO,1,1552694400000,1782777600000,0,1
1927,32.46180047691142,14.530600778853149,1,UMTS,UMTS,0,1,0,1,3,Al-Madar,0,1,1,0,0,5.0,1,1,1,MACRO,0,1782864000000,1782864000000,0,1
1928,32.48060082916336,14.494600794705633,1,UMTS,HSPA+,0,1,0,1,3,Al-Madar,0,1,1,0,0,5.0,1,1,1,MACRO,0,1576195200000,1576195200000,0,0
1929,32.4782007041247,14.567700528238738,1,UMTS,HSPA+,0,1,0,1,3,Al-Madar,0,1,1,0,0,20.0,4,1,1,MACRO,1,1552694400000,1773360000000,0,1
1930,32.49110059821804,14.561800623647379,1,UMTS,UMTS,0,1,0,1,3,Al-Madar,0,1,1,0,0,10.0,2,1,1,MACRO,1,1773273600000,1773360000000,0,1
1931,32.437900985778704,14.604600955968715,1,UMTS,UMTS,0,1,0,1,3,Al-Madar,0,1,1,0,0,5.0,1,8,1,MACRO,0,1576195200000,1576195200000,0,0
1932,32.433200613264,14.68660036337552,1,UMTS,HSUPA,0,1,0,1,3,Al-Madar,0,1,1,0,0,5.0,1,1,1,MACRO,1,1576195200000,1576195200000,0,0
1933,32.504900680006116,14.485800420878874,1,UMTS,UMTS,0,1,0,1,3,Al-Madar,0,1,1,0,0,10.0,2,1,1,MACRO,1,1773187200000,1773273600000,0,1
1934,32.45290055433267,14.577200277079678,1,UMTS,HSUPA,0,1,0,1,3,Al-Madar,0,1,1,0,0,15.0,3,1,1,MACRO,1,1576195200000,1773360000000,0,1
1935,32.47770068506381,14.568300376482423,1,UMTS,HSPA+,0,1,0,1,3,Al-Madar,0,1,1,0,0,10.0,2,1,1,MACRO,1,1552694400000,1773273600000,0,1
1936,32.416000611804975,14.791200821819572,1,UMTS,HSUPA,0,1,0,1,3,Al-Madar,0,1,1,0,0,15.0,3,1,1,MACRO,1,1576195200000,1782864000000,0,1
1937,32.39560019582404,14.90580025038332,1,UMTS,HSUPA,0,1,0,1,3,Al-Madar,0,1,1,0,0,15.0,3,"1,8",2,MACRO,1,1576195200000,1576195200000,0,0
1938,32.360500762457534,15.034200538963663,1,UMTS,HSUPA,0,1,0,1,3,Al-Madar,0,1,1,0,0,15.0,3,"1,8",2,MACRO,1,1576022400000,1782864000000,0,1
1939,32.38830065290034,14.944200485531427,1,UMTS,HSUPA,0,1,0,1,3,Al-Madar,0,1,1,0,0,5.0,1,1,1,MACRO,0,1576195200000,1576195200000,0,0
1940,32.37400051881629,15.005700334447651,1,UMTS,HSUPA,0,1,0,1,3,Al-Madar,0,1,1,0,0,5.0,1,1,1,MACRO,0,1576022400000,1576022400000,0,0
1941,32.36170082314039,15.028000369957718,1,UMTS,UMTS,0,1,0,1,3,Al-Madar,0,1,1,0,0,5.0,1,1,1,MACRO,0,1782864000000,1782864000000,0,1
1942,32.39330070764809,14.927700392844944,1,UMTS,HSUPA,0,1,0,1,3,Al-Madar,0,1,1,0,0,10.0,2,1,1,MACRO,1,1576195200000,1576195200000,0,0
1943,32.40090078777941,14.845100476631382,1,UMTS,UMTS,0,1,0,1,3,Al-Madar,0,1,1,0,0,5.0,1,1,1,MACRO,0,1782777600000,1782777600000,0,1
1944,32.38390065352174,14.964300478085345,1,UMTS,HSUPA,0,1,0,1,3,Al-Madar,0,1,1,0,0,15.0,3,1,1,MACRO,1,1576022400000,1782864000000,0,1
1945,32.42580062970345,14.736400756891102,1,UMTS,HSUPA,0,1,0,1,3,Al-Madar,0,1,1,0,0,15.0,3,"1,8",2,MACRO,1,1576195200000,1782864000000,0,1
1946,32.37660082172791,15.091500616813978,1,UMTS,UMTS,0,1,0,1,3,Al-Madar,0,1,1,0,0,5.0,1,1,1,MACRO,1,1576022400000,1783382400000,0,1
1947,32.3717007192201,15.07360058147395,1,UMTS,HSUPA,0,1,0,1,3,Al-Madar,0,1,1,0,0,10.0,2,1,1,MACRO,1,1576022400000,1576022400000,0,0
1948,32.370500266538436,15.074500412890291,1,UMTS,HSUPA,0,1,0,1,3,Al-Madar,0,1,1,0,0,5.0,1,1,1,MACRO,1,1576022400000,1576022400000,0,0
1949,32.37880024163503,15.082200835755382,1,UMTS,HSUPA,0,1,0,1,3,Al-Madar,0,1,1,0,0,15.0,3,1,1,MACRO,1,1576022400000,1774828800000,0,1
1950,32.36670048659534,15.095900489839694,1,UMTS,HSUPA,0,1,0,1,3,Al-Madar,0,1,1,0,0,5.0,1,1,1,MACRO,1,1576022400000,1576022400000,0,0
1951,32.36310068577675,15.098600382222244,1,UMTS,HSUPA,0,1,0,1,3,Al-Madar,0,1,1,0,0,5.0,1,1,1,MACRO,1,1576022400000,1576022400000,0,0
1952,32.367900205472594,15.076000806510852,1,UMTS,HSUPA,0,1,0,1,3,Al-Madar,0,1,1,0,0,5.0,1,1,1,MACRO,1,1576022400000,1576022400000,0,0
1953,32.39060035792726,15.124800276283475,1,UMTS,UMTS,0,1,0,1,3,Al-Madar,0,1,1,0,0,5.0,1,1,1,MACRO,0,1665878400000,1665878400000,0,0
1954,32.3709003468507,15.08560041446334,1,UMTS,HSUPA,0,1,0,1,3,Al-Madar,0,1,1,0,0,20.0,4,1,1,MACRO,1,1576022400000,1783382400000,0,1
1955,32.370400814399545,15.083000320991644,1,UMTS,HSUPA,0,1,0,1,3,Al-Madar,0,1,1,0,0,5.0,1,1,1,MACRO,0,1576022400000,1576022400000,0,0
1956,32.37620050355965,15.0809005581307,1,UMTS,UMTS,0,1,0,1,3,Al-Madar,0,1,1,0,0,5.0,1,1,1,MACRO,1,1576022400000,1774828800000,0,1
1957,32.40400017352501,15.087600447709065,1,UMTS,UMTS,0,1,0,1,3,Al-Madar,0,1,1,0,0,5.0,1,1,1,MACRO,0,1610236800000,1610236800000,0,0
1958,32.37270058047724,15.093700530659584,1,UMTS,HSUPA,0,1,0,1,3,Al-Madar,0,1,1,0,0,5.0,1,1,1,MACRO,1,1576022400000,1576022400000,0,0
1959,32.38940030144849,15.088900277748797,1,UMTS,UMTS,0,1,0,1,3,Al-Madar,0,1,1,0,0,10.0,2,1,1,MACRO,1,1774569600000,1774828800000,0,1
1960,32.392300710359834,15.121200513087341,1,UMTS,UMTS,0,1,0,1,3,Al-Madar,0,1,1,0,0,5.0,1,1,1,MACRO,1,1665878400000,1665878400000,0,0
1961,32.011800446773684,15.042100482743955,1,UMTS,UMTS,0,1,0,1,3,Al-Madar,0,1,1,0,0,5.0,1,1,1,MACRO,0,1782777600000,1782864000000,0,1
1962,32.32660067537094,15.099600916181481,1,UMTS,HSUPA,0,1,0,1,3,Al-Madar,0,1,1,0,0,10.0,2,1,1,MACRO,1,1576022400000,1576022400000,0,0
1963,32.2913006497943,15.119000399661982,1,UMTS,UMTS,0,1,0,1,3,Al-Madar,0,1,1,0,0,5.0,1,1,1,MACRO,0,1782777600000,1782864000000,0,1
1964,32.350000192748546,15.06800053271826,1,UMTS,HSUPA,0,1,0,1,3,Al-Madar,0,1,1,0,0,10.0,2,1,1,MACRO,1,1576022400000,1576022400000,0,0
1965,32.354800176090095,15.099300955947667,1,UMTS,HSUPA,0,1,0,1,3,Al-Madar,0,1,1,0,0,5.0,1,1,1,MACRO,0,1576022400000,1576022400000,0,0
1966,32.34870059325863,15.072400404653148,1,UMTS,HSUPA,0,1,0,1,3,Al-Madar,0,1,1,0,0,10.0,2,"1,8",2,MACRO,1,1576022400000,1576022400000,0,0
1967,31.728900525488488,15.0849003431638,1,UMTS,UMTS,0,1,0,1,3,Al-Madar,0,1,1,0,0,5.0,1,1,1,MACRO,0,1782777600000,1782864000000,0,1
1968,32.35790053656596,15.099300508588325,1,UMTS,UMTS,0,1,0,1,3,Al-Madar,0,1,1,0,0,5.0,1,1,1,MACRO,0,1782864000000,1782864000000,0,1
1969,31.381800841289117,15.560100940477628,1,UMTS,UMTS,0,1,0,1,3,Al-Madar,0,1,1,0,0,5.0,1,8,1,MACRO,1,1782864000000,1782864000000,0,1
1970,31.938600331069136,15.03660028120105,1,UMTS,UMTS,0,1,0,1,3,Al-Madar,0,1,1,0,0,5.0,1,1,1,MACRO,0,1782864000000,1782864000000,0,1
1971,31.45610058487072,15.254100872843667,1,UMTS,UMTS,0,1,0,1,3,Al-Madar,0,1,1,0,0,5.0,1,1,1,MACRO,0,1782864000000,1782864000000,0,1
1972,27.54690021019268,14.273300273559046,1,UMTS,HSPA+,0,1,0,1,3,Al-Madar,0,1,1,0,0,5.0,1,8,1,MACRO,1,1654646400000,1665878400000,0,0
1973,27.584500556473557,14.3570005710853,1,UMTS,HSPA+,0,1,0,1,3,Al-Madar,0,1,1,0,0,5.0,1,8,1,MACRO,1,1665878400000,1665878400000,0,0
1974,32.84820093343962,13.369000554755884,1,UMTS,UMTS,0,1,0,1,3,Al-Madar,0,1,1,0,0,10.0,2,1,1,MACRO,1,1782086400000,1782691200000,0,1
1975,32.812800948215276,13.500800467529126,1,UMTS,UMTS,0,1,0,1,3,Al-Madar,0,1,1,0,0,5.0,1,8,1,MACRO,0,1780099200000,1784678400000,0,1
1976,32.57930049816382,13.117600441334577,1,UMTS,UMTS,0,1,0,1,3,Al-Madar,0,1,1,0,0,5.0,1,8,1,MACRO,1,1781308800000,1781308800000,0,1
1977,32.42650063877734,13.611200857732628,1,UMTS,UMTS,0,1,0,1,3,Al-Madar,0,1,1,0,0,5.0,1,8,1,MACRO,0,1775001600000,1779408000000,0,1
1978,32.431400720721356,13.621300304221416,1,UMTS,UMTS,0,1,0,1,3,Al-Madar,0,1,1,0,0,5.0,1,8,1,MACRO,0,1774483200000,1777420800000,0,1
1979,30.59910067985551,18.401400544852557,1,UMTS,UMTS,0,1,0,1,3,Al-Madar,0,1,1,0,0,5.0,1,8,1,MACRO,1,1782864000000,1782864000000,0,1
1980,30.584600435414934,18.41540049524806,1,UMTS,UMTS,0,1,0,1,3,Al-Madar,0,1,1,0,0,5.0,1,8,1,MACRO,1,1586131200000,1586131200000,0,1
1981,31.783400619533502,11.027300485680021,1,UMTS,UMTS,0,1,0,1,3,Al-Madar,0,1,1,0,0,5.0,1,8,1,MACRO,0,1783555200000,1783641600000,0,1
1982,31.86090078191834,11.492300798565413,1,UMTS,UMTS,0,1,0,1,3,Al-Madar,0,1,1,0,0,5.0,1,8,1,MACRO,1,1783555200000,1783555200000,0,1
1983,31.78220086729374,11.481900985222259,1,UMTS,UMTS,0,1,0,1,3,Al-Madar,0,1,1,0,0,5.0,1,8,1,MACRO,0,1783555200000,1783641600000,0,1
1984,31.998700813378786,11.700500614605152,1,UMTS,UMTS,0,1,0,1,3,Al-Madar,0,1,1,0,0,5.0,1,8,1,MACRO,0,1783555200000,1783555200000,0,1
1985,32.010500346462166,11.470900562563672,1,UMTS,UMTS,0,1,0,1,3,Al-Madar,0,1,1,0,0,5.0,1,8,1,MACRO,1,1783555200000,1783555200000,0,1
1986,31.777000801133866,11.349100229841735,1,UMTS,UMTS,0,1,0,1,3,Al-Madar,0,1,1,0,0,5.0,1,8,1,MACRO,0,1783555200000,1783641600000,0,1
1987,31.783800593126188,11.8912006499109,1,UMTS,UMTS,0,1,0,1,3,Al-Madar,0,1,1,0,0,5.0,1,8,1,MACRO,0,1783641600000,1783641600000,0,1
1988,31.958400434078804,12.159400424271428,1,UMTS,UMTS,0,1,0,1,3,Al-Madar,0,1,1,0,0,5.0,1,8,1,MACRO,1,1761091200000,1783728000000,0,1
1989,31.94270052762034,12.222900277585957,1,UMTS,UMTS,0,1,0,1,3,Al-Madar,0,1,1,0,0,5.0,1,8,1,MACRO,0,1783728000000,1783728000000,0,1
1990,32.14220047394079,12.475600173457751,1,UMTS,UMTS,0,1,0,1,3,Al-Madar,0,1,1,0,0,5.0,1,8,1,MACRO,0,1783555200000,1783728000000,0,1
1991,32.174400552429674,12.497800244972378,1,UMTS,UMTS,0,1,0,1,3,Al-Madar,0,1,1,0,0,5.0,1,8,1,MACRO,0,1783728000000,1783728000000,0,1
1992,32.10340073376427,12.328400112028245,1,UMTS,UMTS,0,1,0,1,3,Al-Madar,0,1,1,0,0,5.0,1,8,1,MACRO,0,1783555200000,1783728000000,0,1
1993,31.948600424412284,12.298700135740953,1,UMTS,HSPA+,0,1,0,1,3,Al-Madar,0,1,1,0,0,5.0,1,8,1,MACRO,0,1764374400000,1764374400000,0,1
1994,32.01720049739805,11.864100581353938,1,UMTS,UMTS,0,1,0,1,3,Al-Madar,0,1,1,0,0,5.0,1,8,1,MACRO,0,1783555200000,1783555200000,0,1
1995,32.10160011876382,12.321500922044605,1,UMTS,UMTS,0,1,0,1,3,Al-Madar,0,1,1,0,0,5.0,1,8,1,MACRO,1,1783555200000,1783728000000,0,1
1996,32.02170058606028,12.222900486266846,1,UMTS,UMTS,0,1,0,1,3,Al-Madar,0,1,1,0,0,5.0,1,8,1,MACRO,0,1783641600000,1783728000000,0,1
1997,31.728700952546607,11.791000853901116,1,UMTS,UMTS,0,1,0,1,3,Al-Madar,0,1,1,0,0,5.0,1,8,1,MACRO,0,1783641600000,1783641600000,0,1
1998,32.07970089224633,12.251200640362423,1,UMTS,UMTS,0,1,0,1,3,Al-Madar,0,1,1,0,0,5.0,1,8,1,MACRO,0,1783728000000,1783728000000,0,1
1999,32.46280054465037,13.31900087810171,1,UMTS,UMTS,0,1,0,1,3,Al-Madar,0,1,1,0,0,5.0,1,1,1,MACRO,0,1779408000000,1779408000000,0,1
2000,27.0514004554976,14.413800149241764,1,UMTS,HSDPA,0,1,0,1,3,Libyana,1,0,1,0,0,5.0,0,,0,MACRO,1,1454112000000,1454112000000,0,0
2001,27.04020026863028,14.433500495979652,1,UMTS,HSDPA,0,1,0,1,3,Libyana,1,0,1,0,0,5.0,0,,0,MACRO,0,1454112000000,1454112000000,0,0
2002,27.042700527928325,14.425300886674052,1,UMTS,HSDPA,0,1,0,1,3,Libyana,1,0,1,0,0,5.0,0,,0,MACRO,1,1454112000000,1454112000000,0,0
2003,27.04300031406694,14.430200479957016,1,UMTS,HSDPA,0,1,0,1,3,Libyana,1,0,1,0,0,5.0,0,,0,MACRO,0,1454112000000,1454112000000,0,0
2004,27.025300111363244,14.435800829706219,1,UMTS,HSDPA,0,1,0,1,3,Libyana,1,0,1,0,0,5.0,0,,0,MACRO,1,1454112000000,1454112000000,0,0
2005,27.025600139870587,14.42830012978546,1,UMTS,HSDPA,0,1,0,1,3,Libyana,1,0,1,0,0,5.0,0,,0,MACRO,0,1454112000000,1454112000000,0,0
2006,27.051500846645,14.425600617875581,1,UMTS,HSDPA,0,1,0,1,3,Libyana,1,0,1,0,0,5.0,0,,0,MACRO,1,1454112000000,1454112000000,0,0
2007,27.053500948208033,14.40880015297622,1,UMTS,HSDPA,0,1,0,1,3,Libyana,1,0,1,0,0,5.0,0,,0,MACRO,0,1454112000000,1454112000000,0,0
2008,27.02410090963219,14.432500450627883,1,UMTS,HSDPA,0,1,0,1,3,Libyana,1,0,1,0,0,5.0,0,,0,MACRO,1,1454112000000,1454112000000,0,0
2009,27.04770022547943,14.420200720095384,1,UMTS,HSDPA,0,1,0,1,3,Libyana,1,0,1,0,0,5.0,0,,0,MACRO,1,1454112000000,1454112000000,0,0
2010,27.048300310590406,14.425100538087246,1,UMTS,HSDPA,0,1,0,1,3,Libyana,1,0,1,0,0,5.0,0,,0,MACRO,0,1454112000000,1454112000000,0,0
2011,27.035300561726856,14.438500272794696,1,UMTS,HSDPA,0,1,0,1,3,Libyana,1,0,1,0,0,5.0,0,,0,MACRO,1,1454112000000,1454112000000,0,0
2012,26.101500406397452,14.822200491173847,1,UMTS,UMTS,0,1,0,1,3,Libyana,1,0,1,0,0,10.0,2,"1,8",2,MACRO,1,1683244800000,1683244800000,0,0
2013,26.11040017334013,14.748600950144704,1,UMTS,UMTS,0,1,0,1,3,Libyana,1,0,1,0,0,10.0,2,"1,8",2,MACRO,1,1683244800000,1683244800000,0,0
2014,27.549800695862704,13.634100954705552,1,UMTS,UMTS,0,1,0,1,3,Libyana,1,0,1,0,0,5.0,1,8,1,MACRO,1,1673481600000,1673481600000,0,0
2015,27.485300917112532,14.019800651293743,1,UMTS,HSPA+,0,1,0,1,3,Libyana,1,0,1,0,0,10.0,2,1,1,MACRO,0,1665964800000,1665964800000,0,0
2016,27.530800135775717,14.27670062487521,1,UMTS,UMTS,0,1,0,1,3,Libyana,1,0,1,0,0,10.0,2,1,1,MACRO,1,1658361600000,1768176000000,0,1
2017,27.502400922850995,14.012600275952675,1,UMTS,UMTS,0,1,0,1,3,Libyana,1,0,1,0,0,5.0,1,1,1,MACRO,0,1665964800000,1665964800000,0,0
2018,27.048000741254505,14.409600501939067,1,UMTS,HSPA+,0,1,0,1,3,Libyana,1,0,1,0,0,10.0,2,1,1,MACRO,1,1570406400000,1570406400000,0,0
2019,27.09640014416279,14.410400210811613,1,UMTS,UMTS,0,1,0,1,3,Libyana,1,0,1,0,0,10.0,2,1,1,MACRO,1,1686355200000,1686355200000,0,0
2020,32.766200501320384,12.423340482293366,5,UMTS,UMTS,0,1,0,1,3,Al-Madar,0,1,1,0,0,25.0,5,1,1,MACRO,0,1782518400000,1782518400000,0,1
2021,32.7110002186728,12.230800572375792,1,UMTS,UMTS,0,1,0,1,3,Al-Madar,0,1,1,0,0,5.0,1,8,1,MACRO,0,1698537600000,1698537600000,0,0
2022,32.76430034172787,12.499500422489369,1,UMTS,UMTS,0,1,0,1,3,Al-Madar,0,1,1,0,0,5.0,1,1,1,MACRO,0,1589241600000,1589241600000,0,0
2023,32.93070085441759,12.080300423121257,1,UMTS,UMTS,0,1,0,1,3,Al-Madar,0,1,1,0,0,10.0,2,1,1,MACRO,1,1779753600000,1782172800000,0,1
2024,32.93170035216546,12.083700413780683,1,UMTS,UMTS,0,1,0,1,3,Al-Madar,0,1,1,0,0,5.0,1,1,1,MACRO,0,1779753600000,1782172800000,0,1
2025,32.756400401929625,12.737200468544447,1,UMTS,UMTS,0,1,0,1,3,Al-Madar,0,1,1,0,0,5.0,1,1,1,MACRO,0,1777334400000,1777334400000,0,1
2026,32.736900625505285,12.80510054193103,1,UMTS,UMTS,0,1,0,1,3,Al-Madar,0,1,1,0,0,10.0,2,1,1,MACRO,1,1774310400000,1777334400000,0,1
2027,32.778500458862666,12.687500518411868,1,UMTS,UMTS,0,1,0,1,3,Al-Madar,0,1,1,0,0,10.0,2,1,1,MACRO,1,1761955200000,1777334400000,0,1
2028,32.7561006255377,12.727100676314823,1,UMTS,UMTS,0,1,0,1,3,Al-Madar,0,1,1,0,0,5.0,1,1,1,MACRO,0,1777334400000,1777334400000,0,1
2029,32.76040038749082,12.718400608110617,1,UMTS,UMTS,0,1,0,1,3,Al-Madar,0,1,1,0,0,10.0,2,1,1,MACRO,1,1576713600000,1777334400000,0,1
2030,32.76810084252901,12.722100477056191,1,UMTS,UMTS,0,1,0,1,3,Al-Madar,0,1,1,0,0,5.0,1,1,1,MACRO,0,1777334400000,1777334400000,0,1
2031,32.76630079150596,12.686400974592962,1,UMTS,UMTS,0,1,0,1,3,Al-Madar,0,1,1,0,0,5.0,1,1,1,MACRO,0,1576022400000,1576022400000,0,0
2032,32.74910069022731,12.70870017927301,1,UMTS,UMTS,0,1,0,1,3,Al-Madar,0,1,1,0,0,15.0,3,"1,8",2,MACRO,1,1576713600000,1782086400000,0,1
2033,32.74770086729637,12.717700422730088,1,UMTS,UMTS,0,1,0,1,3,Al-Madar,0,1,1,0,0,5.0,1,1,1,MACRO,0,1576713600000,1576713600000,0,0
2034,32.76590034048732,12.6914005129745,1,UMTS,UMTS,0,1,0,1,3,Al-Madar,0,1,1,0,0,10.0,2,1,1,MACRO,1,1777334400000,1777334400000,0,1
2035,32.73660031086074,12.767200562557488,1,UMTS,HSPA+,0,1,0,1,3,Al-Madar,0,1,1,0,0,10.0,2,1,1,MACRO,1,1771718400000,1777334400000,0,1
2036,32.789500588261,12.686900437331193,1,UMTS,UMTS,0,1,0,1,3,Al-Madar,0,1,1,0,0,5.0,1,1,1,MACRO,0,1777334400000,1777334400000,0,1
2037,32.76790035800475,12.72120043072013,1,UMTS,UMTS,0,1,0,1,3,Al-Madar,0,1,1,0,0,10.0,2,1,1,MACRO,1,1777334400000,1777334400000,0,1
2038,32.76100047955467,12.704000234844859,1,UMTS,UMTS,0,1,0,1,3,Al-Madar,0,1,1,0,0,5.0,1,1,1,MACRO,0,1777334400000,1777334400000,0,1
2039,32.30220020334966,12.5709002817061,1,UMTS,UMTS,0,1,0,1,3,Al-Madar,0,1,1,0,0,5.0,1,1,1,MACRO,0,1783728000000,1783728000000,0,1
2040,32.37470074414637,12.661900291894904,1,UMTS,UMTS,0,1,0,1,3,Al-Madar,0,1,1,0,0,5.0,1,1,1,MACRO,1,1774310400000,1783728000000,0,1
2041,32.08370043368804,20.082900456844243,1,UMTS,HSPA+,0,1,0,1,3,Libyana,1,0,1,0,0,10.0,2,1,1,MACRO,1,1551052800000,1763596800000,0,1
2042,32.099800650225035,20.083000473375737,2,UMTS,"HSPA,UMTS",0,1,0,1,3,Libyana,1,0,1,0,0,15.0,3,1,1,MACRO,1,1755388800000,1763510400000,0,1
2043,32.10550070833487,20.08910042426935,1,UMTS,HSPA,0,1,0,1,3,Libyana,1,0,1,0,0,5.0,1,1,1,MACRO,1,1755388800000,1763510400000,0,1
2044,32.0750005963881,20.06710029408928,1,UMTS,HSUPA,0,1,0,1,3,Libyana,1,0,1,0,0,10.0,2,1,1,MACRO,1,1643760000000,1788048000000,0,1
2045,32.07790070247983,20.067900619220822,1,UMTS,HSUPA,0,1,0,1,3,Libyana,1,0,1,0,0,10.0,2,1,1,MACRO,1,1702339200000,1763424000000,0,1
2046,32.08020078913225,20.08190076658018,1,UMTS,HSUPA,0,1,0,1,3,Libyana,1,0,1,0,0,10.0,2,1,1,MACRO,1,1701734400000,1788048000000,0,1
2047,32.06050058311253,20.117400647230426,1,UMTS,HSPA+,0,1,0,1,3,Libyana,1,0,1,0,0,10.0,2,1,1,MACRO,1,1558051200000,1781308800000,0,1
2048,32.06560028526115,20.10080023172198,1,UMTS,HSPA+,0,1,0,1,3,Libyana,1,0,1,0,0,10.0,2,1,1,MACRO,1,1546128000000,1781395200000,0,1
2049,32.05470071201141,20.109700656023477,1,UMTS,UMTS,0,1,0,1,3,Libyana,1,0,1,0,0,10.0,2,1,1,MACRO,1,1763596800000,1781308800000,0,1
2050,32.074700426948894,20.09740041408097,1,UMTS,UMTS,0,1,0,1,3,Libyana,1,0,1,0,0,5.0,1,1,1,MACRO,1,1708992000000,1788048000000,0,1
2051,32.153100606303596,20.110600385712864,1,UMTS,UMTS,0,1,0,1,3,Libyana,1,0,1,0,0,10.0,2,1,1,MACRO,1,1702166400000,1788048000000,0,1
2052,31.983700590886464,20.03640045067218,1,UMTS,UMTS,0,1,0,1,3,Libyana,1,0,1,0,0,10.0,2,1,1,MACRO,1,1576022400000,1787270400000,0,1
2053,32.03850068968298,20.11790031953678,1,UMTS,HSPA,0,1,0,1,3,Libyana,1,0,1,0,0,10.0,2,1,1,MACRO,1,1763596800000,1763596800000,0,1
2054,32.04050046248072,20.078000434747466,1,UMTS,UMTS,0,1,0,1,3,Libyana,1,0,1,0,0,10.0,2,1,1,MACRO,1,1708992000000,1761091200000,0,1
2055,32.05340043558742,20.13060065245291,1,UMTS,UMTS,0,1,0,1,3,Libyana,1,0,1,0,0,5.0,1,1,1,MACRO,1,1763337600000,1778457600000,0,1
2056,32.04920064133701,20.112800516824983,1,UMTS,HSPA,0,1,0,1,3,Libyana,1,0,1,0,0,10.0,2,1,1,MACRO,1,1763510400000,1763596800000,0,1
2057,30.59970025976683,18.398600742860914,1,UMTS,UMTS,0,1,0,1,3,Libyana,1,0,1,0,0,5.0,1,8,1,MACRO,0,1782864000000,1782864000000,0,1
2058,31.20390081225008,16.564200402875006,1,UMTS,HSPA,0,1,0,1,3,Libyana,1,0,1,0,0,10.0,2,1,1,MACRO,1,1655856000000,1788220800000,0,1
2059,31.19790079433525,16.59310025548054,1,UMTS,UMTS,0,1,0,1,3,Libyana,1,0,1,0,0,5.0,1,1,1,MACRO,0,1655856000000,1655856000000,0,0
2060,31.196600391510856,16.571800471640344,1,UMTS,UMTS,0,1,0,1,3,Libyana,1,0,1,0,0,5.0,1,1,1,MACRO,1,1655856000000,1788307200000,0,1
2061,31.19960022956725,16.581600842507566,1,UMTS,HSPA,0,1,0,1,3,Libyana,1,0,1,0,0,10.0,2,1,1,MACRO,1,1782086400000,1788220800000,0,1
2062,31.202200161207504,16.58300066734497,1,UMTS,HSPA,0,1,0,1,3,Libyana,1,0,1,0,0,5.0,1,1,1,MACRO,0,1788220800000,1788220800000,0,1
2063,31.20060091337912,16.607100706626266,1,UMTS,UMTS,0,1,0,1,3,Libyana,1,0,1,0,0,5.0,1,1,1,MACRO,1,1655856000000,1655856000000,0,0
2064,31.203900973047087,16.56060038431551,1,UMTS,HSPA,0,1,0,1,3,Libyana,1,0,1,0,0,5.0,1,1,1,MACRO,0,1788220800000,1788220800000,0,1
2065,31.1664006021871,16.564100645678344,1,UMTS,UMTS,0,1,0,1,3,Libyana,1,0,1,0,0,5.0,1,1,1,MACRO,1,1782086400000,1782086400000,0,1
2066,31.17770052088617,16.56770098047969,1,UMTS,UMTS,0,1,0,1,3,Libyana,1,0,1,0,0,10.0,2,1,1,MACRO,1,1655856000000,1782086400000,0,1
2067,31.204900888449234,16.560500806839958,1,UMTS,HSPA,0,1,0,1,3,Libyana,1,0,1,0,0,5.0,1,1,1,MACRO,1,1788220800000,1788220800000,0,1
2068,31.203000882236147,16.584800272605875,1,UMTS,HSPA,0,1,0,1,3,Libyana,1,0,1,0,0,5.0,1,1,1,MACRO,0,1788220800000,1788220800000,0,1
2069,31.19990072564047,16.596300236080623,1,UMTS,UMTS,0,1,0,1,3,Libyana,1,0,1,0,0,5.0,1,1,1,MACRO,0,1655856000000,1655856000000,0,0
2070,31.17130092956884,16.541700955903263,1,UMTS,UMTS,0,1,0,1,3,Libyana,1,0,1,0,0,5.0,1,8,1,MACRO,0,1667347200000,1667347200000,0,0
2071,32.437800559428965,20.88300081440088,1,UMTS,UMTS,0,1,0,1,3,Libyana,1,0,1,0,0,10.0,2,1,1,MACRO,1,1777420800000,1777420800000,0,1
2072,32.49340080327936,20.837200280066007,1,UMTS,UMTS,0,1,0,1,3,Libyana,1,0,1,0,0,10.0,2,1,1,MACRO,1,1777420800000,1777420800000,0,1
2073,32.49430021712473,20.82610066095873,1,UMTS,UMTS,0,1,0,1,3,Libyana,1,0,1,0,0,10.0,2,1,1,MACRO,1,1776816000000,1777420800000,0,1
2074,32.48640053767763,20.837400653556493,1,UMTS,UMTS,0,1,0,1,3,Libyana,1,0,1,0,0,10.0,2,1,1,MACRO,1,1776902400000,1777420800000,0,1
2075,32.497900649965366,20.831700805201496,1,UMTS,UMTS,0,1,0,1,3,Libyana,1,0,1,0,0,10.0,2,1,1,MACRO,1,1776816000000,1777420800000,0,1
2076,32.44490055012375,20.8820005892443,1,UMTS,UMTS,0,1,0,1,3,Libyana,1,0,1,0,0,10.0,2,1,1,MACRO,1,1777420800000,1777420800000,0,1
2077,32.441700585413415,20.878900815381712,1,UMTS,UMTS,0,1,0,1,3,Libyana,1,0,1,0,0,5.0,1,1,1,MACRO,0,1777420800000,1777420800000,0,1
2078,32.48790058243702,20.845700796568384,1,UMTS,UMTS,0,1,0,1,3,Libyana,1,0,1,0,0,10.0,2,1,1,MACRO,1,1777420800000,1777420800000,0,1
2079,32.48730065700451,20.827500471628596,1,UMTS,HSPA,0,1,0,1,3,Libyana,1,0,1,0,0,10.0,2,1,1,MACRO,1,1777420800000,1777420800000,0,1
2080,32.47680067394177,20.849700348666452,1,UMTS,UMTS,0,1,0,1,3,Libyana,1,0,1,0,0,10.0,2,1,1,MACRO,1,1777420800000,1777420800000,0,1
2081,32.49690067326186,20.861100316280428,1,UMTS,UMTS,0,1,0,1,3,Libyana,1,0,1,0,0,5.0,1,1,1,MACRO,0,1777420800000,1777420800000,0,1
2082,32.03170049978597,21.18020081371737,1,UMTS,UMTS,0,1,0,1,3,Libyana,1,0,1,0,0,5.0,1,8,1,MACRO,0,1753660800000,1753660800000,0,1
2083,32.50160079144585,20.886900731081255,1,UMTS,UMTS,0,1,0,1,3,Libyana,1,0,1,0,0,5.0,1,1,1,MACRO,1,1777420800000,1777420800000,0,1
2084,32.49910060877731,20.839100552691207,1,UMTS,UMTS,0,1,0,1,3,Libyana,1,0,1,0,0,5.0,1,1,1,MACRO,1,1777420800000,1777420800000,0,1
2085,32.48890084410557,20.827500704173005,1,UMTS,UMTS,0,1,0,1,3,Libyana,1,0,1,0,0,5.0,1,1,1,MACRO,0,1777420800000,1777420800000,0,1
2086,32.47570073369064,20.850000358361243,1,UMTS,UMTS,0,1,0,1,3,Libyana,1,0,1,0,0,10.0,2,1,1,MACRO,1,1777420800000,1777420800000,0,1
2087,32.446300328817564,20.896700542172983,1,UMTS,UMTS,0,1,0,1,3,Libyana,1,0,1,0,0,10.0,2,1,1,MACRO,1,1777420800000,1777420800000,0,1
2088,32.49010046344728,20.849900496795236,1,UMTS,UMTS,0,1,0,1,3,Libyana,1,0,1,0,0,10.0,2,1,1,MACRO,1,1777420800000,1777420800000,0,1
2089,32.767000680589554,21.786000288511524,1,UMTS,UMTS,0,1,0,1,3,Libyana,1,0,1,0,0,15.0,3,"1,8",2,MACRO,1,1772928000000,1773100800000,0,1
2090,32.7996002098946,21.872000263931668,1,UMTS,UMTS,0,1,0,1,3,Libyana,1,0,1,0,0,10.0,2,1,1,MACRO,1,1761609600000,1773792000000,0,1
2091,32.782600301891364,21.823900675233006,1,UMTS,UMTS,0,1,0,1,3,Libyana,1,0,1,0,0,5.0,1,1,1,MACRO,1,1772928000000,1773273600000,0,1
2092,32.72720012858706,21.777900581246744,1,UMTS,UMTS,0,1,0,1,3,Libyana,1,0,1,0,0,5.0,1,1,1,MACRO,0,1780704000000,1780704000000,0,1
2093,32.77160038122567,21.77360049652051,1,UMTS,UMTS,0,1,0,1,3,Libyana,1,0,1,0,0,5.0,1,1,1,MACRO,0,1773100800000,1773100800000,0,1
2094,32.76400052300748,21.74920064034231,1,UMTS,HSPA,0,1,0,1,3,Libyana,1,0,1,0,0,5.0,1,1,1,MACRO,0,1773100800000,1788480000000,0,1
2095,32.763100962441364,21.787200392699095,1,UMTS,UMTS,0,1,0,1,3,Libyana,1,0,1,0,0,15.0,3,"1,8",2,MACRO,1,1772928000000,1780704000000,0,1
2096,32.77240083720223,21.765400189248332,1,UMTS,UMTS,0,1,0,1,3,Libyana,1,0,1,0,0,5.0,1,8,1,MACRO,0,1773100800000,1773187200000,0,1
2097,32.76720075228631,21.74000054149133,1,UMTS,UMTS,0,1,0,1,3,Libyana,1,0,1,0,0,5.0,1,8,1,MACRO,1,1773100800000,1773100800000,0,1
2098,32.765200318161995,21.783400430053664,1,UMTS,UMTS,0,1,0,1,3,Libyana,1,0,1,0,0,10.0,2,"1,8",2,MACRO,1,1773100800000,1780704000000,0,1
2099,32.771900403560714,21.78830079994415,1,UMTS,HSPA+,0,1,0,1,3,Libyana,1,0,1,0,0,15.0,3,"1,8",2,MACRO,1,1772841600000,1777420800000,0,1
2100,32.783100476876086,21.828900487836833,1,UMTS,UMTS,0,1,0,1,3,Libyana,1,0,1,0,0,10.0,2,"1,8",2,MACRO,1,1773014400000,1788134400000,0,1
2101,32.767800740826885,21.788700571584283,1,UMTS,UMTS,0,1,0,1,3,Libyana,1,0,1,0,0,5.0,1,8,1,MACRO,0,1772928000000,1780704000000,0,1
2102,32.84210066092976,21.888100166823193,1,UMTS,UMTS,0,1,0,1,3,Libyana,1,0,1,0,0,5.0,1,1,1,MACRO,1,1782000000000,1782000000000,0,1
2103,32.80970096251177,21.871500183991245,1,UMTS,UMTS,0,1,0,1,3,Libyana,1,0,1,0,0,10.0,2,1,1,MACRO,1,1743811200000,1784764800000,0,1
2104,32.80430035769324,21.86280053430579,1,UMTS,UMTS,0,1,0,1,3,Libyana,1,0,1,0,0,10.0,2,1,1,MACRO,1,1596412800000,1782000000000,0,1
2105,32.835600151590015,21.877200174819198,1,UMTS,UMTS,0,1,0,1,3,Libyana,1,0,1,0,0,5.0,1,1,1,MACRO,1,1782000000000,1782000000000,0,1
2106,32.80060011350111,21.86430090221651,1,UMTS,UMTS,0,1,0,1,3,Libyana,1,0,1,0,0,10.0,2,1,1,MACRO,1,1743811200000,1773792000000,0,1
2107,32.794050681863126,21.868350281032832,2,UMTS,UMTS,0,1,0,1,3,Libyana,1,0,1,0,0,25.0,5,"1,8",2,MACRO,1,1743811200000,1773792000000,0,1
2108,32.82610079119841,21.856000638270622,1,UMTS,UMTS,0,1,0,1,3,Libyana,1,0,1,0,0,5.0,1,1,1,MACRO,0,1782000000000,1782000000000,0,1
2109,32.765500593064516,21.764600811677372,1,UMTS,HSPA,0,1,0,1,3,Libyana,1,0,1,0,0,10.0,2,1,1,MACRO,1,1773100800000,1777420800000,0,1
2110,32.7721005180047,21.750800879102936,1,UMTS,UMTS,0,1,0,1,3,Libyana,1,0,1,0,0,5.0,1,1,1,MACRO,0,1773100800000,1773100800000,0,1
2111,32.762300574512295,22.61970048896028,1,UMTS,UMTS,0,1,0,1,3,Libyana,1,0,1,0,0,15.0,3,"1,8",2,MACRO,1,1786320000000,1786406400000,0,1
2112,32.768600183825534,13.579700957688832,1,UMTS,UMTS,0,1,0,1,3,Al-Madar,0,1,1,0,0,5.0,1,8,1,MACRO,0,1777334400000,1778630400000,0,1
2113,32.856600633781156,13.439700588699747,1,UMTS,UMTS,0,1,0,1,3,Al-Madar,0,1,1,0,0,5.0,1,1,1,MACRO,0,1782086400000,1783814400000,0,1
2114,32.70970092140746,13.934600793087359,1,UMTS,UMTS,0,1,0,1,3,Al-Madar,0,1,1,0,0,5.0,1,8,1,MACRO,0,1778284800000,1779408000000,0,1
2115,32.77720041401312,13.024600465636457,1,UMTS,UMTS,0,1,0,1,3,Libyana,1,0,1,0,0,5.0,1,1,1,MACRO,0,1575244800000,1575331200000,0,0
