radio,mcc,net,area,cell,unit,lon,lat,range,samples,changeable,created,updated,averageSignal,country,provider,source
GSM,606,1,1112,10712,-1,20.0782,32.1079,1000,3,1,1567873048,1743481321,0,Libya,Al-Madar Al-Jadeed,https://opencellid.org/
GSM,606,1,1114,13021,-1,20.3902,32.308,8961,3,1,1613146590,1748704443,0,Libya,Al-Madar Al-Jadeed,https://opencellid.org/
GSM,606,1,1122,13423,-1,20.3685,32.3782,4291,9,1,1614955640,1785829081,0,Libya,Al-Madar Al-Jadeed,https://opencellid.org/
GSM,606,1,1114,13043,-1,20.3856,32.3601,3563,50,1,1614955640,1785829082,0,Libya,Al-Madar Al-Jadeed,https://opencellid.org/
UMTS,606,1,1030,66222402,62,20.07,32.0706,1000,11,1,1629220012,1784204402,0,Libya,Al-Madar Al-Jadeed,https://opencellid.org/
GSM,606,1,1122,13363,-1,20.5988,32.5281,1000,2,1,1629574371,1785832682,0,Libya,Al-Madar Al-Jadeed,https://opencellid.org/
UMTS,606,1,1030,66222764,0,20.0786,32.013,1076,23,1,1629824398,1784204402,0,Libya,Al-Madar Al-Jadeed,https://opencellid.org/
UMTS,606,1,1030,66222941,0,20.0679,32.0667,1000,3,1,1630772407,1784204402,0,Libya,Al-Madar Al-Jadeed,https://opencellid.org/
UMTS,606,1,1030,66222911,0,20.0572,32.0399,1000,9,1,1632148715,1784204402,0,Libya,Al-Madar Al-Jadeed,https://opencellid.org/
UMTS,606,1,1040,131759226,0,20.1924,32.2466,1000,4,1,1655645451,1786290242,0,Libya,Al-Madar Al-Jadeed,https://opencellid.org/
UMTS,606,1,1040,131757754,0,20.1685,32.2187,3464,11,1,1655646118,1786291141,0,Libya,Al-Madar Al-Jadeed,https://opencellid.org/
UMTS,606,1,1030,66222526,0,20.1108,32.0482,1533,7,1,1655652674,1784200682,0,Libya,Al-Madar Al-Jadeed,https://opencellid.org/
UMTS,606,1,1010,66221956,115,20.0978,32.1352,1000,17,1,1655801961,1761029953,0,Libya,Al-Madar Al-Jadeed,https://opencellid.org/
UMTS,606,1,1010,66221954,99,20.0999,32.138,1000,21,1,1655801961,1761029953,0,Libya,Al-Madar Al-Jadeed,https://opencellid.org/
UMTS,606,1,1040,131757756,341,20.1501,32.1984,2871,29,1,1655910338,1786291141,0,Libya,Al-Madar Al-Jadeed,https://opencellid.org/
UMTS,606,1,1040,131757753,341,20.1372,32.1871,1000,12,1,1655910368,1761029946,0,Libya,Al-Madar Al-Jadeed,https://opencellid.org/
UMTS,606,1,1030,66222484,412,20.1154,32.0755,1000,6,1,1656236156,1743543122,0,Libya,Al-Madar Al-Jadeed,https://opencellid.org/
GSM,606,1,1113,11062,-1,20.0408,32.0603,1000,7,1,1656319837,1743481322,0,Libya,Al-Madar Al-Jadeed,https://opencellid.org/
UMTS,606,1,1030,66222712,0,20.1295,31.9965,1410,2,1,1656362685,1784200682,0,Libya,Al-Madar Al-Jadeed,https://opencellid.org/
UMTS,606,1,1030,66223691,0,20.0608,32.0477,1567,12,1,1656426290,1784204402,0,Libya,Al-Madar Al-Jadeed,https://opencellid.org/
GSM,606,0,4330,11502,-1,20.0964,32.1274,1000,19,1,1714262913,1743543123,0,Libya,Libyana,https://opencellid.org/
UMTS,606,1,1010,66221952,107,20.096,32.128,676,33,1,1714262931,1761030001,0,Libya,Al-Madar Al-Jadeed,https://opencellid.org/
UMTS,606,1,1010,66223361,344,20.0993,32.1261,1000,14,1,1714262913,1761029942,0,Libya,Al-Madar Al-Jadeed,https://opencellid.org/
GSM,606,0,4330,11505,-1,20.0953,32.1271,1000,17,1,1714262981,1743543123,0,Libya,Libyana,https://opencellid.org/
UMTS,606,1,1010,66222011,219,20.092,32.1262,500,29,1,1714263001,1761030002,0,Libya,Al-Madar Al-Jadeed,https://opencellid.org/
GSM,606,0,4330,10801,-1,20.0953,32.1266,1000,17,1,1714263031,1743481321,0,Libya,Libyana,https://opencellid.org/
UMTS,606,1,1010,66222601,75,20.0857,32.1263,1000,16,1,1714263051,1761030002,0,Libya,Al-Madar Al-Jadeed,https://opencellid.org/
UMTS,606,1,1010,66223061,373,20.0837,32.1249,1000,16,1,1714263111,1761030002,0,Libya,Al-Madar Al-Jadeed,https://opencellid.org/
UMTS,606,1,1010,66222605,83,20.0811,32.1232,1000,21,1,1714263151,1761030002,0,Libya,Al-Madar Al-Jadeed,https://opencellid.org/
UMTS,606,1,1010,66223066,389,20.0791,32.1216,1000,16,1,1714263171,1761030002,0,Libya,Al-Madar Al-Jadeed,https://opencellid.org/
GSM,606,0,4340,10096,-1,20.0799,32.1119,1000,17,1,1714263291,1743481321,0,Libya,Libyana,https://opencellid.org/
GSM,606,0,4340,10986,-1,20.0783,32.1054,500,28,1,1714263381,1743481321,0,Libya,Libyana,https://opencellid.org/
GSM,606,0,4340,10554,-1,20.0735,32.1045,813,34,1,1714263411,1743481321,0,Libya,Libyana,https://opencellid.org/
UMTS,606,1,1010,66223364,344,20.0973,32.1268,1000,12,1,1714349515,1761030001,0,Libya,Al-Madar Al-Jadeed,https://opencellid.org/
UMTS,606,1,1010,66222014,219,20.0918,32.1267,1000,15,1,1714349625,1761030002,0,Libya,Al-Madar Al-Jadeed,https://opencellid.org/
UMTS,606,1,1010,66223064,373,20.0827,32.1245,1000,11,1,1714349756,1761030002,0,Libya,Al-Madar Al-Jadeed,https://opencellid.org/
GSM,606,0,4340,10984,-1,20.0815,32.1094,1000,24,1,1714350056,1743481321,0,Libya,Libyana,https://opencellid.org/
GSM,606,1,1111,12001,-1,20.0983,32.127,1000,16,1,1726532121,1743481321,0,Libya,Al-Madar Al-Jadeed,https://opencellid.org/
GSM,606,0,4330,10495,-1,20.0992,32.1244,1000,17,1,1726532255,1743543123,0,Libya,Libyana,https://opencellid.org/
GSM,606,0,4330,10492,-1,20.0999,32.1245,1000,7,1,1726532395,1743543121,0,Libya,Libyana,https://opencellid.org/
GSM,606,0,4330,10926,-1,20.0994,32.1139,500,29,1,1726532575,1743543123,0,Libya,Libyana,https://opencellid.org/
GSM,606,0,4340,10764,-1,20.1051,32.1114,1000,24,1,1726532675,1783596482,0,Libya,Libyana,https://opencellid.org/
GSM,606,0,4330,10223,-1,20.1104,32.1106,1000,9,1,1726532695,1761029952,0,Libya,Libyana,https://opencellid.org/
GSM,606,0,4380,10946,-1,20.1126,32.1092,895,37,1,1726532705,1761029952,0,Libya,Libyana,https://opencellid.org/
GSM,606,0,4340,10324,-1,20.1028,32.1112,1000,23,1,1726558721,1743543123,0,Libya,Libyana,https://opencellid.org/
GSM,606,0,4330,11124,-1,20.0986,32.1216,1000,10,1,1726558991,1743543123,0,Libya,Libyana,https://opencellid.org/
GSM,606,0,4330,11121,-1,20.1011,32.1214,1000,6,1,1726559011,1743543123,0,Libya,Libyana,https://opencellid.org/
GSM,606,0,4330,10804,-1,20.0946,32.1256,1000,16,1,1726559101,1743481321,0,Libya,Libyana,https://opencellid.org/
GSM,606,1,1111,10651,-1,20.0925,32.1258,1000,18,1,1726559101,1743481321,0,Libya,Al-Madar Al-Jadeed,https://opencellid.org/
GSM,606,1,1111,10592,-1,20.0974,32.1275,1000,22,1,1726559151,1743481321,0,Libya,Al-Madar Al-Jadeed,https://opencellid.org/
GSM,606,0,4330,10806,-1,20.0943,32.125,1000,6,1,1726575338,1743481321,0,Libya,Libyana,https://opencellid.org/
GSM,606,0,4360,11864,-1,20.1177,32.0755,500,29,1,1726587272,1743543122,0,Libya,Libyana,https://opencellid.org/
GSM,606,0,4360,10664,-1,20.1205,32.0776,1000,22,1,1726587381,1743543122,0,Libya,Libyana,https://opencellid.org/
GSM,606,0,4360,12146,-1,20.1212,32.0777,1000,9,1,1726587391,1743543122,0,Libya,Libyana,https://opencellid.org/
GSM,606,0,4360,11861,-1,20.119,32.0754,1000,16,1,1726587771,1743543122,0,Libya,Libyana,https://opencellid.org/
GSM,606,0,4360,10665,-1,20.1131,32.0768,1000,18,1,1726588242,1743543122,0,Libya,Libyana,https://opencellid.org/
GSM,606,0,4360,12072,-1,20.1104,32.0795,1000,11,1,1726588292,1743543122,0,Libya,Libyana,https://opencellid.org/
GSM,606,0,4360,10174,-1,20.1124,32.0834,1000,21,1,1726588312,1743543122,0,Libya,Libyana,https://opencellid.org/
GSM,606,0,4380,11926,-1,20.112,32.0846,1000,10,1,1726588372,1743543122,0,Libya,Libyana,https://opencellid.org/
GSM,606,0,4380,10424,-1,20.1142,32.0897,1000,17,1,1726588402,1743543122,0,Libya,Libyana,https://opencellid.org/
GSM,606,0,4380,11726,-1,20.1151,32.0943,1000,16,1,1726588422,1743543122,0,Libya,Libyana,https://opencellid.org/
GSM,606,0,4380,10446,-1,20.1151,32.1047,1243,32,1,1726588462,1743543122,0,Libya,Libyana,https://opencellid.org/
GSM,606,0,4330,10956,-1,20.1145,32.1157,1000,2,1,1726588652,1743543121,0,Libya,Libyana,https://opencellid.org/
GSM,606,0,4330,11705,-1,20.1139,32.1183,1000,12,1,1726588672,1743543121,0,Libya,Libyana,https://opencellid.org/
GSM,606,0,4330,11706,-1,20.1128,32.1206,1000,9,1,1726588792,1743543121,0,Libya,Libyana,https://opencellid.org/
GSM,606,0,4330,10814,-1,20.11,32.1292,1000,10,1,1726588852,1761029942,0,Libya,Libyana,https://opencellid.org/
GSM,606,0,4330,10975,-1,20.1078,32.1301,1000,7,1,1726588902,1761029942,0,Libya,Libyana,https://opencellid.org/
GSM,606,0,4330,10493,-1,20.1006,32.1267,1000,4,1,1726619360,1743543123,0,Libya,Libyana,https://opencellid.org/
UMTS,606,0,5310,45952238,510,20.0963,32.1267,1000,16,1,1726706220,1761030001,0,Libya,Libyana,https://opencellid.org/
UMTS,606,0,5310,45951228,197,20.091,32.1279,1364,7,1,1726706467,1783596482,0,Libya,Libyana,https://opencellid.org/
UMTS,606,1,1010,66223362,352,20.1001,32.1245,1000,15,1,1726706467,1743543121,0,Libya,Al-Madar Al-Jadeed,https://opencellid.org/
UMTS,606,1,1010,66222006,43,20.0977,32.1237,1118,15,1,1726706507,1761029953,0,Libya,Al-Madar Al-Jadeed,https://opencellid.org/
UMTS,606,0,5310,45951857,448,20.0987,32.1217,1000,13,1,1726706527,1761029953,0,Libya,Libyana,https://opencellid.org/
UMTS,606,0,5310,45955859,474,20.093,32.1233,1869,10,1,1726706547,1783578421,0,Libya,Libyana,https://opencellid.org/
UMTS,606,0,5310,45951859,450,20.0956,32.1173,1000,6,1,1726706567,1783578421,0,Libya,Libyana,https://opencellid.org/
UMTS,606,0,5310,45955017,259,20.0954,32.1172,1000,10,1,1726706607,1783596481,0,Libya,Libyana,https://opencellid.org/
UMTS,606,0,5310,45955659,496,20.0997,32.1135,1000,7,1,1726706647,1783578421,0,Libya,Libyana,https://opencellid.org/
UMTS,606,0,5310,45951497,304,20.1034,32.1102,1000,10,1,1726706667,1783596482,0,Libya,Libyana,https://opencellid.org/
UMTS,606,0,5310,45955658,495,20.1017,32.1103,1000,18,1,1726706677,1783596482,0,Libya,Libyana,https://opencellid.org/
UMTS,606,0,5310,45955497,143,20.1087,32.1094,1000,9,1,1726706727,1783596482,0,Libya,Libyana,https://opencellid.org/
UMTS,606,0,5310,45950959,90,20.1103,32.1102,1000,18,1,1726706767,1783596482,0,Libya,Libyana,https://opencellid.org/
UMTS,606,1,1020,66221451,194,20.1171,32.1088,656,30,1,1726706787,1761029949,0,Libya,Al-Madar Al-Jadeed,https://opencellid.org/
UMTS,606,0,5330,45951677,376,20.1185,32.1083,1000,16,1,1726706807,1761029952,0,Libya,Libyana,https://opencellid.org/
UMTS,606,1,1020,66223793,301,20.1203,32.108,1000,20,1,1726706807,1761029949,0,Libya,Al-Madar Al-Jadeed,https://opencellid.org/
UMTS,606,1,1020,66223791,285,20.1338,32.1063,2475,23,1,1726706817,1761029949,0,Libya,Al-Madar Al-Jadeed,https://opencellid.org/
UMTS,606,0,5330,45951769,414,20.1248,32.1065,689,39,1,1726706827,1761029952,0,Libya,Libyana,https://opencellid.org/
UMTS,606,0,5330,45951767,412,20.1282,32.1062,1000,16,1,1726706847,1761029952,0,Libya,Libyana,https://opencellid.org/
UMTS,606,1,1020,66221373,17,20.1259,32.1049,1000,24,1,1726706867,1761029950,0,Libya,Al-Madar Al-Jadeed,https://opencellid.org/
UMTS,606,1,1010,66222932,499,20.098,32.121,1000,19,1,1726799409,1761029953,0,Libya,Al-Madar Al-Jadeed,https://opencellid.org/
UMTS,606,1,1020,66221454,194,20.1142,32.109,1082,36,1,1726799639,1761029952,0,Libya,Al-Madar Al-Jadeed,https://opencellid.org/
UMTS,606,1,1020,66221435,226,20.1269,32.1073,1000,9,1,1726845587,1761029952,0,Libya,Al-Madar Al-Jadeed,https://opencellid.org/
UMTS,606,1,1020,66221436,234,20.1264,32.1067,500,42,1,1726845597,1761029952,0,Libya,Al-Madar Al-Jadeed,https://opencellid.org/
UMTS,606,1,1020,66223796,301,20.1143,32.1088,820,29,1,1726845707,1761029952,0,Libya,Al-Madar Al-Jadeed,https://opencellid.org/
UMTS,606,1,1020,66222124,98,20.1086,32.1104,561,34,1,1726845717,1761029952,0,Libya,Al-Madar Al-Jadeed,https://opencellid.org/
UMTS,606,1,1010,66222936,507,20.0939,32.1253,687,27,1,1726845997,1761029953,0,Libya,Al-Madar Al-Jadeed,https://opencellid.org/
UMTS,606,1,1010,66223365,352,20.1009,32.1245,1000,10,1,1727078905,1761029942,0,Libya,Al-Madar Al-Jadeed,https://opencellid.org/
UMTS,606,1,1010,66221975,155,20.1044,32.1252,736,26,1,1727078985,1761029953,0,Libya,Al-Madar Al-Jadeed,https://opencellid.org/
UMTS,606,1,1020,66221452,202,20.1156,32.1037,1000,24,1,1727079375,1761029950,0,Libya,Al-Madar Al-Jadeed,https://opencellid.org/
UMTS,606,1,1030,66222451,24,20.1105,32.0795,500,25,1,1727079525,1743543122,0,Libya,Al-Madar Al-Jadeed,https://opencellid.org/
UMTS,606,1,1030,66222513,176,20.1115,32.0779,1000,7,1,1727079595,1743543122,0,Libya,Al-Madar Al-Jadeed,https://opencellid.org/
UMTS,606,1,1030,66222476,264,20.1168,32.0751,1000,18,1,1727079765,1743543122,0,Libya,Al-Madar Al-Jadeed,https://opencellid.org/
UMTS,606,1,1030,66222474,248,20.1193,32.0759,1000,18,1,1727079855,1743543122,0,Libya,Al-Madar Al-Jadeed,https://opencellid.org/
UMTS,606,1,1030,66222465,192,20.1194,32.0774,1000,19,1,1727079895,1743543122,0,Libya,Al-Madar Al-Jadeed,https://opencellid.org/
UMTS,606,1,1020,66221471,0,20.1287,32.1001,1000,12,1,1727080275,1761029950,0,Libya,Al-Madar Al-Jadeed,https://opencellid.org/
UMTS,606,1,1020,66221376,17,20.1258,32.1059,538,49,1,1727080345,1761029952,0,Libya,Al-Madar Al-Jadeed,https://opencellid.org/
UMTS,606,1,1010,66223366,360,20.0946,32.1263,1000,9,1,1727102950,1761029953,0,Libya,Al-Madar Al-Jadeed,https://opencellid.org/
UMTS,606,1,1010,66222003,43,20.0985,32.122,1000,17,1,1727309315,1761029953,0,Libya,Al-Madar Al-Jadeed,https://opencellid.org/
UMTS,606,1,1020,66223794,285,20.1225,32.1077,1000,15,1,1727309665,1761029952,0,Libya,Al-Madar Al-Jadeed,https://opencellid.org/
UMTS,606,0,5320,45950987,100,20.0791,32.1255,1000,12,1,1727429272,1783578421,0,Libya,Libyana,https://opencellid.org/
UMTS,606,1,1010,66221972,155,20.1062,32.1248,1000,22,1,1727497645,1761029952,0,Libya,Al-Madar Al-Jadeed,https://opencellid.org/
UMTS,606,1,1020,66223792,293,20.122,32.1058,1000,8,1,1727656193,1761029950,0,Libya,Al-Madar Al-Jadeed,https://opencellid.org/
UMTS,606,1,1020,66221461,490,20.1229,32.1051,1000,17,1,1727656233,1761029950,0,Libya,Al-Madar Al-Jadeed,https://opencellid.org/
UMTS,606,1,1030,66222444,289,20.0961,32.0747,500,25,1,1727671977,1784200682,0,Libya,Al-Madar Al-Jadeed,https://opencellid.org/
LTE,606,0,6330,308737,-1,20.0949,32.0745,1000,7,1,1727671997,1784200683,0,Libya,Libyana,https://opencellid.org/
LTE,606,0,6310,293122,-1,20.0837,32.0718,1000,19,1,1727672037,1784204404,0,Libya,Libyana,https://opencellid.org/
LTE,606,0,6310,265756,-1,20.0725,32.0713,1000,16,1,1727672127,1784204404,0,Libya,Libyana,https://opencellid.org/
LTE,606,0,6310,257288,-1,20.0655,32.0711,1000,10,1,1727672167,1784204404,0,Libya,Libyana,https://opencellid.org/
LTE,606,0,6310,297218,-1,20.0644,32.0737,1000,7,1,1727672197,1784204404,0,Libya,Libyana,https://opencellid.org/
UMTS,606,0,5320,45950810,28,20.074,32.1185,1056,5,1,1727672697,1761030002,0,Libya,Libyana,https://opencellid.org/
UMTS,606,1,1020,66223795,293,20.1186,32.1058,1000,11,1,1727757463,1761029950,0,Libya,Al-Madar Al-Jadeed,https://opencellid.org/
UMTS,606,1,1030,66223591,119,20.0861,32.0723,1000,13,1,1727757984,1784204402,0,Libya,Al-Madar Al-Jadeed,https://opencellid.org/
LTE,606,0,6330,267529,-1,20.0866,32.0726,1000,14,1,1727757994,1784204404,0,Libya,Libyana,https://opencellid.org/
UMTS,606,1,1030,66222392,133,20.082,32.0716,1000,18,1,1727758014,1784204402,0,Libya,Al-Madar Al-Jadeed,https://opencellid.org/
UMTS,606,1,1030,66222393,141,20.0755,32.0713,1000,12,1,1727758044,1784204402,0,Libya,Al-Madar Al-Jadeed,https://opencellid.org/
LTE,606,0,6330,272385,-1,20.0652,32.0708,1000,13,1,1727758084,1784204404,0,Libya,Libyana,https://opencellid.org/
UMTS,606,1,1030,66222403,70,20.0663,32.0719,1000,11,1,1727758114,1784204402,0,Libya,Al-Madar Al-Jadeed,https://opencellid.org/
GSM,606,0,4330,12091,-1,20.0833,32.1186,1208,8,1,1733876171,1743481321,0,Libya,Libyana,https://opencellid.org/
GSM,606,1,1112,10733,-1,20.0804,32.1089,1000,15,1,1733877041,1743481321,0,Libya,Al-Madar Al-Jadeed,https://opencellid.org/
GSM,606,1,1112,10731,-1,20.084,32.1096,1000,13,1,1733877091,1743481321,0,Libya,Al-Madar Al-Jadeed,https://opencellid.org/
GSM,606,0,4330,10125,-1,20.0936,32.1248,1000,2,1,1743397328,1743481321,0,Libya,Libyana,https://opencellid.org/
GSM,606,0,4330,10122,-1,20.0871,32.12,1000,8,1,1743397338,1743481321,0,Libya,Libyana,https://opencellid.org/
GSM,606,1,1111,10653,-1,20.0859,32.1188,1000,14,1,1743397338,1743481321,0,Libya,Al-Madar Al-Jadeed,https://opencellid.org/
GSM,606,0,4330,12096,-1,20.0827,32.1152,1000,5,1,1743397378,1743481321,0,Libya,Libyana,https://opencellid.org/
GSM,606,1,1112,10671,-1,20.0827,32.1152,1000,5,1,1743397378,1743481321,0,Libya,Al-Madar Al-Jadeed,https://opencellid.org/
GSM,606,0,4340,10094,-1,20.0819,32.1138,1000,4,1,1743397388,1743481321,0,Libya,Libyana,https://opencellid.org/
GSM,606,1,1112,10673,-1,20.0813,32.1122,1000,11,1,1743397388,1743481321,0,Libya,Al-Madar Al-Jadeed,https://opencellid.org/
GSM,606,1,1112,10881,-1,20.0711,32.108,1000,7,1,1743397458,1743481322,0,Libya,Al-Madar Al-Jadeed,https://opencellid.org/
GSM,606,1,1112,10722,-1,20.075,32.1048,1000,3,1,1743397488,1743481321,0,Libya,Al-Madar Al-Jadeed,https://opencellid.org/
GSM,606,1,1112,10724,-1,20.0611,32.1027,1287,13,1,1743397508,1743481322,0,Libya,Al-Madar Al-Jadeed,https://opencellid.org/
GSM,606,1,1112,10723,-1,20.0717,32.107,1000,6,1,1743397518,1743481321,0,Libya,Al-Madar Al-Jadeed,https://opencellid.org/
GSM,606,1,1112,19604,-1,20.0671,32.1106,1000,11,1,1743397538,1743481322,0,Libya,Al-Madar Al-Jadeed,https://opencellid.org/
GSM,606,0,4310,10775,-1,20.0594,32.1041,1044,26,1,1743397558,1743481322,0,Libya,Libyana,https://opencellid.org/
GSM,606,0,4310,10072,-1,20.0647,32.1123,1000,3,1,1743397578,1743481322,0,Libya,Libyana,https://opencellid.org/
GSM,606,0,4310,10073,-1,20.0623,32.1114,1000,7,1,1743397588,1743481322,0,Libya,Libyana,https://opencellid.org/
GSM,606,0,4310,11485,-1,20.0623,32.1126,1000,7,1,1743397598,1743481322,0,Libya,Libyana,https://opencellid.org/
GSM,606,1,1112,11322,-1,20.0633,32.1135,1000,1,1,1743397598,1743397598,0,Libya,Al-Madar Al-Jadeed,https://opencellid.org/
GSM,606,1,1112,11323,-1,20.0622,32.1125,1000,6,1,1743397609,1743481322,0,Libya,Al-Madar Al-Jadeed,https://opencellid.org/
GSM,606,1,1112,11331,-1,20.0602,32.1088,1000,10,1,1743397749,1743481322,0,Libya,Al-Madar Al-Jadeed,https://opencellid.org/
GSM,606,0,4310,10774,-1,20.0598,32.1081,1000,7,1,1743397759,1743481322,0,Libya,Libyana,https://opencellid.org/
GSM,606,1,1112,11332,-1,20.0582,32.1053,1000,7,1,1743397779,1743481322,0,Libya,Al-Madar Al-Jadeed,https://opencellid.org/
GSM,606,1,1113,10921,-1,20.0537,32.0943,1000,17,1,1743397829,1743481322,0,Libya,Al-Madar Al-Jadeed,https://opencellid.org/
GSM,606,0,4310,11621,-1,20.0529,32.0932,1000,13,1,1743397849,1743481322,0,Libya,Libyana,https://opencellid.org/
GSM,606,0,4310,11625,-1,20.0506,32.0872,1000,8,1,1743397899,1743481322,0,Libya,Libyana,https://opencellid.org/
GSM,606,1,1113,11613,-1,20.0504,32.0846,1000,18,1,1743397899,1743481322,0,Libya,Al-Madar Al-Jadeed,https://opencellid.org/
GSM,606,0,4310,11622,-1,20.0501,32.0841,1000,6,1,1743397919,1743481322,0,Libya,Libyana,https://opencellid.org/
GSM,606,0,4310,11635,-1,20.0505,32.0781,1000,11,1,1743397949,1743481322,0,Libya,Libyana,https://opencellid.org/
GSM,606,1,1113,11063,-1,20.0499,32.0758,1000,18,1,1743397969,1743481322,0,Libya,Al-Madar Al-Jadeed,https://opencellid.org/
GSM,606,0,4360,11644,-1,20.0483,32.0726,1000,12,1,1743398009,1743481322,0,Libya,Libyana,https://opencellid.org/
GSM,606,1,1113,12311,-1,20.0466,32.0705,1000,7,1,1743398039,1743481322,0,Libya,Al-Madar Al-Jadeed,https://opencellid.org/
GSM,606,0,4360,11641,-1,20.046,32.0695,1000,3,1,1743398059,1743481322,0,Libya,Libyana,https://opencellid.org/
GSM,606,0,4360,10401,-1,20.0414,32.062,1175,17,1,1743398069,1743481323,0,Libya,Libyana,https://opencellid.org/
GSM,606,1,1113,12312,-1,20.0455,32.0684,1000,3,1,1743398069,1743481322,0,Libya,Al-Madar Al-Jadeed,https://opencellid.org/
GSM,606,1,1113,12313,-1,20.0435,32.0646,1000,14,1,1743398079,1743481322,0,Libya,Al-Madar Al-Jadeed,https://opencellid.org/
GSM,606,0,4360,11643,-1,20.0428,32.0633,1000,3,1,1743398109,1743481322,0,Libya,Libyana,https://opencellid.org/
GSM,606,0,4360,11646,-1,20.0383,32.0571,1000,18,1,1743398119,1743481323,0,Libya,Libyana,https://opencellid.org/
GSM,606,1,1113,11563,-1,20.0386,32.0573,1000,4,1,1743398159,1743481322,0,Libya,Al-Madar Al-Jadeed,https://opencellid.org/
GSM,606,0,4360,10404,-1,20.0373,32.0558,1000,5,1,1743398169,1743481323,0,Libya,Libyana,https://opencellid.org/
GSM,606,1,1113,12321,-1,20.0365,32.0549,1000,10,1,1743398169,1743481323,0,Libya,Al-Madar Al-Jadeed,https://opencellid.org/
GSM,606,1,1113,12323,-1,20.0323,32.0495,1000,15,1,1743398199,1743481323,0,Libya,Al-Madar Al-Jadeed,https://opencellid.org/
GSM,606,0,4360,10574,-1,20.0326,32.0498,1000,4,1,1743398219,1743481323,0,Libya,Libyana,https://opencellid.org/
GSM,606,0,4360,10576,-1,20.0268,32.0419,908,28,1,1743398239,1743481323,0,Libya,Libyana,https://opencellid.org/
GSM,606,1,1113,12341,-1,20.0282,32.0443,1000,9,1,1743398259,1743481323,0,Libya,Al-Madar Al-Jadeed,https://opencellid.org/
GSM,606,1,1113,12343,-1,20.0253,32.0402,1000,10,1,1743398289,1743481323,0,Libya,Al-Madar Al-Jadeed,https://opencellid.org/
GSM,606,1,1113,11671,-1,20.0225,32.0345,1000,12,1,1743398329,1743481323,0,Libya,Al-Madar Al-Jadeed,https://opencellid.org/
GSM,606,0,4370,12203,-1,20.0222,32.0339,1000,4,1,1743398349,1743481323,0,Libya,Libyana,https://opencellid.org/
GSM,606,0,4370,10994,-1,20.0202,32.0293,1000,11,1,1743398369,1743481323,0,Libya,Libyana,https://opencellid.org/
GSM,606,1,1113,11672,-1,20.0205,32.0301,1000,4,1,1743398379,1743481323,0,Libya,Al-Madar Al-Jadeed,https://opencellid.org/
GSM,606,1,1113,11673,-1,20.0193,32.0263,1000,11,1,1743398389,1743481323,0,Libya,Al-Madar Al-Jadeed,https://opencellid.org/
GSM,606,0,4370,10991,-1,20.0188,32.0254,1000,4,1,1743398409,1743481323,0,Libya,Libyana,https://opencellid.org/
GSM,606,0,4370,10992,-1,20.0186,32.0233,1000,8,1,1743398419,1743481323,0,Libya,Libyana,https://opencellid.org/
GSM,606,1,1113,11541,-1,20.0175,32.0227,1000,7,1,1743398429,1743481323,0,Libya,Al-Madar Al-Jadeed,https://opencellid.org/
GSM,606,0,4370,42315,-1,20.0156,32.0226,1000,3,1,1743398469,1743481323,0,Libya,Libyana,https://opencellid.org/
GSM,606,0,4370,10995,-1,20.014,32.0227,1000,3,1,1743398489,1743481323,0,Libya,Libyana,https://opencellid.org/
GSM,606,1,1113,11543,-1,20.0119,32.0232,1000,12,1,1743398489,1743481323,0,Libya,Al-Madar Al-Jadeed,https://opencellid.org/
GSM,606,0,4370,10996,-1,20.0116,32.0231,1000,8,1,1743398499,1743481323,0,Libya,Libyana,https://opencellid.org/
GSM,606,0,4370,10993,-1,20.011,32.0241,1000,2,1,1743398559,1743481323,0,Libya,Libyana,https://opencellid.org/
GSM,606,0,4330,10496,-1,20.1016,32.1263,1000,10,1,1743502419,1743543123,0,Libya,Libyana,https://opencellid.org/
UMTS,606,1,1010,66221973,163,20.1028,32.1257,1000,2,1,1743502489,1743543121,0,Libya,Al-Madar Al-Jadeed,https://opencellid.org/
GSM,606,0,4330,10494,-1,20.1058,32.123,1000,10,1,1743502519,1743543123,0,Libya,Libyana,https://opencellid.org/
GSM,606,0,4330,11525,-1,20.1054,32.1239,1000,5,1,1743502539,1743543123,0,Libya,Libyana,https://opencellid.org/
UMTS,606,1,1010,66221981,467,20.1073,32.1242,500,25,1,1743502539,1761029953,0,Libya,Al-Madar Al-Jadeed,https://opencellid.org/
GSM,606,0,4330,10854,-1,20.1051,32.1237,1000,7,1,1743502569,1743543123,0,Libya,Libyana,https://opencellid.org/
UMTS,606,1,1010,66221984,467,20.1087,32.1233,1000,23,1,1743502629,1761029952,0,Libya,Al-Madar Al-Jadeed,https://opencellid.org/
GSM,606,0,4330,10491,-1,20.1086,32.1227,1000,7,1,1743502649,1743543123,0,Libya,Libyana,https://opencellid.org/
UMTS,606,1,1010,66223016,151,20.11,32.1226,1000,2,1,1743502709,1743543121,0,Libya,Al-Madar Al-Jadeed,https://opencellid.org/
GSM,606,0,4330,10816,-1,20.1125,32.1218,1000,4,1,1743502769,1743543121,0,Libya,Libyana,https://opencellid.org/
UMTS,606,1,1010,66223015,419,20.1133,32.12,1000,6,1,1743502799,1743543121,0,Libya,Al-Madar Al-Jadeed,https://opencellid.org/
GSM,606,0,4330,11703,-1,20.1137,32.1189,1000,2,1,1743502849,1743543121,0,Libya,Libyana,https://opencellid.org/
UMTS,606,1,1010,66221985,475,20.114,32.1174,1000,10,1,1743502909,1761029949,0,Libya,Al-Madar Al-Jadeed,https://opencellid.org/
UMTS,606,1,1010,66221913,42,20.1141,32.1171,1000,1,1,1743502989,1743502989,0,Libya,Al-Madar Al-Jadeed,https://opencellid.org/
GSM,606,0,4330,11702,-1,20.1149,32.1106,1000,17,1,1743503039,1743543121,0,Libya,Libyana,https://opencellid.org/
GSM,606,0,4380,10441,-1,20.1152,32.1039,1000,6,1,1743503129,1743543121,0,Libya,Libyana,https://opencellid.org/
GSM,606,0,4380,42504,-1,20.1153,32.0927,1000,7,1,1743503199,1743543121,0,Libya,Libyana,https://opencellid.org/
GSM,606,0,4360,10171,-1,20.1106,32.0787,1000,4,1,1743503309,1743543122,0,Libya,Libyana,https://opencellid.org/
GSM,606,0,4360,11866,-1,20.1142,32.0731,1000,10,1,1743503479,1743543122,0,Libya,Libyana,https://opencellid.org/
GSM,606,0,4360,11865,-1,20.1135,32.0727,1000,1,1,1743503519,1743503519,0,Libya,Libyana,https://opencellid.org/
GSM,606,0,4360,10661,-1,20.1205,32.0774,1000,5,1,1743521808,1743543122,0,Libya,Libyana,https://opencellid.org/
UMTS,606,1,1020,66222476,246,20.1179,32.0765,1000,3,1,1743522088,1743543122,0,Libya,Al-Madar Al-Jadeed,https://opencellid.org/
GSM,606,0,4360,12071,-1,20.1086,32.0802,1000,5,1,1743522218,1743543122,0,Libya,Libyana,https://opencellid.org/
UMTS,606,1,1020,66222454,466,20.1007,32.1063,2095,50,1,1743522298,1743543123,0,Libya,Al-Madar Al-Jadeed,https://opencellid.org/
GSM,606,0,4360,12073,-1,20.1059,32.0834,1000,3,1,1743522318,1743543122,0,Libya,Libyana,https://opencellid.org/
GSM,606,0,4380,11916,-1,20.1042,32.0837,1000,5,1,1743522328,1743543122,0,Libya,Libyana,https://opencellid.org/
GSM,606,0,4350,10692,-1,20.1002,32.0859,1000,7,1,1743522368,1743543122,0,Libya,Libyana,https://opencellid.org/
GSM,606,0,4350,10695,-1,20.1005,32.086,1000,5,1,1743522398,1743543122,0,Libya,Libyana,https://opencellid.org/
GSM,606,0,4350,10696,-1,20.0982,32.0889,1000,3,1,1743522438,1743543122,0,Libya,Libyana,https://opencellid.org/
GSM,606,0,4350,11565,-1,20.0994,32.0908,1000,4,1,1743522458,1743543122,0,Libya,Libyana,https://opencellid.org/
GSM,606,0,4350,11532,-1,20.1004,32.0922,1000,4,1,1743522468,1743543122,0,Libya,Libyana,https://opencellid.org/
GSM,606,0,4350,11533,-1,20.1009,32.0929,1000,1,1,1743522488,1743522488,0,Libya,Libyana,https://opencellid.org/
GSM,606,0,4350,11531,-1,20.1018,32.0979,1000,11,1,1743522498,1743543122,0,Libya,Libyana,https://opencellid.org/
GSM,606,0,4340,11765,-1,20.1013,32.1038,1000,7,1,1743522618,1743543123,0,Libya,Libyana,https://opencellid.org/
GSM,606,0,4340,11766,-1,20.1007,32.106,1000,2,1,1743522678,1743543123,0,Libya,Libyana,https://opencellid.org/
GSM,606,0,4340,10325,-1,20.1012,32.1084,1000,5,1,1743522698,1743543123,0,Libya,Libyana,https://opencellid.org/
GSM,606,0,4340,10766,-1,20.1011,32.1089,1000,4,1,1743522708,1743543123,0,Libya,Libyana,https://opencellid.org/
GSM,606,0,4330,10924,-1,20.1006,32.1181,1000,5,1,1743522868,1743543123,0,Libya,Libyana,https://opencellid.org/
GSM,606,0,4330,11125,-1,20.1008,32.1199,1000,3,1,1743522888,1743543123,0,Libya,Libyana,https://opencellid.org/
UMTS,606,1,1010,66222454,344,20.1022,32.1245,524,27,1,1743522908,1743543123,0,Libya,Al-Madar Al-Jadeed,https://opencellid.org/
GSM,606,0,4330,11526,-1,20.1031,32.1256,1000,2,1,1743523068,1743543123,0,Libya,Libyana,https://opencellid.org/
GSM,606,0,4330,11523,-1,20.1022,32.1259,1000,3,1,1743523078,1743543123,0,Libya,Libyana,https://opencellid.org/
GSM,606,1,2005,12991,-1,15.4024,30.6376,4514,21,1,1743916718,1744100588,0,Libya,Al-Madar Al-Jadeed,https://opencellid.org/
GSM,606,1,2005,12993,-1,15.3864,30.7011,11654,23,1,1743919699,1744100581,0,Libya,Al-Madar Al-Jadeed,https://opencellid.org/
GSM,606,1,2005,12972,-1,15.3364,30.8118,5593,51,1,1743920631,1744100582,0,Libya,Al-Madar Al-Jadeed,https://opencellid.org/
GSM,606,1,2005,12971,-1,15.3281,30.8409,865,33,1,1743921182,1744100582,0,Libya,Al-Madar Al-Jadeed,https://opencellid.org/
GSM,606,1,2005,12973,-1,15.3098,30.9539,10947,38,1,1743925646,1744100583,0,Libya,Al-Madar Al-Jadeed,https://opencellid.org/
UMTS,606,0,5370,46181193,-1,15.3985,30.6172,7377,42,1,1744100524,1744100586,0,Libya,Libyana,https://opencellid.org/
UMTS,606,0,5370,46181191,-1,15.4282,30.5967,2467,49,1,1744100525,1744100586,0,Libya,Libyana,https://opencellid.org/
UMTS,606,0,5370,46181192,-1,15.413,30.5666,5399,51,1,1744100525,1744100622,0,Libya,Libyana,https://opencellid.org/
UMTS,606,0,1050,434998,-1,15.1309,31.6231,2553,20,1,1744100530,1744100586,0,Libya,Libyana,https://opencellid.org/
UMTS,606,0,1050,434997,-1,15.1108,31.6713,3015,16,1,1744100530,1744100586,0,Libya,Libyana,https://opencellid.org/
UMTS,606,0,1050,434999,-1,15.115,31.6542,1000,6,1,1744100530,1744100586,0,Libya,Libyana,https://opencellid.org/
UMTS,606,0,1050,435147,-1,15.0954,31.707,5349,12,1,1744100530,1744100586,0,Libya,Libyana,https://opencellid.org/
UMTS,606,0,1050,434988,-1,15.0522,31.7931,2565,21,1,1744100530,1744100586,0,Libya,Libyana,https://opencellid.org/
UMTS,606,0,1050,434989,-1,15.044,31.8175,1000,1,1,1744100530,1744100530,0,Libya,Libyana,https://opencellid.org/
UMTS,606,0,1050,434987,-1,15.035,31.88,5996,21,1,1744100530,1744100587,0,Libya,Libyana,https://opencellid.org/
UMTS,606,0,1050,434199,-1,15.0402,31.9983,3327,28,1,1744100530,1744100587,0,Libya,Libyana,https://opencellid.org/
UMTS,606,0,1050,434198,-1,15.045,32.0301,1000,5,1,1744100530,1744100587,0,Libya,Libyana,https://opencellid.org/
UMTS,606,0,1050,433738,-1,15.0722,32.1275,2346,24,1,1744100530,1744100587,0,Libya,Libyana,https://opencellid.org/
UMTS,606,0,1050,433737,-1,15.085,32.1619,1845,22,1,1744100531,1744100587,0,Libya,Libyana,https://opencellid.org/
UMTS,606,0,1050,433658,-1,15.0905,32.1763,1000,3,1,1744100531,1744100587,0,Libya,Libyana,https://opencellid.org/
UMTS,606,0,1050,434388,-1,15.0883,32.1709,1000,1,1,1744100531,1744100531,0,Libya,Libyana,https://opencellid.org/
UMTS,606,0,1050,433659,-1,15.0951,32.1884,1953,19,1,1744100531,1744100587,0,Libya,Libyana,https://opencellid.org/
UMTS,606,0,1050,433657,-1,15.1054,32.2159,1156,11,1,1744100531,1744100587,0,Libya,Libyana,https://opencellid.org/
UMTS,606,0,1050,433998,-1,15.1122,32.2343,1000,7,1,1744100531,1744100587,0,Libya,Libyana,https://opencellid.org/
UMTS,606,0,1050,433999,-1,15.1156,32.2434,1000,2,1,1744100531,1744100587,0,Libya,Libyana,https://opencellid.org/
UMTS,606,0,1050,433997,-1,15.1191,32.2572,1308,13,1,1744100531,1744100587,0,Libya,Libyana,https://opencellid.org/
UMTS,606,0,1050,433498,-1,15.1194,32.2772,1000,8,1,1744100532,1744100587,0,Libya,Libyana,https://opencellid.org/
UMTS,606,0,1050,433499,-1,15.1193,32.2843,1000,2,1,1744100532,1744100587,0,Libya,Libyana,https://opencellid.org/
UMTS,606,0,1050,433497,-1,15.1172,32.3041,1983,24,1,1744100532,1744100587,0,Libya,Libyana,https://opencellid.org/
UMTS,606,0,1050,433488,-1,15.1127,32.321,1000,3,1,1744100532,1744100587,0,Libya,Libyana,https://opencellid.org/
UMTS,606,0,1050,433487,-1,15.1107,32.3255,1000,5,1,1744100532,1744100587,0,Libya,Libyana,https://opencellid.org/
UMTS,606,0,1050,435412,-1,15.1078,32.3307,1000,6,1,1744100532,1744100587,0,Libya,Libyana,https://opencellid.org/
UMTS,606,0,1050,434551,-1,15.1047,32.3365,1000,6,1,1744100532,1744100587,0,Libya,Libyana,https://opencellid.org/
UMTS,606,0,1050,434550,-1,15.1014,32.3414,1000,2,1,1744100532,1744100587,0,Libya,Libyana,https://opencellid.org/
UMTS,606,0,1050,434641,-1,15.0981,32.3433,1000,2,1,1744100532,1744100587,0,Libya,Libyana,https://opencellid.org/
UMTS,606,0,1050,434639,-1,15.0908,32.345,1000,5,1,1744100532,1744100587,0,Libya,Libyana,https://opencellid.org/
UMTS,606,0,1050,434618,-1,15.0897,32.3452,1000,1,1,1744100532,1744100532,0,Libya,Libyana,https://opencellid.org/
UMTS,606,0,1050,434627,-1,15.0857,32.3459,1000,1,1,1744100532,1744100532,0,Libya,Libyana,https://opencellid.org/
UMTS,606,0,1050,433448,-1,15.083,32.3464,1000,4,1,1744100532,1744100587,0,Libya,Libyana,https://opencellid.org/
UMTS,606,0,1050,433449,-1,15.0791,32.3471,1000,2,1,1744100532,1744100587,0,Libya,Libyana,https://opencellid.org/
UMTS,606,0,1050,435378,-1,15.0764,32.3476,1000,6,1,1744100532,1744100587,0,Libya,Libyana,https://opencellid.org/
UMTS,606,0,1050,435377,-1,15.0723,32.3487,1000,3,1,1744100532,1744100587,0,Libya,Libyana,https://opencellid.org/
UMTS,606,0,1050,435379,-1,15.0675,32.3501,1000,6,1,1744100532,1744100587,0,Libya,Libyana,https://opencellid.org/
UMTS,606,0,1050,435048,-1,15.0596,32.3527,1000,5,1,1744100532,1744100587,0,Libya,Libyana,https://opencellid.org/
UMTS,606,0,1050,435049,-1,15.0526,32.355,1000,10,1,1744100532,1744100587,0,Libya,Libyana,https://opencellid.org/
UMTS,606,0,1050,435052,-1,15.0492,32.353,1000,7,1,1744100532,1744100587,0,Libya,Libyana,https://opencellid.org/
UMTS,606,0,1050,434740,-1,15.0502,32.3537,1000,1,1,1744100532,1744100532,0,Libya,Libyana,https://opencellid.org/
UMTS,606,0,1050,434741,-1,15.0467,32.3514,1000,1,1,1744100532,1744100532,0,Libya,Libyana,https://opencellid.org/
UMTS,606,0,1050,435653,-1,15.0431,32.3467,1000,2,1,1744100532,1744100587,0,Libya,Libyana,https://opencellid.org/
UMTS,606,0,1050,435647,-1,15.0391,32.333,1369,20,1,1744100532,1744100588,0,Libya,Libyana,https://opencellid.org/
UMTS,606,0,1050,433277,-1,15.0363,32.3403,1000,3,1,1744100532,1744100587,0,Libya,Libyana,https://opencellid.org/
UMTS,606,0,1050,433468,-1,15.0328,32.3354,1000,10,1,1744100532,1744100588,0,Libya,Libyana,https://opencellid.org/
UMTS,606,0,1050,435648,-1,15.0506,32.3175,1000,14,1,1744100532,1744100588,0,Libya,Libyana,https://opencellid.org/
UMTS,606,0,1050,435128,-1,15.0577,32.3171,1000,4,1,1744100532,1744100588,0,Libya,Libyana,https://opencellid.org/
UMTS,606,0,1050,435127,-1,15.0552,32.3207,1000,4,1,1744100532,1744100588,0,Libya,Libyana,https://opencellid.org/
UMTS,606,0,1050,435130,-1,15.0517,32.3212,1000,6,1,1744100532,1744100588,0,Libya,Libyana,https://opencellid.org/
LTE,606,1,4052,1118466,-1,15.3153,31.2368,1000,3,1,1743927404,1744100588,0,Libya,Al-Madar Al-Jadeed,https://opencellid.org/
UMTS,606,1,304,19769422,-1,15.0513,32.3201,1000,3,1,1744268670,1744268701,0,Libya,Al-Madar Al-Jadeed,https://opencellid.org/
UMTS,606,1,304,19769441,-1,15.1,32.3541,1000,1,1,1744564020,1744564020,0,Libya,Al-Madar Al-Jadeed,https://opencellid.org/
GSM,606,1,1122,13472,-1,20.6427,32.562,696,25,1,1747257296,1748704444,0,Libya,Al-Madar Al-Jadeed,https://opencellid.org/
UMTS,606,1,1040,131760723,-1,20.5942,32.5453,3401,26,1,1747564595,1748704446,0,Libya,Al-Madar Al-Jadeed,https://opencellid.org/
GSM,606,1,1122,13473,-1,20.6355,32.5628,1960,27,1,1748342174,1748704444,0,Libya,Al-Madar Al-Jadeed,https://opencellid.org/
GSM,606,1,1122,13451,-1,20.6398,32.5667,1000,1,1,1748342205,1748342205,0,Libya,Al-Madar Al-Jadeed,https://opencellid.org/
GSM,606,1,1122,13411,-1,20.5245,32.4963,1142,24,1,1748342868,1786288323,0,Libya,Al-Madar Al-Jadeed,https://opencellid.org/
GSM,606,1,1122,13362,-1,20.5501,32.5113,2113,9,1,1748342833,1786288322,0,Libya,Al-Madar Al-Jadeed,https://opencellid.org/
GSM,606,1,1114,13431,-1,20.4018,32.3991,1513,18,1,1748343576,1786289341,0,Libya,Al-Madar Al-Jadeed,https://opencellid.org/
GSM,606,1,1114,13432,-1,20.3772,32.3854,3071,37,1,1748343630,1786289341,0,Libya,Al-Madar Al-Jadeed,https://opencellid.org/
GSM,606,1,1114,13041,-1,20.4291,32.313,4481,18,1,1748344001,1748704443,0,Libya,Al-Madar Al-Jadeed,https://opencellid.org/
GSM,606,1,1114,13042,-1,20.4285,32.3101,3909,50,1,1748344106,1748704443,0,Libya,Al-Madar Al-Jadeed,https://opencellid.org/
GSM,606,1,1114,13133,-1,20.5152,32.2628,5175,42,1,1748344369,1748704443,0,Libya,Al-Madar Al-Jadeed,https://opencellid.org/
GSM,606,1,1114,10352,-1,20.4652,32.2881,1000,2,1,1748344441,1748704442,0,Libya,Al-Madar Al-Jadeed,https://opencellid.org/
GSM,606,1,1114,13131,-1,20.4741,32.2872,1000,2,1,1748344471,1748704442,0,Libya,Al-Madar Al-Jadeed,https://opencellid.org/
GSM,606,1,1114,13111,-1,20.5978,32.2092,5028,28,1,1748344825,1748704443,0,Libya,Al-Madar Al-Jadeed,https://opencellid.org/
GSM,606,1,1114,13121,-1,20.5999,32.2116,1000,10,1,1748345062,1748704443,0,Libya,Al-Madar Al-Jadeed,https://opencellid.org/
GSM,606,1,1114,13171,-1,20.5246,32.1508,1000,1,1,1748345766,1748345766,0,Libya,Al-Madar Al-Jadeed,https://opencellid.org/
GSM,606,1,1114,13161,-1,20.5113,32.1478,1145,21,1,1748345802,1748704443,0,Libya,Al-Madar Al-Jadeed,https://opencellid.org/
GSM,606,1,1114,13163,-1,20.4895,32.1437,2757,43,1,1748345904,1748704443,0,Libya,Al-Madar Al-Jadeed,https://opencellid.org/
GSM,606,1,1114,13182,-1,20.4581,32.1401,1000,9,1,1748346084,1748704443,0,Libya,Al-Madar Al-Jadeed,https://opencellid.org/
GSM,606,1,1114,13221,-1,20.3675,32.0863,2376,37,1,1748346607,1748704443,0,Libya,Al-Madar Al-Jadeed,https://opencellid.org/
GSM,606,1,1114,13183,-1,20.3928,32.1003,4081,25,1,1748346750,1748704443,0,Libya,Al-Madar Al-Jadeed,https://opencellid.org/
GSM,606,1,1114,13212,-1,20.392,32.0445,5693,16,1,1748346867,1757319181,0,Libya,Al-Madar Al-Jadeed,https://opencellid.org/
GSM,606,1,1114,13223,-1,20.3484,32.0885,1512,4,1,1748348443,1748704443,0,Libya,Al-Madar Al-Jadeed,https://opencellid.org/
GSM,606,1,1114,16492,-1,20.3381,32.0988,1000,1,1,1748348468,1748348468,0,Libya,Al-Madar Al-Jadeed,https://opencellid.org/
GSM,606,1,1114,10302,-1,20.339,32.0989,1000,1,1,1748349127,1748349127,0,Libya,Al-Madar Al-Jadeed,https://opencellid.org/
GSM,606,1,1114,10292,-1,20.3395,32.0988,1000,1,1,1748353071,1748353071,0,Libya,Al-Madar Al-Jadeed,https://opencellid.org/
GSM,606,1,1114,13222,-1,20.3421,32.0974,1000,1,1,1748353091,1748353091,0,Libya,Al-Madar Al-Jadeed,https://opencellid.org/
GSM,606,1,1112,10081,-1,20.3496,32.0947,1000,2,1,1748353147,1748704443,0,Libya,Al-Madar Al-Jadeed,https://opencellid.org/
GSM,606,1,1114,13181,-1,20.4681,32.1446,1000,4,1,1748353940,1748704443,0,Libya,Al-Madar Al-Jadeed,https://opencellid.org/
GSM,606,1,1114,13243,-1,20.5322,32.152,1000,1,1,1748354317,1748354317,0,Libya,Al-Madar Al-Jadeed,https://opencellid.org/
GSM,606,1,1122,13142,-1,20.5989,32.2125,1000,2,1,1748355126,1748704443,0,Libya,Al-Madar Al-Jadeed,https://opencellid.org/
GSM,606,1,1114,11801,-1,20.6011,32.2111,1000,1,1,1748355106,1748355106,0,Libya,Al-Madar Al-Jadeed,https://opencellid.org/
GSM,606,1,1114,11661,-1,20.5842,32.2214,3540,4,1,1748355164,1748704443,0,Libya,Al-Madar Al-Jadeed,https://opencellid.org/
GSM,606,1,1114,13132,-1,20.5388,32.2488,1320,12,1,1748355414,1748704443,0,Libya,Al-Madar Al-Jadeed,https://opencellid.org/
GSM,606,1,1122,13403,-1,20.5296,32.5011,1211,24,1,1748357458,1785829982,0,Libya,Al-Madar Al-Jadeed,https://opencellid.org/
GSM,606,1,1122,13401,-1,20.5353,32.5066,1000,7,1,1748357510,1748704444,0,Libya,Al-Madar Al-Jadeed,https://opencellid.org/
GSM,606,1,1122,13471,-1,20.6452,32.5647,1000,8,1,1748358315,1748704444,0,Libya,Al-Madar Al-Jadeed,https://opencellid.org/
UMTS,606,0,5390,46061345,-1,20.6423,32.5558,1000,1,1,1748704397,1748704397,0,Libya,Libyana,https://opencellid.org/
UMTS,606,1,1040,131760722,-1,20.5557,32.5202,2057,31,1,1748704397,1786288322,0,Libya,Al-Madar Al-Jadeed,https://opencellid.org/
UMTS,606,1,1040,131760725,-1,20.5592,32.5155,1607,26,1,1748704397,1785832682,0,Libya,Al-Madar Al-Jadeed,https://opencellid.org/
UMTS,606,1,1040,131760771,-1,20.5075,32.4801,2610,50,1,1748704397,1786289341,0,Libya,Al-Madar Al-Jadeed,https://opencellid.org/
UMTS,606,1,1040,131760781,-1,20.4607,32.4373,1704,33,1,1748704397,1786289341,0,Libya,Al-Madar Al-Jadeed,https://opencellid.org/
UMTS,606,1,1040,131760773,-1,20.4833,32.4572,1373,47,1,1748704397,1786289341,0,Libya,Al-Madar Al-Jadeed,https://opencellid.org/
UMTS,606,1,1040,131760782,-1,20.4666,32.4413,1000,3,1,1748704397,1748704445,0,Libya,Al-Madar Al-Jadeed,https://opencellid.org/
UMTS,606,1,1040,131760783,-1,20.4053,32.4012,2540,23,1,1748704398,1786289341,0,Libya,Al-Madar Al-Jadeed,https://opencellid.org/
UMTS,606,1,1040,131760485,-1,20.5972,32.1946,1000,15,1,1748704398,1748704445,0,Libya,Al-Madar Al-Jadeed,https://opencellid.org/
UMTS,606,1,1040,131760486,-1,20.5914,32.1883,1000,15,1,1748704398,1748704445,0,Libya,Al-Madar Al-Jadeed,https://opencellid.org/
UMTS,606,1,1040,131759166,-1,20.5908,32.1883,1000,5,1,1748704398,1748704445,0,Libya,Al-Madar Al-Jadeed,https://opencellid.org/
UMTS,606,1,1040,131760604,-1,20.5789,32.1811,1027,6,1,1748704398,1748704444,0,Libya,Al-Madar Al-Jadeed,https://opencellid.org/
UMTS,606,1,1040,131759024,-1,20.5804,32.1839,1000,1,1,1748704398,1748704398,0,Libya,Al-Madar Al-Jadeed,https://opencellid.org/
UMTS,606,1,1040,131760606,-1,20.5516,32.1624,3086,29,1,1748704398,1748704445,0,Libya,Al-Madar Al-Jadeed,https://opencellid.org/
UMTS,606,1,1040,131759026,-1,20.5537,32.163,1212,6,1,1748704398,1748704445,0,Libya,Al-Madar Al-Jadeed,https://opencellid.org/
UMTS,606,1,1040,131760616,-1,20.5611,32.1667,1000,3,1,1748704398,1748704444,0,Libya,Al-Madar Al-Jadeed,https://opencellid.org/
UMTS,606,1,1040,131760476,-1,20.5466,32.1595,1000,7,1,1748704398,1748704445,0,Libya,Al-Madar Al-Jadeed,https://opencellid.org/
UMTS,606,1,1040,131760542,-1,20.4392,32.1319,1082,24,1,1748704398,1748704445,0,Libya,Al-Madar Al-Jadeed,https://opencellid.org/
UMTS,606,1,1040,131760543,-1,20.4031,32.1084,3496,25,1,1748704398,1748704445,0,Libya,Al-Madar Al-Jadeed,https://opencellid.org/
UMTS,606,0,5390,46019036,-1,20.3526,32.0906,1521,22,1,1748704399,1748704445,0,Libya,Libyana,https://opencellid.org/
UMTS,606,0,5390,46018623,-1,20.3596,32.0876,1000,1,1,1748704399,1748704399,0,Libya,Libyana,https://opencellid.org/
UMTS,606,0,5390,46019033,-1,20.3545,32.0893,1000,1,1,1748704399,1748704399,0,Libya,Libyana,https://opencellid.org/
UMTS,606,1,1040,131760603,-1,20.5661,32.17,1703,18,1,1748704399,1748704445,0,Libya,Al-Madar Al-Jadeed,https://opencellid.org/
UMTS,606,1,1040,131760601,-1,20.5786,32.182,1000,6,1,1748704400,1748704445,0,Libya,Al-Madar Al-Jadeed,https://opencellid.org/
UMTS,606,1,1040,131759163,-1,20.5865,32.1853,1000,3,1,1748704400,1748704445,0,Libya,Al-Madar Al-Jadeed,https://opencellid.org/
UMTS,606,1,1040,131760483,-1,20.5863,32.185,1000,2,1,1748704400,1748704445,0,Libya,Al-Madar Al-Jadeed,https://opencellid.org/
UMTS,606,1,1040,131760484,-1,20.6015,32.2018,1000,3,1,1748704400,1748704445,0,Libya,Al-Madar Al-Jadeed,https://opencellid.org/
UMTS,606,1,1040,131760481,-1,20.6019,32.2034,1000,3,1,1748704400,1748704445,0,Libya,Al-Madar Al-Jadeed,https://opencellid.org/
UMTS,606,0,5390,46018648,-1,20.5693,32.2304,1000,3,1,1748704400,1748704445,0,Libya,Libyana,https://opencellid.org/
UMTS,606,0,5390,46018676,-1,20.5627,32.2345,1000,1,1,1748704400,1748704400,0,Libya,Libyana,https://opencellid.org/
UMTS,606,0,5390,46018645,-1,20.5597,32.2362,1000,3,1,1748704400,1748704445,0,Libya,Libyana,https://opencellid.org/
UMTS,606,1,1040,131760371,-1,20.3313,32.3545,3260,25,1,1748704400,1786290241,0,Libya,Al-Madar Al-Jadeed,https://opencellid.org/
UMTS,606,1,1040,131760774,-1,20.5233,32.4951,1000,3,1,1748704402,1786289341,0,Libya,Al-Madar Al-Jadeed,https://opencellid.org/
UMTS,606,1,1040,131760724,-1,20.5855,32.5246,1455,24,1,1748704402,1785832682,0,Libya,Al-Madar Al-Jadeed,https://opencellid.org/
UMTS,606,1,1040,131760726,-1,20.5819,32.5371,6005,20,1,1748704402,1748704445,0,Libya,Al-Madar Al-Jadeed,https://opencellid.org/
UMTS,606,1,1040,131760814,-1,20.6003,32.5492,1339,13,1,1748704402,1748704445,0,Libya,Al-Madar Al-Jadeed,https://opencellid.org/
UMTS,606,1,1040,131760811,-1,20.6278,32.5613,1000,1,1,1748704403,1748704403,0,Libya,Al-Madar Al-Jadeed,https://opencellid.org/
LTE,606,1,1240,26424676,-1,20.3866,32.0947,1000,2,1,1748346575,1748704446,0,Libya,Al-Madar Al-Jadeed,https://opencellid.org/
GSM,606,1,1114,13211,-1,20.4165,31.9934,6629,31,1,1751697950,1757319181,0,Libya,Al-Madar Al-Jadeed,https://opencellid.org/
GSM,606,1,1114,13283,-1,20.5484,31.9256,10393,25,1,1751698323,1757319181,0,Libya,Al-Madar Al-Jadeed,https://opencellid.org/
GSM,606,1,1114,13282,-1,20.653,31.9524,1000,16,1,1751699720,1757319181,0,Libya,Al-Madar Al-Jadeed,https://opencellid.org/
GSM,606,1,1115,13681,-1,20.6032,31.9278,1000,1,1,1751705211,1751705211,0,Libya,Al-Madar Al-Jadeed,https://opencellid.org/
GSM,606,1,1115,13751,-1,20.5849,31.9096,1000,1,1,1751705357,1751705357,0,Libya,Al-Madar Al-Jadeed,https://opencellid.org/
UMTS,606,0,5390,46018638,-1,20.3974,32.0414,1321,5,1,1757319131,1757319181,0,Libya,Libyana,https://opencellid.org/
UMTS,606,0,5390,46018635,-1,20.4008,32.035,1000,1,1,1757319131,1757319131,0,Libya,Libyana,https://opencellid.org/
UMTS,606,0,5390,46018624,-1,20.4097,32.0256,1951,6,1,1757319131,1757319181,0,Libya,Libyana,https://opencellid.org/
UMTS,606,0,5310,45951232,198,20.1019,32.1259,1000,3,1,1760931967,1761029942,0,Libya,Libyana,https://opencellid.org/
UMTS,606,0,5310,45955229,253,20.106,32.1291,1000,16,1,1760932017,1761029952,0,Libya,Libyana,https://opencellid.org/
UMTS,606,1,1010,66221976,163,20.105,32.1284,1000,13,1,1760932039,1761029942,0,Libya,Al-Madar Al-Jadeed,https://opencellid.org/
UMTS,606,1,1010,66221974,147,20.1088,32.1281,500,48,1,1760932107,1761029952,0,Libya,Al-Madar Al-Jadeed,https://opencellid.org/
UMTS,606,0,5310,45952257,148,20.1081,32.1304,1000,10,1,1760932137,1761029952,0,Libya,Libyana,https://opencellid.org/
UMTS,606,1,1010,66221893,211,20.1091,32.1296,645,50,1,1760932179,1761029952,0,Libya,Al-Madar Al-Jadeed,https://opencellid.org/
GSM,606,0,4330,42456,-1,20.1097,32.129,1000,1,1,1760932199,1760932199,0,Libya,Libyana,https://opencellid.org/
GSM,606,0,4330,42452,-1,20.1097,32.129,1000,1,1,1760932199,1760932199,0,Libya,Libyana,https://opencellid.org/
UMTS,606,0,5310,45983189,290,20.109,32.1286,1000,24,1,1760932217,1761029952,0,Libya,Libyana,https://opencellid.org/
UMTS,606,1,1010,66221903,459,20.111,32.126,1000,12,1,1760932227,1761029952,0,Libya,Al-Madar Al-Jadeed,https://opencellid.org/
UMTS,606,1,1010,66221873,288,20.1096,32.1287,1000,2,1,1760932309,1761029942,0,Libya,Al-Madar Al-Jadeed,https://opencellid.org/
GSM,606,1,1111,10543,-1,20.1098,32.1289,1000,2,1,1760932318,1761029942,0,Libya,Al-Madar Al-Jadeed,https://opencellid.org/
UMTS,606,1,1010,66221906,459,20.1104,32.1251,1000,14,1,1760932348,1761029952,0,Libya,Al-Madar Al-Jadeed,https://opencellid.org/
UMTS,606,1,1010,66221876,288,20.1096,32.1287,1000,3,1,1760932358,1761029952,0,Libya,Al-Madar Al-Jadeed,https://opencellid.org/
UMTS,606,1,1010,66221896,211,20.1091,32.1284,538,36,1,1760932586,1761029952,0,Libya,Al-Madar Al-Jadeed,https://opencellid.org/
UMTS,606,1,1010,66221971,147,20.1074,32.1303,1396,50,1,1760932608,1761029952,0,Libya,Al-Madar Al-Jadeed,https://opencellid.org/
UMTS,606,1,1010,66221904,443,20.1095,32.1289,1000,1,1,1760932608,1760932608,0,Libya,Al-Madar Al-Jadeed,https://opencellid.org/
UMTS,606,0,5310,45983188,289,20.1105,32.1266,1000,19,1,1760932718,1761029952,0,Libya,Libyana,https://opencellid.org/
UMTS,606,1,1010,66221962,340,20.1068,32.1308,1318,42,1,1760932829,1761029952,0,Libya,Al-Madar Al-Jadeed,https://opencellid.org/
UMTS,606,0,5310,45955708,182,20.1068,32.1329,1000,10,1,1760932899,1761029942,0,Libya,Libyana,https://opencellid.org/
UMTS,606,1,1010,66221932,11,20.1026,32.1372,1000,15,1,1760932947,1761029943,0,Libya,Al-Madar Al-Jadeed,https://opencellid.org/
UMTS,606,0,5310,45951709,390,20.1053,32.1342,1000,7,1,1760932958,1761029942,0,Libya,Libyana,https://opencellid.org/
UMTS,606,0,5310,45951712,390,20.1051,32.1344,1000,5,1,1760932958,1761029942,0,Libya,Libyana,https://opencellid.org/
UMTS,606,0,5310,45955712,183,20.1043,32.135,1000,6,1,1760932968,1761029942,0,Libya,Libyana,https://opencellid.org/
UMTS,606,0,5310,45954950,95,20.1033,32.1357,1000,3,1,1760932989,1761029942,0,Libya,Libyana,https://opencellid.org/
UMTS,606,0,5310,45954947,95,20.1025,32.1364,1000,5,1,1760932999,1761029943,0,Libya,Libyana,https://opencellid.org/
UMTS,606,0,5310,45950947,84,20.1023,32.1398,1000,7,1,1760933009,1761029943,0,Libya,Libyana,https://opencellid.org/
UMTS,606,0,5310,45955798,312,20.1011,32.1397,1000,6,1,1760933009,1761029943,0,Libya,Libyana,https://opencellid.org/
UMTS,606,0,5310,45950950,84,20.1021,32.1367,1000,3,1,1760933029,1761029943,0,Libya,Libyana,https://opencellid.org/
UMTS,606,1,1010,66221933,19,20.0993,32.1355,1000,20,1,1760933029,1761029954,0,Libya,Al-Madar Al-Jadeed,https://opencellid.org/
UMTS,606,0,5310,45955801,312,20.1014,32.1415,1000,12,1,1760933048,1761029943,0,Libya,Libyana,https://opencellid.org/
UMTS,606,0,5310,45951802,426,20.0983,32.1413,1581,11,1,1760933068,1783578421,0,Libya,Libyana,https://opencellid.org/
UMTS,606,0,5310,45951799,426,20.0954,32.139,1332,13,1,1760933079,1783578421,0,Libya,Libyana,https://opencellid.org/
UMTS,606,0,5310,45955799,313,20.1023,32.1439,1000,8,1,1760933089,1761029943,0,Libya,Libyana,https://opencellid.org/
UMTS,606,0,5310,45951797,424,20.1033,32.1454,1000,2,1,1760933109,1761029943,0,Libya,Libyana,https://opencellid.org/
UMTS,606,0,5310,45951577,336,20.098,32.1341,1395,8,1,1760933109,1761030001,0,Libya,Libyana,https://opencellid.org/
UMTS,606,1,1010,66222565,368,20.1047,32.1468,1000,7,1,1760933109,1761029943,0,Libya,Al-Madar Al-Jadeed,https://opencellid.org/
UMTS,606,0,5330,45951742,402,20.1077,32.1497,1000,9,1,1760933129,1761029943,0,Libya,Libyana,https://opencellid.org/
GSM,606,1,1111,10472,-1,20.1074,32.1495,1000,4,1,1760933137,1761029943,0,Libya,Al-Madar Al-Jadeed,https://opencellid.org/
UMTS,606,0,5330,45951737,400,20.1123,32.1542,1000,16,1,1760933148,1761029947,0,Libya,Libyana,https://opencellid.org/
UMTS,606,1,1010,66223886,141,20.1086,32.1506,1000,2,1,1760933148,1761029943,0,Libya,Al-Madar Al-Jadeed,https://opencellid.org/
UMTS,606,1,1010,66223881,30,20.1105,32.1521,1000,6,1,1760933157,1761029943,0,Libya,Al-Madar Al-Jadeed,https://opencellid.org/
UMTS,606,1,1010,66228623,388,20.1152,32.157,1000,23,1,1760933169,1786292041,0,Libya,Al-Madar Al-Jadeed,https://opencellid.org/
UMTS,606,0,5330,45951629,358,20.1125,32.1501,1000,9,1,1760933177,1761029948,0,Libya,Libyana,https://opencellid.org/
UMTS,606,0,5330,45955632,209,20.1139,32.1534,1000,20,1,1760933197,1761029948,0,Libya,Libyana,https://opencellid.org/
UMTS,606,1,1010,66228626,388,20.1132,32.1548,882,31,1,1760933197,1761029947,0,Libya,Al-Madar Al-Jadeed,https://opencellid.org/
UMTS,606,0,5330,45951627,356,20.1143,32.1562,1000,7,1,1760933207,1761029943,0,Libya,Libyana,https://opencellid.org/
UMTS,606,0,5330,45952842,14,20.1176,32.1593,1000,8,1,1760933229,1761029943,0,Libya,Libyana,https://opencellid.org/
UMTS,606,0,5330,45952742,502,20.1176,32.1593,1000,8,1,1760933229,1761029943,0,Libya,Libyana,https://opencellid.org/
UMTS,606,0,5330,45951630,356,20.1181,32.1597,1000,6,1,1760933237,1761029943,0,Libya,Libyana,https://opencellid.org/
UMTS,606,0,5330,45951328,237,20.1198,32.1614,897,29,1,1760933258,1761029947,0,Libya,Libyana,https://opencellid.org/
UMTS,606,0,5330,45951331,237,20.1229,32.1644,1000,12,1,1760933258,1761029944,0,Libya,Libyana,https://opencellid.org/
UMTS,606,1,1010,66228622,331,20.1205,32.1622,1000,20,1,1760933258,1786291142,0,Libya,Al-Madar Al-Jadeed,https://opencellid.org/
UMTS,606,1,1010,66228624,311,20.122,32.1634,2440,46,1,1760933318,1761029947,0,Libya,Al-Madar Al-Jadeed,https://opencellid.org/
UMTS,606,0,5330,45951327,236,20.1242,32.1655,1000,7,1,1760933358,1761029944,0,Libya,Libyana,https://opencellid.org/
UMTS,606,1,1010,66221765,400,20.1253,32.1667,1149,19,1,1760933419,1761029947,0,Libya,Al-Madar Al-Jadeed,https://opencellid.org/
UMTS,606,1,1010,66221762,400,20.127,32.1683,1000,23,1,1760933429,1786291141,0,Libya,Al-Madar Al-Jadeed,https://opencellid.org/
GSM,606,0,4400,10132,-1,20.1266,32.1679,1000,6,1,1760933469,1761029947,0,Libya,Libyana,https://opencellid.org/
GSM,606,0,4400,10135,-1,20.1263,32.1676,1000,5,1,1760933482,1761029947,0,Libya,Libyana,https://opencellid.org/
UMTS,606,0,5390,46016407,53,20.1309,32.172,1599,41,1,1760933519,1761029947,0,Libya,Libyana,https://opencellid.org/
UMTS,606,1,1010,66221764,392,20.1319,32.1751,1867,50,1,1760933548,1761029947,0,Libya,Al-Madar Al-Jadeed,https://opencellid.org/
UMTS,606,0,5390,46016408,54,20.1322,32.1732,1718,32,1,1760933567,1761029947,0,Libya,Libyana,https://opencellid.org/
UMTS,606,1,1010,66221774,36,20.1369,32.1803,1093,12,1,1760933567,1786291141,0,Libya,Al-Madar Al-Jadeed,https://opencellid.org/
UMTS,606,1,1010,66221771,36,20.1352,32.1778,1361,19,1,1760933567,1786291142,0,Libya,Al-Madar Al-Jadeed,https://opencellid.org/
UMTS,606,1,1010,66221761,392,20.1364,32.1809,2120,47,1,1760933589,1761029947,0,Libya,Al-Madar Al-Jadeed,https://opencellid.org/
UMTS,606,1,1010,66224053,55,20.1351,32.1776,1450,27,1,1760933600,1761029947,0,Libya,Al-Madar Al-Jadeed,https://opencellid.org/
UMTS,606,0,5390,46016406,52,20.1382,32.1828,1772,50,1,1760933639,1761029947,0,Libya,Libyana,https://opencellid.org/
UMTS,606,1,1010,66224054,38,20.1365,32.1792,1264,39,1,1760933639,1761029947,0,Libya,Al-Madar Al-Jadeed,https://opencellid.org/
UMTS,606,1,1040,131766136,355,20.1385,32.1803,2008,32,1,1760933980,1786291141,0,Libya,Al-Madar Al-Jadeed,https://opencellid.org/
GSM,606,1,1111,12691,-1,20.1383,32.1838,1210,34,1,1760934049,1786291141,0,Libya,Al-Madar Al-Jadeed,https://opencellid.org/
GSM,606,1,1111,10401,-1,20.1431,32.1859,1000,2,1,1760934094,1761029944,0,Libya,Al-Madar Al-Jadeed,https://opencellid.org/
GSM,606,1,1111,10411,-1,20.1391,32.1888,1000,9,1,1760934319,1761029946,0,Libya,Al-Madar Al-Jadeed,https://opencellid.org/
GSM,606,1,1111,12693,-1,20.139,32.188,1000,20,1,1760934349,1761029946,0,Libya,Al-Madar Al-Jadeed,https://opencellid.org/
UMTS,606,1,1010,66221814,421,20.1388,32.1893,1000,1,1,1760934539,1760934539,0,Libya,Al-Madar Al-Jadeed,https://opencellid.org/
GSM,606,1,1111,10421,-1,20.1383,32.1902,1000,3,1,1760934753,1761029945,0,Libya,Al-Madar Al-Jadeed,https://opencellid.org/
GSM,606,1,1111,10581,-1,20.1385,32.1896,1000,1,1,1760934753,1760934753,0,Libya,Al-Madar Al-Jadeed,https://opencellid.org/
UMTS,606,1,1010,66224051,38,20.1374,32.1853,1000,16,1,1760934759,1761029946,0,Libya,Al-Madar Al-Jadeed,https://opencellid.org/
UMTS,606,0,5390,46048903,369,20.1365,32.1873,1000,22,1,1760934769,1761029946,0,Libya,Libyana,https://opencellid.org/
UMTS,606,0,5390,46048906,369,20.1372,32.1882,500,34,1,1760934830,1761029946,0,Libya,Libyana,https://opencellid.org/
GSM,606,1,1114,10393,-1,20.1383,32.1897,1000,21,1,1760935037,1761029946,0,Libya,Al-Madar Al-Jadeed,https://opencellid.org/
UMTS,606,1,1040,131759176,437,20.1644,32.215,3635,11,1,1760935259,1786291141,0,Libya,Al-Madar Al-Jadeed,https://opencellid.org/
UMTS,606,1,1040,131759173,437,20.1367,32.1882,1000,9,1,1760935279,1761029945,0,Libya,Al-Madar Al-Jadeed,https://opencellid.org/
GSM,606,1,1111,12601,-1,20.1387,32.1899,1000,1,1,1760935710,1760935710,0,Libya,Al-Madar Al-Jadeed,https://opencellid.org/
GSM,606,1,1114,12042,-1,20.1386,32.1902,1000,3,1,1760935710,1761029945,0,Libya,Al-Madar Al-Jadeed,https://opencellid.org/
UMTS,606,1,1010,66224056,55,20.1348,32.1787,1426,38,1,1760935749,1761029947,0,Libya,Al-Madar Al-Jadeed,https://opencellid.org/
UMTS,606,1,1010,66221784,296,20.1387,32.1898,1000,1,1,1760935760,1760935760,0,Libya,Al-Madar Al-Jadeed,https://opencellid.org/
UMTS,606,0,5390,46017438,398,20.139,32.1903,1000,2,1,1760935949,1761029945,0,Libya,Libyana,https://opencellid.org/
UMTS,606,1,1040,131757736,264,20.1387,32.191,1000,1,1,1760936197,1760936197,0,Libya,Al-Madar Al-Jadeed,https://opencellid.org/
UMTS,606,0,5390,45940853,11,20.1385,32.1907,1000,14,1,1760936290,1761029945,0,Libya,Libyana,https://opencellid.org/
UMTS,606,1,1040,131766133,355,20.1373,32.187,1000,6,1,1760936840,1761029946,0,Libya,Al-Madar Al-Jadeed,https://opencellid.org/
GSM,606,1,1114,11813,-1,20.1377,32.1897,1000,2,1,1760936900,1761029945,0,Libya,Al-Madar Al-Jadeed,https://opencellid.org/
GSM,606,1,1114,18773,-1,20.1464,32.1879,1000,10,1,1760936999,1786291141,0,Libya,Al-Madar Al-Jadeed,https://opencellid.org/
UMTS,606,0,5390,46016403,52,20.1384,32.1818,744,30,1,1760937590,1761029946,0,Libya,Libyana,https://opencellid.org/
UMTS,606,0,5390,46017435,398,20.1362,32.1878,1000,1,1,1760937820,1760937820,0,Libya,Libyana,https://opencellid.org/
UMTS,606,0,5390,45951327,236,20.1361,32.1877,1000,1,1,1760937829,1760937829,0,Libya,Libyana,https://opencellid.org/
UMTS,606,0,5390,46018075,162,20.1356,32.1873,1000,1,1,1760937870,1760937870,0,Libya,Libyana,https://opencellid.org/
GSM,606,0,4400,10134,-1,20.1355,32.1871,1000,1,1,1760937887,1760937887,0,Libya,Libyana,https://opencellid.org/
UMTS,606,1,1010,66221781,296,20.1385,32.1836,1000,1,1,1760939400,1760939400,0,Libya,Al-Madar Al-Jadeed,https://opencellid.org/
GSM,606,1,1111,12692,-1,20.1403,32.182,1000,1,1,1760940285,1760940285,0,Libya,Al-Madar Al-Jadeed,https://opencellid.org/
UMTS,606,0,5390,46018358,242,20.1233,32.1648,1000,15,1,1760940559,1761029947,0,Libya,Libyana,https://opencellid.org/
UMTS,606,1,1010,66228625,331,20.1192,32.1573,1000,16,1,1760940660,1786292041,0,Libya,Al-Madar Al-Jadeed,https://opencellid.org/
UMTS,606,0,5330,45955629,209,20.1114,32.1508,1000,14,1,1760940739,1761029948,0,Libya,Libyana,https://opencellid.org/
UMTS,606,1,1010,66223963,382,20.1175,32.1416,1022,28,1,1760940789,1761029948,0,Libya,Al-Madar Al-Jadeed,https://opencellid.org/
UMTS,606,0,5330,45951040,120,20.1149,32.1464,1000,7,1,1760940818,1761029948,0,Libya,Libyana,https://opencellid.org/
UMTS,606,0,5330,45955040,265,20.1156,32.1452,1000,4,1,1760940880,1761029948,0,Libya,Libyana,https://opencellid.org/
UMTS,606,0,5330,45955631,208,20.1165,32.1437,1000,6,1,1760940880,1761029948,0,Libya,Libyana,https://opencellid.org/
UMTS,606,1,1010,66223966,382,20.1164,32.1438,1000,7,1,1760940880,1761029948,0,Libya,Al-Madar Al-Jadeed,https://opencellid.org/
UMTS,606,0,5330,45955038,266,20.1158,32.1449,1000,2,1,1760940900,1761029948,0,Libya,Libyana,https://opencellid.org/
UMTS,606,0,5330,45951038,121,20.1164,32.144,1000,3,1,1760940900,1761029948,0,Libya,Libyana,https://opencellid.org/
UMTS,606,1,1010,66223961,370,20.117,32.1426,1000,9,1,1760940917,1761029948,0,Libya,Al-Madar Al-Jadeed,https://opencellid.org/
UMTS,606,1,1010,66223965,375,20.1181,32.1406,1000,7,1,1760940938,1761029948,0,Libya,Al-Madar Al-Jadeed,https://opencellid.org/
UMTS,606,0,5330,45951041,121,20.1176,32.1416,1000,10,1,1760940958,1761029948,0,Libya,Libyana,https://opencellid.org/
UMTS,606,1,1010,66223962,375,20.1189,32.1391,1000,18,1,1760940987,1761029948,0,Libya,Al-Madar Al-Jadeed,https://opencellid.org/
UMTS,606,0,5330,45955622,499,20.118,32.1409,1000,6,1,1760941010,1761029948,0,Libya,Libyana,https://opencellid.org/
UMTS,606,1,1010,66221853,504,20.1196,32.1374,1000,17,1,1760941047,1761029948,0,Libya,Al-Madar Al-Jadeed,https://opencellid.org/
UMTS,606,0,5330,45951617,352,20.119,32.1388,1000,4,1,1760941077,1761029948,0,Libya,Libyana,https://opencellid.org/
UMTS,606,0,5330,45955619,499,20.119,32.1388,1000,4,1,1760941077,1761029948,0,Libya,Libyana,https://opencellid.org/
UMTS,606,0,5330,45951618,353,20.12,32.1371,1000,4,1,1760941100,1761029948,0,Libya,Libyana,https://opencellid.org/
UMTS,606,0,5330,45955617,497,20.1203,32.1365,1000,2,1,1760941110,1761029948,0,Libya,Libyana,https://opencellid.org/
UMTS,606,0,5330,45955621,498,20.1201,32.1351,1000,7,1,1760941120,1761029948,0,Libya,Libyana,https://opencellid.org/
UMTS,606,0,5330,45951621,353,20.1206,32.1352,1000,1,1,1760941139,1760941139,0,Libya,Libyana,https://opencellid.org/
UMTS,606,1,1010,66221891,195,20.1144,32.133,1000,16,1,1760941139,1761029949,0,Libya,Al-Madar Al-Jadeed,https://opencellid.org/
UMTS,606,0,5330,45951250,204,20.1187,32.1345,1000,8,1,1760941148,1761029948,0,Libya,Libyana,https://opencellid.org/
UMTS,606,0,5330,45951247,204,20.1175,32.1342,1000,2,1,1760941207,1761029948,0,Libya,Libyana,https://opencellid.org/
UMTS,606,0,5330,45951251,205,20.116,32.1336,1000,9,1,1760941259,1761029948,0,Libya,Libyana,https://opencellid.org/
GSM,606,0,4330,11394,-1,20.1171,32.1339,1000,2,1,1760941288,1761029948,0,Libya,Libyana,https://opencellid.org/
GSM,606,0,4320,10513,-1,20.1171,32.1339,1000,2,1,1760941308,1761029948,0,Libya,Libyana,https://opencellid.org/
GSM,606,0,4320,10512,-1,20.1169,32.1338,1000,1,1,1760941393,1760941393,0,Libya,Libyana,https://opencellid.org/
GSM,606,0,4320,10511,-1,20.1169,32.1338,1000,1,1,1760941393,1760941393,0,Libya,Libyana,https://opencellid.org/
GSM,606,0,4320,10873,-1,20.1169,32.1338,1000,1,1,1760941393,1760941393,0,Libya,Libyana,https://opencellid.org/
UMTS,606,0,5330,45951249,206,20.1134,32.1327,1000,17,1,1760941499,1761029949,0,Libya,Libyana,https://opencellid.org/
UMTS,606,0,5330,45951248,205,20.1134,32.1327,1000,17,1,1760941538,1761029949,0,Libya,Libyana,https://opencellid.org/
GSM,606,0,4330,42453,-1,20.1089,32.1283,1000,6,1,1760942248,1761029952,0,Libya,Libyana,https://opencellid.org/
UMTS,606,0,5310,45983192,290,20.1089,32.1283,883,31,1,1760942279,1761029952,0,Libya,Libyana,https://opencellid.org/
UMTS,606,0,5310,45983191,289,20.1101,32.1264,1000,19,1,1760942297,1761029952,0,Libya,Libyana,https://opencellid.org/
UMTS,606,1,1010,66221916,42,20.1127,32.1203,1000,21,1,1760942318,1761029952,0,Libya,Al-Madar Al-Jadeed,https://opencellid.org/
UMTS,606,0,5310,45951547,324,20.113,32.1211,1000,9,1,1760942330,1761029949,0,Libya,Libyana,https://opencellid.org/
UMTS,606,0,5310,45951552,326,20.1139,32.1164,1000,11,1,1760942349,1761029949,0,Libya,Libyana,https://opencellid.org/
UMTS,606,0,5310,45955552,430,20.1118,32.1214,1000,6,1,1760942349,1761029952,0,Libya,Libyana,https://opencellid.org/
UMTS,606,0,5310,45956442,441,20.114,32.1173,1000,6,1,1760942379,1761029949,0,Libya,Libyana,https://opencellid.org/
UMTS,606,0,5310,45952442,508,20.114,32.1171,1000,6,1,1760942389,1761029949,0,Libya,Libyana,https://opencellid.org/
UMTS,606,0,5310,45956438,440,20.1144,32.1115,1000,9,1,1760942430,1761029949,0,Libya,Libyana,https://opencellid.org/
UMTS,606,1,1020,66223126,247,20.1146,32.1144,1000,4,1,1760942430,1761029949,0,Libya,Al-Madar Al-Jadeed,https://opencellid.org/
UMTS,606,0,5310,45951692,382,20.1145,32.1104,1000,10,1,1760942447,1761029949,0,Libya,Libyana,https://opencellid.org/
UMTS,606,0,5310,45951550,324,20.1147,32.1116,1000,5,1,1760942447,1761029949,0,Libya,Libyana,https://opencellid.org/
UMTS,606,0,5330,45951850,444,20.1176,32.1083,1000,19,1,1760942467,1761029949,0,Libya,Libyana,https://opencellid.org/
UMTS,606,0,5310,45956441,440,20.1143,32.1092,1000,5,1,1760942467,1761029949,0,Libya,Libyana,https://opencellid.org/
UMTS,606,0,5310,45950961,89,20.1178,32.1082,1000,5,1,1760942510,1761029949,0,Libya,Libyana,https://opencellid.org/
UMTS,606,0,5330,45951680,376,20.1228,32.1077,1000,11,1,1760942529,1761029949,0,Libya,Libyana,https://opencellid.org/
UMTS,606,0,5330,45952570,363,20.1245,32.106,1000,13,1,1760942557,1761029950,0,Libya,Libyana,https://opencellid.org/
UMTS,606,0,5330,45952567,363,20.1225,32.1068,1000,15,1,1760942568,1761029952,0,Libya,Libyana,https://opencellid.org/
UMTS,606,0,5330,45951771,413,20.1282,32.1052,1000,3,1,1760942629,1761029950,0,Libya,Libyana,https://opencellid.org/
UMTS,606,0,5330,45951772,414,20.1244,32.1056,1000,6,1,1760942647,1761029950,0,Libya,Libyana,https://opencellid.org/
UMTS,606,0,5330,45952572,365,20.1217,32.1026,1000,8,1,1760942769,1761029950,0,Libya,Libyana,https://opencellid.org/
UMTS,606,1,1020,66221466,506,20.1218,32.1023,1000,6,1,1760942790,1761029950,0,Libya,Al-Madar Al-Jadeed,https://opencellid.org/
UMTS,606,1,1020,66221464,490,20.1218,32.1023,1000,4,1,1760942790,1761029950,0,Libya,Al-Madar Al-Jadeed,https://opencellid.org/
UMTS,606,0,5330,45955452,401,20.1221,32.1022,1000,3,1,1760942818,1761029950,0,Libya,Libyana,https://opencellid.org/
UMTS,606,0,5330,45952571,364,20.1222,32.1022,1000,2,1,1760942849,1761029950,0,Libya,Libyana,https://opencellid.org/
UMTS,606,0,5330,45955449,401,20.1215,32.1036,1000,6,1,1760943050,1761029950,0,Libya,Libyana,https://opencellid.org/
UMTS,606,1,1020,66221463,506,20.122,32.1047,1000,10,1,1760943050,1761029950,0,Libya,Al-Madar Al-Jadeed,https://opencellid.org/
UMTS,606,0,5330,45952569,365,20.1215,32.1035,1000,11,1,1760943069,1783095121,0,Libya,Libyana,https://opencellid.org/
GSM,606,1,1112,10101,-1,20.1232,32.1056,1000,1,1,1760943459,1760943459,0,Libya,Al-Madar Al-Jadeed,https://opencellid.org/
UMTS,606,0,5330,45955558,437,20.1227,32.1077,1000,10,1,1760944220,1761029952,0,Libya,Libyana,https://opencellid.org/
UMTS,606,0,5330,45951770,412,20.1266,32.1073,1000,15,1,1760944238,1761029952,0,Libya,Libyana,https://opencellid.org/
UMTS,606,0,5330,45955561,437,20.1218,32.1079,1000,2,1,1760944302,1761029952,0,Libya,Libyana,https://opencellid.org/
UMTS,606,1,1020,66223272,439,20.1082,32.1097,1000,2,1,1760944377,1761029952,0,Libya,Al-Madar Al-Jadeed,https://opencellid.org/
UMTS,606,0,5310,45950962,90,20.1082,32.1097,1000,2,1,1760944377,1761029952,0,Libya,Libyana,https://opencellid.org/
UMTS,606,0,5330,45951679,378,20.1074,32.1133,1000,7,1,1760944400,1761029952,0,Libya,Libyana,https://opencellid.org/
UMTS,606,1,1020,66223276,440,20.1081,32.1121,1000,6,1,1760944440,1761029952,0,Libya,Al-Madar Al-Jadeed,https://opencellid.org/
UMTS,606,1,1020,66221996,90,20.1069,32.1152,1000,9,1,1760944499,1761029952,0,Libya,Al-Madar Al-Jadeed,https://opencellid.org/
GSM,606,0,4330,10856,-1,20.1068,32.1152,1000,3,1,1760944530,1761029952,0,Libya,Libyana,https://opencellid.org/
GSM,606,0,4330,10853,-1,20.1068,32.1153,1000,2,1,1760944538,1761029952,0,Libya,Libyana,https://opencellid.org/
UMTS,606,1,1020,66221993,90,20.1066,32.1163,1000,7,1,1760944538,1761029952,0,Libya,Al-Madar Al-Jadeed,https://opencellid.org/
UMTS,606,0,5310,45951589,342,20.1065,32.1174,1000,8,1,1760944567,1761029952,0,Libya,Libyana,https://opencellid.org/
UMTS,606,1,1020,66223734,23,20.1064,32.1188,1000,4,1,1760944620,1761029952,0,Libya,Al-Madar Al-Jadeed,https://opencellid.org/
UMTS,606,0,5310,45955587,207,20.1064,32.1193,1000,1,1,1760944639,1760944639,0,Libya,Libyana,https://opencellid.org/
UMTS,606,0,5310,45951590,340,20.1046,32.1217,1000,12,1,1760944647,1761029953,0,Libya,Libyana,https://opencellid.org/
UMTS,606,1,1010,66221986,483,20.1065,32.1218,1000,12,1,1760944647,1761029952,0,Libya,Al-Madar Al-Jadeed,https://opencellid.org/
UMTS,606,0,5310,45951587,340,20.1047,32.1221,1000,5,1,1760944769,1761029953,0,Libya,Libyana,https://opencellid.org/
UMTS,606,0,5310,45951230,196,20.107,32.1229,1000,10,1,1760944788,1761029953,0,Libya,Libyana,https://opencellid.org/
UMTS,606,0,5310,45951227,196,20.1074,32.1243,1000,1,1,1760944839,1760944839,0,Libya,Libyana,https://opencellid.org/
UMTS,606,0,5310,45956260,488,20.1083,32.128,1000,7,1,1760944947,1761029952,0,Libya,Libyana,https://opencellid.org/
UMTS,606,0,5310,45956257,488,20.111,32.1253,1000,9,1,1760944999,1761029952,0,Libya,Libyana,https://opencellid.org/
GSM,606,1,1111,10541,-1,20.1095,32.1288,1000,1,1,1760945070,1760945070,0,Libya,Al-Madar Al-Jadeed,https://opencellid.org/
UMTS,606,0,5310,45955711,182,20.1073,32.1296,1000,14,1,1760945189,1761029952,0,Libya,Libyana,https://opencellid.org/
UMTS,606,0,5310,45952260,148,20.1055,32.1292,1000,3,1,1760945207,1761029952,0,Libya,Libyana,https://opencellid.org/
UMTS,606,0,5310,45955232,253,20.1054,32.129,1000,6,1,1760945218,1761029952,0,Libya,Libyana,https://opencellid.org/
GSM,606,1,1111,10572,-1,20.1098,32.1282,1000,2,1,1760945819,1761029952,0,Libya,Al-Madar Al-Jadeed,https://opencellid.org/
UMTS,606,1,1010,66222004,27,20.1046,32.1224,1000,18,1,1760945919,1761029953,0,Libya,Al-Madar Al-Jadeed,https://opencellid.org/
UMTS,606,0,5310,45955549,430,20.109,32.1235,1000,2,1,1760945938,1761029952,0,Libya,Libyana,https://opencellid.org/
UMTS,606,0,5310,45955227,254,20.0996,32.1219,1000,11,1,1760946039,1761029953,0,Libya,Libyana,https://opencellid.org/
UMTS,606,0,5310,45951538,321,20.0936,32.1248,1000,9,1,1760946169,1761029953,0,Libya,Libyana,https://opencellid.org/
UMTS,606,0,5310,45951540,320,20.0953,32.1278,1000,10,1,1760946188,1761029953,0,Libya,Libyana,https://opencellid.org/
UMTS,606,0,5310,45951537,320,20.0932,32.1256,1000,5,1,1760946207,1761029953,0,Libya,Libyana,https://opencellid.org/
UMTS,606,0,5310,45955541,217,20.093,32.1289,1000,24,1,1760946218,1761030002,0,Libya,Libyana,https://opencellid.org/
UMTS,606,0,5310,45952241,510,20.0922,32.1281,1000,24,1,1760946218,1761030002,0,Libya,Libyana,https://opencellid.org/
UMTS,606,0,5310,45955540,216,20.0943,32.1293,1000,20,1,1760946218,1761030002,0,Libya,Libyana,https://opencellid.org/
UMTS,606,0,5310,45951578,337,20.0969,32.1315,1000,19,1,1760946277,1761030001,0,Libya,Libyana,https://opencellid.org/
UMTS,606,0,5310,45951580,336,20.0985,32.1342,1000,4,1,1760946330,1761029953,0,Libya,Libyana,https://opencellid.org/
UMTS,606,1,1010,66221951,99,20.0924,32.1294,1000,19,1,1760946330,1761030002,0,Libya,Al-Madar Al-Jadeed,https://opencellid.org/
UMTS,606,0,5310,45955580,434,20.0982,32.1335,1000,2,1,1760946339,1761029953,0,Libya,Libyana,https://opencellid.org/
UMTS,606,0,5310,45952239,511,20.0949,32.1281,1000,8,1,1760946359,1761030001,0,Libya,Libyana,https://opencellid.org/
UMTS,606,0,5310,45950857,48,20.0862,32.1308,1000,14,1,1760946469,1783596482,0,Libya,Libyana,https://opencellid.org/
UMTS,606,0,5310,45954862,379,20.0839,32.1249,1000,7,1,1760946488,1761030002,0,Libya,Libyana,https://opencellid.org/
UMTS,606,0,5310,45950862,50,20.0823,32.1248,1000,2,1,1760946529,1761030002,0,Libya,Libyana,https://opencellid.org/
UMTS,606,0,5310,45950859,50,20.0814,32.1244,1000,4,1,1760946547,1761030002,0,Libya,Libyana,https://opencellid.org/
UMTS,606,0,5310,45952827,480,20.0811,32.1242,1000,2,1,1760946567,1761030002,0,Libya,Libyana,https://opencellid.org/
UMTS,606,0,5310,45952830,480,20.0809,32.1242,1000,1,1,1760946649,1760946649,0,Libya,Libyana,https://opencellid.org/
LTE,606,0,1030,1037826,-1,14.769,32.4001,1000,1,1,1761748591,1761748591,0,Libya,Libyana,https://opencellid.org/
LTE,606,0,2120,356611,-1,13.2527,32.5857,1000,1,1,1766411362,1766411362,0,Libya,Libyana,https://opencellid.org/
LTE,606,0,2120,353794,-1,13.2527,32.5857,1000,1,1,1766411288,1766411288,0,Libya,Libyana,https://opencellid.org/
LTE,606,1,4031,1024260,-1,15.0922,32.3778,1000,1,1,1766559740,1766559740,0,Libya,Al-Madar Al-Jadeed,https://opencellid.org/
LTE,606,1,4041,1286147,-1,15.0786,32.3636,1000,1,1,1766561239,1766561239,0,Libya,Al-Madar Al-Jadeed,https://opencellid.org/
LTE,606,1,4031,1026817,-1,15.0776,32.3654,1000,3,1,1766561740,1766574481,0,Libya,Al-Madar Al-Jadeed,https://opencellid.org/
LTE,606,1,4031,1026818,-1,15.0759,32.3634,1000,1,1,1766561800,1766561800,0,Libya,Al-Madar Al-Jadeed,https://opencellid.org/
LTE,606,1,4031,1026821,-1,15.0732,32.3616,1000,1,1,1766561815,1766561815,0,Libya,Al-Madar Al-Jadeed,https://opencellid.org/
LTE,606,1,4041,1069316,-1,15.0723,32.361,1000,1,1,1766561825,1766561825,0,Libya,Al-Madar Al-Jadeed,https://opencellid.org/
LTE,606,1,4021,1048321,-1,15.0611,32.3575,1000,1,1,1766561978,1766561978,0,Libya,Al-Madar Al-Jadeed,https://opencellid.org/
LTE,606,1,4021,1031685,-1,15.0598,32.3572,1000,1,1,1766562009,1766562009,0,Libya,Al-Madar Al-Jadeed,https://opencellid.org/
LTE,606,1,4021,1048324,-1,15.0594,32.3568,1000,1,1,1766562019,1766562019,0,Libya,Al-Madar Al-Jadeed,https://opencellid.org/
LTE,606,1,4021,1048323,-1,15.0474,32.3523,1000,1,1,1766562089,1766562089,0,Libya,Al-Madar Al-Jadeed,https://opencellid.org/
LTE,606,1,4021,1048326,-1,15.0465,32.3509,1000,1,1,1766562099,1766562099,0,Libya,Al-Madar Al-Jadeed,https://opencellid.org/
LTE,606,1,4021,1029121,-1,15.0433,32.3472,1000,5,1,1766562129,1766575081,0,Libya,Al-Madar Al-Jadeed,https://opencellid.org/
LTE,606,1,4041,1065729,-1,15.0442,32.3485,1000,1,1,1766562144,1766562144,0,Libya,Al-Madar Al-Jadeed,https://opencellid.org/
LTE,606,1,4021,1029122,-1,15.0383,32.3423,1000,4,1,1766562184,1766575081,0,Libya,Al-Madar Al-Jadeed,https://opencellid.org/
LTE,606,1,4021,1311491,-1,15.0343,32.3389,1000,2,1,1766562234,1766575081,0,Libya,Al-Madar Al-Jadeed,https://opencellid.org/
LTE,606,1,4021,1040897,-1,15.032,32.3372,1000,1,1,1766562259,1766562259,0,Libya,Al-Madar Al-Jadeed,https://opencellid.org/
LTE,606,1,4021,1040900,-1,15.031,32.3368,1000,1,1,1766562274,1766562274,0,Libya,Al-Madar Al-Jadeed,https://opencellid.org/
LTE,606,1,4021,1311509,-1,15.034,32.3338,1000,9,1,1766562279,1766575081,0,Libya,Al-Madar Al-Jadeed,https://opencellid.org/
LTE,606,1,4021,1311508,-1,15.0435,32.3257,1000,17,1,1766562399,1767015963,0,Libya,Al-Madar Al-Jadeed,https://opencellid.org/
LTE,606,1,4021,1311507,-1,15.0466,32.3324,1000,6,1,1766562594,1767015963,0,Libya,Al-Madar Al-Jadeed,https://opencellid.org/
LTE,606,1,4041,1042179,-1,15.0514,32.3201,1000,1,1,1766562913,1766562913,0,Libya,Al-Madar Al-Jadeed,https://opencellid.org/
LTE,606,1,4041,1042182,-1,15.051,32.3202,1000,1,1,1766565326,1766565326,0,Libya,Al-Madar Al-Jadeed,https://opencellid.org/
LTE,606,1,4041,1029636,-1,15.0984,32.3564,1000,1,1,1767003331,1767003331,0,Libya,Al-Madar Al-Jadeed,https://opencellid.org/
LTE,606,0,3240,2561859,-1,14.4284,27.0369,1000,5,1,1767036270,1767602161,0,Libya,Libyana,https://opencellid.org/
LTE,606,3,40201,230401035,-1,14.4284,27.0369,1000,5,1,1767036270,1767602161,0,Libya,Libya Telecom & Technology (Libya Phone),https://opencellid.org/
LTE,606,3,40201,230402327,-1,14.4006,27.0394,1000,4,1,1767589336,1767602161,0,Libya,Libya Telecom & Technology (Libya Phone),https://opencellid.org/
LTE,606,0,3240,2575928,-1,14.4021,27.0402,1000,3,1,1767589336,1767602161,0,Libya,Libyana,https://opencellid.org/
LTE,606,3,40201,230402317,-1,14.4017,27.0399,1000,3,1,1767589346,1767602161,0,Libya,Libya Telecom & Technology (Libya Phone),https://opencellid.org/
LTE,606,0,3240,2575929,-1,14.4005,27.0392,1000,3,1,1767589371,1767602161,0,Libya,Libyana,https://opencellid.org/
LTE,606,0,3240,2578756,-1,14.3997,27.0391,1000,1,1,1767589401,1767589401,0,Libya,Libyana,https://opencellid.org/
LTE,606,1,4041,1042191,-1,15.0514,32.3201,1000,2,1,1767676126,1767864241,0,Libya,Al-Madar Al-Jadeed,https://opencellid.org/
LTE,606,1,4042,1275907,-1,15.0898,32.1979,1000,1,1,1767851604,1767851604,0,Libya,Al-Madar Al-Jadeed,https://opencellid.org/
LTE,606,0,2120,428549,-1,13.2965,32.8167,1000,9,1,1772709442,1772756461,0,Libya,Libyana,https://opencellid.org/
LTE,606,0,2120,428546,-1,13.2973,32.8175,1000,2,1,1772715075,1772729054,0,Libya,Libyana,https://opencellid.org/
LTE,606,0,2120,428550,-1,13.2915,32.8147,1000,20,1,1772715161,1772735761,0,Libya,Libyana,https://opencellid.org/
LTE,606,0,2120,468741,-1,13.2882,32.8142,1000,6,1,1772715201,1772729054,0,Libya,Libyana,https://opencellid.org/
LTE,606,0,2120,468738,-1,13.2882,32.8141,1000,2,1,1772715216,1772729054,0,Libya,Libyana,https://opencellid.org/
LTE,606,0,2120,428547,-1,13.2884,32.8155,1000,6,1,1772715221,1772729054,0,Libya,Libyana,https://opencellid.org/
UMTS,606,0,2120,2115464,-1,13.2893,32.8134,1000,1,1,1772735744,1772735744,0,Libya,Libyana,https://opencellid.org/
GSM,606,1,2034,30302,-1,13.2976,32.8177,1000,1,1,1773010681,1773010681,0,Libya,Al-Madar Al-Jadeed,https://opencellid.org/
UMTS,606,0,2120,2107743,-1,13.2987,32.8149,1000,1,1,1773072352,1773072352,0,Libya,Libyana,https://opencellid.org/
UMTS,606,0,2120,2113894,-1,13.2976,32.8177,1000,1,1,1773072352,1773072352,0,Libya,Libyana,https://opencellid.org/
UMTS,606,1,308,19960117,-1,13.2987,32.8149,1000,1,1,1773072352,1773072352,0,Libya,Al-Madar Al-Jadeed,https://opencellid.org/
UMTS,606,1,1050,197299823,-1,21.7926,32.7764,661,27,1,1782805660,1785845821,0,Libya,Al-Madar Al-Jadeed,https://opencellid.org/
LTE,606,0,6410,521475,-1,21.7934,32.7762,1000,13,1,1782793039,1785932642,0,Libya,Libyana,https://opencellid.org/
UMTS,606,0,5330,45954760,-1,20.1251,32.0957,1000,19,1,1783095060,1783596482,0,Libya,Libyana,https://opencellid.org/
UMTS,606,0,5330,45952579,-1,20.1267,32.0952,1000,22,1,1783095060,1783596481,0,Libya,Libyana,https://opencellid.org/
UMTS,606,0,5330,45954757,-1,20.1249,32.0959,1000,7,1,1783095060,1783578421,0,Libya,Libyana,https://opencellid.org/
UMTS,606,0,5330,45950760,-1,20.1225,32.0976,1000,9,1,1783095060,1783596482,0,Libya,Libyana,https://opencellid.org/
UMTS,606,0,5330,45950757,-1,20.1232,32.0973,1000,13,1,1783095060,1783596482,0,Libya,Libyana,https://opencellid.org/
UMTS,606,0,5330,45954759,-1,20.1189,32.0978,1000,15,1,1783095060,1783596481,0,Libya,Libyana,https://opencellid.org/
UMTS,606,0,5330,45954762,-1,20.1196,32.0979,1000,19,1,1783095060,1783596482,0,Libya,Libyana,https://opencellid.org/
UMTS,606,0,5330,45952577,-1,20.1277,32.0969,1000,3,1,1783095060,1783095121,0,Libya,Libyana,https://opencellid.org/
UMTS,606,0,5330,45951409,-1,20.1277,32.0935,1000,17,1,1783095060,1783533782,0,Libya,Libyana,https://opencellid.org/
UMTS,606,0,5330,45951407,-1,20.1292,32.0937,1000,9,1,1783095060,1783533782,0,Libya,Libyana,https://opencellid.org/
UMTS,606,0,5330,45951239,-1,20.1281,32.091,1000,1,1,1783095060,1783095060,0,Libya,Libyana,https://opencellid.org/
UMTS,606,0,5330,45951408,-1,20.1307,32.0899,1000,19,1,1783095060,1783533782,0,Libya,Libyana,https://opencellid.org/
UMTS,606,0,5330,45952401,-1,20.1346,32.0892,1000,11,1,1783095060,1783533782,0,Libya,Libyana,https://opencellid.org/
GSM,606,0,4380,11714,-1,20.1329,32.0901,1000,1,1,1783095060,1783095060,0,Libya,Libyana,https://opencellid.org/
UMTS,606,0,5330,45956450,-1,20.1336,32.0891,1000,4,1,1783095060,1783533782,0,Libya,Libyana,https://opencellid.org/
UMTS,606,0,5330,46022298,-1,20.1331,32.0892,1000,5,1,1783095060,1783533782,0,Libya,Libyana,https://opencellid.org/
UMTS,606,0,5330,45952450,-1,20.1315,32.0896,1000,12,1,1783095060,1783533782,0,Libya,Libyana,https://opencellid.org/
UMTS,606,0,5330,45951411,-1,20.1294,32.0902,1000,21,1,1783095060,1783533782,0,Libya,Libyana,https://opencellid.org/
UMTS,606,0,5330,45950761,-1,20.128,32.0905,1000,7,1,1783095060,1783533782,0,Libya,Libyana,https://opencellid.org/
UMTS,606,0,5330,45952582,-1,20.1314,32.095,1167,23,1,1783095062,1783596541,0,Libya,Libyana,https://opencellid.org/
UMTS,606,0,5330,45955451,-1,20.1242,32.0971,1000,7,1,1783095062,1783596482,0,Libya,Libyana,https://opencellid.org/
GSM,606,0,4380,10024,-1,20.1205,32.0986,1000,1,1,1783095062,1783095062,0,Libya,Libyana,https://opencellid.org/
UMTS,606,0,5330,45952568,-1,20.1224,32.0982,1000,3,1,1783095062,1783095121,0,Libya,Libyana,https://opencellid.org/
UMTS,606,0,5330,45955448,-1,20.1245,32.0976,1000,7,1,1783095062,1783596481,0,Libya,Libyana,https://opencellid.org/
UMTS,606,0,5330,45951448,-1,20.1254,32.098,1000,2,1,1783095062,1783095121,0,Libya,Libyana,https://opencellid.org/
UMTS,606,0,5330,45952447,-1,20.1256,32.0969,1000,1,1,1783095062,1783095062,0,Libya,Libyana,https://opencellid.org/
UMTS,606,0,5330,45955178,-1,20.1183,32.0984,1000,1,1,1783105067,1783105067,0,Libya,Libyana,https://opencellid.org/
UMTS,606,0,5330,45983237,-1,20.1146,32.0984,1000,11,1,1783105067,1783596481,0,Libya,Libyana,https://opencellid.org/
UMTS,606,0,5310,45956497,-1,20.1088,32.1004,1000,7,1,1783105067,1783596481,0,Libya,Libyana,https://opencellid.org/
UMTS,606,0,5330,45951198,-1,20.1103,32.1,1000,4,1,1783105067,1783596481,0,Libya,Libyana,https://opencellid.org/
GSM,606,0,4380,42501,-1,20.1169,32.098,1000,1,1,1783105067,1783105067,0,Libya,Libyana,https://opencellid.org/
UMTS,606,0,5330,45983240,-1,20.1162,32.0982,1000,5,1,1783105067,1783596482,0,Libya,Libyana,https://opencellid.org/
UMTS,606,0,5330,45951412,-1,20.1278,32.0935,1000,24,1,1783105067,1783533782,0,Libya,Libyana,https://opencellid.org/
UMTS,606,0,5330,45951410,-1,20.1291,32.093,1000,3,1,1783105067,1783105082,0,Libya,Libyana,https://opencellid.org/
UMTS,606,0,5330,45956447,-1,20.1342,32.0889,1000,2,1,1783105067,1783105082,0,Libya,Libyana,https://opencellid.org/
UMTS,606,0,5330,45951201,-1,20.1097,32.1002,1000,5,1,1783578394,1783596482,0,Libya,Libyana,https://opencellid.org/
UMTS,606,0,5330,45983242,-1,20.1113,32.0996,1000,4,1,1783578394,1783596482,0,Libya,Libyana,https://opencellid.org/
UMTS,606,0,5330,45956500,-1,20.1089,32.1005,1000,3,1,1783578394,1783596482,0,Libya,Libyana,https://opencellid.org/
UMTS,606,0,5330,45955200,-1,20.1075,32.1017,1000,10,1,1783578394,1783596482,0,Libya,Libyana,https://opencellid.org/
UMTS,606,0,5330,45951197,-1,20.1046,32.1019,1000,8,1,1783578394,1783596481,0,Libya,Libyana,https://opencellid.org/
UMTS,606,0,5310,45956498,-1,20.1022,32.1022,1000,2,1,1783578394,1783578421,0,Libya,Libyana,https://opencellid.org/
UMTS,606,0,65534,264264,-1,20.1015,32.1026,1000,1,1,1783578394,1783578394,0,Libya,Libyana,https://opencellid.org/
UMTS,606,0,5310,45952502,-1,20.1012,32.1038,1000,5,1,1783578394,1783596481,0,Libya,Libyana,https://opencellid.org/
UMTS,606,0,5310,45955061,-1,20.1009,32.1051,1000,5,1,1783578394,1783578421,0,Libya,Libyana,https://opencellid.org/
UMTS,606,0,5310,45951061,-1,20.1008,32.1076,1000,7,1,1783578394,1783596481,0,Libya,Libyana,https://opencellid.org/
UMTS,606,0,5310,45955058,-1,20.1012,32.1091,1000,3,1,1783578394,1783596481,0,Libya,Libyana,https://opencellid.org/
UMTS,606,0,5310,45955057,-1,20.1,32.1132,1000,3,1,1783578394,1783596481,0,Libya,Libyana,https://opencellid.org/
UMTS,606,0,5310,45955060,-1,20.0981,32.1152,1000,5,1,1783578394,1783596481,0,Libya,Libyana,https://opencellid.org/
UMTS,606,0,5310,45985408,-1,20.0955,32.1172,1000,11,1,1783578394,1783596481,0,Libya,Libyana,https://opencellid.org/
UMTS,606,0,5310,45983408,-1,20.0906,32.122,1000,5,1,1783578394,1783578421,0,Libya,Libyana,https://opencellid.org/
UMTS,606,0,5310,45952248,-1,20.093,32.1196,1000,2,1,1783578394,1783578421,0,Libya,Libyana,https://opencellid.org/
UMTS,606,0,5310,45952247,-1,20.0916,32.121,1000,9,1,1783578394,1783596482,0,Libya,Libyana,https://opencellid.org/
UMTS,606,0,5310,45950861,-1,20.0904,32.1222,1000,2,1,1783578394,1783578421,0,Libya,Libyana,https://opencellid.org/
UMTS,606,0,5310,45950858,-1,20.09,32.1228,1000,3,1,1783578394,1783596482,0,Libya,Libyana,https://opencellid.org/
UMTS,606,0,5310,45955538,-1,20.0894,32.1234,1000,3,1,1783578394,1783596482,0,Libya,Libyana,https://opencellid.org/
UMTS,606,0,5310,45954857,-1,20.0886,32.1255,1000,4,1,1783578394,1783596482,0,Libya,Libyana,https://opencellid.org/
UMTS,606,0,5310,45955579,-1,20.0848,32.1361,1000,2,1,1783578395,1783578421,0,Libya,Libyana,https://opencellid.org/
UMTS,606,0,5310,45951217,-1,20.0817,32.1347,1000,1,1,1783578395,1783578395,0,Libya,Libyana,https://opencellid.org/
UMTS,606,0,5320,45951217,-1,20.081,32.1344,1000,2,1,1783578395,1783578421,0,Libya,Libyana,https://opencellid.org/
UMTS,606,0,5310,45955217,-1,20.0791,32.1343,1000,1,1,1783578395,1783578395,0,Libya,Libyana,https://opencellid.org/
UMTS,606,0,5320,45955220,-1,20.081,32.1343,1000,4,1,1783578395,1783578421,0,Libya,Libyana,https://opencellid.org/
UMTS,606,0,5320,45952242,-1,20.0825,32.135,1000,1,1,1783578395,1783578395,0,Libya,Libyana,https://opencellid.org/
UMTS,606,0,5310,45955582,-1,20.0849,32.1358,1000,3,1,1783578395,1783578421,0,Libya,Libyana,https://opencellid.org/
UMTS,606,0,5310,45950860,-1,20.0867,32.1321,1000,19,1,1783578395,1783596482,0,Libya,Libyana,https://opencellid.org/
UMTS,606,0,5310,45954860,-1,20.0888,32.125,1000,4,1,1783578395,1783578421,0,Libya,Libyana,https://opencellid.org/
UMTS,606,0,5310,45983411,-1,20.0912,32.1214,1000,4,1,1783578395,1783578421,0,Libya,Libyana,https://opencellid.org/
UMTS,606,0,5310,45951659,-1,20.1003,32.1127,1000,3,1,1783578395,1783596481,0,Libya,Libyana,https://opencellid.org/
UMTS,606,0,5310,45951058,-1,20.1006,32.1069,1000,3,1,1783578395,1783578421,0,Libya,Libyana,https://opencellid.org/
UMTS,606,0,5310,45955502,-1,20.1007,32.1061,1000,3,1,1783578395,1783596481,0,Libya,Libyana,https://opencellid.org/
UMTS,606,0,5310,45956501,-1,20.1018,32.1023,1000,3,1,1783578395,1783596481,0,Libya,Libyana,https://opencellid.org/
UMTS,606,0,5310,45952501,-1,20.1023,32.1022,1000,2,1,1783578395,1783596481,0,Libya,Libyana,https://opencellid.org/
UMTS,606,0,5310,45956500,-1,20.1104,32.0999,1000,11,1,1783578395,1783596482,0,Libya,Libyana,https://opencellid.org/
UMTS,606,0,5330,45951200,-1,20.1072,32.102,1000,3,1,1783578395,1783596482,0,Libya,Libyana,https://opencellid.org/
UMTS,606,0,5330,45955201,-1,20.1084,32.1007,1000,2,1,1783578396,1783578421,0,Libya,Libyana,https://opencellid.org/
LTE,606,0,6320,268295,-1,20.0784,32.1351,1000,1,1,1783564920,1783564920,0,Libya,Libyana,https://opencellid.org/
UMTS,606,0,5330,45983239,-1,20.111,32.0997,1000,8,1,1783596434,1783596481,0,Libya,Libyana,https://opencellid.org/
UMTS,606,0,5330,45955198,-1,20.1077,32.1011,1000,2,1,1783596434,1783596481,0,Libya,Libyana,https://opencellid.org/
UMTS,606,0,5330,45955197,-1,20.1065,32.1015,1000,2,1,1783596434,1783596481,0,Libya,Libyana,https://opencellid.org/
UMTS,606,0,5310,45952499,-1,20.1012,32.1042,1000,6,1,1783596434,1783596481,0,Libya,Libyana,https://opencellid.org/
UMTS,606,0,5310,45955661,-1,20.1009,32.1116,1000,3,1,1783596434,1783596481,0,Libya,Libyana,https://opencellid.org/
UMTS,606,0,5310,45955662,-1,20.0988,32.1148,1000,7,1,1783596434,1783596481,0,Libya,Libyana,https://opencellid.org/
UMTS,606,0,5310,45985411,-1,20.0966,32.1165,1000,4,1,1783596434,1783596481,0,Libya,Libyana,https://opencellid.org/
UMTS,606,0,5310,45951020,-1,20.093,32.1197,1000,4,1,1783596434,1783596482,0,Libya,Libyana,https://opencellid.org/
UMTS,606,0,5310,45952250,-1,20.0906,32.1221,1000,2,1,1783596440,1783596482,0,Libya,Libyana,https://opencellid.org/
UMTS,606,0,5310,45952249,-1,20.0891,32.1239,1000,1,1,1783596440,1783596440,0,Libya,Libyana,https://opencellid.org/
UMTS,606,0,5310,45956499,-1,20.1015,32.1098,1000,1,1,1783596440,1783596440,0,Libya,Libyana,https://opencellid.org/
UMTS,606,0,5330,45955849,-1,20.109,32.1074,1000,5,1,1783596440,1783596482,0,Libya,Libyana,https://opencellid.org/
UMTS,606,0,5330,45951849,-1,20.1085,32.1053,1000,4,1,1783596440,1783596482,0,Libya,Libyana,https://opencellid.org/
UMTS,606,0,5330,45951852,-1,20.1083,32.1042,1000,1,1,1783596440,1783596440,0,Libya,Libyana,https://opencellid.org/
UMTS,606,0,5310,45954762,-1,20.1161,32.0981,1000,2,1,1783596440,1783596482,0,Libya,Libyana,https://opencellid.org/
UMTS,606,1,1030,66222343,-1,20.0864,32.0824,1000,7,1,1784124085,1786346341,0,Libya,Al-Madar Al-Jadeed,https://opencellid.org/
LTE,606,0,6310,273927,-1,20.0863,32.0828,500,29,1,1784110542,1786346341,0,Libya,Libyana,https://opencellid.org/
LTE,606,0,6310,273922,-1,20.0863,32.0819,1000,9,1,1784109697,1786346341,0,Libya,Libyana,https://opencellid.org/
GSM,606,1,1113,11352,-1,20.1364,31.9866,1000,2,1,1784186111,1784200682,0,Libya,Al-Madar Al-Jadeed,https://opencellid.org/
GSM,606,1,1113,11351,-1,20.1374,31.9829,1000,2,1,1784186136,1784200682,0,Libya,Al-Madar Al-Jadeed,https://opencellid.org/
GSM,606,1,1113,16502,-1,20.1605,31.934,1000,2,1,1784186401,1784200682,0,Libya,Al-Madar Al-Jadeed,https://opencellid.org/
GSM,606,1,1115,11373,-1,20.1628,31.9292,1000,10,1,1784186436,1784204401,0,Libya,Al-Madar Al-Jadeed,https://opencellid.org/
UMTS,606,1,1030,66222366,-1,20.0944,32.0781,1000,20,1,1784200656,1786346341,0,Libya,Al-Madar Al-Jadeed,https://opencellid.org/
UMTS,606,1,1030,66222363,-1,20.094,32.0786,1000,10,1,1784200656,1784204403,0,Libya,Al-Madar Al-Jadeed,https://opencellid.org/
UMTS,606,1,1030,66222364,-1,20.0958,32.0793,1000,2,1,1784200656,1786346341,0,Libya,Al-Madar Al-Jadeed,https://opencellid.org/
UMTS,606,1,1030,66222445,-1,20.1015,32.0683,1000,10,1,1784200656,1784200682,0,Libya,Al-Madar Al-Jadeed,https://opencellid.org/
UMTS,606,1,1030,66224246,-1,20.1048,32.0631,1000,4,1,1784200656,1784200682,0,Libya,Al-Madar Al-Jadeed,https://opencellid.org/
UMTS,606,1,1030,66224245,-1,20.1073,32.0584,1000,12,1,1784200656,1784200682,0,Libya,Al-Madar Al-Jadeed,https://opencellid.org/
UMTS,606,1,1030,66222524,-1,20.1099,32.0535,1000,6,1,1784200656,1784200682,0,Libya,Al-Madar Al-Jadeed,https://opencellid.org/
UMTS,606,1,1030,66224086,-1,20.1138,32.0471,1000,12,1,1784200656,1784200682,0,Libya,Al-Madar Al-Jadeed,https://opencellid.org/
UMTS,606,1,1030,66224224,-1,20.116,32.0425,1000,8,1,1784200656,1784200682,0,Libya,Al-Madar Al-Jadeed,https://opencellid.org/
UMTS,606,1,1030,66224225,-1,20.1192,32.0352,1000,21,1,1784200656,1784200682,0,Libya,Al-Madar Al-Jadeed,https://opencellid.org/
UMTS,606,1,1030,66222704,-1,20.1234,32.0243,1000,11,1,1784200657,1784200682,0,Libya,Al-Madar Al-Jadeed,https://opencellid.org/
UMTS,606,1,1030,66222705,-1,20.129,32.0072,1622,44,1,1784200657,1784204402,0,Libya,Al-Madar Al-Jadeed,https://opencellid.org/
UMTS,606,1,1030,66222715,-1,20.127,32.0012,1716,16,1,1784200657,1784204402,0,Libya,Al-Madar Al-Jadeed,https://opencellid.org/
UMTS,606,1,1030,66222711,-1,20.1369,31.9847,1000,1,1,1784200657,1784200657,0,Libya,Al-Madar Al-Jadeed,https://opencellid.org/
UMTS,606,1,1030,66227863,-1,20.1412,31.9699,1466,24,1,1784200657,1784200682,0,Libya,Al-Madar Al-Jadeed,https://opencellid.org/
UMTS,606,1,1030,66227861,-1,20.1534,31.9448,1454,25,1,1784200657,1784200682,0,Libya,Al-Madar Al-Jadeed,https://opencellid.org/
UMTS,606,1,1040,131761092,-1,20.1609,31.9167,1161,26,1,1784200658,1784204402,0,Libya,Al-Madar Al-Jadeed,https://opencellid.org/
UMTS,606,1,1040,131761095,-1,20.1615,31.9224,1879,35,1,1784200658,1784204402,0,Libya,Al-Madar Al-Jadeed,https://opencellid.org/
UMTS,606,0,5340,46018964,-1,20.1636,31.9157,1000,1,1,1784200658,1784200658,0,Libya,Libyana,https://opencellid.org/
LTE,606,0,6410,514,-1,20.096,32.079,1000,3,1,1784176556,1784200683,0,Libya,Libyana,https://opencellid.org/
LTE,606,0,6310,256328,-1,20.096,32.0792,1000,2,1,1784177169,1786346341,0,Libya,Libyana,https://opencellid.org/
LTE,606,0,6310,256265,-1,20.0962,32.0791,1000,2,1,1784179054,1784200683,0,Libya,Libyana,https://opencellid.org/
LTE,606,0,6310,256259,-1,20.0931,32.0779,1000,13,1,1784184913,1786346342,0,Libya,Libyana,https://opencellid.org/
LTE,606,0,6310,256264,-1,20.0955,32.0761,1000,3,1,1784185364,1784200683,0,Libya,Libyana,https://opencellid.org/
LTE,606,0,6330,308738,-1,20.0991,32.0719,1000,3,1,1784185434,1784200683,0,Libya,Libyana,https://opencellid.org/
LTE,606,0,6330,273426,-1,20.1005,32.0698,1000,2,1,1784185464,1784200683,0,Libya,Libyana,https://opencellid.org/
LTE,606,0,6330,273433,-1,20.1014,32.0684,1000,2,1,1784185474,1784200683,0,Libya,Libyana,https://opencellid.org/
LTE,606,0,6330,289793,-1,20.1034,32.0652,1000,6,1,1784185484,1784200683,0,Libya,Libyana,https://opencellid.org/
LTE,606,0,6330,289794,-1,20.1058,32.0613,1000,6,1,1784185514,1784200683,0,Libya,Libyana,https://opencellid.org/
LTE,606,0,6330,286729,-1,20.1076,32.0577,1000,6,1,1784185554,1784200683,0,Libya,Libyana,https://opencellid.org/
LTE,606,0,6330,286721,-1,20.1093,32.0546,1000,6,1,1784185584,1784200683,0,Libya,Libyana,https://opencellid.org/
LTE,606,0,6330,286791,-1,20.112,32.0501,1000,12,1,1784185614,1784200683,0,Libya,Libyana,https://opencellid.org/
LTE,606,0,6340,1084419,-1,20.1137,32.0472,1000,4,1,1784185680,1784200683,0,Libya,Libyana,https://opencellid.org/
LTE,606,0,6340,300291,-1,20.1161,32.0423,1000,12,1,1784185700,1784200683,0,Libya,Libyana,https://opencellid.org/
LTE,606,0,6340,300289,-1,20.118,32.0379,1000,2,1,1784185790,1784200683,0,Libya,Libyana,https://opencellid.org/
LTE,606,0,6340,300290,-1,20.1201,32.0334,1000,13,1,1784185800,1784200683,0,Libya,Libyana,https://opencellid.org/
LTE,606,0,6340,287241,-1,20.1227,32.0267,1000,6,1,1784185890,1784200683,0,Libya,Libyana,https://opencellid.org/
LTE,606,0,6340,306690,-1,20.1237,32.0234,1000,1,1,1784185920,1784185920,0,Libya,Libyana,https://opencellid.org/
LTE,606,0,6340,287233,-1,20.1247,32.0195,1000,7,1,1784185925,1784200683,0,Libya,Libyana,https://opencellid.org/
LTE,606,0,6340,287239,-1,20.1262,32.0145,1000,4,1,1784185965,1784200683,0,Libya,Libyana,https://opencellid.org/
LTE,606,0,6340,287234,-1,20.1287,32.0083,1000,18,1,1784185985,1784204403,0,Libya,Libyana,https://opencellid.org/
LTE,606,0,6340,1087747,-1,20.1358,31.9891,1320,37,1,1784186030,1784204403,0,Libya,Libyana,https://opencellid.org/
LTE,606,0,6340,1087746,-1,20.1389,31.9769,1000,2,1,1784186171,1784200684,0,Libya,Libyana,https://opencellid.org/
LTE,606,0,6340,1087745,-1,20.1431,31.9642,1495,39,1,1784186181,1784204403,0,Libya,Libyana,https://opencellid.org/
LTE,606,0,6340,324867,-1,20.1532,31.9452,1525,22,1,1784186301,1784204403,0,Libya,Libyana,https://opencellid.org/
LTE,606,0,6340,324870,-1,20.163,31.9287,1000,15,1,1784186416,1784200684,0,Libya,Libyana,https://opencellid.org/
LTE,606,0,6340,324869,-1,20.1653,31.9183,1000,16,1,1784186922,1784200685,0,Libya,Libyana,https://opencellid.org/
LTE,606,0,6340,324866,-1,20.1589,31.9146,1057,48,1,1784187388,1784204403,0,Libya,Libyana,https://opencellid.org/
GSM,606,1,1115,11372,-1,20.1651,31.9238,1000,1,1,1784189443,1784189443,0,Libya,Al-Madar Al-Jadeed,https://opencellid.org/
GSM,606,1,1113,16503,-1,20.137,31.9848,1000,3,1,1784189779,1784204401,0,Libya,Al-Madar Al-Jadeed,https://opencellid.org/
GSM,606,1,1113,12712,-1,20.0616,32.014,1000,2,1,1784190476,1784204401,0,Libya,Al-Madar Al-Jadeed,https://opencellid.org/
GSM,606,1,1113,11403,-1,20.0568,32.0142,1000,1,1,1784190516,1784190516,0,Libya,Al-Madar Al-Jadeed,https://opencellid.org/
GSM,606,1,1113,12713,-1,20.0495,32.0171,1000,1,1,1784190611,1784190611,0,Libya,Al-Madar Al-Jadeed,https://opencellid.org/
UMTS,606,1,1040,131763914,-1,20.1605,31.9342,1000,1,1,1784204343,1784204343,0,Libya,Al-Madar Al-Jadeed,https://opencellid.org/
UMTS,606,1,1030,66227865,-1,20.155,31.9425,1000,7,1,1784204343,1784204402,0,Libya,Al-Madar Al-Jadeed,https://opencellid.org/
UMTS,606,1,1030,66227864,-1,20.1475,31.9542,1000,16,1,1784204343,1784204402,0,Libya,Al-Madar Al-Jadeed,https://opencellid.org/
UMTS,606,1,1030,66227866,-1,20.1404,31.9727,1176,18,1,1784204343,1784204402,0,Libya,Al-Madar Al-Jadeed,https://opencellid.org/
UMTS,606,1,1030,66222726,-1,20.1349,31.9932,1000,8,1,1784204344,1784204402,0,Libya,Al-Madar Al-Jadeed,https://opencellid.org/
UMTS,606,1,1030,66222723,-1,20.1327,31.9998,1000,5,1,1784204344,1784204402,0,Libya,Al-Madar Al-Jadeed,https://opencellid.org/
UMTS,606,1,1030,66222706,-1,20.1143,32.0082,1000,4,1,1784204344,1784204402,0,Libya,Al-Madar Al-Jadeed,https://opencellid.org/
UMTS,606,1,1030,66222744,-1,20.1069,32.0097,1000,9,1,1784204344,1784204402,0,Libya,Al-Madar Al-Jadeed,https://opencellid.org/
UMTS,606,1,1030,66222746,-1,20.0953,32.0101,1000,16,1,1784204344,1784204402,0,Libya,Al-Madar Al-Jadeed,https://opencellid.org/
UMTS,606,1,1030,66222756,-1,20.0826,32.0112,1000,8,1,1784204344,1784204402,0,Libya,Al-Madar Al-Jadeed,https://opencellid.org/
UMTS,606,1,1030,66226665,-1,20.0666,32.0139,1000,4,1,1784204345,1784204402,0,Libya,Al-Madar Al-Jadeed,https://opencellid.org/
UMTS,606,1,1030,66222766,-1,20.0644,32.0139,1000,4,1,1784204345,1784204402,0,Libya,Al-Madar Al-Jadeed,https://opencellid.org/
UMTS,606,1,1030,66224075,-1,20.0588,32.0141,1000,4,1,1784204345,1784204402,0,Libya,Al-Madar Al-Jadeed,https://opencellid.org/
UMTS,606,1,1030,66224071,-1,20.0518,32.0154,1000,15,1,1784204345,1784204402,0,Libya,Al-Madar Al-Jadeed,https://opencellid.org/
UMTS,606,1,1030,66224073,-1,20.0487,32.0156,1000,4,1,1784204345,1784204402,0,Libya,Al-Madar Al-Jadeed,https://opencellid.org/
UMTS,606,1,1030,66225122,-1,20.0533,32.026,1000,14,1,1784204345,1784204402,0,Libya,Al-Madar Al-Jadeed,https://opencellid.org/
UMTS,606,1,1030,66225121,-1,20.056,32.0349,1000,8,1,1784204345,1784204402,0,Libya,Al-Madar Al-Jadeed,https://opencellid.org/
UMTS,606,1,1030,66223713,-1,20.0613,32.0545,1000,4,1,1784204345,1784204402,0,Libya,Al-Madar Al-Jadeed,https://opencellid.org/
UMTS,606,1,1030,66222921,-1,20.0624,32.0596,1000,5,1,1784204345,1784204402,0,Libya,Al-Madar Al-Jadeed,https://opencellid.org/
UMTS,606,1,1030,66222942,-1,20.0619,32.0568,1000,1,1,1784204345,1784204345,0,Libya,Al-Madar Al-Jadeed,https://opencellid.org/
UMTS,606,1,1030,66222943,-1,20.0632,32.0647,1000,4,1,1784204345,1784204402,0,Libya,Al-Madar Al-Jadeed,https://opencellid.org/
UMTS,606,1,1030,66223393,-1,20.064,32.069,1000,4,1,1784204346,1784204402,0,Libya,Al-Madar Al-Jadeed,https://opencellid.org/
UMTS,606,1,1030,66223653,-1,20.0887,32.0741,1000,5,1,1784204346,1784204402,0,Libya,Al-Madar Al-Jadeed,https://opencellid.org/
UMTS,606,1,1030,66223652,-1,20.0882,32.0755,1000,2,1,1784204346,1784204402,0,Libya,Al-Madar Al-Jadeed,https://opencellid.org/
UMTS,606,1,1030,66223651,-1,20.0895,32.0768,1000,6,1,1784204346,1784204403,0,Libya,Al-Madar Al-Jadeed,https://opencellid.org/
LTE,606,0,6340,287240,-1,20.1215,32.0077,1000,6,1,1784189970,1784204403,0,Libya,Libyana,https://opencellid.org/
LTE,606,0,6340,286978,-1,20.1125,32.0086,1000,11,1,1784190025,1784204403,0,Libya,Libyana,https://opencellid.org/
LTE,606,0,6340,286981,-1,20.1053,32.01,1000,2,1,1784190085,1784204403,0,Libya,Libyana,https://opencellid.org/
LTE,606,0,6340,286982,-1,20.1032,32.0104,1000,2,1,1784190095,1784204403,0,Libya,Libyana,https://opencellid.org/
LTE,606,0,6340,286988,-1,20.0984,32.0103,1000,9,1,1784190105,1784204403,0,Libya,Libyana,https://opencellid.org/
LTE,606,0,6340,301322,-1,20.0908,32.0099,1000,9,1,1784190155,1784204403,0,Libya,Libyana,https://opencellid.org/
LTE,606,0,6340,301313,-1,20.0843,32.0103,1000,7,1,1784190205,1784204403,0,Libya,Libyana,https://opencellid.org/
LTE,606,0,6340,301321,-1,20.0801,32.0127,1000,10,1,1784190260,1784204403,0,Libya,Libyana,https://opencellid.org/
LTE,606,0,6340,300801,-1,20.076,32.0142,1000,7,1,1784190315,1784204403,0,Libya,Libyana,https://opencellid.org/
LTE,606,0,6340,300809,-1,20.0704,32.0139,1000,8,1,1784190416,1784204403,0,Libya,Libyana,https://opencellid.org/
LTE,606,0,6340,300803,-1,20.0594,32.0141,1000,11,1,1784190461,1784204403,0,Libya,Libyana,https://opencellid.org/
LTE,606,0,6340,302593,-1,20.0506,32.0162,1000,20,1,1784190536,1784204403,0,Libya,Libyana,https://opencellid.org/
LTE,606,0,6340,1085443,-1,20.0523,32.0229,1000,6,1,1784190651,1784204403,0,Libya,Libyana,https://opencellid.org/
LTE,606,0,6340,306435,-1,20.0534,32.0255,1000,2,1,1784190681,1784204403,0,Libya,Libyana,https://opencellid.org/
LTE,606,0,6340,312585,-1,20.0547,32.0302,1000,9,1,1784190701,1784204403,0,Libya,Libyana,https://opencellid.org/
LTE,606,0,6340,312577,-1,20.056,32.035,1000,6,1,1784190756,1784204403,0,Libya,Libyana,https://opencellid.org/
LTE,606,0,6340,312583,-1,20.0569,32.0385,1000,5,1,1784190786,1784204403,0,Libya,Libyana,https://opencellid.org/
LTE,606,0,6330,1094147,-1,20.0592,32.0469,1000,14,1,1784190817,1784204404,0,Libya,Libyana,https://opencellid.org/
LTE,606,0,6330,1094145,-1,20.0617,32.0563,1000,4,1,1784190887,1784204404,0,Libya,Libyana,https://opencellid.org/
LTE,606,0,6330,265991,-1,20.0621,32.0581,1000,4,1,1784190902,1784204404,0,Libya,Libyana,https://opencellid.org/
LTE,606,0,6330,272387,-1,20.063,32.0637,1000,4,1,1784190932,1784204404,0,Libya,Libyana,https://opencellid.org/
LTE,606,0,6310,257352,-1,20.0706,32.071,1000,4,1,1784191012,1784204404,0,Libya,Libyana,https://opencellid.org/
LTE,606,0,6330,267593,-1,20.0777,32.0713,1000,4,1,1784191052,1784204404,0,Libya,Libyana,https://opencellid.org/
LTE,606,0,6330,267523,-1,20.0808,32.0714,1000,3,1,1784191072,1784204404,0,Libya,Libyana,https://opencellid.org/
LTE,606,0,6310,283930,-1,20.0882,32.0757,1000,5,1,1784191208,1784204404,0,Libya,Libyana,https://opencellid.org/
UMTS,606,0,5440,46248088,0,22.3377,27.9912,1000,1,1,1784623981,1784623981,0,Libya,Libyana,https://opencellid.org/
LTE,606,1,4131,1289730,0,22.3377,27.9912,1000,1,1,1784623981,1784623981,0,Libya,Al-Madar Al-Jadeed,https://opencellid.org/
GSM,606,1,1114,13011,-1,20.3616,32.3752,1000,1,1,1785816074,1785816074,0,Libya,Al-Madar Al-Jadeed,https://opencellid.org/
UMTS,606,1,1040,131760372,-1,20.3011,32.3349,1725,40,1,1785829062,1786290241,0,Libya,Al-Madar Al-Jadeed,https://opencellid.org/
UMTS,606,1,1040,131763951,-1,20.3445,32.3629,1000,13,1,1785829062,1785829082,0,Libya,Al-Madar Al-Jadeed,https://opencellid.org/
UMTS,606,1,1040,131760374,-1,20.3486,32.3659,1786,17,1,1785829062,1786289341,0,Libya,Al-Madar Al-Jadeed,https://opencellid.org/
UMTS,606,1,1040,131760786,-1,20.4014,32.3988,1000,4,1,1785829062,1785829082,0,Libya,Al-Madar Al-Jadeed,https://opencellid.org/
LTE,606,0,6390,318468,-1,20.2871,32.326,1395,15,1,1785815727,1786290242,0,Libya,Libyana,https://opencellid.org/
LTE,606,0,6390,320259,-1,20.2996,32.3338,1000,1,1,1785815757,1785815757,0,Libya,Libyana,https://opencellid.org/
LTE,606,0,6390,1433091,-1,20.299,32.3335,1000,3,1,1785815762,1786290242,0,Libya,Libyana,https://opencellid.org/
LTE,606,0,6390,1433090,-1,20.3063,32.3382,1000,15,1,1785815767,1786290242,0,Libya,Libyana,https://opencellid.org/
LTE,606,0,6390,320258,-1,20.3139,32.3432,1000,6,1,1785815829,1786290242,0,Libya,Libyana,https://opencellid.org/
LTE,606,0,6390,313859,-1,20.3172,32.3454,1000,5,1,1785815854,1786290242,0,Libya,Libyana,https://opencellid.org/
LTE,606,0,6390,313858,-1,20.3254,32.3507,1000,13,1,1785815869,1786289342,0,Libya,Libyana,https://opencellid.org/
LTE,606,0,6390,313857,-1,20.3514,32.3677,2513,21,1,1785815925,1786289342,0,Libya,Libyana,https://opencellid.org/
LTE,606,0,6390,319749,-1,20.3644,32.3771,1206,19,1,1785816132,1786289342,0,Libya,Libyana,https://opencellid.org/
LTE,606,0,6390,319748,-1,20.3869,32.3912,2180,35,1,1785816191,1786289342,0,Libya,Libyana,https://opencellid.org/
LTE,606,0,6390,318726,-1,20.4306,32.4171,3428,50,1,1785816323,1786289342,0,Libya,Libyana,https://opencellid.org/
UMTS,606,0,5390,46018773,-1,20.5385,32.5095,1000,6,1,1785829964,1785829982,0,Libya,Libyana,https://opencellid.org/
UMTS,606,0,5390,46066855,-1,20.5446,32.5101,1593,3,1,1785829964,1786288322,0,Libya,Libyana,https://opencellid.org/
LTE,606,0,6390,318725,-1,20.4471,32.4284,1000,4,1,1785816598,1786289342,0,Libya,Libyana,https://opencellid.org/
LTE,606,0,6390,318724,-1,20.459,32.4357,1270,24,1,1785816619,1786289342,0,Libya,Libyana,https://opencellid.org/
LTE,606,0,6390,320771,-1,20.4769,32.4511,1399,22,1,1785816782,1786289342,0,Libya,Libyana,https://opencellid.org/
LTE,606,0,6390,320769,-1,20.5155,32.4877,3110,48,1,1785816934,1786289342,0,Libya,Libyana,https://opencellid.org/
LTE,606,0,6390,1550854,-1,20.5449,32.5132,1062,21,1,1785817270,1786288323,0,Libya,Libyana,https://opencellid.org/
LTE,606,0,6390,1550851,-1,20.559,32.5151,1000,16,1,1785817301,1786288323,0,Libya,Libyana,https://opencellid.org/
LTE,606,0,6390,1553155,-1,20.5683,32.5163,1000,2,1,1785817362,1785829983,0,Libya,Libyana,https://opencellid.org/
GSM,606,1,1122,15253,-1,20.7519,32.4937,1000,17,1,1785819235,1785832682,0,Libya,Al-Madar Al-Jadeed,https://opencellid.org/
GSM,606,1,1122,15203,-1,20.7539,32.4924,1000,8,1,1785819317,1785832682,0,Libya,Al-Madar Al-Jadeed,https://opencellid.org/
GSM,606,1,1122,13381,-1,20.7657,32.4944,1000,9,1,1785819444,1785832682,0,Libya,Al-Madar Al-Jadeed,https://opencellid.org/
GSM,606,1,1122,15111,-1,20.7733,32.4957,1000,2,1,1785819556,1785832682,0,Libya,Al-Madar Al-Jadeed,https://opencellid.org/
UMTS,606,1,1040,131760812,-1,20.6052,32.5276,1146,19,1,1785832679,1786288322,0,Libya,Al-Madar Al-Jadeed,https://opencellid.org/
UMTS,606,1,1040,131760744,-1,20.7643,32.495,1935,5,1,1785832679,1785832682,0,Libya,Al-Madar Al-Jadeed,https://opencellid.org/
UMTS,606,0,5390,46066488,-1,20.7665,32.4946,1388,9,1,1785832679,1785832682,0,Libya,Libyana,https://opencellid.org/
UMTS,606,0,5390,46066303,-1,20.7575,32.4931,1000,5,1,1785832679,1785832682,0,Libya,Libyana,https://opencellid.org/
UMTS,606,1,1040,131762613,-1,20.776,32.4965,1000,3,1,1785832679,1785832682,0,Libya,Al-Madar Al-Jadeed,https://opencellid.org/
UMTS,606,0,5390,46070638,-1,20.7778,32.497,1000,1,1,1785832679,1785832679,0,Libya,Libyana,https://opencellid.org/
UMTS,606,1,1040,131762386,-1,20.7778,32.497,1000,1,1,1785832679,1785832679,0,Libya,Al-Madar Al-Jadeed,https://opencellid.org/
UMTS,606,1,1040,131762616,-1,20.7905,32.4989,1153,35,1,1785832679,1785832682,0,Libya,Al-Madar Al-Jadeed,https://opencellid.org/
UMTS,606,1,1040,131762614,-1,20.8167,32.4992,1369,37,1,1785832680,1785832682,0,Libya,Al-Madar Al-Jadeed,https://opencellid.org/
LTE,606,0,6390,1550850,-1,20.5809,32.5211,1169,20,1,1785817372,1785832682,0,Libya,Libyana,https://opencellid.org/
LTE,606,0,6390,1553160,-1,20.5966,32.5272,1000,5,1,1785817483,1785832682,0,Libya,Libyana,https://opencellid.org/
LTE,606,0,6390,1550849,-1,20.596,32.527,1000,2,1,1785817493,1785832682,0,Libya,Libyana,https://opencellid.org/
LTE,606,0,6390,1550852,-1,20.6044,32.5279,1000,10,1,1785817909,1786288323,0,Libya,Libyana,https://opencellid.org/
LTE,606,0,6390,1536772,-1,20.7574,32.494,1303,29,1,1785819230,1785832682,0,Libya,Libyana,https://opencellid.org/
LTE,606,0,6390,1541382,-1,20.7513,32.4927,1000,1,1,1785819302,1785819302,0,Libya,Libyana,https://opencellid.org/
LTE,606,0,6390,1541379,-1,20.79,32.4988,1108,31,1,1785819622,1785832683,0,Libya,Libyana,https://opencellid.org/
LTE,606,0,6390,1541380,-1,20.8043,32.4999,1000,6,1,1785819859,1785832683,0,Libya,Libyana,https://opencellid.org/
LTE,606,0,6390,1548867,-1,20.8055,32.5001,1000,2,1,1785819880,1785832683,0,Libya,Libyana,https://opencellid.org/
LTE,606,0,6390,1540876,-1,20.8099,32.5003,1000,5,1,1785819900,1785832683,0,Libya,Libyana,https://opencellid.org/
LTE,606,0,6390,1541129,-1,20.8161,32.4987,1000,5,1,1785819925,1785832683,0,Libya,Libyana,https://opencellid.org/
LTE,606,0,6390,1541377,-1,20.8561,32.5133,5116,9,1,1785819930,1785835022,0,Libya,Libyana,https://opencellid.org/
LTE,606,0,6390,1541121,-1,20.8196,32.4983,1000,3,1,1785819981,1785832683,0,Libya,Libyana,https://opencellid.org/
LTE,606,0,6390,1548835,-1,20.8228,32.4987,1000,2,1,1785820031,1785832683,0,Libya,Libyana,https://opencellid.org/
LTE,606,0,6390,1537545,-1,20.8241,32.4988,1000,1,1,1785820042,1785820042,0,Libya,Libyana,https://opencellid.org/
LTE,606,0,6390,1537537,-1,20.8268,32.499,1000,2,1,1785820052,1785832683,0,Libya,Libyana,https://opencellid.org/
LTE,606,0,6390,1548858,-1,20.8309,32.4997,1000,2,1,1785820072,1785832683,0,Libya,Libyana,https://opencellid.org/
GSM,606,1,1122,15041,-1,20.8315,32.5,1000,1,1,1785820539,1785820539,0,Libya,Al-Madar Al-Jadeed,https://opencellid.org/
GSM,606,1,1122,15101,-1,20.8524,32.5057,1000,2,1,1785820942,1785834961,0,Libya,Al-Madar Al-Jadeed,https://opencellid.org/
GSM,606,1,1122,15123,-1,20.8836,32.5162,1415,14,1,1785821065,1785834961,0,Libya,Al-Madar Al-Jadeed,https://opencellid.org/
GSM,606,1,1122,15202,-1,20.9016,32.5294,1000,12,1,1785821206,1785834961,0,Libya,Al-Madar Al-Jadeed,https://opencellid.org/
GSM,606,1,1122,15133,-1,20.9374,32.5501,1053,16,1,1785821787,1785834961,0,Libya,Al-Madar Al-Jadeed,https://opencellid.org/
GSM,606,1,1122,15131,-1,20.9505,32.5559,1000,2,1,1785821899,1785834961,0,Libya,Al-Madar Al-Jadeed,https://opencellid.org/
GSM,606,1,1122,15132,-1,20.959,32.5558,1000,5,1,1785821930,1785834961,0,Libya,Al-Madar Al-Jadeed,https://opencellid.org/
UMTS,606,1,1040,131762404,-1,20.8698,32.5134,3940,3,1,1785834970,1785835021,0,Libya,Al-Madar Al-Jadeed,https://opencellid.org/
UMTS,606,1,1040,131762401,-1,20.8557,32.5097,5735,8,1,1785834970,1785835021,0,Libya,Al-Madar Al-Jadeed,https://opencellid.org/
UMTS,606,1,1040,131762463,-1,20.8428,32.503,1000,13,1,1785834970,1785835021,0,Libya,Al-Madar Al-Jadeed,https://opencellid.org/
UMTS,606,1,1040,131766222,-1,20.8624,32.5084,1000,18,1,1785834970,1785835021,0,Libya,Al-Madar Al-Jadeed,https://opencellid.org/
UMTS,606,0,5390,46066536,-1,20.8909,32.5221,1885,11,1,1785834970,1785835021,0,Libya,Libyana,https://opencellid.org/
UMTS,606,0,5390,46070386,-1,20.8784,32.5128,1000,1,1,1785834970,1785834970,0,Libya,Libyana,https://opencellid.org/
UMTS,606,0,5390,46066777,-1,20.8827,32.5145,1000,2,1,1785834970,1785835021,0,Libya,Libyana,https://opencellid.org/
UMTS,606,0,5390,46066576,-1,20.8833,32.5149,1000,1,1,1785834971,1785834971,0,Libya,Libyana,https://opencellid.org/
UMTS,606,0,5390,46066573,-1,20.8851,32.5165,1000,1,1,1785834971,1785834971,0,Libya,Libyana,https://opencellid.org/
UMTS,606,1,1040,131762486,-1,20.8917,32.5221,1000,4,1,1785834971,1785835021,0,Libya,Al-Madar Al-Jadeed,https://opencellid.org/
UMTS,606,0,5390,46066283,-1,20.9018,32.5296,1000,2,1,1785834971,1785835021,0,Libya,Libyana,https://opencellid.org/
UMTS,606,0,5390,46070796,-1,20.9102,32.5344,1000,3,1,1785834971,1785835021,0,Libya,Libyana,https://opencellid.org/
UMTS,606,1,1040,131762481,-1,20.9144,32.5369,1000,6,1,1785834971,1785835021,0,Libya,Al-Madar Al-Jadeed,https://opencellid.org/
UMTS,606,0,5390,46070686,-1,20.9135,32.5363,1000,2,1,1785834971,1785835021,0,Libya,Libyana,https://opencellid.org/
UMTS,606,1,1040,131762421,-1,20.9192,32.5396,1000,2,1,1785834971,1785835021,0,Libya,Al-Madar Al-Jadeed,https://opencellid.org/
UMTS,606,1,1040,131762441,-1,20.9222,32.5414,1000,4,1,1785834971,1785835021,0,Libya,Al-Madar Al-Jadeed,https://opencellid.org/
UMTS,606,1,1040,131762464,-1,20.9276,32.5445,1000,2,1,1785834971,1785835021,0,Libya,Al-Madar Al-Jadeed,https://opencellid.org/
UMTS,606,0,5410,46066314,-1,20.9435,32.5534,1000,8,1,1785834971,1785835021,0,Libya,Libyana,https://opencellid.org/
UMTS,606,1,1040,131762553,-1,20.972,32.5557,1699,27,1,1785834971,1785837722,0,Libya,Al-Madar Al-Jadeed,https://opencellid.org/
UMTS,606,0,5410,46066313,-1,20.968,32.5557,1000,11,1,1785834971,1785835022,0,Libya,Libyana,https://opencellid.org/
LTE,606,0,6390,1540102,-1,20.8309,32.5001,1000,1,1,1785820138,1785820138,0,Libya,Libyana,https://opencellid.org/
LTE,606,0,6390,1540099,-1,20.8328,32.5003,1000,5,1,1785820539,1785835022,0,Libya,Libyana,https://opencellid.org/
LTE,606,0,6390,1540105,-1,20.8358,32.5011,1000,2,1,1785820849,1785835022,0,Libya,Libyana,https://opencellid.org/
LTE,606,0,6390,1540097,-1,20.8429,32.503,1000,5,1,1785820870,1785835022,0,Libya,Libyana,https://opencellid.org/
LTE,606,0,6390,1549313,-1,20.8435,32.5032,1000,2,1,1785820900,1785835022,0,Libya,Libyana,https://opencellid.org/
LTE,606,0,6390,1549319,-1,20.905,32.5324,5600,18,1,1785820952,1785835022,0,Libya,Libyana,https://opencellid.org/
LTE,606,0,6390,1542658,-1,20.8562,32.5067,1000,2,1,1785820962,1785835022,0,Libya,Libyana,https://opencellid.org/
LTE,606,0,6390,1542657,-1,20.8694,32.5104,1000,4,1,1785821034,1785835022,0,Libya,Libyana,https://opencellid.org/
LTE,606,0,6390,1538820,-1,20.8865,32.5177,1000,2,1,1785821148,1785835022,0,Libya,Libyana,https://opencellid.org/
LTE,606,0,6390,1538817,-1,20.8909,32.5214,1000,8,1,1785821158,1785835022,0,Libya,Libyana,https://opencellid.org/
LTE,606,0,6390,1543681,-1,20.9166,32.5381,1000,4,1,1785821721,1785835022,0,Libya,Libyana,https://opencellid.org/
LTE,606,0,6390,1548855,-1,20.9271,32.5442,1000,1,1,1785821777,1785821777,0,Libya,Libyana,https://opencellid.org/
LTE,606,0,6410,1549571,-1,20.9694,32.5546,4023,24,1,1785821782,1785837722,0,Libya,Libyana,https://opencellid.org/
LTE,606,0,6390,1541639,-1,20.9606,32.5558,1000,1,1,1785821955,1785821955,0,Libya,Libyana,https://opencellid.org/
GSM,606,1,1122,15192,-1,21.0195,32.5555,1000,1,1,1785822577,1785822577,0,Libya,Al-Madar Al-Jadeed,https://opencellid.org/
GSM,606,1,1122,15313,-1,21.0382,32.5547,1000,19,1,1785822608,1785837181,0,Libya,Al-Madar Al-Jadeed,https://opencellid.org/
GSM,606,1,1122,15311,-1,21.0638,32.5565,2307,24,1,1785822845,1785837181,0,Libya,Al-Madar Al-Jadeed,https://opencellid.org/
GSM,606,1,1122,15312,-1,21.0388,32.554,1000,1,1,1785823664,1785823664,0,Libya,Al-Madar Al-Jadeed,https://opencellid.org/
GSM,606,1,1122,15622,-1,21.1127,32.5526,1098,25,1,1785824135,1785837721,0,Libya,Al-Madar Al-Jadeed,https://opencellid.org/
GSM,606,1,1122,15621,-1,21.1431,32.557,1412,26,1,1785824386,1785837722,0,Libya,Al-Madar Al-Jadeed,https://opencellid.org/
GSM,606,1,1123,16373,-1,21.1575,32.5649,1000,8,1,1785824546,1785837722,0,Libya,Al-Madar Al-Jadeed,https://opencellid.org/
UMTS,606,1,1040,131762551,-1,20.9878,32.5556,1000,1,1,1785837710,1785837710,0,Libya,Al-Madar Al-Jadeed,https://opencellid.org/
UMTS,606,1,1040,131762552,-1,21.0024,32.5554,1462,25,1,1785837710,1785837722,0,Libya,Al-Madar Al-Jadeed,https://opencellid.org/
UMTS,606,1,1040,131762461,-1,21.0244,32.5553,1000,4,1,1785837710,1785837722,0,Libya,Al-Madar Al-Jadeed,https://opencellid.org/
UMTS,606,0,5390,46061293,-1,21.0322,32.5546,1000,4,1,1785837710,1785837722,0,Libya,Libyana,https://opencellid.org/
UMTS,606,0,5410,46066804,-1,21.0416,32.5544,1000,11,1,1785837710,1785837722,0,Libya,Libyana,https://opencellid.org/
UMTS,606,1,1040,131762555,-1,21.0389,32.554,1000,1,1,1785837710,1785837710,0,Libya,Al-Madar Al-Jadeed,https://opencellid.org/
UMTS,606,0,5410,46066414,-1,21.0519,32.5552,1000,4,1,1785837710,1785837722,0,Libya,Libyana,https://opencellid.org/
UMTS,606,0,5410,46066894,-1,21.1706,32.5696,1000,7,1,1785837710,1785837722,0,Libya,Libyana,https://opencellid.org/
UMTS,606,0,5410,46066893,-1,21.2097,32.5642,2649,26,1,1785837710,1785837722,0,Libya,Libyana,https://opencellid.org/
UMTS,606,0,5410,46132411,-1,21.2442,32.5587,1159,26,1,1785837710,1785837722,0,Libya,Libyana,https://opencellid.org/
UMTS,606,0,5410,46132410,-1,21.2691,32.5598,1553,23,1,1785837710,1785838202,0,Libya,Libyana,https://opencellid.org/
LTE,606,0,6410,1549570,-1,21.0094,32.5554,3372,25,1,1785822461,1785837722,0,Libya,Libyana,https://opencellid.org/
LTE,606,0,6410,1539589,-1,21.0314,32.5546,1000,11,1,1785822598,1785837722,0,Libya,Libyana,https://opencellid.org/
LTE,606,0,6410,1551363,-1,21.2468,32.5596,1000,17,1,1785824920,1785837723,0,Libya,Libyana,https://opencellid.org/
LTE,606,0,6410,1551362,-1,21.266,32.5598,1149,19,1,1785825026,1785838202,0,Libya,Libyana,https://opencellid.org/
GSM,606,1,1122,15631,-1,21.318,32.5805,1172,25,1,1785825188,1785838202,0,Libya,Al-Madar Al-Jadeed,https://opencellid.org/
GSM,606,1,1123,16412,-1,21.3403,32.5888,1113,15,1,1785825508,1785838802,0,Libya,Al-Madar Al-Jadeed,https://opencellid.org/
UMTS,606,1,1050,197299772,-1,21.3328,32.5856,1000,5,1,1785838148,1785838202,0,Libya,Al-Madar Al-Jadeed,https://opencellid.org/
UMTS,606,1,1050,197299775,-1,21.3334,32.5859,1000,2,1,1785838148,1785838202,0,Libya,Al-Madar Al-Jadeed,https://opencellid.org/
UMTS,606,0,5410,46132439,-1,21.3544,32.5974,2163,33,1,1785838148,1785838802,0,Libya,Libyana,https://opencellid.org/
UMTS,606,0,5410,46092361,-1,21.3869,32.6136,1112,21,1,1785838777,1785838802,0,Libya,Libyana,https://opencellid.org/
UMTS,606,0,5410,46092360,-1,21.3993,32.6163,1000,4,1,1785838777,1785838862,0,Libya,Libyana,https://opencellid.org/
UMTS,606,0,5410,46092359,-1,21.4133,32.6207,1611,22,1,1785838820,1785838862,0,Libya,Libyana,https://opencellid.org/
UMTS,606,0,5410,46092371,-1,21.4622,32.6256,1000,7,1,1785838824,1785840541,0,Libya,Libyana,https://opencellid.org/
UMTS,606,1,1050,197299736,-1,21.462,32.6262,1000,1,1,1785838824,1785838824,0,Libya,Al-Madar Al-Jadeed,https://opencellid.org/
LTE,606,0,6410,526083,-1,21.3908,32.6139,1000,16,1,1785825784,1785838862,0,Libya,Libyana,https://opencellid.org/
LTE,606,0,6410,526082,-1,21.3993,32.6163,1000,4,1,1785825865,1785838862,0,Libya,Libyana,https://opencellid.org/
LTE,606,0,6410,526081,-1,21.4089,32.6192,1295,15,1,1785825895,1785838862,0,Libya,Libyana,https://opencellid.org/
LTE,606,1,1250,27241316,-1,21.4363,32.6307,1000,14,1,1785826051,1785838862,0,Libya,Al-Madar Al-Jadeed,https://opencellid.org/
LTE,606,1,1250,27241286,-1,21.4362,32.6313,1000,10,1,1785826061,1785838862,0,Libya,Al-Madar Al-Jadeed,https://opencellid.org/
LTE,606,0,6410,526339,-1,21.463,32.6248,1000,4,1,1785826176,1785840601,0,Libya,Libyana,https://opencellid.org/
GSM,606,1,1123,16371,-1,21.4992,32.6494,2908,8,1,1785826669,1785840541,0,Libya,Al-Madar Al-Jadeed,https://opencellid.org/
UMTS,606,1,1050,197299732,-1,21.4713,32.6254,1000,8,1,1785840526,1785840541,0,Libya,Al-Madar Al-Jadeed,https://opencellid.org/
UMTS,606,1,1050,197299733,-1,21.4702,32.6244,1000,5,1,1785840526,1785840541,0,Libya,Al-Madar Al-Jadeed,https://opencellid.org/
UMTS,606,0,5410,46092370,-1,21.4726,32.6254,1000,2,1,1785840526,1785840541,0,Libya,Libyana,https://opencellid.org/
UMTS,606,1,1050,197299731,-1,21.4737,32.6312,1000,6,1,1785840526,1785840541,0,Libya,Al-Madar Al-Jadeed,https://opencellid.org/
UMTS,606,0,5410,46092369,-1,21.4797,32.6463,1000,10,1,1785840526,1785840541,0,Libya,Libyana,https://opencellid.org/
UMTS,606,0,5410,46092381,-1,21.5345,32.6641,1000,8,1,1785840526,1785840541,0,Libya,Libyana,https://opencellid.org/
UMTS,606,0,5410,46092380,-1,21.5422,32.6666,1000,8,1,1785840526,1785840541,0,Libya,Libyana,https://opencellid.org/
UMTS,606,0,5410,46092379,-1,21.5576,32.6914,3068,23,1,1785840526,1785840722,0,Libya,Libyana,https://opencellid.org/
UMTS,606,0,5410,46092334,-1,21.5526,32.6865,1000,3,1,1785840526,1785840541,0,Libya,Libyana,https://opencellid.org/
UMTS,606,0,5410,46126822,-1,21.5753,32.7177,3618,22,1,1785840526,1785840722,0,Libya,Libyana,https://opencellid.org/
UMTS,606,0,5410,46092060,-1,21.5754,32.7141,2868,21,1,1785840526,1785840722,0,Libya,Libyana,https://opencellid.org/
UMTS,606,0,5410,46092479,-1,21.5669,32.6984,1000,11,1,1785840526,1785840721,0,Libya,Libyana,https://opencellid.org/
LTE,606,0,6410,526342,-1,21.4688,32.6243,1000,6,1,1785826234,1785840601,0,Libya,Libyana,https://opencellid.org/
LTE,606,0,6410,526337,-1,21.471,32.6246,1000,2,1,1785826264,1785840601,0,Libya,Libyana,https://opencellid.org/
LTE,606,0,6410,526341,-1,21.4739,32.6271,1000,1,1,1785826625,1785826625,0,Libya,Libyana,https://opencellid.org/
LTE,606,0,6410,526340,-1,21.4738,32.6317,1000,9,1,1785826630,1785840601,0,Libya,Libyana,https://opencellid.org/
LTE,606,1,1250,27231046,-1,21.5044,32.6556,2148,42,1,1785826789,1785840722,0,Libya,Al-Madar Al-Jadeed,https://opencellid.org/
UMTS,606,0,5410,46092501,-1,21.5701,32.7122,1000,4,1,1785840675,1785840721,0,Libya,Libyana,https://opencellid.org/
UMTS,606,0,5410,46092059,-1,21.6076,32.7377,5462,21,1,1785840675,1785842282,0,Libya,Libyana,https://opencellid.org/
LTE,606,0,6410,529157,-1,21.5275,32.6637,1000,2,1,1785827095,1785840722,0,Libya,Libyana,https://opencellid.org/
LTE,606,0,6410,529156,-1,21.5458,32.6798,1000,3,1,1785827439,1785840722,0,Libya,Libyana,https://opencellid.org/
LTE,606,0,6410,529411,-1,21.5502,32.6842,1000,1,1,1785827487,1785827487,0,Libya,Libyana,https://opencellid.org/
LTE,606,0,6410,1408257,-1,21.5759,32.7194,1000,4,1,1785827823,1785840722,0,Libya,Libyana,https://opencellid.org/
UMTS,606,0,5410,46091971,-1,21.653,32.755,5124,9,1,1785840701,1785842341,0,Libya,Libyana,https://opencellid.org/
UMTS,606,0,5410,46091900,-1,21.6166,32.7435,1520,36,1,1785841434,1785842282,0,Libya,Libyana,https://opencellid.org/
LTE,606,0,6410,514309,-1,21.6244,32.7487,2453,15,1,1785828674,1785842282,0,Libya,Libyana,https://opencellid.org/
UMTS,606,0,5410,46091903,-1,21.6107,32.7378,1000,2,1,1785842265,1785842281,0,Libya,Libyana,https://opencellid.org/
UMTS,606,0,5410,46092159,-1,21.6304,32.753,1000,8,1,1785842265,1785842282,0,Libya,Libyana,https://opencellid.org/
UMTS,606,0,5410,46091901,-1,21.6318,32.7536,1000,1,1,1785842265,1785842265,0,Libya,Libyana,https://opencellid.org/
UMTS,606,1,1050,197299614,-1,21.6371,32.7531,1000,16,1,1785842265,1785842282,0,Libya,Al-Madar Al-Jadeed,https://opencellid.org/
UMTS,606,1,1050,197299846,-1,21.653,32.7549,1040,24,1,1785842265,1785842282,0,Libya,Al-Madar Al-Jadeed,https://opencellid.org/
UMTS,606,0,5410,46092214,-1,21.6824,32.7764,2531,6,1,1785842265,1785849542,0,Libya,Libyana,https://opencellid.org/
UMTS,606,1,1050,197299844,-1,21.6733,32.7614,814,25,1,1785842265,1785844022,0,Libya,Al-Madar Al-Jadeed,https://opencellid.org/
LTE,606,0,6410,514306,-1,21.6113,32.74,1026,17,1,1785829050,1785842282,0,Libya,Libyana,https://opencellid.org/
LTE,606,0,6410,514307,-1,21.6329,32.7534,1000,10,1,1785829314,1785842282,0,Libya,Libyana,https://opencellid.org/
LTE,606,0,6410,520961,-1,21.6325,32.7536,1000,2,1,1785829340,1785842282,0,Libya,Libyana,https://opencellid.org/
LTE,606,0,6410,514305,-1,21.6468,32.7537,1029,21,1,1785829424,1785842282,0,Libya,Libyana,https://opencellid.org/
LTE,606,0,6410,516102,-1,21.6774,32.7612,1419,29,1,1785829616,1785844022,0,Libya,Libyana,https://opencellid.org/
GSM,606,1,1123,16482,-1,21.6828,32.7613,1000,1,1,1785829835,1785829835,0,Libya,Al-Madar Al-Jadeed,https://opencellid.org/
GSM,606,1,1123,16232,-1,21.6923,32.7616,1000,2,1,1785829939,1785844021,0,Libya,Al-Madar Al-Jadeed,https://opencellid.org/
GSM,606,1,1123,16423,-1,21.6981,32.7612,1000,4,1,1785829984,1785844021,0,Libya,Al-Madar Al-Jadeed,https://opencellid.org/
UMTS,606,1,1050,197299842,-1,21.6851,32.761,1000,10,1,1785844001,1785844022,0,Libya,Al-Madar Al-Jadeed,https://opencellid.org/
UMTS,606,1,1050,197299593,-1,21.6982,32.7663,2040,3,1,1785844001,1785849542,0,Libya,Al-Madar Al-Jadeed,https://opencellid.org/
UMTS,606,1,1050,197299783,-1,21.6947,32.7614,1000,1,1,1785844001,1785844001,0,Libya,Al-Madar Al-Jadeed,https://opencellid.org/
UMTS,606,1,1050,197299596,-1,21.7045,32.7621,1805,8,1,1785844001,1785849542,0,Libya,Al-Madar Al-Jadeed,https://opencellid.org/
UMTS,606,1,1050,197299595,-1,21.7077,32.7595,1000,2,1,1785844001,1785844022,0,Libya,Al-Madar Al-Jadeed,https://opencellid.org/
UMTS,606,1,1050,197299786,-1,21.7147,32.7595,1000,5,1,1785844001,1785844022,0,Libya,Al-Madar Al-Jadeed,https://opencellid.org/
UMTS,606,1,1050,197299594,-1,21.7157,32.7595,1000,18,1,1785844001,1785844022,0,Libya,Al-Madar Al-Jadeed,https://opencellid.org/
UMTS,606,1,1050,197299784,-1,21.7228,32.7594,1000,3,1,1785844001,1785844022,0,Libya,Al-Madar Al-Jadeed,https://opencellid.org/
UMTS,606,1,1050,197299785,-1,21.7275,32.7578,1000,16,1,1785844001,1785844022,0,Libya,Al-Madar Al-Jadeed,https://opencellid.org/
UMTS,606,1,1050,197299565,-1,21.735,32.7586,1000,15,1,1785844001,1785844022,0,Libya,Al-Madar Al-Jadeed,https://opencellid.org/
UMTS,606,1,1050,197299564,-1,21.7418,32.7616,1000,14,1,1785844002,1785844022,0,Libya,Al-Madar Al-Jadeed,https://opencellid.org/
UMTS,606,1,1050,197301805,-1,21.7479,32.7634,1000,11,1,1785844002,1785844921,0,Libya,Al-Madar Al-Jadeed,https://opencellid.org/
UMTS,606,1,1050,197299436,-1,21.752,32.7636,1000,17,1,1785844002,1786288266,0,Libya,Al-Madar Al-Jadeed,https://opencellid.org/
UMTS,606,1,1050,197299456,-1,21.7497,32.7625,1000,2,1,1785844002,1785844022,0,Libya,Al-Madar Al-Jadeed,https://opencellid.org/
UMTS,606,1,1050,197299454,-1,21.7524,32.7613,1000,9,1,1785844002,1785844022,0,Libya,Al-Madar Al-Jadeed,https://opencellid.org/
UMTS,606,0,5410,46091839,-1,21.7529,32.7611,1000,1,1,1785844002,1785844002,0,Libya,Libyana,https://opencellid.org/
LTE,606,0,6410,516101,-1,21.6998,32.7606,1203,23,1,1785829916,1785844022,0,Libya,Libyana,https://opencellid.org/
LTE,606,0,6410,525316,-1,21.7131,32.7596,1000,12,1,1785830025,1785844022,0,Libya,Libyana,https://opencellid.org/
LTE,606,0,6410,521986,-1,21.7201,32.7598,1000,1,1,1785830389,1785830389,0,Libya,Libyana,https://opencellid.org/
LTE,606,0,6410,512524,-1,21.7243,32.7588,1000,13,1,1785830394,1785844022,0,Libya,Libyana,https://opencellid.org/
LTE,606,0,6410,512516,-1,21.7282,32.7576,1000,3,1,1785830486,1785844022,0,Libya,Libyana,https://opencellid.org/
LTE,606,0,6410,512522,-1,21.7317,32.7575,1000,11,1,1785830501,1785844022,0,Libya,Libyana,https://opencellid.org/
LTE,606,0,6410,515905,-1,21.7354,32.7589,1000,5,1,1785830688,1785844022,0,Libya,Libyana,https://opencellid.org/
LTE,606,0,6410,515898,-1,21.7367,32.7595,1000,1,1,1785830728,1785830728,0,Libya,Libyana,https://opencellid.org/
LTE,606,0,6410,515897,-1,21.7372,32.7596,1000,1,1,1785830738,1785830738,0,Libya,Libyana,https://opencellid.org/
LTE,606,0,6410,515895,-1,21.7379,32.7601,1000,2,1,1785830748,1785844022,0,Libya,Libyana,https://opencellid.org/
LTE,606,0,6410,515888,-1,21.7421,32.7618,1000,16,1,1785830764,1785929762,0,Libya,Libyana,https://opencellid.org/
LTE,606,0,6410,515858,-1,21.7445,32.7625,1000,10,1,1785830992,1785929762,0,Libya,Libyana,https://opencellid.org/
LTE,606,0,6410,517413,-1,21.749,32.7636,1000,2,1,1785831043,1785844022,0,Libya,Libyana,https://opencellid.org/
LTE,606,0,6410,517412,-1,21.7495,32.763,1000,1,1,1785831074,1785831074,0,Libya,Libyana,https://opencellid.org/
LTE,606,0,6410,517411,-1,21.7497,32.7625,1000,1,1,1785831084,1785831084,0,Libya,Libyana,https://opencellid.org/
LTE,606,0,6410,517404,-1,21.7499,32.7622,1000,1,1,1785831094,1785831094,0,Libya,Libyana,https://opencellid.org/
LTE,606,0,6410,517401,-1,21.7518,32.7618,1000,5,1,1785831109,1785844023,0,Libya,Libyana,https://opencellid.org/
LTE,606,0,6410,517394,-1,21.7522,32.7627,1000,8,1,1785831114,1785844023,0,Libya,Libyana,https://opencellid.org/
LTE,606,0,6410,524547,-1,21.7526,32.761,1000,3,1,1785831196,1785844023,0,Libya,Libyana,https://opencellid.org/
LTE,606,0,6410,512783,-1,21.7525,32.7602,1000,1,1,1785831236,1785831236,0,Libya,Libyana,https://opencellid.org/
LTE,606,0,6410,512813,-1,21.7527,32.7606,1000,1,1,1785831272,1785831272,0,Libya,Libyana,https://opencellid.org/
LTE,606,0,6410,512784,-1,21.753,32.7618,1000,1,1,1785831303,1785831303,0,Libya,Libyana,https://opencellid.org/
LTE,606,0,6410,517393,-1,21.7529,32.764,1000,2,1,1785831343,1785844023,0,Libya,Libyana,https://opencellid.org/
LTE,606,0,6410,517392,-1,21.7524,32.7647,1000,7,1,1785831364,1785844921,0,Libya,Libyana,https://opencellid.org/
GSM,606,1,1123,17643,-1,21.7706,32.7709,1000,1,1,1785832245,1785832245,0,Libya,Al-Madar Al-Jadeed,https://opencellid.org/
UMTS,606,1,1050,197299434,-1,21.7573,32.7691,1000,15,1,1785844902,1785844921,0,Libya,Al-Madar Al-Jadeed,https://opencellid.org/
UMTS,606,1,1050,197299376,-1,21.7573,32.7663,1000,5,1,1785844902,1785844921,0,Libya,Al-Madar Al-Jadeed,https://opencellid.org/
UMTS,606,0,5410,46092124,-1,21.7591,32.7686,1000,3,1,1785844902,1785844921,0,Libya,Libyana,https://opencellid.org/
UMTS,606,1,1050,197299386,-1,21.759,32.7698,1000,10,1,1785844902,1785844921,0,Libya,Al-Madar Al-Jadeed,https://opencellid.org/
UMTS,606,1,1050,197299384,-1,21.7606,32.7718,1000,20,1,1785844902,1785844921,0,Libya,Al-Madar Al-Jadeed,https://opencellid.org/
UMTS,606,1,1050,197299815,-1,21.7587,32.7733,1000,1,1,1785844902,1785844902,0,Libya,Al-Madar Al-Jadeed,https://opencellid.org/
UMTS,606,1,1050,197300826,-1,21.7652,32.7724,1000,4,1,1785844902,1785844921,0,Libya,Al-Madar Al-Jadeed,https://opencellid.org/
UMTS,606,1,1050,197301006,-1,21.7676,32.7716,1000,3,1,1785844902,1785844921,0,Libya,Al-Madar Al-Jadeed,https://opencellid.org/
UMTS,606,1,1050,197299391,-1,21.7705,32.7713,1000,8,1,1785844902,1785845821,0,Libya,Al-Madar Al-Jadeed,https://opencellid.org/
UMTS,606,1,1050,197300821,-1,21.7754,32.7728,1000,15,1,1785844902,1785845821,0,Libya,Al-Madar Al-Jadeed,https://opencellid.org/
LTE,606,0,6410,517391,-1,21.7507,32.7643,1000,6,1,1785831414,1785844921,0,Libya,Libyana,https://opencellid.org/
LTE,606,0,6410,517414,-1,21.7495,32.764,1000,3,1,1785831430,1785844921,0,Libya,Libyana,https://opencellid.org/
LTE,606,0,6410,513282,-1,21.7574,32.7661,1000,14,1,1785831591,1786288322,0,Libya,Libyana,https://opencellid.org/
LTE,606,0,6410,524545,-1,21.7571,32.7652,1000,2,1,1785831632,1786288322,0,Libya,Libyana,https://opencellid.org/
LTE,606,0,6410,516359,-1,21.7669,32.7655,1000,12,1,1785831652,1786288322,0,Libya,Libyana,https://opencellid.org/
LTE,606,0,6410,516361,-1,21.7576,32.7648,1000,9,1,1785831693,1786288322,0,Libya,Libyana,https://opencellid.org/
LTE,606,0,6410,519938,-1,21.7602,32.77,1000,9,1,1785831779,1785844922,0,Libya,Libyana,https://opencellid.org/
LTE,606,0,6410,519939,-1,21.7589,32.7724,1000,21,1,1785831825,1785845822,0,Libya,Libyana,https://opencellid.org/
LTE,606,0,6410,513287,-1,21.7576,32.7717,1000,6,1,1785831835,1785844922,0,Libya,Libyana,https://opencellid.org/
LTE,606,0,6410,516353,-1,21.7619,32.7661,1000,8,1,1785831901,1786288322,0,Libya,Libyana,https://opencellid.org/
LTE,606,0,6410,519937,-1,21.7658,32.7722,1000,8,1,1785832194,1785844922,0,Libya,Libyana,https://opencellid.org/
LTE,606,0,6410,524805,-1,21.7706,32.7709,1000,1,1,1785832245,1785832245,0,Libya,Libyana,https://opencellid.org/
LTE,606,0,6410,517124,-1,21.7738,32.7719,1000,10,1,1785832260,1785845822,0,Libya,Libyana,https://opencellid.org/
LTE,606,0,6410,523014,-1,21.78,32.7744,906,28,1,1785832295,1785845822,0,Libya,Libyana,https://opencellid.org/
GSM,606,1,1123,16432,-1,21.757,32.7738,1000,1,1,1785832828,1785832828,0,Libya,Al-Madar Al-Jadeed,https://opencellid.org/
UMTS,606,1,1050,197299432,-1,21.7828,32.7755,1000,6,1,1785845804,1785845821,0,Libya,Al-Madar Al-Jadeed,https://opencellid.org/
UMTS,606,1,1050,197299792,-1,21.7818,32.7747,3564,9,1,1785845804,1785845821,0,Libya,Al-Madar Al-Jadeed,https://opencellid.org/
UMTS,606,1,1050,197299822,-1,21.7961,32.7775,1000,1,1,1785845804,1785845804,0,Libya,Al-Madar Al-Jadeed,https://opencellid.org/
UMTS,606,1,1050,197301003,-1,21.7934,32.7766,1000,2,1,1785845804,1785845821,0,Libya,Al-Madar Al-Jadeed,https://opencellid.org/
UMTS,606,1,1050,197299381,-1,21.7642,32.7741,1694,11,1,1785845804,1785845821,0,Libya,Al-Madar Al-Jadeed,https://opencellid.org/
UMTS,606,1,1050,197299371,-1,21.7783,32.7747,1000,2,1,1785845804,1785845821,0,Libya,Al-Madar Al-Jadeed,https://opencellid.org/
UMTS,606,1,1050,197299393,-1,21.7653,32.7725,1000,5,1,1785845804,1785845821,0,Libya,Al-Madar Al-Jadeed,https://opencellid.org/
UMTS,606,1,1050,197300823,-1,21.762,32.7735,1000,2,1,1785845804,1785845821,0,Libya,Al-Madar Al-Jadeed,https://opencellid.org/
UMTS,606,1,1050,197299431,-1,21.7553,32.7733,1000,5,1,1785845804,1785845821,0,Libya,Al-Madar Al-Jadeed,https://opencellid.org/
UMTS,606,1,1050,197299441,-1,21.7498,32.7719,1000,6,1,1785845804,1785845821,0,Libya,Al-Madar Al-Jadeed,https://opencellid.org/
UMTS,606,1,1050,197299551,-1,21.7445,32.7705,1000,14,1,1785845804,1785845821,0,Libya,Al-Madar Al-Jadeed,https://opencellid.org/
UMTS,606,1,1050,197299552,-1,21.7357,32.7677,1000,6,1,1785845805,1785845821,0,Libya,Al-Madar Al-Jadeed,https://opencellid.org/
UMTS,606,1,1050,197299553,-1,21.7228,32.7722,1170,13,1,1785845805,1785849542,0,Libya,Al-Madar Al-Jadeed,https://opencellid.org/
UMTS,606,1,1050,197301042,-1,21.7262,32.7686,1000,12,1,1785845805,1785845821,0,Libya,Al-Madar Al-Jadeed,https://opencellid.org/
UMTS,606,1,1050,197301041,-1,21.7194,32.7726,1000,15,1,1785845805,1785849542,0,Libya,Al-Madar Al-Jadeed,https://opencellid.org/
LTE,606,0,6410,523013,-1,21.7905,32.7748,1000,24,1,1785832361,1786191781,0,Libya,Libyana,https://opencellid.org/
LTE,606,0,6410,521478,-1,21.7944,32.7768,1000,18,1,1785832391,1786191781,0,Libya,Libyana,https://opencellid.org/
LTE,606,0,6410,519940,-1,21.7662,32.7722,1000,11,1,1785832716,1785845822,0,Libya,Libyana,https://opencellid.org/
LTE,606,0,6410,519942,-1,21.76,32.7738,1000,9,1,1785832777,1785845822,0,Libya,Libyana,https://opencellid.org/
LTE,606,0,6410,524803,-1,21.7542,32.773,1000,1,1,1785832868,1785832868,0,Libya,Libyana,https://opencellid.org/
LTE,606,0,6410,513281,-1,21.7524,32.7726,1000,4,1,1785832878,1785845822,0,Libya,Libyana,https://opencellid.org/
LTE,606,0,6410,519687,-1,21.7503,32.7721,1000,1,1,1785832899,1785832899,0,Libya,Libyana,https://opencellid.org/
LTE,606,0,6410,525058,-1,21.7489,32.7717,1000,2,1,1785832909,1785845822,0,Libya,Libyana,https://opencellid.org/
LTE,606,0,6410,513283,-1,21.7471,32.7712,1000,2,1,1785832919,1785845822,0,Libya,Libyana,https://opencellid.org/
LTE,606,0,6410,520209,-1,21.7437,32.7704,1000,6,1,1785832929,1785845822,0,Libya,Libyana,https://opencellid.org/
LTE,606,0,6410,519681,-1,21.744,32.7705,1000,1,1,1785832954,1785832954,0,Libya,Libyana,https://opencellid.org/
LTE,606,0,6410,520210,-1,21.7396,32.7689,1000,4,1,1785832980,1785845822,0,Libya,Libyana,https://opencellid.org/
LTE,606,0,6410,520227,-1,21.7354,32.7676,1000,7,1,1785833000,1785845822,0,Libya,Libyana,https://opencellid.org/
LTE,606,0,6410,525826,-1,21.7328,32.7667,1000,1,1,1785833045,1785833045,0,Libya,Libyana,https://opencellid.org/
LTE,606,0,6410,525831,-1,21.7313,32.7668,1000,2,1,1785833050,1785845822,0,Libya,Libyana,https://opencellid.org/
LTE,606,0,6410,525825,-1,21.7273,32.768,1000,11,1,1785833060,1785845822,0,Libya,Libyana,https://opencellid.org/
LTE,606,0,6410,521985,-1,21.7237,32.7702,1000,5,1,1785833137,1785845822,0,Libya,Libyana,https://opencellid.org/
LTE,606,0,6410,521987,-1,21.7186,32.7732,1000,15,1,1785833182,1785849542,0,Libya,Libyana,https://opencellid.org/
GSM,606,1,1123,19622,-1,21.7289,32.7939,1809,21,1,1785833498,1785929762,0,Libya,Al-Madar Al-Jadeed,https://opencellid.org/
GSM,606,1,1123,16241,-1,21.7096,32.7935,1663,20,1,1785833549,1785849542,0,Libya,Al-Madar Al-Jadeed,https://opencellid.org/
GSM,606,1,1123,16282,-1,21.7013,32.7895,1000,4,1,1785833582,1785849542,0,Libya,Al-Madar Al-Jadeed,https://opencellid.org/
GSM,606,1,1123,19623,-1,21.7173,32.7951,1928,7,1,1785833622,1785849542,0,Libya,Al-Madar Al-Jadeed,https://opencellid.org/
GSM,606,1,1123,16183,-1,21.6972,32.7924,1000,1,1,1785833683,1785833683,0,Libya,Al-Madar Al-Jadeed,https://opencellid.org/
UMTS,606,1,1050,197299602,-1,21.7127,32.7807,1000,12,1,1785849538,1785849542,0,Libya,Al-Madar Al-Jadeed,https://opencellid.org/
UMTS,606,1,1050,197299601,-1,21.7137,32.7921,1000,21,1,1785849538,1785849542,0,Libya,Al-Madar Al-Jadeed,https://opencellid.org/
UMTS,606,0,5410,46092211,-1,21.7126,32.7872,1000,3,1,1785849538,1785849542,0,Libya,Libyana,https://opencellid.org/
UMTS,606,0,5410,46092250,-1,21.7183,32.7893,1493,4,1,1785849539,1785849542,0,Libya,Libyana,https://opencellid.org/
UMTS,606,0,5410,46092209,-1,21.7076,32.7877,1000,2,1,1785849539,1785849542,0,Libya,Libyana,https://opencellid.org/
UMTS,606,0,5410,46092600,-1,21.7013,32.7895,1000,4,1,1785849539,1785849542,0,Libya,Libyana,https://opencellid.org/
UMTS,606,0,5410,46092212,-1,21.7037,32.7942,1000,6,1,1785849539,1785849542,0,Libya,Libyana,https://opencellid.org/
LTE,606,0,6410,522242,-1,21.7142,32.7784,1000,15,1,1785833304,1785849542,0,Libya,Libyana,https://opencellid.org/
LTE,606,0,6410,522244,-1,21.7203,32.7903,3069,15,1,1785833395,1785935282,0,Libya,Libyana,https://opencellid.org/
LTE,606,0,6410,522241,-1,21.7154,32.7957,1000,16,1,1785833538,1785849543,0,Libya,Libyana,https://opencellid.org/
LTE,606,0,6410,523266,-1,21.7263,32.7939,2733,10,1,1785833632,1785935282,0,Libya,Libyana,https://opencellid.org/
LTE,606,0,6410,522243,-1,21.6972,32.7923,1000,3,1,1785833657,1785849542,0,Libya,Libyana,https://opencellid.org/
LTE,606,0,6410,522246,-1,21.6972,32.7924,1000,1,1,1785833923,1785833923,0,Libya,Libyana,https://opencellid.org/
LTE,606,0,6410,523267,-1,21.7295,32.7976,1000,11,1,1785834084,1785849543,0,Libya,Libyana,https://opencellid.org/
LTE,606,0,6410,523269,-1,21.7337,32.7949,1000,16,1,1785834370,1785935282,0,Libya,Libyana,https://opencellid.org/
LTE,606,0,6410,523270,-1,21.7339,32.7988,1000,13,1,1785835330,1785935282,0,Libya,Libyana,https://opencellid.org/
UMTS,606,0,5410,46092256,-1,21.7336,32.7945,500,30,1,1785929734,1785929762,0,Libya,Libyana,https://opencellid.org/
UMTS,606,0,5410,46092254,-1,21.731,32.7982,1000,3,1,1785929734,1785929762,0,Libya,Libyana,https://opencellid.org/
UMTS,606,0,5410,46091830,-1,21.7318,32.7544,1000,12,1,1785929734,1785929762,0,Libya,Libyana,https://opencellid.org/
UMTS,606,0,5410,46095829,-1,21.7327,32.7577,1000,10,1,1785929734,1785929762,0,Libya,Libyana,https://opencellid.org/
UMTS,606,0,5410,46091961,-1,21.7359,32.7591,1000,4,1,1785929734,1785929762,0,Libya,Libyana,https://opencellid.org/
UMTS,606,0,5410,46091959,-1,21.7403,32.7612,1000,1,1,1785929734,1785929734,0,Libya,Libyana,https://opencellid.org/
LTE,606,0,6410,512514,-1,21.7319,32.7542,1000,11,1,1785915342,1785929762,0,Libya,Libyana,https://opencellid.org/
LTE,606,0,6410,512519,-1,21.732,32.7574,1000,9,1,1785915484,1785929762,0,Libya,Libyana,https://opencellid.org/
LTE,606,0,6410,515875,-1,21.7353,32.7588,1000,5,1,1785915585,1785929762,0,Libya,Libyana,https://opencellid.org/
LTE,606,0,6410,515868,-1,21.7369,32.7595,1000,2,1,1785915621,1785929762,0,Libya,Libyana,https://opencellid.org/
LTE,606,0,6410,515865,-1,21.7376,32.7599,1000,1,1,1785915658,1785915658,0,Libya,Libyana,https://opencellid.org/
LTE,606,0,6410,515856,-1,21.7387,32.7605,1000,1,1,1785915673,1785915673,0,Libya,Libyana,https://opencellid.org/
LTE,606,0,6410,524099,-1,21.7421,32.7627,1000,2,1,1785916296,1785929762,0,Libya,Libyana,https://opencellid.org/
LTE,606,0,6410,515887,-1,21.7419,32.7637,1000,2,1,1785916367,1785929762,0,Libya,Libyana,https://opencellid.org/
LTE,606,0,6410,515857,-1,21.741,32.7632,1000,11,1,1785916392,1785929762,0,Libya,Libyana,https://opencellid.org/
LTE,606,0,6410,520219,-1,21.7406,32.7644,1000,3,1,1785916452,1785929762,0,Libya,Libyana,https://opencellid.org/
LTE,606,0,6410,524069,-1,21.7425,32.763,1000,3,1,1785916660,1785929762,0,Libya,Libyana,https://opencellid.org/
LTE,606,0,6410,517444,-1,21.7496,32.7639,1000,3,1,1785917015,1785929762,0,Libya,Libyana,https://opencellid.org/
LTE,606,0,6410,517421,-1,21.7509,32.7643,1000,3,1,1785917030,1785929762,0,Libya,Libyana,https://opencellid.org/
LTE,606,0,6410,517422,-1,21.7527,32.7648,1000,4,1,1785917066,1785929762,0,Libya,Libyana,https://opencellid.org/
LTE,606,0,6410,513285,-1,21.7539,32.7652,1000,1,1,1785917101,1785917101,0,Libya,Libyana,https://opencellid.org/
UMTS,606,0,5410,46092051,-1,21.7782,32.7601,1000,1,1,1785932607,1785932607,0,Libya,Libyana,https://opencellid.org/
UMTS,606,0,5410,46092140,-1,21.7783,32.7609,1000,2,1,1785932607,1785932641,0,Libya,Libyana,https://opencellid.org/
LTE,606,0,6410,513027,-1,21.772,32.7609,1000,7,1,1785917289,1785932641,0,Libya,Libyana,https://opencellid.org/
LTE,606,0,6410,517122,-1,21.773,32.7654,1000,9,1,1785917304,1786288322,0,Libya,Libyana,https://opencellid.org/
LTE,606,0,6410,524802,-1,21.7728,32.7654,1000,1,1,1785917319,1785917319,0,Libya,Libyana,https://opencellid.org/
LTE,606,0,6410,520485,-1,21.7827,32.7664,1000,17,1,1785917390,1786288322,0,Libya,Libyana,https://opencellid.org/
LTE,606,0,6410,520484,-1,21.7753,32.7636,1000,5,1,1785917401,1785932641,0,Libya,Libyana,https://opencellid.org/
LTE,606,0,6410,520705,-1,21.7741,32.7625,1000,2,1,1785917476,1785932641,0,Libya,Libyana,https://opencellid.org/
LTE,606,0,6410,513025,-1,21.7799,32.7645,1012,11,1,1785917507,1785932642,0,Libya,Libyana,https://opencellid.org/
LTE,606,0,6410,513026,-1,21.7745,32.758,1000,10,1,1785917770,1785932641,0,Libya,Libyana,https://opencellid.org/
LTE,606,0,6410,516615,-1,21.7747,32.7571,1000,4,1,1785917993,1785932641,0,Libya,Libyana,https://opencellid.org/
LTE,606,0,6410,516354,-1,21.7725,32.7571,1000,3,1,1785918003,1785932641,0,Libya,Libyana,https://opencellid.org/
LTE,606,0,6410,520711,-1,21.7715,32.7571,1000,2,1,1785918023,1785932641,0,Libya,Libyana,https://opencellid.org/
LTE,606,0,6410,518147,-1,21.7781,32.7576,1000,12,1,1785918221,1785932641,0,Libya,Libyana,https://opencellid.org/
LTE,606,0,6410,520483,-1,21.7782,32.7628,1000,3,1,1785918561,1785932641,0,Libya,Libyana,https://opencellid.org/
LTE,606,0,6410,520486,-1,21.7785,32.7655,1000,3,1,1785918617,1786288322,0,Libya,Libyana,https://opencellid.org/
LTE,606,0,6410,520463,-1,21.7797,32.7654,1000,4,1,1785918622,1786288322,0,Libya,Libyana,https://opencellid.org/
LTE,606,0,6410,520464,-1,21.7807,32.7654,1000,2,1,1785918632,1785932641,0,Libya,Libyana,https://opencellid.org/
LTE,606,0,6410,520465,-1,21.7818,32.7657,1000,4,1,1785918642,1786288322,0,Libya,Libyana,https://opencellid.org/
LTE,606,0,6410,520466,-1,21.7845,32.7673,1000,4,1,1785918652,1785932641,0,Libya,Libyana,https://opencellid.org/
LTE,606,0,6410,523010,-1,21.7897,32.7731,1000,8,1,1785918767,1785932642,0,Libya,Libyana,https://opencellid.org/
LTE,606,0,6410,521474,-1,21.8005,32.7799,1000,19,1,1785919960,1785935282,0,Libya,Libyana,https://opencellid.org/
UMTS,606,0,5410,46092445,-1,21.7871,32.8066,1000,6,1,1785935254,1785935282,0,Libya,Libyana,https://opencellid.org/
UMTS,606,0,5410,46092252,-1,21.7888,32.809,1000,4,1,1785935254,1785935282,0,Libya,Libyana,https://opencellid.org/
UMTS,606,0,5410,46092640,-1,21.7856,32.8082,1000,5,1,1785935254,1785935282,0,Libya,Libyana,https://opencellid.org/
UMTS,606,0,5410,46092643,-1,21.7828,32.8084,1000,3,1,1785935254,1785935282,0,Libya,Libyana,https://opencellid.org/
UMTS,606,0,5410,46092442,-1,21.7815,32.8147,1000,8,1,1785935254,1785935282,0,Libya,Libyana,https://opencellid.org/
UMTS,606,0,5410,46092255,-1,21.7676,32.8106,1376,8,1,1785935254,1785935282,0,Libya,Libyana,https://opencellid.org/
LTE,606,0,6410,521473,-1,21.7977,32.7876,1000,17,1,1785920078,1785935282,0,Libya,Libyana,https://opencellid.org/
LTE,606,0,6410,528130,-1,21.7916,32.7955,1000,18,1,1785920169,1785935282,0,Libya,Libyana,https://opencellid.org/
LTE,606,0,6410,528133,-1,21.7951,32.7908,1000,2,1,1785920200,1785935282,0,Libya,Libyana,https://opencellid.org/
LTE,606,0,6410,521476,-1,21.7943,32.7919,1000,2,1,1785920210,1785935282,0,Libya,Libyana,https://opencellid.org/
LTE,606,0,6410,528129,-1,21.7863,32.8033,1000,15,1,1785920321,1785935282,0,Libya,Libyana,https://opencellid.org/
LTE,606,0,6410,533250,-1,21.7864,32.8084,1000,4,1,1785920484,1785935282,0,Libya,Libyana,https://opencellid.org/
LTE,606,0,6410,523265,-1,21.7604,32.8068,1115,18,1,1785920742,1785935282,0,Libya,Libyana,https://opencellid.org/
LTE,606,0,6410,523268,-1,21.7435,32.8054,1000,13,1,1785920859,1785935282,0,Libya,Libyana,https://opencellid.org/
UMTS,606,0,5420,46122101,-1,22.7187,32.6351,1349,42,1,1786096172,1786190762,0,Libya,Libyana,https://opencellid.org/
UMTS,606,0,5420,46122100,-1,22.7278,32.6272,1000,2,1,1786096172,1786190762,0,Libya,Libyana,https://opencellid.org/
UMTS,606,0,5420,46122099,-1,22.7789,32.6055,13137,25,1,1786096172,1786190762,0,Libya,Libyana,https://opencellid.org/
UMTS,606,0,5420,46121869,-1,22.8629,32.5767,8779,27,1,1786096172,1786190762,0,Libya,Libyana,https://opencellid.org/
UMTS,606,0,5420,46121872,-1,22.8862,32.5693,2988,45,1,1786096172,1786190762,0,Libya,Libyana,https://opencellid.org/
UMTS,606,0,5420,46122321,-1,22.9506,32.5547,3386,27,1,1786096172,1786190762,0,Libya,Libyana,https://opencellid.org/
UMTS,606,0,5420,46122327,-1,22.9519,32.5534,1133,23,1,1786096172,1786190762,0,Libya,Libyana,https://opencellid.org/
LTE,606,0,6420,1287176,-1,22.6545,32.7547,1000,5,1,1786076257,1786190764,0,Libya,Libyana,https://opencellid.org/
LTE,606,0,6420,1280550,-1,22.6541,32.7543,1000,3,1,1786076462,1786096261,0,Libya,Libyana,https://opencellid.org/
LTE,606,0,6420,1283845,-1,22.649,32.7546,1000,7,1,1786081318,1786096261,0,Libya,Libyana,https://opencellid.org/
LTE,606,0,6420,1283851,-1,22.6489,32.7527,1000,2,1,1786081353,1786096261,0,Libya,Libyana,https://opencellid.org/
LTE,606,0,6420,1286916,-1,22.6486,32.7517,1000,3,1,1786081363,1786096261,0,Libya,Libyana,https://opencellid.org/
LTE,606,0,6420,1286924,-1,22.6484,32.7496,1000,5,1,1786081379,1786096261,0,Libya,Libyana,https://opencellid.org/
LTE,606,0,6420,1286923,-1,22.6514,32.7467,1000,5,1,1786081409,1786096261,0,Libya,Libyana,https://opencellid.org/
LTE,606,0,6420,1287170,-1,22.6553,32.7447,1000,4,1,1786081435,1786096261,0,Libya,Libyana,https://opencellid.org/
LTE,606,0,6420,1286920,-1,22.6532,32.7459,1000,6,1,1786081460,1786190764,0,Libya,Libyana,https://opencellid.org/
LTE,606,0,6420,1287175,-1,22.6604,32.7428,1000,7,1,1786081470,1786096261,0,Libya,Libyana,https://opencellid.org/
LTE,606,0,6420,1292058,-1,22.6656,32.7409,1000,4,1,1786081508,1786096261,0,Libya,Libyana,https://opencellid.org/
LTE,606,0,6420,1286403,-1,22.6684,32.7388,1000,9,1,1786081533,1786190764,0,Libya,Libyana,https://opencellid.org/
LTE,606,0,6420,1286401,-1,22.67,32.7298,920,40,1,1786081559,1786190764,0,Libya,Libyana,https://opencellid.org/
LTE,606,0,6420,1281283,-1,22.6749,32.7088,1486,40,1,1786081852,1786190764,0,Libya,Libyana,https://opencellid.org/
LTE,606,0,6420,1281282,-1,22.6989,32.6656,7559,50,1,1786082069,1786190764,0,Libya,Libyana,https://opencellid.org/
LTE,606,0,6420,1281539,-1,22.7586,32.6109,6064,39,1,1786082364,1786190764,0,Libya,Libyana,https://opencellid.org/
LTE,606,0,6420,1281540,-1,22.8143,32.5932,9512,10,1,1786082807,1786190763,0,Libya,Libyana,https://opencellid.org/
LTE,606,0,6420,1281537,-1,22.797,32.5985,4028,50,1,1786082838,1786190764,0,Libya,Libyana,https://opencellid.org/
UMTS,606,0,5420,46122319,-1,23.0687,32.5742,5023,23,1,1786190728,1786190762,0,Libya,Libyana,https://opencellid.org/
UMTS,606,0,5420,46122356,-1,23.0827,32.5789,3285,33,1,1786190728,1786190762,0,Libya,Libyana,https://opencellid.org/
UMTS,606,0,5420,46122357,-1,23.1063,32.6028,1000,9,1,1786190728,1786190762,0,Libya,Libyana,https://opencellid.org/
UMTS,606,0,5420,46101937,-1,23.0776,32.5714,1000,2,1,1786190728,1786190762,0,Libya,Libyana,https://opencellid.org/
UMTS,606,0,5420,46122346,-1,23.0683,32.5624,1000,1,1,1786190728,1786190728,0,Libya,Libyana,https://opencellid.org/
UMTS,606,0,5420,46102027,-1,23.0637,32.561,1000,1,1,1786190728,1786190728,0,Libya,Libyana,https://opencellid.org/
UMTS,606,0,5420,46122347,-1,23.0281,32.551,1000,1,1,1786190728,1786190728,0,Libya,Libyana,https://opencellid.org/
UMTS,606,0,5420,46122325,-1,23.0241,32.5497,1000,4,1,1786190728,1786190762,0,Libya,Libyana,https://opencellid.org/
UMTS,606,0,5420,46121874,-1,22.709,32.645,2408,9,1,1786190729,1786190762,0,Libya,Libyana,https://opencellid.org/
UMTS,606,0,5420,46126090,-1,22.6546,32.7544,1000,1,1,1786190729,1786190729,0,Libya,Libyana,https://opencellid.org/
UMTS,606,0,5420,46122094,-1,22.6542,32.7566,1000,1,1,1786190729,1786190729,0,Libya,Libyana,https://opencellid.org/
UMTS,606,0,5420,46122399,-1,22.153,32.7793,1000,7,1,1786190729,1786190762,0,Libya,Libyana,https://opencellid.org/
UMTS,606,0,5420,46122034,-1,22.1447,32.7792,1000,3,1,1786190730,1786190762,0,Libya,Libyana,https://opencellid.org/
UMTS,606,0,5420,46126872,-1,22.1234,32.787,2044,9,1,1786190730,1786190762,0,Libya,Libyana,https://opencellid.org/
UMTS,606,0,5420,46092392,-1,22.1032,32.7915,1000,4,1,1786190730,1786190762,0,Libya,Libyana,https://opencellid.org/
UMTS,606,0,5420,46122449,-1,22.0829,32.7924,1491,21,1,1786190730,1786190763,0,Libya,Libyana,https://opencellid.org/
UMTS,606,0,5420,46122451,-1,22.0518,32.7897,1430,13,1,1786190730,1786190763,0,Libya,Libyana,https://opencellid.org/
UMTS,606,0,5410,46092392,-1,22.0323,32.7859,2442,10,1,1786190730,1786190763,0,Libya,Libyana,https://opencellid.org/
UMTS,606,0,5410,46122451,-1,22.0538,32.7912,1000,4,1,1786190730,1786190763,0,Libya,Libyana,https://opencellid.org/
UMTS,606,0,5420,46122400,-1,22.0346,32.7837,1000,2,1,1786190730,1786190763,0,Libya,Libyana,https://opencellid.org/
UMTS,606,0,5410,46091922,-1,22.0305,32.7836,1000,3,1,1786190730,1786190763,0,Libya,Libyana,https://opencellid.org/
UMTS,606,0,5410,46092452,-1,22.0263,32.7835,1000,1,1,1786190730,1786190730,0,Libya,Libyana,https://opencellid.org/
UMTS,606,0,5410,46092389,-1,22.0132,32.7833,1000,2,1,1786190730,1786190763,0,Libya,Libyana,https://opencellid.org/
UMTS,606,0,5410,46092419,-1,21.9716,32.794,1756,20,1,1786190730,1786190763,0,Libya,Libyana,https://opencellid.org/
UMTS,606,0,5410,46092409,-1,21.9776,32.7894,1000,7,1,1786190730,1786190763,0,Libya,Libyana,https://opencellid.org/
UMTS,606,0,5410,46092420,-1,21.9501,32.8071,1000,12,1,1786190730,1786190763,0,Libya,Libyana,https://opencellid.org/
UMTS,606,0,5410,46092459,-1,21.9435,32.8084,1000,4,1,1786190730,1786190763,0,Libya,Libyana,https://opencellid.org/
LTE,606,0,6420,1293059,-1,22.9899,32.544,1695,39,1,1786083629,1786190764,0,Libya,Libyana,https://opencellid.org/
LTE,606,0,6420,1295363,-1,23.0076,32.5428,3251,24,1,1786083742,1786190763,0,Libya,Libyana,https://opencellid.org/
LTE,606,0,6420,1293057,-1,23.047,32.5615,7142,49,1,1786083747,1786190763,0,Libya,Libyana,https://opencellid.org/
LTE,606,0,6420,1293060,-1,23.0804,32.5806,4329,20,1,1786084053,1786190763,0,Libya,Libyana,https://opencellid.org/
LTE,606,0,6430,769027,-1,23.0632,32.5609,1000,1,1,1786084126,1786084126,0,Libya,Libyana,https://opencellid.org/
LTE,606,0,6420,1293570,-1,23.0887,32.5863,1000,1,1,1786084713,1786084713,0,Libya,Libyana,https://opencellid.org/
LTE,606,0,6430,769539,-1,23.0835,32.5813,1000,1,1,1786084738,1786084738,0,Libya,Libyana,https://opencellid.org/
LTE,606,0,6420,1293062,-1,22.9685,32.5512,1000,7,1,1786085362,1786190764,0,Libya,Libyana,https://opencellid.org/
LTE,606,0,6420,1281542,-1,22.7364,32.62,1000,13,1,1786086242,1786190764,0,Libya,Libyana,https://opencellid.org/
LTE,606,0,6420,1292088,-1,22.665,32.7412,1000,3,1,1786087045,1786190764,0,Libya,Libyana,https://opencellid.org/
LTE,606,0,6420,1284098,-1,22.6601,32.7431,1000,4,1,1786087066,1786190764,0,Libya,Libyana,https://opencellid.org/
LTE,606,0,6420,1289730,-1,22.6554,32.7447,1000,3,1,1786087086,1786190764,0,Libya,Libyana,https://opencellid.org/
LTE,606,0,6420,1286915,-1,22.6493,32.7483,1000,1,1,1786087122,1786087122,0,Libya,Libyana,https://opencellid.org/
LTE,606,0,6420,1286921,-1,22.6488,32.7506,1000,4,1,1786087132,1786190764,0,Libya,Libyana,https://opencellid.org/
LTE,606,0,6420,1283848,-1,22.6491,32.7527,1000,1,1,1786087163,1786087163,0,Libya,Libyana,https://opencellid.org/
LTE,606,0,6420,1283842,-1,22.6492,32.7546,1000,3,1,1786087168,1786190764,0,Libya,Libyana,https://opencellid.org/
LTE,606,0,6420,1283847,-1,22.6498,32.7574,1000,7,1,1786087183,1786190764,0,Libya,Libyana,https://opencellid.org/
LTE,606,0,6420,1287171,-1,22.6536,32.7563,1000,11,1,1786087228,1786190764,0,Libya,Libyana,https://opencellid.org/
LTE,606,0,6420,1287174,-1,22.6524,32.7578,2150,9,1,1786113135,1786190764,0,Libya,Libyana,https://opencellid.org/
LTE,606,0,6420,1283333,-1,22.6461,32.7604,1000,3,1,1786164384,1786190764,0,Libya,Libyana,https://opencellid.org/
LTE,606,0,6420,1292080,-1,22.6456,32.7605,1000,3,1,1786164399,1786190764,0,Libya,Libyana,https://opencellid.org/
LTE,606,0,6420,1292079,-1,22.6439,32.7613,1000,2,1,1786164439,1786190764,0,Libya,Libyana,https://opencellid.org/
LTE,606,0,6420,1292078,-1,22.6426,32.7621,1000,3,1,1786164449,1786190764,0,Libya,Libyana,https://opencellid.org/
LTE,606,0,6420,1284106,-1,22.6413,32.7628,1000,2,1,1786164465,1786190764,0,Libya,Libyana,https://opencellid.org/
LTE,606,0,6420,1282820,-1,22.6404,32.7632,1000,1,1,1786164475,1786164475,0,Libya,Libyana,https://opencellid.org/
LTE,606,0,6420,1280314,-1,22.6395,32.7635,1000,2,1,1786164480,1786190764,0,Libya,Libyana,https://opencellid.org/
LTE,606,0,6420,1284100,-1,22.6374,32.7653,1000,5,1,1786164490,1786190764,0,Libya,Libyana,https://opencellid.org/
LTE,606,0,6420,1288240,-1,22.637,32.7637,1000,4,1,1786164495,1786190764,0,Libya,Libyana,https://opencellid.org/
LTE,606,0,6420,1280321,-1,22.6378,32.7669,1000,7,1,1786164546,1786190765,0,Libya,Libyana,https://opencellid.org/
LTE,606,0,6420,1280301,-1,22.6394,32.7691,1000,1,1,1786164601,1786164601,0,Libya,Libyana,https://opencellid.org/
LTE,606,0,6420,1280302,-1,22.6401,32.7702,1000,4,1,1786164606,1786190764,0,Libya,Libyana,https://opencellid.org/
LTE,606,0,6420,1284097,-1,22.6407,32.7718,1000,2,1,1786164637,1786190764,0,Libya,Libyana,https://opencellid.org/
LTE,606,0,6420,1289729,-1,22.6411,32.7719,1000,2,1,1786164642,1786190764,0,Libya,Libyana,https://opencellid.org/
LTE,606,0,6420,1280272,-1,22.6399,32.7723,1000,3,1,1786164667,1786190764,0,Libya,Libyana,https://opencellid.org/
LTE,606,0,6420,1287937,-1,22.6384,32.7723,1000,3,1,1786164687,1786190764,0,Libya,Libyana,https://opencellid.org/
LTE,606,0,6420,1409537,-1,22.1442,32.7821,2286,21,1,1786176597,1786190765,0,Libya,Libyana,https://opencellid.org/
LTE,606,0,6410,526849,-1,22.0166,32.7854,4168,11,1,1786177047,1786190765,0,Libya,Libyana,https://opencellid.org/
LTE,606,0,6410,528385,-1,22.0026,32.7842,1000,5,1,1786177286,1786190765,0,Libya,Libyana,https://opencellid.org/
LTE,606,0,6410,526850,-1,21.9928,32.7839,1000,8,1,1786177347,1786190765,0,Libya,Libyana,https://opencellid.org/
LTE,606,0,6410,528386,-1,21.9933,32.7838,1000,6,1,1786177377,1786190765,0,Libya,Libyana,https://opencellid.org/
LTE,606,0,6410,528644,-1,21.9288,32.8108,1000,12,1,1786178122,1786191781,0,Libya,Libyana,https://opencellid.org/
UMTS,606,0,5410,46092460,-1,21.8902,32.8005,1000,6,1,1786191728,1786191781,0,Libya,Libyana,https://opencellid.org/
UMTS,606,0,5410,46092563,-1,21.8758,32.7948,1000,4,1,1786191728,1786191781,0,Libya,Libyana,https://opencellid.org/
UMTS,606,0,5410,46092543,-1,21.8714,32.793,1000,1,1,1786191728,1786191728,0,Libya,Libyana,https://opencellid.org/
UMTS,606,0,5410,46096560,-1,21.8706,32.7927,1000,1,1,1786191728,1786191728,0,Libya,Libyana,https://opencellid.org/
UMTS,606,0,5410,46092567,-1,21.8648,32.7904,1000,2,1,1786191728,1786191781,0,Libya,Libyana,https://opencellid.org/
UMTS,606,0,5410,46091879,-1,21.845,32.7871,1000,7,1,1786191728,1786191781,0,Libya,Libyana,https://opencellid.org/
LTE,606,0,6410,528645,-1,21.9062,32.8065,2321,18,1,1786178193,1786191781,0,Libya,Libyana,https://opencellid.org/
LTE,606,0,6410,531205,-1,21.8827,32.7975,1000,2,1,1786178455,1786191781,0,Libya,Libyana,https://opencellid.org/
LTE,606,0,6410,513538,-1,21.8801,32.7965,1000,4,1,1786178465,1786191781,0,Libya,Libyana,https://opencellid.org/
LTE,606,0,6410,531202,-1,21.8788,32.796,1000,2,1,1786178496,1786191781,0,Libya,Libyana,https://opencellid.org/
LTE,606,0,6410,531211,-1,21.8694,32.7922,1000,1,1,1786178590,1786178590,0,Libya,Libyana,https://opencellid.org/
LTE,606,0,6410,531206,-1,21.8666,32.7911,1000,2,1,1786178610,1786191781,0,Libya,Libyana,https://opencellid.org/
LTE,606,0,6410,530690,-1,21.8593,32.7887,1000,2,1,1786178640,1786191781,0,Libya,Libyana,https://opencellid.org/
LTE,606,0,6410,531203,-1,21.8592,32.7884,1000,6,1,1786178645,1786191781,0,Libya,Libyana,https://opencellid.org/
LTE,606,0,6410,530179,-1,21.8509,32.7873,1000,2,1,1786178700,1786191781,0,Libya,Libyana,https://opencellid.org/
LTE,606,0,6410,513796,-1,21.834,32.7845,1000,13,1,1786178753,1786191781,0,Libya,Libyana,https://opencellid.org/
LTE,606,0,6410,513798,-1,21.8153,32.7807,1000,9,1,1786178844,1786191781,0,Libya,Libyana,https://opencellid.org/
LTE,606,0,6410,521477,-1,21.8045,32.7796,1011,13,1,1786178894,1786191781,0,Libya,Libyana,https://opencellid.org/
LTE,606,0,6410,513028,-1,21.7868,32.7691,1000,1,1,1786179145,1786179145,0,Libya,Libyana,https://opencellid.org/
LTE,606,0,6410,518145,-1,21.7863,32.7682,1000,2,1,1786179150,1786191781,0,Libya,Libyana,https://opencellid.org/
GSM,606,1,1122,13452,-1,20.6202,32.5257,1000,2,1,1786275280,1786288266,0,Libya,Al-Madar Al-Jadeed,https://opencellid.org/
UMTS,606,0,5390,46066304,-1,20.7215,32.5007,1132,21,1,1786288245,1786288267,0,Libya,Libyana,https://opencellid.org/
UMTS,606,0,5390,46066913,-1,20.7048,32.5021,1000,8,1,1786288245,1786288266,0,Libya,Libyana,https://opencellid.org/
UMTS,606,0,5390,46066915,-1,20.6934,32.5051,1239,28,1,1786288245,1786288267,0,Libya,Libyana,https://opencellid.org/
UMTS,606,0,5390,46066883,-1,20.6568,32.5116,1693,37,1,1786288245,1786288322,0,Libya,Libyana,https://opencellid.org/
GSM,606,1,1122,13463,-1,20.53,32.5016,1000,2,1,1786275664,1786288322,0,Libya,Al-Madar Al-Jadeed,https://opencellid.org/
UMTS,606,0,5390,46066884,-1,20.6388,32.5173,1000,10,1,1786288290,1786288322,0,Libya,Libyana,https://opencellid.org/
UMTS,606,0,5390,46066857,-1,20.632,32.5204,1000,4,1,1786288290,1786288322,0,Libya,Libyana,https://opencellid.org/
UMTS,606,0,5390,46066854,-1,20.6078,32.5203,3977,9,1,1786288290,1786288322,0,Libya,Libyana,https://opencellid.org/
UMTS,606,0,5390,46066853,-1,20.5853,32.523,1055,13,1,1786288290,1786288322,0,Libya,Libyana,https://opencellid.org/
UMTS,606,1,1040,131760721,-1,20.5847,32.5227,1000,12,1,1786288290,1786288322,0,Libya,Al-Madar Al-Jadeed,https://opencellid.org/
UMTS,606,0,5390,46066945,-1,20.5643,32.5154,1000,1,1,1786288290,1786288290,0,Libya,Libyana,https://opencellid.org/
UMTS,606,0,5390,46066858,-1,20.5301,32.5017,1000,7,1,1786288291,1786288322,0,Libya,Libyana,https://opencellid.org/
LTE,606,0,6410,523011,-1,21.7682,32.7656,1000,3,1,1786179258,1786288322,0,Libya,Libyana,https://opencellid.org/
LTE,606,0,6410,517423,-1,21.7548,32.764,1000,1,1,1786179419,1786179419,0,Libya,Libyana,https://opencellid.org/
LTE,606,0,6410,516617,-1,21.7551,32.7643,1000,1,1,1786179459,1786179459,0,Libya,Libyana,https://opencellid.org/
LTE,606,0,6390,1536773,-1,20.7247,32.5007,1019,22,1,1786274029,1786288323,0,Libya,Libyana,https://opencellid.org/
LTE,606,0,6390,1552388,-1,20.7066,32.5019,1000,10,1,1786274169,1786288323,0,Libya,Libyana,https://opencellid.org/
LTE,606,0,6390,1552390,-1,20.6968,32.5042,1000,20,1,1786274683,1786288323,0,Libya,Libyana,https://opencellid.org/
LTE,606,0,6390,1552387,-1,20.6847,32.5074,1000,8,1,1786274815,1786288323,0,Libya,Libyana,https://opencellid.org/
LTE,606,0,6390,1551620,-1,20.6568,32.5118,1000,21,1,1786274855,1786288323,0,Libya,Libyana,https://opencellid.org/
LTE,606,0,6390,1551621,-1,20.6418,32.5153,1000,12,1,1786275128,1786288323,0,Libya,Libyana,https://opencellid.org/
LTE,606,0,6390,1553163,-1,20.6081,32.5276,1000,4,1,1786275310,1786288323,0,Libya,Libyana,https://opencellid.org/
LTE,606,0,6390,1433089,-1,20.3147,32.3438,1000,6,1,1786276710,1786290242,0,Libya,Libyana,https://opencellid.org/
GSM,606,1,1114,13022,-1,20.2681,32.3117,1000,2,1,1786276928,1786290241,0,Libya,Al-Madar Al-Jadeed,https://opencellid.org/
UMTS,606,1,1040,131759181,-1,20.2758,32.3183,1000,7,1,1786290224,1786290241,0,Libya,Al-Madar Al-Jadeed,https://opencellid.org/
UMTS,606,1,1040,131759184,-1,20.2789,32.3212,1000,4,1,1786290224,1786290241,0,Libya,Al-Madar Al-Jadeed,https://opencellid.org/
UMTS,606,1,1040,131759321,-1,20.2741,32.3169,1000,2,1,1786290224,1786290241,0,Libya,Al-Madar Al-Jadeed,https://opencellid.org/
UMTS,606,1,1040,131759324,-1,20.2528,32.298,1774,25,1,1786290224,1786290241,0,Libya,Al-Madar Al-Jadeed,https://opencellid.org/
UMTS,606,1,1040,131759326,-1,20.2401,32.2868,1000,5,1,1786290224,1786290241,0,Libya,Al-Madar Al-Jadeed,https://opencellid.org/
UMTS,606,1,1040,131757714,-1,20.2336,32.281,1000,7,1,1786290224,1786290241,0,Libya,Al-Madar Al-Jadeed,https://opencellid.org/
UMTS,606,1,1040,131757715,-1,20.2289,32.2768,1000,5,1,1786290224,1786290241,0,Libya,Al-Madar Al-Jadeed,https://opencellid.org/
UMTS,606,1,1040,131757716,-1,20.2198,32.2687,1000,23,1,1786290224,1786290241,0,Libya,Al-Madar Al-Jadeed,https://opencellid.org/
UMTS,606,1,1040,131757724,-1,20.2074,32.2577,1000,23,1,1786290225,1786290242,0,Libya,Al-Madar Al-Jadeed,https://opencellid.org/
UMTS,606,1,1040,131757725,-1,20.1989,32.2507,1000,2,1,1786290225,1786290242,0,Libya,Al-Madar Al-Jadeed,https://opencellid.org/
UMTS,606,1,1040,131757726,-1,20.1964,32.2491,1000,4,1,1786290225,1786290242,0,Libya,Al-Madar Al-Jadeed,https://opencellid.org/
UMTS,606,1,1040,131759225,-1,20.1894,32.2439,1000,9,1,1786290225,1786291141,0,Libya,Al-Madar Al-Jadeed,https://opencellid.org/
LTE,606,0,6390,318470,-1,20.2599,32.3043,2560,14,1,1786276903,1786290242,0,Libya,Libyana,https://opencellid.org/
LTE,606,0,6390,319489,-1,20.2301,32.2779,1000,6,1,1786277123,1786290242,0,Libya,Libyana,https://opencellid.org/
LTE,606,0,6390,319492,-1,20.2196,32.2685,1000,6,1,1786277251,1786290242,0,Libya,Libyana,https://opencellid.org/
LTE,606,0,6390,319494,-1,20.2156,32.265,1000,8,1,1786277281,1786290242,0,Libya,Libyana,https://opencellid.org/
LTE,606,0,6390,1090561,-1,20.2113,32.2611,1000,3,1,1786277322,1786290242,0,Libya,Libyana,https://opencellid.org/
LTE,606,0,6390,291335,-1,20.2097,32.2598,1000,5,1,1786277373,1786290242,0,Libya,Libyana,https://opencellid.org/
LTE,606,0,6390,291333,-1,20.2079,32.2581,1000,1,1,1786277469,1786277469,0,Libya,Libyana,https://opencellid.org/
LTE,606,0,6390,1090562,-1,20.204,32.2546,1000,3,1,1786277495,1786290242,0,Libya,Libyana,https://opencellid.org/
LTE,606,0,6390,315649,-1,20.1953,32.2485,1000,8,1,1786277525,1786290242,0,Libya,Libyana,https://opencellid.org/
LTE,606,0,6390,291336,-1,20.1989,32.2507,1000,2,1,1786277535,1786290242,0,Libya,Libyana,https://opencellid.org/
LTE,606,0,6390,315651,-1,20.1818,32.2351,1311,9,1,1786277627,1786291142,0,Libya,Libyana,https://opencellid.org/
UMTS,606,1,1040,131766146,-1,20.183,32.2368,1000,13,1,1786291128,1786291141,0,Libya,Al-Madar Al-Jadeed,https://opencellid.org/
UMTS,606,1,1040,131759174,-1,20.1767,32.2292,1000,14,1,1786291128,1786291141,0,Libya,Al-Madar Al-Jadeed,https://opencellid.org/
UMTS,606,1,1040,131766134,-1,20.1555,32.1995,1000,10,1,1786291128,1786291141,0,Libya,Al-Madar Al-Jadeed,https://opencellid.org/
UMTS,606,1,1010,66228621,-1,20.1208,32.1624,1000,2,1,1786291129,1786291141,0,Libya,Al-Madar Al-Jadeed,https://opencellid.org/
LTE,606,0,6390,315654,-1,20.1838,32.2376,1000,7,1,1786277662,1786291142,0,Libya,Libyana,https://opencellid.org/
LTE,606,0,6390,1091075,-1,20.1793,32.2323,1000,14,1,1786277733,1786291142,0,Libya,Libyana,https://opencellid.org/
LTE,606,0,6390,285697,-1,20.1652,32.2137,1434,30,1,1786277825,1786291143,0,Libya,Libyana,https://opencellid.org/
LTE,606,0,6390,290313,-1,20.1693,32.2195,1000,2,1,1786277876,1786291142,0,Libya,Libyana,https://opencellid.org/
LTE,606,0,6390,285698,-1,20.1576,32.2027,1000,3,1,1786278008,1786291143,0,Libya,Libyana,https://opencellid.org/
LTE,606,0,6390,285699,-1,20.1548,32.1984,1000,11,1,1786278043,1786291143,0,Libya,Libyana,https://opencellid.org/
LTE,606,0,6390,259329,-1,20.1451,32.1858,1270,20,1,1786278099,1786291143,0,Libya,Libyana,https://opencellid.org/
LTE,606,0,6390,259331,-1,20.1341,32.1751,1000,5,1,1786278293,1786291143,0,Libya,Libyana,https://opencellid.org/
LTE,606,0,6390,259330,-1,20.1288,32.17,1000,4,1,1786278337,1786291143,0,Libya,Libyana,https://opencellid.org/
LTE,606,0,6390,309251,-1,20.1289,32.1702,1000,3,1,1786278347,1786291143,0,Libya,Libyana,https://opencellid.org/
LTE,606,0,6330,307215,-1,20.1282,32.1695,1000,5,1,1786278357,1786291143,0,Libya,Libyana,https://opencellid.org/
LTE,606,0,6330,271105,-1,20.1224,32.164,1000,4,1,1786278460,1786291143,0,Libya,Libyana,https://opencellid.org/
LTE,606,0,6330,271106,-1,20.1161,32.1592,1000,3,1,1786278511,1786292041,0,Libya,Libyana,https://opencellid.org/
LTE,606,0,6330,307258,-1,20.1153,32.1587,1000,2,1,1786278531,1786291143,0,Libya,Libyana,https://opencellid.org/
GSM,606,1,1111,12512,-1,20.1268,32.1342,1000,3,1,1786279065,1786292041,0,Libya,Al-Madar Al-Jadeed,https://opencellid.org/
UMTS,606,1,1010,66221844,-1,20.1253,32.1497,1000,14,1,1786292037,1786292041,0,Libya,Al-Madar Al-Jadeed,https://opencellid.org/
UMTS,606,1,1010,66221845,-1,20.1278,32.1447,1000,7,1,1786292037,1786292041,0,Libya,Al-Madar Al-Jadeed,https://opencellid.org/
UMTS,606,1,1010,66221864,-1,20.1296,32.1402,1000,11,1,1786292037,1786292041,0,Libya,Al-Madar Al-Jadeed,https://opencellid.org/
UMTS,606,1,1010,66221866,-1,20.1262,32.1371,1000,5,1,1786292037,1786292041,0,Libya,Al-Madar Al-Jadeed,https://opencellid.org/
UMTS,606,1,1010,66223872,-1,20.1267,32.1344,1000,1,1,1786292037,1786292037,0,Libya,Al-Madar Al-Jadeed,https://opencellid.org/
UMTS,606,1,1010,66221852,-1,20.1279,32.1319,1000,6,1,1786292037,1786292041,0,Libya,Al-Madar Al-Jadeed,https://opencellid.org/
UMTS,606,1,1010,66221871,-1,20.1286,32.1306,1000,2,1,1786292037,1786292041,0,Libya,Al-Madar Al-Jadeed,https://opencellid.org/
UMTS,606,1,1010,66224173,-1,20.1309,32.1312,1000,5,1,1786292037,1786292041,0,Libya,Al-Madar Al-Jadeed,https://opencellid.org/
UMTS,606,0,5330,45951611,-1,20.1325,32.1299,1000,2,1,1786292037,1786292041,0,Libya,Libyana,https://opencellid.org/
UMTS,606,1,1010,66224161,-1,20.1327,32.1289,1000,7,1,1786292037,1786292041,0,Libya,Al-Madar Al-Jadeed,https://opencellid.org/
UMTS,606,0,5330,45952112,-1,20.1328,32.1292,1000,1,1,1786292037,1786292037,0,Libya,Libyana,https://opencellid.org/
UMTS,606,1,1010,66224162,-1,20.1318,32.1251,1000,12,1,1786292037,1786346341,0,Libya,Al-Madar Al-Jadeed,https://opencellid.org/
LTE,606,0,6330,259585,-1,20.1213,32.1556,1000,4,1,1786278582,1786292041,0,Libya,Libyana,https://opencellid.org/
LTE,606,0,6330,259586,-1,20.1241,32.1516,1000,5,1,1786278602,1786292041,0,Libya,Libyana,https://opencellid.org/
LTE,606,0,6330,310531,-1,20.1262,32.1482,1000,3,1,1786278664,1786292041,0,Libya,Libyana,https://opencellid.org/
LTE,606,0,6330,310534,-1,20.1275,32.1454,1000,1,1,1786278705,1786278705,0,Libya,Libyana,https://opencellid.org/
LTE,606,0,6330,270849,-1,20.1287,32.1428,1000,2,1,1786278940,1786292041,0,Libya,Libyana,https://opencellid.org/
LTE,606,0,6330,270851,-1,20.1294,32.1415,1000,2,1,1786278950,1786292041,0,Libya,Libyana,https://opencellid.org/
LTE,606,0,6330,269073,-1,20.1279,32.1379,1000,3,1,1786278992,1786292041,0,Libya,Libyana,https://opencellid.org/
LTE,606,0,6330,278273,-1,20.1268,32.1342,1000,7,1,1786279053,1786292041,0,Libya,Libyana,https://opencellid.org/
LTE,606,0,6330,278274,-1,20.1282,32.1312,1000,4,1,1786279116,1786292041,0,Libya,Libyana,https://opencellid.org/
LTE,606,0,6310,314951,-1,20.1314,32.1314,1000,3,1,1786279178,1786292041,0,Libya,Libyana,https://opencellid.org/
LTE,606,0,6330,291075,-1,20.1327,32.1282,1000,3,1,1786279224,1786292042,0,Libya,Libyana,https://opencellid.org/
LTE,606,0,6330,291077,-1,20.1319,32.1257,1000,2,1,1786279342,1786292041,0,Libya,Libyana,https://opencellid.org/
LTE,606,0,6330,291074,-1,20.1318,32.1229,1000,6,1,1786279372,1786346341,0,Libya,Libyana,https://opencellid.org/
LTE,606,0,6310,314882,-1,20.1314,32.1231,1000,2,1,1786279438,1786346341,0,Libya,Libyana,https://opencellid.org/
GSM,606,1,1113,10983,-1,20.0853,32.0795,1000,2,1,1786331581,1786346341,0,Libya,Al-Madar Al-Jadeed,https://opencellid.org/
UMTS,606,1,1010,66221925,-1,20.1311,32.1204,1000,10,1,1786346330,1786346341,0,Libya,Al-Madar Al-Jadeed,https://opencellid.org/
UMTS,606,1,1010,66223425,-1,20.1296,32.1192,1000,1,1,1786346330,1786346330,0,Libya,Al-Madar Al-Jadeed,https://opencellid.org/
UMTS,606,1,1010,66221926,-1,20.1301,32.1191,1000,1,1,1786346330,1786346330,0,Libya,Al-Madar Al-Jadeed,https://opencellid.org/
UMTS,606,1,1010,66221922,-1,20.1304,32.1193,1000,1,1,1786346330,1786346330,0,Libya,Al-Madar Al-Jadeed,https://opencellid.org/
UMTS,606,1,1030,66222292,-1,20.0864,32.0826,1000,12,1,1786346330,1786346341,0,Libya,Al-Madar Al-Jadeed,https://opencellid.org/
UMTS,606,1,1030,66222346,-1,20.086,32.0814,1000,1,1,1786346330,1786346330,0,Libya,Al-Madar Al-Jadeed,https://opencellid.org/
UMTS,606,1,1030,66223654,-1,20.0862,32.0788,1000,7,1,1786346330,1786346341,0,Libya,Al-Madar Al-Jadeed,https://opencellid.org/
UMTS,606,1,1030,66222355,-1,20.085,32.0802,1000,2,1,1786346330,1786346341,0,Libya,Al-Madar Al-Jadeed,https://opencellid.org/
UMTS,606,1,1030,66223658,-1,20.0871,32.0767,1000,6,1,1786346330,1786346341,0,Libya,Al-Madar Al-Jadeed,https://opencellid.org/
UMTS,606,1,1020,66223536,-1,20.0905,32.0771,1000,2,1,1786346330,1786346341,0,Libya,Al-Madar Al-Jadeed,https://opencellid.org/
LTE,606,0,6330,307971,-1,20.1318,32.1203,1000,3,1,1786279509,1786346341,0,Libya,Libyana,https://opencellid.org/
LTE,606,0,6310,314888,-1,20.1301,32.1196,1000,6,1,1786279539,1786346341,0,Libya,Libyana,https://opencellid.org/
LTE,606,0,6330,258887,-1,20.1296,32.1192,1000,1,1,1786279590,1786279590,0,Libya,Libyana,https://opencellid.org/
LTE,606,0,6310,256257,-1,20.0961,32.0793,1000,1,1,1786296395,1786296395,0,Libya,Libyana,https://opencellid.org/
LTE,606,0,6310,273928,-1,20.0852,32.0795,1000,6,1,1786331560,1786346341,0,Libya,Libyana,https://opencellid.org/
LTE,606,0,6310,283942,-1,20.0859,32.0779,1000,1,1,1786331622,1786331622,0,Libya,Libyana,https://opencellid.org/
LTE,606,0,6310,283941,-1,20.0858,32.0774,1000,1,1,1786331632,1786331632,0,Libya,Libyana,https://opencellid.org/
LTE,606,0,6310,283931,-1,20.0871,32.0767,1000,2,1,1786331653,1786346341,0,Libya,Libyana,https://opencellid.org/
LTE,606,0,1610,480518,-1,13.0874,32.8611,1000,11,1,1790043952,1790093250,0,Libya,Libyana,https://opencellid.org/
LTE,606,0,1610,499969,-1,13.085,32.8586,1000,1,1,1790057352,1790057352,0,Libya,Libyana,https://opencellid.org/
LTE,606,0,1610,480515,-1,13.0851,32.8588,1000,4,1,1790057351,1790093250,0,Libya,Libyana,https://opencellid.org/
LTE,606,0,1610,379650,-1,13.0851,32.8584,1000,1,1,1790057362,1790057362,0,Libya,Libyana,https://opencellid.org/
LTE,606,0,1610,379730,-1,13.0851,32.8585,1000,1,1,1790057372,1790057372,0,Libya,Libyana,https://opencellid.org/
GSM,606,0,8247,18773,-1,13.0862,32.8611,1000,1,1,1790057942,1790057942,0,Libya,Libyana,https://opencellid.org/
LTE,606,0,1610,480516,-1,13.0923,32.8621,1000,5,1,1790070351,1790093250,0,Libya,Libyana,https://opencellid.org/
LTE,606,0,1610,415500,-1,13.0939,32.8625,1000,3,1,1790070391,1790093250,0,Libya,Libyana,https://opencellid.org/
LTE,606,0,1610,415494,-1,13.096,32.8628,1000,7,1,1790070798,1790093250,0,Libya,Libyana,https://opencellid.org/
LTE,606,0,1610,307724,-1,13.1023,32.8639,1000,9,1,1790070908,1790093250,0,Libya,Libyana,https://opencellid.org/
LTE,606,0,1610,415499,-1,13.0993,32.8632,1000,6,1,1790070918,1790093251,0,Libya,Libyana,https://opencellid.org/
LTE,606,0,1610,307793,-1,13.106,32.8649,1000,4,1,1790071088,1790093250,0,Libya,Libyana,https://opencellid.org/
LTE,606,0,1610,307799,-1,13.1084,32.8655,1000,7,1,1790071108,1790093251,0,Libya,Libyana,https://opencellid.org/
LTE,606,0,1610,510035,-1,13.1085,32.8688,1000,16,1,1790071138,1790093252,0,Libya,Libyana,https://opencellid.org/
LTE,606,0,1610,415315,-1,13.1116,32.8726,1000,9,1,1790071258,1790093252,0,Libya,Libyana,https://opencellid.org/
LTE,606,0,1610,415313,-1,13.1169,32.8752,1000,8,1,1790071308,1790093252,0,Libya,Libyana,https://opencellid.org/
LTE,606,0,1610,439123,-1,13.1194,32.8752,1000,3,1,1790071338,1790093252,0,Libya,Libyana,https://opencellid.org/
LTE,606,0,1610,415314,-1,13.1243,32.8754,1000,10,1,1790071348,1790093252,0,Libya,Libyana,https://opencellid.org/
LTE,606,0,1610,439121,-1,13.1309,32.8782,1000,8,1,1790071408,1790093252,0,Libya,Libyana,https://opencellid.org/
LTE,606,0,1610,258387,-1,13.132,32.8779,1000,13,1,1790071438,1790093252,0,Libya,Libyana,https://opencellid.org/
LTE,606,0,1610,258385,-1,13.1362,32.881,1000,2,1,1790071518,1790093252,0,Libya,Libyana,https://opencellid.org/
LTE,606,0,1610,491865,-1,13.1388,32.8802,1000,10,1,1790071528,1790093255,0,Libya,Libyana,https://opencellid.org/
LTE,606,0,1610,491859,-1,13.1421,32.8795,1000,8,1,1790071578,1790093255,0,Libya,Libyana,https://opencellid.org/
LTE,606,0,1610,491863,-1,13.1464,32.8796,1000,7,1,1790071638,1790093255,0,Libya,Libyana,https://opencellid.org/
LTE,606,0,1610,491857,-1,13.1509,32.8799,1000,16,1,1790071668,1790093255,0,Libya,Libyana,https://opencellid.org/
LTE,606,0,1810,500563,-1,13.1595,32.8842,1000,9,1,1790071768,1790093255,0,Libya,Libyana,https://opencellid.org/
LTE,606,0,1610,263513,-1,13.1564,32.8784,1000,3,1,1790071798,1790093255,0,Libya,Libyana,https://opencellid.org/
LTE,606,0,1610,279127,-1,13.158,32.8784,1000,3,1,1790071808,1790093255,0,Libya,Libyana,https://opencellid.org/
LTE,606,0,1810,505939,-1,13.1578,32.8802,1000,4,1,1790071818,1790093255,0,Libya,Libyana,https://opencellid.org/
LTE,606,0,1810,450131,-1,13.158,32.884,1000,13,1,1790071858,1790093255,0,Libya,Libyana,https://opencellid.org/
LTE,606,0,1810,450129,-1,13.1626,32.8867,1000,6,1,1790071898,1790093255,0,Libya,Libyana,https://opencellid.org/
LTE,606,0,1810,500561,-1,13.1661,32.8914,1000,7,1,1790071948,1790093255,0,Libya,Libyana,https://opencellid.org/
LTE,606,0,1810,262739,-1,13.168,32.8945,1000,10,1,1790071978,1790093257,0,Libya,Libyana,https://opencellid.org/
LTE,606,0,1810,262737,-1,13.1692,32.8972,1000,4,1,1790072008,1790093257,0,Libya,Libyana,https://opencellid.org/
LTE,606,0,1810,26885,-1,13.1701,32.8984,1000,4,1,1790072018,1790093257,0,Libya,Libyana,https://opencellid.org/
LTE,606,0,1810,302348,-1,13.1713,32.8997,1000,5,1,1790072028,1790093257,0,Libya,Libyana,https://opencellid.org/
LTE,606,0,1810,361734,-1,13.1741,32.901,1000,8,1,1790072048,1790093257,0,Libya,Libyana,https://opencellid.org/
LTE,606,0,1810,361732,-1,13.1762,32.9012,1000,4,1,1790072078,1790093257,0,Libya,Libyana,https://opencellid.org/
LTE,606,0,1810,1638410,-1,13.177,32.8999,1000,3,1,1790072098,1790093257,0,Libya,Libyana,https://opencellid.org/
LTE,606,0,1810,1638430,-1,13.1777,32.8993,1000,2,1,1790072108,1790093257,0,Libya,Libyana,https://opencellid.org/
LTE,606,0,1810,1638405,-1,13.1783,32.8989,1000,2,1,1790072118,1790093257,0,Libya,Libyana,https://opencellid.org/
LTE,606,0,1810,1638411,-1,13.1809,32.898,1000,9,1,1790072138,1790093257,0,Libya,Libyana,https://opencellid.org/
LTE,606,0,1810,499204,-1,13.1846,32.8962,1000,14,1,1790072168,1790093257,0,Libya,Libyana,https://opencellid.org/
LTE,606,0,1810,499210,-1,13.1889,32.8945,1000,4,1,1790072221,1790093257,0,Libya,Libyana,https://opencellid.org/
LTE,606,0,1810,441604,-1,13.1929,32.8948,1000,12,1,1790072228,1790093257,0,Libya,Libyana,https://opencellid.org/
LTE,606,0,1810,491274,-1,13.1978,32.8964,1000,6,1,1790072258,1790093258,0,Libya,Libyana,https://opencellid.org/
LTE,606,0,1810,413958,-1,13.2019,32.898,1000,11,1,1790072278,1790093258,0,Libya,Libyana,https://opencellid.org/
LTE,606,0,1810,413956,-1,13.2068,32.9002,1000,9,1,1790072310,1790093258,0,Libya,Libyana,https://opencellid.org/
LTE,606,0,1810,414212,-1,13.2109,32.9006,1000,7,1,1790072328,1790093258,0,Libya,Libyana,https://opencellid.org/
LTE,606,0,1810,414289,-1,13.2145,32.901,1000,5,1,1790072348,1790093258,0,Libya,Libyana,https://opencellid.org/
LTE,606,0,1810,1281107,-1,13.217,32.9014,1000,6,1,1790072358,1790093258,0,Libya,Libyana,https://opencellid.org/
LTE,606,0,1810,1614419,-1,13.2201,32.9026,1000,8,1,1790072368,1790093258,0,Libya,Libyana,https://opencellid.org/
LTE,606,0,1810,409945,-1,13.2228,32.904,1000,4,1,1790072388,1790093258,0,Libya,Libyana,https://opencellid.org/
LTE,606,0,1810,1614417,-1,13.2259,32.9053,1000,9,1,1790072398,1790093258,0,Libya,Libyana,https://opencellid.org/
LTE,606,0,1810,409937,-1,13.2295,32.9065,1000,6,1,1790072433,1790093258,0,Libya,Libyana,https://opencellid.org/
LTE,606,0,1810,409943,-1,13.2313,32.907,1000,5,1,1790072448,1790093258,0,Libya,Libyana,https://opencellid.org/
LTE,606,0,1810,409938,-1,13.2361,32.9085,1000,15,1,1790072498,1790093260,0,Libya,Libyana,https://opencellid.org/
LTE,606,0,1810,1638502,-1,13.2408,32.9092,1000,4,1,1790072548,1790093260,0,Libya,Libyana,https://opencellid.org/
LTE,606,0,1910,511235,-1,13.245,32.9079,1000,14,1,1790072558,1790093260,0,Libya,Libyana,https://opencellid.org/
LTE,606,0,1910,511233,-1,13.2552,32.9068,1000,20,1,1790072608,1790093260,0,Libya,Libyana,https://opencellid.org/
LTE,606,0,1910,337153,-1,13.259,32.9066,1000,4,1,1790072658,1790093260,0,Libya,Libyana,https://opencellid.org/
LTE,606,0,1910,410121,-1,13.2613,32.9067,1000,4,1,1790072668,1790093260,0,Libya,Libyana,https://opencellid.org/
LTE,606,0,1910,273926,-1,13.2735,32.9077,1000,18,1,1790072688,1790093261,0,Libya,Libyana,https://opencellid.org/
LTE,606,0,1910,273924,-1,13.2794,32.9084,1000,14,1,1790072768,1790093261,0,Libya,Libyana,https://opencellid.org/
LTE,606,0,1910,1604100,-1,13.2918,32.9075,1000,21,1,1790072818,1790093261,0,Libya,Libyana,https://opencellid.org/
LTE,606,0,2120,1600774,-1,13.3098,32.9003,1606,14,1,1790072860,1790093262,0,Libya,Libyana,https://opencellid.org/
LTE,606,0,1910,304902,-1,13.3036,32.9025,1000,6,1,1790072878,1790093261,0,Libya,Libyana,https://opencellid.org/
LTE,606,0,1910,1604101,-1,13.3065,32.9019,1000,6,1,1790072888,1790093261,0,Libya,Libyana,https://opencellid.org/
LTE,606,0,1910,304900,-1,13.3106,32.9005,1000,11,1,1790072898,1790093261,0,Libya,Libyana,https://opencellid.org/
LTE,606,0,1910,336900,-1,13.3173,32.8979,1000,16,1,1790072918,1790093261,0,Libya,Libyana,https://opencellid.org/
LTE,606,0,2120,1661446,-1,13.3255,32.8917,1000,14,1,1790073018,1790093262,0,Libya,Libyana,https://opencellid.org/
LTE,606,0,2120,1661445,-1,13.3263,32.8887,1000,2,1,1790073238,1790093262,0,Libya,Libyana,https://opencellid.org/
LTE,606,0,2120,1626885,-1,13.3255,32.8886,1000,3,1,1790073258,1790093262,0,Libya,Libyana,https://opencellid.org/
LTE,606,0,2120,1626962,-1,13.3252,32.8887,1000,1,1,1790073378,1790073378,0,Libya,Libyana,https://opencellid.org/
LTE,606,0,2120,1626882,-1,13.3252,32.8887,1000,1,1,1790073398,1790073398,0,Libya,Libyana,https://opencellid.org/
