{
"type": "FeatureCollection",
"name": "lby_admin0",
"crs": { "type": "name", "properties": { "name": "urn:ogc:def:crs:OGC:1.3:CRS84" } },
"features": [
{ "type": "Feature", "properties": { "iso2": "LY", "iso3": "LBY", "adm0_name": "Libya", "adm0_name1": "ليبيا", "adm0_name2": null, "adm0_name3": null, "adm0_pcode": "LY", "valid_on": "2018-05-07", "valid_to": null, "version": "v01", "area_sqkm": 1616472.8839829101, "lang": "en", "lang1": "ar", "lang2": null, "lang3": null, "adm0_ref_name": "Libya", "center_lat": 26.33553382, "center_lon": 17.24907794 }, "geometry": { "type": "MultiPolygon", "coordinates": [ [ [ [ 11.616650562000075, 33.112631877000183 ], [ 11.616182096000045, 33.112696574000097 ], [ 11.61562581700008, 33.11287641500013 ], [ 11.614797575000125, 33.11320235200003 ], [ 11.612146569000174, 33.115112834000172 ], [ 11.610402178000186, 33.116389008000056 ], [ 11.609694907000176, 33.117055145000052 ], [ 11.609129624000047, 33.117710452000154 ], [ 11.609053409000012, 33.118624898000178 ], [ 11.60844233, 33.119722133000096 ], [ 11.607769337000036, 33.122345528000153 ], [ 11.607554699000048, 33.123964495999985 ], [ 11.607773565, 33.124347901000192 ], [ 11.607997803999979, 33.124569652000162 ], [ 11.608670095000093, 33.124879681000152 ], [ 11.608967473, 33.12530048800005 ], [ 11.60862997400011, 33.125863688000095 ], [ 11.608243220000077, 33.126337065000087 ], [ 11.607055587000104, 33.127546233000146 ], [ 11.606512471000144, 33.127938777000111 ], [ 11.605910803000086, 33.128038344000117 ], [ 11.605306074000055, 33.128353720000064 ], [ 11.60479299800005, 33.128823074000024 ], [ 11.60424576700018, 33.129174443000068 ], [ 11.603658810000184, 33.129522857000097 ], [ 11.602989193000099, 33.129901664999977 ], [ 11.602737415000036, 33.130383600000187 ], [ 11.60280149700003, 33.130926745000068 ], [ 11.602639248, 33.131654002000118 ], [ 11.602180442000076, 33.132248517 ], [ 11.601237802000071, 33.13276580500019 ], [ 11.60064273, 33.133613149000155 ], [ 11.600153850000083, 33.134564355000123 ], [ 11.599606450000067, 33.135222567000085 ], [ 11.598684718000186, 33.135584248000043 ], [ 11.596666415000072, 33.137368615000184 ], [ 11.594289434000132, 33.139329805999978 ], [ 11.592922151000096, 33.139882117000127 ], [ 11.592142291000016, 33.140409029000011 ], [ 11.591174221000074, 33.141080240000065 ], [ 11.590420290000111, 33.141472724000039 ], [ 11.590055260000099, 33.141917966999983 ], [ 11.589242248000176, 33.142560100000082 ], [ 11.588955281000153, 33.142955491000066 ], [ 11.588898604000178, 33.143547870000134 ], [ 11.588980575000107, 33.143857359000037 ], [ 11.588707403000058, 33.144404518000101 ], [ 11.587786830000027, 33.14519897100007 ], [ 11.587345955000046, 33.145468681000182 ], [ 11.586785549000012, 33.146039092000024 ], [ 11.586364096000068, 33.146649542999967 ], [ 11.584961609000118, 33.148317851000172 ], [ 11.582830104000038, 33.150557331000186 ], [ 11.579925791000164, 33.15304397500006 ], [ 11.576754239000138, 33.155050830000107 ], [ 11.574943761000043, 33.15636203400004 ], [ 11.574334602000022, 33.156933586000093 ], [ 11.574169323000092, 33.157363001000192 ], [ 11.573786824000024, 33.157571217 ], [ 11.572641932000124, 33.158036449000122 ], [ 11.572189800000046, 33.158642475000192 ], [ 11.571957419000057, 33.159543921000193 ], [ 11.571378977000165, 33.159935321000034 ], [ 11.570767162000095, 33.160645825000017 ], [ 11.570602333000011, 33.16106912500004 ], [ 11.57091003700009, 33.161577569000031 ], [ 11.570238455000151, 33.162074779000136 ], [ 11.569795777000081, 33.162096273000145 ], [ 11.569343162000052, 33.162728863000098 ], [ 11.568862842000101, 33.163121954000189 ], [ 11.567598825000061, 33.163133998000092 ], [ 11.566426989999968, 33.163306529000067 ], [ 11.565468488000079, 33.163959855000144 ], [ 11.56479340400017, 33.164669589000084 ], [ 11.564563625000062, 33.165198411000119 ], [ 11.564358177000145, 33.165196046 ], [ 11.56015, 33.1557 ], [ 11.56169, 33.147900000000163 ], [ 11.55092000000019, 33.11454 ], [ 11.53205, 33.08607 ], [ 11.52892, 33.074409999000125 ], [ 11.52595, 33.05427 ], [ 11.52569, 33.04977 ], [ 11.52356, 33.01396 ], [ 11.521386625000048, 33.00675052400004 ], [ 11.521289999000032, 33.006430000000194 ], [ 11.523408001000121, 33.005030067000064 ], [ 11.52831, 33.001790000000142 ], [ 11.529790000000162, 32.989630000000147 ], [ 11.51686, 32.97691 ], [ 11.504040000000145, 32.93229 ], [ 11.50353, 32.93052 ], [ 11.48924, 32.89284 ], [ 11.491651535000187, 32.887599818000069 ], [ 11.496120000000133, 32.877889999000047 ], [ 11.507532119000189, 32.843584418000091 ], [ 11.507659999000111, 32.843199999000035 ], [ 11.500950000000103, 32.826070000000129 ], [ 11.49745, 32.811870000000113 ], [ 11.49582, 32.80527 ], [ 11.48885672900002, 32.765967985000088 ], [ 11.48885, 32.76592999900015 ], [ 11.497587020000026, 32.73321812000006 ], [ 11.49768, 32.73287 ], [ 11.498600000000181, 32.718890000000101 ], [ 11.49426, 32.687520000000177 ], [ 11.4888, 32.66766 ], [ 11.489995308000175, 32.656657290000055 ], [ 11.49002, 32.656429999000181 ], [ 11.49474, 32.64310999900016 ], [ 11.50847, 32.61344 ], [ 11.51999, 32.603499999000178 ], [ 11.519993751000072, 32.603498567000031 ], [ 11.531040000000189, 32.599280000000135 ], [ 11.533377293000058, 32.597554652000042 ], [ 11.542039999000053, 32.591159999000013 ], [ 11.55041, 32.581450000000132 ], [ 11.56471, 32.564849999000046 ], [ 11.577050000000156, 32.556260000000123 ], [ 11.585488212000087, 32.545603289999974 ], [ 11.58983000000012, 32.540120000000172 ], [ 11.598270000000184, 32.523550000000171 ], [ 11.56961, 32.474830000000111 ], [ 11.52732, 32.402810000000102 ], [ 11.484179999000162, 32.37578 ], [ 11.4675, 32.365310000000136 ], [ 11.4634, 32.36076 ], [ 11.44985000000014, 32.35606 ], [ 11.425398009000162, 32.354003474000024 ], [ 11.425000000000182, 32.353970000000118 ], [ 11.39241, 32.334069999000178 ], [ 11.366400000000169, 32.32236 ], [ 11.355390000000114, 32.318980000000124 ], [ 11.33558, 32.31549 ], [ 11.31501, 32.3083 ], [ 11.21466, 32.279730000000143 ], [ 11.204180000000179, 32.27673 ], [ 11.153360000000134, 32.25825 ], [ 11.138729999000134, 32.248480000000143 ], [ 11.10119, 32.237459999000066 ], [ 11.08874, 32.229280000000131 ], [ 11.080930000000137, 32.228810000000124 ], [ 11.07446, 32.22842999900007 ], [ 11.056879998999989, 32.219130000000177 ], [ 11.049839998999971, 32.21252 ], [ 11.034420000000182, 32.202060000000188 ], [ 11.016340000000127, 32.195959999000024 ], [ 10.995850000000132, 32.19215 ], [ 10.98208000000011, 32.18671 ], [ 10.953189999000131, 32.169729999000083 ], [ 10.930230000000108, 32.156230000000164 ], [ 10.914560000000165, 32.14324 ], [ 10.899801737000189, 32.135187005000148 ], [ 10.892439999000032, 32.131169999000178 ], [ 10.880981151000128, 32.124262796000039 ], [ 10.85795000000013, 32.110380000000134 ], [ 10.856902342000126, 32.106339033000154 ], [ 10.854730000000131, 32.097959999000182 ], [ 10.854106521000176, 32.092978947000177 ], [ 10.853809999000134, 32.09061 ], [ 10.85013, 32.0828 ], [ 10.837719999000058, 32.062110000000189 ], [ 10.794699998999988, 32.0 ], [ 10.76782, 31.995510000000138 ], [ 10.750410000000159, 31.989260000000115 ], [ 10.74186, 31.983050000000162 ], [ 10.73087, 31.97934000000015 ], [ 10.71799, 31.978140000000167 ], [ 10.705829999000116, 31.981590000000153 ], [ 10.699700000000121, 31.98333 ], [ 10.68062, 31.98485 ], [ 10.670669999000097, 31.987550000000169 ], [ 10.66183, 31.984760000000108 ], [ 10.654370000000142, 31.976940000000184 ], [ 10.64231, 31.972770000000139 ], [ 10.63913, 31.967940000000169 ], [ 10.640630000000158, 31.94551 ], [ 10.63719, 31.938849999000126 ], [ 10.62811, 31.932170000000156 ], [ 10.624939999, 31.92551 ], [ 10.625456528000029, 31.919801466000138 ], [ 10.625519999000062, 31.919100000000185 ], [ 10.629730000000109, 31.91327 ], [ 10.643859060000125, 31.893666177000114 ], [ 10.64395, 31.89354 ], [ 10.644290000000126, 31.88393 ], [ 10.642425857000148, 31.880697081000164 ], [ 10.63714, 31.871529999000188 ], [ 10.635778186000152, 31.866771054000139 ], [ 10.6353, 31.8651 ], [ 10.615849999000034, 31.84806 ], [ 10.59612, 31.833989999000039 ], [ 10.591560000000129, 31.8326 ], [ 10.58198, 31.82407 ], [ 10.575630000000103, 31.814469999000039 ], [ 10.575112937000029, 31.813688846000161 ], [ 10.57377, 31.811659999000028 ], [ 10.565272874000073, 31.78381312800019 ], [ 10.5620100000001, 31.77312 ], [ 10.55191, 31.761619999000061 ], [ 10.550300519000189, 31.761005608000119 ], [ 10.54764, 31.75999000000013 ], [ 10.544010578000155, 31.756559111000172 ], [ 10.54179, 31.754460000000165 ], [ 10.529789999000059, 31.747300000000109 ], [ 10.492120000000114, 31.73586 ], [ 10.480370000000164, 31.733210000000156 ], [ 10.4587, 31.72834 ], [ 10.441030000000126, 31.727310000000102 ], [ 10.393770000000131, 31.74053 ], [ 10.385200000000168, 31.74047 ], [ 10.37397, 31.73811 ], [ 10.3649, 31.734380000000158 ], [ 10.341969999000071, 31.72169 ], [ 10.31296, 31.705620000000124 ], [ 10.29116, 31.69012 ], [ 10.28908, 31.68483 ], [ 10.284570000000144, 31.680450000000178 ], [ 10.279360000000167, 31.66735 ], [ 10.254269999000144, 31.635559999000066 ], [ 10.25377, 31.63189 ], [ 10.25103, 31.627630000000181 ], [ 10.24088, 31.61186 ], [ 10.223710000000153, 31.591570000000161 ], [ 10.22216, 31.586750000000109 ], [ 10.210820000000183, 31.57291 ], [ 10.202339999000117, 31.56574 ], [ 10.200540000000103, 31.559770000000128 ], [ 10.18891, 31.547080000000165 ], [ 10.18491, 31.546359999000174 ], [ 10.170930000000112, 31.52976 ], [ 10.16925, 31.525450000000149 ], [ 10.168599999000151, 31.52378 ], [ 10.154089999000064, 31.507160000000113 ], [ 10.149839999000108, 31.504840000000172 ], [ 10.140620000000126, 31.493300000000147 ], [ 10.137500000000102, 31.48572 ], [ 10.13750943600013, 31.464092043000107 ], [ 10.137510000000191, 31.4628 ], [ 10.144330879000108, 31.449817359000122 ], [ 10.144339999000181, 31.4498 ], [ 10.146610000000123, 31.438590000000147 ], [ 10.14493, 31.42254000000014 ], [ 10.14698, 31.410199999000099 ], [ 10.147465643000146, 31.407295132000172 ], [ 10.147519999, 31.406970000000115 ], [ 10.15387, 31.388919999000109 ], [ 10.15738, 31.385739999000066 ], [ 10.190016959000104, 31.314689086000044 ], [ 10.19461, 31.304690000000164 ], [ 10.19925000000012, 31.29295 ], [ 10.208228083000051, 31.270243054000161 ], [ 10.208340000000135, 31.269959999000093 ], [ 10.21075537300004, 31.266823257000112 ], [ 10.211320000000171, 31.26609 ], [ 10.212855625000088, 31.260892713000032 ], [ 10.21686, 31.247339999000076 ], [ 10.21686186200003, 31.247337901000094 ], [ 10.21689324200014, 31.247302551000189 ], [ 10.2201, 31.243689999000082 ], [ 10.231600000000185, 31.21582 ], [ 10.242179999000086, 31.198710000000119 ], [ 10.248879831000011, 31.176622231000181 ], [ 10.24887993800013, 31.176621879000152 ], [ 10.249290000000144, 31.175270000000125 ], [ 10.250535544000172, 31.171158146000096 ], [ 10.262069999000175, 31.133079999000131 ], [ 10.27099, 31.120989999000074 ], [ 10.284806245000027, 31.096594288000119 ], [ 10.28482, 31.09657 ], [ 10.28763, 31.0826 ], [ 10.27918, 31.056829999000058 ], [ 10.275509999, 31.045610000000124 ], [ 10.275170742000114, 31.026851025000099 ], [ 10.27517, 31.026810000000182 ], [ 10.27991, 31.0069 ], [ 10.279912339000134, 31.00689713800017 ], [ 10.279939972000022, 31.00686334 ], [ 10.28233, 31.003939999000181 ], [ 10.286661137000067, 30.988052644000049 ], [ 10.286759999000026, 30.98769 ], [ 10.288044449000097, 30.965326648000143 ], [ 10.288050000000112, 30.96522999900003 ], [ 10.29613, 30.933510000000183 ], [ 10.2972, 30.929300000000183 ], [ 10.307624906000058, 30.90926802000007 ], [ 10.30778, 30.908969999000192 ], [ 10.306230000000141, 30.90392 ], [ 10.295439999000052, 30.893980000000113 ], [ 10.294196557000021, 30.886953563000191 ], [ 10.294180000000154, 30.886860000000183 ], [ 10.296532995000064, 30.879487913000162 ], [ 10.29666, 30.87909000000019 ], [ 10.28707, 30.855860000000121 ], [ 10.284029999000097, 30.84139000000016 ], [ 10.277829999000119, 30.824610000000177 ], [ 10.27336, 30.81714 ], [ 10.246529999000131, 30.77232000000015 ], [ 10.22601, 30.73203 ], [ 10.21321, 30.713130000000149 ], [ 10.20446, 30.707009999000149 ], [ 10.199270000000183, 30.70339 ], [ 10.19451, 30.701970000000131 ], [ 10.18134, 30.693610000000149 ], [ 10.174529999000185, 30.68645000000015 ], [ 10.15241, 30.65048 ], [ 10.11514, 30.60986 ], [ 10.114460000000122, 30.60912 ], [ 10.100169999, 30.58606 ], [ 10.0808, 30.5664 ], [ 10.076640000000111, 30.5604 ], [ 10.055650000000128, 30.543930000000159 ], [ 10.025439999000128, 30.511510000000158 ], [ 10.01986, 30.50553 ], [ 10.007020000000125, 30.475360000000137 ], [ 10.000000000000114, 30.465559999000106 ], [ 9.977400000000159, 30.43402 ], [ 9.970599999, 30.42799 ], [ 9.96219, 30.42355 ], [ 9.95273, 30.404579999000134 ], [ 9.947250000000111, 30.393579999000053 ], [ 9.91789000000017, 30.37494 ], [ 9.888900000000149, 30.34919 ], [ 9.882320000000163, 30.347280000000126 ], [ 9.87041, 30.34808 ], [ 9.83575, 30.34487 ], [ 9.825799999000026, 30.34394 ], [ 9.815872144000082, 30.341026697000132 ], [ 9.815269999000066, 30.34085000000016 ], [ 9.814286364000111, 30.340482791000056 ], [ 9.798180000000116, 30.334469999000078 ], [ 9.792690000000107, 30.33028 ], [ 9.77483, 30.323199999000053 ], [ 9.744280000000117, 30.315980000000138 ], [ 9.715479999000081, 30.299140000000136 ], [ 9.70713000000012, 30.292390000000125 ], [ 9.70627, 30.29211 ], [ 9.67585, 30.282160000000147 ], [ 9.649110000000121, 30.26923 ], [ 9.61613999900004, 30.250250000000108 ], [ 9.59171, 30.24216 ], [ 9.576383222000118, 30.240539259000172 ], [ 9.575175551000086, 30.240823662000139 ], [ 9.551555999000186, 30.246386000000143 ], [ 9.537221943000077, 30.234443611000131 ], [ 9.526667776000124, 30.230833056000051 ], [ 9.441878810000048, 30.190414455000052 ], [ 9.395871140000054, 30.168482762000053 ], [ 9.389968185999976, 30.165668844000152 ], [ 9.41904925900019, 30.042481561000045 ], [ 9.537237774, 29.905002140000079 ], [ 9.782808110000133, 29.426806354000064 ], [ 9.875364317000106, 29.025933652000163 ], [ 9.877825402000099, 29.00481260600003 ], [ 9.896934072000022, 28.840821873000152 ], [ 9.906011612000043, 28.762918363000097 ], [ 9.837123875000145, 28.286409753000157 ], [ 9.958588070000133, 27.894341783000129 ], [ 9.961659380000015, 27.88442805800014 ], [ 9.962804878000156, 27.88073056900015 ], [ 9.963420449000182, 27.865912097000148 ], [ 9.962481330000173, 27.858399154000153 ], [ 9.950581834000047, 27.85080068100018 ], [ 9.949490200000184, 27.850103613000044 ], [ 9.946046768000031, 27.844155867000154 ], [ 9.946038376000047, 27.844076606999977 ], [ 9.943229414000143, 27.817547527000045 ], [ 9.943254112000034, 27.813003263999974 ], [ 9.943385935000038, 27.788747913000122 ], [ 9.940255542000102, 27.768713398000045 ], [ 9.941664218000142, 27.737565990000064 ], [ 9.933212158000174, 27.714088044000107 ], [ 9.924760097000103, 27.697653480000099 ], [ 9.921629703000065, 27.682001517000117 ], [ 9.91662107500008, 27.666349552000099 ], [ 9.910644560000037, 27.654465216000176 ], [ 9.889386656999989, 27.612193755000192 ], [ 9.882689127000049, 27.604196704000117 ], [ 9.87889984200018, 27.599672185000088 ], [ 9.867004348000023, 27.591689683000084 ], [ 9.863560917000143, 27.584802819000117 ], [ 9.833665665000183, 27.575255120000179 ], [ 9.830535272000077, 27.571811688000025 ], [ 9.829909193000049, 27.567116099000089 ], [ 9.831161351000048, 27.563516147000087 ], [ 9.836796057000186, 27.561637911000162 ], [ 9.852172499, 27.561162963000072 ], [ 9.869541804, 27.560626459000105 ], [ 9.877334645000076, 27.560385753999981 ], [ 9.869195624000156, 27.546455506000086 ], [ 9.862308757999983, 27.527986188000114 ], [ 9.860587042000191, 27.505603879000148 ], [ 9.857735387000048, 27.499283649000176 ], [ 9.851305319000062, 27.493975103000082 ], [ 9.842095192000158, 27.490490191 ], [ 9.84023962200007, 27.489788083000178 ], [ 9.830818824000062, 27.483358015000192 ], [ 9.830756981000036, 27.483285690000173 ], [ 9.826407499000027, 27.478199007000171 ], [ 9.824687828000094, 27.470049270000061 ], [ 9.816619324999976, 27.462629394000089 ], [ 9.814219299000172, 27.457679339000038 ], [ 9.815119310000114, 27.45047925800003 ], [ 9.817819340000085, 27.44537920099998 ], [ 9.812569280000162, 27.441629159000058 ], [ 9.808669236000071, 27.434579079000059 ], [ 9.808519234000073, 27.410428808000177 ], [ 9.80101915, 27.402778722000107 ], [ 9.79756911200019, 27.396628653000107 ], [ 9.789469021000116, 27.376678429000037 ], [ 9.790819036000187, 27.368728339000029 ], [ 9.782268940000108, 27.355678193000074 ], [ 9.780768924000142, 27.349528124000074 ], [ 9.79216905100003, 27.348928117000071 ], [ 9.790819036000187, 27.346528090000163 ], [ 9.789169018000052, 27.32462784400019 ], [ 9.781368930000042, 27.275427291000085 ], [ 9.789019016000111, 27.264777171000162 ], [ 9.79381907000004, 27.247976983000115 ], [ 9.808369233, 27.220826678000151 ], [ 9.814669304, 27.188726317000089 ], [ 9.829819473000043, 27.151525898000102 ], [ 9.830119476000107, 27.141925791000062 ], [ 9.832969509000122, 27.129025646 ], [ 9.831319492000091, 27.11777552000018 ], [ 9.83791956500005, 27.106225389000087 ], [ 9.83956958400006, 27.094825262000029 ], [ 9.843319626000039, 27.085975162000125 ], [ 9.843169625000144, 27.079525090000061 ], [ 9.846769664000021, 27.064374920000148 ], [ 9.843919632999985, 27.035274593000111 ], [ 9.845119647, 27.024324470000124 ], [ 9.859819812000126, 26.975273919000188 ], [ 9.864469863000181, 26.95427368300011 ], [ 9.876469999000108, 26.930123411000125 ], [ 9.876773937000053, 26.927084027000149 ], [ 9.87827001800008, 26.912123209000072 ], [ 9.879920035999987, 26.907623158000149 ], [ 9.884420087000137, 26.903573113000164 ], [ 9.889933794000058, 26.901028326000187 ], [ 9.890270154000177, 26.900873083000192 ], [ 9.897038939000083, 26.889776713000117 ], [ 9.899420257000088, 26.885872914000117 ], [ 9.911570392000044, 26.872522764000109 ], [ 9.914006515000096, 26.871487411000146 ], [ 9.917570461000139, 26.869972735000033 ], [ 9.924470537000104, 26.864122670000143 ], [ 9.928070578000188, 26.862322649000134 ], [ 9.928820587000132, 26.863072658000135 ], [ 9.927361917000042, 26.856486593999989 ], [ 9.902559766000081, 26.744501993000085 ], [ 9.917988805000107, 26.648546042000191 ], [ 9.865572338, 26.521943365000141 ], [ 9.524604086000124, 26.383637309000108 ], [ 9.518811160000041, 26.373004719 ], [ 9.499885503000087, 26.33826773800007 ], [ 9.483787251000024, 26.312822113000152 ], [ 9.481397961000027, 26.309552558000064 ], [ 9.473920579000037, 26.299320352000052 ], [ 9.467688998000028, 26.293608070000118 ], [ 9.457303028000126, 26.26608525100005 ], [ 9.449632516000122, 26.252359070000068 ], [ 9.447436359000051, 26.248429103000035 ], [ 9.436917076000043, 26.238875877000112 ], [ 9.396545109000158, 26.202211540000064 ], [ 9.400750157000118, 26.19641882000019 ], [ 9.687645681000106, 25.801202124000042 ], [ 9.709148783000103, 25.771580244000177 ], [ 9.718543991000104, 25.758637752000084 ], [ 10.026184872000044, 25.334843018000072 ], [ 10.036929620000024, 24.959511446000135 ], [ 10.04098347200005, 24.931399655000064 ], [ 10.04978087600017, 24.870393274000151 ], [ 10.054444166, 24.838055277000137 ], [ 10.206526702000019, 24.757375144000093 ], [ 10.218334444, 24.751111111000057 ], [ 10.243889722000063, 24.646944722000057 ], [ 10.246110556000133, 24.633055555999988 ], [ 10.250555277000103, 24.619444722000026 ], [ 10.252222499000027, 24.605832500000133 ], [ 10.262702645000104, 24.597955296000123 ], [ 10.422221667000088, 24.478055832000052 ], [ 10.480001111000092, 24.478055832000052 ], [ 10.707557761999965, 24.564296617000082 ], [ 10.715278056000159, 24.567222500000128 ], [ 10.832500278000055, 24.520277777000047 ], [ 10.940644659000043, 24.48251661900008 ], [ 10.966944721000061, 24.473333333000028 ], [ 10.971658442000091, 24.473168008000073 ], [ 11.007716085000027, 24.471903352000083 ], [ 11.029830398000058, 24.4603196650001 ], [ 11.04457327300014, 24.435046164000141 ], [ 11.102569001000063, 24.407096415000126 ], [ 11.131977462000179, 24.392923663000033 ], [ 11.211159399000053, 24.341935294 ], [ 11.270981718000087, 24.303413348 ], [ 11.425781910000069, 24.198107095000069 ], [ 11.430067458000053, 24.199821314000019 ], [ 11.467904411000177, 24.214956096000151 ], [ 11.505814662000091, 24.22338059600014 ], [ 11.561626975000081, 24.25181328300016 ], [ 11.591564374000086, 24.252435123999987 ], [ 11.606598108000185, 24.261677173000066 ], [ 11.609843094000098, 24.260280597000133 ], [ 11.997956880000174, 23.516023784000026 ], [ 11.999999998000078, 23.515169144000026 ], [ 12.000672335000047, 23.515300750000108 ], [ 12.078688619000047, 23.499063498000055 ], [ 12.107163432000164, 23.49091910900006 ], [ 12.109632496000131, 23.490211487000124 ], [ 12.12185192100003, 23.48946189500009 ], [ 12.153020906000108, 23.481070066000029 ], [ 12.153793071000166, 23.48112663500001 ], [ 12.158480644000122, 23.481473926000092 ], [ 12.225123064000172, 23.467947549000087 ], [ 12.228240413000094, 23.467315012000086 ], [ 12.23068, 23.466820000000155 ], [ 12.24037, 23.464720000000113 ], [ 12.274323189000029, 23.457331435000128 ], [ 12.373362541000063, 23.435783383000171 ], [ 12.374931650000121, 23.435441426000182 ], [ 12.377119999000115, 23.43497 ], [ 12.38483, 23.43498 ], [ 12.419536755000138, 23.426009745000101 ], [ 12.434784893000028, 23.42207145499998 ], [ 12.485298212000032, 23.411596971000051 ], [ 12.506170000000168, 23.40727 ], [ 12.521396984999967, 23.404107491000104 ], [ 12.5678, 23.39447 ], [ 12.576030000000117, 23.3938 ], [ 12.584360000000117, 23.39038 ], [ 12.614370000000179, 23.385310000000118 ], [ 12.62269, 23.381890000000112 ], [ 12.638850000000105, 23.379220000000146 ], [ 12.6462, 23.3780000000001 ], [ 12.72861, 23.359780000000171 ], [ 12.74508, 23.357740000000149 ], [ 12.75565, 23.35392 ], [ 12.760021994000112, 23.353111424000133 ], [ 12.766407966000031, 23.351932527000031 ], [ 12.76951217200002, 23.348356249000062 ], [ 12.789686204000191, 23.34710121500018 ], [ 12.903378485000133, 23.322504046000063 ], [ 12.971075336000126, 23.30781175900006 ], [ 13.006940000000156, 23.30003 ], [ 13.018660000000182, 23.29875 ], [ 13.022759248000057, 23.297292489000085 ], [ 13.022762133000015, 23.297291463000192 ], [ 13.029466626000101, 23.294914240000082 ], [ 13.036110875000134, 23.293800350000083 ], [ 13.049449916000071, 23.291564946000051 ], [ 13.168953895000072, 23.264940264000131 ], [ 13.174153013000023, 23.263779537000119 ], [ 13.178554725000083, 23.262797794000164 ], [ 13.18805, 23.26068 ], [ 13.194481260000032, 23.260444853000081 ], [ 13.197096200000033, 23.260349243000178 ], [ 13.198988912000118, 23.260280609000176 ], [ 13.222793583000055, 23.253574367000056 ], [ 13.241483686000038, 23.251543047000041 ], [ 13.301483155000142, 23.236522677000153 ], [ 13.310309410000059, 23.234310150000113 ], [ 13.311961280000162, 23.23398964800009 ], [ 13.374999999000181, 23.221759999000085 ], [ 13.375362862000088, 23.221588829000154 ], [ 13.383316043000093, 23.217844011000125 ], [ 13.39216835000002, 23.217652809000072 ], [ 13.39798, 23.217530000000124 ], [ 13.40492505200001, 23.21461733000001 ], [ 13.405362392000143, 23.214433915000029 ], [ 13.407781602000114, 23.213420873000075 ], [ 13.409588529000132, 23.211842848000117 ], [ 13.411610000000167, 23.210079999000016 ], [ 13.43142, 23.203210000000126 ], [ 13.459871237000129, 23.193326999000135 ], [ 13.459900222000158, 23.193316931000027 ], [ 13.480588911000154, 23.186134332 ], [ 13.523601535000125, 23.166795730999979 ], [ 13.535978517000103, 23.16017402600005 ], [ 13.539990000000103, 23.158029999000178 ], [ 13.54474, 23.157000000000153 ], [ 13.55503999900003, 23.150909999000078 ], [ 13.63183, 23.105470000000139 ], [ 13.66814, 23.08063 ], [ 13.680400000000134, 23.072240000000136 ], [ 13.686152043000106, 23.066796412000031 ], [ 13.68615322800008, 23.066795291000176 ], [ 13.693646426000157, 23.059711461000063 ], [ 13.719941407000022, 23.038150776000066 ], [ 13.719942507000098, 23.038149874000169 ], [ 13.743390000000147, 23.01893 ], [ 13.74877, 23.01263 ], [ 13.769789999000182, 22.99705 ], [ 13.776360000000125, 22.992180000000133 ], [ 13.815325434000044, 22.959235933000059 ], [ 13.815344881000158, 22.959219491000113 ], [ 13.870712279000031, 22.912412645000131 ], [ 13.879599569000163, 22.904891969000118 ], [ 13.917371746000185, 22.872722625000108 ], [ 13.919361109000022, 22.870328216000132 ], [ 13.922240000000102, 22.866869999000073 ], [ 13.93991, 22.85397 ], [ 13.971020000000124, 22.82743 ], [ 14.00172, 22.80122 ], [ 14.026469999000028, 22.7825 ], [ 14.060929999000052, 22.75160000000011 ], [ 14.07164, 22.74264 ], [ 14.12718000000018, 22.696150000000159 ], [ 14.131161906000159, 22.694044551000104 ], [ 14.13116225300007, 22.694044368 ], [ 14.133443835000037, 22.692840576000037 ], [ 14.139054889000136, 22.68806952 ], [ 14.139620841000067, 22.687588680000033 ], [ 14.139620968000145, 22.687588571999981 ], [ 14.14634, 22.68188 ], [ 14.150308088000145, 22.677199881000092 ], [ 14.15169048600012, 22.675571445 ], [ 14.157138518000068, 22.672870837000062 ], [ 14.161459999000101, 22.670730000000106 ], [ 14.162309628000173, 22.669817406999982 ], [ 14.17239, 22.65899 ], [ 14.175700000000177, 22.655440000000112 ], [ 14.184081457000104, 22.648695450000048 ], [ 14.186193575000061, 22.64699583099997 ], [ 14.189321518000156, 22.644481656000096 ], [ 14.291270252, 22.689462663000086 ], [ 14.377098079, 22.727264407000177 ], [ 14.381965641000079, 22.73080063000009 ], [ 14.411372180000171, 22.743314746000124 ], [ 14.413194657000076, 22.744871139000168 ], [ 14.415318621000154, 22.746684644000027 ], [ 14.415500000000122, 22.74684 ], [ 14.45109, 22.759700000000123 ], [ 14.51708018000005, 22.790165415999979 ], [ 14.517100697999979, 22.790174889000184 ], [ 14.517479897000044, 22.790349961000061 ], [ 14.517497648000131, 22.790365879000149 ], [ 14.520870000000116, 22.793400000000133 ], [ 14.531268804000035, 22.797183304000157 ], [ 14.531269474000112, 22.797183549000067 ], [ 14.53563022700007, 22.79877281000006 ], [ 14.54013057700007, 22.800411792000091 ], [ 14.54347, 22.80163 ], [ 14.58931, 22.822229999000115 ], [ 14.597841518000166, 22.82528072700012 ], [ 14.605529784, 22.828035356000044 ], [ 14.61236476400012, 22.83252143600015 ], [ 14.636124150000114, 22.843368801000167 ], [ 14.636127265000084, 22.843370224000182 ], [ 14.658109999000146, 22.85341000000011 ], [ 14.684535727000082, 22.865463504000161 ], [ 14.685688972000037, 22.865989687000081 ], [ 14.685907975000134, 22.866066952000153 ], [ 14.698720000000151, 22.870590000000107 ], [ 14.70335, 22.87411 ], [ 14.709426963000112, 22.876723705000018 ], [ 14.709434725000051, 22.876727044000063 ], [ 14.780887608000057, 22.907463074000134 ], [ 14.798630672000172, 22.915087688000028 ], [ 14.798637874000065, 22.915090784000085 ], [ 14.811870000000113, 22.92078 ], [ 14.86144000000013, 22.944120000000169 ], [ 14.862787817000026, 22.944210660000067 ], [ 14.862787846000117, 22.944210662000046 ], [ 14.865897174000168, 22.944423676000099 ], [ 14.877685552000116, 22.949672702000044 ], [ 14.880915311000081, 22.949728640999979 ], [ 14.88264, 22.94976 ], [ 14.897620000000131, 22.956439999000168 ], [ 14.9015, 22.96063 ], [ 14.901502348000065, 22.960631011000032 ], [ 14.901503564000166, 22.96063232500012 ], [ 14.902729035, 22.961164477000125 ], [ 14.94018955700011, 22.977481298000043 ], [ 14.96121, 22.98664 ], [ 14.97249, 22.993020000000172 ], [ 14.977363076000017, 22.994868767000128 ], [ 14.995866771000067, 23.001893996000092 ], [ 15.000000001000103, 23.005136487000016 ], [ 15.001238825000144, 23.006109236000157 ], [ 15.008642200999986, 23.00783538800016 ], [ 15.086562155000024, 23.043045049000114 ], [ 15.089976311999976, 23.046081543000128 ], [ 15.115576740000051, 23.056118017000131 ], [ 15.117327689000035, 23.057600023000191 ], [ 15.119727136000108, 23.059625629000095 ], [ 15.142104146000065, 23.069839479000166 ], [ 15.150982855000109, 23.072500227000035 ], [ 15.239151957999979, 23.113775253000142 ], [ 15.244194983000057, 23.116130830000088 ], [ 15.252094273000125, 23.118314738000095 ], [ 15.360874176000095, 23.168994903000055 ], [ 15.361521718000063, 23.169225689000143 ], [ 15.373452188000044, 23.173532483000145 ], [ 15.400766377000082, 23.187223437000171 ], [ 15.438229562000117, 23.202886577000129 ], [ 15.441402434000111, 23.20614242900001 ], [ 15.483640671000046, 23.224575041000151 ], [ 15.495130540000105, 23.229587556000183 ], [ 15.506002428999977, 23.232715604000191 ], [ 15.542701718000103, 23.250869752000028 ], [ 15.606715207000093, 23.278757097000039 ], [ 15.645301817000131, 23.295555120000131 ], [ 15.65365982000003, 23.30116272000015 ], [ 15.664802554000062, 23.303367611000056 ], [ 15.688964843000065, 23.315139768000051 ], [ 15.69614601000012, 23.316606523000132 ], [ 15.728233335000027, 23.330307007000044 ], [ 15.730152130000079, 23.331167226000105 ], [ 15.852950099000111, 23.386384961000147 ], [ 15.85659694400016, 23.388019561000192 ], [ 15.861243253000055, 23.393344878 ], [ 15.880802151000125, 23.398616791000052 ], [ 15.949719431000062, 23.429889684000045 ], [ 15.967269900000133, 23.437191009000117 ], [ 15.971491812000068, 23.437467573000049 ], [ 15.975139616000092, 23.439920427000175 ], [ 15.98085499299998, 23.443761826000127 ], [ 15.98581695300004, 23.444501879000143 ], [ 15.998169902000086, 23.450368883000124 ], [ 16.087388477000161, 23.409387360999972 ], [ 16.097204210000086, 23.404878617000122 ], [ 16.172153470000126, 23.37039565800012 ], [ 16.21978187600007, 23.349319460000117 ], [ 16.226350782000054, 23.34641074700005 ], [ 16.23307419300005, 23.345102307000161 ], [ 16.263328554000168, 23.327978134000034 ], [ 16.29875564200006, 23.314104077000025 ], [ 16.313749312000084, 23.305994033000104 ], [ 16.341857905999973, 23.293893811000089 ], [ 16.378370285000074, 23.278165815000136 ], [ 16.394107815000154, 23.269367217000081 ], [ 16.449480057000073, 23.244867327000122 ], [ 16.456727980000153, 23.240116119000106 ], [ 16.463445665000052, 23.237035750000075 ], [ 16.546993255000132, 23.198690419 ], [ 16.559967041000164, 23.191457745000037 ], [ 16.566680909000183, 23.190137858000185 ], [ 16.578897478000158, 23.184043883000186 ], [ 16.58016395900006, 23.181304926000109 ], [ 16.583900456000038, 23.179958346000092 ], [ 16.602573392000124, 23.173225401000138 ], [ 16.706289290000029, 23.124525069000128 ], [ 16.717424391000065, 23.119293212000059 ], [ 16.721897129000126, 23.118406297000149 ], [ 16.738592144000108, 23.109355922000134 ], [ 16.815502167000147, 23.075262069000132 ], [ 16.827215191000107, 23.068002701000069 ], [ 16.827730180000174, 23.068008423000038 ], [ 16.830190664000156, 23.068021775000034 ], [ 16.847124103000169, 23.058502197000053 ], [ 16.883445736000056, 23.042455672000074 ], [ 16.938426969000091, 23.015506744 ], [ 16.948753352000153, 23.010770799999989 ], [ 16.971500400000025, 23.000337603000162 ], [ 16.981931685000063, 22.997186660000125 ], [ 17.00955390900009, 22.980375293000122 ], [ 17.033403397000029, 22.971334457000125 ], [ 17.06958770500006, 22.953432080000084 ], [ 17.095294955000099, 22.940702436000038 ], [ 17.191413881000074, 22.897129055000107 ], [ 17.228408812000112, 22.880334851000043 ], [ 17.236612316000162, 22.874635694 ], [ 17.268886567000038, 22.858722687000125 ], [ 17.312030793000019, 22.839010237000139 ], [ 17.36639594900015, 22.814151768000102 ], [ 17.370124819000125, 22.810724263999987 ], [ 17.399633412000185, 22.798213956000154 ], [ 17.433160778000115, 22.78214073100014 ], [ 17.553947448000088, 22.724151615000039 ], [ 17.557296754000049, 22.722539899000083 ], [ 17.675426484000127, 22.667499541000041 ], [ 17.735593798000139, 22.639417652000134 ], [ 17.739061355000104, 22.636211392000064 ], [ 17.795803068999987, 22.60939598300007 ], [ 17.916843411000173, 22.552097323999988 ], [ 17.989583969000137, 22.517601012 ], [ 18.037349701000039, 22.493921276000037 ], [ 18.087661739000168, 22.468959808000136 ], [ 18.11680221600011, 22.457242961000077 ], [ 18.158523555999977, 22.43717575 ], [ 18.218997952000052, 22.408061981000117 ], [ 18.226402284000187, 22.406677244000036 ], [ 18.243919370000015, 22.395874026000058 ], [ 18.278709415000094, 22.379411701000151 ], [ 18.394605637000097, 22.324497229000087 ], [ 18.400053026000023, 22.323305128000129 ], [ 18.402004239000121, 22.322874070000125 ], [ 18.422952654000085, 22.311357500000099 ], [ 18.50746917400005, 22.271224972000084 ], [ 18.513383861000136, 22.26960182300013 ], [ 18.520622259000049, 22.265970234000122 ], [ 18.586029050999969, 22.233133316000135 ], [ 18.640913007000051, 22.207820889000175 ], [ 18.670713428000056, 22.194065098000067 ], [ 18.687191011000152, 22.184139253000069 ], [ 18.726076127000169, 22.167697906000114 ], [ 18.761363982000034, 22.150312422000127 ], [ 18.840175627000178, 22.111448290000055 ], [ 18.999725339000065, 22.033504486000027 ], [ 19.185903549000102, 21.942552536 ], [ 19.999999997000032, 21.544849392 ], [ 20.350656509000032, 21.373544697 ], [ 20.485616681000181, 21.302310941000087 ], [ 20.55495261700014, 21.268274306000023 ], [ 20.668764116000034, 21.210119247000137 ], [ 20.787971494000033, 21.151517864000084 ], [ 20.812522891000071, 21.139045718000034 ], [ 20.907480237000073, 21.093425750000165 ], [ 20.921785358000022, 21.086547853000127 ], [ 21.02630996500011, 21.034193036000033 ], [ 21.069240573000059, 21.012662887000033 ], [ 21.082111361000045, 21.007389071000091 ], [ 21.101709363000168, 20.995796200000086 ], [ 21.144660950000116, 20.974393844000076 ], [ 21.215829850000034, 20.93889236300015 ], [ 21.221366879000129, 20.934431074000031 ], [ 21.263301846000161, 20.915403364999975 ], [ 21.360813139000186, 20.865032196000016 ], [ 21.381340025000043, 20.855026244000101 ], [ 21.480339054000183, 20.806703564000088 ], [ 21.498641971000154, 20.794172285 ], [ 21.504947663000166, 20.793396 ], [ 21.54869460700013, 20.769758227000068 ], [ 21.554283142000031, 20.768268585000101 ], [ 21.623201375000178, 20.733848572000113 ], [ 21.638612751000039, 20.726144789000159 ], [ 21.652082442000165, 20.716911315000175 ], [ 21.658884049999983, 20.715164180000102 ], [ 21.680883405000088, 20.705064776000086 ], [ 21.739999777000037, 20.673746109000035 ], [ 21.740688321000164, 20.673460007000131 ], [ 21.754030225000065, 20.667938231000164 ], [ 21.766773228000034, 20.659400943000037 ], [ 21.782764439000061, 20.654008866000027 ], [ 21.80152320600007, 20.641893388000028 ], [ 21.82451248100017, 20.633134844999972 ], [ 21.829750060000038, 20.627510072000064 ], [ 21.857534408000106, 20.613552097000081 ], [ 21.877994541000021, 20.60326767000015 ], [ 21.890094761000057, 20.598869320000176 ], [ 21.908124920000034, 20.587448115000143 ], [ 21.91367530499997, 20.58480262400019 ], [ 21.919036867000045, 20.58445358300014 ], [ 21.939224241000034, 20.571603777000121 ], [ 21.958780293000018, 20.562900540000044 ], [ 21.974988935000169, 20.554204945000095 ], [ 22.050765992000095, 20.513513568000064 ], [ 22.058021543000109, 20.511051178000059 ], [ 22.088325498000017, 20.493818286000135 ], [ 22.091630934000136, 20.49214172500001 ], [ 22.16080284200001, 20.456993099000101 ], [ 22.167604447000144, 20.455915453999978 ], [ 22.194009783000183, 20.439674381000088 ], [ 22.200059890000091, 20.437923435000187 ], [ 22.209236141000019, 20.432748797000158 ], [ 22.227695466000171, 20.422334674000069 ], [ 22.237352371999975, 20.418661116000067 ], [ 22.301069255000186, 20.384971623000126 ], [ 22.305192947000137, 20.384181980000108 ], [ 22.317876812, 20.37537574400011 ], [ 22.326189041000077, 20.372005461000072 ], [ 22.341991422000092, 20.365600584999981 ], [ 22.353235242000096, 20.357744219000097 ], [ 22.438796993000096, 20.313816067000062 ], [ 22.443790433000117, 20.312068936 ], [ 22.448694231000104, 20.31035423100019 ], [ 22.472187046000158, 20.296440122999968 ], [ 22.476083760000165, 20.296340938000071 ], [ 22.517778396000097, 20.271394731000044 ], [ 22.524774553000157, 20.268918990000088 ], [ 22.560020446000067, 20.250726701000019 ], [ 22.583744053000032, 20.238477704000047 ], [ 22.58989525100003, 20.237380979000022 ], [ 22.622955326000124, 20.218145373000027 ], [ 22.648218153000073, 20.20737839100002 ], [ 22.649478909000095, 20.206558227000016 ], [ 22.661125186000106, 20.198997495000071 ], [ 22.721607210000059, 20.168912886000157 ], [ 22.765928268000096, 20.144523622000122 ], [ 22.795253757000125, 20.132015228000114 ], [ 22.80285835, 20.125837327000056 ], [ 22.883214953000106, 20.084432606 ], [ 23.000541688000112, 20.023872378000192 ], [ 23.046720507000089, 20.000000002000093 ], [ 23.055080413000098, 19.995677948000093 ], [ 23.05743217100013, 19.993083950000027 ], [ 23.090978620000158, 19.977190013999973 ], [ 23.117465970000069, 19.963199618999965 ], [ 23.127332687000091, 19.957988744000033 ], [ 23.132543562000023, 19.953702926000176 ], [ 23.145950319000065, 19.947111128000131 ], [ 23.151510237000025, 19.946029668000165 ], [ 23.234540941000148, 19.903173449000064 ], [ 23.276557920000016, 19.881462099000089 ], [ 23.286392209999974, 19.877491 ], [ 23.303283688000135, 19.866416934000029 ], [ 23.31288910000012, 19.862913130000038 ], [ 23.351533893000123, 19.842767719000051 ], [ 23.402694701000087, 19.816078185000094 ], [ 23.405750276000049, 19.812997821000181 ], [ 23.438512805000016, 19.79751777700011 ], [ 23.468191148000074, 19.781845094000175 ], [ 23.547067643000105, 19.740150455000105 ], [ 23.585508344000061, 19.721698759000162 ], [ 23.586004261000141, 19.721460338999975 ], [ 23.690683362000073, 19.66711044300007 ], [ 23.701978684000096, 19.660192491000032 ], [ 23.704936982000106, 19.658378598000127 ], [ 23.757413859, 19.632547379000073 ], [ 23.778326033000155, 19.620147703000157 ], [ 23.818544384000063, 19.598983765000185 ], [ 23.935037608000073, 19.537603378000028 ], [ 24.0, 19.508045193000157 ], [ 24.0, 19.600000382000189 ], [ 24.0, 19.700000762000172 ], [ 24.0, 19.79999923500003 ], [ 24.0, 19.899999622000109 ], [ 24.0, 19.997941999000091 ], [ 24.000000003000082, 20.000000002000093 ], [ 24.081699373, 20.000000002000093 ], [ 24.165000915000121, 20.000000002000093 ], [ 24.24830055000001, 20.000000002000093 ], [ 24.331600192, 20.000000002000093 ], [ 24.414899827000056, 20.000000002000093 ], [ 24.498199462000173, 20.000000002000093 ], [ 24.58149909600013, 20.000000002000093 ], [ 24.66480064600006, 20.000000002000093 ], [ 24.748100281000177, 20.000000002000093 ], [ 24.831399916000066, 20.000001910000094 ], [ 24.914699558, 20.000000002000093 ], [ 24.997999193000112, 20.000000002000093 ], [ 24.999999989000059, 20.000000000000114 ], [ 25.000000000000171, 20.000007121000067 ], [ 24.999985, 21.997953899000152 ], [ 25.000000000000171, 22.0 ], [ 25.000000000000171, 22.082500461000052 ], [ 25.000000000000171, 22.165800096000169 ], [ 25.000000000000171, 22.249099730000125 ], [ 25.000000000000171, 22.332399365000185 ], [ 25.000000000000171, 22.415700915000173 ], [ 25.000000000000171, 22.499000550000062 ], [ 25.000000000000171, 22.582300184000189 ], [ 25.000000000000171, 22.665599827000108 ], [ 25.000000000000171, 22.748899461000065 ], [ 25.000000000000171, 22.832199096000124 ], [ 25.000000000000171, 22.915500638000083 ], [ 25.000000000000171, 22.998800281000172 ], [ 25.000000000000171, 23.08210182300013 ], [ 25.000000000000171, 23.165399550000188 ], [ 25.000000000000171, 23.248697277000133 ], [ 25.000000000000171, 23.332000735000065 ], [ 25.000000000000171, 23.415298462000123 ], [ 25.000000000000171, 23.498598097000013 ], [ 25.000000000000171, 23.581899647000171 ], [ 25.000000000000171, 23.665199281000127 ], [ 25.000000000000171, 23.748500823000086 ], [ 25.000000000000171, 23.831800457999975 ], [ 25.000000000000171, 23.915100100000132 ], [ 25.000000000000171, 23.998399735000021 ], [ 25.000000000000171, 24.081699370000081 ], [ 25.000000000000171, 24.11018180800005 ], [ 25.000000000000171, 24.165000912000039 ], [ 25.000000000000171, 24.248300554000025 ], [ 25.000000000000171, 24.362194058000057 ], [ 25.000000000000171, 24.47298240900011 ], [ 25.000000000000171, 24.498199466000131 ], [ 25.000000000000171, 24.58149910100002 ], [ 25.000000000000171, 24.614265445000058 ], [ 25.000000000000171, 24.664800642999978 ], [ 25.000000000000171, 24.699653629000181 ], [ 25.000000000000171, 24.748100278000038 ], [ 25.000000000000171, 24.831399920000024 ], [ 25.000000000000171, 24.914699555000084 ], [ 25.000000000000171, 25.000000953000153 ], [ 25.000000000000171, 25.083299634000127 ], [ 25.000000000000171, 25.118549350000137 ], [ 25.000000000000171, 25.166599276000113 ], [ 25.000000000000171, 25.249900818000071 ], [ 25.000000000000171, 25.333200453000131 ], [ 25.000000000000171, 25.370771406000074 ], [ 25.000000000000171, 25.416500088000021 ], [ 25.000000000000171, 25.49979973 ], [ 25.000000000000171, 25.583097458 ], [ 25.000000000000171, 25.666400907000025 ], [ 25.000000000000171, 25.749700550000114 ], [ 25.000000000000171, 25.83300018400007 ], [ 25.000000000000171, 25.91629981900013 ], [ 25.000000000000171, 25.999597546000075 ], [ 25.000000000000171, 26.082899096 ], [ 25.000000000000171, 26.166200638000134 ], [ 25.000000000000171, 26.249500273000024 ], [ 25.000000000000171, 26.33279990800014 ], [ 25.000000000000171, 26.416099550000069 ], [ 25.000000000000171, 26.499399185000186 ], [ 25.000000000000171, 26.582700727000145 ], [ 25.000000000000171, 26.666000369000074 ], [ 25.000000000000171, 26.74930000400019 ], [ 25.000000000000171, 26.83259963900008 ], [ 25.000000000000171, 26.915899273000036 ], [ 25.000000000000171, 26.941765310000108 ], [ 25.000000000000171, 26.974458692000155 ], [ 25.000000000000171, 26.999200822999967 ], [ 25.000000000000171, 26.999443055000143 ], [ 25.000000000000171, 27.049711229000025 ], [ 25.000000000000171, 27.157629873000189 ], [ 25.000000000000171, 27.668807984000125 ], [ 25.000000000000171, 27.985299203000125 ], [ 25.000000000000171, 28.093217849000155 ], [ 25.000000000000171, 28.203008386000022 ], [ 25.000000000000171, 29.200433732000135 ], [ 25.000000000000171, 29.200440000000128 ], [ 24.999990175000164, 29.201298942000165 ], [ 24.9997, 29.22667 ], [ 24.999429998999972, 29.250160000000108 ], [ 24.99331096800006, 29.260265760000152 ], [ 24.993310757000131, 29.260266108000167 ], [ 24.98864, 29.26797999900009 ], [ 24.988509999000087, 29.268300000000181 ], [ 24.9840200000001, 29.27934999900009 ], [ 24.98131104800018, 29.286014976000104 ], [ 24.9704, 29.312859999000182 ], [ 24.95702, 29.34578 ], [ 24.929399999000168, 29.39588 ], [ 24.924765064000098, 29.404292913000063 ], [ 24.924369999000191, 29.405010000000118 ], [ 24.910240000000158, 29.430629999000132 ], [ 24.904797805999976, 29.445627970000032 ], [ 24.89959, 29.459979999000097 ], [ 24.88976, 29.472519999000099 ], [ 24.883030000000133, 29.48109999899998 ], [ 24.870590000000107, 29.5103 ], [ 24.860380000000134, 29.53424 ], [ 24.858292218000031, 29.545306812000035 ], [ 24.857720352000172, 29.548338131000094 ], [ 24.857720000000143, 29.54833999900012 ], [ 24.861124804000099, 29.556036243000051 ], [ 24.861125361000063, 29.556037501000162 ], [ 24.86805, 29.57169 ], [ 24.874850000000151, 29.587069999000107 ], [ 24.895039999000062, 29.60880999900013 ], [ 24.896040000000141, 29.61409 ], [ 24.897723622000171, 29.623006227000189 ], [ 24.897729864000155, 29.623039281999979 ], [ 24.897729999000092, 29.62304 ], [ 24.897707564000086, 29.623135784000169 ], [ 24.897470000000169, 29.62415 ], [ 24.897380284000178, 29.624552060000099 ], [ 24.897199999000122, 29.625360000000171 ], [ 24.896599998999989, 29.627930000000163 ], [ 24.896025271000042, 29.630401336000034 ], [ 24.895799999000076, 29.63137 ], [ 24.894693948000111, 29.633769541999982 ], [ 24.85709, 29.715349999000125 ], [ 24.849301601000036, 29.730579682000155 ], [ 24.846320000000162, 29.73641 ], [ 24.844918226000175, 29.739152600000182 ], [ 24.84333, 29.742259999000169 ], [ 24.84038, 29.74803 ], [ 24.820249871000044, 29.7873591070001 ], [ 24.819409999000186, 29.789 ], [ 24.819409960000087, 29.789000355000155 ], [ 24.81899037400018, 29.79277150900009 ], [ 24.81777000000011, 29.803740000000175 ], [ 24.81650000000019, 29.81521 ], [ 24.816848492000076, 29.822028175000185 ], [ 24.817580000000191, 29.836339999000188 ], [ 24.81897, 29.863750000000152 ], [ 24.819081771000185, 29.865959217000068 ], [ 24.819780000000151, 29.87976 ], [ 24.820110000000113, 29.88618 ], [ 24.819496030000096, 29.889078895000068 ], [ 24.817559999000025, 29.898219999 ], [ 24.813169999000081, 29.91892 ], [ 24.790349999000057, 29.986419999000077 ], [ 24.788838223000027, 29.990874053000027 ], [ 24.78849, 29.991900000000101 ], [ 24.78784285100005, 29.993813103000036 ], [ 24.785749999000132, 30.0 ], [ 24.75333, 30.095740000000148 ], [ 24.750449268000068, 30.098505501999966 ], [ 24.749829999000099, 30.099100000000135 ], [ 24.746421099000145, 30.102380923000112 ], [ 24.746419958000104, 30.102382019000174 ], [ 24.743970000000104, 30.10473999900006 ], [ 24.736609401000123, 30.111816573000112 ], [ 24.698100000000181, 30.148840000000177 ], [ 24.698101243000167, 30.148843647000035 ], [ 24.699515831000156, 30.152994412 ], [ 24.70099, 30.15732 ], [ 24.704609226000116, 30.167910226000117 ], [ 24.709379999000078, 30.181869999000071 ], [ 24.711870000000147, 30.186219999000116 ], [ 24.718430239000156, 30.197674682000127 ], [ 24.72589, 30.2107 ], [ 24.729855548000046, 30.21761216900012 ], [ 24.73453, 30.22576 ], [ 24.749274716000059, 30.24867337 ], [ 24.759619999000108, 30.26475 ], [ 24.76953, 30.287710000000175 ], [ 24.781550000000152, 30.326410000000124 ], [ 24.781581968000125, 30.326512549000029 ], [ 24.783090000000186, 30.331349999000054 ], [ 24.805922966000082, 30.348075741000173 ], [ 24.81199, 30.35252 ], [ 24.831540959000051, 30.366836432000184 ], [ 24.831551255000022, 30.366843972000083 ], [ 24.83440000000013, 30.368929999000102 ], [ 24.85811, 30.394939999000144 ], [ 24.858110590000138, 30.394941138000149 ], [ 24.863030621000178, 30.404436550000128 ], [ 24.87210000000016, 30.42194 ], [ 24.874042902000156, 30.425694212 ], [ 24.874610000000189, 30.42679 ], [ 24.87528, 30.428090000000168 ], [ 24.88188, 30.437100000000157 ], [ 24.889643744000068, 30.447694568000088 ], [ 24.890190000000132, 30.448440000000119 ], [ 24.892801627000154, 30.45078931400019 ], [ 24.926530000000128, 30.48113 ], [ 24.932348374000128, 30.498666522000121 ], [ 24.93234886800019, 30.498668015000135 ], [ 24.94154, 30.52637 ], [ 24.942155862000163, 30.528245581000135 ], [ 24.94242, 30.529050000000154 ], [ 24.947800000000143, 30.545270000000187 ], [ 24.949617912000122, 30.557176156000139 ], [ 24.950129999000126, 30.560529999000039 ], [ 24.949240034000127, 30.577359349000062 ], [ 24.94924, 30.577360000000169 ], [ 24.9532, 30.59176 ], [ 24.955080000000123, 30.5986 ], [ 24.963609493000035, 30.61519519 ], [ 24.963611038000067, 30.615198197000041 ], [ 24.978619999000159, 30.6444 ], [ 24.984420000000171, 30.66930999900012 ], [ 24.989229998999974, 30.68997 ], [ 24.992289999000036, 30.712859999000102 ], [ 25.000000000000171, 30.72986 ], [ 25.004401195000071, 30.739569924000079 ], [ 25.012900000000116, 30.758319999000037 ], [ 25.015949999000156, 30.76504000000017 ], [ 25.01826999900004, 30.77798 ], [ 25.011530000000107, 30.798259999000152 ], [ 25.000000000000171, 30.83293 ], [ 24.998337075000165, 30.837780817 ], [ 24.995540000000119, 30.845939999000109 ], [ 24.99010999900014, 30.86176999900016 ], [ 24.990459999000166, 30.881589999000141 ], [ 24.988540000000171, 30.88768 ], [ 24.98056, 30.913050000000169 ], [ 24.977287641000032, 30.917520165000099 ], [ 24.97526, 30.92029 ], [ 24.963000000000136, 30.93705000000017 ], [ 24.960001655000156, 30.944282685000076 ], [ 24.960000074999982, 30.944286495000028 ], [ 24.95662, 30.95244 ], [ 24.954291279000188, 30.958051908000073 ], [ 24.95135, 30.965140000000133 ], [ 24.948259999000129, 30.981240000000184 ], [ 24.946304119000104, 30.991448327000057 ], [ 24.94484, 30.99909 ], [ 24.943029999000089, 31.00375 ], [ 24.942229999000176, 31.005809999000178 ], [ 24.936790434000159, 31.019823954000174 ], [ 24.91877, 31.066249999000036 ], [ 24.91344, 31.07521 ], [ 24.904110000000117, 31.090919999 ], [ 24.898960000000159, 31.101469999000187 ], [ 24.88856, 31.122770000000173 ], [ 24.88627, 31.127470000000187 ], [ 24.883060000000171, 31.13404 ], [ 24.881329927000081, 31.144784663999985 ], [ 24.877739999000084, 31.167080000000169 ], [ 24.878211303000171, 31.176719628000171 ], [ 24.878380000000163, 31.18017 ], [ 24.879000000000133, 31.192720000000122 ], [ 24.880664930000023, 31.205324064000081 ], [ 24.88547, 31.241700000000151 ], [ 24.88618, 31.24709 ], [ 24.88684280200016, 31.252124617 ], [ 24.88816, 31.262130000000184 ], [ 24.888088817000096, 31.264688134000096 ], [ 24.888000000000147, 31.26788 ], [ 24.88693, 31.30391 ], [ 24.885771599000066, 31.307880595000086 ], [ 24.883820000000128, 31.314570000000117 ], [ 24.883400464999966, 31.316011758000059 ], [ 24.883400429000176, 31.316011882000055 ], [ 24.88114, 31.323780000000113 ], [ 24.876317076000191, 31.330437840000172 ], [ 24.871519999000043, 31.33706 ], [ 24.867189999000061, 31.343040000000144 ], [ 24.862050000000124, 31.36851 ], [ 24.861951421000015, 31.369001445000151 ], [ 24.86195135000014, 31.369001798000056 ], [ 24.861370000000136, 31.371899999000163 ], [ 24.860324213000069, 31.38185143600009 ], [ 24.858830000000125, 31.39607 ], [ 24.861110000000167, 31.405909999000073 ], [ 24.861114162000149, 31.40591283700013 ], [ 24.93888, 31.458929999000077 ], [ 24.939091282999982, 31.4591155170001 ], [ 24.93929, 31.45929 ], [ 24.940176597000061, 31.460049334000189 ], [ 24.94138, 31.461079999000106 ], [ 24.95666785800006, 31.474230031000161 ], [ 24.963620000000105, 31.480209999000067 ], [ 24.985150163000128, 31.493664829000068 ], [ 24.998999999000091, 31.502319999000122 ], [ 24.999363281000171, 31.502548867000087 ], [ 25.000000000000171, 31.502949999000066 ], [ 25.03809232600014, 31.526755195000078 ], [ 25.05695, 31.538539999000079 ], [ 25.06081, 31.540790000000186 ], [ 25.06254, 31.5418 ], [ 25.062541895000095, 31.541803321000089 ], [ 25.07122, 31.55701 ], [ 25.071241433000125, 31.55710287800008 ], [ 25.07125, 31.557139999000015 ], [ 25.076120000000117, 31.583199999000101 ], [ 25.078206123000143, 31.594395528000177 ], [ 25.07852, 31.59608 ], [ 25.078521639000144, 31.596084113000131 ], [ 25.078553269999986, 31.596163487000126 ], [ 25.08013, 31.60012 ], [ 25.082729535000112, 31.606609113000047 ], [ 25.08414, 31.610129999000037 ], [ 25.086125739000124, 31.61327825900014 ], [ 25.087710000000186, 31.61579 ], [ 25.090120000000127, 31.619600000000162 ], [ 25.093584262000036, 31.623208607000038 ], [ 25.093584702999976, 31.623209066000129 ], [ 25.096119999000166, 31.625849999000081 ], [ 25.098004705000108, 31.627815607000173 ], [ 25.10241, 31.632410000000107 ], [ 25.11781, 31.644030000000157 ], [ 25.127410000000168, 31.6598 ], [ 25.13154, 31.66658 ], [ 25.131540185, 31.666580013000157 ], [ 25.132135414000174, 31.666620573000159 ], [ 25.137410000000102, 31.666980000000137 ], [ 25.138774689000172, 31.66707097900013 ], [ 25.142810000000168, 31.66734 ], [ 25.142425093000043, 31.660668282000131 ], [ 25.14215, 31.655900000000145 ], [ 25.148048574000029, 31.648581073000059 ], [ 25.148757935000162, 31.65071487400013 ], [ 25.150619506999988, 31.656326294000053 ], [ 25.147815705000028, 31.666206360000047 ], [ 25.134483338000109, 31.689483642000141 ], [ 25.132987975999981, 31.697286607000137 ], [ 25.126413346000106, 31.706289292000065 ], [ 25.126361847, 31.721406937000097 ], [ 25.122148514, 31.726718902000073 ], [ 25.121402741000054, 31.730850220000093 ], [ 25.113727570000151, 31.738031388000081 ], [ 25.111473083000192, 31.749277116000144 ], [ 25.108278274000099, 31.750915528000121 ], [ 25.096700668000153, 31.74760055500002 ], [ 25.093219756999986, 31.748094559000037 ], [ 25.091901779000182, 31.74971199100014 ], [ 25.090595245000088, 31.752244949000101 ], [ 25.094461441000078, 31.760219574000075 ], [ 25.093181610000102, 31.76458358800005 ], [ 25.083644867000032, 31.773157121000054 ], [ 25.075735092000059, 31.783086777000051 ], [ 25.075281143999973, 31.789045334000036 ], [ 25.064899445000151, 31.795106888000078 ], [ 25.062276840000095, 31.799484253000173 ], [ 25.060552597000026, 31.810724258000164 ], [ 25.036256791000085, 31.839822769000193 ], [ 25.032344818000126, 31.848335266000106 ], [ 25.031116486000087, 31.856561661000171 ], [ 25.032205582000131, 31.8781051630001 ], [ 25.040817261000086, 31.919235229000094 ], [ 25.040372849000107, 31.926109314000144 ], [ 25.033243179000124, 31.93533897400016 ], [ 25.009798050000143, 31.950223922000191 ], [ 25.001577378000093, 31.958547592 ], [ 25.000000000000171, 31.959012985000072 ], [ 24.991136551000181, 31.961626053000089 ], [ 24.982603073, 31.966745377000166 ], [ 24.962459564000028, 31.967853546000129 ], [ 24.953653335000126, 31.972743988000104 ], [ 24.947694778000141, 31.969137192000119 ], [ 24.941516876000037, 31.969423294000137 ], [ 24.935934067000062, 31.974283218000096 ], [ 24.932174682000152, 31.974546432000011 ], [ 24.927848816000164, 31.972526551000158 ], [ 24.917905807000182, 31.972618103000059 ], [ 24.904228211000031, 31.975030899000046 ], [ 24.894872666000026, 31.97923851000013 ], [ 24.880605698000124, 31.977533340000093 ], [ 24.876056671000072, 31.979177475000142 ], [ 24.873138428000061, 31.982408523000117 ], [ 24.866973877000135, 31.98469924900013 ], [ 24.864307404000044, 31.98569107000003 ], [ 24.842546463000133, 31.986795425000025 ], [ 24.832120895000116, 31.991693497000085 ], [ 24.821323395000036, 31.992742539 ], [ 24.812379837000094, 32.0 ], [ 24.810302734000061, 32.00522613600009 ], [ 24.805131911999979, 32.006946564000145 ], [ 24.802486419000047, 32.008182526000098 ], [ 24.782350540000095, 32.012748718000068 ], [ 24.773479462000125, 32.020298004000097 ], [ 24.766765595000152, 32.022125244000108 ], [ 24.736423492000085, 32.026672363000046 ], [ 24.72575759900019, 32.026901245000147 ], [ 24.695621490000065, 32.027538300000174 ], [ 24.67764473, 32.024761200000114 ], [ 24.667703629000016, 32.027263641000104 ], [ 24.643304825000087, 32.018978119000053 ], [ 24.628034592000063, 32.011390686000141 ], [ 24.611997604000067, 32.005130768000186 ], [ 24.609954834000177, 32.0 ], [ 24.599094391000165, 31.995557785000074 ], [ 24.589439392000031, 31.993482590000042 ], [ 24.561927796000134, 31.98756790200008 ], [ 24.55219841000013, 31.981679917000065 ], [ 24.547080994000055, 31.980567932000156 ], [ 24.530153274999975, 31.981136323000044 ], [ 24.524011611000049, 31.985755920000088 ], [ 24.520132064000109, 31.986568451000039 ], [ 24.518377304000069, 31.986934661000191 ], [ 24.511423111000113, 31.991329193000126 ], [ 24.505249024000079, 31.992284774000098 ], [ 24.460344314000054, 31.990497589000086 ], [ 24.44990158100012, 31.995595932000128 ], [ 24.444791793000149, 31.995397568000044 ], [ 24.438854218000131, 31.992456436000055 ], [ 24.427581788, 31.994581222000193 ], [ 24.426723481000124, 31.987947464000058 ], [ 24.424566268999968, 31.987043381000092 ], [ 24.421117783000113, 31.993015289000027 ], [ 24.415189743000099, 31.990989685000102 ], [ 24.411722183000052, 31.994670868000128 ], [ 24.407699585000103, 31.995838166000112 ], [ 24.391595841000139, 31.993970871000045 ], [ 24.3850975040001, 31.993215561000113 ], [ 24.381370544000106, 31.9980430600001 ], [ 24.377067566000051, 31.997838974000103 ], [ 24.366539001000092, 31.991712571000051 ], [ 24.361444474000052, 31.993343353000171 ], [ 24.358800888000133, 32.0 ], [ 24.357416153000031, 32.005241395000155 ], [ 24.347597122000025, 32.004112244000112 ], [ 24.34354209900016, 32.0 ], [ 24.334293366000111, 31.993253708000111 ], [ 24.330253601000038, 31.991901398000152 ], [ 24.321128846000136, 31.994235993000132 ], [ 24.289138794, 31.993934631000059 ], [ 24.289747238000075, 32.0 ], [ 24.281021118000183, 32.010375978000184 ], [ 24.276704789000178, 32.013099670000145 ], [ 24.270799637000096, 32.013069153000174 ], [ 24.26674652100013, 32.011920929000041 ], [ 24.258481980000113, 32.00957107500011 ], [ 24.232448578000117, 32.009658814000034 ], [ 24.207012176000092, 32.002876281000056 ], [ 24.200304031000087, 32.002609253000173 ], [ 24.181728363000047, 32.009140015000185 ], [ 24.160247802000072, 32.010383607000051 ], [ 24.122762680000051, 32.015766144000111 ], [ 24.122081756, 32.015865326000153 ], [ 24.104049681999982, 32.020782470000029 ], [ 24.08578300400012, 32.022262573000035 ], [ 24.072862625000027, 32.02561187800012 ], [ 24.060449601000016, 32.031932831000063 ], [ 24.029592514000171, 32.055068970000093 ], [ 24.021224975000166, 32.059127808000028 ], [ 23.993221283000025, 32.065559387000064 ], [ 23.991239548000124, 32.066223145000095 ], [ 23.97920227100002, 32.07025909500004 ], [ 23.973783493000042, 32.074340821000078 ], [ 23.972948074000101, 32.076850891000106 ], [ 23.975852966000105, 32.081226349000133 ], [ 23.996007919000192, 32.080463410000164 ], [ 24.006811142000117, 32.075279236000029 ], [ 24.012186051000128, 32.075088501000153 ], [ 24.0153903960001, 32.07671737700008 ], [ 24.013187408000078, 32.08150863700007 ], [ 24.01900863700007, 32.08956527700019 ], [ 24.016826630000139, 32.092525482000042 ], [ 24.005739212000037, 32.099082947 ], [ 23.966047287000151, 32.111560822000115 ], [ 23.948835373000122, 32.116962433000026 ], [ 23.943470002000026, 32.116233826000041 ], [ 23.934406281000179, 32.110206604000155 ], [ 23.933301926000183, 32.112716675000115 ], [ 23.935121536000111, 32.117767334000121 ], [ 23.933732986000109, 32.121421814000144 ], [ 23.928859711000086, 32.124359131000062 ], [ 23.873451233000139, 32.127784728999984 ], [ 23.86185073900009, 32.131118774000072 ], [ 23.846937179000179, 32.141063690000124 ], [ 23.841051102000108, 32.139736175000166 ], [ 23.840742112000157, 32.139282226000148 ], [ 23.830682755000169, 32.150535583000192 ], [ 23.793445587000065, 32.160499573000038 ], [ 23.786125183000081, 32.164779663000161 ], [ 23.780151366999974, 32.169075012000178 ], [ 23.767196655000134, 32.172386170000038 ], [ 23.717321395999988, 32.180828095000152 ], [ 23.683115005000104, 32.184146881000117 ], [ 23.669334410999966, 32.18835449200003 ], [ 23.658325196000078, 32.187095642000145 ], [ 23.647394180000163, 32.180793762000064 ], [ 23.611898422000081, 32.180412292000142 ], [ 23.589311599000041, 32.180164337000122 ], [ 23.577243805000023, 32.177967071000069 ], [ 23.568632125000192, 32.178329468000129 ], [ 23.555095672999983, 32.183670044000053 ], [ 23.544397354000068, 32.180114746000015 ], [ 23.53818130500008, 32.181873322000058 ], [ 23.534681320000118, 32.181621551000092 ], [ 23.52689743000019, 32.181056976000036 ], [ 23.51701927199997, 32.176818847999982 ], [ 23.51004028400007, 32.176048279000099 ], [ 23.500825882000072, 32.180061340000066 ], [ 23.479616165000095, 32.177974702000085 ], [ 23.473419189000026, 32.178585053 ], [ 23.46714210500005, 32.183776856000179 ], [ 23.455377578000025, 32.179740906000177 ], [ 23.433877945000063, 32.178787231000058 ], [ 23.426851273000068, 32.18075943000008 ], [ 23.397798539000178, 32.19550705100005 ], [ 23.385025024000129, 32.202442169000108 ], [ 23.371387482000102, 32.212341308000134 ], [ 23.364645004000181, 32.213169098000094 ], [ 23.360495506000063, 32.212455324000189 ], [ 23.3531131740001, 32.211185456000067 ], [ 23.347450257000105, 32.211799622000115 ], [ 23.330631256000174, 32.218902588 ], [ 23.320381164000082, 32.220142365000186 ], [ 23.31475067100007, 32.219150543000183 ], [ 23.311292648000062, 32.217041017000099 ], [ 23.309503555000049, 32.21220779500004 ], [ 23.312046051000095, 32.206058502000076 ], [ 23.321973801000127, 32.193595886000082 ], [ 23.324422836, 32.178283692000036 ], [ 23.325153351000154, 32.176616670000158 ], [ 23.32920646700012, 32.167354584000122 ], [ 23.332773209000038, 32.163738251000154 ], [ 23.330715179000094, 32.158901215000128 ], [ 23.325576783000031, 32.16043472299998 ], [ 23.32391357400013, 32.16293335000006 ], [ 23.306219101000067, 32.187656403000062 ], [ 23.297817231000181, 32.204490662000012 ], [ 23.293464660000041, 32.206951141000104 ], [ 23.286466598000118, 32.20708084100005 ], [ 23.274953842, 32.204174042000147 ], [ 23.260305404000178, 32.210155487000065 ], [ 23.252759401000105, 32.218031384000028 ], [ 23.242984772000057, 32.22823333700012 ], [ 23.231500626000013, 32.246780395000144 ], [ 23.229345322000029, 32.250255585000048 ], [ 23.227334976000122, 32.25641250700005 ], [ 23.227170944000079, 32.264427185000045 ], [ 23.222726821000151, 32.271003723000092 ], [ 23.217227935000096, 32.276424407999968 ], [ 23.213441849, 32.277286530000083 ], [ 23.210422516000051, 32.279991150000058 ], [ 23.210899353000173, 32.282974243000069 ], [ 23.205106736000062, 32.289531708000027 ], [ 23.199956894000081, 32.291061401000036 ], [ 23.193120957000133, 32.296001434000118 ], [ 23.181963844000109, 32.299464485000044 ], [ 23.175497055000164, 32.301471710000101 ], [ 23.170225143000039, 32.308723450000059 ], [ 23.164216995000118, 32.31252670300006 ], [ 23.153743744000167, 32.310997009000175 ], [ 23.146986008000056, 32.312042236000025 ], [ 23.11093521100014, 32.322032929000045 ], [ 23.102453231000027, 32.327857971000071 ], [ 23.091642380000167, 32.341434478000167 ], [ 23.086736679000069, 32.356021881000174 ], [ 23.087387085000103, 32.363132477000192 ], [ 23.097530365000182, 32.379779816000109 ], [ 23.107408524000107, 32.396427155000026 ], [ 23.107856751000156, 32.400558472000171 ], [ 23.10168266300019, 32.411457063000171 ], [ 23.093725205000112, 32.417522431000179 ], [ 23.093120575000171, 32.420490265000069 ], [ 23.099576950000142, 32.421276091999971 ], [ 23.10113334700003, 32.424049377000017 ], [ 23.097764969000082, 32.429954529000156 ], [ 23.099567413000159, 32.433876038000164 ], [ 23.106838225999979, 32.43444442800012 ], [ 23.11069107100019, 32.431068420000031 ], [ 23.116287231000115, 32.421989441000107 ], [ 23.131397247000166, 32.409389496000074 ], [ 23.130908966000163, 32.407093048000149 ], [ 23.128227234000121, 32.406364441000164 ], [ 23.115768432000095, 32.408695221000073 ], [ 23.114212037000016, 32.405921936000027 ], [ 23.115726471000073, 32.404548645000034 ], [ 23.126869202000023, 32.394432068000071 ], [ 23.131746292000173, 32.393360138 ], [ 23.135774613000137, 32.394107818000066 ], [ 23.139705658000025, 32.399436951000041 ], [ 23.142372131000116, 32.413219452000078 ], [ 23.140201569000112, 32.423854829000106 ], [ 23.140687943000046, 32.428771973000153 ], [ 23.145772934000036, 32.430683136000141 ], [ 23.150459289000139, 32.438541412000177 ], [ 23.152139663000071, 32.448188782000102 ], [ 23.156415940000102, 32.450084686000139 ], [ 23.159811020000177, 32.455402374000073 ], [ 23.15589141900017, 32.461986542000091 ], [ 23.154912949, 32.469760895000036 ], [ 23.148637772000143, 32.47287750300012 ], [ 23.142738342000143, 32.483554840000124 ], [ 23.132978439000055, 32.485469818000126 ], [ 23.129850388000136, 32.492755890000069 ], [ 23.124155045000066, 32.499172211000086 ], [ 23.107976914000062, 32.517395021000084 ], [ 23.108434677000048, 32.521068573000093 ], [ 23.101467133000142, 32.53081131 ], [ 23.102201462000039, 32.534259796000072 ], [ 23.107240677000163, 32.538459778000117 ], [ 23.107944488000044, 32.543281555000192 ], [ 23.098651885999971, 32.572467804000041 ], [ 23.100130080999975, 32.578903198000091 ], [ 23.103019714000084, 32.582614899000191 ], [ 23.110300064000114, 32.583412170000145 ], [ 23.125476837, 32.606327057000158 ], [ 23.125888825000175, 32.609085083000082 ], [ 23.127126694000026, 32.617347718000076 ], [ 23.120923995999988, 32.628940582000041 ], [ 23.111040115000151, 32.635662079000099 ], [ 23.104524612999967, 32.636711122000122 ], [ 23.099040985000102, 32.640064239000026 ], [ 23.087635040000066, 32.642177582000159 ], [ 23.081857680999974, 32.646442413000159 ], [ 23.065389633000052, 32.645042420000095 ], [ 23.059337616000164, 32.649528503000056 ], [ 23.033187866000105, 32.657363892000092 ], [ 23.020212173000061, 32.656929016000163 ], [ 23.007284164, 32.654430390000016 ], [ 22.989572525000142, 32.659870148000152 ], [ 22.966253280000046, 32.662010193000071 ], [ 22.961347580000051, 32.663532257000043 ], [ 22.95172691300013, 32.66978836100003 ], [ 22.935155868000095, 32.672492981000175 ], [ 22.928699494000057, 32.672649384000067 ], [ 22.924055100000032, 32.672763825 ], [ 22.91661834700011, 32.678138733000139 ], [ 22.910097122000082, 32.679172516000108 ], [ 22.902416229000096, 32.683395386000143 ], [ 22.891826628999979, 32.684818268000072 ], [ 22.878929139000093, 32.691928863000157 ], [ 22.867261886999984, 32.693103790000123 ], [ 22.848558426000125, 32.704921722000051 ], [ 22.803720474000158, 32.722003936000192 ], [ 22.795400620000066, 32.722805023000149 ], [ 22.793678283000133, 32.722969055000192 ], [ 22.758811951000098, 32.730815887000176 ], [ 22.711833954000042, 32.745761871000127 ], [ 22.674205780000079, 32.754905701000155 ], [ 22.662979126000039, 32.759277344000111 ], [ 22.657381058000112, 32.765815735000103 ], [ 22.652317047000111, 32.772594452000078 ], [ 22.646539688000189, 32.775691986000027 ], [ 22.632162094000023, 32.776329040000178 ], [ 22.603212356000142, 32.774848938000105 ], [ 22.584484101000157, 32.785480500000119 ], [ 22.569992065000122, 32.790004730000192 ], [ 22.564325332000124, 32.798603057999969 ], [ 22.557455063000191, 32.801902771000073 ], [ 22.532764434000171, 32.802780152000082 ], [ 22.526447296000072, 32.805633545000035 ], [ 22.510192871000186, 32.805301666 ], [ 22.501688003000083, 32.808795929000041 ], [ 22.490539551000097, 32.809940338000104 ], [ 22.47092056300005, 32.822372437000183 ], [ 22.453485489000059, 32.834156037000071 ], [ 22.444133759000067, 32.838542939000149 ], [ 22.438846588000047, 32.843017578000115 ], [ 22.434850692, 32.849578858000143 ], [ 22.421278, 32.849979401000155 ], [ 22.394821167000032, 32.863628388000166 ], [ 22.389926911000089, 32.863983154000039 ], [ 22.376480103000063, 32.868965149000189 ], [ 22.345283509000069, 32.86897659300007 ], [ 22.32368660000003, 32.874233246000074 ], [ 22.315546036000114, 32.87428283700018 ], [ 22.311573028000169, 32.871215819999975 ], [ 22.281454086000167, 32.871459961000028 ], [ 22.248605728000086, 32.872097015000179 ], [ 22.211315155000136, 32.875831604000155 ], [ 22.198699951000094, 32.879894256000057 ], [ 22.189020157000186, 32.885402680000027 ], [ 22.182569503000025, 32.891670227000134 ], [ 22.177032470000142, 32.90300369300013 ], [ 22.176856994000161, 32.908271790000015 ], [ 22.182184220000067, 32.919399261000137 ], [ 22.180736541000101, 32.922115326000039 ], [ 22.166059494000137, 32.930713653000169 ], [ 22.149394989000029, 32.933761597000114 ], [ 22.131311417000177, 32.930583954000156 ], [ 22.115051270000095, 32.929737091000163 ], [ 22.10867500300003, 32.925689698000042 ], [ 22.099529266000104, 32.923179627000081 ], [ 22.098041534000117, 32.921989441000051 ], [ 22.092132568000068, 32.917270660000156 ], [ 22.088438034000092, 32.914203643000121 ], [ 22.087115839000035, 32.913650049000125 ], [ 22.07158279500004, 32.907146455000088 ], [ 22.049219131000086, 32.90247726500013 ], [ 22.015361786000085, 32.90050125200014 ], [ 21.987909317, 32.90165710500014 ], [ 21.979959457, 32.90119845900017 ], [ 21.959741592000057, 32.900032043000124 ], [ 21.939504623000175, 32.896770478000178 ], [ 21.928199768000127, 32.894191742000146 ], [ 21.920040131000121, 32.894672394000111 ], [ 21.90986442600007, 32.8983078 ], [ 21.896890640000038, 32.896831512000063 ], [ 21.888078690000157, 32.900272370000039 ], [ 21.834436417000063, 32.90483856200018 ], [ 21.825147629000128, 32.906425476000038 ], [ 21.800123215000156, 32.914936066000053 ], [ 21.754240036000112, 32.929069519000166 ], [ 21.742660523000097, 32.93357086200001 ], [ 21.707977295000092, 32.938591004000102 ], [ 21.701484681000068, 32.937953949000018 ], [ 21.671468735000019, 32.92795562800012 ], [ 21.641201019000164, 32.924365997000052 ], [ 21.636419296000042, 32.921710968000184 ], [ 21.631389618000071, 32.925235748000148 ], [ 21.627929687000062, 32.923534393000125 ], [ 21.624588013000164, 32.918857574000185 ], [ 21.618732452000131, 32.915939331 ], [ 21.614110946000039, 32.909393311000031 ], [ 21.605030060000104, 32.905696869000053 ], [ 21.589860916000134, 32.891510010000161 ], [ 21.57180213900017, 32.881828308000024 ], [ 21.561073303000114, 32.872119904000044 ], [ 21.553316117000065, 32.869377136000082 ], [ 21.544479370000147, 32.859951019000107 ], [ 21.53667640700013, 32.858352661000026 ], [ 21.526206970000146, 32.849109649000127 ], [ 21.525489807000042, 32.848876953000058 ], [ 21.518444062000128, 32.846591950000118 ], [ 21.513971329000185, 32.843250275000116 ], [ 21.508325577000051, 32.835521698000036 ], [ 21.488449097, 32.824394226000038 ], [ 21.482515335000016, 32.81711578400018 ], [ 21.470657348000088, 32.815391540000121 ], [ 21.463943482000047, 32.807399750000059 ], [ 21.457839966000051, 32.804237366000052 ], [ 21.44844055100009, 32.80212402300009 ], [ 21.440549851000071, 32.796390534000068 ], [ 21.426797867000118, 32.794605255000079 ], [ 21.404476166, 32.784080506000066 ], [ 21.395250321000049, 32.784259796000185 ], [ 21.387328995000132, 32.780605500000149 ], [ 21.385683060000076, 32.779846191000104 ], [ 21.376228333000029, 32.779102326000157 ], [ 21.367723465000097, 32.775177002000078 ], [ 21.359291077000023, 32.775836945000037 ], [ 21.35312652600004, 32.774272918000065 ], [ 21.344133377000105, 32.775375366000162 ], [ 21.332092285000044, 32.771797180000192 ], [ 21.317705155000169, 32.772274018000019 ], [ 21.280055675000028, 32.769341189000102 ], [ 21.24909782400016, 32.766929627000081 ], [ 21.232566833000078, 32.766868591000161 ], [ 21.226800918000038, 32.768524170000092 ], [ 21.197309494000081, 32.76736068800011 ], [ 21.184160233000057, 32.770378114000039 ], [ 21.156044006000116, 32.76879120000018 ], [ 21.110240936000025, 32.768684387000121 ], [ 21.101675033000163, 32.766338349000193 ], [ 21.079807282000104, 32.764476776000038 ], [ 21.062507629000038, 32.757717133000028 ], [ 21.043151855000076, 32.748596191000161 ], [ 21.032146454000156, 32.74639511100014 ], [ 21.011825561000023, 32.734939575000169 ], [ 20.996967316000166, 32.733985901000096 ], [ 20.962732315000039, 32.719074250000062 ], [ 20.949794769000164, 32.717716218000135 ], [ 20.94347000099998, 32.714061737 ], [ 20.938316345000089, 32.708614349000129 ], [ 20.924787521000155, 32.697143554999968 ], [ 20.907085419000111, 32.688053131000117 ], [ 20.900066376000098, 32.68208313000008 ], [ 20.860250473000065, 32.665798187000121 ], [ 20.845432281000058, 32.658863067000084 ], [ 20.810873031000028, 32.646186828000054 ], [ 20.788732528000139, 32.639671326000098 ], [ 20.778282165000121, 32.632194519000109 ], [ 20.762138367000034, 32.624969483000029 ], [ 20.751272202000052, 32.620456696000133 ], [ 20.724292756000125, 32.61352539100011 ], [ 20.699186325000142, 32.601844788000108 ], [ 20.686107636000088, 32.598388672000112 ], [ 20.678199845000108, 32.595007108000118 ], [ 20.639791489000118, 32.578582763000156 ], [ 20.627504348000173, 32.572460175000174 ], [ 20.613958358000048, 32.565708161000032 ], [ 20.578557947000149, 32.553570877000141 ], [ 20.578556072000083, 32.553570235000052 ], [ 20.575706481999987, 32.552593232000163 ], [ 20.562587738000104, 32.544994354000039 ], [ 20.544734955000081, 32.529880522999974 ], [ 20.523614884000096, 32.520370482000146 ], [ 20.511327743000152, 32.512569428000063 ], [ 20.498726536000163, 32.499272470000108 ], [ 20.498029429000098, 32.498536873000091 ], [ 20.498027802000081, 32.498535157000106 ], [ 20.476911545, 32.4842033380001 ], [ 20.460054397000079, 32.475181578000104 ], [ 20.406124115000068, 32.439746857000159 ], [ 20.390073776000122, 32.432014465000066 ], [ 20.389643617000161, 32.431743773000051 ], [ 20.389643644999978, 32.431745699000032 ], [ 20.373373032000131, 32.421506882000074 ], [ 20.34387016300002, 32.397336960000075 ], [ 20.33515358000011, 32.390195847000143 ], [ 20.327047348000178, 32.380704880000053 ], [ 20.290990829000123, 32.349924088000193 ], [ 20.276163101, 32.335348129000067 ], [ 20.261171341000022, 32.328554153000141 ], [ 20.238054276000184, 32.310270309000089 ], [ 20.217813492000062, 32.294248581000147 ], [ 20.163801193000097, 32.244356155000105 ], [ 20.152807236, 32.229459763000193 ], [ 20.154310226000064, 32.226770401000067 ], [ 20.15873527500014, 32.220075607000183 ], [ 20.155897140999969, 32.217893600000025 ], [ 20.151033401000063, 32.218153000000143 ], [ 20.14462852500003, 32.22178840600003 ], [ 20.128477096999973, 32.203008652000165 ], [ 20.122388840000099, 32.196565628000144 ], [ 20.114324570000065, 32.191644669000027 ], [ 20.100530624000044, 32.188093185000184 ], [ 20.098485947000086, 32.177003860000013 ], [ 20.095849991000136, 32.171388626000123 ], [ 20.090543747000027, 32.165437698000119 ], [ 20.084486008000169, 32.149366379000071 ], [ 20.07978630100007, 32.142290115000094 ], [ 20.056108475000087, 32.119291306000093 ], [ 20.060377121000158, 32.115343094000082 ], [ 20.061399460000132, 32.111715317 ], [ 20.065210342000114, 32.110960007000074 ], [ 20.068269730000111, 32.113840103000143 ], [ 20.071622849, 32.111688614000059 ], [ 20.072896957000069, 32.108301163000135 ], [ 20.069692612000097, 32.103353500000139 ], [ 20.065690994000079, 32.102727890000097 ], [ 20.060728073000064, 32.104810714999985 ], [ 20.055494308, 32.111467361000109 ], [ 20.051790237000034, 32.110395432000132 ], [ 20.048894882000013, 32.104772568000158 ], [ 20.048131943000044, 32.094881058000055 ], [ 20.042379379000124, 32.078363419000027 ], [ 20.03462028500013, 32.064050673999986 ], [ 20.002298355000107, 32.028623581000033 ], [ 20.001550674000157, 32.027803420999987 ], [ 20.000001907000183, 32.02660942100016 ], [ 19.977910995000059, 32.009603500000026 ], [ 19.977579117000118, 32.000001907000069 ], [ 19.95993614200006, 31.994199753000146 ], [ 19.95371055600009, 31.987619400000085 ], [ 19.950452805000111, 31.979116440000155 ], [ 19.94370460500005, 31.957250595000062 ], [ 19.943513870000174, 31.956640244000141 ], [ 19.947870255000112, 31.946802140000045 ], [ 19.958536148000064, 31.935503006000033 ], [ 19.944456099999968, 31.908113480000111 ], [ 19.950044632000186, 31.894514084000036 ], [ 19.949457169000141, 31.888315201000069 ], [ 19.944406509000032, 31.879251480000164 ], [ 19.940217972000141, 31.861047745000064 ], [ 19.929925919000084, 31.841878891000135 ], [ 19.927370070999984, 31.837121964000119 ], [ 19.924947739000118, 31.829725266000082 ], [ 19.93178749100008, 31.811117171999967 ], [ 19.929803848, 31.783803940000155 ], [ 19.924070358000108, 31.771512985000072 ], [ 19.924219131000029, 31.744710922000138 ], [ 19.928987503000087, 31.723756790000095 ], [ 19.931280136000112, 31.71947670000003 ], [ 19.955980301000068, 31.673353195000118 ], [ 19.966196060000186, 31.598707199000103 ], [ 19.967885971000157, 31.586351395000065 ], [ 19.969755173000067, 31.578836441000192 ], [ 19.978971481000031, 31.560510635000014 ], [ 19.987844467, 31.536443710000128 ], [ 19.995088577000047, 31.489873887000101 ], [ 19.993608474999974, 31.47860527000006 ], [ 19.994924545000174, 31.476636887000154 ], [ 19.995866776000071, 31.475225449000106 ], [ 19.997964859000035, 31.476423265000051 ], [ 20.000001907000183, 31.476266861000113 ], [ 20.006822586000055, 31.475732803000142 ], [ 20.013719559000094, 31.469720839999979 ], [ 20.017179489000171, 31.462472916000024 ], [ 20.017984390000095, 31.454698563000079 ], [ 20.013250351000181, 31.436933517000114 ], [ 20.013998032000131, 31.430761337000149 ], [ 20.023378371999968, 31.414724350000085 ], [ 20.031862259000036, 31.393621445000065 ], [ 20.047147751000125, 31.371446609000145 ], [ 20.051275253000085, 31.365457535000189 ], [ 20.056795120000174, 31.360322952000161 ], [ 20.072902918000125, 31.350438262000125 ], [ 20.076177597000083, 31.348428727000055 ], [ 20.09701347400005, 31.325105667000116 ], [ 20.128053665000152, 31.275896072000023 ], [ 20.129976273000068, 31.269914628000151 ], [ 20.132921219000025, 31.260751724000158 ], [ 20.132918764000067, 31.260749796000027 ], [ 20.135799408000025, 31.25178527900016 ], [ 20.147615433000055, 31.241758347000086 ], [ 20.150434493999967, 31.237241745000119 ], [ 20.164611816000104, 31.196092606000093 ], [ 20.168014526000093, 31.181961060000049 ], [ 20.173946381000178, 31.172018051000066 ], [ 20.176534097000058, 31.154295472000172 ], [ 20.176733017000174, 31.152933120000057 ], [ 20.177047730000027, 31.150770187000091 ], [ 20.17260170000003, 31.123838425000031 ], [ 20.171516418000124, 31.100194931000033 ], [ 20.166517258, 31.073936462000177 ], [ 20.159978866000131, 31.054058075000057 ], [ 20.149410248000152, 31.030056000000172 ], [ 20.144367218000184, 31.018592834000117 ], [ 20.134792328000174, 31.002079010000102 ], [ 20.127830505000134, 30.979206086000147 ], [ 20.115945816000078, 30.960338592000085 ], [ 20.106431961000112, 30.950242995999986 ], [ 20.097387314000059, 30.934196472000167 ], [ 20.090559006000149, 30.915775299000188 ], [ 20.08957862900013, 30.913131714000031 ], [ 20.073593140000071, 30.890029908000088 ], [ 20.068130493000069, 30.870628357000044 ], [ 20.055868148000059, 30.847845078000091 ], [ 20.03705596900005, 30.822370529000068 ], [ 20.022594451000032, 30.805400849000193 ], [ 20.006896972, 30.78697204600013 ], [ 20.000000000000114, 30.779863358000057 ], [ 19.998682022000139, 30.778505325000083 ], [ 19.978515625000171, 30.76216125500008 ], [ 19.967790604000129, 30.741930008000111 ], [ 19.953491210000038, 30.725273131999984 ], [ 19.940414429000157, 30.702669145000186 ], [ 19.937459946000047, 30.697561264000058 ], [ 19.905223846000183, 30.65519714300018 ], [ 19.866487503000144, 30.617240905000074 ], [ 19.849670409999987, 30.604951858000163 ], [ 19.832609176, 30.592477798000118 ], [ 19.818061829000101, 30.576486588000023 ], [ 19.801107405999971, 30.561117173000127 ], [ 19.794700622000164, 30.547636032000185 ], [ 19.772708893000129, 30.525243759000091 ], [ 19.753402710000159, 30.512189865000039 ], [ 19.705190659000152, 30.479564667000147 ], [ 19.687807083000109, 30.462331772000084 ], [ 19.641870498000117, 30.436492919999978 ], [ 19.639600754000071, 30.434501648000094 ], [ 19.626739502000135, 30.423215866000135 ], [ 19.608102798000175, 30.411672592000173 ], [ 19.590662002000045, 30.410486221000156 ], [ 19.585546494000084, 30.412635804000104 ], [ 19.579160690000037, 30.420255661000056 ], [ 19.574398041000052, 30.420118332000186 ], [ 19.564676285000189, 30.411119461000169 ], [ 19.556463242000177, 30.411111831000085 ], [ 19.546310425000058, 30.406459808000193 ], [ 19.541496277000192, 30.40081214900016 ], [ 19.528760910000074, 30.394477844000164 ], [ 19.523904801000015, 30.389976502000025 ], [ 19.522426605000135, 30.389274597000167 ], [ 19.496078491, 30.376773834000119 ], [ 19.480319976999965, 30.366674423000177 ], [ 19.397314072000086, 30.32514 ], [ 19.376482010000188, 30.314702988000136 ], [ 19.310655593999968, 30.293197631000055 ], [ 19.262197494000134, 30.279409409000039 ], [ 19.247354508, 30.275180817999967 ], [ 19.196620941000106, 30.267169952000131 ], [ 19.18370056100008, 30.266077043000166 ], [ 19.134357453, 30.269104004000098 ], [ 19.121976853000092, 30.267789841000138 ], [ 19.118825912000034, 30.268447876000153 ], [ 19.10862731900005, 30.270578385000135 ], [ 19.075147628000082, 30.267665863 ], [ 19.025850296000044, 30.269508362000124 ], [ 18.979185104000067, 30.27761840800008 ], [ 18.975072861000058, 30.27862358200008 ], [ 18.953502655000079, 30.28388595600012 ], [ 18.928873062000093, 30.29615211600003 ], [ 18.910682678000171, 30.312301636000086 ], [ 18.891604897000036, 30.323175110000193 ], [ 18.88405799800006, 30.327476502000081 ], [ 18.858295441, 30.335102081000173 ], [ 18.849853516000053, 30.338790894000113 ], [ 18.838304519000076, 30.343835831000035 ], [ 18.832740784000066, 30.343877792 ], [ 18.800415040000132, 30.355859756000029 ], [ 18.793161392000172, 30.363874435000128 ], [ 18.791398830000162, 30.378668702000027 ], [ 18.791009903000031, 30.381933212000149 ], [ 18.786865234000061, 30.385694504000128 ], [ 18.774919510000188, 30.386201859000096 ], [ 18.75812721200009, 30.382638931000031 ], [ 18.749652862000062, 30.382575989000145 ], [ 18.738733291000074, 30.391965867000067 ], [ 18.686580527999979, 30.40412593200017 ], [ 18.673257827000157, 30.407232285000077 ], [ 18.66348648100012, 30.412168503000089 ], [ 18.656602860000135, 30.417663575000176 ], [ 18.65033722000004, 30.426855087000035 ], [ 18.647869110000102, 30.43985176100017 ], [ 18.642349243000012, 30.444477081000059 ], [ 18.633960724000076, 30.448081970000032 ], [ 18.624803543000098, 30.455387115 ], [ 18.619358062000117, 30.459730148000119 ], [ 18.607131957999968, 30.465953827000192 ], [ 18.596315384000093, 30.47589874200014 ], [ 18.57938766500007, 30.486082077000106 ], [ 18.568363189000081, 30.494916916000193 ], [ 18.567028046000189, 30.498727798000061 ], [ 18.570522308000079, 30.509368897000058 ], [ 18.569154739, 30.513971329000185 ], [ 18.545497894000107, 30.516183853000086 ], [ 18.533494950000147, 30.51932334900016 ], [ 18.524032593000129, 30.527559280999981 ], [ 18.515768051000066, 30.534749984000143 ], [ 18.503803253000058, 30.540742875000149 ], [ 18.493051529000013, 30.543567658000029 ], [ 18.477226256999984, 30.557910919000051 ], [ 18.467937469000049, 30.56331062300012 ], [ 18.45362663200001, 30.568296432000068 ], [ 18.432115555, 30.584720611000023 ], [ 18.408815384000093, 30.594192504999967 ], [ 18.40537834200012, 30.59728050200016 ], [ 18.389919281000118, 30.611166 ], [ 18.374828339000089, 30.620935440000153 ], [ 18.37076187100007, 30.627899170000092 ], [ 18.371166229000096, 30.630439758000136 ], [ 18.367654800000082, 30.636964798 ], [ 18.364358902000049, 30.639137268000184 ], [ 18.352279663000104, 30.641670227000077 ], [ 18.334194183000079, 30.652700424000102 ], [ 18.309406281000122, 30.670131683000079 ], [ 18.291660308000075, 30.686094284000035 ], [ 18.289176941, 30.688997268000037 ], [ 18.28513336200001, 30.703414917000032 ], [ 18.273916244000077, 30.714363098000035 ], [ 18.266115189000061, 30.721975326000177 ], [ 18.249153137000121, 30.732166290000123 ], [ 18.225305557000127, 30.755767822 ], [ 18.218948364000028, 30.765623092999988 ], [ 18.201629639000146, 30.771387100000084 ], [ 18.190481186000056, 30.781286240000043 ], [ 18.180049896000128, 30.787540436000086 ], [ 18.163942337000094, 30.792081833000054 ], [ 18.144954681000058, 30.79743385300003 ], [ 18.075094223, 30.810548782000069 ], [ 18.037614823000126, 30.824911118000045 ], [ 18.024461746000156, 30.827875139000014 ], [ 17.997749329000158, 30.83389091500004 ], [ 17.979291916000022, 30.835680008 ], [ 17.942937851000067, 30.848455429000069 ], [ 17.91255188000008, 30.854120254000065 ], [ 17.904409408000163, 30.857004165000035 ], [ 17.890663147000112, 30.870458603000031 ], [ 17.879896164000172, 30.88099288900014 ], [ 17.876974105999977, 30.888605118000157 ], [ 17.876945496000133, 30.89815712 ], [ 17.87251472500003, 30.901674271000161 ], [ 17.865156174000049, 30.903984070000035 ], [ 17.865428925000174, 30.916118622000056 ], [ 17.856313705, 30.919467926000095 ], [ 17.847021103000145, 30.926483155000085 ], [ 17.817234039000027, 30.925045013000101 ], [ 17.804464340000152, 30.93119430500019 ], [ 17.79176902800009, 30.934345245000088 ], [ 17.766016007000133, 30.937088012000117 ], [ 17.7311992650001, 30.940792084000179 ], [ 17.678140640000152, 30.955558777000078 ], [ 17.664421082000104, 30.962556839000058 ], [ 17.661314011000115, 30.965639114000055 ], [ 17.654245377000052, 30.968097687000181 ], [ 17.640834808000079, 30.969596864000152 ], [ 17.62879562300003, 30.975055694000105 ], [ 17.615068435000012, 30.982048034000059 ], [ 17.605630875000031, 30.98394203200013 ], [ 17.593801498000175, 30.990325928 ], [ 17.567916870000033, 30.995418549000135 ], [ 17.548837662000039, 31.002635956000177 ], [ 17.51722908000005, 31.009771347000026 ], [ 17.492202759000179, 31.017702102000101 ], [ 17.477687836000086, 31.022300720000089 ], [ 17.457548141000075, 31.030668259000095 ], [ 17.452449799000078, 31.034341812000036 ], [ 17.446208954000042, 31.044305801000121 ], [ 17.437755585000048, 31.049608231000093 ], [ 17.422920227000191, 31.057214737000095 ], [ 17.420528412000067, 31.058441162000065 ], [ 17.400995254000065, 31.064367294000135 ], [ 17.39838027900015, 31.067432403000169 ], [ 17.392074585000103, 31.070703507000076 ], [ 17.392683029000182, 31.077566147000027 ], [ 17.390069962000041, 31.081125259000146 ], [ 17.349468231, 31.081859588000043 ], [ 17.302217484000153, 31.086648941000135 ], [ 17.294025421000129, 31.089727402 ], [ 17.293266297000173, 31.090475082000069 ], [ 17.285795212000096, 31.097850799000071 ], [ 17.266956329000038, 31.100450516000137 ], [ 17.251079560000107, 31.106304169000168 ], [ 17.23957061800013, 31.1072502130001 ], [ 17.215972901000157, 31.112285614000086 ], [ 17.201175690000184, 31.113449097000171 ], [ 17.183898926000097, 31.122602463000078 ], [ 17.173109055000054, 31.1253318790001 ], [ 17.15671920800014, 31.126934051000148 ], [ 17.145126343000072, 31.128067017000092 ], [ 17.112173081000037, 31.138879776000124 ], [ 17.096235275000083, 31.141820908000113 ], [ 17.07437896700003, 31.14976692200014 ], [ 17.06927681000019, 31.150218963000157 ], [ 17.017309189000116, 31.16548347600002 ], [ 17.000000000000171, 31.167406082000127 ], [ 16.994089127000052, 31.171201706000147 ], [ 16.988405227000101, 31.171909332000041 ], [ 16.968660354000065, 31.174364090000154 ], [ 16.943893433000142, 31.179788589000168 ], [ 16.90462112400013, 31.183534622000025 ], [ 16.873271942000088, 31.190603257000021 ], [ 16.84464073200013, 31.193880081000088 ], [ 16.75167846700009, 31.220716476000177 ], [ 16.735208511000167, 31.217269897000051 ], [ 16.710939407000126, 31.22240066500018 ], [ 16.704072952000161, 31.222881318000077 ], [ 16.694986342999982, 31.223516466000035 ], [ 16.683423996000158, 31.221927643000129 ], [ 16.663669586000083, 31.221818924000104 ], [ 16.656112671000017, 31.220291137000061 ], [ 16.636915207000072, 31.220615387000066 ], [ 16.616102218000037, 31.21572494500009 ], [ 16.587938308000162, 31.218011856000032 ], [ 16.578762055000027, 31.216087341000048 ], [ 16.568885803, 31.21602630600006 ], [ 16.559228898000072, 31.217924118000099 ], [ 16.555681229000072, 31.21862220700018 ], [ 16.548938752000083, 31.217285157000049 ], [ 16.502725601000066, 31.216377258000136 ], [ 16.451513291000083, 31.221845627000107 ], [ 16.413270950000026, 31.221374512000125 ], [ 16.398109436000027, 31.221185684000091 ], [ 16.363801956000032, 31.223438263000048 ], [ 16.318822861000172, 31.230911255000024 ], [ 16.275281906000146, 31.235330582000188 ], [ 16.268016815000067, 31.236644745000149 ], [ 16.232902527000078, 31.242980958000089 ], [ 16.206142425000166, 31.245521546000191 ], [ 16.199666977000163, 31.247787475000166 ], [ 16.19879913300008, 31.248092650999979 ], [ 16.172565461000033, 31.25182914700008 ], [ 16.145385742000144, 31.258119583000052 ], [ 16.135783974000049, 31.258660916 ], [ 16.133409500000084, 31.258794784000088 ], [ 16.122167587000092, 31.263568878 ], [ 16.102764130000025, 31.265205383000136 ], [ 16.068529129000069, 31.274723053 ], [ 16.057664870999986, 31.276182174000041 ], [ 16.052085875999978, 31.276929856000095 ], [ 16.031789780000054, 31.282258987000034 ], [ 15.991424560000098, 31.29771614200007 ], [ 15.942504883000026, 31.31323623600008 ], [ 15.922734260000141, 31.324188232000154 ], [ 15.903997421000156, 31.334562302000165 ], [ 15.868699073000073, 31.344985963000113 ], [ 15.85670089700011, 31.351140977000114 ], [ 15.838515282000117, 31.356365204000099 ], [ 15.816762924000102, 31.365383148000149 ], [ 15.793150902000093, 31.381099702000085 ], [ 15.790589332000025, 31.382804871000019 ], [ 15.777330463000169, 31.389956740000173 ], [ 15.774687766999989, 31.391382217000057 ], [ 15.748675346000027, 31.400993347000053 ], [ 15.73306465100012, 31.410243988000104 ], [ 15.722041130000093, 31.420482634999985 ], [ 15.711844521999978, 31.425847712000063 ], [ 15.679864309000095, 31.436194072000148 ], [ 15.674600754000039, 31.439960424000162 ], [ 15.669635245000165, 31.442621879000058 ], [ 15.665157313, 31.445554573000038 ], [ 15.660080884000024, 31.449082372000134 ], [ 15.655831072000126, 31.452369679000128 ], [ 15.653544729000032, 31.454343447000156 ], [ 15.650146611000082, 31.457783740000139 ], [ 15.644425037000076, 31.464194228000167 ], [ 15.640345366000133, 31.468242578000059 ], [ 15.634363050000047, 31.474649826000132 ], [ 15.629278524000142, 31.479932322000082 ], [ 15.622395294000114, 31.487507866000158 ], [ 15.618650302000049, 31.491603530000134 ], [ 15.613782105000041, 31.496570144000032 ], [ 15.610544822000179, 31.500189331000058 ], [ 15.604971201000069, 31.506824170000073 ], [ 15.59973181100014, 31.513560895000126 ], [ 15.595286274000102, 31.519585571000164 ], [ 15.595215620000147, 31.519687841000064 ], [ 15.591815421000092, 31.524609469000154 ], [ 15.588384613000073, 31.53001765900018 ], [ 15.585981744000151, 31.534394619000125 ], [ 15.585007403000077, 31.536016741000026 ], [ 15.58010553500003, 31.542885578000039 ], [ 15.575328616000093, 31.550870474000078 ], [ 15.572124288, 31.555869697000105 ], [ 15.56936015600013, 31.560417322000035 ], [ 15.567215552000107, 31.563106128000129 ], [ 15.563249147000136, 31.567731204000154 ], [ 15.559139555000115, 31.571509572000139 ], [ 15.556660082, 31.57365827700005 ], [ 15.548542101000066, 31.581618266000078 ], [ 15.543586024999968, 31.586298153000143 ], [ 15.542500431000065, 31.587619940000138 ], [ 15.538829937000116, 31.591447088999985 ], [ 15.534924004000118, 31.595360359000153 ], [ 15.531327704000091, 31.599388244000068 ], [ 15.527774621000049, 31.603950187000123 ], [ 15.526858603000107, 31.605101301000161 ], [ 15.524451845999977, 31.60871479900004 ], [ 15.522560040000144, 31.611694775000046 ], [ 15.521045522000065, 31.613811896000129 ], [ 15.51789296700008, 31.619267607999973 ], [ 15.515482365000082, 31.623797940000031 ], [ 15.512308613000073, 31.630542920000153 ], [ 15.510376653000094, 31.633516769000096 ], [ 15.506976384000041, 31.639431685000091 ], [ 15.499437901000022, 31.651983141000187 ], [ 15.498618296000188, 31.652840698000148 ], [ 15.49213947800007, 31.662881503000051 ], [ 15.489867919000119, 31.666701395000075 ], [ 15.488453596000056, 31.668718640000122 ], [ 15.48470824900005, 31.675445489000083 ], [ 15.48161133800005, 31.680411647000085 ], [ 15.479567426000074, 31.684567570000127 ], [ 15.47742465400006, 31.689989689000129 ], [ 15.475011783000184, 31.69600890300012 ], [ 15.472287763, 31.703536324000027 ], [ 15.472063692000063, 31.70451199300004 ], [ 15.469403402000182, 31.71034812 ], [ 15.466433387000052, 31.717368788000044 ], [ 15.462635351000188, 31.725841618000118 ], [ 15.457499972000107, 31.73742267199998 ], [ 15.454879308000159, 31.743261002000054 ], [ 15.454156977000025, 31.744452941000191 ], [ 15.451483853000184, 31.750278304000176 ], [ 15.445984299000031, 31.761933042000123 ], [ 15.442587546000084, 31.768810289000101 ], [ 15.439547765000043, 31.774734126000055 ], [ 15.433416430000136, 31.785833799000159 ], [ 15.431412841, 31.78960242300019 ], [ 15.423852441000122, 31.805338814999971 ], [ 15.418789280000112, 31.815214957000023 ], [ 15.415965766999989, 31.820449473000053 ], [ 15.41519326800011, 31.821462644000121 ], [ 15.413449657, 31.82451776400012 ], [ 15.41165227100015, 31.827666863 ], [ 15.406883857000139, 31.836014413000044 ], [ 15.404039820000094, 31.840992295000149 ], [ 15.400693539000088, 31.846828785000071 ], [ 15.398122652000097, 31.85239953100006 ], [ 15.395661784000026, 31.857615851000162 ], [ 15.391637370000126, 31.866544991000183 ], [ 15.386616783000136, 31.879125060000035 ], [ 15.385558853000134, 31.881570118000184 ], [ 15.384013204999974, 31.885226505000105 ], [ 15.383494430000155, 31.886648175000118 ], [ 15.381729368000094, 31.891405798000051 ], [ 15.380015244000049, 31.897055448000174 ], [ 15.379546211000047, 31.898310962000096 ], [ 15.378860080000038, 31.900179767000111 ], [ 15.377718945000026, 31.904580037000017 ], [ 15.376404087000139, 31.908832084000039 ], [ 15.374775771000031, 31.912994934000039 ], [ 15.372870056000011, 31.919643486000041 ], [ 15.369749160000083, 31.930046098999981 ], [ 15.365912208000054, 31.9420783650001 ], [ 15.364378291000037, 31.947132661000126 ], [ 15.363319986000135, 31.951130516000035 ], [ 15.362217031000114, 31.956547494000063 ], [ 15.361939321000023, 31.959102683000026 ], [ 15.361718428000131, 31.960767222000186 ], [ 15.361510504000023, 31.96144131799997 ], [ 15.361188142000174, 31.962146997000048 ], [ 15.360102925000149, 31.964018554000063 ], [ 15.359743475000073, 31.964984255000104 ], [ 15.359128898000108, 31.966874746000144 ], [ 15.358284519000165, 31.970469868000066 ], [ 15.357454933000099, 31.97453688000013 ], [ 15.356426056000146, 31.980126796000093 ], [ 15.355432839000116, 31.985277454000084 ], [ 15.354916216999982, 31.987401318000138 ], [ 15.353318893000164, 31.992997604000095 ], [ 15.352860554000188, 31.99719478600008 ], [ 15.352513662000092, 31.99787380000015 ], [ 15.352215139000123, 31.999585675000105 ], [ 15.352211715000067, 32.000767878000147 ], [ 15.352311869000175, 32.001459530000147 ], [ 15.352701345000071, 32.002150891999975 ], [ 15.353199227000061, 32.002868144 ], [ 15.354322865000086, 32.004282780000153 ], [ 15.35511714900008, 32.005594281000072 ], [ 15.355234810000127, 32.006203736000145 ], [ 15.355449658000168, 32.008113890000061 ], [ 15.355864855000164, 32.009172886000101 ], [ 15.356399183000121, 32.010272252000163 ], [ 15.356373329000121, 32.011369273000071 ], [ 15.356339448000085, 32.01253309100008 ], [ 15.35616887599997, 32.013405791000139 ], [ 15.35573636099997, 32.015925912000057 ], [ 15.355464211000026, 32.017061438000042 ], [ 15.355355728, 32.017772860999969 ], [ 15.355847672000039, 32.01951642400013 ], [ 15.355912145000161, 32.020985616000189 ], [ 15.355706835000035, 32.022322490000136 ], [ 15.355343932000096, 32.024017978000074 ], [ 15.355344954000032, 32.02481866800008 ], [ 15.355636913000126, 32.025829438000187 ], [ 15.35538056300004, 32.027163255000175 ], [ 15.35519822800012, 32.03085868300019 ], [ 15.355183094000154, 32.032789932000014 ], [ 15.354937802999984, 32.034586114000149 ], [ 15.354587198000047, 32.035809455000049 ], [ 15.354041903000109, 32.038000408000016 ], [ 15.352203738000185, 32.043563456000072 ], [ 15.351478691000125, 32.048094214000116 ], [ 15.35108682300006, 32.048965818000113 ], [ 15.35051726800009, 32.053067105000082 ], [ 15.350528789000066, 32.054585978000091 ], [ 15.35019532299998, 32.055885763000106 ], [ 15.349618397000029, 32.061682585000085 ], [ 15.349597588, 32.062841519000074 ], [ 15.349396706999983, 32.063920832000122 ], [ 15.349105719000079, 32.064574119000042 ], [ 15.348873766000168, 32.069452488000024 ], [ 15.348629381000137, 32.070755497000107 ], [ 15.348285514000167, 32.073705923000148 ], [ 15.348221221000074, 32.075124750000043 ], [ 15.348166726000102, 32.075998956000092 ], [ 15.348347803000081, 32.076711162000038 ], [ 15.348710967000102, 32.076974851999978 ], [ 15.348963791000074, 32.077308686000094 ], [ 15.349010242000077, 32.077877281000156 ], [ 15.348758312000029, 32.078680954000106 ], [ 15.348947201000101, 32.080037060000052 ], [ 15.349552227000061, 32.081597792000025 ], [ 15.349978883000063, 32.082547789000046 ], [ 15.350297035999972, 32.083686368000031 ], [ 15.350998533000052, 32.084449917000029 ], [ 15.351587665000125, 32.085238401000083 ], [ 15.351991477000126, 32.087101767999968 ], [ 15.35245139400007, 32.087890898000069 ], [ 15.353035482000053, 32.088839444000087 ], [ 15.35370660500007, 32.089260861000184 ], [ 15.354200879000132, 32.089812045000144 ], [ 15.354468291000046, 32.091119646999971 ], [ 15.355138557000089, 32.091590564000114 ], [ 15.355082916000185, 32.091985440000144 ], [ 15.354651969000145, 32.092772810000099 ], [ 15.354009081000072, 32.093901921000167 ], [ 15.353733258999966, 32.094683663000183 ], [ 15.353435997000076, 32.09557057000012 ], [ 15.353139224000131, 32.09686871200006 ], [ 15.352926951000086, 32.098253410000041 ], [ 15.352792184, 32.099949171000105 ], [ 15.352815199000077, 32.102940847000184 ], [ 15.35337691400008, 32.105431504000137 ], [ 15.354173062000029, 32.109639187000028 ], [ 15.355020433000107, 32.112041316000102 ], [ 15.355740156000024, 32.113207121000187 ], [ 15.356277493, 32.113527748000138 ], [ 15.356328573000155, 32.113924594000139 ], [ 15.356354933000034, 32.114618270000165 ], [ 15.356499425999971, 32.115214422000065 ], [ 15.35666122400005, 32.11592635400018 ], [ 15.356902670000125, 32.116523776000065 ], [ 15.357192086000111, 32.116610066000078 ], [ 15.357402430000093, 32.116777883000054 ], [ 15.357272778000038, 32.117519041999969 ], [ 15.357560500000034, 32.118915812000068 ], [ 15.357345659000089, 32.11994664600013 ], [ 15.357496377000132, 32.120196216000181 ], [ 15.357707924000124, 32.120297996000033 ], [ 15.357720402000098, 32.120566798000084 ], [ 15.357372961000067, 32.12275331799998 ], [ 15.357418143000075, 32.123480253000025 ], [ 15.35766523000018, 32.123764081000047 ], [ 15.35797375300001, 32.123867139000026 ], [ 15.357990193000148, 32.124032435000061 ], [ 15.357649858000116, 32.124622287000193 ], [ 15.35748227900001, 32.125313442000106 ], [ 15.357664692000128, 32.125959622000096 ], [ 15.357855680000114, 32.126127159000191 ], [ 15.358103369000105, 32.12637800400006 ], [ 15.358196480000061, 32.126593808000166 ], [ 15.358152079000035, 32.126906876000135 ], [ 15.358418634000145, 32.129353484000035 ], [ 15.358843295000042, 32.12961690200018 ], [ 15.358946927999966, 32.130027493000114 ], [ 15.358925650000174, 32.131374022000045 ], [ 15.359063788000071, 32.132799329000136 ], [ 15.359077938000155, 32.133703571000183 ], [ 15.359306545000152, 32.133937644000071 ], [ 15.359577015000184, 32.134096705 ], [ 15.359665254999982, 32.134333963000131 ], [ 15.359662660000026, 32.134635601000184 ], [ 15.359560952000152, 32.134898405000115 ], [ 15.359336765000023, 32.135116725000046 ], [ 15.359221832000173, 32.135335595000186 ], [ 15.359234420000121, 32.135666314000105 ], [ 15.359212905000049, 32.135917368000094 ], [ 15.359633134000092, 32.136127963000035 ], [ 15.359812725000097, 32.136429342000042 ], [ 15.359750198000029, 32.136822045000088 ], [ 15.359522527000081, 32.137043911000148 ], [ 15.359257787000047, 32.138150358000132 ], [ 15.358861944000068, 32.139263894000067 ], [ 15.358852187000025, 32.139808527000127 ], [ 15.359042595000176, 32.140009078999981 ], [ 15.359228898000026, 32.14044069900018 ], [ 15.359239412000022, 32.140936075000127 ], [ 15.358865259000083, 32.141244868 ], [ 15.358775841000124, 32.141904020000027 ], [ 15.358744621000028, 32.142563919000168 ], [ 15.358947059000059, 32.143177327000103 ], [ 15.358842955000171, 32.143572167000116 ], [ 15.358932267000114, 32.144002532000115 ], [ 15.359275519999983, 32.144337128000075 ], [ 15.359379276000027, 32.145064257000115 ], [ 15.35938110900014, 32.146072087 ], [ 15.359382803000074, 32.147012777000043 ], [ 15.359254302000181, 32.14768792600006 ], [ 15.359156301000155, 32.148825696000188 ], [ 15.35951659400007, 32.14929257700004 ], [ 15.359171632000084, 32.150518948000126 ], [ 15.358874887000127, 32.152618819000054 ], [ 15.359240219000185, 32.152805140000112 ], [ 15.359333375000062, 32.153020950000041 ], [ 15.359093180000173, 32.15343052999998 ], [ 15.358918265, 32.154346096999973 ], [ 15.358937827000034, 32.154641973000139 ], [ 15.359067745000118, 32.154849856 ], [ 15.358928256000013, 32.155208860000073 ], [ 15.358742257000188, 32.155687536000073 ], [ 15.358538481000039, 32.156229644000121 ], [ 15.358202099000096, 32.157138591000148 ], [ 15.357967879000057, 32.158203215000128 ], [ 15.358002295000063, 32.158993375000136 ], [ 15.35764192, 32.160515521000093 ], [ 15.35746467000007, 32.160920408000152 ], [ 15.356810632000133, 32.162760769000101 ], [ 15.356647422000151, 32.163204352000093 ], [ 15.356554689, 32.164045039000086 ], [ 15.356076304000169, 32.164748656000143 ], [ 15.355168188000164, 32.166684748000137 ], [ 15.355024829000115, 32.167139690999988 ], [ 15.355298683, 32.167347872999983 ], [ 15.355555157000083, 32.167492861000085 ], [ 15.355605568000101, 32.167776844000059 ], [ 15.355434815000081, 32.168010739000124 ], [ 15.355064507000179, 32.168021658000043 ], [ 15.354710708000141, 32.168142987000067 ], [ 15.354324265000059, 32.169050898000137 ], [ 15.354147012000055, 32.169646724000074 ], [ 15.353763184000059, 32.170347679000031 ], [ 15.353064157000063, 32.171444603000054 ], [ 15.352420898000048, 32.172079832000122 ], [ 15.350972946000127, 32.174405227000022 ], [ 15.350160075000133, 32.175352078000117 ], [ 15.348931090000121, 32.176772205000134 ], [ 15.347780287000035, 32.178160325000079 ], [ 15.346920545000103, 32.179374444000075 ], [ 15.346123550000186, 32.180022093000105 ], [ 15.342363655000042, 32.184210373000042 ], [ 15.341401655000027, 32.185257620000129 ], [ 15.340190912000082, 32.186727409000127 ], [ 15.339477259000148, 32.187543424000069 ], [ 15.338769325000158, 32.188045865000163 ], [ 15.334539852000091, 32.192183138000075 ], [ 15.332679385000063, 32.194139516000121 ], [ 15.330655431000082, 32.196539409000025 ], [ 15.329306667000083, 32.198106319000146 ], [ 15.328220147000025, 32.199131933000103 ], [ 15.325662599000168, 32.202217138000037 ], [ 15.325109436000162, 32.203107006000096 ], [ 15.324085182000147, 32.204447081000069 ], [ 15.323424123000052, 32.205162374000167 ], [ 15.321687252000174, 32.206996656000058 ], [ 15.320872568000084, 32.208008945000074 ], [ 15.320469708000132, 32.208774863000031 ], [ 15.319995406000146, 32.20939816900011 ], [ 15.319385749000048, 32.210334476000185 ], [ 15.318683229000044, 32.211285272000168 ], [ 15.318085085000064, 32.211840293000193 ], [ 15.317511201000059, 32.212426927000024 ], [ 15.316969749000179, 32.213360637000051 ], [ 15.316932076000171, 32.214350582000122 ], [ 15.31601136400019, 32.216896960000156 ], [ 15.31532232100011, 32.2195124590001 ], [ 15.31431166200008, 32.222717917000125 ], [ 15.313571817000025, 32.224775997000052 ], [ 15.312666405000073, 32.227050721000126 ], [ 15.310814872000094, 32.231189030000166 ], [ 15.310498891000179, 32.232521897000026 ], [ 15.310007232000089, 32.233901942000102 ], [ 15.309624873000132, 32.234623146999979 ], [ 15.309166657000048, 32.235244281000064 ], [ 15.306296570000029, 32.242337018000114 ], [ 15.305896072999985, 32.244031895999967 ], [ 15.30409579000019, 32.248237276000111 ], [ 15.303233867000188, 32.249876257000096 ], [ 15.30058359700007, 32.254987405000065 ], [ 15.299486549999983, 32.257564275000107 ], [ 15.298595054000145, 32.259533139000155 ], [ 15.297746362000112, 32.261744290000024 ], [ 15.297393077000095, 32.263392896000028 ], [ 15.29725398000005, 32.264511279000089 ], [ 15.29723081800006, 32.265685648000158 ], [ 15.297320645000127, 32.266482773000121 ], [ 15.297591661000183, 32.267492615000037 ], [ 15.298023225000179, 32.268132400000127 ], [ 15.298079721000022, 32.268407088000117 ], [ 15.29802219700008, 32.268714612000167 ], [ 15.297719669000116, 32.268963522000149 ], [ 15.297423627000114, 32.269207092000045 ], [ 15.297262095000065, 32.26953506000018 ], [ 15.296714275000056, 32.270479458000182 ], [ 15.296437930000025, 32.271009593000031 ], [ 15.296233122000103, 32.271486887000094 ], [ 15.295761744, 32.272882284 ], [ 15.295159250999973, 32.273930623000183 ], [ 15.294774743000175, 32.274750783000172 ], [ 15.293959358000109, 32.2758222060001 ], [ 15.293306353000162, 32.277069270000084 ], [ 15.293034975000069, 32.277384925000149 ], [ 15.291985952000061, 32.27959808300011 ], [ 15.291437204000147, 32.280393044000107 ], [ 15.29074482700014, 32.281546534000142 ], [ 15.289860455000166, 32.283542502999978 ], [ 15.289697133000118, 32.284125522000181 ], [ 15.289591955000162, 32.284624131000157 ], [ 15.28950482200014, 32.284890408000081 ], [ 15.289210428000104, 32.285258545000033 ], [ 15.288890194999965, 32.285544912000034 ], [ 15.288707872000089, 32.285783280000032 ], [ 15.288591577000147, 32.286112699 ], [ 15.288548967000168, 32.286411545000078 ], [ 15.288497527000175, 32.286772235000058 ], [ 15.288315008999973, 32.287013952000052 ], [ 15.288054115000079, 32.287056937000159 ], [ 15.28773212100009, 32.287436312000011 ], [ 15.286630273000071, 32.289247053 ], [ 15.285611986999982, 32.290638868000144 ], [ 15.282669021, 32.294378755000082 ], [ 15.281597471, 32.296395524000047 ], [ 15.280505549000054, 32.297799292000036 ], [ 15.279804295000133, 32.298912197000163 ], [ 15.279357173999983, 32.299946061000071 ], [ 15.278685085000063, 32.301571095999975 ], [ 15.278519255000049, 32.302708909000103 ], [ 15.277991059000044, 32.303966588000151 ], [ 15.277126206000162, 32.305361035000146 ], [ 15.276079087000141, 32.306623878999972 ], [ 15.274999200000025, 32.307978434000063 ], [ 15.274312498000029, 32.309035523000034 ], [ 15.27343105500006, 32.310223067999971 ], [ 15.271886818000098, 32.312461039000141 ], [ 15.271313774000078, 32.313452099000074 ], [ 15.271087078000164, 32.314073312000062 ], [ 15.270955021000191, 32.314474911000161 ], [ 15.2705827690001, 32.315612796000096 ], [ 15.270426641000142, 32.316090916000178 ], [ 15.270408699000086, 32.316743433999989 ], [ 15.270709409000119, 32.317196575000082 ], [ 15.270923063, 32.317268816000137 ], [ 15.271090314999981, 32.31729966 ], [ 15.271313636000059, 32.31765822 ], [ 15.271356843000035, 32.317986267000094 ], [ 15.271405712000046, 32.318348392000132 ], [ 15.271383143000037, 32.318683486000111 ], [ 15.271240129000148, 32.318925011000147 ], [ 15.271039075000033, 32.319098561000089 ], [ 15.270730237000066, 32.31926924600009 ], [ 15.270334858000126, 32.31949378600018 ], [ 15.270145546000094, 32.31960130900012 ], [ 15.269203487000027, 32.320059553000192 ], [ 15.268328737000104, 32.320291464000093 ], [ 15.267950459000076, 32.320349110999985 ], [ 15.267543074000059, 32.320380524000029 ], [ 15.267086447000167, 32.320480781000072 ], [ 15.265276353000161, 32.321634080000024 ], [ 15.259952864000127, 32.325357663000148 ], [ 15.25845483400019, 32.326191879000078 ], [ 15.257192319000069, 32.327035643999977 ], [ 15.256274443000166, 32.327387874000181 ], [ 15.255692383000167, 32.327708247000146 ], [ 15.255132343000184, 32.328338460000168 ], [ 15.254949440000019, 32.328573944000084 ], [ 15.254650971000103, 32.328856494000036 ], [ 15.254274615000099, 32.32921369200011 ], [ 15.253770770000017, 32.329574539000191 ], [ 15.252980660000048, 32.330152870000177 ], [ 15.251731110000037, 32.330952675000162 ], [ 15.249628987999984, 32.331874320000168 ], [ 15.248880551000184, 32.33218026000003 ], [ 15.248054659000047, 32.332580104000101 ], [ 15.245145154000113, 32.334519151000052 ], [ 15.243136091000054, 32.335861239000053 ], [ 15.24208962300014, 32.336688516000038 ], [ 15.24146344400009, 32.337168241000029 ], [ 15.255457789000104, 32.3467907160001 ], [ 15.255823381000141, 32.347061561000032 ], [ 15.255672529000094, 32.347226915000078 ], [ 15.25543353300003, 32.347520722000127 ], [ 15.254797502000088, 32.348238232000142 ], [ 15.254120049000051, 32.349087218000079 ], [ 15.25323475700003, 32.349619674000053 ], [ 15.252280257000109, 32.349705494000034 ], [ 15.251308718000075, 32.349706577000063 ], [ 15.249984988000165, 32.349739686000021 ], [ 15.247029051000084, 32.349748150000039 ], [ 15.243895388000055, 32.349743574000172 ], [ 15.242614747000061, 32.349752743000124 ], [ 15.24189736600016, 32.349643690000107 ], [ 15.241260293000096, 32.349403721000044 ], [ 15.24041706100013, 32.348764697000092 ], [ 15.239613349000081, 32.348093212000038 ], [ 15.238026365000053, 32.346700984000165 ], [ 15.237357496000016, 32.346097389000022 ], [ 15.236171770000169, 32.34507389800018 ], [ 15.235159093000107, 32.344151833000183 ], [ 15.234447537000051, 32.343745732000059 ], [ 15.233603632000097, 32.344146588000172 ], [ 15.232593933000146, 32.345073333000016 ], [ 15.230763114000126, 32.345881570000017 ], [ 15.229953050000063, 32.346584507000046 ], [ 15.229432106000104, 32.347100173000058 ], [ 15.229105717000039, 32.347656822000033 ], [ 15.22879360100012, 32.348251953000158 ], [ 15.228362140000058, 32.348694950000095 ], [ 15.227545218000103, 32.349854342000128 ], [ 15.226930392000043, 32.35056000600008 ], [ 15.226829309000152, 32.351119821000111 ], [ 15.226659166, 32.351262585000029 ], [ 15.225781393000091, 32.351640037000152 ], [ 15.224833433000185, 32.352144772000088 ], [ 15.224296611, 32.352626673000088 ], [ 15.223645164, 32.353273861000162 ], [ 15.223249113, 32.353608051000094 ], [ 15.222711340000046, 32.354399598000157 ], [ 15.222248326000113, 32.355063046000168 ], [ 15.222027363, 32.355423086000087 ], [ 15.221747091999987, 32.355831797000064 ], [ 15.22164310300019, 32.356176969000046 ], [ 15.221794773000113, 32.356377191000092 ], [ 15.222446425000044, 32.356865080000034 ], [ 15.223095102000173, 32.357332699000096 ], [ 15.224184232000027, 32.358375401000046 ], [ 15.225010599000086, 32.359100461000139 ], [ 15.225386558000025, 32.359647968000047 ], [ 15.225428845000067, 32.360489041000108 ], [ 15.22539264, 32.361346885000046 ], [ 15.22542398000013, 32.363724295000111 ], [ 15.225404503, 32.36697525500017 ], [ 15.225342244000103, 32.368157409000105 ], [ 15.225562273000094, 32.369586126000058 ], [ 15.22616064000016, 32.370816043000161 ], [ 15.227489855000101, 32.372957873000075 ], [ 15.227417376, 32.373194172000183 ], [ 15.227045339000085, 32.373320998 ], [ 15.226535238000054, 32.37354491800005 ], [ 15.226123337000161, 32.373720702000071 ], [ 15.225318972000139, 32.374072519000094 ], [ 15.223741944000039, 32.374149343000056 ], [ 15.222419641000158, 32.374130706000074 ], [ 15.221136533000049, 32.374096095000141 ], [ 15.219385815000123, 32.374104400000192 ], [ 15.217791590000104, 32.374065359000042 ], [ 15.216254748000154, 32.37407663 ], [ 15.214601872000173, 32.374053225000125 ], [ 15.213920316000099, 32.374093094000159 ], [ 15.213523602000123, 32.374483632000135 ], [ 15.213486843000169, 32.374542455000096 ], [ 15.212988827000174, 32.375339590000067 ], [ 15.212473803000023, 32.375982543000077 ], [ 15.212082472000077, 32.376211698000077 ], [ 15.211706965000189, 32.376485386000184 ], [ 15.21126852500015, 32.376538550000134 ], [ 15.210830689000147, 32.376562014000115 ], [ 15.210641211000109, 32.376410880000037 ], [ 15.210417925000115, 32.376199852000184 ], [ 15.210067827000103, 32.376209717000052 ], [ 15.209712460000105, 32.376486771000032 ], [ 15.209544793000134, 32.377004020000129 ], [ 15.209326999000098, 32.377401789000089 ], [ 15.208986662000086, 32.377687569000102 ], [ 15.208688460000076, 32.378013463000059 ], [ 15.208196422000071, 32.378303586000186 ], [ 15.207330335000051, 32.37882184100016 ], [ 15.205670155, 32.379391779000059 ], [ 15.203296993000151, 32.380639695000127 ], [ 15.202396900000167, 32.381029666000131 ], [ 15.200427415000036, 32.381566667000072 ], [ 15.1972359990001, 32.3829863630001 ], [ 15.195362386000056, 32.383527595000146 ], [ 15.194241686000055, 32.383584604000134 ], [ 15.193459502, 32.383824448999974 ], [ 15.192512365000084, 32.384766314000046 ], [ 15.191676863000055, 32.385209332000102 ], [ 15.191439429000127, 32.385309796000058 ], [ 15.19111353500017, 32.385447710000108 ], [ 15.190419232000181, 32.385532533000116 ], [ 15.189500792000047, 32.385652036000124 ], [ 15.189277815000139, 32.385629874000074 ], [ 15.189081701000077, 32.38538061100013 ], [ 15.188613389000068, 32.385335962000113 ], [ 15.188494517000152, 32.385694452999985 ], [ 15.188310543000057, 32.385957226000187 ], [ 15.187949371000173, 32.386141621000036 ], [ 15.187006690999965, 32.386355562000062 ], [ 15.185855790000062, 32.386926712000104 ], [ 15.184482256000081, 32.387456701000133 ], [ 15.183333977000018, 32.387895160000085 ], [ 15.181989212000076, 32.388103268000066 ], [ 15.180037567000113, 32.388492179000025 ], [ 15.176952038000024, 32.388497845000131 ], [ 15.175682278000124, 32.38867107100009 ], [ 15.174326569000129, 32.389039862000118 ], [ 15.17140787000011, 32.39015122700016 ], [ 15.170084745000167, 32.390550869000037 ], [ 15.168696141, 32.390805037000064 ], [ 15.16531652000009, 32.391230053000072 ], [ 15.162410773999966, 32.391813635000062 ], [ 15.161020030000032, 32.392250597000157 ], [ 15.159973062000063, 32.392802094000047 ], [ 15.159701434000169, 32.393162557000096 ], [ 15.159265206000157, 32.393492581000032 ], [ 15.158712217000129, 32.393876974000136 ], [ 15.157959910000159, 32.394314507000047 ], [ 15.15749177500004, 32.394588001999978 ], [ 15.157108219000122, 32.394764604000045 ], [ 15.156720738000104, 32.394727444000182 ], [ 15.154951416000074, 32.395601329000101 ], [ 15.153693197000166, 32.396072525000193 ], [ 15.152770434000104, 32.396285042999978 ], [ 15.151449196000044, 32.396474618000127 ], [ 15.147986674000094, 32.396745707000093 ], [ 15.146484329000032, 32.396954704000052 ], [ 15.14535354200018, 32.397070111000119 ], [ 15.144414604000076, 32.397289518000036 ], [ 15.143593783000142, 32.397651088000146 ], [ 15.142773322000039, 32.398220281000079 ], [ 15.142000459000087, 32.398756445 ], [ 15.140757794000024, 32.399397844000077 ], [ 15.139751402000115, 32.399577528000179 ], [ 15.13875143100006, 32.399485231000085 ], [ 15.138383272000056, 32.399516642000151 ], [ 15.138021282000125, 32.399675371 ], [ 15.136973542000135, 32.400371604000156 ], [ 15.135079680999979, 32.400846670000021 ], [ 15.133541552, 32.400972745000104 ], [ 15.131651124000086, 32.401126290000093 ], [ 15.130732877000071, 32.401310760000058 ], [ 15.129888684000093, 32.401677869000139 ], [ 15.129113416000109, 32.402475157000026 ], [ 15.128016447, 32.402811704000101 ], [ 15.127598471000056, 32.402933976000099 ], [ 15.127092007000101, 32.403082155000163 ], [ 15.12597738300002, 32.403277563000188 ], [ 15.124636149000082, 32.403362744000049 ], [ 15.123958969, 32.403491846000065 ], [ 15.123567623000156, 32.403903596000191 ], [ 15.123378017000107, 32.404256468000085 ], [ 15.123060179999982, 32.404638379000176 ], [ 15.122143234000134, 32.404888916000175 ], [ 15.121244758000046, 32.405152601000054 ], [ 15.120256134000158, 32.40535436000016 ], [ 15.119455525000092, 32.405280560000108 ], [ 15.118785383000045, 32.405069507000121 ], [ 15.11812676, 32.405157061000068 ], [ 15.117535850000138, 32.405545732000178 ], [ 15.117299746000128, 32.405969019000111 ], [ 15.11661259300007, 32.406287452000072 ], [ 15.116119728000058, 32.406331708000039 ], [ 15.115270762000137, 32.406268804000149 ], [ 15.113801017000128, 32.405854386000158 ], [ 15.113371931000131, 32.405901015000154 ], [ 15.112674883000011, 32.406107084999974 ], [ 15.11079272600017, 32.40649091500012 ], [ 15.108172121000166, 32.406707362000191 ], [ 15.107219374000067, 32.407067074000111 ], [ 15.105074448000096, 32.408014295000044 ], [ 15.101864607000152, 32.409470645000113 ], [ 15.100529105000135, 32.410117687000024 ], [ 15.098957271000131, 32.410860510000077 ], [ 15.09737614300002, 32.411248296000053 ], [ 15.097234432000107, 32.411259765000182 ], [ 15.095750185000156, 32.411379877000172 ], [ 15.094007114000078, 32.411509659000046 ], [ 15.090965200000085, 32.411335845000053 ], [ 15.088777347000189, 32.411132321000139 ], [ 15.087188474000072, 32.410824140000102 ], [ 15.083475551999982, 32.410421850000034 ], [ 15.080930146000071, 32.410251050000113 ], [ 15.078704257000027, 32.410613268000077 ], [ 15.07751418600003, 32.410760174000131 ], [ 15.076244587000076, 32.41098838500011 ], [ 15.075758281000162, 32.410980950000123 ], [ 15.075413011000023, 32.410833114000127 ], [ 15.07480828100006, 32.410817878000103 ], [ 15.07406595700013, 32.410955084000079 ], [ 15.07317116400003, 32.410941406000063 ], [ 15.072293383000158, 32.411043521000067 ], [ 15.071747671000139, 32.411084685000105 ], [ 15.071205837999969, 32.410944338000093 ], [ 15.07052783, 32.410801913000114 ], [ 15.069825462000153, 32.410890179000148 ], [ 15.069199842000103, 32.41102916300008 ], [ 15.06875067500016, 32.411104804000047 ], [ 15.068032032000076, 32.411044256000025 ], [ 15.067720448999978, 32.411055982000107 ], [ 15.067139360000112, 32.410931529000038 ], [ 15.066731229000027, 32.410908753000115 ], [ 15.066404690000127, 32.411092691000192 ], [ 15.065992322000113, 32.411446070000068 ], [ 15.065098599000123, 32.41158315500013 ], [ 15.064360155000145, 32.411446396000088 ], [ 15.064064096000038, 32.411391571000081 ], [ 15.063027632000114, 32.411214991 ], [ 15.061413128000083, 32.411190152000188 ], [ 15.059931976000144, 32.411299412000176 ], [ 15.058683888000076, 32.4114287270001 ], [ 15.057376711000188, 32.411590145000162 ], [ 15.056345412000042, 32.411590725000053 ], [ 15.055046389000097, 32.411372623000091 ], [ 15.05464039400016, 32.411250809000137 ], [ 15.054062142000078, 32.41099429500008 ], [ 15.053656148000073, 32.410878946000025 ], [ 15.053052789000162, 32.410879654000098 ], [ 15.051944768000055, 32.410829509000109 ], [ 15.051342116000114, 32.410803693000105 ], [ 15.050453313000048, 32.411417162000134 ], [ 15.049946570000088, 32.411641553000152 ], [ 15.049805010000114, 32.411704228000076 ], [ 15.049414910000166, 32.411747715000047 ], [ 15.049225379, 32.411513688000127 ], [ 15.049175176000062, 32.411133281 ], [ 15.048962981000159, 32.411047465000024 ], [ 15.048709410000072, 32.411076544000025 ], [ 15.048295234000079, 32.411334227000111 ], [ 15.047881777000043, 32.411558897000077 ], [ 15.047354447000146, 32.411649765000107 ], [ 15.046729502, 32.41175561100016 ], [ 15.046304423000095, 32.411616972000161 ], [ 15.045958909000149, 32.411397036000096 ], [ 15.044647242000053, 32.411607573000026 ], [ 15.042261184000154, 32.411946147000151 ], [ 15.040849687000161, 32.412033518000158 ], [ 15.039592326000104, 32.412002594000114 ], [ 15.038886688, 32.41190167100018 ], [ 15.03843255400011, 32.411727644000052 ], [ 15.037287016000164, 32.411026136000146 ], [ 15.036609645000169, 32.410870251000119 ], [ 15.035992664, 32.410839731000067 ], [ 15.035350333000054, 32.410925481000049 ], [ 15.034959469000057, 32.411082915000122 ], [ 15.034819884000115, 32.411256311000045 ], [ 15.034615321, 32.41190824600011 ], [ 15.034346813000184, 32.412091173000022 ], [ 15.033957064000163, 32.412118102000079 ], [ 15.033723290000182, 32.412130968000042 ], [ 15.032523745000162, 32.411815138 ], [ 15.030578796000043, 32.411697831000026 ], [ 15.029687384, 32.41159344800019 ], [ 15.027734711, 32.411921805000077 ], [ 15.025960307000105, 32.412092078000057 ], [ 15.024654180000141, 32.412203646000023 ], [ 15.02359623000018, 32.412533672000166 ], [ 15.022827197000026, 32.41300028400002 ], [ 15.021636771000146, 32.413591793000023 ], [ 15.02108611500006, 32.413889611000172 ], [ 15.020400206000033, 32.414112206000027 ], [ 15.018332277000127, 32.414584043000048 ], [ 15.016570116000025, 32.415401028000076 ], [ 15.015925165000056, 32.41562331199998 ], [ 15.014051886000061, 32.415816575000065 ], [ 15.012873634000073, 32.415770917000032 ], [ 15.01119758800013, 32.415705978000062 ], [ 15.009974125000099, 32.415809726000134 ], [ 15.009181149000028, 32.415959617 ], [ 15.008113876000095, 32.416349080000032 ], [ 15.007282908000093, 32.416845844000079 ], [ 15.00693147100003, 32.417233383000053 ], [ 15.006034119000049, 32.418330996 ], [ 15.005477398999972, 32.419068096999979 ], [ 15.005087266000146, 32.419240995000109 ], [ 15.004826076000029, 32.419195649000073 ], [ 15.004596271000082, 32.419117010000036 ], [ 15.00458116599998, 32.418918691000101 ], [ 15.004548808000152, 32.418621079000161 ], [ 15.004560435000144, 32.418093084000077 ], [ 15.004356992999988, 32.417611197000099 ], [ 15.003947939000113, 32.417024455000046 ], [ 15.00348419900007, 32.416660986000068 ], [ 15.002888341000187, 32.416402837000078 ], [ 15.001372560000107, 32.4160268010001 ], [ 15.000273548000109, 32.415851861000192 ], [ 14.999242367000136, 32.415791291000119 ], [ 14.997407436000117, 32.415966275000017 ], [ 14.995047374000023, 32.416730348000101 ], [ 14.993448665000187, 32.416974639000159 ], [ 14.992695732000186, 32.416943596000181 ], [ 14.992219127000055, 32.416840302000139 ], [ 14.991468283000131, 32.416179963000161 ], [ 14.991136104000077, 32.416043221 ], [ 14.990560934000086, 32.416033463000076 ], [ 14.989202137, 32.416215213000044 ], [ 14.988699496000095, 32.416356422999968 ], [ 14.988365671999986, 32.416554481000048 ], [ 14.988224011999989, 32.416751200000078 ], [ 14.987994034000167, 32.417441187000065 ], [ 14.98734938400014, 32.41787761900008 ], [ 14.986356600000022, 32.418023134000123 ], [ 14.985462729000062, 32.417854650000038 ], [ 14.985282920000031, 32.417820759000165 ], [ 14.984878996000191, 32.417835585000148 ], [ 14.984504518999984, 32.41799138000016 ], [ 14.983363785000108, 32.418707790000099 ], [ 14.98242628700018, 32.419065241000112 ], [ 14.981670818000111, 32.419226762000051 ], [ 14.981015959000047, 32.419209448000061 ], [ 14.980121924000059, 32.418858909000107 ], [ 14.979124428000091, 32.418905657000039 ], [ 14.975597250000135, 32.418999372000087 ], [ 14.971112517000051, 32.418758178000189 ], [ 14.96827565100017, 32.41885277800003 ], [ 14.965774229000147, 32.419109318000153 ], [ 14.962799497000049, 32.419883847000165 ], [ 14.96152283300006, 32.420407877000173 ], [ 14.960659509000038, 32.420724014000143 ], [ 14.960008365000022, 32.421148769000013 ], [ 14.959298181000065, 32.421933103000072 ], [ 14.959178155000075, 32.422260239000138 ], [ 14.959060929000145, 32.422579746000054 ], [ 14.958971948000169, 32.42307346500013 ], [ 14.958519709000143, 32.42328070100001 ], [ 14.957765600000187, 32.423928696000075 ], [ 14.957424483000068, 32.424385315000109 ], [ 14.957298832999982, 32.424779413000067 ], [ 14.957288419, 32.425241407999977 ], [ 14.957653576000155, 32.425445377000074 ], [ 14.957864219000044, 32.425597346000131 ], [ 14.957801378000113, 32.425794395000025 ], [ 14.957527549000076, 32.425855986000045 ], [ 14.957180368000081, 32.425718304000043 ], [ 14.956752389000087, 32.425711372000137 ], [ 14.956479366000167, 32.425919632000159 ], [ 14.955587077000132, 32.426676544000088 ], [ 14.954750137000133, 32.427233480000154 ], [ 14.953782226999977, 32.427701144000139 ], [ 14.952647097000067, 32.428099305000103 ], [ 14.950207173000138, 32.428571701000124 ], [ 14.945992679000142, 32.429051978000132 ], [ 14.942687305000049, 32.429773772000033 ], [ 14.938813198000048, 32.430684239000129 ], [ 14.936482550000107, 32.431369378000056 ], [ 14.93563057700004, 32.431608249000192 ], [ 14.935007611000174, 32.431650336000189 ], [ 14.933052523000072, 32.431557669000085 ], [ 14.930734111999982, 32.432223946000079 ], [ 14.92825216500006, 32.432214769000097 ], [ 14.925687131000132, 32.432644346000188 ], [ 14.924054382000122, 32.433097230000044 ], [ 14.919469231000107, 32.434670929000106 ], [ 14.915413324000156, 32.435437185000069 ], [ 14.914140904000021, 32.435757211000123 ], [ 14.913315695000051, 32.436084382999979 ], [ 14.911596043000031, 32.437027294000131 ], [ 14.910759612000049, 32.437303481000129 ], [ 14.909564580999984, 32.437359589000152 ], [ 14.908146579000118, 32.437209751000012 ], [ 14.907559092000042, 32.437365041000078 ], [ 14.906600436000133, 32.437580180000054 ], [ 14.904722017000097, 32.438011085000085 ], [ 14.903330885000059, 32.438106626999968 ], [ 14.902709955000034, 32.438135781000085 ], [ 14.901782218000108, 32.438179344000048 ], [ 14.900791940000033, 32.437898417000156 ], [ 14.900509063000186, 32.437882340000158 ], [ 14.900307121000026, 32.438023876000159 ], [ 14.900019581000038, 32.438676145000045 ], [ 14.899820965000117, 32.438869337000028 ], [ 14.899505295000097, 32.438914054000065 ], [ 14.898541491000117, 32.439311015000158 ], [ 14.897931063000044, 32.439614420000112 ], [ 14.897208156000033, 32.439734392000105 ], [ 14.896698836000155, 32.439874429000042 ], [ 14.89630819100006, 32.439933932000088 ], [ 14.896015188000092, 32.439978542000063 ], [ 14.89552033200016, 32.440014556 ], [ 14.894444910000175, 32.439943906000053 ], [ 14.893226792000121, 32.439574245000074 ], [ 14.892722092999975, 32.43950417800005 ], [ 14.892351333000079, 32.440181339000048 ], [ 14.891918315000112, 32.440388656000039 ], [ 14.891728359000012, 32.440187417 ], [ 14.891661300000067, 32.439724149000085 ], [ 14.890781560000107, 32.439890967000167 ], [ 14.89058084200019, 32.440151683000067 ], [ 14.89032407100018, 32.440312444000142 ], [ 14.88997731600017, 32.440158084000188 ], [ 14.889514852000104, 32.439960634000158 ], [ 14.888626220000106, 32.439941687000101 ], [ 14.887752031, 32.440434378000134 ], [ 14.887459433000117, 32.440462466000156 ], [ 14.887447286000111, 32.440148667000187 ], [ 14.88731887400013, 32.439729383000156 ], [ 14.886017245000176, 32.439246441000137 ], [ 14.884890919000043, 32.43912444900019 ], [ 14.884420771000066, 32.4392061100001 ], [ 14.883502754000062, 32.43986785900006 ], [ 14.883077435000132, 32.439745167000183 ], [ 14.882061882000187, 32.439893139 ], [ 14.881301169000039, 32.439962869999988 ], [ 14.880067749000148, 32.440272204 ], [ 14.879376493000166, 32.440670923000084 ], [ 14.878865362000056, 32.440716143000088 ], [ 14.878092262, 32.440684556 ], [ 14.877419413000041, 32.440326602000084 ], [ 14.876604289999989, 32.439659407000192 ], [ 14.875975854000046, 32.439428060000182 ], [ 14.875585471000022, 32.4393801760001 ], [ 14.874941472999978, 32.439756647000081 ], [ 14.874673828000141, 32.440379317000065 ], [ 14.874220532000152, 32.44061924500005 ], [ 14.873674624000103, 32.440659542000105 ], [ 14.873033740000153, 32.440599206000059 ], [ 14.872270305000143, 32.44078435900019 ], [ 14.870526536, 32.44111806300009 ], [ 14.868509936000123, 32.441777072000036 ], [ 14.867781124000032, 32.442144358 ], [ 14.867252872000051, 32.442233771000076 ], [ 14.866266662000157, 32.441986649000057 ], [ 14.86517633, 32.44200118200007 ], [ 14.864298874000042, 32.442068816000187 ], [ 14.863320236999982, 32.442299789000174 ], [ 14.862695692000102, 32.442371713000114 ], [ 14.861976982000158, 32.442310002000056 ], [ 14.861181638000062, 32.442197450000151 ], [ 14.860054344000048, 32.442128778000153 ], [ 14.859081556000035, 32.442112237000117 ], [ 14.858580776000167, 32.441889164000031 ], [ 14.857455068000093, 32.441754470000092 ], [ 14.856755814000167, 32.441693055000087 ], [ 14.856026272000179, 32.441268005000097 ], [ 14.855076847000078, 32.441086795 ], [ 14.854307915000049, 32.440935091000085 ], [ 14.853923091000183, 32.440675487000078 ], [ 14.853208813000037, 32.439895661000037 ], [ 14.852867020000076, 32.439732304000131 ], [ 14.852516758000093, 32.43982711700005 ], [ 14.851521137000191, 32.440492377000055 ], [ 14.850807386000042, 32.440645743000118 ], [ 14.850257494000175, 32.440634876 ], [ 14.849771457000031, 32.440457332000051 ], [ 14.849532926999984, 32.440133944000138 ], [ 14.849469592, 32.439522184000111 ], [ 14.849145904000068, 32.439219574000163 ], [ 14.848666585999979, 32.438914287000046 ], [ 14.848187261000021, 32.438609006999968 ], [ 14.847607142000072, 32.438450549000038 ], [ 14.846869042000151, 32.438388403000033 ], [ 14.846092013000032, 32.438325606000092 ], [ 14.845490086999973, 32.438265793000028 ], [ 14.844268733000035, 32.438063331000137 ], [ 14.843014007000136, 32.437629219000087 ], [ 14.841891600000054, 32.437234935000163 ], [ 14.841333229000156, 32.437105270000188 ], [ 14.840747228000055, 32.437194252999973 ], [ 14.839616616000114, 32.437537189000125 ], [ 14.837023118000104, 32.43747692400018 ], [ 14.834316155000067, 32.437545924000062 ], [ 14.832967470000085, 32.437786788000096 ], [ 14.831563580000136, 32.437894666000147 ], [ 14.830420947000164, 32.437816715000167 ], [ 14.829300899000032, 32.438103243000057 ], [ 14.828289251000172, 32.438085801000057 ], [ 14.827162462000103, 32.438000338000165 ], [ 14.826005748000171, 32.437705043000165 ], [ 14.824973201999967, 32.437582920000068 ], [ 14.822536855000124, 32.437842380000063 ], [ 14.819916656000146, 32.437572100000068 ], [ 14.818751201000055, 32.437590607000118 ], [ 14.817525988, 32.437768254000162 ], [ 14.816335602000095, 32.43812726900012 ], [ 14.815691881000078, 32.438553206000051 ], [ 14.815058407000038, 32.439377138000054 ], [ 14.814524703000131, 32.439632905000167 ], [ 14.813993310000114, 32.439427076000072 ], [ 14.813591823000024, 32.4390613650001 ], [ 14.813494084000013, 32.438793883000187 ], [ 14.813441771000043, 32.438078209000139 ], [ 14.812899099999981, 32.437885407000181 ], [ 14.811868106000134, 32.43784288500018 ], [ 14.810933808000129, 32.437867752000045 ], [ 14.810188943000014, 32.438085860000115 ], [ 14.80956040500007, 32.438322495000079 ], [ 14.808761186000083, 32.438374611000143 ], [ 14.808059211, 32.438428417000125 ], [ 14.807245727000065, 32.438265699000169 ], [ 14.806796988000144, 32.438186852000115 ], [ 14.806328921000045, 32.438205419000155 ], [ 14.805553186000054, 32.438236217000053 ], [ 14.804500267000094, 32.438316888000088 ], [ 14.802985611000167, 32.43817492200003 ], [ 14.799755639000068, 32.437678033000054 ], [ 14.79331705900006, 32.437018009000155 ], [ 14.791585732000101, 32.436899337000114 ], [ 14.790333369000109, 32.43681347200004 ], [ 14.785034922000023, 32.436837112000035 ], [ 14.779155826000135, 32.436898596000105 ], [ 14.772498584000175, 32.43694602100004 ], [ 14.765131674000088, 32.43736012100004 ], [ 14.760177361000046, 32.437800221000032 ], [ 14.757191557000112, 32.438126673000056 ], [ 14.755195398000069, 32.438569720000032 ], [ 14.752628416000107, 32.439071254000112 ], [ 14.748126227, 32.44030847800019 ], [ 14.746281930000123, 32.440902652000148 ], [ 14.744019206000132, 32.441620794000073 ], [ 14.74283555500017, 32.441663916000039 ], [ 14.741462434000141, 32.44171391600014 ], [ 14.739692513000136, 32.442121363000183 ], [ 14.738217356000064, 32.442738550000172 ], [ 14.736810858000183, 32.442944310000144 ], [ 14.735372104000191, 32.443661158000111 ], [ 14.73160333300018, 32.444930152000154 ], [ 14.728381263000017, 32.446126375000063 ], [ 14.720651102000033, 32.448037892000059 ], [ 14.717744444000061, 32.44892715800006 ], [ 14.715572636000104, 32.450037156000064 ], [ 14.714452406000134, 32.450462431000176 ], [ 14.71333756000007, 32.451255282000147 ], [ 14.712398556000039, 32.451629936000074 ], [ 14.710624319000033, 32.451746217 ], [ 14.709889384000064, 32.451867781000146 ], [ 14.708441042000118, 32.451871524000182 ], [ 14.707892105000099, 32.452026576000037 ], [ 14.707417201000055, 32.45233150700011 ], [ 14.706794314000149, 32.452657275999968 ], [ 14.704679755000086, 32.453585446000034 ], [ 14.703166956000018, 32.454135499000188 ], [ 14.702109589000031, 32.454380265000168 ], [ 14.701099537000118, 32.454295804000026 ], [ 14.700277564999965, 32.454412454000078 ], [ 14.699431622000077, 32.454571526000109 ], [ 14.698569931000065, 32.455025280000143 ], [ 14.697521102000053, 32.45569927300005 ], [ 14.695763772000134, 32.456648491000067 ], [ 14.694957905000024, 32.457129547000079 ], [ 14.693825911000147, 32.457609882000156 ], [ 14.691733488000125, 32.458233918000076 ], [ 14.690666373, 32.458857998000042 ], [ 14.689257608000048, 32.45938170400018 ], [ 14.688431828000148, 32.459858667000105 ], [ 14.687909152000032, 32.460299667000186 ], [ 14.686957525000082, 32.461102593000192 ], [ 14.685300314000017, 32.462029655000151 ], [ 14.684195666000107, 32.462860342000056 ], [ 14.682825988000104, 32.46421240900014 ], [ 14.681318767, 32.466186055000151 ], [ 14.680633253000167, 32.466934195000078 ], [ 14.6792702300001, 32.468024471000035 ], [ 14.677360260000114, 32.469244599000092 ], [ 14.675524937000091, 32.470217607000166 ], [ 14.673380453000107, 32.471159497000087 ], [ 14.668915429000151, 32.47255446500003 ], [ 14.666417551000052, 32.473576373000071 ], [ 14.664278315000161, 32.474874880000129 ], [ 14.661520464000148, 32.476956847000167 ], [ 14.659055640000133, 32.478309787000171 ], [ 14.656073395000021, 32.479937668000161 ], [ 14.654213628000093, 32.481074777000174 ], [ 14.652489004000188, 32.481504723000057 ], [ 14.649217192000037, 32.483027993000121 ], [ 14.646426098000177, 32.484032051000042 ], [ 14.644176714000082, 32.484921502000191 ], [ 14.641601681000054, 32.485372556000073 ], [ 14.640980201000161, 32.485608821000142 ], [ 14.64071347600003, 32.485739358000046 ], [ 14.639015218000054, 32.486570400000062 ], [ 14.638245819000076, 32.486750031000042 ], [ 14.63574759200003, 32.487104883000143 ], [ 14.632749268000111, 32.488248847000079 ], [ 14.631020917000171, 32.488494191000143 ], [ 14.627591221999978, 32.488579091000076 ], [ 14.624787771000115, 32.488932326000054 ], [ 14.620603229000096, 32.489759811000056 ], [ 14.620008724000058, 32.489956816000074 ], [ 14.618812191000075, 32.490549802000146 ], [ 14.618246176000014, 32.490745619000108 ], [ 14.616627472000062, 32.490803850000191 ], [ 14.615610237000169, 32.491016873000149 ], [ 14.614754593000043, 32.491384328000095 ], [ 14.614073707000045, 32.491864148000161 ], [ 14.613227521, 32.493221851000158 ], [ 14.612678407000033, 32.493837983000162 ], [ 14.612248153000166, 32.494176031000052 ], [ 14.61176133500004, 32.49439445500019 ], [ 14.611202005000109, 32.494538202000115 ], [ 14.609645122000188, 32.494482781000045 ], [ 14.60875272800007, 32.494577897000113 ], [ 14.608204677000117, 32.49472547400012 ], [ 14.607735848000118, 32.494982445000176 ], [ 14.607392416000096, 32.495281062000117 ], [ 14.607251465000104, 32.495673710000062 ], [ 14.607103362000032, 32.496086208000122 ], [ 14.606926243000032, 32.496321456000032 ], [ 14.606486521000022, 32.49658922600014 ], [ 14.605823131000022, 32.496813137000117 ], [ 14.60451317400009, 32.496905904000073 ], [ 14.60313645500014, 32.496681649000095 ], [ 14.602058878000094, 32.496560244000079 ], [ 14.601360195000098, 32.496103158999972 ], [ 14.60051783900019, 32.495955449 ], [ 14.600025435000134, 32.496007873999986 ], [ 14.599603701000035, 32.496156595000173 ], [ 14.599409556000069, 32.496319729000163 ], [ 14.598967607000191, 32.496734152000045 ], [ 14.598628376000079, 32.497041251000155 ], [ 14.59818068400017, 32.497205432000158 ], [ 14.597394683000061, 32.497298241000124 ], [ 14.596793031, 32.497220743000071 ], [ 14.595900286000131, 32.497104335000074 ], [ 14.595194770000035, 32.497272704000011 ], [ 14.593876482000042, 32.497049447000109 ], [ 14.592866531000027, 32.496947607000038 ], [ 14.591799527000035, 32.496795152000118 ], [ 14.589890504000095, 32.496830330000193 ], [ 14.585282155000073, 32.497041159000162 ], [ 14.584413700000084, 32.496967152000138 ], [ 14.582483514999979, 32.49664170900013 ], [ 14.581194930000038, 32.496608438000123 ], [ 14.579766532000178, 32.4971134970001 ], [ 14.578439336000145, 32.497049006000168 ], [ 14.577491015000078, 32.497300877000157 ], [ 14.57723656200011, 32.497509589000174 ], [ 14.576819265000097, 32.498158498000123 ], [ 14.576584577000062, 32.498385812000095 ], [ 14.576288609000073, 32.498494997000194 ], [ 14.575245291999977, 32.498653263000108 ], [ 14.575029402999974, 32.498826645000065 ], [ 14.574578987, 32.499536872000135 ], [ 14.574093729000026, 32.499622831000067 ], [ 14.573699743000077, 32.499692602000039 ], [ 14.573457474000065, 32.50007987000015 ], [ 14.57362339000008, 32.500487133000149 ], [ 14.573599606000073, 32.500610233000032 ], [ 14.573306367000043, 32.500784462000183 ], [ 14.572826302000067, 32.500875088000043 ], [ 14.572318528000153, 32.500793106000174 ], [ 14.572024915999975, 32.500614001000031 ], [ 14.572079483000152, 32.500440746000152 ], [ 14.572524079000175, 32.499928006000175 ], [ 14.572593886000163, 32.499685045000035 ], [ 14.572540347000086, 32.499322917000143 ], [ 14.572166698, 32.49910567600017 ], [ 14.571830404000082, 32.499123661000169 ], [ 14.570831468, 32.499402136000185 ], [ 14.569462347000126, 32.49929276 ], [ 14.568150610000089, 32.498959091000017 ], [ 14.566809047000163, 32.498242300000129 ], [ 14.565964661000123, 32.498044513000025 ], [ 14.564474238000173, 32.498228098000027 ], [ 14.562481590000118, 32.498899482000184 ], [ 14.561632517000135, 32.499051093 ], [ 14.560511976000043, 32.498945468000045 ], [ 14.559733549000043, 32.498353446000124 ], [ 14.558866181000042, 32.498355195000158 ], [ 14.558249941000042, 32.498517372000151 ], [ 14.556850165000071, 32.499149448000082 ], [ 14.556095782000057, 32.499381877000189 ], [ 14.555817274000105, 32.499467686000116 ], [ 14.555286835, 32.499638919000176 ], [ 14.554697556, 32.499825504000057 ], [ 14.554203346000179, 32.5000964460001 ], [ 14.55338004400005, 32.500294982000185 ], [ 14.55237618200016, 32.500688031000095 ], [ 14.55166206500013, 32.50116922 ], [ 14.550839629000109, 32.501334753000151 ], [ 14.549996382000074, 32.501549369000145 ], [ 14.548701885000185, 32.501887216000114 ], [ 14.546684036999977, 32.50232646 ], [ 14.544841361000124, 32.502769096000065 ], [ 14.543570319000139, 32.502958814000124 ], [ 14.543172494000146, 32.503175712000143 ], [ 14.542898190000187, 32.503325259000178 ], [ 14.542259007000155, 32.503197242000113 ], [ 14.541254464000076, 32.502897057000098 ], [ 14.540748391000022, 32.502887156000043 ], [ 14.539709572000163, 32.503130888000157 ], [ 14.539167034000059, 32.503039303000151 ], [ 14.538192678000087, 32.503051697999979 ], [ 14.537369753000121, 32.503233620000117 ], [ 14.536474012000156, 32.503430730000105 ], [ 14.535152584000059, 32.503532704000179 ], [ 14.534309762000134, 32.50332218300008 ], [ 14.533535279000091, 32.503429581000091 ], [ 14.533371397000053, 32.503452316000107 ], [ 14.532626334000099, 32.503635745999986 ], [ 14.531905689999974, 32.50363809300012 ], [ 14.531400046000101, 32.503611679000073 ], [ 14.530878112000039, 32.503469396000071 ], [ 14.530299588000162, 32.503259988000025 ], [ 14.529458545000125, 32.503392001000179 ], [ 14.528872803000127, 32.503446502000145 ], [ 14.528337775000125, 32.503782557000136 ], [ 14.527925413999981, 32.503906473000086 ], [ 14.527654267000059, 32.503851634000114 ], [ 14.527308856000161, 32.503663311000082 ], [ 14.526688252000156, 32.503568588000121 ], [ 14.52621884500013, 32.503641868000159 ], [ 14.525935488000187, 32.504032370000118 ], [ 14.525582860000156, 32.504107957000087 ], [ 14.52511868400012, 32.504040561000181 ], [ 14.522745100000179, 32.504613188000064 ], [ 14.521422403000088, 32.504554121000069 ], [ 14.520348668000167, 32.504648469000017 ], [ 14.518333222000024, 32.504903735000028 ], [ 14.517316540000081, 32.505066370000065 ], [ 14.51401305800016, 32.505151362000163 ], [ 14.511406106000095, 32.505447623000066 ], [ 14.509637474000101, 32.505648587 ], [ 14.505564490000097, 32.506055259000107 ], [ 14.501977698000132, 32.506460435000065 ], [ 14.497256089000189, 32.507106382000131 ], [ 14.493474179000088, 32.507824784000036 ], [ 14.487722222000173, 32.509297461000131 ], [ 14.482139779000022, 32.510645265000107 ], [ 14.4808729720001, 32.511081077000085 ], [ 14.477990307000084, 32.512072741000054 ], [ 14.474671889000149, 32.512953491000133 ], [ 14.471418879000112, 32.514193948000184 ], [ 14.469091984000045, 32.515273705000084 ], [ 14.467863406000163, 32.515887795000083 ], [ 14.467264142000147, 32.516345479999984 ], [ 14.466671313, 32.517108588999974 ], [ 14.46624987000007, 32.518038161000163 ], [ 14.465142741000022, 32.518886686000144 ], [ 14.463941209000097, 32.519481536000114 ], [ 14.460765404000142, 32.520654987000171 ], [ 14.456089959999986, 32.523044638000101 ], [ 14.451451546999976, 32.525714099000083 ], [ 14.449640268000167, 32.526986323000187 ], [ 14.448022063999986, 32.528286369000057 ], [ 14.446336316000156, 32.529858434000062 ], [ 14.446207529000048, 32.530018665000057 ], [ 14.445271366000156, 32.531183435000173 ], [ 14.444367523000039, 32.533067646000177 ], [ 14.443682763000083, 32.534833196000079 ], [ 14.443271195000136, 32.536271929000179 ], [ 14.443206279000094, 32.537598825000032 ], [ 14.443438940000078, 32.538932441000043 ], [ 14.444007673000101, 32.540454120999982 ], [ 14.444187481000085, 32.541232126000182 ], [ 14.444210018999968, 32.541753926000183 ], [ 14.444053727000039, 32.542271311999968 ], [ 14.443809958000031, 32.542559526000048 ], [ 14.44342262300006, 32.542845212000032 ], [ 14.4425110950001, 32.543189353000173 ], [ 14.441875604000188, 32.543301950000171 ], [ 14.44019132000011, 32.543408242999988 ], [ 14.438813572000129, 32.543769686000132 ], [ 14.437629998000091, 32.544442494000066 ], [ 14.43660787400006, 32.545270111000036 ], [ 14.436014808000039, 32.545902439000145 ], [ 14.435670570000184, 32.546408604000192 ], [ 14.435440963000076, 32.547034966000126 ], [ 14.435372179000069, 32.547642497000027 ], [ 14.435451971000077, 32.548261789000151 ], [ 14.435632257000123, 32.54867393100011 ], [ 14.435842205000085, 32.548854770000105 ], [ 14.436572893000118, 32.549126344000172 ], [ 14.43672867000015, 32.549348606000081 ], [ 14.436738903, 32.549523005000026 ], [ 14.436544943000115, 32.54972430700019 ], [ 14.435562569000183, 32.550292297000112 ], [ 14.43442885200011, 32.551741519000075 ], [ 14.433911638000097, 32.552212806999989 ], [ 14.433121264000079, 32.552632899000116 ], [ 14.431935331000091, 32.553070509000122 ], [ 14.42941404100003, 32.553585113000054 ], [ 14.427505270000097, 32.554180664000057 ], [ 14.425822498000116, 32.554850662000035 ], [ 14.423525163000022, 32.555908344000159 ], [ 14.421351192000031, 32.557024148000096 ], [ 14.419144382000013, 32.558287265000104 ], [ 14.418984789000092, 32.558398730000135 ], [ 14.415596210999979, 32.560765288000027 ], [ 14.414156472000172, 32.561625906000188 ], [ 14.409761285000059, 32.563519291000091 ], [ 14.406737410000062, 32.565180355000052 ], [ 14.404514787999972, 32.565932097000086 ], [ 14.403415733000088, 32.566623570000161 ], [ 14.401924176000023, 32.566883068000152 ], [ 14.401592823999977, 32.56711193600006 ], [ 14.400582076000035, 32.568082196000034 ], [ 14.398819903000174, 32.568793646000131 ], [ 14.39830598400016, 32.569076844000108 ], [ 14.397467594000091, 32.56993449600003 ], [ 14.397068456999989, 32.570143857 ], [ 14.39671651000009, 32.570290174000149 ], [ 14.395380507000141, 32.570690453000111 ], [ 14.395000126000014, 32.570950371000151 ], [ 14.394161817000054, 32.571793002000163 ], [ 14.392964542000186, 32.572480849000101 ], [ 14.392122981000114, 32.572822132 ], [ 14.390418121999971, 32.573317121000059 ], [ 14.389980485000081, 32.573444183000049 ], [ 14.388945702, 32.573836181000161 ], [ 14.387111295000011, 32.574688500000093 ], [ 14.384830338000029, 32.576124088000029 ], [ 14.381354026000167, 32.578163907000146 ], [ 14.377515131000052, 32.580708148000042 ], [ 14.375142555000025, 32.58222038800011 ], [ 14.374199877000024, 32.582917575000181 ], [ 14.371995543000082, 32.585025105000113 ], [ 14.368413826000108, 32.587637938 ], [ 14.367586195000115, 32.588149484000098 ], [ 14.366297655000096, 32.588945898000077 ], [ 14.359850447000042, 32.5927171350001 ], [ 14.358875782000155, 32.593323308000038 ], [ 14.356117570000038, 32.595038718000069 ], [ 14.353095014000075, 32.597226292000073 ], [ 14.350315717000058, 32.599508197000091 ], [ 14.346681324000144, 32.602887717000158 ], [ 14.344691252000189, 32.604738075000114 ], [ 14.342557057000079, 32.606843565000077 ], [ 14.340603012000145, 32.608991231000118 ], [ 14.339419396000039, 32.610655936000114 ], [ 14.339068069000064, 32.611294846000021 ], [ 14.338851359000046, 32.612080552 ], [ 14.338756735000061, 32.612973611000143 ], [ 14.338806677000093, 32.61387104500011 ], [ 14.339265863000037, 32.615168866000147 ], [ 14.339342853000062, 32.615604697000038 ], [ 14.339240088000167, 32.616436940000085 ], [ 14.33893356100009, 32.61721007400007 ], [ 14.338358962000086, 32.617882337000026 ], [ 14.337120969000068, 32.618825467000079 ], [ 14.334466868999982, 32.620574363000173 ], [ 14.333433139000078, 32.621256479000124 ], [ 14.332608015000062, 32.622045432000107 ], [ 14.33216835800016, 32.622484450000059 ], [ 14.332024687000114, 32.622627911000109 ], [ 14.331824688000154, 32.623103397000193 ], [ 14.331885205999981, 32.623463821000144 ], [ 14.332306144000029, 32.624061632000121 ], [ 14.332372010000142, 32.624351915000091 ], [ 14.332676030000073, 32.62455849100013 ], [ 14.332915937000109, 32.62437883900003 ], [ 14.332937401000095, 32.624615230000131 ], [ 14.332536629000174, 32.62481844500013 ], [ 14.331832804000101, 32.624773975000039 ], [ 14.331265077000126, 32.625498854000057 ], [ 14.33099287400006, 32.626005140000188 ], [ 14.330441950000136, 32.627037398000141 ], [ 14.330269237000152, 32.62744909200012 ], [ 14.330619899000055, 32.627866190000191 ], [ 14.332185443000071, 32.630165327000043 ], [ 14.333244312000033, 32.631698397999969 ], [ 14.334563189000164, 32.63364662400005 ], [ 14.338157342000102, 32.638971496000124 ], [ 14.33849453400012, 32.638825027000166 ], [ 14.338581838000039, 32.638942093000082 ], [ 14.337797440000145, 32.639373505000094 ], [ 14.337664763000078, 32.639255477000063 ], [ 14.338079853000181, 32.639033864000112 ], [ 14.337224927000136, 32.637761179000051 ], [ 14.336006066999971, 32.636007121000091 ], [ 14.335600937000038, 32.635384045000023 ], [ 14.334773656000095, 32.634201562000158 ], [ 14.334134987000084, 32.633291896 ], [ 14.333440771000028, 32.632214630000078 ], [ 14.332627532000117, 32.631070822000083 ], [ 14.331569089000027, 32.629524950000075 ], [ 14.330566193000038, 32.628146674000106 ], [ 14.330076729000041, 32.627517184000055 ], [ 14.329841870000052, 32.627825735000101 ], [ 14.329313730000024, 32.628294796000091 ], [ 14.328420866000044, 32.628722518000131 ], [ 14.327511209000022, 32.628961343000071 ], [ 14.325907479000023, 32.629223920000072 ], [ 14.322711410000181, 32.62980944200018 ], [ 14.319735621000063, 32.630337945000122 ], [ 14.317528338000159, 32.630906055000082 ], [ 14.315235815999984, 32.632207962000052 ], [ 14.313102062000041, 32.633165048000023 ], [ 14.312099753000155, 32.633424666000167 ], [ 14.309134176000157, 32.633926420000137 ], [ 14.305697348000024, 32.635204859000112 ], [ 14.303773736000039, 32.635635230000105 ], [ 14.303137485000036, 32.635845877000065 ], [ 14.302070354000136, 32.636471864000043 ], [ 14.301591249000182, 32.63692047700016 ], [ 14.301385385, 32.637230074000115 ], [ 14.301509420000059, 32.6381983120001 ], [ 14.30089673100008, 32.638839349000079 ], [ 14.300768477000133, 32.639312304000043 ], [ 14.300827513000058, 32.639669385000047 ], [ 14.300984176000156, 32.639929763000112 ], [ 14.301769628000102, 32.640183080000156 ], [ 14.301660092000077, 32.640378983000119 ], [ 14.301357629000051, 32.640593212000169 ], [ 14.301011897000024, 32.640586080000105 ], [ 14.299891453000043, 32.640216173000169 ], [ 14.299020448000022, 32.640356925000106 ], [ 14.298532797000064, 32.640435717 ], [ 14.298115103000157, 32.640440903000126 ], [ 14.297003593, 32.640029466000101 ], [ 14.296466167000119, 32.639950853000073 ], [ 14.294611652000071, 32.64009369200005 ], [ 14.293439085000159, 32.640261265000163 ], [ 14.291080307000016, 32.640830586000106 ], [ 14.287204603000134, 32.642072881000104 ], [ 14.284764206000148, 32.642972861000146 ], [ 14.282308812000167, 32.644037842000103 ], [ 14.279665271000056, 32.645358649000059 ], [ 14.277155779000054, 32.646850905000065 ], [ 14.275457616000153, 32.64813810000004 ], [ 14.274249948000033, 32.649481448000188 ], [ 14.274129095000092, 32.649615882000091 ], [ 14.273499169, 32.650495288000059 ], [ 14.273079411000083, 32.651243088000115 ], [ 14.272653003000187, 32.652282010000079 ], [ 14.272519495000154, 32.653049823000117 ], [ 14.272585526000171, 32.653728672000057 ], [ 14.272886613000139, 32.654262539000115 ], [ 14.273375231000045, 32.654637484000091 ], [ 14.273994756000093, 32.654738155000189 ], [ 14.274073550000026, 32.654816279000102 ], [ 14.273536405000073, 32.655295530000046 ], [ 14.273098418000188, 32.656138368000143 ], [ 14.272021198, 32.656695882000065 ], [ 14.27195962899998, 32.656872576000126 ], [ 14.272025545000133, 32.657391996000115 ], [ 14.271762157000182, 32.657734672000061 ], [ 14.271457933000079, 32.657846535000147 ], [ 14.270901977000051, 32.657899278000173 ], [ 14.269690060000073, 32.657771863 ], [ 14.268144193000126, 32.658196719000159 ], [ 14.267375972000082, 32.658174958000075 ], [ 14.266525394000041, 32.658076171000175 ], [ 14.26549729300018, 32.658291395 ], [ 14.264638229000127, 32.658586420000177 ], [ 14.264055315000064, 32.658786618000022 ], [ 14.26314855600009, 32.659104303000106 ], [ 14.261505084000135, 32.65962063000012 ], [ 14.259625958000129, 32.660680265000167 ], [ 14.258879041000057, 32.66111164300014 ], [ 14.258330658000034, 32.661343850000094 ], [ 14.257509636000179, 32.661446754000053 ], [ 14.257466916000169, 32.661458691000064 ], [ 14.257114141000045, 32.661557377000065 ], [ 14.256710838000117, 32.661898023000163 ], [ 14.25655910200004, 32.66239116600002 ], [ 14.256010381000181, 32.662483576000056 ], [ 14.255470577000096, 32.662827894000088 ], [ 14.254442479000147, 32.663405702000148 ], [ 14.254060492000065, 32.663702596000178 ], [ 14.253317520000053, 32.663619702000062 ], [ 14.252990371000067, 32.663737812000079 ], [ 14.252729918999989, 32.664102645000185 ], [ 14.252740085000141, 32.664624888000105 ], [ 14.25266419999997, 32.664801219000026 ], [ 14.252111268000078, 32.665165002000037 ], [ 14.251650402000109, 32.665804875000163 ], [ 14.251574426000047, 32.665818127000193 ], [ 14.251069967000149, 32.665906086000064 ], [ 14.25072611100012, 32.666089480000153 ], [ 14.250429025000074, 32.666276006000146 ], [ 14.249335109000128, 32.667953917000148 ], [ 14.248805441, 32.669142932 ], [ 14.248216760000048, 32.670686773000114 ], [ 14.248004492000064, 32.671432644000106 ], [ 14.247954655000115, 32.671779911000158 ], [ 14.248441472000025, 32.672380748000023 ], [ 14.249301482000135, 32.673366222000027 ], [ 14.250916893000124, 32.675233662000039 ], [ 14.252807551000046, 32.677472389000059 ], [ 14.253424245000076, 32.678198125000051 ], [ 14.254666790000101, 32.67966001200017 ], [ 14.255745723000132, 32.680965667000066 ], [ 14.256419112000174, 32.681763881000052 ], [ 14.257069098000102, 32.682541228000161 ], [ 14.257388954000135, 32.683097663000069 ], [ 14.262706301000151, 32.681457135000073 ], [ 14.263031832000024, 32.681482641000059 ], [ 14.263200142000073, 32.681670292000035 ], [ 14.259664274999977, 32.685338033 ], [ 14.255176166000183, 32.688025191000122 ], [ 14.252582281000059, 32.689614255000151 ], [ 14.249850815000173, 32.691189194000174 ], [ 14.24700543300014, 32.692093422000028 ], [ 14.244652940000094, 32.69285268800013 ], [ 14.243057948000057, 32.693291812000041 ], [ 14.242095376, 32.693364053999971 ], [ 14.241255454000168, 32.693263823000166 ], [ 14.239872724000122, 32.692920653000158 ], [ 14.237563799000156, 32.692293434000078 ], [ 14.236519891000114, 32.692031769000153 ], [ 14.235638624000103, 32.691903847000049 ], [ 14.234803646000103, 32.691939671000171 ], [ 14.233115492000081, 32.692184466000072 ], [ 14.23208175700006, 32.692540431000168 ], [ 14.23131572900013, 32.692719684000167 ], [ 14.230841043000112, 32.692720050000162 ], [ 14.230352859, 32.692741806000186 ], [ 14.229624203000128, 32.693072849000146 ], [ 14.229387397999972, 32.693262884000148 ], [ 14.228763982000089, 32.693509465000034 ], [ 14.228036651000025, 32.693797127000039 ], [ 14.227279287999977, 32.694225159000098 ], [ 14.22647436, 32.694532792000075 ], [ 14.225735435000047, 32.695163493000109 ], [ 14.225325434000183, 32.695424685000035 ], [ 14.223975895000137, 32.695740545000092 ], [ 14.22314902700009, 32.696270813000069 ], [ 14.223028278000186, 32.696441719000177 ], [ 14.222807297000088, 32.696534452000151 ], [ 14.222523557000045, 32.696582407999983 ], [ 14.222085978000166, 32.696626947000027 ], [ 14.221678292000036, 32.696650654000166 ], [ 14.220882341000163, 32.697038524000106 ], [ 14.220480320000036, 32.697069424000176 ], [ 14.219846327000027, 32.69700106 ], [ 14.21843958300019, 32.696574722999969 ], [ 14.217414084000154, 32.696509148000189 ], [ 14.213174228000184, 32.696884746000137 ], [ 14.211808473000076, 32.697071322000113 ], [ 14.211045978000129, 32.697249634000173 ], [ 14.209987247000186, 32.697464732000185 ], [ 14.20913265500019, 32.697716900999978 ], [ 14.208538152000131, 32.697855541000081 ], [ 14.208442544000036, 32.697914568000101 ], [ 14.208080309000138, 32.698138245000052 ], [ 14.207217925, 32.698639743000172 ], [ 14.206087953000122, 32.699081030000173 ], [ 14.204609764000168, 32.699991858000033 ], [ 14.204406966000079, 32.700323612000091 ], [ 14.204310803, 32.700527593 ], [ 14.204074927000022, 32.700685047000093 ], [ 14.203684545000044, 32.700860769000087 ], [ 14.203200376000041, 32.701185714000019 ], [ 14.202700221000157, 32.701566158000048 ], [ 14.201829531000044, 32.702025766000077 ], [ 14.200184019000176, 32.702701723000132 ], [ 14.195713772000033, 32.704099784999983 ], [ 14.192870307000021, 32.705300726000189 ], [ 14.191663374000086, 32.705686548000131 ], [ 14.19090304000008, 32.705857935000154 ], [ 14.190259995000076, 32.705934576 ], [ 14.189391031000127, 32.705856924000159 ], [ 14.188523029000066, 32.705779346000156 ], [ 14.187978313000087, 32.705835732000025 ], [ 14.187589579000075, 32.705957188000127 ], [ 14.185324649999984, 32.706578916000069 ], [ 14.183995826, 32.706809419000024 ], [ 14.182836070000178, 32.706967761000158 ], [ 14.181319204999966, 32.707465214000024 ], [ 14.180157912000084, 32.708079118000171 ], [ 14.179435650000187, 32.70860526700011 ], [ 14.178068157000098, 32.709815391000063 ], [ 14.176932062000162, 32.710637814000165 ], [ 14.176938813000106, 32.710881372000074 ], [ 14.176907699000026, 32.71105423400013 ], [ 14.176735549000171, 32.711223929000084 ], [ 14.176515517000041, 32.711284055000078 ], [ 14.176204019000068, 32.711396363000119 ], [ 14.175884813000096, 32.711345769000047 ], [ 14.175415885, 32.711413919000165 ], [ 14.174666178999985, 32.711741371000073 ], [ 14.174353314000143, 32.711897037000142 ], [ 14.174085082000147, 32.711858445000189 ], [ 14.173835059000169, 32.71144150900011 ], [ 14.173490434000144, 32.711361922000037 ], [ 14.17280104300005, 32.711328034000076 ], [ 14.172305503000075, 32.711398604000067 ], [ 14.171835851000139, 32.7115690440001 ], [ 14.171511474, 32.71182793600002 ], [ 14.171077244000116, 32.712430605000065 ], [ 14.170863866000047, 32.712686149999968 ], [ 14.170682289000069, 32.71274713400004 ], [ 14.17044038, 32.712687425000183 ], [ 14.170289942000181, 32.712575555000171 ], [ 14.170342567000034, 32.712329928000031 ], [ 14.170336789999965, 32.711492934000034 ], [ 14.170138831000031, 32.711413556000025 ], [ 14.169507224000085, 32.71138363100016 ], [ 14.16931130200004, 32.71129769300012 ], [ 14.169131276000087, 32.711051258000055 ], [ 14.168853726, 32.710335402000169 ], [ 14.168556662000128, 32.710171535000029 ], [ 14.168121059000043, 32.710150843000122 ], [ 14.167717100000118, 32.71030039600015 ], [ 14.167462677000117, 32.710276995000072 ], [ 14.167322054000124, 32.710129248000158 ], [ 14.16693833700009, 32.710221739000076 ], [ 14.16646082699998, 32.710308580000117 ], [ 14.166049142000134, 32.710342663000176 ], [ 14.165593107000177, 32.710357969000029 ], [ 14.163571929000057, 32.710179734000064 ], [ 14.162737758000048, 32.710371921999979 ], [ 14.161984843000027, 32.710729744000105 ], [ 14.161810541000023, 32.710928970000111 ], [ 14.16161467400002, 32.711606411999981 ], [ 14.161470929000131, 32.711756420000142 ], [ 14.161261024999988, 32.711696685000106 ], [ 14.161075185000072, 32.711412489000054 ], [ 14.160679898000126, 32.711298789000068 ], [ 14.160372361000043, 32.711320631999968 ], [ 14.160047355000131, 32.711454294000191 ], [ 14.15977051700014, 32.711686676000056 ], [ 14.159447207000028, 32.711766119000174 ], [ 14.159111770000095, 32.711823611000113 ], [ 14.158661271000028, 32.711867644000108 ], [ 14.158438811999986, 32.712003611000114 ], [ 14.158216714000105, 32.712128758000063 ], [ 14.158024305000083, 32.712056346000111 ], [ 14.157829206000031, 32.71180537000015 ], [ 14.157250907000048, 32.71160055200005 ], [ 14.15673370200011, 32.711552709999978 ], [ 14.156077706000019, 32.711602921000178 ], [ 14.155402700000138, 32.711847957000032 ], [ 14.154868015000034, 32.712117846000069 ], [ 14.154562430000055, 32.712447194000106 ], [ 14.154468579000024, 32.712619277000044 ], [ 14.154467243000113, 32.713019976000055 ], [ 14.154675922000024, 32.71331761 ], [ 14.15487935900012, 32.713376468000092 ], [ 14.155034095000133, 32.713477077000164 ], [ 14.155063776000191, 32.713630153000054 ], [ 14.15489919100014, 32.713762027000087 ], [ 14.154668780000179, 32.713946624000187 ], [ 14.154208352000069, 32.714074004000054 ], [ 14.15374389100009, 32.714203243000043 ], [ 14.153311386000098, 32.714262929000142 ], [ 14.152889652000056, 32.714248371 ], [ 14.152580504000071, 32.714246324000101 ], [ 14.152414064000141, 32.714138143000127 ], [ 14.15241525100015, 32.714017237000064 ], [ 14.152603315000079, 32.713807443000121 ], [ 14.152786971000182, 32.713602570000148 ], [ 14.152784392000058, 32.713293477000036 ], [ 14.152512549, 32.712793659999988 ], [ 14.151950789000068, 32.712394309999979 ], [ 14.151465180000116, 32.71220911600011 ], [ 14.150906229000157, 32.712116785000035 ], [ 14.150437460000035, 32.712135203000173 ], [ 14.149913075000029, 32.71225704 ], [ 14.149275859999989, 32.712446366000052 ], [ 14.148790425000072, 32.712747078000064 ], [ 14.148486152000032, 32.713068417000102 ], [ 14.148248689000184, 32.713412153000093 ], [ 14.148262399000089, 32.713732708000066 ], [ 14.148616607000065, 32.71421041200017 ], [ 14.14899713900013, 32.71434925200009 ], [ 14.149054353000054, 32.714567509000119 ], [ 14.148870007000085, 32.714715195999986 ], [ 14.148669940000161, 32.714855938000085 ], [ 14.147898658000088, 32.714996822000046 ], [ 14.146481261000133, 32.715181505000146 ], [ 14.144272304000083, 32.715239658000087 ], [ 14.142121372000076, 32.715361962000031 ], [ 14.140595701000052, 32.715448696000124 ], [ 14.140239092000115, 32.715364625000177 ], [ 14.139700890000029, 32.715341493000039 ], [ 14.139405976000148, 32.715334757000051 ], [ 14.13920147400006, 32.715185006000183 ], [ 14.138948170999981, 32.715204977000099 ], [ 14.138776635, 32.715352931000098 ], [ 14.13846854000019, 32.715356739000072 ], [ 14.138125830000092, 32.715281466000135 ], [ 14.137815628000169, 32.715309285000046 ], [ 14.137644775000183, 32.715435555 ], [ 14.13748565800006, 32.715557579000176 ], [ 14.137229948000027, 32.715567105000048 ], [ 14.13705285900005, 32.715487126000085 ], [ 14.137042829000109, 32.715358410000135 ], [ 14.137143664000178, 32.715055288000087 ], [ 14.13711525400015, 32.714779767000095 ], [ 14.136954440000125, 32.714551953000068 ], [ 14.136694966000164, 32.714357019000147 ], [ 14.136166206000098, 32.714175043000182 ], [ 14.134634986000094, 32.714054176000047 ], [ 14.133875683000042, 32.714123598000072 ], [ 14.132557760000168, 32.714006658000187 ], [ 14.132007092000094, 32.713972366000178 ], [ 14.131491435000157, 32.71404733300011 ], [ 14.13105130200006, 32.714167435999968 ], [ 14.130306229000098, 32.714193764000015 ], [ 14.129448176000096, 32.71414156700007 ], [ 14.128549577000058, 32.714153519000149 ], [ 14.127797517000033, 32.714235982000162 ], [ 14.127218811000091, 32.71443760600016 ], [ 14.126791579000098, 32.714481297000134 ], [ 14.125744249000149, 32.71483964600003 ], [ 14.123537398000053, 32.716013043000032 ], [ 14.122013631000186, 32.716491266000048 ], [ 14.121601987000076, 32.716798456000049 ], [ 14.121355173999973, 32.717100743000117 ], [ 14.121343462000084, 32.717740443000139 ], [ 14.121266331000186, 32.717902736000156 ], [ 14.120904111000073, 32.718102252000108 ], [ 14.120326842000168, 32.718223246000036 ], [ 14.119703864000144, 32.718125017000148 ], [ 14.118783010000129, 32.717732169000158 ], [ 14.117203413000084, 32.716637462000051 ], [ 14.116430307000087, 32.716337631000044 ], [ 14.115776371000152, 32.716322589000072 ], [ 14.114860385000043, 32.716475057000025 ], [ 14.114086141000087, 32.716609095000138 ], [ 14.113337474000048, 32.716848164999988 ], [ 14.113019669000153, 32.717050980000181 ], [ 14.112818833000063, 32.717142629000023 ], [ 14.112812264000127, 32.717436733000056 ], [ 14.112806708000051, 32.717686088000164 ], [ 14.112761602000035, 32.717891164000093 ], [ 14.11243578400007, 32.718046358000095 ], [ 14.112089231000084, 32.718049225000073 ], [ 14.111809223000023, 32.717977681000036 ], [ 14.111467217000154, 32.717839630000071 ], [ 14.111159823000094, 32.717821689000118 ], [ 14.110793440000066, 32.718041039000127 ], [ 14.11036435699998, 32.718215562000069 ], [ 14.109916607000059, 32.718172695000192 ], [ 14.109328523000102, 32.718104882000148 ], [ 14.108690182000146, 32.71800336900003 ], [ 14.108102457000086, 32.71792472400017 ], [ 14.107523076, 32.717869318000055 ], [ 14.107207663000111, 32.717817289000095 ], [ 14.106813666000107, 32.717699710000034 ], [ 14.106406852000021, 32.717581835000146 ], [ 14.105943485000125, 32.717625368000085 ], [ 14.105656793000037, 32.717811554000036 ], [ 14.105341114000112, 32.717839098000184 ], [ 14.105236594000189, 32.717694967000114 ], [ 14.105230353000138, 32.717453735000049 ], [ 14.105570382999986, 32.71725879000013 ], [ 14.105773532000057, 32.717018489000054 ], [ 14.105593318000047, 32.716502488000117 ], [ 14.105308013000126, 32.716267243000061 ], [ 14.104767364999987, 32.716019671000026 ], [ 14.103790244000095, 32.715799608000054 ], [ 14.10223210200013, 32.715855701000123 ], [ 14.101426142000037, 32.71604788500008 ], [ 14.101121456000044, 32.716308761000164 ], [ 14.100959381000052, 32.716598934999979 ], [ 14.100933921999967, 32.716988863000097 ], [ 14.100870713000177, 32.717356220000056 ], [ 14.10029318300019, 32.717755079000085 ], [ 14.09981558200019, 32.717841650000082 ], [ 14.099432688000149, 32.717778539000051 ], [ 14.09914092300005, 32.717674164000073 ], [ 14.098875165000095, 32.717559539000092 ], [ 14.098792432999971, 32.71734066199997 ], [ 14.098847231000093, 32.716975778000176 ], [ 14.098537202000102, 32.71675738600004 ], [ 14.09819520800005, 32.716762753000069 ], [ 14.097635415000184, 32.717010124000183 ], [ 14.09675037500017, 32.71738837800001 ], [ 14.096249012000158, 32.717422764000048 ], [ 14.09581545400016, 32.717238719000193 ], [ 14.095446317999972, 32.716850933000046 ], [ 14.09523361000015, 32.71668327600014 ], [ 14.095032667000112, 32.716548449000072 ], [ 14.094882920000089, 32.716598745000169 ], [ 14.094825767999964, 32.716701505000117 ], [ 14.094856144000175, 32.716848078999988 ], [ 14.095012973000109, 32.717155457000047 ], [ 14.095157006000022, 32.717517564000048 ], [ 14.095022098000072, 32.717665518000047 ], [ 14.09421855, 32.717682933000162 ], [ 14.093317738000053, 32.717978975000165 ], [ 14.093059014000175, 32.71805388700011 ], [ 14.092813985000078, 32.718091589000039 ], [ 14.092574576000061, 32.717955867000171 ], [ 14.09237470000005, 32.717788510000105 ], [ 14.092001518000075, 32.717358334000039 ], [ 14.091848126000173, 32.717407469000079 ], [ 14.091804384999989, 32.717569164000054 ], [ 14.091835804000027, 32.717786852000131 ], [ 14.091787844000123, 32.718078628000114 ], [ 14.091691742000023, 32.718271647 ], [ 14.091481654000063, 32.718418638000173 ], [ 14.091249800000014, 32.718445803000066 ], [ 14.091030406000186, 32.718484099000193 ], [ 14.090646552000067, 32.718662709000057 ], [ 14.090430712000114, 32.718773909 ], [ 14.090244495000093, 32.718975685000032 ], [ 14.088878045000172, 32.719562257000064 ], [ 14.0882662140001, 32.719830081000168 ], [ 14.087523086999965, 32.720145955000191 ], [ 14.087399823000055, 32.720428254000183 ], [ 14.087252423000166, 32.720620090000068 ], [ 14.087078317000135, 32.720843837000018 ], [ 14.086835220000182, 32.721010083000124 ], [ 14.086440993000167, 32.721212150000042 ], [ 14.085875943000133, 32.721368926000025 ], [ 14.084285520000037, 32.721629796000116 ], [ 14.083157657000072, 32.721555820000049 ], [ 14.08293129000009, 32.721373107000147 ], [ 14.082799676000036, 32.721125623000091 ], [ 14.083040291000145, 32.720520451000084 ], [ 14.083008061000157, 32.720159033000016 ], [ 14.082877498000073, 32.719888963000074 ], [ 14.082612952000034, 32.719691640000178 ], [ 14.082131115000038, 32.719493380000131 ], [ 14.081278605000023, 32.719342296000036 ], [ 14.08054976700015, 32.719395466000037 ], [ 14.079903079000076, 32.71972221700014 ], [ 14.079427616000089, 32.719970206000141 ], [ 14.079210047000117, 32.720118268000135 ], [ 14.079062979000071, 32.720299251000085 ], [ 14.078940149000175, 32.72052418700008 ], [ 14.078805549000037, 32.720716301000152 ], [ 14.078470053, 32.720773561000101 ], [ 14.078124534000096, 32.720743807000133 ], [ 14.077810988000124, 32.72074704400012 ], [ 14.077495641000041, 32.720754139000064 ], [ 14.077179930000113, 32.720591603000116 ], [ 14.076963693999971, 32.720532322000111 ], [ 14.076755718000186, 32.720614252000132 ], [ 14.076559128999975, 32.720739832000049 ], [ 14.07614703500019, 32.720784456 ], [ 14.075643054000125, 32.720892025000126 ], [ 14.075400841000089, 32.720842968000056 ], [ 14.075093452000146, 32.720824939000067 ], [ 14.074835226000118, 32.720873156000039 ], [ 14.074664993000113, 32.72097766100012 ], [ 14.074256092000155, 32.720924717000173 ], [ 14.073882463000018, 32.720970223 ], [ 14.073622114000102, 32.721083472000032 ], [ 14.073499981, 32.721286722000173 ], [ 14.073270645000036, 32.721628482000028 ], [ 14.073115712000117, 32.721657410000091 ], [ 14.072870663000174, 32.721695073000149 ], [ 14.072592532000158, 32.72195976800009 ], [ 14.072324723000122, 32.722300629000131 ], [ 14.072176438000042, 32.722597152000048 ], [ 14.072174864999965, 32.722958836000146 ], [ 14.072421406000046, 32.72326831800018 ], [ 14.07244818200013, 32.723626909000075 ], [ 14.072250157000155, 32.723795854000116 ], [ 14.071898617000045, 32.723950344000116 ], [ 14.071487568000066, 32.723962445000154 ], [ 14.071143112000129, 32.723900138000033 ], [ 14.071016025, 32.723689801000148 ], [ 14.070828159000087, 32.723328707000121 ], [ 14.070478416000014, 32.723046964000162 ], [ 14.070258544000126, 32.72289519200001 ], [ 14.069795325000086, 32.722812146000081 ], [ 14.068980556000099, 32.722927518000063 ], [ 14.068460906999974, 32.723121470000081 ], [ 14.068096894000178, 32.723264816000039 ], [ 14.067847080000092, 32.723465477000047 ], [ 14.067763893000063, 32.723636684000098 ], [ 14.067637553000054, 32.723671964000175 ], [ 14.067479987000183, 32.723602173000188 ], [ 14.067096147000029, 32.723432156000058 ], [ 14.066794326000036, 32.723462118000043 ], [ 14.066623365, 32.723588294000024 ], [ 14.066469519000066, 32.723975213000131 ], [ 14.066229127999975, 32.724162884000123 ], [ 14.065207568, 32.724498862000189 ], [ 14.064517036000098, 32.724790629000097 ], [ 14.063892171000134, 32.724981946000014 ], [ 14.063233527000023, 32.725007658000038 ], [ 14.062766828000065, 32.724882699000091 ], [ 14.062613288000136, 32.724706881000088 ], [ 14.062665769000091, 32.724526070000138 ], [ 14.062687474000029, 32.724255400000118 ], [ 14.062525755000081, 32.72409973900011 ], [ 14.06219496500006, 32.723995230000128 ], [ 14.062188246000119, 32.723994691000144 ], [ 14.061740223000072, 32.723958382999967 ], [ 14.060996996000142, 32.724150661000067 ], [ 14.060604822000016, 32.724369255000056 ], [ 14.060198771000103, 32.724620075000189 ], [ 14.059916306000105, 32.725014802000089 ], [ 14.059766528000125, 32.725350490000153 ], [ 14.059528774000171, 32.72548300200009 ], [ 14.059321246000081, 32.725509480000142 ], [ 14.059142650000013, 32.725517320999984 ], [ 14.059017281000024, 32.725427593000063 ], [ 14.059046056, 32.725285400000075 ], [ 14.059206058000143, 32.725149990999967 ], [ 14.059308986000133, 32.724957381000024 ], [ 14.059267902999977, 32.724701105000179 ], [ 14.059084357000074, 32.724376767000138 ], [ 14.058754280000016, 32.724122959999988 ], [ 14.058166343000153, 32.723935190000134 ], [ 14.056834889000129, 32.723890226000094 ], [ 14.056126066, 32.723982053000157 ], [ 14.055909856000085, 32.723922735000031 ], [ 14.055280478000043, 32.723940481999989 ], [ 14.054951427000049, 32.723834315000033 ], [ 14.054489738000143, 32.723791728000151 ], [ 14.054127121000079, 32.723891672000036 ], [ 14.053645355000185, 32.724040107000178 ], [ 14.053068889000087, 32.724072887000034 ], [ 14.05243634500016, 32.723949263000122 ], [ 14.051874570000109, 32.724099031000094 ], [ 14.051495875000171, 32.724333294000189 ], [ 14.050367837000067, 32.724525787000061 ], [ 14.049142852000045, 32.725202452000133 ], [ 14.047821828, 32.725462953000147 ], [ 14.047561991000066, 32.725678811000023 ], [ 14.047247444000106, 32.725877492000052 ], [ 14.046948576000034, 32.725989772000105 ], [ 14.046426622000013, 32.726025096000171 ], [ 14.04544301400017, 32.726256488000161 ], [ 14.0448594450001, 32.726298471000177 ], [ 14.044361128, 32.726232483000047 ], [ 14.044135682, 32.726064457000177 ], [ 14.043905947000098, 32.72602649200013 ], [ 14.043445383000176, 32.725983079000173 ], [ 14.042484393000052, 32.725938694000149 ], [ 14.041660492, 32.72601686400003 ], [ 14.040195505000042, 32.726004999000054 ], [ 14.039656517000026, 32.726078005000033 ], [ 14.039334865000058, 32.726102943000171 ], [ 14.039107635000107, 32.72598909800007 ], [ 14.038860887000112, 32.725957182000059 ], [ 14.038331452000079, 32.726176852000151 ], [ 14.037932141, 32.726221651 ], [ 14.037357975000134, 32.726121283000055 ], [ 14.035027611000032, 32.726269063000018 ], [ 14.030592553000076, 32.726749077000136 ], [ 14.028506500000049, 32.727037138000071 ], [ 14.024114866000104, 32.727810471000055 ], [ 14.017262405000054, 32.728930121000133 ], [ 14.012672390000148, 32.73005835500004 ], [ 14.009021578000045, 32.730961327000159 ], [ 14.007198836000043, 32.731493716000045 ], [ 14.005205642000021, 32.73233335700013 ], [ 14.003667114000052, 32.733202223000092 ], [ 14.003154208000069, 32.733651628000075 ], [ 14.001986267000177, 32.735001324 ], [ 14.000315459000149, 32.736204205000149 ], [ 13.999429568000096, 32.737431982000032 ], [ 13.998110918000066, 32.738469600000087 ], [ 13.997144201000083, 32.739661762000139 ], [ 13.995727289000115, 32.740485321000165 ], [ 13.994630387000143, 32.741672282000081 ], [ 13.993842044000189, 32.741933555000116 ], [ 13.993266943000094, 32.742124164000131 ], [ 13.992373269000041, 32.742714804000173 ], [ 13.992002532000015, 32.74314238200003 ], [ 13.991877559000102, 32.743429500000161 ], [ 13.992254613, 32.744039581999971 ], [ 13.992223649000096, 32.744195596000111 ], [ 13.99116113700012, 32.744475032000139 ], [ 13.990586348000079, 32.74516075400004 ], [ 13.990370662000032, 32.745309785000188 ], [ 13.989437802000111, 32.745202732000109 ], [ 13.98879944600003, 32.745393018000073 ], [ 13.988662162000026, 32.745609458000047 ], [ 13.988631084000133, 32.745848449000164 ], [ 13.989017343000057, 32.746300623000138 ], [ 13.988915291000126, 32.746527564000132 ], [ 13.988702993000118, 32.746721035000064 ], [ 13.988429375000067, 32.746776558000136 ], [ 13.987854375999973, 32.746735674000149 ], [ 13.986562999000171, 32.746332794000182 ], [ 13.985811815000034, 32.746215516000063 ], [ 13.985370526, 32.746240175000082 ], [ 13.984768320000114, 32.746500631000117 ], [ 13.983967879000033, 32.747182629000065 ], [ 13.983363296, 32.747174196000174 ], [ 13.982829434000053, 32.74724907500007 ], [ 13.982522262999964, 32.74761276900017 ], [ 13.982502502000045, 32.747708691000071 ], [ 13.982427329000132, 32.748073652000187 ], [ 13.982067883000013, 32.748350754000171 ], [ 13.981500529000186, 32.74863588900007 ], [ 13.980379126, 32.748947438000187 ], [ 13.978587828000116, 32.749097607000067 ], [ 13.977875115000074, 32.749274852000099 ], [ 13.977194029000032, 32.749714324000024 ], [ 13.976043912000137, 32.750915170000098 ], [ 13.975499286, 32.751353607000055 ], [ 13.974463134000075, 32.751862911000103 ], [ 13.97332391100008, 32.751960307000161 ], [ 13.972587444000169, 32.75224732800018 ], [ 13.972028610000109, 32.752637989999982 ], [ 13.970897717000071, 32.753712754000105 ], [ 13.970276610000099, 32.754084552000165 ], [ 13.969397090000143, 32.754383892000021 ], [ 13.968497902000024, 32.754521494000073 ], [ 13.967668551000031, 32.754469288000166 ], [ 13.967157900000132, 32.754106424000156 ], [ 13.966857493000077, 32.75403623700015 ], [ 13.966410880000183, 32.754074211999978 ], [ 13.96590726800008, 32.754300397000122 ], [ 13.96523567700018, 32.754757313000141 ], [ 13.964907249000191, 32.75508123200018 ], [ 13.964719763000119, 32.755963885000142 ], [ 13.964521520000176, 32.756231282000101 ], [ 13.96412183700005, 32.756428175000167 ], [ 13.962884738000071, 32.7567763240001 ], [ 13.962035923000087, 32.757300196000131 ], [ 13.961801956000045, 32.757608904000051 ], [ 13.961722912000027, 32.757853679000164 ], [ 13.962057905000165, 32.758357664000187 ], [ 13.962074336000171, 32.758511683000052 ], [ 13.961879048000185, 32.758723570000086 ], [ 13.961353638000048, 32.759033855000098 ], [ 13.960407420000081, 32.75934166400009 ], [ 13.959108977000028, 32.759395944000119 ], [ 13.957988216000103, 32.759766580000075 ], [ 13.956658866000112, 32.75997126600015 ], [ 13.955811943000072, 32.760292805000176 ], [ 13.954839427000081, 32.760834334000151 ], [ 13.954007755000021, 32.761382132000165 ], [ 13.953532183000107, 32.761819010000067 ], [ 13.952878289000182, 32.763166696000042 ], [ 13.951790523000057, 32.763865920000171 ], [ 13.9517036740001, 32.764132730000028 ], [ 13.951780791000147, 32.764872693000029 ], [ 13.951716654000109, 32.765170080000075 ], [ 13.950902518000078, 32.765873496000154 ], [ 13.950312903000054, 32.766919902000041 ], [ 13.949230742000111, 32.76763132100001 ], [ 13.949133428000039, 32.767891983000084 ], [ 13.949094307000109, 32.768652159000112 ], [ 13.948739750000186, 32.76926877700015 ], [ 13.948203133000106, 32.769646952000073 ], [ 13.947254998000062, 32.769877356000165 ], [ 13.946471578000057, 32.770288573000187 ], [ 13.946108866000088, 32.770645247000175 ], [ 13.945505775000186, 32.771663301000046 ], [ 13.945151089000149, 32.772057020000034 ], [ 13.944220380000161, 32.77267396600007 ], [ 13.943011965000096, 32.773200277 ], [ 13.942142926000031, 32.773432646000174 ], [ 13.940480002000129, 32.773732073000133 ], [ 13.936416314000155, 32.774114285000167 ], [ 13.933859334000147, 32.774825204000081 ], [ 13.932842514000015, 32.774962427000162 ], [ 13.932088687000089, 32.774974253999972 ], [ 13.931828911000082, 32.774876963 ], [ 13.931332404000159, 32.775056748000054 ], [ 13.930703341000026, 32.775339471000109 ], [ 13.930347758000039, 32.775435066000114 ], [ 13.928825775000121, 32.775611574000152 ], [ 13.927211131000092, 32.775741123000103 ], [ 13.925599236000039, 32.775885975 ], [ 13.924486316000184, 32.776050106000184 ], [ 13.922232771000154, 32.776055830000132 ], [ 13.9201859530001, 32.776106511000137 ], [ 13.918467092000071, 32.776357205000124 ], [ 13.916265035000038, 32.776747517000047 ], [ 13.914183150000156, 32.777120542000091 ], [ 13.912268539000081, 32.777759051000089 ], [ 13.910179988000039, 32.778062412000054 ], [ 13.908139559000062, 32.778618219000123 ], [ 13.906989671000133, 32.779014149000034 ], [ 13.904968903999986, 32.779691624000066 ], [ 13.903977896000072, 32.780129686000066 ], [ 13.901463938000063, 32.780746574000091 ], [ 13.900389181000037, 32.781043259000057 ], [ 13.899280306000037, 32.781462565000083 ], [ 13.898143043, 32.781664533000139 ], [ 13.897165306000034, 32.781911226000034 ], [ 13.895488956000065, 32.781938123000032 ], [ 13.892650328000059, 32.781659453000032 ], [ 13.891570970000089, 32.78163498400005 ], [ 13.889947274, 32.781741044000171 ], [ 13.888261545000091, 32.782102769000119 ], [ 13.886892990000092, 32.782584424000106 ], [ 13.885691637000093, 32.783084014000053 ], [ 13.884935720000158, 32.783539792000113 ], [ 13.884631486000046, 32.783723238 ], [ 13.883842246000086, 32.784516340000096 ], [ 13.883229190000179, 32.784768396000175 ], [ 13.882735315000048, 32.784717856000043 ], [ 13.881868709000116, 32.784407467000051 ], [ 13.88056406600009, 32.783522099000152 ], [ 13.879994185000101, 32.783252979999986 ], [ 13.877473837000139, 32.782627607000052 ], [ 13.875828204000129, 32.782366497000112 ], [ 13.874004290000187, 32.782183271000065 ], [ 13.869376893000037, 32.782081036000193 ], [ 13.865486874000169, 32.782228386000156 ], [ 13.861782977000189, 32.782579934000125 ], [ 13.858333697000091, 32.782521470000063 ], [ 13.856991607000055, 32.782659659000046 ], [ 13.855426937000118, 32.782927315000165 ], [ 13.85454653700009, 32.78316303400004 ], [ 13.853765613000121, 32.783462628000109 ], [ 13.853306351000128, 32.783708926000088 ], [ 13.852903866000133, 32.783993497000097 ], [ 13.852573998000025, 32.784279863000165 ], [ 13.852503792999983, 32.784621885000035 ], [ 13.852565606000041, 32.784930408000093 ], [ 13.852984580000054, 32.785002333000079 ], [ 13.853022109000051, 32.78517516800008 ], [ 13.852852459000076, 32.785400008000181 ], [ 13.852545855000074, 32.785512901000061 ], [ 13.852373599000032, 32.785428984000134 ], [ 13.851979763000145, 32.785468178000144 ], [ 13.851835398000048, 32.785439997000026 ], [ 13.852038460000131, 32.785039920000088 ], [ 13.851957385000105, 32.78486597400007 ], [ 13.851762493000138, 32.784659843000156 ], [ 13.851472371999989, 32.784393381000143 ], [ 13.851175787000045, 32.784290004000184 ], [ 13.850277296000058, 32.784283469000115 ], [ 13.848631936000174, 32.784364823000089 ], [ 13.847449997000183, 32.784494671000175 ], [ 13.843183864000082, 32.785203808000119 ], [ 13.840057057000081, 32.785995438999976 ], [ 13.838741642000059, 32.786481436000145 ], [ 13.837538206000147, 32.787045437000188 ], [ 13.835255273000143, 32.788284572000123 ], [ 13.833169474000158, 32.789825878000102 ], [ 13.832038266000154, 32.790360129000192 ], [ 13.831360936000067, 32.790627162000135 ], [ 13.830603263000171, 32.790760991000127 ], [ 13.829422588000114, 32.790812644000027 ], [ 13.827879810000184, 32.790610496 ], [ 13.826567613000066, 32.79063125000016 ], [ 13.825680812000144, 32.790711030000182 ], [ 13.825396351000109, 32.790736637000066 ], [ 13.824094126000091, 32.790835001 ], [ 13.822544994, 32.791312688 ], [ 13.821509362000143, 32.791651125000044 ], [ 13.820738537000011, 32.791882290999979 ], [ 13.819493331000047, 32.792572532000179 ], [ 13.818595728000105, 32.793076566000138 ], [ 13.817957024000179, 32.793046814000149 ], [ 13.81641531300005, 32.79322374000003 ], [ 13.814790316000028, 32.793493088000162 ], [ 13.813100140000131, 32.793715346000056 ], [ 13.81091960100008, 32.794394145000183 ], [ 13.808650160000184, 32.795241366000027 ], [ 13.806986441000106, 32.796144548000143 ], [ 13.806028232000131, 32.796998159000168 ], [ 13.805744, 32.79734213800009 ], [ 13.805651063000084, 32.797704494000072 ], [ 13.805689349999966, 32.797975651000058 ], [ 13.805808497000157, 32.798221859000137 ], [ 13.806120848000148, 32.798432458000093 ], [ 13.806020610000019, 32.798551504000159 ], [ 13.80574461000009, 32.798666024000056 ], [ 13.805425977000141, 32.798932495000145 ], [ 13.804992125000126, 32.799192119000168 ], [ 13.804257059000065, 32.799560135000036 ], [ 13.803800427999988, 32.799805144000175 ], [ 13.80366147400008, 32.800112302000173 ], [ 13.803654217000087, 32.800314746000026 ], [ 13.803744301000052, 32.800479149000068 ], [ 13.803497342000185, 32.800675473000126 ], [ 13.80337532100009, 32.800956039000084 ], [ 13.803361791000043, 32.801333950000185 ], [ 13.80356131100001, 32.801568686000053 ], [ 13.80355284500007, 32.801907461000098 ], [ 13.803465484000185, 32.80245783700019 ], [ 13.803275965000068, 32.802492076000078 ], [ 13.803221873000041, 32.802113876000021 ], [ 13.803003468000156, 32.801959704000069 ], [ 13.802747038000064, 32.801916941000172 ], [ 13.80177502500004, 32.802029491000098 ], [ 13.801503840000066, 32.801976582000066 ], [ 13.801297335000129, 32.801773458000127 ], [ 13.800784740999973, 32.800896474000012 ], [ 13.800406830000043, 32.800712476000058 ], [ 13.799834169, 32.800592404000099 ], [ 13.798989553000126, 32.800515126000107 ], [ 13.797995870000079, 32.800541648000149 ], [ 13.795314979000011, 32.800966476000156 ], [ 13.793685034000077, 32.801087063000068 ], [ 13.792505496, 32.801062350000052 ], [ 13.790736110000182, 32.800760566000179 ], [ 13.788487687000043, 32.799962654000012 ], [ 13.786921751000136, 32.799696906000065 ], [ 13.785260685000026, 32.799651218 ], [ 13.783390566000094, 32.800106271000118 ], [ 13.781926885000019, 32.800066303000165 ], [ 13.780285513000138, 32.799501469000177 ], [ 13.779631912000127, 32.799276550000116 ], [ 13.779083506000063, 32.79923919100014 ], [ 13.777801844000066, 32.799304798000151 ], [ 13.777252383000132, 32.799236994000012 ], [ 13.776792237000109, 32.799166243000116 ], [ 13.776238024000179, 32.798580905 ], [ 13.775931882000066, 32.798630746000129 ], [ 13.775641313000051, 32.798704311000108 ], [ 13.775507148000088, 32.798876465000149 ], [ 13.775171940000064, 32.799300106000089 ], [ 13.774715238000113, 32.799544992000108 ], [ 13.774279401, 32.799655336000171 ], [ 13.773758319000081, 32.799865105000038 ], [ 13.773341394000113, 32.799726205000127 ], [ 13.772410275000084, 32.799133931000142 ], [ 13.771353175, 32.798797846000127 ], [ 13.769570047000116, 32.798747263000109 ], [ 13.76860311300004, 32.798279542000046 ], [ 13.767916742000182, 32.798130705000062 ], [ 13.76725741100006, 32.798339346000034 ], [ 13.766953656000055, 32.798777277000113 ], [ 13.766806900000176, 32.798854541000082 ], [ 13.766602112000101, 32.798768199000051 ], [ 13.766383777000044, 32.798613951999982 ], [ 13.766217791000031, 32.79833949600004 ], [ 13.76603825799998, 32.797997136000106 ], [ 13.765834428000176, 32.797883779000074 ], [ 13.765630613000098, 32.79784328900007 ], [ 13.765328808999982, 32.798154395999973 ], [ 13.765098727000122, 32.798324075999972 ], [ 13.764875517000178, 32.798304793000113 ], [ 13.764529337000113, 32.798147237000023 ], [ 13.76444764900009, 32.797753375000127 ], [ 13.763998936000178, 32.797336506000192 ], [ 13.763221166000164, 32.797037272000125 ], [ 13.762564719000068, 32.797191333000171 ], [ 13.762108003000151, 32.797436183000173 ], [ 13.761602858000174, 32.797693278000054 ], [ 13.760999732000187, 32.797782457000039 ], [ 13.758807535000074, 32.798210831000119 ], [ 13.756633893000185, 32.798495928000193 ], [ 13.754631014000097, 32.798528110000177 ], [ 13.75390437700014, 32.798332280000125 ], [ 13.75345673400011, 32.798078652000129 ], [ 13.75331297800011, 32.797869533000153 ], [ 13.753205738000133, 32.797274095000091 ], [ 13.75279148900006, 32.796852052000077 ], [ 13.752323675000071, 32.796678714000109 ], [ 13.751633997, 32.796669108 ], [ 13.751113377000138, 32.79643008100004 ], [ 13.750968731000057, 32.796232365000037 ], [ 13.750758983000082, 32.79557861 ], [ 13.750236204000089, 32.795133621000048 ], [ 13.749839159000032, 32.794999918000087 ], [ 13.749265351000133, 32.794924360999971 ], [ 13.74836340100012, 32.795052179000095 ], [ 13.748054904000071, 32.795019030999981 ], [ 13.74780559300018, 32.794847835000041 ], [ 13.747503661000053, 32.794409679000012 ], [ 13.747125308000079, 32.794077407000088 ], [ 13.746703529000115, 32.793920839000066 ], [ 13.745278847000179, 32.793391947000032 ], [ 13.744003986000109, 32.792576040000085 ], [ 13.742845959000135, 32.792316254000127 ], [ 13.741653031, 32.792136603000074 ], [ 13.741154234000078, 32.792137652000065 ], [ 13.740693379000049, 32.792138610000165 ], [ 13.73914905100014, 32.792308982000065 ], [ 13.738401142000157, 32.792281508000087 ], [ 13.737636654000141, 32.792194031 ], [ 13.735943666000026, 32.791803676000143 ], [ 13.735228498000026, 32.791670315000033 ], [ 13.733922679999978, 32.791645474 ], [ 13.733240105999982, 32.791714590000083 ], [ 13.732720910000012, 32.791917177000016 ], [ 13.731662099000062, 32.792443355000046 ], [ 13.730870940999978, 32.793084606000093 ], [ 13.730227575000072, 32.793928119000157 ], [ 13.730030194000165, 32.794941229000131 ], [ 13.729806260000089, 32.795294311000021 ], [ 13.729234082000175, 32.79556334800003 ], [ 13.727962989000105, 32.795632433000151 ], [ 13.726763303000098, 32.795696635000127 ], [ 13.725323070000059, 32.795510785000033 ], [ 13.724044068000126, 32.79520246400017 ], [ 13.723265096000148, 32.795073996000042 ], [ 13.722702401000049, 32.795153818000074 ], [ 13.722358924000105, 32.795360950000145 ], [ 13.722158260000015, 32.795598838000103 ], [ 13.72176883700007, 32.795750740000074 ], [ 13.721450758000117, 32.795701878000102 ], [ 13.721198578000042, 32.795600707000176 ], [ 13.720669256000122, 32.79550345500013 ], [ 13.718850659, 32.79507987400018 ], [ 13.718224059000022, 32.795157995000125 ], [ 13.717318849000094, 32.795417919000158 ], [ 13.717004106000104, 32.79534256200003 ], [ 13.716814992000081, 32.795202078000159 ], [ 13.716762996000057, 32.794876496000029 ], [ 13.716255181, 32.794768622000163 ], [ 13.71588323300017, 32.794880427000066 ], [ 13.715363989000025, 32.795082925000145 ], [ 13.714867826000102, 32.795961448000071 ], [ 13.714724022999974, 32.795957686000122 ], [ 13.714750913999978, 32.795661195000037 ], [ 13.714649012999985, 32.795388360000118 ], [ 13.714436752000097, 32.795072090000019 ], [ 13.714133667000169, 32.795050618000062 ], [ 13.714028263000159, 32.794872255000143 ], [ 13.714087138000139, 32.794576601000188 ], [ 13.71408110100009, 32.7943062760001 ], [ 13.713959248000037, 32.794140987 ], [ 13.71368548200013, 32.794217011000057 ], [ 13.713426005000088, 32.794289082000091 ], [ 13.713016921000133, 32.794248078000066 ], [ 13.712731667000185, 32.793671351000057 ], [ 13.712292459000082, 32.793481760000077 ], [ 13.711967, 32.793562702000031 ], [ 13.711654829000054, 32.793967102000124 ], [ 13.711145406000128, 32.794688919000066 ], [ 13.710720112999979, 32.795153268000035 ], [ 13.710401063000063, 32.795464982000055 ], [ 13.710225823000144, 32.795460374000186 ], [ 13.710184748000188, 32.795385206 ], [ 13.710205275000021, 32.795225267000035 ], [ 13.710269064000045, 32.794683745000157 ], [ 13.710226118000094, 32.794262871000171 ], [ 13.709981526999968, 32.794157673000143 ], [ 13.709688120000123, 32.794186993000096 ], [ 13.709336980000046, 32.794466675000137 ], [ 13.708819285000118, 32.794548426000063 ], [ 13.708581118000041, 32.794478855000079 ], [ 13.708464908, 32.794374776999973 ], [ 13.708334067000123, 32.794020114000034 ], [ 13.708119854000074, 32.79386796100016 ], [ 13.707859197000062, 32.793811632000029 ], [ 13.707503867000185, 32.79384474200009 ], [ 13.707093328000042, 32.794271145000096 ], [ 13.707045421999965, 32.794702148000169 ], [ 13.706811284000139, 32.794979674000047 ], [ 13.706589086000065, 32.794933282000102 ], [ 13.706471220000083, 32.794660026000031 ], [ 13.706120554, 32.79465297400003 ], [ 13.706055720000165, 32.794651670000064 ], [ 13.705695721000097, 32.794644426 ], [ 13.70521365400009, 32.794634729000165 ], [ 13.704297746000179, 32.794616295000083 ], [ 13.704191389000187, 32.794464899000161 ], [ 13.704529391000051, 32.794406260000187 ], [ 13.704949794000129, 32.794282255000155 ], [ 13.705188080000141, 32.794159057000059 ], [ 13.705283322000184, 32.793912805000161 ], [ 13.705219338000063, 32.793046576000165 ], [ 13.704798622000055, 32.792558794000115 ], [ 13.704465133999975, 32.792170404000103 ], [ 13.703819976000091, 32.791757234000045 ], [ 13.702998338000157, 32.791595458000131 ], [ 13.701193452000041, 32.791630183999985 ], [ 13.700087820000022, 32.791631714000118 ], [ 13.699102436000032, 32.791521009000121 ], [ 13.698401447000037, 32.79144847200007 ], [ 13.697806558000082, 32.791504386000099 ], [ 13.696855158000062, 32.791745368000136 ], [ 13.696090530000049, 32.792057973000169 ], [ 13.694978864000063, 32.792315762000044 ], [ 13.694278133000068, 32.792228642000168 ], [ 13.693587584000056, 32.791972842000121 ], [ 13.692607596000187, 32.791707726000027 ], [ 13.691371361000108, 32.791435789000161 ], [ 13.689900607000084, 32.791266767000025 ], [ 13.689198009000052, 32.791230944000176 ], [ 13.686427312000035, 32.791089629000112 ], [ 13.682776095000179, 32.791016785000124 ], [ 13.676472991000026, 32.79065811300012 ], [ 13.669430701000181, 32.790375139000162 ], [ 13.664143742000135, 32.790114659000096 ], [ 13.660100081000166, 32.789934998000092 ], [ 13.652661841000054, 32.78964051100013 ], [ 13.646348315000068, 32.789567126000179 ], [ 13.640183098000023, 32.789568165 ], [ 13.640145326000095, 32.789568169000177 ], [ 13.635492281000154, 32.789778064000075 ], [ 13.632286810000039, 32.789907151000193 ], [ 13.629647237000029, 32.790051381000012 ], [ 13.62683697500006, 32.790214875000061 ], [ 13.621952113000191, 32.790651173000072 ], [ 13.620057538000026, 32.79074143400004 ], [ 13.618681904000027, 32.790903858000149 ], [ 13.61768885500004, 32.790948783000033 ], [ 13.616669327000068, 32.790945139000087 ], [ 13.615169685000126, 32.790904579000085 ], [ 13.614121851000164, 32.790900150000027 ], [ 13.612976103, 32.790876258000139 ], [ 13.611550874000159, 32.790902302000177 ], [ 13.611041500999988, 32.790971721000176 ], [ 13.610485471000175, 32.791158764999977 ], [ 13.610047109000163, 32.791365008000071 ], [ 13.609319389000177, 32.791471951000176 ], [ 13.609005533000129, 32.791582346000155 ], [ 13.608737019000102, 32.791610721000097 ], [ 13.608598208999979, 32.791559402000189 ], [ 13.608506554000144, 32.791378590000136 ], [ 13.608447964999982, 32.791067894000037 ], [ 13.607975313000168, 32.790912412000125 ], [ 13.606735257000025, 32.790950114000054 ], [ 13.605122371000164, 32.791167905000066 ], [ 13.600889677000055, 32.792170532000114 ], [ 13.59903457300004, 32.792464880000125 ], [ 13.598265490000131, 32.792710747000172 ], [ 13.597766386000046, 32.792870294000124 ], [ 13.597252043000026, 32.793070296000167 ], [ 13.596861970000134, 32.793333136000058 ], [ 13.596505925000088, 32.793810897000071 ], [ 13.596208414000102, 32.794599358000028 ], [ 13.595841952000114, 32.794981712000038 ], [ 13.59512963700007, 32.795199083000171 ], [ 13.593775824999966, 32.795270249000168 ], [ 13.59307864800013, 32.795465264000086 ], [ 13.592633678000084, 32.795690924999974 ], [ 13.592022228000076, 32.795852586000137 ], [ 13.590339837999977, 32.796044519000134 ], [ 13.589318783000124, 32.796242582000104 ], [ 13.585474801999965, 32.796728729000051 ], [ 13.583295777000046, 32.797071717000051 ], [ 13.582606607000059, 32.797316060000071 ], [ 13.582150206000051, 32.797399294000058 ], [ 13.581694716000015, 32.797458611000081 ], [ 13.581064881000032, 32.797632787000111 ], [ 13.57994628400013, 32.798388215000045 ], [ 13.578475629000025, 32.799542728000119 ], [ 13.577020846000039, 32.80032788900013 ], [ 13.574472424000021, 32.801261660000023 ], [ 13.571338096000034, 32.802342680000152 ], [ 13.569363409000175, 32.803079780000189 ], [ 13.569160140000122, 32.803240646000177 ], [ 13.568712788000084, 32.803525588000127 ], [ 13.568161520000103, 32.803950348000114 ], [ 13.568274031000101, 32.804674930000033 ], [ 13.568066764000093, 32.804908491000049 ], [ 13.567574649000107, 32.805182067000146 ], [ 13.56702962900016, 32.805358486999978 ], [ 13.566337588000181, 32.805674422000095 ], [ 13.565916803999983, 32.805567177000057 ], [ 13.565695013000038, 32.805441477000102 ], [ 13.565452521000054, 32.805207517000099 ], [ 13.564996562999966, 32.805349546000059 ], [ 13.564740225999969, 32.805425726000124 ], [ 13.564502089000086, 32.805395408000152 ], [ 13.564333338999973, 32.805390774000102 ], [ 13.564154522000024, 32.805647419000081 ], [ 13.564113135000071, 32.805991051000092 ], [ 13.563870405000046, 32.806079499000134 ], [ 13.563645407000081, 32.806073323000192 ], [ 13.563409543000091, 32.805983612000148 ], [ 13.563156876000107, 32.805964776000167 ], [ 13.562856521000185, 32.806087299000069 ], [ 13.562650948000169, 32.80630753700018 ], [ 13.562467553000147, 32.80668294600008 ], [ 13.562325082000029, 32.806726568000158 ], [ 13.56194584800005, 32.806704249000177 ], [ 13.561725753000076, 32.806935980000048 ], [ 13.561519725999972, 32.807168081000157 ], [ 13.561317801000087, 32.807293316000141 ], [ 13.560952625000027, 32.807271391000029 ], [ 13.560674593000158, 32.807180510000023 ], [ 13.56040738300004, 32.807173164000119 ], [ 13.560163738000028, 32.80728535999998 ], [ 13.560016690000168, 32.807447745000047 ], [ 13.560009368000067, 32.807637767000131 ], [ 13.559999289000018, 32.807899045000056 ], [ 13.559837721000179, 32.808072926000136 ], [ 13.559587796000187, 32.807982827000046 ], [ 13.559453585000028, 32.807812696000099 ], [ 13.559253942999987, 32.807878535000157 ], [ 13.559076956000183, 32.808087663000038 ], [ 13.558891036000091, 32.808501170000056 ], [ 13.557984504000046, 32.809401019000177 ], [ 13.557235812000101, 32.809832185000118 ], [ 13.556366032000085, 32.810117338 ], [ 13.555771547000177, 32.810197879000043 ], [ 13.555283007000071, 32.810456057000067 ], [ 13.554042635000144, 32.811229303000118 ], [ 13.55231730700018, 32.811800191000088 ], [ 13.552226317000134, 32.811876113000153 ], [ 13.55105571100006, 32.812852730000031 ], [ 13.549285286000043, 32.813373224000145 ], [ 13.547524668000051, 32.81418304500005 ], [ 13.545731064000108, 32.814634710000064 ], [ 13.543686309000122, 32.814896883000131 ], [ 13.542459979000114, 32.815425418000075 ], [ 13.541131294000024, 32.815742067000087 ], [ 13.53993833100003, 32.816540758000031 ], [ 13.538658569000177, 32.816808009000169 ], [ 13.538328071000024, 32.817054309000127 ], [ 13.537746758000139, 32.817787322000129 ], [ 13.537442808000037, 32.818054344000188 ], [ 13.537102075000178, 32.818195334000109 ], [ 13.536234373000127, 32.81837774000013 ], [ 13.535941293000064, 32.818522385000108 ], [ 13.535795933000088, 32.818712897000069 ], [ 13.535539118000088, 32.819396765000135 ], [ 13.534832981000022, 32.819884066000043 ], [ 13.533089783000037, 32.820387897000103 ], [ 13.531131076000065, 32.821153871000035 ], [ 13.53000657299998, 32.821467434000169 ], [ 13.528207731, 32.822395469000128 ], [ 13.527302617000089, 32.822761673000059 ], [ 13.526459426000031, 32.822946624000167 ], [ 13.524516646000052, 32.823166265000111 ], [ 13.524178228000153, 32.823255261000043 ], [ 13.523973024000043, 32.823488461000125 ], [ 13.523921078000171, 32.823711764000052 ], [ 13.523802524000132, 32.823863001 ], [ 13.523561099000119, 32.823915743000157 ], [ 13.523323390000087, 32.823873466000123 ], [ 13.523020815, 32.823793681000154 ], [ 13.522450233000086, 32.824375746999976 ], [ 13.522283380000033, 32.824545965000027 ], [ 13.521983381000155, 32.824656499000127 ], [ 13.52163407300003, 32.824587335000103 ], [ 13.521386474000053, 32.824437787000136 ], [ 13.520960887000115, 32.824361306000128 ], [ 13.520334340000034, 32.824427047000142 ], [ 13.519750497000132, 32.824660351000091 ], [ 13.519225781000102, 32.825061693000066 ], [ 13.518922415000191, 32.825261221000062 ], [ 13.518573077000099, 32.825376254999981 ], [ 13.518005648000099, 32.825610026000049 ], [ 13.517378, 32.825703456000156 ], [ 13.516964128999973, 32.825788985000031 ], [ 13.516502140000057, 32.825845437999988 ], [ 13.516133707000051, 32.826029281000046 ], [ 13.515881157000081, 32.826188604000151 ], [ 13.515413208000041, 32.826397407000115 ], [ 13.51496652700007, 32.82648199900018 ], [ 13.514715063000097, 32.826613641000051 ], [ 13.514081996000186, 32.826845552000179 ], [ 13.513528480000048, 32.826988913000037 ], [ 13.513108837000061, 32.826917757 ], [ 13.512648969, 32.826958096000055 ], [ 13.512330790000078, 32.827115597000045 ], [ 13.51131082400002, 32.827609769000048 ], [ 13.508625948000144, 32.828849341000137 ], [ 13.506946333000144, 32.82967028000013 ], [ 13.506185969000114, 32.830132861000095 ], [ 13.505932848000043, 32.830306022000116 ], [ 13.505696071000102, 32.830312977000062 ], [ 13.505576944999973, 32.830119437000064 ], [ 13.505369030000111, 32.830068436000033 ], [ 13.505067791000158, 32.830176526000059 ], [ 13.504820287000086, 32.83038359800014 ], [ 13.504723323000064, 32.830701870000041 ], [ 13.504600545000017, 32.830959981000149 ], [ 13.503821427000048, 32.831437507000032 ], [ 13.503422463999982, 32.831557127000167 ], [ 13.503221720000056, 32.831224690000113 ], [ 13.502930069, 32.831186705000107 ], [ 13.502811013000098, 32.831349804000183 ], [ 13.502717301000189, 32.831584947000181 ], [ 13.502747385000191, 32.83181950300002 ], [ 13.502464986000177, 32.832053023000185 ], [ 13.502103552000108, 32.832056782000052 ], [ 13.501885954000045, 32.832161607000103 ], [ 13.501797415000112, 32.832325494000088 ], [ 13.501776666000069, 32.832435835000069 ], [ 13.501557973, 32.832568356000081 ], [ 13.501288985000144, 32.832727202000115 ], [ 13.501105265000035, 32.832805243000053 ], [ 13.500924828000109, 32.832800193000026 ], [ 13.500711585000147, 32.832794226000146 ], [ 13.500431080000112, 32.832827966000082 ], [ 13.500200870000072, 32.832835390000184 ], [ 13.499867349000112, 32.832964697000136 ], [ 13.49963714900008, 32.832972120000079 ], [ 13.499488977000055, 32.83298183 ], [ 13.499291030000109, 32.833004016000075 ], [ 13.499060830000076, 32.833011438000142 ], [ 13.498813142000188, 32.833046089999982 ], [ 13.498082350000118, 32.833406084000103 ], [ 13.498059717000103, 32.833413183000118 ], [ 13.496623920000047, 32.834010722000073 ], [ 13.494758183000158, 32.835024589 ], [ 13.49461018500017, 32.835105014000192 ], [ 13.493016975000103, 32.835964267000122 ], [ 13.492207774000065, 32.836297403000174 ], [ 13.490713786000072, 32.836881258000062 ], [ 13.490117760000146, 32.837003158000016 ], [ 13.48885046900017, 32.837936890000037 ], [ 13.488597814000173, 32.838173260000019 ], [ 13.488060912000151, 32.838675555000123 ], [ 13.48733323200014, 32.839273309000191 ], [ 13.486841875000096, 32.839548795000098 ], [ 13.486625980000042, 32.840509071000099 ], [ 13.48632653400017, 32.840919294000059 ], [ 13.48592401600007, 32.841271393000113 ], [ 13.484905254000182, 32.841727343 ], [ 13.483051608999972, 32.842122174999986 ], [ 13.481654989000106, 32.842713420000166 ], [ 13.479828135999981, 32.843911573000071 ], [ 13.478020748, 32.845074229000033 ], [ 13.477198956000052, 32.84580430800014 ], [ 13.477106288000016, 32.846118392000164 ], [ 13.476948975000084, 32.846377690000111 ], [ 13.476862875000052, 32.846575161000032 ], [ 13.47666218500018, 32.846664605000171 ], [ 13.476413645000036, 32.846538724000141 ], [ 13.47626547800013, 32.846368116000065 ], [ 13.476032910000072, 32.846195122000097 ], [ 13.475666661000048, 32.846222845 ], [ 13.475437830000033, 32.846285334000129 ], [ 13.475104397000052, 32.846525588000134 ], [ 13.474840368000116, 32.846791558000064 ], [ 13.474375111000086, 32.846950342000071 ], [ 13.472777168000164, 32.847328158999971 ], [ 13.472418270000105, 32.847495969000192 ], [ 13.471811443000092, 32.847883018000175 ], [ 13.471386568000185, 32.847942359000172 ], [ 13.470823857000084, 32.84792647200004 ], [ 13.470504534000042, 32.847810452000033 ], [ 13.470269111, 32.847649979000153 ], [ 13.46971955500004, 32.84771695500018 ], [ 13.469319550000023, 32.847860195000123 ], [ 13.46672134, 32.848370521000106 ], [ 13.462409467000043, 32.849507459000165 ], [ 13.459298266000076, 32.850536832000159 ], [ 13.458864035000147, 32.850476977000085 ], [ 13.457009676999974, 32.851066378000098 ], [ 13.45635280700003, 32.851480190000075 ], [ 13.455926196000121, 32.851748941000039 ], [ 13.455613398000025, 32.851823281000122 ], [ 13.455006561000175, 32.851853624000057 ], [ 13.45083758100003, 32.853268836000098 ], [ 13.448149600000079, 32.854274281000073 ], [ 13.444338133000144, 32.855901538000126 ], [ 13.440939838000077, 32.857522903000074 ], [ 13.438075901000161, 32.858932940000159 ], [ 13.436895591, 32.859565019000115 ], [ 13.435764452000114, 32.860376801000143 ], [ 13.434727194000118, 32.860953489000053 ], [ 13.433070693000104, 32.862260942000148 ], [ 13.432665677000159, 32.862483056000087 ], [ 13.431954001000065, 32.862669416000017 ], [ 13.431485983000073, 32.862926644000026 ], [ 13.430686130000083, 32.863726882000151 ], [ 13.430607204000125, 32.863938611000151 ], [ 13.430327248000026, 32.863894932000164 ], [ 13.430041377000066, 32.863695281999981 ], [ 13.429798839000114, 32.863622481000107 ], [ 13.42938384100006, 32.863535136000053 ], [ 13.42896238100019, 32.863726058000054 ], [ 13.427705263000064, 32.864295520000098 ], [ 13.425775082000143, 32.865357779000135 ], [ 13.423231930000043, 32.866576107000071 ], [ 13.422085579000168, 32.867082917000062 ], [ 13.421129459000099, 32.867441536000172 ], [ 13.420583856000121, 32.867646179000133 ], [ 13.41860468100009, 32.86817197300013 ], [ 13.417068803000177, 32.868642559000136 ], [ 13.415327328000046, 32.869711505000168 ], [ 13.415053094000143, 32.869976246000135 ], [ 13.414740432000031, 32.870397042000093 ], [ 13.414438920000123, 32.870540898000115 ], [ 13.414111275999971, 32.87051762800013 ], [ 13.413711894000187, 32.870565117000069 ], [ 13.412396113999989, 32.871227323000141 ], [ 13.411344049000093, 32.871815261000108 ], [ 13.410346900000093, 32.872423167000136 ], [ 13.410125206000032, 32.872695609000118 ], [ 13.410039269000151, 32.873312088999967 ], [ 13.409898967000061, 32.873443994000127 ], [ 13.409158220000165, 32.87380491000016 ], [ 13.408713919000093, 32.874021375000041 ], [ 13.40851029800001, 32.874313482000161 ], [ 13.408361133000028, 32.874867916000028 ], [ 13.407798929000023, 32.87518460900003 ], [ 13.40725032000006, 32.875513579000085 ], [ 13.405792531000145, 32.876311574999988 ], [ 13.405038380000178, 32.876912131000154 ], [ 13.404475825000077, 32.877585434000139 ], [ 13.404348808000123, 32.877712890000055 ], [ 13.403888486000085, 32.878174799000135 ], [ 13.402624190000097, 32.879826453000021 ], [ 13.400479965000045, 32.882332437000059 ], [ 13.399893049000127, 32.882909903000098 ], [ 13.399631093000153, 32.883116324000184 ], [ 13.399295895000137, 32.883391968000069 ], [ 13.399012326, 32.883867025000029 ], [ 13.39895262400006, 32.884214224000061 ], [ 13.398942056000067, 32.884475444000032 ], [ 13.398823702000016, 32.884614682000176 ], [ 13.398488003000068, 32.884902197000088 ], [ 13.398258162000161, 32.885359185000027 ], [ 13.397625400000038, 32.886156539000126 ], [ 13.397392534000119, 32.886449975000062 ], [ 13.397072402000106, 32.886946197999976 ], [ 13.396186436000164, 32.887807727000165 ], [ 13.395634827000094, 32.888207870000144 ], [ 13.395159193000154, 32.888720689000024 ], [ 13.394700066999974, 32.889369673000033 ], [ 13.394492556000159, 32.889969943000153 ], [ 13.394318969000096, 32.890428558000167 ], [ 13.394065863000094, 32.891110733000062 ], [ 13.394014592000019, 32.891679860000181 ], [ 13.394120132000069, 32.892027960000178 ], [ 13.39412690600011, 32.892384482000182 ], [ 13.393912439000189, 32.892461497000056 ], [ 13.39368147800019, 32.892597485000124 ], [ 13.393517503000055, 32.892818606000048 ], [ 13.393464680000022, 32.89307861500015 ], [ 13.393502040000101, 32.893391101000077 ], [ 13.393431827000029, 32.893541286000186 ], [ 13.393275082000116, 32.893584311000097 ], [ 13.393181386000037, 32.893462730000067 ], [ 13.39308816200014, 32.893329268 ], [ 13.392820767000103, 32.893321548000074 ], [ 13.392313519000083, 32.893601917000126 ], [ 13.391877526000144, 32.893995674999985 ], [ 13.391440840000087, 32.894339683000055 ], [ 13.390731064000136, 32.895163196000055 ], [ 13.38956227400007, 32.896051343000124 ], [ 13.388554490000161, 32.896616668000092 ], [ 13.387367749000134, 32.896789646000173 ], [ 13.385390658000063, 32.896974739000143 ], [ 13.382001296999988, 32.89679179500007 ], [ 13.381334767000112, 32.896840844000167 ], [ 13.380951867000022, 32.896901068000147 ], [ 13.380453469000031, 32.897029278000105 ], [ 13.380014748000065, 32.897075993000158 ], [ 13.379107651000027, 32.89685950500018 ], [ 13.378840730999968, 32.896839874000079 ], [ 13.3785985560001, 32.896904165000137 ], [ 13.378089868000131, 32.897057329 ], [ 13.377089905000048, 32.897141794000163 ], [ 13.375648587, 32.897637927000119 ], [ 13.375477603000093, 32.897809721000101 ], [ 13.374720794999973, 32.897157576000041 ], [ 13.374667745000011, 32.896894744000178 ], [ 13.374550724000017, 32.8968606090001 ], [ 13.374155171999973, 32.896941841000057 ], [ 13.373572144000093, 32.896955157000093 ], [ 13.372908606000067, 32.89682123700004 ], [ 13.371844071000169, 32.896552864000114 ], [ 13.371107397000173, 32.896258533000037 ], [ 13.370472926000161, 32.8961777130001 ], [ 13.369595876000062, 32.896152219000101 ], [ 13.36903081100013, 32.896182591000127 ], [ 13.368564106000122, 32.896293774000185 ], [ 13.368476130000147, 32.896329853000054 ], [ 13.368084677000184, 32.896490362000122 ], [ 13.367717624000079, 32.896651248000069 ], [ 13.367430481000042, 32.896666282000069 ], [ 13.367015676999983, 32.896638626000083 ], [ 13.366321071000073, 32.896552071000144 ], [ 13.365195371000027, 32.896435798000027 ], [ 13.362060605000181, 32.895913041000028 ], [ 13.357199978999972, 32.895821201000047 ], [ 13.355393819000142, 32.895646128000067 ], [ 13.354034832000025, 32.895473868000181 ], [ 13.353078434000111, 32.895507124000119 ], [ 13.351681937000137, 32.895660113000076 ], [ 13.350018932000125, 32.895937973000116 ], [ 13.349551765000115, 32.896016017000193 ], [ 13.348595394000085, 32.896205627000086 ], [ 13.348381323000069, 32.896257171000059 ], [ 13.347996196000054, 32.896215296999969 ], [ 13.347332584000071, 32.895889944000146 ], [ 13.346740939000028, 32.895872624000162 ], [ 13.345847078000077, 32.895560908000107 ], [ 13.345269189000135, 32.895503205000068 ], [ 13.343746766000038, 32.895428677000098 ], [ 13.342629290000104, 32.895435281000118 ], [ 13.341443542000036, 32.895596932000046 ], [ 13.339949626000077, 32.896102107000047 ], [ 13.339597775000186, 32.896132587000068 ], [ 13.339253149000115, 32.896083703000102 ], [ 13.338641057000075, 32.895880164000062 ], [ 13.338171622000061, 32.895907043000079 ], [ 13.337679648, 32.896035552000114 ], [ 13.336111938000158, 32.896529750000184 ], [ 13.335827617000177, 32.89659415300008 ], [ 13.335218334000103, 32.896732160000056 ], [ 13.334475853000072, 32.896815557000082 ], [ 13.333270787000174, 32.896738908000032 ], [ 13.331559021000146, 32.896416819000137 ], [ 13.329669992000049, 32.89649390400001 ], [ 13.327832046000026, 32.896796818000041 ], [ 13.325828968000053, 32.897454026000048 ], [ 13.32430636600003, 32.897570170999984 ], [ 13.323668391000069, 32.897796163000066 ], [ 13.323630584000057, 32.897805318000167 ], [ 13.321641285000055, 32.898287191000179 ], [ 13.321388564000188, 32.898259354000118 ], [ 13.321106793000013, 32.898057280000046 ], [ 13.320409007000023, 32.897975533000135 ], [ 13.319385484000179, 32.898169736000114 ], [ 13.318506694000121, 32.898663955000075 ], [ 13.317008902000168, 32.899537108000118 ], [ 13.316265590000114, 32.899876627000083 ], [ 13.314832946000081, 32.900229063000097 ], [ 13.31323231000016, 32.900497076000136 ], [ 13.312138067000149, 32.900857148999989 ], [ 13.311245361000147, 32.901182885000139 ], [ 13.310352797, 32.901385158999972 ], [ 13.309339180999984, 32.901555885000107 ], [ 13.309187942, 32.901642341000127 ], [ 13.308880649000059, 32.901817998000183 ], [ 13.307941835, 32.902594712000166 ], [ 13.307445970000117, 32.902833784000052 ], [ 13.306030724000095, 32.902955262000148 ], [ 13.305220463000126, 32.903084954000064 ], [ 13.304673863000176, 32.903196915000137 ], [ 13.303722238000034, 32.903280332000065 ], [ 13.303067897000176, 32.903337694000186 ], [ 13.30200798900006, 32.903578480000192 ], [ 13.300883696000028, 32.904066934000127 ], [ 13.29972063200006, 32.904792005000161 ], [ 13.298352401999978, 32.905961786000034 ], [ 13.297946273000036, 32.906133322000187 ], [ 13.297497577000058, 32.906456566000145 ], [ 13.297287894000021, 32.907028015000037 ], [ 13.297067248000076, 32.907208696000168 ], [ 13.296085741000127, 32.907261169000151 ], [ 13.29539449400005, 32.907312047000119 ], [ 13.294382903000098, 32.907506388000115 ], [ 13.293661495000094, 32.907575955000084 ], [ 13.293200977000026, 32.907726279000087 ], [ 13.292951818000063, 32.907902456000045 ], [ 13.292630949999989, 32.908213231000047 ], [ 13.291970863000188, 32.908621399000083 ], [ 13.291063480000162, 32.908825429000103 ], [ 13.290148797000086, 32.90909387500011 ], [ 13.289516218000017, 32.90973212300014 ], [ 13.289174249999974, 32.909768736000103 ], [ 13.288584632000038, 32.909702841000069 ], [ 13.288074797000036, 32.909460697999975 ], [ 13.286990566000156, 32.909367260000067 ], [ 13.286105657, 32.909422527000117 ], [ 13.284462076000182, 32.909382492000077 ], [ 13.283727224000131, 32.909341548999976 ], [ 13.28316140000004, 32.909283919000188 ], [ 13.282201572000019, 32.909063870000182 ], [ 13.28145971500004, 32.909031644000038 ], [ 13.280631117000041, 32.909075975000064 ], [ 13.280044688000089, 32.909221680000087 ], [ 13.279742274000114, 32.909295360000158 ], [ 13.278858863000096, 32.909430999000108 ], [ 13.277970848999985, 32.909374028000116 ], [ 13.277039776000152, 32.909376861000055 ], [ 13.276530903000037, 32.90940247900005 ], [ 13.275996597000074, 32.909457935000034 ], [ 13.275381194000033, 32.909429371000158 ], [ 13.274939106999966, 32.909304005000081 ], [ 13.27297680099997, 32.908778857000129 ], [ 13.271455203000016, 32.908652410000059 ], [ 13.270275348000041, 32.908701359000133 ], [ 13.269377009000038, 32.908864502000029 ], [ 13.268859618000135, 32.908969487000093 ], [ 13.267760985000052, 32.909507760000167 ], [ 13.267071078000129, 32.909813478000046 ], [ 13.266885888000047, 32.909755177000136 ], [ 13.266856302000122, 32.909745850000149 ], [ 13.266652413000031, 32.909556918000135 ], [ 13.266337305000036, 32.909149026000136 ], [ 13.265726143000109, 32.908723541000029 ], [ 13.265070430000151, 32.908485756000175 ], [ 13.264388955000129, 32.908386827000072 ], [ 13.263878129000148, 32.908402366000189 ], [ 13.263450085000102, 32.90849436700006 ], [ 13.262283662000129, 32.909099477000041 ], [ 13.261630263000143, 32.90924272899997 ], [ 13.261014892000105, 32.909303072000114 ], [ 13.260550008000052, 32.909342956000046 ], [ 13.260078422000106, 32.909244921000152 ], [ 13.2596843930001, 32.908939684000075 ], [ 13.259425606999969, 32.9087687600001 ], [ 13.259112094000045, 32.908749168000099 ], [ 13.258553631000154, 32.908803816000159 ], [ 13.258152155000118, 32.908863180000139 ], [ 13.257722950000073, 32.908970606000139 ], [ 13.257239672000026, 32.90899899600015 ], [ 13.257268180000096, 32.909183433000067 ], [ 13.257395425000027, 32.909319805000166 ], [ 13.25733332100009, 32.909358730000065 ], [ 13.257226373000094, 32.909314740000184 ], [ 13.257097837000117, 32.909208915000193 ], [ 13.25700939799998, 32.90901248800003 ], [ 13.256152076000092, 32.908986780000021 ], [ 13.255282259000182, 32.908970887000066 ], [ 13.254546899000104, 32.908888568000066 ], [ 13.253342061000069, 32.90875365100004 ], [ 13.252496150000127, 32.908693067000172 ], [ 13.251611976000163, 32.908813568000085 ], [ 13.25074556800007, 32.909038692000081 ], [ 13.249014986000077, 32.909611442000028 ], [ 13.248322494000149, 32.909730763000027 ], [ 13.247886068000071, 32.909758446000126 ], [ 13.24738197400012, 32.909729858000048 ], [ 13.24705203700006, 32.90975377400008 ], [ 13.246415782000099, 32.909865828000136 ], [ 13.246006708000039, 32.909885514000166 ], [ 13.245719501000167, 32.909815683000147 ], [ 13.245362417000081, 32.909682574000044 ], [ 13.245333508000101, 32.909665808000113 ], [ 13.245102792000182, 32.909531991000108 ], [ 13.244499494000024, 32.909503648000168 ], [ 13.244180561000178, 32.909570472000041 ], [ 13.243995363000124, 32.909702641000024 ], [ 13.243858692000117, 32.910075859000187 ], [ 13.243621502, 32.910252293000042 ], [ 13.243166120000183, 32.91036558400009 ], [ 13.242305142000191, 32.910457623000127 ], [ 13.242131131000065, 32.910615376000123 ], [ 13.242028506, 32.910755068000128 ], [ 13.241921132000186, 32.910721232000185 ], [ 13.241878430000042, 32.910587370000144 ], [ 13.241484693000075, 32.910463333000109 ], [ 13.240396272000169, 32.910373477000121 ], [ 13.240187633, 32.910385929000086 ], [ 13.23993786900013, 32.91035194 ], [ 13.239745783000046, 32.910438860000113 ], [ 13.239660652000055, 32.910595222000097 ], [ 13.239484243999982, 32.910682599000097 ], [ 13.239340330000175, 32.91074448400019 ], [ 13.239163357, 32.91084511300005 ], [ 13.238893428000154, 32.910916431000089 ], [ 13.238675031000128, 32.910883363000039 ], [ 13.238552939000101, 32.910800229000074 ], [ 13.238333979000117, 32.910780387000045 ], [ 13.23802036100011, 32.910770936000063 ], [ 13.237913406000075, 32.910701484000185 ], [ 13.237650196000118, 32.910614097000121 ], [ 13.237242497000068, 32.91060181000006 ], [ 13.237069468000016, 32.910609833000137 ], [ 13.236947941000039, 32.910513481000123 ], [ 13.236781622000024, 32.910362785000132 ], [ 13.2364081, 32.910285292000026 ], [ 13.236073764000082, 32.910394413000063 ], [ 13.235845828000038, 32.910586195000121 ], [ 13.235628537000082, 32.910897477000105 ], [ 13.235404501000062, 32.911367496000025 ], [ 13.235405594000042, 32.911711851000177 ], [ 13.235319348000189, 32.911894660000144 ], [ 13.235965023000063, 32.912589545000174 ], [ 13.236021602000051, 32.912736922000192 ], [ 13.235984638000161, 32.912868248000052 ], [ 13.234893699000054, 32.912676417000057 ], [ 13.232145732000163, 32.9115737730001 ], [ 13.232009111000139, 32.911092892000056 ], [ 13.233104088000061, 32.909338068000125 ], [ 13.233129881000139, 32.909268707000024 ], [ 13.23313319500005, 32.909190439000099 ], [ 13.232930141000111, 32.908953867000093 ], [ 13.232629570000029, 32.908733380000058 ], [ 13.23184734400013, 32.908312107000086 ], [ 13.231269237, 32.908055435000165 ], [ 13.231140394000079, 32.908012537000161 ], [ 13.231026504000113, 32.907974609000064 ], [ 13.230709017000038, 32.907891305000078 ], [ 13.230331013000182, 32.907882016000087 ], [ 13.229954422000048, 32.907872761000135 ], [ 13.229675117000113, 32.907865886000025 ], [ 13.229315565000036, 32.907733981000035 ], [ 13.22905713800003, 32.907549661000076 ], [ 13.228217410000184, 32.907345907999968 ], [ 13.227262976000077, 32.907180317000041 ], [ 13.225890756000069, 32.907080890000088 ], [ 13.224897813000041, 32.906856790000177 ], [ 13.224253312000087, 32.906827079000152 ], [ 13.223617035000132, 32.90683191800008 ], [ 13.223081755000067, 32.907039506000046 ], [ 13.222823435, 32.907353158000035 ], [ 13.222422369000071, 32.907823180000037 ], [ 13.221614387000159, 32.908900858000038 ], [ 13.220196449000071, 32.910878479000132 ], [ 13.219997534000072, 32.911157084000024 ], [ 13.218720160999965, 32.912946165000164 ], [ 13.217530336000038, 32.914678071000139 ], [ 13.217153463000045, 32.915217717000189 ], [ 13.216812565000055, 32.915551796000045 ], [ 13.216527992000067, 32.915841666 ], [ 13.216382301000181, 32.91606686199998 ], [ 13.216108445999964, 32.916239825 ], [ 13.215988279000044, 32.919343923000156 ], [ 13.215691953000089, 32.919490026000062 ], [ 13.215328731000056, 32.919708612000079 ], [ 13.214826649000031, 32.919991881000158 ], [ 13.213990457000136, 32.920448695000118 ], [ 13.213070755999979, 32.920948889999977 ], [ 13.212487080000187, 32.921229662000144 ], [ 13.212044344000162, 32.921187567000118 ], [ 13.211544286000162, 32.920994402000019 ], [ 13.210879256000055, 32.920629809000161 ], [ 13.210107430000107, 32.920216050000136 ], [ 13.209230779000166, 32.919707251000034 ], [ 13.207209568000167, 32.918589653000083 ], [ 13.206976140000052, 32.918475371000056 ], [ 13.205209688000082, 32.917610451000087 ], [ 13.202204234000078, 32.915957728000024 ], [ 13.198529052000083, 32.914054939000096 ], [ 13.196533327000111, 32.912983880000183 ], [ 13.195006203000048, 32.912302094999973 ], [ 13.193454189000079, 32.911666415000127 ], [ 13.190104607000023, 32.910294369000155 ], [ 13.183346592000134, 32.907886836000159 ], [ 13.180712406000168, 32.906783703000087 ], [ 13.17652264000003, 32.904841587000192 ], [ 13.173944908000124, 32.903383580000082 ], [ 13.173271717000091, 32.903002813000057 ], [ 13.172108086000037, 32.902325456000085 ], [ 13.171713432000047, 32.901773808000087 ], [ 13.171537894999972, 32.901396252000097 ], [ 13.17142957100009, 32.900794219000147 ], [ 13.171290117000126, 32.900494310999989 ], [ 13.171254016000034, 32.900416672000063 ], [ 13.171039772000086, 32.900242716000037 ], [ 13.17090188800006, 32.900130798000021 ], [ 13.170357180999986, 32.899418290000085 ], [ 13.169764258000043, 32.899254084000177 ], [ 13.169371544000057, 32.899145342000054 ], [ 13.16926498000015, 32.898947892000024 ], [ 13.169317907000163, 32.898609714000145 ], [ 13.169487873000037, 32.898226581000131 ], [ 13.169481963000067, 32.897918945000072 ], [ 13.169197760000088, 32.897392441000022 ], [ 13.168928555000093, 32.896963474000188 ], [ 13.168419038000138, 32.89676984200014 ], [ 13.16781165600014, 32.896621748000143 ], [ 13.166562166000176, 32.896636904000161 ], [ 13.165445080000097, 32.896566791000112 ], [ 13.165102424000168, 32.896440939000172 ], [ 13.16466208200012, 32.896279204000052 ], [ 13.164006448000066, 32.895807887000046 ], [ 13.163900833000127, 32.89557724500014 ], [ 13.16378065400005, 32.894770445000177 ], [ 13.162921321000113, 32.89373285500011 ], [ 13.16236084500008, 32.892571795000151 ], [ 13.162321607000024, 32.892490526000074 ], [ 13.162095242000021, 32.891540716000179 ], [ 13.162137346000122, 32.890689755000039 ], [ 13.162076908000131, 32.889956961000166 ], [ 13.161807779000128, 32.889268070000071 ], [ 13.161576125000181, 32.888595438000038 ], [ 13.161209288000123, 32.887842923000051 ], [ 13.160794580000072, 32.887231469000085 ], [ 13.159555842999964, 32.886051375000136 ], [ 13.158691189000024, 32.885324149000155 ], [ 13.157646273000069, 32.884600284000044 ], [ 13.156540304000146, 32.883952726000132 ], [ 13.155398068000125, 32.883501960000103 ], [ 13.154734148999978, 32.883003714000097 ], [ 13.154303690000177, 32.882943870000133 ], [ 13.154268584000135, 32.882938970000112 ], [ 13.153816797000104, 32.882940321000092 ], [ 13.153505636000034, 32.882823995000081 ], [ 13.15337551500005, 32.88264779400015 ], [ 13.152980653000043, 32.882590781000147 ], [ 13.152101142, 32.882897461000141 ], [ 13.151772108000159, 32.882925048000175 ], [ 13.151918702000046, 32.882606997000039 ], [ 13.151497844, 32.882375931000126 ], [ 13.150938266000082, 32.882282659000055 ], [ 13.150496320000116, 32.882007073000182 ], [ 13.150284597000109, 32.881680378000055 ], [ 13.149864806999972, 32.880940981000037 ], [ 13.149031682000043, 32.880483986000172 ], [ 13.148685470000032, 32.880405387000167 ], [ 13.148259637000024, 32.880481738000185 ], [ 13.147768682, 32.880753782000113 ], [ 13.146983094, 32.881485714000121 ], [ 13.146398756000167, 32.881671771000129 ], [ 13.14579264300005, 32.881716617000109 ], [ 13.145243577000087, 32.881612690000111 ], [ 13.144807948, 32.88140906000018 ], [ 13.144295649000185, 32.880565772000182 ], [ 13.143940871000098, 32.880357355000115 ], [ 13.143468489000099, 32.880254757000102 ], [ 13.14218035600004, 32.880064100000084 ], [ 13.141149743000085, 32.880120265000187 ], [ 13.139959954000176, 32.880410403000042 ], [ 13.139378650000026, 32.880757071000119 ], [ 13.138971568999978, 32.881209715000068 ], [ 13.138425127000062, 32.881789909000133 ], [ 13.137802961000148, 32.882041150000077 ], [ 13.136911029000032, 32.882400344000132 ], [ 13.136151157000029, 32.882434009000121 ], [ 13.135731314000054, 32.882391988000109 ], [ 13.135525155000153, 32.882335319000163 ], [ 13.135401992000141, 32.881740556000068 ], [ 13.135403340000096, 32.881023900000059 ], [ 13.135193758000128, 32.880703085999983 ], [ 13.134694755000169, 32.88011338300015 ], [ 13.133871268000178, 32.879368909 ], [ 13.133460072000048, 32.879194629000153 ], [ 13.133165299000098, 32.879094644000133 ], [ 13.132893097000135, 32.879025647000049 ], [ 13.132806827000081, 32.879083542000103 ], [ 13.132673385000089, 32.879380829000127 ], [ 13.132474992000084, 32.879285295000045 ], [ 13.132551956000043, 32.879166513000143 ], [ 13.132743694000112, 32.878791497 ], [ 13.132752675000063, 32.878678028000138 ], [ 13.132557449000046, 32.878490246000069 ], [ 13.132194047000041, 32.878317454000126 ], [ 13.131582798000181, 32.878066308000143 ], [ 13.130449771000144, 32.877708133999988 ], [ 13.129502747000117, 32.877575596000042 ], [ 13.128995453000073, 32.877733312000146 ], [ 13.128606065000156, 32.87795458100004 ], [ 13.128323380000154, 32.878521136000131 ], [ 13.127753175000123, 32.878267296000104 ], [ 13.128086681000184, 32.877846922000117 ], [ 13.128141493999976, 32.877687076000029 ], [ 13.128039515000182, 32.877496540999971 ], [ 13.12727610800016, 32.877236346000075 ], [ 13.126791231000084, 32.87737261500007 ], [ 13.126513769000042, 32.877424584000153 ], [ 13.126264166999988, 32.877386553000122 ], [ 13.12605480000019, 32.877248804000033 ], [ 13.125954893000028, 32.876819446000184 ], [ 13.125535257000081, 32.876371402000075 ], [ 13.124990918000094, 32.876107104000027 ], [ 13.124455972000078, 32.875990740000191 ], [ 13.123964725000178, 32.876003523000122 ], [ 13.12361517100004, 32.876099821000082 ], [ 13.123163542000043, 32.876700918000154 ], [ 13.122800039000083, 32.876823854 ], [ 13.122463970000069, 32.876631758000144 ], [ 13.122128691000171, 32.876421519000019 ], [ 13.121125369000083, 32.876204197000163 ], [ 13.120323203000169, 32.876009694000174 ], [ 13.119845509000072, 32.8760292770001 ], [ 13.119239587000038, 32.876590403000137 ], [ 13.119069233000118, 32.876622587000156 ], [ 13.118433436000032, 32.87674270500014 ], [ 13.118212901000163, 32.876863021000133 ], [ 13.118185074000053, 32.877007475000028 ], [ 13.118111874000078, 32.87720503200012 ], [ 13.118187556000123, 32.87744352600015 ], [ 13.118311796000057, 32.877556391000155 ], [ 13.118830160000186, 32.877518004000081 ], [ 13.119612034, 32.877360635000116 ], [ 13.120142237000096, 32.877050136000094 ], [ 13.120612841000138, 32.877119241000059 ], [ 13.120972780000159, 32.877257584 ], [ 13.121113774000094, 32.877479957000048 ], [ 13.120928338000056, 32.877783011000076 ], [ 13.120511143000044, 32.877969877000055 ], [ 13.119988049000142, 32.87811712600012 ], [ 13.119362998000042, 32.878134033000151 ], [ 13.118904532000101, 32.878015606000019 ], [ 13.118138235, 32.87814691400007 ], [ 13.117608819000111, 32.878448915000092 ], [ 13.117018438000173, 32.878371325000103 ], [ 13.116017103000047, 32.877848372000074 ], [ 13.115132370000083, 32.877403041000093 ], [ 13.114806616000124, 32.876975090000087 ], [ 13.114972889000114, 32.876652389000128 ], [ 13.114534963000153, 32.8762945040001 ], [ 13.114057151000054, 32.87589815399997 ], [ 13.114200420000088, 32.875575628000149 ], [ 13.11441539000009, 32.875582316000134 ], [ 13.114686392000124, 32.875560318000112 ], [ 13.114327215000174, 32.874978550000094 ], [ 13.113315488000069, 32.87468074700007 ], [ 13.112626032000037, 32.874164194000059 ], [ 13.110609880000027, 32.873798243000067 ], [ 13.10992119500014, 32.873498673000142 ], [ 13.109480923000092, 32.87290734700008 ], [ 13.108582232000117, 32.872870099000181 ], [ 13.108334169999978, 32.872799224000119 ], [ 13.107881550000059, 32.872300760000087 ], [ 13.107187675000091, 32.871979024999973 ], [ 13.107144340000161, 32.871774458000061 ], [ 13.107297415000119, 32.87120881900006 ], [ 13.107148512000151, 32.870941739000159 ], [ 13.106993767, 32.870838361000096 ], [ 13.106834787000025, 32.870732135000026 ], [ 13.10555767000011, 32.870401669000046 ], [ 13.104881702000171, 32.870108113000072 ], [ 13.104376899000044, 32.869838045000108 ], [ 13.103090298000097, 32.869725245000041 ], [ 13.102290926000023, 32.869300663000104 ], [ 13.101826732000177, 32.869086343000106 ], [ 13.10086974900014, 32.868820327000151 ], [ 13.100204943, 32.86878099900008 ], [ 13.098828088000062, 32.868056462000084 ], [ 13.09692032200013, 32.867766952000125 ], [ 13.09549013600008, 32.867308011000034 ], [ 13.093548484, 32.86710204200017 ], [ 13.092651127000124, 32.866765097000098 ], [ 13.09207393600002, 32.866674379000187 ], [ 13.091291793999972, 32.86635988200004 ], [ 13.090941590000114, 32.865963674000113 ], [ 13.090933334000169, 32.865676736000182 ], [ 13.091186138000126, 32.864857935000032 ], [ 13.091143987000123, 32.864433999000084 ], [ 13.091037771, 32.864210429000082 ], [ 13.09074640700004, 32.86400386300005 ], [ 13.090329921000091, 32.863867205000133 ], [ 13.089669787000162, 32.864074115000165 ], [ 13.089394353000102, 32.863974671000108 ], [ 13.089355043000069, 32.86382779000013 ], [ 13.089385079000067, 32.863350139000147 ], [ 13.089156209000123, 32.863147339000079 ], [ 13.0890840940001, 32.863113888000044 ], [ 13.088686400000086, 32.862929357000155 ], [ 13.088087053000095, 32.862821930000052 ], [ 13.087226259000147, 32.863214423000102 ], [ 13.085835352000061, 32.863226454000142 ], [ 13.084801611000046, 32.863759679999987 ], [ 13.084431540000082, 32.863832571999978 ], [ 13.083798617000014, 32.863472382000054 ], [ 13.08291013000013, 32.862755820000075 ], [ 13.082540813000037, 32.86253132600018 ], [ 13.082136995000042, 32.862457227000164 ], [ 13.081058218000067, 32.862445978000039 ], [ 13.0807303200001, 32.862442563000172 ], [ 13.079398493000099, 32.861776669000164 ], [ 13.078966023000021, 32.861639388000071 ], [ 13.078196853000179, 32.861643569000137 ], [ 13.077768675000073, 32.86176647100018 ], [ 13.07760160100014, 32.861660574000041 ], [ 13.077291545000037, 32.8612132290001 ], [ 13.076800652000031, 32.861091094000187 ], [ 13.076214716000038, 32.861199853000016 ], [ 13.075616275000186, 32.861133103000043 ], [ 13.075268985000037, 32.861170143000038 ], [ 13.074373325000181, 32.861468979999984 ], [ 13.073837591000085, 32.861415815000157 ], [ 13.073400194000044, 32.861278680000055 ], [ 13.073363261000111, 32.860946753000064 ], [ 13.073356980000028, 32.860601413000097 ], [ 13.073423855000158, 32.860328853000112 ], [ 13.073552003000088, 32.860249703000136 ], [ 13.073919113000102, 32.860247593000111 ], [ 13.074027938000086, 32.86005477700013 ], [ 13.073969468000087, 32.859492081000155 ], [ 13.073584516000039, 32.859084496000094 ], [ 13.072744502000148, 32.858912416000067 ], [ 13.071591565000062, 32.858263977000149 ], [ 13.070425332000127, 32.857905692000031 ], [ 13.068894307000164, 32.857728406000149 ], [ 13.067239714000152, 32.857731299000079 ], [ 13.066788575000032, 32.857615906000035 ], [ 13.065541905999964, 32.857058922000135 ], [ 13.06549567400009, 32.857061932000079 ], [ 13.064513923000106, 32.857126028000039 ], [ 13.064177957000027, 32.857006850000118 ], [ 13.063797544000067, 32.856471934000069 ], [ 13.062960364999981, 32.856151271000101 ], [ 13.062335534000056, 32.856094528000142 ], [ 13.060755056000062, 32.856175571000165 ], [ 13.059941247000154, 32.855891959000132 ], [ 13.057741436000128, 32.855023301000017 ], [ 13.056744994999974, 32.854683040000054 ], [ 13.054667235000011, 32.853962968000133 ], [ 13.05421804000008, 32.853912964000074 ], [ 13.053837618000045, 32.853755629000148 ], [ 13.053493189000051, 32.853272444000027 ], [ 13.053205139, 32.853112632000148 ], [ 13.05270548600015, 32.85259360900011 ], [ 13.052352998000117, 32.852291838000099 ], [ 13.051922728000079, 32.852166351000108 ], [ 13.051835934000167, 32.851881878000086 ], [ 13.051855664000186, 32.851241390000041 ], [ 13.051757209000129, 32.851008366000087 ], [ 13.051395673000059, 32.850678072000164 ], [ 13.051337915999966, 32.85066981500006 ], [ 13.050771435000115, 32.850588798000047 ], [ 13.050084547000097, 32.850548933000027 ], [ 13.049232177000079, 32.850358486000175 ], [ 13.048724706000144, 32.850520244000052 ], [ 13.04825545, 32.850545574000193 ], [ 13.047560727000189, 32.850418226000158 ], [ 13.045923311000081, 32.849958924000134 ], [ 13.045072947000051, 32.84988082600006 ], [ 13.04448660200012, 32.850063981000062 ], [ 13.044036541000082, 32.850414085000068 ], [ 13.043854575000125, 32.850889840999969 ], [ 13.043930853000063, 32.851400344000012 ], [ 13.04387317700008, 32.851533048000192 ], [ 13.043529263000039, 32.851561664000087 ], [ 13.042698721000079, 32.85139413100012 ], [ 13.042210715000181, 32.850971853000033 ], [ 13.040162453, 32.850089520000097 ], [ 13.039458929000034, 32.849940065000112 ], [ 13.038758625000014, 32.849718034000091 ], [ 13.038823409000031, 32.849229630000025 ], [ 13.038634031000186, 32.849132807999979 ], [ 13.038481200999968, 32.84918245 ], [ 13.038322686000129, 32.849359078000077 ], [ 13.038244495000129, 32.849665404000177 ], [ 13.037282922000031, 32.849404530000129 ], [ 13.035957496000151, 32.848829927000054 ], [ 13.035843101000012, 32.848499319000098 ], [ 13.035581184000137, 32.848581833000139 ], [ 13.0349843300001, 32.848453918000132 ], [ 13.034494922000135, 32.848329389000071 ], [ 13.033643411000071, 32.84812070400011 ], [ 13.0331069, 32.848081237000144 ], [ 13.032692227000098, 32.847781583000028 ], [ 13.032830274000048, 32.847344535000104 ], [ 13.032802110000034, 32.847328783000023 ], [ 13.03244116500008, 32.84712679800009 ], [ 13.031990908000068, 32.847079438000094 ], [ 13.031541308000158, 32.847349602000065 ], [ 13.031015115000059, 32.847219801000108 ], [ 13.030745460000048, 32.846993261000193 ], [ 13.030513115000076, 32.84689505700004 ], [ 13.030104020000067, 32.846900216 ], [ 13.028752593000092, 32.846363060000158 ], [ 13.028099859000065, 32.846119525000177 ], [ 13.027305957000124, 32.845962707000183 ], [ 13.025367844000073, 32.84549626200004 ], [ 13.024432068000067, 32.845248509000044 ], [ 13.023637324000049, 32.844965567000088 ], [ 13.023237197000071, 32.844538363000083 ], [ 13.023133384000118, 32.843971943000099 ], [ 13.023235919000172, 32.843121461000067 ], [ 13.022955337000042, 32.842658395000171 ], [ 13.022219474000167, 32.842271670000059 ], [ 13.021529826000119, 32.841813752000178 ], [ 13.020784603000038, 32.841600233000179 ], [ 13.020531258000119, 32.841527650000103 ], [ 13.018887269000061, 32.841195563999975 ], [ 13.018241828000043, 32.841236730000048 ], [ 13.01781856700012, 32.841077921000135 ], [ 13.017367839000087, 32.840670712000076 ], [ 13.016186416000153, 32.840755961000127 ], [ 13.015409175000059, 32.840583324000136 ], [ 13.015034281000112, 32.840213064000068 ], [ 13.0143214470001, 32.839759898000068 ], [ 13.01284490200004, 32.839500500000099 ], [ 13.012400042000024, 32.83934950400004 ], [ 13.011398557, 32.838366397000129 ], [ 13.009903775000168, 32.837749415000076 ], [ 13.00886119300003, 32.837483385000041 ], [ 13.008120877000067, 32.837509505000071 ], [ 13.007845279000037, 32.837471826000069 ], [ 13.007407882000166, 32.83714905000005 ], [ 13.006866868000145, 32.837019491000035 ], [ 13.005446625000161, 32.83674123000003 ], [ 13.005330240000035, 32.836713631000123 ], [ 13.003232421000064, 32.836216297000192 ], [ 13.002783665000095, 32.836147462000099 ], [ 13.001742267000054, 32.835859841 ], [ 13.001200235000169, 32.835951488000035 ], [ 13.000725913000167, 32.835972628000036 ], [ 13.000406899000097, 32.835889765 ], [ 13.000137356000039, 32.835663157999988 ], [ 13.000022289000071, 32.835350674999972 ], [ 12.999647769000148, 32.835066209999979 ], [ 12.998685, 32.834944560000054 ], [ 12.997781697000107, 32.8351873740001 ], [ 12.997300573000075, 32.835185316000093 ], [ 12.996809815000177, 32.83508914500004 ], [ 12.996383513000069, 32.834888876000093 ], [ 12.995712188000027, 32.834429570000054 ], [ 12.9945946200001, 32.833560148000061 ], [ 12.993124555000065, 32.832811752000168 ], [ 12.991922183000042, 32.832214144000091 ], [ 12.991238048000014, 32.832081378000112 ], [ 12.990337488000137, 32.832037074000027 ], [ 12.988740444000143, 32.832227943000078 ], [ 12.987577958000088, 32.832203216000096 ], [ 12.987009490000105, 32.831993592000117 ], [ 12.986386366000033, 32.831413238000096 ], [ 12.985319729000025, 32.831082890000118 ], [ 12.984426264000035, 32.830927321000104 ], [ 12.982122848000074, 32.830764317000103 ], [ 12.981098840000072, 32.830599641000163 ], [ 12.980294595999965, 32.830521586000032 ], [ 12.979344199000138, 32.830127720000121 ], [ 12.978771776000087, 32.829705982000064 ], [ 12.978310472000146, 32.829605872000116 ], [ 12.976398994000078, 32.829191002000073 ], [ 12.974419732000058, 32.828440079000188 ], [ 12.973929959000145, 32.828400278000174 ], [ 12.972803995000049, 32.828470084000116 ], [ 12.972357007000028, 32.828415727000163 ], [ 12.971900447999985, 32.828220175000126 ], [ 12.971304522000082, 32.827838648000068 ], [ 12.97005993700003, 32.827049485000089 ], [ 12.96920921300017, 32.826175857000067 ], [ 12.968719844000077, 32.826121448000094 ], [ 12.968392041000072, 32.826180388000182 ], [ 12.968282481000074, 32.826289275000079 ], [ 12.968111754000063, 32.826791744000161 ], [ 12.967778223999971, 32.826989905000119 ], [ 12.967462536000141, 32.827040646000114 ], [ 12.967051390000051, 32.82649831700013 ], [ 12.966172342000164, 32.826396925000097 ], [ 12.96508314700003, 32.826419394000084 ], [ 12.964610604000086, 32.826237885000069 ], [ 12.963409328000182, 32.825785055000097 ], [ 12.962377816000071, 32.825426688000164 ], [ 12.961668117000045, 32.825180124000042 ], [ 12.959698053000125, 32.824334155000088 ], [ 12.958373303000144, 32.824065331000099 ], [ 12.957852482000135, 32.824071137000033 ], [ 12.957439973000021, 32.824209852000024 ], [ 12.957222367000099, 32.824367161000168 ], [ 12.956915570000035, 32.824663167000153 ], [ 12.956589527000176, 32.824963532000027 ], [ 12.957054493000101, 32.825547019999988 ], [ 12.957241196000155, 32.825741831000073 ], [ 12.956603465000057, 32.825851924000176 ], [ 12.956003142000043, 32.826014763000103 ], [ 12.954822092000029, 32.825757949000149 ], [ 12.954034681000167, 32.825568978000035 ], [ 12.953695084, 32.825467163000042 ], [ 12.953592492000041, 32.824410304000082 ], [ 12.95334447200014, 32.823239758000057 ], [ 12.953298155000141, 32.822838628999989 ], [ 12.953156722000074, 32.822257134000097 ], [ 12.952468557999964, 32.822157845000163 ], [ 12.950895077000098, 32.821986613000036 ], [ 12.949890686, 32.821721243000127 ], [ 12.949141423000128, 32.821523289000083 ], [ 12.948456514000043, 32.821446586000036 ], [ 12.946857696000052, 32.821466016000045 ], [ 12.94626805300004, 32.821424585000045 ], [ 12.943457250999984, 32.820685008000055 ], [ 12.938432709000097, 32.819569446000116 ], [ 12.934964404000141, 32.818229355000028 ], [ 12.934399848000112, 32.818112321000115 ], [ 12.933280217000117, 32.817880217999971 ], [ 12.931842696000103, 32.817662632000122 ], [ 12.928555325000161, 32.817257839000092 ], [ 12.927255039000045, 32.816997512000171 ], [ 12.926236471000152, 32.816691856000091 ], [ 12.923922131000154, 32.815927830000078 ], [ 12.922006601000078, 32.815237655000089 ], [ 12.920113714000081, 32.814667845000031 ], [ 12.918490447000124, 32.814423855000086 ], [ 12.917812853000044, 32.814403504000097 ], [ 12.917744553000091, 32.814422312000033 ], [ 12.917147825000086, 32.814586726000186 ], [ 12.916919977000077, 32.814862065000113 ], [ 12.91653170799998, 32.814885711000102 ], [ 12.916150070000015, 32.814764255 ], [ 12.915471077000063, 32.814560428000107 ], [ 12.914559986000086, 32.814258196000139 ], [ 12.912870840000153, 32.813567232000025 ], [ 12.911043140000061, 32.813206907000108 ], [ 12.909698762000062, 32.812986905000059 ], [ 12.906429883000044, 32.81270040000004 ], [ 12.902269440000111, 32.811993404000191 ], [ 12.899998108000148, 32.811481430000072 ], [ 12.895075629000075, 32.810192628000038 ], [ 12.894235547000051, 32.809972638000147 ], [ 12.887806261000094, 32.808652517000041 ], [ 12.885460011000134, 32.808277832000044 ], [ 12.879031281000039, 32.807427228 ], [ 12.870012517000077, 32.80566369200011 ], [ 12.866059913000072, 32.805040278000035 ], [ 12.861407549000035, 32.804409263000139 ], [ 12.855029632000026, 32.803641123000034 ], [ 12.850192311000058, 32.803165608000029 ], [ 12.843279412000186, 32.802485730000058 ], [ 12.830039685000088, 32.800580187000037 ], [ 12.828008384000157, 32.800368207000133 ], [ 12.810181983, 32.798506466000163 ], [ 12.807505728000024, 32.798253275000093 ], [ 12.805228898999985, 32.798195055000065 ], [ 12.804340755000055, 32.797874645000036 ], [ 12.803422613000123, 32.797734848000118 ], [ 12.800919877000183, 32.797451011000135 ], [ 12.793315658000097, 32.796813950000114 ], [ 12.786583327000017, 32.796387420000144 ], [ 12.778458303000093, 32.795968591000076 ], [ 12.774594372000081, 32.795710328000098 ], [ 12.771853105, 32.795472351000058 ], [ 12.768288272, 32.795369899000093 ], [ 12.766721842999971, 32.795298696000145 ], [ 12.765202677000048, 32.795138266000038 ], [ 12.762591146999966, 32.794886313000063 ], [ 12.757199007000054, 32.794322009000041 ], [ 12.754567837000138, 32.793954676000112 ], [ 12.752595444000121, 32.793898990000173 ], [ 12.751822698000126, 32.793877172000123 ], [ 12.751407138, 32.794015437000098 ], [ 12.751058016000059, 32.794131606 ], [ 12.75060457100011, 32.794170675000146 ], [ 12.750267127000086, 32.794032069000082 ], [ 12.747511306000092, 32.79375533700005 ], [ 12.744449799000165, 32.793471238000109 ], [ 12.739499576000128, 32.793011713000169 ], [ 12.733177379000097, 32.793076279000047 ], [ 12.731302858000163, 32.793095364000067 ], [ 12.723452478000013, 32.792999355000063 ], [ 12.722514452000041, 32.792944231000092 ], [ 12.717881838999972, 32.792671867000138 ], [ 12.714739205, 32.792548193000187 ], [ 12.714471249000042, 32.79253766100004 ], [ 12.71290237200003, 32.792520191 ], [ 12.711818544000039, 32.792700965000051 ], [ 12.711049209000066, 32.792601923 ], [ 12.710044599000071, 32.792476633000149 ], [ 12.709308593000117, 32.792835968000134 ], [ 12.708080076000158, 32.793045349000124 ], [ 12.707285950000028, 32.792996425000183 ], [ 12.705528282000046, 32.792683497000041 ], [ 12.70528461300006, 32.792640116000086 ], [ 12.705015672000116, 32.792866992000029 ], [ 12.704544258000169, 32.792832631000124 ], [ 12.70414424300003, 32.792655424000088 ], [ 12.702980643000046, 32.792706243000111 ], [ 12.70162384300005, 32.792750413000078 ], [ 12.701176384000064, 32.79261450600012 ], [ 12.700772143000108, 32.792575825000029 ], [ 12.700410584999986, 32.792767660000152 ], [ 12.699857043000065, 32.792813629000136 ], [ 12.699060511000027, 32.792843859000129 ], [ 12.698871677000056, 32.792746559000079 ], [ 12.69861583300019, 32.792701427000111 ], [ 12.698241246, 32.79288831700012 ], [ 12.693080944000087, 32.792968915000188 ], [ 12.689244187000156, 32.793336545000045 ], [ 12.688976822000143, 32.793362148000142 ], [ 12.687726043000112, 32.793297733000031 ], [ 12.687257872000032, 32.793238335000126 ], [ 12.686976204000189, 32.793133471000147 ], [ 12.6867615110001, 32.793126069000039 ], [ 12.686439177000068, 32.79322738500008 ], [ 12.686198230000116, 32.793336319000048 ], [ 12.685921809999968, 32.793333750000102 ], [ 12.685628795000184, 32.793467548000137 ], [ 12.685423905000107, 32.793469126000105 ], [ 12.685123821000104, 32.793326326 ], [ 12.684703840000111, 32.793318485000157 ], [ 12.68457852500012, 32.793163168000035 ], [ 12.684375732000149, 32.793121568000117 ], [ 12.68417773200008, 32.793192584000167 ], [ 12.68398744000018, 32.793315750000033 ], [ 12.683448544000157, 32.793236595000167 ], [ 12.683118052000168, 32.793294376000063 ], [ 12.682896259000188, 32.793433751000123 ], [ 12.682598106000114, 32.793458056000077 ], [ 12.682376121000175, 32.793389847000014 ], [ 12.682068604, 32.793125484000086 ], [ 12.68167182600007, 32.792708166000011 ], [ 12.68107557400009, 32.792332943000133 ], [ 12.680264845000067, 32.792157887000087 ], [ 12.679702145000078, 32.792147095000075 ], [ 12.679246449, 32.792108331000065 ], [ 12.678915387000131, 32.792111244000182 ], [ 12.678845028000126, 32.792506690000039 ], [ 12.679585192000047, 32.793293416000154 ], [ 12.679593508000039, 32.793544535000024 ], [ 12.679565101000094, 32.793707889000075 ], [ 12.679196646000094, 32.793703806000167 ], [ 12.678654812, 32.793685071000141 ], [ 12.677886391000129, 32.793693110000163 ], [ 12.677237464000143, 32.793604751000032 ], [ 12.676979178000067, 32.793581749999987 ], [ 12.675403164999977, 32.793797508000125 ], [ 12.674880939000104, 32.793796749000137 ], [ 12.674370438999972, 32.793786970000099 ], [ 12.674101294000025, 32.793614075000107 ], [ 12.674081941000111, 32.793379867999988 ], [ 12.674122314000158, 32.792758525000181 ], [ 12.674115526000094, 32.79226526900004 ], [ 12.673919866000119, 32.792076852000037 ], [ 12.673412484000039, 32.791923811000061 ], [ 12.672509505, 32.791861313000027 ], [ 12.671435133000102, 32.79190220400011 ], [ 12.66882489700015, 32.791967972000066 ], [ 12.66859331500018, 32.791965619000166 ], [ 12.66627460400008, 32.791942061000157 ], [ 12.663022884000156, 32.79189175200014 ], [ 12.662099602000126, 32.791801362000115 ], [ 12.661293109000098, 32.79172240600019 ], [ 12.65889617900001, 32.791857795000112 ], [ 12.657331661000057, 32.791819111000109 ], [ 12.655823311000177, 32.791962624000178 ], [ 12.654586177000112, 32.792004810000094 ], [ 12.652934817000073, 32.791744374000018 ], [ 12.652120384000114, 32.791762898000172 ], [ 12.651265228000057, 32.791858087000151 ], [ 12.650708974000054, 32.792057742000054 ], [ 12.649350766000111, 32.792822196000031 ], [ 12.648476489000132, 32.793306145000031 ], [ 12.647959189000176, 32.793679543 ], [ 12.64758850100003, 32.793697868000038 ], [ 12.647144444000162, 32.793691142000171 ], [ 12.646707064000054, 32.79357348000002 ], [ 12.646310304000053, 32.793376658000113 ], [ 12.645680246000154, 32.7933971490001 ], [ 12.645301178000068, 32.793586970000092 ], [ 12.644421268000087, 32.79343137799998 ], [ 12.643977517000053, 32.793431533000103 ], [ 12.64360225900009, 32.793543404000047 ], [ 12.643259334000049, 32.793750074000059 ], [ 12.642909399000132, 32.793722258000116 ], [ 12.642622457000186, 32.79345620700019 ], [ 12.642412447000027, 32.793424116000097 ], [ 12.642277834000026, 32.793403525000087 ], [ 12.64197869700007, 32.793471191000037 ], [ 12.641713425000148, 32.793602485000065 ], [ 12.641540300000088, 32.793811015000074 ], [ 12.640743205000149, 32.793953359000113 ], [ 12.639996861000043, 32.793893764000074 ], [ 12.638368644000025, 32.793493104000163 ], [ 12.637644928000043, 32.793398922000165 ], [ 12.636822382, 32.79343841300016 ], [ 12.634833134000075, 32.793722108000054 ], [ 12.633716544000038, 32.793701709000061 ], [ 12.632913206000012, 32.793590722000033 ], [ 12.631756982000127, 32.793231465000076 ], [ 12.631391748000112, 32.793304585000101 ], [ 12.63028867700001, 32.793791937000094 ], [ 12.629573715000049, 32.793728178000038 ], [ 12.629370477000066, 32.793437014000119 ], [ 12.629022065000015, 32.793377989000135 ], [ 12.628653303000078, 32.793654433000086 ], [ 12.628372348000028, 32.793808158000104 ], [ 12.628189421000059, 32.793749189000096 ], [ 12.627997712000081, 32.793529573000058 ], [ 12.627481204, 32.793041566000056 ], [ 12.627183329000161, 32.792847810000012 ], [ 12.626460833000067, 32.792634214000145 ], [ 12.625898675000087, 32.792597203000184 ], [ 12.625496527, 32.792879852 ], [ 12.624715955999989, 32.792961849000164 ], [ 12.623636993000162, 32.793095869000069 ], [ 12.623274052000056, 32.793333030000042 ], [ 12.622574959000019, 32.793261701000063 ], [ 12.621849759999975, 32.79334562400004 ], [ 12.621397572000035, 32.793517183000063 ], [ 12.621145380000144, 32.793758217000118 ], [ 12.620979344000091, 32.794127207000088 ], [ 12.620394439000108, 32.794334245000186 ], [ 12.619134406000057, 32.794443249000153 ], [ 12.61806714700009, 32.794444175000024 ], [ 12.617096965000144, 32.794341256000166 ], [ 12.616403761000129, 32.794183791000194 ], [ 12.615280187000053, 32.793758722000064 ], [ 12.614400005000107, 32.793645856000182 ], [ 12.613396524000109, 32.793667028000129 ], [ 12.613349613000025, 32.793668029000116 ], [ 12.612409531000083, 32.793786829 ], [ 12.610548511000104, 32.794182995000085 ], [ 12.60985868400013, 32.794299325000168 ], [ 12.608650374000149, 32.794583528000146 ], [ 12.607457226, 32.794429448000187 ], [ 12.60685931800009, 32.794006545000059 ], [ 12.606108140000117, 32.793873784000027 ], [ 12.60422210400003, 32.793989417000091 ], [ 12.601916976000098, 32.793732052 ], [ 12.601036744999988, 32.793715684000063 ], [ 12.600302600000077, 32.793824531000098 ], [ 12.597933820000037, 32.794389495000132 ], [ 12.59553933300009, 32.7943298080001 ], [ 12.593974113000058, 32.794461703000081 ], [ 12.592991091000101, 32.794759637000027 ], [ 12.592118883000012, 32.795405550999988 ], [ 12.591700057000025, 32.795595838000054 ], [ 12.591459167000153, 32.795633047000024 ], [ 12.589166913000042, 32.795987074999971 ], [ 12.588513007000131, 32.795989349000024 ], [ 12.588004237000121, 32.79587769699998 ], [ 12.587714786000049, 32.795714996000129 ], [ 12.587006187000156, 32.795098532000111 ], [ 12.586522782000031, 32.794902896000053 ], [ 12.586126077000131, 32.794830259000037 ], [ 12.585711568000022, 32.794886512000119 ], [ 12.585154657999965, 32.795093206 ], [ 12.584253061000084, 32.795702479000056 ], [ 12.583453838000139, 32.795859451000069 ], [ 12.582545020000055, 32.795829490000187 ], [ 12.58167725200019, 32.795492662000186 ], [ 12.581244, 32.795454284000073 ], [ 12.579640360000042, 32.795771541000079 ], [ 12.578216983000175, 32.79558151000009 ], [ 12.577081345000181, 32.795704906000026 ], [ 12.576146902, 32.795906081000055 ], [ 12.576725709000073, 32.796910387000025 ], [ 12.576701069000137, 32.797034453000151 ], [ 12.576390396000079, 32.796960994000187 ], [ 12.575442475000102, 32.796826382000063 ], [ 12.575353671000016, 32.796839476000059 ], [ 12.574206239000148, 32.797008604000041 ], [ 12.573688663000098, 32.797005895999973 ], [ 12.573469620000026, 32.796576493000089 ], [ 12.573174128000062, 32.795816658000035 ], [ 12.572854621000033, 32.795604235000098 ], [ 12.572446335000166, 32.795587651000176 ], [ 12.57203485600013, 32.795682396000075 ], [ 12.571126052000068, 32.79590882399998 ], [ 12.570016709000072, 32.79604059900015 ], [ 12.567186446000107, 32.795943802000068 ], [ 12.566229799999974, 32.796012234000045 ], [ 12.564927732000058, 32.796313486000088 ], [ 12.564625866000142, 32.79648660600003 ], [ 12.56428552400007, 32.796844622000151 ], [ 12.564056341000025, 32.796918081000115 ], [ 12.563705761000108, 32.796847898000067 ], [ 12.562507485000083, 32.796340127000065 ], [ 12.560779960000104, 32.796357209000064 ], [ 12.559202614000128, 32.796079075000137 ], [ 12.558610463000093, 32.79604635700008 ], [ 12.557689930000038, 32.79625286300012 ], [ 12.557129891000159, 32.796528798000111 ], [ 12.556964472000061, 32.796764119000159 ], [ 12.556929308000178, 32.797372395000025 ], [ 12.556833791000145, 32.797594685000149 ], [ 12.556669654000189, 32.797665988000062 ], [ 12.556478476000166, 32.797652935000144 ], [ 12.555811180000035, 32.797319272000152 ], [ 12.555410030000019, 32.797397888000091 ], [ 12.555046968, 32.797591850000174 ], [ 12.554788057000167, 32.797891521000167 ], [ 12.554641461000131, 32.798257253000088 ], [ 12.554645002000143, 32.798611727999969 ], [ 12.554982287000087, 32.79894501800004 ], [ 12.55473183100014, 32.799171663000038 ], [ 12.554440311000178, 32.799146839000116 ], [ 12.554153778, 32.799122437000051 ], [ 12.553564557000186, 32.798711184000069 ], [ 12.553126156000076, 32.798621309000168 ], [ 12.552659954000035, 32.798832160000131 ], [ 12.552123785, 32.799438554000176 ], [ 12.551657044000024, 32.799440663000098 ], [ 12.551257210000131, 32.79930148700015 ], [ 12.550819147000084, 32.799110133000113 ], [ 12.550363410000102, 32.798477438000077 ], [ 12.549821478000013, 32.798364052000125 ], [ 12.549556063000182, 32.798470965000149 ], [ 12.549356936000152, 32.798655305000125 ], [ 12.549571802000173, 32.799507591000122 ], [ 12.549374139000065, 32.799875469000028 ], [ 12.549060528000098, 32.800005787000146 ], [ 12.548593161999975, 32.799993414000085 ], [ 12.548115981000024, 32.799852172000158 ], [ 12.547829459000127, 32.799654589000056 ], [ 12.547649089000117, 32.799274164999986 ], [ 12.547305058000177, 32.799200179000081 ], [ 12.546899150000172, 32.79939477400012 ], [ 12.546710245999975, 32.800046581000117 ], [ 12.546526718000109, 32.800219500000139 ], [ 12.546250555000086, 32.800338012000168 ], [ 12.545477111000025, 32.800266814000167 ], [ 12.544856581000033, 32.800104148 ], [ 12.544394369000145, 32.800103288000116 ], [ 12.543901237, 32.800351200000193 ], [ 12.543259775000024, 32.800349394000079 ], [ 12.542641510000124, 32.800180798000156 ], [ 12.541840196000123, 32.799422137000192 ], [ 12.541395236000028, 32.79931743100019 ], [ 12.540826098000025, 32.79930765 ], [ 12.540049470000099, 32.799442715999987 ], [ 12.539427633000059, 32.7997145920001 ], [ 12.539150977000077, 32.799974656000131 ], [ 12.538905893000049, 32.80062566800018 ], [ 12.538446713999974, 32.800866106000171 ], [ 12.537994933000164, 32.800805411000056 ], [ 12.538099441000099, 32.800386836000143 ], [ 12.537767517000191, 32.800168063000058 ], [ 12.537362115000064, 32.800183769000114 ], [ 12.536976723000123, 32.800441522000028 ], [ 12.536754144000099, 32.800485675000061 ], [ 12.535656727000173, 32.800110921000112 ], [ 12.535319140000013, 32.800105457000029 ], [ 12.534677823000152, 32.800777279000044 ], [ 12.533719483000084, 32.801249963000032 ], [ 12.533635714000184, 32.801429945000052 ], [ 12.533708737000097, 32.801923406000071 ], [ 12.533415908000109, 32.802054574000124 ], [ 12.532492878000141, 32.802070616000037 ], [ 12.530759346000025, 32.801717230000065 ], [ 12.529504325, 32.801824853000028 ], [ 12.52926511000004, 32.801732838000135 ], [ 12.528703697000026, 32.80143244400017 ], [ 12.527747068000053, 32.801335748000156 ], [ 12.526924008000151, 32.801524923000045 ], [ 12.526071861000048, 32.801556881000067 ], [ 12.522807566000097, 32.802502565000111 ], [ 12.52133004600006, 32.802804454000182 ], [ 12.519536808000169, 32.802734776000079 ], [ 12.519218926000178, 32.802603002000183 ], [ 12.518580343000167, 32.802137417000097 ], [ 12.518103585000176, 32.802003901000091 ], [ 12.517389998000169, 32.801989661000164 ], [ 12.51639421100009, 32.802121705000047 ], [ 12.515316578000011, 32.802447645000029 ], [ 12.514248683000062, 32.802969107000024 ], [ 12.513749896999968, 32.803484137000169 ], [ 12.513712439000074, 32.804215691000138 ], [ 12.51293949300009, 32.804667159000189 ], [ 12.512209157000029, 32.804864680000094 ], [ 12.51053406200009, 32.805001734000086 ], [ 12.509823484000094, 32.805141540000079 ], [ 12.508989239000073, 32.805446125000174 ], [ 12.507017072000053, 32.806354961000011 ], [ 12.505968419000055, 32.806648044000042 ], [ 12.505315825000082, 32.806679141000188 ], [ 12.504060097000092, 32.806523035000055 ], [ 12.502945025000031, 32.80666459300005 ], [ 12.502189416000135, 32.806633032000036 ], [ 12.50186635600005, 32.806470362000084 ], [ 12.501359109000077, 32.805827264000129 ], [ 12.500683815000173, 32.805611228000032 ], [ 12.499784913000042, 32.805469555000116 ], [ 12.498865214999967, 32.805373958000132 ], [ 12.498329466000143, 32.805345013000135 ], [ 12.497796505, 32.805316248000167 ], [ 12.497126388000083, 32.805465464000065 ], [ 12.495894170000099, 32.806251762000102 ], [ 12.494439119000049, 32.806714466000187 ], [ 12.493506157000127, 32.806794343000149 ], [ 12.491334020000068, 32.8069451020001 ], [ 12.490443338000091, 32.80700665400002 ], [ 12.489921805000051, 32.80708152 ], [ 12.489525125000057, 32.807266934999973 ], [ 12.489092606999975, 32.80785392100006 ], [ 12.488197950000142, 32.807912031000058 ], [ 12.487338749000173, 32.808266883000101 ], [ 12.486690851000048, 32.808156506000159 ], [ 12.48628123900005, 32.807793429000014 ], [ 12.485902694000117, 32.807576637000011 ], [ 12.485422757000094, 32.807559042000094 ], [ 12.484943087000033, 32.807630515000028 ], [ 12.48430657300014, 32.807283049999967 ], [ 12.483964270000115, 32.807213490000095 ], [ 12.483440650000148, 32.807289881000088 ], [ 12.481833165000126, 32.80781574700012 ], [ 12.481238388000179, 32.80780241400015 ], [ 12.480350931000032, 32.807782525 ], [ 12.479547251000156, 32.807828637000114 ], [ 12.477718891000052, 32.808288819000154 ], [ 12.476690952000183, 32.808607073000189 ], [ 12.475690993000114, 32.808806825000033 ], [ 12.475219294000055, 32.809138959000165 ], [ 12.47504318100016, 32.80943567200012 ], [ 12.47488638700014, 32.810174388000121 ], [ 12.47484415800011, 32.81038578800019 ], [ 12.474719860000164, 32.810442807000015 ], [ 12.474572676000037, 32.810471659000143 ], [ 12.474303171000031, 32.810359360000177 ], [ 12.474018199000056, 32.810232832000167 ], [ 12.473527678000096, 32.810010003000116 ], [ 12.473107766000169, 32.809830731000034 ], [ 12.472956580000073, 32.809620197000186 ], [ 12.472781260000147, 32.809565995000128 ], [ 12.472585262999985, 32.809599898000045 ], [ 12.472472965000122, 32.809739378000188 ], [ 12.47237852100011, 32.809845323000161 ], [ 12.472289657000033, 32.80984211599997 ], [ 12.472171585000069, 32.809776310000075 ], [ 12.47206124700017, 32.809717617000103 ], [ 12.471881335000035, 32.809744578000107 ], [ 12.471641912, 32.809845979000045 ], [ 12.471390094000128, 32.809929969000052 ], [ 12.471226370000124, 32.81005686400016 ], [ 12.47122471400013, 32.810370743000135 ], [ 12.471327401, 32.81054178100004 ], [ 12.471545199000104, 32.810817031999989 ], [ 12.471368406000124, 32.810919300000137 ], [ 12.471399600000041, 32.811149843000123 ], [ 12.471565510000119, 32.811189808000108 ], [ 12.471714198000143, 32.811149167000053 ], [ 12.47179283700018, 32.810925339000164 ], [ 12.471891615000175, 32.810825665000095 ], [ 12.472026547000155, 32.810878408000121 ], [ 12.47223531100019, 32.811070532000031 ], [ 12.472277918999964, 32.811188276000166 ], [ 12.472143794000146, 32.811279106000029 ], [ 12.471985861000121, 32.811519468000029 ], [ 12.471876784000074, 32.811754749000045 ], [ 12.471487326000045, 32.811932027000182 ], [ 12.471289254000169, 32.812006891000124 ], [ 12.471068308000156, 32.812053559000105 ], [ 12.470926352000163, 32.811980055000049 ], [ 12.47081615400009, 32.811600116000136 ], [ 12.47049304300009, 32.811452843000097 ], [ 12.469878237000046, 32.811568807000128 ], [ 12.4695559540001, 32.811904619000188 ], [ 12.469528139000033, 32.812175828000193 ], [ 12.469378025000026, 32.812371595000116 ], [ 12.469065441999987, 32.812454955000078 ], [ 12.468837999000129, 32.812517720000017 ], [ 12.468577157000027, 32.812685792000082 ], [ 12.468716632999985, 32.812974904000043 ], [ 12.468501377000166, 32.813073622000047 ], [ 12.468290816000035, 32.812939856000128 ], [ 12.467982968000172, 32.812794437000093 ], [ 12.467590650000034, 32.812792039000101 ], [ 12.466778614000134, 32.812774412000124 ], [ 12.465824297000154, 32.812798966000059 ], [ 12.46479522400017, 32.81296099900004 ], [ 12.464109248000113, 32.813174638000191 ], [ 12.46367677100011, 32.813135252000166 ], [ 12.463086767000107, 32.813161183999966 ], [ 12.462722418000112, 32.813159791000146 ], [ 12.462541751000174, 32.813129555000103 ], [ 12.462618934000034, 32.812990330000048 ], [ 12.462879778000172, 32.812822270000026 ], [ 12.463247577000118, 32.812480546000131 ], [ 12.463311811000096, 32.811717842000121 ], [ 12.463160604000109, 32.811435863000156 ], [ 12.462808290000112, 32.811198187000173 ], [ 12.461590204, 32.810734714000148 ], [ 12.461176779000027, 32.810760186000095 ], [ 12.460891580000123, 32.810856353000133 ], [ 12.460417129000064, 32.810802216000184 ], [ 12.460133112999983, 32.810887976000174 ], [ 12.460103166000067, 32.811111492 ], [ 12.460065265000082, 32.811394436000171 ], [ 12.459986294000032, 32.811569102000078 ], [ 12.459841578000123, 32.811658529000113 ], [ 12.459663327000044, 32.811581041000068 ], [ 12.459351803000175, 32.811368517000062 ], [ 12.458974123000189, 32.81144932400008 ], [ 12.458741704999966, 32.811796375000142 ], [ 12.458685054000171, 32.812350313000138 ], [ 12.458314153000117, 32.812621208000053 ], [ 12.457465214000138, 32.81290958000011 ], [ 12.456675155000028, 32.813011044000177 ], [ 12.456148364000057, 32.812897209000084 ], [ 12.455505294000147, 32.812589766000144 ], [ 12.455202343000053, 32.812484054000095 ], [ 12.454794228000139, 32.812516564000134 ], [ 12.454645294000045, 32.812688667000032 ], [ 12.454673396000089, 32.81296190200004 ], [ 12.45474889400009, 32.813130355000169 ], [ 12.454323180000074, 32.813233219000153 ], [ 12.453949192000039, 32.813420830000155 ], [ 12.45367047600007, 32.813114793000125 ], [ 12.453486206000093, 32.813155429000119 ], [ 12.453337257000101, 32.81332753900017 ], [ 12.453277805000141, 32.813668614000051 ], [ 12.452826499000139, 32.813723201000016 ], [ 12.452650185000095, 32.813882499000044 ], [ 12.45236236400018, 32.813916925000058 ], [ 12.451982397999984, 32.814059365000162 ], [ 12.451562605000163, 32.814012596000111 ], [ 12.451217507000024, 32.814053887000057 ], [ 12.450931386000093, 32.813763192000067 ], [ 12.451097787000094, 32.813541918000055 ], [ 12.450998551000055, 32.813289757000064 ], [ 12.450792451000041, 32.813147006000065 ], [ 12.450415894000059, 32.813180092000152 ], [ 12.450049428000113, 32.813553554000123 ], [ 12.449972160000129, 32.814284091000104 ], [ 12.449530934, 32.814950108 ], [ 12.448792186, 32.815480905000186 ], [ 12.447879010000122, 32.81581747700011 ], [ 12.4473655540001, 32.81582305000012 ], [ 12.447000456000069, 32.815626984000062 ], [ 12.446714741000164, 32.815201597000168 ], [ 12.446620960000132, 32.814751773000069 ], [ 12.446349024000028, 32.814520197000093 ], [ 12.445899423000185, 32.814334894000126 ], [ 12.444842243000096, 32.814178 ], [ 12.443854986000076, 32.814023653000049 ], [ 12.443180785000152, 32.81401525400014 ], [ 12.442653027000176, 32.8141181740001 ], [ 12.442334229000096, 32.814221933000113 ], [ 12.441974446000074, 32.814357522000194 ], [ 12.44163388100003, 32.814556132000121 ], [ 12.441336708000051, 32.81470819000009 ], [ 12.440940955000087, 32.814705522000054 ], [ 12.440313738000157, 32.815316030000133 ], [ 12.439470032000145, 32.815627152000104 ], [ 12.438708531000145, 32.815717705000054 ], [ 12.43688499700005, 32.815745797000034 ], [ 12.435258013000066, 32.81598104700015 ], [ 12.434200424000039, 32.815828311000132 ], [ 12.433923155000116, 32.815788268000119 ], [ 12.433323498000163, 32.81576921900006 ], [ 12.431700928, 32.815982415000065 ], [ 12.429992577000178, 32.816040715000099 ], [ 12.427431739000042, 32.816690229000017 ], [ 12.426877041000125, 32.816847452000161 ], [ 12.426452488000109, 32.816926593000062 ], [ 12.425954949000015, 32.817062244000169 ], [ 12.425056550000022, 32.817341337000073 ], [ 12.424857114000076, 32.817424446000132 ], [ 12.424887557000034, 32.817650431000061 ], [ 12.425017746000037, 32.817844563000165 ], [ 12.42489060600019, 32.818032741000081 ], [ 12.42465524000005, 32.818079829000055 ], [ 12.424448355000095, 32.817957724 ], [ 12.42427754900018, 32.817477439000129 ], [ 12.424154668000028, 32.817351210000083 ], [ 12.423801768000146, 32.817231932000027 ], [ 12.423403360000066, 32.817347535000067 ], [ 12.423155822000183, 32.817527832000167 ], [ 12.422207031000084, 32.818088824000029 ], [ 12.421543580000161, 32.818266989000108 ], [ 12.420806104000064, 32.818331620000038 ], [ 12.419806848000178, 32.818220173000157 ], [ 12.419873114000154, 32.818129473000113 ], [ 12.420640132000017, 32.817975185000137 ], [ 12.420910879000132, 32.817523333000054 ], [ 12.420890132000125, 32.81721721700012 ], [ 12.420735869000055, 32.81688559700001 ], [ 12.420146271000135, 32.81643248600011 ], [ 12.419417820000149, 32.816116814000111 ], [ 12.418735477000098, 32.816008405000105 ], [ 12.418405061000101, 32.81607830300004 ], [ 12.417682382000066, 32.816431874000045 ], [ 12.417403731000036, 32.816459299000087 ], [ 12.417185335000056, 32.816330255000082 ], [ 12.416611588000137, 32.815704171000164 ], [ 12.416111939000075, 32.815491764000058 ], [ 12.415530517000093, 32.815369359000158 ], [ 12.415241188000095, 32.81526112500012 ], [ 12.414510685000096, 32.815293495000105 ], [ 12.413848944000165, 32.815352044000065 ], [ 12.413385479000112, 32.815642749000062 ], [ 12.412451622, 32.815941232000171 ], [ 12.411729112999978, 32.816041881000046 ], [ 12.41093392300013, 32.81600750900003 ], [ 12.408931943000027, 32.815846070000077 ], [ 12.407512928000131, 32.815912266000055 ], [ 12.406173135000188, 32.815949126000078 ], [ 12.404382949000023, 32.815998353000168 ], [ 12.400407155999972, 32.81596409499997 ], [ 12.397890663000055, 32.81605525599997 ], [ 12.390555517000109, 32.816775118000066 ], [ 12.385934944000155, 32.817413196000075 ], [ 12.381149741000115, 32.818064822000167 ], [ 12.376037219000011, 32.818810664000068 ], [ 12.369983365000053, 32.819732368000132 ], [ 12.358861242000046, 32.821802182000113 ], [ 12.357776938000029, 32.822003904000155 ], [ 12.345064821000108, 32.82453901800011 ], [ 12.337915220000184, 32.826281670000071 ], [ 12.331343049000054, 32.827995904000147 ], [ 12.321196607000047, 32.831064988000037 ], [ 12.320897788000082, 32.831155357000171 ], [ 12.316630386000156, 32.832257601000038 ], [ 12.307120167000107, 32.834528731000034 ], [ 12.302227507000111, 32.835803438000084 ], [ 12.296595480000121, 32.837360518000139 ], [ 12.290678653000043, 32.839184625000144 ], [ 12.287444113000106, 32.840517883000132 ], [ 12.286582763000069, 32.840899587000081 ], [ 12.284946907000119, 32.841346687000168 ], [ 12.28219337500019, 32.842280267000149 ], [ 12.281806294000035, 32.842411502000061 ], [ 12.274076414000149, 32.844888401000105 ], [ 12.26969132500011, 32.846414659000061 ], [ 12.267816350000146, 32.847204703000102 ], [ 12.263658389000113, 32.848424546000047 ], [ 12.260753422, 32.849553941000124 ], [ 12.259377342, 32.850254852000091 ], [ 12.257965539000168, 32.850987558000156 ], [ 12.25665715100007, 32.851860911000017 ], [ 12.255418703000146, 32.852736930000162 ], [ 12.255205269000044, 32.85304239400017 ], [ 12.254852968000137, 32.853354455000158 ], [ 12.254455175000146, 32.853584285000181 ], [ 12.252633244000151, 32.854488991000039 ], [ 12.251974588000166, 32.855008312000109 ], [ 12.251072494000141, 32.855885224000019 ], [ 12.25088943600008, 32.856162286000028 ], [ 12.250515906000089, 32.856359767000129 ], [ 12.25010282, 32.856451879000133 ], [ 12.249389199000063, 32.856424724000078 ], [ 12.248605379000026, 32.856721575000051 ], [ 12.247700945000133, 32.857319027000074 ], [ 12.245993534000036, 32.858046886000182 ], [ 12.245224749000101, 32.85852648499997 ], [ 12.244407052000042, 32.859134368000127 ], [ 12.242149146000088, 32.860977285999979 ], [ 12.242102829000032, 32.861318702000176 ], [ 12.240560760999983, 32.862360489000139 ], [ 12.240906337000183, 32.86297719900017 ], [ 12.241631028000029, 32.863550511000028 ], [ 12.241721347000123, 32.86368420600013 ], [ 12.24069929000018, 32.863960585000029 ], [ 12.240228049, 32.864114008000172 ], [ 12.239858498999979, 32.864189039000109 ], [ 12.239564471000165, 32.864218959000084 ], [ 12.239331209000056, 32.864175786000146 ], [ 12.239133311000046, 32.864079121000032 ], [ 12.238753271, 32.863591601000053 ], [ 12.238604343000134, 32.86333911100013 ], [ 12.238487132000103, 32.863252371000044 ], [ 12.23831207, 32.863183997000078 ], [ 12.237995580000131, 32.863178768000068 ], [ 12.23671890300011, 32.863394552000159 ], [ 12.235896178000132, 32.863701946000049 ], [ 12.236665566000056, 32.865109263000193 ], [ 12.23804338399998, 32.867897187000153 ], [ 12.238876669000092, 32.869629139000097 ], [ 12.239024893000135, 32.869895299000063 ], [ 12.240197444000046, 32.872270898000068 ], [ 12.240459637000185, 32.872836200000108 ], [ 12.241552611000031, 32.875030510000158 ], [ 12.242959449000068, 32.877888054000152 ], [ 12.244126238000035, 32.880071440000165 ], [ 12.24493840800011, 32.881898548000152 ], [ 12.244747529000051, 32.881973537000079 ], [ 12.242809164000164, 32.878115410000134 ], [ 12.240663698000105, 32.873728332000042 ], [ 12.23952615200011, 32.871456910000063 ], [ 12.2391168690001, 32.870604940000078 ], [ 12.2385641300001, 32.869397844000048 ], [ 12.238384298000142, 32.869418397000061 ], [ 12.237994576000062, 32.868656276000138 ], [ 12.238114305000067, 32.868544317000044 ], [ 12.237385298000106, 32.867067365000025 ], [ 12.235702024000091, 32.863838499000053 ], [ 12.234734870000182, 32.864151217000142 ], [ 12.233471186000031, 32.86484335200015 ], [ 12.232464340000035, 32.865744100000086 ], [ 12.231657886000107, 32.866509189000055 ], [ 12.230770079000138, 32.867112030999976 ], [ 12.230167944000129, 32.867363375000025 ], [ 12.22859164099998, 32.867767268000136 ], [ 12.226072112000168, 32.868067765000035 ], [ 12.22373154200011, 32.868474300000173 ], [ 12.222482736000188, 32.868619437 ], [ 12.220896157000084, 32.868668937000052 ], [ 12.218090029999985, 32.868832708000184 ], [ 12.216081777, 32.869000325000115 ], [ 12.214839738000023, 32.869178388000194 ], [ 12.213334763000091, 32.869552481000142 ], [ 12.211415894000027, 32.87019857700011 ], [ 12.209911220000095, 32.870807625000054 ], [ 12.208224472000154, 32.871603014000073 ], [ 12.205461807000063, 32.87306866199998 ], [ 12.203434674000107, 32.87438650100006 ], [ 12.20153553, 32.875896324 ], [ 12.19906855500011, 32.878262731000177 ], [ 12.197219438000104, 32.880344667000088 ], [ 12.196601214000111, 32.88136015900011 ], [ 12.196320243000059, 32.882277194000039 ], [ 12.196087765000186, 32.883163854000031 ], [ 12.196206958, 32.883418899000105 ], [ 12.196654693000028, 32.884246843000028 ], [ 12.196934529000089, 32.8843508490001 ], [ 12.197145815000169, 32.884527566000088 ], [ 12.197195379, 32.884818866000046 ], [ 12.197002726000164, 32.885059478000016 ], [ 12.196524126000156, 32.885151296000174 ], [ 12.195746627000062, 32.884947214000135 ], [ 12.194972061999977, 32.884965394000062 ], [ 12.19441683000008, 32.88512697800013 ], [ 12.193884227000126, 32.885410334000085 ], [ 12.193481981000048, 32.885768178000035 ], [ 12.193080667000061, 32.88629757200016 ], [ 12.192565357999968, 32.887382782000088 ], [ 12.192176956000026, 32.888071336 ], [ 12.191780430000051, 32.888185531000147 ], [ 12.191286532000049, 32.888171333 ], [ 12.190410535000126, 32.887593424999977 ], [ 12.189943019000168, 32.887513041000091 ], [ 12.189421544000083, 32.887533809000047 ], [ 12.188672845000042, 32.887761250000096 ], [ 12.187256337000122, 32.888004906000049 ], [ 12.185213217000182, 32.888652580000155 ], [ 12.182018106000044, 32.889576132000172 ], [ 12.178716530000031, 32.89074554900003 ], [ 12.175375215000088, 32.892052047000107 ], [ 12.173780500000021, 32.892844720000085 ], [ 12.170749354000066, 32.894821948000072 ], [ 12.169075889000055, 32.895859547000043 ], [ 12.16793460700012, 32.896421652000072 ], [ 12.166378508000093, 32.896973231000175 ], [ 12.163554640000029, 32.897343735000106 ], [ 12.160723226000073, 32.898004122000089 ], [ 12.157284724000135, 32.899122896000108 ], [ 12.153651110000055, 32.900456196000164 ], [ 12.150366665000149, 32.901664524000125 ], [ 12.147019361000105, 32.903351908000104 ], [ 12.146107242000085, 32.90399362300019 ], [ 12.140942012999972, 32.906741325000155 ], [ 12.138129431000152, 32.908285274000093 ], [ 12.135940506000168, 32.909178270000098 ], [ 12.134428941000067, 32.909932302000129 ], [ 12.13353332700018, 32.910476115000051 ], [ 12.132288581000068, 32.911130267000033 ], [ 12.131533896000064, 32.911486642000114 ], [ 12.130671550000102, 32.911687911000172 ], [ 12.126631402000157, 32.913690925000139 ], [ 12.124327967000056, 32.914787787000137 ], [ 12.122379204000026, 32.916061969000054 ], [ 12.121535790000053, 32.91684197100011 ], [ 12.121010863000038, 32.917772200000059 ], [ 12.120800916000178, 32.918652118000011 ], [ 12.120757078000111, 32.919526025000152 ], [ 12.12092119, 32.920004935000122 ], [ 12.121249185000067, 32.920545902000072 ], [ 12.122003426, 32.921284993000029 ], [ 12.122401235000154, 32.921740692000128 ], [ 12.125784438000039, 32.922965693000151 ], [ 12.126064837000058, 32.922938736000162 ], [ 12.126048202, 32.92324161199997 ], [ 12.124105194000037, 32.92356023800005 ], [ 12.121508008000035, 32.925302634000161 ], [ 12.120196450000094, 32.926245382 ], [ 12.119112618000088, 32.926810043000103 ], [ 12.118593525000051, 32.926961969000047 ], [ 12.118180553000172, 32.927069498000151 ], [ 12.117898840000066, 32.926792876000036 ], [ 12.118042903000173, 32.926464634000013 ], [ 12.117775172000108, 32.926097487000106 ], [ 12.117384915000059, 32.925831797000171 ], [ 12.11691173700018, 32.925600789000043 ], [ 12.116143580000141, 32.92566176400004 ], [ 12.115070357000036, 32.925870137000118 ], [ 12.113282839000135, 32.926141571000016 ], [ 12.11185404500003, 32.926434616000051 ], [ 12.110964399000125, 32.926706243000012 ], [ 12.109800735000135, 32.927266772000166 ], [ 12.108724503000076, 32.928082261000043 ], [ 12.107850526000163, 32.92892885100008 ], [ 12.10671678500006, 32.930392649000055 ], [ 12.105047874000093, 32.931579975000034 ], [ 12.104406756000117, 32.93231739600003 ], [ 12.10413595700004, 32.932521689000168 ], [ 12.103613087000099, 32.932680723000033 ], [ 12.103241631000117, 32.932641401000126 ], [ 12.102416791000053, 32.932525480000038 ], [ 12.101672428000029, 32.932412937000038 ], [ 12.10000876100014, 32.93236449900013 ], [ 12.098994485000048, 32.932440941000038 ], [ 12.098100886000111, 32.932705636000037 ], [ 12.096517653000092, 32.93342815800014 ], [ 12.092728943000168, 32.935192686000107 ], [ 12.088551935000055, 32.937676596000074 ], [ 12.086860734000027, 32.938609345000089 ], [ 12.084695743000054, 32.939698535000161 ], [ 12.079235071000141, 32.941858660000094 ], [ 12.07462472900005, 32.943952799000101 ], [ 12.067724837000071, 32.947365488000116 ], [ 12.060933612000099, 32.950938140000119 ], [ 12.056634752000036, 32.953355127000179 ], [ 12.054242222000141, 32.954830901000037 ], [ 12.052707871000109, 32.95592468600006 ], [ 12.051255365000031, 32.957188414000143 ], [ 12.048931514, 32.958645140000101 ], [ 12.045841353000071, 32.960554371000057 ], [ 12.044858477999981, 32.961348108000095 ], [ 12.041352981000102, 32.963918420000141 ], [ 12.037961329000154, 32.96666395200009 ], [ 12.034888036000154, 32.969551657000181 ], [ 12.032005114000185, 32.971706558000051 ], [ 12.029614383000023, 32.973620983999979 ], [ 12.028688026000168, 32.974497046000181 ], [ 12.026796929000113, 32.976528834000078 ], [ 12.025907689000064, 32.977339742000026 ], [ 12.024122335000129, 32.978645149000101 ], [ 12.020738669000139, 32.980657683000175 ], [ 12.017997676000107, 32.982242368000129 ], [ 12.011677603000066, 32.985477091000178 ], [ 12.003938103000053, 32.989600822000057 ], [ 11.99779947400009, 32.992445536000048 ], [ 11.995112622000022, 32.993772059000094 ], [ 11.984969067000122, 32.998824459000161 ], [ 11.978728148000073, 33.001945033000084 ], [ 11.975190063000127, 33.003629461000173 ], [ 11.972014430000058, 33.005449977000183 ], [ 11.969994305000114, 33.006677213000103 ], [ 11.96471847000015, 33.010215899000173 ], [ 11.962842359999968, 33.011637875000019 ], [ 11.961173851000069, 33.012748291000094 ], [ 11.956400362000068, 33.015301428000043 ], [ 11.951758536000057, 33.018059664000191 ], [ 11.949656691000143, 33.01947266500008 ], [ 11.94502860900019, 33.022520563000057 ], [ 11.9427025, 33.023953005000067 ], [ 11.940807135000114, 33.025097533000121 ], [ 11.936801919, 33.027226883000083 ], [ 11.933198434000019, 33.029237925000189 ], [ 11.930981134000092, 33.030572759000165 ], [ 11.927131982000105, 33.033266171999969 ], [ 11.923977701000126, 33.035580616000175 ], [ 11.921229093000079, 33.037347483000076 ], [ 11.915616225, 33.041070611000123 ], [ 11.911905970000078, 33.043434710000042 ], [ 11.910921775000077, 33.044034306000128 ], [ 11.910063150000042, 33.044551787000046 ], [ 11.908959181000057, 33.045131922000166 ], [ 11.906335263000017, 33.046318758000098 ], [ 11.901662786000031, 33.048294115000033 ], [ 11.898820237000166, 33.049675411000123 ], [ 11.890845866000177, 33.053797966000047 ], [ 11.886531956999988, 33.055831070000067 ], [ 11.882121601000165, 33.058034529000054 ], [ 11.875968432000036, 33.060805881000192 ], [ 11.872277569000119, 33.062209740000071 ], [ 11.868227701000023, 33.063845866000122 ], [ 11.862225675000104, 33.066139042000145 ], [ 11.859714608000047, 33.066795250000041 ], [ 11.855939764000027, 33.068177456 ], [ 11.85486472499997, 33.06822335600009 ], [ 11.851670675000037, 33.069094530000029 ], [ 11.848135372000172, 33.069893334000085 ], [ 11.838861648000091, 33.071857018000173 ], [ 11.833222564000152, 33.073089387000095 ], [ 11.829040687000088, 33.074118887 ], [ 11.824921325000105, 33.075294843000165 ], [ 11.821578127000066, 33.076555341000187 ], [ 11.820901277000019, 33.076928905000159 ], [ 11.820336308000094, 33.077626188000067 ], [ 11.820210440000153, 33.077555367000116 ], [ 11.819870665, 33.076923412000156 ], [ 11.819520571, 33.076735559000156 ], [ 11.81914856800006, 33.076653657000122 ], [ 11.818466706000095, 33.076692195000135 ], [ 11.816545975999986, 33.077264818000174 ], [ 11.810505116000058, 33.079703308000148 ], [ 11.804368509000085, 33.082635795000044 ], [ 11.802085664000117, 33.084009036000054 ], [ 11.794843606000086, 33.087327734000041 ], [ 11.79128072400016, 33.089146189000132 ], [ 11.78822027800004, 33.090486554000051 ], [ 11.786701941000103, 33.091537799000093 ], [ 11.782957666000186, 33.093380583000169 ], [ 11.778578031999984, 33.095129449000069 ], [ 11.777594655000087, 33.095430346000057 ], [ 11.775810349000096, 33.096096803000194 ], [ 11.774977323000087, 33.09643251000017 ], [ 11.774624173000177, 33.096482605000119 ], [ 11.773368716000107, 33.096992253000053 ], [ 11.772949672999971, 33.097202773000049 ], [ 11.77258300800014, 33.097386965000169 ], [ 11.771907108000164, 33.097643708000192 ], [ 11.771371455000121, 33.097820792000107 ], [ 11.770625449000079, 33.098117344000116 ], [ 11.769690157000127, 33.09846298400015 ], [ 11.768743038000025, 33.098722535000036 ], [ 11.767813118000163, 33.098916451999969 ], [ 11.766949340999986, 33.099260162000178 ], [ 11.765103218000093, 33.099824049000063 ], [ 11.762442577000172, 33.100695790000145 ], [ 11.759730323000099, 33.101864698000043 ], [ 11.758096174000173, 33.102565753000022 ], [ 11.753955892000079, 33.103816892000111 ], [ 11.749689497000134, 33.105476043000124 ], [ 11.747924277000095, 33.10610011000017 ], [ 11.745618282000123, 33.106701284000167 ], [ 11.742142733000094, 33.107595153000148 ], [ 11.736054435000085, 33.108834527000056 ], [ 11.733434025000179, 33.109308078000026 ], [ 11.731012991000057, 33.109847074000072 ], [ 11.725658457000065, 33.111559017000047 ], [ 11.718770550999977, 33.11397548500014 ], [ 11.711805944000105, 33.116816014000051 ], [ 11.708205108000072, 33.118373640000129 ], [ 11.700068778000059, 33.122090312000182 ], [ 11.695764084000075, 33.124073790000182 ], [ 11.692951289000121, 33.125479237000036 ], [ 11.691141255000105, 33.126271623000036 ], [ 11.690347500000087, 33.12650858600017 ], [ 11.689607882000189, 33.126690844000166 ], [ 11.68899258100015, 33.126778595000076 ], [ 11.688438299000097, 33.126697874000058 ], [ 11.687989672000015, 33.126550384000097 ], [ 11.687717820000103, 33.126282121000031 ], [ 11.687655663000044, 33.12590876500019 ], [ 11.687859006000053, 33.125347159000114 ], [ 11.688292379000131, 33.124624303000132 ], [ 11.688614892999965, 33.12405351600006 ], [ 11.688813952000032, 33.123563025000067 ], [ 11.68893107800011, 33.123026233000076 ], [ 11.689141878000157, 33.122621773 ], [ 11.689339784000026, 33.122430636000104 ], [ 11.689625374, 33.122471351000172 ], [ 11.689749148000146, 33.12294715400003 ], [ 11.689862898000115, 33.123308443000155 ], [ 11.690180311000177, 33.123664181000095 ], [ 11.690556135, 33.123894108000059 ], [ 11.691040053999984, 33.124060809000071 ], [ 11.691765257000043, 33.12407410000003 ], [ 11.692511440999965, 33.124063200000023 ], [ 11.693163110000171, 33.123934200000178 ], [ 11.694379598000069, 33.123430105000125 ], [ 11.695490386000188, 33.122992781000164 ], [ 11.696078717999967, 33.122789783000087 ], [ 11.696461671000122, 33.12262077400004 ], [ 11.696740644000045, 33.122490099000117 ], [ 11.697088820999966, 33.122360499000081 ], [ 11.697471031000191, 33.122179087000177 ], [ 11.698324000000127, 33.121802023000043 ], [ 11.698809205000032, 33.12162311600008 ], [ 11.699230239000087, 33.121384435000152 ], [ 11.699840593000147, 33.12109680500015 ], [ 11.700189737000073, 33.120926349000058 ], [ 11.700743387000045, 33.120736099000112 ], [ 11.701527011000053, 33.120384553000179 ], [ 11.702188912000167, 33.120084858000155 ], [ 11.702662342999986, 33.119819887000176 ], [ 11.703371727999979, 33.119294088000117 ], [ 11.704211171000054, 33.118859353000119 ], [ 11.705880632000117, 33.118146323000076 ], [ 11.705852821, 33.118045325000082 ], [ 11.705556328000114, 33.117904377000116 ], [ 11.705035856, 33.117825173000142 ], [ 11.704297180000026, 33.117993297000055 ], [ 11.703853532000039, 33.118045684000037 ], [ 11.703453699000136, 33.1182139820001 ], [ 11.702966796000055, 33.118421354000191 ], [ 11.702652336000142, 33.118579047000026 ], [ 11.702299787000015, 33.118806395000149 ], [ 11.700506852000103, 33.119599649000065 ], [ 11.699730947000091, 33.119823196000027 ], [ 11.698854465000068, 33.12002818100018 ], [ 11.698201148000123, 33.120185653000078 ], [ 11.697655772000076, 33.120264671000029 ], [ 11.697211380000113, 33.120071783000071 ], [ 11.69690179100013, 33.119816547000084 ], [ 11.696968795000032, 33.119548501000111 ], [ 11.696894573000066, 33.119374249000089 ], [ 11.696458614000164, 33.119298617000027 ], [ 11.696254952000174, 33.119304179000153 ], [ 11.696071626000105, 33.119253575000016 ], [ 11.696130045000075, 33.119127754000033 ], [ 11.696375942000088, 33.118968757000118 ], [ 11.69731863800007, 33.118522629000154 ], [ 11.697855398000115, 33.118331674000046 ], [ 11.697784619000174, 33.118100538000135 ], [ 11.697439138000107, 33.117928961000018 ], [ 11.697194220000085, 33.117775923000181 ], [ 11.697123422000118, 33.117544785000064 ], [ 11.69734078200014, 33.117311691000111 ], [ 11.697762653000154, 33.117058791000147 ], [ 11.69813039200011, 33.116860611000106 ], [ 11.698609579000049, 33.116781251000134 ], [ 11.698962393000102, 33.116799826000147 ], [ 11.699422458000072, 33.11678741999998 ], [ 11.69972601600017, 33.116529472000138 ], [ 11.700045632000126, 33.116286455000193 ], [ 11.700383843000111, 33.11601573500019 ], [ 11.700890197000092, 33.115766427000153 ], [ 11.701572376000172, 33.115410566000151 ], [ 11.702009412000052, 33.115186824000091 ], [ 11.702290079000136, 33.115027689000158 ], [ 11.702638331000173, 33.114871440000115 ], [ 11.703034720000176, 33.114760021000052 ], [ 11.703382106000163, 33.114617993000024 ], [ 11.704004169000029, 33.114416390000088 ], [ 11.704930406000187, 33.114227731000028 ], [ 11.705806797000093, 33.114022692000049 ], [ 11.706516764000128, 33.113767784000117 ], [ 11.707085555000049, 33.11360665899997 ], [ 11.707474428000182, 33.113338076000048 ], [ 11.707705236999971, 33.113162547 ], [ 11.707876995000163, 33.112841943000149 ], [ 11.708021148000114, 33.11213518 ], [ 11.708116308000172, 33.111397839 ], [ 11.708268596000153, 33.111119163000069 ], [ 11.708606762000045, 33.110848417000057 ], [ 11.709011668000187, 33.110594760000083 ], [ 11.709659336000129, 33.109966466000174 ], [ 11.710145496, 33.109488146000047 ], [ 11.710326639000186, 33.109011087000056 ], [ 11.710376200000098, 33.10818626300005 ], [ 11.710540798000011, 33.107827683000039 ], [ 11.710794560000068, 33.107706645000121 ], [ 11.711345946000051, 33.107272250000165 ], [ 11.711959587000081, 33.106927663000192 ], [ 11.71248615900015, 33.106622145000131 ], [ 11.713526688000172, 33.105939244000183 ], [ 11.71480785500006, 33.105480456000066 ], [ 11.715298909000182, 33.105201916000112 ], [ 11.715676996000127, 33.104547891000095 ], [ 11.715933864000021, 33.104501771000173 ], [ 11.716094301000055, 33.104651169000135 ], [ 11.716083039000011, 33.105121193000116 ], [ 11.716059975000064, 33.105505187000063 ], [ 11.716323516000102, 33.105630447000124 ], [ 11.716708747000098, 33.105703854000069 ], [ 11.717371169000046, 33.105674985000064 ], [ 11.718036162000089, 33.105603441000028 ], [ 11.718640379000078, 33.105415252000171 ], [ 11.719214900999987, 33.105439666000052 ], [ 11.719606800000179, 33.105684436000047 ], [ 11.719847310000034, 33.106193684000118 ], [ 11.720085412000174, 33.106460432000176 ], [ 11.720909003000031, 33.106851875000132 ], [ 11.721603361000064, 33.107138003000159 ], [ 11.722640131000048, 33.10708222500017 ], [ 11.723828104000063, 33.107047117000093 ], [ 11.724562246000062, 33.107235119000052 ], [ 11.725427375000095, 33.107523118000131 ], [ 11.726693845999989, 33.107567966000147 ], [ 11.72792572200018, 33.107648742000038 ], [ 11.728714126, 33.107496830000116 ], [ 11.729594659000156, 33.107220501000086 ], [ 11.730078039000148, 33.107069908000142 ], [ 11.730946657000061, 33.106992667000043 ], [ 11.731726677000154, 33.106697802000099 ], [ 11.733034216000078, 33.106523266000181 ], [ 11.733679447000043, 33.10633856000004 ], [ 11.733808794000026, 33.106158686000072 ], [ 11.734148570000059, 33.105859412000143 ], [ 11.734882591000144, 33.10580179100009 ], [ 11.735315534000165, 33.105720727000119 ], [ 11.736097937000181, 33.105557027000089 ], [ 11.736780663000161, 33.105471872000066 ], [ 11.737442359, 33.10517195500006 ], [ 11.737848873000075, 33.104889754000055 ], [ 11.73806353599997, 33.104699220999976 ], [ 11.738334766000037, 33.104696447000151 ], [ 11.738698004000071, 33.104854418000116 ], [ 11.73903343000012, 33.104911378000054 ], [ 11.741402759000152, 33.104384292000134 ], [ 11.742174223, 33.10423157300005 ], [ 11.742863731000057, 33.10403261800019 ], [ 11.743772061000072, 33.103857161000121 ], [ 11.744402308000076, 33.104083422000144 ], [ 11.745557173000179, 33.104602769 ], [ 11.746130867000034, 33.104641273000027 ], [ 11.746921761000067, 33.104446573000075 ], [ 11.747550471000068, 33.104130947000044 ], [ 11.747996673000046, 33.103750584000124 ], [ 11.748732698000083, 33.103339676000019 ], [ 11.749187315000142, 33.103102233000186 ], [ 11.749499951000075, 33.102972857000168 ], [ 11.749936768000055, 33.103034079000054 ], [ 11.750209682000104, 33.103002841000148 ], [ 11.750643210000078, 33.102550637000036 ], [ 11.750994751000121, 33.102337353000166 ], [ 11.751413013000104, 33.102141143000097 ], [ 11.751956347000089, 33.101836148000189 ], [ 11.752483622000113, 33.101516206000156 ], [ 11.753000734000068, 33.10136694300013 ], [ 11.753951034000011, 33.101347993 ], [ 11.755085899000051, 33.101626035000095 ], [ 11.75591813900013, 33.101589871000101 ], [ 11.75659999700008, 33.101518830000032 ], [ 11.757549697000172, 33.101216691000161 ], [ 11.758211292999988, 33.100916653000183 ], [ 11.758872065000162, 33.100345671000014 ], [ 11.759333425000136, 33.099994414000037 ], [ 11.759886002000087, 33.099818092000191 ], [ 11.760263672000065, 33.099734200000171 ], [ 11.760489277000033, 33.099643895000042 ], [ 11.76045387, 33.099035664000098 ], [ 11.760490166000181, 33.098864584000125 ], [ 11.760521507000021, 33.098247953 ], [ 11.760546037999973, 33.097835506000081 ], [ 11.76052832400012, 33.097563846000185 ], [ 11.76045477800011, 33.097352738000097 ], [ 11.760527536000041, 33.097007740000151 ], [ 11.760520790000044, 33.096836359000122 ], [ 11.760607862000143, 33.096512085000086 ], [ 11.760680529000012, 33.096144447000029 ], [ 11.760896011999989, 33.095654484000079 ], [ 11.761646284999983, 33.095001712000112 ], [ 11.762301914000147, 33.094516045000148 ], [ 11.763066531000106, 33.094191794000039 ], [ 11.763812538000082, 33.093895277000115 ], [ 11.764336334000063, 33.093632171000024 ], [ 11.764689477000104, 33.093675565000069 ], [ 11.765203134000046, 33.093868303000193 ], [ 11.765774235000151, 33.09423454500012 ], [ 11.766328579000174, 33.094555695000054 ], [ 11.767357471000025, 33.094957071000067 ], [ 11.767845786, 33.095291322999969 ], [ 11.768421421000141, 33.095856350000133 ], [ 11.768801324000037, 33.096315349000179 ], [ 11.769045503000086, 33.096482472000048 ], [ 11.769355886000085, 33.096491887000184 ], [ 11.769664786000078, 33.096323162000033 ], [ 11.770000184000082, 33.095809725000095 ], [ 11.770076219000089, 33.095385174 ], [ 11.770165756000154, 33.095018202000063 ], [ 11.770138714000041, 33.094617843000037 ], [ 11.770054217000052, 33.094329119000122 ], [ 11.769783866000125, 33.09403259000004 ], [ 11.769508449, 33.093821379000019 ], [ 11.769445922000102, 33.093733203000056 ], [ 11.769453523999971, 33.093605191999984 ], [ 11.769444238000119, 33.093476484000178 ], [ 11.769571791000089, 33.093325009000182 ], [ 11.769937372000072, 33.093108589000053 ], [ 11.770352419, 33.093015663000187 ], [ 11.770614332000093, 33.09316925800016 ], [ 11.770923536000112, 33.093381882000187 ], [ 11.771049422000033, 33.093544011000176 ], [ 11.771368782000025, 33.093585961000088 ], [ 11.771810625000057, 33.093561769000075 ], [ 11.772300643000108, 33.0935823800001 ], [ 11.772651268000061, 33.093668406000063 ], [ 11.773001862000115, 33.093754439000179 ], [ 11.773433600000146, 33.093900915000063 ], [ 11.773755473000051, 33.093900186000099 ], [ 11.774196498000038, 33.093890219000059 ], [ 11.774483744000179, 33.093902298000103 ], [ 11.774679745000128, 33.093739422000112 ], [ 11.774759125000116, 33.09354315600001 ], [ 11.774543919000109, 33.093256063000183 ], [ 11.77415673500002, 33.093132857000114 ], [ 11.773757117000173, 33.093016247000037 ], [ 11.773547585000074, 33.092836323000085 ], [ 11.773636264000061, 33.09248360700019 ], [ 11.774056116000168, 33.091973695000092 ], [ 11.774509739000109, 33.091465204000031 ], [ 11.775226124000142, 33.091096072000084 ], [ 11.776461194000035, 33.090549133000025 ], [ 11.777933621000045, 33.089712704000192 ], [ 11.779194830000051, 33.089009976000114 ], [ 11.780137561000174, 33.088536270000191 ], [ 11.780686660000015, 33.088416742000049 ], [ 11.782071309000116, 33.088489111000115 ], [ 11.782805205999978, 33.088753224000186 ], [ 11.784559491000095, 33.08966289500006 ], [ 11.785298833000184, 33.090335536 ], [ 11.785622458000034, 33.090591504000031 ], [ 11.785924917000102, 33.090632712000115 ], [ 11.78631263800014, 33.090378062000184 ], [ 11.786807625000165, 33.090028092000182 ], [ 11.787458054000069, 33.089627609000161 ], [ 11.788121153000134, 33.089298958000029 ], [ 11.789677942000026, 33.088465914000039 ], [ 11.79087146400002, 33.087760236000122 ], [ 11.792092041000046, 33.087169733000167 ], [ 11.792862618000129, 33.086659563000069 ], [ 11.793035271000122, 33.086635087000161 ], [ 11.793554851000124, 33.08678891 ], [ 11.79409886600007, 33.086573568000119 ], [ 11.794374711999978, 33.086310938000111 ], [ 11.795171745000118, 33.085787290000098 ], [ 11.795857584000089, 33.08535973000005 ], [ 11.796067574000062, 33.084998635000147 ], [ 11.796198428000082, 33.084773619000146 ], [ 11.796391241000151, 33.084640612999976 ], [ 11.797083270000087, 33.084563872000103 ], [ 11.797679516000073, 33.084623226000076 ], [ 11.798718460000032, 33.084238948000063 ], [ 11.799339311000153, 33.084051038000155 ], [ 11.799898257000052, 33.083808529000066 ], [ 11.800361291000172, 33.083442683000158 ], [ 11.801232113000083, 33.083255446000067 ], [ 11.802017622000164, 33.082865491 ], [ 11.802981254000144, 33.082321179000132 ], [ 11.803954715000145, 33.081865939000124 ], [ 11.804941112000108, 33.081423117000043 ], [ 11.805178282000043, 33.081211575000111 ], [ 11.805201267000029, 33.080930785000191 ], [ 11.805083043000025, 33.08055359400015 ], [ 11.804575389000149, 33.079997620000142 ], [ 11.804591114000118, 33.079536092000126 ], [ 11.804596010000182, 33.079484665000052 ], [ 11.804570650000187, 33.079014336000171 ], [ 11.804757113000051, 33.078552866000166 ], [ 11.805030872999964, 33.077960964000056 ], [ 11.805245119000119, 33.077478301000156 ], [ 11.805368108000096, 33.077192949000164 ], [ 11.80557316, 33.076866326000072 ], [ 11.80573180500005, 33.076426036000043 ], [ 11.805732928000054, 33.075956818000122 ], [ 11.80561498100019, 33.075706083000057 ], [ 11.805244316000142, 33.07569059900004 ], [ 11.804661834000115, 33.075666273000138 ], [ 11.804496211000185, 33.075324164000165 ], [ 11.804515914000092, 33.074989785000128 ], [ 11.805038668000179, 33.074676454000041 ], [ 11.805848719000153, 33.074442150000039 ], [ 11.8064231030001, 33.074153292000119 ], [ 11.807168163000085, 33.07367044700004 ], [ 11.807802052000056, 33.073272338000038 ], [ 11.808299625000075, 33.072935580999967 ], [ 11.809039415000029, 33.072541877999981 ], [ 11.809693208, 33.072256332000165 ], [ 11.80997501700017, 33.071977587000106 ], [ 11.80994439, 33.071596447000047 ], [ 11.809662345000049, 33.071428247000142 ], [ 11.808959313000116, 33.071197797000082 ], [ 11.808298747000038, 33.071147867000036 ], [ 11.807610385999965, 33.071119126000042 ], [ 11.806023650000157, 33.07153093200003 ], [ 11.805950569000061, 33.071547640000176 ], [ 11.80334885700006, 33.071969622999973 ], [ 11.800987148000161, 33.07225261300016 ], [ 11.798742865000179, 33.072636671000112 ], [ 11.797160563000034, 33.07288387400007 ], [ 11.795613580000179, 33.073094382000079 ], [ 11.792672112000162, 33.073031444000037 ], [ 11.788266499000031, 33.073943244000134 ], [ 11.78273508400008, 33.074271176000082 ], [ 11.777400356999976, 33.074782342000105 ], [ 11.774335392000182, 33.075000248000038 ], [ 11.772572719000038, 33.075388584000166 ], [ 11.771985826000105, 33.075696644000061 ], [ 11.769874145000074, 33.075815394000131 ], [ 11.766711578000127, 33.075977906000105 ], [ 11.763265829000034, 33.07654039099998 ], [ 11.759679606000077, 33.076751356000159 ], [ 11.756420346000027, 33.077161446000162 ], [ 11.754488163000133, 33.077500110000074 ], [ 11.751311353, 33.07794687500018 ], [ 11.74948311300011, 33.078017130000035 ], [ 11.745664275000138, 33.078127543000051 ], [ 11.74370677700017, 33.078251016000024 ], [ 11.741266442000153, 33.078441171000065 ], [ 11.739778865000062, 33.078790326999979 ], [ 11.740086474, 33.079082020000044 ], [ 11.740289955000094, 33.079338107000183 ], [ 11.740226135000114, 33.079838588000143 ], [ 11.739707835000047, 33.080406071000084 ], [ 11.738935157000071, 33.08092324900008 ], [ 11.738166867000075, 33.081130252000094 ], [ 11.737329285000101, 33.08144026400015 ], [ 11.736804389000156, 33.081368555000154 ], [ 11.736566283000172, 33.081066302000124 ], [ 11.736293444000069, 33.08032377800015 ], [ 11.736020267000129, 33.079605114000174 ], [ 11.735430602000122, 33.07921733500018 ], [ 11.734622093999974, 33.079433777000133 ], [ 11.733871776000058, 33.079634642000144 ], [ 11.733059235999974, 33.079597624000087 ], [ 11.732324831000085, 33.079564137999967 ], [ 11.731840595000165, 33.079326902000048 ], [ 11.73123381400012, 33.07934172500012 ], [ 11.730324511000106, 33.079499516000169 ], [ 11.729947516000095, 33.080092261000061 ], [ 11.728865085000166, 33.080463038000119 ], [ 11.727717237000036, 33.08073048600005 ], [ 11.726902686000074, 33.080920263 ], [ 11.726488085000142, 33.080970631000071 ], [ 11.725859536000087, 33.080533517000163 ], [ 11.723874193000029, 33.08079576900019 ], [ 11.719151820000036, 33.081795416000034 ], [ 11.713267604000066, 33.083150656999976 ], [ 11.710162267000044, 33.084017433000099 ], [ 11.706294517000174, 33.084884156000157 ], [ 11.704104136000183, 33.085410257999968 ], [ 11.701885758000117, 33.085912173000054 ], [ 11.699952149000126, 33.086321549000161 ], [ 11.698500381000088, 33.086736875000042 ], [ 11.695987220000063, 33.086959524000122 ], [ 11.693507254000053, 33.087620899 ], [ 11.692052536000119, 33.087855767000121 ], [ 11.691115650000029, 33.087791014000175 ], [ 11.690232959000127, 33.087802803000159 ], [ 11.688867695000113, 33.088016729000117 ], [ 11.686749969000061, 33.088520188000075 ], [ 11.685566604000087, 33.088642842000127 ], [ 11.684751778000191, 33.088667718000067 ], [ 11.6841293, 33.088589562000152 ], [ 11.683445519000031, 33.08882095600012 ], [ 11.682755025000063, 33.089438301000143 ], [ 11.681596491000164, 33.089636220000045 ], [ 11.679112393000139, 33.089876387000118 ], [ 11.676816190000125, 33.089926577000028 ], [ 11.674229187000037, 33.090409714000089 ], [ 11.670661041000017, 33.091073483000059 ], [ 11.668959695000126, 33.091495484000063 ], [ 11.66725983200007, 33.091892783000162 ], [ 11.665586297000061, 33.092340686000171 ], [ 11.664250252000102, 33.092555574000187 ], [ 11.662450414000034, 33.093146479000154 ], [ 11.661475231000111, 33.093228348000082 ], [ 11.660775939000132, 33.093124069000055 ], [ 11.660065293000173, 33.092722327000047 ], [ 11.658839805000184, 33.092432888000189 ], [ 11.657456946000082, 33.092585506000034 ], [ 11.656432972000061, 33.092986940000173 ], [ 11.655639108000116, 33.093472517000123 ], [ 11.655221936999965, 33.094048530000123 ], [ 11.655040875999987, 33.094609927000079 ], [ 11.65462034, 33.094683143000111 ], [ 11.654140791000032, 33.094422740000141 ], [ 11.653447505000088, 33.094219697000142 ], [ 11.652296361000026, 33.094293912000126 ], [ 11.650980619000052, 33.094658008000067 ], [ 11.649897957000178, 33.095056858000021 ], [ 11.647347706000119, 33.096382432000098 ], [ 11.646805673000131, 33.097076773000083 ], [ 11.646006395000086, 33.0971660780001 ], [ 11.644747732000098, 33.097557306000169 ], [ 11.644327473999965, 33.098182637000093 ], [ 11.64311992800009, 33.098699789000079 ], [ 11.642099636000012, 33.099521971000115 ], [ 11.640747718000114, 33.100478340000109 ], [ 11.639834159000088, 33.10147834300011 ], [ 11.63920333100009, 33.102117599999985 ], [ 11.638772136000057, 33.102897805000168 ], [ 11.638259368000092, 33.103691503000107 ], [ 11.637624149000033, 33.104173968000168 ], [ 11.637278660000106, 33.104872893000163 ], [ 11.636841765000099, 33.106077759000186 ], [ 11.636571662000051, 33.106864903000144 ], [ 11.636601612000049, 33.107699009000044 ], [ 11.636844879000023, 33.108015430000194 ], [ 11.636953325000093, 33.108224067000151 ], [ 11.63666721900006, 33.108279706000019 ], [ 11.636470447000136, 33.108526139999981 ], [ 11.636543246000031, 33.108988178000061 ], [ 11.636955909000164, 33.109838800000091 ], [ 11.637109313000053, 33.110304307000149 ], [ 11.637107746000027, 33.110661160000063 ], [ 11.636845901000129, 33.11064985400003 ], [ 11.636496776000058, 33.110413845000153 ], [ 11.636216843000113, 33.11036776900005 ], [ 11.635978751000096, 33.110629416000108 ], [ 11.635884744000066, 33.110846308000134 ], [ 11.636150208000174, 33.111129710000114 ], [ 11.636340271, 33.111324873 ], [ 11.636082032000047, 33.11158565 ], [ 11.635694154000134, 33.11165389100006 ], [ 11.635401319000152, 33.111488285000064 ], [ 11.634913266000183, 33.1112122830001 ], [ 11.63406676000011, 33.110852792000117 ], [ 11.633376262000183, 33.110585036000032 ], [ 11.632646996000062, 33.110621527000092 ], [ 11.632335553000132, 33.110761027000081 ], [ 11.63223430700009, 33.111096584000052 ], [ 11.632040619000065, 33.111292176000063 ], [ 11.631824225000116, 33.111197840000102 ], [ 11.631840765000049, 33.110926617000132 ], [ 11.631733363000023, 33.110701023000104 ], [ 11.63133773300018, 33.110564971000031 ], [ 11.63054496, 33.11064969 ], [ 11.63006204800007, 33.110951738000153 ], [ 11.629428319000112, 33.111077314000056 ], [ 11.629030654000132, 33.110975145000054 ], [ 11.628828743000042, 33.110643507000134 ], [ 11.628494589000127, 33.110493088000055 ], [ 11.627802529000064, 33.110582136000119 ], [ 11.627182733000097, 33.110810286000174 ], [ 11.626859903000025, 33.111136244000136 ], [ 11.626832470000181, 33.111492128000123 ], [ 11.626989431000084, 33.111991634000049 ], [ 11.626914521000117, 33.112226343000032 ], [ 11.626567961000035, 33.112279344000058 ], [ 11.626272035000056, 33.112164570000118 ], [ 11.62573130200019, 33.1120901970001 ], [ 11.625367041000175, 33.112122922000083 ], [ 11.625309827000024, 33.11237789400019 ], [ 11.625298434000058, 33.112564347999978 ], [ 11.625031396, 33.112637785000118 ], [ 11.624801076000153, 33.112440862000085 ], [ 11.624677678000069, 33.11214659400008 ], [ 11.624468541000056, 33.111933598 ], [ 11.623751705000075, 33.111766621000186 ], [ 11.622560197000098, 33.111766064000051 ], [ 11.621768443000121, 33.111833755000191 ], [ 11.621153817000049, 33.111977115000172 ], [ 11.620790680000141, 33.11230131300016 ], [ 11.620676500000116, 33.112517312000193 ], [ 11.620449749000102, 33.112592474 ], [ 11.620242684000118, 33.112345573000084 ], [ 11.61999124100015, 33.112250134000135 ], [ 11.619151908000106, 33.112349327000061 ], [ 11.617997616000139, 33.112520368000105 ], [ 11.617425292000064, 33.112512485000082 ], [ 11.616650562000075, 33.112631877000183 ] ] ], [ [ [ 23.29255867, 32.225486755000077 ], [ 23.294109344000105, 32.228717803000052 ], [ 23.29076766999998, 32.234397888000103 ], [ 23.283941268000035, 32.239341736000085 ], [ 23.281305313000189, 32.236557006000055 ], [ 23.286279679000188, 32.229984282000146 ], [ 23.285791396000036, 32.227455139000028 ], [ 23.287994385000104, 32.224967957000104 ], [ 23.29255867, 32.225486755000077 ] ] ] ] } }
]
}
