timestamp,asn,provider_name,date_range,traffic_normalized_value
2026-09-06T18:00:00Z,21003,GPTC-AS,7d,0.330402
2026-09-06T18:00:00Z,37284,Aljeel-net,7d,0.237856
2026-09-06T18:00:00Z,328200,Al-Madar-Al-Jadeed,7d,0.430486
2026-09-06T18:00:00Z,328286,Libyana-Mobile-AS,7d,0.531826
2026-09-06T18:00:00Z,328539,Giga-Communication,7d,0.228224
2026-09-06T19:00:00Z,21003,GPTC-AS,7d,0.347152
2026-09-06T19:00:00Z,37284,Aljeel-net,7d,0.214824
2026-09-06T19:00:00Z,328200,Al-Madar-Al-Jadeed,7d,0.431742
2026-09-06T19:00:00Z,328286,Libyana-Mobile-AS,7d,0.54397
2026-09-06T19:00:00Z,328539,Giga-Communication,7d,0.209799
2026-09-06T20:00:00Z,21003,GPTC-AS,7d,0.378559
2026-09-06T20:00:00Z,37284,Aljeel-net,7d,0.270519
2026-09-06T20:00:00Z,328200,Al-Madar-Al-Jadeed,7d,0.455611
2026-09-06T20:00:00Z,328286,Libyana-Mobile-AS,7d,0.554439
2026-09-06T20:00:00Z,328539,Giga-Communication,7d,0.240369
2026-09-06T21:00:00Z,21003,GPTC-AS,7d,0.365578
2026-09-06T21:00:00Z,37284,Aljeel-net,7d,0.229062
2026-09-06T21:00:00Z,328200,Al-Madar-Al-Jadeed,7d,0.476968
2026-09-06T21:00:00Z,328286,Libyana-Mobile-AS,7d,0.559883
2026-09-06T21:00:00Z,328539,Giga-Communication,7d,0.258375
2026-09-06T22:00:00Z,21003,GPTC-AS,7d,0.356365
2026-09-06T22:00:00Z,37284,Aljeel-net,7d,0.237018
2026-09-06T22:00:00Z,328200,Al-Madar-Al-Jadeed,7d,0.461893
2026-09-06T22:00:00Z,328286,Libyana-Mobile-AS,7d,0.59129
2026-09-06T22:00:00Z,328539,Giga-Communication,7d,0.234506
2026-09-06T23:00:00Z,21003,GPTC-AS,7d,0.313233
2026-09-06T23:00:00Z,37284,Aljeel-net,7d,0.265913
2026-09-06T23:00:00Z,328200,Al-Madar-Al-Jadeed,7d,0.435511
2026-09-06T23:00:00Z,328286,Libyana-Mobile-AS,7d,0.589196
2026-09-06T23:00:00Z,328539,Giga-Communication,7d,0.239112
2026-09-07T00:00:00Z,21003,GPTC-AS,7d,0.309883
2026-09-07T00:00:00Z,37284,Aljeel-net,7d,0.232412
2026-09-07T00:00:00Z,328200,Al-Madar-Al-Jadeed,7d,0.404941
2026-09-07T00:00:00Z,328286,Libyana-Mobile-AS,7d,0.509213
2026-09-07T00:00:00Z,328539,Giga-Communication,7d,0.243719
2026-09-07T01:00:00Z,21003,GPTC-AS,7d,0.248325
2026-09-07T01:00:00Z,37284,Aljeel-net,7d,0.191374
2026-09-07T01:00:00Z,328200,Al-Madar-Al-Jadeed,7d,0.295226
2026-09-07T01:00:00Z,328286,Libyana-Mobile-AS,7d,0.530151
2026-09-07T01:00:00Z,328539,Giga-Communication,7d,0.196399
2026-09-07T02:00:00Z,21003,GPTC-AS,7d,0.213568
2026-09-07T02:00:00Z,37284,Aljeel-net,7d,0.188442
2026-09-07T02:00:00Z,328200,Al-Madar-Al-Jadeed,7d,0.213987
2026-09-07T02:00:00Z,328286,Libyana-Mobile-AS,7d,0.386516
2026-09-07T02:00:00Z,328539,Giga-Communication,7d,0.164154
2026-09-07T03:00:00Z,21003,GPTC-AS,7d,0.167923
2026-09-07T03:00:00Z,37284,Aljeel-net,7d,0.159548
2026-09-07T03:00:00Z,328200,Al-Madar-Al-Jadeed,7d,0.153266
2026-09-07T03:00:00Z,328286,Libyana-Mobile-AS,7d,0.23995
2026-09-07T03:00:00Z,328539,Giga-Communication,7d,0.137772
2026-09-07T04:00:00Z,21003,GPTC-AS,7d,0.15871
2026-09-07T04:00:00Z,37284,Aljeel-net,7d,0.119347
2026-09-07T04:00:00Z,328200,Al-Madar-Al-Jadeed,7d,0.164154
2026-09-07T04:00:00Z,328286,Libyana-Mobile-AS,7d,0.227387
2026-09-07T04:00:00Z,328539,Giga-Communication,7d,0.120184
2026-09-07T05:00:00Z,21003,GPTC-AS,7d,0.152848
2026-09-07T05:00:00Z,37284,Aljeel-net,7d,0.121441
2026-09-07T05:00:00Z,328200,Al-Madar-Al-Jadeed,7d,0.132747
2026-09-07T05:00:00Z,328286,Libyana-Mobile-AS,7d,0.245394
2026-09-07T05:00:00Z,328539,Giga-Communication,7d,0.123534
2026-09-07T06:00:00Z,21003,GPTC-AS,7d,0.162898
2026-09-07T06:00:00Z,37284,Aljeel-net,7d,0.11474
2026-09-07T06:00:00Z,328200,Al-Madar-Al-Jadeed,7d,0.159548
2026-09-07T06:00:00Z,328286,Libyana-Mobile-AS,7d,0.257956
2026-09-07T06:00:00Z,328539,Giga-Communication,7d,0.107203
2026-09-07T07:00:00Z,21003,GPTC-AS,7d,0.200586
2026-09-07T07:00:00Z,37284,Aljeel-net,7d,0.131491
2026-09-07T07:00:00Z,328200,Al-Madar-Al-Jadeed,7d,0.204774
2026-09-07T07:00:00Z,328286,Libyana-Mobile-AS,7d,0.293132
2026-09-07T07:00:00Z,328539,Giga-Communication,7d,0.110134
2026-09-07T08:00:00Z,21003,GPTC-AS,7d,0.216499
2026-09-07T08:00:00Z,37284,Aljeel-net,7d,0.163317
2026-09-07T08:00:00Z,328200,Al-Madar-Al-Jadeed,7d,0.24665
2026-09-07T08:00:00Z,328286,Libyana-Mobile-AS,7d,0.33794
2026-09-07T08:00:00Z,328539,Giga-Communication,7d,0.122278
2026-09-07T09:00:00Z,21003,GPTC-AS,7d,0.25335
2026-09-07T09:00:00Z,37284,Aljeel-net,7d,0.15871
2026-09-07T09:00:00Z,328200,Al-Madar-Al-Jadeed,7d,0.278057
2026-09-07T09:00:00Z,328286,Libyana-Mobile-AS,7d,0.359296
2026-09-07T09:00:00Z,328539,Giga-Communication,7d,0.130653
2026-09-07T10:00:00Z,21003,GPTC-AS,7d,0.265494
2026-09-07T10:00:00Z,37284,Aljeel-net,7d,0.192211
2026-09-07T10:00:00Z,328200,Al-Madar-Al-Jadeed,7d,0.340034
2026-09-07T10:00:00Z,328286,Libyana-Mobile-AS,7d,0.378978
2026-09-07T10:00:00Z,328539,Giga-Communication,7d,0.144891
2026-09-07T11:00:00Z,21003,GPTC-AS,7d,0.278476
2026-09-07T11:00:00Z,37284,Aljeel-net,7d,0.201424
2026-09-07T11:00:00Z,328200,Al-Madar-Al-Jadeed,7d,0.342127
2026-09-07T11:00:00Z,328286,Libyana-Mobile-AS,7d,0.428392
2026-09-07T11:00:00Z,328539,Giga-Communication,7d,0.153266
2026-09-07T12:00:00Z,21003,GPTC-AS,7d,0.319095
2026-09-07T12:00:00Z,37284,Aljeel-net,7d,0.219012
2026-09-07T12:00:00Z,328200,Al-Madar-Al-Jadeed,7d,0.376884
2026-09-07T12:00:00Z,328286,Libyana-Mobile-AS,7d,0.476968
2026-09-07T12:00:00Z,328539,Giga-Communication,7d,0.171692
2026-09-07T13:00:00Z,21003,GPTC-AS,7d,0.286851
2026-09-07T13:00:00Z,37284,Aljeel-net,7d,0.221524
2026-09-07T13:00:00Z,328200,Al-Madar-Al-Jadeed,7d,0.399497
2026-09-07T13:00:00Z,328286,Libyana-Mobile-AS,7d,0.488693
2026-09-07T13:00:00Z,328539,Giga-Communication,7d,0.200168
2026-09-07T14:00:00Z,21003,GPTC-AS,7d,0.327889
2026-09-07T14:00:00Z,37284,Aljeel-net,7d,0.213149
2026-09-07T14:00:00Z,328200,Al-Madar-Al-Jadeed,7d,0.397404
2026-09-07T14:00:00Z,328286,Libyana-Mobile-AS,7d,0.479062
2026-09-07T14:00:00Z,328539,Giga-Communication,7d,0.208961
2026-09-07T15:00:00Z,21003,GPTC-AS,7d,0.306533
2026-09-07T15:00:00Z,37284,Aljeel-net,7d,0.225293
2026-09-07T15:00:00Z,328200,Al-Madar-Al-Jadeed,7d,0.358459
2026-09-07T15:00:00Z,328286,Libyana-Mobile-AS,7d,0.478224
2026-09-07T15:00:00Z,328539,Giga-Communication,7d,0.202261
2026-09-07T16:00:00Z,21003,GPTC-AS,7d,0.293132
2026-09-07T16:00:00Z,37284,Aljeel-net,7d,0.200168
2026-09-07T16:00:00Z,328200,Al-Madar-Al-Jadeed,7d,0.38526
2026-09-07T16:00:00Z,328286,Libyana-Mobile-AS,7d,0.4866
2026-09-07T16:00:00Z,328539,Giga-Communication,7d,0.206868
2026-09-07T17:00:00Z,21003,GPTC-AS,7d,0.313652
2026-09-07T17:00:00Z,37284,Aljeel-net,7d,0.211474
2026-09-07T17:00:00Z,328200,Al-Madar-Al-Jadeed,7d,0.365159
2026-09-07T17:00:00Z,328286,Libyana-Mobile-AS,7d,0.471524
2026-09-07T17:00:00Z,328539,Giga-Communication,7d,0.193049
2026-09-07T18:00:00Z,21003,GPTC-AS,7d,0.371441
2026-09-07T18:00:00Z,37284,Aljeel-net,7d,0.247069
2026-09-07T18:00:00Z,328200,Al-Madar-Al-Jadeed,7d,0.420854
2026-09-07T18:00:00Z,328286,Libyana-Mobile-AS,7d,0.503769
2026-09-07T18:00:00Z,328539,Giga-Communication,7d,0.218174
2026-09-07T19:00:00Z,21003,GPTC-AS,7d,0.354271
2026-09-07T19:00:00Z,37284,Aljeel-net,7d,0.207705
2026-09-07T19:00:00Z,328200,Al-Madar-Al-Jadeed,7d,0.41541
2026-09-07T19:00:00Z,328286,Libyana-Mobile-AS,7d,0.466499
2026-09-07T19:00:00Z,328539,Giga-Communication,7d,0.219849
2026-09-07T20:00:00Z,21003,GPTC-AS,7d,0.339196
2026-09-07T20:00:00Z,37284,Aljeel-net,7d,0.224456
2026-09-07T20:00:00Z,328200,Al-Madar-Al-Jadeed,7d,0.430486
2026-09-07T20:00:00Z,328286,Libyana-Mobile-AS,7d,0.53057
2026-09-07T20:00:00Z,328539,Giga-Communication,7d,0.245394
2026-09-07T21:00:00Z,21003,GPTC-AS,7d,0.35469
2026-09-07T21:00:00Z,37284,Aljeel-net,7d,0.262144
2026-09-07T21:00:00Z,328200,Al-Madar-Al-Jadeed,7d,0.461893
2026-09-07T21:00:00Z,328286,Libyana-Mobile-AS,7d,0.558626
2026-09-07T21:00:00Z,328539,Giga-Communication,7d,0.2567
2026-09-07T22:00:00Z,21003,GPTC-AS,7d,0.325796
2026-09-07T22:00:00Z,37284,Aljeel-net,7d,0.247069
2026-09-07T22:00:00Z,328200,Al-Madar-Al-Jadeed,7d,0.453936
2026-09-07T22:00:00Z,328286,Libyana-Mobile-AS,7d,0.570771
2026-09-07T22:00:00Z,328539,Giga-Communication,7d,0.260888
2026-09-07T23:00:00Z,21003,GPTC-AS,7d,0.326214
2026-09-07T23:00:00Z,37284,Aljeel-net,7d,0.231575
2026-09-07T23:00:00Z,328200,Al-Madar-Al-Jadeed,7d,0.427136
2026-09-07T23:00:00Z,328286,Libyana-Mobile-AS,7d,0.592127
2026-09-07T23:00:00Z,328539,Giga-Communication,7d,0.233668
2026-09-08T00:00:00Z,21003,GPTC-AS,7d,0.308208
2026-09-08T00:00:00Z,37284,Aljeel-net,7d,0.211474
2026-09-08T00:00:00Z,328200,Al-Madar-Al-Jadeed,7d,0.360553
2026-09-08T00:00:00Z,328286,Libyana-Mobile-AS,7d,0.520101
2026-09-08T00:00:00Z,328539,Giga-Communication,7d,0.224874
2026-09-08T01:00:00Z,21003,GPTC-AS,7d,0.286432
2026-09-08T01:00:00Z,37284,Aljeel-net,7d,0.187605
2026-09-08T01:00:00Z,328200,Al-Madar-Al-Jadeed,7d,0.318677
2026-09-08T01:00:00Z,328286,Libyana-Mobile-AS,7d,0.477387
2026-09-08T01:00:00Z,328539,Giga-Communication,7d,0.184255
2026-09-08T02:00:00Z,21003,GPTC-AS,7d,0.209799
2026-09-08T02:00:00Z,37284,Aljeel-net,7d,0.143635
2026-09-08T02:00:00Z,328200,Al-Madar-Al-Jadeed,7d,0.257538
2026-09-08T02:00:00Z,328286,Libyana-Mobile-AS,7d,0.324958
2026-09-08T02:00:00Z,328539,Giga-Communication,7d,0.147822
2026-09-08T03:00:00Z,21003,GPTC-AS,7d,0.194724
2026-09-08T03:00:00Z,37284,Aljeel-net,7d,0.13191
2026-09-08T03:00:00Z,328200,Al-Madar-Al-Jadeed,7d,0.147404
2026-09-08T03:00:00Z,328286,Libyana-Mobile-AS,7d,0.268007
2026-09-08T03:00:00Z,328539,Giga-Communication,7d,0.144054
2026-09-08T04:00:00Z,21003,GPTC-AS,7d,0.178811
2026-09-08T04:00:00Z,37284,Aljeel-net,7d,0.127303
2026-09-08T04:00:00Z,328200,Al-Madar-Al-Jadeed,7d,0.154941
2026-09-08T04:00:00Z,328286,Libyana-Mobile-AS,7d,0.230318
2026-09-08T04:00:00Z,328539,Giga-Communication,7d,0.126047
2026-09-08T05:00:00Z,21003,GPTC-AS,7d,0.161642
2026-09-08T05:00:00Z,37284,Aljeel-net,7d,0.11474
2026-09-08T05:00:00Z,328200,Al-Madar-Al-Jadeed,7d,0.14866
2026-09-08T05:00:00Z,328286,Libyana-Mobile-AS,7d,0.216918
2026-09-08T05:00:00Z,328539,Giga-Communication,7d,0.115159
2026-09-08T06:00:00Z,21003,GPTC-AS,7d,0.176717
2026-09-08T06:00:00Z,37284,Aljeel-net,7d,0.129816
2026-09-08T06:00:00Z,328200,Al-Madar-Al-Jadeed,7d,0.166248
2026-09-08T06:00:00Z,328286,Libyana-Mobile-AS,7d,0.235762
2026-09-08T06:00:00Z,328539,Giga-Communication,7d,0.11139
2026-09-08T07:00:00Z,21003,GPTC-AS,7d,0.224456
2026-09-08T07:00:00Z,37284,Aljeel-net,7d,0.16876
2026-09-08T07:00:00Z,328200,Al-Madar-Al-Jadeed,7d,0.221943
2026-09-08T07:00:00Z,328286,Libyana-Mobile-AS,7d,0.317839
2026-09-08T07:00:00Z,328539,Giga-Communication,7d,0.123534
2026-09-08T08:00:00Z,21003,GPTC-AS,7d,0.254606
2026-09-08T08:00:00Z,37284,Aljeel-net,7d,0.152429
2026-09-08T08:00:00Z,328200,Al-Madar-Al-Jadeed,7d,0.257956
2026-09-08T08:00:00Z,328286,Libyana-Mobile-AS,7d,0.336265
2026-09-08T08:00:00Z,328539,Giga-Communication,7d,0.138191
2026-09-08T09:00:00Z,21003,GPTC-AS,7d,0.249581
2026-09-08T09:00:00Z,37284,Aljeel-net,7d,0.160804
2026-09-08T09:00:00Z,328200,Al-Madar-Al-Jadeed,7d,0.283501
2026-09-08T09:00:00Z,328286,Libyana-Mobile-AS,7d,0.393635
2026-09-08T09:00:00Z,328539,Giga-Communication,7d,0.159966
2026-09-08T10:00:00Z,21003,GPTC-AS,7d,0.290201
2026-09-08T10:00:00Z,37284,Aljeel-net,7d,0.185511
2026-09-08T10:00:00Z,328200,Al-Madar-Al-Jadeed,7d,0.340871
2026-09-08T10:00:00Z,328286,Libyana-Mobile-AS,7d,0.429648
2026-09-08T10:00:00Z,328539,Giga-Communication,7d,0.169179
2026-09-08T11:00:00Z,21003,GPTC-AS,7d,0.304439
2026-09-08T11:00:00Z,37284,Aljeel-net,7d,0.174623
2026-09-08T11:00:00Z,328200,Al-Madar-Al-Jadeed,7d,0.35134
2026-09-08T11:00:00Z,328286,Libyana-Mobile-AS,7d,0.412479
2026-09-08T11:00:00Z,328539,Giga-Communication,7d,0.183417
2026-09-08T12:00:00Z,21003,GPTC-AS,7d,0.324121
2026-09-08T12:00:00Z,37284,Aljeel-net,7d,0.225712
2026-09-08T12:00:00Z,328200,Al-Madar-Al-Jadeed,7d,0.372278
2026-09-08T12:00:00Z,328286,Libyana-Mobile-AS,7d,0.479899
2026-09-08T12:00:00Z,328539,Giga-Communication,7d,0.19263
2026-09-08T13:00:00Z,21003,GPTC-AS,7d,0.352596
2026-09-08T13:00:00Z,37284,Aljeel-net,7d,0.222781
2026-09-08T13:00:00Z,328200,Al-Madar-Al-Jadeed,7d,0.386935
2026-09-08T13:00:00Z,328286,Libyana-Mobile-AS,7d,0.500419
2026-09-08T13:00:00Z,328539,Giga-Communication,7d,0.212312
2026-09-08T14:00:00Z,21003,GPTC-AS,7d,0.355109
2026-09-08T14:00:00Z,37284,Aljeel-net,7d,0.224037
2026-09-08T14:00:00Z,328200,Al-Madar-Al-Jadeed,7d,0.396147
2026-09-08T14:00:00Z,328286,Libyana-Mobile-AS,7d,0.521357
2026-09-08T14:00:00Z,328539,Giga-Communication,7d,0.21943
2026-09-08T15:00:00Z,21003,GPTC-AS,7d,0.33124
2026-09-08T15:00:00Z,37284,Aljeel-net,7d,0.222781
2026-09-08T15:00:00Z,328200,Al-Madar-Al-Jadeed,7d,0.374791
2026-09-08T15:00:00Z,328286,Libyana-Mobile-AS,7d,0.474037
2026-09-08T15:00:00Z,328539,Giga-Communication,7d,0.191792
2026-09-08T16:00:00Z,21003,GPTC-AS,7d,0.362228
2026-09-08T16:00:00Z,37284,Aljeel-net,7d,0.245812
2026-09-08T16:00:00Z,328200,Al-Madar-Al-Jadeed,7d,0.406198
2026-09-08T16:00:00Z,328286,Libyana-Mobile-AS,7d,0.505025
2026-09-08T16:00:00Z,328539,Giga-Communication,7d,0.20603
2026-09-08T17:00:00Z,21003,GPTC-AS,7d,0.333752
2026-09-08T17:00:00Z,37284,Aljeel-net,7d,0.203518
2026-09-08T17:00:00Z,328200,Al-Madar-Al-Jadeed,7d,0.397822
2026-09-08T17:00:00Z,328286,Libyana-Mobile-AS,7d,0.546064
2026-09-08T17:00:00Z,328539,Giga-Communication,7d,0.217337
2026-09-08T18:00:00Z,21003,GPTC-AS,7d,0.396566
2026-09-08T18:00:00Z,37284,Aljeel-net,7d,0.2366
2026-09-08T18:00:00Z,328200,Al-Madar-Al-Jadeed,7d,0.463987
2026-09-08T18:00:00Z,328286,Libyana-Mobile-AS,7d,0.588777
2026-09-08T18:00:00Z,328539,Giga-Communication,7d,0.239112
2026-09-08T19:00:00Z,21003,GPTC-AS,7d,0.564908
2026-09-08T19:00:00Z,37284,Aljeel-net,7d,0.289782
2026-09-08T19:00:00Z,328200,Al-Madar-Al-Jadeed,7d,0.827471
2026-09-08T19:00:00Z,328286,Libyana-Mobile-AS,7d,1.0
2026-09-08T19:00:00Z,328539,Giga-Communication,7d,0.295226
2026-09-08T20:00:00Z,21003,GPTC-AS,7d,0.585846
2026-09-08T20:00:00Z,37284,Aljeel-net,7d,0.28057
2026-09-08T20:00:00Z,328200,Al-Madar-Al-Jadeed,7d,0.818677
2026-09-08T20:00:00Z,328286,Libyana-Mobile-AS,7d,0.992044
2026-09-08T20:00:00Z,328539,Giga-Communication,7d,0.313652
2026-09-08T21:00:00Z,21003,GPTC-AS,7d,0.363903
2026-09-08T21:00:00Z,37284,Aljeel-net,7d,0.29062
2026-09-08T21:00:00Z,328200,Al-Madar-Al-Jadeed,7d,0.490787
2026-09-08T21:00:00Z,328286,Libyana-Mobile-AS,7d,0.593384
2026-09-08T21:00:00Z,328539,Giga-Communication,7d,0.256281
2026-09-08T22:00:00Z,21003,GPTC-AS,7d,0.390704
2026-09-08T22:00:00Z,37284,Aljeel-net,7d,0.271357
2026-09-08T22:00:00Z,328200,Al-Madar-Al-Jadeed,7d,0.516332
2026-09-08T22:00:00Z,328286,Libyana-Mobile-AS,7d,0.582496
2026-09-08T22:00:00Z,328539,Giga-Communication,7d,0.254606
2026-09-08T23:00:00Z,21003,GPTC-AS,7d,0.360553
2026-09-08T23:00:00Z,37284,Aljeel-net,7d,0.260469
2026-09-08T23:00:00Z,328200,Al-Madar-Al-Jadeed,7d,0.427136
2026-09-08T23:00:00Z,328286,Libyana-Mobile-AS,7d,0.583333
2026-09-08T23:00:00Z,328539,Giga-Communication,7d,0.248744
2026-09-09T00:00:00Z,21003,GPTC-AS,7d,0.344221
2026-09-09T00:00:00Z,37284,Aljeel-net,7d,0.218593
2026-09-09T00:00:00Z,328200,Al-Madar-Al-Jadeed,7d,0.40871
2026-09-09T00:00:00Z,328286,Libyana-Mobile-AS,7d,0.553183
2026-09-09T00:00:00Z,328539,Giga-Communication,7d,0.222781
2026-09-09T01:00:00Z,21003,GPTC-AS,7d,0.246231
2026-09-09T01:00:00Z,37284,Aljeel-net,7d,0.208124
2026-09-09T01:00:00Z,328200,Al-Madar-Al-Jadeed,7d,0.34464
2026-09-09T01:00:00Z,328286,Libyana-Mobile-AS,7d,0.492881
2026-09-09T01:00:00Z,328539,Giga-Communication,7d,0.220268
2026-09-09T02:00:00Z,21003,GPTC-AS,7d,0.207705
2026-09-09T02:00:00Z,37284,Aljeel-net,7d,0.180905
2026-09-09T02:00:00Z,328200,Al-Madar-Al-Jadeed,7d,0.235762
2026-09-09T02:00:00Z,328286,Libyana-Mobile-AS,7d,0.345896
2026-09-09T02:00:00Z,328539,Giga-Communication,7d,0.163735
2026-09-09T03:00:00Z,21003,GPTC-AS,7d,0.181742
2026-09-09T03:00:00Z,37284,Aljeel-net,7d,0.153266
2026-09-09T03:00:00Z,328200,Al-Madar-Al-Jadeed,7d,0.177973
2026-09-09T03:00:00Z,328286,Libyana-Mobile-AS,7d,0.25
2026-09-09T03:00:00Z,328539,Giga-Communication,7d,0.134422
2026-09-09T04:00:00Z,21003,GPTC-AS,7d,0.166248
2026-09-09T04:00:00Z,37284,Aljeel-net,7d,0.135678
2026-09-09T04:00:00Z,328200,Al-Madar-Al-Jadeed,7d,0.145729
2026-09-09T04:00:00Z,328286,Libyana-Mobile-AS,7d,0.25
2026-09-09T04:00:00Z,328539,Giga-Communication,7d,0.110553
2026-09-09T05:00:00Z,21003,GPTC-AS,7d,0.175461
2026-09-09T05:00:00Z,37284,Aljeel-net,7d,0.120603
2026-09-09T05:00:00Z,328200,Al-Madar-Al-Jadeed,7d,0.162479
2026-09-09T05:00:00Z,328286,Libyana-Mobile-AS,7d,0.229481
2026-09-09T05:00:00Z,328539,Giga-Communication,7d,0.117253
2026-09-09T06:00:00Z,21003,GPTC-AS,7d,0.223199
2026-09-09T06:00:00Z,37284,Aljeel-net,7d,0.154104
2026-09-09T06:00:00Z,328200,Al-Madar-Al-Jadeed,7d,0.18593
2026-09-09T06:00:00Z,328286,Libyana-Mobile-AS,7d,0.252513
2026-09-09T06:00:00Z,328539,Giga-Communication,7d,0.118509
2026-09-09T07:00:00Z,21003,GPTC-AS,7d,0.223618
2026-09-09T07:00:00Z,37284,Aljeel-net,7d,0.157454
2026-09-09T07:00:00Z,328200,Al-Madar-Al-Jadeed,7d,0.217755
2026-09-09T07:00:00Z,328286,Libyana-Mobile-AS,7d,0.292714
2026-09-09T07:00:00Z,328539,Giga-Communication,7d,0.139447
2026-09-09T08:00:00Z,21003,GPTC-AS,7d,0.254606
2026-09-09T08:00:00Z,37284,Aljeel-net,7d,0.171273
2026-09-09T08:00:00Z,328200,Al-Madar-Al-Jadeed,7d,0.283082
2026-09-09T08:00:00Z,328286,Libyana-Mobile-AS,7d,0.337102
2026-09-09T08:00:00Z,328539,Giga-Communication,7d,0.129816
2026-09-09T09:00:00Z,21003,GPTC-AS,7d,0.261725
2026-09-09T09:00:00Z,37284,Aljeel-net,7d,0.193886
2026-09-09T09:00:00Z,328200,Al-Madar-Al-Jadeed,7d,0.293132
2026-09-09T09:00:00Z,328286,Libyana-Mobile-AS,7d,0.392797
2026-09-09T09:00:00Z,328539,Giga-Communication,7d,0.153685
2026-09-09T10:00:00Z,21003,GPTC-AS,7d,0.279313
2026-09-09T10:00:00Z,37284,Aljeel-net,7d,0.217337
2026-09-09T10:00:00Z,328200,Al-Madar-Al-Jadeed,7d,0.330821
2026-09-09T10:00:00Z,328286,Libyana-Mobile-AS,7d,0.40871
2026-09-09T10:00:00Z,328539,Giga-Communication,7d,0.169179
2026-09-09T11:00:00Z,21003,GPTC-AS,7d,0.31072
2026-09-09T11:00:00Z,37284,Aljeel-net,7d,0.217755
2026-09-09T11:00:00Z,328200,Al-Madar-Al-Jadeed,7d,0.345896
2026-09-09T11:00:00Z,328286,Libyana-Mobile-AS,7d,0.410385
2026-09-09T11:00:00Z,328539,Giga-Communication,7d,0.177973
2026-09-09T12:00:00Z,21003,GPTC-AS,7d,0.327052
2026-09-09T12:00:00Z,37284,Aljeel-net,7d,0.225293
2026-09-09T12:00:00Z,328200,Al-Madar-Al-Jadeed,7d,0.395729
2026-09-09T12:00:00Z,328286,Libyana-Mobile-AS,7d,0.504606
2026-09-09T12:00:00Z,328539,Giga-Communication,7d,0.207286
2026-09-09T13:00:00Z,21003,GPTC-AS,7d,0.340034
2026-09-09T13:00:00Z,37284,Aljeel-net,7d,0.224456
2026-09-09T13:00:00Z,328200,Al-Madar-Al-Jadeed,7d,0.403266
2026-09-09T13:00:00Z,328286,Libyana-Mobile-AS,7d,0.559883
2026-09-09T13:00:00Z,328539,Giga-Communication,7d,0.216918
2026-09-09T14:00:00Z,21003,GPTC-AS,7d,0.332915
2026-09-09T14:00:00Z,37284,Aljeel-net,7d,0.231993
2026-09-09T14:00:00Z,328200,Al-Madar-Al-Jadeed,7d,0.44598
2026-09-09T14:00:00Z,328286,Libyana-Mobile-AS,7d,0.525963
2026-09-09T14:00:00Z,328539,Giga-Communication,7d,0.20603
2026-09-09T15:00:00Z,21003,GPTC-AS,7d,0.320771
2026-09-09T15:00:00Z,37284,Aljeel-net,7d,0.218174
2026-09-09T15:00:00Z,328200,Al-Madar-Al-Jadeed,7d,0.402429
2026-09-09T15:00:00Z,328286,Libyana-Mobile-AS,7d,0.48995
2026-09-09T15:00:00Z,328539,Giga-Communication,7d,0.210637
2026-09-09T16:00:00Z,21003,GPTC-AS,7d,0.324958
2026-09-09T16:00:00Z,37284,Aljeel-net,7d,0.207705
2026-09-09T16:00:00Z,328200,Al-Madar-Al-Jadeed,7d,0.448074
2026-09-09T16:00:00Z,328286,Libyana-Mobile-AS,7d,0.605528
2026-09-09T16:00:00Z,328539,Giga-Communication,7d,0.203936
2026-09-09T17:00:00Z,21003,GPTC-AS,7d,0.38861
2026-09-09T17:00:00Z,37284,Aljeel-net,7d,0.223199
2026-09-09T17:00:00Z,328200,Al-Madar-Al-Jadeed,7d,0.627303
2026-09-09T17:00:00Z,328286,Libyana-Mobile-AS,7d,0.736181
2026-09-09T17:00:00Z,328539,Giga-Communication,7d,0.231156
2026-09-09T18:00:00Z,21003,GPTC-AS,7d,0.446817
2026-09-09T18:00:00Z,37284,Aljeel-net,7d,0.245812
2026-09-09T18:00:00Z,328200,Al-Madar-Al-Jadeed,7d,0.675461
2026-09-09T18:00:00Z,328286,Libyana-Mobile-AS,7d,0.827052
2026-09-09T18:00:00Z,328539,Giga-Communication,7d,0.275544
2026-09-09T19:00:00Z,21003,GPTC-AS,7d,0.376884
2026-09-09T19:00:00Z,37284,Aljeel-net,7d,0.229481
2026-09-09T19:00:00Z,328200,Al-Madar-Al-Jadeed,7d,0.578727
2026-09-09T19:00:00Z,328286,Libyana-Mobile-AS,7d,0.676298
2026-09-09T19:00:00Z,328539,Giga-Communication,7d,0.238693
2026-09-09T20:00:00Z,21003,GPTC-AS,7d,0.353015
2026-09-09T20:00:00Z,37284,Aljeel-net,7d,0.23325
2026-09-09T20:00:00Z,328200,Al-Madar-Al-Jadeed,7d,0.595477
2026-09-09T20:00:00Z,328286,Libyana-Mobile-AS,7d,0.797739
2026-09-09T20:00:00Z,328539,Giga-Communication,7d,0.257956
2026-09-09T21:00:00Z,21003,GPTC-AS,7d,0.340871
2026-09-09T21:00:00Z,37284,Aljeel-net,7d,0.217337
2026-09-09T21:00:00Z,328200,Al-Madar-Al-Jadeed,7d,0.452261
2026-09-09T21:00:00Z,328286,Libyana-Mobile-AS,7d,0.605528
2026-09-09T21:00:00Z,328539,Giga-Communication,7d,0.237437
2026-09-09T22:00:00Z,21003,GPTC-AS,7d,0.379397
2026-09-09T22:00:00Z,37284,Aljeel-net,7d,0.311558
2026-09-09T22:00:00Z,328200,Al-Madar-Al-Jadeed,7d,0.464824
2026-09-09T22:00:00Z,328286,Libyana-Mobile-AS,7d,0.548157
2026-09-09T22:00:00Z,328539,Giga-Communication,7d,0.26005
2026-09-09T23:00:00Z,21003,GPTC-AS,7d,0.33794
2026-09-09T23:00:00Z,37284,Aljeel-net,7d,0.292295
2026-09-09T23:00:00Z,328200,Al-Madar-Al-Jadeed,7d,0.441374
2026-09-09T23:00:00Z,328286,Libyana-Mobile-AS,7d,0.586683
2026-09-09T23:00:00Z,328539,Giga-Communication,7d,0.239112
2026-09-10T00:00:00Z,21003,GPTC-AS,7d,0.291039
2026-09-10T00:00:00Z,37284,Aljeel-net,7d,0.2567
2026-09-10T00:00:00Z,328200,Al-Madar-Al-Jadeed,7d,0.400754
2026-09-10T00:00:00Z,328286,Libyana-Mobile-AS,7d,0.48995
2026-09-10T00:00:00Z,328539,Giga-Communication,7d,0.226131
2026-09-10T01:00:00Z,21003,GPTC-AS,7d,0.23995
2026-09-10T01:00:00Z,37284,Aljeel-net,7d,0.232412
2026-09-10T01:00:00Z,328200,Al-Madar-Al-Jadeed,7d,0.303183
2026-09-10T01:00:00Z,328286,Libyana-Mobile-AS,7d,0.445561
2026-09-10T01:00:00Z,328539,Giga-Communication,7d,0.190117
2026-09-10T02:00:00Z,21003,GPTC-AS,7d,0.175461
2026-09-10T02:00:00Z,37284,Aljeel-net,7d,0.190117
2026-09-10T02:00:00Z,328200,Al-Madar-Al-Jadeed,7d,0.221524
2026-09-10T02:00:00Z,328286,Libyana-Mobile-AS,7d,0.306533
2026-09-10T02:00:00Z,328539,Giga-Communication,7d,0.146985
2026-09-10T03:00:00Z,21003,GPTC-AS,7d,0.166667
2026-09-10T03:00:00Z,37284,Aljeel-net,7d,0.149497
2026-09-10T03:00:00Z,328200,Al-Madar-Al-Jadeed,7d,0.177973
2026-09-10T03:00:00Z,328286,Libyana-Mobile-AS,7d,0.208124
2026-09-10T03:00:00Z,328539,Giga-Communication,7d,0.121022
2026-09-10T04:00:00Z,21003,GPTC-AS,7d,0.160385
2026-09-10T04:00:00Z,37284,Aljeel-net,7d,0.153685
2026-09-10T04:00:00Z,328200,Al-Madar-Al-Jadeed,7d,0.159966
2026-09-10T04:00:00Z,328286,Libyana-Mobile-AS,7d,0.204355
2026-09-10T04:00:00Z,328539,Giga-Communication,7d,0.106784
2026-09-10T05:00:00Z,21003,GPTC-AS,7d,0.158291
2026-09-10T05:00:00Z,37284,Aljeel-net,7d,0.141541
2026-09-10T05:00:00Z,328200,Al-Madar-Al-Jadeed,7d,0.140704
2026-09-10T05:00:00Z,328286,Libyana-Mobile-AS,7d,0.194305
2026-09-10T05:00:00Z,328539,Giga-Communication,7d,0.11139
2026-09-10T06:00:00Z,21003,GPTC-AS,7d,0.183417
2026-09-10T06:00:00Z,37284,Aljeel-net,7d,0.13526
2026-09-10T06:00:00Z,328200,Al-Madar-Al-Jadeed,7d,0.174204
2026-09-10T06:00:00Z,328286,Libyana-Mobile-AS,7d,0.232412
2026-09-10T06:00:00Z,328539,Giga-Communication,7d,0.112647
2026-09-10T07:00:00Z,21003,GPTC-AS,7d,0.218174
2026-09-10T07:00:00Z,37284,Aljeel-net,7d,0.193049
2026-09-10T07:00:00Z,328200,Al-Madar-Al-Jadeed,7d,0.229062
2026-09-10T07:00:00Z,328286,Libyana-Mobile-AS,7d,0.249162
2026-09-10T07:00:00Z,328539,Giga-Communication,7d,0.143635
2026-09-10T08:00:00Z,21003,GPTC-AS,7d,0.222781
2026-09-10T08:00:00Z,37284,Aljeel-net,7d,0.19933
2026-09-10T08:00:00Z,328200,Al-Madar-Al-Jadeed,7d,0.263819
2026-09-10T08:00:00Z,328286,Libyana-Mobile-AS,7d,0.281407
2026-09-10T08:00:00Z,328539,Giga-Communication,7d,0.149916
2026-09-10T09:00:00Z,21003,GPTC-AS,7d,0.2567
2026-09-10T09:00:00Z,37284,Aljeel-net,7d,0.189698
2026-09-10T09:00:00Z,328200,Al-Madar-Al-Jadeed,7d,0.303601
2026-09-10T09:00:00Z,328286,Libyana-Mobile-AS,7d,0.377303
2026-09-10T09:00:00Z,328539,Giga-Communication,7d,0.163317
2026-09-10T10:00:00Z,21003,GPTC-AS,7d,0.275544
2026-09-10T10:00:00Z,37284,Aljeel-net,7d,0.191374
2026-09-10T10:00:00Z,328200,Al-Madar-Al-Jadeed,7d,0.314489
2026-09-10T10:00:00Z,328286,Libyana-Mobile-AS,7d,0.409548
2026-09-10T10:00:00Z,328539,Giga-Communication,7d,0.181323
2026-09-10T11:00:00Z,21003,GPTC-AS,7d,0.297739
2026-09-10T11:00:00Z,37284,Aljeel-net,7d,0.220268
2026-09-10T11:00:00Z,328200,Al-Madar-Al-Jadeed,7d,0.348827
2026-09-10T11:00:00Z,328286,Libyana-Mobile-AS,7d,0.451843
2026-09-10T11:00:00Z,328539,Giga-Communication,7d,0.173367
2026-09-10T12:00:00Z,21003,GPTC-AS,7d,0.303183
2026-09-10T12:00:00Z,37284,Aljeel-net,7d,0.216918
2026-09-10T12:00:00Z,328200,Al-Madar-Al-Jadeed,7d,0.382747
2026-09-10T12:00:00Z,328286,Libyana-Mobile-AS,7d,0.46943
2026-09-10T12:00:00Z,328539,Giga-Communication,7d,0.198492
2026-09-10T13:00:00Z,21003,GPTC-AS,7d,0.319095
2026-09-10T13:00:00Z,37284,Aljeel-net,7d,0.225712
2026-09-10T13:00:00Z,328200,Al-Madar-Al-Jadeed,7d,0.445142
2026-09-10T13:00:00Z,328286,Libyana-Mobile-AS,7d,0.5134
2026-09-10T13:00:00Z,328539,Giga-Communication,7d,0.224456
2026-09-10T14:00:00Z,21003,GPTC-AS,7d,0.333752
2026-09-10T14:00:00Z,37284,Aljeel-net,7d,0.218174
2026-09-10T14:00:00Z,328200,Al-Madar-Al-Jadeed,7d,0.422111
2026-09-10T14:00:00Z,328286,Libyana-Mobile-AS,7d,0.534757
2026-09-10T14:00:00Z,328539,Giga-Communication,7d,0.212312
2026-09-10T15:00:00Z,21003,GPTC-AS,7d,0.288107
2026-09-10T15:00:00Z,37284,Aljeel-net,7d,0.215662
2026-09-10T15:00:00Z,328200,Al-Madar-Al-Jadeed,7d,0.400754
2026-09-10T15:00:00Z,328286,Libyana-Mobile-AS,7d,0.487437
2026-09-10T15:00:00Z,328539,Giga-Communication,7d,0.194724
2026-09-10T16:00:00Z,21003,GPTC-AS,7d,0.320352
2026-09-10T16:00:00Z,37284,Aljeel-net,7d,0.203518
2026-09-10T16:00:00Z,328200,Al-Madar-Al-Jadeed,7d,0.39531
2026-09-10T16:00:00Z,328286,Libyana-Mobile-AS,7d,0.495394
2026-09-10T16:00:00Z,328539,Giga-Communication,7d,0.185092
2026-09-10T17:00:00Z,21003,GPTC-AS,7d,0.289363
2026-09-10T17:00:00Z,37284,Aljeel-net,7d,0.201843
2026-09-10T17:00:00Z,328200,Al-Madar-Al-Jadeed,7d,0.382328
2026-09-10T17:00:00Z,328286,Libyana-Mobile-AS,7d,0.481575
2026-09-10T17:00:00Z,328539,Giga-Communication,7d,0.185092
2026-09-10T18:00:00Z,21003,GPTC-AS,7d,0.331658
2026-09-10T18:00:00Z,37284,Aljeel-net,7d,0.214824
2026-09-10T18:00:00Z,328200,Al-Madar-Al-Jadeed,7d,0.436348
2026-09-10T18:00:00Z,328286,Libyana-Mobile-AS,7d,0.525963
2026-09-10T18:00:00Z,328539,Giga-Communication,7d,0.219012
2026-09-10T19:00:00Z,21003,GPTC-AS,7d,0.366834
2026-09-10T19:00:00Z,37284,Aljeel-net,7d,0.242044
2026-09-10T19:00:00Z,328200,Al-Madar-Al-Jadeed,7d,0.450586
2026-09-10T19:00:00Z,328286,Libyana-Mobile-AS,7d,0.586683
2026-09-10T19:00:00Z,328539,Giga-Communication,7d,0.235762
2026-09-10T20:00:00Z,21003,GPTC-AS,7d,0.394891
2026-09-10T20:00:00Z,37284,Aljeel-net,7d,0.261725
2026-09-10T20:00:00Z,328200,Al-Madar-Al-Jadeed,7d,0.509213
2026-09-10T20:00:00Z,328286,Libyana-Mobile-AS,7d,0.578308
2026-09-10T20:00:00Z,328539,Giga-Communication,7d,0.250419
2026-09-10T21:00:00Z,21003,GPTC-AS,7d,0.358459
2026-09-10T21:00:00Z,37284,Aljeel-net,7d,0.232831
2026-09-10T21:00:00Z,328200,Al-Madar-Al-Jadeed,7d,0.479899
2026-09-10T21:00:00Z,328286,Libyana-Mobile-AS,7d,0.566164
2026-09-10T21:00:00Z,328539,Giga-Communication,7d,0.246231
2026-09-10T22:00:00Z,21003,GPTC-AS,7d,0.371022
2026-09-10T22:00:00Z,37284,Aljeel-net,7d,0.231993
2026-09-10T22:00:00Z,328200,Al-Madar-Al-Jadeed,7d,0.466499
2026-09-10T22:00:00Z,328286,Libyana-Mobile-AS,7d,0.592546
2026-09-10T22:00:00Z,328539,Giga-Communication,7d,0.25335
2026-09-10T23:00:00Z,21003,GPTC-AS,7d,0.384003
2026-09-10T23:00:00Z,37284,Aljeel-net,7d,0.247487
2026-09-10T23:00:00Z,328200,Al-Madar-Al-Jadeed,7d,0.474874
2026-09-10T23:00:00Z,328286,Libyana-Mobile-AS,7d,0.610134
2026-09-10T23:00:00Z,328539,Giga-Communication,7d,0.233668
2026-09-11T00:00:00Z,21003,GPTC-AS,7d,0.340034
2026-09-11T00:00:00Z,37284,Aljeel-net,7d,0.238275
2026-09-11T00:00:00Z,328200,Al-Madar-Al-Jadeed,7d,0.440955
2026-09-11T00:00:00Z,328286,Libyana-Mobile-AS,7d,0.568258
2026-09-11T00:00:00Z,328539,Giga-Communication,7d,0.227806
2026-09-11T01:00:00Z,21003,GPTC-AS,7d,0.296901
2026-09-11T01:00:00Z,37284,Aljeel-net,7d,0.21608
2026-09-11T01:00:00Z,328200,Al-Madar-Al-Jadeed,7d,0.357621
2026-09-11T01:00:00Z,328286,Libyana-Mobile-AS,7d,0.524288
2026-09-11T01:00:00Z,328539,Giga-Communication,7d,0.20268
2026-09-11T02:00:00Z,21003,GPTC-AS,7d,0.25335
2026-09-11T02:00:00Z,37284,Aljeel-net,7d,0.193467
2026-09-11T02:00:00Z,328200,Al-Madar-Al-Jadeed,7d,0.261725
2026-09-11T02:00:00Z,328286,Libyana-Mobile-AS,7d,0.411642
2026-09-11T02:00:00Z,328539,Giga-Communication,7d,0.190536
2026-09-11T03:00:00Z,21003,GPTC-AS,7d,0.180905
2026-09-11T03:00:00Z,37284,Aljeel-net,7d,0.145729
2026-09-11T03:00:00Z,328200,Al-Madar-Al-Jadeed,7d,0.195561
2026-09-11T03:00:00Z,328286,Libyana-Mobile-AS,7d,0.305695
2026-09-11T03:00:00Z,328539,Giga-Communication,7d,0.140285
2026-09-11T04:00:00Z,21003,GPTC-AS,7d,0.180486
2026-09-11T04:00:00Z,37284,Aljeel-net,7d,0.130235
2026-09-11T04:00:00Z,328200,Al-Madar-Al-Jadeed,7d,0.153685
2026-09-11T04:00:00Z,328286,Libyana-Mobile-AS,7d,0.261307
2026-09-11T04:00:00Z,328539,Giga-Communication,7d,0.115578
2026-09-11T05:00:00Z,21003,GPTC-AS,7d,0.190536
2026-09-11T05:00:00Z,37284,Aljeel-net,7d,0.123534
2026-09-11T05:00:00Z,328200,Al-Madar-Al-Jadeed,7d,0.142797
2026-09-11T05:00:00Z,328286,Libyana-Mobile-AS,7d,0.244975
2026-09-11T05:00:00Z,328539,Giga-Communication,7d,0.104271
2026-09-11T06:00:00Z,21003,GPTC-AS,7d,0.185092
2026-09-11T06:00:00Z,37284,Aljeel-net,7d,0.11809
2026-09-11T06:00:00Z,328200,Al-Madar-Al-Jadeed,7d,0.14866
2026-09-11T06:00:00Z,328286,Libyana-Mobile-AS,7d,0.25335
2026-09-11T06:00:00Z,328539,Giga-Communication,7d,0.11474
2026-09-11T07:00:00Z,21003,GPTC-AS,7d,0.211055
2026-09-11T07:00:00Z,37284,Aljeel-net,7d,0.123116
2026-09-11T07:00:00Z,328200,Al-Madar-Al-Jadeed,7d,0.211893
2026-09-11T07:00:00Z,328286,Libyana-Mobile-AS,7d,0.257119
2026-09-11T07:00:00Z,328539,Giga-Communication,7d,0.123953
2026-09-11T08:00:00Z,21003,GPTC-AS,7d,0.225712
2026-09-11T08:00:00Z,37284,Aljeel-net,7d,0.140285
2026-09-11T08:00:00Z,328200,Al-Madar-Al-Jadeed,7d,0.238275
2026-09-11T08:00:00Z,328286,Libyana-Mobile-AS,7d,0.29397
2026-09-11T08:00:00Z,328539,Giga-Communication,7d,0.127722
2026-09-11T09:00:00Z,21003,GPTC-AS,7d,0.219849
2026-09-11T09:00:00Z,37284,Aljeel-net,7d,0.147822
2026-09-11T09:00:00Z,328200,Al-Madar-Al-Jadeed,7d,0.260469
2026-09-11T09:00:00Z,328286,Libyana-Mobile-AS,7d,0.355109
2026-09-11T09:00:00Z,328539,Giga-Communication,7d,0.144472
2026-09-11T10:00:00Z,21003,GPTC-AS,7d,0.225712
2026-09-11T10:00:00Z,37284,Aljeel-net,7d,0.133166
2026-09-11T10:00:00Z,328200,Al-Madar-Al-Jadeed,7d,0.273032
2026-09-11T10:00:00Z,328286,Libyana-Mobile-AS,7d,0.39531
2026-09-11T10:00:00Z,328539,Giga-Communication,7d,0.156616
2026-09-11T11:00:00Z,21003,GPTC-AS,7d,0.252513
2026-09-11T11:00:00Z,37284,Aljeel-net,7d,0.139866
2026-09-11T11:00:00Z,328200,Al-Madar-Al-Jadeed,7d,0.255863
2026-09-11T11:00:00Z,328286,Libyana-Mobile-AS,7d,0.368509
2026-09-11T11:00:00Z,328539,Giga-Communication,7d,0.13526
2026-09-11T12:00:00Z,21003,GPTC-AS,7d,0.299414
2026-09-11T12:00:00Z,37284,Aljeel-net,7d,0.144891
2026-09-11T12:00:00Z,328200,Al-Madar-Al-Jadeed,7d,0.321189
2026-09-11T12:00:00Z,328286,Libyana-Mobile-AS,7d,0.491206
2026-09-11T12:00:00Z,328539,Giga-Communication,7d,0.175879
2026-09-11T13:00:00Z,21003,GPTC-AS,7d,0.29732
2026-09-11T13:00:00Z,37284,Aljeel-net,7d,0.154104
2026-09-11T13:00:00Z,328200,Al-Madar-Al-Jadeed,7d,0.391122
2026-09-11T13:00:00Z,328286,Libyana-Mobile-AS,7d,0.549414
2026-09-11T13:00:00Z,328539,Giga-Communication,7d,0.186767
2026-09-11T14:00:00Z,21003,GPTC-AS,7d,0.313652
2026-09-11T14:00:00Z,37284,Aljeel-net,7d,0.16541
2026-09-11T14:00:00Z,328200,Al-Madar-Al-Jadeed,7d,0.369347
2026-09-11T14:00:00Z,328286,Libyana-Mobile-AS,7d,0.553601
2026-09-11T14:00:00Z,328539,Giga-Communication,7d,0.191792
2026-09-11T15:00:00Z,21003,GPTC-AS,7d,0.339196
2026-09-11T15:00:00Z,37284,Aljeel-net,7d,0.177136
2026-09-11T15:00:00Z,328200,Al-Madar-Al-Jadeed,7d,0.353434
2026-09-11T15:00:00Z,328286,Libyana-Mobile-AS,7d,0.50335
2026-09-11T15:00:00Z,328539,Giga-Communication,7d,0.198911
2026-09-11T16:00:00Z,21003,GPTC-AS,7d,0.332915
2026-09-11T16:00:00Z,37284,Aljeel-net,7d,0.191792
2026-09-11T16:00:00Z,328200,Al-Madar-Al-Jadeed,7d,0.398241
2026-09-11T16:00:00Z,328286,Libyana-Mobile-AS,7d,0.51005
2026-09-11T16:00:00Z,328539,Giga-Communication,7d,0.211055
2026-09-11T17:00:00Z,21003,GPTC-AS,7d,0.309045
2026-09-11T17:00:00Z,37284,Aljeel-net,7d,0.19263
2026-09-11T17:00:00Z,328200,Al-Madar-Al-Jadeed,7d,0.374791
2026-09-11T17:00:00Z,328286,Libyana-Mobile-AS,7d,0.460637
2026-09-11T17:00:00Z,328539,Giga-Communication,7d,0.191374
2026-09-11T18:00:00Z,21003,GPTC-AS,7d,0.332915
2026-09-11T18:00:00Z,37284,Aljeel-net,7d,0.211055
2026-09-11T18:00:00Z,328200,Al-Madar-Al-Jadeed,7d,0.40201
2026-09-11T18:00:00Z,328286,Libyana-Mobile-AS,7d,0.476968
2026-09-11T18:00:00Z,328539,Giga-Communication,7d,0.219012
2026-09-11T19:00:00Z,21003,GPTC-AS,7d,0.332915
2026-09-11T19:00:00Z,37284,Aljeel-net,7d,0.21943
2026-09-11T19:00:00Z,328200,Al-Madar-Al-Jadeed,7d,0.406198
2026-09-11T19:00:00Z,328286,Libyana-Mobile-AS,7d,0.526382
2026-09-11T19:00:00Z,328539,Giga-Communication,7d,0.219012
2026-09-11T20:00:00Z,21003,GPTC-AS,7d,0.379816
2026-09-11T20:00:00Z,37284,Aljeel-net,7d,0.233668
2026-09-11T20:00:00Z,328200,Al-Madar-Al-Jadeed,7d,0.449749
2026-09-11T20:00:00Z,328286,Libyana-Mobile-AS,7d,0.567839
2026-09-11T20:00:00Z,328539,Giga-Communication,7d,0.244137
2026-09-11T21:00:00Z,21003,GPTC-AS,7d,0.342965
2026-09-11T21:00:00Z,37284,Aljeel-net,7d,0.231156
2026-09-11T21:00:00Z,328200,Al-Madar-Al-Jadeed,7d,0.469849
2026-09-11T21:00:00Z,328286,Libyana-Mobile-AS,7d,0.558626
2026-09-11T21:00:00Z,328539,Giga-Communication,7d,0.257119
2026-09-11T22:00:00Z,21003,GPTC-AS,7d,0.377722
2026-09-11T22:00:00Z,37284,Aljeel-net,7d,0.220268
2026-09-11T22:00:00Z,328200,Al-Madar-Al-Jadeed,7d,0.479899
2026-09-11T22:00:00Z,328286,Libyana-Mobile-AS,7d,0.610553
2026-09-11T22:00:00Z,328539,Giga-Communication,7d,0.250838
2026-09-11T23:00:00Z,21003,GPTC-AS,7d,0.347571
2026-09-11T23:00:00Z,37284,Aljeel-net,7d,0.249581
2026-09-11T23:00:00Z,328200,Al-Madar-Al-Jadeed,7d,0.463568
2026-09-11T23:00:00Z,328286,Libyana-Mobile-AS,7d,0.623116
2026-09-11T23:00:00Z,328539,Giga-Communication,7d,0.253769
2026-09-12T00:00:00Z,21003,GPTC-AS,7d,0.309464
2026-09-12T00:00:00Z,37284,Aljeel-net,7d,0.226131
2026-09-12T00:00:00Z,328200,Al-Madar-Al-Jadeed,7d,0.387772
2026-09-12T00:00:00Z,328286,Libyana-Mobile-AS,7d,0.59464
2026-09-12T00:00:00Z,328539,Giga-Communication,7d,0.226549
2026-09-12T01:00:00Z,21003,GPTC-AS,7d,0.252931
2026-09-12T01:00:00Z,37284,Aljeel-net,7d,0.213149
2026-09-12T01:00:00Z,328200,Al-Madar-Al-Jadeed,7d,0.329983
2026-09-12T01:00:00Z,328286,Libyana-Mobile-AS,7d,0.527219
2026-09-12T01:00:00Z,328539,Giga-Communication,7d,0.207705
2026-09-12T02:00:00Z,21003,GPTC-AS,7d,0.233668
2026-09-12T02:00:00Z,37284,Aljeel-net,7d,0.163735
2026-09-12T02:00:00Z,328200,Al-Madar-Al-Jadeed,7d,0.2433
2026-09-12T02:00:00Z,328286,Libyana-Mobile-AS,7d,0.356784
2026-09-12T02:00:00Z,328539,Giga-Communication,7d,0.164573
2026-09-12T03:00:00Z,21003,GPTC-AS,7d,0.180067
2026-09-12T03:00:00Z,37284,Aljeel-net,7d,0.149916
2026-09-12T03:00:00Z,328200,Al-Madar-Al-Jadeed,7d,0.176298
2026-09-12T03:00:00Z,328286,Libyana-Mobile-AS,7d,0.276801
2026-09-12T03:00:00Z,328539,Giga-Communication,7d,0.133585
2026-09-12T04:00:00Z,21003,GPTC-AS,7d,0.161642
2026-09-12T04:00:00Z,37284,Aljeel-net,7d,0.125209
2026-09-12T04:00:00Z,328200,Al-Madar-Al-Jadeed,7d,0.156198
2026-09-12T04:00:00Z,328286,Libyana-Mobile-AS,7d,0.224874
2026-09-12T04:00:00Z,328539,Giga-Communication,7d,0.131491
2026-09-12T05:00:00Z,21003,GPTC-AS,7d,0.158291
2026-09-12T05:00:00Z,37284,Aljeel-net,7d,0.108459
2026-09-12T05:00:00Z,328200,Al-Madar-Al-Jadeed,7d,0.157035
2026-09-12T05:00:00Z,328286,Libyana-Mobile-AS,7d,0.223199
2026-09-12T05:00:00Z,328539,Giga-Communication,7d,0.11474
2026-09-12T06:00:00Z,21003,GPTC-AS,7d,0.190955
2026-09-12T06:00:00Z,37284,Aljeel-net,7d,0.103853
2026-09-12T06:00:00Z,328200,Al-Madar-Al-Jadeed,7d,0.171273
2026-09-12T06:00:00Z,328286,Libyana-Mobile-AS,7d,0.2567
2026-09-12T06:00:00Z,328539,Giga-Communication,7d,0.095059
2026-09-12T07:00:00Z,21003,GPTC-AS,7d,0.188023
2026-09-12T07:00:00Z,37284,Aljeel-net,7d,0.132747
2026-09-12T07:00:00Z,328200,Al-Madar-Al-Jadeed,7d,0.206868
2026-09-12T07:00:00Z,328286,Libyana-Mobile-AS,7d,0.296064
2026-09-12T07:00:00Z,328539,Giga-Communication,7d,0.111809
2026-09-12T08:00:00Z,21003,GPTC-AS,7d,0.224037
2026-09-12T08:00:00Z,37284,Aljeel-net,7d,0.138191
2026-09-12T08:00:00Z,328200,Al-Madar-Al-Jadeed,7d,0.244556
2026-09-12T08:00:00Z,328286,Libyana-Mobile-AS,7d,0.304439
2026-09-12T08:00:00Z,328539,Giga-Communication,7d,0.13861
2026-09-12T09:00:00Z,21003,GPTC-AS,7d,0.236181
2026-09-12T09:00:00Z,37284,Aljeel-net,7d,0.157873
2026-09-12T09:00:00Z,328200,Al-Madar-Al-Jadeed,7d,0.28057
2026-09-12T09:00:00Z,328286,Libyana-Mobile-AS,7d,0.35469
2026-09-12T09:00:00Z,328539,Giga-Communication,7d,0.136516
2026-09-12T10:00:00Z,21003,GPTC-AS,7d,0.266332
2026-09-12T10:00:00Z,37284,Aljeel-net,7d,0.173367
2026-09-12T10:00:00Z,328200,Al-Madar-Al-Jadeed,7d,0.306951
2026-09-12T10:00:00Z,328286,Libyana-Mobile-AS,7d,0.434255
2026-09-12T10:00:00Z,328539,Giga-Communication,7d,0.160804
2026-09-12T11:00:00Z,21003,GPTC-AS,7d,0.288526
2026-09-12T11:00:00Z,37284,Aljeel-net,7d,0.192211
2026-09-12T11:00:00Z,328200,Al-Madar-Al-Jadeed,7d,0.363065
2026-09-12T11:00:00Z,328286,Libyana-Mobile-AS,7d,0.430905
2026-09-12T11:00:00Z,328539,Giga-Communication,7d,0.16206
2026-09-12T12:00:00Z,21003,GPTC-AS,7d,0.295645
2026-09-12T12:00:00Z,37284,Aljeel-net,7d,0.214405
2026-09-12T12:00:00Z,328200,Al-Madar-Al-Jadeed,7d,0.408291
2026-09-12T12:00:00Z,328286,Libyana-Mobile-AS,7d,0.525126
2026-09-12T12:00:00Z,328539,Giga-Communication,7d,0.185092
2026-09-12T13:00:00Z,21003,GPTC-AS,7d,0.335008
2026-09-12T13:00:00Z,37284,Aljeel-net,7d,0.208543
2026-09-12T13:00:00Z,328200,Al-Madar-Al-Jadeed,7d,0.428811
2026-09-12T13:00:00Z,328286,Libyana-Mobile-AS,7d,0.561558
2026-09-12T13:00:00Z,328539,Giga-Communication,7d,0.198492
2026-09-12T14:00:00Z,21003,GPTC-AS,7d,0.34129
2026-09-12T14:00:00Z,37284,Aljeel-net,7d,0.235762
2026-09-12T14:00:00Z,328200,Al-Madar-Al-Jadeed,7d,0.44933
2026-09-12T14:00:00Z,328286,Libyana-Mobile-AS,7d,0.598827
2026-09-12T14:00:00Z,328539,Giga-Communication,7d,0.21608
2026-09-12T15:00:00Z,21003,GPTC-AS,7d,0.330821
2026-09-12T15:00:00Z,37284,Aljeel-net,7d,0.227806
2026-09-12T15:00:00Z,328200,Al-Madar-Al-Jadeed,7d,0.445142
2026-09-12T15:00:00Z,328286,Libyana-Mobile-AS,7d,0.592965
2026-09-12T15:00:00Z,328539,Giga-Communication,7d,0.204355
2026-09-12T16:00:00Z,21003,GPTC-AS,7d,0.342127
2026-09-12T16:00:00Z,37284,Aljeel-net,7d,0.226549
2026-09-12T16:00:00Z,328200,Al-Madar-Al-Jadeed,7d,0.412898
2026-09-12T16:00:00Z,328286,Libyana-Mobile-AS,7d,0.532663
2026-09-12T16:00:00Z,328539,Giga-Communication,7d,0.193467
2026-09-12T17:00:00Z,21003,GPTC-AS,7d,0.350921
2026-09-12T17:00:00Z,37284,Aljeel-net,7d,0.210218
2026-09-12T17:00:00Z,328200,Al-Madar-Al-Jadeed,7d,0.41206
2026-09-12T17:00:00Z,328286,Libyana-Mobile-AS,7d,0.517588
2026-09-12T17:00:00Z,328539,Giga-Communication,7d,0.200586
2026-09-12T18:00:00Z,21003,GPTC-AS,7d,0.336683
2026-09-12T18:00:00Z,37284,Aljeel-net,7d,0.223618
2026-09-12T18:00:00Z,328200,Al-Madar-Al-Jadeed,7d,0.461055
2026-09-12T18:00:00Z,328286,Libyana-Mobile-AS,7d,0.521776
2026-09-12T18:00:00Z,328539,Giga-Communication,7d,0.243719
2026-09-12T19:00:00Z,21003,GPTC-AS,7d,0.407035
2026-09-12T19:00:00Z,37284,Aljeel-net,7d,0.267588
2026-09-12T19:00:00Z,328200,Al-Madar-Al-Jadeed,7d,0.608459
2026-09-12T19:00:00Z,328286,Libyana-Mobile-AS,7d,0.770938
2026-09-12T19:00:00Z,328539,Giga-Communication,7d,0.260469
2026-09-12T20:00:00Z,21003,GPTC-AS,7d,0.423367
2026-09-12T20:00:00Z,37284,Aljeel-net,7d,0.271357
2026-09-12T20:00:00Z,328200,Al-Madar-Al-Jadeed,7d,0.571189
2026-09-12T20:00:00Z,328286,Libyana-Mobile-AS,7d,0.739112
2026-09-12T20:00:00Z,328539,Giga-Communication,7d,0.258794
2026-09-12T21:00:00Z,21003,GPTC-AS,7d,0.362228
2026-09-12T21:00:00Z,37284,Aljeel-net,7d,0.252513
2026-09-12T21:00:00Z,328200,Al-Madar-Al-Jadeed,7d,0.475712
2026-09-12T21:00:00Z,328286,Libyana-Mobile-AS,7d,0.58459
2026-09-12T21:00:00Z,328539,Giga-Communication,7d,0.231575
2026-09-12T22:00:00Z,21003,GPTC-AS,7d,0.34799
2026-09-12T22:00:00Z,37284,Aljeel-net,7d,0.23325
2026-09-12T22:00:00Z,328200,Al-Madar-Al-Jadeed,7d,0.502513
2026-09-12T22:00:00Z,328286,Libyana-Mobile-AS,7d,0.605946
2026-09-12T22:00:00Z,328539,Giga-Communication,7d,0.244975
2026-09-12T23:00:00Z,21003,GPTC-AS,7d,0.353434
2026-09-12T23:00:00Z,37284,Aljeel-net,7d,0.262982
2026-09-12T23:00:00Z,328200,Al-Madar-Al-Jadeed,7d,0.477387
2026-09-12T23:00:00Z,328286,Libyana-Mobile-AS,7d,0.616415
2026-09-12T23:00:00Z,328539,Giga-Communication,7d,0.228224
2026-09-13T00:00:00Z,21003,GPTC-AS,7d,0.321189
2026-09-13T00:00:00Z,37284,Aljeel-net,7d,0.235762
2026-09-13T00:00:00Z,328200,Al-Madar-Al-Jadeed,7d,0.420017
2026-09-13T00:00:00Z,328286,Libyana-Mobile-AS,7d,0.546901
2026-09-13T00:00:00Z,328539,Giga-Communication,7d,0.219012
2026-09-13T01:00:00Z,21003,GPTC-AS,7d,0.244137
2026-09-13T01:00:00Z,37284,Aljeel-net,7d,0.179229
2026-09-13T01:00:00Z,328200,Al-Madar-Al-Jadeed,7d,0.320352
2026-09-13T01:00:00Z,328286,Libyana-Mobile-AS,7d,0.468593
2026-09-13T01:00:00Z,328539,Giga-Communication,7d,0.183836
2026-09-13T02:00:00Z,21003,GPTC-AS,7d,0.191374
2026-09-13T02:00:00Z,37284,Aljeel-net,7d,0.167923
2026-09-13T02:00:00Z,328200,Al-Madar-Al-Jadeed,7d,0.213149
2026-09-13T02:00:00Z,328286,Libyana-Mobile-AS,7d,0.332496
2026-09-13T02:00:00Z,328539,Giga-Communication,7d,0.16206
2026-09-13T03:00:00Z,21003,GPTC-AS,7d,0.151173
2026-09-13T03:00:00Z,37284,Aljeel-net,7d,0.128141
2026-09-13T03:00:00Z,328200,Al-Madar-Al-Jadeed,7d,0.176717
2026-09-13T03:00:00Z,328286,Libyana-Mobile-AS,7d,0.231993
2026-09-13T03:00:00Z,328539,Giga-Communication,7d,0.126466
2026-09-13T04:00:00Z,21003,GPTC-AS,7d,0.146147
2026-09-13T04:00:00Z,37284,Aljeel-net,7d,0.128978
2026-09-13T04:00:00Z,328200,Al-Madar-Al-Jadeed,7d,0.15871
2026-09-13T04:00:00Z,328286,Libyana-Mobile-AS,7d,0.221106
2026-09-13T04:00:00Z,328539,Giga-Communication,7d,0.110972
2026-09-13T05:00:00Z,21003,GPTC-AS,7d,0.158291
2026-09-13T05:00:00Z,37284,Aljeel-net,7d,0.130235
2026-09-13T05:00:00Z,328200,Al-Madar-Al-Jadeed,7d,0.152429
2026-09-13T05:00:00Z,328286,Libyana-Mobile-AS,7d,0.210637
2026-09-13T05:00:00Z,328539,Giga-Communication,7d,0.10469
2026-09-13T06:00:00Z,21003,GPTC-AS,7d,0.181742
2026-09-13T06:00:00Z,37284,Aljeel-net,7d,0.117672
2026-09-13T06:00:00Z,328200,Al-Madar-Al-Jadeed,7d,0.205193
2026-09-13T06:00:00Z,328286,Libyana-Mobile-AS,7d,0.231575
2026-09-13T06:00:00Z,328539,Giga-Communication,7d,0.115578
2026-09-13T07:00:00Z,21003,GPTC-AS,7d,0.221106
2026-09-13T07:00:00Z,37284,Aljeel-net,7d,0.149916
2026-09-13T07:00:00Z,328200,Al-Madar-Al-Jadeed,7d,0.257538
2026-09-13T07:00:00Z,328286,Libyana-Mobile-AS,7d,0.315745
2026-09-13T07:00:00Z,328539,Giga-Communication,7d,0.120184
2026-09-13T08:00:00Z,21003,GPTC-AS,7d,0.266332
2026-09-13T08:00:00Z,37284,Aljeel-net,7d,0.160385
2026-09-13T08:00:00Z,328200,Al-Madar-Al-Jadeed,7d,0.289363
2026-09-13T08:00:00Z,328286,Libyana-Mobile-AS,7d,0.359296
2026-09-13T08:00:00Z,328539,Giga-Communication,7d,0.130653
2026-09-13T09:00:00Z,21003,GPTC-AS,7d,0.277219
2026-09-13T09:00:00Z,37284,Aljeel-net,7d,0.172948
2026-09-13T09:00:00Z,328200,Al-Madar-Al-Jadeed,7d,0.313652
2026-09-13T09:00:00Z,328286,Libyana-Mobile-AS,7d,0.420017
2026-09-13T09:00:00Z,328539,Giga-Communication,7d,0.128559
2026-09-13T10:00:00Z,21003,GPTC-AS,7d,0.277638
2026-09-13T10:00:00Z,37284,Aljeel-net,7d,0.181323
2026-09-13T10:00:00Z,328200,Al-Madar-Al-Jadeed,7d,0.325377
2026-09-13T10:00:00Z,328286,Libyana-Mobile-AS,7d,0.40536
2026-09-13T10:00:00Z,328539,Giga-Communication,7d,0.154941
2026-09-13T11:00:00Z,21003,GPTC-AS,7d,0.288945
2026-09-13T11:00:00Z,37284,Aljeel-net,7d,0.190117
2026-09-13T11:00:00Z,328200,Al-Madar-Al-Jadeed,7d,0.345059
2026-09-13T11:00:00Z,328286,Libyana-Mobile-AS,7d,0.428392
2026-09-13T11:00:00Z,328539,Giga-Communication,7d,0.172529
2026-09-13T12:00:00Z,21003,GPTC-AS,7d,0.310302
2026-09-13T12:00:00Z,37284,Aljeel-net,7d,0.212312
2026-09-13T12:00:00Z,328200,Al-Madar-Al-Jadeed,7d,0.379397
2026-09-13T12:00:00Z,328286,Libyana-Mobile-AS,7d,0.509631
2026-09-13T12:00:00Z,328539,Giga-Communication,7d,0.187605
2026-09-13T13:00:00Z,21003,GPTC-AS,7d,0.36139
2026-09-13T13:00:00Z,37284,Aljeel-net,7d,0.218593
2026-09-13T13:00:00Z,328200,Al-Madar-Al-Jadeed,7d,0.400335
2026-09-13T13:00:00Z,328286,Libyana-Mobile-AS,7d,0.528057
2026-09-13T13:00:00Z,328539,Giga-Communication,7d,0.189698
2026-09-13T14:00:00Z,21003,GPTC-AS,7d,0.347571
2026-09-13T14:00:00Z,37284,Aljeel-net,7d,0.241206
2026-09-13T14:00:00Z,328200,Al-Madar-Al-Jadeed,7d,0.46273
2026-09-13T14:00:00Z,328286,Libyana-Mobile-AS,7d,0.624372
2026-09-13T14:00:00Z,328539,Giga-Communication,7d,0.237018
2026-09-13T15:00:00Z,21003,GPTC-AS,7d,0.379816
2026-09-13T15:00:00Z,37284,Aljeel-net,7d,0.238693
2026-09-13T15:00:00Z,328200,Al-Madar-Al-Jadeed,7d,0.470687
2026-09-13T15:00:00Z,328286,Libyana-Mobile-AS,7d,0.559045
2026-09-13T15:00:00Z,328539,Giga-Communication,7d,0.232831
2026-09-13T16:00:00Z,21003,GPTC-AS,7d,0.366415
2026-09-13T16:00:00Z,37284,Aljeel-net,7d,0.196817
2026-09-13T16:00:00Z,328200,Al-Madar-Al-Jadeed,7d,0.443049
2026-09-13T16:00:00Z,328286,Libyana-Mobile-AS,7d,0.538526
2026-09-13T16:00:00Z,328539,Giga-Communication,7d,0.208124
2026-09-13T17:00:00Z,21003,GPTC-AS,7d,0.319933
2026-09-13T17:00:00Z,37284,Aljeel-net,7d,0.214824
2026-09-13T17:00:00Z,328200,Al-Madar-Al-Jadeed,7d,0.394054
2026-09-13T17:00:00Z,328286,Libyana-Mobile-AS,7d,0.471106
2026-09-13T17:00:00Z,328539,Giga-Communication,7d,0.192211
2026-08-14T18:00:00Z,21003,GPTC-AS,30d,0.288945
2026-08-14T18:00:00Z,37284,Aljeel-net,30d,0.208961
2026-08-14T18:00:00Z,328200,Al-Madar-Al-Jadeed,30d,0.393635
2026-08-14T18:00:00Z,328286,Libyana-Mobile-AS,30d,0.412898
2026-08-14T18:00:00Z,328539,Giga-Communication,30d,0.167923
2026-08-14T19:00:00Z,21003,GPTC-AS,30d,0.30737
2026-08-14T19:00:00Z,37284,Aljeel-net,30d,0.221106
2026-08-14T19:00:00Z,328200,Al-Madar-Al-Jadeed,30d,0.383166
2026-08-14T19:00:00Z,328286,Libyana-Mobile-AS,30d,0.470687
2026-08-14T19:00:00Z,328539,Giga-Communication,30d,0.182998
2026-08-14T20:00:00Z,21003,GPTC-AS,30d,0.29732
2026-08-14T20:00:00Z,37284,Aljeel-net,30d,0.186348
2026-08-14T20:00:00Z,328200,Al-Madar-Al-Jadeed,30d,0.38526
2026-08-14T20:00:00Z,328286,Libyana-Mobile-AS,30d,0.456868
2026-08-14T20:00:00Z,328539,Giga-Communication,30d,0.213568
2026-08-14T21:00:00Z,21003,GPTC-AS,30d,0.328727
2026-08-14T21:00:00Z,37284,Aljeel-net,30d,0.23325
2026-08-14T21:00:00Z,328200,Al-Madar-Al-Jadeed,30d,0.425461
2026-08-14T21:00:00Z,328286,Libyana-Mobile-AS,30d,0.487437
2026-08-14T21:00:00Z,328539,Giga-Communication,30d,0.211055
2026-08-14T22:00:00Z,21003,GPTC-AS,30d,0.324539
2026-08-14T22:00:00Z,37284,Aljeel-net,30d,0.21943
2026-08-14T22:00:00Z,328200,Al-Madar-Al-Jadeed,30d,0.440117
2026-08-14T22:00:00Z,328286,Libyana-Mobile-AS,30d,0.538526
2026-08-14T22:00:00Z,328539,Giga-Communication,30d,0.213149
2026-08-14T23:00:00Z,21003,GPTC-AS,30d,0.319514
2026-08-14T23:00:00Z,37284,Aljeel-net,30d,0.221524
2026-08-14T23:00:00Z,328200,Al-Madar-Al-Jadeed,30d,0.440117
2026-08-14T23:00:00Z,328286,Libyana-Mobile-AS,30d,0.541039
2026-08-14T23:00:00Z,328539,Giga-Communication,30d,0.231156
2026-08-15T00:00:00Z,21003,GPTC-AS,30d,0.296901
2026-08-15T00:00:00Z,37284,Aljeel-net,30d,0.225293
2026-08-15T00:00:00Z,328200,Al-Madar-Al-Jadeed,30d,0.396985
2026-08-15T00:00:00Z,328286,Libyana-Mobile-AS,30d,0.528894
2026-08-15T00:00:00Z,328539,Giga-Communication,30d,0.205611
2026-08-15T01:00:00Z,21003,GPTC-AS,30d,0.237437
2026-08-15T01:00:00Z,37284,Aljeel-net,30d,0.206868
2026-08-15T01:00:00Z,328200,Al-Madar-Al-Jadeed,30d,0.306951
2026-08-15T01:00:00Z,328286,Libyana-Mobile-AS,30d,0.460637
2026-08-15T01:00:00Z,328539,Giga-Communication,30d,0.191792
2026-08-15T02:00:00Z,21003,GPTC-AS,30d,0.180905
2026-08-15T02:00:00Z,37284,Aljeel-net,30d,0.156616
2026-08-15T02:00:00Z,328200,Al-Madar-Al-Jadeed,30d,0.255444
2026-08-15T02:00:00Z,328286,Libyana-Mobile-AS,30d,0.339196
2026-08-15T02:00:00Z,328539,Giga-Communication,30d,0.150754
2026-08-15T03:00:00Z,21003,GPTC-AS,30d,0.15201
2026-08-15T03:00:00Z,37284,Aljeel-net,30d,0.137772
2026-08-15T03:00:00Z,328200,Al-Madar-Al-Jadeed,30d,0.230737
2026-08-15T03:00:00Z,328286,Libyana-Mobile-AS,30d,0.2366
2026-08-15T03:00:00Z,328539,Giga-Communication,30d,0.124791
2026-08-15T04:00:00Z,21003,GPTC-AS,30d,0.149916
2026-08-15T04:00:00Z,37284,Aljeel-net,30d,0.119347
2026-08-15T04:00:00Z,328200,Al-Madar-Al-Jadeed,30d,0.176298
2026-08-15T04:00:00Z,328286,Libyana-Mobile-AS,30d,0.248744
2026-08-15T04:00:00Z,328539,Giga-Communication,30d,0.108878
2026-08-15T05:00:00Z,21003,GPTC-AS,30d,0.149079
2026-08-15T05:00:00Z,37284,Aljeel-net,30d,0.11809
2026-08-15T05:00:00Z,328200,Al-Madar-Al-Jadeed,30d,0.127722
2026-08-15T05:00:00Z,328286,Libyana-Mobile-AS,30d,0.20938
2026-08-15T05:00:00Z,328539,Giga-Communication,30d,0.096315
2026-08-15T06:00:00Z,21003,GPTC-AS,30d,0.15871
2026-08-15T06:00:00Z,37284,Aljeel-net,30d,0.121859
2026-08-15T06:00:00Z,328200,Al-Madar-Al-Jadeed,30d,0.153266
2026-08-15T06:00:00Z,328286,Libyana-Mobile-AS,30d,0.234087
2026-08-15T06:00:00Z,328539,Giga-Communication,30d,0.101759
2026-08-15T07:00:00Z,21003,GPTC-AS,30d,0.165829
2026-08-15T07:00:00Z,37284,Aljeel-net,30d,0.136516
2026-08-15T07:00:00Z,328200,Al-Madar-Al-Jadeed,30d,0.177554
2026-08-15T07:00:00Z,328286,Libyana-Mobile-AS,30d,0.254606
2026-08-15T07:00:00Z,328539,Giga-Communication,30d,0.10804
2026-08-15T08:00:00Z,21003,GPTC-AS,30d,0.196817
2026-08-15T08:00:00Z,37284,Aljeel-net,30d,0.154104
2026-08-15T08:00:00Z,328200,Al-Madar-Al-Jadeed,30d,0.223618
2026-08-15T08:00:00Z,328286,Libyana-Mobile-AS,30d,0.293551
2026-08-15T08:00:00Z,328539,Giga-Communication,30d,0.111809
2026-08-15T09:00:00Z,21003,GPTC-AS,30d,0.234087
2026-08-15T09:00:00Z,37284,Aljeel-net,30d,0.133585
2026-08-15T09:00:00Z,328200,Al-Madar-Al-Jadeed,30d,0.250419
2026-08-15T09:00:00Z,328286,Libyana-Mobile-AS,30d,0.335846
2026-08-15T09:00:00Z,328539,Giga-Communication,30d,0.130235
2026-08-15T10:00:00Z,21003,GPTC-AS,30d,0.259213
2026-08-15T10:00:00Z,37284,Aljeel-net,30d,0.182161
2026-08-15T10:00:00Z,328200,Al-Madar-Al-Jadeed,30d,0.270519
2026-08-15T10:00:00Z,328286,Libyana-Mobile-AS,30d,0.356784
2026-08-15T10:00:00Z,328539,Giga-Communication,30d,0.164154
2026-08-15T11:00:00Z,21003,GPTC-AS,30d,0.268425
2026-08-15T11:00:00Z,37284,Aljeel-net,30d,0.202261
2026-08-15T11:00:00Z,328200,Al-Madar-Al-Jadeed,30d,0.345059
2026-08-15T11:00:00Z,328286,Libyana-Mobile-AS,30d,0.433417
2026-08-15T11:00:00Z,328539,Giga-Communication,30d,0.165829
2026-08-15T12:00:00Z,21003,GPTC-AS,30d,0.298576
2026-08-15T12:00:00Z,37284,Aljeel-net,30d,0.224874
2026-08-15T12:00:00Z,328200,Al-Madar-Al-Jadeed,30d,0.375628
2026-08-15T12:00:00Z,328286,Libyana-Mobile-AS,30d,0.492044
2026-08-15T12:00:00Z,328539,Giga-Communication,30d,0.182998
2026-08-15T13:00:00Z,21003,GPTC-AS,30d,0.34464
2026-08-15T13:00:00Z,37284,Aljeel-net,30d,0.237437
2026-08-15T13:00:00Z,328200,Al-Madar-Al-Jadeed,30d,0.394472
2026-08-15T13:00:00Z,328286,Libyana-Mobile-AS,30d,0.497906
2026-08-15T13:00:00Z,328539,Giga-Communication,30d,0.199749
2026-08-15T14:00:00Z,21003,GPTC-AS,30d,0.379397
2026-08-15T14:00:00Z,37284,Aljeel-net,30d,0.220687
2026-08-15T14:00:00Z,328200,Al-Madar-Al-Jadeed,30d,0.39531
2026-08-15T14:00:00Z,328286,Libyana-Mobile-AS,30d,0.509631
2026-08-15T14:00:00Z,328539,Giga-Communication,30d,0.216918
2026-08-15T15:00:00Z,21003,GPTC-AS,30d,0.311139
2026-08-15T15:00:00Z,37284,Aljeel-net,30d,0.215243
2026-08-15T15:00:00Z,328200,Al-Madar-Al-Jadeed,30d,0.375209
2026-08-15T15:00:00Z,328286,Libyana-Mobile-AS,30d,0.503769
2026-08-15T15:00:00Z,328539,Giga-Communication,30d,0.179229
2026-08-15T16:00:00Z,21003,GPTC-AS,30d,0.352178
2026-08-15T16:00:00Z,37284,Aljeel-net,30d,0.234925
2026-08-15T16:00:00Z,328200,Al-Madar-Al-Jadeed,30d,0.384841
2026-08-15T16:00:00Z,328286,Libyana-Mobile-AS,30d,0.490369
2026-08-15T16:00:00Z,328539,Giga-Communication,30d,0.19263
2026-08-15T17:00:00Z,21003,GPTC-AS,30d,0.336683
2026-08-15T17:00:00Z,37284,Aljeel-net,30d,0.215243
2026-08-15T17:00:00Z,328200,Al-Madar-Al-Jadeed,30d,0.377303
2026-08-15T17:00:00Z,328286,Libyana-Mobile-AS,30d,0.465662
2026-08-15T17:00:00Z,328539,Giga-Communication,30d,0.214824
2026-08-15T18:00:00Z,21003,GPTC-AS,30d,0.293132
2026-08-15T18:00:00Z,37284,Aljeel-net,30d,0.203518
2026-08-15T18:00:00Z,328200,Al-Madar-Al-Jadeed,30d,0.40536
2026-08-15T18:00:00Z,328286,Libyana-Mobile-AS,30d,0.494556
2026-08-15T18:00:00Z,328539,Giga-Communication,30d,0.167923
2026-08-15T19:00:00Z,21003,GPTC-AS,30d,0.311139
2026-08-15T19:00:00Z,37284,Aljeel-net,30d,0.169598
2026-08-15T19:00:00Z,328200,Al-Madar-Al-Jadeed,30d,0.377722
2026-08-15T19:00:00Z,328286,Libyana-Mobile-AS,30d,0.487856
2026-08-15T19:00:00Z,328539,Giga-Communication,30d,0.146147
2026-08-15T20:00:00Z,21003,GPTC-AS,30d,0.322864
2026-08-15T20:00:00Z,37284,Aljeel-net,30d,0.187605
2026-08-15T20:00:00Z,328200,Al-Madar-Al-Jadeed,30d,0.378978
2026-08-15T20:00:00Z,328286,Libyana-Mobile-AS,30d,0.489112
2026-08-15T20:00:00Z,328539,Giga-Communication,30d,0.158291
2026-08-15T21:00:00Z,21003,GPTC-AS,30d,0.329564
2026-08-15T21:00:00Z,37284,Aljeel-net,30d,0.211055
2026-08-15T21:00:00Z,328200,Al-Madar-Al-Jadeed,30d,0.402429
2026-08-15T21:00:00Z,328286,Libyana-Mobile-AS,30d,0.505025
2026-08-15T21:00:00Z,328539,Giga-Communication,30d,0.170854
2026-08-15T22:00:00Z,21003,GPTC-AS,30d,0.319933
2026-08-15T22:00:00Z,37284,Aljeel-net,30d,0.214405
2026-08-15T22:00:00Z,328200,Al-Madar-Al-Jadeed,30d,0.401591
2026-08-15T22:00:00Z,328286,Libyana-Mobile-AS,30d,0.508794
2026-08-15T22:00:00Z,328539,Giga-Communication,30d,0.175879
2026-08-15T23:00:00Z,21003,GPTC-AS,30d,0.319933
2026-08-15T23:00:00Z,37284,Aljeel-net,30d,0.201005
2026-08-15T23:00:00Z,328200,Al-Madar-Al-Jadeed,30d,0.417085
2026-08-15T23:00:00Z,328286,Libyana-Mobile-AS,30d,0.561139
2026-08-15T23:00:00Z,328539,Giga-Communication,30d,0.197236
2026-08-16T00:00:00Z,21003,GPTC-AS,30d,0.284338
2026-08-16T00:00:00Z,37284,Aljeel-net,30d,0.20938
2026-08-16T00:00:00Z,328200,Al-Madar-Al-Jadeed,30d,0.321189
2026-08-16T00:00:00Z,328286,Libyana-Mobile-AS,30d,0.516332
2026-08-16T00:00:00Z,328539,Giga-Communication,30d,0.168342
2026-08-16T01:00:00Z,21003,GPTC-AS,30d,0.257538
2026-08-16T01:00:00Z,37284,Aljeel-net,30d,0.173786
2026-08-16T01:00:00Z,328200,Al-Madar-Al-Jadeed,30d,0.30402
2026-08-16T01:00:00Z,328286,Libyana-Mobile-AS,30d,0.444724
2026-08-16T01:00:00Z,328539,Giga-Communication,30d,0.15201
2026-08-16T02:00:00Z,21003,GPTC-AS,30d,0.186348
2026-08-16T02:00:00Z,37284,Aljeel-net,30d,0.141541
2026-08-16T02:00:00Z,328200,Al-Madar-Al-Jadeed,30d,0.20603
2026-08-16T02:00:00Z,328286,Libyana-Mobile-AS,30d,0.359296
2026-08-16T02:00:00Z,328539,Giga-Communication,30d,0.076214
2026-08-16T03:00:00Z,21003,GPTC-AS,30d,0.15871
2026-08-16T03:00:00Z,37284,Aljeel-net,30d,0.106784
2026-08-16T03:00:00Z,328200,Al-Madar-Al-Jadeed,30d,0.15871
2026-08-16T03:00:00Z,328286,Libyana-Mobile-AS,30d,0.257538
2026-08-16T03:00:00Z,328539,Giga-Communication,30d,0.069514
2026-08-16T04:00:00Z,21003,GPTC-AS,30d,0.162898
2026-08-16T04:00:00Z,37284,Aljeel-net,30d,0.100503
2026-08-16T04:00:00Z,328200,Al-Madar-Al-Jadeed,30d,0.147822
2026-08-16T04:00:00Z,328286,Libyana-Mobile-AS,30d,0.224037
2026-08-16T04:00:00Z,328539,Giga-Communication,30d,0.067839
2026-08-16T05:00:00Z,21003,GPTC-AS,30d,0.144054
2026-08-16T05:00:00Z,37284,Aljeel-net,30d,0.085846
2026-08-16T05:00:00Z,328200,Al-Madar-Al-Jadeed,30d,0.144472
2026-08-16T05:00:00Z,328286,Libyana-Mobile-AS,30d,0.211893
2026-08-16T05:00:00Z,328539,Giga-Communication,30d,0.065327
2026-08-16T06:00:00Z,21003,GPTC-AS,30d,0.167923
2026-08-16T06:00:00Z,37284,Aljeel-net,30d,0.105946
2026-08-16T06:00:00Z,328200,Al-Madar-Al-Jadeed,30d,0.146147
2026-08-16T06:00:00Z,328286,Libyana-Mobile-AS,30d,0.232412
2026-08-16T06:00:00Z,328539,Giga-Communication,30d,0.078727
2026-08-16T07:00:00Z,21003,GPTC-AS,30d,0.213149
2026-08-16T07:00:00Z,37284,Aljeel-net,30d,0.118928
2026-08-16T07:00:00Z,328200,Al-Madar-Al-Jadeed,30d,0.180905
2026-08-16T07:00:00Z,328286,Libyana-Mobile-AS,30d,0.2433
2026-08-16T07:00:00Z,328539,Giga-Communication,30d,0.105109
2026-08-16T08:00:00Z,21003,GPTC-AS,30d,0.273032
2026-08-16T08:00:00Z,37284,Aljeel-net,30d,0.142379
2026-08-16T08:00:00Z,328200,Al-Madar-Al-Jadeed,30d,0.275126
2026-08-16T08:00:00Z,328286,Libyana-Mobile-AS,30d,0.327052
2026-08-16T08:00:00Z,328539,Giga-Communication,30d,0.107621
2026-08-16T09:00:00Z,21003,GPTC-AS,30d,0.282245
2026-08-16T09:00:00Z,37284,Aljeel-net,30d,0.143216
2026-08-16T09:00:00Z,328200,Al-Madar-Al-Jadeed,30d,0.286013
2026-08-16T09:00:00Z,328286,Libyana-Mobile-AS,30d,0.376466
2026-08-16T09:00:00Z,328539,Giga-Communication,30d,0.13191
2026-08-16T10:00:00Z,21003,GPTC-AS,30d,0.319514
2026-08-16T10:00:00Z,37284,Aljeel-net,30d,0.216918
2026-08-16T10:00:00Z,328200,Al-Madar-Al-Jadeed,30d,0.28057
2026-08-16T10:00:00Z,328286,Libyana-Mobile-AS,30d,0.362647
2026-08-16T10:00:00Z,328539,Giga-Communication,30d,0.168342
2026-08-16T11:00:00Z,21003,GPTC-AS,30d,0.313652
2026-08-16T11:00:00Z,37284,Aljeel-net,30d,0.206868
2026-08-16T11:00:00Z,328200,Al-Madar-Al-Jadeed,30d,0.311558
2026-08-16T11:00:00Z,328286,Libyana-Mobile-AS,30d,0.40201
2026-08-16T11:00:00Z,328539,Giga-Communication,30d,0.167085
2026-08-16T12:00:00Z,21003,GPTC-AS,30d,0.325377
2026-08-16T12:00:00Z,37284,Aljeel-net,30d,0.222781
2026-08-16T12:00:00Z,328200,Al-Madar-Al-Jadeed,30d,0.345477
2026-08-16T12:00:00Z,328286,Libyana-Mobile-AS,30d,0.416667
2026-08-16T12:00:00Z,328539,Giga-Communication,30d,0.188442
2026-08-16T13:00:00Z,21003,GPTC-AS,30d,0.330821
2026-08-16T13:00:00Z,37284,Aljeel-net,30d,0.223199
2026-08-16T13:00:00Z,328200,Al-Madar-Al-Jadeed,30d,0.393216
2026-08-16T13:00:00Z,328286,Libyana-Mobile-AS,30d,0.470687
2026-08-16T13:00:00Z,328539,Giga-Communication,30d,0.217337
2026-08-16T14:00:00Z,21003,GPTC-AS,30d,0.35804
2026-08-16T14:00:00Z,37284,Aljeel-net,30d,0.246231
2026-08-16T14:00:00Z,328200,Al-Madar-Al-Jadeed,30d,0.476968
2026-08-16T14:00:00Z,328286,Libyana-Mobile-AS,30d,0.587102
2026-08-16T14:00:00Z,328539,Giga-Communication,30d,0.219012
2026-08-16T15:00:00Z,21003,GPTC-AS,30d,0.351759
2026-08-16T15:00:00Z,37284,Aljeel-net,30d,0.232831
2026-08-16T15:00:00Z,328200,Al-Madar-Al-Jadeed,30d,0.44598
2026-08-16T15:00:00Z,328286,Libyana-Mobile-AS,30d,0.555695
2026-08-16T15:00:00Z,328539,Giga-Communication,30d,0.206868
2026-08-16T16:00:00Z,21003,GPTC-AS,30d,0.317002
2026-08-16T16:00:00Z,37284,Aljeel-net,30d,0.193049
2026-08-16T16:00:00Z,328200,Al-Madar-Al-Jadeed,30d,0.397404
2026-08-16T16:00:00Z,328286,Libyana-Mobile-AS,30d,0.53392
2026-08-16T16:00:00Z,328539,Giga-Communication,30d,0.189698
2026-08-16T17:00:00Z,21003,GPTC-AS,30d,0.298157
2026-08-16T17:00:00Z,37284,Aljeel-net,30d,0.21943
2026-08-16T17:00:00Z,328200,Al-Madar-Al-Jadeed,30d,0.363903
2026-08-16T17:00:00Z,328286,Libyana-Mobile-AS,30d,0.441374
2026-08-16T17:00:00Z,328539,Giga-Communication,30d,0.190536
2026-08-16T18:00:00Z,21003,GPTC-AS,30d,0.290201
2026-08-16T18:00:00Z,37284,Aljeel-net,30d,0.182998
2026-08-16T18:00:00Z,328200,Al-Madar-Al-Jadeed,30d,0.372278
2026-08-16T18:00:00Z,328286,Libyana-Mobile-AS,30d,0.439698
2026-08-16T18:00:00Z,328539,Giga-Communication,30d,0.192211
2026-08-16T19:00:00Z,21003,GPTC-AS,30d,0.327052
2026-08-16T19:00:00Z,37284,Aljeel-net,30d,0.206868
2026-08-16T19:00:00Z,328200,Al-Madar-Al-Jadeed,30d,0.410385
2026-08-16T19:00:00Z,328286,Libyana-Mobile-AS,30d,0.468593
2026-08-16T19:00:00Z,328539,Giga-Communication,30d,0.190955
2026-08-16T20:00:00Z,21003,GPTC-AS,30d,0.310302
2026-08-16T20:00:00Z,37284,Aljeel-net,30d,0.200168
2026-08-16T20:00:00Z,328200,Al-Madar-Al-Jadeed,30d,0.391541
2026-08-16T20:00:00Z,328286,Libyana-Mobile-AS,30d,0.481993
2026-08-16T20:00:00Z,328539,Giga-Communication,30d,0.188442
2026-08-16T21:00:00Z,21003,GPTC-AS,30d,0.2634
2026-08-16T21:00:00Z,37284,Aljeel-net,30d,0.137772
2026-08-16T21:00:00Z,328200,Al-Madar-Al-Jadeed,30d,0.414992
2026-08-16T21:00:00Z,328286,Libyana-Mobile-AS,30d,0.505025
2026-08-16T21:00:00Z,328539,Giga-Communication,30d,0.115578
2026-08-16T22:00:00Z,21003,GPTC-AS,30d,0.2567
2026-08-16T22:00:00Z,37284,Aljeel-net,30d,0.139028
2026-08-16T22:00:00Z,328200,Al-Madar-Al-Jadeed,30d,0.349246
2026-08-16T22:00:00Z,328286,Libyana-Mobile-AS,30d,0.526801
2026-08-16T22:00:00Z,328539,Giga-Communication,30d,0.129816
2026-08-16T23:00:00Z,21003,GPTC-AS,30d,0.276382
2026-08-16T23:00:00Z,37284,Aljeel-net,30d,0.146985
2026-08-16T23:00:00Z,328200,Al-Madar-Al-Jadeed,30d,0.352178
2026-08-16T23:00:00Z,328286,Libyana-Mobile-AS,30d,0.48325
2026-08-16T23:00:00Z,328539,Giga-Communication,30d,0.137772
2026-08-17T00:00:00Z,21003,GPTC-AS,30d,0.224456
2026-08-17T00:00:00Z,37284,Aljeel-net,30d,0.143216
2026-08-17T00:00:00Z,328200,Al-Madar-Al-Jadeed,30d,0.344221
2026-08-17T00:00:00Z,328286,Libyana-Mobile-AS,30d,0.430067
2026-08-17T00:00:00Z,328539,Giga-Communication,30d,0.137772
2026-08-17T01:00:00Z,21003,GPTC-AS,30d,0.196817
2026-08-17T01:00:00Z,37284,Aljeel-net,30d,0.13861
2026-08-17T01:00:00Z,328200,Al-Madar-Al-Jadeed,30d,0.23995
2026-08-17T01:00:00Z,328286,Libyana-Mobile-AS,30d,0.367672
2026-08-17T01:00:00Z,328539,Giga-Communication,30d,0.107203
2026-08-17T02:00:00Z,21003,GPTC-AS,30d,0.170436
2026-08-17T02:00:00Z,37284,Aljeel-net,30d,0.128141
2026-08-17T02:00:00Z,328200,Al-Madar-Al-Jadeed,30d,0.186767
2026-08-17T02:00:00Z,328286,Libyana-Mobile-AS,30d,0.258794
2026-08-17T02:00:00Z,328539,Giga-Communication,30d,0.087102
2026-08-17T03:00:00Z,21003,GPTC-AS,30d,0.139028
2026-08-17T03:00:00Z,37284,Aljeel-net,30d,0.09464
2026-08-17T03:00:00Z,328200,Al-Madar-Al-Jadeed,30d,0.15201
2026-08-17T03:00:00Z,328286,Libyana-Mobile-AS,30d,0.219012
2026-08-17T03:00:00Z,328539,Giga-Communication,30d,0.08459
2026-08-17T04:00:00Z,21003,GPTC-AS,30d,0.130235
2026-08-17T04:00:00Z,37284,Aljeel-net,30d,0.092546
2026-08-17T04:00:00Z,328200,Al-Madar-Al-Jadeed,30d,0.121022
2026-08-17T04:00:00Z,328286,Libyana-Mobile-AS,30d,0.187605
2026-08-17T04:00:00Z,328539,Giga-Communication,30d,0.080402
2026-08-17T05:00:00Z,21003,GPTC-AS,30d,0.117672
2026-08-17T05:00:00Z,37284,Aljeel-net,30d,0.076633
2026-08-17T05:00:00Z,328200,Al-Madar-Al-Jadeed,30d,0.121859
2026-08-17T05:00:00Z,328286,Libyana-Mobile-AS,30d,0.19263
2026-08-17T05:00:00Z,328539,Giga-Communication,30d,0.078308
2026-08-17T06:00:00Z,21003,GPTC-AS,30d,0.149916
2026-08-17T06:00:00Z,37284,Aljeel-net,30d,0.089196
2026-08-17T06:00:00Z,328200,Al-Madar-Al-Jadeed,30d,0.146566
2026-08-17T06:00:00Z,328286,Libyana-Mobile-AS,30d,0.208124
2026-08-17T06:00:00Z,328539,Giga-Communication,30d,0.077052
2026-08-17T07:00:00Z,21003,GPTC-AS,30d,0.207705
2026-08-17T07:00:00Z,37284,Aljeel-net,30d,0.107621
2026-08-17T07:00:00Z,328200,Al-Madar-Al-Jadeed,30d,0.180486
2026-08-17T07:00:00Z,328286,Libyana-Mobile-AS,30d,0.257956
2026-08-17T07:00:00Z,328539,Giga-Communication,30d,0.093384
2026-08-17T08:00:00Z,21003,GPTC-AS,30d,0.216499
2026-08-17T08:00:00Z,37284,Aljeel-net,30d,0.113065
2026-08-17T08:00:00Z,328200,Al-Madar-Al-Jadeed,30d,0.260469
2026-08-17T08:00:00Z,328286,Libyana-Mobile-AS,30d,0.30067
2026-08-17T08:00:00Z,328539,Giga-Communication,30d,0.113484
2026-08-17T09:00:00Z,21003,GPTC-AS,30d,0.196817
2026-08-17T09:00:00Z,37284,Aljeel-net,30d,0.099665
2026-08-17T09:00:00Z,328200,Al-Madar-Al-Jadeed,30d,0.232412
2026-08-17T09:00:00Z,328286,Libyana-Mobile-AS,30d,0.339615
2026-08-17T09:00:00Z,328539,Giga-Communication,30d,0.086683
2026-08-17T10:00:00Z,21003,GPTC-AS,30d,0.210637
2026-08-17T10:00:00Z,37284,Aljeel-net,30d,0.10134
2026-08-17T10:00:00Z,328200,Al-Madar-Al-Jadeed,30d,0.2366
2026-08-17T10:00:00Z,328286,Libyana-Mobile-AS,30d,0.312395
2026-08-17T10:00:00Z,328539,Giga-Communication,30d,0.090452
2026-08-17T11:00:00Z,21003,GPTC-AS,30d,0.220687
2026-08-17T11:00:00Z,37284,Aljeel-net,30d,0.113903
2026-08-17T11:00:00Z,328200,Al-Madar-Al-Jadeed,30d,0.246231
2026-08-17T11:00:00Z,328286,Libyana-Mobile-AS,30d,0.308626
2026-08-17T11:00:00Z,328539,Giga-Communication,30d,0.109296
2026-08-17T12:00:00Z,21003,GPTC-AS,30d,0.205611
2026-08-17T12:00:00Z,37284,Aljeel-net,30d,0.124372
2026-08-17T12:00:00Z,328200,Al-Madar-Al-Jadeed,30d,0.24665
2026-08-17T12:00:00Z,328286,Libyana-Mobile-AS,30d,0.36809
2026-08-17T12:00:00Z,328539,Giga-Communication,30d,0.115578
2026-08-17T13:00:00Z,21003,GPTC-AS,30d,0.215662
2026-08-17T13:00:00Z,37284,Aljeel-net,30d,0.138191
2026-08-17T13:00:00Z,328200,Al-Madar-Al-Jadeed,30d,0.268844
2026-08-17T13:00:00Z,328286,Libyana-Mobile-AS,30d,0.368928
2026-08-17T13:00:00Z,328539,Giga-Communication,30d,0.125209
2026-08-17T14:00:00Z,21003,GPTC-AS,30d,0.212312
2026-08-17T14:00:00Z,37284,Aljeel-net,30d,0.144472
2026-08-17T14:00:00Z,328200,Al-Madar-Al-Jadeed,30d,0.25
2026-08-17T14:00:00Z,328286,Libyana-Mobile-AS,30d,0.358878
2026-08-17T14:00:00Z,328539,Giga-Communication,30d,0.137353
2026-08-17T15:00:00Z,21003,GPTC-AS,30d,0.205193
2026-08-17T15:00:00Z,37284,Aljeel-net,30d,0.125209
2026-08-17T15:00:00Z,328200,Al-Madar-Al-Jadeed,30d,0.268425
2026-08-17T15:00:00Z,328286,Libyana-Mobile-AS,30d,0.348827
2026-08-17T15:00:00Z,328539,Giga-Communication,30d,0.144472
2026-08-17T16:00:00Z,21003,GPTC-AS,30d,0.201424
2026-08-17T16:00:00Z,37284,Aljeel-net,30d,0.121441
2026-08-17T16:00:00Z,328200,Al-Madar-Al-Jadeed,30d,0.265494
2026-08-17T16:00:00Z,328286,Libyana-Mobile-AS,30d,0.354271
2026-08-17T16:00:00Z,328539,Giga-Communication,30d,0.144054
2026-08-17T17:00:00Z,21003,GPTC-AS,30d,0.208124
2026-08-17T17:00:00Z,37284,Aljeel-net,30d,0.146147
2026-08-17T17:00:00Z,328200,Al-Madar-Al-Jadeed,30d,0.256281
2026-08-17T17:00:00Z,328286,Libyana-Mobile-AS,30d,0.380653
2026-08-17T17:00:00Z,328539,Giga-Communication,30d,0.14196
2026-08-17T18:00:00Z,21003,GPTC-AS,30d,0.247069
2026-08-17T18:00:00Z,37284,Aljeel-net,30d,0.153266
2026-08-17T18:00:00Z,328200,Al-Madar-Al-Jadeed,30d,0.270101
2026-08-17T18:00:00Z,328286,Libyana-Mobile-AS,30d,0.355528
2026-08-17T18:00:00Z,328539,Giga-Communication,30d,0.148241
2026-08-17T19:00:00Z,21003,GPTC-AS,30d,0.270101
2026-08-17T19:00:00Z,37284,Aljeel-net,30d,0.153266
2026-08-17T19:00:00Z,328200,Al-Madar-Al-Jadeed,30d,0.293132
2026-08-17T19:00:00Z,328286,Libyana-Mobile-AS,30d,0.381072
2026-08-17T19:00:00Z,328539,Giga-Communication,30d,0.170017
2026-08-17T20:00:00Z,21003,GPTC-AS,30d,0.252094
2026-08-17T20:00:00Z,37284,Aljeel-net,30d,0.183836
2026-08-17T20:00:00Z,328200,Al-Madar-Al-Jadeed,30d,0.338358
2026-08-17T20:00:00Z,328286,Libyana-Mobile-AS,30d,0.426298
2026-08-17T20:00:00Z,328539,Giga-Communication,30d,0.164992
2026-08-17T21:00:00Z,21003,GPTC-AS,30d,0.257956
2026-08-17T21:00:00Z,37284,Aljeel-net,30d,0.191374
2026-08-17T21:00:00Z,328200,Al-Madar-Al-Jadeed,30d,0.361809
2026-08-17T21:00:00Z,328286,Libyana-Mobile-AS,30d,0.448074
2026-08-17T21:00:00Z,328539,Giga-Communication,30d,0.184255
2026-08-17T22:00:00Z,21003,GPTC-AS,30d,0.267169
2026-08-17T22:00:00Z,37284,Aljeel-net,30d,0.195142
2026-08-17T22:00:00Z,328200,Al-Madar-Al-Jadeed,30d,0.392797
2026-08-17T22:00:00Z,328286,Libyana-Mobile-AS,30d,0.448492
2026-08-17T22:00:00Z,328539,Giga-Communication,30d,0.186767
2026-08-17T23:00:00Z,21003,GPTC-AS,30d,0.239531
2026-08-17T23:00:00Z,37284,Aljeel-net,30d,0.179648
2026-08-17T23:00:00Z,328200,Al-Madar-Al-Jadeed,30d,0.378559
2026-08-17T23:00:00Z,328286,Libyana-Mobile-AS,30d,0.505025
2026-08-17T23:00:00Z,328539,Giga-Communication,30d,0.197655
2026-08-18T00:00:00Z,21003,GPTC-AS,30d,0.205193
2026-08-18T00:00:00Z,37284,Aljeel-net,30d,0.175042
2026-08-18T00:00:00Z,328200,Al-Madar-Al-Jadeed,30d,0.335427
2026-08-18T00:00:00Z,328286,Libyana-Mobile-AS,30d,0.473618
2026-08-18T00:00:00Z,328539,Giga-Communication,30d,0.189698
2026-08-18T01:00:00Z,21003,GPTC-AS,30d,0.211893
2026-08-18T01:00:00Z,37284,Aljeel-net,30d,0.161642
2026-08-18T01:00:00Z,328200,Al-Madar-Al-Jadeed,30d,0.262563
2026-08-18T01:00:00Z,328286,Libyana-Mobile-AS,30d,0.378141
2026-08-18T01:00:00Z,328539,Giga-Communication,30d,0.159548
2026-08-18T02:00:00Z,21003,GPTC-AS,30d,0.157035
2026-08-18T02:00:00Z,37284,Aljeel-net,30d,0.138191
2026-08-18T02:00:00Z,328200,Al-Madar-Al-Jadeed,30d,0.220268
2026-08-18T02:00:00Z,328286,Libyana-Mobile-AS,30d,0.319514
2026-08-18T02:00:00Z,328539,Giga-Communication,30d,0.146147
2026-08-18T03:00:00Z,21003,GPTC-AS,30d,0.127303
2026-08-18T03:00:00Z,37284,Aljeel-net,30d,0.10804
2026-08-18T03:00:00Z,328200,Al-Madar-Al-Jadeed,30d,0.160804
2026-08-18T03:00:00Z,328286,Libyana-Mobile-AS,30d,0.229481
2026-08-18T03:00:00Z,328539,Giga-Communication,30d,0.103434
2026-08-18T04:00:00Z,21003,GPTC-AS,30d,0.120184
2026-08-18T04:00:00Z,37284,Aljeel-net,30d,0.093384
2026-08-18T04:00:00Z,328200,Al-Madar-Al-Jadeed,30d,0.144472
2026-08-18T04:00:00Z,328286,Libyana-Mobile-AS,30d,0.223199
2026-08-18T04:00:00Z,328539,Giga-Communication,30d,0.097152
2026-08-18T05:00:00Z,21003,GPTC-AS,30d,0.116415
2026-08-18T05:00:00Z,37284,Aljeel-net,30d,0.088777
2026-08-18T05:00:00Z,328200,Al-Madar-Al-Jadeed,30d,0.145729
2026-08-18T05:00:00Z,328286,Libyana-Mobile-AS,30d,0.221943
2026-08-18T05:00:00Z,328539,Giga-Communication,30d,0.091709
2026-08-18T06:00:00Z,21003,GPTC-AS,30d,0.14196
2026-08-18T06:00:00Z,37284,Aljeel-net,30d,0.106365
2026-08-18T06:00:00Z,328200,Al-Madar-Al-Jadeed,30d,0.164573
2026-08-18T06:00:00Z,328286,Libyana-Mobile-AS,30d,0.213987
2026-08-18T06:00:00Z,328539,Giga-Communication,30d,0.093802
2026-08-18T07:00:00Z,21003,GPTC-AS,30d,0.184255
2026-08-18T07:00:00Z,37284,Aljeel-net,30d,0.119765
2026-08-18T07:00:00Z,328200,Al-Madar-Al-Jadeed,30d,0.201843
2026-08-18T07:00:00Z,328286,Libyana-Mobile-AS,30d,0.274707
2026-08-18T07:00:00Z,328539,Giga-Communication,30d,0.108459
2026-08-18T08:00:00Z,21003,GPTC-AS,30d,0.226549
2026-08-18T08:00:00Z,37284,Aljeel-net,30d,0.116834
2026-08-18T08:00:00Z,328200,Al-Madar-Al-Jadeed,30d,0.254606
2026-08-18T08:00:00Z,328286,Libyana-Mobile-AS,30d,0.330402
2026-08-18T08:00:00Z,328539,Giga-Communication,30d,0.136097
2026-08-18T09:00:00Z,21003,GPTC-AS,30d,0.263819
2026-08-18T09:00:00Z,37284,Aljeel-net,30d,0.146566
2026-08-18T09:00:00Z,328200,Al-Madar-Al-Jadeed,30d,0.279732
2026-08-18T09:00:00Z,328286,Libyana-Mobile-AS,30d,0.355528
2026-08-18T09:00:00Z,328539,Giga-Communication,30d,0.143216
2026-08-18T10:00:00Z,21003,GPTC-AS,30d,0.305276
2026-08-18T10:00:00Z,37284,Aljeel-net,30d,0.149916
2026-08-18T10:00:00Z,328200,Al-Madar-Al-Jadeed,30d,0.312395
2026-08-18T10:00:00Z,328286,Libyana-Mobile-AS,30d,0.386516
2026-08-18T10:00:00Z,328539,Giga-Communication,30d,0.168342
2026-08-18T11:00:00Z,21003,GPTC-AS,30d,0.271357
2026-08-18T11:00:00Z,37284,Aljeel-net,30d,0.193886
2026-08-18T11:00:00Z,328200,Al-Madar-Al-Jadeed,30d,0.326214
2026-08-18T11:00:00Z,328286,Libyana-Mobile-AS,30d,0.431742
2026-08-18T11:00:00Z,328539,Giga-Communication,30d,0.18928
2026-08-18T12:00:00Z,21003,GPTC-AS,30d,0.326633
2026-08-18T12:00:00Z,37284,Aljeel-net,30d,0.188861
2026-08-18T12:00:00Z,328200,Al-Madar-Al-Jadeed,30d,0.365997
2026-08-18T12:00:00Z,328286,Libyana-Mobile-AS,30d,0.462312
2026-08-18T12:00:00Z,328539,Giga-Communication,30d,0.196817
2026-08-18T13:00:00Z,21003,GPTC-AS,30d,0.335427
2026-08-18T13:00:00Z,37284,Aljeel-net,30d,0.215662
2026-08-18T13:00:00Z,328200,Al-Madar-Al-Jadeed,30d,0.370184
2026-08-18T13:00:00Z,328286,Libyana-Mobile-AS,30d,0.485762
2026-08-18T13:00:00Z,328539,Giga-Communication,30d,0.185092
2026-08-18T14:00:00Z,21003,GPTC-AS,30d,0.327052
2026-08-18T14:00:00Z,37284,Aljeel-net,30d,0.18928
2026-08-18T14:00:00Z,328200,Al-Madar-Al-Jadeed,30d,0.407035
2026-08-18T14:00:00Z,328286,Libyana-Mobile-AS,30d,0.494975
2026-08-18T14:00:00Z,328539,Giga-Communication,30d,0.198492
2026-08-18T15:00:00Z,21003,GPTC-AS,30d,0.288945
2026-08-18T15:00:00Z,37284,Aljeel-net,30d,0.174204
2026-08-18T15:00:00Z,328200,Al-Madar-Al-Jadeed,30d,0.337102
2026-08-18T15:00:00Z,328286,Libyana-Mobile-AS,30d,0.476131
2026-08-18T15:00:00Z,328539,Giga-Communication,30d,0.182998
2026-08-18T16:00:00Z,21003,GPTC-AS,30d,0.28392
2026-08-18T16:00:00Z,37284,Aljeel-net,30d,0.193049
2026-08-18T16:00:00Z,328200,Al-Madar-Al-Jadeed,30d,0.375628
2026-08-18T16:00:00Z,328286,Libyana-Mobile-AS,30d,0.476549
2026-08-18T16:00:00Z,328539,Giga-Communication,30d,0.170854
2026-08-18T17:00:00Z,21003,GPTC-AS,30d,0.287688
2026-08-18T17:00:00Z,37284,Aljeel-net,30d,0.209799
2026-08-18T17:00:00Z,328200,Al-Madar-Al-Jadeed,30d,0.38526
2026-08-18T17:00:00Z,328286,Libyana-Mobile-AS,30d,0.431323
2026-08-18T17:00:00Z,328539,Giga-Communication,30d,0.200168
2026-08-18T18:00:00Z,21003,GPTC-AS,30d,0.309045
2026-08-18T18:00:00Z,37284,Aljeel-net,30d,0.188861
2026-08-18T18:00:00Z,328200,Al-Madar-Al-Jadeed,30d,0.377722
2026-08-18T18:00:00Z,328286,Libyana-Mobile-AS,30d,0.451843
2026-08-18T18:00:00Z,328539,Giga-Communication,30d,0.180486
2026-08-18T19:00:00Z,21003,GPTC-AS,30d,0.291039
2026-08-18T19:00:00Z,37284,Aljeel-net,30d,0.196817
2026-08-18T19:00:00Z,328200,Al-Madar-Al-Jadeed,30d,0.371022
2026-08-18T19:00:00Z,328286,Libyana-Mobile-AS,30d,0.45938
2026-08-18T19:00:00Z,328539,Giga-Communication,30d,0.171273
2026-08-18T20:00:00Z,21003,GPTC-AS,30d,0.304858
2026-08-18T20:00:00Z,37284,Aljeel-net,30d,0.217755
2026-08-18T20:00:00Z,328200,Al-Madar-Al-Jadeed,30d,0.417085
2026-08-18T20:00:00Z,328286,Libyana-Mobile-AS,30d,0.495812
2026-08-18T20:00:00Z,328539,Giga-Communication,30d,0.20938
2026-08-18T21:00:00Z,21003,GPTC-AS,30d,0.339196
2026-08-18T21:00:00Z,37284,Aljeel-net,30d,0.211893
2026-08-18T21:00:00Z,328200,Al-Madar-Al-Jadeed,30d,0.410385
2026-08-18T21:00:00Z,328286,Libyana-Mobile-AS,30d,0.54732
2026-08-18T21:00:00Z,328539,Giga-Communication,30d,0.204355
2026-08-18T22:00:00Z,21003,GPTC-AS,30d,0.324958
2026-08-18T22:00:00Z,37284,Aljeel-net,30d,0.218174
2026-08-18T22:00:00Z,328200,Al-Madar-Al-Jadeed,30d,0.434255
2026-08-18T22:00:00Z,328286,Libyana-Mobile-AS,30d,0.522613
2026-08-18T22:00:00Z,328539,Giga-Communication,30d,0.210637
2026-08-18T23:00:00Z,21003,GPTC-AS,30d,0.278057
2026-08-18T23:00:00Z,37284,Aljeel-net,30d,0.194724
2026-08-18T23:00:00Z,328200,Al-Madar-Al-Jadeed,30d,0.407873
2026-08-18T23:00:00Z,328286,Libyana-Mobile-AS,30d,0.576214
2026-08-18T23:00:00Z,328539,Giga-Communication,30d,0.207286
2026-08-19T00:00:00Z,21003,GPTC-AS,30d,0.288526
2026-08-19T00:00:00Z,37284,Aljeel-net,30d,0.19263
2026-08-19T00:00:00Z,328200,Al-Madar-Al-Jadeed,30d,0.384841
2026-08-19T00:00:00Z,328286,Libyana-Mobile-AS,30d,0.525544
2026-08-19T00:00:00Z,328539,Giga-Communication,30d,0.198492
2026-08-19T01:00:00Z,21003,GPTC-AS,30d,0.234506
2026-08-19T01:00:00Z,37284,Aljeel-net,30d,0.165829
2026-08-19T01:00:00Z,328200,Al-Madar-Al-Jadeed,30d,0.296482
2026-08-19T01:00:00Z,328286,Libyana-Mobile-AS,30d,0.437186
2026-08-19T01:00:00Z,328539,Giga-Communication,30d,0.184673
2026-08-19T02:00:00Z,21003,GPTC-AS,30d,0.210637
2026-08-19T02:00:00Z,37284,Aljeel-net,30d,0.167923
2026-08-19T02:00:00Z,328200,Al-Madar-Al-Jadeed,30d,0.224037
2026-08-19T02:00:00Z,328286,Libyana-Mobile-AS,30d,0.319514
2026-08-19T02:00:00Z,328539,Giga-Communication,30d,0.15536
2026-08-19T03:00:00Z,21003,GPTC-AS,30d,0.159548
2026-08-19T03:00:00Z,37284,Aljeel-net,30d,0.125628
2026-08-19T03:00:00Z,328200,Al-Madar-Al-Jadeed,30d,0.175879
2026-08-19T03:00:00Z,328286,Libyana-Mobile-AS,30d,0.279732
2026-08-19T03:00:00Z,328539,Giga-Communication,30d,0.105946
2026-08-19T04:00:00Z,21003,GPTC-AS,30d,0.152848
2026-08-19T04:00:00Z,37284,Aljeel-net,30d,0.123534
2026-08-19T04:00:00Z,328200,Al-Madar-Al-Jadeed,30d,0.153266
2026-08-19T04:00:00Z,328286,Libyana-Mobile-AS,30d,0.219012
2026-08-19T04:00:00Z,328539,Giga-Communication,30d,0.107203
2026-08-19T05:00:00Z,21003,GPTC-AS,30d,0.134003
2026-08-19T05:00:00Z,37284,Aljeel-net,30d,0.113903
2026-08-19T05:00:00Z,328200,Al-Madar-Al-Jadeed,30d,0.153685
2026-08-19T05:00:00Z,328286,Libyana-Mobile-AS,30d,0.201843
2026-08-19T05:00:00Z,328539,Giga-Communication,30d,0.095896
2026-08-19T06:00:00Z,21003,GPTC-AS,30d,0.182998
2026-08-19T06:00:00Z,37284,Aljeel-net,30d,0.112228
2026-08-19T06:00:00Z,328200,Al-Madar-Al-Jadeed,30d,0.171273
2026-08-19T06:00:00Z,328286,Libyana-Mobile-AS,30d,0.253769
2026-08-19T06:00:00Z,328539,Giga-Communication,30d,0.106784
2026-08-19T07:00:00Z,21003,GPTC-AS,30d,0.229899
2026-08-19T07:00:00Z,37284,Aljeel-net,30d,0.134003
2026-08-19T07:00:00Z,328200,Al-Madar-Al-Jadeed,30d,0.242462
2026-08-19T07:00:00Z,328286,Libyana-Mobile-AS,30d,0.288107
2026-08-19T07:00:00Z,328539,Giga-Communication,30d,0.110134
2026-08-19T08:00:00Z,21003,GPTC-AS,30d,0.269263
2026-08-19T08:00:00Z,37284,Aljeel-net,30d,0.155779
2026-08-19T08:00:00Z,328200,Al-Madar-Al-Jadeed,30d,0.255863
2026-08-19T08:00:00Z,328286,Libyana-Mobile-AS,30d,0.342127
2026-08-19T08:00:00Z,328539,Giga-Communication,30d,0.133166
2026-08-19T09:00:00Z,21003,GPTC-AS,30d,0.247906
2026-08-19T09:00:00Z,37284,Aljeel-net,30d,0.159966
2026-08-19T09:00:00Z,328200,Al-Madar-Al-Jadeed,30d,0.296482
2026-08-19T09:00:00Z,328286,Libyana-Mobile-AS,30d,0.369765
2026-08-19T09:00:00Z,328539,Giga-Communication,30d,0.138191
2026-08-19T10:00:00Z,21003,GPTC-AS,30d,0.267588
2026-08-19T10:00:00Z,37284,Aljeel-net,30d,0.182998
2026-08-19T10:00:00Z,328200,Al-Madar-Al-Jadeed,30d,0.31407
2026-08-19T10:00:00Z,328286,Libyana-Mobile-AS,30d,0.375628
2026-08-19T10:00:00Z,328539,Giga-Communication,30d,0.160804
2026-08-19T11:00:00Z,21003,GPTC-AS,30d,0.284338
2026-08-19T11:00:00Z,37284,Aljeel-net,30d,0.191374
2026-08-19T11:00:00Z,328200,Al-Madar-Al-Jadeed,30d,0.340034
2026-08-19T11:00:00Z,328286,Libyana-Mobile-AS,30d,0.407454
2026-08-19T11:00:00Z,328539,Giga-Communication,30d,0.173786
2026-08-19T12:00:00Z,21003,GPTC-AS,30d,0.31742
2026-08-19T12:00:00Z,37284,Aljeel-net,30d,0.202261
2026-08-19T12:00:00Z,328200,Al-Madar-Al-Jadeed,30d,0.351759
2026-08-19T12:00:00Z,328286,Libyana-Mobile-AS,30d,0.437186
2026-08-19T12:00:00Z,328539,Giga-Communication,30d,0.201005
2026-08-19T13:00:00Z,21003,GPTC-AS,30d,0.367253
2026-08-19T13:00:00Z,37284,Aljeel-net,30d,0.232831
2026-08-19T13:00:00Z,328200,Al-Madar-Al-Jadeed,30d,0.379397
2026-08-19T13:00:00Z,328286,Libyana-Mobile-AS,30d,0.488275
2026-08-19T13:00:00Z,328539,Giga-Communication,30d,0.216499
2026-08-19T14:00:00Z,21003,GPTC-AS,30d,0.352596
2026-08-19T14:00:00Z,37284,Aljeel-net,30d,0.240787
2026-08-19T14:00:00Z,328200,Al-Madar-Al-Jadeed,30d,0.398241
2026-08-19T14:00:00Z,328286,Libyana-Mobile-AS,30d,0.494137
2026-08-19T14:00:00Z,328539,Giga-Communication,30d,0.200168
2026-08-19T15:00:00Z,21003,GPTC-AS,30d,0.374791
2026-08-19T15:00:00Z,37284,Aljeel-net,30d,0.20603
2026-08-19T15:00:00Z,328200,Al-Madar-Al-Jadeed,30d,0.352178
2026-08-19T15:00:00Z,328286,Libyana-Mobile-AS,30d,0.480737
2026-08-19T15:00:00Z,328539,Giga-Communication,30d,0.184673
2026-08-19T16:00:00Z,21003,GPTC-AS,30d,0.332077
2026-08-19T16:00:00Z,37284,Aljeel-net,30d,0.212312
2026-08-19T16:00:00Z,328200,Al-Madar-Al-Jadeed,30d,0.36139
2026-08-19T16:00:00Z,328286,Libyana-Mobile-AS,30d,0.476968
2026-08-19T16:00:00Z,328539,Giga-Communication,30d,0.184673
2026-08-19T17:00:00Z,21003,GPTC-AS,30d,0.35804
2026-08-19T17:00:00Z,37284,Aljeel-net,30d,0.207286
2026-08-19T17:00:00Z,328200,Al-Madar-Al-Jadeed,30d,0.380653
2026-08-19T17:00:00Z,328286,Libyana-Mobile-AS,30d,0.46608
2026-08-19T17:00:00Z,328539,Giga-Communication,30d,0.198492
2026-08-19T18:00:00Z,21003,GPTC-AS,30d,0.356784
2026-08-19T18:00:00Z,37284,Aljeel-net,30d,0.222781
2026-08-19T18:00:00Z,328200,Al-Madar-Al-Jadeed,30d,0.417923
2026-08-19T18:00:00Z,328286,Libyana-Mobile-AS,30d,0.512144
2026-08-19T18:00:00Z,328539,Giga-Communication,30d,0.209799
2026-08-19T19:00:00Z,21003,GPTC-AS,30d,0.360972
2026-08-19T19:00:00Z,37284,Aljeel-net,30d,0.237437
2026-08-19T19:00:00Z,328200,Al-Madar-Al-Jadeed,30d,0.451424
2026-08-19T19:00:00Z,328286,Libyana-Mobile-AS,30d,0.504606
2026-08-19T19:00:00Z,328539,Giga-Communication,30d,0.204355
2026-08-19T20:00:00Z,21003,GPTC-AS,30d,0.345896
2026-08-19T20:00:00Z,37284,Aljeel-net,30d,0.239531
2026-08-19T20:00:00Z,328200,Al-Madar-Al-Jadeed,30d,0.436348
2026-08-19T20:00:00Z,328286,Libyana-Mobile-AS,30d,0.513819
2026-08-19T20:00:00Z,328539,Giga-Communication,30d,0.233668
2026-08-19T21:00:00Z,21003,GPTC-AS,30d,0.335008
2026-08-19T21:00:00Z,37284,Aljeel-net,30d,0.252931
2026-08-19T21:00:00Z,328200,Al-Madar-Al-Jadeed,30d,0.469849
2026-08-19T21:00:00Z,328286,Libyana-Mobile-AS,30d,0.551926
2026-08-19T21:00:00Z,328539,Giga-Communication,30d,0.242462
2026-08-19T22:00:00Z,21003,GPTC-AS,30d,0.342127
2026-08-19T22:00:00Z,37284,Aljeel-net,30d,0.222781
2026-08-19T22:00:00Z,328200,Al-Madar-Al-Jadeed,30d,0.423786
2026-08-19T22:00:00Z,328286,Libyana-Mobile-AS,30d,0.543551
2026-08-19T22:00:00Z,328539,Giga-Communication,30d,0.238275
2026-08-19T23:00:00Z,21003,GPTC-AS,30d,0.311558
2026-08-19T23:00:00Z,37284,Aljeel-net,30d,0.221524
2026-08-19T23:00:00Z,328200,Al-Madar-Al-Jadeed,30d,0.427973
2026-08-19T23:00:00Z,328286,Libyana-Mobile-AS,30d,0.535176
2026-08-19T23:00:00Z,328539,Giga-Communication,30d,0.226968
2026-08-20T00:00:00Z,21003,GPTC-AS,30d,0.291876
2026-08-20T00:00:00Z,37284,Aljeel-net,30d,0.192211
2026-08-20T00:00:00Z,328200,Al-Madar-Al-Jadeed,30d,0.371022
2026-08-20T00:00:00Z,328286,Libyana-Mobile-AS,30d,0.505444
2026-08-20T00:00:00Z,328539,Giga-Communication,30d,0.211055
2026-08-20T01:00:00Z,21003,GPTC-AS,30d,0.280151
2026-08-20T01:00:00Z,37284,Aljeel-net,30d,0.191792
2026-08-20T01:00:00Z,328200,Al-Madar-Al-Jadeed,30d,0.302764
2026-08-20T01:00:00Z,328286,Libyana-Mobile-AS,30d,0.434673
2026-08-20T01:00:00Z,328539,Giga-Communication,30d,0.199749
2026-08-20T02:00:00Z,21003,GPTC-AS,30d,0.216499
2026-08-20T02:00:00Z,37284,Aljeel-net,30d,0.166667
2026-08-20T02:00:00Z,328200,Al-Madar-Al-Jadeed,30d,0.242044
2026-08-20T02:00:00Z,328286,Libyana-Mobile-AS,30d,0.324958
2026-08-20T02:00:00Z,328539,Giga-Communication,30d,0.186348
2026-08-20T03:00:00Z,21003,GPTC-AS,30d,0.16541
2026-08-20T03:00:00Z,37284,Aljeel-net,30d,0.124372
2026-08-20T03:00:00Z,328200,Al-Madar-Al-Jadeed,30d,0.15871
2026-08-20T03:00:00Z,328286,Libyana-Mobile-AS,30d,0.262982
2026-08-20T03:00:00Z,328539,Giga-Communication,30d,0.128141
2026-08-20T04:00:00Z,21003,GPTC-AS,30d,0.13861
2026-08-20T04:00:00Z,37284,Aljeel-net,30d,0.097571
2026-08-20T04:00:00Z,328200,Al-Madar-Al-Jadeed,30d,0.167504
2026-08-20T04:00:00Z,328286,Libyana-Mobile-AS,30d,0.20268
2026-08-20T04:00:00Z,328539,Giga-Communication,30d,0.10134
2026-08-20T05:00:00Z,21003,GPTC-AS,30d,0.160385
2026-08-20T05:00:00Z,37284,Aljeel-net,30d,0.112228
2026-08-20T05:00:00Z,328200,Al-Madar-Al-Jadeed,30d,0.164154
2026-08-20T05:00:00Z,328286,Libyana-Mobile-AS,30d,0.206868
2026-08-20T05:00:00Z,328539,Giga-Communication,30d,0.110972
2026-08-20T06:00:00Z,21003,GPTC-AS,30d,0.18593
2026-08-20T06:00:00Z,37284,Aljeel-net,30d,0.110134
2026-08-20T06:00:00Z,328200,Al-Madar-Al-Jadeed,30d,0.157035
2026-08-20T06:00:00Z,328286,Libyana-Mobile-AS,30d,0.245812
2026-08-20T06:00:00Z,328539,Giga-Communication,30d,0.092546
2026-08-20T07:00:00Z,21003,GPTC-AS,30d,0.235762
2026-08-20T07:00:00Z,37284,Aljeel-net,30d,0.151173
2026-08-20T07:00:00Z,328200,Al-Madar-Al-Jadeed,30d,0.193886
2026-08-20T07:00:00Z,328286,Libyana-Mobile-AS,30d,0.261307
2026-08-20T07:00:00Z,328539,Giga-Communication,30d,0.127303
2026-08-20T08:00:00Z,21003,GPTC-AS,30d,0.24665
2026-08-20T08:00:00Z,37284,Aljeel-net,30d,0.152848
2026-08-20T08:00:00Z,328200,Al-Madar-Al-Jadeed,30d,0.245394
2026-08-20T08:00:00Z,328286,Libyana-Mobile-AS,30d,0.294807
2026-08-20T08:00:00Z,328539,Giga-Communication,30d,0.116834
2026-08-20T09:00:00Z,21003,GPTC-AS,30d,0.257956
2026-08-20T09:00:00Z,37284,Aljeel-net,30d,0.151591
2026-08-20T09:00:00Z,328200,Al-Madar-Al-Jadeed,30d,0.268844
2026-08-20T09:00:00Z,328286,Libyana-Mobile-AS,30d,0.366415
2026-08-20T09:00:00Z,328539,Giga-Communication,30d,0.121022
2026-08-20T10:00:00Z,21003,GPTC-AS,30d,0.30737
2026-08-20T10:00:00Z,37284,Aljeel-net,30d,0.182161
2026-08-20T10:00:00Z,328200,Al-Madar-Al-Jadeed,30d,0.319095
2026-08-20T10:00:00Z,328286,Libyana-Mobile-AS,30d,0.383585
2026-08-20T10:00:00Z,328539,Giga-Communication,30d,0.162898
2026-08-20T11:00:00Z,21003,GPTC-AS,30d,0.281407
2026-08-20T11:00:00Z,37284,Aljeel-net,30d,0.190536
2026-08-20T11:00:00Z,328200,Al-Madar-Al-Jadeed,30d,0.326633
2026-08-20T11:00:00Z,328286,Libyana-Mobile-AS,30d,0.392797
2026-08-20T11:00:00Z,328539,Giga-Communication,30d,0.153685
2026-08-20T12:00:00Z,21003,GPTC-AS,30d,0.306114
2026-08-20T12:00:00Z,37284,Aljeel-net,30d,0.201424
2026-08-20T12:00:00Z,328200,Al-Madar-Al-Jadeed,30d,0.336683
2026-08-20T12:00:00Z,328286,Libyana-Mobile-AS,30d,0.440536
2026-08-20T12:00:00Z,328539,Giga-Communication,30d,0.180905
2026-08-20T13:00:00Z,21003,GPTC-AS,30d,0.326633
2026-08-20T13:00:00Z,37284,Aljeel-net,30d,0.204355
2026-08-20T13:00:00Z,328200,Al-Madar-Al-Jadeed,30d,0.376047
2026-08-20T13:00:00Z,328286,Libyana-Mobile-AS,30d,0.485762
2026-08-20T13:00:00Z,328539,Giga-Communication,30d,0.213987
2026-08-20T14:00:00Z,21003,GPTC-AS,30d,0.320771
2026-08-20T14:00:00Z,37284,Aljeel-net,30d,0.198911
2026-08-20T14:00:00Z,328200,Al-Madar-Al-Jadeed,30d,0.378141
2026-08-20T14:00:00Z,328286,Libyana-Mobile-AS,30d,0.494556
2026-08-20T14:00:00Z,328539,Giga-Communication,30d,0.198492
2026-08-20T15:00:00Z,21003,GPTC-AS,30d,0.28392
2026-08-20T15:00:00Z,37284,Aljeel-net,30d,0.188023
2026-08-20T15:00:00Z,328200,Al-Madar-Al-Jadeed,30d,0.358459
2026-08-20T15:00:00Z,328286,Libyana-Mobile-AS,30d,0.474037
2026-08-20T15:00:00Z,328539,Giga-Communication,30d,0.171692
2026-08-20T16:00:00Z,21003,GPTC-AS,30d,0.279732
2026-08-20T16:00:00Z,37284,Aljeel-net,30d,0.191792
2026-08-20T16:00:00Z,328200,Al-Madar-Al-Jadeed,30d,0.350084
2026-08-20T16:00:00Z,328286,Libyana-Mobile-AS,30d,0.46943
2026-08-20T16:00:00Z,328539,Giga-Communication,30d,0.177136
2026-08-20T17:00:00Z,21003,GPTC-AS,30d,0.255863
2026-08-20T17:00:00Z,37284,Aljeel-net,30d,0.175042
2026-08-20T17:00:00Z,328200,Al-Madar-Al-Jadeed,30d,0.36139
2026-08-20T17:00:00Z,328286,Libyana-Mobile-AS,30d,0.450586
2026-08-20T17:00:00Z,328539,Giga-Communication,30d,0.178811
2026-08-20T18:00:00Z,21003,GPTC-AS,30d,0.285595
2026-08-20T18:00:00Z,37284,Aljeel-net,30d,0.18593
2026-08-20T18:00:00Z,328200,Al-Madar-Al-Jadeed,30d,0.35469
2026-08-20T18:00:00Z,328286,Libyana-Mobile-AS,30d,0.448911
2026-08-20T18:00:00Z,328539,Giga-Communication,30d,0.193886
2026-08-20T19:00:00Z,21003,GPTC-AS,30d,0.318677
2026-08-20T19:00:00Z,37284,Aljeel-net,30d,0.197655
2026-08-20T19:00:00Z,328200,Al-Madar-Al-Jadeed,30d,0.391541
2026-08-20T19:00:00Z,328286,Libyana-Mobile-AS,30d,0.446817
2026-08-20T19:00:00Z,328539,Giga-Communication,30d,0.190117
2026-08-20T20:00:00Z,21003,GPTC-AS,30d,0.264238
2026-08-20T20:00:00Z,37284,Aljeel-net,30d,0.15871
2026-08-20T20:00:00Z,328200,Al-Madar-Al-Jadeed,30d,0.379816
2026-08-20T20:00:00Z,328286,Libyana-Mobile-AS,30d,0.512982
2026-08-20T20:00:00Z,328539,Giga-Communication,30d,0.190536
2026-08-20T21:00:00Z,21003,GPTC-AS,30d,0.291876
2026-08-20T21:00:00Z,37284,Aljeel-net,30d,0.173786
2026-08-20T21:00:00Z,328200,Al-Madar-Al-Jadeed,30d,0.377722
2026-08-20T21:00:00Z,328286,Libyana-Mobile-AS,30d,0.475712
2026-08-20T21:00:00Z,328539,Giga-Communication,30d,0.166248
2026-08-20T22:00:00Z,21003,GPTC-AS,30d,0.273032
2026-08-20T22:00:00Z,37284,Aljeel-net,30d,0.178811
2026-08-20T22:00:00Z,328200,Al-Madar-Al-Jadeed,30d,0.396147
2026-08-20T22:00:00Z,328286,Libyana-Mobile-AS,30d,0.520101
2026-08-20T22:00:00Z,328539,Giga-Communication,30d,0.198911
2026-08-20T23:00:00Z,21003,GPTC-AS,30d,0.286851
2026-08-20T23:00:00Z,37284,Aljeel-net,30d,0.178392
2026-08-20T23:00:00Z,328200,Al-Madar-Al-Jadeed,30d,0.39196
2026-08-20T23:00:00Z,328286,Libyana-Mobile-AS,30d,0.527638
2026-08-20T23:00:00Z,328539,Giga-Communication,30d,0.204774
2026-08-21T00:00:00Z,21003,GPTC-AS,30d,0.320352
2026-08-21T00:00:00Z,37284,Aljeel-net,30d,0.211893
2026-08-21T00:00:00Z,328200,Al-Madar-Al-Jadeed,30d,0.366415
2026-08-21T00:00:00Z,328286,Libyana-Mobile-AS,30d,0.543551
2026-08-21T00:00:00Z,328539,Giga-Communication,30d,0.232831
2026-08-21T01:00:00Z,21003,GPTC-AS,30d,0.2433
2026-08-21T01:00:00Z,37284,Aljeel-net,30d,0.157454
2026-08-21T01:00:00Z,328200,Al-Madar-Al-Jadeed,30d,0.324539
2026-08-21T01:00:00Z,328286,Libyana-Mobile-AS,30d,0.488693
2026-08-21T01:00:00Z,328539,Giga-Communication,30d,0.187605
2026-08-21T02:00:00Z,21003,GPTC-AS,30d,0.201843
2026-08-21T02:00:00Z,37284,Aljeel-net,30d,0.129397
2026-08-21T02:00:00Z,328200,Al-Madar-Al-Jadeed,30d,0.243719
2026-08-21T02:00:00Z,328286,Libyana-Mobile-AS,30d,0.368928
2026-08-21T02:00:00Z,328539,Giga-Communication,30d,0.141122
2026-08-21T03:00:00Z,21003,GPTC-AS,30d,0.180067
2026-08-21T03:00:00Z,37284,Aljeel-net,30d,0.131072
2026-08-21T03:00:00Z,328200,Al-Madar-Al-Jadeed,30d,0.188861
2026-08-21T03:00:00Z,328286,Libyana-Mobile-AS,30d,0.284757
2026-08-21T03:00:00Z,328539,Giga-Communication,30d,0.129397
2026-08-21T04:00:00Z,21003,GPTC-AS,30d,0.159966
2026-08-21T04:00:00Z,37284,Aljeel-net,30d,0.111809
2026-08-21T04:00:00Z,328200,Al-Madar-Al-Jadeed,30d,0.167504
2026-08-21T04:00:00Z,328286,Libyana-Mobile-AS,30d,0.248325
2026-08-21T04:00:00Z,328539,Giga-Communication,30d,0.103853
2026-08-21T05:00:00Z,21003,GPTC-AS,30d,0.140704
2026-08-21T05:00:00Z,37284,Aljeel-net,30d,0.109715
2026-08-21T05:00:00Z,328200,Al-Madar-Al-Jadeed,30d,0.150754
2026-08-21T05:00:00Z,328286,Libyana-Mobile-AS,30d,0.216918
2026-08-21T05:00:00Z,328539,Giga-Communication,30d,0.102178
2026-08-21T06:00:00Z,21003,GPTC-AS,30d,0.163735
2026-08-21T06:00:00Z,37284,Aljeel-net,30d,0.11139
2026-08-21T06:00:00Z,328200,Al-Madar-Al-Jadeed,30d,0.158291
2026-08-21T06:00:00Z,328286,Libyana-Mobile-AS,30d,0.231156
2026-08-21T06:00:00Z,328539,Giga-Communication,30d,0.104271
2026-08-21T07:00:00Z,21003,GPTC-AS,30d,0.180486
2026-08-21T07:00:00Z,37284,Aljeel-net,30d,0.111809
2026-08-21T07:00:00Z,328200,Al-Madar-Al-Jadeed,30d,0.16876
2026-08-21T07:00:00Z,328286,Libyana-Mobile-AS,30d,0.252094
2026-08-21T07:00:00Z,328539,Giga-Communication,30d,0.116834
2026-08-21T08:00:00Z,21003,GPTC-AS,30d,0.180905
2026-08-21T08:00:00Z,37284,Aljeel-net,30d,0.120184
2026-08-21T08:00:00Z,328200,Al-Madar-Al-Jadeed,30d,0.198074
2026-08-21T08:00:00Z,328286,Libyana-Mobile-AS,30d,0.264657
2026-08-21T08:00:00Z,328539,Giga-Communication,30d,0.115997
2026-08-21T09:00:00Z,21003,GPTC-AS,30d,0.18928
2026-08-21T09:00:00Z,37284,Aljeel-net,30d,0.124372
2026-08-21T09:00:00Z,328200,Al-Madar-Al-Jadeed,30d,0.244975
2026-08-21T09:00:00Z,328286,Libyana-Mobile-AS,30d,0.331658
2026-08-21T09:00:00Z,328539,Giga-Communication,30d,0.123534
2026-08-21T10:00:00Z,21003,GPTC-AS,30d,0.220268
2026-08-21T10:00:00Z,37284,Aljeel-net,30d,0.13861
2026-08-21T10:00:00Z,328200,Al-Madar-Al-Jadeed,30d,0.284757
2026-08-21T10:00:00Z,328286,Libyana-Mobile-AS,30d,0.338358
2026-08-21T10:00:00Z,328539,Giga-Communication,30d,0.146985
2026-08-21T11:00:00Z,21003,GPTC-AS,30d,0.230737
2026-08-21T11:00:00Z,37284,Aljeel-net,30d,0.144472
2026-08-21T11:00:00Z,328200,Al-Madar-Al-Jadeed,30d,0.250838
2026-08-21T11:00:00Z,328286,Libyana-Mobile-AS,30d,0.333752
2026-08-21T11:00:00Z,328539,Giga-Communication,30d,0.13191
2026-08-21T12:00:00Z,21003,GPTC-AS,30d,0.281826
2026-08-21T12:00:00Z,37284,Aljeel-net,30d,0.201843
2026-08-21T12:00:00Z,328200,Al-Madar-Al-Jadeed,30d,0.337102
2026-08-21T12:00:00Z,328286,Libyana-Mobile-AS,30d,0.420854
2026-08-21T12:00:00Z,328539,Giga-Communication,30d,0.175879
2026-08-21T13:00:00Z,21003,GPTC-AS,30d,0.312814
2026-08-21T13:00:00Z,37284,Aljeel-net,30d,0.201005
2026-08-21T13:00:00Z,328200,Al-Madar-Al-Jadeed,30d,0.369347
2026-08-21T13:00:00Z,328286,Libyana-Mobile-AS,30d,0.4933
2026-08-21T13:00:00Z,328539,Giga-Communication,30d,0.182161
2026-08-21T14:00:00Z,21003,GPTC-AS,30d,0.311977
2026-08-21T14:00:00Z,37284,Aljeel-net,30d,0.198911
2026-08-21T14:00:00Z,328200,Al-Madar-Al-Jadeed,30d,0.39531
2026-08-21T14:00:00Z,328286,Libyana-Mobile-AS,30d,0.503769
2026-08-21T14:00:00Z,328539,Giga-Communication,30d,0.189698
2026-08-21T15:00:00Z,21003,GPTC-AS,30d,0.284757
2026-08-21T15:00:00Z,37284,Aljeel-net,30d,0.188861
2026-08-21T15:00:00Z,328200,Al-Madar-Al-Jadeed,30d,0.347571
2026-08-21T15:00:00Z,328286,Libyana-Mobile-AS,30d,0.490787
2026-08-21T15:00:00Z,328539,Giga-Communication,30d,0.178392
2026-08-21T16:00:00Z,21003,GPTC-AS,30d,0.303601
2026-08-21T16:00:00Z,37284,Aljeel-net,30d,0.18928
2026-08-21T16:00:00Z,328200,Al-Madar-Al-Jadeed,30d,0.365997
2026-08-21T16:00:00Z,328286,Libyana-Mobile-AS,30d,0.472781
2026-08-21T16:00:00Z,328539,Giga-Communication,30d,0.203936
2026-08-21T17:00:00Z,21003,GPTC-AS,30d,0.295226
2026-08-21T17:00:00Z,37284,Aljeel-net,30d,0.182998
2026-08-21T17:00:00Z,328200,Al-Madar-Al-Jadeed,30d,0.38526
2026-08-21T17:00:00Z,328286,Libyana-Mobile-AS,30d,0.49665
2026-08-21T17:00:00Z,328539,Giga-Communication,30d,0.195561
2026-08-21T18:00:00Z,21003,GPTC-AS,30d,0.314489
2026-08-21T18:00:00Z,37284,Aljeel-net,30d,0.197236
2026-08-21T18:00:00Z,328200,Al-Madar-Al-Jadeed,30d,0.40871
2026-08-21T18:00:00Z,328286,Libyana-Mobile-AS,30d,0.455193
2026-08-21T18:00:00Z,328539,Giga-Communication,30d,0.205193
2026-08-21T19:00:00Z,21003,GPTC-AS,30d,0.332077
2026-08-21T19:00:00Z,37284,Aljeel-net,30d,0.201424
2026-08-21T19:00:00Z,328200,Al-Madar-Al-Jadeed,30d,0.483668
2026-08-21T19:00:00Z,328286,Libyana-Mobile-AS,30d,0.577471
2026-08-21T19:00:00Z,328539,Giga-Communication,30d,0.204355
2026-08-21T20:00:00Z,21003,GPTC-AS,30d,0.355109
2026-08-21T20:00:00Z,37284,Aljeel-net,30d,0.237437
2026-08-21T20:00:00Z,328200,Al-Madar-Al-Jadeed,30d,0.465243
2026-08-21T20:00:00Z,328286,Libyana-Mobile-AS,30d,0.554439
2026-08-21T20:00:00Z,328539,Giga-Communication,30d,0.190955
2026-08-21T21:00:00Z,21003,GPTC-AS,30d,0.340871
2026-08-21T21:00:00Z,37284,Aljeel-net,30d,0.234087
2026-08-21T21:00:00Z,328200,Al-Madar-Al-Jadeed,30d,0.421273
2026-08-21T21:00:00Z,328286,Libyana-Mobile-AS,30d,0.526801
2026-08-21T21:00:00Z,328539,Giga-Communication,30d,0.211474
2026-08-21T22:00:00Z,21003,GPTC-AS,30d,0.348409
2026-08-21T22:00:00Z,37284,Aljeel-net,30d,0.211055
2026-08-21T22:00:00Z,328200,Al-Madar-Al-Jadeed,30d,0.458124
2026-08-21T22:00:00Z,328286,Libyana-Mobile-AS,30d,0.564908
2026-08-21T22:00:00Z,328539,Giga-Communication,30d,0.222362
2026-08-21T23:00:00Z,21003,GPTC-AS,30d,0.309464
2026-08-21T23:00:00Z,37284,Aljeel-net,30d,0.21943
2026-08-21T23:00:00Z,328200,Al-Madar-Al-Jadeed,30d,0.420017
2026-08-21T23:00:00Z,328286,Libyana-Mobile-AS,30d,0.579146
2026-08-21T23:00:00Z,328539,Giga-Communication,30d,0.237437
2026-08-22T00:00:00Z,21003,GPTC-AS,30d,0.305695
2026-08-22T00:00:00Z,37284,Aljeel-net,30d,0.223199
2026-08-22T00:00:00Z,328200,Al-Madar-Al-Jadeed,30d,0.417504
2026-08-22T00:00:00Z,328286,Libyana-Mobile-AS,30d,0.564489
2026-08-22T00:00:00Z,328539,Giga-Communication,30d,0.232412
2026-08-22T01:00:00Z,21003,GPTC-AS,30d,0.263819
2026-08-22T01:00:00Z,37284,Aljeel-net,30d,0.190536
2026-08-22T01:00:00Z,328200,Al-Madar-Al-Jadeed,30d,0.321608
2026-08-22T01:00:00Z,328286,Libyana-Mobile-AS,30d,0.474456
2026-08-22T01:00:00Z,328539,Giga-Communication,30d,0.18593
2026-08-22T02:00:00Z,21003,GPTC-AS,30d,0.184673
2026-08-22T02:00:00Z,37284,Aljeel-net,30d,0.144891
2026-08-22T02:00:00Z,328200,Al-Madar-Al-Jadeed,30d,0.230737
2026-08-22T02:00:00Z,328286,Libyana-Mobile-AS,30d,0.343384
2026-08-22T02:00:00Z,328539,Giga-Communication,30d,0.146147
2026-08-22T03:00:00Z,21003,GPTC-AS,30d,0.136935
2026-08-22T03:00:00Z,37284,Aljeel-net,30d,0.099246
2026-08-22T03:00:00Z,328200,Al-Madar-Al-Jadeed,30d,0.141122
2026-08-22T03:00:00Z,328286,Libyana-Mobile-AS,30d,0.2366
2026-08-22T03:00:00Z,328539,Giga-Communication,30d,0.119765
2026-08-22T04:00:00Z,21003,GPTC-AS,30d,0.117672
2026-08-22T04:00:00Z,37284,Aljeel-net,30d,0.098409
2026-08-22T04:00:00Z,328200,Al-Madar-Al-Jadeed,30d,0.130653
2026-08-22T04:00:00Z,328286,Libyana-Mobile-AS,30d,0.219849
2026-08-22T04:00:00Z,328539,Giga-Communication,30d,0.109296
2026-08-22T05:00:00Z,21003,GPTC-AS,30d,0.124372
2026-08-22T05:00:00Z,37284,Aljeel-net,30d,0.079564
2026-08-22T05:00:00Z,328200,Al-Madar-Al-Jadeed,30d,0.108459
2026-08-22T05:00:00Z,328286,Libyana-Mobile-AS,30d,0.176717
2026-08-22T05:00:00Z,328539,Giga-Communication,30d,0.082077
2026-08-22T06:00:00Z,21003,GPTC-AS,30d,0.139028
2026-08-22T06:00:00Z,37284,Aljeel-net,30d,0.085427
2026-08-22T06:00:00Z,328200,Al-Madar-Al-Jadeed,30d,0.116415
2026-08-22T06:00:00Z,328286,Libyana-Mobile-AS,30d,0.210637
2026-08-22T06:00:00Z,328539,Giga-Communication,30d,0.09464
2026-08-22T07:00:00Z,21003,GPTC-AS,30d,0.163317
2026-08-22T07:00:00Z,37284,Aljeel-net,30d,0.102178
2026-08-22T07:00:00Z,328200,Al-Madar-Al-Jadeed,30d,0.164573
2026-08-22T07:00:00Z,328286,Libyana-Mobile-AS,30d,0.254606
2026-08-22T07:00:00Z,328539,Giga-Communication,30d,0.100503
2026-08-22T08:00:00Z,21003,GPTC-AS,30d,0.193467
2026-08-22T08:00:00Z,37284,Aljeel-net,30d,0.119765
2026-08-22T08:00:00Z,328200,Al-Madar-Al-Jadeed,30d,0.207286
2026-08-22T08:00:00Z,328286,Libyana-Mobile-AS,30d,0.286432
2026-08-22T08:00:00Z,328539,Giga-Communication,30d,0.117253
2026-08-22T09:00:00Z,21003,GPTC-AS,30d,0.21943
2026-08-22T09:00:00Z,37284,Aljeel-net,30d,0.154104
2026-08-22T09:00:00Z,328200,Al-Madar-Al-Jadeed,30d,0.226549
2026-08-22T09:00:00Z,328286,Libyana-Mobile-AS,30d,0.346315
2026-08-22T09:00:00Z,328539,Giga-Communication,30d,0.135678
2026-08-22T10:00:00Z,21003,GPTC-AS,30d,0.232412
2026-08-22T10:00:00Z,37284,Aljeel-net,30d,0.172111
2026-08-22T10:00:00Z,328200,Al-Madar-Al-Jadeed,30d,0.295645
2026-08-22T10:00:00Z,328286,Libyana-Mobile-AS,30d,0.401591
2026-08-22T10:00:00Z,328539,Giga-Communication,30d,0.157035
2026-08-22T11:00:00Z,21003,GPTC-AS,30d,0.309464
2026-08-22T11:00:00Z,37284,Aljeel-net,30d,0.20603
2026-08-22T11:00:00Z,328200,Al-Madar-Al-Jadeed,30d,0.341709
2026-08-22T11:00:00Z,328286,Libyana-Mobile-AS,30d,0.457286
2026-08-22T11:00:00Z,328539,Giga-Communication,30d,0.198492
2026-08-22T12:00:00Z,21003,GPTC-AS,30d,0.340452
2026-08-22T12:00:00Z,37284,Aljeel-net,30d,0.227806
2026-08-22T12:00:00Z,328200,Al-Madar-Al-Jadeed,30d,0.391122
2026-08-22T12:00:00Z,328286,Libyana-Mobile-AS,30d,0.508375
2026-08-22T12:00:00Z,328539,Giga-Communication,30d,0.208543
2026-08-22T13:00:00Z,21003,GPTC-AS,30d,0.354271
2026-08-22T13:00:00Z,37284,Aljeel-net,30d,0.244975
2026-08-22T13:00:00Z,328200,Al-Madar-Al-Jadeed,30d,0.412479
2026-08-22T13:00:00Z,328286,Libyana-Mobile-AS,30d,0.575796
2026-08-22T13:00:00Z,328539,Giga-Communication,30d,0.213149
2026-08-22T14:00:00Z,21003,GPTC-AS,30d,0.291457
2026-08-22T14:00:00Z,37284,Aljeel-net,30d,0.217755
2026-08-22T14:00:00Z,328200,Al-Madar-Al-Jadeed,30d,0.374372
2026-08-22T14:00:00Z,328286,Libyana-Mobile-AS,30d,0.523032
2026-08-22T14:00:00Z,328539,Giga-Communication,30d,0.198492
2026-08-22T15:00:00Z,21003,GPTC-AS,30d,0.306114
2026-08-22T15:00:00Z,37284,Aljeel-net,30d,0.20603
2026-08-22T15:00:00Z,328200,Al-Madar-Al-Jadeed,30d,0.385678
2026-08-22T15:00:00Z,328286,Libyana-Mobile-AS,30d,0.509213
2026-08-22T15:00:00Z,328539,Giga-Communication,30d,0.186767
2026-08-22T16:00:00Z,21003,GPTC-AS,30d,0.328727
2026-08-22T16:00:00Z,37284,Aljeel-net,30d,0.220268
2026-08-22T16:00:00Z,328200,Al-Madar-Al-Jadeed,30d,0.368509
2026-08-22T16:00:00Z,328286,Libyana-Mobile-AS,30d,0.494556
2026-08-22T16:00:00Z,328539,Giga-Communication,30d,0.205611
2026-08-22T17:00:00Z,21003,GPTC-AS,30d,0.321189
2026-08-22T17:00:00Z,37284,Aljeel-net,30d,0.208543
2026-08-22T17:00:00Z,328200,Al-Madar-Al-Jadeed,30d,0.372278
2026-08-22T17:00:00Z,328286,Libyana-Mobile-AS,30d,0.499162
2026-08-22T17:00:00Z,328539,Giga-Communication,30d,0.182161
2026-08-22T18:00:00Z,21003,GPTC-AS,30d,0.286851
2026-08-22T18:00:00Z,37284,Aljeel-net,30d,0.203099
2026-08-22T18:00:00Z,328200,Al-Madar-Al-Jadeed,30d,0.332077
2026-08-22T18:00:00Z,328286,Libyana-Mobile-AS,30d,0.480737
2026-08-22T18:00:00Z,328539,Giga-Communication,30d,0.201843
2026-08-22T19:00:00Z,21003,GPTC-AS,30d,0.350084
2026-08-22T19:00:00Z,37284,Aljeel-net,30d,0.2433
2026-08-22T19:00:00Z,328200,Al-Madar-Al-Jadeed,30d,0.432998
2026-08-22T19:00:00Z,328286,Libyana-Mobile-AS,30d,0.683417
2026-08-22T19:00:00Z,328539,Giga-Communication,30d,0.220687
2026-08-22T20:00:00Z,21003,GPTC-AS,30d,0.381491
2026-08-22T20:00:00Z,37284,Aljeel-net,30d,0.247069
2026-08-22T20:00:00Z,328200,Al-Madar-Al-Jadeed,30d,0.541039
2026-08-22T20:00:00Z,328286,Libyana-Mobile-AS,30d,0.802345
2026-08-22T20:00:00Z,328539,Giga-Communication,30d,0.234087
2026-08-22T21:00:00Z,21003,GPTC-AS,30d,0.371441
2026-08-22T21:00:00Z,37284,Aljeel-net,30d,0.2567
2026-08-22T21:00:00Z,328200,Al-Madar-Al-Jadeed,30d,0.557789
2026-08-22T21:00:00Z,328286,Libyana-Mobile-AS,30d,0.768844
2026-08-22T21:00:00Z,328539,Giga-Communication,30d,0.257119
2026-08-22T22:00:00Z,21003,GPTC-AS,30d,0.319933
2026-08-22T22:00:00Z,37284,Aljeel-net,30d,0.229899
2026-08-22T22:00:00Z,328200,Al-Madar-Al-Jadeed,30d,0.430067
2026-08-22T22:00:00Z,328286,Libyana-Mobile-AS,30d,0.571189
2026-08-22T22:00:00Z,328539,Giga-Communication,30d,0.216499
2026-08-22T23:00:00Z,21003,GPTC-AS,30d,0.308626
2026-08-22T23:00:00Z,37284,Aljeel-net,30d,0.240787
2026-08-22T23:00:00Z,328200,Al-Madar-Al-Jadeed,30d,0.425879
2026-08-22T23:00:00Z,328286,Libyana-Mobile-AS,30d,0.586265
2026-08-22T23:00:00Z,328539,Giga-Communication,30d,0.230318
2026-08-23T00:00:00Z,21003,GPTC-AS,30d,0.29732
2026-08-23T00:00:00Z,37284,Aljeel-net,30d,0.224037
2026-08-23T00:00:00Z,328200,Al-Madar-Al-Jadeed,30d,0.394891
2026-08-23T00:00:00Z,328286,Libyana-Mobile-AS,30d,0.556951
2026-08-23T00:00:00Z,328539,Giga-Communication,30d,0.207705
2026-08-23T01:00:00Z,21003,GPTC-AS,30d,0.231575
2026-08-23T01:00:00Z,37284,Aljeel-net,30d,0.226549
2026-08-23T01:00:00Z,328200,Al-Madar-Al-Jadeed,30d,0.312814
2026-08-23T01:00:00Z,328286,Libyana-Mobile-AS,30d,0.451005
2026-08-23T01:00:00Z,328539,Giga-Communication,30d,0.187186
2026-08-23T02:00:00Z,21003,GPTC-AS,30d,0.18928
2026-08-23T02:00:00Z,37284,Aljeel-net,30d,0.192211
2026-08-23T02:00:00Z,328200,Al-Madar-Al-Jadeed,30d,0.229481
2026-08-23T02:00:00Z,328286,Libyana-Mobile-AS,30d,0.374372
2026-08-23T02:00:00Z,328539,Giga-Communication,30d,0.162479
2026-08-23T03:00:00Z,21003,GPTC-AS,30d,0.183836
2026-08-23T03:00:00Z,37284,Aljeel-net,30d,0.139447
2026-08-23T03:00:00Z,328200,Al-Madar-Al-Jadeed,30d,0.177136
2026-08-23T03:00:00Z,328286,Libyana-Mobile-AS,30d,0.239531
2026-08-23T03:00:00Z,328539,Giga-Communication,30d,0.134422
2026-08-23T04:00:00Z,21003,GPTC-AS,30d,0.156616
2026-08-23T04:00:00Z,37284,Aljeel-net,30d,0.136097
2026-08-23T04:00:00Z,328200,Al-Madar-Al-Jadeed,30d,0.164154
2026-08-23T04:00:00Z,328286,Libyana-Mobile-AS,30d,0.261725
2026-08-23T04:00:00Z,328539,Giga-Communication,30d,0.110134
2026-08-23T05:00:00Z,21003,GPTC-AS,30d,0.148241
2026-08-23T05:00:00Z,37284,Aljeel-net,30d,0.121022
2026-08-23T05:00:00Z,328200,Al-Madar-Al-Jadeed,30d,0.163317
2026-08-23T05:00:00Z,328286,Libyana-Mobile-AS,30d,0.239112
2026-08-23T05:00:00Z,328539,Giga-Communication,30d,0.10134
2026-08-23T06:00:00Z,21003,GPTC-AS,30d,0.146985
2026-08-23T06:00:00Z,37284,Aljeel-net,30d,0.149497
2026-08-23T06:00:00Z,328200,Al-Madar-Al-Jadeed,30d,0.175461
2026-08-23T06:00:00Z,328286,Libyana-Mobile-AS,30d,0.264657
2026-08-23T06:00:00Z,328539,Giga-Communication,30d,0.079564
2026-08-23T07:00:00Z,21003,GPTC-AS,30d,0.211893
2026-08-23T07:00:00Z,37284,Aljeel-net,30d,0.180486
2026-08-23T07:00:00Z,328200,Al-Madar-Al-Jadeed,30d,0.227387
2026-08-23T07:00:00Z,328286,Libyana-Mobile-AS,30d,0.316164
2026-08-23T07:00:00Z,328539,Giga-Communication,30d,0.113065
2026-08-23T08:00:00Z,21003,GPTC-AS,30d,0.231156
2026-08-23T08:00:00Z,37284,Aljeel-net,30d,0.175461
2026-08-23T08:00:00Z,328200,Al-Madar-Al-Jadeed,30d,0.280988
2026-08-23T08:00:00Z,328286,Libyana-Mobile-AS,30d,0.367672
2026-08-23T08:00:00Z,328539,Giga-Communication,30d,0.132328
2026-08-23T09:00:00Z,21003,GPTC-AS,30d,0.275963
2026-08-23T09:00:00Z,37284,Aljeel-net,30d,0.178811
2026-08-23T09:00:00Z,328200,Al-Madar-Al-Jadeed,30d,0.290201
2026-08-23T09:00:00Z,328286,Libyana-Mobile-AS,30d,0.347571
2026-08-23T09:00:00Z,328539,Giga-Communication,30d,0.151591
2026-08-23T10:00:00Z,21003,GPTC-AS,30d,0.288945
2026-08-23T10:00:00Z,37284,Aljeel-net,30d,0.188861
2026-08-23T10:00:00Z,328200,Al-Madar-Al-Jadeed,30d,0.317839
2026-08-23T10:00:00Z,328286,Libyana-Mobile-AS,30d,0.399079
2026-08-23T10:00:00Z,328539,Giga-Communication,30d,0.172948
2026-08-23T11:00:00Z,21003,GPTC-AS,30d,0.300251
2026-08-23T11:00:00Z,37284,Aljeel-net,30d,0.200586
2026-08-23T11:00:00Z,328200,Al-Madar-Al-Jadeed,30d,0.347152
2026-08-23T11:00:00Z,328286,Libyana-Mobile-AS,30d,0.432161
2026-08-23T11:00:00Z,328539,Giga-Communication,30d,0.177136
2026-08-23T12:00:00Z,21003,GPTC-AS,30d,0.332077
2026-08-23T12:00:00Z,37284,Aljeel-net,30d,0.229062
2026-08-23T12:00:00Z,328200,Al-Madar-Al-Jadeed,30d,0.383585
2026-08-23T12:00:00Z,328286,Libyana-Mobile-AS,30d,0.492044
2026-08-23T12:00:00Z,328539,Giga-Communication,30d,0.181742
2026-08-23T13:00:00Z,21003,GPTC-AS,30d,0.338358
2026-08-23T13:00:00Z,37284,Aljeel-net,30d,0.231575
2026-08-23T13:00:00Z,328200,Al-Madar-Al-Jadeed,30d,0.444724
2026-08-23T13:00:00Z,328286,Libyana-Mobile-AS,30d,0.578308
2026-08-23T13:00:00Z,328539,Giga-Communication,30d,0.21943
2026-08-23T14:00:00Z,21003,GPTC-AS,30d,0.308208
2026-08-23T14:00:00Z,37284,Aljeel-net,30d,0.224037
2026-08-23T14:00:00Z,328200,Al-Madar-Al-Jadeed,30d,0.463568
2026-08-23T14:00:00Z,328286,Libyana-Mobile-AS,30d,0.586683
2026-08-23T14:00:00Z,328539,Giga-Communication,30d,0.21608
2026-08-23T15:00:00Z,21003,GPTC-AS,30d,0.291876
2026-08-23T15:00:00Z,37284,Aljeel-net,30d,0.213987
2026-08-23T15:00:00Z,328200,Al-Madar-Al-Jadeed,30d,0.420854
2026-08-23T15:00:00Z,328286,Libyana-Mobile-AS,30d,0.524707
2026-08-23T15:00:00Z,328539,Giga-Communication,30d,0.188442
2026-08-23T16:00:00Z,21003,GPTC-AS,30d,0.315745
2026-08-23T16:00:00Z,37284,Aljeel-net,30d,0.201005
2026-08-23T16:00:00Z,328200,Al-Madar-Al-Jadeed,30d,0.423786
2026-08-23T16:00:00Z,328286,Libyana-Mobile-AS,30d,0.567839
2026-08-23T16:00:00Z,328539,Giga-Communication,30d,0.190955
2026-08-23T17:00:00Z,21003,GPTC-AS,30d,0.323702
2026-08-23T17:00:00Z,37284,Aljeel-net,30d,0.182161
2026-08-23T17:00:00Z,328200,Al-Madar-Al-Jadeed,30d,0.431323
2026-08-23T17:00:00Z,328286,Libyana-Mobile-AS,30d,0.524707
2026-08-23T17:00:00Z,328539,Giga-Communication,30d,0.180905
2026-08-23T18:00:00Z,21003,GPTC-AS,30d,0.319095
2026-08-23T18:00:00Z,37284,Aljeel-net,30d,0.198492
2026-08-23T18:00:00Z,328200,Al-Madar-Al-Jadeed,30d,0.391122
2026-08-23T18:00:00Z,328286,Libyana-Mobile-AS,30d,0.498325
2026-08-23T18:00:00Z,328539,Giga-Communication,30d,0.190955
2026-08-23T19:00:00Z,21003,GPTC-AS,30d,0.371859
2026-08-23T19:00:00Z,37284,Aljeel-net,30d,0.231156
2026-08-23T19:00:00Z,328200,Al-Madar-Al-Jadeed,30d,0.550251
2026-08-23T19:00:00Z,328286,Libyana-Mobile-AS,30d,0.689698
2026-08-23T19:00:00Z,328539,Giga-Communication,30d,0.218593
2026-08-23T20:00:00Z,21003,GPTC-AS,30d,0.429648
2026-08-23T20:00:00Z,37284,Aljeel-net,30d,0.255444
2026-08-23T20:00:00Z,328200,Al-Madar-Al-Jadeed,30d,0.624791
2026-08-23T20:00:00Z,328286,Libyana-Mobile-AS,30d,0.825377
2026-08-23T20:00:00Z,328539,Giga-Communication,30d,0.248325
2026-08-23T21:00:00Z,21003,GPTC-AS,30d,0.367253
2026-08-23T21:00:00Z,37284,Aljeel-net,30d,0.24665
2026-08-23T21:00:00Z,328200,Al-Madar-Al-Jadeed,30d,0.518425
2026-08-23T21:00:00Z,328286,Libyana-Mobile-AS,30d,0.649497
2026-08-23T21:00:00Z,328539,Giga-Communication,30d,0.229899
2026-08-23T22:00:00Z,21003,GPTC-AS,30d,0.316583
2026-08-23T22:00:00Z,37284,Aljeel-net,30d,0.244975
2026-08-23T22:00:00Z,328200,Al-Madar-Al-Jadeed,30d,0.411642
2026-08-23T22:00:00Z,328286,Libyana-Mobile-AS,30d,0.526801
2026-08-23T22:00:00Z,328539,Giga-Communication,30d,0.225293
2026-08-23T23:00:00Z,21003,GPTC-AS,30d,0.289782
2026-08-23T23:00:00Z,37284,Aljeel-net,30d,0.237856
2026-08-23T23:00:00Z,328200,Al-Madar-Al-Jadeed,30d,0.447236
2026-08-23T23:00:00Z,328286,Libyana-Mobile-AS,30d,0.513819
2026-08-23T23:00:00Z,328539,Giga-Communication,30d,0.2366
2026-08-24T00:00:00Z,21003,GPTC-AS,30d,0.29062
2026-08-24T00:00:00Z,37284,Aljeel-net,30d,0.235343
2026-08-24T00:00:00Z,328200,Al-Madar-Al-Jadeed,30d,0.355946
2026-08-24T00:00:00Z,328286,Libyana-Mobile-AS,30d,0.517588
2026-08-24T00:00:00Z,328539,Giga-Communication,30d,0.213987
2026-08-24T01:00:00Z,21003,GPTC-AS,30d,0.215662
2026-08-24T01:00:00Z,37284,Aljeel-net,30d,0.169179
2026-08-24T01:00:00Z,328200,Al-Madar-Al-Jadeed,30d,0.319095
2026-08-24T01:00:00Z,328286,Libyana-Mobile-AS,30d,0.437186
2026-08-24T01:00:00Z,328539,Giga-Communication,30d,0.186767
2026-08-24T02:00:00Z,21003,GPTC-AS,30d,0.192211
2026-08-24T02:00:00Z,37284,Aljeel-net,30d,0.141541
2026-08-24T02:00:00Z,328200,Al-Madar-Al-Jadeed,30d,0.243719
2026-08-24T02:00:00Z,328286,Libyana-Mobile-AS,30d,0.328308
2026-08-24T02:00:00Z,328539,Giga-Communication,30d,0.139866
2026-08-24T03:00:00Z,21003,GPTC-AS,30d,0.157873
2026-08-24T03:00:00Z,37284,Aljeel-net,30d,0.131491
2026-08-24T03:00:00Z,328200,Al-Madar-Al-Jadeed,30d,0.174204
2026-08-24T03:00:00Z,328286,Libyana-Mobile-AS,30d,0.293132
2026-08-24T03:00:00Z,328539,Giga-Communication,30d,0.105946
2026-08-24T04:00:00Z,21003,GPTC-AS,30d,0.145729
2026-08-24T04:00:00Z,37284,Aljeel-net,30d,0.110134
2026-08-24T04:00:00Z,328200,Al-Madar-Al-Jadeed,30d,0.159966
2026-08-24T04:00:00Z,328286,Libyana-Mobile-AS,30d,0.238275
2026-08-24T04:00:00Z,328539,Giga-Communication,30d,0.120184
2026-08-24T05:00:00Z,21003,GPTC-AS,30d,0.141122
2026-08-24T05:00:00Z,37284,Aljeel-net,30d,0.108459
2026-08-24T05:00:00Z,328200,Al-Madar-Al-Jadeed,30d,0.151591
2026-08-24T05:00:00Z,328286,Libyana-Mobile-AS,30d,0.237437
2026-08-24T05:00:00Z,328539,Giga-Communication,30d,0.100084
2026-08-24T06:00:00Z,21003,GPTC-AS,30d,0.14531
2026-08-24T06:00:00Z,37284,Aljeel-net,30d,0.11139
2026-08-24T06:00:00Z,328200,Al-Madar-Al-Jadeed,30d,0.156198
2026-08-24T06:00:00Z,328286,Libyana-Mobile-AS,30d,0.224037
2026-08-24T06:00:00Z,328539,Giga-Communication,30d,0.09129
2026-08-24T07:00:00Z,21003,GPTC-AS,30d,0.208543
2026-08-24T07:00:00Z,37284,Aljeel-net,30d,0.124791
2026-08-24T07:00:00Z,328200,Al-Madar-Al-Jadeed,30d,0.224037
2026-08-24T07:00:00Z,328286,Libyana-Mobile-AS,30d,0.301089
2026-08-24T07:00:00Z,328539,Giga-Communication,30d,0.105109
2026-08-24T08:00:00Z,21003,GPTC-AS,30d,0.239112
2026-08-24T08:00:00Z,37284,Aljeel-net,30d,0.151173
2026-08-24T08:00:00Z,328200,Al-Madar-Al-Jadeed,30d,0.268425
2026-08-24T08:00:00Z,328286,Libyana-Mobile-AS,30d,0.342965
2026-08-24T08:00:00Z,328539,Giga-Communication,30d,0.149916
2026-08-24T09:00:00Z,21003,GPTC-AS,30d,0.242044
2026-08-24T09:00:00Z,37284,Aljeel-net,30d,0.170436
2026-08-24T09:00:00Z,328200,Al-Madar-Al-Jadeed,30d,0.301508
2026-08-24T09:00:00Z,328286,Libyana-Mobile-AS,30d,0.365159
2026-08-24T09:00:00Z,328539,Giga-Communication,30d,0.142379
2026-08-24T10:00:00Z,21003,GPTC-AS,30d,0.257956
2026-08-24T10:00:00Z,37284,Aljeel-net,30d,0.210218
2026-08-24T10:00:00Z,328200,Al-Madar-Al-Jadeed,30d,0.315327
2026-08-24T10:00:00Z,328286,Libyana-Mobile-AS,30d,0.425042
2026-08-24T10:00:00Z,328539,Giga-Communication,30d,0.141541
2026-08-24T11:00:00Z,21003,GPTC-AS,30d,0.282245
2026-08-24T11:00:00Z,37284,Aljeel-net,30d,0.19933
2026-08-24T11:00:00Z,328200,Al-Madar-Al-Jadeed,30d,0.342127
2026-08-24T11:00:00Z,328286,Libyana-Mobile-AS,30d,0.423786
2026-08-24T11:00:00Z,328539,Giga-Communication,30d,0.176717
2026-08-24T12:00:00Z,21003,GPTC-AS,30d,0.30737
2026-08-24T12:00:00Z,37284,Aljeel-net,30d,0.201005
2026-08-24T12:00:00Z,328200,Al-Madar-Al-Jadeed,30d,0.353015
2026-08-24T12:00:00Z,328286,Libyana-Mobile-AS,30d,0.46943
2026-08-24T12:00:00Z,328539,Giga-Communication,30d,0.188442
2026-08-24T13:00:00Z,21003,GPTC-AS,30d,0.327889
2026-08-24T13:00:00Z,37284,Aljeel-net,30d,0.225293
2026-08-24T13:00:00Z,328200,Al-Madar-Al-Jadeed,30d,0.396985
2026-08-24T13:00:00Z,328286,Libyana-Mobile-AS,30d,0.505444
2026-08-24T13:00:00Z,328539,Giga-Communication,30d,0.218593
2026-08-24T14:00:00Z,21003,GPTC-AS,30d,0.296482
2026-08-24T14:00:00Z,37284,Aljeel-net,30d,0.213149
2026-08-24T14:00:00Z,328200,Al-Madar-Al-Jadeed,30d,0.40871
2026-08-24T14:00:00Z,328286,Libyana-Mobile-AS,30d,0.475293
2026-08-24T14:00:00Z,328539,Giga-Communication,30d,0.213149
2026-08-24T15:00:00Z,21003,GPTC-AS,30d,0.281407
2026-08-24T15:00:00Z,37284,Aljeel-net,30d,0.219012
2026-08-24T15:00:00Z,328200,Al-Madar-Al-Jadeed,30d,0.356784
2026-08-24T15:00:00Z,328286,Libyana-Mobile-AS,30d,0.479481
2026-08-24T15:00:00Z,328539,Giga-Communication,30d,0.18258
2026-08-24T16:00:00Z,21003,GPTC-AS,30d,0.278057
2026-08-24T16:00:00Z,37284,Aljeel-net,30d,0.188861
2026-08-24T16:00:00Z,328200,Al-Madar-Al-Jadeed,30d,0.346734
2026-08-24T16:00:00Z,328286,Libyana-Mobile-AS,30d,0.441374
2026-08-24T16:00:00Z,328539,Giga-Communication,30d,0.176717
2026-08-24T17:00:00Z,21003,GPTC-AS,30d,0.301089
2026-08-24T17:00:00Z,37284,Aljeel-net,30d,0.222781
2026-08-24T17:00:00Z,328200,Al-Madar-Al-Jadeed,30d,0.347571
2026-08-24T17:00:00Z,328286,Libyana-Mobile-AS,30d,0.455193
2026-08-24T17:00:00Z,328539,Giga-Communication,30d,0.193467
2026-08-24T18:00:00Z,21003,GPTC-AS,30d,0.30067
2026-08-24T18:00:00Z,37284,Aljeel-net,30d,0.202261
2026-08-24T18:00:00Z,328200,Al-Madar-Al-Jadeed,30d,0.384003
2026-08-24T18:00:00Z,328286,Libyana-Mobile-AS,30d,0.457705
2026-08-24T18:00:00Z,328539,Giga-Communication,30d,0.174204
2026-08-24T19:00:00Z,21003,GPTC-AS,30d,0.318258
2026-08-24T19:00:00Z,37284,Aljeel-net,30d,0.205611
2026-08-24T19:00:00Z,328200,Al-Madar-Al-Jadeed,30d,0.432998
2026-08-24T19:00:00Z,328286,Libyana-Mobile-AS,30d,0.518425
2026-08-24T19:00:00Z,328539,Giga-Communication,30d,0.178392
2026-08-24T20:00:00Z,21003,GPTC-AS,30d,0.329564
2026-08-24T20:00:00Z,37284,Aljeel-net,30d,0.224874
2026-08-24T20:00:00Z,328200,Al-Madar-Al-Jadeed,30d,0.463568
2026-08-24T20:00:00Z,328286,Libyana-Mobile-AS,30d,0.578308
2026-08-24T20:00:00Z,328539,Giga-Communication,30d,0.205611
2026-08-24T21:00:00Z,21003,GPTC-AS,30d,0.303601
2026-08-24T21:00:00Z,37284,Aljeel-net,30d,0.211474
2026-08-24T21:00:00Z,328200,Al-Madar-Al-Jadeed,30d,0.413317
2026-08-24T21:00:00Z,328286,Libyana-Mobile-AS,30d,0.496231
2026-08-24T21:00:00Z,328539,Giga-Communication,30d,0.221524
2026-08-24T22:00:00Z,21003,GPTC-AS,30d,0.311977
2026-08-24T22:00:00Z,37284,Aljeel-net,30d,0.234925
2026-08-24T22:00:00Z,328200,Al-Madar-Al-Jadeed,30d,0.412898
2026-08-24T22:00:00Z,328286,Libyana-Mobile-AS,30d,0.517169
2026-08-24T22:00:00Z,328539,Giga-Communication,30d,0.213149
2026-08-24T23:00:00Z,21003,GPTC-AS,30d,0.288526
2026-08-24T23:00:00Z,37284,Aljeel-net,30d,0.21943
2026-08-24T23:00:00Z,328200,Al-Madar-Al-Jadeed,30d,0.412479
2026-08-24T23:00:00Z,328286,Libyana-Mobile-AS,30d,0.521357
2026-08-24T23:00:00Z,328539,Giga-Communication,30d,0.221943
2026-08-25T00:00:00Z,21003,GPTC-AS,30d,0.289363
2026-08-25T00:00:00Z,37284,Aljeel-net,30d,0.206868
2026-08-25T00:00:00Z,328200,Al-Madar-Al-Jadeed,30d,0.370184
2026-08-25T00:00:00Z,328286,Libyana-Mobile-AS,30d,0.505025
2026-08-25T00:00:00Z,328539,Giga-Communication,30d,0.273032
2026-08-25T01:00:00Z,21003,GPTC-AS,30d,0.244975
2026-08-25T01:00:00Z,37284,Aljeel-net,30d,0.181323
2026-08-25T01:00:00Z,328200,Al-Madar-Al-Jadeed,30d,0.301508
2026-08-25T01:00:00Z,328286,Libyana-Mobile-AS,30d,0.457286
2026-08-25T01:00:00Z,328539,Giga-Communication,30d,0.226549
2026-08-25T02:00:00Z,21003,GPTC-AS,30d,0.230318
2026-08-25T02:00:00Z,37284,Aljeel-net,30d,0.14196
2026-08-25T02:00:00Z,328200,Al-Madar-Al-Jadeed,30d,0.234925
2026-08-25T02:00:00Z,328286,Libyana-Mobile-AS,30d,0.396566
2026-08-25T02:00:00Z,328539,Giga-Communication,30d,0.171273
2026-08-25T03:00:00Z,21003,GPTC-AS,30d,0.173367
2026-08-25T03:00:00Z,37284,Aljeel-net,30d,0.127303
2026-08-25T03:00:00Z,328200,Al-Madar-Al-Jadeed,30d,0.170854
2026-08-25T03:00:00Z,328286,Libyana-Mobile-AS,30d,0.264657
2026-08-25T03:00:00Z,328539,Giga-Communication,30d,0.120184
2026-08-25T04:00:00Z,21003,GPTC-AS,30d,0.196399
2026-08-25T04:00:00Z,37284,Aljeel-net,30d,0.131072
2026-08-25T04:00:00Z,328200,Al-Madar-Al-Jadeed,30d,0.160385
2026-08-25T04:00:00Z,328286,Libyana-Mobile-AS,30d,0.222362
2026-08-25T04:00:00Z,328539,Giga-Communication,30d,0.13191
2026-08-25T05:00:00Z,21003,GPTC-AS,30d,0.11809
2026-08-25T05:00:00Z,37284,Aljeel-net,30d,0.107203
2026-08-25T05:00:00Z,328200,Al-Madar-Al-Jadeed,30d,0.171692
2026-08-25T05:00:00Z,328286,Libyana-Mobile-AS,30d,0.200586
2026-08-25T05:00:00Z,328539,Giga-Communication,30d,0.109715
2026-08-25T06:00:00Z,21003,GPTC-AS,30d,0.140285
2026-08-25T06:00:00Z,37284,Aljeel-net,30d,0.10804
2026-08-25T06:00:00Z,328200,Al-Madar-Al-Jadeed,30d,0.154941
2026-08-25T06:00:00Z,328286,Libyana-Mobile-AS,30d,0.218174
2026-08-25T06:00:00Z,328539,Giga-Communication,30d,0.09129
2026-08-25T07:00:00Z,21003,GPTC-AS,30d,0.181323
2026-08-25T07:00:00Z,37284,Aljeel-net,30d,0.123534
2026-08-25T07:00:00Z,328200,Al-Madar-Al-Jadeed,30d,0.201005
2026-08-25T07:00:00Z,328286,Libyana-Mobile-AS,30d,0.262982
2026-08-25T07:00:00Z,328539,Giga-Communication,30d,0.09129
2026-08-25T08:00:00Z,21003,GPTC-AS,30d,0.180067
2026-08-25T08:00:00Z,37284,Aljeel-net,30d,0.141541
2026-08-25T08:00:00Z,328200,Al-Madar-Al-Jadeed,30d,0.234925
2026-08-25T08:00:00Z,328286,Libyana-Mobile-AS,30d,0.29062
2026-08-25T08:00:00Z,328539,Giga-Communication,30d,0.112228
2026-08-25T09:00:00Z,21003,GPTC-AS,30d,0.220687
2026-08-25T09:00:00Z,37284,Aljeel-net,30d,0.150754
2026-08-25T09:00:00Z,328200,Al-Madar-Al-Jadeed,30d,0.260469
2026-08-25T09:00:00Z,328286,Libyana-Mobile-AS,30d,0.35804
2026-08-25T09:00:00Z,328539,Giga-Communication,30d,0.135678
2026-08-25T10:00:00Z,21003,GPTC-AS,30d,0.2433
2026-08-25T10:00:00Z,37284,Aljeel-net,30d,0.162479
2026-08-25T10:00:00Z,328200,Al-Madar-Al-Jadeed,30d,0.31072
2026-08-25T10:00:00Z,328286,Libyana-Mobile-AS,30d,0.371022
2026-08-25T10:00:00Z,328539,Giga-Communication,30d,0.174623
2026-08-25T11:00:00Z,21003,GPTC-AS,30d,0.301508
2026-08-25T11:00:00Z,37284,Aljeel-net,30d,0.192211
2026-08-25T11:00:00Z,328200,Al-Madar-Al-Jadeed,30d,0.340871
2026-08-25T11:00:00Z,328286,Libyana-Mobile-AS,30d,0.393635
2026-08-25T11:00:00Z,328539,Giga-Communication,30d,0.177973
2026-08-25T12:00:00Z,21003,GPTC-AS,30d,0.307789
2026-08-25T12:00:00Z,37284,Aljeel-net,30d,0.211474
2026-08-25T12:00:00Z,328200,Al-Madar-Al-Jadeed,30d,0.371441
2026-08-25T12:00:00Z,328286,Libyana-Mobile-AS,30d,0.465662
2026-08-25T12:00:00Z,328539,Giga-Communication,30d,0.188023
2026-08-25T13:00:00Z,21003,GPTC-AS,30d,0.335008
2026-08-25T13:00:00Z,37284,Aljeel-net,30d,0.218593
2026-08-25T13:00:00Z,328200,Al-Madar-Al-Jadeed,30d,0.399916
2026-08-25T13:00:00Z,328286,Libyana-Mobile-AS,30d,0.489531
2026-08-25T13:00:00Z,328539,Giga-Communication,30d,0.193467
2026-08-25T14:00:00Z,21003,GPTC-AS,30d,0.297739
2026-08-25T14:00:00Z,37284,Aljeel-net,30d,0.208543
2026-08-25T14:00:00Z,328200,Al-Madar-Al-Jadeed,30d,0.398241
2026-08-25T14:00:00Z,328286,Libyana-Mobile-AS,30d,0.507956
2026-08-25T14:00:00Z,328539,Giga-Communication,30d,0.221106
2026-08-25T15:00:00Z,21003,GPTC-AS,30d,0.271357
2026-08-25T15:00:00Z,37284,Aljeel-net,30d,0.19933
2026-08-25T15:00:00Z,328200,Al-Madar-Al-Jadeed,30d,0.34464
2026-08-25T15:00:00Z,328286,Libyana-Mobile-AS,30d,0.511307
2026-08-25T15:00:00Z,328539,Giga-Communication,30d,0.214824
2026-08-25T16:00:00Z,21003,GPTC-AS,30d,0.261725
2026-08-25T16:00:00Z,37284,Aljeel-net,30d,0.193049
2026-08-25T16:00:00Z,328200,Al-Madar-Al-Jadeed,30d,0.351759
2026-08-25T16:00:00Z,328286,Libyana-Mobile-AS,30d,0.512563
2026-08-25T16:00:00Z,328539,Giga-Communication,30d,0.186348
2026-08-25T17:00:00Z,21003,GPTC-AS,30d,0.277638
2026-08-25T17:00:00Z,37284,Aljeel-net,30d,0.189698
2026-08-25T17:00:00Z,328200,Al-Madar-Al-Jadeed,30d,0.343802
2026-08-25T17:00:00Z,328286,Libyana-Mobile-AS,30d,0.455611
2026-08-25T17:00:00Z,328539,Giga-Communication,30d,0.170854
2026-08-25T18:00:00Z,21003,GPTC-AS,30d,0.277638
2026-08-25T18:00:00Z,37284,Aljeel-net,30d,0.192211
2026-08-25T18:00:00Z,328200,Al-Madar-Al-Jadeed,30d,0.389028
2026-08-25T18:00:00Z,328286,Libyana-Mobile-AS,30d,0.45603
2026-08-25T18:00:00Z,328539,Giga-Communication,30d,0.186348
2026-08-25T19:00:00Z,21003,GPTC-AS,30d,0.31742
2026-08-25T19:00:00Z,37284,Aljeel-net,30d,0.230737
2026-08-25T19:00:00Z,328200,Al-Madar-Al-Jadeed,30d,0.444305
2026-08-25T19:00:00Z,328286,Libyana-Mobile-AS,30d,0.483668
2026-08-25T19:00:00Z,328539,Giga-Communication,30d,0.223618
2026-08-25T20:00:00Z,21003,GPTC-AS,30d,0.343384
2026-08-25T20:00:00Z,37284,Aljeel-net,30d,0.20603
2026-08-25T20:00:00Z,328200,Al-Madar-Al-Jadeed,30d,0.411642
2026-08-25T20:00:00Z,328286,Libyana-Mobile-AS,30d,0.532245
2026-08-25T20:00:00Z,328539,Giga-Communication,30d,0.210218
2026-08-25T21:00:00Z,21003,GPTC-AS,30d,0.329983
2026-08-25T21:00:00Z,37284,Aljeel-net,30d,0.197236
2026-08-25T21:00:00Z,328200,Al-Madar-Al-Jadeed,30d,0.414992
2026-08-25T21:00:00Z,328286,Libyana-Mobile-AS,30d,0.479899
2026-08-25T21:00:00Z,328539,Giga-Communication,30d,0.21608
2026-08-25T22:00:00Z,21003,GPTC-AS,30d,0.321189
2026-08-25T22:00:00Z,37284,Aljeel-net,30d,0.239531
2026-08-25T22:00:00Z,328200,Al-Madar-Al-Jadeed,30d,0.443886
2026-08-25T22:00:00Z,328286,Libyana-Mobile-AS,30d,0.54732
2026-08-25T22:00:00Z,328539,Giga-Communication,30d,0.21943
2026-08-25T23:00:00Z,21003,GPTC-AS,30d,0.288945
2026-08-25T23:00:00Z,37284,Aljeel-net,30d,0.224456
2026-08-25T23:00:00Z,328200,Al-Madar-Al-Jadeed,30d,0.444724
2026-08-25T23:00:00Z,328286,Libyana-Mobile-AS,30d,0.531407
2026-08-25T23:00:00Z,328539,Giga-Communication,30d,0.230318
2026-08-26T00:00:00Z,21003,GPTC-AS,30d,0.319514
2026-08-26T00:00:00Z,37284,Aljeel-net,30d,0.214405
2026-08-26T00:00:00Z,328200,Al-Madar-Al-Jadeed,30d,0.395729
2026-08-26T00:00:00Z,328286,Libyana-Mobile-AS,30d,0.500838
2026-08-26T00:00:00Z,328539,Giga-Communication,30d,0.21943
2026-08-26T01:00:00Z,21003,GPTC-AS,30d,0.237437
2026-08-26T01:00:00Z,37284,Aljeel-net,30d,0.193049
2026-08-26T01:00:00Z,328200,Al-Madar-Al-Jadeed,30d,0.322446
2026-08-26T01:00:00Z,328286,Libyana-Mobile-AS,30d,0.457705
2026-08-26T01:00:00Z,328539,Giga-Communication,30d,0.190117
2026-08-26T02:00:00Z,21003,GPTC-AS,30d,0.196817
2026-08-26T02:00:00Z,37284,Aljeel-net,30d,0.151173
2026-08-26T02:00:00Z,328200,Al-Madar-Al-Jadeed,30d,0.235762
2026-08-26T02:00:00Z,328286,Libyana-Mobile-AS,30d,0.337521
2026-08-26T02:00:00Z,328539,Giga-Communication,30d,0.154941
2026-08-26T03:00:00Z,21003,GPTC-AS,30d,0.162898
2026-08-26T03:00:00Z,37284,Aljeel-net,30d,0.129397
2026-08-26T03:00:00Z,328200,Al-Madar-Al-Jadeed,30d,0.174623
2026-08-26T03:00:00Z,328286,Libyana-Mobile-AS,30d,0.254188
2026-08-26T03:00:00Z,328539,Giga-Communication,30d,0.131072
2026-08-26T04:00:00Z,21003,GPTC-AS,30d,0.136097
2026-08-26T04:00:00Z,37284,Aljeel-net,30d,0.118928
2026-08-26T04:00:00Z,328200,Al-Madar-Al-Jadeed,30d,0.155779
2026-08-26T04:00:00Z,328286,Libyana-Mobile-AS,30d,0.26675
2026-08-26T04:00:00Z,328539,Giga-Communication,30d,0.112228
2026-08-26T05:00:00Z,21003,GPTC-AS,30d,0.157873
2026-08-26T05:00:00Z,37284,Aljeel-net,30d,0.105109
2026-08-26T05:00:00Z,328200,Al-Madar-Al-Jadeed,30d,0.148241
2026-08-26T05:00:00Z,328286,Libyana-Mobile-AS,30d,0.201424
2026-08-26T05:00:00Z,328539,Giga-Communication,30d,0.09129
2026-08-26T06:00:00Z,21003,GPTC-AS,30d,0.169179
2026-08-26T06:00:00Z,37284,Aljeel-net,30d,0.119765
2026-08-26T06:00:00Z,328200,Al-Madar-Al-Jadeed,30d,0.180486
2026-08-26T06:00:00Z,328286,Libyana-Mobile-AS,30d,0.234087
2026-08-26T06:00:00Z,328539,Giga-Communication,30d,0.108459
2026-08-26T07:00:00Z,21003,GPTC-AS,30d,0.219849
2026-08-26T07:00:00Z,37284,Aljeel-net,30d,0.144891
2026-08-26T07:00:00Z,328200,Al-Madar-Al-Jadeed,30d,0.220268
2026-08-26T07:00:00Z,328286,Libyana-Mobile-AS,30d,0.28727
2026-08-26T07:00:00Z,328539,Giga-Communication,30d,0.123534
2026-08-26T08:00:00Z,21003,GPTC-AS,30d,0.238275
2026-08-26T08:00:00Z,37284,Aljeel-net,30d,0.146147
2026-08-26T08:00:00Z,328200,Al-Madar-Al-Jadeed,30d,0.265075
2026-08-26T08:00:00Z,328286,Libyana-Mobile-AS,30d,0.335008
2026-08-26T08:00:00Z,328539,Giga-Communication,30d,0.123953
2026-08-26T09:00:00Z,21003,GPTC-AS,30d,0.26005
2026-08-26T09:00:00Z,37284,Aljeel-net,30d,0.167504
2026-08-26T09:00:00Z,328200,Al-Madar-Al-Jadeed,30d,0.313652
2026-08-26T09:00:00Z,328286,Libyana-Mobile-AS,30d,0.350503
2026-08-26T09:00:00Z,328539,Giga-Communication,30d,0.150335
2026-08-26T10:00:00Z,21003,GPTC-AS,30d,0.289782
2026-08-26T10:00:00Z,37284,Aljeel-net,30d,0.192211
2026-08-26T10:00:00Z,328200,Al-Madar-Al-Jadeed,30d,0.342965
2026-08-26T10:00:00Z,328286,Libyana-Mobile-AS,30d,0.457286
2026-08-26T10:00:00Z,328539,Giga-Communication,30d,0.157454
2026-08-26T11:00:00Z,21003,GPTC-AS,30d,0.291039
2026-08-26T11:00:00Z,37284,Aljeel-net,30d,0.183417
2026-08-26T11:00:00Z,328200,Al-Madar-Al-Jadeed,30d,0.388191
2026-08-26T11:00:00Z,328286,Libyana-Mobile-AS,30d,0.453099
2026-08-26T11:00:00Z,328539,Giga-Communication,30d,0.172948
2026-08-26T12:00:00Z,21003,GPTC-AS,30d,0.322446
2026-08-26T12:00:00Z,37284,Aljeel-net,30d,0.236181
2026-08-26T12:00:00Z,328200,Al-Madar-Al-Jadeed,30d,0.378141
2026-08-26T12:00:00Z,328286,Libyana-Mobile-AS,30d,0.476131
2026-08-26T12:00:00Z,328539,Giga-Communication,30d,0.199749
2026-08-26T13:00:00Z,21003,GPTC-AS,30d,0.309883
2026-08-26T13:00:00Z,37284,Aljeel-net,30d,0.241625
2026-08-26T13:00:00Z,328200,Al-Madar-Al-Jadeed,30d,0.413317
2026-08-26T13:00:00Z,328286,Libyana-Mobile-AS,30d,0.527638
2026-08-26T13:00:00Z,328539,Giga-Communication,30d,0.203099
2026-08-26T14:00:00Z,21003,GPTC-AS,30d,0.311139
2026-08-26T14:00:00Z,37284,Aljeel-net,30d,0.220687
2026-08-26T14:00:00Z,328200,Al-Madar-Al-Jadeed,30d,0.388191
2026-08-26T14:00:00Z,328286,Libyana-Mobile-AS,30d,0.554858
2026-08-26T14:00:00Z,328539,Giga-Communication,30d,0.215243
2026-08-26T15:00:00Z,21003,GPTC-AS,30d,0.324539
2026-08-26T15:00:00Z,37284,Aljeel-net,30d,0.186348
2026-08-26T15:00:00Z,328200,Al-Madar-Al-Jadeed,30d,0.376466
2026-08-26T15:00:00Z,328286,Libyana-Mobile-AS,30d,0.502931
2026-08-26T15:00:00Z,328539,Giga-Communication,30d,0.201843
2026-08-26T16:00:00Z,21003,GPTC-AS,30d,0.302345
2026-08-26T16:00:00Z,37284,Aljeel-net,30d,0.20603
2026-08-26T16:00:00Z,328200,Al-Madar-Al-Jadeed,30d,0.36474
2026-08-26T16:00:00Z,328286,Libyana-Mobile-AS,30d,0.479481
2026-08-26T16:00:00Z,328539,Giga-Communication,30d,0.178811
2026-08-26T17:00:00Z,21003,GPTC-AS,30d,0.305276
2026-08-26T17:00:00Z,37284,Aljeel-net,30d,0.181323
2026-08-26T17:00:00Z,328200,Al-Madar-Al-Jadeed,30d,0.379816
2026-08-26T17:00:00Z,328286,Libyana-Mobile-AS,30d,0.497906
2026-08-26T17:00:00Z,328539,Giga-Communication,30d,0.175879
2026-08-26T18:00:00Z,21003,GPTC-AS,30d,0.309883
2026-08-26T18:00:00Z,37284,Aljeel-net,30d,0.201424
2026-08-26T18:00:00Z,328200,Al-Madar-Al-Jadeed,30d,0.441792
2026-08-26T18:00:00Z,328286,Libyana-Mobile-AS,30d,0.53057
2026-08-26T18:00:00Z,328539,Giga-Communication,30d,0.195561
2026-08-26T19:00:00Z,21003,GPTC-AS,30d,0.412479
2026-08-26T19:00:00Z,37284,Aljeel-net,30d,0.258794
2026-08-26T19:00:00Z,328200,Al-Madar-Al-Jadeed,30d,0.679648
2026-08-26T19:00:00Z,328286,Libyana-Mobile-AS,30d,0.83794
2026-08-26T19:00:00Z,328539,Giga-Communication,30d,0.240787
2026-08-26T20:00:00Z,21003,GPTC-AS,30d,0.466918
2026-08-26T20:00:00Z,37284,Aljeel-net,30d,0.273451
2026-08-26T20:00:00Z,328200,Al-Madar-Al-Jadeed,30d,0.672948
2026-08-26T20:00:00Z,328286,Libyana-Mobile-AS,30d,0.853434
2026-08-26T20:00:00Z,328539,Giga-Communication,30d,0.262563
2026-08-26T21:00:00Z,21003,GPTC-AS,30d,0.353015
2026-08-26T21:00:00Z,37284,Aljeel-net,30d,0.215662
2026-08-26T21:00:00Z,328200,Al-Madar-Al-Jadeed,30d,0.46943
2026-08-26T21:00:00Z,328286,Libyana-Mobile-AS,30d,0.538526
2026-08-26T21:00:00Z,328539,Giga-Communication,30d,0.218593
2026-08-26T22:00:00Z,21003,GPTC-AS,30d,0.31407
2026-08-26T22:00:00Z,37284,Aljeel-net,30d,0.234087
2026-08-26T22:00:00Z,328200,Al-Madar-Al-Jadeed,30d,0.460637
2026-08-26T22:00:00Z,328286,Libyana-Mobile-AS,30d,0.58459
2026-08-26T22:00:00Z,328539,Giga-Communication,30d,0.218593
2026-08-26T23:00:00Z,21003,GPTC-AS,30d,0.337521
2026-08-26T23:00:00Z,37284,Aljeel-net,30d,0.230318
2026-08-26T23:00:00Z,328200,Al-Madar-Al-Jadeed,30d,0.429229
2026-08-26T23:00:00Z,328286,Libyana-Mobile-AS,30d,0.56407
2026-08-26T23:00:00Z,328539,Giga-Communication,30d,0.217755
2026-08-27T00:00:00Z,21003,GPTC-AS,30d,0.311139
2026-08-27T00:00:00Z,37284,Aljeel-net,30d,0.225293
2026-08-27T00:00:00Z,328200,Al-Madar-Al-Jadeed,30d,0.368928
2026-08-27T00:00:00Z,328286,Libyana-Mobile-AS,30d,0.553601
2026-08-27T00:00:00Z,328539,Giga-Communication,30d,0.224874
2026-08-27T01:00:00Z,21003,GPTC-AS,30d,0.26675
2026-08-27T01:00:00Z,37284,Aljeel-net,30d,0.191792
2026-08-27T01:00:00Z,328200,Al-Madar-Al-Jadeed,30d,0.30402
2026-08-27T01:00:00Z,328286,Libyana-Mobile-AS,30d,0.433836
2026-08-27T01:00:00Z,328539,Giga-Communication,30d,0.18928
2026-08-27T02:00:00Z,21003,GPTC-AS,30d,0.214405
2026-08-27T02:00:00Z,37284,Aljeel-net,30d,0.149079
2026-08-27T02:00:00Z,328200,Al-Madar-Al-Jadeed,30d,0.265494
2026-08-27T02:00:00Z,328286,Libyana-Mobile-AS,30d,0.343802
2026-08-27T02:00:00Z,328539,Giga-Communication,30d,0.146147
2026-08-27T03:00:00Z,21003,GPTC-AS,30d,0.178392
2026-08-27T03:00:00Z,37284,Aljeel-net,30d,0.139866
2026-08-27T03:00:00Z,328200,Al-Madar-Al-Jadeed,30d,0.177136
2026-08-27T03:00:00Z,328286,Libyana-Mobile-AS,30d,0.275544
2026-08-27T03:00:00Z,328539,Giga-Communication,30d,0.131072
2026-08-27T04:00:00Z,21003,GPTC-AS,30d,0.157454
2026-08-27T04:00:00Z,37284,Aljeel-net,30d,0.128559
2026-08-27T04:00:00Z,328200,Al-Madar-Al-Jadeed,30d,0.174204
2026-08-27T04:00:00Z,328286,Libyana-Mobile-AS,30d,0.247487
2026-08-27T04:00:00Z,328539,Giga-Communication,30d,0.115578
2026-08-27T05:00:00Z,21003,GPTC-AS,30d,0.176717
2026-08-27T05:00:00Z,37284,Aljeel-net,30d,0.108459
2026-08-27T05:00:00Z,328200,Al-Madar-Al-Jadeed,30d,0.157035
2026-08-27T05:00:00Z,328286,Libyana-Mobile-AS,30d,0.231993
2026-08-27T05:00:00Z,328539,Giga-Communication,30d,0.099246
2026-08-27T06:00:00Z,21003,GPTC-AS,30d,0.167504
2026-08-27T06:00:00Z,37284,Aljeel-net,30d,0.113903
2026-08-27T06:00:00Z,328200,Al-Madar-Al-Jadeed,30d,0.168342
2026-08-27T06:00:00Z,328286,Libyana-Mobile-AS,30d,0.237437
2026-08-27T06:00:00Z,328539,Giga-Communication,30d,0.112228
2026-08-27T07:00:00Z,21003,GPTC-AS,30d,0.188023
2026-08-27T07:00:00Z,37284,Aljeel-net,30d,0.115159
2026-08-27T07:00:00Z,328200,Al-Madar-Al-Jadeed,30d,0.21608
2026-08-27T07:00:00Z,328286,Libyana-Mobile-AS,30d,0.277638
2026-08-27T07:00:00Z,328539,Giga-Communication,30d,0.118928
2026-08-27T08:00:00Z,21003,GPTC-AS,30d,0.237856
2026-08-27T08:00:00Z,37284,Aljeel-net,30d,0.151173
2026-08-27T08:00:00Z,328200,Al-Madar-Al-Jadeed,30d,0.251256
2026-08-27T08:00:00Z,328286,Libyana-Mobile-AS,30d,0.315327
2026-08-27T08:00:00Z,328539,Giga-Communication,30d,0.123116
2026-08-27T09:00:00Z,21003,GPTC-AS,30d,0.264238
2026-08-27T09:00:00Z,37284,Aljeel-net,30d,0.182998
2026-08-27T09:00:00Z,328200,Al-Madar-Al-Jadeed,30d,0.29062
2026-08-27T09:00:00Z,328286,Libyana-Mobile-AS,30d,0.328308
2026-08-27T09:00:00Z,328539,Giga-Communication,30d,0.154104
2026-08-27T10:00:00Z,21003,GPTC-AS,30d,0.306951
2026-08-27T10:00:00Z,37284,Aljeel-net,30d,0.199749
2026-08-27T10:00:00Z,328200,Al-Madar-Al-Jadeed,30d,0.333333
2026-08-27T10:00:00Z,328286,Libyana-Mobile-AS,30d,0.396147
2026-08-27T10:00:00Z,328539,Giga-Communication,30d,0.165829
2026-08-27T11:00:00Z,21003,GPTC-AS,30d,0.305695
2026-08-27T11:00:00Z,37284,Aljeel-net,30d,0.221524
2026-08-27T11:00:00Z,328200,Al-Madar-Al-Jadeed,30d,0.362228
2026-08-27T11:00:00Z,328286,Libyana-Mobile-AS,30d,0.461893
2026-08-27T11:00:00Z,328539,Giga-Communication,30d,0.167923
2026-08-27T12:00:00Z,21003,GPTC-AS,30d,0.293132
2026-08-27T12:00:00Z,37284,Aljeel-net,30d,0.226549
2026-08-27T12:00:00Z,328200,Al-Madar-Al-Jadeed,30d,0.376466
2026-08-27T12:00:00Z,328286,Libyana-Mobile-AS,30d,0.507119
2026-08-27T12:00:00Z,328539,Giga-Communication,30d,0.18928
2026-08-27T13:00:00Z,21003,GPTC-AS,30d,0.300251
2026-08-27T13:00:00Z,37284,Aljeel-net,30d,0.222781
2026-08-27T13:00:00Z,328200,Al-Madar-Al-Jadeed,30d,0.39531
2026-08-27T13:00:00Z,328286,Libyana-Mobile-AS,30d,0.533082
2026-08-27T13:00:00Z,328539,Giga-Communication,30d,0.205193
2026-08-27T14:00:00Z,21003,GPTC-AS,30d,0.308208
2026-08-27T14:00:00Z,37284,Aljeel-net,30d,0.207705
2026-08-27T14:00:00Z,328200,Al-Madar-Al-Jadeed,30d,0.436348
2026-08-27T14:00:00Z,328286,Libyana-Mobile-AS,30d,0.55067
2026-08-27T14:00:00Z,328539,Giga-Communication,30d,0.20603
2026-08-27T15:00:00Z,21003,GPTC-AS,30d,0.281407
2026-08-27T15:00:00Z,37284,Aljeel-net,30d,0.21273
2026-08-27T15:00:00Z,328200,Al-Madar-Al-Jadeed,30d,0.382328
2026-08-27T15:00:00Z,328286,Libyana-Mobile-AS,30d,0.504606
2026-08-27T15:00:00Z,328539,Giga-Communication,30d,0.181742
2026-08-27T16:00:00Z,21003,GPTC-AS,30d,0.300251
2026-08-27T16:00:00Z,37284,Aljeel-net,30d,0.201843
2026-08-27T16:00:00Z,328200,Al-Madar-Al-Jadeed,30d,0.386516
2026-08-27T16:00:00Z,328286,Libyana-Mobile-AS,30d,0.484925
2026-08-27T16:00:00Z,328539,Giga-Communication,30d,0.186348
2026-08-27T17:00:00Z,21003,GPTC-AS,30d,0.286013
2026-08-27T17:00:00Z,37284,Aljeel-net,30d,0.182998
2026-08-27T17:00:00Z,328200,Al-Madar-Al-Jadeed,30d,0.36474
2026-08-27T17:00:00Z,328286,Libyana-Mobile-AS,30d,0.462312
2026-08-27T17:00:00Z,328539,Giga-Communication,30d,0.157873
2026-08-27T18:00:00Z,21003,GPTC-AS,30d,0.322446
2026-08-27T18:00:00Z,37284,Aljeel-net,30d,0.198074
2026-08-27T18:00:00Z,328200,Al-Madar-Al-Jadeed,30d,0.432998
2026-08-27T18:00:00Z,328286,Libyana-Mobile-AS,30d,0.521357
2026-08-27T18:00:00Z,328539,Giga-Communication,30d,0.191792
2026-08-27T19:00:00Z,21003,GPTC-AS,30d,0.414573
2026-08-27T19:00:00Z,37284,Aljeel-net,30d,0.255444
2026-08-27T19:00:00Z,328200,Al-Madar-Al-Jadeed,30d,0.687186
2026-08-27T19:00:00Z,328286,Libyana-Mobile-AS,30d,0.904941
2026-08-27T19:00:00Z,328539,Giga-Communication,30d,0.24665
2026-08-27T20:00:00Z,21003,GPTC-AS,30d,0.463149
2026-08-27T20:00:00Z,37284,Aljeel-net,30d,0.232831
2026-08-27T20:00:00Z,328200,Al-Madar-Al-Jadeed,30d,0.655779
2026-08-27T20:00:00Z,328286,Libyana-Mobile-AS,30d,0.845896
2026-08-27T20:00:00Z,328539,Giga-Communication,30d,0.236181
2026-08-27T21:00:00Z,21003,GPTC-AS,30d,0.350084
2026-08-27T21:00:00Z,37284,Aljeel-net,30d,0.228224
2026-08-27T21:00:00Z,328200,Al-Madar-Al-Jadeed,30d,0.458543
2026-08-27T21:00:00Z,328286,Libyana-Mobile-AS,30d,0.569095
2026-08-27T21:00:00Z,328539,Giga-Communication,30d,0.214824
2026-08-27T22:00:00Z,21003,GPTC-AS,30d,0.35804
2026-08-27T22:00:00Z,37284,Aljeel-net,30d,0.211474
2026-08-27T22:00:00Z,328200,Al-Madar-Al-Jadeed,30d,0.430905
2026-08-27T22:00:00Z,328286,Libyana-Mobile-AS,30d,0.544807
2026-08-27T22:00:00Z,328539,Giga-Communication,30d,0.230318
2026-08-27T23:00:00Z,21003,GPTC-AS,30d,0.318677
2026-08-27T23:00:00Z,37284,Aljeel-net,30d,0.211893
2026-08-27T23:00:00Z,328200,Al-Madar-Al-Jadeed,30d,0.430067
2026-08-27T23:00:00Z,328286,Libyana-Mobile-AS,30d,0.574539
2026-08-27T23:00:00Z,328539,Giga-Communication,30d,0.226131
2026-08-28T00:00:00Z,21003,GPTC-AS,30d,0.315327
2026-08-28T00:00:00Z,37284,Aljeel-net,30d,0.199749
2026-08-28T00:00:00Z,328200,Al-Madar-Al-Jadeed,30d,0.419179
2026-08-28T00:00:00Z,328286,Libyana-Mobile-AS,30d,0.539363
2026-08-28T00:00:00Z,328539,Giga-Communication,30d,0.205611
2026-08-28T01:00:00Z,21003,GPTC-AS,30d,0.295226
2026-08-28T01:00:00Z,37284,Aljeel-net,30d,0.205193
2026-08-28T01:00:00Z,328200,Al-Madar-Al-Jadeed,30d,0.376884
2026-08-28T01:00:00Z,328286,Libyana-Mobile-AS,30d,0.5134
2026-08-28T01:00:00Z,328539,Giga-Communication,30d,0.200586
2026-08-28T02:00:00Z,21003,GPTC-AS,30d,0.228224
2026-08-28T02:00:00Z,37284,Aljeel-net,30d,0.164992
2026-08-28T02:00:00Z,328200,Al-Madar-Al-Jadeed,30d,0.284757
2026-08-28T02:00:00Z,328286,Libyana-Mobile-AS,30d,0.393216
2026-08-28T02:00:00Z,328539,Giga-Communication,30d,0.172948
2026-08-28T03:00:00Z,21003,GPTC-AS,30d,0.192211
2026-08-28T03:00:00Z,37284,Aljeel-net,30d,0.147404
2026-08-28T03:00:00Z,328200,Al-Madar-Al-Jadeed,30d,0.197236
2026-08-28T03:00:00Z,328286,Libyana-Mobile-AS,30d,0.337102
2026-08-28T03:00:00Z,328539,Giga-Communication,30d,0.169179
2026-08-28T04:00:00Z,21003,GPTC-AS,30d,0.13861
2026-08-28T04:00:00Z,37284,Aljeel-net,30d,0.119347
2026-08-28T04:00:00Z,328200,Al-Madar-Al-Jadeed,30d,0.201005
2026-08-28T04:00:00Z,328286,Libyana-Mobile-AS,30d,0.268007
2026-08-28T04:00:00Z,328539,Giga-Communication,30d,0.113484
2026-08-28T05:00:00Z,21003,GPTC-AS,30d,0.14531
2026-08-28T05:00:00Z,37284,Aljeel-net,30d,0.102596
2026-08-28T05:00:00Z,328200,Al-Madar-Al-Jadeed,30d,0.13861
2026-08-28T05:00:00Z,328286,Libyana-Mobile-AS,30d,0.234925
2026-08-28T05:00:00Z,328539,Giga-Communication,30d,0.082077
2026-08-28T06:00:00Z,21003,GPTC-AS,30d,0.137353
2026-08-28T06:00:00Z,37284,Aljeel-net,30d,0.100921
2026-08-28T06:00:00Z,328200,Al-Madar-Al-Jadeed,30d,0.161223
2026-08-28T06:00:00Z,328286,Libyana-Mobile-AS,30d,0.230737
2026-08-28T06:00:00Z,328539,Giga-Communication,30d,0.081658
2026-08-28T07:00:00Z,21003,GPTC-AS,30d,0.138191
2026-08-28T07:00:00Z,37284,Aljeel-net,30d,0.109715
2026-08-28T07:00:00Z,328200,Al-Madar-Al-Jadeed,30d,0.170017
2026-08-28T07:00:00Z,328286,Libyana-Mobile-AS,30d,0.261725
2026-08-28T07:00:00Z,328539,Giga-Communication,30d,0.089196
2026-08-28T08:00:00Z,21003,GPTC-AS,30d,0.172529
2026-08-28T08:00:00Z,37284,Aljeel-net,30d,0.106784
2026-08-28T08:00:00Z,328200,Al-Madar-Al-Jadeed,30d,0.228224
2026-08-28T08:00:00Z,328286,Libyana-Mobile-AS,30d,0.26005
2026-08-28T08:00:00Z,328539,Giga-Communication,30d,0.102178
2026-08-28T09:00:00Z,21003,GPTC-AS,30d,0.19263
2026-08-28T09:00:00Z,37284,Aljeel-net,30d,0.13191
2026-08-28T09:00:00Z,328200,Al-Madar-Al-Jadeed,30d,0.23995
2026-08-28T09:00:00Z,328286,Libyana-Mobile-AS,30d,0.350084
2026-08-28T09:00:00Z,328539,Giga-Communication,30d,0.13191
2026-08-28T10:00:00Z,21003,GPTC-AS,30d,0.20938
2026-08-28T10:00:00Z,37284,Aljeel-net,30d,0.144054
2026-08-28T10:00:00Z,328200,Al-Madar-Al-Jadeed,30d,0.296482
2026-08-28T10:00:00Z,328286,Libyana-Mobile-AS,30d,0.336265
2026-08-28T10:00:00Z,328539,Giga-Communication,30d,0.140285
2026-08-28T11:00:00Z,21003,GPTC-AS,30d,0.207286
2026-08-28T11:00:00Z,37284,Aljeel-net,30d,0.162479
2026-08-28T11:00:00Z,328200,Al-Madar-Al-Jadeed,30d,0.283501
2026-08-28T11:00:00Z,328286,Libyana-Mobile-AS,30d,0.36809
2026-08-28T11:00:00Z,328539,Giga-Communication,30d,0.13861
2026-08-28T12:00:00Z,21003,GPTC-AS,30d,0.296901
2026-08-28T12:00:00Z,37284,Aljeel-net,30d,0.182998
2026-08-28T12:00:00Z,328200,Al-Madar-Al-Jadeed,30d,0.374372
2026-08-28T12:00:00Z,328286,Libyana-Mobile-AS,30d,0.461474
2026-08-28T12:00:00Z,328539,Giga-Communication,30d,0.171273
2026-08-28T13:00:00Z,21003,GPTC-AS,30d,0.324958
2026-08-28T13:00:00Z,37284,Aljeel-net,30d,0.215243
2026-08-28T13:00:00Z,328200,Al-Madar-Al-Jadeed,30d,0.402429
2026-08-28T13:00:00Z,328286,Libyana-Mobile-AS,30d,0.492044
2026-08-28T13:00:00Z,328539,Giga-Communication,30d,0.193049
2026-08-28T14:00:00Z,21003,GPTC-AS,30d,0.291876
2026-08-28T14:00:00Z,37284,Aljeel-net,30d,0.231993
2026-08-28T14:00:00Z,328200,Al-Madar-Al-Jadeed,30d,0.411642
2026-08-28T14:00:00Z,328286,Libyana-Mobile-AS,30d,0.4933
2026-08-28T14:00:00Z,328539,Giga-Communication,30d,0.198492
2026-08-28T15:00:00Z,21003,GPTC-AS,30d,0.306114
2026-08-28T15:00:00Z,37284,Aljeel-net,30d,0.188861
2026-08-28T15:00:00Z,328200,Al-Madar-Al-Jadeed,30d,0.378559
2026-08-28T15:00:00Z,328286,Libyana-Mobile-AS,30d,0.485762
2026-08-28T15:00:00Z,328539,Giga-Communication,30d,0.188023
2026-08-28T16:00:00Z,21003,GPTC-AS,30d,0.30737
2026-08-28T16:00:00Z,37284,Aljeel-net,30d,0.188861
2026-08-28T16:00:00Z,328200,Al-Madar-Al-Jadeed,30d,0.412898
2026-08-28T16:00:00Z,328286,Libyana-Mobile-AS,30d,0.530151
2026-08-28T16:00:00Z,328539,Giga-Communication,30d,0.190117
2026-08-28T17:00:00Z,21003,GPTC-AS,30d,0.296482
2026-08-28T17:00:00Z,37284,Aljeel-net,30d,0.176298
2026-08-28T17:00:00Z,328200,Al-Madar-Al-Jadeed,30d,0.384422
2026-08-28T17:00:00Z,328286,Libyana-Mobile-AS,30d,0.480318
2026-08-28T17:00:00Z,328539,Giga-Communication,30d,0.177136
2026-08-28T18:00:00Z,21003,GPTC-AS,30d,0.36139
2026-08-28T18:00:00Z,37284,Aljeel-net,30d,0.200168
2026-08-28T18:00:00Z,328200,Al-Madar-Al-Jadeed,30d,0.451424
2026-08-28T18:00:00Z,328286,Libyana-Mobile-AS,30d,0.527638
2026-08-28T18:00:00Z,328539,Giga-Communication,30d,0.187186
2026-08-28T19:00:00Z,21003,GPTC-AS,30d,0.333752
2026-08-28T19:00:00Z,37284,Aljeel-net,30d,0.228643
2026-08-28T19:00:00Z,328200,Al-Madar-Al-Jadeed,30d,0.488693
2026-08-28T19:00:00Z,328286,Libyana-Mobile-AS,30d,0.577889
2026-08-28T19:00:00Z,328539,Giga-Communication,30d,0.223199
2026-08-28T20:00:00Z,21003,GPTC-AS,30d,0.350503
2026-08-28T20:00:00Z,37284,Aljeel-net,30d,0.248744
2026-08-28T20:00:00Z,328200,Al-Madar-Al-Jadeed,30d,0.454355
2026-08-28T20:00:00Z,328286,Libyana-Mobile-AS,30d,0.593384
2026-08-28T20:00:00Z,328539,Giga-Communication,30d,0.208961
2026-08-28T21:00:00Z,21003,GPTC-AS,30d,0.370184
2026-08-28T21:00:00Z,37284,Aljeel-net,30d,0.237018
2026-08-28T21:00:00Z,328200,Al-Madar-Al-Jadeed,30d,0.463987
2026-08-28T21:00:00Z,328286,Libyana-Mobile-AS,30d,0.582077
2026-08-28T21:00:00Z,328539,Giga-Communication,30d,0.222362
2026-08-28T22:00:00Z,21003,GPTC-AS,30d,0.345059
2026-08-28T22:00:00Z,37284,Aljeel-net,30d,0.224037
2026-08-28T22:00:00Z,328200,Al-Madar-Al-Jadeed,30d,0.458124
2026-08-28T22:00:00Z,328286,Libyana-Mobile-AS,30d,0.581658
2026-08-28T22:00:00Z,328539,Giga-Communication,30d,0.226131
2026-08-28T23:00:00Z,21003,GPTC-AS,30d,0.33124
2026-08-28T23:00:00Z,37284,Aljeel-net,30d,0.237856
2026-08-28T23:00:00Z,328200,Al-Madar-Al-Jadeed,30d,0.451005
2026-08-28T23:00:00Z,328286,Libyana-Mobile-AS,30d,0.571189
2026-08-28T23:00:00Z,328539,Giga-Communication,30d,0.208124
2026-08-29T00:00:00Z,21003,GPTC-AS,30d,0.265494
2026-08-29T00:00:00Z,37284,Aljeel-net,30d,0.211474
2026-08-29T00:00:00Z,328200,Al-Madar-Al-Jadeed,30d,0.395729
2026-08-29T00:00:00Z,328286,Libyana-Mobile-AS,30d,0.570771
2026-08-29T00:00:00Z,328539,Giga-Communication,30d,0.199749
2026-08-29T01:00:00Z,21003,GPTC-AS,30d,0.241625
2026-08-29T01:00:00Z,37284,Aljeel-net,30d,0.210637
2026-08-29T01:00:00Z,328200,Al-Madar-Al-Jadeed,30d,0.356365
2026-08-29T01:00:00Z,328286,Libyana-Mobile-AS,30d,0.495812
2026-08-29T01:00:00Z,328539,Giga-Communication,30d,0.184673
2026-08-29T02:00:00Z,21003,GPTC-AS,30d,0.196817
2026-08-29T02:00:00Z,37284,Aljeel-net,30d,0.154104
2026-08-29T02:00:00Z,328200,Al-Madar-Al-Jadeed,30d,0.252931
2026-08-29T02:00:00Z,328286,Libyana-Mobile-AS,30d,0.371022
2026-08-29T02:00:00Z,328539,Giga-Communication,30d,0.136935
2026-08-29T03:00:00Z,21003,GPTC-AS,30d,0.159129
2026-08-29T03:00:00Z,37284,Aljeel-net,30d,0.118928
2026-08-29T03:00:00Z,328200,Al-Madar-Al-Jadeed,30d,0.187605
2026-08-29T03:00:00Z,328286,Libyana-Mobile-AS,30d,0.266332
2026-08-29T03:00:00Z,328539,Giga-Communication,30d,0.118509
2026-08-29T04:00:00Z,21003,GPTC-AS,30d,0.147404
2026-08-29T04:00:00Z,37284,Aljeel-net,30d,0.118928
2026-08-29T04:00:00Z,328200,Al-Madar-Al-Jadeed,30d,0.171692
2026-08-29T04:00:00Z,328286,Libyana-Mobile-AS,30d,0.232831
2026-08-29T04:00:00Z,328539,Giga-Communication,30d,0.120603
2026-08-29T05:00:00Z,21003,GPTC-AS,30d,0.147404
2026-08-29T05:00:00Z,37284,Aljeel-net,30d,0.100503
2026-08-29T05:00:00Z,328200,Al-Madar-Al-Jadeed,30d,0.141541
2026-08-29T05:00:00Z,328286,Libyana-Mobile-AS,30d,0.21943
2026-08-29T05:00:00Z,328539,Giga-Communication,30d,0.086265
2026-08-29T06:00:00Z,21003,GPTC-AS,30d,0.147822
2026-08-29T06:00:00Z,37284,Aljeel-net,30d,0.10469
2026-08-29T06:00:00Z,328200,Al-Madar-Al-Jadeed,30d,0.167504
2026-08-29T06:00:00Z,328286,Libyana-Mobile-AS,30d,0.215662
2026-08-29T06:00:00Z,328539,Giga-Communication,30d,0.083752
2026-08-29T07:00:00Z,21003,GPTC-AS,30d,0.166667
2026-08-29T07:00:00Z,37284,Aljeel-net,30d,0.11809
2026-08-29T07:00:00Z,328200,Al-Madar-Al-Jadeed,30d,0.205193
2026-08-29T07:00:00Z,328286,Libyana-Mobile-AS,30d,0.263819
2026-08-29T07:00:00Z,328539,Giga-Communication,30d,0.098827
2026-08-29T08:00:00Z,21003,GPTC-AS,30d,0.188442
2026-08-29T08:00:00Z,37284,Aljeel-net,30d,0.127722
2026-08-29T08:00:00Z,328200,Al-Madar-Al-Jadeed,30d,0.244975
2026-08-29T08:00:00Z,328286,Libyana-Mobile-AS,30d,0.317002
2026-08-29T08:00:00Z,328539,Giga-Communication,30d,0.136516
2026-08-29T09:00:00Z,21003,GPTC-AS,30d,0.232412
2026-08-29T09:00:00Z,37284,Aljeel-net,30d,0.151173
2026-08-29T09:00:00Z,328200,Al-Madar-Al-Jadeed,30d,0.284338
2026-08-29T09:00:00Z,328286,Libyana-Mobile-AS,30d,0.377722
2026-08-29T09:00:00Z,328539,Giga-Communication,30d,0.13526
2026-08-29T10:00:00Z,21003,GPTC-AS,30d,0.252094
2026-08-29T10:00:00Z,37284,Aljeel-net,30d,0.172529
2026-08-29T10:00:00Z,328200,Al-Madar-Al-Jadeed,30d,0.335427
2026-08-29T10:00:00Z,328286,Libyana-Mobile-AS,30d,0.377303
2026-08-29T10:00:00Z,328539,Giga-Communication,30d,0.134003
2026-08-29T11:00:00Z,21003,GPTC-AS,30d,0.260469
2026-08-29T11:00:00Z,37284,Aljeel-net,30d,0.191792
2026-08-29T11:00:00Z,328200,Al-Madar-Al-Jadeed,30d,0.342546
2026-08-29T11:00:00Z,328286,Libyana-Mobile-AS,30d,0.451005
2026-08-29T11:00:00Z,328539,Giga-Communication,30d,0.159966
2026-08-29T12:00:00Z,21003,GPTC-AS,30d,0.288945
2026-08-29T12:00:00Z,37284,Aljeel-net,30d,0.197236
2026-08-29T12:00:00Z,328200,Al-Madar-Al-Jadeed,30d,0.399079
2026-08-29T12:00:00Z,328286,Libyana-Mobile-AS,30d,0.501675
2026-08-29T12:00:00Z,328539,Giga-Communication,30d,0.190955
2026-08-29T13:00:00Z,21003,GPTC-AS,30d,0.312395
2026-08-29T13:00:00Z,37284,Aljeel-net,30d,0.19598
2026-08-29T13:00:00Z,328200,Al-Madar-Al-Jadeed,30d,0.40871
2026-08-29T13:00:00Z,328286,Libyana-Mobile-AS,30d,0.543132
2026-08-29T13:00:00Z,328539,Giga-Communication,30d,0.200586
2026-08-29T14:00:00Z,21003,GPTC-AS,30d,0.315745
2026-08-29T14:00:00Z,37284,Aljeel-net,30d,0.208543
2026-08-29T14:00:00Z,328200,Al-Madar-Al-Jadeed,30d,0.376884
2026-08-29T14:00:00Z,328286,Libyana-Mobile-AS,30d,0.512144
2026-08-29T14:00:00Z,328539,Giga-Communication,30d,0.198074
2026-08-29T15:00:00Z,21003,GPTC-AS,30d,0.295226
2026-08-29T15:00:00Z,37284,Aljeel-net,30d,0.21273
2026-08-29T15:00:00Z,328200,Al-Madar-Al-Jadeed,30d,0.377303
2026-08-29T15:00:00Z,328286,Libyana-Mobile-AS,30d,0.509631
2026-08-29T15:00:00Z,328539,Giga-Communication,30d,0.171692
2026-08-29T16:00:00Z,21003,GPTC-AS,30d,0.29732
2026-08-29T16:00:00Z,37284,Aljeel-net,30d,0.196399
2026-08-29T16:00:00Z,328200,Al-Madar-Al-Jadeed,30d,0.40201
2026-08-29T16:00:00Z,328286,Libyana-Mobile-AS,30d,0.505863
2026-08-29T16:00:00Z,328539,Giga-Communication,30d,0.184255
2026-08-29T17:00:00Z,21003,GPTC-AS,30d,0.291876
2026-08-29T17:00:00Z,37284,Aljeel-net,30d,0.210218
2026-08-29T17:00:00Z,328200,Al-Madar-Al-Jadeed,30d,0.406616
2026-08-29T17:00:00Z,328286,Libyana-Mobile-AS,30d,0.4933
2026-08-29T17:00:00Z,328539,Giga-Communication,30d,0.182161
2026-08-29T18:00:00Z,21003,GPTC-AS,30d,0.312814
2026-08-29T18:00:00Z,37284,Aljeel-net,30d,0.215662
2026-08-29T18:00:00Z,328200,Al-Madar-Al-Jadeed,30d,0.426298
2026-08-29T18:00:00Z,328286,Libyana-Mobile-AS,30d,0.516332
2026-08-29T18:00:00Z,328539,Giga-Communication,30d,0.195561
2026-08-29T19:00:00Z,21003,GPTC-AS,30d,0.353015
2026-08-29T19:00:00Z,37284,Aljeel-net,30d,0.21608
2026-08-29T19:00:00Z,328200,Al-Madar-Al-Jadeed,30d,0.430486
2026-08-29T19:00:00Z,328286,Libyana-Mobile-AS,30d,0.519682
2026-08-29T19:00:00Z,328539,Giga-Communication,30d,0.190536
2026-08-29T20:00:00Z,21003,GPTC-AS,30d,0.308626
2026-08-29T20:00:00Z,37284,Aljeel-net,30d,0.214405
2026-08-29T20:00:00Z,328200,Al-Madar-Al-Jadeed,30d,0.458543
2026-08-29T20:00:00Z,328286,Libyana-Mobile-AS,30d,0.546482
2026-08-29T20:00:00Z,328539,Giga-Communication,30d,0.217337
2026-08-29T21:00:00Z,21003,GPTC-AS,30d,0.327052
2026-08-29T21:00:00Z,37284,Aljeel-net,30d,0.212312
2026-08-29T21:00:00Z,328200,Al-Madar-Al-Jadeed,30d,0.458124
2026-08-29T21:00:00Z,328286,Libyana-Mobile-AS,30d,0.550251
2026-08-29T21:00:00Z,328539,Giga-Communication,30d,0.213987
2026-08-29T22:00:00Z,21003,GPTC-AS,30d,0.323283
2026-08-29T22:00:00Z,37284,Aljeel-net,30d,0.197655
2026-08-29T22:00:00Z,328200,Al-Madar-Al-Jadeed,30d,0.445142
2026-08-29T22:00:00Z,328286,Libyana-Mobile-AS,30d,0.563233
2026-08-29T22:00:00Z,328539,Giga-Communication,30d,0.225293
2026-08-29T23:00:00Z,21003,GPTC-AS,30d,0.342965
2026-08-29T23:00:00Z,37284,Aljeel-net,30d,0.222781
2026-08-29T23:00:00Z,328200,Al-Madar-Al-Jadeed,30d,0.455193
2026-08-29T23:00:00Z,328286,Libyana-Mobile-AS,30d,0.561139
2026-08-29T23:00:00Z,328539,Giga-Communication,30d,0.241206
2026-08-30T00:00:00Z,21003,GPTC-AS,30d,0.270519
2026-08-30T00:00:00Z,37284,Aljeel-net,30d,0.206868
2026-08-30T00:00:00Z,328200,Al-Madar-Al-Jadeed,30d,0.411642
2026-08-30T00:00:00Z,328286,Libyana-Mobile-AS,30d,0.528894
2026-08-30T00:00:00Z,328539,Giga-Communication,30d,0.213149
2026-08-30T01:00:00Z,21003,GPTC-AS,30d,0.213149
2026-08-30T01:00:00Z,37284,Aljeel-net,30d,0.180905
2026-08-30T01:00:00Z,328200,Al-Madar-Al-Jadeed,30d,0.309883
2026-08-30T01:00:00Z,328286,Libyana-Mobile-AS,30d,0.440117
2026-08-30T01:00:00Z,328539,Giga-Communication,30d,0.169179
2026-08-30T02:00:00Z,21003,GPTC-AS,30d,0.172111
2026-08-30T02:00:00Z,37284,Aljeel-net,30d,0.154523
2026-08-30T02:00:00Z,328200,Al-Madar-Al-Jadeed,30d,0.235343
2026-08-30T02:00:00Z,328286,Libyana-Mobile-AS,30d,0.376047
2026-08-30T02:00:00Z,328539,Giga-Communication,30d,0.154523
2026-08-30T03:00:00Z,21003,GPTC-AS,30d,0.149497
2026-08-30T03:00:00Z,37284,Aljeel-net,30d,0.149916
2026-08-30T03:00:00Z,328200,Al-Madar-Al-Jadeed,30d,0.193467
2026-08-30T03:00:00Z,328286,Libyana-Mobile-AS,30d,0.268844
2026-08-30T03:00:00Z,328539,Giga-Communication,30d,0.147822
2026-08-30T04:00:00Z,21003,GPTC-AS,30d,0.14196
2026-08-30T04:00:00Z,37284,Aljeel-net,30d,0.126884
2026-08-30T04:00:00Z,328200,Al-Madar-Al-Jadeed,30d,0.160804
2026-08-30T04:00:00Z,328286,Libyana-Mobile-AS,30d,0.230737
2026-08-30T04:00:00Z,328539,Giga-Communication,30d,0.103434
2026-08-30T05:00:00Z,21003,GPTC-AS,30d,0.13526
2026-08-30T05:00:00Z,37284,Aljeel-net,30d,0.113903
2026-08-30T05:00:00Z,328200,Al-Madar-Al-Jadeed,30d,0.151173
2026-08-30T05:00:00Z,328286,Libyana-Mobile-AS,30d,0.215662
2026-08-30T05:00:00Z,328539,Giga-Communication,30d,0.090034
2026-08-30T06:00:00Z,21003,GPTC-AS,30d,0.150335
2026-08-30T06:00:00Z,37284,Aljeel-net,30d,0.107621
2026-08-30T06:00:00Z,328200,Al-Madar-Al-Jadeed,30d,0.169598
2026-08-30T06:00:00Z,328286,Libyana-Mobile-AS,30d,0.243719
2026-08-30T06:00:00Z,328539,Giga-Communication,30d,0.092546
2026-08-30T07:00:00Z,21003,GPTC-AS,30d,0.224874
2026-08-30T07:00:00Z,37284,Aljeel-net,30d,0.119765
2026-08-30T07:00:00Z,328200,Al-Madar-Al-Jadeed,30d,0.215662
2026-08-30T07:00:00Z,328286,Libyana-Mobile-AS,30d,0.302345
2026-08-30T07:00:00Z,328539,Giga-Communication,30d,0.115578
2026-08-30T08:00:00Z,21003,GPTC-AS,30d,0.248325
2026-08-30T08:00:00Z,37284,Aljeel-net,30d,0.156198
2026-08-30T08:00:00Z,328200,Al-Madar-Al-Jadeed,30d,0.264238
2026-08-30T08:00:00Z,328286,Libyana-Mobile-AS,30d,0.348409
2026-08-30T08:00:00Z,328539,Giga-Communication,30d,0.122697
2026-08-30T09:00:00Z,21003,GPTC-AS,30d,0.26675
2026-08-30T09:00:00Z,37284,Aljeel-net,30d,0.167504
2026-08-30T09:00:00Z,328200,Al-Madar-Al-Jadeed,30d,0.281407
2026-08-30T09:00:00Z,328286,Libyana-Mobile-AS,30d,0.345477
2026-08-30T09:00:00Z,328539,Giga-Communication,30d,0.139447
2026-08-30T10:00:00Z,21003,GPTC-AS,30d,0.28057
2026-08-30T10:00:00Z,37284,Aljeel-net,30d,0.188023
2026-08-30T10:00:00Z,328200,Al-Madar-Al-Jadeed,30d,0.321189
2026-08-30T10:00:00Z,328286,Libyana-Mobile-AS,30d,0.391122
2026-08-30T10:00:00Z,328539,Giga-Communication,30d,0.146985
2026-08-30T11:00:00Z,21003,GPTC-AS,30d,0.319514
2026-08-30T11:00:00Z,37284,Aljeel-net,30d,0.207705
2026-08-30T11:00:00Z,328200,Al-Madar-Al-Jadeed,30d,0.344221
2026-08-30T11:00:00Z,328286,Libyana-Mobile-AS,30d,0.432161
2026-08-30T11:00:00Z,328539,Giga-Communication,30d,0.164992
2026-08-30T12:00:00Z,21003,GPTC-AS,30d,0.324539
2026-08-30T12:00:00Z,37284,Aljeel-net,30d,0.227387
2026-08-30T12:00:00Z,328200,Al-Madar-Al-Jadeed,30d,0.36474
2026-08-30T12:00:00Z,328286,Libyana-Mobile-AS,30d,0.478643
2026-08-30T12:00:00Z,328539,Giga-Communication,30d,0.193467
2026-08-30T13:00:00Z,21003,GPTC-AS,30d,0.407035
2026-08-30T13:00:00Z,37284,Aljeel-net,30d,0.260888
2026-08-30T13:00:00Z,328200,Al-Madar-Al-Jadeed,30d,0.461474
2026-08-30T13:00:00Z,328286,Libyana-Mobile-AS,30d,0.573702
2026-08-30T13:00:00Z,328539,Giga-Communication,30d,0.18928
2026-08-30T14:00:00Z,21003,GPTC-AS,30d,0.36139
2026-08-30T14:00:00Z,37284,Aljeel-net,30d,0.240369
2026-08-30T14:00:00Z,328200,Al-Madar-Al-Jadeed,30d,0.446399
2026-08-30T14:00:00Z,328286,Libyana-Mobile-AS,30d,0.619765
2026-08-30T14:00:00Z,328539,Giga-Communication,30d,0.205193
2026-08-30T15:00:00Z,21003,GPTC-AS,30d,0.363484
2026-08-30T15:00:00Z,37284,Aljeel-net,30d,0.246231
2026-08-30T15:00:00Z,328200,Al-Madar-Al-Jadeed,30d,0.475293
2026-08-30T15:00:00Z,328286,Libyana-Mobile-AS,30d,0.611809
2026-08-30T15:00:00Z,328539,Giga-Communication,30d,0.21608
2026-08-30T16:00:00Z,21003,GPTC-AS,30d,0.354271
2026-08-30T16:00:00Z,37284,Aljeel-net,30d,0.238693
2026-08-30T16:00:00Z,328200,Al-Madar-Al-Jadeed,30d,0.4933
2026-08-30T16:00:00Z,328286,Libyana-Mobile-AS,30d,0.624372
2026-08-30T16:00:00Z,328539,Giga-Communication,30d,0.196399
2026-08-30T17:00:00Z,21003,GPTC-AS,30d,0.316583
2026-08-30T17:00:00Z,37284,Aljeel-net,30d,0.237856
2026-08-30T17:00:00Z,328200,Al-Madar-Al-Jadeed,30d,0.417504
2026-08-30T17:00:00Z,328286,Libyana-Mobile-AS,30d,0.481575
2026-08-30T17:00:00Z,328539,Giga-Communication,30d,0.177136
2026-08-30T18:00:00Z,21003,GPTC-AS,30d,0.33459
2026-08-30T18:00:00Z,37284,Aljeel-net,30d,0.218593
2026-08-30T18:00:00Z,328200,Al-Madar-Al-Jadeed,30d,0.392797
2026-08-30T18:00:00Z,328286,Libyana-Mobile-AS,30d,0.506281
2026-08-30T18:00:00Z,328539,Giga-Communication,30d,0.197655
2026-08-30T19:00:00Z,21003,GPTC-AS,30d,0.322027
2026-08-30T19:00:00Z,37284,Aljeel-net,30d,0.225293
2026-08-30T19:00:00Z,328200,Al-Madar-Al-Jadeed,30d,0.401591
2026-08-30T19:00:00Z,328286,Libyana-Mobile-AS,30d,0.500419
2026-08-30T19:00:00Z,328539,Giga-Communication,30d,0.182161
2026-08-30T20:00:00Z,21003,GPTC-AS,30d,0.335008
2026-08-30T20:00:00Z,37284,Aljeel-net,30d,0.213987
2026-08-30T20:00:00Z,328200,Al-Madar-Al-Jadeed,30d,0.424204
2026-08-30T20:00:00Z,328286,Libyana-Mobile-AS,30d,0.531407
2026-08-30T20:00:00Z,328539,Giga-Communication,30d,0.200168
2026-08-30T21:00:00Z,21003,GPTC-AS,30d,0.352596
2026-08-30T21:00:00Z,37284,Aljeel-net,30d,0.223199
2026-08-30T21:00:00Z,328200,Al-Madar-Al-Jadeed,30d,0.430905
2026-08-30T21:00:00Z,328286,Libyana-Mobile-AS,30d,0.534338
2026-08-30T21:00:00Z,328539,Giga-Communication,30d,0.221943
2026-08-30T22:00:00Z,21003,GPTC-AS,30d,0.320352
2026-08-30T22:00:00Z,37284,Aljeel-net,30d,0.211474
2026-08-30T22:00:00Z,328200,Al-Madar-Al-Jadeed,30d,0.448492
2026-08-30T22:00:00Z,328286,Libyana-Mobile-AS,30d,0.580821
2026-08-30T22:00:00Z,328539,Giga-Communication,30d,0.232831
2026-08-30T23:00:00Z,21003,GPTC-AS,30d,0.278057
2026-08-30T23:00:00Z,37284,Aljeel-net,30d,0.173786
2026-08-30T23:00:00Z,328200,Al-Madar-Al-Jadeed,30d,0.420436
2026-08-30T23:00:00Z,328286,Libyana-Mobile-AS,30d,0.460637
2026-08-30T23:00:00Z,328539,Giga-Communication,30d,0.15201
2026-08-31T00:00:00Z,21003,GPTC-AS,30d,0.224037
2026-08-31T00:00:00Z,37284,Aljeel-net,30d,0.136935
2026-08-31T00:00:00Z,328200,Al-Madar-Al-Jadeed,30d,0.346734
2026-08-31T00:00:00Z,328286,Libyana-Mobile-AS,30d,0.459799
2026-08-31T00:00:00Z,328539,Giga-Communication,30d,0.106784
2026-08-31T01:00:00Z,21003,GPTC-AS,30d,0.179229
2026-08-31T01:00:00Z,37284,Aljeel-net,30d,0.11809
2026-08-31T01:00:00Z,328200,Al-Madar-Al-Jadeed,30d,0.254188
2026-08-31T01:00:00Z,328286,Libyana-Mobile-AS,30d,0.36474
2026-08-31T01:00:00Z,328539,Giga-Communication,30d,0.090452
2026-08-31T02:00:00Z,21003,GPTC-AS,30d,0.148241
2026-08-31T02:00:00Z,37284,Aljeel-net,30d,0.109296
2026-08-31T02:00:00Z,328200,Al-Madar-Al-Jadeed,30d,0.198492
2026-08-31T02:00:00Z,328286,Libyana-Mobile-AS,30d,0.295226
2026-08-31T02:00:00Z,328539,Giga-Communication,30d,0.085427
2026-08-31T03:00:00Z,21003,GPTC-AS,30d,0.137353
2026-08-31T03:00:00Z,37284,Aljeel-net,30d,0.087521
2026-08-31T03:00:00Z,328200,Al-Madar-Al-Jadeed,30d,0.165829
2026-08-31T03:00:00Z,328286,Libyana-Mobile-AS,30d,0.255863
2026-08-31T03:00:00Z,328539,Giga-Communication,30d,0.081658
2026-08-31T04:00:00Z,21003,GPTC-AS,30d,0.124372
2026-08-31T04:00:00Z,37284,Aljeel-net,30d,0.088358
2026-08-31T04:00:00Z,328200,Al-Madar-Al-Jadeed,30d,0.136097
2026-08-31T04:00:00Z,328286,Libyana-Mobile-AS,30d,0.235343
2026-08-31T04:00:00Z,328539,Giga-Communication,30d,0.075796
2026-08-31T05:00:00Z,21003,GPTC-AS,30d,0.131491
2026-08-31T05:00:00Z,37284,Aljeel-net,30d,0.092965
2026-08-31T05:00:00Z,328200,Al-Madar-Al-Jadeed,30d,0.136516
2026-08-31T05:00:00Z,328286,Libyana-Mobile-AS,30d,0.199749
2026-08-31T05:00:00Z,328539,Giga-Communication,30d,0.074958
2026-08-31T06:00:00Z,21003,GPTC-AS,30d,0.155779
2026-08-31T06:00:00Z,37284,Aljeel-net,30d,0.090034
2026-08-31T06:00:00Z,328200,Al-Madar-Al-Jadeed,30d,0.147822
2026-08-31T06:00:00Z,328286,Libyana-Mobile-AS,30d,0.195142
2026-08-31T06:00:00Z,328539,Giga-Communication,30d,0.071608
2026-08-31T07:00:00Z,21003,GPTC-AS,30d,0.183836
2026-08-31T07:00:00Z,37284,Aljeel-net,30d,0.115578
2026-08-31T07:00:00Z,328200,Al-Madar-Al-Jadeed,30d,0.193467
2026-08-31T07:00:00Z,328286,Libyana-Mobile-AS,30d,0.28057
2026-08-31T07:00:00Z,328539,Giga-Communication,30d,0.09464
2026-08-31T08:00:00Z,21003,GPTC-AS,30d,0.207705
2026-08-31T08:00:00Z,37284,Aljeel-net,30d,0.138191
2026-08-31T08:00:00Z,328200,Al-Madar-Al-Jadeed,30d,0.219849
2026-08-31T08:00:00Z,328286,Libyana-Mobile-AS,30d,0.296901
2026-08-31T08:00:00Z,328539,Giga-Communication,30d,0.113903
2026-08-31T09:00:00Z,21003,GPTC-AS,30d,0.207286
2026-08-31T09:00:00Z,37284,Aljeel-net,30d,0.159966
2026-08-31T09:00:00Z,328200,Al-Madar-Al-Jadeed,30d,0.236181
2026-08-31T09:00:00Z,328286,Libyana-Mobile-AS,30d,0.329564
2026-08-31T09:00:00Z,328539,Giga-Communication,30d,0.121859
2026-08-31T10:00:00Z,21003,GPTC-AS,30d,0.247487
2026-08-31T10:00:00Z,37284,Aljeel-net,30d,0.161223
2026-08-31T10:00:00Z,328200,Al-Madar-Al-Jadeed,30d,0.2567
2026-08-31T10:00:00Z,328286,Libyana-Mobile-AS,30d,0.337102
2026-08-31T10:00:00Z,328539,Giga-Communication,30d,0.157873
2026-08-31T11:00:00Z,21003,GPTC-AS,30d,0.267588
2026-08-31T11:00:00Z,37284,Aljeel-net,30d,0.170017
2026-08-31T11:00:00Z,328200,Al-Madar-Al-Jadeed,30d,0.277638
2026-08-31T11:00:00Z,328286,Libyana-Mobile-AS,30d,0.376466
2026-08-31T11:00:00Z,328539,Giga-Communication,30d,0.156616
2026-08-31T12:00:00Z,21003,GPTC-AS,30d,0.29062
2026-08-31T12:00:00Z,37284,Aljeel-net,30d,0.195561
2026-08-31T12:00:00Z,328200,Al-Madar-Al-Jadeed,30d,0.356784
2026-08-31T12:00:00Z,328286,Libyana-Mobile-AS,30d,0.44263
2026-08-31T12:00:00Z,328539,Giga-Communication,30d,0.177554
2026-08-31T13:00:00Z,21003,GPTC-AS,30d,0.30402
2026-08-31T13:00:00Z,37284,Aljeel-net,30d,0.19598
2026-08-31T13:00:00Z,328200,Al-Madar-Al-Jadeed,30d,0.35804
2026-08-31T13:00:00Z,328286,Libyana-Mobile-AS,30d,0.429229
2026-08-31T13:00:00Z,328539,Giga-Communication,30d,0.183417
2026-08-31T14:00:00Z,21003,GPTC-AS,30d,0.317002
2026-08-31T14:00:00Z,37284,Aljeel-net,30d,0.193886
2026-08-31T14:00:00Z,328200,Al-Madar-Al-Jadeed,30d,0.331658
2026-08-31T14:00:00Z,328286,Libyana-Mobile-AS,30d,0.474456
2026-08-31T14:00:00Z,328539,Giga-Communication,30d,0.197236
2026-08-31T15:00:00Z,21003,GPTC-AS,30d,0.322027
2026-08-31T15:00:00Z,37284,Aljeel-net,30d,0.173367
2026-08-31T15:00:00Z,328200,Al-Madar-Al-Jadeed,30d,0.335427
2026-08-31T15:00:00Z,328286,Libyana-Mobile-AS,30d,0.429648
2026-08-31T15:00:00Z,328539,Giga-Communication,30d,0.180905
2026-08-31T16:00:00Z,21003,GPTC-AS,30d,0.320352
2026-08-31T16:00:00Z,37284,Aljeel-net,30d,0.193467
2026-08-31T16:00:00Z,328200,Al-Madar-Al-Jadeed,30d,0.353015
2026-08-31T16:00:00Z,328286,Libyana-Mobile-AS,30d,0.425879
2026-08-31T16:00:00Z,328539,Giga-Communication,30d,0.188442
2026-08-31T17:00:00Z,21003,GPTC-AS,30d,0.298576
2026-08-31T17:00:00Z,37284,Aljeel-net,30d,0.177136
2026-08-31T17:00:00Z,328200,Al-Madar-Al-Jadeed,30d,0.350921
2026-08-31T17:00:00Z,328286,Libyana-Mobile-AS,30d,0.46273
2026-08-31T17:00:00Z,328539,Giga-Communication,30d,0.164573
2026-08-31T18:00:00Z,21003,GPTC-AS,30d,0.307789
2026-08-31T18:00:00Z,37284,Aljeel-net,30d,0.218174
2026-08-31T18:00:00Z,328200,Al-Madar-Al-Jadeed,30d,0.371859
2026-08-31T18:00:00Z,328286,Libyana-Mobile-AS,30d,0.474037
2026-08-31T18:00:00Z,328539,Giga-Communication,30d,0.177554
2026-08-31T19:00:00Z,21003,GPTC-AS,30d,0.365159
2026-08-31T19:00:00Z,37284,Aljeel-net,30d,0.245394
2026-08-31T19:00:00Z,328200,Al-Madar-Al-Jadeed,30d,0.538526
2026-08-31T19:00:00Z,328286,Libyana-Mobile-AS,30d,0.689698
2026-08-31T19:00:00Z,328539,Giga-Communication,30d,0.221106
2026-08-31T20:00:00Z,21003,GPTC-AS,30d,0.420854
2026-08-31T20:00:00Z,37284,Aljeel-net,30d,0.247906
2026-08-31T20:00:00Z,328200,Al-Madar-Al-Jadeed,30d,0.583333
2026-08-31T20:00:00Z,328286,Libyana-Mobile-AS,30d,0.775963
2026-08-31T20:00:00Z,328539,Giga-Communication,30d,0.239531
2026-08-31T21:00:00Z,21003,GPTC-AS,30d,0.408291
2026-08-31T21:00:00Z,37284,Aljeel-net,30d,0.240369
2026-08-31T21:00:00Z,328200,Al-Madar-Al-Jadeed,30d,0.498325
2026-08-31T21:00:00Z,328286,Libyana-Mobile-AS,30d,0.715243
2026-08-31T21:00:00Z,328539,Giga-Communication,30d,0.243719
2026-08-31T22:00:00Z,21003,GPTC-AS,30d,0.30402
2026-08-31T22:00:00Z,37284,Aljeel-net,30d,0.245394
2026-08-31T22:00:00Z,328200,Al-Madar-Al-Jadeed,30d,0.405779
2026-08-31T22:00:00Z,328286,Libyana-Mobile-AS,30d,0.56742
2026-08-31T22:00:00Z,328539,Giga-Communication,30d,0.196817
2026-08-31T23:00:00Z,21003,GPTC-AS,30d,0.30737
2026-08-31T23:00:00Z,37284,Aljeel-net,30d,0.224456
2026-08-31T23:00:00Z,328200,Al-Madar-Al-Jadeed,30d,0.392797
2026-08-31T23:00:00Z,328286,Libyana-Mobile-AS,30d,0.551089
2026-08-31T23:00:00Z,328539,Giga-Communication,30d,0.211893
2026-09-01T00:00:00Z,21003,GPTC-AS,30d,0.277219
2026-09-01T00:00:00Z,37284,Aljeel-net,30d,0.203936
2026-09-01T00:00:00Z,328200,Al-Madar-Al-Jadeed,30d,0.36809
2026-09-01T00:00:00Z,328286,Libyana-Mobile-AS,30d,0.523032
2026-09-01T00:00:00Z,328539,Giga-Communication,30d,0.182161
2026-09-01T01:00:00Z,21003,GPTC-AS,30d,0.231156
2026-09-01T01:00:00Z,37284,Aljeel-net,30d,0.159966
2026-09-01T01:00:00Z,328200,Al-Madar-Al-Jadeed,30d,0.298995
2026-09-01T01:00:00Z,328286,Libyana-Mobile-AS,30d,0.447655
2026-09-01T01:00:00Z,328539,Giga-Communication,30d,0.175461
2026-09-01T02:00:00Z,21003,GPTC-AS,30d,0.201005
2026-09-01T02:00:00Z,37284,Aljeel-net,30d,0.144891
2026-09-01T02:00:00Z,328200,Al-Madar-Al-Jadeed,30d,0.239112
2026-09-01T02:00:00Z,328286,Libyana-Mobile-AS,30d,0.323702
2026-09-01T02:00:00Z,328539,Giga-Communication,30d,0.149079
2026-09-01T03:00:00Z,21003,GPTC-AS,30d,0.14866
2026-09-01T03:00:00Z,37284,Aljeel-net,30d,0.13191
2026-09-01T03:00:00Z,328200,Al-Madar-Al-Jadeed,30d,0.137353
2026-09-01T03:00:00Z,328286,Libyana-Mobile-AS,30d,0.255444
2026-09-01T03:00:00Z,328539,Giga-Communication,30d,0.126466
2026-09-01T04:00:00Z,21003,GPTC-AS,30d,0.140704
2026-09-01T04:00:00Z,37284,Aljeel-net,30d,0.099665
2026-09-01T04:00:00Z,328200,Al-Madar-Al-Jadeed,30d,0.159548
2026-09-01T04:00:00Z,328286,Libyana-Mobile-AS,30d,0.239112
2026-09-01T04:00:00Z,328539,Giga-Communication,30d,0.126884
2026-09-01T05:00:00Z,21003,GPTC-AS,30d,0.126466
2026-09-01T05:00:00Z,37284,Aljeel-net,30d,0.100503
2026-09-01T05:00:00Z,328200,Al-Madar-Al-Jadeed,30d,0.144054
2026-09-01T05:00:00Z,328286,Libyana-Mobile-AS,30d,0.254188
2026-09-01T05:00:00Z,328539,Giga-Communication,30d,0.097152
2026-09-01T06:00:00Z,21003,GPTC-AS,30d,0.173367
2026-09-01T06:00:00Z,37284,Aljeel-net,30d,0.113065
2026-09-01T06:00:00Z,328200,Al-Madar-Al-Jadeed,30d,0.180905
2026-09-01T06:00:00Z,328286,Libyana-Mobile-AS,30d,0.25
2026-09-01T06:00:00Z,328539,Giga-Communication,30d,0.092127
2026-09-01T07:00:00Z,21003,GPTC-AS,30d,0.213987
2026-09-01T07:00:00Z,37284,Aljeel-net,30d,0.150754
2026-09-01T07:00:00Z,328200,Al-Madar-Al-Jadeed,30d,0.200586
2026-09-01T07:00:00Z,328286,Libyana-Mobile-AS,30d,0.291457
2026-09-01T07:00:00Z,328539,Giga-Communication,30d,0.123953
2026-09-01T08:00:00Z,21003,GPTC-AS,30d,0.244556
2026-09-01T08:00:00Z,37284,Aljeel-net,30d,0.146566
2026-09-01T08:00:00Z,328200,Al-Madar-Al-Jadeed,30d,0.244137
2026-09-01T08:00:00Z,328286,Libyana-Mobile-AS,30d,0.318677
2026-09-01T08:00:00Z,328539,Giga-Communication,30d,0.13191
2026-09-01T09:00:00Z,21003,GPTC-AS,30d,0.260469
2026-09-01T09:00:00Z,37284,Aljeel-net,30d,0.176298
2026-09-01T09:00:00Z,328200,Al-Madar-Al-Jadeed,30d,0.288526
2026-09-01T09:00:00Z,328286,Libyana-Mobile-AS,30d,0.36474
2026-09-01T09:00:00Z,328539,Giga-Communication,30d,0.140704
2026-09-01T10:00:00Z,21003,GPTC-AS,30d,0.288945
2026-09-01T10:00:00Z,37284,Aljeel-net,30d,0.21273
2026-09-01T10:00:00Z,328200,Al-Madar-Al-Jadeed,30d,0.308208
2026-09-01T10:00:00Z,328286,Libyana-Mobile-AS,30d,0.408291
2026-09-01T10:00:00Z,328539,Giga-Communication,30d,0.15536
2026-09-01T11:00:00Z,21003,GPTC-AS,30d,0.284338
2026-09-01T11:00:00Z,37284,Aljeel-net,30d,0.185511
2026-09-01T11:00:00Z,328200,Al-Madar-Al-Jadeed,30d,0.335427
2026-09-01T11:00:00Z,328286,Libyana-Mobile-AS,30d,0.463987
2026-09-01T11:00:00Z,328539,Giga-Communication,30d,0.178811
2026-09-01T12:00:00Z,21003,GPTC-AS,30d,0.309464
2026-09-01T12:00:00Z,37284,Aljeel-net,30d,0.221524
2026-09-01T12:00:00Z,328200,Al-Madar-Al-Jadeed,30d,0.381491
2026-09-01T12:00:00Z,328286,Libyana-Mobile-AS,30d,0.505863
2026-09-01T12:00:00Z,328539,Giga-Communication,30d,0.205193
2026-09-01T13:00:00Z,21003,GPTC-AS,30d,0.311558
2026-09-01T13:00:00Z,37284,Aljeel-net,30d,0.215243
2026-09-01T13:00:00Z,328200,Al-Madar-Al-Jadeed,30d,0.416248
2026-09-01T13:00:00Z,328286,Libyana-Mobile-AS,30d,0.524707
2026-09-01T13:00:00Z,328539,Giga-Communication,30d,0.228224
2026-09-01T14:00:00Z,21003,GPTC-AS,30d,0.301508
2026-09-01T14:00:00Z,37284,Aljeel-net,30d,0.213987
2026-09-01T14:00:00Z,328200,Al-Madar-Al-Jadeed,30d,0.387353
2026-09-01T14:00:00Z,328286,Libyana-Mobile-AS,30d,0.53727
2026-09-01T14:00:00Z,328539,Giga-Communication,30d,0.197236
2026-09-01T15:00:00Z,21003,GPTC-AS,30d,0.278057
2026-09-01T15:00:00Z,37284,Aljeel-net,30d,0.210218
2026-09-01T15:00:00Z,328200,Al-Madar-Al-Jadeed,30d,0.38861
2026-09-01T15:00:00Z,328286,Libyana-Mobile-AS,30d,0.530151
2026-09-01T15:00:00Z,328539,Giga-Communication,30d,0.182161
2026-09-01T16:00:00Z,21003,GPTC-AS,30d,0.279313
2026-09-01T16:00:00Z,37284,Aljeel-net,30d,0.197236
2026-09-01T16:00:00Z,328200,Al-Madar-Al-Jadeed,30d,0.356365
2026-09-01T16:00:00Z,328286,Libyana-Mobile-AS,30d,0.502094
2026-09-01T16:00:00Z,328539,Giga-Communication,30d,0.193049
2026-09-01T17:00:00Z,21003,GPTC-AS,30d,0.283501
2026-09-01T17:00:00Z,37284,Aljeel-net,30d,0.20268
2026-09-01T17:00:00Z,328200,Al-Madar-Al-Jadeed,30d,0.389447
2026-09-01T17:00:00Z,328286,Libyana-Mobile-AS,30d,0.472781
2026-09-01T17:00:00Z,328539,Giga-Communication,30d,0.186348
2026-09-01T18:00:00Z,21003,GPTC-AS,30d,0.298576
2026-09-01T18:00:00Z,37284,Aljeel-net,30d,0.197655
2026-09-01T18:00:00Z,328200,Al-Madar-Al-Jadeed,30d,0.390285
2026-09-01T18:00:00Z,328286,Libyana-Mobile-AS,30d,0.496231
2026-09-01T18:00:00Z,328539,Giga-Communication,30d,0.190117
2026-09-01T19:00:00Z,21003,GPTC-AS,30d,0.28727
2026-09-01T19:00:00Z,37284,Aljeel-net,30d,0.203099
2026-09-01T19:00:00Z,328200,Al-Madar-Al-Jadeed,30d,0.412479
2026-09-01T19:00:00Z,328286,Libyana-Mobile-AS,30d,0.507956
2026-09-01T19:00:00Z,328539,Giga-Communication,30d,0.200586
2026-09-01T20:00:00Z,21003,GPTC-AS,30d,0.31742
2026-09-01T20:00:00Z,37284,Aljeel-net,30d,0.210637
2026-09-01T20:00:00Z,328200,Al-Madar-Al-Jadeed,30d,0.414573
2026-09-01T20:00:00Z,328286,Libyana-Mobile-AS,30d,0.524288
2026-09-01T20:00:00Z,328539,Giga-Communication,30d,0.219012
2026-09-01T21:00:00Z,21003,GPTC-AS,30d,0.339196
2026-09-01T21:00:00Z,37284,Aljeel-net,30d,0.21608
2026-09-01T21:00:00Z,328200,Al-Madar-Al-Jadeed,30d,0.41876
2026-09-01T21:00:00Z,328286,Libyana-Mobile-AS,30d,0.546482
2026-09-01T21:00:00Z,328539,Giga-Communication,30d,0.213987
2026-09-01T22:00:00Z,21003,GPTC-AS,30d,0.320352
2026-09-01T22:00:00Z,37284,Aljeel-net,30d,0.231993
2026-09-01T22:00:00Z,328200,Al-Madar-Al-Jadeed,30d,0.438861
2026-09-01T22:00:00Z,328286,Libyana-Mobile-AS,30d,0.590034
2026-09-01T22:00:00Z,328539,Giga-Communication,30d,0.239112
2026-09-01T23:00:00Z,21003,GPTC-AS,30d,0.292295
2026-09-01T23:00:00Z,37284,Aljeel-net,30d,0.232831
2026-09-01T23:00:00Z,328200,Al-Madar-Al-Jadeed,30d,0.43593
2026-09-01T23:00:00Z,328286,Libyana-Mobile-AS,30d,0.574958
2026-09-01T23:00:00Z,328539,Giga-Communication,30d,0.224037
2026-09-02T00:00:00Z,21003,GPTC-AS,30d,0.238693
2026-09-02T00:00:00Z,37284,Aljeel-net,30d,0.219849
2026-09-02T00:00:00Z,328200,Al-Madar-Al-Jadeed,30d,0.386097
2026-09-02T00:00:00Z,328286,Libyana-Mobile-AS,30d,0.514238
2026-09-02T00:00:00Z,328539,Giga-Communication,30d,0.207286
2026-09-02T01:00:00Z,21003,GPTC-AS,30d,0.223618
2026-09-02T01:00:00Z,37284,Aljeel-net,30d,0.180486
2026-09-02T01:00:00Z,328200,Al-Madar-Al-Jadeed,30d,0.315327
2026-09-02T01:00:00Z,328286,Libyana-Mobile-AS,30d,0.508794
2026-09-02T01:00:00Z,328539,Giga-Communication,30d,0.19263
2026-09-02T02:00:00Z,21003,GPTC-AS,30d,0.151173
2026-09-02T02:00:00Z,37284,Aljeel-net,30d,0.173786
2026-09-02T02:00:00Z,328200,Al-Madar-Al-Jadeed,30d,0.216918
2026-09-02T02:00:00Z,328286,Libyana-Mobile-AS,30d,0.384841
2026-09-02T02:00:00Z,328539,Giga-Communication,30d,0.136935
2026-09-02T03:00:00Z,21003,GPTC-AS,30d,0.160385
2026-09-02T03:00:00Z,37284,Aljeel-net,30d,0.137353
2026-09-02T03:00:00Z,328200,Al-Madar-Al-Jadeed,30d,0.160385
2026-09-02T03:00:00Z,328286,Libyana-Mobile-AS,30d,0.28727
2026-09-02T03:00:00Z,328539,Giga-Communication,30d,0.129816
2026-09-02T04:00:00Z,21003,GPTC-AS,30d,0.143216
2026-09-02T04:00:00Z,37284,Aljeel-net,30d,0.140285
2026-09-02T04:00:00Z,328200,Al-Madar-Al-Jadeed,30d,0.154104
2026-09-02T04:00:00Z,328286,Libyana-Mobile-AS,30d,0.254606
2026-09-02T04:00:00Z,328539,Giga-Communication,30d,0.103853
2026-09-02T05:00:00Z,21003,GPTC-AS,30d,0.14866
2026-09-02T05:00:00Z,37284,Aljeel-net,30d,0.123116
2026-09-02T05:00:00Z,328200,Al-Madar-Al-Jadeed,30d,0.151591
2026-09-02T05:00:00Z,328286,Libyana-Mobile-AS,30d,0.237856
2026-09-02T05:00:00Z,328539,Giga-Communication,30d,0.102178
2026-09-02T06:00:00Z,21003,GPTC-AS,30d,0.156616
2026-09-02T06:00:00Z,37284,Aljeel-net,30d,0.106365
2026-09-02T06:00:00Z,328200,Al-Madar-Al-Jadeed,30d,0.189698
2026-09-02T06:00:00Z,328286,Libyana-Mobile-AS,30d,0.26005
2026-09-02T06:00:00Z,328539,Giga-Communication,30d,0.105946
2026-09-02T07:00:00Z,21003,GPTC-AS,30d,0.211055
2026-09-02T07:00:00Z,37284,Aljeel-net,30d,0.154104
2026-09-02T07:00:00Z,328200,Al-Madar-Al-Jadeed,30d,0.2366
2026-09-02T07:00:00Z,328286,Libyana-Mobile-AS,30d,0.336265
2026-09-02T07:00:00Z,328539,Giga-Communication,30d,0.119347
2026-09-02T08:00:00Z,21003,GPTC-AS,30d,0.264238
2026-09-02T08:00:00Z,37284,Aljeel-net,30d,0.163317
2026-09-02T08:00:00Z,328200,Al-Madar-Al-Jadeed,30d,0.254188
2026-09-02T08:00:00Z,328286,Libyana-Mobile-AS,30d,0.353434
2026-09-02T08:00:00Z,328539,Giga-Communication,30d,0.123116
2026-09-02T09:00:00Z,21003,GPTC-AS,30d,0.263819
2026-09-02T09:00:00Z,37284,Aljeel-net,30d,0.167504
2026-09-02T09:00:00Z,328200,Al-Madar-Al-Jadeed,30d,0.280988
2026-09-02T09:00:00Z,328286,Libyana-Mobile-AS,30d,0.369765
2026-09-02T09:00:00Z,328539,Giga-Communication,30d,0.132747
2026-09-02T10:00:00Z,21003,GPTC-AS,30d,0.255025
2026-09-02T10:00:00Z,37284,Aljeel-net,30d,0.173367
2026-09-02T10:00:00Z,328200,Al-Madar-Al-Jadeed,30d,0.300251
2026-09-02T10:00:00Z,328286,Libyana-Mobile-AS,30d,0.429648
2026-09-02T10:00:00Z,328539,Giga-Communication,30d,0.157873
2026-09-02T11:00:00Z,21003,GPTC-AS,30d,0.307789
2026-09-02T11:00:00Z,37284,Aljeel-net,30d,0.215243
2026-09-02T11:00:00Z,328200,Al-Madar-Al-Jadeed,30d,0.357621
2026-09-02T11:00:00Z,328286,Libyana-Mobile-AS,30d,0.474874
2026-09-02T11:00:00Z,328539,Giga-Communication,30d,0.165829
2026-09-02T12:00:00Z,21003,GPTC-AS,30d,0.310302
2026-09-02T12:00:00Z,37284,Aljeel-net,30d,0.226968
2026-09-02T12:00:00Z,328200,Al-Madar-Al-Jadeed,30d,0.36809
2026-09-02T12:00:00Z,328286,Libyana-Mobile-AS,30d,0.517169
2026-09-02T12:00:00Z,328539,Giga-Communication,30d,0.180905
2026-09-02T13:00:00Z,21003,GPTC-AS,30d,0.320352
2026-09-02T13:00:00Z,37284,Aljeel-net,30d,0.229481
2026-09-02T13:00:00Z,328200,Al-Madar-Al-Jadeed,30d,0.381072
2026-09-02T13:00:00Z,328286,Libyana-Mobile-AS,30d,0.579983
2026-09-02T13:00:00Z,328539,Giga-Communication,30d,0.204774
2026-09-02T14:00:00Z,21003,GPTC-AS,30d,0.329146
2026-09-02T14:00:00Z,37284,Aljeel-net,30d,0.223618
2026-09-02T14:00:00Z,328200,Al-Madar-Al-Jadeed,30d,0.396147
2026-09-02T14:00:00Z,328286,Libyana-Mobile-AS,30d,0.534338
2026-09-02T14:00:00Z,328539,Giga-Communication,30d,0.202261
2026-09-02T15:00:00Z,21003,GPTC-AS,30d,0.29397
2026-09-02T15:00:00Z,37284,Aljeel-net,30d,0.212312
2026-09-02T15:00:00Z,328200,Al-Madar-Al-Jadeed,30d,0.386097
2026-09-02T15:00:00Z,328286,Libyana-Mobile-AS,30d,0.543551
2026-09-02T15:00:00Z,328539,Giga-Communication,30d,0.195561
2026-09-02T16:00:00Z,21003,GPTC-AS,30d,0.28727
2026-09-02T16:00:00Z,37284,Aljeel-net,30d,0.222781
2026-09-02T16:00:00Z,328200,Al-Madar-Al-Jadeed,30d,0.389028
2026-09-02T16:00:00Z,328286,Libyana-Mobile-AS,30d,0.488693
2026-09-02T16:00:00Z,328539,Giga-Communication,30d,0.199749
2026-09-02T17:00:00Z,21003,GPTC-AS,30d,0.285176
2026-09-02T17:00:00Z,37284,Aljeel-net,30d,0.220268
2026-09-02T17:00:00Z,328200,Al-Madar-Al-Jadeed,30d,0.386516
2026-09-02T17:00:00Z,328286,Libyana-Mobile-AS,30d,0.538526
2026-09-02T17:00:00Z,328539,Giga-Communication,30d,0.207705
2026-09-02T18:00:00Z,21003,GPTC-AS,30d,0.322446
2026-09-02T18:00:00Z,37284,Aljeel-net,30d,0.242044
2026-09-02T18:00:00Z,328200,Al-Madar-Al-Jadeed,30d,0.419598
2026-09-02T18:00:00Z,328286,Libyana-Mobile-AS,30d,0.524707
2026-09-02T18:00:00Z,328539,Giga-Communication,30d,0.213149
2026-09-02T19:00:00Z,21003,GPTC-AS,30d,0.31407
2026-09-02T19:00:00Z,37284,Aljeel-net,30d,0.220687
2026-09-02T19:00:00Z,328200,Al-Madar-Al-Jadeed,30d,0.394472
2026-09-02T19:00:00Z,328286,Libyana-Mobile-AS,30d,0.501675
2026-09-02T19:00:00Z,328539,Giga-Communication,30d,0.215662
2026-09-02T20:00:00Z,21003,GPTC-AS,30d,0.316583
2026-09-02T20:00:00Z,37284,Aljeel-net,30d,0.226549
2026-09-02T20:00:00Z,328200,Al-Madar-Al-Jadeed,30d,0.424623
2026-09-02T20:00:00Z,328286,Libyana-Mobile-AS,30d,0.520938
2026-09-02T20:00:00Z,328539,Giga-Communication,30d,0.218593
2026-09-02T21:00:00Z,21003,GPTC-AS,30d,0.33124
2026-09-02T21:00:00Z,37284,Aljeel-net,30d,0.229481
2026-09-02T21:00:00Z,328200,Al-Madar-Al-Jadeed,30d,0.464405
2026-09-02T21:00:00Z,328286,Libyana-Mobile-AS,30d,0.539782
2026-09-02T21:00:00Z,328539,Giga-Communication,30d,0.234506
2026-09-02T22:00:00Z,21003,GPTC-AS,30d,0.338777
2026-09-02T22:00:00Z,37284,Aljeel-net,30d,0.245812
2026-09-02T22:00:00Z,328200,Al-Madar-Al-Jadeed,30d,0.437186
2026-09-02T22:00:00Z,328286,Libyana-Mobile-AS,30d,0.592965
2026-09-02T22:00:00Z,328539,Giga-Communication,30d,0.2366
2026-09-02T23:00:00Z,21003,GPTC-AS,30d,0.329146
2026-09-02T23:00:00Z,37284,Aljeel-net,30d,0.228224
2026-09-02T23:00:00Z,328200,Al-Madar-Al-Jadeed,30d,0.427136
2026-09-02T23:00:00Z,328286,Libyana-Mobile-AS,30d,0.586683
2026-09-02T23:00:00Z,328539,Giga-Communication,30d,0.235762
2026-09-03T00:00:00Z,21003,GPTC-AS,30d,0.294389
2026-09-03T00:00:00Z,37284,Aljeel-net,30d,0.231156
2026-09-03T00:00:00Z,328200,Al-Madar-Al-Jadeed,30d,0.386097
2026-09-03T00:00:00Z,328286,Libyana-Mobile-AS,30d,0.55737
2026-09-03T00:00:00Z,328539,Giga-Communication,30d,0.231575
2026-09-03T01:00:00Z,21003,GPTC-AS,30d,0.271357
2026-09-03T01:00:00Z,37284,Aljeel-net,30d,0.210218
2026-09-03T01:00:00Z,328200,Al-Madar-Al-Jadeed,30d,0.299832
2026-09-03T01:00:00Z,328286,Libyana-Mobile-AS,30d,0.487856
2026-09-03T01:00:00Z,328539,Giga-Communication,30d,0.223618
2026-09-03T02:00:00Z,21003,GPTC-AS,30d,0.195561
2026-09-03T02:00:00Z,37284,Aljeel-net,30d,0.177973
2026-09-03T02:00:00Z,328200,Al-Madar-Al-Jadeed,30d,0.255444
2026-09-03T02:00:00Z,328286,Libyana-Mobile-AS,30d,0.421273
2026-09-03T02:00:00Z,328539,Giga-Communication,30d,0.161642
2026-09-03T03:00:00Z,21003,GPTC-AS,30d,0.177973
2026-09-03T03:00:00Z,37284,Aljeel-net,30d,0.134422
2026-09-03T03:00:00Z,328200,Al-Madar-Al-Jadeed,30d,0.187186
2026-09-03T03:00:00Z,328286,Libyana-Mobile-AS,30d,0.281407
2026-09-03T03:00:00Z,328539,Giga-Communication,30d,0.142797
2026-09-03T04:00:00Z,21003,GPTC-AS,30d,0.184673
2026-09-03T04:00:00Z,37284,Aljeel-net,30d,0.139866
2026-09-03T04:00:00Z,328200,Al-Madar-Al-Jadeed,30d,0.164573
2026-09-03T04:00:00Z,328286,Libyana-Mobile-AS,30d,0.2634
2026-09-03T04:00:00Z,328539,Giga-Communication,30d,0.127722
2026-09-03T05:00:00Z,21003,GPTC-AS,30d,0.157873
2026-09-03T05:00:00Z,37284,Aljeel-net,30d,0.126884
2026-09-03T05:00:00Z,328200,Al-Madar-Al-Jadeed,30d,0.159129
2026-09-03T05:00:00Z,328286,Libyana-Mobile-AS,30d,0.224456
2026-09-03T05:00:00Z,328539,Giga-Communication,30d,0.115997
2026-09-03T06:00:00Z,21003,GPTC-AS,30d,0.164992
2026-09-03T06:00:00Z,37284,Aljeel-net,30d,0.113065
2026-09-03T06:00:00Z,328200,Al-Madar-Al-Jadeed,30d,0.172111
2026-09-03T06:00:00Z,328286,Libyana-Mobile-AS,30d,0.262144
2026-09-03T06:00:00Z,328539,Giga-Communication,30d,0.114322
2026-09-03T07:00:00Z,21003,GPTC-AS,30d,0.19933
2026-09-03T07:00:00Z,37284,Aljeel-net,30d,0.138191
2026-09-03T07:00:00Z,328200,Al-Madar-Al-Jadeed,30d,0.203518
2026-09-03T07:00:00Z,328286,Libyana-Mobile-AS,30d,0.307789
2026-09-03T07:00:00Z,328539,Giga-Communication,30d,0.133585
2026-09-03T08:00:00Z,21003,GPTC-AS,30d,0.247487
2026-09-03T08:00:00Z,37284,Aljeel-net,30d,0.156198
2026-09-03T08:00:00Z,328200,Al-Madar-Al-Jadeed,30d,0.2567
2026-09-03T08:00:00Z,328286,Libyana-Mobile-AS,30d,0.333333
2026-09-03T08:00:00Z,328539,Giga-Communication,30d,0.132328
2026-09-03T09:00:00Z,21003,GPTC-AS,30d,0.245394
2026-09-03T09:00:00Z,37284,Aljeel-net,30d,0.160804
2026-09-03T09:00:00Z,328200,Al-Madar-Al-Jadeed,30d,0.284757
2026-09-03T09:00:00Z,328286,Libyana-Mobile-AS,30d,0.35469
2026-09-03T09:00:00Z,328539,Giga-Communication,30d,0.133166
2026-09-03T10:00:00Z,21003,GPTC-AS,30d,0.278894
2026-09-03T10:00:00Z,37284,Aljeel-net,30d,0.175879
2026-09-03T10:00:00Z,328200,Al-Madar-Al-Jadeed,30d,0.31742
2026-09-03T10:00:00Z,328286,Libyana-Mobile-AS,30d,0.427973
2026-09-03T10:00:00Z,328539,Giga-Communication,30d,0.165829
2026-09-03T11:00:00Z,21003,GPTC-AS,30d,0.296064
2026-09-03T11:00:00Z,37284,Aljeel-net,30d,0.19598
2026-09-03T11:00:00Z,328200,Al-Madar-Al-Jadeed,30d,0.340452
2026-09-03T11:00:00Z,328286,Libyana-Mobile-AS,30d,0.473618
2026-09-03T11:00:00Z,328539,Giga-Communication,30d,0.173786
2026-09-03T12:00:00Z,21003,GPTC-AS,30d,0.332077
2026-09-03T12:00:00Z,37284,Aljeel-net,30d,0.212312
2026-09-03T12:00:00Z,328200,Al-Madar-Al-Jadeed,30d,0.36474
2026-09-03T12:00:00Z,328286,Libyana-Mobile-AS,30d,0.486181
2026-09-03T12:00:00Z,328539,Giga-Communication,30d,0.171273
2026-09-03T13:00:00Z,21003,GPTC-AS,30d,0.325377
2026-09-03T13:00:00Z,37284,Aljeel-net,30d,0.226131
2026-09-03T13:00:00Z,328200,Al-Madar-Al-Jadeed,30d,0.43593
2026-09-03T13:00:00Z,328286,Libyana-Mobile-AS,30d,0.555695
2026-09-03T13:00:00Z,328539,Giga-Communication,30d,0.200168
2026-09-03T14:00:00Z,21003,GPTC-AS,30d,0.312395
2026-09-03T14:00:00Z,37284,Aljeel-net,30d,0.239112
2026-09-03T14:00:00Z,328200,Al-Madar-Al-Jadeed,30d,0.440117
2026-09-03T14:00:00Z,328286,Libyana-Mobile-AS,30d,0.523869
2026-09-03T14:00:00Z,328539,Giga-Communication,30d,0.213987
2026-09-03T15:00:00Z,21003,GPTC-AS,30d,0.332077
2026-09-03T15:00:00Z,37284,Aljeel-net,30d,0.218174
2026-09-03T15:00:00Z,328200,Al-Madar-Al-Jadeed,30d,0.395729
2026-09-03T15:00:00Z,328286,Libyana-Mobile-AS,30d,0.494975
2026-09-03T15:00:00Z,328539,Giga-Communication,30d,0.207705
2026-09-03T16:00:00Z,21003,GPTC-AS,30d,0.309464
2026-09-03T16:00:00Z,37284,Aljeel-net,30d,0.20603
2026-09-03T16:00:00Z,328200,Al-Madar-Al-Jadeed,30d,0.358459
2026-09-03T16:00:00Z,328286,Libyana-Mobile-AS,30d,0.520519
2026-09-03T16:00:00Z,328539,Giga-Communication,30d,0.201005
2026-09-03T17:00:00Z,21003,GPTC-AS,30d,0.309464
2026-09-03T17:00:00Z,37284,Aljeel-net,30d,0.19598
2026-09-03T17:00:00Z,328200,Al-Madar-Al-Jadeed,30d,0.347571
2026-09-03T17:00:00Z,328286,Libyana-Mobile-AS,30d,0.474874
2026-09-03T17:00:00Z,328539,Giga-Communication,30d,0.224037
2026-09-03T18:00:00Z,21003,GPTC-AS,30d,0.316164
2026-09-03T18:00:00Z,37284,Aljeel-net,30d,0.209799
2026-09-03T18:00:00Z,328200,Al-Madar-Al-Jadeed,30d,0.419598
2026-09-03T18:00:00Z,328286,Libyana-Mobile-AS,30d,0.471524
2026-09-03T18:00:00Z,328539,Giga-Communication,30d,0.208124
2026-09-03T19:00:00Z,21003,GPTC-AS,30d,0.34464
2026-09-03T19:00:00Z,37284,Aljeel-net,30d,0.220687
2026-09-03T19:00:00Z,328200,Al-Madar-Al-Jadeed,30d,0.404104
2026-09-03T19:00:00Z,328286,Libyana-Mobile-AS,30d,0.476968
2026-09-03T19:00:00Z,328539,Giga-Communication,30d,0.221943
2026-09-03T20:00:00Z,21003,GPTC-AS,30d,0.379816
2026-09-03T20:00:00Z,37284,Aljeel-net,30d,0.259631
2026-09-03T20:00:00Z,328200,Al-Madar-Al-Jadeed,30d,0.432161
2026-09-03T20:00:00Z,328286,Libyana-Mobile-AS,30d,0.524707
2026-09-03T20:00:00Z,328539,Giga-Communication,30d,0.254188
2026-09-03T21:00:00Z,21003,GPTC-AS,30d,0.349665
2026-09-03T21:00:00Z,37284,Aljeel-net,30d,0.241206
2026-09-03T21:00:00Z,328200,Al-Madar-Al-Jadeed,30d,0.450168
2026-09-03T21:00:00Z,328286,Libyana-Mobile-AS,30d,0.514238
2026-09-03T21:00:00Z,328539,Giga-Communication,30d,0.226131
2026-09-03T22:00:00Z,21003,GPTC-AS,30d,0.357203
2026-09-03T22:00:00Z,37284,Aljeel-net,30d,0.242044
2026-09-03T22:00:00Z,328200,Al-Madar-Al-Jadeed,30d,0.457286
2026-09-03T22:00:00Z,328286,Libyana-Mobile-AS,30d,0.577052
2026-09-03T22:00:00Z,328539,Giga-Communication,30d,0.232831
2026-09-03T23:00:00Z,21003,GPTC-AS,30d,0.325796
2026-09-03T23:00:00Z,37284,Aljeel-net,30d,0.223618
2026-09-03T23:00:00Z,328200,Al-Madar-Al-Jadeed,30d,0.462312
2026-09-03T23:00:00Z,328286,Libyana-Mobile-AS,30d,0.606365
2026-09-03T23:00:00Z,328539,Giga-Communication,30d,0.236181
2026-09-04T00:00:00Z,21003,GPTC-AS,30d,0.304439
2026-09-04T00:00:00Z,37284,Aljeel-net,30d,0.258375
2026-09-04T00:00:00Z,328200,Al-Madar-Al-Jadeed,30d,0.409129
2026-09-04T00:00:00Z,328286,Libyana-Mobile-AS,30d,0.549832
2026-09-04T00:00:00Z,328539,Giga-Communication,30d,0.215662
2026-09-04T01:00:00Z,21003,GPTC-AS,30d,0.260469
2026-09-04T01:00:00Z,37284,Aljeel-net,30d,0.219012
2026-09-04T01:00:00Z,328200,Al-Madar-Al-Jadeed,30d,0.349665
2026-09-04T01:00:00Z,328286,Libyana-Mobile-AS,30d,0.51675
2026-09-04T01:00:00Z,328539,Giga-Communication,30d,0.205193
2026-09-04T02:00:00Z,21003,GPTC-AS,30d,0.201005
2026-09-04T02:00:00Z,37284,Aljeel-net,30d,0.15871
2026-09-04T02:00:00Z,328200,Al-Madar-Al-Jadeed,30d,0.267588
2026-09-04T02:00:00Z,328286,Libyana-Mobile-AS,30d,0.419179
2026-09-04T02:00:00Z,328539,Giga-Communication,30d,0.162479
2026-09-04T03:00:00Z,21003,GPTC-AS,30d,0.174623
2026-09-04T03:00:00Z,37284,Aljeel-net,30d,0.144472
2026-09-04T03:00:00Z,328200,Al-Madar-Al-Jadeed,30d,0.193467
2026-09-04T03:00:00Z,328286,Libyana-Mobile-AS,30d,0.335846
2026-09-04T03:00:00Z,328539,Giga-Communication,30d,0.142797
2026-09-04T04:00:00Z,21003,GPTC-AS,30d,0.141122
2026-09-04T04:00:00Z,37284,Aljeel-net,30d,0.14866
2026-09-04T04:00:00Z,328200,Al-Madar-Al-Jadeed,30d,0.175879
2026-09-04T04:00:00Z,328286,Libyana-Mobile-AS,30d,0.28727
2026-09-04T04:00:00Z,328539,Giga-Communication,30d,0.121441
2026-09-04T05:00:00Z,21003,GPTC-AS,30d,0.15201
2026-09-04T05:00:00Z,37284,Aljeel-net,30d,0.120603
2026-09-04T05:00:00Z,328200,Al-Madar-Al-Jadeed,30d,0.154104
2026-09-04T05:00:00Z,328286,Libyana-Mobile-AS,30d,0.221106
2026-09-04T05:00:00Z,328539,Giga-Communication,30d,0.10134
2026-09-04T06:00:00Z,21003,GPTC-AS,30d,0.141541
2026-09-04T06:00:00Z,37284,Aljeel-net,30d,0.100921
2026-09-04T06:00:00Z,328200,Al-Madar-Al-Jadeed,30d,0.158291
2026-09-04T06:00:00Z,328286,Libyana-Mobile-AS,30d,0.238275
2026-09-04T06:00:00Z,328539,Giga-Communication,30d,0.088358
2026-09-04T07:00:00Z,21003,GPTC-AS,30d,0.164154
2026-09-04T07:00:00Z,37284,Aljeel-net,30d,0.10469
2026-09-04T07:00:00Z,328200,Al-Madar-Al-Jadeed,30d,0.180067
2026-09-04T07:00:00Z,328286,Libyana-Mobile-AS,30d,0.265913
2026-09-04T07:00:00Z,328539,Giga-Communication,30d,0.092546
2026-09-04T08:00:00Z,21003,GPTC-AS,30d,0.179229
2026-09-04T08:00:00Z,37284,Aljeel-net,30d,0.127303
2026-09-04T08:00:00Z,328200,Al-Madar-Al-Jadeed,30d,0.205611
2026-09-04T08:00:00Z,328286,Libyana-Mobile-AS,30d,0.29062
2026-09-04T08:00:00Z,328539,Giga-Communication,30d,0.096315
2026-09-04T09:00:00Z,21003,GPTC-AS,30d,0.178392
2026-09-04T09:00:00Z,37284,Aljeel-net,30d,0.132328
2026-09-04T09:00:00Z,328200,Al-Madar-Al-Jadeed,30d,0.252513
2026-09-04T09:00:00Z,328286,Libyana-Mobile-AS,30d,0.324539
2026-09-04T09:00:00Z,328539,Giga-Communication,30d,0.15201
2026-09-04T10:00:00Z,21003,GPTC-AS,30d,0.209799
2026-09-04T10:00:00Z,37284,Aljeel-net,30d,0.145729
2026-09-04T10:00:00Z,328200,Al-Madar-Al-Jadeed,30d,0.264238
2026-09-04T10:00:00Z,328286,Libyana-Mobile-AS,30d,0.34799
2026-09-04T10:00:00Z,328539,Giga-Communication,30d,0.128978
2026-09-04T11:00:00Z,21003,GPTC-AS,30d,0.21273
2026-09-04T11:00:00Z,37284,Aljeel-net,30d,0.154523
2026-09-04T11:00:00Z,328200,Al-Madar-Al-Jadeed,30d,0.271776
2026-09-04T11:00:00Z,328286,Libyana-Mobile-AS,30d,0.353015
2026-09-04T11:00:00Z,328539,Giga-Communication,30d,0.121859
2026-09-04T12:00:00Z,21003,GPTC-AS,30d,0.30067
2026-09-04T12:00:00Z,37284,Aljeel-net,30d,0.201843
2026-09-04T12:00:00Z,328200,Al-Madar-Al-Jadeed,30d,0.345059
2026-09-04T12:00:00Z,328286,Libyana-Mobile-AS,30d,0.453936
2026-09-04T12:00:00Z,328539,Giga-Communication,30d,0.175461
2026-09-04T13:00:00Z,21003,GPTC-AS,30d,0.31072
2026-09-04T13:00:00Z,37284,Aljeel-net,30d,0.199749
2026-09-04T13:00:00Z,328200,Al-Madar-Al-Jadeed,30d,0.382747
2026-09-04T13:00:00Z,328286,Libyana-Mobile-AS,30d,0.507956
2026-09-04T13:00:00Z,328539,Giga-Communication,30d,0.201005
2026-09-04T14:00:00Z,21003,GPTC-AS,30d,0.318258
2026-09-04T14:00:00Z,37284,Aljeel-net,30d,0.195561
2026-09-04T14:00:00Z,328200,Al-Madar-Al-Jadeed,30d,0.371022
2026-09-04T14:00:00Z,328286,Libyana-Mobile-AS,30d,0.521357
2026-09-04T14:00:00Z,328539,Giga-Communication,30d,0.217337
2026-09-04T15:00:00Z,21003,GPTC-AS,30d,0.29732
2026-09-04T15:00:00Z,37284,Aljeel-net,30d,0.195142
2026-09-04T15:00:00Z,328200,Al-Madar-Al-Jadeed,30d,0.376047
2026-09-04T15:00:00Z,328286,Libyana-Mobile-AS,30d,0.495394
2026-09-04T15:00:00Z,328539,Giga-Communication,30d,0.186767
2026-09-04T16:00:00Z,21003,GPTC-AS,30d,0.306951
2026-09-04T16:00:00Z,37284,Aljeel-net,30d,0.184255
2026-09-04T16:00:00Z,328200,Al-Madar-Al-Jadeed,30d,0.380235
2026-09-04T16:00:00Z,328286,Libyana-Mobile-AS,30d,0.521357
2026-09-04T16:00:00Z,328539,Giga-Communication,30d,0.188023
2026-09-04T17:00:00Z,21003,GPTC-AS,30d,0.321189
2026-09-04T17:00:00Z,37284,Aljeel-net,30d,0.186348
2026-09-04T17:00:00Z,328200,Al-Madar-Al-Jadeed,30d,0.399497
2026-09-04T17:00:00Z,328286,Libyana-Mobile-AS,30d,0.519263
2026-09-04T17:00:00Z,328539,Giga-Communication,30d,0.204355
2026-09-04T18:00:00Z,21003,GPTC-AS,30d,0.353434
2026-09-04T18:00:00Z,37284,Aljeel-net,30d,0.222781
2026-09-04T18:00:00Z,328200,Al-Madar-Al-Jadeed,30d,0.454355
2026-09-04T18:00:00Z,328286,Libyana-Mobile-AS,30d,0.55737
2026-09-04T18:00:00Z,328539,Giga-Communication,30d,0.220687
2026-09-04T19:00:00Z,21003,GPTC-AS,30d,0.474456
2026-09-04T19:00:00Z,37284,Aljeel-net,30d,0.265913
2026-09-04T19:00:00Z,328200,Al-Madar-Al-Jadeed,30d,0.758794
2026-09-04T19:00:00Z,328286,Libyana-Mobile-AS,30d,0.919179
2026-09-04T19:00:00Z,328539,Giga-Communication,30d,0.25335
2026-09-04T20:00:00Z,21003,GPTC-AS,30d,0.423367
2026-09-04T20:00:00Z,37284,Aljeel-net,30d,0.250838
2026-09-04T20:00:00Z,328200,Al-Madar-Al-Jadeed,30d,0.634003
2026-09-04T20:00:00Z,328286,Libyana-Mobile-AS,30d,0.780988
2026-09-04T20:00:00Z,328539,Giga-Communication,30d,0.251256
2026-09-04T21:00:00Z,21003,GPTC-AS,30d,0.344221
2026-09-04T21:00:00Z,37284,Aljeel-net,30d,0.234925
2026-09-04T21:00:00Z,328200,Al-Madar-Al-Jadeed,30d,0.502931
2026-09-04T21:00:00Z,328286,Libyana-Mobile-AS,30d,0.613903
2026-09-04T21:00:00Z,328539,Giga-Communication,30d,0.246231
2026-09-04T22:00:00Z,21003,GPTC-AS,30d,0.362647
2026-09-04T22:00:00Z,37284,Aljeel-net,30d,0.242044
2026-09-04T22:00:00Z,328200,Al-Madar-Al-Jadeed,30d,0.45268
2026-09-04T22:00:00Z,328286,Libyana-Mobile-AS,30d,0.603853
2026-09-04T22:00:00Z,328539,Giga-Communication,30d,0.2634
2026-09-04T23:00:00Z,21003,GPTC-AS,30d,0.306114
2026-09-04T23:00:00Z,37284,Aljeel-net,30d,0.242462
2026-09-04T23:00:00Z,328200,Al-Madar-Al-Jadeed,30d,0.460637
2026-09-04T23:00:00Z,328286,Libyana-Mobile-AS,30d,0.607621
2026-09-04T23:00:00Z,328539,Giga-Communication,30d,0.239531
2026-09-05T00:00:00Z,21003,GPTC-AS,30d,0.29732
2026-09-05T00:00:00Z,37284,Aljeel-net,30d,0.219849
2026-09-05T00:00:00Z,328200,Al-Madar-Al-Jadeed,30d,0.418342
2026-09-05T00:00:00Z,328286,Libyana-Mobile-AS,30d,0.589196
2026-09-05T00:00:00Z,328539,Giga-Communication,30d,0.21608
2026-09-05T01:00:00Z,21003,GPTC-AS,30d,0.271357
2026-09-05T01:00:00Z,37284,Aljeel-net,30d,0.214824
2026-09-05T01:00:00Z,328200,Al-Madar-Al-Jadeed,30d,0.330821
2026-09-05T01:00:00Z,328286,Libyana-Mobile-AS,30d,0.499581
2026-09-05T01:00:00Z,328539,Giga-Communication,30d,0.207705
2026-09-05T02:00:00Z,21003,GPTC-AS,30d,0.193886
2026-09-05T02:00:00Z,37284,Aljeel-net,30d,0.170017
2026-09-05T02:00:00Z,328200,Al-Madar-Al-Jadeed,30d,0.240787
2026-09-05T02:00:00Z,328286,Libyana-Mobile-AS,30d,0.394891
2026-09-05T02:00:00Z,328539,Giga-Communication,30d,0.16876
2026-09-05T03:00:00Z,21003,GPTC-AS,30d,0.179648
2026-09-05T03:00:00Z,37284,Aljeel-net,30d,0.14196
2026-09-05T03:00:00Z,328200,Al-Madar-Al-Jadeed,30d,0.181323
2026-09-05T03:00:00Z,328286,Libyana-Mobile-AS,30d,0.278476
2026-09-05T03:00:00Z,328539,Giga-Communication,30d,0.140285
2026-09-05T04:00:00Z,21003,GPTC-AS,30d,0.165829
2026-09-05T04:00:00Z,37284,Aljeel-net,30d,0.127303
2026-09-05T04:00:00Z,328200,Al-Madar-Al-Jadeed,30d,0.163735
2026-09-05T04:00:00Z,328286,Libyana-Mobile-AS,30d,0.244556
2026-09-05T04:00:00Z,328539,Giga-Communication,30d,0.119347
2026-09-05T05:00:00Z,21003,GPTC-AS,30d,0.151173
2026-09-05T05:00:00Z,37284,Aljeel-net,30d,0.122697
2026-09-05T05:00:00Z,328200,Al-Madar-Al-Jadeed,30d,0.149497
2026-09-05T05:00:00Z,328286,Libyana-Mobile-AS,30d,0.244137
2026-09-05T05:00:00Z,328539,Giga-Communication,30d,0.115997
2026-09-05T06:00:00Z,21003,GPTC-AS,30d,0.160385
2026-09-05T06:00:00Z,37284,Aljeel-net,30d,0.09464
2026-09-05T06:00:00Z,328200,Al-Madar-Al-Jadeed,30d,0.172111
2026-09-05T06:00:00Z,328286,Libyana-Mobile-AS,30d,0.241625
2026-09-05T06:00:00Z,328539,Giga-Communication,30d,0.10469
2026-09-05T07:00:00Z,21003,GPTC-AS,30d,0.198492
2026-09-05T07:00:00Z,37284,Aljeel-net,30d,0.117672
2026-09-05T07:00:00Z,328200,Al-Madar-Al-Jadeed,30d,0.193886
2026-09-05T07:00:00Z,328286,Libyana-Mobile-AS,30d,0.284338
2026-09-05T07:00:00Z,328539,Giga-Communication,30d,0.10469
2026-09-05T08:00:00Z,21003,GPTC-AS,30d,0.19933
2026-09-05T08:00:00Z,37284,Aljeel-net,30d,0.146985
2026-09-05T08:00:00Z,328200,Al-Madar-Al-Jadeed,30d,0.227387
2026-09-05T08:00:00Z,328286,Libyana-Mobile-AS,30d,0.304439
2026-09-05T08:00:00Z,328539,Giga-Communication,30d,0.125209
2026-09-05T09:00:00Z,21003,GPTC-AS,30d,0.231993
2026-09-05T09:00:00Z,37284,Aljeel-net,30d,0.159129
2026-09-05T09:00:00Z,328200,Al-Madar-Al-Jadeed,30d,0.283501
2026-09-05T09:00:00Z,328286,Libyana-Mobile-AS,30d,0.348409
2026-09-05T09:00:00Z,328539,Giga-Communication,30d,0.140285
2026-09-05T10:00:00Z,21003,GPTC-AS,30d,0.242462
2026-09-05T10:00:00Z,37284,Aljeel-net,30d,0.198074
2026-09-05T10:00:00Z,328200,Al-Madar-Al-Jadeed,30d,0.328308
2026-09-05T10:00:00Z,328286,Libyana-Mobile-AS,30d,0.397404
2026-09-05T10:00:00Z,328539,Giga-Communication,30d,0.16541
2026-09-05T11:00:00Z,21003,GPTC-AS,30d,0.286851
2026-09-05T11:00:00Z,37284,Aljeel-net,30d,0.179648
2026-09-05T11:00:00Z,328200,Al-Madar-Al-Jadeed,30d,0.349246
2026-09-05T11:00:00Z,328286,Libyana-Mobile-AS,30d,0.45603
2026-09-05T11:00:00Z,328539,Giga-Communication,30d,0.177554
2026-09-05T12:00:00Z,21003,GPTC-AS,30d,0.315327
2026-09-05T12:00:00Z,37284,Aljeel-net,30d,0.208961
2026-09-05T12:00:00Z,328200,Al-Madar-Al-Jadeed,30d,0.407454
2026-09-05T12:00:00Z,328286,Libyana-Mobile-AS,30d,0.460637
2026-09-05T12:00:00Z,328539,Giga-Communication,30d,0.188442
2026-09-05T13:00:00Z,21003,GPTC-AS,30d,0.332077
2026-09-05T13:00:00Z,37284,Aljeel-net,30d,0.230737
2026-09-05T13:00:00Z,328200,Al-Madar-Al-Jadeed,30d,0.433836
2026-09-05T13:00:00Z,328286,Libyana-Mobile-AS,30d,0.589196
2026-09-05T13:00:00Z,328539,Giga-Communication,30d,0.19263
2026-09-05T14:00:00Z,21003,GPTC-AS,30d,0.346734
2026-09-05T14:00:00Z,37284,Aljeel-net,30d,0.207705
2026-09-05T14:00:00Z,328200,Al-Madar-Al-Jadeed,30d,0.463568
2026-09-05T14:00:00Z,328286,Libyana-Mobile-AS,30d,0.653685
2026-09-05T14:00:00Z,328539,Giga-Communication,30d,0.235343
2026-09-05T15:00:00Z,21003,GPTC-AS,30d,0.325796
2026-09-05T15:00:00Z,37284,Aljeel-net,30d,0.194305
2026-09-05T15:00:00Z,328200,Al-Madar-Al-Jadeed,30d,0.44263
2026-09-05T15:00:00Z,328286,Libyana-Mobile-AS,30d,0.634003
2026-09-05T15:00:00Z,328539,Giga-Communication,30d,0.205611
2026-09-05T16:00:00Z,21003,GPTC-AS,30d,0.327889
2026-09-05T16:00:00Z,37284,Aljeel-net,30d,0.197655
2026-09-05T16:00:00Z,328200,Al-Madar-Al-Jadeed,30d,0.408291
2026-09-05T16:00:00Z,328286,Libyana-Mobile-AS,30d,0.562395
2026-09-05T16:00:00Z,328539,Giga-Communication,30d,0.193886
2026-09-05T17:00:00Z,21003,GPTC-AS,30d,0.316164
2026-09-05T17:00:00Z,37284,Aljeel-net,30d,0.20603
2026-09-05T17:00:00Z,328200,Al-Madar-Al-Jadeed,30d,0.417085
2026-09-05T17:00:00Z,328286,Libyana-Mobile-AS,30d,0.521357
2026-09-05T17:00:00Z,328539,Giga-Communication,30d,0.19933
2026-09-05T18:00:00Z,21003,GPTC-AS,30d,0.334171
2026-09-05T18:00:00Z,37284,Aljeel-net,30d,0.216499
2026-09-05T18:00:00Z,328200,Al-Madar-Al-Jadeed,30d,0.446399
2026-09-05T18:00:00Z,328286,Libyana-Mobile-AS,30d,0.542714
2026-09-05T18:00:00Z,328539,Giga-Communication,30d,0.223199
2026-09-05T19:00:00Z,21003,GPTC-AS,30d,0.335846
2026-09-05T19:00:00Z,37284,Aljeel-net,30d,0.226131
2026-09-05T19:00:00Z,328200,Al-Madar-Al-Jadeed,30d,0.421273
2026-09-05T19:00:00Z,328286,Libyana-Mobile-AS,30d,0.55402
2026-09-05T19:00:00Z,328539,Giga-Communication,30d,0.217337
2026-09-05T20:00:00Z,21003,GPTC-AS,30d,0.33124
2026-09-05T20:00:00Z,37284,Aljeel-net,30d,0.225712
2026-09-05T20:00:00Z,328200,Al-Madar-Al-Jadeed,30d,0.437605
2026-09-05T20:00:00Z,328286,Libyana-Mobile-AS,30d,0.546901
2026-09-05T20:00:00Z,328539,Giga-Communication,30d,0.232412
2026-09-05T21:00:00Z,21003,GPTC-AS,30d,0.362228
2026-09-05T21:00:00Z,37284,Aljeel-net,30d,0.244975
2026-09-05T21:00:00Z,328200,Al-Madar-Al-Jadeed,30d,0.476549
2026-09-05T21:00:00Z,328286,Libyana-Mobile-AS,30d,0.576214
2026-09-05T21:00:00Z,328539,Giga-Communication,30d,0.251256
2026-09-05T22:00:00Z,21003,GPTC-AS,30d,0.358459
2026-09-05T22:00:00Z,37284,Aljeel-net,30d,0.244556
2026-09-05T22:00:00Z,328200,Al-Madar-Al-Jadeed,30d,0.431323
2026-09-05T22:00:00Z,328286,Libyana-Mobile-AS,30d,0.549414
2026-09-05T22:00:00Z,328539,Giga-Communication,30d,0.242881
2026-09-05T23:00:00Z,21003,GPTC-AS,30d,0.318258
2026-09-05T23:00:00Z,37284,Aljeel-net,30d,0.240787
2026-09-05T23:00:00Z,328200,Al-Madar-Al-Jadeed,30d,0.422948
2026-09-05T23:00:00Z,328286,Libyana-Mobile-AS,30d,0.587521
2026-09-05T23:00:00Z,328539,Giga-Communication,30d,0.250838
2026-09-06T00:00:00Z,21003,GPTC-AS,30d,0.286851
2026-09-06T00:00:00Z,37284,Aljeel-net,30d,0.229899
2026-09-06T00:00:00Z,328200,Al-Madar-Al-Jadeed,30d,0.420854
2026-09-06T00:00:00Z,328286,Libyana-Mobile-AS,30d,0.529732
2026-09-06T00:00:00Z,328539,Giga-Communication,30d,0.221524
2026-09-06T01:00:00Z,21003,GPTC-AS,30d,0.256281
2026-09-06T01:00:00Z,37284,Aljeel-net,30d,0.197655
2026-09-06T01:00:00Z,328200,Al-Madar-Al-Jadeed,30d,0.307789
2026-09-06T01:00:00Z,328286,Libyana-Mobile-AS,30d,0.483668
2026-09-06T01:00:00Z,328539,Giga-Communication,30d,0.205193
2026-09-06T02:00:00Z,21003,GPTC-AS,30d,0.175879
2026-09-06T02:00:00Z,37284,Aljeel-net,30d,0.175879
2026-09-06T02:00:00Z,328200,Al-Madar-Al-Jadeed,30d,0.218593
2026-09-06T02:00:00Z,328286,Libyana-Mobile-AS,30d,0.340452
2026-09-06T02:00:00Z,328539,Giga-Communication,30d,0.143216
2026-09-06T03:00:00Z,21003,GPTC-AS,30d,0.152429
2026-09-06T03:00:00Z,37284,Aljeel-net,30d,0.125209
2026-09-06T03:00:00Z,328200,Al-Madar-Al-Jadeed,30d,0.162898
2026-09-06T03:00:00Z,328286,Libyana-Mobile-AS,30d,0.278476
2026-09-06T03:00:00Z,328539,Giga-Communication,30d,0.128978
2026-09-06T04:00:00Z,21003,GPTC-AS,30d,0.144472
2026-09-06T04:00:00Z,37284,Aljeel-net,30d,0.117253
2026-09-06T04:00:00Z,328200,Al-Madar-Al-Jadeed,30d,0.162479
2026-09-06T04:00:00Z,328286,Libyana-Mobile-AS,30d,0.251675
2026-09-06T04:00:00Z,328539,Giga-Communication,30d,0.105946
2026-09-06T05:00:00Z,21003,GPTC-AS,30d,0.141122
2026-09-06T05:00:00Z,37284,Aljeel-net,30d,0.113903
2026-09-06T05:00:00Z,328200,Al-Madar-Al-Jadeed,30d,0.157454
2026-09-06T05:00:00Z,328286,Libyana-Mobile-AS,30d,0.215662
2026-09-06T05:00:00Z,328539,Giga-Communication,30d,0.096315
2026-09-06T06:00:00Z,21003,GPTC-AS,30d,0.153685
2026-09-06T06:00:00Z,37284,Aljeel-net,30d,0.110972
2026-09-06T06:00:00Z,328200,Al-Madar-Al-Jadeed,30d,0.170854
2026-09-06T06:00:00Z,328286,Libyana-Mobile-AS,30d,0.247069
2026-09-06T06:00:00Z,328539,Giga-Communication,30d,0.113484
2026-09-06T07:00:00Z,21003,GPTC-AS,30d,0.190117
2026-09-06T07:00:00Z,37284,Aljeel-net,30d,0.141541
2026-09-06T07:00:00Z,328200,Al-Madar-Al-Jadeed,30d,0.231993
2026-09-06T07:00:00Z,328286,Libyana-Mobile-AS,30d,0.305276
2026-09-06T07:00:00Z,328539,Giga-Communication,30d,0.106365
2026-09-06T08:00:00Z,21003,GPTC-AS,30d,0.226968
2026-09-06T08:00:00Z,37284,Aljeel-net,30d,0.159548
2026-09-06T08:00:00Z,328200,Al-Madar-Al-Jadeed,30d,0.275544
2026-09-06T08:00:00Z,328286,Libyana-Mobile-AS,30d,0.365578
2026-09-06T08:00:00Z,328539,Giga-Communication,30d,0.13191
2026-09-06T09:00:00Z,21003,GPTC-AS,30d,0.241206
2026-09-06T09:00:00Z,37284,Aljeel-net,30d,0.16876
2026-09-06T09:00:00Z,328200,Al-Madar-Al-Jadeed,30d,0.301508
2026-09-06T09:00:00Z,328286,Libyana-Mobile-AS,30d,0.347152
2026-09-06T09:00:00Z,328539,Giga-Communication,30d,0.128559
2026-09-06T10:00:00Z,21003,GPTC-AS,30d,0.262563
2026-09-06T10:00:00Z,37284,Aljeel-net,30d,0.177136
2026-09-06T10:00:00Z,328200,Al-Madar-Al-Jadeed,30d,0.321189
2026-09-06T10:00:00Z,328286,Libyana-Mobile-AS,30d,0.41876
2026-09-06T10:00:00Z,328539,Giga-Communication,30d,0.14866
2026-09-06T11:00:00Z,21003,GPTC-AS,30d,0.306533
2026-09-06T11:00:00Z,37284,Aljeel-net,30d,0.193467
2026-09-06T11:00:00Z,328200,Al-Madar-Al-Jadeed,30d,0.355109
2026-09-06T11:00:00Z,328286,Libyana-Mobile-AS,30d,0.435511
2026-09-06T11:00:00Z,328539,Giga-Communication,30d,0.157454
2026-09-06T12:00:00Z,21003,GPTC-AS,30d,0.330402
2026-09-06T12:00:00Z,37284,Aljeel-net,30d,0.230318
2026-09-06T12:00:00Z,328200,Al-Madar-Al-Jadeed,30d,0.371441
2026-09-06T12:00:00Z,328286,Libyana-Mobile-AS,30d,0.472781
2026-09-06T12:00:00Z,328539,Giga-Communication,30d,0.196399
2026-09-06T13:00:00Z,21003,GPTC-AS,30d,0.335846
2026-09-06T13:00:00Z,37284,Aljeel-net,30d,0.244556
2026-09-06T13:00:00Z,328200,Al-Madar-Al-Jadeed,30d,0.465243
2026-09-06T13:00:00Z,328286,Libyana-Mobile-AS,30d,0.588358
2026-09-06T13:00:00Z,328539,Giga-Communication,30d,0.198492
2026-09-06T14:00:00Z,21003,GPTC-AS,30d,0.418342
2026-09-06T14:00:00Z,37284,Aljeel-net,30d,0.248744
2026-09-06T14:00:00Z,328200,Al-Madar-Al-Jadeed,30d,0.559045
2026-09-06T14:00:00Z,328286,Libyana-Mobile-AS,30d,0.733668
2026-09-06T14:00:00Z,328539,Giga-Communication,30d,0.235343
2026-09-06T15:00:00Z,21003,GPTC-AS,30d,0.384003
2026-09-06T15:00:00Z,37284,Aljeel-net,30d,0.235762
2026-09-06T15:00:00Z,328200,Al-Madar-Al-Jadeed,30d,0.489112
2026-09-06T15:00:00Z,328286,Libyana-Mobile-AS,30d,0.636935
2026-09-06T15:00:00Z,328539,Giga-Communication,30d,0.233668
2026-09-06T16:00:00Z,21003,GPTC-AS,30d,0.348409
2026-09-06T16:00:00Z,37284,Aljeel-net,30d,0.229062
2026-09-06T16:00:00Z,328200,Al-Madar-Al-Jadeed,30d,0.485343
2026-09-06T16:00:00Z,328286,Libyana-Mobile-AS,30d,0.589196
2026-09-06T16:00:00Z,328539,Giga-Communication,30d,0.240787
2026-09-06T17:00:00Z,21003,GPTC-AS,30d,0.330821
2026-09-06T17:00:00Z,37284,Aljeel-net,30d,0.197655
2026-09-06T17:00:00Z,328200,Al-Madar-Al-Jadeed,30d,0.426717
2026-09-06T17:00:00Z,328286,Libyana-Mobile-AS,30d,0.530988
2026-09-06T17:00:00Z,328539,Giga-Communication,30d,0.204774
2026-09-06T18:00:00Z,21003,GPTC-AS,30d,0.330402
2026-09-06T18:00:00Z,37284,Aljeel-net,30d,0.237856
2026-09-06T18:00:00Z,328200,Al-Madar-Al-Jadeed,30d,0.430486
2026-09-06T18:00:00Z,328286,Libyana-Mobile-AS,30d,0.531826
2026-09-06T18:00:00Z,328539,Giga-Communication,30d,0.228224
2026-09-06T19:00:00Z,21003,GPTC-AS,30d,0.347152
2026-09-06T19:00:00Z,37284,Aljeel-net,30d,0.214824
2026-09-06T19:00:00Z,328200,Al-Madar-Al-Jadeed,30d,0.431742
2026-09-06T19:00:00Z,328286,Libyana-Mobile-AS,30d,0.54397
2026-09-06T19:00:00Z,328539,Giga-Communication,30d,0.209799
2026-09-06T20:00:00Z,21003,GPTC-AS,30d,0.378559
2026-09-06T20:00:00Z,37284,Aljeel-net,30d,0.270519
2026-09-06T20:00:00Z,328200,Al-Madar-Al-Jadeed,30d,0.455611
2026-09-06T20:00:00Z,328286,Libyana-Mobile-AS,30d,0.554439
2026-09-06T20:00:00Z,328539,Giga-Communication,30d,0.240369
2026-09-06T21:00:00Z,21003,GPTC-AS,30d,0.365578
2026-09-06T21:00:00Z,37284,Aljeel-net,30d,0.229062
2026-09-06T21:00:00Z,328200,Al-Madar-Al-Jadeed,30d,0.476968
2026-09-06T21:00:00Z,328286,Libyana-Mobile-AS,30d,0.559883
2026-09-06T21:00:00Z,328539,Giga-Communication,30d,0.258375
2026-09-06T22:00:00Z,21003,GPTC-AS,30d,0.356365
2026-09-06T22:00:00Z,37284,Aljeel-net,30d,0.237018
2026-09-06T22:00:00Z,328200,Al-Madar-Al-Jadeed,30d,0.461893
2026-09-06T22:00:00Z,328286,Libyana-Mobile-AS,30d,0.59129
2026-09-06T22:00:00Z,328539,Giga-Communication,30d,0.234506
2026-09-06T23:00:00Z,21003,GPTC-AS,30d,0.313233
2026-09-06T23:00:00Z,37284,Aljeel-net,30d,0.265913
2026-09-06T23:00:00Z,328200,Al-Madar-Al-Jadeed,30d,0.435511
2026-09-06T23:00:00Z,328286,Libyana-Mobile-AS,30d,0.589196
2026-09-06T23:00:00Z,328539,Giga-Communication,30d,0.239112
2026-09-07T00:00:00Z,21003,GPTC-AS,30d,0.309883
2026-09-07T00:00:00Z,37284,Aljeel-net,30d,0.232412
2026-09-07T00:00:00Z,328200,Al-Madar-Al-Jadeed,30d,0.404941
2026-09-07T00:00:00Z,328286,Libyana-Mobile-AS,30d,0.509213
2026-09-07T00:00:00Z,328539,Giga-Communication,30d,0.243719
2026-09-07T01:00:00Z,21003,GPTC-AS,30d,0.248325
2026-09-07T01:00:00Z,37284,Aljeel-net,30d,0.191374
2026-09-07T01:00:00Z,328200,Al-Madar-Al-Jadeed,30d,0.295226
2026-09-07T01:00:00Z,328286,Libyana-Mobile-AS,30d,0.530151
2026-09-07T01:00:00Z,328539,Giga-Communication,30d,0.196399
2026-09-07T02:00:00Z,21003,GPTC-AS,30d,0.213568
2026-09-07T02:00:00Z,37284,Aljeel-net,30d,0.188442
2026-09-07T02:00:00Z,328200,Al-Madar-Al-Jadeed,30d,0.213987
2026-09-07T02:00:00Z,328286,Libyana-Mobile-AS,30d,0.386516
2026-09-07T02:00:00Z,328539,Giga-Communication,30d,0.164154
2026-09-07T03:00:00Z,21003,GPTC-AS,30d,0.167923
2026-09-07T03:00:00Z,37284,Aljeel-net,30d,0.159548
2026-09-07T03:00:00Z,328200,Al-Madar-Al-Jadeed,30d,0.153266
2026-09-07T03:00:00Z,328286,Libyana-Mobile-AS,30d,0.23995
2026-09-07T03:00:00Z,328539,Giga-Communication,30d,0.137772
2026-09-07T04:00:00Z,21003,GPTC-AS,30d,0.15871
2026-09-07T04:00:00Z,37284,Aljeel-net,30d,0.119347
2026-09-07T04:00:00Z,328200,Al-Madar-Al-Jadeed,30d,0.164154
2026-09-07T04:00:00Z,328286,Libyana-Mobile-AS,30d,0.227387
2026-09-07T04:00:00Z,328539,Giga-Communication,30d,0.120184
2026-09-07T05:00:00Z,21003,GPTC-AS,30d,0.152848
2026-09-07T05:00:00Z,37284,Aljeel-net,30d,0.121441
2026-09-07T05:00:00Z,328200,Al-Madar-Al-Jadeed,30d,0.132747
2026-09-07T05:00:00Z,328286,Libyana-Mobile-AS,30d,0.245394
2026-09-07T05:00:00Z,328539,Giga-Communication,30d,0.123534
2026-09-07T06:00:00Z,21003,GPTC-AS,30d,0.162898
2026-09-07T06:00:00Z,37284,Aljeel-net,30d,0.11474
2026-09-07T06:00:00Z,328200,Al-Madar-Al-Jadeed,30d,0.159548
2026-09-07T06:00:00Z,328286,Libyana-Mobile-AS,30d,0.257956
2026-09-07T06:00:00Z,328539,Giga-Communication,30d,0.107203
2026-09-07T07:00:00Z,21003,GPTC-AS,30d,0.200586
2026-09-07T07:00:00Z,37284,Aljeel-net,30d,0.131491
2026-09-07T07:00:00Z,328200,Al-Madar-Al-Jadeed,30d,0.204774
2026-09-07T07:00:00Z,328286,Libyana-Mobile-AS,30d,0.293132
2026-09-07T07:00:00Z,328539,Giga-Communication,30d,0.110134
2026-09-07T08:00:00Z,21003,GPTC-AS,30d,0.216499
2026-09-07T08:00:00Z,37284,Aljeel-net,30d,0.163317
2026-09-07T08:00:00Z,328200,Al-Madar-Al-Jadeed,30d,0.24665
2026-09-07T08:00:00Z,328286,Libyana-Mobile-AS,30d,0.33794
2026-09-07T08:00:00Z,328539,Giga-Communication,30d,0.122278
2026-09-07T09:00:00Z,21003,GPTC-AS,30d,0.25335
2026-09-07T09:00:00Z,37284,Aljeel-net,30d,0.15871
2026-09-07T09:00:00Z,328200,Al-Madar-Al-Jadeed,30d,0.278057
2026-09-07T09:00:00Z,328286,Libyana-Mobile-AS,30d,0.359296
2026-09-07T09:00:00Z,328539,Giga-Communication,30d,0.130653
2026-09-07T10:00:00Z,21003,GPTC-AS,30d,0.265494
2026-09-07T10:00:00Z,37284,Aljeel-net,30d,0.192211
2026-09-07T10:00:00Z,328200,Al-Madar-Al-Jadeed,30d,0.340034
2026-09-07T10:00:00Z,328286,Libyana-Mobile-AS,30d,0.378978
2026-09-07T10:00:00Z,328539,Giga-Communication,30d,0.144891
2026-09-07T11:00:00Z,21003,GPTC-AS,30d,0.278476
2026-09-07T11:00:00Z,37284,Aljeel-net,30d,0.201424
2026-09-07T11:00:00Z,328200,Al-Madar-Al-Jadeed,30d,0.342127
2026-09-07T11:00:00Z,328286,Libyana-Mobile-AS,30d,0.428392
2026-09-07T11:00:00Z,328539,Giga-Communication,30d,0.153266
2026-09-07T12:00:00Z,21003,GPTC-AS,30d,0.319095
2026-09-07T12:00:00Z,37284,Aljeel-net,30d,0.219012
2026-09-07T12:00:00Z,328200,Al-Madar-Al-Jadeed,30d,0.376884
2026-09-07T12:00:00Z,328286,Libyana-Mobile-AS,30d,0.476968
2026-09-07T12:00:00Z,328539,Giga-Communication,30d,0.171692
2026-09-07T13:00:00Z,21003,GPTC-AS,30d,0.286851
2026-09-07T13:00:00Z,37284,Aljeel-net,30d,0.221524
2026-09-07T13:00:00Z,328200,Al-Madar-Al-Jadeed,30d,0.399497
2026-09-07T13:00:00Z,328286,Libyana-Mobile-AS,30d,0.488693
2026-09-07T13:00:00Z,328539,Giga-Communication,30d,0.200168
2026-09-07T14:00:00Z,21003,GPTC-AS,30d,0.327889
2026-09-07T14:00:00Z,37284,Aljeel-net,30d,0.213149
2026-09-07T14:00:00Z,328200,Al-Madar-Al-Jadeed,30d,0.397404
2026-09-07T14:00:00Z,328286,Libyana-Mobile-AS,30d,0.479062
2026-09-07T14:00:00Z,328539,Giga-Communication,30d,0.208961
2026-09-07T15:00:00Z,21003,GPTC-AS,30d,0.306533
2026-09-07T15:00:00Z,37284,Aljeel-net,30d,0.225293
2026-09-07T15:00:00Z,328200,Al-Madar-Al-Jadeed,30d,0.358459
2026-09-07T15:00:00Z,328286,Libyana-Mobile-AS,30d,0.478224
2026-09-07T15:00:00Z,328539,Giga-Communication,30d,0.202261
2026-09-07T16:00:00Z,21003,GPTC-AS,30d,0.293132
2026-09-07T16:00:00Z,37284,Aljeel-net,30d,0.200168
2026-09-07T16:00:00Z,328200,Al-Madar-Al-Jadeed,30d,0.38526
2026-09-07T16:00:00Z,328286,Libyana-Mobile-AS,30d,0.4866
2026-09-07T16:00:00Z,328539,Giga-Communication,30d,0.206868
2026-09-07T17:00:00Z,21003,GPTC-AS,30d,0.313652
2026-09-07T17:00:00Z,37284,Aljeel-net,30d,0.211474
2026-09-07T17:00:00Z,328200,Al-Madar-Al-Jadeed,30d,0.365159
2026-09-07T17:00:00Z,328286,Libyana-Mobile-AS,30d,0.471524
2026-09-07T17:00:00Z,328539,Giga-Communication,30d,0.193049
2026-09-07T18:00:00Z,21003,GPTC-AS,30d,0.371441
2026-09-07T18:00:00Z,37284,Aljeel-net,30d,0.247069
2026-09-07T18:00:00Z,328200,Al-Madar-Al-Jadeed,30d,0.420854
2026-09-07T18:00:00Z,328286,Libyana-Mobile-AS,30d,0.503769
2026-09-07T18:00:00Z,328539,Giga-Communication,30d,0.218174
2026-09-07T19:00:00Z,21003,GPTC-AS,30d,0.354271
2026-09-07T19:00:00Z,37284,Aljeel-net,30d,0.207705
2026-09-07T19:00:00Z,328200,Al-Madar-Al-Jadeed,30d,0.41541
2026-09-07T19:00:00Z,328286,Libyana-Mobile-AS,30d,0.466499
2026-09-07T19:00:00Z,328539,Giga-Communication,30d,0.219849
2026-09-07T20:00:00Z,21003,GPTC-AS,30d,0.339196
2026-09-07T20:00:00Z,37284,Aljeel-net,30d,0.224456
2026-09-07T20:00:00Z,328200,Al-Madar-Al-Jadeed,30d,0.430486
2026-09-07T20:00:00Z,328286,Libyana-Mobile-AS,30d,0.53057
2026-09-07T20:00:00Z,328539,Giga-Communication,30d,0.245394
2026-09-07T21:00:00Z,21003,GPTC-AS,30d,0.35469
2026-09-07T21:00:00Z,37284,Aljeel-net,30d,0.262144
2026-09-07T21:00:00Z,328200,Al-Madar-Al-Jadeed,30d,0.461893
2026-09-07T21:00:00Z,328286,Libyana-Mobile-AS,30d,0.558626
2026-09-07T21:00:00Z,328539,Giga-Communication,30d,0.2567
2026-09-07T22:00:00Z,21003,GPTC-AS,30d,0.325796
2026-09-07T22:00:00Z,37284,Aljeel-net,30d,0.247069
2026-09-07T22:00:00Z,328200,Al-Madar-Al-Jadeed,30d,0.453936
2026-09-07T22:00:00Z,328286,Libyana-Mobile-AS,30d,0.570771
2026-09-07T22:00:00Z,328539,Giga-Communication,30d,0.260888
2026-09-07T23:00:00Z,21003,GPTC-AS,30d,0.326214
2026-09-07T23:00:00Z,37284,Aljeel-net,30d,0.231575
2026-09-07T23:00:00Z,328200,Al-Madar-Al-Jadeed,30d,0.427136
2026-09-07T23:00:00Z,328286,Libyana-Mobile-AS,30d,0.592127
2026-09-07T23:00:00Z,328539,Giga-Communication,30d,0.233668
2026-09-08T00:00:00Z,21003,GPTC-AS,30d,0.308208
2026-09-08T00:00:00Z,37284,Aljeel-net,30d,0.211474
2026-09-08T00:00:00Z,328200,Al-Madar-Al-Jadeed,30d,0.360553
2026-09-08T00:00:00Z,328286,Libyana-Mobile-AS,30d,0.520101
2026-09-08T00:00:00Z,328539,Giga-Communication,30d,0.224874
2026-09-08T01:00:00Z,21003,GPTC-AS,30d,0.286432
2026-09-08T01:00:00Z,37284,Aljeel-net,30d,0.187605
2026-09-08T01:00:00Z,328200,Al-Madar-Al-Jadeed,30d,0.318677
2026-09-08T01:00:00Z,328286,Libyana-Mobile-AS,30d,0.477387
2026-09-08T01:00:00Z,328539,Giga-Communication,30d,0.184255
2026-09-08T02:00:00Z,21003,GPTC-AS,30d,0.209799
2026-09-08T02:00:00Z,37284,Aljeel-net,30d,0.143635
2026-09-08T02:00:00Z,328200,Al-Madar-Al-Jadeed,30d,0.257538
2026-09-08T02:00:00Z,328286,Libyana-Mobile-AS,30d,0.324958
2026-09-08T02:00:00Z,328539,Giga-Communication,30d,0.147822
2026-09-08T03:00:00Z,21003,GPTC-AS,30d,0.194724
2026-09-08T03:00:00Z,37284,Aljeel-net,30d,0.13191
2026-09-08T03:00:00Z,328200,Al-Madar-Al-Jadeed,30d,0.147404
2026-09-08T03:00:00Z,328286,Libyana-Mobile-AS,30d,0.268007
2026-09-08T03:00:00Z,328539,Giga-Communication,30d,0.144054
2026-09-08T04:00:00Z,21003,GPTC-AS,30d,0.178811
2026-09-08T04:00:00Z,37284,Aljeel-net,30d,0.127303
2026-09-08T04:00:00Z,328200,Al-Madar-Al-Jadeed,30d,0.154941
2026-09-08T04:00:00Z,328286,Libyana-Mobile-AS,30d,0.230318
2026-09-08T04:00:00Z,328539,Giga-Communication,30d,0.126047
2026-09-08T05:00:00Z,21003,GPTC-AS,30d,0.161642
2026-09-08T05:00:00Z,37284,Aljeel-net,30d,0.11474
2026-09-08T05:00:00Z,328200,Al-Madar-Al-Jadeed,30d,0.14866
2026-09-08T05:00:00Z,328286,Libyana-Mobile-AS,30d,0.216918
2026-09-08T05:00:00Z,328539,Giga-Communication,30d,0.115159
2026-09-08T06:00:00Z,21003,GPTC-AS,30d,0.176717
2026-09-08T06:00:00Z,37284,Aljeel-net,30d,0.129816
2026-09-08T06:00:00Z,328200,Al-Madar-Al-Jadeed,30d,0.166248
2026-09-08T06:00:00Z,328286,Libyana-Mobile-AS,30d,0.235762
2026-09-08T06:00:00Z,328539,Giga-Communication,30d,0.11139
2026-09-08T07:00:00Z,21003,GPTC-AS,30d,0.224456
2026-09-08T07:00:00Z,37284,Aljeel-net,30d,0.16876
2026-09-08T07:00:00Z,328200,Al-Madar-Al-Jadeed,30d,0.221943
2026-09-08T07:00:00Z,328286,Libyana-Mobile-AS,30d,0.317839
2026-09-08T07:00:00Z,328539,Giga-Communication,30d,0.123534
2026-09-08T08:00:00Z,21003,GPTC-AS,30d,0.254606
2026-09-08T08:00:00Z,37284,Aljeel-net,30d,0.152429
2026-09-08T08:00:00Z,328200,Al-Madar-Al-Jadeed,30d,0.257956
2026-09-08T08:00:00Z,328286,Libyana-Mobile-AS,30d,0.336265
2026-09-08T08:00:00Z,328539,Giga-Communication,30d,0.138191
2026-09-08T09:00:00Z,21003,GPTC-AS,30d,0.249581
2026-09-08T09:00:00Z,37284,Aljeel-net,30d,0.160804
2026-09-08T09:00:00Z,328200,Al-Madar-Al-Jadeed,30d,0.283501
2026-09-08T09:00:00Z,328286,Libyana-Mobile-AS,30d,0.393635
2026-09-08T09:00:00Z,328539,Giga-Communication,30d,0.159966
2026-09-08T10:00:00Z,21003,GPTC-AS,30d,0.290201
2026-09-08T10:00:00Z,37284,Aljeel-net,30d,0.185511
2026-09-08T10:00:00Z,328200,Al-Madar-Al-Jadeed,30d,0.340871
2026-09-08T10:00:00Z,328286,Libyana-Mobile-AS,30d,0.429648
2026-09-08T10:00:00Z,328539,Giga-Communication,30d,0.169179
2026-09-08T11:00:00Z,21003,GPTC-AS,30d,0.304439
2026-09-08T11:00:00Z,37284,Aljeel-net,30d,0.174623
2026-09-08T11:00:00Z,328200,Al-Madar-Al-Jadeed,30d,0.35134
2026-09-08T11:00:00Z,328286,Libyana-Mobile-AS,30d,0.412479
2026-09-08T11:00:00Z,328539,Giga-Communication,30d,0.183417
2026-09-08T12:00:00Z,21003,GPTC-AS,30d,0.324121
2026-09-08T12:00:00Z,37284,Aljeel-net,30d,0.225712
2026-09-08T12:00:00Z,328200,Al-Madar-Al-Jadeed,30d,0.372278
2026-09-08T12:00:00Z,328286,Libyana-Mobile-AS,30d,0.479899
2026-09-08T12:00:00Z,328539,Giga-Communication,30d,0.19263
2026-09-08T13:00:00Z,21003,GPTC-AS,30d,0.352596
2026-09-08T13:00:00Z,37284,Aljeel-net,30d,0.222781
2026-09-08T13:00:00Z,328200,Al-Madar-Al-Jadeed,30d,0.386935
2026-09-08T13:00:00Z,328286,Libyana-Mobile-AS,30d,0.500419
2026-09-08T13:00:00Z,328539,Giga-Communication,30d,0.212312
2026-09-08T14:00:00Z,21003,GPTC-AS,30d,0.355109
2026-09-08T14:00:00Z,37284,Aljeel-net,30d,0.224037
2026-09-08T14:00:00Z,328200,Al-Madar-Al-Jadeed,30d,0.396147
2026-09-08T14:00:00Z,328286,Libyana-Mobile-AS,30d,0.521357
2026-09-08T14:00:00Z,328539,Giga-Communication,30d,0.21943
2026-09-08T15:00:00Z,21003,GPTC-AS,30d,0.33124
2026-09-08T15:00:00Z,37284,Aljeel-net,30d,0.222781
2026-09-08T15:00:00Z,328200,Al-Madar-Al-Jadeed,30d,0.374791
2026-09-08T15:00:00Z,328286,Libyana-Mobile-AS,30d,0.474037
2026-09-08T15:00:00Z,328539,Giga-Communication,30d,0.191792
2026-09-08T16:00:00Z,21003,GPTC-AS,30d,0.362228
2026-09-08T16:00:00Z,37284,Aljeel-net,30d,0.245812
2026-09-08T16:00:00Z,328200,Al-Madar-Al-Jadeed,30d,0.406198
2026-09-08T16:00:00Z,328286,Libyana-Mobile-AS,30d,0.505025
2026-09-08T16:00:00Z,328539,Giga-Communication,30d,0.20603
2026-09-08T17:00:00Z,21003,GPTC-AS,30d,0.333752
2026-09-08T17:00:00Z,37284,Aljeel-net,30d,0.203518
2026-09-08T17:00:00Z,328200,Al-Madar-Al-Jadeed,30d,0.397822
2026-09-08T17:00:00Z,328286,Libyana-Mobile-AS,30d,0.546064
2026-09-08T17:00:00Z,328539,Giga-Communication,30d,0.217337
2026-09-08T18:00:00Z,21003,GPTC-AS,30d,0.396566
2026-09-08T18:00:00Z,37284,Aljeel-net,30d,0.2366
2026-09-08T18:00:00Z,328200,Al-Madar-Al-Jadeed,30d,0.463987
2026-09-08T18:00:00Z,328286,Libyana-Mobile-AS,30d,0.588777
2026-09-08T18:00:00Z,328539,Giga-Communication,30d,0.239112
2026-09-08T19:00:00Z,21003,GPTC-AS,30d,0.564908
2026-09-08T19:00:00Z,37284,Aljeel-net,30d,0.289782
2026-09-08T19:00:00Z,328200,Al-Madar-Al-Jadeed,30d,0.827471
2026-09-08T19:00:00Z,328286,Libyana-Mobile-AS,30d,1.0
2026-09-08T19:00:00Z,328539,Giga-Communication,30d,0.295226
2026-09-08T20:00:00Z,21003,GPTC-AS,30d,0.585846
2026-09-08T20:00:00Z,37284,Aljeel-net,30d,0.28057
2026-09-08T20:00:00Z,328200,Al-Madar-Al-Jadeed,30d,0.818677
2026-09-08T20:00:00Z,328286,Libyana-Mobile-AS,30d,0.992044
2026-09-08T20:00:00Z,328539,Giga-Communication,30d,0.313652
2026-09-08T21:00:00Z,21003,GPTC-AS,30d,0.363903
2026-09-08T21:00:00Z,37284,Aljeel-net,30d,0.29062
2026-09-08T21:00:00Z,328200,Al-Madar-Al-Jadeed,30d,0.490787
2026-09-08T21:00:00Z,328286,Libyana-Mobile-AS,30d,0.593384
2026-09-08T21:00:00Z,328539,Giga-Communication,30d,0.256281
2026-09-08T22:00:00Z,21003,GPTC-AS,30d,0.390704
2026-09-08T22:00:00Z,37284,Aljeel-net,30d,0.271357
2026-09-08T22:00:00Z,328200,Al-Madar-Al-Jadeed,30d,0.516332
2026-09-08T22:00:00Z,328286,Libyana-Mobile-AS,30d,0.582496
2026-09-08T22:00:00Z,328539,Giga-Communication,30d,0.254606
2026-09-08T23:00:00Z,21003,GPTC-AS,30d,0.360553
2026-09-08T23:00:00Z,37284,Aljeel-net,30d,0.260469
2026-09-08T23:00:00Z,328200,Al-Madar-Al-Jadeed,30d,0.427136
2026-09-08T23:00:00Z,328286,Libyana-Mobile-AS,30d,0.583333
2026-09-08T23:00:00Z,328539,Giga-Communication,30d,0.248744
2026-09-09T00:00:00Z,21003,GPTC-AS,30d,0.344221
2026-09-09T00:00:00Z,37284,Aljeel-net,30d,0.218593
2026-09-09T00:00:00Z,328200,Al-Madar-Al-Jadeed,30d,0.40871
2026-09-09T00:00:00Z,328286,Libyana-Mobile-AS,30d,0.553183
2026-09-09T00:00:00Z,328539,Giga-Communication,30d,0.222781
2026-09-09T01:00:00Z,21003,GPTC-AS,30d,0.246231
2026-09-09T01:00:00Z,37284,Aljeel-net,30d,0.208124
2026-09-09T01:00:00Z,328200,Al-Madar-Al-Jadeed,30d,0.34464
2026-09-09T01:00:00Z,328286,Libyana-Mobile-AS,30d,0.492881
2026-09-09T01:00:00Z,328539,Giga-Communication,30d,0.220268
2026-09-09T02:00:00Z,21003,GPTC-AS,30d,0.207705
2026-09-09T02:00:00Z,37284,Aljeel-net,30d,0.180905
2026-09-09T02:00:00Z,328200,Al-Madar-Al-Jadeed,30d,0.235762
2026-09-09T02:00:00Z,328286,Libyana-Mobile-AS,30d,0.345896
2026-09-09T02:00:00Z,328539,Giga-Communication,30d,0.163735
2026-09-09T03:00:00Z,21003,GPTC-AS,30d,0.181742
2026-09-09T03:00:00Z,37284,Aljeel-net,30d,0.153266
2026-09-09T03:00:00Z,328200,Al-Madar-Al-Jadeed,30d,0.177973
2026-09-09T03:00:00Z,328286,Libyana-Mobile-AS,30d,0.25
2026-09-09T03:00:00Z,328539,Giga-Communication,30d,0.134422
2026-09-09T04:00:00Z,21003,GPTC-AS,30d,0.166248
2026-09-09T04:00:00Z,37284,Aljeel-net,30d,0.135678
2026-09-09T04:00:00Z,328200,Al-Madar-Al-Jadeed,30d,0.145729
2026-09-09T04:00:00Z,328286,Libyana-Mobile-AS,30d,0.25
2026-09-09T04:00:00Z,328539,Giga-Communication,30d,0.110553
2026-09-09T05:00:00Z,21003,GPTC-AS,30d,0.175461
2026-09-09T05:00:00Z,37284,Aljeel-net,30d,0.120603
2026-09-09T05:00:00Z,328200,Al-Madar-Al-Jadeed,30d,0.162479
2026-09-09T05:00:00Z,328286,Libyana-Mobile-AS,30d,0.229481
2026-09-09T05:00:00Z,328539,Giga-Communication,30d,0.117253
2026-09-09T06:00:00Z,21003,GPTC-AS,30d,0.223199
2026-09-09T06:00:00Z,37284,Aljeel-net,30d,0.154104
2026-09-09T06:00:00Z,328200,Al-Madar-Al-Jadeed,30d,0.18593
2026-09-09T06:00:00Z,328286,Libyana-Mobile-AS,30d,0.252513
2026-09-09T06:00:00Z,328539,Giga-Communication,30d,0.118509
2026-09-09T07:00:00Z,21003,GPTC-AS,30d,0.223618
2026-09-09T07:00:00Z,37284,Aljeel-net,30d,0.157454
2026-09-09T07:00:00Z,328200,Al-Madar-Al-Jadeed,30d,0.217755
2026-09-09T07:00:00Z,328286,Libyana-Mobile-AS,30d,0.292714
2026-09-09T07:00:00Z,328539,Giga-Communication,30d,0.139447
2026-09-09T08:00:00Z,21003,GPTC-AS,30d,0.254606
2026-09-09T08:00:00Z,37284,Aljeel-net,30d,0.171273
2026-09-09T08:00:00Z,328200,Al-Madar-Al-Jadeed,30d,0.283082
2026-09-09T08:00:00Z,328286,Libyana-Mobile-AS,30d,0.337102
2026-09-09T08:00:00Z,328539,Giga-Communication,30d,0.129816
2026-09-09T09:00:00Z,21003,GPTC-AS,30d,0.261725
2026-09-09T09:00:00Z,37284,Aljeel-net,30d,0.193886
2026-09-09T09:00:00Z,328200,Al-Madar-Al-Jadeed,30d,0.293132
2026-09-09T09:00:00Z,328286,Libyana-Mobile-AS,30d,0.392797
2026-09-09T09:00:00Z,328539,Giga-Communication,30d,0.153685
2026-09-09T10:00:00Z,21003,GPTC-AS,30d,0.279313
2026-09-09T10:00:00Z,37284,Aljeel-net,30d,0.217337
2026-09-09T10:00:00Z,328200,Al-Madar-Al-Jadeed,30d,0.330821
2026-09-09T10:00:00Z,328286,Libyana-Mobile-AS,30d,0.40871
2026-09-09T10:00:00Z,328539,Giga-Communication,30d,0.169179
2026-09-09T11:00:00Z,21003,GPTC-AS,30d,0.31072
2026-09-09T11:00:00Z,37284,Aljeel-net,30d,0.217755
2026-09-09T11:00:00Z,328200,Al-Madar-Al-Jadeed,30d,0.345896
2026-09-09T11:00:00Z,328286,Libyana-Mobile-AS,30d,0.410385
2026-09-09T11:00:00Z,328539,Giga-Communication,30d,0.177973
2026-09-09T12:00:00Z,21003,GPTC-AS,30d,0.327052
2026-09-09T12:00:00Z,37284,Aljeel-net,30d,0.225293
2026-09-09T12:00:00Z,328200,Al-Madar-Al-Jadeed,30d,0.395729
2026-09-09T12:00:00Z,328286,Libyana-Mobile-AS,30d,0.504606
2026-09-09T12:00:00Z,328539,Giga-Communication,30d,0.207286
2026-09-09T13:00:00Z,21003,GPTC-AS,30d,0.340034
2026-09-09T13:00:00Z,37284,Aljeel-net,30d,0.224456
2026-09-09T13:00:00Z,328200,Al-Madar-Al-Jadeed,30d,0.403266
2026-09-09T13:00:00Z,328286,Libyana-Mobile-AS,30d,0.559883
2026-09-09T13:00:00Z,328539,Giga-Communication,30d,0.216918
2026-09-09T14:00:00Z,21003,GPTC-AS,30d,0.332915
2026-09-09T14:00:00Z,37284,Aljeel-net,30d,0.231993
2026-09-09T14:00:00Z,328200,Al-Madar-Al-Jadeed,30d,0.44598
2026-09-09T14:00:00Z,328286,Libyana-Mobile-AS,30d,0.525963
2026-09-09T14:00:00Z,328539,Giga-Communication,30d,0.20603
2026-09-09T15:00:00Z,21003,GPTC-AS,30d,0.320771
2026-09-09T15:00:00Z,37284,Aljeel-net,30d,0.218174
2026-09-09T15:00:00Z,328200,Al-Madar-Al-Jadeed,30d,0.402429
2026-09-09T15:00:00Z,328286,Libyana-Mobile-AS,30d,0.48995
2026-09-09T15:00:00Z,328539,Giga-Communication,30d,0.210637
2026-09-09T16:00:00Z,21003,GPTC-AS,30d,0.324958
2026-09-09T16:00:00Z,37284,Aljeel-net,30d,0.207705
2026-09-09T16:00:00Z,328200,Al-Madar-Al-Jadeed,30d,0.448074
2026-09-09T16:00:00Z,328286,Libyana-Mobile-AS,30d,0.605528
2026-09-09T16:00:00Z,328539,Giga-Communication,30d,0.203936
2026-09-09T17:00:00Z,21003,GPTC-AS,30d,0.38861
2026-09-09T17:00:00Z,37284,Aljeel-net,30d,0.223199
2026-09-09T17:00:00Z,328200,Al-Madar-Al-Jadeed,30d,0.627303
2026-09-09T17:00:00Z,328286,Libyana-Mobile-AS,30d,0.736181
2026-09-09T17:00:00Z,328539,Giga-Communication,30d,0.231156
2026-09-09T18:00:00Z,21003,GPTC-AS,30d,0.446817
2026-09-09T18:00:00Z,37284,Aljeel-net,30d,0.245812
2026-09-09T18:00:00Z,328200,Al-Madar-Al-Jadeed,30d,0.675461
2026-09-09T18:00:00Z,328286,Libyana-Mobile-AS,30d,0.827052
2026-09-09T18:00:00Z,328539,Giga-Communication,30d,0.275544
2026-09-09T19:00:00Z,21003,GPTC-AS,30d,0.376884
2026-09-09T19:00:00Z,37284,Aljeel-net,30d,0.229481
2026-09-09T19:00:00Z,328200,Al-Madar-Al-Jadeed,30d,0.578727
2026-09-09T19:00:00Z,328286,Libyana-Mobile-AS,30d,0.676298
2026-09-09T19:00:00Z,328539,Giga-Communication,30d,0.238693
2026-09-09T20:00:00Z,21003,GPTC-AS,30d,0.353015
2026-09-09T20:00:00Z,37284,Aljeel-net,30d,0.23325
2026-09-09T20:00:00Z,328200,Al-Madar-Al-Jadeed,30d,0.595477
2026-09-09T20:00:00Z,328286,Libyana-Mobile-AS,30d,0.797739
2026-09-09T20:00:00Z,328539,Giga-Communication,30d,0.257956
2026-09-09T21:00:00Z,21003,GPTC-AS,30d,0.340871
2026-09-09T21:00:00Z,37284,Aljeel-net,30d,0.217337
2026-09-09T21:00:00Z,328200,Al-Madar-Al-Jadeed,30d,0.452261
2026-09-09T21:00:00Z,328286,Libyana-Mobile-AS,30d,0.605528
2026-09-09T21:00:00Z,328539,Giga-Communication,30d,0.237437
2026-09-09T22:00:00Z,21003,GPTC-AS,30d,0.379397
2026-09-09T22:00:00Z,37284,Aljeel-net,30d,0.311558
2026-09-09T22:00:00Z,328200,Al-Madar-Al-Jadeed,30d,0.464824
2026-09-09T22:00:00Z,328286,Libyana-Mobile-AS,30d,0.548157
2026-09-09T22:00:00Z,328539,Giga-Communication,30d,0.26005
2026-09-09T23:00:00Z,21003,GPTC-AS,30d,0.33794
2026-09-09T23:00:00Z,37284,Aljeel-net,30d,0.292295
2026-09-09T23:00:00Z,328200,Al-Madar-Al-Jadeed,30d,0.441374
2026-09-09T23:00:00Z,328286,Libyana-Mobile-AS,30d,0.586683
2026-09-09T23:00:00Z,328539,Giga-Communication,30d,0.239112
2026-09-10T00:00:00Z,21003,GPTC-AS,30d,0.291039
2026-09-10T00:00:00Z,37284,Aljeel-net,30d,0.2567
2026-09-10T00:00:00Z,328200,Al-Madar-Al-Jadeed,30d,0.400754
2026-09-10T00:00:00Z,328286,Libyana-Mobile-AS,30d,0.48995
2026-09-10T00:00:00Z,328539,Giga-Communication,30d,0.226131
2026-09-10T01:00:00Z,21003,GPTC-AS,30d,0.23995
2026-09-10T01:00:00Z,37284,Aljeel-net,30d,0.232412
2026-09-10T01:00:00Z,328200,Al-Madar-Al-Jadeed,30d,0.303183
2026-09-10T01:00:00Z,328286,Libyana-Mobile-AS,30d,0.445561
2026-09-10T01:00:00Z,328539,Giga-Communication,30d,0.190117
2026-09-10T02:00:00Z,21003,GPTC-AS,30d,0.175461
2026-09-10T02:00:00Z,37284,Aljeel-net,30d,0.190117
2026-09-10T02:00:00Z,328200,Al-Madar-Al-Jadeed,30d,0.221524
2026-09-10T02:00:00Z,328286,Libyana-Mobile-AS,30d,0.306533
2026-09-10T02:00:00Z,328539,Giga-Communication,30d,0.146985
2026-09-10T03:00:00Z,21003,GPTC-AS,30d,0.166667
2026-09-10T03:00:00Z,37284,Aljeel-net,30d,0.149497
2026-09-10T03:00:00Z,328200,Al-Madar-Al-Jadeed,30d,0.177973
2026-09-10T03:00:00Z,328286,Libyana-Mobile-AS,30d,0.208124
2026-09-10T03:00:00Z,328539,Giga-Communication,30d,0.121022
2026-09-10T04:00:00Z,21003,GPTC-AS,30d,0.160385
2026-09-10T04:00:00Z,37284,Aljeel-net,30d,0.153685
2026-09-10T04:00:00Z,328200,Al-Madar-Al-Jadeed,30d,0.159966
2026-09-10T04:00:00Z,328286,Libyana-Mobile-AS,30d,0.204355
2026-09-10T04:00:00Z,328539,Giga-Communication,30d,0.106784
2026-09-10T05:00:00Z,21003,GPTC-AS,30d,0.158291
2026-09-10T05:00:00Z,37284,Aljeel-net,30d,0.141541
2026-09-10T05:00:00Z,328200,Al-Madar-Al-Jadeed,30d,0.140704
2026-09-10T05:00:00Z,328286,Libyana-Mobile-AS,30d,0.194305
2026-09-10T05:00:00Z,328539,Giga-Communication,30d,0.11139
2026-09-10T06:00:00Z,21003,GPTC-AS,30d,0.183417
2026-09-10T06:00:00Z,37284,Aljeel-net,30d,0.13526
2026-09-10T06:00:00Z,328200,Al-Madar-Al-Jadeed,30d,0.174204
2026-09-10T06:00:00Z,328286,Libyana-Mobile-AS,30d,0.232412
2026-09-10T06:00:00Z,328539,Giga-Communication,30d,0.112647
2026-09-10T07:00:00Z,21003,GPTC-AS,30d,0.218174
2026-09-10T07:00:00Z,37284,Aljeel-net,30d,0.193049
2026-09-10T07:00:00Z,328200,Al-Madar-Al-Jadeed,30d,0.229062
2026-09-10T07:00:00Z,328286,Libyana-Mobile-AS,30d,0.249162
2026-09-10T07:00:00Z,328539,Giga-Communication,30d,0.143635
2026-09-10T08:00:00Z,21003,GPTC-AS,30d,0.222781
2026-09-10T08:00:00Z,37284,Aljeel-net,30d,0.19933
2026-09-10T08:00:00Z,328200,Al-Madar-Al-Jadeed,30d,0.263819
2026-09-10T08:00:00Z,328286,Libyana-Mobile-AS,30d,0.281407
2026-09-10T08:00:00Z,328539,Giga-Communication,30d,0.149916
2026-09-10T09:00:00Z,21003,GPTC-AS,30d,0.2567
2026-09-10T09:00:00Z,37284,Aljeel-net,30d,0.189698
2026-09-10T09:00:00Z,328200,Al-Madar-Al-Jadeed,30d,0.303601
2026-09-10T09:00:00Z,328286,Libyana-Mobile-AS,30d,0.377303
2026-09-10T09:00:00Z,328539,Giga-Communication,30d,0.163317
2026-09-10T10:00:00Z,21003,GPTC-AS,30d,0.275544
2026-09-10T10:00:00Z,37284,Aljeel-net,30d,0.191374
2026-09-10T10:00:00Z,328200,Al-Madar-Al-Jadeed,30d,0.314489
2026-09-10T10:00:00Z,328286,Libyana-Mobile-AS,30d,0.409548
2026-09-10T10:00:00Z,328539,Giga-Communication,30d,0.181323
2026-09-10T11:00:00Z,21003,GPTC-AS,30d,0.297739
2026-09-10T11:00:00Z,37284,Aljeel-net,30d,0.220268
2026-09-10T11:00:00Z,328200,Al-Madar-Al-Jadeed,30d,0.348827
2026-09-10T11:00:00Z,328286,Libyana-Mobile-AS,30d,0.451843
2026-09-10T11:00:00Z,328539,Giga-Communication,30d,0.173367
2026-09-10T12:00:00Z,21003,GPTC-AS,30d,0.303183
2026-09-10T12:00:00Z,37284,Aljeel-net,30d,0.216918
2026-09-10T12:00:00Z,328200,Al-Madar-Al-Jadeed,30d,0.382747
2026-09-10T12:00:00Z,328286,Libyana-Mobile-AS,30d,0.46943
2026-09-10T12:00:00Z,328539,Giga-Communication,30d,0.198492
2026-09-10T13:00:00Z,21003,GPTC-AS,30d,0.319095
2026-09-10T13:00:00Z,37284,Aljeel-net,30d,0.225712
2026-09-10T13:00:00Z,328200,Al-Madar-Al-Jadeed,30d,0.445142
2026-09-10T13:00:00Z,328286,Libyana-Mobile-AS,30d,0.5134
2026-09-10T13:00:00Z,328539,Giga-Communication,30d,0.224456
2026-09-10T14:00:00Z,21003,GPTC-AS,30d,0.333752
2026-09-10T14:00:00Z,37284,Aljeel-net,30d,0.218174
2026-09-10T14:00:00Z,328200,Al-Madar-Al-Jadeed,30d,0.422111
2026-09-10T14:00:00Z,328286,Libyana-Mobile-AS,30d,0.534757
2026-09-10T14:00:00Z,328539,Giga-Communication,30d,0.212312
2026-09-10T15:00:00Z,21003,GPTC-AS,30d,0.288107
2026-09-10T15:00:00Z,37284,Aljeel-net,30d,0.215662
2026-09-10T15:00:00Z,328200,Al-Madar-Al-Jadeed,30d,0.400754
2026-09-10T15:00:00Z,328286,Libyana-Mobile-AS,30d,0.487437
2026-09-10T15:00:00Z,328539,Giga-Communication,30d,0.194724
2026-09-10T16:00:00Z,21003,GPTC-AS,30d,0.320352
2026-09-10T16:00:00Z,37284,Aljeel-net,30d,0.203518
2026-09-10T16:00:00Z,328200,Al-Madar-Al-Jadeed,30d,0.39531
2026-09-10T16:00:00Z,328286,Libyana-Mobile-AS,30d,0.495394
2026-09-10T16:00:00Z,328539,Giga-Communication,30d,0.185092
2026-09-10T17:00:00Z,21003,GPTC-AS,30d,0.289363
2026-09-10T17:00:00Z,37284,Aljeel-net,30d,0.201843
2026-09-10T17:00:00Z,328200,Al-Madar-Al-Jadeed,30d,0.382328
2026-09-10T17:00:00Z,328286,Libyana-Mobile-AS,30d,0.481575
2026-09-10T17:00:00Z,328539,Giga-Communication,30d,0.185092
2026-09-10T18:00:00Z,21003,GPTC-AS,30d,0.331658
2026-09-10T18:00:00Z,37284,Aljeel-net,30d,0.214824
2026-09-10T18:00:00Z,328200,Al-Madar-Al-Jadeed,30d,0.436348
2026-09-10T18:00:00Z,328286,Libyana-Mobile-AS,30d,0.525963
2026-09-10T18:00:00Z,328539,Giga-Communication,30d,0.219012
2026-09-10T19:00:00Z,21003,GPTC-AS,30d,0.366834
2026-09-10T19:00:00Z,37284,Aljeel-net,30d,0.242044
2026-09-10T19:00:00Z,328200,Al-Madar-Al-Jadeed,30d,0.450586
2026-09-10T19:00:00Z,328286,Libyana-Mobile-AS,30d,0.586683
2026-09-10T19:00:00Z,328539,Giga-Communication,30d,0.235762
2026-09-10T20:00:00Z,21003,GPTC-AS,30d,0.394891
2026-09-10T20:00:00Z,37284,Aljeel-net,30d,0.261725
2026-09-10T20:00:00Z,328200,Al-Madar-Al-Jadeed,30d,0.509213
2026-09-10T20:00:00Z,328286,Libyana-Mobile-AS,30d,0.578308
2026-09-10T20:00:00Z,328539,Giga-Communication,30d,0.250419
2026-09-10T21:00:00Z,21003,GPTC-AS,30d,0.358459
2026-09-10T21:00:00Z,37284,Aljeel-net,30d,0.232831
2026-09-10T21:00:00Z,328200,Al-Madar-Al-Jadeed,30d,0.479899
2026-09-10T21:00:00Z,328286,Libyana-Mobile-AS,30d,0.566164
2026-09-10T21:00:00Z,328539,Giga-Communication,30d,0.246231
2026-09-10T22:00:00Z,21003,GPTC-AS,30d,0.371022
2026-09-10T22:00:00Z,37284,Aljeel-net,30d,0.231993
2026-09-10T22:00:00Z,328200,Al-Madar-Al-Jadeed,30d,0.466499
2026-09-10T22:00:00Z,328286,Libyana-Mobile-AS,30d,0.592546
2026-09-10T22:00:00Z,328539,Giga-Communication,30d,0.25335
2026-09-10T23:00:00Z,21003,GPTC-AS,30d,0.384003
2026-09-10T23:00:00Z,37284,Aljeel-net,30d,0.247487
2026-09-10T23:00:00Z,328200,Al-Madar-Al-Jadeed,30d,0.474874
2026-09-10T23:00:00Z,328286,Libyana-Mobile-AS,30d,0.610134
2026-09-10T23:00:00Z,328539,Giga-Communication,30d,0.233668
2026-09-11T00:00:00Z,21003,GPTC-AS,30d,0.340034
2026-09-11T00:00:00Z,37284,Aljeel-net,30d,0.238275
2026-09-11T00:00:00Z,328200,Al-Madar-Al-Jadeed,30d,0.440955
2026-09-11T00:00:00Z,328286,Libyana-Mobile-AS,30d,0.568258
2026-09-11T00:00:00Z,328539,Giga-Communication,30d,0.227806
2026-09-11T01:00:00Z,21003,GPTC-AS,30d,0.296901
2026-09-11T01:00:00Z,37284,Aljeel-net,30d,0.21608
2026-09-11T01:00:00Z,328200,Al-Madar-Al-Jadeed,30d,0.357621
2026-09-11T01:00:00Z,328286,Libyana-Mobile-AS,30d,0.524288
2026-09-11T01:00:00Z,328539,Giga-Communication,30d,0.20268
2026-09-11T02:00:00Z,21003,GPTC-AS,30d,0.25335
2026-09-11T02:00:00Z,37284,Aljeel-net,30d,0.193467
2026-09-11T02:00:00Z,328200,Al-Madar-Al-Jadeed,30d,0.261725
2026-09-11T02:00:00Z,328286,Libyana-Mobile-AS,30d,0.411642
2026-09-11T02:00:00Z,328539,Giga-Communication,30d,0.190536
2026-09-11T03:00:00Z,21003,GPTC-AS,30d,0.180905
2026-09-11T03:00:00Z,37284,Aljeel-net,30d,0.145729
2026-09-11T03:00:00Z,328200,Al-Madar-Al-Jadeed,30d,0.195561
2026-09-11T03:00:00Z,328286,Libyana-Mobile-AS,30d,0.305695
2026-09-11T03:00:00Z,328539,Giga-Communication,30d,0.140285
2026-09-11T04:00:00Z,21003,GPTC-AS,30d,0.180486
2026-09-11T04:00:00Z,37284,Aljeel-net,30d,0.130235
2026-09-11T04:00:00Z,328200,Al-Madar-Al-Jadeed,30d,0.153685
2026-09-11T04:00:00Z,328286,Libyana-Mobile-AS,30d,0.261307
2026-09-11T04:00:00Z,328539,Giga-Communication,30d,0.115578
2026-09-11T05:00:00Z,21003,GPTC-AS,30d,0.190536
2026-09-11T05:00:00Z,37284,Aljeel-net,30d,0.123534
2026-09-11T05:00:00Z,328200,Al-Madar-Al-Jadeed,30d,0.142797
2026-09-11T05:00:00Z,328286,Libyana-Mobile-AS,30d,0.244975
2026-09-11T05:00:00Z,328539,Giga-Communication,30d,0.104271
2026-09-11T06:00:00Z,21003,GPTC-AS,30d,0.185092
2026-09-11T06:00:00Z,37284,Aljeel-net,30d,0.11809
2026-09-11T06:00:00Z,328200,Al-Madar-Al-Jadeed,30d,0.14866
2026-09-11T06:00:00Z,328286,Libyana-Mobile-AS,30d,0.25335
2026-09-11T06:00:00Z,328539,Giga-Communication,30d,0.11474
2026-09-11T07:00:00Z,21003,GPTC-AS,30d,0.211055
2026-09-11T07:00:00Z,37284,Aljeel-net,30d,0.123116
2026-09-11T07:00:00Z,328200,Al-Madar-Al-Jadeed,30d,0.211893
2026-09-11T07:00:00Z,328286,Libyana-Mobile-AS,30d,0.257119
2026-09-11T07:00:00Z,328539,Giga-Communication,30d,0.123953
2026-09-11T08:00:00Z,21003,GPTC-AS,30d,0.225712
2026-09-11T08:00:00Z,37284,Aljeel-net,30d,0.140285
2026-09-11T08:00:00Z,328200,Al-Madar-Al-Jadeed,30d,0.238275
2026-09-11T08:00:00Z,328286,Libyana-Mobile-AS,30d,0.29397
2026-09-11T08:00:00Z,328539,Giga-Communication,30d,0.127722
2026-09-11T09:00:00Z,21003,GPTC-AS,30d,0.219849
2026-09-11T09:00:00Z,37284,Aljeel-net,30d,0.147822
2026-09-11T09:00:00Z,328200,Al-Madar-Al-Jadeed,30d,0.260469
2026-09-11T09:00:00Z,328286,Libyana-Mobile-AS,30d,0.355109
2026-09-11T09:00:00Z,328539,Giga-Communication,30d,0.144472
2026-09-11T10:00:00Z,21003,GPTC-AS,30d,0.225712
2026-09-11T10:00:00Z,37284,Aljeel-net,30d,0.133166
2026-09-11T10:00:00Z,328200,Al-Madar-Al-Jadeed,30d,0.273032
2026-09-11T10:00:00Z,328286,Libyana-Mobile-AS,30d,0.39531
2026-09-11T10:00:00Z,328539,Giga-Communication,30d,0.156616
2026-09-11T11:00:00Z,21003,GPTC-AS,30d,0.252513
2026-09-11T11:00:00Z,37284,Aljeel-net,30d,0.139866
2026-09-11T11:00:00Z,328200,Al-Madar-Al-Jadeed,30d,0.255863
2026-09-11T11:00:00Z,328286,Libyana-Mobile-AS,30d,0.368509
2026-09-11T11:00:00Z,328539,Giga-Communication,30d,0.13526
2026-09-11T12:00:00Z,21003,GPTC-AS,30d,0.299414
2026-09-11T12:00:00Z,37284,Aljeel-net,30d,0.144891
2026-09-11T12:00:00Z,328200,Al-Madar-Al-Jadeed,30d,0.321189
2026-09-11T12:00:00Z,328286,Libyana-Mobile-AS,30d,0.491206
2026-09-11T12:00:00Z,328539,Giga-Communication,30d,0.175879
2026-09-11T13:00:00Z,21003,GPTC-AS,30d,0.29732
2026-09-11T13:00:00Z,37284,Aljeel-net,30d,0.154104
2026-09-11T13:00:00Z,328200,Al-Madar-Al-Jadeed,30d,0.391122
2026-09-11T13:00:00Z,328286,Libyana-Mobile-AS,30d,0.549414
2026-09-11T13:00:00Z,328539,Giga-Communication,30d,0.186767
2026-09-11T14:00:00Z,21003,GPTC-AS,30d,0.313652
2026-09-11T14:00:00Z,37284,Aljeel-net,30d,0.16541
2026-09-11T14:00:00Z,328200,Al-Madar-Al-Jadeed,30d,0.369347
2026-09-11T14:00:00Z,328286,Libyana-Mobile-AS,30d,0.553601
2026-09-11T14:00:00Z,328539,Giga-Communication,30d,0.191792
2026-09-11T15:00:00Z,21003,GPTC-AS,30d,0.339196
2026-09-11T15:00:00Z,37284,Aljeel-net,30d,0.177136
2026-09-11T15:00:00Z,328200,Al-Madar-Al-Jadeed,30d,0.353434
2026-09-11T15:00:00Z,328286,Libyana-Mobile-AS,30d,0.50335
2026-09-11T15:00:00Z,328539,Giga-Communication,30d,0.198911
2026-09-11T16:00:00Z,21003,GPTC-AS,30d,0.332915
2026-09-11T16:00:00Z,37284,Aljeel-net,30d,0.191792
2026-09-11T16:00:00Z,328200,Al-Madar-Al-Jadeed,30d,0.398241
2026-09-11T16:00:00Z,328286,Libyana-Mobile-AS,30d,0.51005
2026-09-11T16:00:00Z,328539,Giga-Communication,30d,0.211055
2026-09-11T17:00:00Z,21003,GPTC-AS,30d,0.309045
2026-09-11T17:00:00Z,37284,Aljeel-net,30d,0.19263
2026-09-11T17:00:00Z,328200,Al-Madar-Al-Jadeed,30d,0.374791
2026-09-11T17:00:00Z,328286,Libyana-Mobile-AS,30d,0.460637
2026-09-11T17:00:00Z,328539,Giga-Communication,30d,0.191374
2026-09-11T18:00:00Z,21003,GPTC-AS,30d,0.332915
2026-09-11T18:00:00Z,37284,Aljeel-net,30d,0.211055
2026-09-11T18:00:00Z,328200,Al-Madar-Al-Jadeed,30d,0.40201
2026-09-11T18:00:00Z,328286,Libyana-Mobile-AS,30d,0.476968
2026-09-11T18:00:00Z,328539,Giga-Communication,30d,0.219012
2026-09-11T19:00:00Z,21003,GPTC-AS,30d,0.332915
2026-09-11T19:00:00Z,37284,Aljeel-net,30d,0.21943
2026-09-11T19:00:00Z,328200,Al-Madar-Al-Jadeed,30d,0.406198
2026-09-11T19:00:00Z,328286,Libyana-Mobile-AS,30d,0.526382
2026-09-11T19:00:00Z,328539,Giga-Communication,30d,0.219012
2026-09-11T20:00:00Z,21003,GPTC-AS,30d,0.379816
2026-09-11T20:00:00Z,37284,Aljeel-net,30d,0.233668
2026-09-11T20:00:00Z,328200,Al-Madar-Al-Jadeed,30d,0.449749
2026-09-11T20:00:00Z,328286,Libyana-Mobile-AS,30d,0.567839
2026-09-11T20:00:00Z,328539,Giga-Communication,30d,0.244137
2026-09-11T21:00:00Z,21003,GPTC-AS,30d,0.342965
2026-09-11T21:00:00Z,37284,Aljeel-net,30d,0.231156
2026-09-11T21:00:00Z,328200,Al-Madar-Al-Jadeed,30d,0.469849
2026-09-11T21:00:00Z,328286,Libyana-Mobile-AS,30d,0.558626
2026-09-11T21:00:00Z,328539,Giga-Communication,30d,0.257119
2026-09-11T22:00:00Z,21003,GPTC-AS,30d,0.377722
2026-09-11T22:00:00Z,37284,Aljeel-net,30d,0.220268
2026-09-11T22:00:00Z,328200,Al-Madar-Al-Jadeed,30d,0.479899
2026-09-11T22:00:00Z,328286,Libyana-Mobile-AS,30d,0.610553
2026-09-11T22:00:00Z,328539,Giga-Communication,30d,0.250838
2026-09-11T23:00:00Z,21003,GPTC-AS,30d,0.347571
2026-09-11T23:00:00Z,37284,Aljeel-net,30d,0.249581
2026-09-11T23:00:00Z,328200,Al-Madar-Al-Jadeed,30d,0.463568
2026-09-11T23:00:00Z,328286,Libyana-Mobile-AS,30d,0.623116
2026-09-11T23:00:00Z,328539,Giga-Communication,30d,0.253769
2026-09-12T00:00:00Z,21003,GPTC-AS,30d,0.309464
2026-09-12T00:00:00Z,37284,Aljeel-net,30d,0.226131
2026-09-12T00:00:00Z,328200,Al-Madar-Al-Jadeed,30d,0.387772
2026-09-12T00:00:00Z,328286,Libyana-Mobile-AS,30d,0.59464
2026-09-12T00:00:00Z,328539,Giga-Communication,30d,0.226549
2026-09-12T01:00:00Z,21003,GPTC-AS,30d,0.252931
2026-09-12T01:00:00Z,37284,Aljeel-net,30d,0.213149
2026-09-12T01:00:00Z,328200,Al-Madar-Al-Jadeed,30d,0.329983
2026-09-12T01:00:00Z,328286,Libyana-Mobile-AS,30d,0.527219
2026-09-12T01:00:00Z,328539,Giga-Communication,30d,0.207705
2026-09-12T02:00:00Z,21003,GPTC-AS,30d,0.233668
2026-09-12T02:00:00Z,37284,Aljeel-net,30d,0.163735
2026-09-12T02:00:00Z,328200,Al-Madar-Al-Jadeed,30d,0.2433
2026-09-12T02:00:00Z,328286,Libyana-Mobile-AS,30d,0.356784
2026-09-12T02:00:00Z,328539,Giga-Communication,30d,0.164573
2026-09-12T03:00:00Z,21003,GPTC-AS,30d,0.180067
2026-09-12T03:00:00Z,37284,Aljeel-net,30d,0.149916
2026-09-12T03:00:00Z,328200,Al-Madar-Al-Jadeed,30d,0.176298
2026-09-12T03:00:00Z,328286,Libyana-Mobile-AS,30d,0.276801
2026-09-12T03:00:00Z,328539,Giga-Communication,30d,0.133585
2026-09-12T04:00:00Z,21003,GPTC-AS,30d,0.161642
2026-09-12T04:00:00Z,37284,Aljeel-net,30d,0.125209
2026-09-12T04:00:00Z,328200,Al-Madar-Al-Jadeed,30d,0.156198
2026-09-12T04:00:00Z,328286,Libyana-Mobile-AS,30d,0.224874
2026-09-12T04:00:00Z,328539,Giga-Communication,30d,0.131491
2026-09-12T05:00:00Z,21003,GPTC-AS,30d,0.158291
2026-09-12T05:00:00Z,37284,Aljeel-net,30d,0.108459
2026-09-12T05:00:00Z,328200,Al-Madar-Al-Jadeed,30d,0.157035
2026-09-12T05:00:00Z,328286,Libyana-Mobile-AS,30d,0.223199
2026-09-12T05:00:00Z,328539,Giga-Communication,30d,0.11474
2026-09-12T06:00:00Z,21003,GPTC-AS,30d,0.190955
2026-09-12T06:00:00Z,37284,Aljeel-net,30d,0.103853
2026-09-12T06:00:00Z,328200,Al-Madar-Al-Jadeed,30d,0.171273
2026-09-12T06:00:00Z,328286,Libyana-Mobile-AS,30d,0.2567
2026-09-12T06:00:00Z,328539,Giga-Communication,30d,0.095059
2026-09-12T07:00:00Z,21003,GPTC-AS,30d,0.188023
2026-09-12T07:00:00Z,37284,Aljeel-net,30d,0.132747
2026-09-12T07:00:00Z,328200,Al-Madar-Al-Jadeed,30d,0.206868
2026-09-12T07:00:00Z,328286,Libyana-Mobile-AS,30d,0.296064
2026-09-12T07:00:00Z,328539,Giga-Communication,30d,0.111809
2026-09-12T08:00:00Z,21003,GPTC-AS,30d,0.224037
2026-09-12T08:00:00Z,37284,Aljeel-net,30d,0.138191
2026-09-12T08:00:00Z,328200,Al-Madar-Al-Jadeed,30d,0.244556
2026-09-12T08:00:00Z,328286,Libyana-Mobile-AS,30d,0.304439
2026-09-12T08:00:00Z,328539,Giga-Communication,30d,0.13861
2026-09-12T09:00:00Z,21003,GPTC-AS,30d,0.236181
2026-09-12T09:00:00Z,37284,Aljeel-net,30d,0.157873
2026-09-12T09:00:00Z,328200,Al-Madar-Al-Jadeed,30d,0.28057
2026-09-12T09:00:00Z,328286,Libyana-Mobile-AS,30d,0.35469
2026-09-12T09:00:00Z,328539,Giga-Communication,30d,0.136516
2026-09-12T10:00:00Z,21003,GPTC-AS,30d,0.266332
2026-09-12T10:00:00Z,37284,Aljeel-net,30d,0.173367
2026-09-12T10:00:00Z,328200,Al-Madar-Al-Jadeed,30d,0.306951
2026-09-12T10:00:00Z,328286,Libyana-Mobile-AS,30d,0.434255
2026-09-12T10:00:00Z,328539,Giga-Communication,30d,0.160804
2026-09-12T11:00:00Z,21003,GPTC-AS,30d,0.288526
2026-09-12T11:00:00Z,37284,Aljeel-net,30d,0.192211
2026-09-12T11:00:00Z,328200,Al-Madar-Al-Jadeed,30d,0.363065
2026-09-12T11:00:00Z,328286,Libyana-Mobile-AS,30d,0.430905
2026-09-12T11:00:00Z,328539,Giga-Communication,30d,0.16206
2026-09-12T12:00:00Z,21003,GPTC-AS,30d,0.295645
2026-09-12T12:00:00Z,37284,Aljeel-net,30d,0.214405
2026-09-12T12:00:00Z,328200,Al-Madar-Al-Jadeed,30d,0.408291
2026-09-12T12:00:00Z,328286,Libyana-Mobile-AS,30d,0.525126
2026-09-12T12:00:00Z,328539,Giga-Communication,30d,0.185092
2026-09-12T13:00:00Z,21003,GPTC-AS,30d,0.335008
2026-09-12T13:00:00Z,37284,Aljeel-net,30d,0.208543
2026-09-12T13:00:00Z,328200,Al-Madar-Al-Jadeed,30d,0.428811
2026-09-12T13:00:00Z,328286,Libyana-Mobile-AS,30d,0.561558
2026-09-12T13:00:00Z,328539,Giga-Communication,30d,0.198492
2026-09-12T14:00:00Z,21003,GPTC-AS,30d,0.34129
2026-09-12T14:00:00Z,37284,Aljeel-net,30d,0.235762
2026-09-12T14:00:00Z,328200,Al-Madar-Al-Jadeed,30d,0.44933
2026-09-12T14:00:00Z,328286,Libyana-Mobile-AS,30d,0.598827
2026-09-12T14:00:00Z,328539,Giga-Communication,30d,0.21608
2026-09-12T15:00:00Z,21003,GPTC-AS,30d,0.330821
2026-09-12T15:00:00Z,37284,Aljeel-net,30d,0.227806
2026-09-12T15:00:00Z,328200,Al-Madar-Al-Jadeed,30d,0.445142
2026-09-12T15:00:00Z,328286,Libyana-Mobile-AS,30d,0.592965
2026-09-12T15:00:00Z,328539,Giga-Communication,30d,0.204355
2026-09-12T16:00:00Z,21003,GPTC-AS,30d,0.342127
2026-09-12T16:00:00Z,37284,Aljeel-net,30d,0.226549
2026-09-12T16:00:00Z,328200,Al-Madar-Al-Jadeed,30d,0.412898
2026-09-12T16:00:00Z,328286,Libyana-Mobile-AS,30d,0.532663
2026-09-12T16:00:00Z,328539,Giga-Communication,30d,0.193467
2026-09-12T17:00:00Z,21003,GPTC-AS,30d,0.350921
2026-09-12T17:00:00Z,37284,Aljeel-net,30d,0.210218
2026-09-12T17:00:00Z,328200,Al-Madar-Al-Jadeed,30d,0.41206
2026-09-12T17:00:00Z,328286,Libyana-Mobile-AS,30d,0.517588
2026-09-12T17:00:00Z,328539,Giga-Communication,30d,0.200586
2026-09-12T18:00:00Z,21003,GPTC-AS,30d,0.336683
2026-09-12T18:00:00Z,37284,Aljeel-net,30d,0.223618
2026-09-12T18:00:00Z,328200,Al-Madar-Al-Jadeed,30d,0.461055
2026-09-12T18:00:00Z,328286,Libyana-Mobile-AS,30d,0.521776
2026-09-12T18:00:00Z,328539,Giga-Communication,30d,0.243719
2026-09-12T19:00:00Z,21003,GPTC-AS,30d,0.407035
2026-09-12T19:00:00Z,37284,Aljeel-net,30d,0.267588
2026-09-12T19:00:00Z,328200,Al-Madar-Al-Jadeed,30d,0.608459
2026-09-12T19:00:00Z,328286,Libyana-Mobile-AS,30d,0.770938
2026-09-12T19:00:00Z,328539,Giga-Communication,30d,0.260469
2026-09-12T20:00:00Z,21003,GPTC-AS,30d,0.423367
2026-09-12T20:00:00Z,37284,Aljeel-net,30d,0.271357
2026-09-12T20:00:00Z,328200,Al-Madar-Al-Jadeed,30d,0.571189
2026-09-12T20:00:00Z,328286,Libyana-Mobile-AS,30d,0.739112
2026-09-12T20:00:00Z,328539,Giga-Communication,30d,0.258794
2026-09-12T21:00:00Z,21003,GPTC-AS,30d,0.362228
2026-09-12T21:00:00Z,37284,Aljeel-net,30d,0.252513
2026-09-12T21:00:00Z,328200,Al-Madar-Al-Jadeed,30d,0.475712
2026-09-12T21:00:00Z,328286,Libyana-Mobile-AS,30d,0.58459
2026-09-12T21:00:00Z,328539,Giga-Communication,30d,0.231575
2026-09-12T22:00:00Z,21003,GPTC-AS,30d,0.34799
2026-09-12T22:00:00Z,37284,Aljeel-net,30d,0.23325
2026-09-12T22:00:00Z,328200,Al-Madar-Al-Jadeed,30d,0.502513
2026-09-12T22:00:00Z,328286,Libyana-Mobile-AS,30d,0.605946
2026-09-12T22:00:00Z,328539,Giga-Communication,30d,0.244975
2026-09-12T23:00:00Z,21003,GPTC-AS,30d,0.353434
2026-09-12T23:00:00Z,37284,Aljeel-net,30d,0.262982
2026-09-12T23:00:00Z,328200,Al-Madar-Al-Jadeed,30d,0.477387
2026-09-12T23:00:00Z,328286,Libyana-Mobile-AS,30d,0.616415
2026-09-12T23:00:00Z,328539,Giga-Communication,30d,0.228224
2026-09-13T00:00:00Z,21003,GPTC-AS,30d,0.321189
2026-09-13T00:00:00Z,37284,Aljeel-net,30d,0.235762
2026-09-13T00:00:00Z,328200,Al-Madar-Al-Jadeed,30d,0.420017
2026-09-13T00:00:00Z,328286,Libyana-Mobile-AS,30d,0.546901
2026-09-13T00:00:00Z,328539,Giga-Communication,30d,0.219012
2026-09-13T01:00:00Z,21003,GPTC-AS,30d,0.244137
2026-09-13T01:00:00Z,37284,Aljeel-net,30d,0.179229
2026-09-13T01:00:00Z,328200,Al-Madar-Al-Jadeed,30d,0.320352
2026-09-13T01:00:00Z,328286,Libyana-Mobile-AS,30d,0.468593
2026-09-13T01:00:00Z,328539,Giga-Communication,30d,0.183836
2026-09-13T02:00:00Z,21003,GPTC-AS,30d,0.191374
2026-09-13T02:00:00Z,37284,Aljeel-net,30d,0.167923
2026-09-13T02:00:00Z,328200,Al-Madar-Al-Jadeed,30d,0.213149
2026-09-13T02:00:00Z,328286,Libyana-Mobile-AS,30d,0.332496
2026-09-13T02:00:00Z,328539,Giga-Communication,30d,0.16206
2026-09-13T03:00:00Z,21003,GPTC-AS,30d,0.151173
2026-09-13T03:00:00Z,37284,Aljeel-net,30d,0.128141
2026-09-13T03:00:00Z,328200,Al-Madar-Al-Jadeed,30d,0.176717
2026-09-13T03:00:00Z,328286,Libyana-Mobile-AS,30d,0.231993
2026-09-13T03:00:00Z,328539,Giga-Communication,30d,0.126466
2026-09-13T04:00:00Z,21003,GPTC-AS,30d,0.146147
2026-09-13T04:00:00Z,37284,Aljeel-net,30d,0.128978
2026-09-13T04:00:00Z,328200,Al-Madar-Al-Jadeed,30d,0.15871
2026-09-13T04:00:00Z,328286,Libyana-Mobile-AS,30d,0.221106
2026-09-13T04:00:00Z,328539,Giga-Communication,30d,0.110972
2026-09-13T05:00:00Z,21003,GPTC-AS,30d,0.158291
2026-09-13T05:00:00Z,37284,Aljeel-net,30d,0.130235
2026-09-13T05:00:00Z,328200,Al-Madar-Al-Jadeed,30d,0.152429
2026-09-13T05:00:00Z,328286,Libyana-Mobile-AS,30d,0.210637
2026-09-13T05:00:00Z,328539,Giga-Communication,30d,0.10469
2026-09-13T06:00:00Z,21003,GPTC-AS,30d,0.181742
2026-09-13T06:00:00Z,37284,Aljeel-net,30d,0.117672
2026-09-13T06:00:00Z,328200,Al-Madar-Al-Jadeed,30d,0.205193
2026-09-13T06:00:00Z,328286,Libyana-Mobile-AS,30d,0.231575
2026-09-13T06:00:00Z,328539,Giga-Communication,30d,0.115578
2026-09-13T07:00:00Z,21003,GPTC-AS,30d,0.221106
2026-09-13T07:00:00Z,37284,Aljeel-net,30d,0.149916
2026-09-13T07:00:00Z,328200,Al-Madar-Al-Jadeed,30d,0.257538
2026-09-13T07:00:00Z,328286,Libyana-Mobile-AS,30d,0.315745
2026-09-13T07:00:00Z,328539,Giga-Communication,30d,0.120184
2026-09-13T08:00:00Z,21003,GPTC-AS,30d,0.266332
2026-09-13T08:00:00Z,37284,Aljeel-net,30d,0.160385
2026-09-13T08:00:00Z,328200,Al-Madar-Al-Jadeed,30d,0.289363
2026-09-13T08:00:00Z,328286,Libyana-Mobile-AS,30d,0.359296
2026-09-13T08:00:00Z,328539,Giga-Communication,30d,0.130653
2026-09-13T09:00:00Z,21003,GPTC-AS,30d,0.277219
2026-09-13T09:00:00Z,37284,Aljeel-net,30d,0.172948
2026-09-13T09:00:00Z,328200,Al-Madar-Al-Jadeed,30d,0.313652
2026-09-13T09:00:00Z,328286,Libyana-Mobile-AS,30d,0.420017
2026-09-13T09:00:00Z,328539,Giga-Communication,30d,0.128559
2026-09-13T10:00:00Z,21003,GPTC-AS,30d,0.277638
2026-09-13T10:00:00Z,37284,Aljeel-net,30d,0.181323
2026-09-13T10:00:00Z,328200,Al-Madar-Al-Jadeed,30d,0.325377
2026-09-13T10:00:00Z,328286,Libyana-Mobile-AS,30d,0.40536
2026-09-13T10:00:00Z,328539,Giga-Communication,30d,0.154941
2026-09-13T11:00:00Z,21003,GPTC-AS,30d,0.288945
2026-09-13T11:00:00Z,37284,Aljeel-net,30d,0.190117
2026-09-13T11:00:00Z,328200,Al-Madar-Al-Jadeed,30d,0.345059
2026-09-13T11:00:00Z,328286,Libyana-Mobile-AS,30d,0.428392
2026-09-13T11:00:00Z,328539,Giga-Communication,30d,0.172529
2026-09-13T12:00:00Z,21003,GPTC-AS,30d,0.310302
2026-09-13T12:00:00Z,37284,Aljeel-net,30d,0.212312
2026-09-13T12:00:00Z,328200,Al-Madar-Al-Jadeed,30d,0.379397
2026-09-13T12:00:00Z,328286,Libyana-Mobile-AS,30d,0.509631
2026-09-13T12:00:00Z,328539,Giga-Communication,30d,0.187605
2026-09-13T13:00:00Z,21003,GPTC-AS,30d,0.36139
2026-09-13T13:00:00Z,37284,Aljeel-net,30d,0.218593
2026-09-13T13:00:00Z,328200,Al-Madar-Al-Jadeed,30d,0.400335
2026-09-13T13:00:00Z,328286,Libyana-Mobile-AS,30d,0.528057
2026-09-13T13:00:00Z,328539,Giga-Communication,30d,0.189698
2026-09-13T14:00:00Z,21003,GPTC-AS,30d,0.347571
2026-09-13T14:00:00Z,37284,Aljeel-net,30d,0.241206
2026-09-13T14:00:00Z,328200,Al-Madar-Al-Jadeed,30d,0.46273
2026-09-13T14:00:00Z,328286,Libyana-Mobile-AS,30d,0.624372
2026-09-13T14:00:00Z,328539,Giga-Communication,30d,0.237018
2026-09-13T15:00:00Z,21003,GPTC-AS,30d,0.379816
2026-09-13T15:00:00Z,37284,Aljeel-net,30d,0.238693
2026-09-13T15:00:00Z,328200,Al-Madar-Al-Jadeed,30d,0.470687
2026-09-13T15:00:00Z,328286,Libyana-Mobile-AS,30d,0.559045
2026-09-13T15:00:00Z,328539,Giga-Communication,30d,0.232831
2026-09-13T16:00:00Z,21003,GPTC-AS,30d,0.366415
2026-09-13T16:00:00Z,37284,Aljeel-net,30d,0.196817
2026-09-13T16:00:00Z,328200,Al-Madar-Al-Jadeed,30d,0.443049
2026-09-13T16:00:00Z,328286,Libyana-Mobile-AS,30d,0.538526
2026-09-13T16:00:00Z,328539,Giga-Communication,30d,0.208124
2026-09-13T17:00:00Z,21003,GPTC-AS,30d,0.319933
2026-09-13T17:00:00Z,37284,Aljeel-net,30d,0.214824
2026-09-13T17:00:00Z,328200,Al-Madar-Al-Jadeed,30d,0.394054
2026-09-13T17:00:00Z,328286,Libyana-Mobile-AS,30d,0.471106
2026-09-13T17:00:00Z,328539,Giga-Communication,30d,0.192211
2026-06-21T00:00:00Z,21003,GPTC-AS,12w,0.529741
2026-06-21T00:00:00Z,37284,Aljeel-net,12w,0.386451
2026-06-21T00:00:00Z,328200,Al-Madar-Al-Jadeed,12w,0.656407
2026-06-21T00:00:00Z,328286,Libyana-Mobile-AS,12w,0.904638
2026-06-21T00:00:00Z,328539,Giga-Communication,12w,0.390796
2026-06-22T00:00:00Z,21003,GPTC-AS,12w,0.52217
2026-06-22T00:00:00Z,37284,Aljeel-net,12w,0.370684
2026-06-22T00:00:00Z,328200,Al-Madar-Al-Jadeed,12w,0.654893
2026-06-22T00:00:00Z,328286,Libyana-Mobile-AS,12w,0.894532
2026-06-22T00:00:00Z,328539,Giga-Communication,12w,0.391751
2026-06-23T00:00:00Z,21003,GPTC-AS,12w,0.502222
2026-06-23T00:00:00Z,37284,Aljeel-net,12w,0.360413
2026-06-23T00:00:00Z,328200,Al-Madar-Al-Jadeed,12w,0.645479
2026-06-23T00:00:00Z,328286,Libyana-Mobile-AS,12w,0.901577
2026-06-23T00:00:00Z,328539,Giga-Communication,12w,0.389282
2026-06-24T00:00:00Z,21003,GPTC-AS,12w,0.471642
2026-06-24T00:00:00Z,37284,Aljeel-net,12w,0.356661
2026-06-24T00:00:00Z,328200,Al-Madar-Al-Jadeed,12w,0.647256
2026-06-24T00:00:00Z,328286,Libyana-Mobile-AS,12w,0.860265
2026-06-24T00:00:00Z,328539,Giga-Communication,12w,0.363014
2026-06-25T00:00:00Z,21003,GPTC-AS,12w,0.459034
2026-06-25T00:00:00Z,37284,Aljeel-net,12w,0.353336
2026-06-25T00:00:00Z,328200,Al-Madar-Al-Jadeed,12w,0.581553
2026-06-25T00:00:00Z,328286,Libyana-Mobile-AS,12w,0.802166
2026-06-25T00:00:00Z,328539,Giga-Communication,12w,0.347312
2026-06-26T00:00:00Z,21003,GPTC-AS,12w,0.469337
2026-06-26T00:00:00Z,37284,Aljeel-net,12w,0.346555
2026-06-26T00:00:00Z,328200,Al-Madar-Al-Jadeed,12w,0.606702
2026-06-26T00:00:00Z,328286,Libyana-Mobile-AS,12w,0.831068
2026-06-26T00:00:00Z,328539,Giga-Communication,12w,0.357714
2026-06-27T00:00:00Z,21003,GPTC-AS,12w,0.495737
2026-06-27T00:00:00Z,37284,Aljeel-net,12w,0.35564
2026-06-27T00:00:00Z,328200,Al-Madar-Al-Jadeed,12w,0.660193
2026-06-27T00:00:00Z,328286,Libyana-Mobile-AS,12w,0.864215
2026-06-27T00:00:00Z,328539,Giga-Communication,12w,0.364726
2026-06-28T00:00:00Z,21003,GPTC-AS,12w,0.48234
2026-06-28T00:00:00Z,37284,Aljeel-net,12w,0.349189
2026-06-28T00:00:00Z,328200,Al-Madar-Al-Jadeed,12w,0.63613
2026-06-28T00:00:00Z,328286,Libyana-Mobile-AS,12w,0.827875
2026-06-28T00:00:00Z,328539,Giga-Communication,12w,0.361566
2026-06-29T00:00:00Z,21003,GPTC-AS,12w,0.543698
2026-06-29T00:00:00Z,37284,Aljeel-net,12w,0.370947
2026-06-29T00:00:00Z,328200,Al-Madar-Al-Jadeed,12w,0.660292
2026-06-29T00:00:00Z,328286,Libyana-Mobile-AS,12w,0.875045
2026-06-29T00:00:00Z,328539,Giga-Communication,12w,0.354324
2026-06-30T00:00:00Z,21003,GPTC-AS,12w,0.589091
2026-06-30T00:00:00Z,37284,Aljeel-net,12w,0.396919
2026-06-30T00:00:00Z,328200,Al-Madar-Al-Jadeed,12w,0.746042
2026-06-30T00:00:00Z,328286,Libyana-Mobile-AS,12w,0.938247
2026-06-30T00:00:00Z,328539,Giga-Communication,12w,0.380855
2026-07-01T00:00:00Z,21003,GPTC-AS,12w,0.531848
2026-07-01T00:00:00Z,37284,Aljeel-net,12w,0.351822
2026-07-01T00:00:00Z,328200,Al-Madar-Al-Jadeed,12w,0.703117
2026-07-01T00:00:00Z,328286,Libyana-Mobile-AS,12w,0.870865
2026-07-01T00:00:00Z,328539,Giga-Communication,12w,0.361039
2026-07-02T00:00:00Z,21003,GPTC-AS,12w,0.485697
2026-07-02T00:00:00Z,37284,Aljeel-net,12w,0.349419
2026-07-02T00:00:00Z,328200,Al-Madar-Al-Jadeed,12w,0.640212
2026-07-02T00:00:00Z,328286,Libyana-Mobile-AS,12w,0.79917
2026-07-02T00:00:00Z,328539,Giga-Communication,12w,0.34277
2026-07-03T00:00:00Z,21003,GPTC-AS,12w,0.600678
2026-07-03T00:00:00Z,37284,Aljeel-net,12w,0.410382
2026-07-03T00:00:00Z,328200,Al-Madar-Al-Jadeed,12w,0.839297
2026-07-03T00:00:00Z,328286,Libyana-Mobile-AS,12w,0.993482
2026-07-03T00:00:00Z,328539,Giga-Communication,12w,0.403107
2026-07-04T00:00:00Z,21003,GPTC-AS,12w,0.576122
2026-07-04T00:00:00Z,37284,Aljeel-net,12w,0.392969
2026-07-04T00:00:00Z,328200,Al-Madar-Al-Jadeed,12w,0.701537
2026-07-04T00:00:00Z,328286,Libyana-Mobile-AS,12w,0.897824
2026-07-04T00:00:00Z,328539,Giga-Communication,12w,0.376642
2026-07-05T00:00:00Z,21003,GPTC-AS,12w,0.561111
2026-07-05T00:00:00Z,37284,Aljeel-net,12w,0.36884
2026-07-05T00:00:00Z,328200,Al-Madar-Al-Jadeed,12w,0.662398
2026-07-05T00:00:00Z,328286,Libyana-Mobile-AS,12w,0.861088
2026-07-05T00:00:00Z,328539,Giga-Communication,12w,0.359327
2026-07-06T00:00:00Z,21003,GPTC-AS,12w,0.548965
2026-07-06T00:00:00Z,37284,Aljeel-net,12w,0.357352
2026-07-06T00:00:00Z,328200,Al-Madar-Al-Jadeed,12w,0.733039
2026-07-06T00:00:00Z,328286,Libyana-Mobile-AS,12w,0.940452
2026-07-06T00:00:00Z,328539,Giga-Communication,12w,0.371507
2026-07-07T00:00:00Z,21003,GPTC-AS,12w,0.603279
2026-07-07T00:00:00Z,37284,Aljeel-net,12w,0.394286
2026-07-07T00:00:00Z,328200,Al-Madar-Al-Jadeed,12w,0.768327
2026-07-07T00:00:00Z,328286,Libyana-Mobile-AS,12w,1.0
2026-07-07T00:00:00Z,328539,Giga-Communication,12w,0.392343
2026-07-08T00:00:00Z,21003,GPTC-AS,12w,0.485895
2026-07-08T00:00:00Z,37284,Aljeel-net,12w,0.345436
2026-07-08T00:00:00Z,328200,Al-Madar-Al-Jadeed,12w,0.575463
2026-07-08T00:00:00Z,328286,Libyana-Mobile-AS,12w,0.767438
2026-07-08T00:00:00Z,328539,Giga-Communication,12w,0.329504
2026-07-09T00:00:00Z,21003,GPTC-AS,12w,0.535436
2026-07-09T00:00:00Z,37284,Aljeel-net,12w,0.357484
2026-07-09T00:00:00Z,328200,Al-Madar-Al-Jadeed,12w,0.692715
2026-07-09T00:00:00Z,328286,Libyana-Mobile-AS,12w,0.891702
2026-07-09T00:00:00Z,328539,Giga-Communication,12w,0.35225
2026-07-10T00:00:00Z,21003,GPTC-AS,12w,0.507917
2026-07-10T00:00:00Z,37284,Aljeel-net,12w,0.334968
2026-07-10T00:00:00Z,328200,Al-Madar-Al-Jadeed,12w,0.618289
2026-07-10T00:00:00Z,328286,Libyana-Mobile-AS,12w,0.840219
2026-07-10T00:00:00Z,328539,Giga-Communication,12w,0.343099
2026-07-11T00:00:00Z,21003,GPTC-AS,12w,0.510221
2026-07-11T00:00:00Z,37284,Aljeel-net,12w,0.341585
2026-07-11T00:00:00Z,328200,Al-Madar-Al-Jadeed,12w,0.673393
2026-07-11T00:00:00Z,328286,Libyana-Mobile-AS,12w,0.873696
2026-07-11T00:00:00Z,328539,Giga-Communication,12w,0.348464
2026-07-12T00:00:00Z,21003,GPTC-AS,12w,0.550084
2026-07-12T00:00:00Z,37284,Aljeel-net,12w,0.356793
2026-07-12T00:00:00Z,328200,Al-Madar-Al-Jadeed,12w,0.624181
2026-07-12T00:00:00Z,328286,Libyana-Mobile-AS,12w,0.83222
2026-07-12T00:00:00Z,328539,Giga-Communication,12w,0.360381
2026-07-13T00:00:00Z,21003,GPTC-AS,12w,0.487409
2026-07-13T00:00:00Z,37284,Aljeel-net,12w,0.333355
2026-07-13T00:00:00Z,328200,Al-Madar-Al-Jadeed,12w,0.577208
2026-07-13T00:00:00Z,328286,Libyana-Mobile-AS,12w,0.757892
2026-07-13T00:00:00Z,328539,Giga-Communication,12w,0.359689
2026-07-14T00:00:00Z,21003,GPTC-AS,12w,0.541427
2026-07-14T00:00:00Z,37284,Aljeel-net,12w,0.344053
2026-07-14T00:00:00Z,328200,Al-Madar-Al-Jadeed,12w,0.676059
2026-07-14T00:00:00Z,328286,Libyana-Mobile-AS,12w,0.896507
2026-07-14T00:00:00Z,328539,Giga-Communication,12w,0.358669
2026-07-15T00:00:00Z,21003,GPTC-AS,12w,0.564041
2026-07-15T00:00:00Z,37284,Aljeel-net,12w,0.366009
2026-07-15T00:00:00Z,328200,Al-Madar-Al-Jadeed,12w,0.654893
2026-07-15T00:00:00Z,328286,Libyana-Mobile-AS,12w,0.884624
2026-07-15T00:00:00Z,328539,Giga-Communication,12w,0.350802
2026-07-16T00:00:00Z,21003,GPTC-AS,12w,0.45515
2026-07-16T00:00:00Z,37284,Aljeel-net,12w,0.298924
2026-07-16T00:00:00Z,328200,Al-Madar-Al-Jadeed,12w,0.521841
2026-07-16T00:00:00Z,328286,Libyana-Mobile-AS,12w,0.684025
2026-07-16T00:00:00Z,328539,Giga-Communication,12w,0.31163
2026-07-17T00:00:00Z,21003,GPTC-AS,12w,0.465815
2026-07-17T00:00:00Z,37284,Aljeel-net,12w,0.300602
2026-07-17T00:00:00Z,328200,Al-Madar-Al-Jadeed,12w,0.518483
2026-07-17T00:00:00Z,328286,Libyana-Mobile-AS,12w,0.709668
2026-07-17T00:00:00Z,328539,Giga-Communication,12w,0.302643
2026-07-18T00:00:00Z,21003,GPTC-AS,12w,0.45775
2026-07-18T00:00:00Z,37284,Aljeel-net,12w,0.270977
2026-07-18T00:00:00Z,328200,Al-Madar-Al-Jadeed,12w,0.556865
2026-07-18T00:00:00Z,328286,Libyana-Mobile-AS,12w,0.745548
2026-07-18T00:00:00Z,328539,Giga-Communication,12w,0.28286
2026-07-19T00:00:00Z,21003,GPTC-AS,12w,0.55591
2026-07-19T00:00:00Z,37284,Aljeel-net,12w,0.330524
2026-07-19T00:00:00Z,328200,Al-Madar-Al-Jadeed,12w,0.725962
2026-07-19T00:00:00Z,328286,Libyana-Mobile-AS,12w,0.963396
2026-07-19T00:00:00Z,328539,Giga-Communication,12w,0.32348
2026-07-20T00:00:00Z,21003,GPTC-AS,12w,0.466803
2026-07-20T00:00:00Z,37284,Aljeel-net,12w,0.299911
2026-07-20T00:00:00Z,328200,Al-Madar-Al-Jadeed,12w,0.547878
2026-07-20T00:00:00Z,328286,Libyana-Mobile-AS,12w,0.741302
2026-07-20T00:00:00Z,328539,Giga-Communication,12w,0.30498
2026-07-21T00:00:00Z,21003,GPTC-AS,12w,0.453307
2026-07-21T00:00:00Z,37284,Aljeel-net,12w,0.313012
2026-07-21T00:00:00Z,328200,Al-Madar-Al-Jadeed,12w,0.542381
2026-07-21T00:00:00Z,328286,Libyana-Mobile-AS,12w,0.749663
2026-07-21T00:00:00Z,328539,Giga-Communication,12w,0.30317
2026-07-22T00:00:00Z,21003,GPTC-AS,12w,0.434412
2026-07-22T00:00:00Z,37284,Aljeel-net,12w,0.297936
2026-07-22T00:00:00Z,328200,Al-Madar-Al-Jadeed,12w,0.543237
2026-07-22T00:00:00Z,328286,Libyana-Mobile-AS,12w,0.747095
2026-07-22T00:00:00Z,328539,Giga-Communication,12w,0.290628
2026-07-23T00:00:00Z,21003,GPTC-AS,12w,0.417624
2026-07-23T00:00:00Z,37284,Aljeel-net,12w,0.279667
2026-07-23T00:00:00Z,328200,Al-Madar-Al-Jadeed,12w,0.529543
2026-07-23T00:00:00Z,328286,Libyana-Mobile-AS,12w,0.731723
2026-07-23T00:00:00Z,328539,Giga-Communication,12w,0.277099
2026-07-24T00:00:00Z,21003,GPTC-AS,12w,0.390171
2026-07-24T00:00:00Z,37284,Aljeel-net,12w,0.252016
2026-07-24T00:00:00Z,328200,Al-Madar-Al-Jadeed,12w,0.503637
2026-07-24T00:00:00Z,328286,Libyana-Mobile-AS,12w,0.658251
2026-07-24T00:00:00Z,328539,Giga-Communication,12w,0.252773
2026-07-25T00:00:00Z,21003,GPTC-AS,12w,0.437539
2026-07-25T00:00:00Z,37284,Aljeel-net,12w,0.261101
2026-07-25T00:00:00Z,328200,Al-Madar-Al-Jadeed,12w,0.525495
2026-07-25T00:00:00Z,328286,Libyana-Mobile-AS,12w,0.70078
2026-07-25T00:00:00Z,328539,Giga-Communication,12w,0.266237
2026-07-26T00:00:00Z,21003,GPTC-AS,12w,0.431054
2026-07-26T00:00:00Z,37284,Aljeel-net,12w,0.2823
2026-07-26T00:00:00Z,328200,Al-Madar-Al-Jadeed,12w,0.54857
2026-07-26T00:00:00Z,328286,Libyana-Mobile-AS,12w,0.700418
2026-07-26T00:00:00Z,328539,Giga-Communication,12w,0.291748
2026-07-27T00:00:00Z,21003,GPTC-AS,12w,0.415419
2026-07-27T00:00:00Z,37284,Aljeel-net,12w,0.285757
2026-07-27T00:00:00Z,328200,Al-Madar-Al-Jadeed,12w,0.523816
2026-07-27T00:00:00Z,328286,Libyana-Mobile-AS,12w,0.690872
2026-07-27T00:00:00Z,328539,Giga-Communication,12w,0.288423
2026-07-28T00:00:00Z,21003,GPTC-AS,12w,0.404161
2026-07-28T00:00:00Z,37284,Aljeel-net,12w,0.298792
2026-07-28T00:00:00Z,328200,Al-Madar-Al-Jadeed,12w,0.526054
2026-07-28T00:00:00Z,328286,Libyana-Mobile-AS,12w,0.645808
2026-07-28T00:00:00Z,328539,Giga-Communication,12w,0.263142
2026-07-29T00:00:00Z,21003,GPTC-AS,12w,0.453603
2026-07-29T00:00:00Z,37284,Aljeel-net,12w,0.293262
2026-07-29T00:00:00Z,328200,Al-Madar-Al-Jadeed,12w,0.507324
2026-07-29T00:00:00Z,328286,Libyana-Mobile-AS,12w,0.678199
2026-07-29T00:00:00Z,328539,Giga-Communication,12w,0.287238
2026-07-30T00:00:00Z,21003,GPTC-AS,12w,0.49363
2026-07-30T00:00:00Z,37284,Aljeel-net,12w,0.285197
2026-07-30T00:00:00Z,328200,Al-Madar-Al-Jadeed,12w,0.519043
2026-07-30T00:00:00Z,328286,Libyana-Mobile-AS,12w,0.715363
2026-07-30T00:00:00Z,328539,Giga-Communication,12w,0.279074
2026-07-31T00:00:00Z,21003,GPTC-AS,12w,0.456532
2026-07-31T00:00:00Z,37284,Aljeel-net,12w,0.292801
2026-07-31T00:00:00Z,328200,Al-Madar-Al-Jadeed,12w,0.513513
2026-07-31T00:00:00Z,328286,Libyana-Mobile-AS,12w,0.734948
2026-07-31T00:00:00Z,328539,Giga-Communication,12w,0.274729
2026-08-01T00:00:00Z,21003,GPTC-AS,12w,0.452122
2026-08-01T00:00:00Z,37284,Aljeel-net,12w,0.287633
2026-08-01T00:00:00Z,328200,Al-Madar-Al-Jadeed,12w,0.524672
2026-08-01T00:00:00Z,328286,Libyana-Mobile-AS,12w,0.697521
2026-08-01T00:00:00Z,328539,Giga-Communication,12w,0.308931
2026-08-02T00:00:00Z,21003,GPTC-AS,12w,0.504427
2026-08-02T00:00:00Z,37284,Aljeel-net,12w,0.334376
2026-08-02T00:00:00Z,328200,Al-Madar-Al-Jadeed,12w,0.542348
2026-08-02T00:00:00Z,328286,Libyana-Mobile-AS,12w,0.704269
2026-08-02T00:00:00Z,328539,Giga-Communication,12w,0.311926
2026-08-03T00:00:00Z,21003,GPTC-AS,12w,0.550907
2026-08-03T00:00:00Z,37284,Aljeel-net,12w,0.353501
2026-08-03T00:00:00Z,328200,Al-Madar-Al-Jadeed,12w,0.537016
2026-08-03T00:00:00Z,328286,Libyana-Mobile-AS,12w,0.707693
2026-08-03T00:00:00Z,328539,Giga-Communication,12w,0.323776
2026-08-04T00:00:00Z,21003,GPTC-AS,12w,0.528457
2026-08-04T00:00:00Z,37284,Aljeel-net,12w,0.345173
2026-08-04T00:00:00Z,328200,Al-Madar-Al-Jadeed,12w,0.55252
2026-08-04T00:00:00Z,328286,Libyana-Mobile-AS,12w,0.71635
2026-08-04T00:00:00Z,328539,Giga-Communication,12w,0.320485
2026-08-05T00:00:00Z,21003,GPTC-AS,12w,0.480266
2026-08-05T00:00:00Z,37284,Aljeel-net,12w,0.339675
2026-08-05T00:00:00Z,328200,Al-Madar-Al-Jadeed,12w,0.548109
2026-08-05T00:00:00Z,328286,Libyana-Mobile-AS,12w,0.71849
2026-08-05T00:00:00Z,328539,Giga-Communication,12w,0.319991
2026-08-06T00:00:00Z,21003,GPTC-AS,12w,0.526548
2026-08-06T00:00:00Z,37284,Aljeel-net,12w,0.337832
2026-08-06T00:00:00Z,328200,Al-Madar-Al-Jadeed,12w,0.531683
2026-08-06T00:00:00Z,328286,Libyana-Mobile-AS,12w,0.706179
2026-08-06T00:00:00Z,328539,Giga-Communication,12w,0.31107
2026-08-07T00:00:00Z,21003,GPTC-AS,12w,0.531979
2026-08-07T00:00:00Z,37284,Aljeel-net,12w,0.321044
2026-08-07T00:00:00Z,328200,Al-Madar-Al-Jadeed,12w,0.534876
2026-08-07T00:00:00Z,328286,Libyana-Mobile-AS,12w,0.699496
2026-08-07T00:00:00Z,328539,Giga-Communication,12w,0.313802
2026-08-08T00:00:00Z,21003,GPTC-AS,12w,0.49791
2026-08-08T00:00:00Z,37284,Aljeel-net,12w,0.358899
2026-08-08T00:00:00Z,328200,Al-Madar-Al-Jadeed,12w,0.523157
2026-08-08T00:00:00Z,328286,Libyana-Mobile-AS,12w,0.649659
2026-08-08T00:00:00Z,328539,Giga-Communication,12w,0.296521
2026-08-09T00:00:00Z,21003,GPTC-AS,12w,0.515981
2026-08-09T00:00:00Z,37284,Aljeel-net,12w,0.330096
2026-08-09T00:00:00Z,328200,Al-Madar-Al-Jadeed,12w,0.535765
2026-08-09T00:00:00Z,328286,Libyana-Mobile-AS,12w,0.718523
2026-08-09T00:00:00Z,328539,Giga-Communication,12w,0.302248
2026-08-10T00:00:00Z,21003,GPTC-AS,12w,0.507982
2026-08-10T00:00:00Z,37284,Aljeel-net,12w,0.323941
2026-08-10T00:00:00Z,328200,Al-Madar-Al-Jadeed,12w,0.564238
2026-08-10T00:00:00Z,328286,Libyana-Mobile-AS,12w,0.715758
2026-08-10T00:00:00Z,328539,Giga-Communication,12w,0.303038
2026-08-11T00:00:00Z,21003,GPTC-AS,12w,0.549228
2026-08-11T00:00:00Z,37284,Aljeel-net,12w,0.344843
2026-08-11T00:00:00Z,328200,Al-Madar-Al-Jadeed,12w,0.570065
2026-08-11T00:00:00Z,328286,Libyana-Mobile-AS,12w,0.733698
2026-08-11T00:00:00Z,328539,Giga-Communication,12w,0.312716
2026-08-12T00:00:00Z,21003,GPTC-AS,12w,0.515652
2026-08-12T00:00:00Z,37284,Aljeel-net,12w,0.344185
2026-08-12T00:00:00Z,328200,Al-Madar-Al-Jadeed,12w,0.569308
2026-08-12T00:00:00Z,328286,Libyana-Mobile-AS,12w,0.738635
2026-08-12T00:00:00Z,328539,Giga-Communication,12w,0.318016
2026-08-13T00:00:00Z,21003,GPTC-AS,12w,0.512723
2026-08-13T00:00:00Z,37284,Aljeel-net,12w,0.337602
2026-08-13T00:00:00Z,328200,Al-Madar-Al-Jadeed,12w,0.562658
2026-08-13T00:00:00Z,328286,Libyana-Mobile-AS,12w,0.7177
2026-08-13T00:00:00Z,328539,Giga-Communication,12w,0.307581
2026-08-14T00:00:00Z,21003,GPTC-AS,12w,0.535403
2026-08-14T00:00:00Z,37284,Aljeel-net,12w,0.337964
2026-08-14T00:00:00Z,328200,Al-Madar-Al-Jadeed,12w,0.579413
2026-08-14T00:00:00Z,328286,Libyana-Mobile-AS,12w,0.741697
2026-08-14T00:00:00Z,328539,Giga-Communication,12w,0.31581
2026-08-15T00:00:00Z,21003,GPTC-AS,12w,0.500609
2026-08-15T00:00:00Z,37284,Aljeel-net,12w,0.348234
2026-08-15T00:00:00Z,328200,Al-Madar-Al-Jadeed,12w,0.597452
2026-08-15T00:00:00Z,328286,Libyana-Mobile-AS,12w,0.781165
2026-08-15T00:00:00Z,328539,Giga-Communication,12w,0.303631
2026-08-16T00:00:00Z,21003,GPTC-AS,12w,0.508476
2026-08-16T00:00:00Z,37284,Aljeel-net,12w,0.322558
2026-08-16T00:00:00Z,328200,Al-Madar-Al-Jadeed,12w,0.587676
2026-08-16T00:00:00Z,328286,Libyana-Mobile-AS,12w,0.775733
2026-08-16T00:00:00Z,328539,Giga-Communication,12w,0.277066
2026-08-17T00:00:00Z,21003,GPTC-AS,12w,0.390138
2026-08-17T00:00:00Z,37284,Aljeel-net,12w,0.248
2026-08-17T00:00:00Z,328200,Al-Madar-Al-Jadeed,12w,0.476283
2026-08-17T00:00:00Z,328286,Libyana-Mobile-AS,12w,0.638862
2026-08-17T00:00:00Z,328539,Giga-Communication,12w,0.236315
2026-08-18T00:00:00Z,21003,GPTC-AS,12w,0.473847
2026-08-18T00:00:00Z,37284,Aljeel-net,12w,0.31423
2026-08-18T00:00:00Z,328200,Al-Madar-Al-Jadeed,12w,0.58705
2026-08-18T00:00:00Z,328286,Libyana-Mobile-AS,12w,0.763982
2026-08-18T00:00:00Z,328539,Giga-Communication,12w,0.310083
2026-08-19T00:00:00Z,21003,GPTC-AS,12w,0.535831
2026-08-19T00:00:00Z,37284,Aljeel-net,12w,0.35564
2026-08-19T00:00:00Z,328200,Al-Madar-Al-Jadeed,12w,0.617795
2026-08-19T00:00:00Z,328286,Libyana-Mobile-AS,12w,0.787979
2026-08-19T00:00:00Z,328539,Giga-Communication,12w,0.331051
2026-08-20T00:00:00Z,21003,GPTC-AS,12w,0.492182
2026-08-20T00:00:00Z,37284,Aljeel-net,12w,0.318839
2026-08-20T00:00:00Z,328200,Al-Madar-Al-Jadeed,12w,0.579315
2026-08-20T00:00:00Z,328286,Libyana-Mobile-AS,12w,0.756937
2026-08-20T00:00:00Z,328539,Giga-Communication,12w,0.31265
2026-08-21T00:00:00Z,21003,GPTC-AS,12w,0.487541
2026-08-21T00:00:00Z,37284,Aljeel-net,12w,0.319596
2026-08-21T00:00:00Z,328200,Al-Madar-Al-Jadeed,12w,0.597814
2026-08-21T00:00:00Z,328286,Libyana-Mobile-AS,12w,0.789131
2026-08-21T00:00:00Z,328539,Giga-Communication,12w,0.317094
2026-08-22T00:00:00Z,21003,GPTC-AS,12w,0.499226
2026-08-22T00:00:00Z,37284,Aljeel-net,12w,0.347576
2026-08-22T00:00:00Z,328200,Al-Madar-Al-Jadeed,12w,0.60736
2026-08-22T00:00:00Z,328286,Libyana-Mobile-AS,12w,0.862734
2026-08-22T00:00:00Z,328539,Giga-Communication,12w,0.332862
2026-08-23T00:00:00Z,21003,GPTC-AS,12w,0.524013
2026-08-23T00:00:00Z,37284,Aljeel-net,12w,0.378057
2026-08-23T00:00:00Z,328200,Al-Madar-Al-Jadeed,12w,0.675401
2026-08-23T00:00:00Z,328286,Libyana-Mobile-AS,12w,0.882583
2026-08-23T00:00:00Z,328539,Giga-Communication,12w,0.334639
2026-08-24T00:00:00Z,21003,GPTC-AS,12w,0.484479
2026-08-24T00:00:00Z,37284,Aljeel-net,12w,0.348399
2026-08-24T00:00:00Z,328200,Al-Madar-Al-Jadeed,12w,0.608512
2026-08-24T00:00:00Z,328286,Libyana-Mobile-AS,12w,0.789954
2026-08-24T00:00:00Z,328539,Giga-Communication,12w,0.319267
2026-08-25T00:00:00Z,21003,GPTC-AS,12w,0.483393
2026-08-25T00:00:00Z,37284,Aljeel-net,12w,0.336845
2026-08-25T00:00:00Z,328200,Al-Madar-Al-Jadeed,12w,0.602982
2026-08-25T00:00:00Z,328286,Libyana-Mobile-AS,12w,0.779321
2026-08-25T00:00:00Z,328539,Giga-Communication,12w,0.336153
2026-08-26T00:00:00Z,21003,GPTC-AS,12w,0.530465
2026-08-26T00:00:00Z,37284,Aljeel-net,12w,0.357813
2026-08-26T00:00:00Z,328200,Al-Madar-Al-Jadeed,12w,0.675829
2026-08-26T00:00:00Z,328286,Libyana-Mobile-AS,12w,0.87126
2026-08-26T00:00:00Z,328539,Giga-Communication,12w,0.335199
2026-08-27T00:00:00Z,21003,GPTC-AS,12w,0.532276
2026-08-27T00:00:00Z,37284,Aljeel-net,12w,0.355311
2026-08-27T00:00:00Z,328200,Al-Madar-Al-Jadeed,12w,0.66862
2026-08-27T00:00:00Z,328286,Libyana-Mobile-AS,12w,0.873037
2026-08-27T00:00:00Z,328539,Giga-Communication,12w,0.331775
2026-08-28T00:00:00Z,21003,GPTC-AS,12w,0.494289
2026-08-28T00:00:00Z,37284,Aljeel-net,12w,0.33454
2026-08-28T00:00:00Z,328200,Al-Madar-Al-Jadeed,12w,0.638994
2026-08-28T00:00:00Z,328286,Libyana-Mobile-AS,12w,0.823003
2026-08-28T00:00:00Z,328539,Giga-Communication,12w,0.316139
2026-08-29T00:00:00Z,21003,GPTC-AS,12w,0.485401
2026-08-29T00:00:00Z,37284,Aljeel-net,12w,0.336482
2026-08-29T00:00:00Z,328200,Al-Madar-Al-Jadeed,12w,0.639093
2026-08-29T00:00:00Z,328286,Libyana-Mobile-AS,12w,0.823924
2026-08-29T00:00:00Z,328539,Giga-Communication,12w,0.314954
2026-08-30T00:00:00Z,21003,GPTC-AS,12w,0.52217
2026-08-30T00:00:00Z,37284,Aljeel-net,12w,0.361401
2026-08-30T00:00:00Z,328200,Al-Madar-Al-Jadeed,12w,0.647388
2026-08-30T00:00:00Z,328286,Libyana-Mobile-AS,12w,0.83538
2026-08-30T00:00:00Z,328539,Giga-Communication,12w,0.31637
2026-08-31T00:00:00Z,21003,GPTC-AS,12w,0.485829
2026-08-31T00:00:00Z,37284,Aljeel-net,12w,0.315942
2026-08-31T00:00:00Z,328200,Al-Madar-Al-Jadeed,12w,0.585306
2026-08-31T00:00:00Z,328286,Libyana-Mobile-AS,12w,0.791139
2026-08-31T00:00:00Z,328539,Giga-Communication,12w,0.284111
2026-09-01T00:00:00Z,21003,GPTC-AS,12w,0.4881
2026-09-01T00:00:00Z,37284,Aljeel-net,12w,0.344218
2026-09-01T00:00:00Z,328200,Al-Madar-Al-Jadeed,12w,0.608052
2026-09-01T00:00:00Z,328286,Libyana-Mobile-AS,12w,0.821686
2026-09-01T00:00:00Z,328539,Giga-Communication,12w,0.326936
2026-09-02T00:00:00Z,21003,GPTC-AS,12w,0.495441
2026-09-02T00:00:00Z,37284,Aljeel-net,12w,0.368116
2026-09-02T00:00:00Z,328200,Al-Madar-Al-Jadeed,12w,0.619276
2026-09-02T00:00:00Z,328286,Libyana-Mobile-AS,12w,0.855295
2026-09-02T00:00:00Z,328539,Giga-Communication,12w,0.33194
2026-09-03T00:00:00Z,21003,GPTC-AS,12w,0.527305
2026-09-03T00:00:00Z,37284,Aljeel-net,12w,0.365944
2026-09-03T00:00:00Z,328200,Al-Madar-Al-Jadeed,12w,0.628493
2026-09-03T00:00:00Z,328286,Libyana-Mobile-AS,12w,0.834985
2026-09-03T00:00:00Z,328539,Giga-Communication,12w,0.35011
2026-09-04T00:00:00Z,21003,GPTC-AS,12w,0.506139
2026-09-04T00:00:00Z,37284,Aljeel-net,12w,0.348794
2026-09-04T00:00:00Z,328200,Al-Madar-Al-Jadeed,12w,0.660325
2026-09-04T00:00:00Z,328286,Libyana-Mobile-AS,12w,0.884525
2026-09-04T00:00:00Z,328539,Giga-Communication,12w,0.336153
2026-09-05T00:00:00Z,21003,GPTC-AS,12w,0.517463
2026-09-05T00:00:00Z,37284,Aljeel-net,12w,0.356628
2026-09-05T00:00:00Z,328200,Al-Madar-Al-Jadeed,12w,0.648343
2026-09-05T00:00:00Z,328286,Libyana-Mobile-AS,12w,0.869482
2026-09-05T00:00:00Z,328539,Giga-Communication,12w,0.347378
2026-09-06T00:00:00Z,21003,GPTC-AS,12w,0.532736
2026-09-06T00:00:00Z,37284,Aljeel-net,12w,0.37358
2026-09-06T00:00:00Z,328200,Al-Madar-Al-Jadeed,12w,0.674084
2026-09-06T00:00:00Z,328286,Libyana-Mobile-AS,12w,0.875802
2026-09-06T00:00:00Z,328539,Giga-Communication,12w,0.346456
2026-09-07T00:00:00Z,21003,GPTC-AS,12w,0.514665
2026-09-07T00:00:00Z,37284,Aljeel-net,12w,0.368281
2026-09-07T00:00:00Z,328200,Al-Madar-Al-Jadeed,12w,0.615326
2026-09-07T00:00:00Z,328286,Libyana-Mobile-AS,12w,0.809474
2026-09-07T00:00:00Z,328539,Giga-Communication,12w,0.343658
2026-09-08T00:00:00Z,21003,GPTC-AS,12w,0.594358
2026-09-08T00:00:00Z,37284,Aljeel-net,12w,0.382238
2026-09-08T00:00:00Z,328200,Al-Madar-Al-Jadeed,12w,0.698673
2026-09-08T00:00:00Z,328286,Libyana-Mobile-AS,12w,0.90635
2026-09-08T00:00:00Z,328539,Giga-Communication,12w,0.367491
2026-09-09T00:00:00Z,21003,GPTC-AS,12w,0.561572
2026-09-09T00:00:00Z,37284,Aljeel-net,12w,0.392212
2026-09-09T00:00:00Z,328200,Al-Madar-Al-Jadeed,12w,0.7124
2026-09-09T00:00:00Z,328286,Libyana-Mobile-AS,12w,0.918068
2026-09-09T00:00:00Z,328539,Giga-Communication,12w,0.364923
2026-09-10T00:00:00Z,21003,GPTC-AS,12w,0.527206
2026-09-10T00:00:00Z,37284,Aljeel-net,12w,0.390335
2026-09-10T00:00:00Z,328200,Al-Madar-Al-Jadeed,12w,0.651174
2026-09-10T00:00:00Z,328286,Libyana-Mobile-AS,12w,0.809046
2026-09-10T00:00:00Z,328539,Giga-Communication,12w,0.350999
2026-09-11T00:00:00Z,21003,GPTC-AS,12w,0.531979
2026-09-11T00:00:00Z,37284,Aljeel-net,12w,0.333355
2026-09-11T00:00:00Z,328200,Al-Madar-Al-Jadeed,12w,0.614701
2026-09-11T00:00:00Z,328286,Libyana-Mobile-AS,12w,0.838836
2026-09-11T00:00:00Z,328539,Giga-Communication,12w,0.34458
2026-09-12T00:00:00Z,21003,GPTC-AS,12w,0.543698
2026-09-12T00:00:00Z,37284,Aljeel-net,12w,0.37098
2026-09-12T00:00:00Z,328200,Al-Madar-Al-Jadeed,12w,0.68205
2026-09-12T00:00:00Z,328286,Libyana-Mobile-AS,12w,0.899898
2026-09-12T00:00:00Z,328539,Giga-Communication,12w,0.349748
2026-03-09T00:00:00Z,21003,GPTC-AS,26w,0.478321
2026-03-09T00:00:00Z,37284,Aljeel-net,26w,0.308746
2026-03-09T00:00:00Z,328200,Al-Madar-Al-Jadeed,26w,0.530991
2026-03-09T00:00:00Z,328286,Libyana-Mobile-AS,26w,0.76099
2026-03-09T00:00:00Z,328539,Giga-Communication,26w,0.305803
2026-03-16T00:00:00Z,21003,GPTC-AS,26w,0.481095
2026-03-16T00:00:00Z,37284,Aljeel-net,26w,0.314652
2026-03-16T00:00:00Z,328200,Al-Madar-Al-Jadeed,26w,0.553241
2026-03-16T00:00:00Z,328286,Libyana-Mobile-AS,26w,0.847275
2026-03-16T00:00:00Z,328539,Giga-Communication,26w,0.299418
2026-03-23T00:00:00Z,21003,GPTC-AS,26w,0.52169
2026-03-23T00:00:00Z,37284,Aljeel-net,26w,0.36469
2026-03-23T00:00:00Z,328200,Al-Madar-Al-Jadeed,26w,0.600653
2026-03-23T00:00:00Z,328286,Libyana-Mobile-AS,26w,0.933897
2026-03-23T00:00:00Z,328539,Giga-Communication,26w,0.362106
2026-03-30T00:00:00Z,21003,GPTC-AS,26w,0.570675
2026-03-30T00:00:00Z,37284,Aljeel-net,26w,0.365901
2026-03-30T00:00:00Z,328200,Al-Madar-Al-Jadeed,26w,0.60159
2026-03-30T00:00:00Z,328286,Libyana-Mobile-AS,26w,0.899613
2026-03-30T00:00:00Z,328539,Giga-Communication,26w,0.358621
2026-04-06T00:00:00Z,21003,GPTC-AS,26w,0.538455
2026-04-06T00:00:00Z,37284,Aljeel-net,26w,0.362842
2026-04-06T00:00:00Z,328200,Al-Madar-Al-Jadeed,26w,0.615744
2026-04-06T00:00:00Z,328286,Libyana-Mobile-AS,26w,0.882184
2026-04-06T00:00:00Z,328539,Giga-Communication,26w,0.357684
2026-04-13T00:00:00Z,21003,GPTC-AS,26w,0.549367
2026-04-13T00:00:00Z,37284,Aljeel-net,26w,0.370201
2026-04-13T00:00:00Z,328200,Al-Madar-Al-Jadeed,26w,0.61566
2026-04-13T00:00:00Z,328286,Libyana-Mobile-AS,26w,0.879916
2026-04-13T00:00:00Z,328539,Giga-Communication,26w,0.364885
2026-04-20T00:00:00Z,21003,GPTC-AS,26w,0.605069
2026-04-20T00:00:00Z,37284,Aljeel-net,26w,0.391004
2026-04-20T00:00:00Z,328200,Al-Madar-Al-Jadeed,26w,0.625624
2026-04-20T00:00:00Z,328286,Libyana-Mobile-AS,26w,0.885974
2026-04-20T00:00:00Z,328539,Giga-Communication,26w,0.381187
2026-04-27T00:00:00Z,21003,GPTC-AS,26w,0.585998
2026-04-27T00:00:00Z,37284,Aljeel-net,26w,0.399042
2026-04-27T00:00:00Z,328200,Al-Madar-Al-Jadeed,26w,0.601258
2026-04-27T00:00:00Z,328286,Libyana-Mobile-AS,26w,0.823572
2026-04-27T00:00:00Z,328539,Giga-Communication,26w,0.382729
2026-05-04T00:00:00Z,21003,GPTC-AS,26w,0.54155
2026-05-04T00:00:00Z,37284,Aljeel-net,26w,0.371828
2026-05-04T00:00:00Z,328200,Al-Madar-Al-Jadeed,26w,0.619771
2026-05-04T00:00:00Z,328286,Libyana-Mobile-AS,26w,0.852812
2026-05-04T00:00:00Z,328539,Giga-Communication,26w,0.376565
2026-05-11T00:00:00Z,21003,GPTC-AS,26w,0.571044
2026-05-11T00:00:00Z,37284,Aljeel-net,26w,0.396652
2026-05-11T00:00:00Z,328200,Al-Madar-Al-Jadeed,26w,0.629825
2026-05-11T00:00:00Z,328286,Libyana-Mobile-AS,26w,0.889059
2026-05-11T00:00:00Z,328539,Giga-Communication,26w,0.383171
2026-05-18T00:00:00Z,21003,GPTC-AS,26w,0.530749
2026-05-18T00:00:00Z,37284,Aljeel-net,26w,0.376176
2026-05-18T00:00:00Z,328200,Al-Madar-Al-Jadeed,26w,0.608801
2026-05-18T00:00:00Z,328286,Libyana-Mobile-AS,26w,0.87721
2026-05-18T00:00:00Z,328539,Giga-Communication,26w,0.362995
2026-05-25T00:00:00Z,21003,GPTC-AS,26w,0.50664
2026-05-25T00:00:00Z,37284,Aljeel-net,26w,0.352546
2026-05-25T00:00:00Z,328200,Al-Madar-Al-Jadeed,26w,0.569243
2026-05-25T00:00:00Z,328286,Libyana-Mobile-AS,26w,0.836605
2026-05-25T00:00:00Z,328539,Giga-Communication,26w,0.349162
2026-06-01T00:00:00Z,21003,GPTC-AS,26w,0.556231
2026-06-01T00:00:00Z,37284,Aljeel-net,26w,0.398947
2026-06-01T00:00:00Z,328200,Al-Madar-Al-Jadeed,26w,0.627419
2026-06-01T00:00:00Z,328286,Libyana-Mobile-AS,26w,0.897944
2026-06-01T00:00:00Z,328539,Giga-Communication,26w,0.395489
2026-06-08T00:00:00Z,21003,GPTC-AS,26w,0.574423
2026-06-08T00:00:00Z,37284,Aljeel-net,26w,0.381529
2026-06-08T00:00:00Z,328200,Al-Madar-Al-Jadeed,26w,0.648806
2026-06-08T00:00:00Z,328286,Libyana-Mobile-AS,26w,0.906046
2026-06-08T00:00:00Z,328539,Giga-Communication,26w,0.398542
2026-06-15T00:00:00Z,21003,GPTC-AS,26w,0.610017
2026-06-15T00:00:00Z,37284,Aljeel-net,26w,0.430546
2026-06-15T00:00:00Z,328200,Al-Madar-Al-Jadeed,26w,0.729859
2026-06-15T00:00:00Z,328286,Libyana-Mobile-AS,26w,1.0
2026-06-15T00:00:00Z,328539,Giga-Communication,26w,0.44428
2026-06-22T00:00:00Z,21003,GPTC-AS,26w,0.544093
2026-06-22T00:00:00Z,37284,Aljeel-net,26w,0.398573
2026-06-22T00:00:00Z,328200,Al-Madar-Al-Jadeed,26w,0.708756
2026-06-22T00:00:00Z,328286,Libyana-Mobile-AS,26w,0.956536
2026-06-22T00:00:00Z,328539,Giga-Communication,26w,0.411828
2026-06-29T00:00:00Z,21003,GPTC-AS,26w,0.621771
2026-06-29T00:00:00Z,37284,Aljeel-net,26w,0.422371
2026-06-29T00:00:00Z,328200,Al-Madar-Al-Jadeed,26w,0.79202
2026-06-29T00:00:00Z,328286,Libyana-Mobile-AS,26w,0.997158
2026-06-29T00:00:00Z,328539,Giga-Communication,26w,0.41226
2026-07-06T00:00:00Z,21003,GPTC-AS,26w,0.598352
2026-07-06T00:00:00Z,37284,Aljeel-net,26w,0.397842
2026-07-06T00:00:00Z,328200,Al-Madar-Al-Jadeed,26w,0.749246
2026-07-06T00:00:00Z,328286,Libyana-Mobile-AS,26w,0.982766
2026-07-06T00:00:00Z,328539,Giga-Communication,26w,0.399384
2026-07-13T00:00:00Z,21003,GPTC-AS,26w,0.564085
2026-07-13T00:00:00Z,37284,Aljeel-net,26w,0.35891
2026-07-13T00:00:00Z,328200,Al-Madar-Al-Jadeed,26w,0.676631
2026-07-13T00:00:00Z,328286,Libyana-Mobile-AS,26w,0.902161
2026-07-13T00:00:00Z,328539,Giga-Communication,26w,0.366159
2026-07-20T00:00:00Z,21003,GPTC-AS,26w,0.484674
2026-07-20T00:00:00Z,37284,Aljeel-net,26w,0.317573
2026-07-20T00:00:00Z,328200,Al-Madar-Al-Jadeed,26w,0.598184
2026-07-20T00:00:00Z,328286,Libyana-Mobile-AS,26w,0.804227
2026-07-20T00:00:00Z,328539,Giga-Communication,26w,0.317684
2026-07-27T00:00:00Z,21003,GPTC-AS,26w,0.508498
2026-07-27T00:00:00Z,37284,Aljeel-net,26w,0.332265
2026-07-27T00:00:00Z,328200,Al-Madar-Al-Jadeed,26w,0.584756
2026-07-27T00:00:00Z,328286,Libyana-Mobile-AS,26w,0.778281
2026-07-27T00:00:00Z,328539,Giga-Communication,26w,0.321974
2026-08-03T00:00:00Z,21003,GPTC-AS,26w,0.580803
2026-08-03T00:00:00Z,37284,Aljeel-net,26w,0.381582
2026-08-03T00:00:00Z,328200,Al-Madar-Al-Jadeed,26w,0.601763
2026-08-03T00:00:00Z,328286,Libyana-Mobile-AS,26w,0.786182
2026-08-03T00:00:00Z,328539,Giga-Communication,26w,0.349867
2026-08-10T00:00:00Z,21003,GPTC-AS,26w,0.580487
2026-08-10T00:00:00Z,37284,Aljeel-net,26w,0.377281
2026-08-10T00:00:00Z,328200,Al-Madar-Al-Jadeed,26w,0.644569
2026-08-10T00:00:00Z,328286,Libyana-Mobile-AS,26w,0.832236
2026-08-10T00:00:00Z,328539,Giga-Communication,26w,0.341866
2026-08-17T00:00:00Z,21003,GPTC-AS,26w,0.54414
2026-08-17T00:00:00Z,37284,Aljeel-net,26w,0.364906
2026-08-17T00:00:00Z,328200,Al-Madar-Al-Jadeed,26w,0.662192
2026-08-17T00:00:00Z,328286,Libyana-Mobile-AS,26w,0.876663
2026-08-17T00:00:00Z,328539,Giga-Communication,26w,0.347756
2026-08-24T00:00:00Z,21003,GPTC-AS,26w,0.56488
2026-08-24T00:00:00Z,37284,Aljeel-net,26w,0.388709
2026-08-24T00:00:00Z,328200,Al-Madar-Al-Jadeed,26w,0.716626
2026-08-24T00:00:00Z,328286,Libyana-Mobile-AS,26w,0.926822
2026-08-24T00:00:00Z,328539,Giga-Communication,26w,0.362974
2026-08-31T00:00:00Z,21003,GPTC-AS,26w,0.568164
2026-08-31T00:00:00Z,37284,Aljeel-net,26w,0.395494
2026-08-31T00:00:00Z,328200,Al-Madar-Al-Jadeed,26w,0.707425
2026-08-31T00:00:00Z,328286,Libyana-Mobile-AS,26w,0.948735
2026-08-31T00:00:00Z,328539,Giga-Communication,26w,0.371486
2025-09-08T00:00:00Z,21003,GPTC-AS,52w,0.455097
2025-09-08T00:00:00Z,37284,Aljeel-net,52w,0.29646
2025-09-08T00:00:00Z,328200,Al-Madar-Al-Jadeed,52w,0.472088
2025-09-08T00:00:00Z,328286,Libyana-Mobile-AS,52w,0.723937
2025-09-08T00:00:00Z,328539,Giga-Communication,52w,0.270746
2025-09-15T00:00:00Z,21003,GPTC-AS,52w,0.468804
2025-09-15T00:00:00Z,37284,Aljeel-net,52w,0.308883
2025-09-15T00:00:00Z,328200,Al-Madar-Al-Jadeed,52w,0.481853
2025-09-15T00:00:00Z,328286,Libyana-Mobile-AS,52w,0.73127
2025-09-15T00:00:00Z,328539,Giga-Communication,52w,0.285385
2025-09-22T00:00:00Z,21003,GPTC-AS,52w,0.464524
2025-09-22T00:00:00Z,37284,Aljeel-net,52w,0.310109
2025-09-22T00:00:00Z,328200,Al-Madar-Al-Jadeed,52w,0.469451
2025-09-22T00:00:00Z,328286,Libyana-Mobile-AS,52w,0.704472
2025-09-22T00:00:00Z,328539,Giga-Communication,52w,0.283185
2025-09-29T00:00:00Z,21003,GPTC-AS,52w,0.463745
2025-09-29T00:00:00Z,37284,Aljeel-net,52w,0.30284
2025-09-29T00:00:00Z,328200,Al-Madar-Al-Jadeed,52w,0.481442
2025-09-29T00:00:00Z,328286,Libyana-Mobile-AS,52w,0.718416
2025-09-29T00:00:00Z,328539,Giga-Communication,52w,0.285727
2025-10-06T00:00:00Z,21003,GPTC-AS,52w,0.474362
2025-10-06T00:00:00Z,37284,Aljeel-net,52w,0.306188
2025-10-06T00:00:00Z,328200,Al-Madar-Al-Jadeed,52w,0.465398
2025-10-06T00:00:00Z,328286,Libyana-Mobile-AS,52w,0.673473
2025-10-06T00:00:00Z,328539,Giga-Communication,52w,0.282363
2025-10-13T00:00:00Z,21003,GPTC-AS,52w,0.47291
2025-10-13T00:00:00Z,37284,Aljeel-net,52w,0.311725
2025-10-13T00:00:00Z,328200,Al-Madar-Al-Jadeed,52w,0.486364
2025-10-13T00:00:00Z,328286,Libyana-Mobile-AS,52w,0.708351
2025-10-13T00:00:00Z,328539,Giga-Communication,52w,0.282321
2025-10-20T00:00:00Z,21003,GPTC-AS,52w,0.472846
2025-10-20T00:00:00Z,37284,Aljeel-net,52w,0.315252
2025-10-20T00:00:00Z,328200,Al-Madar-Al-Jadeed,52w,0.511799
2025-10-20T00:00:00Z,328286,Libyana-Mobile-AS,52w,0.733386
2025-10-20T00:00:00Z,328539,Giga-Communication,52w,0.28579
2025-10-27T00:00:00Z,21003,GPTC-AS,52w,0.456292
2025-10-27T00:00:00Z,37284,Aljeel-net,52w,0.318126
2025-10-27T00:00:00Z,328200,Al-Madar-Al-Jadeed,52w,0.500624
2025-10-27T00:00:00Z,328286,Libyana-Mobile-AS,52w,0.703708
2025-10-27T00:00:00Z,328539,Giga-Communication,52w,0.289317
2025-11-03T00:00:00Z,21003,GPTC-AS,52w,0.472804
2025-11-03T00:00:00Z,37284,Aljeel-net,52w,0.321021
2025-11-03T00:00:00Z,328200,Al-Madar-Al-Jadeed,52w,0.525206
2025-11-03T00:00:00Z,328286,Libyana-Mobile-AS,52w,0.710383
2025-11-03T00:00:00Z,328539,Giga-Communication,52w,0.289217
2025-11-10T00:00:00Z,21003,GPTC-AS,52w,0.462482
2025-11-10T00:00:00Z,37284,Aljeel-net,52w,0.316205
2025-11-10T00:00:00Z,328200,Al-Madar-Al-Jadeed,52w,0.493739
2025-11-10T00:00:00Z,328286,Libyana-Mobile-AS,52w,0.660024
2025-11-10T00:00:00Z,328539,Giga-Communication,52w,0.278579
2025-11-17T00:00:00Z,21003,GPTC-AS,52w,0.478731
2025-11-17T00:00:00Z,37284,Aljeel-net,52w,0.319116
2025-11-17T00:00:00Z,328200,Al-Madar-Al-Jadeed,52w,0.502303
2025-11-17T00:00:00Z,328286,Libyana-Mobile-AS,52w,0.667809
2025-11-17T00:00:00Z,328539,Giga-Communication,52w,0.266904
2025-11-24T00:00:00Z,21003,GPTC-AS,52w,0.523464
2025-11-24T00:00:00Z,37284,Aljeel-net,52w,0.36628
2025-11-24T00:00:00Z,328200,Al-Madar-Al-Jadeed,52w,0.547962
2025-11-24T00:00:00Z,328286,Libyana-Mobile-AS,52w,0.73168
2025-11-24T00:00:00Z,328539,Giga-Communication,52w,0.287801
2025-12-01T00:00:00Z,21003,GPTC-AS,52w,0.490791
2025-12-01T00:00:00Z,37284,Aljeel-net,52w,0.366217
2025-12-01T00:00:00Z,328200,Al-Madar-Al-Jadeed,52w,0.554183
2025-12-01T00:00:00Z,328286,Libyana-Mobile-AS,52w,0.725938
2025-12-01T00:00:00Z,328539,Giga-Communication,52w,0.290912
2025-12-08T00:00:00Z,21003,GPTC-AS,52w,0.492607
2025-12-08T00:00:00Z,37284,Aljeel-net,52w,0.367333
2025-12-08T00:00:00Z,328200,Al-Madar-Al-Jadeed,52w,0.567517
2025-12-08T00:00:00Z,328286,Libyana-Mobile-AS,52w,0.74494
2025-12-08T00:00:00Z,328539,Giga-Communication,52w,0.305982
2025-12-15T00:00:00Z,21003,GPTC-AS,52w,0.492754
2025-12-15T00:00:00Z,37284,Aljeel-net,52w,0.363379
2025-12-15T00:00:00Z,328200,Al-Madar-Al-Jadeed,52w,0.568485
2025-12-15T00:00:00Z,328286,Libyana-Mobile-AS,52w,0.746282
2025-12-15T00:00:00Z,328539,Giga-Communication,52w,0.304266
2025-12-22T00:00:00Z,21003,GPTC-AS,52w,0.471373
2025-12-22T00:00:00Z,37284,Aljeel-net,52w,0.360779
2025-12-22T00:00:00Z,328200,Al-Madar-Al-Jadeed,52w,0.557768
2025-12-22T00:00:00Z,328286,Libyana-Mobile-AS,52w,0.754878
2025-12-22T00:00:00Z,328539,Giga-Communication,52w,0.347056
2025-12-29T00:00:00Z,21003,GPTC-AS,52w,0.473436
2025-12-29T00:00:00Z,37284,Aljeel-net,52w,0.327296
2025-12-29T00:00:00Z,328200,Al-Madar-Al-Jadeed,52w,0.572949
2025-12-29T00:00:00Z,328286,Libyana-Mobile-AS,52w,0.809817
2025-12-29T00:00:00Z,328539,Giga-Communication,52w,0.315157
2026-01-05T00:00:00Z,21003,GPTC-AS,52w,0.512404
2026-01-05T00:00:00Z,37284,Aljeel-net,52w,0.346904
2026-01-05T00:00:00Z,328200,Al-Madar-Al-Jadeed,52w,0.603385
2026-01-05T00:00:00Z,328286,Libyana-Mobile-AS,52w,0.899566
2026-01-05T00:00:00Z,328539,Giga-Communication,52w,0.32847
2026-01-12T00:00:00Z,21003,GPTC-AS,52w,0.478816
2026-01-12T00:00:00Z,37284,Aljeel-net,52w,0.320537
2026-01-12T00:00:00Z,328200,Al-Madar-Al-Jadeed,52w,0.587883
2026-01-12T00:00:00Z,328286,Libyana-Mobile-AS,52w,0.873757
2026-01-12T00:00:00Z,328539,Giga-Communication,52w,0.3184
2026-01-19T00:00:00Z,21003,GPTC-AS,52w,0.462892
2026-01-19T00:00:00Z,37284,Aljeel-net,52w,0.376307
2026-01-19T00:00:00Z,328200,Al-Madar-Al-Jadeed,52w,0.588414
2026-01-19T00:00:00Z,328286,Libyana-Mobile-AS,52w,0.822645
2026-01-19T00:00:00Z,328539,Giga-Communication,52w,0.321405
2026-01-26T00:00:00Z,21003,GPTC-AS,52w,0.46923
2026-01-26T00:00:00Z,37284,Aljeel-net,52w,0.38564
2026-01-26T00:00:00Z,328200,Al-Madar-Al-Jadeed,52w,0.593357
2026-01-26T00:00:00Z,328286,Libyana-Mobile-AS,52w,0.819171
2026-01-26T00:00:00Z,328539,Giga-Communication,52w,0.320779
2026-02-02T00:00:00Z,21003,GPTC-AS,52w,0.451591
2026-02-02T00:00:00Z,37284,Aljeel-net,52w,0.326764
2026-02-02T00:00:00Z,328200,Al-Madar-Al-Jadeed,52w,0.53796
2026-02-02T00:00:00Z,328286,Libyana-Mobile-AS,52w,0.788277
2026-02-02T00:00:00Z,328539,Giga-Communication,52w,0.30733
2026-02-09T00:00:00Z,21003,GPTC-AS,52w,0.471446
2026-02-09T00:00:00Z,37284,Aljeel-net,52w,0.316005
2026-02-09T00:00:00Z,328200,Al-Madar-Al-Jadeed,52w,0.564395
2026-02-09T00:00:00Z,328286,Libyana-Mobile-AS,52w,0.821592
2026-02-09T00:00:00Z,328539,Giga-Communication,52w,0.31322
2026-02-16T00:00:00Z,21003,GPTC-AS,52w,0.438237
2026-02-16T00:00:00Z,37284,Aljeel-net,52w,0.286317
2026-02-16T00:00:00Z,328200,Al-Madar-Al-Jadeed,52w,0.492138
2026-02-16T00:00:00Z,328286,Libyana-Mobile-AS,52w,0.700871
2026-02-16T00:00:00Z,328539,Giga-Communication,52w,0.285632
2026-02-23T00:00:00Z,21003,GPTC-AS,52w,0.457008
2026-02-23T00:00:00Z,37284,Aljeel-net,52w,0.314952
2026-02-23T00:00:00Z,328200,Al-Madar-Al-Jadeed,52w,0.49936
2026-02-23T00:00:00Z,328286,Libyana-Mobile-AS,52w,0.741729
2026-02-23T00:00:00Z,328539,Giga-Communication,52w,0.313046
2026-03-02T00:00:00Z,21003,GPTC-AS,52w,0.476652
2026-03-02T00:00:00Z,37284,Aljeel-net,52w,0.320211
2026-03-02T00:00:00Z,328200,Al-Madar-Al-Jadeed,52w,0.535128
2026-03-02T00:00:00Z,328286,Libyana-Mobile-AS,52w,0.791457
2026-03-02T00:00:00Z,328539,Giga-Communication,52w,0.306198
2026-03-09T00:00:00Z,21003,GPTC-AS,52w,0.478321
2026-03-09T00:00:00Z,37284,Aljeel-net,52w,0.308746
2026-03-09T00:00:00Z,328200,Al-Madar-Al-Jadeed,52w,0.530991
2026-03-09T00:00:00Z,328286,Libyana-Mobile-AS,52w,0.76099
2026-03-09T00:00:00Z,328539,Giga-Communication,52w,0.305803
2026-03-16T00:00:00Z,21003,GPTC-AS,52w,0.481095
2026-03-16T00:00:00Z,37284,Aljeel-net,52w,0.314652
2026-03-16T00:00:00Z,328200,Al-Madar-Al-Jadeed,52w,0.553241
2026-03-16T00:00:00Z,328286,Libyana-Mobile-AS,52w,0.847275
2026-03-16T00:00:00Z,328539,Giga-Communication,52w,0.299418
2026-03-23T00:00:00Z,21003,GPTC-AS,52w,0.52169
2026-03-23T00:00:00Z,37284,Aljeel-net,52w,0.36469
2026-03-23T00:00:00Z,328200,Al-Madar-Al-Jadeed,52w,0.600653
2026-03-23T00:00:00Z,328286,Libyana-Mobile-AS,52w,0.933897
2026-03-23T00:00:00Z,328539,Giga-Communication,52w,0.362106
2026-03-30T00:00:00Z,21003,GPTC-AS,52w,0.570675
2026-03-30T00:00:00Z,37284,Aljeel-net,52w,0.365901
2026-03-30T00:00:00Z,328200,Al-Madar-Al-Jadeed,52w,0.60159
2026-03-30T00:00:00Z,328286,Libyana-Mobile-AS,52w,0.899613
2026-03-30T00:00:00Z,328539,Giga-Communication,52w,0.358621
2026-04-06T00:00:00Z,21003,GPTC-AS,52w,0.538455
2026-04-06T00:00:00Z,37284,Aljeel-net,52w,0.362842
2026-04-06T00:00:00Z,328200,Al-Madar-Al-Jadeed,52w,0.615744
2026-04-06T00:00:00Z,328286,Libyana-Mobile-AS,52w,0.882184
2026-04-06T00:00:00Z,328539,Giga-Communication,52w,0.357684
2026-04-13T00:00:00Z,21003,GPTC-AS,52w,0.549367
2026-04-13T00:00:00Z,37284,Aljeel-net,52w,0.370201
2026-04-13T00:00:00Z,328200,Al-Madar-Al-Jadeed,52w,0.61566
2026-04-13T00:00:00Z,328286,Libyana-Mobile-AS,52w,0.879916
2026-04-13T00:00:00Z,328539,Giga-Communication,52w,0.364885
2026-04-20T00:00:00Z,21003,GPTC-AS,52w,0.605069
2026-04-20T00:00:00Z,37284,Aljeel-net,52w,0.391004
2026-04-20T00:00:00Z,328200,Al-Madar-Al-Jadeed,52w,0.625624
2026-04-20T00:00:00Z,328286,Libyana-Mobile-AS,52w,0.885974
2026-04-20T00:00:00Z,328539,Giga-Communication,52w,0.381187
2026-04-27T00:00:00Z,21003,GPTC-AS,52w,0.585998
2026-04-27T00:00:00Z,37284,Aljeel-net,52w,0.399042
2026-04-27T00:00:00Z,328200,Al-Madar-Al-Jadeed,52w,0.601258
2026-04-27T00:00:00Z,328286,Libyana-Mobile-AS,52w,0.823572
2026-04-27T00:00:00Z,328539,Giga-Communication,52w,0.382729
2026-05-04T00:00:00Z,21003,GPTC-AS,52w,0.54155
2026-05-04T00:00:00Z,37284,Aljeel-net,52w,0.371828
2026-05-04T00:00:00Z,328200,Al-Madar-Al-Jadeed,52w,0.619771
2026-05-04T00:00:00Z,328286,Libyana-Mobile-AS,52w,0.852812
2026-05-04T00:00:00Z,328539,Giga-Communication,52w,0.376565
2026-05-11T00:00:00Z,21003,GPTC-AS,52w,0.571044
2026-05-11T00:00:00Z,37284,Aljeel-net,52w,0.396652
2026-05-11T00:00:00Z,328200,Al-Madar-Al-Jadeed,52w,0.629825
2026-05-11T00:00:00Z,328286,Libyana-Mobile-AS,52w,0.889059
2026-05-11T00:00:00Z,328539,Giga-Communication,52w,0.383171
2026-05-18T00:00:00Z,21003,GPTC-AS,52w,0.530749
2026-05-18T00:00:00Z,37284,Aljeel-net,52w,0.376176
2026-05-18T00:00:00Z,328200,Al-Madar-Al-Jadeed,52w,0.608801
2026-05-18T00:00:00Z,328286,Libyana-Mobile-AS,52w,0.87721
2026-05-18T00:00:00Z,328539,Giga-Communication,52w,0.362995
2026-05-25T00:00:00Z,21003,GPTC-AS,52w,0.50664
2026-05-25T00:00:00Z,37284,Aljeel-net,52w,0.352546
2026-05-25T00:00:00Z,328200,Al-Madar-Al-Jadeed,52w,0.569243
2026-05-25T00:00:00Z,328286,Libyana-Mobile-AS,52w,0.836605
2026-05-25T00:00:00Z,328539,Giga-Communication,52w,0.349162
2026-06-01T00:00:00Z,21003,GPTC-AS,52w,0.556231
2026-06-01T00:00:00Z,37284,Aljeel-net,52w,0.398947
2026-06-01T00:00:00Z,328200,Al-Madar-Al-Jadeed,52w,0.627419
2026-06-01T00:00:00Z,328286,Libyana-Mobile-AS,52w,0.897944
2026-06-01T00:00:00Z,328539,Giga-Communication,52w,0.395489
2026-06-08T00:00:00Z,21003,GPTC-AS,52w,0.574423
2026-06-08T00:00:00Z,37284,Aljeel-net,52w,0.381529
2026-06-08T00:00:00Z,328200,Al-Madar-Al-Jadeed,52w,0.648806
2026-06-08T00:00:00Z,328286,Libyana-Mobile-AS,52w,0.906046
2026-06-08T00:00:00Z,328539,Giga-Communication,52w,0.398542
2026-06-15T00:00:00Z,21003,GPTC-AS,52w,0.610017
2026-06-15T00:00:00Z,37284,Aljeel-net,52w,0.430546
2026-06-15T00:00:00Z,328200,Al-Madar-Al-Jadeed,52w,0.729859
2026-06-15T00:00:00Z,328286,Libyana-Mobile-AS,52w,1.0
2026-06-15T00:00:00Z,328539,Giga-Communication,52w,0.44428
2026-06-22T00:00:00Z,21003,GPTC-AS,52w,0.544093
2026-06-22T00:00:00Z,37284,Aljeel-net,52w,0.398573
2026-06-22T00:00:00Z,328200,Al-Madar-Al-Jadeed,52w,0.708756
2026-06-22T00:00:00Z,328286,Libyana-Mobile-AS,52w,0.956536
2026-06-22T00:00:00Z,328539,Giga-Communication,52w,0.411828
2026-06-29T00:00:00Z,21003,GPTC-AS,52w,0.621771
2026-06-29T00:00:00Z,37284,Aljeel-net,52w,0.422371
2026-06-29T00:00:00Z,328200,Al-Madar-Al-Jadeed,52w,0.79202
2026-06-29T00:00:00Z,328286,Libyana-Mobile-AS,52w,0.997158
2026-06-29T00:00:00Z,328539,Giga-Communication,52w,0.41226
2026-07-06T00:00:00Z,21003,GPTC-AS,52w,0.598352
2026-07-06T00:00:00Z,37284,Aljeel-net,52w,0.397842
2026-07-06T00:00:00Z,328200,Al-Madar-Al-Jadeed,52w,0.749246
2026-07-06T00:00:00Z,328286,Libyana-Mobile-AS,52w,0.982766
2026-07-06T00:00:00Z,328539,Giga-Communication,52w,0.399384
2026-07-13T00:00:00Z,21003,GPTC-AS,52w,0.564085
2026-07-13T00:00:00Z,37284,Aljeel-net,52w,0.35891
2026-07-13T00:00:00Z,328200,Al-Madar-Al-Jadeed,52w,0.676631
2026-07-13T00:00:00Z,328286,Libyana-Mobile-AS,52w,0.902161
2026-07-13T00:00:00Z,328539,Giga-Communication,52w,0.366159
2026-07-20T00:00:00Z,21003,GPTC-AS,52w,0.484674
2026-07-20T00:00:00Z,37284,Aljeel-net,52w,0.317573
2026-07-20T00:00:00Z,328200,Al-Madar-Al-Jadeed,52w,0.598184
2026-07-20T00:00:00Z,328286,Libyana-Mobile-AS,52w,0.804227
2026-07-20T00:00:00Z,328539,Giga-Communication,52w,0.317684
2026-07-27T00:00:00Z,21003,GPTC-AS,52w,0.508498
2026-07-27T00:00:00Z,37284,Aljeel-net,52w,0.332265
2026-07-27T00:00:00Z,328200,Al-Madar-Al-Jadeed,52w,0.584756
2026-07-27T00:00:00Z,328286,Libyana-Mobile-AS,52w,0.778281
2026-07-27T00:00:00Z,328539,Giga-Communication,52w,0.321974
2026-08-03T00:00:00Z,21003,GPTC-AS,52w,0.580803
2026-08-03T00:00:00Z,37284,Aljeel-net,52w,0.381582
2026-08-03T00:00:00Z,328200,Al-Madar-Al-Jadeed,52w,0.601763
2026-08-03T00:00:00Z,328286,Libyana-Mobile-AS,52w,0.786182
2026-08-03T00:00:00Z,328539,Giga-Communication,52w,0.349867
2026-08-10T00:00:00Z,21003,GPTC-AS,52w,0.580487
2026-08-10T00:00:00Z,37284,Aljeel-net,52w,0.377281
2026-08-10T00:00:00Z,328200,Al-Madar-Al-Jadeed,52w,0.644569
2026-08-10T00:00:00Z,328286,Libyana-Mobile-AS,52w,0.832236
2026-08-10T00:00:00Z,328539,Giga-Communication,52w,0.341866
2026-08-17T00:00:00Z,21003,GPTC-AS,52w,0.54414
2026-08-17T00:00:00Z,37284,Aljeel-net,52w,0.364906
2026-08-17T00:00:00Z,328200,Al-Madar-Al-Jadeed,52w,0.662192
2026-08-17T00:00:00Z,328286,Libyana-Mobile-AS,52w,0.876663
2026-08-17T00:00:00Z,328539,Giga-Communication,52w,0.347756
2026-08-24T00:00:00Z,21003,GPTC-AS,52w,0.56488
2026-08-24T00:00:00Z,37284,Aljeel-net,52w,0.388709
2026-08-24T00:00:00Z,328200,Al-Madar-Al-Jadeed,52w,0.716626
2026-08-24T00:00:00Z,328286,Libyana-Mobile-AS,52w,0.926822
2026-08-24T00:00:00Z,328539,Giga-Communication,52w,0.362974
2026-08-31T00:00:00Z,21003,GPTC-AS,52w,0.568164
2026-08-31T00:00:00Z,37284,Aljeel-net,52w,0.395494
2026-08-31T00:00:00Z,328200,Al-Madar-Al-Jadeed,52w,0.707425
2026-08-31T00:00:00Z,328286,Libyana-Mobile-AS,52w,0.948735
2026-08-31T00:00:00Z,328539,Giga-Communication,52w,0.371486
