physical_site_id,canonical_latitude,canonical_longitude,radio_tower_count,has_almadar,has_libyana,location_conflict,geodesic_diameter_m,inventory_version,representative_radio_id
369711666662,32.856600633781156,13.439700588699747,1,True,False,False,0.0,reconciled-geodesic-20260929-v1,radio-3ea3cfc0bd0a1e5c
378787682372,32.080700437956175,20.121300848820567,1,False,True,False,0.0,reconciled-geodesic-20260929-v1,radio-caa29b2a069303a6
408737233051,32.47290071509073,14.510700703390855,1,True,False,False,0.0,reconciled-geodesic-20260929-v1,radio-35016ba3fcc203fd
520999288436,31.17770052088617,16.56770098047969,1,False,True,False,0.0,reconciled-geodesic-20260929-v1,radio-a78f08c8953ca947
740638377648,32.772100863828065,13.146400400944133,1,True,False,False,0.0,reconciled-geodesic-20260929-v1,radio-17a38bb2bce4feac
777413238509,32.81490087939179,13.301800429156796,1,True,False,False,0.0,reconciled-geodesic-20260929-v1,radio-7607b04bf6f00f2e
896507807702,32.05930076215639,20.212900585978648,1,True,False,False,0.0,reconciled-geodesic-20260929-v1,radio-0f3f38aa95098aa8
989696500357,32.886900905832896,13.187800176052129,1,False,True,False,0.0,reconciled-geodesic-20260929-v1,radio-1b33d66fd1f86911
1139144885055,32.75370063863363,13.13760080171893,1,True,False,False,0.0,reconciled-geodesic-20260929-v1,radio-8c50d6e292d2a43b
1306282545550,32.72490027075692,13.201500557625465,1,True,False,False,0.0,reconciled-geodesic-20260929-v1,radio-6093d9668860246e
1644538438948,32.85530068178717,13.173100115851218,1,True,False,False,0.0,reconciled-geodesic-20260929-v1,radio-3f1a86c48488ecfa
1788344674182,32.86110091374215,13.123300759769133,1,True,False,False,0.0,reconciled-geodesic-20260929-v1,radio-8684f1a2ab1ed5bc
1811841520542,32.09779111076804,20.133293825037335,1,False,True,False,0.0,reconciled-geodesic-20260929-v1,radio-d651cfb2cb85cf82
1876621074186,32.37420045199032,15.003500457700582,1,False,True,False,0.0,reconciled-geodesic-20260929-v1,radio-a22d92fa3998eedf
1894272162175,32.08020081303222,20.08190088183324,1,False,True,False,0.0,reconciled-geodesic-20260929-v1,radio-38db740178ccb7cb
1963298799279,32.31470060991785,12.577800580897776,1,False,True,False,0.0,reconciled-geodesic-20260929-v1,radio-ce4c6599d69b95db
2029293397228,32.48060082916336,14.494600794705633,1,True,False,False,0.0,reconciled-geodesic-20260929-v1,radio-26f9fdfa7931a145
2162320855457,32.08230034106323,20.077800924862906,1,True,False,False,0.0,reconciled-geodesic-20260929-v1,radio-0eb4c45608b2fbe5
2319755422413,32.64110062145061,14.243000151882487,1,False,True,False,0.0,reconciled-geodesic-20260929-v1,radio-e7ccde0511effe8d
2342437174640,32.89520027945689,13.323800156840884,1,False,True,False,0.0,reconciled-geodesic-20260929-v1,radio-2c0d9109339d4ddd
2383042624092,27.0409009177485,14.422200790156637,1,False,True,False,0.0,reconciled-geodesic-20260929-v1,radio-161769aed906d7ea
2492684895995,32.678500345842124,12.868000815494812,1,False,True,False,0.0,reconciled-geodesic-20260929-v1,radio-5ecc11437a55805a
2593362767786,32.895800389091626,13.197000487060368,1,True,False,False,0.0,reconciled-geodesic-20260929-v1,radio-99bccf63a4cca636
2625565907411,32.629000630310856,13.991800198766379,1,True,False,False,0.0,reconciled-geodesic-20260929-v1,radio-947033aba45c56b6
2627574658093,32.32160064831414,15.112400850222818,1,False,True,False,0.0,reconciled-geodesic-20260929-v1,radio-9025d81891e21ab7
2785293792382,32.242346,20.1921559,1,False,True,False,0.0,reconciled-geodesic-20260929-v1,radio-f9521cea9bc0aa27
2947730927923,32.80560082244606,13.13520029225108,1,True,False,False,0.0,reconciled-geodesic-20260929-v1,radio-a4ec4472456302cf
3361195176071,32.690800312733074,14.083100214042856,1,False,True,False,0.0,reconciled-geodesic-20260929-v1,radio-ba62e8ece50ba41e
3452810821395,32.79510054802053,13.020400301796297,1,True,False,False,0.0,reconciled-geodesic-20260929-v1,radio-22d0c8a63567e27b
3479422344302,32.86290078092631,13.098400605857565,1,True,False,False,0.0,reconciled-geodesic-20260929-v1,radio-a6c02370532ad54b
3483038050820,32.7268003414334,13.481500235798206,1,True,False,False,0.0,reconciled-geodesic-20260929-v1,radio-a64537dcd09190ac
3505708251631,32.90510060237004,13.232793514545149,1,False,True,False,0.0,reconciled-geodesic-20260929-v1,radio-8b11c067506f8d85
3536938217497,32.107223788174714,20.119464839588517,1,True,False,False,0.0,reconciled-geodesic-20260929-v1,radio-3eabe5cd0a28ede0
3585772384906,32.864300477316974,13.223000963072108,1,False,True,False,0.0,reconciled-geodesic-20260929-v1,radio-74edbc480ffd09f4
3790510350429,32.41450027525011,13.23810012617797,1,False,True,False,0.0,reconciled-geodesic-20260929-v1,radio-acee60c78040d2bc
3928644909030,32.794500196815726,13.143400476443727,1,False,True,False,0.0,reconciled-geodesic-20260929-v1,radio-4e2f71ee331536ce
3954977531391,32.64460094887731,14.251000338107204,1,True,False,False,0.0,reconciled-geodesic-20260929-v1,radio-013331a1fadac684
3966475545940,32.17635,20.137225,3,False,True,False,0.0,reconciled-geodesic-20260929-v1,radio-15bb1d2dfe7c1adc
4012189515755,32.86980084808058,13.286300314175833,1,True,False,False,0.0,reconciled-geodesic-20260929-v1,radio-40042676c76a1df2
4130936148690,32.889965595198284,13.165084976643705,1,False,True,False,0.0,reconciled-geodesic-20260929-v1,radio-e7033d9729fb0e66
4167604552202,32.010500346462166,11.470900562563672,1,True,False,False,0.0,reconciled-geodesic-20260929-v1,radio-d3b2f9cb44bf958e
4238296566310,32.556100618061,13.059200497750039,1,False,True,False,0.0,reconciled-geodesic-20260929-v1,radio-d20394d1e0b480b6
4470241456512,32.50510051809803,13.980200319551024,1,True,False,False,0.0,reconciled-geodesic-20260929-v1,radio-cdfd0f4e37b63bf7
4616283806230,32.1288016,20.1167316,2,False,True,False,0.0,reconciled-geodesic-20260929-v1,radio-61e963632224bf13
4624851836677,32.1135868,20.1012918,3,False,True,False,0.0,reconciled-geodesic-20260929-v1,radio-1fa3e52920b46e1b
4661692842233,32.05501174926758,20.034469604492188,1,False,True,False,0.0,reconciled-geodesic-20260929-v1,radio-b37765985adb92be
4759407731664,32.79710055288552,21.87000086702119,1,True,False,False,0.0,reconciled-geodesic-20260929-v1,radio-226ee672db19739a
4788913829403,32.4627002290065,20.855600259240887,4,False,True,False,38.14728128649031,reconciled-geodesic-20260929-v1,radio-392d9d2cd6b296a3
4813022885539,32.03834026097309,20.11787522951164,3,True,True,False,45.25483532734588,reconciled-geodesic-20260929-v1,radio-537edde39d8597b7
4850046563305,32.0906891,20.1007781,2,False,True,False,0.0,reconciled-geodesic-20260929-v1,radio-03db47977e1a4201
4960853581566,32.83490059138162,13.032300583784497,2,True,True,False,24.025526733728494,reconciled-geodesic-20260929-v1,radio-0f0c92831e4f3132
5044729766004,32.45640022569834,14.5832006281948,1,True,False,False,0.0,reconciled-geodesic-20260929-v1,radio-58e7273796e55f3e
5104518615633,32.66880083955847,13.3753007504654,1,False,True,False,0.0,reconciled-geodesic-20260929-v1,radio-e5b09a3533c11aec
5109156273933,32.80932728449498,13.008339683214684,1,False,True,False,0.0,reconciled-geodesic-20260929-v1,radio-76c938842c4f57c4
5441770580525,32.77850092110811,21.78550094212585,1,True,False,False,0.0,reconciled-geodesic-20260929-v1,radio-923541e7c8609f94
5442696701577,32.567900982197436,14.059000832676748,1,False,True,False,0.0,reconciled-geodesic-20260929-v1,radio-e38bd4c1c91b2d44
5509843546694,32.103400321633764,20.17960093095583,1,True,False,False,0.0,reconciled-geodesic-20260929-v1,radio-d1c8c2fad2790e1c
5548335463022,30.733000236522283,20.22340075512709,2,True,True,False,34.607701306622445,reconciled-geodesic-20260929-v1,radio-571ef1adad285e5f
5782230911643,31.867900218219237,19.984400699535826,1,False,True,False,0.0,reconciled-geodesic-20260929-v1,radio-8bf00a2d2afad114
5795341951521,32.0923419,20.1356733,1,False,True,False,0.0,reconciled-geodesic-20260929-v1,radio-e8fdf7a062ceecd3
5827343967594,32.60830011339815,14.026700437916526,1,True,False,False,0.0,reconciled-geodesic-20260929-v1,radio-6bc040886893c4bd
5849954342958,32.747600416631016,12.75960086190715,1,False,True,False,0.0,reconciled-geodesic-20260929-v1,radio-b4760e8d67068c18
5966884833341,32.88351548621621,13.160452646216216,1,False,True,False,0.0,reconciled-geodesic-20260929-v1,radio-e97538dc203ea3a7
6005496287507,32.831200540671894,13.40390077792252,1,True,False,False,0.0,reconciled-geodesic-20260929-v1,radio-12d0c3bb63a0e393
6113766208557,32.37660095003543,15.091500608972122,1,True,False,False,0.0,reconciled-geodesic-20260929-v1,radio-60ec2fafd5b56ec3
6197737833119,32.1338443,20.1090024,3,False,True,False,0.0,reconciled-geodesic-20260929-v1,radio-1bebf340bc31221f
6279628578363,32.53910043165513,14.013500550569985,1,False,True,False,0.0,reconciled-geodesic-20260929-v1,radio-d8439300744114a5
6304185191709,32.81660015788033,12.980300689057142,2,False,True,False,45.353546368370814,reconciled-geodesic-20260929-v1,radio-045925db5d490f26
6759464815896,30.7747003336996,20.239500413641796,1,True,False,False,0.0,reconciled-geodesic-20260929-v1,radio-97ecef6291279ebc
6948466940600,32.766496658325195,12.756137371063232,1,False,True,False,0.0,reconciled-geodesic-20260929-v1,radio-9fda07f7bc19c9bc
6949571708992,32.75340059421064,13.428400147433202,1,False,True,False,0.0,reconciled-geodesic-20260929-v1,radio-71d76ee0e1d9f10b
7114102921058,32.459200978172845,14.556800733610688,1,True,False,False,0.0,reconciled-geodesic-20260929-v1,radio-1b5fd2bec9ad5720
7241388909341,32.8716006971521,13.377900171304505,1,True,False,False,0.0,reconciled-geodesic-20260929-v1,radio-1f69c34ae792314c
7296746423741,32.800641455,21.864279895,1,False,True,False,0.0,reconciled-geodesic-20260929-v1,radio-9610357feecf6985
7552848897382,32.93660074162523,12.087000229523301,1,False,True,False,0.0,reconciled-geodesic-20260929-v1,radio-670d470d30bb8592
7605683020763,32.699000486812224,13.110800262068238,1,True,False,False,0.0,reconciled-geodesic-20260929-v1,radio-bfe44913dc85876f
7718148507480,32.719871520996094,12.832905769348145,1,False,True,False,0.0,reconciled-geodesic-20260929-v1,radio-dff993d08f9b9b76
8025859828859,31.943900520587093,12.27900059021145,1,True,False,False,0.0,reconciled-geodesic-20260929-v1,radio-60b53ec01b03f3f8
8352462748498,30.778600213702077,20.21080058408474,1,True,False,False,0.0,reconciled-geodesic-20260929-v1,radio-3e6c9b0a93429dc7
8420281344617,32.701400790052034,13.273100573363218,1,True,False,False,0.0,reconciled-geodesic-20260929-v1,radio-80a223e6e3db0d5a
8433562874100,32.06241469687593,20.105353294534872,1,False,True,False,0.0,reconciled-geodesic-20260929-v1,radio-6acae71c460d38a1
8791329840046,32.10940027332596,12.909600414008178,1,False,True,False,0.0,reconciled-geodesic-20260929-v1,radio-35d1b72f6d0fded3
8799321505755,30.17050060864405,10.447000551988992,1,False,True,False,0.0,reconciled-geodesic-20260929-v1,radio-aa23dda392b86441
8874703516396,32.47130045156775,14.567300884005347,1,False,True,False,0.0,reconciled-geodesic-20260929-v1,radio-6eee4c6c03047afe
8942406132618,32.358000816736734,15.065600763321848,2,True,True,False,2.016926980537422,reconciled-geodesic-20260929-v1,radio-9c058dec69d2e6d9
9055744350636,31.759200316195752,13.952400915292804,1,False,True,False,0.0,reconciled-geodesic-20260929-v1,radio-faecc57d7fd781e0
9069032028786,32.33101736532675,15.036563332016405,1,True,False,False,0.0,reconciled-geodesic-20260929-v1,radio-06a9780f8408fc72
9117974494243,32.46580088485538,14.484800159057583,1,True,False,False,0.0,reconciled-geodesic-20260929-v1,radio-fafbbd4220d7fc64
9196075855513,32.46780073874573,14.551700534783995,1,True,False,False,0.0,reconciled-geodesic-20260929-v1,radio-47482af860e77cca
9239393306992,32.798100269961274,21.872600970441994,1,False,True,False,0.0,reconciled-geodesic-20260929-v1,radio-c3fce60a7c2f7230
9507013729771,32.67860060454151,12.90600052600701,1,False,True,False,0.0,reconciled-geodesic-20260929-v1,radio-fec04936bd2e0d73
9646375485572,29.034100917509225,21.54450045483308,1,True,False,False,0.0,reconciled-geodesic-20260929-v1,radio-096f528c95e47673
9714306242245,32.6752006975998,13.174400723925341,1,False,True,False,0.0,reconciled-geodesic-20260929-v1,radio-f0f7f71782e08f4e
9735429678935,32.777600610814915,12.74070017760766,1,True,False,False,0.0,reconciled-geodesic-20260929-v1,radio-748bd3ca167ce374
9762508505361,32.78170062857135,21.797400384554436,4,True,True,False,2.56901322302608,reconciled-geodesic-20260929-v1,radio-2c2875040c60fc67
9924770069499,32.86030066514748,13.24600052960393,1,False,True,False,0.0,reconciled-geodesic-20260929-v1,radio-25d5740dee118e15
9940052295170,32.80000013448868,21.865200279623522,2,True,False,False,38.234273313115075,reconciled-geodesic-20260929-v1,radio-1c7c110d57fa57f4
10343636317278,32.67180018713985,13.922800888061834,1,True,False,False,0.0,reconciled-geodesic-20260929-v1,radio-86ba467bd7fc4206
10358703760752,32.7607004717321,12.737600643229253,1,False,True,False,0.0,reconciled-geodesic-20260929-v1,radio-1051101739d6c351
10371369064126,32.35510078978783,15.025500234751357,1,True,False,False,0.0,reconciled-geodesic-20260929-v1,radio-0371f322ea165495
10472530415450,32.35500048283724,15.053400679574565,3,True,False,False,24.945677863008775,reconciled-geodesic-20260929-v1,radio-b197d9c390e60e0d
10858007593442,32.78540064313756,13.58220095020525,1,False,True,False,0.0,reconciled-geodesic-20260929-v1,radio-f4025d76d52849e2
10870217367011,32.186700687838034,20.146600709194693,2,True,True,False,45.704866001088156,reconciled-geodesic-20260929-v1,radio-8ec534d9665a9b9a
11055467249052,32.12740090885184,20.074900178476142,1,False,True,False,0.0,reconciled-geodesic-20260929-v1,radio-0c25e720c11eeb7e
11332079921069,32.893700316295636,13.357800579598862,1,False,True,False,0.0,reconciled-geodesic-20260929-v1,radio-9f5197186292a83e
11508685450888,32.74520050961107,13.31310098620954,1,True,False,False,0.0,reconciled-geodesic-20260929-v1,radio-7b9c1ac53f4dd779
11509950917545,32.79660077122105,13.077000325952982,1,True,False,False,0.0,reconciled-geodesic-20260929-v1,radio-8890fbef59a7ac96
11567646355794,32.8876009260116,13.247900868809714,1,True,False,False,0.0,reconciled-geodesic-20260929-v1,radio-40fa2b4d32149532
11720604440400,32.37090017393989,15.085600219578286,1,True,False,False,0.0,reconciled-geodesic-20260929-v1,radio-f63a03ad42d2ebbc
11845668283546,32.115600516826014,20.11440066717647,2,False,True,False,3.3955634590624757,reconciled-geodesic-20260929-v1,radio-a3b98cfa6a098b67
11853575945223,32.465000714860814,14.574200284905306,1,True,False,False,0.0,reconciled-geodesic-20260929-v1,radio-e723cef0c39eb069
11865659873204,32.872200729390016,13.35550061934263,1,False,True,False,0.0,reconciled-geodesic-20260929-v1,radio-6e93260c782beed8
11917526381894,30.741600753821885,20.22520022723699,1,True,False,False,0.0,reconciled-geodesic-20260929-v1,radio-8c73fb69613a4155
11956241828764,32.11032026107997,20.123973924819737,1,False,True,False,0.0,reconciled-geodesic-20260929-v1,radio-9271cbee2c121cd5
11998324603756,32.875000573131075,13.270200464813996,1,True,False,False,0.0,reconciled-geodesic-20260929-v1,radio-990362d7661c906b
12122401879895,32.55760050452314,13.248900438152631,1,False,True,False,0.0,reconciled-geodesic-20260929-v1,radio-097729e47a416e28
12128036517743,32.053400674425674,20.130600693940263,1,False,True,False,0.0,reconciled-geodesic-20260929-v1,radio-fe0c88d67ae39c40
12131242360898,32.850100217898756,13.136000413731077,1,True,False,False,0.0,reconciled-geodesic-20260929-v1,radio-ce4e0a07ac686c1b
12256442255925,32.1164989,20.1198399,1,False,True,False,0.0,reconciled-geodesic-20260929-v1,radio-bbad6d01a34b17b8
12407696790774,32.455400478326695,14.593300543416408,1,True,False,False,0.0,reconciled-geodesic-20260929-v1,radio-1a9fda3bcf8ee9d8
12466599352419,32.13310056184903,20.11650040803709,1,True,False,False,0.0,reconciled-geodesic-20260929-v1,radio-151b10f858e23b9c
12551048994356,30.738800289620702,20.21270037849942,1,False,True,False,0.0,reconciled-geodesic-20260929-v1,radio-bb63250604c43cab
13126262315051,32.04050039359628,20.07800055806088,1,False,True,False,0.0,reconciled-geodesic-20260929-v1,radio-452286335ece57f3
13138325844583,32.67860038723108,12.887100423964615,1,False,True,False,0.0,reconciled-geodesic-20260929-v1,radio-9e7fd3751cf669f0
13191507791249,32.1071783,20.1181575,3,False,True,False,0.0,reconciled-geodesic-20260929-v1,radio-045d154de75d5e92
13342543735135,32.08630052305086,20.09360088300545,1,True,False,False,0.0,reconciled-geodesic-20260929-v1,radio-a9648ea58ffd231d
13437966825958,32.426000866360766,13.610900778653782,1,True,False,False,0.0,reconciled-geodesic-20260929-v1,radio-89b3eb109fed5831
13584993734803,32.37470074414637,12.661900291894904,1,True,False,False,0.0,reconciled-geodesic-20260929-v1,radio-a7fd95abdb71f16d
13606881226684,32.10371501273499,20.137203556860783,1,False,True,False,0.0,reconciled-geodesic-20260929-v1,radio-4af4caf531be96da
13732714726844,32.35790053656596,15.099300870147307,1,True,False,False,0.0,reconciled-geodesic-20260929-v1,radio-e053ab504db5de85
14496839700893,32.7684007265405,12.913300326577922,1,True,False,False,0.0,reconciled-geodesic-20260929-v1,radio-d95ecf26905a666b
14894842355358,32.768100935615294,12.567100919100275,1,True,False,False,0.0,reconciled-geodesic-20260929-v1,radio-a4d323848b5d76b0
14974697898389,32.79590018461327,13.28760064970473,1,False,True,False,0.0,reconciled-geodesic-20260929-v1,radio-f28c45c625e9dc8c
15319139577597,32.7708006534787,13.495400328465884,1,True,False,False,0.0,reconciled-geodesic-20260929-v1,radio-a1f73f366ecbe303
15388461713640,32.1178284,20.1068627,2,False,True,False,0.0,reconciled-geodesic-20260929-v1,radio-2e9226af1250d529
15442183995972,32.03830072867518,20.12290051469631,1,True,False,False,0.0,reconciled-geodesic-20260929-v1,radio-15b49f7ccd870087
15479152049264,32.77120079764345,21.769800165456473,1,True,False,False,0.0,reconciled-geodesic-20260929-v1,radio-fbc9c673894a5a3b
15600606148580,32.10105895996094,20.151086807250977,1,False,True,False,0.0,reconciled-geodesic-20260929-v1,radio-b13516cea8d3d9d8
15749581800226,32.869600843901594,13.294100858986338,1,True,False,False,0.0,reconciled-geodesic-20260929-v1,radio-96ee728a85e0ff6e
15792644224575,32.133685,20.079510000000003,1,False,True,False,0.0,reconciled-geodesic-20260929-v1,radio-a4cc5f5bfa5ff591
15819047184742,32.8016003459285,13.480300651119911,1,True,False,False,0.0,reconciled-geodesic-20260929-v1,radio-67afa9abfaaf4ada
15887575498640,32.0867623,20.1416111,2,False,True,False,4.346384961493489,reconciled-geodesic-20260929-v1,radio-338979bd6bfd61bd
15947882865726,32.71190080520569,13.938500631209802,1,False,True,False,0.0,reconciled-geodesic-20260929-v1,radio-b29d2a0828ffae9c
16118537732670,32.87100060729752,13.140900137893363,1,True,False,False,0.0,reconciled-geodesic-20260929-v1,radio-afc4372e0dd06702
16145501911670,32.167400271467834,13.021600460911325,1,True,False,False,0.0,reconciled-geodesic-20260929-v1,radio-6f8f68c48aaf426e
16234050487572,32.761600779917124,12.702800966981414,1,False,True,False,0.0,reconciled-geodesic-20260929-v1,radio-7d10c62047ab542b
16272053303378,32.79983197725759,21.860245631291484,1,False,True,False,0.0,reconciled-geodesic-20260929-v1,radio-5a129664359dcecb
16493989009233,32.866300680227575,13.135100613761034,1,False,True,False,0.0,reconciled-geodesic-20260929-v1,radio-8cd70c1a77f45bb3
16529010660577,32.70780058862437,13.920800239952268,1,True,False,False,0.0,reconciled-geodesic-20260929-v1,radio-0ebca7b04f7cd3de
16554623540618,32.08120098255713,20.060400572642422,1,True,False,False,0.0,reconciled-geodesic-20260929-v1,radio-c53fa71b7cfd411c
16640609454576,32.8612005276236,13.08910051896078,1,True,False,False,0.0,reconciled-geodesic-20260929-v1,radio-b9b6c725b30e48fd
16674668902697,32.869600190620446,13.196900968035584,1,False,True,False,0.0,reconciled-geodesic-20260929-v1,radio-3ea19602a46ab5b5
16769879845759,32.38320075922194,12.722200563913793,1,False,True,False,0.0,reconciled-geodesic-20260929-v1,radio-fd477641d8b83a1c
16784209125447,32.43840054524597,13.656100614117815,1,True,False,False,0.0,reconciled-geodesic-20260929-v1,radio-d58c249ae1f5d7d8
17071877680306,32.872600625577455,13.36950037805681,1,False,True,False,0.0,reconciled-geodesic-20260929-v1,radio-7784374f559196e4
17231631017357,32.81910034820313,13.531300557282755,1,False,True,False,0.0,reconciled-geodesic-20260929-v1,radio-39b672fac5d84af5
17275676163952,32.32890077544415,15.250600587807998,1,True,False,False,0.0,reconciled-geodesic-20260929-v1,radio-10f1eee1a9eeaf1b
17335872896442,32.61630051468538,14.071900293957647,1,False,True,False,0.0,reconciled-geodesic-20260929-v1,radio-0c9d2244ce2fff66
17342677645901,32.010100299893374,20.09560053528552,1,True,False,False,0.0,reconciled-geodesic-20260929-v1,radio-51680826091d072f
17511423239408,32.339600323411524,15.102900235459563,1,False,True,False,0.0,reconciled-geodesic-20260929-v1,radio-4b4d438d585140e3
17752628432956,31.958400183682752,12.159400217613472,1,True,False,False,0.0,reconciled-geodesic-20260929-v1,radio-e810d14f35b4035d
17774580447345,32.68290084706807,13.164600137929504,1,True,False,False,0.0,reconciled-geodesic-20260929-v1,radio-d094993f92620176
18118894987983,32.89181104387556,13.334822028023856,1,False,True,False,0.0,reconciled-geodesic-20260929-v1,radio-a0d233359aa13d43
18249046642819,32.86690032324633,13.178500473189604,1,True,False,False,0.0,reconciled-geodesic-20260929-v1,radio-728222e8260c1877
18353746079201,32.862500140520986,13.268300719210707,1,True,False,False,0.0,reconciled-geodesic-20260929-v1,radio-00a23ab6e6733413
18395785994196,32.43110084210608,13.620300787689445,1,False,True,False,0.0,reconciled-geodesic-20260929-v1,radio-1738f80038bd3fa5
18446594048447,32.40400017352501,15.087600447709065,1,True,False,False,0.0,reconciled-geodesic-20260929-v1,radio-682b55e4c08a638b
18820886702436,32.803100660732085,21.86130032288633,1,False,True,False,0.0,reconciled-geodesic-20260929-v1,radio-d5f2ebfa768d7630
18947260486131,32.077857971191406,20.07306480407715,1,False,True,False,0.0,reconciled-geodesic-20260929-v1,radio-5ee5b425bf98b14f
19014434692261,32.39560019582404,14.90580025038332,1,True,False,False,0.0,reconciled-geodesic-20260929-v1,radio-7c8a914997ab1483
19041938216042,32.41720015384213,13.477200923109347,1,False,True,False,0.0,reconciled-geodesic-20260929-v1,radio-bccc234ab240b625
19150614227635,32.790200579491994,13.085900348562388,1,True,False,False,0.0,reconciled-geodesic-20260929-v1,radio-1f32c0f75b2f92b1
19428330555745,32.59000088961695,14.04330082653084,1,False,True,False,0.0,reconciled-geodesic-20260929-v1,radio-377352885ad3e719
19462563108010,32.66970025419983,13.295000207649226,1,False,True,False,0.0,reconciled-geodesic-20260929-v1,radio-8a3e9d9a2eedf284
19550812531057,32.76240077769828,21.743900711365633,1,True,False,False,0.0,reconciled-geodesic-20260929-v1,radio-8c0056e6ec3dced6
19685242559556,32.79640022415134,13.269200523325104,1,False,True,False,0.0,reconciled-geodesic-20260929-v1,radio-ef6e94a3b4bc8f9f
19702075681669,32.760697,21.757735,1,False,True,False,0.0,reconciled-geodesic-20260929-v1,radio-515fc2696d5de050
19975227167373,32.10710055775093,20.11450077549382,2,True,False,False,0.03509798773472533,reconciled-geodesic-20260929-v1,radio-688748e421d38597
20120015412028,32.8898002719092,13.243900286919985,1,True,False,False,0.0,reconciled-geodesic-20260929-v1,radio-492cca1263ac513f
20168304500689,32.067138671875,20.090633392333984,1,False,True,False,0.0,reconciled-geodesic-20260929-v1,radio-b82571b7b708c698
20200573699242,32.49663543701172,20.860509872436523,1,False,True,False,0.0,reconciled-geodesic-20260929-v1,radio-1a1ab8b692d479fb
20506957088447,30.744400128171534,20.215800836281517,1,True,False,False,0.0,reconciled-geodesic-20260929-v1,radio-7ec5111258c87732
20512978726895,32.87660097477348,13.207800597817442,1,True,False,False,0.0,reconciled-geodesic-20260929-v1,radio-d02e1a8e28eb08a9
20713599938269,32.793100457897424,13.473900446285397,1,True,False,False,0.0,reconciled-geodesic-20260929-v1,radio-b22954b46b1017de
21160900998212,32.79240049654724,13.440700286797046,1,False,True,False,0.0,reconciled-geodesic-20260929-v1,radio-8b2c690bbf437778
21206845436213,31.85149227489125,20.017439928921785,1,True,False,False,0.0,reconciled-geodesic-20260929-v1,radio-a711bb60cd20d9fa
21299553088122,32.47680077237955,20.849700340472587,1,False,True,False,0.0,reconciled-geodesic-20260929-v1,radio-e62c630935874b35
21340055702753,32.890900131819954,13.254300739437761,1,True,False,False,0.0,reconciled-geodesic-20260929-v1,radio-7ad5dc4d6655829c
21396551076102,32.583800513328,14.039500673780056,1,True,False,False,0.0,reconciled-geodesic-20260929-v1,radio-69ef253f5b1c59cf
21515304960588,32.78870080999513,13.145600232852807,1,False,True,False,0.0,reconciled-geodesic-20260929-v1,radio-d74e4f25527482cd
21610666965786,32.7773005079136,13.147900296913551,1,True,False,False,0.0,reconciled-geodesic-20260929-v1,radio-97725bc92c3460bf
21753544393778,32.87290067029427,13.338000788143612,1,True,False,False,0.0,reconciled-geodesic-20260929-v1,radio-9237cbe2ee486fe3
22081029482185,32.52800081509507,14.004000661362374,1,False,True,False,0.0,reconciled-geodesic-20260929-v1,radio-8e4bb8db78f29714
22194071999478,31.949800544159185,12.22310017812328,1,False,True,False,0.0,reconciled-geodesic-20260929-v1,radio-a51f72b5d055dac2
22195793437219,32.09700053889235,20.068600339832898,1,True,False,False,0.0,reconciled-geodesic-20260929-v1,radio-9749ee97c3cffe81
22450199763897,32.72000020310118,12.831800228796332,1,False,True,False,0.0,reconciled-geodesic-20260929-v1,radio-608ed5a1fce72849
22534098736528,32.84570050406642,13.333000681665172,1,False,True,False,0.0,reconciled-geodesic-20260929-v1,radio-9748c0f3eebb172c
22579478757293,32.45550031484154,13.906200754128811,1,True,False,False,0.0,reconciled-geodesic-20260929-v1,radio-10228579aaab517d
22583538577414,32.49780017414011,14.536000926588917,1,False,True,False,0.0,reconciled-geodesic-20260929-v1,radio-6963690935be4e63
22763142959793,32.491100306993424,14.561800574786721,1,True,False,False,0.0,reconciled-geodesic-20260929-v1,radio-b91a918a305b1127
22779715435058,32.85620056202793,13.200400942271443,1,False,True,False,0.0,reconciled-geodesic-20260929-v1,radio-db39fef108d6528f
22785132020873,32.0950326,20.1264261,2,True,False,False,4.302445948799712,reconciled-geodesic-20260929-v1,radio-aadc123e7668c5cc
23489421536931,32.52710025544504,13.326700758657728,1,False,True,False,0.0,reconciled-geodesic-20260929-v1,radio-de3b3043f1100648
23601390862284,32.820500491813405,13.006700632457918,1,False,True,False,0.0,reconciled-geodesic-20260929-v1,radio-e4b992b27e34fef6
23614098518493,32.766000845189694,13.144600603454238,1,False,True,False,0.0,reconciled-geodesic-20260929-v1,radio-25bb835eb0e54a59
23853188005560,31.917400468818844,20.097600457693275,2,True,True,False,14.573188173969886,reconciled-geodesic-20260929-v1,radio-2f747c25c617f263
23858913465104,27.5010003280248,14.017500978491727,1,True,False,False,0.0,reconciled-geodesic-20260929-v1,radio-be982723dee6b3c0
23917001768243,32.781700667376974,13.500900133424278,1,True,False,False,0.0,reconciled-geodesic-20260929-v1,radio-168c2f638cc59f89
24010058122820,31.970900972851393,20.08390050274901,1,True,False,False,0.0,reconciled-geodesic-20260929-v1,radio-29811671b7e4829e
24051038293588,32.872400665286136,13.30770068430175,1,True,False,False,0.0,reconciled-geodesic-20260929-v1,radio-e9ff8bbfab79b037
24313805113421,32.815500762233945,12.954800341758826,1,False,True,False,0.0,reconciled-geodesic-20260929-v1,radio-442bbebed75e5c8f
24351026831239,31.9333996,20.1609842,1,False,True,False,0.0,reconciled-geodesic-20260929-v1,radio-3f36867f6fb39f62
24386331875380,31.668300528496435,20.25590043714782,2,True,False,False,0.02801444807236215,reconciled-geodesic-20260929-v1,radio-8aca58bb508347d7
24475746277314,32.160700767459225,13.007600950140084,1,True,False,False,0.0,reconciled-geodesic-20260929-v1,radio-c6d6c6c97a5aa3a8
24515311008828,32.26845807445292,20.21956560563068,1,False,True,False,0.0,reconciled-geodesic-20260929-v1,radio-cbcef04fcb626103
24523341569111,32.8146006829603,13.018600437022275,1,True,False,False,0.0,reconciled-geodesic-20260929-v1,radio-94531d36325bedb3
24569381891462,32.08613121726296,20.100445175170897,1,False,True,False,0.0,reconciled-geodesic-20260929-v1,radio-87cce35d4a695b02
24881653257415,32.82690052711448,13.420800484755253,1,False,True,False,0.0,reconciled-geodesic-20260929-v1,radio-6d8f6d3c17e527a2
24936595476857,32.6841005143406,12.719800324819783,1,False,True,False,0.0,reconciled-geodesic-20260929-v1,radio-e7ca03f1ba92051b
24982445897247,32.74340080600207,12.726800451026694,1,True,False,False,0.0,reconciled-geodesic-20260929-v1,radio-82d1239cd9be8060
25106204118469,32.01975631713867,20.050451278686523,1,True,False,False,0.0,reconciled-geodesic-20260929-v1,radio-563eaa8394e411b3
25442496290012,32.81840053056683,13.025800424962162,1,False,True,False,0.0,reconciled-geodesic-20260929-v1,radio-940ef72d69fb2751
25674913545812,32.638200446364955,13.977000475095533,1,False,True,False,0.0,reconciled-geodesic-20260929-v1,radio-2fe0cd54c2de5dfe
25737172932240,32.771900403560714,21.788300988683062,1,False,True,False,0.0,reconciled-geodesic-20260929-v1,radio-15de17e5818dc852
25751722180833,32.89460094676967,13.363700122423273,1,False,True,False,0.0,reconciled-geodesic-20260929-v1,radio-48c6f11a92d3a85a
25849124809743,32.853500455810185,13.110500204432642,1,False,True,False,0.0,reconciled-geodesic-20260929-v1,radio-04fa3fdd762db8bf
25851658298562,32.389600952187145,15.032600982851237,1,True,False,False,0.0,reconciled-geodesic-20260929-v1,radio-c76e1bfef97bfe62
26078372734225,32.10760098984353,20.12020046790493,2,True,False,False,0.021202998368423705,reconciled-geodesic-20260929-v1,radio-078a9b94db23093c
26650975735525,32.4806002488847,13.699000757349136,1,False,True,False,0.0,reconciled-geodesic-20260929-v1,radio-0c2682e5e743b7cc
26689316030176,31.728700952546607,11.791000853901116,1,True,False,False,0.0,reconciled-geodesic-20260929-v1,radio-3acdaf7338f261cd
26927963539450,32.570700706583494,14.051700235195545,1,True,False,False,0.0,reconciled-geodesic-20260929-v1,radio-686672d8864d529c
27064201021012,32.88520081823171,13.329400791433201,1,False,True,False,0.0,reconciled-geodesic-20260929-v1,radio-6ab91a259cde6e6a
27095408216820,31.962900621290828,12.100300150450314,1,False,True,False,0.0,reconciled-geodesic-20260929-v1,radio-b6e65a7a4db2c59b
27281943660385,32.47530027493563,14.558700464914818,2,True,True,False,34.5604747914591,reconciled-geodesic-20260929-v1,radio-1ce07762490169ec
27341235266004,32.67190044746734,13.48760040485906,1,True,False,False,0.0,reconciled-geodesic-20260929-v1,radio-4cc8cec57987abe0
27347858019101,32.78380027530889,13.582200796916108,1,False,True,False,0.0,reconciled-geodesic-20260929-v1,radio-5571d9517d922248
27641921097197,31.992600791918207,11.661600618090832,1,False,True,False,0.0,reconciled-geodesic-20260929-v1,radio-12f2005d10660c05
27763655451124,32.62580023467872,13.16800037312414,1,False,True,False,0.0,reconciled-geodesic-20260929-v1,radio-52e44629e43ce713
27894711224779,32.83497389,13.14524658,1,False,True,False,0.0,reconciled-geodesic-20260929-v1,radio-a1f77b94895b3e9c
28062134265691,32.10651510631342,20.101193510672037,1,False,True,False,0.0,reconciled-geodesic-20260929-v1,radio-b8e96631419d927a
28196002167307,32.81175994873047,13.274154663085938,1,False,True,False,0.0,reconciled-geodesic-20260929-v1,radio-020fd20fd232f2cf
28318054299071,32.50900031651869,14.203900453695342,1,True,False,False,0.0,reconciled-geodesic-20260929-v1,radio-d772abdf27dc3f3e
28394903860800,32.75510051193771,12.910300710103733,1,True,False,False,0.0,reconciled-geodesic-20260929-v1,radio-488a7f65aa8389e5
28518364375195,32.75700065547028,13.524000624815653,5,False,True,False,0.07075637364452995,reconciled-geodesic-20260929-v1,radio-52143f6251203bc5
28522381321415,32.867187831712805,13.136599374854049,1,False,True,False,0.0,reconciled-geodesic-20260929-v1,radio-3ae7cfadfd6857af
28550338296235,32.18105697631836,20.140535354614254,1,True,False,False,0.0,reconciled-geodesic-20260929-v1,radio-da197976016cae0d
28553664959218,32.68600066118435,14.105600591971054,1,False,True,False,0.0,reconciled-geodesic-20260929-v1,radio-d5d7da05f272642c
28567347014725,32.47930041996474,14.577600272370425,1,True,False,False,0.0,reconciled-geodesic-20260929-v1,radio-3e07e305a10f173b
28600368140678,32.648200400775764,14.256000719056278,1,False,True,False,0.0,reconciled-geodesic-20260929-v1,radio-20a078d6be38684d
28636893370715,32.75910044609193,12.599400251080494,1,True,False,False,0.0,reconciled-geodesic-20260929-v1,radio-2657480f4bb6b325
28762913526566,32.37620050355965,15.0809005581307,1,True,False,False,0.0,reconciled-geodesic-20260929-v1,radio-9dcbd72682415a73
28804523579672,32.33600077348126,12.622100953732556,1,False,True,False,0.0,reconciled-geodesic-20260929-v1,radio-69319a5d8b02afb0
28959672934757,32.359886214354,15.087989312221502,1,False,True,False,0.0,reconciled-geodesic-20260929-v1,radio-d53261ac31fa402c
29029099385955,32.05519339378844,20.13138933384672,1,False,True,False,0.0,reconciled-geodesic-20260929-v1,radio-a7381e9d9bfcbb49
29180408442839,30.740200734342373,20.229200327021672,1,False,True,False,0.0,reconciled-geodesic-20260929-v1,radio-17afafaab6bba0ab
29458152748514,32.116900324813905,20.10350068049516,2,True,False,False,5.3394856986631485,reconciled-geodesic-20260929-v1,radio-3f7733b3e5b0f066
29586666787465,32.61720078369811,13.27890030774464,1,False,True,False,0.0,reconciled-geodesic-20260929-v1,radio-1a06e508214421ed
29695061771831,32.84830043481202,13.099800550849508,1,True,False,False,0.0,reconciled-geodesic-20260929-v1,radio-d583042fa346f687
29810117042714,32.129700224389566,20.109500818169064,1,True,False,False,0.0,reconciled-geodesic-20260929-v1,radio-2db8dd5f756bc6de
29859726437407,32.827500198495336,13.042900943535495,2,True,False,False,24.01483545793003,reconciled-geodesic-20260929-v1,radio-91e2f6c4666714d7
29918581126115,24.201800854015097,23.293900784373427,1,True,False,False,0.0,reconciled-geodesic-20260929-v1,radio-74f15984d472242f
30107752835643,32.812800948215276,13.500800467529126,1,True,False,False,0.0,reconciled-geodesic-20260929-v1,radio-6238f96cd7fa75a3
30137993139798,32.63410047053853,14.231700431302562,1,False,True,False,0.0,reconciled-geodesic-20260929-v1,radio-db482e16f59ff39e
30186626979453,32.41400033142847,14.802000908303839,1,False,True,False,0.0,reconciled-geodesic-20260929-v1,radio-79bebd3eea431245
30191729066534,32.48940050681212,13.954600506170456,1,True,False,False,0.0,reconciled-geodesic-20260929-v1,radio-52c89e39087ebcd8
30310058285625,32.78000021988747,13.830000123660811,1,False,True,False,0.0,reconciled-geodesic-20260929-v1,radio-9a389e375ec90a52
30326307681087,32.812700617098756,13.015400509192519,1,False,True,False,0.0,reconciled-geodesic-20260929-v1,radio-b464792799e689c2
30336998738483,32.09670029100219,20.237000728480297,1,True,False,False,0.0,reconciled-geodesic-20260929-v1,radio-ea9a608b2222959c
30454631386247,32.43330026919854,13.629900204903352,2,False,True,False,48.26302805912298,reconciled-geodesic-20260929-v1,radio-65112f05f0c3352f
30470460758474,32.83860044028512,13.200700495971466,1,True,False,False,0.0,reconciled-geodesic-20260929-v1,radio-ea68039806b9ca98
30656225480611,32.79740025930039,12.890100532492358,1,False,True,False,0.0,reconciled-geodesic-20260929-v1,radio-914e8d7f61140cfa
30831847875486,27.04770022547943,14.420200720095384,1,False,True,False,0.0,reconciled-geodesic-20260929-v1,radio-9acbe435502bebc9
31115868613033,32.81000040374969,13.173500406081446,1,True,False,False,0.0,reconciled-geodesic-20260929-v1,radio-05b37b42e780aca9
31212388822173,32.08510052086019,20.122700594703172,1,True,False,False,0.0,reconciled-geodesic-20260929-v1,radio-1ee57a19af27486f
31318864164641,32.87320019188969,13.36520034414094,1,False,True,False,0.0,reconciled-geodesic-20260929-v1,radio-232af84ed0fc211c
31574805071494,32.84090094378982,13.082000718399,1,True,False,False,0.0,reconciled-geodesic-20260929-v1,radio-75b6a5cb0a95b0f8
31584774930368,32.79220017560401,13.290800772498105,1,True,False,False,0.0,reconciled-geodesic-20260929-v1,radio-ea784a002a5688af
31585222421149,32.095700251583125,20.10110090593251,1,True,False,False,0.0,reconciled-geodesic-20260929-v1,radio-dc1131733aa07dbd
31597703387083,27.04670075641369,14.418600806768623,2,False,True,False,9.883374656881191,reconciled-geodesic-20260929-v1,radio-463b4b0a207e397b
32112319817226,32.85420042741338,13.113600740062974,1,True,False,False,0.0,reconciled-geodesic-20260929-v1,radio-ac00ac4180a91996
32311316270838,32.69190042883078,13.233400576514248,1,False,True,False,0.0,reconciled-geodesic-20260929-v1,radio-e0842d274cf2ea38
32312265647958,31.833900907515574,11.48620040687957,1,False,True,False,0.0,reconciled-geodesic-20260929-v1,radio-a1f963943d26fab6
32503512135656,32.07302698130278,20.0984620523492,1,True,False,False,0.0,reconciled-geodesic-20260929-v1,radio-c479c7cfdefd6f69
32864350399170,32.14710038166962,20.114500152233855,1,True,False,False,0.0,reconciled-geodesic-20260929-v1,radio-d6703b143b9a1ae2
32952641561306,32.827300460416915,13.131000475614842,1,True,False,False,0.0,reconciled-geodesic-20260929-v1,radio-e8eef3c84151dcd5
32970051885880,32.681800326994484,13.889000656251723,1,False,True,False,0.0,reconciled-geodesic-20260929-v1,radio-cce6f1d157cc4212
33160094572802,32.55570043375032,13.175500739447203,1,False,True,False,0.0,reconciled-geodesic-20260929-v1,radio-98e3e2c3bbcf4230
33383136615739,32.566400871670425,14.286000335337112,1,False,True,False,0.0,reconciled-geodesic-20260929-v1,radio-6c090c06d2b4e531
33393486578360,30.584600435414934,18.415400460711652,1,True,False,False,0.0,reconciled-geodesic-20260929-v1,radio-e182c4daf27f6bd6
33824633882311,32.804300465985904,21.95640061700686,1,True,False,False,0.0,reconciled-geodesic-20260929-v1,radio-8c1a99e960c79378
33990742524801,32.525700773373515,12.682200746440575,1,False,True,False,0.0,reconciled-geodesic-20260929-v1,radio-e3e47295cf79b32a
34008525070845,32.39060018167159,15.124800431179322,1,True,False,False,0.0,reconciled-geodesic-20260929-v1,radio-a36e0eb7ff2aafba
34039837956317,32.05021585118952,20.114951031070756,1,False,True,False,0.0,reconciled-geodesic-20260929-v1,radio-c72cc8db29662904
34091195611605,32.461300426962154,14.55400061081384,1,False,True,False,0.0,reconciled-geodesic-20260929-v1,radio-fefd0b74ae3ce53b
34141445571936,32.770900645918225,13.25150069872431,2,True,True,False,33.23503545083743,reconciled-geodesic-20260929-v1,radio-1f33f1ac7e93ccbb
34236839330735,32.76515239372881,21.78337151355932,1,False,True,False,0.0,reconciled-geodesic-20260929-v1,radio-bde8ab3c6c5d69ff
34550016165447,32.72420034341274,13.66640032656042,1,False,True,False,0.0,reconciled-geodesic-20260929-v1,radio-53fdeddf56ece8c1
34651380593843,32.224300481609916,20.199300895742738,1,False,True,False,0.0,reconciled-geodesic-20260929-v1,radio-c1859d275b520a7a
34866178744161,32.47690031756873,14.567400745229769,1,True,False,False,0.0,reconciled-geodesic-20260929-v1,radio-46332f518380a341
34908664276464,32.09976959228516,20.147357940673828,2,False,True,False,9.882795102869673,reconciled-geodesic-20260929-v1,radio-525e8dbacb87ce93
35006273232501,32.82850065457284,13.006200304923222,1,False,True,False,0.0,reconciled-geodesic-20260929-v1,radio-5b9bd82e1289625e
35473284422376,32.71120015801384,13.794100982214964,1,True,False,False,0.0,reconciled-geodesic-20260929-v1,radio-5a5f0252e55f8e71
35544244024773,30.734900248890884,20.223500482871803,1,True,False,False,0.0,reconciled-geodesic-20260929-v1,radio-113262b226eb6ec7
35585169389546,32.748900481615394,13.396500304870216,1,True,False,False,0.0,reconciled-geodesic-20260929-v1,radio-1ff17f7335b09dc5
35605764673673,32.859500490928745,13.264500618515259,1,True,False,False,0.0,reconciled-geodesic-20260929-v1,radio-a608d4072adce277
35636375313449,32.89220021785679,13.387400394131046,1,False,True,False,0.0,reconciled-geodesic-20260929-v1,radio-430ac826a697dd53
35660686361522,32.89130032519685,13.234000430730202,1,True,False,False,0.0,reconciled-geodesic-20260929-v1,radio-55665a504cea14cc
35665969928463,32.844300456078365,13.15340043624009,1,False,True,False,0.0,reconciled-geodesic-20260929-v1,radio-1fae6cea9726d50f
35982333996115,32.0896869,20.0875357,2,False,True,False,3.640293740118853,reconciled-geodesic-20260929-v1,radio-0d916dd503ffc708
36376393866378,32.769900249007854,13.2548007880024,1,True,False,False,0.0,reconciled-geodesic-20260929-v1,radio-fbc7d90bb812d8f4
36467636676189,32.84820093343962,13.369000554755884,1,True,False,False,0.0,reconciled-geodesic-20260929-v1,radio-76fcd87d463e02b6
36676784161820,32.736600209996816,12.767200562557488,1,True,False,False,0.0,reconciled-geodesic-20260929-v1,radio-513cc5c3c8af423b
36747001968307,32.70190091678517,13.310800946058816,1,False,True,False,0.0,reconciled-geodesic-20260929-v1,radio-22e74c0dcd65365e
36807004966856,32.85920088111214,13.09200013861778,1,True,False,False,0.0,reconciled-geodesic-20260929-v1,radio-06b0e6a5b76fd6ec
36839076812139,32.809500693299526,12.975700474689082,1,True,False,False,0.0,reconciled-geodesic-20260929-v1,radio-a037fdd02c158643
37039100421408,30.76400054565906,20.21320043380508,1,True,False,False,0.0,reconciled-geodesic-20260929-v1,radio-9e2abecc714789e1
37180044981467,32.72420044033329,13.213300940719071,1,True,False,False,0.0,reconciled-geodesic-20260929-v1,radio-9a68e795c180edb7
37333342865144,32.90140016218892,13.174300261932384,1,True,False,False,0.0,reconciled-geodesic-20260929-v1,radio-21005e9dc47336b8
37417770413667,32.1025121,20.1027331,3,False,True,False,3.2889630614141905,reconciled-geodesic-20260929-v1,radio-01d2190c89bc7215
37671577059961,32.77880015084506,12.687100653864615,1,False,True,False,0.0,reconciled-geodesic-20260929-v1,radio-52f270a894ccbfa6
37738280163761,32.78280017167828,13.148200917158833,1,True,False,False,0.0,reconciled-geodesic-20260929-v1,radio-a4a07066c69dc54d
37785449962013,32.25610282204368,20.210187435150143,1,False,True,False,0.0,reconciled-geodesic-20260929-v1,radio-edb5b8b93939b8a2
38051578075815,32.70180089312772,13.290200390511403,1,False,True,False,0.0,reconciled-geodesic-20260929-v1,radio-81d5a652b17683bf
38066284848839,32.75820069146213,21.777300186275994,1,True,False,False,0.0,reconciled-geodesic-20260929-v1,radio-a2b21c936b30e849
38193352293786,32.77080072903549,13.122100461075513,1,False,True,False,0.0,reconciled-geodesic-20260929-v1,radio-c9b8fe0a44d2870b
38428082179198,32.37460068376424,15.081400245394882,1,True,False,False,0.0,reconciled-geodesic-20260929-v1,radio-328e1e00f8e46d6b
38503681935230,32.126400591610405,20.064900561451964,1,True,False,False,0.0,reconciled-geodesic-20260929-v1,radio-42aabb2f2f69ef9b
38530048955974,32.576400483339086,13.291700248807894,1,False,True,False,0.0,reconciled-geodesic-20260929-v1,radio-8d7491dd46b93040
38604897946240,32.16930097567236,20.12790095782644,1,False,True,False,0.0,reconciled-geodesic-20260929-v1,radio-abb3a9663a7ea231
38860247154120,32.5031001789276,20.89050092932035,1,False,True,False,0.0,reconciled-geodesic-20260929-v1,radio-6659318c366a2569
38895532304010,32.84150029604303,13.048000664150896,1,False,True,False,0.0,reconciled-geodesic-20260929-v1,radio-c45e47a8e0761011
38911893659905,32.75880098162232,13.435600705684685,1,False,True,False,0.0,reconciled-geodesic-20260929-v1,radio-728a8aa19c2eddf7
38933027945192,32.734400400018906,13.739900909720687,1,True,False,False,0.0,reconciled-geodesic-20260929-v1,radio-d38b8997bd60fb49
38997770917032,31.761941142473862,15.07241960559435,1,False,True,False,0.0,reconciled-geodesic-20260929-v1,radio-90e15ee0d01bbaff
39554141232886,30.72950093410292,20.201600791081077,1,False,True,False,0.0,reconciled-geodesic-20260929-v1,radio-ab326ab9073a53e5
39587734050869,32.762100638321314,21.789200196519687,1,True,False,False,0.0,reconciled-geodesic-20260929-v1,radio-9ec737a5d29e8bf1
39671680306911,32.36050085316872,15.034200538963663,1,True,False,False,0.0,reconciled-geodesic-20260929-v1,radio-a83b38a6dfd6a7db
39766972978982,32.84340080574306,13.068500551709004,1,False,True,False,0.0,reconciled-geodesic-20260929-v1,radio-c0f58c97f699fb49
39803224001642,32.34256679453736,15.09882348649004,1,False,True,False,0.0,reconciled-geodesic-20260929-v1,radio-49c19ac21da5c74b
39950382148862,32.89250023617201,13.25480030131341,1,True,False,False,0.0,reconciled-geodesic-20260929-v1,radio-7656d2a5033050e6
40028863671531,32.838500343972434,13.272600749628943,1,True,False,False,0.0,reconciled-geodesic-20260929-v1,radio-1f143fb39630ac18
40258230958244,32.873700221141284,13.387900903916396,3,True,True,False,21.757560639922684,reconciled-geodesic-20260929-v1,radio-c6d2f7928d8d723f
40322809867663,32.76600062993778,13.087300228551548,1,True,False,False,0.0,reconciled-geodesic-20260929-v1,radio-21ad9a9858bbf89a
40419228062382,31.451900208377364,15.267100764255805,1,False,True,False,0.0,reconciled-geodesic-20260929-v1,radio-92cbbfa3e39a497c
40608779462217,30.770000635257386,20.23820018642095,2,True,True,False,24.131632780460972,reconciled-geodesic-20260929-v1,radio-2e2026a7feaf9a5e
40614473471564,27.053500948208033,14.40880015297622,1,False,True,False,0.0,reconciled-geodesic-20260929-v1,radio-48e485bca4b4a3de
40831814931310,32.0937235,20.0989747,1,False,True,False,0.0,reconciled-geodesic-20260929-v1,radio-e1ba5b00ed2de3ca
40868768233446,32.82610079119841,21.856000638270622,1,False,True,False,0.0,reconciled-geodesic-20260929-v1,radio-3687fe75deceb16d
40973173393510,32.08892758018089,20.12796185142116,1,False,True,False,0.0,reconciled-geodesic-20260929-v1,radio-42e6a29db8ef5669
40976176057694,32.749800277735126,13.738500288130918,1,True,False,False,0.0,reconciled-geodesic-20260929-v1,radio-c36195e7acbbc60e
40988295805326,32.83050076428449,13.423300153553937,1,False,True,False,0.0,reconciled-geodesic-20260929-v1,radio-95c724f1e0455a80
41272933297014,32.628379821777344,13.305734157562256,1,False,True,False,0.0,reconciled-geodesic-20260929-v1,radio-5a8fbf39b9b35b89
41358956790929,32.1143003719577,20.11250045397915,1,False,True,False,0.0,reconciled-geodesic-20260929-v1,radio-5630f6c58626c9ba
41461751951190,32.867600288548985,13.418100649141408,1,True,False,False,0.0,reconciled-geodesic-20260929-v1,radio-8999df9803b82cc3
41482029738407,31.648113351149163,15.116032484230994,1,False,True,False,0.0,reconciled-geodesic-20260929-v1,radio-7540df0d8d0d7591
41549470790585,32.80320078162258,21.873300322212202,1,True,False,False,0.0,reconciled-geodesic-20260929-v1,radio-89f069006682bd6f
41834842381928,32.1083005140119,20.083400137523462,1,True,False,False,0.0,reconciled-geodesic-20260929-v1,radio-2b2115e4a0ec3453
41962443216189,32.79370078593704,13.095600559549787,1,True,False,False,0.0,reconciled-geodesic-20260929-v1,radio-acb94c7088ccb0b3
41963344337987,32.47570071452731,20.85000026540218,1,False,True,False,0.0,reconciled-geodesic-20260929-v1,radio-85f0e6adc184fc4a
42105530104641,32.454100140436815,14.60140025996589,1,True,False,False,0.0,reconciled-geodesic-20260929-v1,radio-be3e39837abace23
42277972188054,32.008144249350764,20.07491247532709,1,True,False,False,0.0,reconciled-geodesic-20260929-v1,radio-d637bfd9f3c39e2f
42443821976047,32.74620055260517,13.243200799261755,1,True,False,False,0.0,reconciled-geodesic-20260929-v1,radio-e375f6e4eb175021
42634128923334,32.038700609053315,20.077000635236956,2,True,True,False,43.95247281046173,reconciled-geodesic-20260929-v1,radio-06d0c3abb7b66550
42638793326627,32.47860022189283,14.566400317353454,1,False,True,False,0.0,reconciled-geodesic-20260929-v1,radio-bf92ac26b929bf9a
42749668801000,32.92290081546024,12.110000296746511,1,True,False,False,0.0,reconciled-geodesic-20260929-v1,radio-18ba5d77fae329c5
42776136317603,32.1309736,20.0977315,2,True,False,False,4.175451456793093,reconciled-geodesic-20260929-v1,radio-404aa70e35206624
42818665311721,31.885600659770194,11.468300639196695,1,False,True,False,0.0,reconciled-geodesic-20260929-v1,radio-9d9e02511db6d5e7
42861168831381,32.76302284664564,21.7483269373576,1,False,True,False,0.0,reconciled-geodesic-20260929-v1,radio-a08ebd261ff1d6b2
42870295980249,32.43870067759994,13.72220023511403,1,False,True,False,0.0,reconciled-geodesic-20260929-v1,radio-88426fac2f4663ca
43183276108788,32.0599635,20.0789808,2,False,True,False,4.479119173986935,reconciled-geodesic-20260929-v1,radio-3ae8b0ea2a2d5159
43201925213184,32.3836003010583,15.08680086403995,1,False,True,False,0.0,reconciled-geodesic-20260929-v1,radio-9e477934d2178228
43369673815917,32.0902866,20.1207549,1,False,True,False,0.0,reconciled-geodesic-20260929-v1,radio-3699459097b022e2
43408031617824,32.88530034659871,13.202000867248783,1,True,False,False,0.0,reconciled-geodesic-20260929-v1,radio-00a4efc64aa596f2
43456382186580,32.1188158,20.11502,2,False,True,False,0.0,reconciled-geodesic-20260929-v1,radio-18a2d1437a8a6064
43652265679374,32.43970097374922,13.6332006303455,1,True,False,False,0.0,reconciled-geodesic-20260929-v1,radio-fd7602d44565bed2
43773246686793,32.83550047113952,13.406600319975158,1,False,True,False,0.0,reconciled-geodesic-20260929-v1,radio-730dedd65d6b3beb
44051074475807,32.62470049271728,13.965300537921754,1,True,False,False,0.0,reconciled-geodesic-20260929-v1,radio-cf006fdc1f4fc03c
44061119879972,32.83440020074612,13.144500594443503,1,True,False,False,0.0,reconciled-geodesic-20260929-v1,radio-4b2ae366142ed16f
44070463697894,32.63900048877996,14.247700488402648,1,True,False,False,0.0,reconciled-geodesic-20260929-v1,radio-ecbc45e5462626a0
44141184516951,32.77410038410669,13.111600627098072,1,True,False,False,0.0,reconciled-geodesic-20260929-v1,radio-18f57e7c61292fd5
44171173074805,31.95230021334023,20.134100588347547,1,True,False,False,0.0,reconciled-geodesic-20260929-v1,radio-5f0046c1bb8dac30
44361636275182,32.88330082870945,13.192700533054694,1,True,False,False,0.0,reconciled-geodesic-20260929-v1,radio-a35afe9f8803cb4c
44430330703361,32.70650029664553,21.73260026412718,4,True,True,False,28.034477218809318,reconciled-geodesic-20260929-v1,radio-3b6518dd7d3fab06
44459127786535,32.813100909961065,13.016400392778616,1,True,False,False,0.0,reconciled-geodesic-20260929-v1,radio-633c53730d330319
45004468301188,31.776200148342937,11.481300376743103,1,False,True,False,0.0,reconciled-geodesic-20260929-v1,radio-585edd649636d748
45305906842898,32.70170052489863,13.293700246380736,1,True,False,False,0.0,reconciled-geodesic-20260929-v1,radio-5308f4a1856828c4
45348306622112,32.822500411514454,13.340800409678097,1,False,True,False,0.0,reconciled-geodesic-20260929-v1,radio-5a7e28e5b9972a30
45386918235862,32.91990082700801,12.109300849154872,1,True,False,False,0.0,reconciled-geodesic-20260929-v1,radio-d510beace7c4a7b9
45668274192979,32.09680045453554,20.208800586109795,1,True,False,False,0.0,reconciled-geodesic-20260929-v1,radio-81dc02c9f5257c2d
45811089389898,32.68990076421875,13.157700655521484,1,False,True,False,0.0,reconciled-geodesic-20260929-v1,radio-2a55a094b7948da3
45883615671089,32.74990086275212,12.738000831295697,1,True,False,False,0.0,reconciled-geodesic-20260929-v1,radio-0bfb630882412a98
46118069998403,32.817800724806766,13.304800613586623,1,True,False,False,0.0,reconciled-geodesic-20260929-v1,radio-347a3069f10b8531
46132572310084,32.19770036860017,20.599300734809372,1,True,False,False,0.0,reconciled-geodesic-20260929-v1,radio-ec3e693d4d8890cd
46159557990569,32.86440022638046,13.104300303059032,1,True,False,False,0.0,reconciled-geodesic-20260929-v1,radio-79f88c6a0c3dbcbb
46442514452792,32.72830049399122,13.18350016241966,1,False,True,False,0.0,reconciled-geodesic-20260929-v1,radio-e478831f530f5d40
46593782483033,32.182500831428875,20.142000228560253,1,True,False,False,0.0,reconciled-geodesic-20260929-v1,radio-d2920b5e6d960ad1
46845692755427,32.45010055152962,13.822000261113976,1,False,True,False,0.0,reconciled-geodesic-20260929-v1,radio-e222dcfc192c62a0
46877769184005,32.35000013585328,15.091200664177977,1,True,False,False,0.0,reconciled-geodesic-20260929-v1,radio-a246dfea7ef16c88
46989596042174,32.76690016404838,12.742200303646195,1,True,False,False,0.0,reconciled-geodesic-20260929-v1,radio-8c586b4bc3a3f526
47271336494200,32.009915822806455,20.14650232779483,1,True,False,False,0.0,reconciled-geodesic-20260929-v1,radio-38f1fe1e3783a04c
47434654548507,27.496700588870326,13.970500563472202,1,True,False,False,0.0,reconciled-geodesic-20260929-v1,radio-8158b2f8608369d0
47494851414241,32.6169007802831,14.011700437065288,1,False,True,False,0.0,reconciled-geodesic-20260929-v1,radio-7c1bbf495b2b852c
47542825857402,32.820000231357106,13.22960097474387,1,True,False,False,0.0,reconciled-geodesic-20260929-v1,radio-34fbfaca788d9de3
47647526316734,32.10928726196289,20.12331771850586,1,False,True,False,0.0,reconciled-geodesic-20260929-v1,radio-c9084b52bb005ee4
47718903789830,32.27660068558215,15.119200281808563,1,True,False,False,0.0,reconciled-geodesic-20260929-v1,radio-45565dc7fb6e8ec8
47806788466788,32.86360083417327,13.139300453097917,1,True,False,False,0.0,reconciled-geodesic-20260929-v1,radio-d9405dd3e0f6b89b
47832698055802,32.36940042388264,15.1616005019141,1,False,True,False,0.0,reconciled-geodesic-20260929-v1,radio-ef56fc3fea290dad
47971163831252,32.62040053686678,13.168200597396678,1,False,True,False,0.0,reconciled-geodesic-20260929-v1,radio-7ebc956ed49ed13f
48046646827699,31.196600391510856,16.571800471640344,1,False,True,False,0.0,reconciled-geodesic-20260929-v1,radio-f7f325b6deb3416b
48152152959336,32.86750036888427,13.150200791139405,1,True,False,False,0.0,reconciled-geodesic-20260929-v1,radio-2f3a1a2278322946
48163255447273,32.46280054465037,13.31900087810171,1,True,False,False,0.0,reconciled-geodesic-20260929-v1,radio-a01483c9ef381889
48166703306429,32.461600285332075,13.909100669126733,1,True,False,False,0.0,reconciled-geodesic-20260929-v1,radio-a9d29bb15f96a9ce
48684249842083,31.655000176222114,20.016000909136885,2,True,False,False,0.07196272803017859,reconciled-geodesic-20260929-v1,radio-b6498aebd6862505
48743640372282,32.75840044783182,13.261300579956186,1,False,True,False,0.0,reconciled-geodesic-20260929-v1,radio-9791f07523de0a80
48824926698267,32.78830062755868,13.224400177489231,1,False,True,False,0.0,reconciled-geodesic-20260929-v1,radio-b5c1bd32eeefbb85
48846432263390,32.842600913170656,13.050700710085062,1,False,True,False,0.0,reconciled-geodesic-20260929-v1,radio-eec80b5d9fe96b66
49003286426926,32.102000476224,20.166000383928857,2,True,True,False,13.236382028723533,reconciled-geodesic-20260929-v1,radio-4d5c440a8b635580
49130288433601,32.86300044296337,13.130400190143963,2,True,True,False,14.505229442642445,reconciled-geodesic-20260929-v1,radio-214424d5218baaaa
49484149146666,32.78140046433295,21.823100148464057,1,True,False,False,0.0,reconciled-geodesic-20260929-v1,radio-fba47c4a6841821e
49780760201001,32.85290093437326,13.111000284030824,1,False,True,False,0.0,reconciled-geodesic-20260929-v1,radio-98b3ffae4783b307
49810051319592,32.64030054281413,14.240900350228717,3,True,True,False,48.189980053568085,reconciled-geodesic-20260929-v1,radio-e04289f7c804e74b
50136955824926,32.78930058432363,13.023100640201294,1,True,False,False,0.0,reconciled-geodesic-20260929-v1,radio-f3f248fd17e450e3
50313605814342,32.6978006407362,13.845300902660519,2,False,True,False,44.40985144892346,reconciled-geodesic-20260929-v1,radio-3c1e62383506b86b
50462183532468,32.802800438591255,13.125800421514837,1,True,False,False,0.0,reconciled-geodesic-20260929-v1,radio-a63913a9a0168b1e
50662479880153,32.738100830516274,13.434900304469341,1,True,False,False,0.0,reconciled-geodesic-20260929-v1,radio-0d03f01ed738960e
50665292278121,32.9025002272105,13.268000384146275,1,False,True,False,0.0,reconciled-geodesic-20260929-v1,radio-5d6f01002f10762c
50684953220361,32.1155862,20.1185075,1,True,False,False,0.0,reconciled-geodesic-20260929-v1,radio-8b8cacd1b03de558
50891761312862,32.09080056348213,20.153800488693008,1,False,True,False,0.0,reconciled-geodesic-20260929-v1,radio-da4966d304330145
50968637713480,32.840800338990974,13.12750097126901,1,True,False,False,0.0,reconciled-geodesic-20260929-v1,radio-227e7f36a908bb2c
51157860375882,32.737300253719525,13.328400739318653,1,False,True,False,0.0,reconciled-geodesic-20260929-v1,radio-10d2e6ea02001ef5
51359712960229,32.01095962524414,20.15744400024414,1,False,True,False,0.0,reconciled-geodesic-20260929-v1,radio-0a6accd350ee86bd
51434621976720,32.20290053055271,20.173000190838643,1,True,False,False,0.0,reconciled-geodesic-20260929-v1,radio-0b095402718d88c4
51531033717651,32.8683009559628,13.202700707044325,1,True,False,False,0.0,reconciled-geodesic-20260929-v1,radio-864241de5fb7770e
51632144811680,30.75920045517424,20.2168003204314,1,False,True,False,0.0,reconciled-geodesic-20260929-v1,radio-efbeb94e56f711cc
51704865825523,32.33700025288963,15.031400124406401,2,True,True,False,4.610692988237056,reconciled-geodesic-20260929-v1,radio-2241d9dbce869a40
52220288753164,32.12000087354635,20.107800120615305,1,True,False,False,0.0,reconciled-geodesic-20260929-v1,radio-6422754d6fdccea7
52424303406126,32.592300900771555,14.119600906785422,1,True,False,False,0.0,reconciled-geodesic-20260929-v1,radio-11d32b37d5fa5d33
52440266646318,32.76730020784728,12.742700515553787,1,True,False,False,0.0,reconciled-geodesic-20260929-v1,radio-40e55bedf9353978
52753588519038,32.74410023651972,13.145000318640529,1,True,False,False,0.0,reconciled-geodesic-20260929-v1,radio-f11aed9f517b69cf
52837717169050,32.84510096178506,13.374200903986093,1,False,True,False,0.0,reconciled-geodesic-20260929-v1,radio-252e30bf3f6ea531
52908273507292,32.43750014588338,20.884700211912428,2,False,True,False,14.514140728673093,reconciled-geodesic-20260929-v1,radio-55bf36d6e219f23c
52911093382079,32.65990087518255,13.473200619230388,1,False,True,False,0.0,reconciled-geodesic-20260929-v1,radio-18fcf2db71756059
52998441554837,32.852100795849374,13.448900374832212,1,False,True,False,0.0,reconciled-geodesic-20260929-v1,radio-17686ecea0e975f8
53054763882829,32.02819084398674,20.169767090768524,1,True,False,True,0.0,reconciled-geodesic-20260929-v1,radio-36e75c967791f29e
53064163221474,32.0709926225245,20.104936122894287,1,True,False,False,0.0,reconciled-geodesic-20260929-v1,radio-947a7b99e365ce75
53505988187990,32.75000060135011,13.29040087415413,1,False,True,False,0.0,reconciled-geodesic-20260929-v1,radio-a244784c847869dc
53695278612846,32.760738372802734,12.724206924438477,1,False,True,False,0.0,reconciled-geodesic-20260929-v1,radio-5dfb3e6da097628b
53874515819004,32.78460061602955,12.76670014551148,1,False,True,False,0.0,reconciled-geodesic-20260929-v1,radio-b6f1dd80bf4cb562
53889859049529,32.1155644,20.1485707,1,False,True,False,0.0,reconciled-geodesic-20260929-v1,radio-08c70420f8620b1c
53929744881704,32.90430090037828,13.233300450207015,1,True,False,False,0.0,reconciled-geodesic-20260929-v1,radio-be92a138e0930257
54008765158859,32.235553333333336,20.18187333333333,1,True,False,False,0.0,reconciled-geodesic-20260929-v1,radio-0e5a3ada7bb95935
54031793850299,30.911600597189977,20.185500175699914,1,True,False,False,0.0,reconciled-geodesic-20260929-v1,radio-4e4e616ad60c777c
54063166483035,32.84070061398191,13.158400541444959,1,True,False,False,0.0,reconciled-geodesic-20260929-v1,radio-700326fe2ff2deb1
54073004094679,32.01180048396507,15.042100506764937,1,True,False,False,0.0,reconciled-geodesic-20260929-v1,radio-0786503dc2dc75ba
54153714268459,32.7950278145928,21.867622974940684,1,False,True,False,0.0,reconciled-geodesic-20260929-v1,radio-730fd52be741edd3
54233558852272,32.85840052187274,13.274300661762071,1,False,True,False,0.0,reconciled-geodesic-20260929-v1,radio-d85884badca4fd02
54342166640815,32.678500588709255,12.937000548976542,1,False,True,False,0.0,reconciled-geodesic-20260929-v1,radio-862a2aef35216647
54441597733105,32.76130042198188,12.566700227627642,1,False,True,False,0.0,reconciled-geodesic-20260929-v1,radio-8e2928d8352eb3b8
54509455756876,32.063000548178486,20.09150029700971,2,False,True,False,37.82139337502293,reconciled-geodesic-20260929-v1,radio-60dfa5b81402c14c
54694191001690,32.7996002098946,21.872000263931668,1,False,True,False,0.0,reconciled-geodesic-20260929-v1,radio-963c33b9cb6f368f
54906473912998,32.7693002154618,13.259200422143344,1,True,False,False,0.0,reconciled-geodesic-20260929-v1,radio-943ee794fb8590f7
54916348605328,32.44170047881054,20.87890092845096,1,False,True,False,0.0,reconciled-geodesic-20260929-v1,radio-4452bb483e61f277
55063555878110,32.07900073263818,20.063500684315287,1,True,False,False,0.0,reconciled-geodesic-20260929-v1,radio-08db79872f4b76c5
55294300407902,32.42800070673676,14.558600276097543,1,True,False,False,0.0,reconciled-geodesic-20260929-v1,radio-adfeab37ab377c3c
55405497550927,32.469400514376794,14.56250037740575,1,False,True,False,0.0,reconciled-geodesic-20260929-v1,radio-8a5bd0f6077715ee
55510949670477,32.767000680589554,21.786000288511524,1,False,True,False,0.0,reconciled-geodesic-20260929-v1,radio-dfc0963a00fecdd1
55595364006523,32.64520064581207,13.438900133610655,1,False,True,False,0.0,reconciled-geodesic-20260929-v1,radio-f401d08c5d0b3a97
55601506498959,32.8798009576156,13.29210093600584,1,True,False,False,0.0,reconciled-geodesic-20260929-v1,radio-673ce609e5b74a7e
55706057654008,32.819600411493795,13.22710092161878,1,True,False,False,0.0,reconciled-geodesic-20260929-v1,radio-c1dd65dafa1a7088
55853932834405,31.82870483398437,20.016894149780278,1,True,False,False,0.0,reconciled-geodesic-20260929-v1,radio-7221d995d5ef1559
56214008489870,32.43840062108961,13.638700112120423,2,True,False,False,0.09270266167004108,reconciled-geodesic-20260929-v1,radio-05ad0e1a33fbc818
56384838833993,32.0712776184082,20.075714111328125,1,False,True,False,0.0,reconciled-geodesic-20260929-v1,radio-ebeb9fcd4a9da063
56434143917128,32.89250074755192,13.205800807806117,2,True,False,False,38.17408917507152,reconciled-geodesic-20260929-v1,radio-8b546ce4dccca1d6
56741132555248,32.765900270320955,12.6914005129745,1,True,False,False,0.0,reconciled-geodesic-20260929-v1,radio-d8dfc1353e09b179
56849377862755,32.44110013137379,13.629600577566874,1,True,False,False,0.0,reconciled-geodesic-20260929-v1,radio-08ad1fdee2179985
56987774912726,32.17509460449219,20.134258270263672,1,True,False,False,0.0,reconciled-geodesic-20260929-v1,radio-b166593cedf8b74c
57059639016102,32.76960038916124,12.731200276051837,1,True,False,False,0.0,reconciled-geodesic-20260929-v1,radio-2a406ca0dd2cadb6
57249382807926,32.863700470724154,13.271000822568636,1,True,False,False,0.0,reconciled-geodesic-20260929-v1,radio-19ab9b5b5be9f0c9
57431988854304,31.379100904156704,15.564400760541307,1,False,True,False,0.0,reconciled-geodesic-20260929-v1,radio-0e0645833a2b790c
57452103163521,32.722700776988034,13.146400639509276,1,True,False,False,0.0,reconciled-geodesic-20260929-v1,radio-e8dac6edee20601d
57459860024786,32.58210070102725,13.991800887434243,1,False,True,False,0.0,reconciled-geodesic-20260929-v1,radio-c50edac6c010037b
57502915713585,32.65370023375083,14.262400151541097,1,False,True,False,0.0,reconciled-geodesic-20260929-v1,radio-339e48662bd18ab5
57641243838952,32.623100643944724,14.331300837520935,1,True,False,False,0.0,reconciled-geodesic-20260929-v1,radio-e54f1de2472d6b04
57762620250008,32.1328983,20.0963726,2,False,True,False,0.0,reconciled-geodesic-20260929-v1,radio-cd80eab061ba183a
57881047359333,32.880900531555135,13.219500536607866,1,False,True,False,0.0,reconciled-geodesic-20260929-v1,radio-bea6c767aad663ae
58103554660991,32.05845401598042,20.06209510305665,1,True,False,False,0.0,reconciled-geodesic-20260929-v1,radio-04098303d9431ba7
58210570716951,32.0874898,20.1106647,2,False,True,False,0.0,reconciled-geodesic-20260929-v1,radio-7f31b72722f726e1
58308767605912,32.57200069463485,13.27970011674999,1,False,True,False,0.0,reconciled-geodesic-20260929-v1,radio-8155daf3f5140f73
58322560198623,32.56760019327,13.700900651057365,1,False,True,False,0.0,reconciled-geodesic-20260929-v1,radio-8a97c95ed0eddba3
58416121848885,31.91811752319336,20.175498962402344,1,False,True,False,0.0,reconciled-geodesic-20260929-v1,radio-b74a102a9924b581
58447446584964,31.69180044756599,20.015800610628688,1,True,False,False,0.0,reconciled-geodesic-20260929-v1,radio-a245430ede4578f3
58548387104525,32.772411980980394,21.76535036333333,1,False,True,False,0.0,reconciled-geodesic-20260929-v1,radio-26ad17f44b437672
58582342393589,32.64280013256998,13.441100590456372,1,False,True,False,0.0,reconciled-geodesic-20260929-v1,radio-6de702737a58c426
58967188510213,32.79270076425815,13.160900216412772,1,True,False,False,0.0,reconciled-geodesic-20260929-v1,radio-9c00b9dc717d747b
59080038973814,32.49970047310427,14.542900539269437,1,True,False,False,0.0,reconciled-geodesic-20260929-v1,radio-335cdda355d10f6a
59161957307273,32.62180056257226,13.275900495269761,1,False,True,False,0.0,reconciled-geodesic-20260929-v1,radio-a2b249ea567299fb
59301969120686,32.0868106,20.116919,1,False,True,False,0.0,reconciled-geodesic-20260929-v1,radio-ec341730f9d2f137
59627009051722,32.112900303552145,12.99150081064451,1,True,False,False,0.0,reconciled-geodesic-20260929-v1,radio-eb61271962639dc8
60137269291097,32.09150091717926,20.15980097583546,1,False,True,True,0.0,reconciled-geodesic-20260929-v1,radio-e39590891e9e60eb
60221885781597,32.36310065968707,15.098600435506427,1,True,False,False,0.0,reconciled-geodesic-20260929-v1,radio-ca965eafa12c6624
60241946371239,32.57980025546378,14.01060032325992,1,True,False,False,0.0,reconciled-geodesic-20260929-v1,radio-2d3fd82a430090b5
60323250888913,32.37250032149843,15.003400203687882,1,True,False,False,0.0,reconciled-geodesic-20260929-v1,radio-a1c41ab03a6a4bff
60998261108935,32.09810056501289,20.198100730989676,1,True,False,False,0.0,reconciled-geodesic-20260929-v1,radio-c1e9ad27ef749304
61012919782248,31.553000337537032,20.548000553248,1,True,False,False,0.0,reconciled-geodesic-20260929-v1,radio-708fc56c3d1ff2c7
61031186545966,32.76885223388672,21.72550392150879,1,False,True,False,0.0,reconciled-geodesic-20260929-v1,radio-4ea0bdd1dff906c5
61097392195067,32.84270052527472,13.426500566860067,1,False,True,False,0.0,reconciled-geodesic-20260929-v1,radio-3c5d0559b3d62794
61201023175043,32.7243001262127,13.165200648786298,1,True,False,False,0.0,reconciled-geodesic-20260929-v1,radio-61d2653562bd6b93
61401674474603,32.50560064465736,13.923200745998301,1,True,False,False,0.0,reconciled-geodesic-20260929-v1,radio-abe2186476d8ae2f
61417259930089,27.5618007579508,14.453600565708943,1,True,False,False,0.0,reconciled-geodesic-20260929-v1,radio-88524ce7ec46a958
61560892005117,32.842600419946784,13.06130052586534,1,False,True,False,0.0,reconciled-geodesic-20260929-v1,radio-905bd2300bea8019
61771843282998,32.06547275,20.08685785,1,False,True,False,0.0,reconciled-geodesic-20260929-v1,radio-3d63186c2e16e6f5
61778805243055,30.754100165383456,20.227800189220744,1,False,True,False,0.0,reconciled-geodesic-20260929-v1,radio-513c4ee221b8d662
61868586588488,32.72060059049363,21.777900820733738,1,False,True,False,0.0,reconciled-geodesic-20260929-v1,radio-118a8cc178130c9f
62079731503817,32.1392984,20.1310448,1,False,True,False,0.0,reconciled-geodesic-20260929-v1,radio-9b495b3904cc18ad
62127179155992,32.47400048441355,13.382500385068985,1,True,False,False,0.0,reconciled-geodesic-20260929-v1,radio-4f11ab8073937c69
62133208818819,32.83740098832827,13.068900723036386,1,False,True,True,0.0,reconciled-geodesic-20260929-v1,radio-5cf31e96ad2716a0
62202661087414,32.875900903760744,13.211600734360346,1,True,False,False,0.0,reconciled-geodesic-20260929-v1,radio-8046f153fafeb062
62245370764485,32.366700161739914,15.09590076169505,1,True,False,False,0.0,reconciled-geodesic-20260929-v1,radio-7276abec67022570
62333455175188,31.77670031168145,11.318200955958561,1,False,True,False,0.0,reconciled-geodesic-20260929-v1,radio-79fa36b63d1ab068
62559386077236,32.66690022658057,13.144700638906462,1,True,False,False,0.0,reconciled-geodesic-20260929-v1,radio-2b1a58e3a5bc607a
62657104069799,26.101500196785857,14.825300913771075,1,True,False,False,0.0,reconciled-geodesic-20260929-v1,radio-9a717ca63580832e
62680187928007,32.7956002965184,12.439000564949726,1,True,False,False,0.0,reconciled-geodesic-20260929-v1,radio-c0c19c01826bc5de
62881873759030,32.76133198891917,21.77337105043473,1,False,True,False,0.0,reconciled-geodesic-20260929-v1,radio-4ca94b3aa04397b3
62941809494113,32.856500616402286,13.08070054138741,2,True,False,False,9.370440455647335,reconciled-geodesic-20260929-v1,radio-5b187cafee3a2688
62986612284166,32.82730044653764,13.507700869235029,1,False,True,False,0.0,reconciled-geodesic-20260929-v1,radio-7d9dc75e8c8e9477
63045305086205,32.08809280395508,20.189136505126957,1,False,True,False,0.0,reconciled-geodesic-20260929-v1,radio-ef93a579fc0b9e83
63049475796919,32.725200875541226,13.207200244629755,1,False,True,False,0.0,reconciled-geodesic-20260929-v1,radio-64fec3fe7ff60bda
63218840062645,32.1249948,20.0985318,2,True,False,False,0.0,reconciled-geodesic-20260929-v1,radio-1f0b4abcaf62240c
63225550129370,32.13700052664654,20.12020037707126,1,False,True,False,0.0,reconciled-geodesic-20260929-v1,radio-b47ea54f27e45efb
63496926648564,32.82190030239403,13.218700358488437,1,True,False,False,0.0,reconciled-geodesic-20260929-v1,radio-f032654dc4241cc2
63609435389049,32.115200431269365,20.149300157276368,1,True,False,False,0.0,reconciled-geodesic-20260929-v1,radio-372b735aa7e51612
64050970579852,32.22720036025276,20.19590018815264,1,False,True,False,0.0,reconciled-geodesic-20260929-v1,radio-8065ee230da775cf
64053719388722,32.50580030080418,14.48640021601388,5,True,True,False,45.34664312727771,reconciled-geodesic-20260929-v1,radio-00834da0998293d3
64065204517105,32.84250090864304,13.238800863517604,1,False,True,False,0.0,reconciled-geodesic-20260929-v1,radio-88d8ef08b410b744
64094892898040,32.42270080926068,14.562500121508409,1,True,False,False,0.0,reconciled-geodesic-20260929-v1,radio-691e589a6e620263
64505370093811,32.87673202215456,13.156298843084596,1,False,True,False,0.0,reconciled-geodesic-20260929-v1,radio-1353783674254132
64531730774507,32.750500616743544,12.705000883350907,1,False,True,False,0.0,reconciled-geodesic-20260929-v1,radio-eadd51caf199f07d
64556144532687,32.762600648115566,12.738100227422432,1,True,False,False,0.0,reconciled-geodesic-20260929-v1,radio-9c1bdea02d0a20b5
64653846133945,31.952500431869616,20.08340083324858,1,True,False,False,0.0,reconciled-geodesic-20260929-v1,radio-3fb45474915c7146
64692173148460,32.23550022123307,20.18570025250913,1,False,True,True,0.0,reconciled-geodesic-20260929-v1,radio-d1b006609c986fa4
64699780613613,32.810500599275116,13.49560080903655,1,False,True,False,0.0,reconciled-geodesic-20260929-v1,radio-dd39f52b3ccd4088
64715418105993,32.59810022612201,14.032600561215038,1,False,True,False,0.0,reconciled-geodesic-20260929-v1,radio-348208996f532404
64801770659516,27.04300031406694,14.430200479957016,1,False,True,False,0.0,reconciled-geodesic-20260929-v1,radio-bd7ac98e5fb6e79d
64835616215899,32.85965511,13.12043963,1,True,False,False,0.0,reconciled-geodesic-20260929-v1,radio-7af7a5116a3b55b9
64999382841628,32.50640066651747,14.486900574350727,1,True,False,False,0.0,reconciled-geodesic-20260929-v1,radio-e6fcbb6be9f7c59f
65005606545867,32.85610063018727,13.187100602466398,1,True,False,False,0.0,reconciled-geodesic-20260929-v1,radio-9e7b0ec8e249c6f5
65177913694195,32.880000772188886,13.218700854178627,1,True,False,False,0.0,reconciled-geodesic-20260929-v1,radio-07013390ab741394
65258054466427,32.77760082799806,13.334600188265075,2,False,True,False,43.512067725980955,reconciled-geodesic-20260929-v1,radio-35c1c12978b8bcb6
65327345143457,32.42580062970345,14.736400756891102,1,True,False,False,0.0,reconciled-geodesic-20260929-v1,radio-39cb0b72367e3716
65400890902024,32.80660038735139,12.997100821148953,1,True,False,False,0.0,reconciled-geodesic-20260929-v1,radio-267a565752dfd843
65595250682025,32.486600505854966,14.547400838148487,1,True,False,False,0.0,reconciled-geodesic-20260929-v1,radio-b001455f6c60278c
65707733649983,32.89864038930708,13.20509020879316,1,False,True,False,0.0,reconciled-geodesic-20260929-v1,radio-e4ffa2b111b53570
65725275712360,32.70040021218156,13.323800902343049,1,False,True,False,0.0,reconciled-geodesic-20260929-v1,radio-cd076591b644edb9
66008214610789,32.534000592171786,13.994800181804075,1,True,False,False,0.0,reconciled-geodesic-20260929-v1,radio-8ae50bf51f32ae14
66031542449661,31.209600947378856,16.55370063263955,1,False,True,False,0.0,reconciled-geodesic-20260929-v1,radio-05d79f6ea9a9025d
66151158392500,32.424300582526115,13.444800804252772,1,True,False,False,0.0,reconciled-geodesic-20260929-v1,radio-5974d0be01479c2b
66159893721915,32.1078792,20.0770104,1,False,True,False,0.0,reconciled-geodesic-20260929-v1,radio-96ac94dc44ec0e31
66274900944791,32.711100484022204,13.929700968296963,1,True,False,False,0.0,reconciled-geodesic-20260929-v1,radio-bebb28ec75cda22f
66452314235426,32.88485908508301,13.3285813331604,2,True,True,False,21.013163454753393,reconciled-geodesic-20260929-v1,radio-06958d8e2543ee43
66454499490355,31.591200826507094,20.179200668895692,1,True,False,False,0.0,reconciled-geodesic-20260929-v1,radio-eff2985bcc9b3b11
66552308358793,27.530800135775717,14.27670062487521,1,False,True,False,0.0,reconciled-geodesic-20260929-v1,radio-7d4bb024c1618d1b
66706549888906,32.85280030776014,13.248700550287655,1,True,False,False,0.0,reconciled-geodesic-20260929-v1,radio-c20d5d85cf1e03d1
66840131798427,27.046400934164645,14.4096001163347,1,False,True,False,0.0,reconciled-geodesic-20260929-v1,radio-e75b9a4c5fd07c8c
66979095604644,31.764000700023484,20.234500437497623,1,False,True,False,0.0,reconciled-geodesic-20260929-v1,radio-ea7fe6a1fca579f5
67049875512207,32.13316331343217,20.12602934403853,1,False,True,False,0.0,reconciled-geodesic-20260929-v1,radio-c4f2d96b1cb0bcc8
67059497295675,32.62220040602547,14.259800420836337,1,True,False,False,0.0,reconciled-geodesic-20260929-v1,radio-ef1ccf828ce4d44b
67217115913843,32.101900730393254,20.116100163843935,3,True,True,False,2.8720883144204086,reconciled-geodesic-20260929-v1,radio-528e0670b08f1ccd
67521022670283,32.76640081134277,13.012300316257688,1,True,False,False,0.0,reconciled-geodesic-20260929-v1,radio-a04a77c9c6474f76
67559716408731,32.09390056596159,12.9874004950246,1,True,False,False,0.0,reconciled-geodesic-20260929-v1,radio-e7e471f07a591234
67563461958480,32.7691007844285,12.760900462488118,1,False,True,False,0.0,reconciled-geodesic-20260929-v1,radio-efc367a99b257010
67678599310428,32.84605026245117,13.07761902279324,1,False,True,False,0.0,reconciled-geodesic-20260929-v1,radio-86d93051b18962e2
67742449134898,27.54690021019268,14.273300273559046,1,True,False,False,0.0,reconciled-geodesic-20260929-v1,radio-6f3910e6ec6c1f4a
67818387527399,32.76170069489416,13.273600847220175,1,True,False,False,0.0,reconciled-geodesic-20260929-v1,radio-2d390147d534b8f3
67919421840029,32.43310045531367,13.632100344807139,1,True,False,False,0.0,reconciled-geodesic-20260929-v1,radio-e81602070e52e845
67938581918725,32.452900257241005,14.577200337631384,1,True,False,False,0.0,reconciled-geodesic-20260929-v1,radio-466f3b58da02fa22
67944852753877,32.04630070894594,20.043800975411074,1,True,False,False,0.0,reconciled-geodesic-20260929-v1,radio-3c665087a400699b
68252581040995,31.966700973839885,20.085700563918063,1,True,False,False,0.0,reconciled-geodesic-20260929-v1,radio-b37adff62463ba07
68612004468455,32.65800045340646,13.598000854663587,1,True,False,False,0.0,reconciled-geodesic-20260929-v1,radio-c69af06f57df8ef6
68686662204890,32.79740093129361,13.076700589418422,1,True,False,False,0.0,reconciled-geodesic-20260929-v1,radio-7f18b513f81a6b80
68754049170434,32.121200709457646,12.91300066058235,1,True,False,False,0.0,reconciled-geodesic-20260929-v1,radio-caaf00dccb7bbb11
68770342155525,32.12050059217216,20.07080029362285,1,False,True,False,0.0,reconciled-geodesic-20260929-v1,radio-03ba376a4230d504
68826522144923,32.85550062239033,13.173900143815285,1,False,True,False,0.0,reconciled-geodesic-20260929-v1,radio-fe1247fc4c1d54f6
68827928434384,32.84920079786658,13.29940097940445,1,False,True,False,0.0,reconciled-geodesic-20260929-v1,radio-f39bcf2fc6e89c58
68828156154604,32.64080069848454,14.259800126348676,1,True,False,False,0.0,reconciled-geodesic-20260929-v1,radio-8da6cae017eefb96
68833881461766,31.942700341748317,12.222900371045212,1,True,False,False,0.0,reconciled-geodesic-20260929-v1,radio-07f5d61aa55c8b87
68947732877547,32.716700623540056,13.198600251756268,1,True,False,False,0.0,reconciled-geodesic-20260929-v1,radio-8e6d34073fdf1714
69005270529200,32.73030471801758,13.30983066558838,1,False,True,False,0.0,reconciled-geodesic-20260929-v1,radio-54cb511ade208e5a
69057573043365,32.49270057077793,14.183300617807504,6,True,True,False,14.565122561757775,reconciled-geodesic-20260929-v1,radio-8d831db9d189ba56
69263765475994,32.70960071692391,21.7343008707403,1,True,False,False,0.0,reconciled-geodesic-20260929-v1,radio-fda397c50533ca41
69320300926693,32.84680047256958,13.152300241346971,1,True,False,False,0.0,reconciled-geodesic-20260929-v1,radio-7bb35627e12b867a
69390241272485,32.867100814417654,13.130200346547253,1,True,False,False,0.0,reconciled-geodesic-20260929-v1,radio-9384861c4387d34f
69688869584603,32.84600081492698,13.094800434275204,1,True,False,False,0.0,reconciled-geodesic-20260929-v1,radio-e6b93986cc5ac3ef
69768711996589,32.690500567068135,13.155100122142013,1,False,True,False,0.0,reconciled-geodesic-20260929-v1,radio-6b88b263cbab8eb6
70206375113698,30.759600264481243,20.23000021231337,1,True,False,False,0.0,reconciled-geodesic-20260929-v1,radio-f342ce9320f93561
70412340478031,32.88540036241908,13.35340093275117,1,False,True,False,0.0,reconciled-geodesic-20260929-v1,radio-aa6fb915f590dfab
70478678591934,32.45770060797275,20.861000646069986,1,False,True,False,0.0,reconciled-geodesic-20260929-v1,radio-78d74dbed9161bc7
70510892213195,30.770300680430914,20.266000270846316,1,True,False,False,0.0,reconciled-geodesic-20260929-v1,radio-c3cc71dd4754339c
70727935028580,32.738700323028105,12.915300612164378,1,False,True,False,0.0,reconciled-geodesic-20260929-v1,radio-cb6cb08ecdf4d83b
70740880889979,32.117000237085165,20.15910028070058,1,True,False,False,0.0,reconciled-geodesic-20260929-v1,radio-256854b9babbbe5c
70771545665952,32.38680094124318,15.04550044071953,1,True,False,False,0.0,reconciled-geodesic-20260929-v1,radio-2a1a5f9a89d3a5a8
70854209702671,32.88850089053415,13.181500647627274,1,True,False,False,0.0,reconciled-geodesic-20260929-v1,radio-fc7fb3baca78cecb
71146470871187,32.004100166849284,12.23010018863458,1,False,True,False,0.0,reconciled-geodesic-20260929-v1,radio-abfc42b12d3a06b0
71181359339131,26.439300905827533,14.271200864679113,1,True,False,False,0.0,reconciled-geodesic-20260929-v1,radio-8af5aecec1e860bf
71245544993503,32.70590047239341,13.092400948071202,1,False,True,False,0.0,reconciled-geodesic-20260929-v1,radio-3d6d72993b897d89
71300179965392,32.93070085441759,12.080300423121257,1,True,False,False,0.0,reconciled-geodesic-20260929-v1,radio-d7515c181788c628
71413293654036,32.85910011502895,13.385300436748109,1,False,True,False,0.0,reconciled-geodesic-20260929-v1,radio-ed7a40f0048579f4
71640482438036,32.45620059353137,14.562200726830461,1,True,False,False,0.0,reconciled-geodesic-20260929-v1,radio-502a4c17fa0f409f
71834258512708,32.0783898,20.11509,2,False,True,False,0.0,reconciled-geodesic-20260929-v1,radio-15418ff59578b283
72005921035238,32.11570042585465,20.069800431587698,1,True,False,False,0.0,reconciled-geodesic-20260929-v1,radio-c5c63e6eaefe64af
72022210100937,31.55390065393655,20.075200640182736,1,False,True,False,0.0,reconciled-geodesic-20260929-v1,radio-c036d229752a5cbe
72088879186901,32.579000919948506,13.934400709681265,1,False,True,False,0.0,reconciled-geodesic-20260929-v1,radio-b180561639917af0
72104290047617,32.70890048447885,13.477200769352029,1,False,True,False,0.0,reconciled-geodesic-20260929-v1,radio-855af50e6f21acb7
72142990942563,29.023800581382236,21.537800576515618,1,True,False,False,0.0,reconciled-geodesic-20260929-v1,radio-1591dbda13787669
72324943980063,32.88660050113302,13.188200112893897,1,False,True,False,0.0,reconciled-geodesic-20260929-v1,radio-f56182cd900c0c1b
72446819309711,32.86470034232791,13.191700272976997,1,True,False,False,0.0,reconciled-geodesic-20260929-v1,radio-0869a9d667d188a9
72561343444339,32.820700823678166,12.975000977519834,1,True,False,False,0.0,reconciled-geodesic-20260929-v1,radio-ca8ac53b5d4327d1
72569062435031,32.74670027507801,12.715600164690178,1,False,True,False,0.0,reconciled-geodesic-20260929-v1,radio-412a84ce297f66c0
72645579294115,32.1300934,20.1103137,1,False,True,False,0.0,reconciled-geodesic-20260929-v1,radio-f65682a7e0405246
72672995563654,32.86630084973388,13.371500268305594,1,False,True,False,0.0,reconciled-geodesic-20260929-v1,radio-2b272e53c8f2fbcf
72681866621521,32.15450048853872,20.12250046130448,1,True,False,False,0.0,reconciled-geodesic-20260929-v1,radio-e9792441e4192d03
72702317312145,32.0802803,20.0805905,1,False,True,False,0.0,reconciled-geodesic-20260929-v1,radio-3c9e529168343b24
72799089120516,32.58010070305316,13.949300560244009,1,True,False,False,0.0,reconciled-geodesic-20260929-v1,radio-d5060a8102a9dc89
72933384087994,32.77130025981643,13.534300255051216,1,True,False,False,0.0,reconciled-geodesic-20260929-v1,radio-5103bed16c74c40f
73138849181926,32.90670049322055,13.25730018583548,1,False,True,False,0.0,reconciled-geodesic-20260929-v1,radio-dc925cc4bc3689ea
73344344863370,32.82320050188578,12.984100182188556,1,True,False,False,0.0,reconciled-geodesic-20260929-v1,radio-78f99ae5ffa9e2c4
73639234692192,32.84190499578948,13.112540590736842,1,False,True,False,0.0,reconciled-geodesic-20260929-v1,radio-f34eb3aa446a7bc7
73664108113378,32.85540060204407,13.293200692747405,1,True,False,False,0.0,reconciled-geodesic-20260929-v1,radio-ec2b2faf01e6d907
73714316392855,30.133900400658575,9.496500503700467,1,False,True,False,0.0,reconciled-geodesic-20260929-v1,radio-9acaefd23f9f18f3
73770633651254,32.37170060679196,15.073600770854412,1,True,False,False,0.0,reconciled-geodesic-20260929-v1,radio-54fae1eef08bc890
73786481658270,32.6734008413701,13.921600162545515,1,True,False,False,0.0,reconciled-geodesic-20260929-v1,radio-05b91fdf9d4d9497
73824885372019,32.92830018432369,12.102300827068408,1,True,False,False,0.0,reconciled-geodesic-20260929-v1,radio-f4a13f006727140a
73978022822610,32.6164009781505,14.172900980737221,1,False,True,False,0.0,reconciled-geodesic-20260929-v1,radio-5f2dc343acd35cdf
74476479518326,32.889400199268444,13.239400632609977,1,True,False,False,0.0,reconciled-geodesic-20260929-v1,radio-44d0601d941bc53b
74545509300530,32.55670028749795,14.366400523392198,1,False,True,False,0.0,reconciled-geodesic-20260929-v1,radio-eae76f66e51aaac9
74790772945372,32.44080018855612,20.879800676184242,1,False,True,False,0.0,reconciled-geodesic-20260929-v1,radio-08fff2b0f330cbed
74989025719773,32.07417262684215,20.09214130748402,1,False,True,False,0.0,reconciled-geodesic-20260929-v1,radio-4bf510fcbba63315
75191201259399,32.1010007446411,20.176400816286883,1,True,False,False,0.0,reconciled-geodesic-20260929-v1,radio-7fad0ddb9a87c9eb
75376779552464,32.721300254262616,12.833200301291894,1,False,True,False,0.0,reconciled-geodesic-20260929-v1,radio-9742d2d7ec45242b
75539706394284,32.48790066365302,13.951800250226725,1,True,False,False,0.0,reconciled-geodesic-20260929-v1,radio-4716bee63e2a65cd
75543014618656,32.88610054219486,13.368000266956205,1,False,True,True,0.0,reconciled-geodesic-20260929-v1,radio-0fcc749ce3814809
75561501571817,32.09873046875,20.082979583740237,1,False,True,False,0.0,reconciled-geodesic-20260929-v1,radio-e7192e23b6c21dbd
75686355639875,32.1266187,20.0739064,2,False,True,False,0.0,reconciled-geodesic-20260929-v1,radio-3ae6d355e3f2fbd7
75815579244642,32.812500939896516,12.977700332617387,1,True,False,False,0.0,reconciled-geodesic-20260929-v1,radio-fa4792775a7e6cc7
75825816204816,32.7894003190132,12.82510026947075,1,False,True,False,0.0,reconciled-geodesic-20260929-v1,radio-053a68389836ae62
75851964442176,32.62780035149057,13.40070072702432,1,False,True,False,0.0,reconciled-geodesic-20260929-v1,radio-6fdb0f4692c79a4c
75905709075588,32.4306009881778,14.63140073405805,1,False,True,False,0.0,reconciled-geodesic-20260929-v1,radio-9092f24e0d6c9eee
76069963676253,32.7704004846746,13.133200796214053,1,True,False,False,0.0,reconciled-geodesic-20260929-v1,radio-4e82c06c5e589371
76123126208357,32.70070016686165,14.021200683540528,1,False,True,False,0.0,reconciled-geodesic-20260929-v1,radio-66919aa3106eec3a
76279878449333,32.37430055178183,15.090800557507931,1,True,False,False,0.0,reconciled-geodesic-20260929-v1,radio-b7a2e10519b87153
76293782593991,32.784300926439094,21.833300930632756,1,True,False,False,0.0,reconciled-geodesic-20260929-v1,radio-e7b5247ea4bbe833
76434737440303,32.772900913418134,13.005400575033452,1,True,False,False,0.0,reconciled-geodesic-20260929-v1,radio-d4d07cc13b444c2b
76853481532086,32.75420090895948,12.74530070595556,1,False,True,False,0.0,reconciled-geodesic-20260929-v1,radio-a72acf9e864219c8
77181451527156,32.34870052692405,15.072400607120917,1,True,False,False,0.0,reconciled-geodesic-20260929-v1,radio-55901784a72c8ca2
77338013817034,32.81330025129695,12.979900239779242,2,True,True,False,11.133998443503051,reconciled-geodesic-20260929-v1,radio-c087edd41690d0e2
77356587009175,32.85052263414538,13.1058069177576,1,False,True,False,0.0,reconciled-geodesic-20260929-v1,radio-8de99394b848d6ba
77512513835048,32.42650063877734,13.611200857732628,1,True,False,False,0.0,reconciled-geodesic-20260929-v1,radio-9e2e2105320e384d
77541835783741,32.794800494092584,13.081200652586546,1,True,False,False,0.0,reconciled-geodesic-20260929-v1,radio-e66176149a1921d3
77543770008258,32.85480041427424,13.114400831842314,1,True,False,False,0.0,reconciled-geodesic-20260929-v1,radio-d2b925622c141712
77648973129516,32.835999806722,13.027767817179331,1,False,True,False,0.0,reconciled-geodesic-20260929-v1,radio-9df4cac1d00478db
77933187015029,31.658100574704,20.012900171961846,1,True,False,False,0.0,reconciled-geodesic-20260929-v1,radio-e1203fd6ac3314d4
78043395603765,32.316183471679686,15.056272888183594,1,True,False,False,0.0,reconciled-geodesic-20260929-v1,radio-e16614cc1dcaaa46
78319995475252,32.87720037076958,13.216800796783907,2,False,True,False,38.204067073696,reconciled-geodesic-20260929-v1,radio-2fc1fe4bdb0a0d7e
78366849170837,32.871220242392575,13.154877653481446,1,False,True,False,0.0,reconciled-geodesic-20260929-v1,radio-bd63a0ff94863f8a
78732876995111,32.170455,20.129158333333333,1,True,False,False,0.0,reconciled-geodesic-20260929-v1,radio-3106dc1d8d006fee
78756783095883,31.738300972060372,14.001300304790293,1,False,True,False,0.0,reconciled-geodesic-20260929-v1,radio-86ec53f581b6be44
78812254431085,32.89110079498827,13.174600351372838,1,True,False,False,0.0,reconciled-geodesic-20260929-v1,radio-af9bacb1d295ab24
78824473816056,32.83800097963017,13.341100274117348,1,False,True,False,0.0,reconciled-geodesic-20260929-v1,radio-4c776ebf98ea6be9
78861426279104,31.930000128019604,12.248500352414755,1,True,False,False,0.0,reconciled-geodesic-20260929-v1,radio-3560c101e8c07765
79000471110830,32.746400708005076,12.725500971160214,1,False,True,False,0.0,reconciled-geodesic-20260929-v1,radio-eb89d84d11153f7e
79048129805752,32.889100777541195,13.180800460516062,1,False,True,False,0.0,reconciled-geodesic-20260929-v1,radio-3c16cf65d79842fc
79418141314020,32.39230067411802,15.12120034310812,1,True,False,False,0.0,reconciled-geodesic-20260929-v1,radio-449ba24aaebe1088
79566674162355,32.74090064115504,13.243800714206612,1,True,False,False,0.0,reconciled-geodesic-20260929-v1,radio-3c41a8b14436f06c
79669680855572,27.484800141561156,13.796500182280138,1,True,False,False,0.0,reconciled-geodesic-20260929-v1,radio-e82af0960e84e469
79849210010572,32.753500252210486,13.288600265331517,1,False,True,False,0.0,reconciled-geodesic-20260929-v1,radio-4361febee9e9ee76
79870971829957,32.516500375587945,14.142300514917128,1,True,False,False,0.0,reconciled-geodesic-20260929-v1,radio-8bfcf0bfc4007183
79934345033180,30.59970025976683,18.398600742860914,1,False,True,False,0.0,reconciled-geodesic-20260929-v1,radio-4704ce0f142228b9
80010180746832,32.097700548402166,20.100300387750753,1,False,True,False,0.0,reconciled-geodesic-20260929-v1,radio-cb2ddbd3975368c3
80184535693386,31.385500290211784,13.738100249987694,1,False,True,False,0.0,reconciled-geodesic-20260929-v1,radio-4ba788de5e60f508
80597675178349,32.49810047567495,14.557700208286963,1,True,False,False,0.0,reconciled-geodesic-20260929-v1,radio-788ace04fc4784b1
80639164335585,32.75940058280853,12.60110085392718,1,False,True,False,0.0,reconciled-geodesic-20260929-v1,radio-425b3da2772f2521
80708711299086,32.782100381293866,13.535100713884637,1,False,True,False,0.0,reconciled-geodesic-20260929-v1,radio-6a2bb6f45bba8dd2
80802718383611,32.1167721,20.0938201,3,False,True,False,5.4904339999897465,reconciled-geodesic-20260929-v1,radio-4bd63a0a93e4abff
80975965547543,32.90023136308337,13.214638720645944,1,False,True,False,0.0,reconciled-geodesic-20260929-v1,radio-6b3008ac23eb0435
81105622154738,32.86390076352254,13.425000709987186,1,False,True,False,0.0,reconciled-geodesic-20260929-v1,radio-2e18f1806077dbad
81125997897826,32.532700280399396,14.118900596798845,1,False,True,False,0.0,reconciled-geodesic-20260929-v1,radio-55e4c62889a90bb4
81151675511064,30.760300309493456,20.231100366270528,1,False,True,False,0.0,reconciled-geodesic-20260929-v1,radio-d1a4e636d3d6b5e0
81173857552017,32.75420054533031,12.744700527083301,1,True,False,False,0.0,reconciled-geodesic-20260929-v1,radio-1a5c26ac75f23f6f
81337103784546,32.75910097015258,12.63140088191716,1,True,False,False,0.0,reconciled-geodesic-20260929-v1,radio-8c27e5baaa059910
81368891839170,32.7721005180047,21.750800879102936,1,False,True,False,0.0,reconciled-geodesic-20260929-v1,radio-09755f06395f6edd
81564791518124,32.39250084091105,15.119900398171941,3,True,False,False,14.549473612075627,reconciled-geodesic-20260929-v1,radio-05a45970fcb5c37b
81662577383916,32.1173451,20.0880225,3,False,True,False,0.0,reconciled-geodesic-20260929-v1,radio-07aa914757282c2a
81697342345244,32.39520068464787,14.865300734653676,1,False,True,False,0.0,reconciled-geodesic-20260929-v1,radio-4cccd8061401a004
81986758460011,30.74870073702311,20.23370065881943,1,True,False,False,0.0,reconciled-geodesic-20260929-v1,radio-7e7cfe1887fcde0c
82014475941870,32.07687123616537,20.259347025553385,1,False,True,False,0.0,reconciled-geodesic-20260929-v1,radio-66110230dd98dd5b
82047340086520,31.203000882236147,16.584800272605875,1,False,True,False,0.0,reconciled-geodesic-20260929-v1,radio-2e5c0ebdda16a1f4
82072053943735,32.89380082976738,13.168600668072912,1,True,False,False,0.0,reconciled-geodesic-20260929-v1,radio-16d6f9f89a17cab6
82117712268723,32.80450068554228,13.140100980377099,1,True,False,False,0.0,reconciled-geodesic-20260929-v1,radio-ddf6b635dfb22405
82118506341804,32.18496322631836,20.14520072937012,1,False,True,False,0.0,reconciled-geodesic-20260929-v1,radio-332492101a8d7cc7
82145371446262,32.61760059841631,13.580100233938037,1,False,True,False,0.0,reconciled-geodesic-20260929-v1,radio-c15e9d4cea4c2a23
82243181209773,32.08450046713883,20.084800527260253,1,False,True,False,0.0,reconciled-geodesic-20260929-v1,radio-84bde909968a9ee7
82870768414044,32.1118698,20.1121493,2,False,True,False,0.0,reconciled-geodesic-20260929-v1,radio-4862141fa8670ed8
83078625357930,32.863843607348066,13.109737972880518,1,False,True,False,0.0,reconciled-geodesic-20260929-v1,radio-18012a9c8307f123
83149523945197,27.584500556473557,14.3570005710853,1,True,False,False,0.0,reconciled-geodesic-20260929-v1,radio-5a782d9dcc973fe9
83160599652448,32.777600553048224,12.913900418521514,1,False,True,False,0.0,reconciled-geodesic-20260929-v1,radio-35039f923bbca101
83218661098283,32.215792749658554,20.166728796986547,1,False,True,False,0.0,reconciled-geodesic-20260929-v1,radio-a05f381a932f4d6a
83358536083693,32.896724,13.212739092857143,1,False,True,False,0.0,reconciled-geodesic-20260929-v1,radio-d704a3a9fac61f57
83441797938472,32.30220020334966,12.5709002817061,1,True,False,False,0.0,reconciled-geodesic-20260929-v1,radio-8897227adac09bb9
83497436371604,32.87230057713944,13.382700464676587,1,False,True,False,0.0,reconciled-geodesic-20260929-v1,radio-6dc1e4aba1960a83
83507979986218,32.22680012339336,20.196400829084627,2,False,True,False,11.086875173673455,reconciled-geodesic-20260929-v1,radio-09c94ea2cda1b83e
83540140211740,32.75706481933594,21.749818801879883,2,False,True,True,16.72376709584467,reconciled-geodesic-20260929-v1,radio-6ea8b8b5b7a97733
83618344204911,32.824700503803165,13.05740025399056,1,False,True,False,0.0,reconciled-geodesic-20260929-v1,radio-05cf68bc793f70e5
83742780721368,32.0884448,20.0703669,2,False,True,False,5.843129721943845,reconciled-geodesic-20260929-v1,radio-e9c718a7a53aa5a6
83769252505970,32.885900658918494,13.164500859636515,1,False,True,False,0.0,reconciled-geodesic-20260929-v1,radio-842f8e03fa47030d
83820516929695,32.43660091845679,13.653000641766887,1,True,False,False,0.0,reconciled-geodesic-20260929-v1,radio-bc544774177bd834
83977651663118,32.477300718800315,12.93960093712638,1,False,True,False,0.0,reconciled-geodesic-20260929-v1,radio-dc83134c9c81445a
84046471935543,32.90745249573943,13.245674809507207,1,False,True,False,0.0,reconciled-geodesic-20260929-v1,radio-041ed1ccbc2fd220
84349616239459,32.894500453093926,13.198500331556062,1,False,True,False,0.0,reconciled-geodesic-20260929-v1,radio-db100b1f81970773
84377713077272,32.12470066553578,12.427600387598224,1,False,True,False,0.0,reconciled-geodesic-20260929-v1,radio-5f8681f02bc533b1
84397574198377,32.85906833333333,13.223118333333332,1,False,True,False,0.0,reconciled-geodesic-20260929-v1,radio-016f3e0bf4c21005
84593335061217,32.44256864275251,13.371138845171249,1,True,False,False,0.0,reconciled-geodesic-20260929-v1,radio-554f71866f1a7a43
84669388665788,30.7712007068076,20.201300247699983,1,True,False,False,0.0,reconciled-geodesic-20260929-v1,radio-a8c984cfe7503e01
84920153741840,32.145800570479835,20.112200798947768,1,True,False,False,0.0,reconciled-geodesic-20260929-v1,radio-a7c4a22337c8b4fd
84925159616500,32.3666009662274,15.178400263502363,3,True,True,False,48.11559147304557,reconciled-geodesic-20260929-v1,radio-d589ee18c13837f4
85057730393134,32.87980017731434,13.322300871038227,1,False,True,False,0.0,reconciled-geodesic-20260929-v1,radio-1122a7c93c998575
85106400466402,32.43780061124066,20.883000895895623,1,False,True,False,0.0,reconciled-geodesic-20260929-v1,radio-950a41aceef8e613
85291465907537,32.43080084986547,14.648200651119588,1,False,True,False,0.0,reconciled-geodesic-20260929-v1,radio-e7dbbf67e008a869
85393714517053,32.09590067951113,20.134100951420468,2,False,True,False,9.426070751800626,reconciled-geodesic-20260929-v1,radio-0bb84e8d2a36fd6b
85459338609623,32.022518749894964,20.01631888027828,2,True,True,False,23.986677392977295,reconciled-geodesic-20260929-v1,radio-745201bd6b2d23e3
85538842691824,32.55660033444551,14.35470091354052,1,False,True,False,0.0,reconciled-geodesic-20260929-v1,radio-4d2823e113dfb544
85551445173221,32.30580065972014,15.117600848428367,1,False,True,False,0.0,reconciled-geodesic-20260929-v1,radio-d89ce2fcb8023a27
85557778924405,32.62300040867421,13.1691006139115,1,True,False,False,0.0,reconciled-geodesic-20260929-v1,radio-15a445c0df84f8ef
85609012478343,32.67870095481747,12.976600243715342,1,False,True,False,0.0,reconciled-geodesic-20260929-v1,radio-da724264f3a6b81a
85800109097843,32.749300302918485,12.737100791812242,1,False,True,False,0.0,reconciled-geodesic-20260929-v1,radio-599b5e18658058e6
85819058151157,32.7994008516954,21.865600118096058,1,True,False,False,0.0,reconciled-geodesic-20260929-v1,radio-1baeed53f88b431b
85825883825835,32.0871086,20.0791226,1,False,True,False,0.0,reconciled-geodesic-20260929-v1,radio-f7ad96d1c96070b1
85872055980278,32.05193735448965,20.060629369770687,1,False,True,False,0.0,reconciled-geodesic-20260929-v1,radio-b2cb07e4f354bab2
85902311586483,32.43400056283528,13.636200848436138,1,False,True,False,0.0,reconciled-geodesic-20260929-v1,radio-e096881c814eb0d4
85985850987672,32.174400552429674,12.497800244972378,1,True,False,False,0.0,reconciled-geodesic-20260929-v1,radio-759c2cf4287d47c6
86269303748449,32.82460043314532,21.854800317656295,1,True,False,False,0.0,reconciled-geodesic-20260929-v1,radio-0b9f37a4256f1020
86515491911626,32.73340046720415,21.77380077949544,1,True,False,False,0.0,reconciled-geodesic-20260929-v1,radio-b74c2b0ded8414a5
86551035681861,32.090000610293714,20.13660060084805,1,True,False,False,0.0,reconciled-geodesic-20260929-v1,radio-908678134dd10b3b
86567786911350,32.663400638800915,13.240300271197183,1,False,True,False,0.0,reconciled-geodesic-20260929-v1,radio-9a0620dbe9f6bacb
86577242816675,32.21647331042181,20.16716590294461,1,False,True,False,0.0,reconciled-geodesic-20260929-v1,radio-c8ecb80c6a5d315c
86708255429006,32.68010068698259,13.89500075989007,1,False,True,False,0.0,reconciled-geodesic-20260929-v1,radio-fa4fa4986f87ef5d
86981719872151,32.11251133558489,20.07731527798111,1,True,False,False,0.0,reconciled-geodesic-20260929-v1,radio-a61353a3a27fed04
87173534351440,32.07750063339018,20.120000496802,1,True,False,False,0.0,reconciled-geodesic-20260929-v1,radio-9457fe40ffb6b50c
87245758863760,32.615900540007125,13.169700377288109,1,True,False,False,0.0,reconciled-geodesic-20260929-v1,radio-4fd82ac00bfbb3d5
87271210385422,32.869000193098216,13.277900664627238,1,True,False,False,0.0,reconciled-geodesic-20260929-v1,radio-e830beeb98f627d6
87362545932583,32.02482223510742,20.0831241607666,1,False,True,False,0.0,reconciled-geodesic-20260929-v1,radio-91da531a7e6688ba
87381306606344,31.77620087229594,11.358900507916895,1,False,True,False,0.0,reconciled-geodesic-20260929-v1,radio-9e1b5a530b42ead2
87407825352716,32.69550015331399,12.738400862699383,1,True,False,False,0.0,reconciled-geodesic-20260929-v1,radio-580208034362634c
87606905933617,32.078100436428876,20.119900374879442,2,True,True,False,45.362997393142386,reconciled-geodesic-20260929-v1,radio-610d449c37a66ed3
87858685597939,32.31950021615052,12.743700770995554,1,True,False,False,0.0,reconciled-geodesic-20260929-v1,radio-73e1edd6ce34bd3d
88033362973618,32.1053996,20.0771234,1,True,False,False,0.0,reconciled-geodesic-20260929-v1,radio-4feb491df0a015c0
88053715592125,32.37400064794528,15.005700451454915,1,True,False,False,0.0,reconciled-geodesic-20260929-v1,radio-6805653f9eb8af4f
88297991971258,32.88212443760463,13.232723917279923,1,False,True,False,0.0,reconciled-geodesic-20260929-v1,radio-e2dd20fcbbfd5206
88310308085515,32.753687295568994,12.72696784605463,1,False,True,False,0.0,reconciled-geodesic-20260929-v1,radio-0e0edced4b9251c9
88314159915008,32.87270024413818,13.188700607707956,1,False,True,False,0.0,reconciled-geodesic-20260929-v1,radio-8b508deaffb12ab7
88351503407227,32.13530043951853,20.101600426952906,1,False,True,False,0.0,reconciled-geodesic-20260929-v1,radio-93bdd05ec782119c
88383518882320,32.44250081990167,14.599100490970248,1,False,True,False,0.0,reconciled-geodesic-20260929-v1,radio-4412e14eead7d3f9
88522530569327,32.49930075699048,14.444900768535001,1,False,True,False,0.0,reconciled-geodesic-20260929-v1,radio-28a508320052acca
88617915672584,32.80179346524752,13.15933344914363,1,False,True,False,0.0,reconciled-geodesic-20260929-v1,radio-676f7e23fef8e35a
88786581550188,32.126121520996,20.088264465332,1,False,True,False,0.0,reconciled-geodesic-20260929-v1,radio-a4d887ff782e589f
88877542743829,32.79910091233653,21.862700358115575,1,False,True,False,0.0,reconciled-geodesic-20260929-v1,radio-cb8f584ee44b711b
88955901005498,32.49790058194513,20.831700903605967,1,False,True,False,0.0,reconciled-geodesic-20260929-v1,radio-5c34046d62d24269
89485341533911,32.75080064109988,13.602000699616054,1,False,True,False,0.0,reconciled-geodesic-20260929-v1,radio-fe3a7a4593ee4f57
89506959963005,32.77470083540523,13.082100765509594,4,True,True,False,34.50014329640998,reconciled-geodesic-20260929-v1,radio-18f489a7eb0d591e
89645980889325,32.62410045026193,14.304700178277608,1,True,False,False,0.0,reconciled-geodesic-20260929-v1,radio-020ddc567ebd1195
89687084810402,32.77720091435725,13.010500964094819,1,True,False,False,0.0,reconciled-geodesic-20260929-v1,radio-0196adc16332ac6e
89696417736805,32.0839503,20.0892788,1,True,False,False,0.0,reconciled-geodesic-20260929-v1,radio-be1d66eaf0c3f21e
89801222390029,29.04750077339322,21.530400731223438,1,True,False,False,0.0,reconciled-geodesic-20260929-v1,radio-1245ed325007f710
89843332914693,32.68780053599679,13.446300585320692,1,False,True,False,0.0,reconciled-geodesic-20260929-v1,radio-4e3debe9e5bac345
89904331883954,32.75740031018911,12.73410038389652,1,False,True,True,0.0,reconciled-geodesic-20260929-v1,radio-2d5398e49ae7f15f
89927858783583,32.76400052300748,21.74920064034231,1,False,True,False,0.0,reconciled-geodesic-20260929-v1,radio-ca8bb3b50f856896
90285215885449,32.87100071415602,13.139600648860863,1,False,True,False,0.0,reconciled-geodesic-20260929-v1,radio-c4a7de98a6303224
90290231397587,32.05290049535539,20.060800648019892,1,False,True,False,0.0,reconciled-geodesic-20260929-v1,radio-583602860f5731fd
90513586364563,32.85250029681702,13.164300606547988,2,True,False,False,0.02162894960366007,reconciled-geodesic-20260929-v1,radio-de67006f55bac411
90578904859652,32.59690042521761,13.708500149397157,1,False,True,False,0.0,reconciled-geodesic-20260929-v1,radio-0535cdba68748dc3
90710406816147,32.87510029485807,13.151900292397723,1,True,False,False,0.0,reconciled-geodesic-20260929-v1,radio-6a51e9deef723464
90815255015473,32.83240072661242,13.130400789389851,1,False,True,False,0.0,reconciled-geodesic-20260929-v1,radio-96078ad95ec7e9d8
90896897655680,31.66730050469589,20.247800328267388,3,True,True,False,0.10189307342174186,reconciled-geodesic-20260929-v1,radio-faf1f718d7ff62a6
91334009579606,32.7585001871886,13.308300656910852,1,True,False,False,0.0,reconciled-geodesic-20260929-v1,radio-bd7503ab48ecd164
91337706461448,32.1070156,20.1047247,3,False,True,False,0.0,reconciled-geodesic-20260929-v1,radio-0c521bf2bd2f7b52
91406745202126,32.895300358712134,13.204600762264029,1,False,True,False,0.0,reconciled-geodesic-20260929-v1,radio-ffee0670b09440a7
91593299749572,31.983700597492035,20.036400489726905,1,False,True,False,0.0,reconciled-geodesic-20260929-v1,radio-7fc1ba037af85c3d
91690840340052,32.70216770661183,13.1082424506163,1,False,True,False,0.0,reconciled-geodesic-20260929-v1,radio-d9de930b0f49c4ac
91868630530180,32.459100465202994,14.550300553990667,1,False,True,False,0.0,reconciled-geodesic-20260929-v1,radio-ddd5a57be3bbcea6
92169253378170,32.7531007578733,13.736200290134274,1,False,True,False,0.0,reconciled-geodesic-20260929-v1,radio-c79b4a52e1ecf0be
92188269162468,32.81830053697983,13.00780013833438,1,True,False,False,0.0,reconciled-geodesic-20260929-v1,radio-1b6bdcda379c441d
92203444002571,32.873300942141384,13.132600335893057,1,True,False,False,0.0,reconciled-geodesic-20260929-v1,radio-9772dfe297b7bd3a
92414355574263,32.34480059909824,15.041000902672087,2,True,True,False,3.617351149384497,reconciled-geodesic-20260929-v1,radio-a65cf779f943e2c6
92463641368118,32.79060069504012,12.567700958926128,2,True,True,False,14.443391268298745,reconciled-geodesic-20260929-v1,radio-79d494d3775fa744
92543295335745,32.1230064,20.0907218,2,True,False,False,2.1290042876414073,reconciled-geodesic-20260929-v1,radio-362de260b8bcabfc
92563089692445,30.74780064453118,20.216600957803944,1,True,False,False,0.0,reconciled-geodesic-20260929-v1,radio-7f1303508be9b357
92672188693613,32.809500461122106,12.954900656121604,1,False,True,False,0.0,reconciled-geodesic-20260929-v1,radio-e6920a2fb54fbb73
92988066161523,32.89100085736846,13.199800239422961,1,True,False,False,0.0,reconciled-geodesic-20260929-v1,radio-81d6549c738e3359
93181128770051,32.616200816149316,13.677400572084695,1,False,True,False,0.0,reconciled-geodesic-20260929-v1,radio-5c2276e426161c21
93369311014165,32.63160019221293,14.21780012587778,2,True,False,False,9.390822707715632,reconciled-geodesic-20260929-v1,radio-28b0365694baa6c5
93756808871761,32.58610046678929,13.132600202089899,1,False,True,False,0.0,reconciled-geodesic-20260929-v1,radio-9a558482292e23bb
93945924692964,32.01720049739805,11.864100581353938,1,True,False,False,0.0,reconciled-geodesic-20260929-v1,radio-e08d03510291769d
93998271848725,32.76070057486196,12.614600306610631,2,True,True,False,37.54419239116969,reconciled-geodesic-20260929-v1,radio-5a27d1411ab62e70
94220840095169,32.778500458862666,12.687500518411868,1,True,False,False,0.0,reconciled-geodesic-20260929-v1,radio-9a3a6c6b9cc3cbcb
94598490440267,32.49650075795079,13.971700875493326,1,False,True,False,0.0,reconciled-geodesic-20260929-v1,radio-ae7aa31c46fcf320
94621106777797,32.762000588107426,12.565700977300668,1,True,False,False,0.0,reconciled-geodesic-20260929-v1,radio-ce17766f027652d3
94695207472484,32.84600084836275,13.07610063252833,1,True,False,False,0.0,reconciled-geodesic-20260929-v1,radio-a16b0df8c88382a3
95161795795001,31.946700656625257,12.220000531632904,1,False,True,False,0.0,reconciled-geodesic-20260929-v1,radio-4518ee40c396ee9c
95191834315305,32.77030051012683,13.015100845092189,1,True,False,False,0.0,reconciled-geodesic-20260929-v1,radio-20497bb2566a5b56
95256151188415,32.7652009422865,21.755000859018672,1,True,False,False,0.0,reconciled-geodesic-20260929-v1,radio-3ca27d8d150fad09
95350423254786,32.32910088240489,15.096400488000791,1,False,True,False,0.0,reconciled-geodesic-20260929-v1,radio-a927e82abfc318b9
95402579521820,32.87180061991719,13.167300321118072,1,False,True,False,0.0,reconciled-geodesic-20260929-v1,radio-120416bc6dad1f89
95426057999173,32.47820062986947,14.56770028588221,1,True,False,False,0.0,reconciled-geodesic-20260929-v1,radio-59e95b1d1db4b929
95785250835129,32.35230065445139,12.656400754989914,1,False,True,False,0.0,reconciled-geodesic-20260929-v1,radio-e015db977d716097
95831279911441,32.78200061190427,13.25500071136386,1,False,True,False,0.0,reconciled-geodesic-20260929-v1,radio-37eacaba4c7f5897
95858398521031,32.817400254128984,13.535500874033957,1,False,True,False,0.0,reconciled-geodesic-20260929-v1,radio-10eae8cbaa87ed75
95915596421985,32.87560676577778,13.322156258777778,1,False,True,False,0.0,reconciled-geodesic-20260929-v1,radio-d1516e4164a67e7e
96088171113377,32.064100725129634,20.130000538185307,1,True,False,False,0.0,reconciled-geodesic-20260929-v1,radio-e7e4e9e9e2503264
96733258588560,32.700400280553,14.022000164819937,1,False,True,False,0.0,reconciled-geodesic-20260929-v1,radio-e6c6a2c269fad700
96820947924956,32.940300619671866,12.081300808951406,1,True,False,False,0.0,reconciled-geodesic-20260929-v1,radio-36a6286c0b8f7e8a
97010117477070,32.792500325486586,13.102400322462065,2,True,False,False,37.447097693397545,reconciled-geodesic-20260929-v1,radio-2d70b81038c19bd6
97095707963931,32.87920051396722,13.197600690767066,1,True,False,False,0.0,reconciled-geodesic-20260929-v1,radio-404b06021bd9d7d7
97109096171675,32.07994246482849,20.10869880517324,2,False,True,False,29.139694081656057,reconciled-geodesic-20260929-v1,radio-9a4313d6a9dc6561
97174187946533,32.83090071412023,12.991900768050597,1,False,True,False,0.0,reconciled-geodesic-20260929-v1,radio-540f302384e9cdfd
97191693607522,32.72330085753546,13.146500354817286,1,False,True,False,0.0,reconciled-geodesic-20260929-v1,radio-89839ea83399d53e
97216903105183,32.78890073570608,13.006200609768445,1,True,False,False,0.0,reconciled-geodesic-20260929-v1,radio-57fe2f860e196cc1
97219918889477,32.86700051745782,13.229600241750957,1,True,False,False,0.0,reconciled-geodesic-20260929-v1,radio-6d0dd6ce0d715862
97230035742839,31.665100909160916,20.25590026481485,1,False,True,False,0.0,reconciled-geodesic-20260929-v1,radio-d22640d859dedac7
97291664991402,32.788300596214036,13.022400439843654,1,True,False,False,0.0,reconciled-geodesic-20260929-v1,radio-49f107aad0da7de7
97484402437244,31.654600251811026,20.007800942855788,1,True,False,False,0.0,reconciled-geodesic-20260929-v1,radio-03933e7c7049b92a
97633283480778,32.01458618488687,20.053143196917745,1,True,False,False,0.0,reconciled-geodesic-20260929-v1,radio-572a660f3fadd676
97651544610190,32.703100131519435,14.014000760269143,2,True,True,False,14.581888169403905,reconciled-geodesic-20260929-v1,radio-1a943fdf6d287076
98148662736810,31.920690536499023,20.1730899810791,1,False,True,False,0.0,reconciled-geodesic-20260929-v1,radio-24983db407f81b62
98307970643379,32.76930067712114,13.097200266020595,1,True,False,False,0.0,reconciled-geodesic-20260929-v1,radio-ccc40c1df710f982
98510530378234,32.11340068453697,20.10080077468234,2,True,False,False,0.051751871143654926,reconciled-geodesic-20260929-v1,radio-56ef4f6662a24b07
98620081848479,32.83580060474383,13.2175002824872,1,True,False,False,0.0,reconciled-geodesic-20260929-v1,radio-72ba6eb87da93f75
98667289313929,32.62280023586138,14.327300273954654,1,True,False,False,0.0,reconciled-geodesic-20260929-v1,radio-2650bb1849bcd1ee
98695147225950,32.68020021187816,12.916100785249125,1,True,False,False,0.0,reconciled-geodesic-20260929-v1,radio-6e3e241c79246e7f
98724994788812,32.137600648105476,20.1169009764586,1,True,False,False,0.0,reconciled-geodesic-20260929-v1,radio-7f930af94dfe8780
98755937512477,32.47520047557844,14.559500298743771,1,False,True,False,0.0,reconciled-geodesic-20260929-v1,radio-fc32716000286e97
98768612175236,32.68130020710185,12.878800553244432,1,False,True,False,0.0,reconciled-geodesic-20260929-v1,radio-bb6e2a2ad944530e
98901762565775,31.45170086996086,20.154900474146014,1,True,False,False,0.0,reconciled-geodesic-20260929-v1,radio-72d0ee2fa9f7284e
98936870186609,32.48270077468776,14.488600604520071,1,False,True,False,0.0,reconciled-geodesic-20260929-v1,radio-52792994a6105a8b
98964436188568,27.571100134798872,13.621400203622052,1,True,False,False,0.0,reconciled-geodesic-20260929-v1,radio-0a8d9929c1a3a2aa
99075287764233,32.67040020835064,13.368600458996257,1,False,True,False,0.0,reconciled-geodesic-20260929-v1,radio-67ff2c0efa6d04dd
99137094198364,32.45050063304207,13.819500262692902,1,True,False,False,0.0,reconciled-geodesic-20260929-v1,radio-f4e2d3f477d9a26a
99179074952498,32.2021572507661,20.16455919989224,1,True,False,False,0.0,reconciled-geodesic-20260929-v1,radio-9618241a8ea2ba2a
99194717717356,32.72190038824384,13.146400347027589,1,False,True,False,0.0,reconciled-geodesic-20260929-v1,radio-e95fb18c10f486dd
99293032916062,32.84460078941375,13.193800361721298,1,True,False,False,0.0,reconciled-geodesic-20260929-v1,radio-3cfd38faa45e565f
99644889034230,32.8291005738152,13.434900594962963,1,False,True,False,0.0,reconciled-geodesic-20260929-v1,radio-9357e8a3bc026d0c
99761673991635,31.649500652067715,20.025100374378333,1,True,False,False,0.0,reconciled-geodesic-20260929-v1,radio-be44deb095fca73f
99840163275817,32.350000192748546,15.06800053271826,1,True,False,False,0.0,reconciled-geodesic-20260929-v1,radio-515607f462a86f91
100067423153380,32.1387244,20.1016183,3,False,True,False,3.147557973578016,reconciled-geodesic-20260929-v1,radio-0300a27be28b35cd
100264604003333,32.06770021254097,23.96540067036989,2,False,True,False,0.04080817286704834,reconciled-geodesic-20260929-v1,radio-29a482594d32395a
100371362965417,32.90680041807724,13.23020030065913,1,False,True,False,0.0,reconciled-geodesic-20260929-v1,radio-617a4acf4cb6a057
100568312726219,32.23300018983768,20.190200964765232,1,True,False,False,0.0,reconciled-geodesic-20260929-v1,radio-80500e761023be6d
100602683910471,32.77840084637922,12.577600938634657,1,True,False,False,0.0,reconciled-geodesic-20260929-v1,radio-a4a1564b2fd3a643
100868288755064,32.01440020726186,20.052200488586752,1,True,False,False,0.0,reconciled-geodesic-20260929-v1,radio-67322e9c2e21d738
100901926951081,32.64810012977763,13.958600738136843,1,True,False,False,0.0,reconciled-geodesic-20260929-v1,radio-4d4c9e0b27fa143a
100948144829072,32.843600297614955,13.178500387116074,1,True,False,False,0.0,reconciled-geodesic-20260929-v1,radio-4acdad1c01847691
100964639923148,32.28670040817589,15.094400664711799,1,False,True,False,0.0,reconciled-geodesic-20260929-v1,radio-da511d398f84b82b
101120770836431,30.7479006503573,20.1970003304469,1,False,True,False,0.0,reconciled-geodesic-20260929-v1,radio-981bf60391202bb0
101138413072532,32.09066,20.067343,1,True,False,False,0.0,reconciled-geodesic-20260929-v1,radio-7041cce6e93e44fc
101165047390518,32.70130033931986,13.828200871669086,1,False,True,False,0.0,reconciled-geodesic-20260929-v1,radio-5c80c627cab1a16c
101271489977916,32.0803880059816,20.05023554252832,1,False,True,False,0.0,reconciled-geodesic-20260929-v1,radio-2dc285f00d50e89e
101349562210978,30.759400470849815,20.198200985019604,1,True,False,False,0.0,reconciled-geodesic-20260929-v1,radio-7eb829a9406c3c07
101405398468180,32.780400808248956,12.700800201826297,1,False,True,False,0.0,reconciled-geodesic-20260929-v1,radio-0085632ca99a7ed1
101417855825294,32.38390065352174,14.964300478085345,1,True,False,False,0.0,reconciled-geodesic-20260929-v1,radio-f0efa3cc8013ae3d
101952331065353,29.020800567657155,21.49620085454441,1,True,False,False,0.0,reconciled-geodesic-20260929-v1,radio-ace9f6af22ca917c
102293009609178,32.1273214,20.1166474,1,True,False,False,0.0,reconciled-geodesic-20260929-v1,radio-ff15b20438f8c538
102394079907978,32.758900661517714,12.78620080677276,1,False,True,False,0.0,reconciled-geodesic-20260929-v1,radio-bb6b4c37f628d939
102807718835135,32.87828063964844,13.237128257751465,1,False,True,False,0.0,reconciled-geodesic-20260929-v1,radio-7b12e1e9d958482f
103195563728381,27.549800695862704,13.634100954705552,1,False,True,False,0.0,reconciled-geodesic-20260929-v1,radio-6bf0471dffc0ad79
103303030055849,32.354800176090095,15.099300955947667,1,True,False,False,0.0,reconciled-geodesic-20260929-v1,radio-721e5814b57de2f6
103414614211336,32.09000025475799,20.100800206897098,1,True,False,False,0.0,reconciled-geodesic-20260929-v1,radio-fb7e94b552d7be8d
103525975969167,32.8403009585404,13.043400342223004,1,False,True,False,0.0,reconciled-geodesic-20260929-v1,radio-aaf9f18a3c30993a
103775619765228,32.69990015468953,13.684600515122785,1,False,True,False,0.0,reconciled-geodesic-20260929-v1,radio-1ba05a50655c2c75
104272161402672,32.10940035205309,20.141400253351467,2,True,False,False,0.01159634157773115,reconciled-geodesic-20260929-v1,radio-eed60629590eb3bf
104279533886953,32.84190055874183,13.075300369324788,1,False,True,False,0.0,reconciled-geodesic-20260929-v1,radio-61bf01b04a2aa1dd
104362730190737,32.92920050827686,12.088700406333274,1,False,True,False,0.0,reconciled-geodesic-20260929-v1,radio-2ff4d256d08b52f1
104435778311863,32.0901004710539,12.923400965117402,1,True,False,False,0.0,reconciled-geodesic-20260929-v1,radio-591c31ded335c4ec
104469452921913,32.72800044554852,13.651900720432648,1,False,True,False,0.0,reconciled-geodesic-20260929-v1,radio-1f8037a75797c4b2
104783231502227,27.02410090963219,14.432500450627883,1,False,True,False,0.0,reconciled-geodesic-20260929-v1,radio-25a05138e8ccbe60
104790835187266,32.39320047363361,15.03260087538778,1,True,False,False,0.0,reconciled-geodesic-20260929-v1,radio-373fac5e17f91b54
104814253947483,32.84910093730828,13.308500475567701,1,False,True,False,0.0,reconciled-geodesic-20260929-v1,radio-cc0cfa291fc4f200
105146856984387,32.707500962267964,13.938300366887086,1,True,False,False,0.0,reconciled-geodesic-20260929-v1,radio-b069be4927afa4b2
105152282362700,30.129300631176307,9.498800250237657,1,False,True,False,0.0,reconciled-geodesic-20260929-v1,radio-2933b67a105f8da1
105445103081044,32.69610029539869,13.233500858190753,1,True,False,False,0.0,reconciled-geodesic-20260929-v1,radio-6a8b72f8d7a1e0a4
105452324456027,32.76990051033176,12.607700397050566,1,False,True,False,0.0,reconciled-geodesic-20260929-v1,radio-7f9540bcb36cd98d
105542454283720,32.789500588261,12.686900437331193,1,True,False,False,0.0,reconciled-geodesic-20260929-v1,radio-72e85080d11c1abd
105706795604327,32.103023529052734,20.076099395751957,1,False,True,False,0.0,reconciled-geodesic-20260929-v1,radio-fc7fb37eadea71c6
105729005786774,32.35966873168945,15.078838348388672,1,True,False,False,0.0,reconciled-geodesic-20260929-v1,radio-82f6976df5327b8f
105925645189873,32.1157543,20.0854999,1,True,False,False,0.0,reconciled-geodesic-20260929-v1,radio-ccb922a1abf08e70
105971580271926,32.724500584817314,13.76070079400155,1,False,True,False,0.0,reconciled-geodesic-20260929-v1,radio-00698726561a4da9
105986384560292,32.890600963772606,13.277100971968986,1,True,False,False,0.0,reconciled-geodesic-20260929-v1,radio-d1179c0a85ce5072
106076412383710,32.1208458,20.1023452,1,True,False,False,0.0,reconciled-geodesic-20260929-v1,radio-c62abdcddbe3523a
106217045448282,32.64450035204904,20.83150072782733,2,True,True,False,43.588461195358164,reconciled-geodesic-20260929-v1,radio-32f0771caae1cd3e
106383275893219,32.72540056313293,13.200100169642717,1,True,False,False,0.0,reconciled-geodesic-20260929-v1,radio-8cbd820c819d4d54
106498303058779,32.319200649029845,15.101500793775875,2,True,True,False,34.57133092882508,reconciled-geodesic-20260929-v1,radio-0e7f40c8d6503668
106672198530579,27.025300111363244,14.435800829706219,1,False,True,False,0.0,reconciled-geodesic-20260929-v1,radio-96e18593bad0e681
106894481852609,32.71100020122722,12.230800435427662,1,True,False,False,0.0,reconciled-geodesic-20260929-v1,radio-89a5081aef7d1164
106961933094226,32.20170071512125,20.171900702118794,1,True,False,False,0.0,reconciled-geodesic-20260929-v1,radio-e91eb91da6289d78
106990554337505,32.17177200317383,20.130714416503903,1,True,False,False,0.0,reconciled-geodesic-20260929-v1,radio-3b43fee6d1190414
106995545407604,32.76590071888487,12.567300419287678,1,False,True,False,0.0,reconciled-geodesic-20260929-v1,radio-2663d7ba75cc55e7
107160428376078,32.893700684945486,13.202100640099019,1,False,True,False,0.0,reconciled-geodesic-20260929-v1,radio-08cd92f7c095948e
107431676979582,32.433200613264,14.68660036337552,1,True,False,False,0.0,reconciled-geodesic-20260929-v1,radio-7aaf7500db73511a
107581739815291,32.78070084525812,12.983000492196656,1,False,True,False,0.0,reconciled-geodesic-20260929-v1,radio-be0eddac2b26a9e9
107730722234702,32.452600610555386,13.849300198548375,1,True,False,False,0.0,reconciled-geodesic-20260929-v1,radio-079ccfb34844e883
107773119012070,32.88160086229943,13.236800789706312,1,True,False,False,0.0,reconciled-geodesic-20260929-v1,radio-d44c563f7a773a6e
107906266586845,32.745460510253906,13.383560180664062,2,False,True,False,5.790956655305077,reconciled-geodesic-20260929-v1,radio-142bbb5a95eee690
107987244585423,32.742592384075294,21.768626640582905,1,False,True,False,0.0,reconciled-geodesic-20260929-v1,radio-608e5f67c6d67ce1
108017523924889,32.09241485595703,20.141101837158203,1,False,True,False,0.0,reconciled-geodesic-20260929-v1,radio-91a067141e48a265
108046762460099,32.805539764627135,21.86481204346145,1,False,True,False,0.0,reconciled-geodesic-20260929-v1,radio-4dfebef4152d4366
108119880363449,32.74590027643342,13.322900578712972,1,True,False,False,0.0,reconciled-geodesic-20260929-v1,radio-5dfbeb8fa27ed53b
108152268711031,32.84430074058675,13.209700549782875,1,True,False,False,0.0,reconciled-geodesic-20260929-v1,radio-85b994ac59792657
108172597429981,32.777500442442914,13.302900844247178,2,True,False,False,18.757836200985505,reconciled-geodesic-20260929-v1,radio-b4cb8ab0ce478d89
108413117189419,32.742100849395726,13.37420054565391,1,False,True,False,0.0,reconciled-geodesic-20260929-v1,radio-d06cc011a408033b
108517442034761,32.090000984982254,20.250900678291753,1,False,True,False,0.0,reconciled-geodesic-20260929-v1,radio-0870c88801da0d2a
108624996551188,32.63790013722267,13.57780072014664,2,False,True,False,11.153623538079565,reconciled-geodesic-20260929-v1,radio-13f446e10d264aad
108655011752392,32.73670066277322,12.740300426829124,1,True,False,False,0.0,reconciled-geodesic-20260929-v1,radio-1172ba3b1754e2be
108810137455546,32.129600793918954,20.17810071195644,1,False,True,False,0.0,reconciled-geodesic-20260929-v1,radio-66866b250ac9e907
108988293676526,32.803000240956294,13.138900899727973,1,True,False,False,0.0,reconciled-geodesic-20260929-v1,radio-1073bcbc0eab49c4
109114746937290,32.09060038913121,20.12590051427099,1,False,True,False,0.0,reconciled-geodesic-20260929-v1,radio-cd61e9b7c2f52bb2
109295387636683,32.794051968305084,21.86837591067797,2,False,True,False,6.648397146008572,reconciled-geodesic-20260929-v1,radio-c015314f807ad59d
109580901135921,32.83860046330218,13.041400972947194,1,True,False,False,0.0,reconciled-geodesic-20260929-v1,radio-b9f9e25b897e18ff
109843170159670,32.09060073076263,20.090100868089277,1,False,True,False,0.0,reconciled-geodesic-20260929-v1,radio-998c3d35dcdc3133
109944831875006,32.45960017683593,14.578600643332264,1,True,False,False,0.0,reconciled-geodesic-20260929-v1,radio-8cdb6bbcfa8b5883
110163161091935,32.66840051426675,13.174000526825647,1,True,False,False,0.0,reconciled-geodesic-20260929-v1,radio-80a6d00278985a31
110336601757521,32.69280038146024,13.150400450301065,1,True,False,False,0.0,reconciled-geodesic-20260929-v1,radio-2dc34f0266bcd210
110374489644100,32.86212539672852,13.092238426208496,1,False,True,False,0.0,reconciled-geodesic-20260929-v1,radio-4cd10fe72d8f92ec
110430330168661,30.218400327613587,10.003200944130223,1,False,True,False,0.0,reconciled-geodesic-20260929-v1,radio-0bf9bdc1e681bcfb
110489868443541,32.843100881875664,13.46710046026387,1,False,True,False,0.0,reconciled-geodesic-20260929-v1,radio-fd86dca7271282d2
110708556401878,31.938600216174233,15.03660028120105,1,True,False,False,0.0,reconciled-geodesic-20260929-v1,radio-5409ba17d794f105
110791972070246,32.767100604935955,21.78530087840877,1,False,True,False,0.0,reconciled-geodesic-20260929-v1,radio-04297e627e1aefdb
110899693130508,32.64750097576846,13.170800909297704,1,True,False,False,0.0,reconciled-geodesic-20260929-v1,radio-7c13e3e0f0613f90
111148811697561,32.92580098222622,12.097100930578943,1,True,False,False,0.0,reconciled-geodesic-20260929-v1,radio-fb2c0419075f0cf1
111217624083758,32.3705001476646,15.074500605164362,1,True,False,False,0.0,reconciled-geodesic-20260929-v1,radio-3d3280de816d6db5
111327515422794,32.69160079453521,13.150600354621625,1,True,False,False,0.0,reconciled-geodesic-20260929-v1,radio-05b1e187088978be
111503177909727,32.866900161725816,13.247200305073704,1,True,False,False,0.0,reconciled-geodesic-20260929-v1,radio-47b4ead76922aa32
111503505233089,32.899600399097,13.20790062297466,1,False,True,False,0.0,reconciled-geodesic-20260929-v1,radio-873c389a1789e8a0
111613623499620,32.90818934230903,13.290715582595755,1,False,True,False,0.0,reconciled-geodesic-20260929-v1,radio-d7e9a40df8fcde74
111657116404592,32.744000375229845,13.325300268658836,1,False,True,False,0.0,reconciled-geodesic-20260929-v1,radio-60c78d717726cc3e
111671869417290,32.74840082257391,12.757300327514352,2,True,True,False,30.169630494426077,reconciled-geodesic-20260929-v1,radio-50a1e58092178a9a
111675647123578,32.04690053508445,20.04740029380628,1,False,True,False,0.0,reconciled-geodesic-20260929-v1,radio-3f5b84fd4d8e843e
111744435481238,32.108800816494764,20.089500737394047,3,True,True,False,47.58380664919352,reconciled-geodesic-20260929-v1,radio-be46c7a225dc8118
111884304518311,32.4865009389181,20.829300792311745,1,False,True,False,0.0,reconciled-geodesic-20260929-v1,radio-b14bf9564eb23e2c
112131682775477,32.854000820124895,13.233500389675525,1,True,False,False,0.0,reconciled-geodesic-20260929-v1,radio-9c62b820961c41ce
112191270863277,32.89442020501953,13.168191950374757,1,False,True,False,0.0,reconciled-geodesic-20260929-v1,radio-dc61dc630bb6725f
112327165944139,32.441300508060785,14.564300547243176,2,True,True,False,24.092078588063007,reconciled-geodesic-20260929-v1,radio-9647e0f2c06c88cc
112372836632704,29.033300392018603,21.548100114177448,1,True,False,False,0.0,reconciled-geodesic-20260929-v1,radio-44a1d349bfd6383e
112465456225971,32.35860062410084,15.06930067353849,1,False,True,False,0.0,reconciled-geodesic-20260929-v1,radio-7e1ea014c08beab3
112615893230399,32.71310050022276,13.96590058436705,1,True,False,False,0.0,reconciled-geodesic-20260929-v1,radio-33d5fff478829580
112740530060764,30.72650035701279,20.19490091713869,1,True,False,False,0.0,reconciled-geodesic-20260929-v1,radio-68fdd104f3db21ca
112860715617353,32.8942007066982,13.192500744486534,2,False,True,False,49.478521135671635,reconciled-geodesic-20260929-v1,radio-8980cf582842db0f
112886583912478,32.07660039661059,20.26030088666591,1,False,True,False,0.0,reconciled-geodesic-20260929-v1,radio-bd7f27851ea1ffe9
113483438211712,32.5266005739159,14.003100924890546,1,True,False,False,0.0,reconciled-geodesic-20260929-v1,radio-d1eb4c028f886031
113524074393409,32.488900933600235,20.827500747181887,1,False,True,False,0.0,reconciled-geodesic-20260929-v1,radio-750295301620d914
113572180783913,32.88505430479304,13.19317322163958,1,False,True,False,0.0,reconciled-geodesic-20260929-v1,radio-6787e84c575029a1
113666750134371,32.746500462167724,12.770300962354685,1,False,True,False,0.0,reconciled-geodesic-20260929-v1,radio-e4fc8c59c59db565
113700457532269,30.757500132118516,20.22680045933885,1,False,True,False,0.0,reconciled-geodesic-20260929-v1,radio-f66f402cfb4d1ce1
113778209441195,31.38180077115855,15.560100964357401,1,True,False,False,0.0,reconciled-geodesic-20260929-v1,radio-ad8fa0c43c59e678
113806211515669,32.77720040240904,13.024600569500521,1,False,True,False,0.0,reconciled-geodesic-20260929-v1,radio-b4e2b21f1ba08d45
113809859821099,32.139881292978835,20.100355148315376,1,True,False,False,0.0,reconciled-geodesic-20260929-v1,radio-415609fd79405fab
113919695417983,32.07441509471232,20.09813037199122,1,False,True,False,0.0,reconciled-geodesic-20260929-v1,radio-9a0c203f00b3ff52
114273407739740,32.78390056368102,21.831600273179593,1,False,True,False,0.0,reconciled-geodesic-20260929-v1,radio-225bcd6fa4df3a04
114285167464436,32.375400388330185,15.087000472495628,3,True,False,False,0.035810693204893815,reconciled-geodesic-20260929-v1,radio-d2b92896b86f6d5e
114315748390042,32.72410014813431,13.260800375739416,1,False,True,False,0.0,reconciled-geodesic-20260929-v1,radio-1d6bc4304ee195ce
114377664970796,32.579300530129146,13.117600441334577,1,True,False,False,0.0,reconciled-geodesic-20260929-v1,radio-879ebf30f72df124
114441787977031,32.89450072799578,13.205800576853372,1,True,False,False,0.0,reconciled-geodesic-20260929-v1,radio-eaa194a2de56e0b4
114532933123090,26.100900119469053,14.783100508327472,1,True,False,False,0.0,reconciled-geodesic-20260929-v1,radio-0e015efd78173fbf
114649568247643,32.68920052531746,14.0041005465963,1,False,True,False,0.0,reconciled-geodesic-20260929-v1,radio-b7aa783f0f578af5
114947506709250,32.774200525822536,13.024600211487954,1,True,False,False,0.0,reconciled-geodesic-20260929-v1,radio-bc9f74d5269af965
115092282136425,32.071500256050676,20.0814003838929,1,False,True,False,0.0,reconciled-geodesic-20260929-v1,radio-ac8e5a90ba462542
115239243975820,32.12130063106697,20.078100943554826,1,True,False,False,0.0,reconciled-geodesic-20260929-v1,radio-074be8fb75a274b4
115445027696234,31.777100678129035,11.370300917468953,1,False,True,False,0.0,reconciled-geodesic-20260929-v1,radio-0696ae0af9fd0512
115618093138928,32.83010044302363,13.020400273043599,2,False,True,False,29.055355794581903,reconciled-geodesic-20260929-v1,radio-03f62b1ac5a622f1
115741634234067,32.715600911239996,12.916000244346764,1,False,True,False,0.0,reconciled-geodesic-20260929-v1,radio-71468de73abafcb0
115771982605197,32.6414003816813,14.248200529858888,1,False,True,False,0.0,reconciled-geodesic-20260929-v1,radio-9582fa0459625c01
115827078776215,31.923900815372168,12.275900616585526,1,False,True,False,0.0,reconciled-geodesic-20260929-v1,radio-61dd57e6fd291aa0
115890693124251,32.015168265691095,20.04960798838789,1,True,False,False,0.0,reconciled-geodesic-20260929-v1,radio-13de563ac4572390
115896273054582,27.04020049256169,14.422000902090637,1,False,True,False,0.0,reconciled-geodesic-20260929-v1,radio-ca01859a4617f9c4
116227875214928,32.84971824242432,13.161039186532136,1,False,True,False,0.0,reconciled-geodesic-20260929-v1,radio-3d1367e68d8989ef
116473452858845,32.74210039075247,13.709300286009906,1,False,True,False,0.0,reconciled-geodesic-20260929-v1,radio-4a6a3e46d9a42959
116511904460294,32.487500860698624,13.369100750602211,1,False,True,False,0.0,reconciled-geodesic-20260929-v1,radio-b0eac067dd9f2cac
116633557393216,32.111758809789926,20.08122240841024,1,False,True,False,0.0,reconciled-geodesic-20260929-v1,radio-a8c1c080429c24a4
116642470195404,32.788500138183444,12.82210083090556,1,False,True,False,0.0,reconciled-geodesic-20260929-v1,radio-8a7746d9bccc4579
116902031121828,32.85410082874675,13.077100700905536,1,True,False,False,0.0,reconciled-geodesic-20260929-v1,radio-790c2a1596f78c28
117138333244474,31.73380098439829,20.261400888742184,3,True,True,False,44.34693020105123,reconciled-geodesic-20260929-v1,radio-6bf699e7a298687b
117172096282370,32.67060029232836,12.693700211936473,1,False,True,False,0.0,reconciled-geodesic-20260929-v1,radio-f18e39b9e64dfa9a
117210169472194,31.998700813378786,11.700500614605152,1,True,False,False,0.0,reconciled-geodesic-20260929-v1,radio-4244e9c0bc1e92ec
117478294511060,32.760400199507245,13.142800819292024,1,True,False,False,0.0,reconciled-geodesic-20260929-v1,radio-cb0596310032eb62
117486066074632,32.86950055683363,13.259600766734822,1,True,False,False,0.0,reconciled-geodesic-20260929-v1,radio-f1ed45b679fd1f60
117538068930548,32.53630050849233,14.238700885956758,2,True,False,False,0.02721093892393394,reconciled-geodesic-20260929-v1,radio-54b95f0ffafe3b95
117595712162283,32.38070046098331,15.044100281915474,1,True,False,False,0.0,reconciled-geodesic-20260929-v1,radio-ba758abaaf02b110
117800735125306,32.763078940341664,21.78721428517592,1,False,True,False,0.0,reconciled-geodesic-20260929-v1,radio-6445f76f09c35ec4
117919239281433,32.84600034945279,13.195000937008503,1,True,False,False,0.0,reconciled-geodesic-20260929-v1,radio-43813d2934fcdcb9
117970954554782,32.479800765442846,14.533400695413027,1,True,False,False,0.0,reconciled-geodesic-20260929-v1,radio-22bd7d91981a2774
118151953262557,31.670700876650578,20.02830067391689,1,False,True,False,0.0,reconciled-geodesic-20260929-v1,radio-4a22fe7927ff7756
118420687303596,32.654500346770845,14.260300896442258,1,False,True,False,0.0,reconciled-geodesic-20260929-v1,radio-1b3f49c55b10d63b
118434463785889,32.71570070069667,12.738500389637581,1,True,False,False,0.0,reconciled-geodesic-20260929-v1,radio-c0ab2fd1b9398ee5
118529650143815,32.098300566163694,20.10680051458385,1,True,False,False,0.0,reconciled-geodesic-20260929-v1,radio-fdb9b7f23250ffbf
118625807413877,32.46320096465114,14.04630014103627,1,False,True,False,0.0,reconciled-geodesic-20260929-v1,radio-d0994ab5a3af99d5
119366676749328,32.753700410776176,12.892500276739918,1,True,False,False,0.0,reconciled-geodesic-20260929-v1,radio-9e5fbc662feab112
119396061970583,32.492400472185146,20.831500324333817,2,False,True,False,32.40117347282445,reconciled-geodesic-20260929-v1,radio-1261c6da8592a371
119488254450592,32.134490966797,20.190263748169,1,False,True,False,0.0,reconciled-geodesic-20260929-v1,radio-010b50a78a66c4b6
119640208114624,32.582100394272935,13.124300941159115,1,False,True,False,0.0,reconciled-geodesic-20260929-v1,radio-bedb15cdd74d20da
119645844527164,32.84263740813308,13.287233504643822,1,False,True,False,0.0,reconciled-geodesic-20260929-v1,radio-43ea9ff14d5f684a
119864960300052,32.48640068209981,20.837400537570264,1,False,True,False,0.0,reconciled-geodesic-20260929-v1,radio-ff36fc5b54387c42
119946241179865,32.60980045389621,13.370600582692855,1,False,True,False,0.0,reconciled-geodesic-20260929-v1,radio-6cf1e5105040e0b1
119954458340002,32.87580074716398,13.404000598894552,1,False,True,False,0.0,reconciled-geodesic-20260929-v1,radio-0a8e20b2153e55c1
120251780238557,32.82026672363281,13.22300148010254,1,False,True,False,0.0,reconciled-geodesic-20260929-v1,radio-8ead7c9d5a77112a
120293493693339,32.129300258289085,20.07050040644326,1,False,True,False,0.0,reconciled-geodesic-20260929-v1,radio-542cb24565d20f85
120439053274811,32.86030011539916,13.215200386012716,1,True,False,False,0.0,reconciled-geodesic-20260929-v1,radio-7de56c9a16d5f758
120566126165080,32.65210071009588,13.958100841625573,1,False,True,False,0.0,reconciled-geodesic-20260929-v1,radio-c73290ec107675db
120885521438242,32.7561006255377,12.7271007095927,1,True,False,False,0.0,reconciled-geodesic-20260929-v1,radio-436e1d327e9ae49e
121158641236110,32.82620044302406,13.129400513993412,2,False,True,False,21.770095361739354,reconciled-geodesic-20260929-v1,radio-07ff898bbc52c54b
121286377367016,32.786500162315306,13.00190088253323,1,True,False,False,0.0,reconciled-geodesic-20260929-v1,radio-5dfca2fae0f7b04a
121296505055837,32.82700038055018,13.04200050938929,1,False,True,False,0.0,reconciled-geodesic-20260929-v1,radio-db55ced393e77d4a
121380347382164,32.06030098086902,20.0593008706647,1,True,False,False,0.0,reconciled-geodesic-20260929-v1,radio-7d1cde0b0d0ce82c
121583684390193,32.81690054099644,13.124700574995686,1,False,True,False,0.0,reconciled-geodesic-20260929-v1,radio-9ef69b9dbeee22cd
121660392834698,32.782800879662275,12.687100175358925,1,False,True,False,0.0,reconciled-geodesic-20260929-v1,radio-643255e07f1f2c05
121897579422015,32.76630030845551,13.28920086777711,1,True,False,False,0.0,reconciled-geodesic-20260929-v1,radio-ef2a45a00c40a41f
121961604148360,32.10430061626033,12.33100095560415,1,False,True,False,0.0,reconciled-geodesic-20260929-v1,radio-a6e790e46e6067c5
121981768452467,32.14310050070333,20.117200571186146,2,False,True,False,0.035765542673259404,reconciled-geodesic-20260929-v1,radio-2ce3efb2123ede06
121994184686447,32.76280089755751,21.74530062871984,1,True,False,False,0.0,reconciled-geodesic-20260929-v1,radio-4ba3f9be81bac78e
122044329776804,32.437900985778704,14.604600955968715,1,True,False,False,0.0,reconciled-geodesic-20260929-v1,radio-130713dc7cd4d4ee
122057400194772,31.632500843066325,20.36600068364212,2,True,False,False,0.018254775429490434,reconciled-geodesic-20260929-v1,radio-00abfc01206efba1
122119027190251,32.845664978027344,13.172883987426758,1,False,True,False,0.0,reconciled-geodesic-20260929-v1,radio-82a6e1f4732076bc
122179639880137,32.81540014333022,13.129500559633028,1,True,False,False,0.0,reconciled-geodesic-20260929-v1,radio-043a3ab0cffd884c
122213027746525,32.632200742837995,14.257500516611564,1,False,True,False,0.0,reconciled-geodesic-20260929-v1,radio-cf8181fa5dd8e5b4
122217762711366,27.502400922850995,14.012600275952675,1,False,True,False,0.0,reconciled-geodesic-20260929-v1,radio-968098d2685dfc37
122748306440834,32.08953439469224,20.064135236105404,1,False,True,False,0.0,reconciled-geodesic-20260929-v1,radio-03c36a540829de10
122943741623642,32.74680022464491,12.728600680496584,1,True,False,False,0.0,reconciled-geodesic-20260929-v1,radio-c44af0d5922e1122
123034953394333,32.10194778442383,20.141979217529297,1,False,True,False,0.0,reconciled-geodesic-20260929-v1,radio-d4340fed91b9d3b5
123339629705604,32.874000641752225,13.163200810602051,1,False,True,False,0.0,reconciled-geodesic-20260929-v1,radio-0dc27ddd0fb2b4e2
123476596061179,32.674000117928294,13.353000125947739,1,False,True,False,0.0,reconciled-geodesic-20260929-v1,radio-cbfd598430e2dd9f
123495761796073,32.11350080189778,20.098800353819954,1,False,True,False,0.0,reconciled-geodesic-20260929-v1,radio-a9d492cd960a8826
123563802339654,32.472100424745946,14.566200420214756,1,True,False,False,0.0,reconciled-geodesic-20260929-v1,radio-09b544c65e8c287c
123619467746788,32.40090078777941,14.845100776635306,1,True,False,False,0.0,reconciled-geodesic-20260929-v1,radio-bd08d881de76b13b
123662729719193,32.037900784497396,20.144800398707,1,True,False,False,0.0,reconciled-geodesic-20260929-v1,radio-ae2227e1dc531c3d
123934804411989,32.840500529403165,13.149600565366395,1,False,True,False,0.0,reconciled-geodesic-20260929-v1,radio-3cddd1e685618404
123968608160777,32.76040038749082,12.718400482630026,1,True,False,False,0.0,reconciled-geodesic-20260929-v1,radio-3f5aae2b0df30d86
123970106246785,32.90480055377369,13.296600525325044,1,False,True,False,0.0,reconciled-geodesic-20260929-v1,radio-854b128d5674fdbc
124166067371080,27.04020026863028,14.433500495979652,1,False,True,False,0.0,reconciled-geodesic-20260929-v1,radio-3ea7eabcb70a4bfe
124355215376106,32.725600162273544,13.252300177464392,1,True,False,False,0.0,reconciled-geodesic-20260929-v1,radio-db4e48511f568870
124453360030864,32.10128543995045,20.10806426295528,1,False,True,False,0.0,reconciled-geodesic-20260929-v1,radio-be09fbb2e12c2c0c
124456460349657,32.64760013576237,13.262700871218836,1,True,False,False,0.0,reconciled-geodesic-20260929-v1,radio-279cf0d0b3f7163c
124506236817526,24.213800134578726,23.28880098234292,1,True,False,False,0.0,reconciled-geodesic-20260929-v1,radio-bf5b826e026f7e68
124584034586825,32.376200732177956,15.090400360917128,1,False,True,False,0.0,reconciled-geodesic-20260929-v1,radio-4861c074ff07196a
124626828367336,32.00470051636282,12.218600562537727,1,False,True,False,0.0,reconciled-geodesic-20260929-v1,radio-a59fcf2f7f0c9194
124652545802735,32.769400908812905,12.567100840359993,1,True,False,False,0.0,reconciled-geodesic-20260929-v1,radio-fd573915904b6e9e
124739156462100,31.72586479187012,15.086577987670898,1,False,True,False,0.0,reconciled-geodesic-20260929-v1,radio-eb19a6e0649cea57
124781888961334,32.07257080078125,20.049863815307617,1,False,True,False,0.0,reconciled-geodesic-20260929-v1,radio-5a7cc4133e44c1be
124959092603528,32.38830044713618,14.944200736982282,1,True,False,False,0.0,reconciled-geodesic-20260929-v1,radio-45d26d7fc0baa481
124985597070470,32.75640035458855,12.737200468544447,1,True,False,False,0.0,reconciled-geodesic-20260929-v1,radio-a1b280819316ec10
125307902983449,32.069233894348145,20.063779830932617,1,False,True,False,0.0,reconciled-geodesic-20260929-v1,radio-3b49e045befd0ff1
125331263927603,32.1134811401366,20.0634902954098,1,False,True,False,0.0,reconciled-geodesic-20260929-v1,radio-61551361eb82741b
125483236788710,32.15730055985706,13.0184008675899,1,True,False,False,0.0,reconciled-geodesic-20260929-v1,radio-f836635912d1d594
125745205025454,30.78180037198529,20.228200704208533,1,False,True,False,0.0,reconciled-geodesic-20260929-v1,radio-259473cc3e757e34
125851860391314,32.85510029505761,13.201600689227577,1,False,True,False,0.0,reconciled-geodesic-20260929-v1,radio-3c77dbf856593564
125960837832334,32.754506570321546,12.74428908030192,1,False,True,False,0.0,reconciled-geodesic-20260929-v1,radio-bc615f03c5dfda51
125984541226776,32.838900138948055,13.477700743038747,1,False,True,False,0.0,reconciled-geodesic-20260929-v1,radio-a42b94c8a487e08b
126133259976462,32.88110013263745,13.164800146004566,1,True,False,False,0.0,reconciled-geodesic-20260929-v1,radio-b2ccf30abfd1651c
126254061689114,27.06810017308557,14.42740081138158,2,False,True,False,0.07915546687315027,reconciled-geodesic-20260929-v1,radio-62dce3391e0d5c4f
126282593718435,32.80640050237776,13.00040069539063,1,False,True,False,0.0,reconciled-geodesic-20260929-v1,radio-80c37002ec14cad2
126315649814604,32.8675008891118,13.177900171299715,1,True,False,False,0.0,reconciled-geodesic-20260929-v1,radio-97ea181204d4ba9e
126428482208449,32.681100622764156,13.14400036369964,1,False,True,False,0.0,reconciled-geodesic-20260929-v1,radio-2d9dea4caa2626f9
126442732460565,32.79010027240615,13.097400454116057,1,False,True,False,0.0,reconciled-geodesic-20260929-v1,radio-33adddde4e28050f
126444468639247,32.51480087778698,13.4183006436214,1,True,False,False,0.0,reconciled-geodesic-20260929-v1,radio-b5f9e35c44e6acb7
126678975820715,32.73950028217904,12.751100606895246,1,True,False,False,0.0,reconciled-geodesic-20260929-v1,radio-282b6b0377511838
126824298428576,32.65070096499908,14.265300634265786,1,True,False,False,0.0,reconciled-geodesic-20260929-v1,radio-0bd3c4d0feeb445b
126925120634790,32.14760034746442,20.09480038788991,1,True,False,False,0.0,reconciled-geodesic-20260929-v1,radio-4edaa6b9c2f6625f
127002052376828,32.22010063072006,20.17090054771041,1,False,True,False,0.0,reconciled-geodesic-20260929-v1,radio-ca62e918195bb265
127166029176345,32.47410082681797,14.574500429941876,1,False,True,False,0.0,reconciled-geodesic-20260929-v1,radio-2734bd4ecea2e1be
127207099935723,32.32660067537094,15.099600916181481,1,True,False,False,0.0,reconciled-geodesic-20260929-v1,radio-f18e8dad6498f49b
127443142794241,32.66880070039137,13.611500322953683,1,False,True,False,0.0,reconciled-geodesic-20260929-v1,radio-7249e209e54511b7
127494130802014,32.85489131278449,13.193798012107566,1,False,True,False,0.0,reconciled-geodesic-20260929-v1,radio-b904a9426de71381
127730908712898,32.77800089038665,13.333800592833454,1,False,True,False,0.0,reconciled-geodesic-20260929-v1,radio-d66b7a7126f57192
127776317328896,32.77940065319073,13.43610075349632,1,False,True,False,0.0,reconciled-geodesic-20260929-v1,radio-3f2c5bc7a5bf7f8d
127837181524865,32.80380041766195,21.867400253779525,1,True,False,False,0.0,reconciled-geodesic-20260929-v1,radio-3280118bd98bafb7
127978047913114,32.1243568,20.1015952,3,False,True,False,0.0,reconciled-geodesic-20260929-v1,radio-1191c1812cbdbdfb
128063723640976,32.622400890235596,13.212500571614617,1,True,False,False,0.0,reconciled-geodesic-20260929-v1,radio-6498d5a822c357f4
128088239259040,32.367900202224625,15.076000671005728,1,True,False,False,0.0,reconciled-geodesic-20260929-v1,radio-6416866adf8cb0c0
128159760169182,32.48960042926796,14.564500447797037,1,True,False,False,0.0,reconciled-geodesic-20260929-v1,radio-25da858a36b18583
128191727350423,31.964300206503093,20.08360031498693,1,False,True,False,0.0,reconciled-geodesic-20260929-v1,radio-a5188f506081c8d7
128416722246422,32.014066698571426,20.073513505714285,1,False,True,False,0.0,reconciled-geodesic-20260929-v1,radio-99add68718498b53
128587888683099,31.455200155721627,15.258300121157248,1,False,True,False,0.0,reconciled-geodesic-20260929-v1,radio-19b6c5720bed46e8
128897283144059,32.534500907154026,13.203100873546257,1,False,True,False,0.0,reconciled-geodesic-20260929-v1,radio-8a0d6aaeb1c0b752
128938330413187,32.57540038848525,14.338200399997662,1,False,True,False,0.0,reconciled-geodesic-20260929-v1,radio-91d9cc4888543e7c
128985026533240,32.51210083552571,13.918100395050693,1,True,False,False,0.0,reconciled-geodesic-20260929-v1,radio-138d92b3097b784a
129117122050873,31.92590068983965,12.261000625515484,5,True,True,False,9.472185636006978,reconciled-geodesic-20260929-v1,radio-c26106baf12173ee
129170678974442,30.739900584787147,20.211100946812152,1,False,True,False,0.0,reconciled-geodesic-20260929-v1,radio-280217852b3a8825
129699710286188,32.90145589655085,13.175852602178423,1,False,True,False,0.0,reconciled-geodesic-20260929-v1,radio-1baf1792af1c9867
129823748990519,32.574300133575235,13.29460072902093,1,False,True,False,0.0,reconciled-geodesic-20260929-v1,radio-e95a4ad18ddf8a2a
130094071715725,32.6964005816798,13.559800448869115,1,False,True,False,0.0,reconciled-geodesic-20260929-v1,radio-832bdb5b1f5c5b5b
130165282667727,32.52680034956888,14.124500892210019,1,True,False,False,0.0,reconciled-geodesic-20260929-v1,radio-e2368e9bd33e3da5
130188365616338,32.59410054415469,14.320200849952835,1,True,False,False,0.0,reconciled-geodesic-20260929-v1,radio-0011933838b467fa
130260998635384,31.9578008659566,12.027200724820908,1,True,False,False,0.0,reconciled-geodesic-20260929-v1,radio-e530830bef020fd4
130386368167558,32.71690044216763,13.152400737519958,1,False,True,False,0.0,reconciled-geodesic-20260929-v1,radio-08deecb95e2b53a1
130482116220492,31.924800178294056,12.268100180377916,1,False,True,False,0.0,reconciled-geodesic-20260929-v1,radio-7a31d05daee379c7
130579185753685,32.816200589694965,21.854300271069835,2,True,True,False,9.366771524927469,reconciled-geodesic-20260929-v1,radio-decdb60632c94dca
130641928311181,32.06691071793846,20.04475325507104,1,False,True,False,0.0,reconciled-geodesic-20260929-v1,radio-69cd853572c509ea
130801130373653,32.16780030788211,13.017000573007198,1,True,False,False,0.0,reconciled-geodesic-20260929-v1,radio-61b003a0058776f6
130987390004322,32.43350040338581,13.387200730187114,1,False,True,False,0.0,reconciled-geodesic-20260929-v1,radio-d06bc3d4958ae8b1
131031450413016,32.76350068510607,21.785500475483058,1,True,False,False,0.0,reconciled-geodesic-20260929-v1,radio-55b0b12ccd8f21d3
131046148144042,32.663600174172004,14.127500774890699,1,True,False,False,0.0,reconciled-geodesic-20260929-v1,radio-f2d877ffa1eb2c3f
131070515132441,32.61380072754992,13.584000198957538,1,True,False,False,0.0,reconciled-geodesic-20260929-v1,radio-d9ac835ea6bbd0f8
131137027096882,32.46130042891925,14.531700603374214,1,True,False,False,0.0,reconciled-geodesic-20260929-v1,radio-eae3600f6901fce6
131183057071603,32.753700864724664,12.893300259617188,1,False,True,False,0.0,reconciled-geodesic-20260929-v1,radio-6a80831dae53796f
131259010213871,32.11016583594736,20.09865574337738,1,False,True,False,0.0,reconciled-geodesic-20260929-v1,radio-4b6d9b25031c5603
131340686172946,32.68620011937643,13.179200736437753,1,False,True,False,0.0,reconciled-geodesic-20260929-v1,radio-f6869449c15fcd35
131739308954703,32.1212533,20.1237452,1,True,False,False,0.0,reconciled-geodesic-20260929-v1,radio-5da3902d0479a476
131816029111171,32.03307748857959,20.055371196056704,1,False,True,False,0.0,reconciled-geodesic-20260929-v1,radio-a719c22ae387bcba
131996294927774,32.71620023099369,13.337800310296219,1,False,True,False,0.0,reconciled-geodesic-20260929-v1,radio-b7f0d96b20aacfd6
132004934917473,32.69130061940442,12.91000061176914,1,False,True,False,0.0,reconciled-geodesic-20260929-v1,radio-5da4f9c5f6fcf282
132366123068027,32.77960025533973,12.7293004646544,1,False,True,False,0.0,reconciled-geodesic-20260929-v1,radio-fdcfb4b8118f8bc8
132383194554212,32.47050041772396,14.570300863182352,1,True,False,False,0.0,reconciled-geodesic-20260929-v1,radio-016afcb4a1f958f6
132385206470807,32.70720094358646,12.916000782469725,1,True,False,False,0.0,reconciled-geodesic-20260929-v1,radio-34b1f652b69ae79d
132433067093438,30.21470023751769,9.992000141760181,1,False,True,False,0.0,reconciled-geodesic-20260929-v1,radio-28596f3f3c8fcc10
132499061488884,32.701900532141806,13.29470077602703,1,False,True,False,0.0,reconciled-geodesic-20260929-v1,radio-db85980bb8107aa0
132727815130211,32.72570068566244,13.740800273802732,1,True,False,False,0.0,reconciled-geodesic-20260929-v1,radio-284ea6006b177d83
132959090175219,30.74050078648831,20.211000244905787,1,True,False,False,0.0,reconciled-geodesic-20260929-v1,radio-773b3ec8747860e0
133062964250000,32.021700342166405,12.222900329564972,1,True,False,False,0.0,reconciled-geodesic-20260929-v1,radio-53091a5adf928922
133249928282926,32.14999375253353,20.12019319354363,2,False,True,False,47.85843854794797,reconciled-geodesic-20260929-v1,radio-4418772be1d5c08e
133300484529021,32.85610019083115,13.333000355454631,1,True,False,False,0.0,reconciled-geodesic-20260929-v1,radio-850d3a24a54f7f9c
133413132572617,30.77950086743765,20.21250090531276,1,False,True,False,0.0,reconciled-geodesic-20260929-v1,radio-981658ceb6426d45
133479439299267,32.49690072065282,20.861100203529553,1,False,True,False,0.0,reconciled-geodesic-20260929-v1,radio-7f6eb8dfe8e20f17
133749769171962,30.7441003406335,20.218300543633035,1,False,True,False,0.0,reconciled-geodesic-20260929-v1,radio-73ad0721b2da46d7
133887187434589,31.69020034786623,20.288600139739728,1,False,True,False,0.0,reconciled-geodesic-20260929-v1,radio-9a27a5d69418a889
133897737327566,32.7376009258293,21.76060096791521,1,True,False,False,0.0,reconciled-geodesic-20260929-v1,radio-d863a68fb6207979
133972730680960,32.78070089342168,13.255000708507808,1,True,False,False,0.0,reconciled-geodesic-20260929-v1,radio-713c41c12ef7f501
134058690581443,32.83440012348053,13.068700902816484,2,True,False,False,9.330145292311801,reconciled-geodesic-20260929-v1,radio-0408cb24b9711747
134128225968801,32.58880057009758,13.175600723941681,1,True,False,False,0.0,reconciled-geodesic-20260929-v1,radio-21fb8bc023ad7cb5
134218542723928,32.14035890160523,20.118347586655105,1,False,True,False,0.0,reconciled-geodesic-20260929-v1,radio-6fa604a7ca105a4a
134237097282193,27.485300917112532,14.019800651293743,1,False,True,False,0.0,reconciled-geodesic-20260929-v1,radio-2c2d6f6e1dac4198
134243091852411,32.83650011522992,13.352300276532548,1,False,True,False,0.0,reconciled-geodesic-20260929-v1,radio-b12cbbc161fbbf80
134270554802076,32.70970092140746,13.934600793087359,1,True,False,False,0.0,reconciled-geodesic-20260929-v1,radio-56730b3c3eca0a41
134281342636701,32.84100058375023,13.10870035719781,1,True,False,False,0.0,reconciled-geodesic-20260929-v1,radio-f90f8bcb840149d3
134477241510616,32.51830097945542,14.199500574989068,1,False,True,False,0.0,reconciled-geodesic-20260929-v1,radio-3b771847d0c7d4b3
134955170514397,32.777418518066405,12.741524696350098,1,False,True,False,0.0,reconciled-geodesic-20260929-v1,radio-48378649f5a9ecec
135011479170084,32.370400732260656,15.083000154200384,1,True,False,False,0.0,reconciled-geodesic-20260929-v1,radio-f9f8bbe440e34222
135216715727696,32.125240325927734,20.132198333740234,1,False,True,False,0.0,reconciled-geodesic-20260929-v1,radio-fd806a20d1c3c79f
135400222987264,32.1006,20.106897,2,False,True,False,3.9919885822995167,reconciled-geodesic-20260929-v1,radio-4a6303929612dd6f
135516143336693,32.84420051239267,13.243200892541715,1,True,False,False,0.0,reconciled-geodesic-20260929-v1,radio-afdd99091cd5ae76
135588922932166,32.11280036261203,20.083600632571383,1,False,True,False,0.0,reconciled-geodesic-20260929-v1,radio-e64c56660b7ff053
135623421660925,32.33860056345518,15.103400217112315,2,True,True,False,22.184883619414116,reconciled-geodesic-20260929-v1,radio-38c44a9585ef8c49
135846256412062,32.57180044969023,14.02220043378278,1,True,False,False,0.0,reconciled-geodesic-20260929-v1,radio-cc69a9a3a2a1670e
135986234494028,32.4449004919267,20.882000456443578,1,False,True,False,0.0,reconciled-geodesic-20260929-v1,radio-1f6f39419f982d83
136414738725977,32.431400720721356,13.621300304221416,1,True,False,False,0.0,reconciled-geodesic-20260929-v1,radio-29ffc896405e1544
136547355964391,32.55910052698808,14.352200412403802,1,False,True,False,0.0,reconciled-geodesic-20260929-v1,radio-69bf4afa0196fbbb
136750639202307,32.03111092518958,20.021853495451985,1,True,False,False,0.0,reconciled-geodesic-20260929-v1,radio-18c5e731e8b6c976
137195825736988,31.783400619533502,11.027300485680021,1,True,False,False,0.0,reconciled-geodesic-20260929-v1,radio-981d92786907b842
137431397255731,32.258636474609,15.120861053467,1,False,True,False,0.0,reconciled-geodesic-20260929-v1,radio-883a8ad333a12d05
137613907078426,32.65200021775648,13.263200829237785,1,False,True,False,0.0,reconciled-geodesic-20260929-v1,radio-f0992323150fed75
137739061610758,32.0716388,20.0550579,1,True,False,False,0.0,reconciled-geodesic-20260929-v1,radio-7311f7a22c40b746
137859148134705,32.636100968549165,13.577000458947458,3,True,True,False,48.183702325495155,reconciled-geodesic-20260929-v1,radio-e4a82675a057f8ef
137907133291198,31.75410067449031,10.937300586630105,1,False,True,False,0.0,reconciled-geodesic-20260929-v1,radio-6171a2a7ee35f66f
137974620757589,32.901866300115,13.218867257776228,1,False,True,False,0.0,reconciled-geodesic-20260929-v1,radio-3068ca316f09f02c
138186597788295,32.29920096436603,15.11870017913132,1,True,False,False,0.0,reconciled-geodesic-20260929-v1,radio-a2aaa5b10fcc0514
138574228123112,32.511200349845375,13.984100388640806,1,False,True,False,0.0,reconciled-geodesic-20260929-v1,radio-530ae7bc64fcaf4b
138626263027342,31.78290053918636,11.031500901192013,1,False,True,False,0.0,reconciled-geodesic-20260929-v1,radio-adf61313cf18d8e9
138674829167648,32.81010086317002,13.233500571834414,1,True,False,False,0.0,reconciled-geodesic-20260929-v1,radio-66904b382aeecd9a
138724751752093,32.67830017928712,13.019800111929943,1,False,True,False,0.0,reconciled-geodesic-20260929-v1,radio-1522252d42d5fb39
138789173672028,32.79380062344789,13.581700481926829,1,True,False,False,0.0,reconciled-geodesic-20260929-v1,radio-b5c927d01087ac94
138841838734463,32.50470056814412,14.500800714123681,1,True,False,False,0.0,reconciled-geodesic-20260929-v1,radio-9177aafa97587f31
138895856891611,32.83790057555711,13.209300483734008,1,False,True,False,0.0,reconciled-geodesic-20260929-v1,radio-82eb98671d3319b1
139239390166610,32.78950037808168,13.109500727435286,1,True,False,False,0.0,reconciled-geodesic-20260929-v1,radio-ab410f4e495988dc
139250586243510,32.763651792432434,12.56226927135135,1,False,True,False,0.0,reconciled-geodesic-20260929-v1,radio-aa216ec5ee2c27c0
139294485248825,32.784900605994494,13.078600564153009,1,False,True,False,0.0,reconciled-geodesic-20260929-v1,radio-06682eeb3b804ce0
139348528489238,32.0837007182663,20.0862004967627,1,False,True,False,0.0,reconciled-geodesic-20260929-v1,radio-036b69f9218c54de
139632805096220,30.130300692504736,9.494500157297088,1,False,True,False,0.0,reconciled-geodesic-20260929-v1,radio-66eba89262d09e0f
139851512745564,32.89784382411412,13.317444828578404,1,False,True,False,0.0,reconciled-geodesic-20260929-v1,radio-6a54cc6afa101dbb
140145431933534,32.44470041858001,20.89350067280763,1,False,True,False,0.0,reconciled-geodesic-20260929-v1,radio-debdf6194999bf91
140240333171975,32.7076002209151,13.940500531250336,1,False,True,False,0.0,reconciled-geodesic-20260929-v1,radio-3268d3f4eac01725
140286788796860,32.89700021550169,13.199400787446706,1,False,True,False,0.0,reconciled-geodesic-20260929-v1,radio-d3d58d1a4e05b2ad
140400132989989,32.5852009295929,14.03790046206651,2,True,False,False,0.06197936890055819,reconciled-geodesic-20260929-v1,radio-5bf6edd1b678f419
140459799336981,32.38940030144849,15.088900489143699,1,True,False,False,0.0,reconciled-geodesic-20260929-v1,radio-45ee65e2db736b06
140534742270091,32.767800740826885,21.788700571584283,1,False,True,False,0.0,reconciled-geodesic-20260929-v1,radio-60fb84499004edf9
140665772493202,32.60580065837675,14.140300477056979,1,True,False,False,0.0,reconciled-geodesic-20260929-v1,radio-868afde8444e483d
140683537937705,32.839300704087606,13.043600961660841,1,False,True,False,0.0,reconciled-geodesic-20260929-v1,radio-f09e1aa773ea40ea
140728693075524,32.792400540096025,13.087000496292173,1,True,False,False,0.0,reconciled-geodesic-20260929-v1,radio-ddeee2cf2f441168
140758508239722,31.79190089510659,20.20530057873193,2,True,True,False,11.009575549544868,reconciled-geodesic-20260929-v1,radio-7cb119a0f73e49ca
140776267350682,32.53840078555463,13.90820023818379,1,False,True,False,0.0,reconciled-geodesic-20260929-v1,radio-683d0ae7980aa34d
140872553436997,32.8353007629833,13.049200172213288,1,True,False,False,0.0,reconciled-geodesic-20260929-v1,radio-0af0ce7ef4e65ca7
140942036440951,31.994700540030994,20.074500515795194,1,True,False,False,0.0,reconciled-geodesic-20260929-v1,radio-390e74c462b8d7c9
141102331524441,32.590100688011844,14.326300853809515,1,False,True,False,0.0,reconciled-geodesic-20260929-v1,radio-84f35fea7473a39a
141196263964156,32.83120044699079,13.06600081041629,1,True,False,False,0.0,reconciled-geodesic-20260929-v1,radio-98ba1300d080b139
141269680786554,32.89378963197961,13.204744304929536,1,False,True,False,0.0,reconciled-geodesic-20260929-v1,radio-4dd01b41c247e82f
141302117849901,32.05150061896837,20.14060015239816,1,True,False,False,0.0,reconciled-geodesic-20260929-v1,radio-b454ddd74d075269
141343182821105,32.42860098301216,14.55830018766281,1,True,False,False,0.0,reconciled-geodesic-20260929-v1,radio-e06795188961af47
141477256350034,32.90673909042821,13.25993725747773,1,False,True,False,0.0,reconciled-geodesic-20260929-v1,radio-ed7650d7301f9c70
141553777329864,32.89341480616702,13.18241129804388,1,False,True,False,0.0,reconciled-geodesic-20260929-v1,radio-3c8cc1a8ae6dcbe0
141557861049265,32.77120015743951,13.14630058284125,1,False,True,False,0.0,reconciled-geodesic-20260929-v1,radio-b78f921d004c41df
141716173125967,31.20060091337912,16.607100363021832,1,False,True,False,0.0,reconciled-geodesic-20260929-v1,radio-c14e2a64f3b8a12b
141916730195292,32.89230064027515,13.326700879200617,1,True,False,False,0.0,reconciled-geodesic-20260929-v1,radio-5358b54c09462323
142067385550984,32.840100116288674,13.064200962856594,1,True,False,False,0.0,reconciled-geodesic-20260929-v1,radio-fb4b3d6961c338c0
142118068173532,32.08460038750302,20.07600076622676,1,False,True,False,0.0,reconciled-geodesic-20260929-v1,radio-77f26022298ea209
142127078045434,32.07460011576288,20.12030062653703,1,True,False,False,0.0,reconciled-geodesic-20260929-v1,radio-a65d59b18f415ff3
142276569849771,32.79240056546052,13.100700235608391,1,True,False,False,0.0,reconciled-geodesic-20260929-v1,radio-153142f97d2bdd2a
142529530221934,32.69300039472465,13.19270048454122,1,True,False,False,0.0,reconciled-geodesic-20260929-v1,radio-4596dd6788f7be99
142777180208540,32.163916112018455,20.122425158270477,1,False,True,False,0.0,reconciled-geodesic-20260929-v1,radio-4392aa0405fbca70
143139840202481,32.437900625855434,13.635400723881324,1,True,False,False,0.0,reconciled-geodesic-20260929-v1,radio-5759dd044aba9d34
143375704430814,32.1202756,20.0913196,2,False,True,False,0.0,reconciled-geodesic-20260929-v1,radio-111a459b75f12777
143421997727877,32.744700359019895,13.111700425092955,1,False,True,False,0.0,reconciled-geodesic-20260929-v1,radio-780053224cb7d6c0
143422233689095,32.084400822999584,12.973800566988835,1,True,False,False,0.0,reconciled-geodesic-20260929-v1,radio-32a8c66f1b9aebcb
143500332737497,32.74480020502388,12.776300295920034,1,True,False,False,0.0,reconciled-geodesic-20260929-v1,radio-764f83c23e900813
143672796820105,32.66900048695617,13.291600487801079,1,True,False,False,0.0,reconciled-geodesic-20260929-v1,radio-57e39b8454783cff
143780010183768,31.16720060612597,16.567900961495877,1,True,False,False,0.0,reconciled-geodesic-20260929-v1,radio-46db8d2b744e8115
143816741764712,32.04384722028472,20.046728134155146,1,False,True,False,0.0,reconciled-geodesic-20260929-v1,radio-e7ca4c3b7704df59
143898274815660,32.5000004908147,20.883900436343502,2,False,True,False,19.328928966737326,reconciled-geodesic-20260929-v1,radio-2e83536936ce107c
144050243809212,32.60030082545521,13.032600909293148,1,False,True,False,0.0,reconciled-geodesic-20260929-v1,radio-48178f6d8338f53a
144100824973348,32.1257589,20.0856213,3,False,True,False,0.0,reconciled-geodesic-20260929-v1,radio-070f6c7c5478ead2
144121715275606,32.728400588453454,13.7529007083861,1,True,False,False,0.0,reconciled-geodesic-20260929-v1,radio-68a448f3dc4ed8b1
144392532930827,32.0886584,20.0940954,1,False,True,False,0.0,reconciled-geodesic-20260929-v1,radio-7ea3cc4050a443fa
144480544638263,32.66700076302456,13.595800404620077,1,False,True,False,0.0,reconciled-geodesic-20260929-v1,radio-5b498f02f97f410c
144576718956403,32.007900600688004,11.470400714140027,1,False,True,False,0.0,reconciled-geodesic-20260929-v1,radio-d547faf6e8f547f9
144579053170369,32.753400774226876,12.895400938637056,1,True,False,False,0.0,reconciled-geodesic-20260929-v1,radio-f14c25ef4c16c07a
144759272791541,32.0065784454345,20.074398994446,1,True,False,False,0.0,reconciled-geodesic-20260929-v1,radio-8189786382f47b55
144841171586952,32.85260039286626,13.192800928389675,1,False,True,False,0.0,reconciled-geodesic-20260929-v1,radio-e1e157e798554377
144975067221987,32.87780080794779,13.372100495248306,1,False,True,False,0.0,reconciled-geodesic-20260929-v1,radio-b92450955fdc8eca
145218660681551,32.77590048119598,13.102600970834274,1,True,False,False,0.0,reconciled-geodesic-20260929-v1,radio-cebb5f04fe5dca63
145220551636709,32.858400985930565,13.122100369657147,1,False,True,False,0.0,reconciled-geodesic-20260929-v1,radio-8cb12768c4994c6c
145269204509939,32.685700141125295,13.872200671701378,1,True,False,False,0.0,reconciled-geodesic-20260929-v1,radio-9b785a852ea9da70
145292934490818,32.53930048492505,14.372400855167838,1,False,True,False,0.0,reconciled-geodesic-20260929-v1,radio-0263e9fe3e3c65a0
145338097231989,32.22470087637798,20.198800564556098,1,True,False,False,0.0,reconciled-geodesic-20260929-v1,radio-6253d8a5cd9d4418
145596175461185,32.0843946,20.0944334,1,False,True,False,0.0,reconciled-geodesic-20260929-v1,radio-9b747aa23bb75c4a
145801974225790,32.59610083676679,14.124400840297486,1,False,True,False,0.0,reconciled-geodesic-20260929-v1,radio-2bb4eafbcabdbf12
145983793480284,32.5789004140325,13.116700525961898,1,True,False,False,0.0,reconciled-geodesic-20260929-v1,radio-bbe254e9cae5be94
146435252007246,32.816900543053514,12.967600831724633,2,True,False,False,0.05509867844092347,reconciled-geodesic-20260929-v1,radio-391ad95935e71fea
146567314162690,32.898900459590415,13.217800951867385,1,False,True,False,0.0,reconciled-geodesic-20260929-v1,radio-16bfc7376e3cdac7
146674645505540,32.088300565053935,20.125100694415416,1,False,True,False,0.0,reconciled-geodesic-20260929-v1,radio-c5bdcb8c6cc08172
146930283619310,32.810100198203834,13.551100256166588,1,False,True,False,0.0,reconciled-geodesic-20260929-v1,radio-e912ed128beadf3d
146956853254703,32.082800622120004,20.10270080739906,1,True,False,False,0.0,reconciled-geodesic-20260929-v1,radio-415a853b43dd6de0
146980164917894,32.80150041587854,13.497200754362126,1,True,False,False,0.0,reconciled-geodesic-20260929-v1,radio-0cfdb5ba07ee1a16
147355771109239,32.681700780569194,13.146400170964668,1,True,False,False,0.0,reconciled-geodesic-20260929-v1,radio-ea7752828838be42
147372086912259,32.41260032119075,13.567000380471514,1,True,False,False,0.0,reconciled-geodesic-20260929-v1,radio-0d5d0b41e9e6cb53
147522104794733,32.700400350501724,13.268900936697689,1,False,True,False,0.0,reconciled-geodesic-20260929-v1,radio-b8c630ed2cfabecf
147559578852132,32.10930081193744,20.08310046472847,2,True,False,False,2.2513802466603337,reconciled-geodesic-20260929-v1,radio-0737847ad402e9c5
147614401628847,32.59530047849098,14.03330088786168,1,True,False,False,0.0,reconciled-geodesic-20260929-v1,radio-51349a67664bd977
147616761373727,31.916200592906048,20.020800828832673,1,False,True,False,0.0,reconciled-geodesic-20260929-v1,radio-bbdf43987a5bade4
147669936411059,32.479000359734194,14.513000147667576,1,True,False,False,0.0,reconciled-geodesic-20260929-v1,radio-01eb245ce5ff4f9f
147728011321903,32.76490028036806,21.777000941165873,1,True,False,False,0.0,reconciled-geodesic-20260929-v1,radio-6f64db2c4c66565f
147858614194849,32.867500461501336,13.284100395397475,1,True,False,False,0.0,reconciled-geodesic-20260929-v1,radio-0df21ccb9949aad8
147901260713129,32.54400038674013,14.103700662018841,1,True,False,False,0.0,reconciled-geodesic-20260929-v1,radio-a2df9d2448f7a420
148001247317695,32.57860015526218,13.9781001431154,1,True,False,False,0.0,reconciled-geodesic-20260929-v1,radio-fcafd8327a537e0e
148430333674531,32.859100372312874,13.400800541231803,1,False,True,False,0.0,reconciled-geodesic-20260929-v1,radio-f4f8916d9aa4ab85
148452434306209,32.05340051630112,20.12730057699925,1,True,False,False,0.0,reconciled-geodesic-20260929-v1,radio-5f6d9eaad1b30d93
148483159968764,32.790400920911125,12.68640047953214,2,True,True,False,9.160028718551482,reconciled-geodesic-20260929-v1,radio-9ae4b8460e03e613
148518689334561,26.102700881031108,14.830800971511943,2,False,True,False,45.4534729765388,reconciled-geodesic-20260929-v1,radio-03fa3ad5ff5a2c50
148522891404653,32.599600435946144,14.005700429746026,1,True,False,False,0.0,reconciled-geodesic-20260929-v1,radio-adbf5a71237270e6
148525857160277,32.00390049443049,12.215900364903,1,False,True,False,0.0,reconciled-geodesic-20260929-v1,radio-b70799c06c8c6368
148758743801052,32.18030087494714,12.857200648867774,1,True,False,False,0.0,reconciled-geodesic-20260929-v1,radio-54c4dba75b9e7058
148794829517595,32.10524722986054,20.126457047044184,1,True,False,False,0.0,reconciled-geodesic-20260929-v1,radio-2df4c8b882e8745b
149030794993751,32.42320064322484,13.608100443508906,1,True,False,False,0.0,reconciled-geodesic-20260929-v1,radio-c12ea49dd6c0401b
149567975393237,32.81340070895624,13.271900729015803,1,True,False,False,0.0,reconciled-geodesic-20260929-v1,radio-2c6f1bc9e6c75d28
149611544316177,32.8523003512527,13.131400182272662,1,False,True,False,0.0,reconciled-geodesic-20260929-v1,radio-59ab77770c1fe4ca
149654912084262,32.0981006872069,20.08080035634307,2,False,True,False,6.069756011430338,reconciled-geodesic-20260929-v1,radio-0a43d450ffcfecf1
149672486904482,32.86170037513372,13.265700716887801,1,False,True,False,0.0,reconciled-geodesic-20260929-v1,radio-99fa93819ccbb23e
149797067759614,32.090476989746094,20.194541931152344,1,False,True,False,0.0,reconciled-geodesic-20260929-v1,radio-70ffe82bfb532bb9
149799532477574,32.1471601,20.1062579,2,False,True,False,0.0,reconciled-geodesic-20260929-v1,radio-6389c9d1b5dc2102
149832409746235,32.75950038168805,12.604600505021136,1,False,True,False,0.0,reconciled-geodesic-20260929-v1,radio-ab0aa27b30cda62e
149861604923971,32.85410080774827,13.165900607454015,1,True,False,False,0.0,reconciled-geodesic-20260929-v1,radio-ac6eacf0dcf2c158
150097307272222,31.82480086096736,20.01620082167071,1,False,True,False,0.0,reconciled-geodesic-20260929-v1,radio-f755a7cff60b68d4
150113521606956,32.79460068301979,13.0268003073857,1,True,False,False,0.0,reconciled-geodesic-20260929-v1,radio-d0b47c295c55c3a5
150208949891724,31.1664006021871,16.564100645678344,1,False,True,False,0.0,reconciled-geodesic-20260929-v1,radio-2fc97fa32abe8f32
150251812123285,32.7366008017252,13.35500018508719,2,True,True,False,14.550917067182208,reconciled-geodesic-20260929-v1,radio-19cf440ee11cba86
150355602537430,32.86240021138882,13.157200312262425,1,False,True,False,0.0,reconciled-geodesic-20260929-v1,radio-cb814c7324a32c16
150514042590526,32.08530042432591,20.140700139657937,2,True,False,False,0.02679197649741872,reconciled-geodesic-20260929-v1,radio-659c3b4b9d4d07b2
150700400246055,32.77890045891397,13.163500802632186,1,False,True,False,0.0,reconciled-geodesic-20260929-v1,radio-33301bcac898046f
150749660622887,32.82490031418018,13.33840034614424,1,True,False,False,0.0,reconciled-geodesic-20260929-v1,radio-741eb1bfb9565143
150781135581346,32.791400353462606,13.501900677276481,1,False,True,False,0.0,reconciled-geodesic-20260929-v1,radio-39eaf8ea39355816
150817855856559,32.832100813786276,13.036700766005424,1,False,True,False,0.0,reconciled-geodesic-20260929-v1,radio-a2e0eb401036af97
151011200768080,32.80970096251177,21.871500183991245,1,False,True,False,0.0,reconciled-geodesic-20260929-v1,radio-e4ec67e5b10f7939
151262642966688,32.0774196,20.0546525,1,False,True,False,0.0,reconciled-geodesic-20260929-v1,radio-0c13f1035549fbdf
151305049089941,32.663400622510025,14.250600501758983,1,True,False,False,0.0,reconciled-geodesic-20260929-v1,radio-d0520e6b23b96e93
151381332887389,32.896900324014425,13.320700389883351,1,False,True,False,0.0,reconciled-geodesic-20260929-v1,radio-472dec8ef2916e9c
151428081106385,32.08270061045044,20.140800860861397,1,False,True,False,0.0,reconciled-geodesic-20260929-v1,radio-0ea02d555f06f210
151854763785247,31.978651,20.1393593,1,False,True,False,0.0,reconciled-geodesic-20260929-v1,radio-36539c3a1f36c465
151870325039185,32.1625555,20.1170534,3,False,True,False,6.632513281888556,reconciled-geodesic-20260929-v1,radio-05b3098ed46d38bc
152032492719400,30.782900371740173,20.220200762146746,1,False,True,False,0.0,reconciled-geodesic-20260929-v1,radio-33210e49579b2717
152041487444921,32.03510085948428,20.055800718465257,1,True,False,False,0.0,reconciled-geodesic-20260929-v1,radio-0c7f20a4bf933106
152069700523435,32.20030077456447,20.156100695503905,1,False,True,False,0.0,reconciled-geodesic-20260929-v1,radio-03af6cb164d55547
152403155238983,32.00558696073635,20.08964179543894,1,True,False,False,0.0,reconciled-geodesic-20260929-v1,radio-8529b2a72367c7ee
152630494860790,32.871900295173,13.157900482690287,1,False,True,False,0.0,reconciled-geodesic-20260929-v1,radio-b3b4f9cc53dccab1
152643861790751,32.755962371826,22.646682739258,1,False,True,False,0.0,reconciled-geodesic-20260929-v1,radio-7bdb2fd10f754406
152919897561782,32.615600191576654,14.316600988707378,1,True,False,False,0.0,reconciled-geodesic-20260929-v1,radio-9bd9ba8525db962d
152948310561543,32.431300934317285,14.624100688692131,1,True,False,False,0.0,reconciled-geodesic-20260929-v1,radio-6eaa09c0bacd5f88
153002015952184,32.37570035729488,15.087600533370594,1,False,True,False,0.0,reconciled-geodesic-20260929-v1,radio-fe8a857f24927933
153155742381597,31.203900973047087,16.56060038431551,1,False,True,False,0.0,reconciled-geodesic-20260929-v1,radio-d273dcab46859acb
153180550552519,30.767200391975926,20.223600300326062,1,False,True,False,0.0,reconciled-geodesic-20260929-v1,radio-8769d4d4dc1bfdf6
153194914490689,32.39090011313838,15.124100213758826,1,True,False,False,0.0,reconciled-geodesic-20260929-v1,radio-88e744f6bb2a5015
153271494869468,32.4869001470086,20.837700722101605,1,False,True,False,0.0,reconciled-geodesic-20260929-v1,radio-38e380f30bf8f1d6
153452928857528,32.87330097229444,13.36450035026477,1,False,True,False,0.0,reconciled-geodesic-20260929-v1,radio-c25a0a2bc51d35f8
153476362856810,32.477700653633704,14.568300171412218,1,True,False,False,0.0,reconciled-geodesic-20260929-v1,radio-a2894b740e8bed2d
153479429018941,32.82890058916037,13.247800935716294,1,True,False,False,0.0,reconciled-geodesic-20260929-v1,radio-ad69f96f27efb022
153502324891069,32.6974007042286,14.039800986333697,1,True,False,False,0.0,reconciled-geodesic-20260929-v1,radio-d9e6285e54e74324
154365601882310,32.80430035769324,21.86280053430579,1,False,True,False,0.0,reconciled-geodesic-20260929-v1,radio-c6952a1e29c87cf2
154408470083924,30.75480096439814,20.20530068599803,1,True,False,False,0.0,reconciled-geodesic-20260929-v1,radio-5782541e79ea137f
154471040006547,32.48740063514514,13.394800503032911,1,True,False,False,0.0,reconciled-geodesic-20260929-v1,radio-8dd3f7829f668fc7
154554813045785,32.629300153812856,14.184600160163214,1,True,False,False,0.0,reconciled-geodesic-20260929-v1,radio-affb2f48063bad33
154586827122285,32.05330014667908,20.076900253744704,2,True,True,False,34.152120165574594,reconciled-geodesic-20260929-v1,radio-b4b52442d77f8bd7
154706296946598,32.76120034529881,21.78570084026253,1,True,False,False,0.0,reconciled-geodesic-20260929-v1,radio-2137dd88602f82b3
154751950225134,31.95270070017552,20.080400410817326,1,True,False,False,0.0,reconciled-geodesic-20260929-v1,radio-b4f29d1416e1e0e7
154850518561719,32.81560019226107,13.020700948368406,2,True,False,False,30.199822564064807,reconciled-geodesic-20260929-v1,radio-625a050331c5503a
154873705013961,32.1269745,20.1777357,1,False,True,False,0.0,reconciled-geodesic-20260929-v1,radio-730931df1038fcd0
155176334202179,32.01370077126306,20.076000325986243,1,False,True,False,0.0,reconciled-geodesic-20260929-v1,radio-7dc2d842b619910a
155231627569161,32.05163738291752,20.066988565588534,1,False,True,False,0.0,reconciled-geodesic-20260929-v1,radio-0ebfc64f2039bc4e
155439156365272,32.842500118445486,13.087500728006566,1,True,False,False,0.0,reconciled-geodesic-20260929-v1,radio-09533a9cbe94adec
155497384210316,32.093505859375,20.1840763092041,1,False,True,False,0.0,reconciled-geodesic-20260929-v1,radio-13ed55687415a7da
155504730933791,32.907505566856415,13.268997608459324,1,False,True,False,0.0,reconciled-geodesic-20260929-v1,radio-e9a0f86b25a4027e
155809561010150,32.77540092002516,12.779200811067279,1,True,False,False,0.0,reconciled-geodesic-20260929-v1,radio-ab7d9af95ddc78e4
155885720047636,32.746500898984905,13.308300142504416,1,False,True,False,0.0,reconciled-geodesic-20260929-v1,radio-2bf165ce44b11478
155896745006456,32.10120043529414,20.174600871231505,1,True,False,False,0.0,reconciled-geodesic-20260929-v1,radio-be70dce784469edd
155913370714911,32.48960069369867,20.827500710042354,1,False,True,False,0.0,reconciled-geodesic-20260929-v1,radio-57852e5c00e5b07e
156061870111394,32.77360017573272,21.789300245893084,1,True,False,False,0.0,reconciled-geodesic-20260929-v1,radio-d34b925d717c2495
156119296575357,32.900000334536365,13.205900158949829,1,True,False,False,0.0,reconciled-geodesic-20260929-v1,radio-53122454e181609d
156120480476203,32.82720095086311,12.998600116244896,1,False,True,False,0.0,reconciled-geodesic-20260929-v1,radio-e36d3ce603764fd4
156342534081104,32.891300146817706,13.171900276191318,1,False,True,False,0.0,reconciled-geodesic-20260929-v1,radio-d11fc92d3e1ecc13
156554136372552,32.00951140267508,20.1411095346723,1,True,False,False,0.0,reconciled-geodesic-20260929-v1,radio-f1370b5f6f455d65
156600312544561,32.058900187315004,20.115600611296266,1,True,False,False,0.0,reconciled-geodesic-20260929-v1,radio-78fd5065315da903
156711505399422,27.037700573955,14.424200977478181,1,False,True,False,0.0,reconciled-geodesic-20260929-v1,radio-54b3963e5868a8cb
156837114116155,32.649800465741244,14.139000356070369,1,False,True,False,0.0,reconciled-geodesic-20260929-v1,radio-43b1b97f0598f124
156869677719052,32.77890033289331,12.690800641413512,1,True,False,False,0.0,reconciled-geodesic-20260929-v1,radio-da9d14be9fbbde4b
156907655140403,32.368600918956936,15.08340014428799,1,False,True,False,0.0,reconciled-geodesic-20260929-v1,radio-43e41177d000f9e7
157079731168035,31.96420089207555,20.142500546260514,2,True,False,False,11.145055474796202,reconciled-geodesic-20260929-v1,radio-641147cedbfd6eb0
157142095842496,32.73370013392749,12.756700804151981,1,False,True,False,0.0,reconciled-geodesic-20260929-v1,radio-82f937ae57fbd06b
157476286678253,32.762300574512295,22.61970048896028,1,False,True,False,0.0,reconciled-geodesic-20260929-v1,radio-8ea156cccfb01483
157546153985164,29.031200207979825,21.544200752312214,1,True,False,False,0.0,reconciled-geodesic-20260929-v1,radio-f06745c024e89d41
157721817222453,32.37150073709295,12.706300296891802,1,False,True,False,0.0,reconciled-geodesic-20260929-v1,radio-01e881b8bb32ce2a
157785830292289,32.85300029262525,13.175600428612274,1,True,False,False,0.0,reconciled-geodesic-20260929-v1,radio-90fdb9831687cfb0
157844886345919,32.855167388916016,13.131986618041992,1,False,True,False,0.0,reconciled-geodesic-20260929-v1,radio-0f3fe3bc01c13acc
157849497419659,32.88775049216216,13.17742313,1,False,True,False,0.0,reconciled-geodesic-20260929-v1,radio-690e66a82b75c587
157862523460151,32.542100323079396,12.682800400723915,1,False,True,False,0.0,reconciled-geodesic-20260929-v1,radio-3d30fbbeafb4b3d1
158068592088185,32.86670055894659,13.111500294506884,1,True,False,False,0.0,reconciled-geodesic-20260929-v1,radio-9aaff53829ba81ca
158077637216738,32.72720013008558,21.752800140599206,1,False,True,False,0.0,reconciled-geodesic-20260929-v1,radio-4105928c73afe28d
158175644031223,32.85340059699569,13.165000335074945,1,True,False,False,0.0,reconciled-geodesic-20260929-v1,radio-a925c933c8d00fc1
158193698721774,32.832000600852325,13.124400597412468,1,True,False,False,0.0,reconciled-geodesic-20260929-v1,radio-f1641bbf960761be
158348920523721,32.8083006388997,21.87230073711915,1,True,False,False,0.0,reconciled-geodesic-20260929-v1,radio-bd70f7d7f9b4eda1
158419081006349,32.43680023900301,13.628700594668324,1,True,False,False,0.0,reconciled-geodesic-20260929-v1,radio-4f45035a3eceb299
158643559594663,32.826300327114176,13.032000145364933,1,True,False,False,0.0,reconciled-geodesic-20260929-v1,radio-631d26efbbf85bc2
158665634552695,32.56040061264775,13.681600220129964,1,False,True,False,0.0,reconciled-geodesic-20260929-v1,radio-16b8b7ec424c673e
158692531096904,32.74550045318737,13.29590096223672,1,True,False,False,0.0,reconciled-geodesic-20260929-v1,radio-f5b001774c8a985e
158861186959286,32.647600531080414,14.272500285379492,1,True,False,False,0.0,reconciled-geodesic-20260929-v1,radio-df35a7e0aff2230b
159093158509690,32.84370019429842,13.166400838169231,1,True,False,False,0.0,reconciled-geodesic-20260929-v1,radio-a8f8a4e88a8c2dcc
159299000012738,32.147900441704564,20.140800450122775,1,True,False,False,0.0,reconciled-geodesic-20260929-v1,radio-44dbf0dfc8d21c60
159362611695281,32.881000831158715,13.154000367416819,1,False,True,False,0.0,reconciled-geodesic-20260929-v1,radio-930cb73d9336657f
159387772140286,30.749500944221364,20.23340012722127,1,False,True,False,0.0,reconciled-geodesic-20260929-v1,radio-f4e24dd2929e1710
159391291270878,26.101500406397452,14.822200491173847,1,False,True,False,0.0,reconciled-geodesic-20260929-v1,radio-f297e75f4ea1ffc6
159426121576410,32.07500070077606,20.095700208036423,1,False,True,False,0.0,reconciled-geodesic-20260929-v1,radio-9c5fb9070d3257ca
159557612118776,32.74910069022731,12.70870017927301,1,True,False,False,0.0,reconciled-geodesic-20260929-v1,radio-2aa15e0fb67b83e7
159677233561835,32.54460069701459,14.102700755022939,1,True,False,False,0.0,reconciled-geodesic-20260929-v1,radio-3e11f9ca176dc33f
159737655158577,32.8449008237766,13.157800668714158,1,True,False,False,0.0,reconciled-geodesic-20260929-v1,radio-59d5b6cdd823ae14
159758099699056,32.85740021080756,13.209000630988273,1,True,False,False,0.0,reconciled-geodesic-20260929-v1,radio-419bc1710419d063
160008198230611,32.76171327673886,21.76500685318674,1,False,True,False,0.0,reconciled-geodesic-20260929-v1,radio-c06ed0c06e80b5cc
160012733257555,32.6783002633416,12.875100571134823,1,False,True,False,0.0,reconciled-geodesic-20260929-v1,radio-55f20bbda30b1d13
160097220090873,32.83980038044341,13.28480018434065,1,True,False,False,0.0,reconciled-geodesic-20260929-v1,radio-af61b64e8d72c3d9
160133966758513,32.61550069305094,14.298700561787838,1,True,False,False,0.0,reconciled-geodesic-20260929-v1,radio-689fe010ea271aaa
160264915065536,32.46850053536613,14.565200866341028,1,True,False,False,0.0,reconciled-geodesic-20260929-v1,radio-a50926c3a267108e
160598612895031,32.49540077617875,20.84490031785054,1,False,True,False,0.0,reconciled-geodesic-20260929-v1,radio-1ca4875b2d28d3f0
160813347915965,32.01347225,20.04504367,1,False,True,False,0.0,reconciled-geodesic-20260929-v1,radio-72222cbeb04730f1
160835541583859,32.88908131917318,13.199312782287596,1,False,True,False,0.0,reconciled-geodesic-20260929-v1,radio-54beab83f7250696
160930550010382,32.84630085670998,13.190700845183835,1,True,False,False,0.0,reconciled-geodesic-20260929-v1,radio-e96ee8e77859ae1d
160991200117834,27.528900565058372,14.291600583569613,1,True,False,False,0.0,reconciled-geodesic-20260929-v1,radio-d897dae847142e0c
161092655519881,32.06560027779352,20.100800194812273,1,False,True,False,0.0,reconciled-geodesic-20260929-v1,radio-fd47661ce8bacfc0
161515613391614,32.8004004161749,13.005600976237838,1,True,False,False,0.0,reconciled-geodesic-20260929-v1,radio-abe58d93d5bfe8d5
161535067332637,32.74570060725536,12.71690092847787,1,True,False,False,0.0,reconciled-geodesic-20260929-v1,radio-d2f44e588cae2e60
161816278414554,32.75475692749,21.747140884399,1,False,True,False,0.0,reconciled-geodesic-20260929-v1,radio-c5fe9239a5f1e9f9
161863466954169,32.87520078192634,13.26770058948673,1,True,False,False,0.0,reconciled-geodesic-20260929-v1,radio-17c3f7f746f59495
161935932155980,32.856037045915315,13.18614052644673,1,False,True,False,0.0,reconciled-geodesic-20260929-v1,radio-cabe0608176afd48
162005287002950,32.61330096830369,13.17030043862328,1,False,True,False,0.0,reconciled-geodesic-20260929-v1,radio-686c4180f3b2a66e
162125576105826,32.75360071587925,12.675600327825094,1,False,True,False,0.0,reconciled-geodesic-20260929-v1,radio-666f9de3f11788f5
162128842273217,32.77240037294351,13.089600270180387,1,False,True,False,0.0,reconciled-geodesic-20260929-v1,radio-63b01aa2e1a517c7
162289468461899,32.074562072753906,20.08380126953125,1,False,True,False,0.0,reconciled-geodesic-20260929-v1,radio-7e42827091f280b3
162312241595727,32.82770019353791,13.032200740343782,1,False,True,False,0.0,reconciled-geodesic-20260929-v1,radio-509df12ba4671dbd
162651665426948,32.09980096085493,20.083000528048775,2,False,True,False,0.06876945093163694,reconciled-geodesic-20260929-v1,radio-24c7772bec8d19df
162697167591335,32.877100253083036,13.274200743700321,1,False,True,False,0.0,reconciled-geodesic-20260929-v1,radio-5b29ede85f1cd3be
162818276254503,32.09771423339844,20.130672836303784,1,False,True,False,0.0,reconciled-geodesic-20260929-v1,radio-fdd109e9e0678e4f
162864863099705,32.862600447015964,13.247100416204301,1,False,True,False,0.0,reconciled-geodesic-20260929-v1,radio-85e9dd7d20fc8e08
162909322350821,32.80700070993243,12.987200198661364,1,True,False,False,0.0,reconciled-geodesic-20260929-v1,radio-f525d5e46e894f12
163109905947012,32.846000943559275,13.259000502106849,1,True,False,False,0.0,reconciled-geodesic-20260929-v1,radio-8498f78bab7ff81b
163222811491125,32.74260043782264,13.605300438371609,1,True,False,False,0.0,reconciled-geodesic-20260929-v1,radio-ff302059d98e0a65
163391799096818,32.79020071573671,13.094800275324785,1,True,False,False,0.0,reconciled-geodesic-20260929-v1,radio-41fd25f34172a14f
163411049183865,32.11760033926358,20.066600225267,3,True,True,False,16.617309828081495,reconciled-geodesic-20260929-v1,radio-8f79ded848b6731f
163432060341516,32.79010051737692,13.089000326839088,1,False,True,False,0.0,reconciled-geodesic-20260929-v1,radio-3e1569ba82f7a054
163434659271567,32.492500524054144,14.565600691668028,1,False,True,False,0.0,reconciled-geodesic-20260929-v1,radio-8d5c1fcc29c6201d
163605632632257,31.864500269850986,20.008700794253986,1,False,True,False,0.0,reconciled-geodesic-20260929-v1,radio-5a4ded80a1c141a5
163660171777169,32.81900081307462,13.034800122263741,1,True,False,False,0.0,reconciled-geodesic-20260929-v1,radio-e3f25564252252b5
163727121599086,32.760555267333984,21.738428115844727,1,False,True,False,0.0,reconciled-geodesic-20260929-v1,radio-13478559774b7b4c
163834694128793,32.73070093984394,13.61240013929017,1,False,True,False,0.0,reconciled-geodesic-20260929-v1,radio-b9c0eb1363450a34
163864173203621,32.76050024633602,12.735800673362627,1,False,True,False,0.0,reconciled-geodesic-20260929-v1,radio-818cd2c81ee3b2c3
163977546594389,32.81280030965962,21.871300575126398,3,False,True,False,9.350706436852379,reconciled-geodesic-20260929-v1,radio-5f6cbb6f778aca34
164136174410458,32.59500071327292,14.318800940900987,1,False,True,False,0.0,reconciled-geodesic-20260929-v1,radio-34bbb27794308049
164664014920343,32.78010043006172,21.80680061421902,1,True,False,False,0.0,reconciled-geodesic-20260929-v1,radio-189c735e09c5687f
164728366551591,32.10610078670504,12.93570081781903,2,True,True,False,0.039020947021844866,reconciled-geodesic-20260929-v1,radio-2ca237a3f827b2d2
164774526642587,32.8571005833501,13.227700754988039,1,False,True,False,0.0,reconciled-geodesic-20260929-v1,radio-d5968a5f86173183
164800476925105,31.19790079433525,16.59310025548054,1,False,True,False,0.0,reconciled-geodesic-20260929-v1,radio-76b4db9d21be79d5
164960543711423,31.193100857479507,16.572100839508025,2,False,True,False,38.11318457167358,reconciled-geodesic-20260929-v1,radio-58e846cd1e9d7218
164964053471155,32.855500956476824,13.12910065029348,1,True,False,False,0.0,reconciled-geodesic-20260929-v1,radio-5ed3a32fbd8a20e9
164987047313982,32.57180060799033,14.050600837048767,1,False,True,False,0.0,reconciled-geodesic-20260929-v1,radio-7694a9e4f3fd9c1a
165283613332041,32.416000611804975,14.791200821819572,1,True,False,False,0.0,reconciled-geodesic-20260929-v1,radio-3508581d0017caaa
165302842670039,32.73670063327104,13.684100203474115,1,False,True,False,0.0,reconciled-geodesic-20260929-v1,radio-76cb11a06e92b02c
165371727560228,32.02222442626953,20.0517692565918,1,False,True,False,0.0,reconciled-geodesic-20260929-v1,radio-b4b71eec04486dc2
165374517500042,32.792300434059015,12.914000755480208,1,False,True,False,0.0,reconciled-geodesic-20260929-v1,radio-b331740abf8a592f
165528699252981,31.19960022956725,16.581600842507566,1,False,True,False,0.0,reconciled-geodesic-20260929-v1,radio-700ab02bfe17e896
165576636319631,32.09430050135847,23.960800190436764,2,True,True,False,24.08269994137487,reconciled-geodesic-20260929-v1,radio-730dbf99eb4e400b
165591045554995,32.74770086729637,12.717700422730088,1,True,False,False,0.0,reconciled-geodesic-20260929-v1,radio-407698a947f8c1af
165647961314233,32.88220036534926,13.277200471337812,1,True,False,False,0.0,reconciled-geodesic-20260929-v1,radio-f6bfcf0990e960e3
165790322387548,32.079500461311014,20.069300956819678,1,False,True,False,0.0,reconciled-geodesic-20260929-v1,radio-5e1d67f440b01c6e
166039909820167,32.16620183908046,20.12466057471265,1,True,False,False,0.0,reconciled-geodesic-20260929-v1,radio-9617a5fb5d030de3
166128766269551,32.4811009828336,14.56420067997605,2,True,True,False,22.13823074299567,reconciled-geodesic-20260929-v1,radio-5b7c76a54a159289
166187964550891,32.85953250017579,13.385985675651948,1,False,True,False,0.0,reconciled-geodesic-20260929-v1,radio-8f7c4df0e72767b5
166189669509266,32.48280046683474,14.567900704160099,1,False,True,False,0.0,reconciled-geodesic-20260929-v1,radio-f3360ea6646936b1
166301314653146,32.76810084252901,12.722100599821948,1,True,False,False,0.0,reconciled-geodesic-20260929-v1,radio-aa4a3bac4bac0180
166355601297373,32.895900215879614,13.204800687108415,1,False,True,False,0.0,reconciled-geodesic-20260929-v1,radio-d17611ad3c1408c5
166446572339052,32.730500702824905,13.672500449638319,2,False,True,False,22.181073823515852,reconciled-geodesic-20260929-v1,radio-521f73df6ed2c4aa
166495663766405,32.458700544015834,13.998800974899508,1,True,False,False,0.0,reconciled-geodesic-20260929-v1,radio-1e4d59ee1f7d8800
166549119654886,32.39520073238826,14.91850034882357,1,False,True,False,0.0,reconciled-geodesic-20260929-v1,radio-945da77239a85ced
166584171908473,32.781900806835544,13.023800649866509,1,True,False,False,0.0,reconciled-geodesic-20260929-v1,radio-2ea281a686a380cd
166633400416230,32.83340024758511,13.028200644803558,1,True,False,False,0.0,reconciled-geodesic-20260929-v1,radio-cdc8ce42662a4083
166875394109048,31.9572003064293,20.14010086943031,2,True,False,False,18.98946697010896,reconciled-geodesic-20260929-v1,radio-0dc36b0b0979d140
166989667874672,32.57970091860929,13.939300518655,1,True,False,False,0.0,reconciled-geodesic-20260929-v1,radio-68c750155275b53f
167128270471857,32.07680093454136,20.11850080753438,1,True,False,False,0.0,reconciled-geodesic-20260929-v1,radio-f93d39d8dc1573d0
167140245787733,32.74781521883878,12.7126934745095,1,False,True,False,0.0,reconciled-geodesic-20260929-v1,radio-c91c06dc3327b70b
167185757016002,31.623800709195493,15.129400793720368,1,False,True,False,0.0,reconciled-geodesic-20260929-v1,radio-0df361ef0b0f64ed
167666284894956,32.56360044217637,13.940000373063448,1,True,False,False,0.0,reconciled-geodesic-20260929-v1,radio-39ad854486a87916
167739023602258,32.86170041582036,13.266800255891928,1,True,False,False,0.0,reconciled-geodesic-20260929-v1,radio-b7ddad590e973fe5
167765691900344,32.8798003090433,13.328900594779082,1,False,True,False,0.0,reconciled-geodesic-20260929-v1,radio-1d748019161f0cf4
167786350856259,30.766800924075717,20.226100436226005,1,True,False,False,0.0,reconciled-geodesic-20260929-v1,radio-0752df00cc668229
168016842626748,32.0557066216528,20.055394597800365,1,True,False,False,0.0,reconciled-geodesic-20260929-v1,radio-64217282a501cbd3
168057140082317,32.77580030337485,12.72870091730461,1,False,True,False,0.0,reconciled-geodesic-20260929-v1,radio-6c4136f308035fec
168113651478266,32.893600440920814,13.217200133003885,1,True,False,False,0.0,reconciled-geodesic-20260929-v1,radio-b671fc3358c7e39d
168148077846082,31.87960076688882,11.480600926085556,1,False,True,False,0.0,reconciled-geodesic-20260929-v1,radio-03c95436101d0b1c
168346814912506,27.035300561726856,14.438500272794696,1,False,True,False,0.0,reconciled-geodesic-20260929-v1,radio-88afef5dbda3d43a
168469899620572,32.12970026615892,20.152600293665657,1,False,True,False,0.0,reconciled-geodesic-20260929-v1,radio-8748b97ce56a1945
168499973842666,32.77020023813653,13.130000731201116,1,True,False,False,0.0,reconciled-geodesic-20260929-v1,radio-9bc3f6c2815c0d23
168550610144666,32.76620046985267,12.423400389420868,5,True,False,False,18.769139149929792,reconciled-geodesic-20260929-v1,radio-bc966626a5f24b54
168871610993284,32.83390095651749,13.209900310069449,1,True,False,False,0.0,reconciled-geodesic-20260929-v1,radio-e67d709670b0f3cf
168905104287911,31.669100525759436,20.256000854480188,1,False,True,False,0.0,reconciled-geodesic-20260929-v1,radio-ca9dddc5fbaace4e
168916761683367,32.867300180895406,13.179700264238418,1,True,False,False,0.0,reconciled-geodesic-20260929-v1,radio-ab0741028e3b5851
168956749000054,32.93170035216546,12.083700413780683,1,True,False,False,0.0,reconciled-geodesic-20260929-v1,radio-b970b241fc3bf72d
169075953229346,32.1063595,20.1406518,1,False,True,False,0.0,reconciled-geodesic-20260929-v1,radio-413d4e5b880180e4
169143504994089,32.70020012397565,13.116300561094151,1,True,False,False,0.0,reconciled-geodesic-20260929-v1,radio-14a69b0746bf4361
169152509371584,32.52210091011046,13.911000799910074,1,False,True,False,0.0,reconciled-geodesic-20260929-v1,radio-c5ceabe52846f810
169177532804617,32.798400354611395,13.575400776198633,1,False,True,False,0.0,reconciled-geodesic-20260929-v1,radio-436937d373617668
169205878501261,32.066923141479286,20.130110899607335,1,False,True,False,0.0,reconciled-geodesic-20260929-v1,radio-f6282888e64ddb29
169270600588961,32.8589007270044,13.084800499672049,1,True,False,False,0.0,reconciled-geodesic-20260929-v1,radio-83932a32cb9aa6ad
169291267299817,32.837800274581056,13.065200317907603,1,False,True,False,0.0,reconciled-geodesic-20260929-v1,radio-c65e644268201c65
169325602422684,32.794200668173474,12.851300540551312,1,True,False,False,0.0,reconciled-geodesic-20260929-v1,radio-73b07237d241a460
169549579105626,32.04424285888672,20.13855743408203,1,False,True,False,0.0,reconciled-geodesic-20260929-v1,radio-d26d056efe987d75
169569447735207,32.85540030900584,13.24710092536089,1,True,False,False,0.0,reconciled-geodesic-20260929-v1,radio-4484c4ddf553aa84
169804256875423,32.07400079024782,20.097000135533662,1,True,False,False,0.0,reconciled-geodesic-20260929-v1,radio-c68657f22b396f60
169943932143637,32.06989253651024,20.22397388111442,1,False,True,False,0.0,reconciled-geodesic-20260929-v1,radio-7186487097e6e92b
170615061787489,32.46870084401967,14.573200199123777,1,False,True,False,0.0,reconciled-geodesic-20260929-v1,radio-cd198bb144c662c0
170732996980879,32.752000362782965,12.658100439683615,1,False,True,False,0.0,reconciled-geodesic-20260929-v1,radio-6fc12106758034ed
170857872731598,32.68320088082404,13.175500963426147,1,True,False,False,0.0,reconciled-geodesic-20260929-v1,radio-ca97c5f3466e1101
170882045090650,32.06940074598402,12.544100674234347,2,False,True,False,21.857865939574353,reconciled-geodesic-20260929-v1,radio-1ae633b1df2e059d
170960481350708,32.34770084846496,15.076000240188069,1,False,True,False,0.0,reconciled-geodesic-20260929-v1,radio-645d34acab9f58bb
171132879097202,32.48570011810342,20.827400949817243,2,False,True,False,9.432178875551532,reconciled-geodesic-20260929-v1,radio-65b9d684b1123401
171407660511936,32.2304384,20.1906097,2,False,True,False,4.29090296556499,reconciled-geodesic-20260929-v1,radio-626943b140f14e23
171540688404894,32.76115417480469,12.690282821655272,1,False,True,False,0.0,reconciled-geodesic-20260929-v1,radio-2213872504f5e51e
171946116377663,32.848500394542576,13.353600136869012,1,False,True,False,0.0,reconciled-geodesic-20260929-v1,radio-125e9000ea77c6a6
172101139767199,32.058100151166386,20.103700647809855,1,True,False,False,0.0,reconciled-geodesic-20260929-v1,radio-674b8d73289f46ec
172183878418165,32.80180084066748,13.254400297821924,1,True,False,False,0.0,reconciled-geodesic-20260929-v1,radio-6733b1b507287967
172987687206978,32.463300579528315,13.317700608227952,1,False,True,False,0.0,reconciled-geodesic-20260929-v1,radio-10e72e2a34c95522
173160702290304,32.89390065313855,13.216600232368735,1,False,True,False,0.0,reconciled-geodesic-20260929-v1,radio-568549017307fac2
173309821098467,31.456500624680626,15.25500046692852,1,False,True,False,0.0,reconciled-geodesic-20260929-v1,radio-d55fde4117446c02
173394293987754,32.54070068184483,14.244700277230711,1,True,False,False,0.0,reconciled-geodesic-20260929-v1,radio-3b79e2b1fb4fc767
173442474763485,31.72890039092336,15.0849003431638,1,True,False,False,0.0,reconciled-geodesic-20260929-v1,radio-0ced93c1335cf04a
173928829505763,32.1053732,20.111115,3,False,True,False,3.3257745004991253,reconciled-geodesic-20260929-v1,radio-4c0e9eb7344785f6
174180233855202,32.11340026212521,20.170500683343313,2,True,False,False,0.082189106807906,reconciled-geodesic-20260929-v1,radio-3274de5fbb2ed9f0
174185970684084,32.87370027908953,13.334800871396192,1,False,True,False,0.0,reconciled-geodesic-20260929-v1,radio-8ef4c4d0ef1bf620
174306604794416,32.49170074782345,14.566600628078959,1,False,True,False,0.0,reconciled-geodesic-20260929-v1,radio-b71a013facab1d76
174318766410796,32.1224919,20.0972966,1,True,False,False,0.0,reconciled-geodesic-20260929-v1,radio-ad7543de3950f446
174772036829366,32.067467478524726,20.04517658199902,1,False,True,False,0.0,reconciled-geodesic-20260929-v1,radio-453e6a1b7f325fe9
174990991352971,32.85910095752979,13.195500759061192,1,False,True,False,0.0,reconciled-geodesic-20260929-v1,radio-3be2351d3763bf59
175008711505268,32.862300667350105,13.267500218537297,1,True,False,False,0.0,reconciled-geodesic-20260929-v1,radio-9b78085755cbc1ac
175049562130852,32.663100285595235,13.22610081256845,1,False,True,False,0.0,reconciled-geodesic-20260929-v1,radio-e5b71294750302f6
175147104064586,24.192900596893864,23.29020027787524,1,False,True,False,0.0,reconciled-geodesic-20260929-v1,radio-9ffaf2bcab8719f5
175166981888970,32.85950034364923,13.093300377690838,1,True,False,False,0.0,reconciled-geodesic-20260929-v1,radio-e8dd878dbd800ff2
175279224305661,32.68730024683235,14.098200819910927,1,True,False,False,0.0,reconciled-geodesic-20260929-v1,radio-9ab87fb5703b11f3
175720063173254,32.09030042938353,20.10580011837071,3,True,True,False,13.160307575198477,reconciled-geodesic-20260929-v1,radio-0038add53de760fe
175787908483948,32.053178837522864,20.11045573744923,2,True,True,False,39.54919347109779,reconciled-geodesic-20260929-v1,radio-44dd0b47369ae15d
176010204374450,32.84120034456331,13.102700961695632,2,True,False,False,35.76009901488346,reconciled-geodesic-20260929-v1,radio-05b53b3e94c0f762
176037273082828,32.70890062604666,12.938000479413587,1,False,True,False,0.0,reconciled-geodesic-20260929-v1,radio-90fa425292e984de
176090895720922,31.967900239678837,20.048200912640333,1,False,True,False,0.0,reconciled-geodesic-20260929-v1,radio-369196f90ae7cb3a
176359781794094,32.73760088817928,12.714000283624761,1,True,False,False,0.0,reconciled-geodesic-20260929-v1,radio-9b1b54acb7f5ec14
176504866125821,31.203500916560166,16.567900438632527,1,False,True,False,0.0,reconciled-geodesic-20260929-v1,radio-c6933290c89f6d0a
176560244169431,32.11601257324219,20.15391159057617,1,False,True,False,0.0,reconciled-geodesic-20260929-v1,radio-13def21e353a77da
176564671510316,32.104266876869914,20.079361489478615,1,True,False,False,0.0,reconciled-geodesic-20260929-v1,radio-af1eea95b8aa277f
176622953497333,32.07790069505515,20.067900538592298,1,False,True,False,0.0,reconciled-geodesic-20260929-v1,radio-32a90201a5fa1d94
176822452878074,32.55790048148672,14.274400188498182,1,True,False,False,0.0,reconciled-geodesic-20260929-v1,radio-41968db6bed253f2
177473395961846,31.67600038497816,19.95510043776593,1,False,True,False,0.0,reconciled-geodesic-20260929-v1,radio-faa141c419f25ad5
177489887333754,32.85520060633118,13.254300960090891,1,True,False,False,0.0,reconciled-geodesic-20260929-v1,radio-9d3e61581ab88747
177542817527612,32.72520042730983,13.22290015139474,1,False,True,False,0.0,reconciled-geodesic-20260929-v1,radio-c4784bcedb269c3d
177579943863493,31.565000679208946,20.068900414423783,1,True,False,False,0.0,reconciled-geodesic-20260929-v1,radio-14b18a1087fcaaca
177769758934742,30.979300768373633,10.549500499905596,1,False,True,False,0.0,reconciled-geodesic-20260929-v1,radio-5c6cbca750e4ddec
177773809231650,32.07060033129089,20.097600603752408,1,False,True,False,0.0,reconciled-geodesic-20260929-v1,radio-690df290e4f2bb26
177877995564675,32.10195596394857,20.102983976272505,1,False,True,False,0.0,reconciled-geodesic-20260929-v1,radio-ae18108000472190
177986456911733,32.893725600882355,13.170800578088237,1,False,True,False,0.0,reconciled-geodesic-20260929-v1,radio-840ed663258cdde3
178146453720743,32.570100757767506,14.091300692233043,1,True,False,False,0.0,reconciled-geodesic-20260929-v1,radio-d410666a1d3b209d
178187770030301,32.74280081633833,13.706300648302621,1,False,True,False,0.0,reconciled-geodesic-20260929-v1,radio-02b163d7318522e8
178332869537856,32.87790082726395,13.273900465004203,1,True,False,False,0.0,reconciled-geodesic-20260929-v1,radio-41b1589fbb513d95
178591534277642,32.461900353105165,20.856500405531957,1,False,True,False,0.0,reconciled-geodesic-20260929-v1,radio-0fd2048a7c5d5a6f
179073161120214,32.862400485673504,13.102400884508846,1,True,False,False,0.0,reconciled-geodesic-20260929-v1,radio-d2d3d9d21dd27841
179585033056134,32.06780034846823,20.21150031748083,1,True,False,False,0.0,reconciled-geodesic-20260929-v1,radio-398877df27a9d13a
179611864164694,32.75490021352804,12.836500858135283,1,False,True,False,0.0,reconciled-geodesic-20260929-v1,radio-3fa80343dff9d55c
179633732270829,32.896200270460845,13.202000584440263,1,False,True,False,0.0,reconciled-geodesic-20260929-v1,radio-3b42d0e3f6447d53
179643132372553,31.95490062919305,20.136800937590163,1,True,False,False,0.0,reconciled-geodesic-20260929-v1,radio-9f48653822ebe6a3
179808552104225,31.874300974295387,11.48590084681227,1,False,True,False,0.0,reconciled-geodesic-20260929-v1,radio-29e5f61ba3c5f856
179888706322353,32.768000324829416,13.115100138308435,1,True,False,False,0.0,reconciled-geodesic-20260929-v1,radio-053147c0a943a9d0
179927779524623,32.14444467972722,20.10237974050106,1,True,False,False,0.0,reconciled-geodesic-20260929-v1,radio-8feab37b682a300a
180161447641848,32.690700280437504,13.207500787047454,1,True,False,False,0.0,reconciled-geodesic-20260929-v1,radio-6e6a24dc2fb3118b
180189685490022,32.66980019850307,13.937600827827382,1,True,False,False,0.0,reconciled-geodesic-20260929-v1,radio-217fe6e92d07a313
180319953074160,29.0523003799624,21.49860046041078,1,True,False,False,0.0,reconciled-geodesic-20260929-v1,radio-6654779f07a5833f
180328944408901,32.80800022080776,13.018900930179417,1,True,False,False,0.0,reconciled-geodesic-20260929-v1,radio-7f195e14a7603bb5
180350119686876,32.65010037511018,14.257900514680133,1,True,False,False,0.0,reconciled-geodesic-20260929-v1,radio-6e9e5a4f098166cf
180453341588545,32.72970087975385,13.357300153150877,1,False,True,False,0.0,reconciled-geodesic-20260929-v1,radio-535860c70d8a7d3d
180632054531883,32.68640025376369,12.730900599302123,1,False,True,False,0.0,reconciled-geodesic-20260929-v1,radio-0b72e32eabc4fb60
180639504168895,32.60360017705651,12.687000691495866,1,False,True,False,0.0,reconciled-geodesic-20260929-v1,radio-51491165d5a47b0e
180859996047369,32.64290060948195,13.170100664642664,1,False,True,False,0.0,reconciled-geodesic-20260929-v1,radio-3df89c5895c048ee
180861417374884,32.08370054483635,20.08290059346833,1,False,True,False,0.0,reconciled-geodesic-20260929-v1,radio-21e2c11507e4df49
180901156936102,32.10200090197864,20.100800766991608,1,False,True,False,0.0,reconciled-geodesic-20260929-v1,radio-0552a3abaa57fbc7
181008690967679,32.67720043780357,13.26900051238924,1,True,False,False,0.0,reconciled-geodesic-20260929-v1,radio-e6e0d4991d301ea1
181091837181173,32.172395,20.131183333333336,2,True,True,False,44.139796536009285,reconciled-geodesic-20260929-v1,radio-0785bbfaeb9adc1a
181117387553107,30.762900470306576,20.243500907586167,1,True,False,False,0.0,reconciled-geodesic-20260929-v1,radio-560d9c3d027ef6c2
181217692349494,32.68290055937078,12.716300929510378,1,True,False,False,0.0,reconciled-geodesic-20260929-v1,radio-a0e42d7a547f9afc
181256664694966,32.0789545,20.0964189,1,False,True,False,0.0,reconciled-geodesic-20260929-v1,radio-5f6ab540e067ea2e
181488239701071,32.078000425065156,20.256700257687687,1,True,False,False,0.0,reconciled-geodesic-20260929-v1,radio-90efe55368bd1eda
181719127197344,32.76920090446121,12.744400607870956,1,True,False,False,0.0,reconciled-geodesic-20260929-v1,radio-5c1c1654250d5331
181720449423902,32.1153727,20.0837421,2,False,True,False,0.0,reconciled-geodesic-20260929-v1,radio-55a761ada72ec660
181738236938875,30.767500820970167,20.241200892242723,1,False,True,False,0.0,reconciled-geodesic-20260929-v1,radio-88934c98fc7613e0
181784592085467,32.86670025983533,13.206400456274142,1,True,False,False,0.0,reconciled-geodesic-20260929-v1,radio-c8333dce6d9a1d93
181828654107273,32.36170082314039,15.028000392391426,1,True,False,False,0.0,reconciled-geodesic-20260929-v1,radio-0ef7b4559a60eeed
181893069751555,32.85580054158981,13.180700665398845,1,True,False,False,0.0,reconciled-geodesic-20260929-v1,radio-2592cb427477ff9f
181994445302479,32.05020015882576,20.06000020910612,1,False,True,False,0.0,reconciled-geodesic-20260929-v1,radio-e0752f935ce1cbcf
182194761698046,32.587600227134566,13.33310048950316,1,False,True,False,0.0,reconciled-geodesic-20260929-v1,radio-1def116c9c897e36
182213665735352,32.70050041557148,13.538800212754529,1,True,False,False,0.0,reconciled-geodesic-20260929-v1,radio-2614797626928829
182387799037902,31.205900395918388,16.568800966260955,1,False,True,False,0.0,reconciled-geodesic-20260929-v1,radio-4a77ca52e58a9c10
182475463492716,32.668100703157805,13.947600930617819,1,True,False,False,0.0,reconciled-geodesic-20260929-v1,radio-3bc828a95caa7350
182604503824284,32.0536004672195,20.090500409664177,1,False,True,False,0.0,reconciled-geodesic-20260929-v1,radio-f66e281fee04d910
182817042917869,32.45490056630411,13.862600169447413,1,False,True,False,0.0,reconciled-geodesic-20260929-v1,radio-e71acac0ed9386c0
183027206969693,31.966600632306072,12.099800462652837,6,True,True,False,0.06890081630417001,reconciled-geodesic-20260929-v1,radio-ec3edd2a88eb17cd
183071283422157,32.1259875,20.1042522,3,False,True,False,0.0,reconciled-geodesic-20260929-v1,radio-19dff8436d77122f
183277623956215,32.44910064893403,14.59780058023132,1,True,False,False,0.0,reconciled-geodesic-20260929-v1,radio-f8bb50c2e60eb2c8
183354767792426,32.1117247,20.0716614,2,False,True,False,0.0,reconciled-geodesic-20260929-v1,radio-218993a2d9017b70
183429281846987,32.87560033632779,13.134700368335134,1,True,False,False,0.0,reconciled-geodesic-20260929-v1,radio-de6a9c5848b810a1
183520941534264,32.856500505319104,13.128500793821809,1,True,False,False,0.0,reconciled-geodesic-20260929-v1,radio-ddd45853ac8bd82a
183528739006248,32.8722005765826,13.372300371389894,1,True,False,False,0.0,reconciled-geodesic-20260929-v1,radio-2e4530cafd72720a
183705263959482,32.21060064924355,20.166300163100185,3,True,False,False,5.6238545144271805,reconciled-geodesic-20260929-v1,radio-55d6208a1f71efc9
183733631307084,32.1765006701925,20.135500337526405,1,False,True,False,0.0,reconciled-geodesic-20260929-v1,radio-f3ed8e77dfc4144a
183992362285734,32.89300042011231,13.2463003008423,2,True,True,False,2.0882845242403714,reconciled-geodesic-20260929-v1,radio-1a3c0ebd30669d25
184019516630527,32.75640078837043,12.742200495050401,1,True,False,False,0.0,reconciled-geodesic-20260929-v1,radio-e9bed0ddaefdc01f
184533091069353,24.197800900901036,23.28640021971881,1,True,False,False,0.0,reconciled-geodesic-20260929-v1,radio-b48ab1b1bd68d7e4
184549264413778,32.90430039182372,13.272400778450658,1,True,False,False,0.0,reconciled-geodesic-20260929-v1,radio-923f8f2299a7f528
184846972763343,32.423000497793055,13.452900232987087,1,True,False,False,0.0,reconciled-geodesic-20260929-v1,radio-77117422aa76aae9
184910422265761,32.7624007036456,13.823100958363804,1,False,True,False,0.0,reconciled-geodesic-20260929-v1,radio-96a3c1281f56cac4
185469426577647,32.76640032914252,12.735000907235916,1,False,True,False,0.0,reconciled-geodesic-20260929-v1,radio-0723790f12312760
185539794415070,32.097800646417575,20.074800786369437,3,False,True,False,5.648136684040564,reconciled-geodesic-20260929-v1,radio-d9b21a36c195890e
185589417546500,32.853100514675084,13.408800745363251,1,False,True,False,0.0,reconciled-geodesic-20260929-v1,radio-5ab0c4342657b402
185638510799136,32.10490060496543,20.126900800174585,2,True,False,False,0.060657538468699604,reconciled-geodesic-20260929-v1,radio-55431ca1455f164f
185968103389866,32.84950054040468,13.392300960638408,1,False,True,False,0.0,reconciled-geodesic-20260929-v1,radio-b5eaed91d0b0b61e
185985844024419,32.116111,20.0726186,2,False,True,False,12.591469470584785,reconciled-geodesic-20260929-v1,radio-28c0110cefa08d17
186527798465057,32.08633303174775,20.06626361024121,1,True,False,False,0.0,reconciled-geodesic-20260929-v1,radio-d9b3bba2fb90fc2e
186541814126567,32.753800834265235,12.731300395065864,1,True,False,False,0.0,reconciled-geodesic-20260929-v1,radio-46f32208fa1c1091
186597884989804,32.578300666817086,13.9958002103141,1,True,False,False,0.0,reconciled-geodesic-20260929-v1,radio-c1ff8f0a9f4635a8
186663439954755,32.38090057330817,15.188000541989933,1,False,True,False,0.0,reconciled-geodesic-20260929-v1,radio-68cdfe899a92fb62
186671607569077,32.79080072945696,13.29330058265005,1,True,False,False,0.0,reconciled-geodesic-20260929-v1,radio-12269c1c962fa97e
186810543205840,32.874600707523136,13.332200184169618,1,False,True,False,0.0,reconciled-geodesic-20260929-v1,radio-2a13417faa062199
186942042224685,32.74140075955572,13.692200376762518,1,False,True,False,0.0,reconciled-geodesic-20260929-v1,radio-955f4310df32d8ce
187045374662592,31.204900888449234,16.560500806839958,1,False,True,False,0.0,reconciled-geodesic-20260929-v1,radio-222f38ab238ee575
187251045301532,32.64310064064232,14.25650055140866,1,False,True,False,0.0,reconciled-geodesic-20260929-v1,radio-de113e126539faf3
187253850865093,32.45450040539534,14.585600605653857,1,True,False,False,0.0,reconciled-geodesic-20260929-v1,radio-d0a8670f99ef0691
187260701533803,30.763400134342124,20.2350003748494,1,True,False,False,0.0,reconciled-geodesic-20260929-v1,radio-c022550f5cc9c9f4
187272272031167,32.874900878837224,13.330800711799089,1,True,False,False,0.0,reconciled-geodesic-20260929-v1,radio-270c3a586e437d8b
187327584243643,30.77390097660148,20.23380078619315,1,True,False,False,0.0,reconciled-geodesic-20260929-v1,radio-14624243525e898c
187391774355063,32.088900581472245,20.095700705973865,1,True,False,False,0.0,reconciled-geodesic-20260929-v1,radio-53de4b3c03575a56
187548988405679,32.84981167923135,13.161630608633835,1,False,True,False,0.0,reconciled-geodesic-20260929-v1,radio-d406fd55482d3dd2
187646831292325,32.43070072649451,14.646000488868896,1,True,False,False,0.0,reconciled-geodesic-20260929-v1,radio-ba29a5f641fc1576
187664747775634,32.23740052966468,20.183900609311188,1,False,True,False,0.0,reconciled-geodesic-20260929-v1,radio-396230f0efc9a2c8
188196500339522,32.781100653734875,12.943100735996758,1,True,False,False,0.0,reconciled-geodesic-20260929-v1,radio-b8e2020b1c1b39e5
188252703694162,32.024600395734986,15.044100889955436,1,False,True,False,0.0,reconciled-geodesic-20260929-v1,radio-d1e0a61e381cea57
188267124198428,32.786200483262334,13.582200588044273,1,False,True,False,0.0,reconciled-geodesic-20260929-v1,radio-ab5904fe40c41318
188429269065015,32.4670008809757,14.485700783869385,1,False,True,False,0.0,reconciled-geodesic-20260929-v1,radio-ecee2a3580fb34da
188598468652144,32.40610071327677,13.54290035428286,1,False,True,False,0.0,reconciled-geodesic-20260929-v1,radio-870526b2a51cab85
188736846120302,32.44720081961527,13.370500808970258,1,True,False,False,0.0,reconciled-geodesic-20260929-v1,radio-dcc58438f8ad630b
188969941184843,32.30370044014607,15.101600524825116,1,True,False,False,0.0,reconciled-geodesic-20260929-v1,radio-4719afa2d2cf5e7a
189184493243318,32.69370072281645,13.84840071138484,1,False,True,False,0.0,reconciled-geodesic-20260929-v1,radio-ea01b0b5ffb9f541
189309240733508,32.46180026855295,14.530600660904229,1,True,False,False,0.0,reconciled-geodesic-20260929-v1,radio-d4206ffd2cea6cce
189538197614712,32.6853809,13.1760285,1,False,True,False,0.0,reconciled-geodesic-20260929-v1,radio-e0033f8a6448e8b3
189545778672086,32.71850060746472,12.728600800740233,1,False,True,False,0.0,reconciled-geodesic-20260929-v1,radio-4c647cf6ae80c34f
189618002383950,32.667600353922964,13.948600692439445,1,False,True,False,0.0,reconciled-geodesic-20260929-v1,radio-0b124c5bac39782d
189932912391507,32.87780018157206,13.217400580754779,1,False,True,False,0.0,reconciled-geodesic-20260929-v1,radio-5b9ed391355b1224
189969307772196,32.84210066092976,21.888100166823193,1,False,True,False,0.0,reconciled-geodesic-20260929-v1,radio-ac951d028931e6e8
190073253080931,32.77430060104452,13.314800158098732,1,False,True,False,0.0,reconciled-geodesic-20260929-v1,radio-53067c98cae4e645
190112468759085,32.82670050650415,13.129400320469584,1,True,False,False,0.0,reconciled-geodesic-20260929-v1,radio-176014c593ced1fa
190189083220815,32.05080089349677,20.1363008319364,1,True,False,False,0.0,reconciled-geodesic-20260929-v1,radio-91b11eee5bbb8dad
190423734895440,32.69900080349311,14.060400424944051,1,True,False,False,0.0,reconciled-geodesic-20260929-v1,radio-c658b7927c85fc2b
190432311727326,24.199200179748804,23.29890085372798,1,False,True,False,0.0,reconciled-geodesic-20260929-v1,radio-026aa81c5c4f16e9
190445340283246,32.47890025566131,14.57680038158652,1,True,False,False,0.0,reconciled-geodesic-20260929-v1,radio-6ca67e2433c8b2c1
190533535483042,32.0295575730342,20.121874707810253,1,False,True,False,0.0,reconciled-geodesic-20260929-v1,radio-90977a8c0a483613
190577262044005,32.56320029741097,14.067500541989418,1,True,False,False,0.0,reconciled-geodesic-20260929-v1,radio-5b60e285f4cf9786
190737878026388,32.10440528392799,20.086838185787165,1,False,True,False,0.0,reconciled-geodesic-20260929-v1,radio-d57755b8c578c018
190862083898217,32.07413408973,20.116600275039676,1,False,True,False,0.0,reconciled-geodesic-20260929-v1,radio-cf24f558d6d6eca0
191073453426276,32.790100561101575,13.079500400076055,1,True,False,False,0.0,reconciled-geodesic-20260929-v1,radio-caf6e5ae54202189
191161701083646,32.87430054939999,13.332600285848287,1,False,True,False,0.0,reconciled-geodesic-20260929-v1,radio-f55c1a5ae7c35a22
191161959758674,32.43860083699865,13.6684009616439,1,False,True,False,0.0,reconciled-geodesic-20260929-v1,radio-0eb7c6c984e7f722
191638588775215,32.125099182128906,20.137523651123047,1,False,True,False,0.0,reconciled-geodesic-20260929-v1,radio-a5188ecf7eb6578b
191687821420157,32.6925004154322,13.240000720867016,1,True,False,False,0.0,reconciled-geodesic-20260929-v1,radio-1f28c7acd8e72df6
191890030519666,32.79030091335579,13.09340016149925,2,True,False,False,11.119604026406913,reconciled-geodesic-20260929-v1,radio-501bb73257c6bf8b
191911943130952,32.8730001260619,13.408200614594804,1,False,True,False,0.0,reconciled-geodesic-20260929-v1,radio-d2499253c9fffe52
192251167279852,32.48780091763849,20.83740040845797,1,False,True,False,0.0,reconciled-geodesic-20260929-v1,radio-dac67f6b9c118b9d
192335820067481,27.042700527928325,14.425300886674052,1,False,True,False,0.0,reconciled-geodesic-20260929-v1,radio-419db4a5d3c196e1
192435604932318,32.62660069225234,13.398200744112243,1,True,False,False,0.0,reconciled-geodesic-20260929-v1,radio-646308aca90a128b
192539154797627,32.70860028378771,13.62280091969927,1,True,False,False,0.0,reconciled-geodesic-20260929-v1,radio-efdf4fbd16d7aa3d
192836993994563,32.07303476883325,20.082271127030253,1,True,False,False,0.0,reconciled-geodesic-20260929-v1,radio-56986a13c6917106
192871960508272,31.783800593126188,11.8912006499109,1,True,False,False,0.0,reconciled-geodesic-20260929-v1,radio-bf4645ae0a00de78
193324227285999,32.49343734741211,20.83715065002441,1,False,True,False,0.0,reconciled-geodesic-20260929-v1,radio-f9d327ff36a12acf
193331404137530,32.09920070160181,12.986000418427057,1,True,False,False,0.0,reconciled-geodesic-20260929-v1,radio-db52c83d93562402
193358793451899,32.800700339624726,13.14050056444408,1,True,False,False,0.0,reconciled-geodesic-20260929-v1,radio-2ee8593c05c6355b
193427747171408,32.77315139770508,21.788501739501957,1,False,True,False,0.0,reconciled-geodesic-20260929-v1,radio-102747d9795c9523
193603599883336,32.636000704011835,14.249300411893703,1,True,False,False,0.0,reconciled-geodesic-20260929-v1,radio-5de1ba84734fa392
193703793511854,32.61810022694621,14.01030021309918,1,True,False,False,0.0,reconciled-geodesic-20260929-v1,radio-ec94ed2819bff388
193851153876202,32.150700573716165,20.110500718848343,1,True,False,False,0.0,reconciled-geodesic-20260929-v1,radio-59b53b8d81f13f46
194095607407979,32.80050021068584,13.571000405431871,1,False,True,False,0.0,reconciled-geodesic-20260929-v1,radio-aacdad782cf8851d
194110241769390,32.86950075688129,13.117800453492075,1,True,False,False,0.0,reconciled-geodesic-20260929-v1,radio-fa8f8ec49802436a
194169329444186,32.701500722242585,14.019000192806587,1,False,True,False,0.0,reconciled-geodesic-20260929-v1,radio-8ef928cde52fb406
194264480992907,32.55290075091062,13.183500484378241,1,True,False,False,0.0,reconciled-geodesic-20260929-v1,radio-af993146f82822b2
194430121271904,32.492700352242785,20.847400608106213,1,False,True,False,0.0,reconciled-geodesic-20260929-v1,radio-19248752058cade6
194466845452236,32.606700877363664,14.303600687665178,1,False,True,False,0.0,reconciled-geodesic-20260929-v1,radio-9a3017157cbdd480
194554941196305,32.80530049656999,13.489200717478381,1,True,False,False,0.0,reconciled-geodesic-20260929-v1,radio-26b5bf3dbfeb665c
195275866114026,32.0712797,20.0480422,1,True,False,False,0.0,reconciled-geodesic-20260929-v1,radio-66e3a8accb5aadb2
195308259787052,24.197600962412864,23.28990047104925,1,False,True,False,0.0,reconciled-geodesic-20260929-v1,radio-5658eb45751fe878
195389850785318,27.532100947454797,14.25510053137386,5,True,True,False,31.6240035434278,reconciled-geodesic-20260929-v1,radio-bcefacf6c575c8f0
195612930686680,32.760000667043585,12.601100944265017,1,False,True,False,0.0,reconciled-geodesic-20260929-v1,radio-4ab9c44779e07e9f
195619847355667,32.34320057109909,15.098600658299707,1,False,True,False,0.0,reconciled-geodesic-20260929-v1,radio-ca0515d736b33580
195719157205936,32.88910016556042,13.228100503200453,2,True,False,False,28.98775566719759,reconciled-geodesic-20260929-v1,radio-b1d1ad6dc5e9923e
196170731340934,32.77290040111147,13.275900812872274,1,True,False,False,0.0,reconciled-geodesic-20260929-v1,radio-13113ef0b9ca16a7
196347914880416,32.058500321957595,20.0679008562052,1,True,False,False,0.0,reconciled-geodesic-20260929-v1,radio-4b1c5001e73cb5ff
196691768609737,32.69970089284262,12.840200566998105,1,True,False,False,0.0,reconciled-geodesic-20260929-v1,radio-88c79923128fe6b0
196973659141829,31.78220086729374,11.481900985222259,1,True,False,False,0.0,reconciled-geodesic-20260929-v1,radio-f410e08d15e17c42
196983710597822,32.7463493347168,12.790536880493164,1,False,True,False,0.0,reconciled-geodesic-20260929-v1,radio-1d2dc87e7855002f
197093485336314,32.76610071462459,13.450300827966878,1,False,True,False,0.0,reconciled-geodesic-20260929-v1,radio-65a1bc21c139311c
197221922514448,32.81620074534809,13.239200695350474,1,True,False,False,0.0,reconciled-geodesic-20260929-v1,radio-54564c0700bc7be6
197264795417673,32.087900654467866,20.129900566370225,1,True,False,False,0.0,reconciled-geodesic-20260929-v1,radio-8f2b8b718bcf16be
197266508084196,32.14316940307617,20.12248039245605,1,False,True,False,0.0,reconciled-geodesic-20260929-v1,radio-b75462c3e17d9f3e
197420474588322,31.37560039570961,15.616100643530247,1,False,True,False,0.0,reconciled-geodesic-20260929-v1,radio-7a2502f9d4efd02b
197500195682349,32.81340044756584,13.02780018479845,1,True,False,False,0.0,reconciled-geodesic-20260929-v1,radio-05d96095ba69da46
197645515575896,32.10390064251325,20.095900431270994,2,False,True,False,6.884084625895715,reconciled-geodesic-20260929-v1,radio-1e74bf17a58c5653
197689290876010,32.74990077839197,13.492400976956155,1,False,True,False,0.0,reconciled-geodesic-20260929-v1,radio-c734ab23777bad45
197815090123704,32.34410092683318,15.099200818081028,1,True,False,False,0.0,reconciled-geodesic-20260929-v1,radio-207320423ee93454
197850411910269,32.654200220485826,13.553100325131926,1,True,False,False,0.0,reconciled-geodesic-20260929-v1,radio-90dbf407d12fb155
197938167646291,32.85793213617234,13.09038920629592,1,False,True,False,0.0,reconciled-geodesic-20260929-v1,radio-9549efc96cfe42ce
198305191687110,32.70870075383642,13.145400837697316,1,True,False,False,0.0,reconciled-geodesic-20260929-v1,radio-793f164c641f8643
198384796582638,32.808200551533886,12.939000401629528,3,True,True,False,11.099839921092656,reconciled-geodesic-20260929-v1,radio-37c702442af69b8a
198390754343883,32.77500055409725,12.778600603811874,1,True,False,False,0.0,reconciled-geodesic-20260929-v1,radio-61a351041b6f5728
199224015402801,32.85300059274298,13.44770052775326,1,True,False,False,0.0,reconciled-geodesic-20260929-v1,radio-73594b62b3f764fc
199273156158896,32.07520070158624,12.232900686975562,1,False,True,False,0.0,reconciled-geodesic-20260929-v1,radio-96ae0c72b90c2953
199342788122899,32.69600077466731,13.713800825105002,1,False,True,False,0.0,reconciled-geodesic-20260929-v1,radio-bd87ff656e04e984
199501864301828,32.830299377441406,13.254986763000488,1,False,True,False,0.0,reconciled-geodesic-20260929-v1,radio-6affde5121a6097d
200004437528423,32.09922409057617,20.1473445892334,1,False,True,False,0.0,reconciled-geodesic-20260929-v1,radio-bf02c271de257ae7
200047097952527,32.88250080363187,13.20070048439154,2,True,True,False,43.505812505101225,reconciled-geodesic-20260929-v1,radio-5163e9aa5eaa6cad
200081674118365,32.765500593064516,21.764600811677372,1,False,True,False,0.0,reconciled-geodesic-20260929-v1,radio-2299b5ab95184dc9
200200136874721,32.877700755988116,13.247500425968859,1,False,True,False,0.0,reconciled-geodesic-20260929-v1,radio-7baf6c1f5b1132d6
200288387381513,32.0964477,20.1116072,1,False,True,False,0.0,reconciled-geodesic-20260929-v1,radio-93388bbc1e84e613
200302382993553,32.539200420175725,23.013900718458167,1,False,True,False,0.0,reconciled-geodesic-20260929-v1,radio-8a388fbabece9b80
200363681632286,32.352600507842155,15.074200178577131,1,False,True,False,0.0,reconciled-geodesic-20260929-v1,radio-36e56fcaf918cc7d
200468450872959,32.88760069458593,13.1801008256244,1,True,False,False,0.0,reconciled-geodesic-20260929-v1,radio-9b7ff13455aac176
200583299298654,32.75690055134768,12.731000744028835,1,True,False,False,0.0,reconciled-geodesic-20260929-v1,radio-ad5a9b951d0097e0
200785524954953,32.675600974998204,13.494100187167522,1,False,True,False,0.0,reconciled-geodesic-20260929-v1,radio-0d4387285b181471
200802259438018,32.7244002936877,13.232500243419446,1,True,False,False,0.0,reconciled-geodesic-20260929-v1,radio-37b1254610f4d121
200812896712267,32.86970046340495,13.271700878182557,1,True,False,False,0.0,reconciled-geodesic-20260929-v1,radio-ebf64d6830b94945
200841854883044,32.88920083037132,13.347000212970649,1,True,False,False,0.0,reconciled-geodesic-20260929-v1,radio-7ba9076f7bf8d566
200874801939212,32.57530085781321,13.944500317430814,1,False,True,False,0.0,reconciled-geodesic-20260929-v1,radio-df2a78c67d828138
201018446938033,32.1391002277979,20.119100922797543,1,True,False,False,0.0,reconciled-geodesic-20260929-v1,radio-d75f072c4bcc74ee
201233082006913,32.7107007298853,13.194800423608584,1,False,True,False,0.0,reconciled-geodesic-20260929-v1,radio-9442788b45c1c2c7
201434426775833,31.181700652262183,16.57000035846548,1,True,False,False,0.0,reconciled-geodesic-20260929-v1,radio-5fb4b7d09b0904a3
201449455780171,32.83680053246835,13.114200737744286,1,False,True,False,0.0,reconciled-geodesic-20260929-v1,radio-1fc853db7fe9038f
201530719269148,32.77030097468874,13.13380071020101,1,False,True,False,0.0,reconciled-geodesic-20260929-v1,radio-902a2d272390a45d
201613358031149,32.0652026,20.0642957,1,False,True,False,0.0,reconciled-geodesic-20260929-v1,radio-eba2d012cb942dd8
201652486853170,32.574600356582586,14.047900794025198,1,False,True,False,0.0,reconciled-geodesic-20260929-v1,radio-9a891efb5b288dec
201694157343801,32.63230049918788,14.259400350169377,1,True,False,False,0.0,reconciled-geodesic-20260929-v1,radio-bc7edbe3a949194d
201704369470477,32.66620055869822,14.244500931679386,1,True,False,False,0.0,reconciled-geodesic-20260929-v1,radio-8daeb8ceedff8e25
201712602616205,32.5025004442665,13.41130050821436,1,False,True,False,0.0,reconciled-geodesic-20260929-v1,radio-cd8b5054e6e5a38c
201766983017025,32.88150076264949,13.361600599973865,1,False,True,False,0.0,reconciled-geodesic-20260929-v1,radio-e12c525215c737b1
201833920156314,32.86770065686345,13.188400574118164,1,False,True,False,0.0,reconciled-geodesic-20260929-v1,radio-532fe7d8e52b9dfc
201857701604497,32.129300869315465,15.073000982668944,1,False,True,False,0.0,reconciled-geodesic-20260929-v1,radio-5f8c921ecf0560e7
201896600253711,32.13860043645128,13.005300193895325,1,True,False,False,0.0,reconciled-geodesic-20260929-v1,radio-4bd36fb84ee18a75
201913348051454,32.78790052858438,21.86670046132629,1,True,False,False,0.0,reconciled-geodesic-20260929-v1,radio-157ab865d61cb1a7
201949305663797,32.756400453676726,12.910600306267526,1,False,True,False,0.0,reconciled-geodesic-20260929-v1,radio-fb41383f0f453ba5
202211721341625,32.04790064303199,20.133800635064127,2,True,False,False,18.92781792923251,reconciled-geodesic-20260929-v1,radio-95d49f05cf7bb568
202223892073377,32.82800011359535,13.223600396739826,1,True,False,False,0.0,reconciled-geodesic-20260929-v1,radio-c2810c4cb3e2b33a
202411329523165,32.89103880314902,13.328818681983744,1,False,True,False,0.0,reconciled-geodesic-20260929-v1,radio-24492e79c3d94a6c
202606570476029,32.83860028025574,13.122100848044537,1,False,True,False,0.0,reconciled-geodesic-20260929-v1,radio-c19ef6be0f048a39
202966907106752,32.364800542242165,12.683600122379477,1,False,True,False,0.0,reconciled-geodesic-20260929-v1,radio-69bdec34f34fd89d
203163336891112,32.75820054371203,21.755800939517442,1,True,False,False,0.0,reconciled-geodesic-20260929-v1,radio-a81a71ae95fcfce0
203361501189464,32.56370057251627,14.372900544868582,1,False,True,False,0.0,reconciled-geodesic-20260929-v1,radio-41832a5787015313
203515936132670,32.76720075228631,21.74000054149133,1,False,True,False,0.0,reconciled-geodesic-20260929-v1,radio-e04f74f8553b85e4
203600779580639,32.875400405463374,13.329100805204087,1,True,False,False,0.0,reconciled-geodesic-20260929-v1,radio-f9d338f9436c5dbb
203696794230005,32.785500945597285,13.506300723557422,1,True,False,False,0.0,reconciled-geodesic-20260929-v1,radio-51095df7a090e4f5
203901394107395,32.754900482456186,21.761800798074788,1,True,False,False,0.0,reconciled-geodesic-20260929-v1,radio-d203dae0446e28be
203911451413532,32.1191963,20.1000378,4,False,True,False,48.4586376544429,reconciled-geodesic-20260929-v1,radio-18576e2cd4b4530e
204018982122132,32.09780030936747,20.20110013462928,2,True,False,False,18.911283816712555,reconciled-geodesic-20260929-v1,radio-14fbb3e63f4378e3
204343797984016,32.76930083330618,21.787700647240516,1,True,False,False,0.0,reconciled-geodesic-20260929-v1,radio-7703b8db59ecd235
204413975873016,32.64940027465868,14.257400586189789,2,True,True,False,24.058696670982048,reconciled-geodesic-20260929-v1,radio-1f66bd6f63bd9f16
204509852126617,32.060200760337565,20.057600855613185,1,False,True,False,0.0,reconciled-geodesic-20260929-v1,radio-42dd2ebb324832cc
204553227388730,32.69520011971431,13.453100908580499,1,True,False,False,0.0,reconciled-geodesic-20260929-v1,radio-e602cb0f70a67b69
204865027481464,32.85280023796366,13.084800814122353,1,True,False,False,0.0,reconciled-geodesic-20260929-v1,radio-906a634ef35c2f35
204881737599253,32.13790740966797,20.12495475769043,1,False,True,False,0.0,reconciled-geodesic-20260929-v1,radio-b3d03eb45abe279e
205045215749848,32.681800423779436,13.144000470946677,1,False,True,False,0.0,reconciled-geodesic-20260929-v1,radio-36e2cbf63787e22e
205199651611803,31.733800652559555,13.982300264761944,1,True,False,False,0.0,reconciled-geodesic-20260929-v1,radio-9490de7f994cc572
205210465917391,31.199200545234046,16.605000870050823,1,False,True,False,0.0,reconciled-geodesic-20260929-v1,radio-654918d16a0260ba
205246222653546,32.1231344,20.094544,3,False,True,False,0.0,reconciled-geodesic-20260929-v1,radio-3ab5afd0f3bbfc23
205473676659696,32.1059503,20.0723229,2,False,True,False,0.0,reconciled-geodesic-20260929-v1,radio-22c074dfd2804bc0
205524457094520,32.66300069891061,13.223500128790867,1,False,True,False,0.0,reconciled-geodesic-20260929-v1,radio-249bfa0c56715520
205554035896212,32.70950033380336,13.984100418941644,1,True,False,False,0.0,reconciled-geodesic-20260929-v1,radio-a65a5d9c3a121725
205584053928483,32.064119815826416,20.13312405347824,1,False,True,False,0.0,reconciled-geodesic-20260929-v1,radio-51389219de5c6065
205665052465507,32.1115472,20.1103975,2,True,False,False,5.223711461140855,reconciled-geodesic-20260929-v1,radio-90cc223c812ac502
205806150431800,32.78710049591805,13.147100380097163,1,True,False,False,0.0,reconciled-geodesic-20260929-v1,radio-f4991ada7442b97e
205847863664269,32.7401002841975,13.707900281878322,1,True,False,False,0.0,reconciled-geodesic-20260929-v1,radio-db01358625c93b25
205904701745774,32.10150078531206,20.171900511702308,1,True,False,False,0.0,reconciled-geodesic-20260929-v1,radio-1cf30a4fe259ce10
205962204388130,32.82900064222043,13.015200359012164,1,False,True,False,0.0,reconciled-geodesic-20260929-v1,radio-6eeb1c78623c0e0b
205985436556928,32.887100203343905,13.368000926264045,1,False,True,False,0.0,reconciled-geodesic-20260929-v1,radio-31d9881afd3c331a
206079055821072,32.8782551717465,13.153448330956389,1,False,True,False,0.0,reconciled-geodesic-20260929-v1,radio-5b4aa466768fa3b5
206083404803249,32.7650004557503,13.49580074863693,1,False,True,False,0.0,reconciled-geodesic-20260929-v1,radio-3ea1512c93aac252
206155279874395,32.10660034635101,20.09910090869896,1,True,False,False,0.0,reconciled-geodesic-20260929-v1,radio-e0dce01e3585dab4
206201883743170,32.784800783663876,13.104800477881733,1,True,False,False,0.0,reconciled-geodesic-20260929-v1,radio-6a2d6693268f7e3c
206255826818494,32.764800721219956,13.448100742332137,1,True,False,False,0.0,reconciled-geodesic-20260929-v1,radio-51b28d109739abd5
206317183093060,32.7532005112615,13.493100125233925,1,True,False,False,0.0,reconciled-geodesic-20260929-v1,radio-2945fdfd3f53b1fa
206318404626701,32.75890056456365,12.633000934194804,1,False,True,False,0.0,reconciled-geodesic-20260929-v1,radio-8bf70efa6c583f4a
206445890909744,32.10160011876382,12.321500922044605,1,True,False,False,0.0,reconciled-geodesic-20260929-v1,radio-8969e2c67c5a2677
206601011234325,32.44500091408681,13.768500326364222,1,False,True,False,0.0,reconciled-geodesic-20260929-v1,radio-b6fcd500ebc53c10
206662265417512,32.39330070764809,14.927700392844944,1,True,False,False,0.0,reconciled-geodesic-20260929-v1,radio-6d8d0cc6922e7301
207064729608297,32.1511844,20.1132598,3,False,True,False,4.267838626382769,reconciled-geodesic-20260929-v1,radio-875a562f9d7587c2
207117539567138,32.49430023257657,20.82610057876685,1,False,True,False,0.0,reconciled-geodesic-20260929-v1,radio-7ba7bdeb512a084c
207146697628502,32.81610069458613,13.02450072613857,1,False,True,False,0.0,reconciled-geodesic-20260929-v1,radio-2abedfcec8e918cc
207149022541002,32.093800485391185,20.14170018677184,1,True,False,False,0.0,reconciled-geodesic-20260929-v1,radio-fa4cd38186ee8af9
207253679966039,32.72720012858706,21.777900581246744,1,False,True,False,0.0,reconciled-geodesic-20260929-v1,radio-c9db6c4d50bb9a20
207260487287209,32.768600183825534,13.579700957688832,1,True,False,False,0.0,reconciled-geodesic-20260929-v1,radio-76226829b026a7c1
207661519698436,32.85197448730469,13.236357688903809,2,True,True,False,49.57914459915266,reconciled-geodesic-20260929-v1,radio-0ee7ebb012e19d15
207782502379010,31.17130092956884,16.541700955903263,1,False,True,False,0.0,reconciled-geodesic-20260929-v1,radio-59d0b351ba3d681e
207969133362711,32.78760046002689,13.473300368652746,1,False,True,False,0.0,reconciled-geodesic-20260929-v1,radio-ad93b568843d80b4
208037196478660,32.697600694537435,13.559600609325079,1,False,True,False,0.0,reconciled-geodesic-20260929-v1,radio-82b3625237dc6679
208156249638499,32.87490075892073,13.273900362917995,1,True,False,False,0.0,reconciled-geodesic-20260929-v1,radio-20ade61786d71a48
208253185176379,32.82000041237344,12.97150094053365,1,False,True,False,0.0,reconciled-geodesic-20260929-v1,radio-25e9cefd35dc0b20
208358450319741,32.51080017911772,13.416100179023115,1,False,True,False,0.0,reconciled-geodesic-20260929-v1,radio-e8ec1d68054de59e
208379597559475,32.13060066519299,20.076100234391713,1,True,False,False,0.0,reconciled-geodesic-20260929-v1,radio-255b9eaf5d3061d9
208414393613957,32.03060085974751,20.07280091681931,1,False,True,False,0.0,reconciled-geodesic-20260929-v1,radio-dc1c5f09df1c956d
208660699850738,32.14675886734672,20.12072496828825,1,False,True,False,0.0,reconciled-geodesic-20260929-v1,radio-c0bae97bdb46d31d
208818762017827,32.43610036998014,13.651100464605786,1,False,True,False,0.0,reconciled-geodesic-20260929-v1,radio-80fc6f5079795801
208854618134866,32.50050035416047,14.465800502698514,1,True,False,False,0.0,reconciled-geodesic-20260929-v1,radio-7a718b43ecc53cb0
208992694989400,32.1178007937663,20.114000204370615,1,True,False,False,0.0,reconciled-geodesic-20260929-v1,radio-ee2254238974da24
209030029870865,32.5850008785959,13.290700435294758,1,True,False,False,0.0,reconciled-geodesic-20260929-v1,radio-13dcbbb1ecca1ce9
209115180318060,32.102719979208025,20.115276524277984,1,False,True,False,0.0,reconciled-geodesic-20260929-v1,radio-ff621a2f560f8e02
209153649212837,32.843000167140346,13.090000303543858,1,True,False,False,0.0,reconciled-geodesic-20260929-v1,radio-6377260a21e3612d
209236360009186,32.64040058762712,13.169800741372542,1,False,True,False,0.0,reconciled-geodesic-20260929-v1,radio-c22d1762a0fea4ff
209430083208885,32.767300806751365,13.100400157027341,1,False,True,False,0.0,reconciled-geodesic-20260929-v1,radio-60c743d36d026861
209604220369339,30.94870072259067,20.187700118253446,1,True,False,False,0.0,reconciled-geodesic-20260929-v1,radio-31ed82fa66eef9fe
209614295020149,32.7384004534508,13.60740055527989,1,False,True,False,0.0,reconciled-geodesic-20260929-v1,radio-6eb6a9df16166d80
210094469450820,31.86090078191834,11.492300798565413,1,True,False,False,0.0,reconciled-geodesic-20260929-v1,radio-04cd08f322c08dbe
210358546795772,32.113700430880534,20.09700027669358,1,True,False,False,0.0,reconciled-geodesic-20260929-v1,radio-0c98cc13fed3a631
210555430203808,32.5235005122766,14.000500781537406,1,True,False,False,0.0,reconciled-geodesic-20260929-v1,radio-c064ba35493ebc47
210621347545232,32.63700075270224,14.1640006204323,1,True,False,False,0.0,reconciled-geodesic-20260929-v1,radio-45066c5ada3343ed
210774181535284,32.592800195764454,13.54420094610434,1,False,True,False,0.0,reconciled-geodesic-20260929-v1,radio-6fa4dc7d6dcf9f73
210864115764402,32.12340065179623,20.06120045261386,1,False,True,False,0.0,reconciled-geodesic-20260929-v1,radio-f368c00a52ed4bac
210888709402872,32.69350044917515,14.033700835896768,1,False,True,False,0.0,reconciled-geodesic-20260929-v1,radio-9db6f7ea62d203db
211158650059247,32.85980046188851,13.08650078161538,1,True,False,False,0.0,reconciled-geodesic-20260929-v1,radio-b5c2d73252f58c02
211197315309013,32.83250033993945,13.286400740300897,1,True,False,False,0.0,reconciled-geodesic-20260929-v1,radio-764771facc296aa1
211289388463206,32.65290088954058,14.258100244721517,1,True,False,False,0.0,reconciled-geodesic-20260929-v1,radio-3a12ac1ac713ed6f
211553780765444,31.924000519311434,12.282700774900356,1,False,True,False,0.0,reconciled-geodesic-20260929-v1,radio-5d7f2b0e471eb0ca
211657733414838,30.59910055557552,18.401400504540955,1,True,False,False,0.0,reconciled-geodesic-20260929-v1,radio-9e8be26d3039f7a6
211781988157525,32.132502,20.102193,3,False,True,False,0.7530523682350532,reconciled-geodesic-20260929-v1,radio-036e1cac0f597b81
211894507543968,32.631700642900256,14.219800289150792,1,True,False,False,0.0,reconciled-geodesic-20260929-v1,radio-fe9989d5a8f1606c
212131174335031,32.88510015342921,13.181600408670514,1,True,False,False,0.0,reconciled-geodesic-20260929-v1,radio-68ba17a3a99da6fb
212154659356326,27.048300310590406,14.425100538087246,1,False,True,False,0.0,reconciled-geodesic-20260929-v1,radio-68ebc52607a05703
212304107440090,32.895900524519185,13.262800110543246,2,True,True,False,14.462722421720402,reconciled-geodesic-20260929-v1,radio-0fdf533ce5f46fe8
212815694977548,31.948600424412284,12.298700135740953,1,True,False,False,0.0,reconciled-geodesic-20260929-v1,radio-42701127289d51af
212902116682186,32.10880060546048,12.911100986789942,1,False,True,False,0.0,reconciled-geodesic-20260929-v1,radio-dd91018872f46b48
213052635524309,32.0930793,20.0690513,1,False,True,False,0.0,reconciled-geodesic-20260929-v1,radio-75023ba12a33a440
213357765012422,32.2100194,20.1694755,2,False,True,False,3.166633530486227,reconciled-geodesic-20260929-v1,radio-0300e95e835f73dd
213390303848912,31.456100224702308,15.25410085998721,1,True,False,False,0.0,reconciled-geodesic-20260929-v1,radio-1309cec325b4cc7a
213400438113256,32.47500045663776,20.849700801563827,1,False,True,False,0.0,reconciled-geodesic-20260929-v1,radio-9f899cb2b8e56b2b
213672153593447,32.89363654884132,13.1876332308795,1,False,True,False,0.0,reconciled-geodesic-20260929-v1,radio-b71df1c8715722fe
213756015944812,32.50350039455866,14.509100504277828,1,False,True,False,0.0,reconciled-geodesic-20260929-v1,radio-bdafacaa6945f427
213775321708109,32.0490007007517,20.16130020721231,1,True,False,False,0.0,reconciled-geodesic-20260929-v1,radio-3465aa45ca4e95b0
213844978825456,27.09640014416279,14.410400210811613,1,False,True,False,0.0,reconciled-geodesic-20260929-v1,radio-cde45c7e1624cd24
213861331085724,32.72680070196669,12.730800275588987,1,True,False,False,0.0,reconciled-geodesic-20260929-v1,radio-a739f44cd089e06f
213866321807938,32.04160078780917,20.116100612594856,1,False,True,False,0.0,reconciled-geodesic-20260929-v1,radio-357f10b22958b525
214006247036164,32.49010070304847,20.84990016557259,1,False,True,False,0.0,reconciled-geodesic-20260929-v1,radio-62835dfe7db27a16
214082188976753,32.09792503150734,20.11988047006968,1,False,True,False,0.0,reconciled-geodesic-20260929-v1,radio-1c8a07616b41ae7b
214371826253539,27.0514004554976,14.413800149241764,1,False,True,False,0.0,reconciled-geodesic-20260929-v1,radio-12150f69593a21bc
214389454302029,32.70280089652966,13.823300807760504,1,False,True,False,0.0,reconciled-geodesic-20260929-v1,radio-9142e3e12359b6fd
214563617426536,32.880400690661695,13.188900666663706,1,False,True,False,0.0,reconciled-geodesic-20260929-v1,radio-489153f46ad89083
214700914902449,32.86300060702061,13.10530079589142,1,False,True,False,0.0,reconciled-geodesic-20260929-v1,radio-e9531f01606719d1
214739997231168,32.856200772021545,13.203200323753158,1,False,True,False,0.0,reconciled-geodesic-20260929-v1,radio-0148ef24847e8b48
214743057234069,32.43730031048757,13.631900988927445,1,True,False,False,0.0,reconciled-geodesic-20260929-v1,radio-74b818a3512c658e
214994759748962,32.2462803,20.1950185,1,True,False,False,0.0,reconciled-geodesic-20260929-v1,radio-63e384e030f9246b
215204503177907,32.1278044,20.0840998,2,True,False,False,0.4348126116541111,reconciled-geodesic-20260929-v1,radio-4e8de9b99d5df97d
215254666862784,32.78380053402844,13.071700360742176,1,True,False,False,0.0,reconciled-geodesic-20260929-v1,radio-237cd045519f4506
215701432320015,31.744800501379725,13.971100948296023,2,True,True,False,9.408810704879304,reconciled-geodesic-20260929-v1,radio-0aefba79664bbc30
215806533178199,31.656500684487415,20.01180066611836,1,False,True,False,0.0,reconciled-geodesic-20260929-v1,radio-210703ef655329a9
215825488922389,32.87360073962079,13.335700746950893,1,False,True,False,0.0,reconciled-geodesic-20260929-v1,radio-e205b985cb5fba1c
216074358598477,32.25990068769516,20.21070020486139,7,False,True,False,29.094544164830154,reconciled-geodesic-20260929-v1,radio-fd36ecfdc26c3941
216143700192919,32.73990056218772,13.71590088791222,1,False,True,False,0.0,reconciled-geodesic-20260929-v1,radio-72336f63ed5afe97
216254836321595,32.74100094264784,13.371700300498857,1,False,True,False,0.0,reconciled-geodesic-20260929-v1,radio-76063c89b62a87c8
216344491036700,32.086800561976716,20.111700178719964,1,True,False,False,0.0,reconciled-geodesic-20260929-v1,radio-9794ecbd27a5dce6
216380629293435,32.835600151590015,21.877200174819198,1,False,True,False,0.0,reconciled-geodesic-20260929-v1,radio-1e7a2faaf756abd1
216554651490109,32.1270384,20.1041963,2,True,False,False,4.241899387321497,reconciled-geodesic-20260929-v1,radio-578bc6c4a74ac5c4
216634249648587,32.75320025520158,12.734600860613762,1,False,True,False,0.0,reconciled-geodesic-20260929-v1,radio-f4c9186404f8b3aa
216683345630269,32.57880073050222,13.967000711916452,1,False,True,False,0.0,reconciled-geodesic-20260929-v1,radio-71dc21f1719d195b
216754046443084,32.81470011093687,13.012800509873992,1,True,False,False,0.0,reconciled-geodesic-20260929-v1,radio-ad60a0bbb3e34dab
216970140488669,32.32930098226701,15.108500839768734,1,True,False,False,0.0,reconciled-geodesic-20260929-v1,radio-c0dd9305fbb8da11
217119371720881,32.467500553886886,13.918700473008364,1,False,True,False,0.0,reconciled-geodesic-20260929-v1,radio-c9a63b388cd34ad6
217166002981791,32.12028884887695,20.10190963745117,1,False,True,False,0.0,reconciled-geodesic-20260929-v1,radio-b1db1a50c4bf77a6
217333871673756,30.786300138368848,20.22850095703108,1,True,False,False,0.0,reconciled-geodesic-20260929-v1,radio-72b65e902bb34bb2
217343219843260,32.07470040159827,20.09740041408097,1,False,True,False,0.0,reconciled-geodesic-20260929-v1,radio-ae58a493149d349f
217358635474204,32.78490023383229,13.077800492034926,1,True,False,False,0.0,reconciled-geodesic-20260929-v1,radio-d501fe46e12349d7
217479609701249,32.01330040741829,20.06880049711268,1,False,True,False,0.0,reconciled-geodesic-20260929-v1,radio-8b46385e1d6dc93b
217525117300008,32.02070018607912,20.162200638263545,1,True,False,True,0.0,reconciled-geodesic-20260929-v1,radio-3dd79ac285afd65f
217842294582846,32.07970085799781,12.251200870805421,1,True,False,False,0.0,reconciled-geodesic-20260929-v1,radio-f9d2eedf7a68105f
217924135900690,32.64880082119284,14.256500610959657,1,True,False,False,0.0,reconciled-geodesic-20260929-v1,radio-b6058b64cd0448a5
218036382813586,32.62490035992321,13.499400153943405,1,False,True,False,0.0,reconciled-geodesic-20260929-v1,radio-f2bc1c1512a6af46
218088187498035,32.690300520590796,13.194000926840419,1,True,False,False,0.0,reconciled-geodesic-20260929-v1,radio-f97686e747b5d665
218667369815235,32.0926385,20.1160389,2,False,True,False,0.0,reconciled-geodesic-20260929-v1,radio-26a4aaf83dfae063
218823597055187,32.50840035621107,14.418600392456696,1,True,False,False,0.0,reconciled-geodesic-20260929-v1,radio-2f957598b2ee0680
219036982366006,32.90040033320607,13.173400113359307,1,False,True,False,0.0,reconciled-geodesic-20260929-v1,radio-8405f6e0925a023d
219054150270576,32.686000787500994,13.86980057976427,2,True,True,False,0.046413221183254486,reconciled-geodesic-20260929-v1,radio-4a2b620dbf98681d
219060822067524,32.581900475408034,14.036700375188337,1,True,False,False,0.0,reconciled-geodesic-20260929-v1,radio-d201b383510153e2
219119593531768,32.89650018933953,13.23480097453283,1,True,False,False,0.0,reconciled-geodesic-20260929-v1,radio-12fb612d4f602642
219341048180100,32.071500170087766,12.93810011818353,1,True,False,False,0.0,reconciled-geodesic-20260929-v1,radio-f4d9c3c9953b2d4e
219352382601588,32.523000847499404,14.217900675516676,1,True,False,False,0.0,reconciled-geodesic-20260929-v1,radio-4438901daf27e185
219482426169887,32.83030065960826,12.992900800870576,1,False,True,False,0.0,reconciled-geodesic-20260929-v1,radio-598acc26619e92e4
219714761016276,32.65150091366877,14.259600695552724,1,False,True,False,0.0,reconciled-geodesic-20260929-v1,radio-77c7f90ec67cb8b6
219740407528825,32.88560025633025,13.168000896118176,1,True,False,False,0.0,reconciled-geodesic-20260929-v1,radio-385644930ffa847d
219756955379057,32.79290062698357,13.181600702231243,1,False,True,False,0.0,reconciled-geodesic-20260929-v1,radio-af1bc86427d09a7d
219765942113259,32.57210072316628,14.094800129915257,1,False,True,False,0.0,reconciled-geodesic-20260929-v1,radio-6cdc6bfd97f1989c
219865274098132,32.12324662369948,20.09368129538903,1,False,True,False,0.0,reconciled-geodesic-20260929-v1,radio-01c5a79598cf9f95
220111805216315,26.133900504690093,14.736400405958985,1,True,False,False,0.0,reconciled-geodesic-20260929-v1,radio-78f5bc08e139ec2a
220360410948710,32.84320026389082,13.055900739799373,1,False,True,False,0.0,reconciled-geodesic-20260929-v1,radio-db880855df658752
220535338128876,32.56190086343542,14.027800494719582,1,True,False,False,0.0,reconciled-geodesic-20260929-v1,radio-c8b037197e7ea404
220554225019927,32.700300563019105,13.37500091875567,1,True,False,False,0.0,reconciled-geodesic-20260929-v1,radio-1f67ec6e7734dc24
220580874503379,32.73270055578993,13.330600286271652,1,True,False,False,0.0,reconciled-geodesic-20260929-v1,radio-00fc5ccf9d438f4d
220719349713217,32.850400676047485,13.117300462635733,1,True,False,False,0.0,reconciled-geodesic-20260929-v1,radio-24906d7dabe70e66
220764784759893,32.63830059518358,20.941400972368708,2,True,True,False,18.69431006303289,reconciled-geodesic-20260929-v1,radio-5c5e56c97f5de0f6
220995330286338,32.87350035639363,13.144800936330927,1,True,False,False,0.0,reconciled-geodesic-20260929-v1,radio-ec25030eba9d45b2
221067804256353,27.54140094622533,13.63290031445143,1,True,False,False,0.0,reconciled-geodesic-20260929-v1,radio-bea696af119b8fe8
221137231462206,32.072654692331874,20.06258196830752,1,False,True,False,0.0,reconciled-geodesic-20260929-v1,radio-c7a3a9db5c4bf519
221173631993688,32.4596009045459,14.491500910707597,1,False,True,False,0.0,reconciled-geodesic-20260929-v1,radio-313b7c1cc45baa41
221637892030746,32.42980030840037,14.713000339069849,1,False,True,False,0.0,reconciled-geodesic-20260929-v1,radio-a9b3304b75e4747e
221798290434725,32.63880069971175,14.27900019636856,1,True,False,False,0.0,reconciled-geodesic-20260929-v1,radio-b0a0d00036c9d4bb
221798455403144,32.77194595336914,21.78623580932617,1,False,True,False,0.0,reconciled-geodesic-20260929-v1,radio-403a4bf84593d6e1
221920357218375,31.74910054100582,14.02310033777844,1,True,False,False,0.0,reconciled-geodesic-20260929-v1,radio-53b3eee2a21282a2
221989527364059,32.77200093638582,12.76870062493647,1,True,False,False,0.0,reconciled-geodesic-20260929-v1,radio-11999b7e6ec5f7ca
222051387178474,32.81200086743839,13.06220096240891,1,True,False,False,0.0,reconciled-geodesic-20260929-v1,radio-279384fe8fd8ec6f
222166199135063,31.653900224469893,20.00870097929336,1,True,False,False,0.0,reconciled-geodesic-20260929-v1,radio-9b7c9e2f1f0f6182
222229117358215,31.961900394988564,12.019500972437351,1,False,True,False,0.0,reconciled-geodesic-20260929-v1,radio-09075a7879e6e54f
222262391229060,32.81150074419307,13.548100844520716,1,True,False,False,0.0,reconciled-geodesic-20260929-v1,radio-fb1a68d94b65fc43
222269386330455,32.817900292562726,13.441200765807496,1,False,True,False,0.0,reconciled-geodesic-20260929-v1,radio-0ca9b1c211593141
222629419622938,32.373100426469854,14.610300922288546,3,True,True,False,21.89841939840214,reconciled-geodesic-20260929-v1,radio-acbb5d52e41656f3
222652172807250,32.637600779968366,14.273600259630182,1,True,False,False,0.0,reconciled-geodesic-20260929-v1,radio-89e21cf0705cbc54
222886158436662,32.1080044,20.0993783,3,False,True,False,0.0,reconciled-geodesic-20260929-v1,radio-0877972b42dc5f72
222899221857139,32.87470082337271,13.201300718217883,1,False,True,False,0.0,reconciled-geodesic-20260929-v1,radio-b109f54d0ca4e3e3
222951259508474,32.80910039120774,13.270000759007544,1,True,False,False,0.0,reconciled-geodesic-20260929-v1,radio-951448ed35e92ecb
222980979953254,32.56950086846663,13.455500782792708,1,False,True,False,0.0,reconciled-geodesic-20260929-v1,radio-2613d0125696b2eb
223121378911103,30.772000118029215,20.235500909057322,1,False,True,False,0.0,reconciled-geodesic-20260929-v1,radio-c64be7094b2c12ed
223170517563544,32.345064163208,15.0890197753905,1,False,True,False,0.0,reconciled-geodesic-20260929-v1,radio-ec9dc7ce9819add2
223226792338846,32.83400067279077,13.029700295734457,1,False,True,False,0.0,reconciled-geodesic-20260929-v1,radio-34417ae2cca27b3e
223347707783469,32.776100956269026,12.536300300372517,1,False,True,False,0.0,reconciled-geodesic-20260929-v1,radio-93aee3f965558e77
223544637291998,32.09420019056089,20.223400587957922,1,True,False,False,0.0,reconciled-geodesic-20260929-v1,radio-73db09beb26653f8
223611407487850,32.42200077143243,13.58550040354642,1,False,True,False,0.0,reconciled-geodesic-20260929-v1,radio-70659fd0caec3082
223624938426282,32.8564007715174,13.169100537446766,1,False,True,False,0.0,reconciled-geodesic-20260929-v1,radio-ba93cfdeed53805f
223684384664962,32.87700023064516,13.349100145503835,1,False,True,False,0.0,reconciled-geodesic-20260929-v1,radio-533893193d037fb3
223700581670050,32.66580035380641,13.418700702442644,1,True,False,False,0.0,reconciled-geodesic-20260929-v1,radio-eea41ab0f32a3b1f
223978504540186,32.874000804016376,13.193500159653881,1,False,True,False,0.0,reconciled-geodesic-20260929-v1,radio-d2a66c73b0fd7d19
224212953485505,32.580000570123126,14.034500594424216,1,True,False,False,0.0,reconciled-geodesic-20260929-v1,radio-eeaa59e4a41cb5e9
225162353904390,32.371600148116165,15.004700295580356,1,False,True,False,0.0,reconciled-geodesic-20260929-v1,radio-5a29785f7f0fad61
225379503270755,32.05940051756846,20.107000400754167,1,True,False,False,0.0,reconciled-geodesic-20260929-v1,radio-0a131aa379fa7d27
225537324706858,32.07954483032226,20.06122487386068,1,False,True,False,0.0,reconciled-geodesic-20260929-v1,radio-cf9a5c536e202e03
225720289846911,32.13990031921798,20.11860039210981,1,True,False,False,0.0,reconciled-geodesic-20260929-v1,radio-873f87a99895175f
225753436954599,32.77120087294439,13.096900551018813,1,False,True,False,0.0,reconciled-geodesic-20260929-v1,radio-2eb97e0c6b596ede
225824120401257,32.81350073362372,12.945800744181021,1,False,True,False,0.0,reconciled-geodesic-20260929-v1,radio-ed791c7035e69a98
225854350774611,32.110000668029855,20.100800556031174,1,False,True,False,0.0,reconciled-geodesic-20260929-v1,radio-0feeab3e67d8e95c
225895418558280,32.82280050120802,13.038300531376933,1,True,False,False,0.0,reconciled-geodesic-20260929-v1,radio-a697a5c1864b1955
225906668092247,32.82160054226055,13.033900436974049,1,False,True,False,0.0,reconciled-geodesic-20260929-v1,radio-f790b11f272b905f
225950773108532,32.1223913,20.1130294,3,False,True,False,2.868083720624602,reconciled-geodesic-20260929-v1,radio-1224cbf354bceb20
226057954998805,32.06190036351294,20.069100690981962,1,True,False,False,0.0,reconciled-geodesic-20260929-v1,radio-1d61ad2fac24016f
226167343608769,32.884600429676084,13.160800756134195,1,False,True,False,0.0,reconciled-geodesic-20260929-v1,radio-8d37c0aed1b37a16
226323609102271,32.78650091530589,12.690000391259249,1,True,False,False,0.0,reconciled-geodesic-20260929-v1,radio-d753f160011518fc
226380209454581,32.81391525268555,21.864315032958984,1,False,True,False,0.0,reconciled-geodesic-20260929-v1,radio-8256a135182eb06d
226411881580730,32.783100476876086,21.828900487836833,1,False,True,False,0.0,reconciled-geodesic-20260929-v1,radio-3a38cc107890bcca
226575926062013,32.01603317260742,20.12593460083008,1,False,True,False,0.0,reconciled-geodesic-20260929-v1,radio-c24770e5caff8a96
226719303836800,32.7499007412669,13.144400789074403,1,True,False,False,0.0,reconciled-geodesic-20260929-v1,radio-b7af10ec23f73915
226788770065477,32.0458889007565,20.058783531189,1,True,False,False,0.0,reconciled-geodesic-20260929-v1,radio-c7dab6bce50b6e29
226825157353238,32.640200914647316,13.581700288493986,1,True,False,False,0.0,reconciled-geodesic-20260929-v1,radio-7f470c0fbdd84c7e
227056345892975,32.82069778442383,13.295385360717772,1,False,True,False,0.0,reconciled-geodesic-20260929-v1,radio-f0a194925d108e10
227079046322942,32.40510037417439,13.547300964670738,1,True,False,False,0.0,reconciled-geodesic-20260929-v1,radio-039beba967c11b16
227115854690909,32.87231136012722,13.143050606186325,1,False,True,False,0.0,reconciled-geodesic-20260929-v1,radio-e437ab8234c2f896
227307931764220,31.74880016174666,14.02620038187297,1,False,True,False,0.0,reconciled-geodesic-20260929-v1,radio-c48bfa68161b63dc
227318045858259,32.85790057795022,13.210200566567464,1,True,False,False,0.0,reconciled-geodesic-20260929-v1,radio-c51112224cb94324
227485150706082,32.64490090816484,13.170300492151918,1,False,True,False,0.0,reconciled-geodesic-20260929-v1,radio-79a58042427638c1
227549540852193,30.78510065540623,20.223100776684706,1,True,False,False,0.0,reconciled-geodesic-20260929-v1,radio-2260241d1eca0e3d
227579797105782,32.1352948,20.1218355,1,True,False,False,0.0,reconciled-geodesic-20260929-v1,radio-4bc062fb82e16cb9
227786842916776,32.72020026593488,13.612800943373767,1,False,True,False,0.0,reconciled-geodesic-20260929-v1,radio-286fda3a3f34b71c
227895941556649,32.02125435,20.056132076470583,1,False,True,False,0.0,reconciled-geodesic-20260929-v1,radio-a86fdb88c3026e14
228017369724520,32.54880083178384,13.437800262429159,1,True,False,False,0.0,reconciled-geodesic-20260929-v1,radio-28427e9b041e22f8
228031977789743,32.10760815744745,20.12379771317629,1,False,True,False,0.0,reconciled-geodesic-20260929-v1,radio-a332448e028d3c7c
228241077320919,32.89421844482422,13.193333625793455,2,False,True,False,25.43236460386401,reconciled-geodesic-20260929-v1,radio-10d7e40fafb8a642
228273782256620,32.73690076356081,12.80510054193103,1,True,False,False,0.0,reconciled-geodesic-20260929-v1,radio-3827051d457a8aa4
228278644823156,32.8566006808315,13.205600800780555,1,False,True,False,0.0,reconciled-geodesic-20260929-v1,radio-83c279498b1be451
228389343182093,32.76140092980012,12.736900226673972,1,True,False,False,0.0,reconciled-geodesic-20260929-v1,radio-816bfbd78b2e6fd4
228430497214160,32.46180078929952,14.567900393964315,1,False,True,False,0.0,reconciled-geodesic-20260929-v1,radio-99487fa426c2498c
228582034902108,32.67780076992591,13.906300300538966,1,False,True,False,0.0,reconciled-geodesic-20260929-v1,radio-4b9338c2e77909ff
228769074482986,32.120051,20.0955961,1,False,True,False,0.0,reconciled-geodesic-20260929-v1,radio-4fdc34931091b3e2
228965320648185,32.074900329510335,20.11650065571206,1,False,True,False,0.0,reconciled-geodesic-20260929-v1,radio-c62e1846891deec1
229186623090879,32.62290017654634,13.389700182717096,1,False,True,False,0.0,reconciled-geodesic-20260929-v1,radio-a4dd0e2691bf5e16
229313480575348,32.802600349577204,13.231700686492193,1,True,False,False,0.0,reconciled-geodesic-20260929-v1,radio-5c133e10fa5e91bd
229331710982003,32.091988,20.0936334,2,False,True,False,0.0,reconciled-geodesic-20260929-v1,radio-d1cc91fd980d0180
229549506484678,32.08120090550524,20.11230059797348,2,True,False,False,0.062078892362872284,reconciled-geodesic-20260929-v1,radio-56e3e8f917611735
229669358410401,32.2033729,20.1574391,3,False,True,False,4.73746561362331,reconciled-geodesic-20260929-v1,radio-05a1d7e2a2592137
229685226355653,32.76610068611479,13.256400526751337,1,True,False,False,0.0,reconciled-geodesic-20260929-v1,radio-c1527d4326089548
229762673358959,32.90490047381525,13.224900705186267,1,True,False,False,0.0,reconciled-geodesic-20260929-v1,radio-484384498866f309
229792494329000,32.879400575955344,13.329400736880613,1,False,True,False,0.0,reconciled-geodesic-20260929-v1,radio-eed24f48b9258cb3
229909792296979,32.82340094716412,13.275100570972224,1,False,True,False,0.0,reconciled-geodesic-20260929-v1,radio-7bf0c27dcc3bb04e
230345581084118,32.15810086364024,20.116100346782225,1,False,True,False,0.0,reconciled-geodesic-20260929-v1,radio-16130db69fad9aac
230384075360123,32.86690043223114,13.41920035235887,1,False,True,False,0.0,reconciled-geodesic-20260929-v1,radio-274adf0fc57232de
230489732262821,32.875400567022936,13.178300519419087,1,True,False,False,0.0,reconciled-geodesic-20260929-v1,radio-6c5cbace70d6807f
230652278997965,32.80880021396357,13.303900877167816,2,True,True,False,9.424446242554856,reconciled-geodesic-20260929-v1,radio-a2b4baddc70b0b14
230672749812127,32.89370071450076,13.233800739903298,1,True,False,False,0.0,reconciled-geodesic-20260929-v1,radio-92315db5cef69bce
230680876120507,32.07966613769531,20.13702964782715,1,False,True,False,0.0,reconciled-geodesic-20260929-v1,radio-bab8e421433c240c
230684914140034,32.845800271704675,13.11720074824878,1,True,False,False,0.0,reconciled-geodesic-20260929-v1,radio-a371fd7d94fdf876
230853646156852,32.795800667233536,13.079300169398419,1,True,False,False,0.0,reconciled-geodesic-20260929-v1,radio-888ec5d2e905e756
230862917534329,32.10890056405712,20.10450059891184,2,True,False,False,0.02272750055267636,reconciled-geodesic-20260929-v1,radio-56df47495809f024
230904867837575,32.78890029852468,12.495200987763308,1,False,True,False,0.0,reconciled-geodesic-20260929-v1,radio-26a17fee47a3e8af
231018270542984,32.11150081993909,20.109700297203016,1,False,True,False,0.0,reconciled-geodesic-20260929-v1,radio-e35614855d4e92cc
231288294019672,32.45020019142263,14.56490088717653,1,True,False,False,0.0,reconciled-geodesic-20260929-v1,radio-f84bcf78c513472b
231436334206622,32.346515655518,15.0813331604,1,False,True,False,0.0,reconciled-geodesic-20260929-v1,radio-6ecc0e13ed9ca6b7
231575844952158,32.873100147198286,13.403000745348484,1,False,True,False,0.0,reconciled-geodesic-20260929-v1,radio-09e01925f0905bba
231595079712115,32.09070044672139,20.056100874665,1,True,False,False,0.0,reconciled-geodesic-20260929-v1,radio-ae7206078b9cd11c
231612812957393,30.760400152620583,20.222000263855463,1,True,False,False,0.0,reconciled-geodesic-20260929-v1,radio-928ddf4121b58d3c
231704952796325,32.747900947131185,12.758800746140526,1,True,False,False,0.0,reconciled-geodesic-20260929-v1,radio-79faa9adec81027a
231725183352361,32.25914764404297,20.207199096679688,1,False,True,True,0.0,reconciled-geodesic-20260929-v1,radio-f7145b5fd270359d
231761429422367,32.459200947657244,14.55530066047612,1,False,True,False,0.0,reconciled-geodesic-20260929-v1,radio-66e8fca7f69b743d
231783182359765,32.08570061979044,20.202800637606686,1,True,False,False,0.0,reconciled-geodesic-20260929-v1,radio-c57a426d9c0d68cc
231850955183575,32.59010084993191,14.35200097185423,1,True,False,False,0.0,reconciled-geodesic-20260929-v1,radio-82fcc5b804c1e4e2
231863137304023,31.780800875984674,11.889500787705549,1,False,True,False,0.0,reconciled-geodesic-20260929-v1,radio-87d241e5a74088af
232043105626726,32.317500827680405,15.114100979407416,1,True,False,False,0.0,reconciled-geodesic-20260929-v1,radio-cf88571a08cbfb98
232224428504381,32.77340071367084,13.089000832316138,1,False,True,False,0.0,reconciled-geodesic-20260929-v1,radio-8374c32bad6f906a
232323587246298,32.16900071976967,13.011800389976186,1,True,False,False,0.0,reconciled-geodesic-20260929-v1,radio-551dffbafb16cf94
232446986108545,31.777000801133866,11.349100229841735,1,True,False,False,0.0,reconciled-geodesic-20260929-v1,radio-dc35d1c6830ce569
232450647395004,31.940600388716334,20.169200683730512,1,True,False,False,0.0,reconciled-geodesic-20260929-v1,radio-869307fd44e6ce15
232588007074422,32.052800548877066,20.03960041766388,1,False,True,False,0.0,reconciled-geodesic-20260929-v1,radio-6f8b46ab709b2096
232590954577879,32.09560012620992,20.17630088501767,1,False,True,False,0.0,reconciled-geodesic-20260929-v1,radio-8802b1dcdba714ab
232601385554722,32.76540035870146,21.76120036041295,1,False,True,False,0.0,reconciled-geodesic-20260929-v1,radio-37c6c3a64b132689
232652308469549,32.89030040991555,13.250200464183418,1,True,False,False,0.0,reconciled-geodesic-20260929-v1,radio-93915e442d395bce
232705354873699,32.495700153585034,20.84330073684025,1,False,True,False,0.0,reconciled-geodesic-20260929-v1,radio-4c2873a3b736a2e3
232776809852956,32.14610028973657,20.08920071639105,2,True,False,False,0.05247021459386084,reconciled-geodesic-20260929-v1,radio-c4763de9588b6550
232892063134577,32.57600039488543,13.478800754376921,1,False,True,False,0.0,reconciled-geodesic-20260929-v1,radio-ccbdfba932acd114
232917771081688,24.208600748638894,23.293300424774035,1,True,False,False,0.0,reconciled-geodesic-20260929-v1,radio-2c113676f3c27600
233164916439476,27.025600139870587,14.42830012978546,1,False,True,False,0.0,reconciled-geodesic-20260929-v1,radio-37009ebf0ae675ab
233213900920321,32.64420013263871,14.251900387341875,1,True,False,False,0.0,reconciled-geodesic-20260929-v1,radio-6626d81b20428349
233248156599566,32.109509,20.0809405,2,False,True,False,0.0,reconciled-geodesic-20260929-v1,radio-6890cce4496d2ff9
233422966925698,32.83600056509587,13.2168001866052,1,False,True,False,0.0,reconciled-geodesic-20260929-v1,radio-da6cec912c2284d7
233631363720723,32.66160059512382,14.18320018080553,2,True,False,False,0.010166942317505806,reconciled-geodesic-20260929-v1,radio-a8acbf8e0e1b8992
233781073283027,32.0956257,20.1301976,1,False,True,False,0.0,reconciled-geodesic-20260929-v1,radio-d25476f520a9dc02
234215276702406,32.05449236853646,20.03623270584361,1,False,True,False,0.0,reconciled-geodesic-20260929-v1,radio-d7c0dc128db133f4
234418087518827,32.10340073376427,12.328400112028245,1,True,False,False,0.0,reconciled-geodesic-20260929-v1,radio-1a9cabf2dfcf8ce2
234473506550635,32.89509698619013,13.255086152449898,1,False,True,False,0.0,reconciled-geodesic-20260929-v1,radio-09bb4e5ec8a809ce
234655220392251,32.197400892779534,20.158600843054863,1,False,True,False,0.0,reconciled-geodesic-20260929-v1,radio-9d78eee8f0174ff7
234813990356674,32.10550078032957,20.0891004722758,1,False,True,False,0.0,reconciled-geodesic-20260929-v1,radio-ad08764438d98bf2
234832945650610,32.34698,20.3110868,1,False,True,False,0.0,reconciled-geodesic-20260929-v1,radio-0df270e7d6ce04b2
234847590263723,32.677730560302734,13.05130386352539,1,False,True,False,0.0,reconciled-geodesic-20260929-v1,radio-b523facccd3c963a
235171540832096,32.090600308480894,12.923100180443312,1,True,False,False,0.0,reconciled-geodesic-20260929-v1,radio-a671575331dd7f31
235183782876633,32.416600809063354,12.70500078815348,1,True,False,False,0.0,reconciled-geodesic-20260929-v1,radio-441ddfa6a7bf2dbc
235264193154749,32.83230085521696,13.101200388324582,1,False,True,False,0.0,reconciled-geodesic-20260929-v1,radio-f2416357856923da
235278890915024,31.95840025772966,20.14470072232289,1,True,False,False,0.0,reconciled-geodesic-20260929-v1,radio-f470c0b01e4e4357
235441652373978,32.5199007125804,13.669500590922837,1,False,True,False,0.0,reconciled-geodesic-20260929-v1,radio-a7cb75a2e3802a9e
235629844306782,32.1610228,20.1157804,3,True,True,False,22.153810032483722,reconciled-geodesic-20260929-v1,radio-9c4bd116abbe7ad6
235744899513624,32.123863220215,20.0805959701535,1,False,True,False,0.0,reconciled-geodesic-20260929-v1,radio-921dc49fb979bcf9
235750213845780,32.4991005246453,20.83910046394629,1,False,True,False,0.0,reconciled-geodesic-20260929-v1,radio-0b91828c32da106b
235779719208351,32.07501635653898,20.06697650067508,2,True,True,False,11.820750298392127,reconciled-geodesic-20260929-v1,radio-2f7cf7b512fd83db
235829529601316,32.821013017134234,13.23722980961655,1,False,True,False,0.0,reconciled-geodesic-20260929-v1,radio-1ddfbb416374528d
236093139995891,32.010300763319684,20.103800767311565,1,True,False,False,0.0,reconciled-geodesic-20260929-v1,radio-f72f75a08d928904
236133583406928,32.9033001878107,13.302900609939128,1,False,True,False,0.0,reconciled-geodesic-20260929-v1,radio-dac74a35e01421e9
236178065021817,32.8109003538475,12.979200481430029,1,False,True,False,0.0,reconciled-geodesic-20260929-v1,radio-df44359929164b62
236234753488239,32.6436006768658,14.252900847002016,1,False,True,False,0.0,reconciled-geodesic-20260929-v1,radio-146cad104a2865a3
236345276119801,27.04710019765342,14.41840040738355,1,False,True,False,0.0,reconciled-geodesic-20260929-v1,radio-c5291d1dfbdf0747
236382601619877,32.773900819668874,21.782400508295364,1,True,False,False,0.0,reconciled-geodesic-20260929-v1,radio-2acfe2c93aa1921e
236506966063071,32.810100471319274,13.181200352317708,1,True,False,False,0.0,reconciled-geodesic-20260929-v1,radio-dde7ee2318cf3662
236624817474248,32.71410064263699,13.609300657079565,1,False,True,False,0.0,reconciled-geodesic-20260929-v1,radio-58ce0ad5dea54ae8
236824662286481,32.049200717830686,20.112800703564538,1,False,True,False,0.0,reconciled-geodesic-20260929-v1,radio-94bbe8352dbf0809
237091594717851,32.80510081858365,13.195200747670697,1,False,True,False,0.0,reconciled-geodesic-20260929-v1,radio-1e5ddfdad3218700
237096935316632,26.433900966539518,14.279400804368072,2,False,True,False,0.029747345700690486,reconciled-geodesic-20260929-v1,radio-9463cd4d0d20f906
237117244638709,32.17130066195414,13.020900529070211,1,True,False,False,0.0,reconciled-geodesic-20260929-v1,radio-33c844561e37b2a9
237124868891457,32.48930073946139,14.576800217602447,1,True,False,False,0.0,reconciled-geodesic-20260929-v1,radio-e952a9e718ae2907
237128872412148,32.81510079295979,12.953400422148917,1,False,True,False,0.0,reconciled-geodesic-20260929-v1,radio-6cc54233fc3fd3e6
237200771682847,32.80790057474015,21.86550040971589,1,True,False,False,0.0,reconciled-geodesic-20260929-v1,radio-718aecbc84528ac0
237355452719741,32.43570036949943,13.64910082501337,1,False,True,False,0.0,reconciled-geodesic-20260929-v1,radio-d9bd318dba027475
237433159060476,30.75730070827028,20.227400769237768,1,True,False,False,0.0,reconciled-geodesic-20260929-v1,radio-ee4dab0a8f4bb879
237445910630140,32.84840093498484,13.201500878065744,1,True,False,False,0.0,reconciled-geodesic-20260929-v1,radio-c43e44cd37373d8b
237685169953411,32.57710023534444,14.036700128463622,2,True,False,False,48.14077075219603,reconciled-geodesic-20260929-v1,radio-6a9bc016d06e89b3
237819822468489,32.85400035048903,13.252300906454064,1,True,False,False,0.0,reconciled-geodesic-20260929-v1,radio-29914de24e88d73d
237997781384652,32.806800575207575,12.931300545812222,1,False,True,False,0.0,reconciled-geodesic-20260929-v1,radio-0eded48755a5a017
238225684069299,32.695900327172666,13.13360047885131,1,True,False,False,0.0,reconciled-geodesic-20260929-v1,radio-3341e5db9162f84b
238252205636099,31.96590080210241,12.366600242022102,1,True,False,False,0.0,reconciled-geodesic-20260929-v1,radio-c94bf2a24639a3bf
238312693446333,32.48790061964797,20.845700803515268,1,False,True,False,0.0,reconciled-geodesic-20260929-v1,radio-7789126dcdd79b52
238320176609322,32.8372004111777,13.4850009414618,1,True,False,False,0.0,reconciled-geodesic-20260929-v1,radio-ddce2370191190a2
238350046300985,32.7241001521326,13.233100882106829,1,False,True,False,0.0,reconciled-geodesic-20260929-v1,radio-4468df98cc854137
238352237027962,32.44630032262007,20.896700408090027,1,False,True,False,0.0,reconciled-geodesic-20260929-v1,radio-2fdd9473ea329189
238464446820388,32.10470014410396,20.135800387231388,2,True,False,False,0.04928637123642113,reconciled-geodesic-20260929-v1,radio-5140745582ee3da6
238492845682653,32.75960023898297,12.607700120844264,1,False,True,False,0.0,reconciled-geodesic-20260929-v1,radio-33df45d282a2bfe1
238506509519593,32.7550004376121,12.800400393989337,1,True,False,False,0.0,reconciled-geodesic-20260929-v1,radio-a23fcafac0011704
238747433709729,32.84290057587583,13.173100811707576,1,True,False,False,0.0,reconciled-geodesic-20260929-v1,radio-6f13b4995ff73da5
238837777208016,30.745000294589286,20.231500840447055,1,False,True,False,0.0,reconciled-geodesic-20260929-v1,radio-c810e5480389b09e
239079652213010,32.66500079506503,13.662500651505697,1,False,True,False,0.0,reconciled-geodesic-20260929-v1,radio-f2503b8a1fca1721
239146995850591,32.78830077084235,13.252700959924459,1,True,False,False,0.0,reconciled-geodesic-20260929-v1,radio-731f44913b64089c
239280229448255,32.13692416784898,20.125370205573315,1,False,True,False,0.0,reconciled-geodesic-20260929-v1,radio-22700b4b7bc2f9eb
239413836529391,32.57980035290652,14.334300525018218,1,False,True,False,0.0,reconciled-geodesic-20260929-v1,radio-af661d8f3d830fd7
239456062025271,32.042354583740234,20.026880264282227,1,False,True,False,0.0,reconciled-geodesic-20260929-v1,radio-cb3af2eb25e53c92
239693241117781,32.854600249978,13.269900177290472,3,True,False,False,45.36106546312795,reconciled-geodesic-20260929-v1,radio-efaf6dcfc3f76171
239702760471707,32.57810056597776,13.11500054758166,1,False,True,False,0.0,reconciled-geodesic-20260929-v1,radio-803ed120148e9b9e
239791719715378,32.60770033475056,14.14450013642343,1,True,False,False,0.0,reconciled-geodesic-20260929-v1,radio-73e5757c5e8c5f73
239806401766686,32.76630079150596,12.686400974592962,1,True,False,False,0.0,reconciled-geodesic-20260929-v1,radio-fec3961a4b11b4ca
239808786036262,30.752300855133797,20.211800298503253,1,False,True,False,0.0,reconciled-geodesic-20260929-v1,radio-e2019ea26a9a7ec0
239819814536201,31.893100808068834,20.174100926493125,1,True,False,False,0.0,reconciled-geodesic-20260929-v1,radio-88765d8b00e614e3
240017156530357,32.67630058149031,13.494500528968478,1,False,True,False,0.0,reconciled-geodesic-20260929-v1,radio-7caf3ccdcba0c805
240061098223392,32.81860060808538,13.023800541945276,1,False,True,False,0.0,reconciled-geodesic-20260929-v1,radio-3d5d54607db8694d
240323220181008,32.68590087681002,13.177900565871184,1,False,True,False,0.0,reconciled-geodesic-20260929-v1,radio-9b37709bb7fda95a
240460004042921,32.080400881358884,20.075800967331677,1,True,False,False,0.0,reconciled-geodesic-20260929-v1,radio-f05c18d1f5591f75
240550563198076,32.83290017425902,13.040800646856837,1,True,False,False,0.0,reconciled-geodesic-20260929-v1,radio-b35844bab208d2fb
240617565776051,32.602700295524855,12.687700444372522,1,True,False,False,0.0,reconciled-geodesic-20260929-v1,radio-7beddf73a67cb028
240721500790000,32.50380026978796,14.504300858362253,1,True,False,False,0.0,reconciled-geodesic-20260929-v1,radio-27b993d0155cfdb4
240735018030702,32.69630096235945,13.131500124629925,1,False,True,False,0.0,reconciled-geodesic-20260929-v1,radio-15c358d6dbf3ef2b
240746090422225,32.46480047677876,14.524000194880122,1,False,True,False,0.0,reconciled-geodesic-20260929-v1,radio-bb82b23481d3a13d
240960384053331,32.766300416818716,13.002400518335957,1,True,False,False,0.0,reconciled-geodesic-20260929-v1,radio-622257f3540e068c
241013236198375,32.882000971117414,13.24270027728693,1,True,False,False,0.0,reconciled-geodesic-20260929-v1,radio-00d46f2e689ac6eb
241037048971655,32.10164260864258,20.143390655517575,1,False,True,False,0.0,reconciled-geodesic-20260929-v1,radio-41e1cdad45c8833c
241059215928765,31.893700272035126,11.96760056789821,2,True,True,False,0.022605286837471983,reconciled-geodesic-20260929-v1,radio-9803dc31121b5189
241167541233039,32.050400293088146,20.077200666371017,1,False,True,False,0.0,reconciled-geodesic-20260929-v1,radio-ec8ed45d1bf9f36f
241850059016759,32.08543771313085,20.13462672695042,1,False,True,False,0.0,reconciled-geodesic-20260929-v1,radio-5885d4e0f146720a
241957053700034,32.088500430427786,13.019000954540711,1,True,False,False,0.0,reconciled-geodesic-20260929-v1,radio-57e1ae11ff0c5d81
242126896503846,32.575300582176226,14.025600607269958,1,True,False,False,0.0,reconciled-geodesic-20260929-v1,radio-15dd4cffd3fe04f6
242162173957802,32.82490015449582,12.984900587858728,1,True,False,False,0.0,reconciled-geodesic-20260929-v1,radio-82809e33057fb0b8
242312188472577,32.666600514147575,13.385400888621932,1,True,False,False,0.0,reconciled-geodesic-20260929-v1,radio-a87782df3933ab3d
242371371827398,31.20390081225008,16.564200402875006,1,False,True,False,0.0,reconciled-geodesic-20260929-v1,radio-52fae6d26790c80b
242376526478295,26.11040017334013,14.748600950144704,1,False,True,False,0.0,reconciled-geodesic-20260929-v1,radio-9bf47f3478d307b8
242421027554034,32.85110052654872,13.080500295948651,1,True,False,False,0.0,reconciled-geodesic-20260929-v1,radio-d6673d125ef71284
242652670249832,32.84410093078247,13.363100526725919,1,False,True,False,0.0,reconciled-geodesic-20260929-v1,radio-775a29dd2be1d75a
242846156971088,32.0755315,20.0676052,1,False,True,False,0.0,reconciled-geodesic-20260929-v1,radio-55460c34eb91ae23
242854857480627,32.785900770612216,12.795000660618996,1,False,True,False,0.0,reconciled-geodesic-20260929-v1,radio-ae3dd0997b33712f
242986796043278,32.82440032413278,13.016500657166553,1,False,True,False,0.0,reconciled-geodesic-20260929-v1,radio-ce314986452d9316
242994226931177,32.06940074893455,20.10530023196378,1,True,False,False,0.0,reconciled-geodesic-20260929-v1,radio-b4867db6392a7324
243139350548332,32.781200690501784,13.235400948565891,1,False,True,False,0.0,reconciled-geodesic-20260929-v1,radio-29159f0162066484
243263261682329,32.89633527438061,13.197413661560242,1,False,True,False,0.0,reconciled-geodesic-20260929-v1,radio-752a6e1ad9c0b475
243325034519360,32.87180025817076,13.34330011383304,2,False,True,False,48.10546535977075,reconciled-geodesic-20260929-v1,radio-64067b6fc9628529
243661981591440,32.725200829217016,13.429000440029979,1,False,True,False,0.0,reconciled-geodesic-20260929-v1,radio-44df86c048330765
243734914530963,29.013700418838035,21.515000936371546,1,True,False,False,0.0,reconciled-geodesic-20260929-v1,radio-67efaccb22eb6f8b
243901712410394,32.42106882102919,14.762149943929757,1,False,True,False,0.0,reconciled-geodesic-20260929-v1,radio-7c6f53fde41de62b
243982301923755,32.87182296268524,13.213220414661226,1,False,True,False,0.0,reconciled-geodesic-20260929-v1,radio-86b08df2665922a6
244034666481774,31.968500690462957,20.084900459972324,1,False,True,False,0.0,reconciled-geodesic-20260929-v1,radio-d3001c1bc5645814
244035862199176,31.97150018734892,20.083600669896086,1,False,True,False,0.0,reconciled-geodesic-20260929-v1,radio-51f0447f9d8dc5d8
244043832143267,32.06050034610687,20.117400863777846,1,False,True,False,0.0,reconciled-geodesic-20260929-v1,radio-0644314080b84acb
244135442838550,32.580000642577666,13.94610071730701,1,True,False,False,0.0,reconciled-geodesic-20260929-v1,radio-6b6388c9b1a64bc2
244272075749688,32.08843460083008,20.0965633392334,1,False,True,False,0.0,reconciled-geodesic-20260929-v1,radio-2624ef76fc1cf8c9
244428713532979,32.35690096111869,15.06020076371961,2,True,True,False,3.8422645123812806,reconciled-geodesic-20260929-v1,radio-73e204ba5f6a0a46
244437433045566,32.8069007857283,13.558100898803046,1,False,True,False,0.0,reconciled-geodesic-20260929-v1,radio-b98e034846d5781d
244464446420564,32.07260773047437,20.113239348355883,1,False,True,False,0.0,reconciled-geodesic-20260929-v1,radio-f76cbbd4779afed2
244524733441875,32.21150026310883,20.163300215667388,1,False,True,False,0.0,reconciled-geodesic-20260929-v1,radio-ba0cb880d7a2fbb6
244593998777136,32.76860047438223,21.741900658979052,1,True,False,False,0.0,reconciled-geodesic-20260929-v1,radio-2bfb528f708d0926
244680565379624,32.66700069366797,14.243800268927192,1,True,False,False,0.0,reconciled-geodesic-20260929-v1,radio-6730007d9d95c764
244681769950271,32.760600698690226,13.560700342853298,1,False,True,False,0.0,reconciled-geodesic-20260929-v1,radio-afa4eef4b1826c00
244924636261848,31.202200161207504,16.58300066734497,1,False,True,False,0.0,reconciled-geodesic-20260929-v1,radio-35e04616039c2466
244925253075358,32.67140084936247,13.924900541603337,1,True,False,False,0.0,reconciled-geodesic-20260929-v1,radio-c62ff441be63cc51
245571430565224,32.31240019340876,12.74970070846973,1,False,True,False,0.0,reconciled-geodesic-20260929-v1,radio-08c16f105e5b88d7
245871332181989,31.654394149780277,20.013044357299805,1,False,True,False,0.0,reconciled-geodesic-20260929-v1,radio-8f8dfc281ddb0a11
246152343488000,32.89140070561918,13.174400505263819,4,True,False,False,35.77031418349798,reconciled-geodesic-20260929-v1,radio-4d8c4cad94040a73
246271382520584,27.0297002351961,14.428600677498746,1,False,True,False,0.0,reconciled-geodesic-20260929-v1,radio-0ed5ce6723dec5fa
246377707017343,32.76640036535999,13.118100946447965,1,False,True,False,0.0,reconciled-geodesic-20260929-v1,radio-7198f227ea95b9ab
246467126568407,32.803000556087085,13.223800312010063,1,True,False,False,0.0,reconciled-geodesic-20260929-v1,radio-042955d76746ac15
246490197160193,32.57730072453727,14.321100769217281,1,True,False,False,0.0,reconciled-geodesic-20260929-v1,radio-2c023a7f4d5d9435
246507702979800,32.60960030879974,14.33410071647482,1,True,False,False,0.0,reconciled-geodesic-20260929-v1,radio-885b8028096e922c
246570442904118,32.61050065254961,14.022900617261746,1,True,False,False,0.0,reconciled-geodesic-20260929-v1,radio-ec3fa94609ee9a07
246584036548554,32.754800131425554,12.728100717568996,1,True,False,False,0.0,reconciled-geodesic-20260929-v1,radio-78490de5515b4d53
246672638586577,32.084600327822244,20.117600875358367,1,True,False,False,0.0,reconciled-geodesic-20260929-v1,radio-2f006f089cb20218
246883278597262,32.12730061322021,13.001200765412314,1,True,False,False,0.0,reconciled-geodesic-20260929-v1,radio-e0c3ffdb789ed48c
247102558947592,27.051500846645,14.425600617875581,1,False,True,False,0.0,reconciled-geodesic-20260929-v1,radio-420317250f8f1549
247280301381786,32.51360022724783,13.989200228936337,1,True,False,False,0.0,reconciled-geodesic-20260929-v1,radio-d44ffe34323f5363
247308115046974,32.89930043137216,13.25550094019425,1,True,False,False,0.0,reconciled-geodesic-20260929-v1,radio-1560a7326e618cfb
247447796258662,32.856600179826906,13.25970058937653,1,True,False,False,0.0,reconciled-geodesic-20260929-v1,radio-f458b7c298c5df95
247452542786623,32.87700049972366,13.329200854520954,1,False,True,False,0.0,reconciled-geodesic-20260929-v1,radio-2113ce7dfe79de7b
247525740875890,32.86276200760243,13.097329006638638,1,False,True,False,0.0,reconciled-geodesic-20260929-v1,radio-dd86f3c2c0908728
247530869802958,32.50490076890627,14.48580026123738,1,True,False,False,0.0,reconciled-geodesic-20260929-v1,radio-8f3783e166660195
247537049756279,32.90684437107395,13.255553889918971,1,False,True,False,0.0,reconciled-geodesic-20260929-v1,radio-2c17e981c3cd925e
247660804566345,32.77160038122567,21.77360049652051,1,False,True,False,0.0,reconciled-geodesic-20260929-v1,radio-c3bab9ca40a1826f
247908661568070,32.44761276245117,20.898117065429688,1,False,True,False,0.0,reconciled-geodesic-20260929-v1,radio-e1f1dc4216624431
247960731456026,32.712600422355074,13.147000628688309,1,True,False,False,0.0,reconciled-geodesic-20260929-v1,radio-4cdb22a18f4f976f
248166454701307,32.72490095899561,13.558500734672938,1,True,False,False,0.0,reconciled-geodesic-20260929-v1,radio-0ddfecff8f28aa77
248360674648113,32.818900842962606,13.062700783186171,1,True,False,False,0.0,reconciled-geodesic-20260929-v1,radio-92734663cb91d4c9
248386678589150,32.78190056939978,12.801000479762894,1,True,False,False,0.0,reconciled-geodesic-20260929-v1,radio-024add6eb103cb18
248389868401660,32.76790035800475,12.72120043007045,1,True,False,False,0.0,reconciled-geodesic-20260929-v1,radio-54fc0e4b2db1c598
248580506631850,32.79710062378118,13.475900160089981,1,False,True,False,0.0,reconciled-geodesic-20260929-v1,radio-96b0ee375fca66e1
248764129924832,32.05491214328342,20.12454054090712,1,False,True,False,0.0,reconciled-geodesic-20260929-v1,radio-e9403b4ac210a4db
248874120022247,32.77210059512492,13.580400433522527,1,False,True,False,0.0,reconciled-geodesic-20260929-v1,radio-6f4be99c392c036d
248911147603157,32.73190032822858,13.610700640978695,1,False,True,False,0.0,reconciled-geodesic-20260929-v1,radio-465976f81c8e0ccc
249844446633151,31.396400482193275,15.72030036372219,3,True,True,False,14.62117485523745,reconciled-geodesic-20260929-v1,radio-68cb32ff96be2bbf
249870421884036,32.31550074629526,15.056900987571632,1,True,False,False,0.0,reconciled-geodesic-20260929-v1,radio-5ee21f86bc7c3775
249978222882869,32.76190022076443,13.259800230342032,1,True,False,False,0.0,reconciled-geodesic-20260929-v1,radio-8119299df47e9d39
249979910719485,31.19990072564047,16.596300236080623,1,False,True,False,0.0,reconciled-geodesic-20260929-v1,radio-c3566174eb656cb8
249992562201084,32.09576416015625,20.149452209472656,2,False,True,True,6.126451716458545,reconciled-geodesic-20260929-v1,radio-064bf79f2ccf6412
250034143209576,32.87100016157542,13.15910036641092,1,False,True,False,0.0,reconciled-geodesic-20260929-v1,radio-fa85e71ff5837904
250149824342944,32.11209208150462,20.099752555457805,1,False,True,False,0.0,reconciled-geodesic-20260929-v1,radio-7502ca593c7ffe8b
250196986061356,32.81470048014058,13.04130046589581,1,True,False,False,0.0,reconciled-geodesic-20260929-v1,radio-5f110b0f05d05353
250245023856874,32.88009334515922,13.170935075494308,1,False,True,False,0.0,reconciled-geodesic-20260929-v1,radio-02f1adcd45514b56
250349383475702,32.76430034172787,12.499500422489369,1,True,False,False,0.0,reconciled-geodesic-20260929-v1,radio-322dab6e05fbef77
250465887464180,32.31400039134312,15.103800886524919,1,True,False,False,0.0,reconciled-geodesic-20260929-v1,radio-9acc207372948066
250732021087839,31.65070051211244,20.23700085343523,4,True,True,False,4.756083234297207,reconciled-geodesic-20260929-v1,radio-d8e90905c0fe859f
250734328795393,32.83980074058272,13.134900346760604,1,False,True,False,0.0,reconciled-geodesic-20260929-v1,radio-6d8532dbe1dacbc9
250932881850191,32.42290047171623,13.453500399357171,1,False,True,False,0.0,reconciled-geodesic-20260929-v1,radio-2dc1f6e93a0270f9
250970232000853,32.437900570955065,13.684600469972779,1,False,True,False,0.0,reconciled-geodesic-20260929-v1,radio-8250dcb4f91cdda1
251189330502405,32.70200047172414,13.3182004891896,1,True,False,False,0.0,reconciled-geodesic-20260929-v1,radio-2ebad84ee635e19d
251280232888073,32.85990085040081,13.238700350409419,1,True,False,False,0.0,reconciled-geodesic-20260929-v1,radio-c54fed11ce57fd3e
251428394145079,32.703000181893074,13.478000470466657,1,True,False,False,0.0,reconciled-geodesic-20260929-v1,radio-8a0db4e0a9bea66d
251549680496230,32.680500728366944,13.260400564666657,1,False,True,False,0.0,reconciled-geodesic-20260929-v1,radio-d47e15e83ada8846
251860204968066,32.17320048615399,20.1322007806502,1,True,False,False,0.0,reconciled-geodesic-20260929-v1,radio-315eda777d9cac6d
251906918212368,32.69100084958402,13.211300817810057,1,False,True,False,0.0,reconciled-geodesic-20260929-v1,radio-cf5d2ab6d9253943
251944726521131,32.843000390807326,21.89610097281255,1,True,False,False,0.0,reconciled-geodesic-20260929-v1,radio-35bbb70b51dd3c1b
251994111036625,32.70570045300633,13.093700687583594,1,False,True,False,0.0,reconciled-geodesic-20260929-v1,radio-0949dbfb823c0345
252619623037216,32.2253332,20.1790674,3,True,False,False,4.796569379470453,reconciled-geodesic-20260929-v1,radio-3f10188bacd5f31e
252674555747750,27.034700837775198,14.426700211155454,1,False,True,False,0.0,reconciled-geodesic-20260929-v1,radio-83aab4a1b7dc5b4c
252711748220746,32.08780063539417,20.094300912603277,1,True,False,False,0.0,reconciled-geodesic-20260929-v1,radio-5ce53b81f60ca128
252779772704188,32.86500066111436,13.119400760513162,1,True,False,False,0.0,reconciled-geodesic-20260929-v1,radio-7e784e4ac3e9de51
252948005268973,32.7537005301013,12.722200310229656,2,True,True,False,14.550353829450337,reconciled-geodesic-20260929-v1,radio-8b40d83c1b415867
253077870692776,32.28293100992826,15.1189825693766,1,False,True,False,0.0,reconciled-geodesic-20260929-v1,radio-b18c8308ef9a112a
253371999335201,32.37880024163503,15.082200807622565,1,True,False,False,0.0,reconciled-geodesic-20260929-v1,radio-f3d1e3074cc07d65
253570723326960,32.70990055335726,13.19450055529047,1,True,False,False,0.0,reconciled-geodesic-20260929-v1,radio-03829999dc2e45b1
253889094035698,32.8466004652064,13.20450096864585,2,False,True,False,4.480538546590277,reconciled-geodesic-20260929-v1,radio-225efe5b4937d9e9
253960214810352,31.67030082346339,20.021200620286944,1,True,False,False,0.0,reconciled-geodesic-20260929-v1,radio-d6798b871e456e50
254003849508718,32.57300032375474,13.025800677632166,1,False,True,False,0.0,reconciled-geodesic-20260929-v1,radio-85d685fc2c6f0ea6
254453938061952,32.08960088732752,20.250500717963025,1,True,False,False,0.0,reconciled-geodesic-20260929-v1,radio-80d732a04f6cdb03
254461621876966,32.291300634829646,15.119000399661982,1,True,False,False,0.0,reconciled-geodesic-20260929-v1,radio-8ecab2f7854a67f5
254561971391261,32.85690027571849,13.25850086386034,1,True,False,False,0.0,reconciled-geodesic-20260929-v1,radio-0f3275c2d29e69b5
254569566576854,32.09290068116025,20.085600344847617,2,False,True,False,14.585923002074932,reconciled-geodesic-20260929-v1,radio-1e4c697ac51ccc78
254993107406668,32.73980013825021,13.700000562474397,1,True,False,False,0.0,reconciled-geodesic-20260929-v1,radio-23bbd1e5688dd0f5
255006250276503,32.813500415384105,13.50240096365335,1,False,True,False,0.0,reconciled-geodesic-20260929-v1,radio-713101a362286967
255072818945642,32.782600301891364,21.823900675233006,1,False,True,False,0.0,reconciled-geodesic-20260929-v1,radio-68ea6e92267843e4
255402270541750,31.79780090317243,20.20800046486649,1,True,False,False,0.0,reconciled-geodesic-20260929-v1,radio-79d42e09f4149c26
255533789052579,32.72640053460405,13.7566007133886,1,False,True,False,0.0,reconciled-geodesic-20260929-v1,radio-34aea51c08ae53e2
255568099747601,31.834436416625977,20.016977310180664,1,False,True,False,0.0,reconciled-geodesic-20260929-v1,radio-eb03a4bbde107a5a
255609851822656,32.5884007652642,14.114900931468082,1,True,False,False,0.0,reconciled-geodesic-20260929-v1,radio-d280ee875b6b3fac
255621052041185,32.053596496582,20.035526275635,1,True,False,False,0.0,reconciled-geodesic-20260929-v1,radio-db0209717685c4a8
255753541254842,32.499781778413954,20.839154961990985,1,False,True,False,0.0,reconciled-geodesic-20260929-v1,radio-e8ac4d7b5ab86753
255919009606997,32.803300189205025,13.010500855316526,1,True,False,False,0.0,reconciled-geodesic-20260929-v1,radio-b9fffe115a1a8865
256000507942638,32.5011003579373,14.532700492266338,1,True,False,False,0.0,reconciled-geodesic-20260929-v1,radio-1cbc6ace423caa43
256025946424973,32.76220023026657,21.743200685842776,2,False,True,False,22.316996710116506,reconciled-geodesic-20260929-v1,radio-1734db9da04a9de3
256222140284268,32.64590032739151,13.90740016827557,1,False,True,False,0.0,reconciled-geodesic-20260929-v1,radio-09effa595a166d3b
256249201021801,32.55540038445027,13.178000242332992,2,False,True,False,0.06933367305941127,reconciled-geodesic-20260929-v1,radio-4a1ebf7fa2f29b3d
256294346087166,32.87270031476031,13.308900222665141,2,True,True,False,0.048805679977234374,reconciled-geodesic-20260929-v1,radio-342b04cf719de991
256344535890864,32.07310034021041,20.125100521314916,1,True,False,False,0.0,reconciled-geodesic-20260929-v1,radio-c2203571ba876b28
256623831283185,32.66890050894443,13.933400518794445,1,False,True,False,0.0,reconciled-geodesic-20260929-v1,radio-71ab0406fb5a178b
256871018625416,32.798700431380446,13.068400294274328,1,True,False,False,0.0,reconciled-geodesic-20260929-v1,radio-c0bf06d35bb41322
256905327321975,32.556200667095645,14.269800468588349,1,True,False,False,0.0,reconciled-geodesic-20260929-v1,radio-c0fc4705bd842e8e
257072476330974,32.88010045138673,13.197900755323909,1,False,True,False,0.0,reconciled-geodesic-20260929-v1,radio-755f5684d49cb1dc
257085552626324,32.85200039727708,13.26960033326968,1,True,False,False,0.0,reconciled-geodesic-20260929-v1,radio-013bb4eb76345a9c
257263803487683,32.6137009553906,14.16560063561146,1,False,True,False,0.0,reconciled-geodesic-20260929-v1,radio-19a005c2b76cd6d9
257437130220883,32.48790053436869,20.84660023211265,1,False,True,False,0.0,reconciled-geodesic-20260929-v1,radio-c87fc700c3c903ee
257652342869122,32.487300694820256,20.827500314473646,1,False,True,False,0.0,reconciled-geodesic-20260929-v1,radio-90c84f721d80d835
257707516399402,32.871400439774874,13.402000608612658,1,False,True,False,0.0,reconciled-geodesic-20260929-v1,radio-6e1be9d7d6ee6dc1
257732731230485,31.76160019696025,11.258900836008433,1,False,True,False,0.0,reconciled-geodesic-20260929-v1,radio-2f8522997c5c76ef
257795041603912,32.05860059865984,20.09840075039287,1,False,True,False,0.0,reconciled-geodesic-20260929-v1,radio-ab6cce2ab58b8fbd
257987967353374,32.88840086307254,13.346700921732932,1,False,True,False,0.0,reconciled-geodesic-20260929-v1,radio-2e7dcff6791ed955
258162775578045,32.893000340222216,13.352300900244694,1,False,True,False,0.0,reconciled-geodesic-20260929-v1,radio-9525e4a66fb0d282
258341372843658,32.45140045088663,14.56400045429181,1,False,True,False,0.0,reconciled-geodesic-20260929-v1,radio-aa1623ed2d2d4f53
258547303959246,32.60440022394644,14.3214006436427,1,False,True,False,0.0,reconciled-geodesic-20260929-v1,radio-c58f6e2a3d90fc37
258557361276682,32.07840067746511,20.10700051877205,1,True,False,False,0.0,reconciled-geodesic-20260929-v1,radio-d5de5237b1277f78
258662425483784,32.13610057408588,20.103000579380474,3,True,False,False,5.27542342580225,reconciled-geodesic-20260929-v1,radio-a8fc5d166ee35375
258697681323218,32.83330022771425,13.033600939860115,1,True,False,False,0.0,reconciled-geodesic-20260929-v1,radio-5b456c4dd51b3397
258709663595362,32.11760019521739,20.06880053637146,1,False,True,False,0.0,reconciled-geodesic-20260929-v1,radio-de86cc7792ad330c
258900853548529,30.75690079580996,20.239800121967317,1,False,True,False,0.0,reconciled-geodesic-20260929-v1,radio-dbc4fac67a2e6be6
258909307948948,32.513800249047776,14.19180080111887,1,True,False,False,0.0,reconciled-geodesic-20260929-v1,radio-e69f9d40f402c6b3
259113540154143,32.485200197649554,13.286700312218256,1,False,True,False,0.0,reconciled-geodesic-20260929-v1,radio-3bf9fc7514b4a500
259118900751336,32.62830075464158,13.99220082669218,1,True,False,False,0.0,reconciled-geodesic-20260929-v1,radio-cc58314431deed9f
259592744597620,32.74000016375121,13.724200742929746,1,False,True,False,0.0,reconciled-geodesic-20260929-v1,radio-447c9b269749e45c
259764936922108,32.10110070119875,20.0911008057637,1,True,False,False,0.0,reconciled-geodesic-20260929-v1,radio-0792f010ae64599d
259945906286926,30.774500892483154,20.238900974545402,1,False,True,False,0.0,reconciled-geodesic-20260929-v1,radio-0555faee2a9f32b0
259976487775151,32.068100561332,20.144300960989618,1,True,False,False,0.0,reconciled-geodesic-20260929-v1,radio-e3810105b7ecb8b2
259986309011799,32.84280075771567,13.08870046383595,1,False,True,False,0.0,reconciled-geodesic-20260929-v1,radio-5886ddd066b2aeb9
260045228000503,32.4889001891518,20.84690092597722,1,True,False,False,0.0,reconciled-geodesic-20260929-v1,radio-4bee0e8459d3cb7d
260380625312988,32.76020054291983,21.7734004420062,2,True,True,False,0.02472675785511098,reconciled-geodesic-20260929-v1,radio-40714db4dfca82e0
260640855743179,32.50590051045511,13.98060048715965,1,False,True,False,0.0,reconciled-geodesic-20260929-v1,radio-ba8ebbcf6a077568
260681368682261,32.03050052040369,20.121400970149153,1,True,False,False,0.0,reconciled-geodesic-20260929-v1,radio-151d523b10aa8d57
260753130884105,32.80230026695897,13.113400395379692,1,True,False,False,0.0,reconciled-geodesic-20260929-v1,radio-1995870efc6ff189
261015206999271,32.57820056866184,14.03810026462077,3,True,True,False,38.22160916888988,reconciled-geodesic-20260929-v1,radio-fab393d4b1303f5f
261054757270242,32.50320047013561,14.48440061083951,3,True,False,False,24.105966880361326,reconciled-geodesic-20260929-v1,radio-a3ca3c63c4c94349
261163367885478,32.3138008374065,12.57750086546214,1,False,True,False,0.0,reconciled-geodesic-20260929-v1,radio-d001ae7494980dce
261202421744575,32.076900143576715,20.064100707452493,1,True,False,False,0.0,reconciled-geodesic-20260929-v1,radio-c555e233cf8b5d1f
261401576566157,32.6638008764516,13.41220034514017,1,False,True,False,0.0,reconciled-geodesic-20260929-v1,radio-554dcab8bb75cf30
261430298288969,32.70698928833008,21.73359489440918,2,True,True,False,38.98132145091308,reconciled-geodesic-20260929-v1,radio-d64bffbfcb9aaaae
261514790726217,31.21030088310369,16.544000860827907,1,False,True,False,0.0,reconciled-geodesic-20260929-v1,radio-db069321c3f2abde
261558069380060,27.044000554260087,14.410900868762289,1,False,True,False,0.0,reconciled-geodesic-20260929-v1,radio-55603f28bd6d70c0
261691172287819,32.70590036509218,13.907800523439013,1,False,True,False,0.0,reconciled-geodesic-20260929-v1,radio-60dfcc1622016e56
261735562521080,32.894400245450484,13.180100819323778,1,True,False,False,0.0,reconciled-geodesic-20260929-v1,radio-c3df704ddb990810
261852443507905,32.88030091885157,13.28560011558493,1,True,False,False,0.0,reconciled-geodesic-20260929-v1,radio-1c7b36950d7ecc83
261894369102111,32.08770094531956,20.238900379212428,1,True,False,False,0.0,reconciled-geodesic-20260929-v1,radio-09011461aa7bcc26
261975163805097,32.76560088157005,21.76520011122553,1,True,False,False,0.0,reconciled-geodesic-20260929-v1,radio-7da24d6ea5df612d
262033371269698,32.689600289881,14.068700658148176,1,True,False,False,0.0,reconciled-geodesic-20260929-v1,radio-db10f260d49daa4c
263125000080848,32.0984492,20.0992117,1,False,True,False,0.0,reconciled-geodesic-20260929-v1,radio-11fc6d05083250dd
263329781964354,32.93090063446245,12.087200116123887,1,True,False,False,0.0,reconciled-geodesic-20260929-v1,radio-473f842c22e82544
263516774091661,32.69180090392381,12.90960048297916,1,False,True,False,0.0,reconciled-geodesic-20260929-v1,radio-e52f38df9a3de417
263604587678711,32.843400280295945,13.05670018249454,1,True,False,False,0.0,reconciled-geodesic-20260929-v1,radio-39cafca383f05fab
263624266317867,32.11829129044827,20.09631473497499,1,False,True,False,0.0,reconciled-geodesic-20260929-v1,radio-dd1f8c3bed5f9970
263681282722754,32.511700762982024,13.249200575450192,1,True,False,False,0.0,reconciled-geodesic-20260929-v1,radio-60da59ca6e2c71d0
263759766680890,32.734600373936,13.434600454186416,1,False,True,False,0.0,reconciled-geodesic-20260929-v1,radio-0aeb66a07ddb10a1
263920717467118,32.496700658714886,14.557700649637091,1,False,True,False,0.0,reconciled-geodesic-20260929-v1,radio-42b1618e1a56ba8c
264001954004143,32.87230019360741,13.261700151136235,1,True,False,False,0.0,reconciled-geodesic-20260929-v1,radio-c6af7d1f7eb15f75
264068943894736,32.83920068878205,13.256000539950032,1,True,False,False,0.0,reconciled-geodesic-20260929-v1,radio-544b70de4fce08e3
264275128715814,32.355000461917236,15.083100658155459,1,False,True,False,0.0,reconciled-geodesic-20260929-v1,radio-7d8a3948435b9b90
264383310692480,32.48740052982906,20.834400477072133,1,False,True,False,0.0,reconciled-geodesic-20260929-v1,radio-5356c03a82bb4486
264433202545703,28.69140090598734,21.412900816670426,1,True,False,False,0.0,reconciled-geodesic-20260929-v1,radio-19e77226fcf9c05c
264469269809201,32.72520080128516,12.710200312180833,1,True,False,False,0.0,reconciled-geodesic-20260929-v1,radio-4e27d1924ac08a2c
264681331028004,32.06420097181487,20.058100729188165,1,True,False,False,0.0,reconciled-geodesic-20260929-v1,radio-a4a07636b1089c67
264724738752897,32.56490087375128,14.346500167175297,1,False,True,False,0.0,reconciled-geodesic-20260929-v1,radio-bba8e88c5d40f8cc
264729379328668,32.083075659615375,20.050085067749,1,False,True,False,0.0,reconciled-geodesic-20260929-v1,radio-fd5784a237631f63
264829971958941,32.10320043129028,20.072400539260254,1,False,True,False,0.0,reconciled-geodesic-20260929-v1,radio-11ef8fe51100290d
265196116123124,32.69011626,13.19963715,1,False,True,False,0.0,reconciled-geodesic-20260929-v1,radio-1207dacd0615a456
265238922204466,32.127000704627406,20.17660049896857,1,True,False,False,0.0,reconciled-geodesic-20260929-v1,radio-941af0b59d44ac77
265245036742851,32.87940029180077,13.298300827439132,1,True,False,False,0.0,reconciled-geodesic-20260929-v1,radio-ad595a16808846ee
265355157346776,32.78560086510399,12.511800175907727,1,False,True,False,0.0,reconciled-geodesic-20260929-v1,radio-4742078402baecbc
265368949842447,32.72380060965795,13.164500569659404,1,True,False,False,0.0,reconciled-geodesic-20260929-v1,radio-5a5217cb8c88e36c
265501011095799,32.76230029393728,13.305300983912241,1,True,False,False,0.0,reconciled-geodesic-20260929-v1,radio-056534a47c2757e6
265830142057128,32.24410012771068,15.115900289380031,1,False,True,False,0.0,reconciled-geodesic-20260929-v1,radio-929540888476e432
265965228114711,32.7704007825815,12.550300706663272,1,False,True,False,0.0,reconciled-geodesic-20260929-v1,radio-942418314a8f3ecd
265981013661080,32.497500889023705,20.835200477311368,1,False,True,False,0.0,reconciled-geodesic-20260929-v1,radio-19b64e799bd96f2d
266186424477715,32.660500424836066,13.049500407582299,1,False,True,False,0.0,reconciled-geodesic-20260929-v1,radio-38bd6792dd7d0694
266194060007232,32.769336330356815,12.727748692925202,1,False,True,False,0.0,reconciled-geodesic-20260929-v1,radio-3b407d23e48fcf05
266241891929412,32.747000959159074,13.29450029824385,1,False,True,False,0.0,reconciled-geodesic-20260929-v1,radio-928cadf747f0a739
266544533184153,32.79110064771484,21.866400848771054,1,False,True,False,0.0,reconciled-geodesic-20260929-v1,radio-ae26c1b01e2f112d
266563954341406,32.0269005094664,20.079000462151516,1,True,False,False,0.0,reconciled-geodesic-20260929-v1,radio-f36f6bcfe7057d8e
266569237574241,32.768500841743055,12.743800431835572,1,True,False,False,0.0,reconciled-geodesic-20260929-v1,radio-06f3b369747fd22a
266731914104792,32.570400670354246,14.092000430064164,1,True,False,False,0.0,reconciled-geodesic-20260929-v1,radio-cfe18535f6f40ba8
266738743295059,32.619800816803995,13.168500168585096,1,False,True,False,0.0,reconciled-geodesic-20260929-v1,radio-63b48fc363fc2017
266788785708277,32.08980077828172,20.097000754131532,2,True,False,False,0.05691299760170714,reconciled-geodesic-20260929-v1,radio-7592554795f61b2d
266802006211118,32.49570033762254,20.827300977259522,2,False,True,False,42.13978877251102,reconciled-geodesic-20260929-v1,radio-42949a32429bcc4b
266874565015696,32.87950102414634,13.14727746804878,1,False,True,False,0.0,reconciled-geodesic-20260929-v1,radio-31597eb688f9364b
267102681509085,31.99210096079627,12.347200142529632,1,True,False,False,0.0,reconciled-geodesic-20260929-v1,radio-559b132e0e03bc63
267442170084925,32.63100060443557,13.989100465308915,1,True,False,False,0.0,reconciled-geodesic-20260929-v1,radio-217adf807b1e3c7b
267502361256785,32.69270068855257,13.450500622849368,1,False,True,False,0.0,reconciled-geodesic-20260929-v1,radio-43aa25c1e5d228cf
267753793089466,32.47610083383285,12.676900115838256,1,True,False,False,0.0,reconciled-geodesic-20260929-v1,radio-02363fe70cc126dd
267903979387612,32.88070064670755,13.236800232241867,1,True,False,False,0.0,reconciled-geodesic-20260929-v1,radio-e7c09317e6f367f7
268070285792356,30.119700287486104,9.493600300231835,1,False,True,False,0.0,reconciled-geodesic-20260929-v1,radio-2bf6933d974693ad
268736789523921,32.873800548862484,13.192800417118411,1,True,False,False,0.0,reconciled-geodesic-20260929-v1,radio-b67218d7fcaf4f63
268936826873742,32.794500605951626,13.288400491030108,1,False,True,False,0.0,reconciled-geodesic-20260929-v1,radio-4e0759bd0266820a
268983038661588,31.986100644490786,20.081400517422068,1,False,True,False,0.0,reconciled-geodesic-20260929-v1,radio-4de495d4feea89d1
269103443488153,30.215700934088623,10.470000820543188,1,False,True,False,0.0,reconciled-geodesic-20260929-v1,radio-019de2bce6c54fc3
269167882608751,32.76210038603144,12.690600314845213,1,True,False,False,0.0,reconciled-geodesic-20260929-v1,radio-818c3b7c69e97831
269173910536883,32.56490065536078,14.028100765186641,1,False,True,False,0.0,reconciled-geodesic-20260929-v1,radio-fcc3f7197e181e29
269242778537303,32.35280059792693,15.06360013897038,1,True,False,False,0.0,reconciled-geodesic-20260929-v1,radio-e3e0ae139800a2de
269279645028235,31.572400661293297,20.171700477873934,1,False,True,False,0.0,reconciled-geodesic-20260929-v1,radio-48b1473e4aac7ea5
269334870548167,32.57840068252105,14.036100232527271,1,False,True,False,0.0,reconciled-geodesic-20260929-v1,radio-83d0ce3c8971b5aa
269355337483230,32.77680062773766,13.334600760807536,2,False,True,False,30.261042155581322,reconciled-geodesic-20260929-v1,radio-5f8fb3b11bded807
269526557727281,31.775600154559704,20.01500020873869,1,True,False,False,0.0,reconciled-geodesic-20260929-v1,radio-358f43908f1d35b1
269600438964656,32.14220047394079,12.475600173457751,1,True,False,False,0.0,reconciled-geodesic-20260929-v1,radio-50a7481f9e8598fa
269648585637746,32.10741963879816,20.125078135523303,1,False,True,False,0.0,reconciled-geodesic-20260929-v1,radio-182014dae72d11a3
269719094193022,32.571500617228395,13.175200545100195,1,False,True,False,0.0,reconciled-geodesic-20260929-v1,radio-8e40840215a918de
270396668905687,32.11840030582729,20.113700739445544,1,True,False,False,0.0,reconciled-geodesic-20260929-v1,radio-bf88ea00ec81ea0c
270535700617832,32.788800757260496,21.876100909329217,1,True,False,False,0.0,reconciled-geodesic-20260929-v1,radio-c3ca63233750c49e
270589517717339,32.15310059738219,20.11060024820479,1,False,True,False,0.0,reconciled-geodesic-20260929-v1,radio-8ccbf1795706fa22
270613757226377,32.76100016673388,12.704000318964756,1,True,False,False,0.0,reconciled-geodesic-20260929-v1,radio-baa0edc4af960ff3
270707308788108,32.89018777700571,13.233107200035684,1,False,True,False,0.0,reconciled-geodesic-20260929-v1,radio-26088c866ebbf837
270826834868381,32.074400548852346,20.078900914595128,1,True,False,False,0.0,reconciled-geodesic-20260929-v1,radio-5ea55041a83d4cc4
270842639622226,32.083885192871,20.133981704712,1,False,True,False,0.0,reconciled-geodesic-20260929-v1,radio-512c1b50b75eacd4
271058708733948,32.1945001298555,15.097300541706804,1,True,False,False,0.0,reconciled-geodesic-20260929-v1,radio-fe0b343ea99c7ae4
271103639356189,32.87343776927275,13.226293788236733,1,False,True,False,0.0,reconciled-geodesic-20260929-v1,radio-10ce430415eca4a0
271246083565428,32.37270058047724,15.093700530659584,1,True,False,False,0.0,reconciled-geodesic-20260929-v1,radio-11f11c8f6097ad6c
271646907325075,32.78790063055156,12.80960031332072,1,False,True,False,0.0,reconciled-geodesic-20260929-v1,radio-6e7b577134d0f215
271857305122810,32.77140086006301,13.251400788842592,1,False,True,False,0.0,reconciled-geodesic-20260929-v1,radio-b00441badc361754
272025730935315,32.07180090875302,20.112200883976943,1,True,False,False,0.0,reconciled-geodesic-20260929-v1,radio-cab4451b4c3e7930
272236545174339,32.46780042472023,14.570600629737989,1,True,False,False,0.0,reconciled-geodesic-20260929-v1,radio-f1da29d2ce25125e
272273980830124,32.047500775230894,20.059300498654807,1,True,False,False,0.0,reconciled-geodesic-20260929-v1,radio-af6172cd57e52ab6
272298992088063,32.704900491787605,13.121600688810542,3,True,True,False,14.52722993459625,reconciled-geodesic-20260929-v1,radio-ae77738a735e5e63
272596956253873,32.57680054391154,13.998600863732225,1,False,True,False,0.0,reconciled-geodesic-20260929-v1,radio-e943ef787dfa2ff1
272776945502942,32.18771743774414,20.14755249023437,1,True,False,False,0.0,reconciled-geodesic-20260929-v1,radio-52fca334a4302bb8
272884379539218,32.88110057275745,13.136200884756525,1,False,True,False,0.0,reconciled-geodesic-20260929-v1,radio-0f2c28b2f58a3bfe
272909329212190,32.41370097635561,13.570500795085113,1,True,False,False,0.0,reconciled-geodesic-20260929-v1,radio-ff685debd64d8570
272954104634282,31.009300648323006,10.583000651061408,1,False,True,False,0.0,reconciled-geodesic-20260929-v1,radio-914eeaf9af373fb6
273078778714036,32.81910052360404,13.13800042590361,1,True,False,False,0.0,reconciled-geodesic-20260929-v1,radio-50ff1ee7893372da
273152707824198,32.75748083,12.57552045,1,False,True,False,0.0,reconciled-geodesic-20260929-v1,radio-605227c8d2d5b5b5
273161231189374,32.0939456,20.0758101,1,False,True,False,0.0,reconciled-geodesic-20260929-v1,radio-6e5d3ba4a2587d81
273167909588629,32.81360014705134,21.873200336419394,1,True,False,False,0.0,reconciled-geodesic-20260929-v1,radio-6cf2ec5877b1a85e
273395791450308,32.1238386,20.1128464,1,True,False,False,0.0,reconciled-geodesic-20260929-v1,radio-c16426cf3237e006
273765526790375,31.200000574232092,16.582100791835874,2,False,True,False,0.051039309805898485,reconciled-geodesic-20260929-v1,radio-6cf4f6c9ad97e10e
273915774392128,32.09370049884817,20.131400471539592,2,True,False,False,0.05078339432575504,reconciled-geodesic-20260929-v1,radio-62a4bb6f35412bf4
274081925537680,32.729000961473375,12.741300479773699,1,True,False,False,0.0,reconciled-geodesic-20260929-v1,radio-4d5016845ed206d5
274089192075955,32.740800847088636,12.914600493401487,1,True,False,False,0.0,reconciled-geodesic-20260929-v1,radio-57ccbf1fd8643153
274239775442270,32.06489687699544,20.063089994283963,1,True,False,False,0.0,reconciled-geodesic-20260929-v1,radio-adaa6bd0bf72cb5c
274292514170432,32.10683572292328,20.128732204437256,1,False,True,False,0.0,reconciled-geodesic-20260929-v1,radio-1fa3c6edcfbf0c9e
274308277594665,32.09490021379516,20.108300563049884,2,False,True,False,4.047369027564379,reconciled-geodesic-20260929-v1,radio-c924684af361196b
274507934861120,32.11060015229055,20.1093007786612,1,False,True,False,0.0,reconciled-geodesic-20260929-v1,radio-4e5bd4366a6a94c5
274538925978017,32.0542017,20.0676475,1,True,False,False,0.0,reconciled-geodesic-20260929-v1,radio-2bb6563f21dbf119
274762845095424,32.822500444068446,13.318600144124368,1,False,True,False,0.0,reconciled-geodesic-20260929-v1,radio-ab0c51e045f2b290
274813190286277,32.764100738918046,13.092700372989173,1,True,False,False,0.0,reconciled-geodesic-20260929-v1,radio-cb2655f3ab9a2163
274863612236975,32.85550088587275,13.122100124769172,1,False,True,False,0.0,reconciled-geodesic-20260929-v1,radio-8f6ebc3ec9c0724d
274911647600942,30.75490067182293,20.209900409841214,1,True,False,False,0.0,reconciled-geodesic-20260929-v1,radio-d0786803ae8d0228
275225766365911,32.82758856,13.12972132,1,False,True,True,0.0,reconciled-geodesic-20260929-v1,radio-5e2a29a2f4d43503
275321460522584,32.856000756135934,13.264800579512057,1,True,False,False,0.0,reconciled-geodesic-20260929-v1,radio-1c620c44485d021a
275737892361353,32.101600484968365,20.144300328121762,1,True,False,False,0.0,reconciled-geodesic-20260929-v1,radio-b170da028b6b8a08
276196614842818,32.549800622505934,14.361600386590206,1,True,False,False,0.0,reconciled-geodesic-20260929-v1,radio-8e41f80f41f0d201
276210307574380,32.90016560651544,13.221359348463375,1,False,True,False,0.0,reconciled-geodesic-20260929-v1,radio-77ab29a7be76921a
276595735104644,32.63890021803394,20.949800522871485,2,True,True,False,0.04112658020957084,reconciled-geodesic-20260929-v1,radio-472a73e366eaa716
276998730842106,32.83970061678338,13.247900416473184,1,True,False,False,0.0,reconciled-geodesic-20260929-v1,radio-cf204839ed133a60
277095775636419,32.01011844268637,20.104332428058058,1,False,True,False,0.0,reconciled-geodesic-20260929-v1,radio-a791be0826843420
277644374048172,32.82450054823487,13.081700972876822,1,True,False,False,0.0,reconciled-geodesic-20260929-v1,radio-8f8c201181529adf
277717134355924,32.87350038694982,13.305900949750422,1,True,False,False,0.0,reconciled-geodesic-20260929-v1,radio-fb7b7340e1b562d5
277731143759689,32.867500232663666,13.182900640522588,2,True,True,False,18.737066363085116,reconciled-geodesic-20260929-v1,radio-b270a2a5596651be
277745554351794,30.77520044230974,20.280400388690285,1,True,False,False,0.0,reconciled-geodesic-20260929-v1,radio-f64a9c2d5f52c6a8
277820622951250,31.45490090130092,15.257200771712961,1,False,True,False,0.0,reconciled-geodesic-20260929-v1,radio-33e55527cbb2ea9e
277829332587241,32.1303995,20.0975564,3,False,True,False,0.0,reconciled-geodesic-20260929-v1,radio-863634dd4245d52e
277946322900597,32.50160079144585,20.886900870317323,1,False,True,False,0.0,reconciled-geodesic-20260929-v1,radio-9a1a0fe253cc0185
277992607335575,32.78270058095394,12.990300207597151,1,False,True,False,0.0,reconciled-geodesic-20260929-v1,radio-f9d4fa3400e16f7d
278196471189530,27.048000741254505,14.409600501939067,1,False,True,False,0.0,reconciled-geodesic-20260929-v1,radio-a46923baff660959
278301426681257,32.57530030001144,13.175300496879153,1,True,False,False,0.0,reconciled-geodesic-20260929-v1,radio-fb74e5f1e725c8de
278402811935902,32.1158838,20.1085827,1,True,False,False,0.0,reconciled-geodesic-20260929-v1,radio-3f78f62b3a6215a9
278509390873112,32.77120060045331,13.580400834461049,1,False,True,False,0.0,reconciled-geodesic-20260929-v1,radio-e0781e0a6c6c9081
278548208286005,32.88500078203835,13.378000431790715,1,False,True,False,0.0,reconciled-geodesic-20260929-v1,radio-271ccdd7a2a25e45
278576877677031,31.729700144234172,11.804900947641002,1,False,True,False,0.0,reconciled-geodesic-20260929-v1,radio-5987416e8a4b4856
278707932632839,32.1144805281128,20.06188591212452,1,False,True,False,0.0,reconciled-geodesic-20260929-v1,radio-ab6431081996eab3
278852002063464,32.50840047350917,13.256100151977932,1,False,True,False,0.0,reconciled-geodesic-20260929-v1,radio-bbd8cccc1b89aa3f
279089165229773,32.75800040702166,13.143100796255432,1,False,True,False,0.0,reconciled-geodesic-20260929-v1,radio-4381d8851fcea33d
279150144271716,32.664700876347005,13.251000478853157,1,False,True,False,0.0,reconciled-geodesic-20260929-v1,radio-5e386966aecba82b
279216272547113,32.79540028861795,13.580600550516035,1,False,True,False,0.0,reconciled-geodesic-20260929-v1,radio-3c128b3d69449444
279281277819882,32.03170048944221,21.180200804519572,1,False,True,False,0.0,reconciled-geodesic-20260929-v1,radio-4f974148b32d4f51
279429546025132,32.03830035139882,20.05448613515717,1,True,False,False,0.0,reconciled-geodesic-20260929-v1,radio-00f7243d59d921da
279473777518506,32.10663986206055,20.16496467590332,1,False,True,False,0.0,reconciled-geodesic-20260929-v1,radio-a0a796cd1a8f4add
279758821096369,32.091200297955574,20.091700259464883,1,True,False,False,0.0,reconciled-geodesic-20260929-v1,radio-c0423f43a6da1f6c
279907125432025,32.82291030883789,13.279258728027344,1,False,True,False,0.0,reconciled-geodesic-20260929-v1,radio-e04ca5b67548f94d
280333471565090,32.79870012059096,13.074300256235501,1,True,False,False,0.0,reconciled-geodesic-20260929-v1,radio-044ff5f26a224c29
280374496552577,32.765000926175155,12.753900942216312,1,True,False,False,0.0,reconciled-geodesic-20260929-v1,radio-9cd671535a9054c3
280433792639181,32.628800161304,14.287000648422802,1,False,True,False,0.0,reconciled-geodesic-20260929-v1,radio-bb497bf62b709a8d
280448290432557,32.01060036127953,20.08330028676379,2,True,True,False,41.071599363386646,reconciled-geodesic-20260929-v1,radio-1fe7522766d12bae
280565746778630,32.2329436,20.1920822,1,True,False,False,0.0,reconciled-geodesic-20260929-v1,radio-e9b9a0b6ccebd7c2
280646288815939,31.96910285949707,20.032306671142575,1,False,True,True,0.0,reconciled-geodesic-20260929-v1,radio-3e3b938e9e7af53e
280656782578836,32.054700593961776,20.109700570638893,1,False,True,False,0.0,reconciled-geodesic-20260929-v1,radio-ba2184ed795ff158
280722314636275,32.09800075984181,12.924500335816582,1,True,False,False,0.0,reconciled-geodesic-20260929-v1,radio-597958a46f35c1d8
280727353636193,24.20580048358625,23.28890067333009,1,False,True,False,0.0,reconciled-geodesic-20260929-v1,radio-0582099ad4ea867b
280795785032958,31.658600938674,20.013800945775454,1,False,True,False,0.0,reconciled-geodesic-20260929-v1,radio-9f1c48c6aaaf4108
280840620201020,32.855800528029796,13.116600972619123,1,True,False,False,0.0,reconciled-geodesic-20260929-v1,radio-95d6e142a35dd0fe
281067420599484,30.757800977907262,20.240100666864215,1,True,False,False,0.0,reconciled-geodesic-20260929-v1,radio-4fb741a54db27642
281197447236264,32.87610014082866,13.268300291711379,1,True,False,False,0.0,reconciled-geodesic-20260929-v1,radio-0228614edebde595
281390107672157,32.83350079286413,13.191400202118166,1,True,False,False,0.0,reconciled-geodesic-20260929-v1,radio-1bfee7e2607bb1d5
