mcc,mnc,rat,region_id,site_id,radio_id,latitude,longitude,location_group,location_conflict,source_verified,any_source_verified_in_group,owner_confirmed_almadar,owner_confirmed_records,operator,observation_count,first_seen_ms,last_seen_ms,source_files,source_record_ids,representative_record_id,location_diameter_m,coordinate_policy,physical_site_id
606,1,LTE,4001,4325,radio-0011933838b467fa,32.59410054415469,14.320200849952835,1,False,False,False,True,1,Al-Madar,1,1776988800000,1787529600000,Libyan_cells_dataset/cells.sqlite3,sqlite:417,sqlite:417,0.0,"observed_coordinate_medoid; source reference, not survey truth",130188365616338
606,0,GSM,4380,1191,radio-0038add53de760fe,32.09030042938353,20.10580011837071,1,False,False,True,False,0,Libyana,6,1782086400000,1782127474000,Libyan_cells_dataset/cells.sqlite3|data/new_data/libya_collected_antennas/cellmapper/cellmapper_libya_antennas.csv,collected:999|sqlite:2793|sqlite:2816|sqlite:2878|sqlite:2927|sqlite:2961,sqlite:2961,4.503589273560592,"observed_coordinate_medoid; source reference, not survey truth",175720063173254
606,0,LTE,2090,1398,radio-00698726561a4da9,32.724500584817314,13.76070079400155,1,False,False,False,False,0,Libyana,1,1770422400000,1786924800000,Libyan_cells_dataset/cells.sqlite3,sqlite:1028,sqlite:1028,0.0,"observed_coordinate_medoid; source reference, not survey truth",105971580271926
606,0,LTE,4011,4241,radio-00834da0998293d3,32.50580030080418,14.48640021601388,1,False,False,False,False,0,Libyana,1,1773187200000,1773273600000,Libyan_cells_dataset/cells.sqlite3,sqlite:435,sqlite:435,0.0,"observed_coordinate_medoid; source reference, not survey truth",64053719388722
606,0,LTE,4,2093,radio-0085632ca99a7ed1,32.780400808248956,12.700800201826297,1,False,False,False,False,0,Libyana,1,1761177600000,1761955200000,Libyan_cells_dataset/cells.sqlite3,sqlite:242,sqlite:242,0.0,"observed_coordinate_medoid; source reference, not survey truth",101405398468180
606,1,UMTS,1021,1156,radio-00a23ab6e6733413,32.862500140520986,13.268300719210707,1,False,False,False,False,0,Al-Madar,2,1778630400000,1783728000000,Libyan_cells_dataset/cells.sqlite3,sqlite:1572|sqlite:1694,sqlite:1694,0.04650700222118918,"observed_coordinate_medoid; source reference, not survey truth",18353746079201
606,1,UMTS,1011,18,radio-00a4efc64aa596f2,32.88530034659871,13.202000867248783,1,False,False,False,False,0,Al-Madar,4,1576713600000,1576713600000,Libyan_cells_dataset/cells.sqlite3,sqlite:1792|sqlite:1842|sqlite:2042|sqlite:2142,sqlite:1792,0.08972480952269993,"observed_coordinate_medoid; source reference, not survey truth",43408031617824
606,1,LTE,1240,100271,radio-00abfc01206efba1,31.632500843066325,20.36600068364212,1,False,False,False,True,1,Al-Madar,1,1785628800000,1785974400000,Libyan_cells_dataset/cells.sqlite3,sqlite:549,sqlite:549,0.0,"observed_coordinate_medoid; source reference, not survey truth",122057400194772
606,1,LTE,8,88,radio-00d46f2e689ac6eb,32.882000971117414,13.24270027728693,1,False,False,False,True,1,Al-Madar,1,1782086400000,1782086400000,Libyan_cells_dataset/cells.sqlite3,sqlite:517,sqlite:517,0.0,"observed_coordinate_medoid; source reference, not survey truth",241013236198375
606,1,UMTS,1030,3155,radio-00f7243d59d921da,32.03830035139882,20.05448613515717,1,False,False,False,False,0,Al-Madar,11,1579824000000,1789634408000,Libyan_cells_dataset/cells.sqlite3|data/new_data/libya_collected_antennas/cellmapper/cellmapper_libya_antennas.csv,collected:679|collected:680|collected:681|collected:682|collected:683|collected:684|sqlite:1394|sqlite:1445|sqlite:1978|sqlite:2026|sqlite:2127,collected:679,213.87596374932568,"observed_coordinate_medoid; source reference, not survey truth",279429546025132
606,1,LTE,4101,4928,radio-00fc5ccf9d438f4d,32.73270055578993,13.330600286271652,1,False,False,False,True,1,Al-Madar,1,1759881600000,1777248000000,Libyan_cells_dataset/cells.sqlite3,sqlite:54,sqlite:54,0.0,"observed_coordinate_medoid; source reference, not survey truth",220580874503379
606,0,LTE,6390,1124,radio-010b50a78a66c4b6,32.134490966797,20.190263748169,1,False,False,False,False,0,Libyana,2,1570924800000,1570930964000,Libyan_cells_dataset/cells.sqlite3|data/new_data/libya_collected_antennas/cellmapper/cellmapper_libya_antennas.csv,collected:2048|sqlite:1160,collected:2048,3.6134938814976136,"observed_coordinate_medoid; source reference, not survey truth",119488254450592
606,1,UMTS,300,4184,radio-013331a1fadac684,32.64460094887731,14.251000338107204,1,False,False,False,False,0,Al-Madar,1,1777420800000,1777420800000,Libyan_cells_dataset/cells.sqlite3,sqlite:1327,sqlite:1327,0.0,"observed_coordinate_medoid; source reference, not survey truth",3954977531391
606,1,UMTS,2,204,radio-013bb4eb76345a9c,32.85200039727708,13.26960033326968,1,False,False,False,False,0,Al-Madar,4,1597795200000,1597795200000,Libyan_cells_dataset/cells.sqlite3,sqlite:1829|sqlite:1879|sqlite:2079|sqlite:2179,sqlite:1829,0.08024459403332114,"observed_coordinate_medoid; source reference, not survey truth",257085552626324
606,0,LTE,6310,1028,radio-013cde87c879d76e,32.1167542,20.0938225,1,False,True,True,False,0,Libyana,10,1572393600000,1789910962000,Libyan_cells_dataset/cells.sqlite3|data/new_data/libya_collected_antennas/cellmapper/cellmapper_libya_antennas.csv,collected:1511|collected:1512|collected:1513|collected:1514|collected:1515|collected:1516|collected:1517|collected:1518|collected:1519|sqlite:1164,collected:1511,5.553028181730596,"observed_coordinate_medoid; source reference, not survey truth",80802718383611
606,0,LTE,1710,1433,radio-0148ef24847e8b48,32.856200772021545,13.203200323753158,1,False,False,False,False,0,Libyana,1,1755561600000,1787529600000,Libyan_cells_dataset/cells.sqlite3,sqlite:779,sqlite:779,0.0,"observed_coordinate_medoid; source reference, not survey truth",214739997231168
606,1,GSM,2002,1485,radio-016afcb4a1f958f6,32.47050041772396,14.570300863182352,1,False,False,False,False,0,Al-Madar,4,1552694400000,1566604800000,Libyan_cells_dataset/cells.sqlite3,sqlite:3849|sqlite:3891|sqlite:3923|sqlite:3976,sqlite:3891,0.09857553434477981,"observed_coordinate_medoid; source reference, not survey truth",132383194554212
606,0,LTE,6340,1107,radio-016f3e0bf4c21005,32.85906833333333,13.223118333333332,1,False,False,False,False,0,Libyana,6,1642537769000,1790108351000,data/new_data/libya_collected_antennas/cellmapper/cellmapper_libya_antennas.csv,collected:1976|collected:1977|collected:1978|collected:1979|collected:1980|collected:1981,collected:1976,0.0,"observed_coordinate_medoid; source reference, not survey truth",84397574198377
606,1,LTE,3,829,radio-0196adc16332ac6e,32.77720091435725,13.010500964094819,1,False,False,False,True,1,Al-Madar,1,1773792000000,1781827200000,Libyan_cells_dataset/cells.sqlite3,sqlite:215,sqlite:215,0.0,"observed_coordinate_medoid; source reference, not survey truth",89687084810402
606,0,LTE,2040,3206,radio-019de2bce6c54fc3,30.215700934088623,10.470000820543188,1,False,False,False,False,0,Libyana,1,1783555200000,1783641600000,Libyan_cells_dataset/cells.sqlite3,sqlite:1291,sqlite:1291,0.0,"observed_coordinate_medoid; source reference, not survey truth",269103443488153
606,0,UMTS,5310,1480,radio-01c5a79598cf9f95,32.12324662369948,20.09368129538903,1,False,False,False,False,0,Libyana,2,1788116160000,1789197126000,data/new_data/libya_collected_antennas/cellmapper/cellmapper_libya_antennas.csv,collected:1154|collected:1155,collected:1154,0.0,"observed_coordinate_medoid; source reference, not survey truth",219865274098132
606,0,UMTS,5310,1176,radio-01d2190c89bc7215,32.1025121,20.1027331,1,False,True,True,False,0,Libyana,3,1763676361000,1788116176000,data/new_data/libya_collected_antennas/cellmapper/cellmapper_libya_antennas.csv,collected:1198|collected:1199|collected:1200,collected:1198,0.0,"observed_coordinate_medoid; source reference, not survey truth",37417770413667
606,0,GSM,8205,1526,radio-01e881b8bb32ce2a,32.37150073709295,12.706300296891802,1,False,False,False,False,0,Libyana,1,1774310400000,1774310400000,Libyan_cells_dataset/cells.sqlite3,sqlite:3497,sqlite:3497,0.0,"observed_coordinate_medoid; source reference, not survey truth",157721817222453
606,1,LTE,4011,4208,radio-01eb245ce5ff4f9f,32.479000359734194,14.513000147667576,1,False,False,False,True,1,Al-Madar,1,1773187200000,1782518400000,Libyan_cells_dataset/cells.sqlite3,sqlite:433,sqlite:433,0.0,"observed_coordinate_medoid; source reference, not survey truth",147669936411059
606,1,LTE,4001,4322,radio-020ddc567ebd1195,32.62410045026193,14.304700178277608,1,False,False,False,True,1,Al-Madar,1,1776988800000,1786838400000,Libyan_cells_dataset/cells.sqlite3,sqlite:407,sqlite:407,0.0,"observed_coordinate_medoid; source reference, not survey truth",89645980889325
606,0,LTE,2120,1831,radio-020fd20fd232f2cf,32.81175994873047,13.274154663085938,1,False,False,False,False,0,Libyana,8,1758499200000,1783990907000,Libyan_cells_dataset/cells.sqlite3|data/new_data/libya_collected_antennas/cellmapper/cellmapper_libya_antennas.csv,collected:105|collected:106|collected:107|collected:108|collected:109|collected:110|collected:111|sqlite:790,collected:105,6.191600693872381,"observed_coordinate_medoid; source reference, not survey truth",28196002167307
606,1,UMTS,1021,1797,radio-0228614edebde595,32.87610014082866,13.268300291711379,1,False,False,False,False,0,Al-Madar,2,1767225600000,1789084800000,Libyan_cells_dataset/cells.sqlite3,sqlite:1560|sqlite:1691,sqlite:1691,0.03382932654697465,"observed_coordinate_medoid; source reference, not survey truth",281197447236264
606,1,LTE,4,2281,radio-02363fe70cc126dd,32.47610083383285,12.676900115838256,1,False,False,False,True,1,Al-Madar,1,1774310400000,1774310400000,Libyan_cells_dataset/cells.sqlite3,sqlite:294,sqlite:294,0.0,"observed_coordinate_medoid; source reference, not survey truth",267753793089466
606,1,LTE,4,2127,radio-024add6eb103cb18,32.78190056939978,12.801000479762894,1,False,False,False,True,1,Al-Madar,1,1771718400000,1782172800000,Libyan_cells_dataset/cells.sqlite3,sqlite:261,sqlite:261,0.0,"observed_coordinate_medoid; source reference, not survey truth",248386678589150
606,0,LTE,1030,4065,radio-0263e9fe3e3c65a0,32.53930048492505,14.372400855167838,1,False,False,False,False,0,Libyana,1,1782777600000,1782864000000,Libyan_cells_dataset/cells.sqlite3,sqlite:1111,sqlite:1111,0.0,"observed_coordinate_medoid; source reference, not survey truth",145292934490818
606,0,LTE,6440,4503,radio-026aa81c5c4f16e9,24.199200179748804,23.29890085372798,1,False,False,False,False,0,Libyana,1,1773187200000,1785369600000,Libyan_cells_dataset/cells.sqlite3,sqlite:1280,sqlite:1280,0.0,"observed_coordinate_medoid; source reference, not survey truth",190432311727326
606,0,LTE,2090,1689,radio-02b163d7318522e8,32.74280081633833,13.706300648302621,1,False,False,False,False,0,Libyana,1,1575417600000,1787184000000,Libyan_cells_dataset/cells.sqlite3,sqlite:1023,sqlite:1023,0.0,"observed_coordinate_medoid; source reference, not survey truth",178187770030301
606,0,LTE,6390,1131,radio-02f1adcd45514b56,32.88009334515922,13.170935075494308,1,False,False,False,False,0,Libyana,5,1768568064000,1789500226000,data/new_data/libya_collected_antennas/cellmapper/cellmapper_libya_antennas.csv,collected:2084|collected:2085|collected:2086|collected:2087|collected:2088,collected:2084,0.0,"observed_coordinate_medoid; source reference, not survey truth",250245023856874
606,0,LTE,6310,1106,radio-0300a27be28b35cd,32.1387244,20.1016183,1,False,True,True,False,0,Libyana,6,1581232108000,1788116161000,data/new_data/libya_collected_antennas/cellmapper/cellmapper_libya_antennas.csv,collected:1970|collected:1971|collected:1972|collected:1973|collected:1974|collected:1975,collected:1970,0.0,"observed_coordinate_medoid; source reference, not survey truth",100067423153380
606,0,LTE,6390,1090,radio-0300e95e835f73dd,32.2100194,20.1694755,1,False,True,True,False,0,Libyana,3,1768568062000,1786629194000,data/new_data/libya_collected_antennas/cellmapper/cellmapper_libya_antennas.csv,collected:524|collected:525|collected:526,collected:524,0.0,"observed_coordinate_medoid; source reference, not survey truth",213357765012422
606,0,GSM,4400,1090,radio-032028d4da99e616,32.2100005844261,20.16950076659281,1,False,False,False,False,0,Libyana,1,1706745600000,1786665600000,Libyan_cells_dataset/cells.sqlite3,sqlite:3023,sqlite:3023,0.0,"observed_coordinate_medoid; source reference, not survey truth",213357765012422
606,0,GSM,4350,1109,radio-036b69f9218c54de,32.0837007182663,20.0862004967627,1,False,False,False,False,0,Libyana,6,1556668800000,1557964800000,Libyan_cells_dataset/cells.sqlite3,sqlite:2727|sqlite:2773|sqlite:2811|sqlite:2867|sqlite:2915|sqlite:3076,sqlite:3076,0.08435203473415462,"observed_coordinate_medoid; source reference, not survey truth",139348528489238
606,0,UMTS,5310,1021,radio-036e1cac0f597b81,32.132502,20.102193,1,False,True,True,False,0,Libyana,1,1563845562000,1563845568000,data/new_data/libya_collected_antennas/cellmapper/cellmapper_libya_antennas.csv,collected:1050,collected:1050,0.0,"observed_coordinate_medoid; source reference, not survey truth",211781988157525
606,1,GSM,2004,1143,radio-0371f322ea165495,32.35510078978783,15.025500234751357,1,False,False,False,False,0,Al-Madar,3,1572220800000,1572220800000,Libyan_cells_dataset/cells.sqlite3,sqlite:3925|sqlite:3935|sqlite:3979,sqlite:3925,0.02092579988654668,"observed_coordinate_medoid; source reference, not survey truth",10371369064126
606,1,GSM,10,2122,radio-03829999dc2e45b1,32.70990055335726,13.19450055529047,1,False,False,False,False,0,Al-Madar,6,1778889600000,1779408000000,Libyan_cells_dataset/cells.sqlite3,sqlite:3714|sqlite:3760|sqlite:3811|sqlite:4008|sqlite:4053|sqlite:4127,sqlite:4008,0.11271556829613429,"observed_coordinate_medoid; source reference, not survey truth",253570723326960
606,1,GSM,1115,1351,radio-03933e7c7049b92a,31.654600251811026,20.007800942855788,1,False,False,False,False,0,Al-Madar,1,1744416000000,1783036800000,Libyan_cells_dataset/cells.sqlite3,sqlite:4248,sqlite:4248,0.0,"observed_coordinate_medoid; source reference, not survey truth",97484402437244
606,1,GSM,2036,1938,radio-039beba967c11b16,32.40510037417439,13.547300964670738,1,False,False,False,False,0,Al-Madar,1,1775260800000,1779408000000,Libyan_cells_dataset/cells.sqlite3,sqlite:3960,sqlite:3960,0.0,"observed_coordinate_medoid; source reference, not survey truth",227079046322942
606,0,GSM,4400,4246,radio-03af6cb164d55547,32.20030077456447,20.156100695503905,1,False,False,False,False,0,Libyana,1,1772496000000,1786665600000,Libyan_cells_dataset/cells.sqlite3,sqlite:3021,sqlite:3021,0.0,"observed_coordinate_medoid; source reference, not survey truth",152069700523435
606,0,LTE,6320,1101,radio-03ba376a4230d504,32.12050059217216,20.07080029362285,1,False,False,False,False,0,Libyana,2,1646438400000,1647166730000,Libyan_cells_dataset/cells.sqlite3|data/new_data/libya_collected_antennas/cellmapper/cellmapper_libya_antennas.csv,collected:1955|sqlite:1176,sqlite:1176,2.911160772370349,"observed_coordinate_medoid; source reference, not survey truth",68770342155525
606,0,LTE,6310,1158,radio-03c36a540829de10,32.08953439469224,20.064135236105404,1,False,False,False,False,0,Libyana,4,1572394046000,1789521941000,data/new_data/libya_collected_antennas/cellmapper/cellmapper_libya_antennas.csv,collected:2199|collected:2200|collected:2201|collected:2202,collected:2199,0.0,"observed_coordinate_medoid; source reference, not survey truth",122748306440834
606,0,LTE,2040,3524,radio-03c95436101d0b1c,31.87960076688882,11.480600926085556,1,False,False,False,False,0,Libyana,1,1783555200000,1783555200000,Libyan_cells_dataset/cells.sqlite3,sqlite:1297,sqlite:1297,0.0,"observed_coordinate_medoid; source reference, not survey truth",168148077846082
606,0,GSM,4350,1153,radio-03db47977e1a4201,32.0906891,20.1007781,1,False,True,True,False,0,Libyana,1,1595307292000,1595307304000,data/new_data/libya_collected_antennas/cellmapper/cellmapper_libya_antennas.csv,collected:1009,collected:1009,0.0,"observed_coordinate_medoid; source reference, not survey truth",4850046563305
606,0,UMTS,1510,1570,radio-03f62b1ac5a622f1,32.83010044302363,13.020400273043599,1,False,False,False,False,0,Libyana,4,1772668800000,1772841600000,Libyan_cells_dataset/cells.sqlite3,sqlite:2233|sqlite:2282|sqlite:2320|sqlite:2408,sqlite:2282,0.07974597796957342,"observed_coordinate_medoid; source reference, not survey truth",115618093138928
606,0,GSM,9160,4643,radio-03fa3ad5ff5a2c50,26.102700881031108,14.830800971511943,1,False,False,False,False,0,Libyana,1,1683244800000,1683244800000,Libyan_cells_dataset/cells.sqlite3,sqlite:3610,sqlite:3610,0.0,"observed_coordinate_medoid; source reference, not survey truth",148518689334561
606,1,LTE,3,778,radio-0408cb24b9711747,32.83440012348053,13.068700902816484,1,False,False,False,True,1,Al-Madar,1,1762214400000,1771459200000,Libyan_cells_dataset/cells.sqlite3,sqlite:191,sqlite:191,0.0,"observed_coordinate_medoid; source reference, not survey truth",134058690581443
606,1,UMTS,1030,3156,radio-04098303d9431ba7,32.05845401598042,20.06209510305665,1,False,False,False,False,0,Al-Madar,5,1579840360000,1789634408000,data/new_data/libya_collected_antennas/cellmapper/cellmapper_libya_antennas.csv,collected:1271|collected:1272|collected:1273|collected:1274|collected:1275,collected:1271,0.0,"observed_coordinate_medoid; source reference, not survey truth",58103554660991
606,0,LTE,1910,1997,radio-041ed1ccbc2fd220,32.90745249573943,13.245674809507207,1,False,False,False,False,0,Libyana,6,1757830437000,1786862131000,data/new_data/libya_collected_antennas/cellmapper/cellmapper_libya_antennas.csv,collected:610|collected:611|collected:612|collected:613|collected:614|collected:615,collected:610,0.0,"observed_coordinate_medoid; source reference, not survey truth",84046471935543
606,1,LTE,10,286,radio-042955d76746ac15,32.803000556087085,13.223800312010063,1,False,False,False,True,1,Al-Madar,1,1607558400000,1782864000000,Libyan_cells_dataset/cells.sqlite3,sqlite:324,sqlite:324,0.0,"observed_coordinate_medoid; source reference, not survey truth",246467126568407
606,0,LTE,6410,2033,radio-04297e627e1aefdb,32.767100604935955,21.78530087840877,1,False,False,False,False,0,Libyana,2,1780704000000,1780718962000,Libyan_cells_dataset/cells.sqlite3|data/new_data/libya_collected_antennas/cellmapper/cellmapper_libya_antennas.csv,collected:337|sqlite:1197,sqlite:1197,4.703485851208789,"observed_coordinate_medoid; source reference, not survey truth",110791972070246
606,1,LTE,14,63,radio-043a3ab0cffd884c,32.81540014333022,13.129500559633028,1,False,False,False,True,1,Al-Madar,1,1754265600000,1782864000000,Libyan_cells_dataset/cells.sqlite3,sqlite:511,sqlite:511,0.0,"observed_coordinate_medoid; source reference, not survey truth",122179639880137
606,1,LTE,3,969,radio-044ff5f26a224c29,32.79870012059096,13.074300256235501,1,False,False,False,True,1,Al-Madar,1,1782691200000,1784073600000,Libyan_cells_dataset/cells.sqlite3,sqlite:207,sqlite:207,0.0,"observed_coordinate_medoid; source reference, not survey truth",280333471565090
606,0,UMTS,1510,6241,radio-045925db5d490f26,32.81660015788033,12.980300689057142,1,False,False,False,False,0,Libyana,2,1772668800000,1772755200000,Libyan_cells_dataset/cells.sqlite3,sqlite:2327|sqlite:2415,sqlite:2327,0.039040727482774325,"observed_coordinate_medoid; source reference, not survey truth",6304185191709
606,0,UMTS,5330,1094,radio-045d154de75d5e92,32.1071783,20.1181575,1,False,True,True,False,0,Libyana,4,1565427407000,1788116172000,data/new_data/libya_collected_antennas/cellmapper/cellmapper_libya_antennas.csv,collected:857|collected:858|collected:859|collected:860,collected:857,0.0,"observed_coordinate_medoid; source reference, not survey truth",13191507791249
606,1,UMTS,330,3342,radio-04cd08f322c08dbe,31.86090078191834,11.492300798565413,1,False,False,False,False,0,Al-Madar,1,1783555200000,1783555200000,Libyan_cells_dataset/cells.sqlite3,sqlite:1676,sqlite:1676,0.0,"observed_coordinate_medoid; source reference, not survey truth",210094469450820
606,0,UMTS,1610,1033,radio-04fa3fdd762db8bf,32.853500455810185,13.110500204432642,1,False,False,False,False,0,Libyana,1,1781740800000,1781740800000,Libyan_cells_dataset/cells.sqlite3,sqlite:2329,sqlite:2329,0.0,"observed_coordinate_medoid; source reference, not survey truth",25849124809743
606,1,LTE,10,106,radio-053147c0a943a9d0,32.768000324829416,13.115100138308435,1,False,False,False,True,1,Al-Madar,1,1768780800000,1769212800000,Libyan_cells_dataset/cells.sqlite3,sqlite:350,sqlite:350,0.0,"observed_coordinate_medoid; source reference, not survey truth",179888706322353
606,0,LTE,2110,3949,radio-0535cdba68748dc3,32.59690042521761,13.708500149397157,1,False,False,False,False,0,Libyana,1,1781308800000,1781308800000,Libyan_cells_dataset/cells.sqlite3,sqlite:1014,sqlite:1014,0.0,"observed_coordinate_medoid; source reference, not survey truth",90578904859652
606,0,LTE,4,2098,radio-053a68389836ae62,32.7894003190132,12.82510026947075,1,False,False,False,False,0,Libyana,1,1771718400000,1782086400000,Libyan_cells_dataset/cells.sqlite3,sqlite:223,sqlite:223,0.0,"observed_coordinate_medoid; source reference, not survey truth",75825816204816
606,0,GSM,4340,1026,radio-0552a3abaa57fbc7,32.10200090197864,20.100800766991608,1,False,False,False,False,0,Libyana,1,1595289600000,1782086400000,Libyan_cells_dataset/cells.sqlite3,sqlite:2990,sqlite:2990,0.0,"observed_coordinate_medoid; source reference, not survey truth",180901156936102
606,0,LTE,6350,4019,radio-0555faee2a9f32b0,30.774500892483154,20.238900974545402,1,False,False,False,False,0,Libyana,1,1782086400000,1782086400000,Libyan_cells_dataset/cells.sqlite3,sqlite:1212,sqlite:1212,0.0,"observed_coordinate_medoid; source reference, not survey truth",259945906286926
606,1,LTE,4101,4615,radio-056534a47c2757e6,32.76230029393728,13.305300983912241,1,False,False,False,True,1,Al-Madar,1,1773100800000,1777248000000,Libyan_cells_dataset/cells.sqlite3,sqlite:364,sqlite:364,0.0,"observed_coordinate_medoid; source reference, not survey truth",265501011095799
606,0,LTE,6440,4501,radio-0582099ad4ea867b,24.20580048358625,23.28890067333009,1,False,False,False,False,0,Libyana,1,1773360000000,1786147200000,Libyan_cells_dataset/cells.sqlite3,sqlite:1277,sqlite:1277,0.0,"observed_coordinate_medoid; source reference, not survey truth",280727353636193
606,0,UMTS,5390,1116,radio-05a1d7e2a2592137,32.2033729,20.1574391,1,False,True,True,False,0,Libyana,5,1702217182000,1788116175000,data/new_data/libya_collected_antennas/cellmapper/cellmapper_libya_antennas.csv,collected:1103|collected:1104|collected:1105|collected:1106|collected:1107,collected:1103,0.0,"observed_coordinate_medoid; source reference, not survey truth",229669358410401
606,1,GSM,2003,1159,radio-05a45970fcb5c37b,32.39250084091105,15.119900398171941,1,False,False,False,False,0,Al-Madar,3,1665878400000,1665878400000,Libyan_cells_dataset/cells.sqlite3,sqlite:3916|sqlite:3934|sqlite:3968,sqlite:3934,0.012198932018706943,"observed_coordinate_medoid; source reference, not survey truth",81564791518124
606,1,LTE,4111,4865,radio-05ad0e1a33fbc818,32.43840062108961,13.638700112120423,1,False,False,False,True,1,Al-Madar,1,1774483200000,1777420800000,Libyan_cells_dataset/cells.sqlite3,sqlite:110,sqlite:110,0.0,"observed_coordinate_medoid; source reference, not survey truth",56214008489870
606,1,LTE,10,104,radio-05b1e187088978be,32.69160079453521,13.150600354621625,1,False,False,False,True,1,Al-Madar,1,1747267200000,1782864000000,Libyan_cells_dataset/cells.sqlite3,sqlite:339,sqlite:339,0.0,"observed_coordinate_medoid; source reference, not survey truth",111327515422794
606,0,UMTS,5330,1059,radio-05b3098ed46d38bc,32.1625555,20.1170534,1,False,True,True,False,0,Libyana,3,1563845488000,1788116175000,data/new_data/libya_collected_antennas/cellmapper/cellmapper_libya_antennas.csv,collected:1076|collected:1077|collected:1078,collected:1076,0.0,"observed_coordinate_medoid; source reference, not survey truth",151870325039185
606,1,LTE,10,949,radio-05b37b42e780aca9,32.81000040374969,13.173500406081446,1,False,False,False,True,1,Al-Madar,1,1763596800000,1763596800000,Libyan_cells_dataset/cells.sqlite3,sqlite:320,sqlite:320,0.0,"observed_coordinate_medoid; source reference, not survey truth",31115868613033
606,1,UMTS,2011,59,radio-05b53b3e94c0f762,32.84120034456331,13.102700961695632,1,False,False,False,False,0,Al-Madar,4,1576713600000,1576800000000,Libyan_cells_dataset/cells.sqlite3,sqlite:1801|sqlite:1851|sqlite:2051|sqlite:2151,sqlite:2051,0.09714946866108252,"observed_coordinate_medoid; source reference, not survey truth",176010204374450
606,1,LTE,4002,5231,radio-05b91fdf9d4d9497,32.6734008413701,13.921600162545515,1,False,False,False,True,1,Al-Madar,1,1775606400000,1777161600000,Libyan_cells_dataset/cells.sqlite3,sqlite:126,sqlite:126,0.0,"observed_coordinate_medoid; source reference, not survey truth",73786481658270
606,0,LTE,1510,6337,radio-05cf68bc793f70e5,32.824700503803165,13.05740025399056,1,False,False,False,False,0,Libyana,1,1781913600000,1786924800000,Libyan_cells_dataset/cells.sqlite3,sqlite:814,sqlite:814,0.0,"observed_coordinate_medoid; source reference, not survey truth",83618344204911
606,0,LTE,6370,4330,radio-05d79f6ea9a9025d,31.209600947378856,16.55370063263955,1,False,False,False,False,0,Libyana,1,1655856000000,1655856000000,Libyan_cells_dataset/cells.sqlite3,sqlite:744,sqlite:744,0.0,"observed_coordinate_medoid; source reference, not survey truth",66031542449661
606,1,LTE,3,536,radio-05d96095ba69da46,32.81340044756584,13.02780018479845,1,False,False,False,True,1,Al-Madar,1,1781827200000,1781827200000,Libyan_cells_dataset/cells.sqlite3,sqlite:173,sqlite:173,0.0,"observed_coordinate_medoid; source reference, not survey truth",197500195682349
606,0,UMTS,5330,1056,radio-0644314080b84acb,32.06050034610687,20.117400863777846,1,False,False,False,False,0,Libyana,4,1558051200000,1781308800000,Libyan_cells_dataset/cells.sqlite3,sqlite:2450|sqlite:2499|sqlite:2548|sqlite:2631,sqlite:2631,0.10069735290657689,"observed_coordinate_medoid; source reference, not survey truth",244043832143267
606,0,LTE,6390,1196,radio-064bf79f2ccf6412,32.09576416015625,20.149452209472656,2,True,False,False,False,0,Libyana,6,1755605178000,1789910964000,data/new_data/libya_collected_antennas/cellmapper/cellmapper_libya_antennas.csv,collected:2375|collected:2376|collected:2377|collected:2378|collected:2379|collected:2380,collected:2375,0.0,"observed_coordinate_medoid; source reference, not survey truth",249992562201084
606,0,LTE,1510,6314,radio-06682eeb3b804ce0,32.784900605994494,13.078600564153009,1,False,False,False,False,0,Libyana,1,1780876800000,1784073600000,Libyan_cells_dataset/cells.sqlite3,sqlite:823,sqlite:823,0.0,"observed_coordinate_medoid; source reference, not survey truth",139294485248825
606,0,LTE,2120,6355,radio-06958d8e2543ee43,32.88485908508301,13.3285813331604,1,False,False,False,False,0,Libyana,4,1758192061000,1786871714000,data/new_data/libya_collected_antennas/cellmapper/cellmapper_libya_antennas.csv,collected:656|collected:657|collected:658|collected:659,collected:656,0.0,"observed_coordinate_medoid; source reference, not survey truth",66452314235426
606,0,LTE,2040,3848,radio-0696ae0af9fd0512,31.777100678129035,11.370300917468953,1,False,False,False,False,0,Libyana,1,1783555200000,1783555200000,Libyan_cells_dataset/cells.sqlite3,sqlite:1293,sqlite:1293,0.0,"observed_coordinate_medoid; source reference, not survey truth",115445027696234
606,1,LTE,4021,5123,radio-06a9780f8408fc72,32.33101736532675,15.036563332016405,1,False,False,False,True,1,Al-Madar,3,1781827200000,1781889345000,Libyan_cells_dataset/cells.sqlite3|data/new_data/libya_collected_antennas/cellmapper/cellmapper_libya_antennas.csv,collected:94|collected:95|sqlite:467,collected:94,3.9523681003804803,"observed_coordinate_medoid; source reference, not survey truth",9069032028786
606,1,LTE,14,275,radio-06b0e6a5b76fd6ec,32.85920088111214,13.09200013861778,1,False,False,False,True,1,Al-Madar,1,1602460800000,1775433600000,Libyan_cells_dataset/cells.sqlite3,sqlite:185,sqlite:185,0.0,"observed_coordinate_medoid; source reference, not survey truth",36807004966856
606,1,UMTS,1030,3236,radio-06d0c3abb7b66550,32.038700609053315,20.077000635236956,1,False,False,False,False,0,Al-Madar,6,1756166400000,1756166400000,Libyan_cells_dataset/cells.sqlite3,sqlite:1360|sqlite:1410|sqlite:1893|sqlite:1942|sqlite:1992|sqlite:2092,sqlite:1410,0.05691550423953737,"observed_coordinate_medoid; source reference, not survey truth",42634128923334
606,1,GSM,4,1875,radio-06f3b369747fd22a,32.768500841743055,12.743800431835572,1,False,False,False,False,0,Al-Madar,5,1779321600000,1782777600000,Libyan_cells_dataset/cells.sqlite3,sqlite:3697|sqlite:3744|sqlite:3795|sqlite:4001|sqlite:4111,sqlite:3697,0.054379877404089415,"observed_coordinate_medoid; source reference, not survey truth",266569237574241
606,1,LTE,2,376,radio-07013390ab741394,32.880000772188886,13.218700854178627,1,False,False,False,True,1,Al-Madar,1,1761609600000,1784764800000,Libyan_cells_dataset/cells.sqlite3,sqlite:160,sqlite:160,0.0,"observed_coordinate_medoid; source reference, not survey truth",65177913694195
606,0,GSM,4330,1012,radio-070f6c7c5478ead2,32.1257589,20.0856213,1,False,True,True,False,0,Libyana,8,1554422400000,1789197126000,Libyan_cells_dataset/cells.sqlite3|data/new_data/libya_collected_antennas/cellmapper/cellmapper_libya_antennas.csv,collected:900|collected:901|collected:902|collected:903|collected:904|collected:905|sqlite:2831|sqlite:2896,collected:900,4.980105179941062,"observed_coordinate_medoid; source reference, not survey truth",144100824973348
606,0,LTE,2150,2094,radio-0723790f12312760,32.76640032914252,12.735000907235916,1,False,False,False,False,0,Libyana,1,1769731200000,1782345600000,Libyan_cells_dataset/cells.sqlite3,sqlite:839,sqlite:839,0.0,"observed_coordinate_medoid; source reference, not survey truth",185469426577647
606,1,LTE,1240,102011,radio-072f9f1e1dd7ac54,31.650700744799558,20.237000787666272,1,False,False,False,True,1,Al-Madar,1,1785369600000,1786147200000,Libyan_cells_dataset/cells.sqlite3,sqlite:589,sqlite:589,0.0,"observed_coordinate_medoid; source reference, not survey truth",250732021087839
606,1,UMTS,1020,3073,radio-0737847ad402e9c5,32.10930081193744,20.08310046472847,1,False,False,False,False,0,Al-Madar,6,1647129600000,1789084800000,Libyan_cells_dataset/cells.sqlite3,sqlite:1385|sqlite:1436|sqlite:1934|sqlite:1969|sqlite:2017|sqlite:2118,sqlite:1934,0.0774590087843033,"observed_coordinate_medoid; source reference, not survey truth",147559578852132
606,1,UMTS,1010,3125,radio-074be8fb75a274b4,32.12130063106697,20.078100943554826,1,False,False,False,False,0,Al-Madar,3,1579824000000,1786665600000,Libyan_cells_dataset/cells.sqlite3,sqlite:1404|sqlite:1455|sqlite:2035,sqlite:1455,0.08157158877936604,"observed_coordinate_medoid; source reference, not survey truth",115239243975820
606,1,LTE,4181,4411,radio-0752df00cc668229,30.766800924075717,20.226100436226005,1,False,False,False,True,1,Al-Madar,1,1774310400000,1782086400000,Libyan_cells_dataset/cells.sqlite3,sqlite:554,sqlite:554,0.0,"observed_coordinate_medoid; source reference, not survey truth",167786350856259
606,0,GSM,8215,4284,radio-075ff228f1414a74,32.492800393260104,14.183200393644048,1,False,False,False,False,0,Libyana,3,1748131200000,1748304000000,Libyan_cells_dataset/cells.sqlite3,sqlite:3131|sqlite:3181|sqlite:3591,sqlite:3181,0.04755242739011723,"observed_coordinate_medoid; source reference, not survey truth",69057573043365
606,1,UMTS,1010,3042,radio-0785bbfaeb9adc1a,32.172395,20.131183333333336,1,False,False,False,False,0,Al-Madar,1,1786723510000,1786723596000,data/new_data/libya_collected_antennas/cellmapper/cellmapper_libya_antennas.csv,collected:1102,collected:1102,0.0,"observed_coordinate_medoid; source reference, not survey truth",181091837181173
606,1,UMTS,304,4262,radio-0786503dc2dc75ba,32.01180048396507,15.042100506764937,1,False,False,False,False,0,Al-Madar,4,1782777600000,1782864000000,Libyan_cells_dataset/cells.sqlite3,sqlite:1461|sqlite:1521|sqlite:1754|sqlite:1933,sqlite:1461,0.04847814624308514,"observed_coordinate_medoid; source reference, not survey truth",54073004094679
606,1,UMTS,1020,3243,radio-078a9b94db23093c,32.10760098984353,20.12020046790493,1,False,False,True,False,0,Al-Madar,7,1771372800000,1789112542000,Libyan_cells_dataset/cells.sqlite3|data/new_data/libya_collected_antennas/cellmapper/cellmapper_libya_antennas.csv,collected:861|sqlite:1380|sqlite:1431|sqlite:1924|sqlite:1964|sqlite:2012|sqlite:2113,sqlite:2012,6.333389399472439,"observed_coordinate_medoid; source reference, not survey truth",26078372734225
606,1,LTE,1220,100801,radio-0792f010ae64599d,32.10110070119875,20.0911008057637,1,False,False,False,True,1,Al-Madar,1,1772236800000,1773964800000,Libyan_cells_dataset/cells.sqlite3,sqlite:679,sqlite:679,0.0,"observed_coordinate_medoid; source reference, not survey truth",259764936922108
606,1,GSM,2036,1760,radio-079ccfb34844e883,32.452600610555386,13.849300198548375,1,False,False,False,False,0,Al-Madar,1,1778889600000,1779408000000,Libyan_cells_dataset/cells.sqlite3,sqlite:3870,sqlite:3870,0.0,"observed_coordinate_medoid; source reference, not survey truth",107730722234702
606,0,GSM,4330,1209,radio-07aa914757282c2a,32.1173451,20.0880225,1,False,True,True,False,0,Libyana,5,1770648003000,1787000798000,data/new_data/libya_collected_antennas/cellmapper/cellmapper_libya_antennas.csv,collected:892|collected:893|collected:894|collected:895|collected:896,collected:892,0.0,"observed_coordinate_medoid; source reference, not survey truth",81662577383916
606,1,UMTS,331,3386,radio-07f5d61aa55c8b87,31.942700341748317,12.222900371045212,1,False,False,False,False,0,Al-Madar,2,1783728000000,1783728000000,Libyan_cells_dataset/cells.sqlite3,sqlite:1664|sqlite:1681,sqlite:1681,0.044850135042304264,"observed_coordinate_medoid; source reference, not survey truth",68833881461766
606,0,GSM,8247,1817,radio-07ff898bbc52c54b,32.82620044302406,13.129400513993412,1,False,False,False,False,0,Libyana,6,1784764800000,1786492800000,Libyan_cells_dataset/cells.sqlite3,sqlite:3243|sqlite:3290|sqlite:3337|sqlite:3418|sqlite:3486|sqlite:3551,sqlite:3243,0.05673575115973141,"observed_coordinate_medoid; source reference, not survey truth",121158641236110
606,1,UMTS,1011,19,radio-0869a9d667d188a9,32.86470034232791,13.191700272976997,1,False,False,False,False,0,Al-Madar,4,1576713600000,1576713600000,Libyan_cells_dataset/cells.sqlite3,sqlite:1793|sqlite:1843|sqlite:2043|sqlite:2143,sqlite:1793,0.0764345146585294,"observed_coordinate_medoid; source reference, not survey truth",72446819309711
606,0,GSM,4410,1003,radio-0870c88801da0d2a,32.090000984982254,20.250900678291753,1,False,False,False,False,0,Libyana,1,1555200000000,1555200000000,Libyan_cells_dataset/cells.sqlite3,sqlite:2973,sqlite:2973,0.0,"observed_coordinate_medoid; source reference, not survey truth",108517442034761
606,0,GSM,4340,1032,radio-0877972b42dc5f72,32.1080044,20.0993783,1,False,True,True,False,0,Libyana,5,1595307266000,1782134526000,data/new_data/libya_collected_antennas/cellmapper/cellmapper_libya_antennas.csv,collected:766|collected:767|collected:768|collected:769|collected:770,collected:766,0.0,"observed_coordinate_medoid; source reference, not survey truth",222886158436662
606,1,LTE,4111,4896,radio-08ad1fdee2179985,32.44110013137379,13.629600577566874,1,False,False,False,True,1,Al-Madar,1,1774483200000,1777420800000,Libyan_cells_dataset/cells.sqlite3,sqlite:109,sqlite:109,0.0,"observed_coordinate_medoid; source reference, not survey truth",56849377862755
606,0,UMTS,2140,1529,radio-08c16f105e5b88d7,32.31240019340876,12.74970070846973,1,False,False,False,False,0,Libyana,1,1774310400000,1774310400000,Libyan_cells_dataset/cells.sqlite3,sqlite:2364,sqlite:2364,0.0,"observed_coordinate_medoid; source reference, not survey truth",245571430565224
606,0,LTE,6330,1142,radio-08c70420f8620b1c,32.1155644,20.1485707,1,False,True,True,False,0,Libyana,10,1570924800000,1788291184000,Libyan_cells_dataset/cells.sqlite3|data/new_data/libya_collected_antennas/cellmapper/cellmapper_libya_antennas.csv,collected:2111|collected:2112|collected:2113|collected:2114|collected:2115|collected:2116|collected:2117|collected:2118|collected:2119|sqlite:1153,collected:2111,4.917771864210598,"observed_coordinate_medoid; source reference, not survey truth",53889859049529
606,0,UMTS,1710,1002,radio-08cd92f7c095948e,32.893700684945486,13.202100640099019,1,False,False,False,False,0,Libyana,1,1575244800000,1575331200000,Libyan_cells_dataset/cells.sqlite3,sqlite:2334,sqlite:2334,0.0,"observed_coordinate_medoid; source reference, not survey truth",107160428376078
606,1,UMTS,1030,3160,radio-08db79872f4b76c5,32.07900073263818,20.063500684315287,1,False,False,False,False,0,Al-Madar,5,1595289600000,1700524800000,Libyan_cells_dataset/cells.sqlite3,sqlite:1400|sqlite:1451|sqlite:1985|sqlite:2031|sqlite:2134,sqlite:1400,0.08280032095079842,"observed_coordinate_medoid; source reference, not survey truth",55063555878110
606,0,LTE,2130,1873,radio-08deecb95e2b53a1,32.71690044216763,13.152400737519958,1,False,False,False,False,0,Libyana,1,1755388800000,1787184000000,Libyan_cells_dataset/cells.sqlite3,sqlite:910,sqlite:910,0.0,"observed_coordinate_medoid; source reference, not survey truth",130386368167558
606,0,LTE,6390,6007,radio-08fff2b0f330cbed,32.44080018855612,20.879800676184242,1,False,False,False,False,0,Libyana,1,1777420800000,1777420800000,Libyan_cells_dataset/cells.sqlite3,sqlite:1201,sqlite:1201,0.0,"observed_coordinate_medoid; source reference, not survey truth",74790772945372
606,1,GSM,1114,1029,radio-09011461aa7bcc26,32.08770094531956,20.238900379212428,1,False,False,True,False,0,Al-Madar,5,1701734400000,1701814004000,Libyan_cells_dataset/cells.sqlite3|data/new_data/libya_collected_antennas/cellmapper/cellmapper_libya_antennas.csv,collected:1035|collected:1036|sqlite:3661|sqlite:4148|sqlite:4203,sqlite:4203,719.9580778006442,"observed_coordinate_medoid; source reference, not survey truth",261894369102111
606,0,UMTS,2040,5005,radio-09075a7879e6e54f,31.961900394988564,12.019500972437351,1,False,False,False,False,0,Libyana,2,1602460800000,1602460800000,Libyan_cells_dataset/cells.sqlite3,sqlite:2326|sqlite:2338,sqlite:2338,0.04441589086538065,"observed_coordinate_medoid; source reference, not survey truth",222229117358215
606,0,LTE,6310,1153,radio-09108c797f3f1336,32.0906891,20.1007781,1,False,True,True,False,0,Libyana,15,1755388800000,1789692142000,Libyan_cells_dataset/cells.sqlite3|data/new_data/libya_collected_antennas/cellmapper/cellmapper_libya_antennas.csv,collected:2154|collected:2155|collected:2156|collected:2157|collected:2158|collected:2159|collected:2160|collected:2161|collected:2162|collected:2163|collected:2164|collected:2165|collected:2166|collected:2167|sqlite:1171,collected:2154,2.4231492829577506,"observed_coordinate_medoid; source reference, not survey truth",4850046563305
606,0,UMTS,5390,6051,radio-093de582404ca426,32.46250088768167,20.85570031179648,1,False,False,False,False,0,Libyana,4,1777420800000,1777420800000,Libyan_cells_dataset/cells.sqlite3,sqlite:2444|sqlite:2493|sqlite:2542|sqlite:2625,sqlite:2493,0.06797614283765303,"observed_coordinate_medoid; source reference, not survey truth",4788913829403
606,0,LTE,2130,1655,radio-0949dbfb823c0345,32.70570045300633,13.093700687583594,1,False,False,False,False,0,Libyana,1,1772582400000,1783728000000,Libyan_cells_dataset/cells.sqlite3,sqlite:883,sqlite:883,0.0,"observed_coordinate_medoid; source reference, not survey truth",251994111036625
606,1,GSM,14,2524,radio-09533a9cbe94adec,32.842500118445486,13.087500728006566,1,False,False,False,False,0,Al-Madar,2,1785715200000,1785715200000,Libyan_cells_dataset/cells.sqlite3,sqlite:4024|sqlite:4067,sqlite:4024,0.07652428203033124,"observed_coordinate_medoid; source reference, not survey truth",155439156365272
606,1,LTE,4131,4474,radio-096f528c95e47673,29.034100917509225,21.54450045483308,1,False,False,False,True,1,Al-Madar,1,1783987200000,1784073600000,Libyan_cells_dataset/cells.sqlite3,sqlite:573,sqlite:573,0.0,"observed_coordinate_medoid; source reference, not survey truth",9646375485572
606,0,UMTS,5410,2430,radio-09755f06395f6edd,32.7721005180047,21.750800879102936,1,False,False,False,False,0,Libyana,1,1773100800000,1773100800000,Libyan_cells_dataset/cells.sqlite3,sqlite:2581,sqlite:2581,0.0,"observed_coordinate_medoid; source reference, not survey truth",81368891839170
606,0,LTE,2120,1381,radio-097729e47a416e28,32.55760050452314,13.248900438152631,1,False,False,False,False,0,Libyana,1,1769990400000,1778889600000,Libyan_cells_dataset/cells.sqlite3,sqlite:801,sqlite:801,0.0,"observed_coordinate_medoid; source reference, not survey truth",12122401879895
606,1,LTE,4011,5135,radio-09b544c65e8c287c,32.472100424745946,14.566200420214756,1,False,False,False,True,1,Al-Madar,1,1773187200000,1778976000000,Libyan_cells_dataset/cells.sqlite3,sqlite:462,sqlite:462,0.0,"observed_coordinate_medoid; source reference, not survey truth",123563802339654
606,0,LTE,1910,1105,radio-09bb4e5ec8a809ce,32.89509698619013,13.255086152449898,1,False,False,False,False,0,Libyana,2,1761682751000,1768563644000,data/new_data/libya_collected_antennas/cellmapper/cellmapper_libya_antennas.csv,collected:1968|collected:1969,collected:1968,0.0,"observed_coordinate_medoid; source reference, not survey truth",234473506550635
606,0,GSM,4400,1125,radio-09c94ea2cda1b83e,32.22680012339336,20.196400829084627,1,False,False,False,False,0,Libyana,2,1786665600000,1786665600000,Libyan_cells_dataset/cells.sqlite3,sqlite:2997|sqlite:3010,sqlite:2997,0.08794415129585181,"observed_coordinate_medoid; source reference, not survey truth",83507979986218
606,0,GSM,8278,1684,radio-09e01925f0905bba,32.873100147198286,13.403000745348484,1,False,False,False,False,0,Libyana,1,1784764800000,1786492800000,Libyan_cells_dataset/cells.sqlite3,sqlite:3383,sqlite:3383,0.0,"observed_coordinate_medoid; source reference, not survey truth",231575844952158
606,0,LTE,2090,6470,radio-09effa595a166d3b,32.64590032739151,13.90740016827557,1,False,False,False,False,0,Libyana,1,1786838400000,1786924800000,Libyan_cells_dataset/cells.sqlite3,sqlite:1045,sqlite:1045,0.0,"observed_coordinate_medoid; source reference, not survey truth",256222140284268
606,1,GSM,1113,1117,radio-0a131aa379fa7d27,32.05940051756846,20.107000400754167,1,False,False,False,False,0,Al-Madar,2,1559260800000,1781308800000,Libyan_cells_dataset/cells.sqlite3,sqlite:4145|sqlite:4200,sqlite:4145,0.02685892393849449,"observed_coordinate_medoid; source reference, not survey truth",225379503270755
606,0,GSM,4350,1024,radio-0a43d450ffcfecf1,32.0981006872069,20.08080035634307,1,False,False,False,False,0,Libyana,3,1554422400000,1773532800000,Libyan_cells_dataset/cells.sqlite3,sqlite:2818|sqlite:2880|sqlite:2928,sqlite:2880,0.07210204884735853,"observed_coordinate_medoid; source reference, not survey truth",149654912084262
606,0,LTE,6340,1224,radio-0a6accd350ee86bd,32.01095962524414,20.15744400024414,1,False,False,False,False,0,Libyana,6,1575330647000,1790108351000,data/new_data/libya_collected_antennas/cellmapper/cellmapper_libya_antennas.csv,collected:2481|collected:2482|collected:2483|collected:2484|collected:2485|collected:2486,collected:2481,0.0,"observed_coordinate_medoid; source reference, not survey truth",51359712960229
606,1,LTE,4061,4590,radio-0a8d9929c1a3a2aa,27.571100134798872,13.621400203622052,1,False,False,False,True,1,Al-Madar,1,1673654400000,1673654400000,Libyan_cells_dataset/cells.sqlite3,sqlite:501,sqlite:501,0.0,"observed_coordinate_medoid; source reference, not survey truth",98964436188568
606,0,LTE,2120,1683,radio-0a8e20b2153e55c1,32.87580074716398,13.404000598894552,1,False,False,False,False,0,Libyana,1,1755475200000,1787184000000,Libyan_cells_dataset/cells.sqlite3,sqlite:987,sqlite:987,0.0,"observed_coordinate_medoid; source reference, not survey truth",119954458340002
606,0,LTE,2120,6359,radio-0aeb66a07ddb10a1,32.734600373936,13.434600454186416,1,False,False,False,False,0,Libyana,1,1757376000000,1787184000000,Libyan_cells_dataset/cells.sqlite3,sqlite:953,sqlite:953,0.0,"observed_coordinate_medoid; source reference, not survey truth",263759766680890
606,0,LTE,2110,3102,radio-0aefba79664bbc30,31.744800501379725,13.971100948296023,1,False,False,False,False,0,Libyana,1,1782000000000,1782000000000,Libyan_cells_dataset/cells.sqlite3,sqlite:1283,sqlite:1283,0.0,"observed_coordinate_medoid; source reference, not survey truth",215701432320015
606,1,LTE,3,162,radio-0af0ce7ef4e65ca7,32.8353007629833,13.049200172213288,1,False,False,False,True,1,Al-Madar,1,1781827200000,1781913600000,Libyan_cells_dataset/cells.sqlite3,sqlite:228,sqlite:228,0.0,"observed_coordinate_medoid; source reference, not survey truth",140872553436997
606,1,GSM,1114,1037,radio-0b095402718d88c4,32.20290053055271,20.173000190838643,1,False,False,False,False,0,Al-Madar,1,1782086400000,1783036800000,Libyan_cells_dataset/cells.sqlite3,sqlite:3669,sqlite:3669,0.0,"observed_coordinate_medoid; source reference, not survey truth",51434621976720
606,0,LTE,2090,6471,radio-0b124c5bac39782d,32.667600353922964,13.948600692439445,1,False,False,False,False,0,Libyana,1,1775606400000,1786924800000,Libyan_cells_dataset/cells.sqlite3,sqlite:1047,sqlite:1047,0.0,"observed_coordinate_medoid; source reference, not survey truth",189618002383950
606,0,GSM,8205,2067,radio-0b72e32eabc4fb60,32.68640025376369,12.730900599302123,1,False,False,False,False,0,Libyana,2,1774310400000,1774310400000,Libyan_cells_dataset/cells.sqlite3,sqlite:3450|sqlite:3499,sqlite:3499,0.030705510092253512,"observed_coordinate_medoid; source reference, not survey truth",180632054531883
606,0,UMTS,5390,6416,radio-0b91828c32da106b,32.4991005246453,20.83910046394629,1,False,False,False,False,0,Libyana,4,1777420800000,1777420800000,Libyan_cells_dataset/cells.sqlite3,sqlite:2454|sqlite:2503|sqlite:2552|sqlite:2635,sqlite:2503,0.05255657223739666,"observed_coordinate_medoid; source reference, not survey truth",235750213845780
606,1,LTE,1250,106651,radio-0b9f37a4256f1020,32.82460043314532,21.854800317656295,1,False,False,False,True,1,Al-Madar,1,1782000000000,1782000000000,Libyan_cells_dataset/cells.sqlite3,sqlite:675,sqlite:675,0.0,"observed_coordinate_medoid; source reference, not survey truth",86269303748449
606,0,GSM,4380,1050,radio-0bb84e8d2a36fd6b,32.09590067951113,20.134100951420468,1,False,False,False,False,0,Libyana,2,1782604800000,1782777600000,Libyan_cells_dataset/cells.sqlite3,sqlite:2838|sqlite:2982,sqlite:2838,0.06534587120719819,"observed_coordinate_medoid; source reference, not survey truth",85393714517053
606,1,LTE,4001,4197,radio-0bd3c4d0feeb445b,32.65070096499908,14.265300634265786,1,False,False,False,True,1,Al-Madar,1,1777075200000,1786233600000,Libyan_cells_dataset/cells.sqlite3,sqlite:428,sqlite:428,0.0,"observed_coordinate_medoid; source reference, not survey truth",126824298428576
606,0,LTE,2040,3209,radio-0bf9bdc1e681bcfb,30.218400327613587,10.003200944130223,1,False,False,False,False,0,Libyana,1,1783555200000,1783641600000,Libyan_cells_dataset/cells.sqlite3,sqlite:1292,sqlite:1292,0.0,"observed_coordinate_medoid; source reference, not survey truth",110430330168661
606,1,LTE,4,2255,radio-0bfb630882412a98,32.74990086275212,12.738000831295697,1,False,False,False,True,1,Al-Madar,1,1771632000000,1772236800000,Libyan_cells_dataset/cells.sqlite3,sqlite:241,sqlite:241,0.0,"observed_coordinate_medoid; source reference, not survey truth",45883615671089
606,0,LTE,6310,1041,radio-0c13f1035549fbdf,32.0774196,20.0546525,1,False,True,True,False,0,Libyana,11,1578783527000,1789521941000,data/new_data/libya_collected_antennas/cellmapper/cellmapper_libya_antennas.csv,collected:1590|collected:1591|collected:1592|collected:1593|collected:1594|collected:1595|collected:1596|collected:1597|collected:1598|collected:1599|collected:1600,collected:1590,0.0,"observed_coordinate_medoid; source reference, not survey truth",151262642966688
606,0,GSM,4310,1083,radio-0c25e720c11eeb7e,32.12740090885184,20.074900178476142,1,False,False,False,False,0,Libyana,5,1686700800000,1686700800000,Libyan_cells_dataset/cells.sqlite3,sqlite:2724|sqlite:2770|sqlite:2808|sqlite:2864|sqlite:3073,sqlite:2808,0.059765555091788186,"observed_coordinate_medoid; source reference, not survey truth",11055467249052
606,0,LTE,2110,3623,radio-0c2682e5e743b7cc,32.4806002488847,13.699000757349136,1,False,False,False,False,0,Libyana,1,1771718400000,1781308800000,Libyan_cells_dataset/cells.sqlite3,sqlite:1093,sqlite:1093,0.0,"observed_coordinate_medoid; source reference, not survey truth",26650975735525
606,0,LTE,6310,1076,radio-0c521bf2bd2f7b52,32.1070156,20.1047247,1,False,True,True,False,0,Libyana,15,1764460800000,1789910962000,Libyan_cells_dataset/cells.sqlite3|data/new_data/libya_collected_antennas/cellmapper/cellmapper_libya_antennas.csv,collected:1813|collected:1814|collected:1815|collected:1816|collected:1817|collected:1818|collected:1819|collected:1820|collected:1821|collected:1822|collected:1823|collected:1824|collected:1825|collected:1826|sqlite:1161,collected:1813,2.8285134222413393,"observed_coordinate_medoid; source reference, not survey truth",91337706461448
606,1,LTE,1230,103761,radio-0c7f20a4bf933106,32.03510085948428,20.055800718465257,1,False,False,False,True,1,Al-Madar,1,1769212800000,1785369600000,Libyan_cells_dataset/cells.sqlite3,sqlite:605,sqlite:605,0.0,"observed_coordinate_medoid; source reference, not survey truth",152041487444921
606,1,LTE,1220,100701,radio-0c98cc13fed3a631,32.113700430880534,20.09700027669358,1,False,False,False,True,1,Al-Madar,1,1769040000000,1786924800000,Libyan_cells_dataset/cells.sqlite3,sqlite:641,sqlite:641,0.0,"observed_coordinate_medoid; source reference, not survey truth",210358546795772
606,0,LTE,1020,1410,radio-0c9d2244ce2fff66,32.61630051468538,14.071900293957647,1,False,False,False,False,0,Libyana,1,1776988800000,1781308800000,Libyan_cells_dataset/cells.sqlite3,sqlite:1059,sqlite:1059,0.0,"observed_coordinate_medoid; source reference, not survey truth",17335872896442
606,0,LTE,2120,1879,radio-0ca9b1c211593141,32.817900292562726,13.441200765807496,1,False,False,False,False,0,Libyana,1,1777334400000,1777334400000,Libyan_cells_dataset/cells.sqlite3,sqlite:971,sqlite:971,0.0,"observed_coordinate_medoid; source reference, not survey truth",222269386330455
606,1,UMTS,304,4398,radio-0ced93c1335cf04a,31.72890039092336,15.0849003431638,1,False,False,False,False,0,Al-Madar,3,1782777600000,1782864000000,Libyan_cells_dataset/cells.sqlite3,sqlite:1471|sqlite:1536|sqlite:1776,sqlite:1536,0.06578563923608408,"observed_coordinate_medoid; source reference, not survey truth",173442474763485
606,1,GSM,8029,1872,radio-0cfdb5ba07ee1a16,32.80150041587854,13.497200754362126,1,False,False,False,False,0,Al-Madar,7,1777680000000,1780099200000,Libyan_cells_dataset/cells.sqlite3,sqlite:3707|sqlite:3754|sqlite:3805|sqlite:3951|sqlite:4006|sqlite:4051|sqlite:4121,sqlite:4051,0.10016023458173787,"observed_coordinate_medoid; source reference, not survey truth",146980164917894
606,1,LTE,4101,4715,radio-0d03f01ed738960e,32.738100830516274,13.434900304469341,1,False,False,False,True,1,Al-Madar,1,1755734400000,1781481600000,Libyan_cells_dataset/cells.sqlite3,sqlite:142,sqlite:142,0.0,"observed_coordinate_medoid; source reference, not survey truth",50662479880153
606,0,LTE,2120,1375,radio-0d4387285b181471,32.675600974998204,13.494100187167522,1,False,False,False,False,0,Libyana,1,1755302400000,1787184000000,Libyan_cells_dataset/cells.sqlite3,sqlite:942,sqlite:942,0.0,"observed_coordinate_medoid; source reference, not survey truth",200785524954953
606,1,LTE,4111,4864,radio-0d5d0b41e9e6cb53,32.41260032119075,13.567000380471514,1,False,False,False,True,1,Al-Madar,1,1775260800000,1777420800000,Libyan_cells_dataset/cells.sqlite3,sqlite:85,sqlite:85,0.0,"observed_coordinate_medoid; source reference, not survey truth",147372086912259
606,0,LTE,6310,1154,radio-0d916dd503ffc708,32.0896869,20.0875357,1,False,True,True,False,0,Libyana,9,1579493358000,1789781963000,data/new_data/libya_collected_antennas/cellmapper/cellmapper_libya_antennas.csv,collected:2168|collected:2169|collected:2170|collected:2171|collected:2172|collected:2173|collected:2174|collected:2175|collected:2176,collected:2168,0.0,"observed_coordinate_medoid; source reference, not survey truth",35982333996115
606,0,GSM,8264,6221,radio-0dc27ddd0fb2b4e2,32.874000641752225,13.163200810602051,1,False,False,False,False,0,Libyana,4,1786492800000,1786492800000,Libyan_cells_dataset/cells.sqlite3,sqlite:3295|sqlite:3342|sqlite:3422|sqlite:3491,sqlite:3422,0.05553980706117211,"observed_coordinate_medoid; source reference, not survey truth",123339629705604
606,1,LTE,1240,101411,radio-0dc36b0b0979d140,31.9572003064293,20.14010086943031,1,False,False,False,True,1,Al-Madar,1,1572393600000,1774656000000,Libyan_cells_dataset/cells.sqlite3,sqlite:614,sqlite:614,0.0,"observed_coordinate_medoid; source reference, not survey truth",166875394109048
606,1,LTE,8091,4561,radio-0ddfecff8f28aa77,32.72490095899561,13.558500734672938,1,False,False,False,True,1,Al-Madar,1,1759363200000,1786147200000,Libyan_cells_dataset/cells.sqlite3,sqlite:134,sqlite:134,0.0,"observed_coordinate_medoid; source reference, not survey truth",248166454701307
606,1,UMTS,1021,240,radio-0df21ccb9949aad8,32.867500461501336,13.284100395397475,1,False,False,False,False,0,Al-Madar,4,1597795200000,1597795200000,Libyan_cells_dataset/cells.sqlite3,sqlite:1837|sqlite:1887|sqlite:2087|sqlite:2187,sqlite:2187,0.07634492792218071,"observed_coordinate_medoid; source reference, not survey truth",147858614194849
606,0,LTE,2130,1251,radio-0df270e7d6ce04b2,32.34698,20.3110868,1,False,True,True,False,0,Libyana,4,1777334400000,1783764788000,Libyan_cells_dataset/cells.sqlite3|data/new_data/libya_collected_antennas/cellmapper/cellmapper_libya_antennas.csv,collected:266|collected:267|collected:268|sqlite:1257,collected:266,2.6053315146051914,"observed_coordinate_medoid; source reference, not survey truth",234832945650610
606,0,LTE,1050,4178,radio-0df361ef0b0f64ed,31.623800709195493,15.129400793720368,1,False,False,False,False,0,Libyana,1,1782777600000,1782864000000,Libyan_cells_dataset/cells.sqlite3,sqlite:1143,sqlite:1143,0.0,"observed_coordinate_medoid; source reference, not survey truth",167185757016002
606,1,GSM,2007,1181,radio-0e015efd78173fbf,26.100900119469053,14.783100508327472,1,False,False,False,False,0,Al-Madar,1,1683244800000,1683244800000,Libyan_cells_dataset/cells.sqlite3,sqlite:4256,sqlite:4256,0.0,"observed_coordinate_medoid; source reference, not survey truth",114532933123090
606,0,UMTS,1050,4268,radio-0e0645833a2b790c,31.379100904156704,15.564400760541307,1,False,False,False,False,0,Libyana,1,1782864000000,1782864000000,Libyan_cells_dataset/cells.sqlite3,sqlite:2684,sqlite:2684,0.0,"observed_coordinate_medoid; source reference, not survey truth",57431988854304
606,0,LTE,2150,2027,radio-0e0edced4b9251c9,32.753687295568994,12.72696784605463,1,False,False,False,False,0,Libyana,6,1575331200000,1779382976000,Libyan_cells_dataset/cells.sqlite3|data/new_data/libya_collected_antennas/cellmapper/cellmapper_libya_antennas.csv,collected:2507|collected:2508|collected:2509|collected:2510|collected:2511|sqlite:718,collected:2507,3.341803604359155,"observed_coordinate_medoid; source reference, not survey truth",88310308085515
606,1,GSM,1111,1040,radio-0e5a3ada7bb95935,32.235553333333336,20.18187333333333,1,False,False,False,False,0,Al-Madar,1,1786722721000,1786731123000,data/new_data/libya_collected_antennas/cellmapper/cellmapper_libya_antennas.csv,collected:1095,collected:1095,0.0,"observed_coordinate_medoid; source reference, not survey truth",54008765158859
606,0,LTE,1050,4223,radio-0e7f40c8d6503668,32.319200649029845,15.101500793775875,1,False,False,False,False,0,Libyana,1,1772668800000,1772668800000,Libyan_cells_dataset/cells.sqlite3,sqlite:750,sqlite:750,0.0,"observed_coordinate_medoid; source reference, not survey truth",106498303058779
606,0,GSM,4360,1195,radio-0ea02d555f06f210,32.08270061045044,20.140800860861397,1,False,False,False,False,0,Libyana,2,1781308800000,1781308800000,Libyan_cells_dataset/cells.sqlite3,sqlite:2843|sqlite:2987,sqlite:2987,0.03491985872831706,"observed_coordinate_medoid; source reference, not survey truth",151428081106385
606,1,LTE,4061,4355,radio-0ea232c4d29b927a,27.53210017928841,14.25510038177097,1,False,False,False,True,1,Al-Madar,1,1768176000000,1768176000000,Libyan_cells_dataset/cells.sqlite3,sqlite:536,sqlite:536,0.0,"observed_coordinate_medoid; source reference, not survey truth",195389850785318
606,1,UMTS,2,68,radio-0ea2a4a4cafb56ae,32.854200337675586,13.269900433633563,1,False,False,False,False,0,Al-Madar,4,1597795200000,1597795200000,Libyan_cells_dataset/cells.sqlite3,sqlite:1803|sqlite:1853|sqlite:2053|sqlite:2153,sqlite:2053,0.09196664186302823,"observed_coordinate_medoid; source reference, not survey truth",239693241117781
606,1,LTE,1230,101261,radio-0eb4c45608b2fbe5,32.08230034106323,20.077800924862906,1,False,False,False,True,1,Al-Madar,1,1703462400000,1785974400000,Libyan_cells_dataset/cells.sqlite3,sqlite:603,sqlite:603,0.0,"observed_coordinate_medoid; source reference, not survey truth",2162320855457
606,0,LTE,2110,3661,radio-0eb7c6c984e7f722,32.43860083699865,13.6684009616439,1,False,False,False,False,0,Libyana,1,1771718400000,1781308800000,Libyan_cells_dataset/cells.sqlite3,sqlite:1096,sqlite:1096,0.0,"observed_coordinate_medoid; source reference, not survey truth",191161959758674
606,1,LTE,8091,4897,radio-0ebca7b04f7cd3de,32.70780058862437,13.920800239952268,1,False,False,False,True,1,Al-Madar,1,1761177600000,1786147200000,Libyan_cells_dataset/cells.sqlite3,sqlite:137,sqlite:137,0.0,"observed_coordinate_medoid; source reference, not survey truth",16529010660577
606,0,LTE,6330,1117,radio-0ebfc64f2039bc4e,32.05163738291752,20.066988565588534,1,False,False,False,False,0,Libyana,4,1557105562000,1789634408000,data/new_data/libya_collected_antennas/cellmapper/cellmapper_libya_antennas.csv,collected:2039|collected:2040|collected:2041|collected:2042,collected:2039,0.0,"observed_coordinate_medoid; source reference, not survey truth",155231627569161
606,0,GSM,9360,4936,radio-0ed5ce6723dec5fa,27.0297002351961,14.428600677498746,1,False,False,False,False,0,Libyana,1,1454112000000,1454112000000,Libyan_cells_dataset/cells.sqlite3,sqlite:3614,sqlite:3614,0.0,"observed_coordinate_medoid; source reference, not survey truth",246271382520584
606,0,UMTS,2140,1077,radio-0eded48755a5a017,32.806800575207575,12.931300545812222,1,False,False,False,False,0,Libyana,4,1772668800000,1772668800000,Libyan_cells_dataset/cells.sqlite3,sqlite:2211|sqlite:2260|sqlite:2301|sqlite:2386,sqlite:2301,0.07790905317081928,"observed_coordinate_medoid; source reference, not survey truth",237997781384652
606,0,LTE,1910,1096,radio-0ee7ebb012e19d15,32.85197448730469,13.236357688903809,1,False,False,False,False,0,Libyana,16,1570930992000,1788116152000,data/new_data/libya_collected_antennas/cellmapper/cellmapper_libya_antennas.csv,collected:1919|collected:1920|collected:1921|collected:1922|collected:1923|collected:1924|collected:1925|collected:1926|collected:1927|collected:1928|collected:1929|collected:1930|collected:1931|collected:1932|collected:1933|collected:1934,collected:1919,0.0,"observed_coordinate_medoid; source reference, not survey truth",207661519698436
606,1,UMTS,302,4395,radio-0ef7b4559a60eeed,32.36170082314039,15.028000392391426,1,False,False,False,False,0,Al-Madar,3,1782864000000,1782864000000,Libyan_cells_dataset/cells.sqlite3,sqlite:1470|sqlite:1535|sqlite:1775,sqlite:1535,0.05686935655424485,"observed_coordinate_medoid; source reference, not survey truth",181828654107273
606,1,GSM,3,6422,radio-0f0c92831e4f3132,32.83490059138162,13.032300583784497,1,False,False,False,False,0,Al-Madar,5,1785715200000,1785715200000,Libyan_cells_dataset/cells.sqlite3,sqlite:3769|sqlite:3820|sqlite:4017|sqlite:4061|sqlite:4138,sqlite:3769,0.09654608663362248,"observed_coordinate_medoid; source reference, not survey truth",4960853581566
606,0,LTE,1610,6439,radio-0f2c28b2f58a3bfe,32.88110057275745,13.136200884756525,1,False,False,False,False,0,Libyana,1,1769817600000,1769817600000,Libyan_cells_dataset/cells.sqlite3,sqlite:728,sqlite:728,0.0,"observed_coordinate_medoid; source reference, not survey truth",272884379539218
606,1,UMTS,1021,36,radio-0f3275c2d29e69b5,32.85690027571849,13.25850086386034,1,False,False,False,False,0,Al-Madar,4,1597795200000,1597795200000,Libyan_cells_dataset/cells.sqlite3,sqlite:1797|sqlite:1847|sqlite:2047|sqlite:2147,sqlite:2147,0.10954843851943774,"observed_coordinate_medoid; source reference, not survey truth",254561971391261
606,1,GSM,1114,1024,radio-0f3f38aa95098aa8,32.05930076215639,20.212900585978648,1,False,False,False,False,0,Al-Madar,3,1701734400000,1701734400000,Libyan_cells_dataset/cells.sqlite3,sqlite:3658|sqlite:4179|sqlite:4230,sqlite:4230,0.08012763793211351,"observed_coordinate_medoid; source reference, not survey truth",896507807702
606,0,LTE,1610,1095,radio-0f3fe3bc01c13acc,32.855167388916016,13.131986618041992,1,False,False,False,False,0,Libyana,4,1579690499000,1788767191000,data/new_data/libya_collected_antennas/cellmapper/cellmapper_libya_antennas.csv,collected:1915|collected:1916|collected:1917|collected:1918,collected:1915,0.0,"observed_coordinate_medoid; source reference, not survey truth",157844886345919
606,0,LTE,2120,1130,radio-0fcc749ce3814809,32.88610054219486,13.368000266956205,2,True,False,False,False,0,Libyana,1,1500768000000,1787788800000,Libyan_cells_dataset/cells.sqlite3,sqlite:722,sqlite:722,0.0,"observed_coordinate_medoid; source reference, not survey truth",75543014618656
606,0,LTE,6390,6027,radio-0fd2048a7c5d5a6f,32.461900353105165,20.856500405531957,1,False,False,False,False,0,Libyana,1,1777420800000,1777420800000,Libyan_cells_dataset/cells.sqlite3,sqlite:1255,sqlite:1255,0.0,"observed_coordinate_medoid; source reference, not survey truth",178591534277642
606,1,LTE,8,390,radio-0fdf533ce5f46fe8,32.895900524519185,13.262800110543246,1,False,False,False,True,1,Al-Madar,1,1759795200000,1771113600000,Libyan_cells_dataset/cells.sqlite3,sqlite:7,sqlite:7,0.0,"observed_coordinate_medoid; source reference, not survey truth",212304107440090
606,0,GSM,4340,1143,radio-0feeab3e67d8e95c,32.110000668029855,20.100800556031174,1,False,False,False,False,0,Libyana,1,1770595200000,1782086400000,Libyan_cells_dataset/cells.sqlite3,sqlite:2991,sqlite:2991,0.0,"observed_coordinate_medoid; source reference, not survey truth",225854350774611
606,1,GSM,2034,1732,radio-100a82b9bc7098ef,32.873600838745844,13.38810077515047,1,False,False,False,False,0,Al-Madar,5,1758585600000,1785715200000,Libyan_cells_dataset/cells.sqlite3,sqlite:3768|sqlite:3819|sqlite:4016|sqlite:4060|sqlite:4135,sqlite:3819,0.07449103656024286,"observed_coordinate_medoid; source reference, not survey truth",40258230958244
606,1,LTE,4002,4225,radio-10228579aaab517d,32.45550031484154,13.906200754128811,1,False,False,False,True,1,Al-Madar,1,1787443200000,1787443200000,Libyan_cells_dataset/cells.sqlite3,sqlite:400,sqlite:400,0.0,"observed_coordinate_medoid; source reference, not survey truth",22579478757293
606,0,LTE,6410,2024,radio-102747d9795c9523,32.77315139770508,21.788501739501957,1,False,False,False,False,0,Libyana,2,1780718961000,1780718962000,data/new_data/libya_collected_antennas/cellmapper/cellmapper_libya_antennas.csv,collected:348|collected:349,collected:348,0.0,"observed_coordinate_medoid; source reference, not survey truth",193427747171408
606,0,LTE,2150,2226,radio-1051101739d6c351,32.7607004717321,12.737600643229253,1,False,False,False,False,0,Libyana,1,1769731200000,1779321600000,Libyan_cells_dataset/cells.sqlite3,sqlite:869,sqlite:869,0.0,"observed_coordinate_medoid; source reference, not survey truth",10358703760752
606,1,GSM,14,2653,radio-1073bcbc0eab49c4,32.803000240956294,13.138900899727973,1,False,False,False,False,0,Al-Madar,1,1772582400000,1785715200000,Libyan_cells_dataset/cells.sqlite3,sqlite:4078,sqlite:4078,0.0,"observed_coordinate_medoid; source reference, not survey truth",108988293676526
606,0,LTE,1910,1134,radio-10ce430415eca4a0,32.87343776927275,13.226293788236733,1,False,False,False,False,0,Libyana,3,1761682756000,1778776336000,data/new_data/libya_collected_antennas/cellmapper/cellmapper_libya_antennas.csv,collected:404|collected:405|collected:406,collected:404,0.0,"observed_coordinate_medoid; source reference, not survey truth",271103639356189
606,0,LTE,2120,6365,radio-10d2e6ea02001ef5,32.737300253719525,13.328400739318653,1,False,False,False,False,0,Libyana,1,1756080000000,1784678400000,Libyan_cells_dataset/cells.sqlite3,sqlite:948,sqlite:948,0.0,"observed_coordinate_medoid; source reference, not survey truth",51157860375882
606,0,LTE,1810,6400,radio-10d7e40fafb8a642,32.89421844482422,13.193333625793455,1,False,False,False,False,0,Libyana,6,1757593150000,1786862482000,data/new_data/libya_collected_antennas/cellmapper/cellmapper_libya_antennas.csv,collected:556|collected:557|collected:558|collected:559|collected:560|collected:561,collected:556,0.0,"observed_coordinate_medoid; source reference, not survey truth",228241077320919
606,0,LTE,2140,1784,radio-10e72e2a34c95522,32.463300579528315,13.317700608227952,1,False,False,False,False,0,Libyana,1,1771718400000,1779408000000,Libyan_cells_dataset/cells.sqlite3,sqlite:922,sqlite:922,0.0,"observed_coordinate_medoid; source reference, not survey truth",172987687206978
606,0,LTE,2120,1293,radio-10eae8cbaa87ed75,32.817400254128984,13.535500874033957,1,False,False,False,False,0,Libyana,1,1755475200000,1787184000000,Libyan_cells_dataset/cells.sqlite3,sqlite:980,sqlite:980,0.0,"observed_coordinate_medoid; source reference, not survey truth",95858398521031
606,1,LTE,4031,4100,radio-10f1eee1a9eeaf1b,32.32890077544415,15.250600587807998,1,False,False,False,True,1,Al-Madar,1,1665014400000,1666396800000,Libyan_cells_dataset/cells.sqlite3,sqlite:490,sqlite:490,0.0,"observed_coordinate_medoid; source reference, not survey truth",17275676163952
606,0,LTE,6310,1151,radio-111a459b75f12777,32.1202756,20.0913196,1,False,True,True,False,0,Libyana,12,1572393600000,1789910962000,Libyan_cells_dataset/cells.sqlite3|data/new_data/libya_collected_antennas/cellmapper/cellmapper_libya_antennas.csv,collected:2139|collected:2140|collected:2141|collected:2142|collected:2143|collected:2144|collected:2145|collected:2146|collected:2147|collected:2148|collected:2149|sqlite:1175,collected:2139,3.290425038440827,"observed_coordinate_medoid; source reference, not survey truth",143375704430814
606,0,GSM,8278,1047,radio-1122a7c93c998575,32.87980017731434,13.322300871038227,1,False,False,False,False,0,Libyana,1,1784764800000,1786492800000,Libyan_cells_dataset/cells.sqlite3,sqlite:3377,sqlite:3377,0.0,"observed_coordinate_medoid; source reference, not survey truth",85057730393134
606,1,LTE,4181,4415,radio-113262b226eb6ec7,30.734900248890884,20.223500482871803,1,False,False,False,True,1,Al-Madar,1,1782086400000,1782086400000,Libyan_cells_dataset/cells.sqlite3,sqlite:563,sqlite:563,0.0,"observed_coordinate_medoid; source reference, not survey truth",35544244024773
606,1,LTE,4,2101,radio-1172ba3b1754e2be,32.73670066277322,12.740300426829124,1,False,False,False,True,1,Al-Madar,1,1771632000000,1771632000000,Libyan_cells_dataset/cells.sqlite3,sqlite:250,sqlite:250,0.0,"observed_coordinate_medoid; source reference, not survey truth",108655011752392
606,0,GSM,4450,2010,radio-118a8cc178130c9f,32.72060059049363,21.777900820733738,1,False,False,False,False,0,Libyana,3,1780704000000,1780704000000,Libyan_cells_dataset/cells.sqlite3,sqlite:2704|sqlite:3027|sqlite:3053,sqlite:2704,0.042466983672683645,"observed_coordinate_medoid; source reference, not survey truth",61868586588488
606,0,LTE,2120,1049,radio-1191c1812cbdbdfb,32.1243568,20.1015952,1,False,True,True,False,0,Libyana,14,1579840259000,1789112540000,data/new_data/libya_collected_antennas/cellmapper/cellmapper_libya_antennas.csv,collected:1642|collected:1643|collected:1644|collected:1645|collected:1646|collected:1647|collected:1648|collected:1649|collected:1650|collected:1651|collected:1652|collected:1653|collected:1654|collected:1655,collected:1642,0.0,"observed_coordinate_medoid; source reference, not survey truth",127978047913114
606,1,GSM,4,1643,radio-11999b7e6ec5f7ca,32.77200093638582,12.76870062493647,1,False,False,False,False,0,Al-Madar,1,1779321600000,1782345600000,Libyan_cells_dataset/cells.sqlite3,sqlite:4034,sqlite:4034,0.0,"observed_coordinate_medoid; source reference, not survey truth",221989527364059
606,1,GSM,2000,1050,radio-11d32b37d5fa5d33,32.592300900771555,14.119600906785422,1,False,False,False,False,0,Al-Madar,1,1777593600000,1783555200000,Libyan_cells_dataset/cells.sqlite3,sqlite:3908,sqlite:3908,0.0,"observed_coordinate_medoid; source reference, not survey truth",52424303406126
606,0,LTE,6310,904,radio-11ef8fe51100290d,32.10320043129028,20.072400539260254,1,False,False,False,False,0,Libyana,1,1773532800000,1785974400000,Libyan_cells_dataset/cells.sqlite3,sqlite:1169,sqlite:1169,0.0,"observed_coordinate_medoid; source reference, not survey truth",264829971958941
606,1,UMTS,303,4312,radio-11f11c8f6097ad6c,32.37270058047724,15.093700530659584,1,False,False,False,False,0,Al-Madar,1,1576022400000,1576022400000,Libyan_cells_dataset/cells.sqlite3,sqlite:1496,sqlite:1496,0.0,"observed_coordinate_medoid; source reference, not survey truth",271246083565428
606,0,LTE,6310,1222,radio-11fc6d05083250dd,32.0984492,20.0992117,1,False,True,True,False,0,Libyana,9,1757376000000,1789692142000,Libyan_cells_dataset/cells.sqlite3|data/new_data/libya_collected_antennas/cellmapper/cellmapper_libya_antennas.csv,collected:2469|collected:2470|collected:2471|collected:2472|collected:2473|collected:2474|collected:2475|collected:2476|sqlite:1156,collected:2469,5.503604617201551,"observed_coordinate_medoid; source reference, not survey truth",263125000080848
606,0,GSM,8265,1858,radio-120416bc6dad1f89,32.87180061991719,13.167300321118072,1,False,False,False,False,0,Libyana,6,1786492800000,1786492800000,Libyan_cells_dataset/cells.sqlite3,sqlite:3246|sqlite:3293|sqlite:3340|sqlite:3421|sqlite:3489|sqlite:3554,sqlite:3554,0.09472738427210899,"observed_coordinate_medoid; source reference, not survey truth",95402579521820
606,0,LTE,2120,1179,radio-1207dacd0615a456,32.69011626,13.19963715,1,False,False,False,False,0,Libyana,5,1755388800000,1787209012000,Libyan_cells_dataset/cells.sqlite3|data/new_data/libya_collected_antennas/cellmapper/cellmapper_libya_antennas.csv,collected:2312|collected:2313|collected:2314|collected:2315|sqlite:908,collected:2312,3.8624880057021214,"observed_coordinate_medoid; source reference, not survey truth",265196116123124
606,0,UMTS,4040,3005,radio-12150f69593a21bc,27.0514004554976,14.413800149241764,1,False,False,False,False,0,Libyana,1,1454112000000,1454112000000,Libyan_cells_dataset/cells.sqlite3,sqlite:2658,sqlite:2658,0.0,"observed_coordinate_medoid; source reference, not survey truth",214371826253539
606,0,UMTS,5310,1081,radio-1224cbf354bceb20,32.1223913,20.1130294,1,False,True,True,False,0,Libyana,3,1739105489000,1763413678000,data/new_data/libya_collected_antennas/cellmapper/cellmapper_libya_antennas.csv,collected:1128|collected:1129|collected:1130,collected:1128,0.0,"observed_coordinate_medoid; source reference, not survey truth",225950773108532
606,1,LTE,4101,4617,radio-12269c1c962fa97e,32.79080072945696,13.29330058265005,1,False,False,False,True,1,Al-Madar,1,1773100800000,1777248000000,Libyan_cells_dataset/cells.sqlite3,sqlite:357,sqlite:357,0.0,"observed_coordinate_medoid; source reference, not survey truth",186671607569077
606,1,LTE,4131,4440,radio-1245ed325007f710,29.04750077339322,21.530400731223438,1,False,False,False,True,1,Al-Madar,1,1783987200000,1783987200000,Libyan_cells_dataset/cells.sqlite3,sqlite:583,sqlite:583,0.0,"observed_coordinate_medoid; source reference, not survey truth",89801222390029
606,0,LTE,6330,1059,radio-125a42b92d39395d,32.1625555,20.1170534,1,False,True,True,False,0,Libyana,4,1758539229000,1788116175000,data/new_data/libya_collected_antennas/cellmapper/cellmapper_libya_antennas.csv,collected:426|collected:427|collected:428|collected:429,collected:426,0.0,"observed_coordinate_medoid; source reference, not survey truth",151870325039185
606,0,LTE,2120,6248,radio-125e9000ea77c6a6,32.848500394542576,13.353600136869012,1,False,False,False,False,0,Libyana,1,1637280000000,1638057600000,Libyan_cells_dataset/cells.sqlite3,sqlite:747,sqlite:747,0.0,"observed_coordinate_medoid; source reference, not survey truth",171946116377663
606,0,UMTS,5390,6419,radio-1261c6da8592a371,32.492400472185146,20.831500324333817,1,False,False,False,False,0,Libyana,4,1776902400000,1777420800000,Libyan_cells_dataset/cells.sqlite3,sqlite:2455|sqlite:2504|sqlite:2553|sqlite:2636,sqlite:2636,0.063539350004739,"observed_coordinate_medoid; source reference, not survey truth",119396061970583
606,1,GSM,2034,1655,radio-12d0c3bb63a0e393,32.831200540671894,13.40390077792252,1,False,False,False,False,0,Al-Madar,6,1779408000000,1779494400000,Libyan_cells_dataset/cells.sqlite3,sqlite:3703|sqlite:3750|sqlite:3801|sqlite:4005|sqlite:4050|sqlite:4117,sqlite:4005,0.09753091405931039,"observed_coordinate_medoid; source reference, not survey truth",6005496287507
606,0,UMTS,5410,2037,radio-12f1f71a3a9b1548,32.781700943468046,21.79740093429216,1,False,False,False,False,0,Libyana,1,1757980800000,1773273600000,Libyan_cells_dataset/cells.sqlite3,sqlite:2596,sqlite:2596,0.0,"observed_coordinate_medoid; source reference, not survey truth",9762508505361
606,0,LTE,2040,3504,radio-12f2005d10660c05,31.992600791918207,11.661600618090832,1,False,False,False,False,0,Libyana,1,1783555200000,1783555200000,Libyan_cells_dataset/cells.sqlite3,sqlite:1286,sqlite:1286,0.0,"observed_coordinate_medoid; source reference, not survey truth",27641921097197
606,1,LTE,1,568,radio-12fb612d4f602642,32.89650018933953,13.23480097453283,1,False,False,False,True,1,Al-Madar,1,1771200000000,1780876800000,Libyan_cells_dataset/cells.sqlite3,sqlite:10,sqlite:10,0.0,"observed_coordinate_medoid; source reference, not survey truth",219119593531768
606,1,UMTS,301,4502,radio-130713dc7cd4d4ee,32.437900985778704,14.604600955968715,1,False,False,False,False,0,Al-Madar,1,1576195200000,1576195200000,Libyan_cells_dataset/cells.sqlite3,sqlite:1503,sqlite:1503,0.0,"observed_coordinate_medoid; source reference, not survey truth",122044329776804
606,1,UMTS,305,4676,radio-1309cec325b4cc7a,31.456100224702308,15.25410085998721,1,False,False,False,False,0,Al-Madar,2,1782864000000,1782864000000,Libyan_cells_dataset/cells.sqlite3,sqlite:1477|sqlite:1784,sqlite:1784,0.0799064107545651,"observed_coordinate_medoid; source reference, not survey truth",213390303848912
606,1,LTE,4101,4626,radio-13113ef0b9ca16a7,32.77290040111147,13.275900812872274,1,False,False,False,True,1,Al-Madar,1,1782864000000,1782864000000,Libyan_cells_dataset/cells.sqlite3,sqlite:60,sqlite:60,0.0,"observed_coordinate_medoid; source reference, not survey truth",196170731340934
606,0,UMTS,5340,1173,radio-132f097708577c0c,32.0385006080675,20.117900204770848,1,False,False,False,False,0,Libyana,4,1763596800000,1763596800000,Libyan_cells_dataset/cells.sqlite3,sqlite:2448|sqlite:2497|sqlite:2546|sqlite:2629,sqlite:2497,0.06380808746311215,"observed_coordinate_medoid; source reference, not survey truth",4813022885539
606,0,LTE,6410,2015,radio-13478559774b7b4c,32.760555267333984,21.738428115844727,1,False,False,False,False,0,Libyana,2,1777420800000,1788543760000,Libyan_cells_dataset/cells.sqlite3|data/new_data/libya_collected_antennas/cellmapper/cellmapper_libya_antennas.csv,collected:311|sqlite:1196,collected:311,5.642535193404458,"observed_coordinate_medoid; source reference, not survey truth",163727121599086
606,0,LTE,6330,1137,radio-1353783674254132,32.87673202215456,13.156298843084596,1,False,False,False,False,0,Libyana,6,1757853808000,1788116176000,data/new_data/libya_collected_antennas/cellmapper/cellmapper_libya_antennas.csv,collected:465|collected:466|collected:467|collected:468|collected:469|collected:470,collected:465,0.0,"observed_coordinate_medoid; source reference, not survey truth",64505370093811
606,1,LTE,4002,4313,radio-138d92b3097b784a,32.51210083552571,13.918100395050693,1,False,False,False,True,1,Al-Madar,1,1784678400000,1784678400000,Libyan_cells_dataset/cells.sqlite3,sqlite:382,sqlite:382,0.0,"observed_coordinate_medoid; source reference, not survey truth",128985026533240
606,1,LTE,4101,4931,radio-13dcbbb1ecca1ce9,32.5850008785959,13.290700435294758,1,False,False,False,True,1,Al-Madar,1,1759622400000,1771113600000,Libyan_cells_dataset/cells.sqlite3,sqlite:104,sqlite:104,0.0,"observed_coordinate_medoid; source reference, not survey truth",209030029870865
606,1,UMTS,1030,3271,radio-13de563ac4572390,32.015168265691095,20.04960798838789,1,False,False,False,False,0,Al-Madar,4,1647166141000,1789634408000,data/new_data/libya_collected_antennas/cellmapper/cellmapper_libya_antennas.csv,collected:1264|collected:1265|collected:1266|collected:1267,collected:1264,0.0,"observed_coordinate_medoid; source reference, not survey truth",115890693124251
606,0,LTE,6330,1217,radio-13def21e353a77da,32.11601257324219,20.15391159057617,1,False,False,False,False,0,Libyana,1,1788116154000,1788116156000,data/new_data/libya_collected_antennas/cellmapper/cellmapper_libya_antennas.csv,collected:2453,collected:2453,0.0,"observed_coordinate_medoid; source reference, not survey truth",176560244169431
606,0,LTE,6390,1165,radio-13ed55687415a7da,32.093505859375,20.1840763092041,1,False,False,False,False,0,Libyana,11,1575590400000,1789644840000,Libyan_cells_dataset/cells.sqlite3|data/new_data/libya_collected_antennas/cellmapper/cellmapper_libya_antennas.csv,collected:2225|collected:2226|collected:2227|collected:2228|collected:2229|collected:2230|collected:2231|collected:2232|collected:2233|collected:2234|sqlite:1245,collected:2225,2.404547662953694,"observed_coordinate_medoid; source reference, not survey truth",155497384210316
606,0,GSM,8280,1377,radio-13f446e10d264aad,32.63790013722267,13.57780072014664,1,False,False,False,False,0,Libyana,1,1755993600000,1786579200000,Libyan_cells_dataset/cells.sqlite3,sqlite:3371,sqlite:3371,0.0,"observed_coordinate_medoid; source reference, not survey truth",108624996551188
606,0,LTE,6310,1072,radio-142bbb5a95eee690,32.745460510253906,13.383560180664062,1,False,False,False,False,0,Libyana,6,1581497700000,1789910964000,data/new_data/libya_collected_antennas/cellmapper/cellmapper_libya_antennas.csv,collected:1790|collected:1791|collected:1792|collected:1793|collected:1794|collected:1795,collected:1790,0.0,"observed_coordinate_medoid; source reference, not survey truth",107906266586845
606,1,LTE,4181,4423,radio-14624243525e898c,30.77390097660148,20.23380078619315,1,False,False,False,True,1,Al-Madar,1,1774310400000,1786060800000,Libyan_cells_dataset/cells.sqlite3,sqlite:539,sqlite:539,0.0,"observed_coordinate_medoid; source reference, not survey truth",187327584243643
606,1,UMTS,301,6066,radio-146454f3084b0649,32.50560073057313,14.486300672038276,1,False,False,False,False,0,Al-Madar,4,1773187200000,1773187200000,Libyan_cells_dataset/cells.sqlite3,sqlite:1513|sqlite:1570|sqlite:1747|sqlite:1905,sqlite:1905,0.08070955374581933,"observed_coordinate_medoid; source reference, not survey truth",64053719388722
606,0,LTE,1020,4673,radio-146cad104a2865a3,32.6436006768658,14.252900847002016,1,False,False,False,False,0,Libyana,1,1777075200000,1782777600000,Libyan_cells_dataset/cells.sqlite3,sqlite:1070,sqlite:1070,0.0,"observed_coordinate_medoid; source reference, not survey truth",236234753488239
606,1,LTE,10,528,radio-14a69b0746bf4361,32.70020012397565,13.116300561094151,1,False,False,False,True,1,Al-Madar,1,1772582400000,1772582400000,Libyan_cells_dataset/cells.sqlite3,sqlite:201,sqlite:201,0.0,"observed_coordinate_medoid; source reference, not survey truth",169143504994089
606,1,LTE,1240,109631,radio-14b18a1087fcaaca,31.565000679208946,20.068900414423783,1,False,False,False,True,1,Al-Madar,1,1785974400000,1785974400000,Libyan_cells_dataset/cells.sqlite3,sqlite:590,sqlite:590,0.0,"observed_coordinate_medoid; source reference, not survey truth",177579943863493
606,1,LTE,1240,100211,radio-14fbb3e63f4378e3,32.09780030936747,20.20110013462928,1,False,False,False,True,1,Al-Madar,1,1768089600000,1769817600000,Libyan_cells_dataset/cells.sqlite3,sqlite:689,sqlite:689,0.0,"observed_coordinate_medoid; source reference, not survey truth",204018982122132
606,1,GSM,1111,1051,radio-151b10f858e23b9c,32.13310056184903,20.11650040803709,1,False,False,False,False,0,Al-Madar,2,1579651200000,1581206400000,Libyan_cells_dataset/cells.sqlite3,sqlite:4159|sqlite:4212,sqlite:4159,0.02202747646945919,"observed_coordinate_medoid; source reference, not survey truth",12466599352419
606,1,GSM,1113,1134,radio-151d523b10aa8d57,32.03050052040369,20.121400970149153,1,False,False,False,False,0,Al-Madar,2,1559260800000,1773446400000,Libyan_cells_dataset/cells.sqlite3,sqlite:4165|sqlite:4216,sqlite:4165,0.032669898875542114,"observed_coordinate_medoid; source reference, not survey truth",260681368682261
606,0,LTE,2140,1843,radio-1522252d42d5fb39,32.67830017928712,13.019800111929943,1,False,False,False,False,0,Libyana,1,1777334400000,1777334400000,Libyan_cells_dataset/cells.sqlite3,sqlite:880,sqlite:880,0.0,"observed_coordinate_medoid; source reference, not survey truth",138724751752093
606,0,GSM,8278,6250,radio-152e7822ea190233,32.873700347837236,13.387900413522031,1,False,False,False,False,0,Libyana,1,1784764800000,1784764800000,Libyan_cells_dataset/cells.sqlite3,sqlite:3393,sqlite:3393,0.0,"observed_coordinate_medoid; source reference, not survey truth",40258230958244
606,1,UMTS,2011,1515,radio-153142f97d2bdd2a,32.79240056546052,13.100700235608391,1,False,False,False,False,0,Al-Madar,2,1600214400000,1602460800000,Libyan_cells_dataset/cells.sqlite3,sqlite:1643|sqlite:1730,sqlite:1643,0.02645054617059302,"observed_coordinate_medoid; source reference, not survey truth",142276569849771
606,0,LTE,6330,1066,radio-15418ff59578b283,32.0783898,20.11509,1,False,True,True,False,0,Libyana,13,1552979581000,1789692142000,data/new_data/libya_collected_antennas/cellmapper/cellmapper_libya_antennas.csv,collected:1766|collected:1767|collected:1768|collected:1769|collected:1770|collected:1771|collected:1772|collected:1773|collected:1774|collected:1775|collected:1776|collected:1777|collected:1778,collected:1766,0.0,"observed_coordinate_medoid; source reference, not survey truth",71834258512708
606,1,LTE,8,210,radio-1560a7326e618cfb,32.89930043137216,13.25550094019425,1,False,False,False,True,1,Al-Madar,1,1761609600000,1771372800000,Libyan_cells_dataset/cells.sqlite3,sqlite:46,sqlite:46,0.0,"observed_coordinate_medoid; source reference, not survey truth",247308115046974
606,1,LTE,1250,106721,radio-157ab865d61cb1a7,32.78790052858438,21.86670046132629,1,False,False,False,True,1,Al-Madar,1,1772928000000,1773878400000,Libyan_cells_dataset/cells.sqlite3,sqlite:649,sqlite:649,0.0,"observed_coordinate_medoid; source reference, not survey truth",201913348051454
606,1,LTE,4131,4957,radio-1591dbda13787669,29.023800581382236,21.537800576515618,1,False,False,False,True,1,Al-Madar,1,1783987200000,1783987200000,Libyan_cells_dataset/cells.sqlite3,sqlite:580,sqlite:580,0.0,"observed_coordinate_medoid; source reference, not survey truth",72142990942563
606,1,GSM,2035,1858,radio-15a445c0df84f8ef,32.62300040867421,13.1691006139115,1,False,False,False,False,0,Al-Madar,5,1778889600000,1781308800000,Libyan_cells_dataset/cells.sqlite3,sqlite:3695|sqlite:3742|sqlite:3793|sqlite:3999|sqlite:4109,sqlite:3695,0.0651845724628714,"observed_coordinate_medoid; source reference, not survey truth",85557778924405
606,1,LTE,1230,102721,radio-15b49f7ccd870087,32.03830072867518,20.12290051469631,1,False,False,False,True,1,Al-Madar,1,1768089600000,1785974400000,Libyan_cells_dataset/cells.sqlite3,sqlite:602,sqlite:602,0.0,"observed_coordinate_medoid; source reference, not survey truth",15442183995972
606,0,UMTS,5390,1013,radio-15bb1d2dfe7c1adc,32.17635,20.137225,1,False,True,True,False,0,Libyana,6,1702217180000,1788116176000,data/new_data/libya_collected_antennas/cellmapper/cellmapper_libya_antennas.csv,collected:1085|collected:1086|collected:1087|collected:1088|collected:1089|collected:1090,collected:1085,0.0,"observed_coordinate_medoid; source reference, not survey truth",3966475545940
606,0,LTE,2130,2388,radio-15c358d6dbf3ef2b,32.69630096235945,13.131500124629925,1,False,False,False,False,0,Libyana,1,1747267200000,1787097600000,Libyan_cells_dataset/cells.sqlite3,sqlite:890,sqlite:890,0.0,"observed_coordinate_medoid; source reference, not survey truth",240735018030702
606,1,UMTS,300,4686,radio-15dd4cffd3fe04f6,32.575300582176226,14.025600607269958,1,False,False,False,False,0,Al-Madar,1,1777507200000,1789084800000,Libyan_cells_dataset/cells.sqlite3,sqlite:1345,sqlite:1345,0.0,"observed_coordinate_medoid; source reference, not survey truth",242126896503846
606,0,UMTS,5410,2043,radio-15de17e5818dc852,32.771900403560714,21.788300988683062,1,False,False,False,False,0,Libyana,5,1772841600000,1777420800000,Libyan_cells_dataset/cells.sqlite3,sqlite:2423|sqlite:2472|sqlite:2522|sqlite:2567|sqlite:2605,sqlite:2522,0.09013366967103002,"observed_coordinate_medoid; source reference, not survey truth",25737172932240
606,0,GSM,4320,1213,radio-16130db69fad9aac,32.15810086364024,20.116100346782225,1,False,False,False,False,0,Libyana,1,1786665600000,1786665600000,Libyan_cells_dataset/cells.sqlite3,sqlite:3017,sqlite:3017,0.0,"observed_coordinate_medoid; source reference, not survey truth",230345581084118
606,0,GSM,9360,4949,radio-161769aed906d7ea,27.0409009177485,14.422200790156637,1,False,False,False,False,0,Libyana,1,1454112000000,1454112000000,Libyan_cells_dataset/cells.sqlite3,sqlite:3618,sqlite:3618,0.0,"observed_coordinate_medoid; source reference, not survey truth",2383042624092
606,1,LTE,8091,9934,radio-168c2f638cc59f89,32.781700667376974,13.500900133424278,1,False,False,False,True,1,Al-Madar,1,1756598400000,1779062400000,Libyan_cells_dataset/cells.sqlite3,sqlite:122,sqlite:122,0.0,"observed_coordinate_medoid; source reference, not survey truth",23917001768243
606,0,LTE,2110,3664,radio-16b8b7ec424c673e,32.56040061264775,13.681600220129964,1,False,False,False,False,0,Libyana,1,1771718400000,1781308800000,Libyan_cells_dataset/cells.sqlite3,sqlite:1027,sqlite:1027,0.0,"observed_coordinate_medoid; source reference, not survey truth",158665634552695
606,0,GSM,8281,1862,radio-16bfc7376e3cdac7,32.898900459590415,13.217800951867385,1,False,False,False,False,0,Libyana,4,1786406400000,1786492800000,Libyan_cells_dataset/cells.sqlite3,sqlite:3294|sqlite:3341|sqlite:3490|sqlite:3555,sqlite:3490,0.06252066068723007,"observed_coordinate_medoid; source reference, not survey truth",146567314162690
606,0,LTE,6330,1094,radio-16c8be06332aff50,32.1071783,20.1181575,1,False,True,True,False,0,Libyana,5,1579690492000,1789910962000,data/new_data/libya_collected_antennas/cellmapper/cellmapper_libya_antennas.csv,collected:1910|collected:1911|collected:1912|collected:1913|collected:1914,collected:1910,0.0,"observed_coordinate_medoid; source reference, not survey truth",13191507791249
606,1,LTE,1,306,radio-16d6f9f89a17cab6,32.89380082976738,13.168600668072912,1,False,False,False,True,1,Al-Madar,1,1759363200000,1781395200000,Libyan_cells_dataset/cells.sqlite3,sqlite:181,sqlite:181,0.0,"observed_coordinate_medoid; source reference, not survey truth",82072053943735
606,0,UMTS,5410,2047,radio-1734db9da04a9de3,32.76220023026657,21.743200685842776,1,False,False,False,False,0,Libyana,1,1773100800000,1773100800000,Libyan_cells_dataset/cells.sqlite3,sqlite:2577,sqlite:2577,0.0,"observed_coordinate_medoid; source reference, not survey truth",256025946424973
606,0,LTE,2110,3960,radio-1738f80038bd3fa5,32.43110084210608,13.620300787689445,1,False,False,False,False,0,Libyana,1,1778889600000,1779408000000,Libyan_cells_dataset/cells.sqlite3,sqlite:1089,sqlite:1089,0.0,"observed_coordinate_medoid; source reference, not survey truth",18395785994196
606,1,GSM,14,1011,radio-176014c593ced1fa,32.82670050650415,13.129400320469584,1,False,False,False,False,0,Al-Madar,1,1755820800000,1785715200000,Libyan_cells_dataset/cells.sqlite3,sqlite:3633,sqlite:3633,0.0,"observed_coordinate_medoid; source reference, not survey truth",190112468759085
606,0,LTE,2120,1429,radio-17686ecea0e975f8,32.852100795849374,13.448900374832212,1,False,False,False,False,0,Libyana,1,1755561600000,1787184000000,Libyan_cells_dataset/cells.sqlite3,sqlite:988,sqlite:988,0.0,"observed_coordinate_medoid; source reference, not survey truth",52998441554837
606,1,LTE,10,543,radio-17a38bb2bce4feac,32.772100863828065,13.146400400944133,1,False,False,False,True,1,Al-Madar,1,1755734400000,1782864000000,Libyan_cells_dataset/cells.sqlite3,sqlite:88,sqlite:88,0.0,"observed_coordinate_medoid; source reference, not survey truth",740638377648
606,0,LTE,6350,4014,radio-17afafaab6bba0ab,30.740200734342373,20.229200327021672,1,False,False,False,False,0,Libyana,1,1782086400000,1782086400000,Libyan_cells_dataset/cells.sqlite3,sqlite:1224,sqlite:1224,0.0,"observed_coordinate_medoid; source reference, not survey truth",29180408442839
606,1,LTE,8,606,radio-17c3f7f746f59495,32.87520078192634,13.26770058948673,1,False,False,False,True,1,Al-Madar,1,1767225600000,1767225600000,Libyan_cells_dataset/cells.sqlite3,sqlite:73,sqlite:73,0.0,"observed_coordinate_medoid; source reference, not survey truth",161863466954169
606,0,LTE,1610,1102,radio-18012a9c8307f123,32.863843607348066,13.109737972880518,1,False,False,False,False,0,Libyana,6,1579824000000,1787558457000,Libyan_cells_dataset/cells.sqlite3|data/new_data/libya_collected_antennas/cellmapper/cellmapper_libya_antennas.csv,collected:1956|collected:1957|collected:1958|collected:1959|collected:1960|sqlite:765,collected:1956,5.942443554026434,"observed_coordinate_medoid; source reference, not survey truth",83078625357930
606,0,LTE,1610,1183,radio-182014dae72d11a3,32.10741963879816,20.125078135523303,1,False,False,False,False,0,Libyana,5,1757851625000,1789910962000,data/new_data/libya_collected_antennas/cellmapper/cellmapper_libya_antennas.csv,collected:2321|collected:2322|collected:2323|collected:2324|collected:2325,collected:2321,0.0,"observed_coordinate_medoid; source reference, not survey truth",269648585637746
606,0,LTE,2120,1072,radio-1833f873f23dcb9e,32.74550019890376,13.383600334868847,1,False,False,False,False,0,Libyana,1,1581465600000,1784678400000,Libyan_cells_dataset/cells.sqlite3,sqlite:951,sqlite:951,0.0,"observed_coordinate_medoid; source reference, not survey truth",107906266586845
606,0,GSM,4330,1112,radio-18576e2cd4b4530e,32.1191963,20.1000378,1,False,True,True,False,0,Libyana,6,1554425925000,1789337441000,data/new_data/libya_collected_antennas/cellmapper/cellmapper_libya_antennas.csv,collected:771|collected:772|collected:773|collected:774|collected:775|collected:776,collected:771,0.0,"observed_coordinate_medoid; source reference, not survey truth",203911451413532
606,1,LTE,1250,107641,radio-189c735e09c5687f,32.78010043006172,21.80680061421902,1,False,False,False,True,1,Al-Madar,1,1757894400000,1773964800000,Libyan_cells_dataset/cells.sqlite3,sqlite:651,sqlite:651,0.0,"observed_coordinate_medoid; source reference, not survey truth",164664014920343
606,0,LTE,6310,1170,radio-18a2d1437a8a6064,32.1188158,20.11502,1,False,True,True,False,0,Libyana,7,1579689960000,1786122934000,data/new_data/libya_collected_antennas/cellmapper/cellmapper_libya_antennas.csv,collected:2277|collected:2278|collected:2279|collected:2280|collected:2281|collected:2282|collected:2283,collected:2277,0.0,"observed_coordinate_medoid; source reference, not survey truth",43456382186580
606,1,LTE,11,2036,radio-18ba5d77fae329c5,32.92290081546024,12.110000296746511,1,False,False,False,True,1,Al-Madar,1,1772668800000,1772668800000,Libyan_cells_dataset/cells.sqlite3,sqlite:282,sqlite:282,0.0,"observed_coordinate_medoid; source reference, not survey truth",42749668801000
606,1,GSM,1113,1167,radio-18c5e731e8b6c976,32.03111092518958,20.021853495451985,1,False,False,False,False,0,Al-Madar,3,1578783501000,1626809281000,data/new_data/libya_collected_antennas/cellmapper/cellmapper_libya_antennas.csv,collected:973|collected:974|collected:975,collected:973,0.0,"observed_coordinate_medoid; source reference, not survey truth",136750639202307
606,1,LTE,3,798,radio-18f489a7eb0d591e,32.77470083540523,13.082100765509594,1,False,False,False,True,1,Al-Madar,1,1784505600000,1784505600000,Libyan_cells_dataset/cells.sqlite3,sqlite:44,sqlite:44,0.0,"observed_coordinate_medoid; source reference, not survey truth",89506959963005
606,1,LTE,3,658,radio-18f57e7c61292fd5,32.77410038410669,13.111600627098072,1,False,False,False,True,1,Al-Madar,1,1768780800000,1769212800000,Libyan_cells_dataset/cells.sqlite3,sqlite:351,sqlite:351,0.0,"observed_coordinate_medoid; source reference, not survey truth",44141184516951
606,0,GSM,8280,6375,radio-18fcf2db71756059,32.65990087518255,13.473200619230388,1,False,False,False,False,0,Libyana,1,1755993600000,1785888000000,Libyan_cells_dataset/cells.sqlite3,sqlite:3367,sqlite:3367,0.0,"observed_coordinate_medoid; source reference, not survey truth",52911093382079
606,0,GSM,4430,6052,radio-19248752058cade6,32.492700352242785,20.847400608106213,1,False,False,False,False,0,Libyana,1,1777420800000,1777420800000,Libyan_cells_dataset/cells.sqlite3,sqlite:3040,sqlite:3040,0.0,"observed_coordinate_medoid; source reference, not survey truth",194430121271904
606,1,LTE,14,801,radio-1995870efc6ff189,32.80230026695897,13.113400395379692,1,False,False,False,True,1,Al-Madar,1,1782864000000,1782864000000,Libyan_cells_dataset/cells.sqlite3,sqlite:192,sqlite:192,0.0,"observed_coordinate_medoid; source reference, not survey truth",260753130884105
606,0,LTE,1020,1541,radio-19a005c2b76cd6d9,32.6137009553906,14.16560063561146,1,False,False,False,False,0,Libyana,1,1776988800000,1783555200000,Libyan_cells_dataset/cells.sqlite3,sqlite:1074,sqlite:1074,0.0,"observed_coordinate_medoid; source reference, not survey truth",257263803487683
606,1,UMTS,1011,239,radio-19ab9b5b5be9f0c9,32.863700470724154,13.271000822568636,1,False,False,False,False,0,Al-Madar,4,1576540800000,1576540800000,Libyan_cells_dataset/cells.sqlite3,sqlite:1836|sqlite:1886|sqlite:2086|sqlite:2186,sqlite:2186,0.06272609088381452,"observed_coordinate_medoid; source reference, not survey truth",57249382807926
606,0,GSM,4430,6016,radio-19b64e799bd96f2d,32.497500889023705,20.835200477311368,1,False,False,False,False,0,Libyana,1,1777420800000,1777420800000,Libyan_cells_dataset/cells.sqlite3,sqlite:3038,sqlite:3038,0.0,"observed_coordinate_medoid; source reference, not survey truth",265981013661080
606,0,UMTS,1050,4269,radio-19b6c5720bed46e8,31.455200155721627,15.258300121157248,1,False,False,False,False,0,Libyana,1,1782864000000,1782864000000,Libyan_cells_dataset/cells.sqlite3,sqlite:2685,sqlite:2685,0.0,"observed_coordinate_medoid; source reference, not survey truth",128587888683099
606,1,LTE,4101,4725,radio-19cf440ee11cba86,32.7366008017252,13.35500018508719,1,False,False,False,True,1,Al-Madar,1,1776729600000,1777248000000,Libyan_cells_dataset/cells.sqlite3,sqlite:368,sqlite:368,0.0,"observed_coordinate_medoid; source reference, not survey truth",150251812123285
606,0,UMTS,5310,1152,radio-19dff8436d77122f,32.1259875,20.1042522,1,False,True,True,False,0,Libyana,1,1579690005000,1579690023000,data/new_data/libya_collected_antennas/cellmapper/cellmapper_libya_antennas.csv,collected:1039,collected:1039,0.0,"observed_coordinate_medoid; source reference, not survey truth",183071283422157
606,1,GSM,2022,2061,radio-19e77226fcf9c05c,28.69140090598734,21.412900816670426,1,False,False,False,False,0,Al-Madar,1,1618444800000,1618444800000,Libyan_cells_dataset/cells.sqlite3,sqlite:4257,sqlite:4257,0.0,"observed_coordinate_medoid; source reference, not survey truth",264433202545703
606,0,GSM,8280,1393,radio-1a06e508214421ed,32.61720078369811,13.27890030774464,1,False,False,False,False,0,Libyana,2,1755993600000,1755993600000,Libyan_cells_dataset/cells.sqlite3,sqlite:3432|sqlite:3505,sqlite:3432,0.050822229835775376,"observed_coordinate_medoid; source reference, not survey truth",29586666787465
606,0,LTE,6390,6052,radio-1a1ab8b692d479fb,32.49663543701172,20.860509872436523,1,False,False,False,False,0,Libyana,5,1777420800000,1777488757000,Libyan_cells_dataset/cells.sqlite3|data/new_data/libya_collected_antennas/cellmapper/cellmapper_libya_antennas.csv,collected:289|collected:290|collected:291|collected:292|sqlite:1256,collected:289,3.9877473660777443,"observed_coordinate_medoid; source reference, not survey truth",20200573699242
606,1,LTE,8,195,radio-1a3c0ebd30669d25,32.89300042011231,13.2463003008423,1,False,False,False,True,1,Al-Madar,1,1761609600000,1771113600000,Libyan_cells_dataset/cells.sqlite3,sqlite:40,sqlite:40,0.0,"observed_coordinate_medoid; source reference, not survey truth",183992362285734
606,1,GSM,4,1058,radio-1a5c26ac75f23f6f,32.75420054533031,12.744700527083301,1,False,False,False,False,0,Al-Madar,1,1779321600000,1779321600000,Libyan_cells_dataset/cells.sqlite3,sqlite:4027,sqlite:4027,0.0,"observed_coordinate_medoid; source reference, not survey truth",81173857552017
606,1,LTE,4002,4259,radio-1a943fdf6d287076,32.703100131519435,14.014000760269143,1,False,False,False,True,1,Al-Madar,1,1785628800000,1786147200000,Libyan_cells_dataset/cells.sqlite3,sqlite:384,sqlite:384,0.0,"observed_coordinate_medoid; source reference, not survey truth",97651544610190
606,1,UMTS,331,3416,radio-1a9cabf2dfcf8ce2,32.10340073376427,12.328400112028245,1,False,False,False,False,0,Al-Madar,1,1783555200000,1783728000000,Libyan_cells_dataset/cells.sqlite3,sqlite:1667,sqlite:1667,0.0,"observed_coordinate_medoid; source reference, not survey truth",234418087518827
606,1,LTE,4011,5121,radio-1a9fda3bcf8ee9d8,32.455400478326695,14.593300543416408,1,False,False,False,True,1,Al-Madar,1,1751932800000,1757980800000,Libyan_cells_dataset/cells.sqlite3,sqlite:457,sqlite:457,0.0,"observed_coordinate_medoid; source reference, not survey truth",12407696790774
606,1,UMTS,300,4228,radio-1aa20a0b65dcbcdf,32.64020025827774,14.241200304259054,1,False,False,False,False,0,Al-Madar,1,1576195200000,1788825600000,Libyan_cells_dataset/cells.sqlite3,sqlite:1347,sqlite:1347,0.0,"observed_coordinate_medoid; source reference, not survey truth",49810051319592
606,0,UMTS,2040,3710,radio-1ae633b1df2e059d,32.06940074598402,12.544100674234347,1,False,False,False,False,0,Libyana,1,1622851200000,1622851200000,Libyan_cells_dataset/cells.sqlite3,sqlite:2346,sqlite:2346,0.0,"observed_coordinate_medoid; source reference, not survey truth",170882045090650
606,0,UMTS,1710,1001,radio-1b33d66fd1f86911,32.886900905832896,13.187800176052129,1,False,False,False,False,0,Libyana,4,1575331200000,1575331200000,Libyan_cells_dataset/cells.sqlite3,sqlite:2189|sqlite:2239|sqlite:2289|sqlite:2367,sqlite:2367,0.04887103775749247,"observed_coordinate_medoid; source reference, not survey truth",989696500357
606,0,LTE,4001,4202,radio-1b3f49c55b10d63b,32.654500346770845,14.260300896442258,1,False,False,False,False,0,Libyana,1,1777075200000,1785628800000,Libyan_cells_dataset/cells.sqlite3,sqlite:429,sqlite:429,0.0,"observed_coordinate_medoid; source reference, not survey truth",118420687303596
606,1,LTE,4011,4509,radio-1b5fd2bec9ad5720,32.459200978172845,14.556800733610688,1,False,False,False,True,1,Al-Madar,1,1562371200000,1782518400000,Libyan_cells_dataset/cells.sqlite3,sqlite:440,sqlite:440,0.0,"observed_coordinate_medoid; source reference, not survey truth",7114102921058
606,1,LTE,3,31,radio-1b6bdcda379c441d,32.81830053697983,13.00780013833438,1,False,False,False,True,1,Al-Madar,1,1772755200000,1772755200000,Libyan_cells_dataset/cells.sqlite3,sqlite:197,sqlite:197,0.0,"observed_coordinate_medoid; source reference, not survey truth",92188269162468
606,0,LTE,2110,1798,radio-1ba05a50655c2c75,32.69990015468953,13.684600515122785,1,False,False,False,False,0,Libyana,1,1755820800000,1786838400000,Libyan_cells_dataset/cells.sqlite3,sqlite:1019,sqlite:1019,0.0,"observed_coordinate_medoid; source reference, not survey truth",103775619765228
606,1,UMTS,1050,3664,radio-1baeed53f88b431b,32.7994008516954,21.865600118096058,1,False,False,False,False,0,Al-Madar,1,1761696000000,1761696000000,Libyan_cells_dataset/cells.sqlite3,sqlite:1353,sqlite:1353,0.0,"observed_coordinate_medoid; source reference, not survey truth",85819058151157
606,0,LTE,1810,1413,radio-1baf1792af1c9867,32.90145589655085,13.175852602178423,1,False,False,False,False,0,Libyana,4,1575392325000,1786862612000,data/new_data/libya_collected_antennas/cellmapper/cellmapper_libya_antennas.csv,collected:552|collected:553|collected:554|collected:555,collected:552,0.0,"observed_coordinate_medoid; source reference, not survey truth",129699710286188
606,0,GSM,8215,4667,radio-1bd6661f6cd939d5,32.49280050702518,14.183200627985348,1,False,False,False,False,0,Libyana,3,1748217600000,1748304000000,Libyan_cells_dataset/cells.sqlite3,sqlite:3132|sqlite:3182|sqlite:3592,sqlite:3592,0.06409798042059478,"observed_coordinate_medoid; source reference, not survey truth",69057573043365
606,0,UMTS,5310,1097,radio-1bebf340bc31221f,32.1338443,20.1090024,1,False,True,True,False,0,Libyana,8,1579651200000,1739105313000,Libyan_cells_dataset/cells.sqlite3|data/new_data/libya_collected_antennas/cellmapper/cellmapper_libya_antennas.csv,collected:1046|collected:1047|collected:1048|collected:1049|sqlite:2425|sqlite:2474|sqlite:2524|sqlite:2607,collected:1046,4.8715381899848405,"observed_coordinate_medoid; source reference, not survey truth",6197737833119
606,1,UMTS,2011,70,radio-1bfee7e2607bb1d5,32.83350079286413,13.191400202118166,1,False,False,False,False,0,Al-Madar,4,1576713600000,1576713600000,Libyan_cells_dataset/cells.sqlite3,sqlite:1806|sqlite:1856|sqlite:2056|sqlite:2156,sqlite:2056,0.07369735102036462,"observed_coordinate_medoid; source reference, not survey truth",281390107672157
606,0,GSM,4400,1136,radio-1c28bf48fda78b33,32.25980046067726,20.210600358262717,1,False,False,False,False,0,Libyana,5,1702166400000,1702166400000,Libyan_cells_dataset/cells.sqlite3,sqlite:2733|sqlite:2779|sqlite:2957|sqlite:2999|sqlite:3082,sqlite:3082,0.06029387565644629,"observed_coordinate_medoid; source reference, not survey truth",216074358598477
606,1,UMTS,1021,204,radio-1c620c44485d021a,32.856000756135934,13.264800579512057,1,False,False,False,False,0,Al-Madar,4,1597795200000,1597795200000,Libyan_cells_dataset/cells.sqlite3,sqlite:1830|sqlite:1880|sqlite:2080|sqlite:2180,sqlite:2180,0.04935420776819893,"observed_coordinate_medoid; source reference, not survey truth",275321460522584
606,1,LTE,8,608,radio-1c7b36950d7ecc83,32.88030091885157,13.28560011558493,1,False,False,False,True,1,Al-Madar,1,1767225600000,1767225600000,Libyan_cells_dataset/cells.sqlite3,sqlite:74,sqlite:74,0.0,"observed_coordinate_medoid; source reference, not survey truth",261852443507905
606,1,UMTS,1050,3884,radio-1c7c110d57fa57f4,32.80000013448868,21.865200279623522,1,False,False,False,False,0,Al-Madar,1,1761696000000,1761782400000,Libyan_cells_dataset/cells.sqlite3,sqlite:1354,sqlite:1354,0.0,"observed_coordinate_medoid; source reference, not survey truth",9940052295170
606,0,UMTS,5330,1402,radio-1c8a07616b41ae7b,32.09792503150734,20.11988047006968,1,False,False,False,False,0,Libyana,2,1788116168000,1788291184000,data/new_data/libya_collected_antennas/cellmapper/cellmapper_libya_antennas.csv,collected:1163|collected:1164,collected:1163,0.0,"observed_coordinate_medoid; source reference, not survey truth",214082188976753
606,0,LTE,6390,6001,radio-1ca4875b2d28d3f0,32.49540077617875,20.84490031785054,1,False,False,False,False,0,Libyana,1,1777420800000,1777420800000,Libyan_cells_dataset/cells.sqlite3,sqlite:1199,sqlite:1199,0.0,"observed_coordinate_medoid; source reference, not survey truth",160598612895031
606,1,UMTS,301,4475,radio-1cbc6ace423caa43,32.5011003579373,14.532700492266338,1,False,False,False,False,0,Al-Madar,4,1753228800000,1773273600000,Libyan_cells_dataset/cells.sqlite3,sqlite:1509|sqlite:1563|sqlite:1742|sqlite:1898,sqlite:1509,0.08912004847446646,"observed_coordinate_medoid; source reference, not survey truth",256000507942638
606,1,GSM,2002,1448,radio-1ce07762490169ec,32.47530027493563,14.558700464914818,1,False,False,False,False,0,Al-Madar,4,1562371200000,1580860800000,Libyan_cells_dataset/cells.sqlite3,sqlite:3848|sqlite:3890|sqlite:3922|sqlite:3975,sqlite:3848,0.0860428626974194,"observed_coordinate_medoid; source reference, not survey truth",27281943660385
606,1,LTE,1240,100191,radio-1cf30a4fe259ce10,32.10150078531206,20.171900511702308,1,False,False,False,True,1,Al-Madar,1,1575590400000,1769817600000,Libyan_cells_dataset/cells.sqlite3,sqlite:692,sqlite:692,0.0,"observed_coordinate_medoid; source reference, not survey truth",205904701745774
606,0,LTE,2140,2058,radio-1d2dc87e7855002f,32.7463493347168,12.790536880493164,1,False,False,False,False,0,Libyana,5,1777334400000,1779382977000,Libyan_cells_dataset/cells.sqlite3|data/new_data/libya_collected_antennas/cellmapper/cellmapper_libya_antennas.csv,collected:352|collected:353|collected:354|collected:355|sqlite:830,collected:352,6.333846446425167,"observed_coordinate_medoid; source reference, not survey truth",196983710597822
606,1,GSM,1114,1023,radio-1d61ad2fac24016f,32.06190036351294,20.069100690981962,1,False,False,False,False,0,Al-Madar,3,1578182400000,1614470400000,Libyan_cells_dataset/cells.sqlite3,sqlite:3656|sqlite:4178|sqlite:4229,sqlite:4229,0.04637524391768641,"observed_coordinate_medoid; source reference, not survey truth",226057954998805
606,0,LTE,2120,6325,radio-1d6bc4304ee195ce,32.72410014813431,13.260800375739416,1,False,False,False,False,0,Libyana,1,1756080000000,1782086400000,Libyan_cells_dataset/cells.sqlite3,sqlite:1101,sqlite:1101,0.0,"observed_coordinate_medoid; source reference, not survey truth",114315748390042
606,0,LTE,2120,6254,radio-1d748019161f0cf4,32.8798003090433,13.328900594779082,1,False,False,False,False,0,Libyana,1,1758153600000,1783814400000,Libyan_cells_dataset/cells.sqlite3,sqlite:775,sqlite:775,0.0,"observed_coordinate_medoid; source reference, not survey truth",167765691900344
606,0,LTE,1910,1178,radio-1ddfbb416374528d,32.821013017134234,13.23722980961655,1,False,False,False,False,0,Libyana,3,1578873162000,1762334332000,data/new_data/libya_collected_antennas/cellmapper/cellmapper_libya_antennas.csv,collected:2309|collected:2310|collected:2311,collected:2309,0.0,"observed_coordinate_medoid; source reference, not survey truth",235829529601316
606,0,LTE,2120,1358,radio-1def116c9c897e36,32.587600227134566,13.33310048950316,1,False,False,False,False,0,Libyana,1,1755388800000,1787184000000,Libyan_cells_dataset/cells.sqlite3,sqlite:927,sqlite:927,0.0,"observed_coordinate_medoid; source reference, not survey truth",182194761698046
606,0,GSM,4330,1152,radio-1df660a5b0979299,32.1259875,20.1042522,1,False,True,True,False,0,Libyana,8,1770508800000,1788018389000,Libyan_cells_dataset/cells.sqlite3|data/new_data/libya_collected_antennas/cellmapper/cellmapper_libya_antennas.csv,collected:983|collected:984|collected:985|collected:986|collected:987|collected:988|sqlite:2833|sqlite:2978,collected:983,4.776004554187877,"observed_coordinate_medoid; source reference, not survey truth",183071283422157
606,0,GSM,4330,1170,radio-1e19f120237da68f,32.1188158,20.11502,1,False,True,True,False,0,Libyana,8,1556668800000,1744992844000,Libyan_cells_dataset/cells.sqlite3|data/new_data/libya_collected_antennas/cellmapper/cellmapper_libya_antennas.csv,collected:815|collected:816|collected:817|collected:818|collected:819|collected:820|sqlite:2834|sqlite:2979,collected:815,2.4992811901604286,"observed_coordinate_medoid; source reference, not survey truth",43456382186580
606,0,UMTS,5310,1072,radio-1e4c697ac51ccc78,32.09290068116025,20.085600344847617,1,False,False,False,False,0,Libyana,4,1701734400000,1701734400000,Libyan_cells_dataset/cells.sqlite3,sqlite:2420|sqlite:2469|sqlite:2519|sqlite:2602,sqlite:2602,0.09207115367017442,"observed_coordinate_medoid; source reference, not survey truth",254569566576854
606,1,LTE,4002,4279,radio-1e4d59ee1f7d8800,32.458700544015834,13.998800974899508,1,False,False,False,True,1,Al-Madar,1,1783728000000,1784678400000,Libyan_cells_dataset/cells.sqlite3,sqlite:397,sqlite:397,0.0,"observed_coordinate_medoid; source reference, not survey truth",166495663766405
606,0,GSM,8244,1815,radio-1e5ddfdad3218700,32.80510081858365,13.195200747670697,1,False,False,False,False,0,Libyana,9,1787788800000,1787788800000,Libyan_cells_dataset/cells.sqlite3,sqlite:3137|sqlite:3187|sqlite:3234|sqlite:3281|sqlite:3329|sqlite:3410|sqlite:3477|sqlite:3540|sqlite:3597,sqlite:3234,0.1008069844720744,"observed_coordinate_medoid; source reference, not survey truth",237091594717851
606,0,GSM,4340,1075,radio-1e74bf17a58c5653,32.10390064251325,20.095900431270994,1,False,False,False,False,0,Libyana,7,1595289600000,1595289600000,Libyan_cells_dataset/cells.sqlite3,sqlite:2721|sqlite:2767|sqlite:2806|sqlite:2861|sqlite:2913|sqlite:2953|sqlite:3070,sqlite:2913,0.07345986360627003,"observed_coordinate_medoid; source reference, not survey truth",197645515575896
606,0,UMTS,5410,2072,radio-1e7a2faaf756abd1,32.835600151590015,21.877200174819198,1,False,False,False,False,0,Libyana,1,1782000000000,1782000000000,Libyan_cells_dataset/cells.sqlite3,sqlite:2588,sqlite:2588,0.0,"observed_coordinate_medoid; source reference, not survey truth",216380629293435
606,0,LTE,4122,4672,radio-1ea7b794f6630227,32.73650072528288,13.355100582927347,1,False,False,False,False,0,Libyana,1,1772064000000,1777248000000,Libyan_cells_dataset/cells.sqlite3,sqlite:367,sqlite:367,0.0,"observed_coordinate_medoid; source reference, not survey truth",150251812123285
606,0,GSM,4400,1013,radio-1ecf47d9472c366d,32.17635,20.137225,1,False,True,True,False,0,Libyana,6,1702166400000,1786731123000,Libyan_cells_dataset/cells.sqlite3|data/new_data/libya_collected_antennas/cellmapper/cellmapper_libya_antennas.csv,collected:1081|collected:1082|collected:1083|collected:1084|sqlite:2993|sqlite:3008,collected:1081,5.9720673278464425,"observed_coordinate_medoid; source reference, not survey truth",3966475545940
606,1,UMTS,1020,3249,radio-1ee57a19af27486f,32.08510052086019,20.122700594703172,1,False,False,False,False,0,Al-Madar,6,1774396800000,1789084800000,Libyan_cells_dataset/cells.sqlite3,sqlite:1382|sqlite:1433|sqlite:1926|sqlite:1966|sqlite:2014|sqlite:2115,sqlite:1966,0.0947646307697626,"observed_coordinate_medoid; source reference, not survey truth",31212388822173
606,1,UMTS,1010,3200,radio-1f0b4abcaf62240c,32.1249948,20.0985318,1,False,True,True,False,0,Al-Madar,4,1701324327000,1789112542000,data/new_data/libya_collected_antennas/cellmapper/cellmapper_libya_antennas.csv,collected:710|collected:711|collected:712|collected:713,collected:710,0.0,"observed_coordinate_medoid; source reference, not survey truth",63218840062645
606,1,LTE,8,87,radio-1f143fb39630ac18,32.838500343972434,13.272600749628943,1,False,False,False,True,1,Al-Madar,1,1782086400000,1782086400000,Libyan_cells_dataset/cells.sqlite3,sqlite:516,sqlite:516,0.0,"observed_coordinate_medoid; source reference, not survey truth",40028863671531
606,1,LTE,4101,4618,radio-1f28c7acd8e72df6,32.6925004154322,13.240000720867016,1,False,False,False,True,1,Al-Madar,1,1755734400000,1781481600000,Libyan_cells_dataset/cells.sqlite3,sqlite:156,sqlite:156,0.0,"observed_coordinate_medoid; source reference, not survey truth",191687821420157
606,1,UMTS,2011,170,radio-1f32c0f75b2f92b1,32.790200579491994,13.085900348562388,1,False,False,False,False,0,Al-Madar,5,1576713600000,1576713600000,Libyan_cells_dataset/cells.sqlite3,sqlite:1649|sqlite:1826|sqlite:1876|sqlite:2076|sqlite:2176,sqlite:1826,0.0854528581812351,"observed_coordinate_medoid; source reference, not survey truth",19150614227635
606,0,GSM,8279,6329,radio-1f33f1ac7e93ccbb,32.770900645918225,13.25150069872431,1,False,False,False,False,0,Libyana,9,1782172800000,1783987200000,Libyan_cells_dataset/cells.sqlite3,sqlite:3102|sqlite:3152|sqlite:3202|sqlite:3252|sqlite:3302|sqlite:3401|sqlite:3461|sqlite:3512|sqlite:3562,sqlite:3252,0.09456945003595219,"observed_coordinate_medoid; source reference, not survey truth",34141445571936
606,1,UMTS,300,4189,radio-1f66bd6f63bd9f16,32.64940027465868,14.257400586189789,1,False,False,False,False,0,Al-Madar,1,1748131200000,1748131200000,Libyan_cells_dataset/cells.sqlite3,sqlite:1323,sqlite:1323,0.0,"observed_coordinate_medoid; source reference, not survey truth",204413975873016
606,1,LTE,4101,4640,radio-1f67ec6e7734dc24,32.700300563019105,13.37500091875567,1,False,False,False,True,1,Al-Madar,1,1777248000000,1777248000000,Libyan_cells_dataset/cells.sqlite3,sqlite:366,sqlite:366,0.0,"observed_coordinate_medoid; source reference, not survey truth",220554225019927
606,1,LTE,4081,4623,radio-1f69c34ae792314c,32.8716006971521,13.377900171304505,1,False,False,False,True,1,Al-Madar,1,1762992000000,1786060800000,Libyan_cells_dataset/cells.sqlite3,sqlite:61,sqlite:61,0.0,"observed_coordinate_medoid; source reference, not survey truth",7241388909341
606,0,UMTS,5390,6022,radio-1f6f39419f982d83,32.4449004919267,20.882000456443578,1,False,False,False,False,0,Libyana,4,1777420800000,1777420800000,Libyan_cells_dataset/cells.sqlite3,sqlite:2437|sqlite:2486|sqlite:2535|sqlite:2618,sqlite:2535,0.0642524371887172,"observed_coordinate_medoid; source reference, not survey truth",135986234494028
606,0,GSM,8224,1687,radio-1f8037a75797c4b2,32.72800044554852,13.651900720432648,1,False,False,False,False,0,Libyana,8,1782518400000,1787875200000,Libyan_cells_dataset/cells.sqlite3,sqlite:3136|sqlite:3186|sqlite:3233|sqlite:3280|sqlite:3328|sqlite:3363|sqlite:3539|sqlite:3596,sqlite:3186,0.07965800594683302,"observed_coordinate_medoid; source reference, not survey truth",104469452921913
606,0,UMTS,5330,1103,radio-1fa3c6edcfbf0c9e,32.10683572292328,20.128732204437256,1,False,False,False,False,0,Libyana,5,1565427400000,1788291190000,data/new_data/libya_collected_antennas/cellmapper/cellmapper_libya_antennas.csv,collected:862|collected:863|collected:864|collected:865|collected:866,collected:862,0.0,"observed_coordinate_medoid; source reference, not survey truth",274292514170432
606,0,GSM,4330,1092,radio-1fa3e52920b46e1b,32.1135868,20.1012918,1,False,True,True,False,0,Libyana,6,1556686063000,1789341109000,data/new_data/libya_collected_antennas/cellmapper/cellmapper_libya_antennas.csv,collected:747|collected:748|collected:749|collected:750|collected:751|collected:752,collected:747,0.0,"observed_coordinate_medoid; source reference, not survey truth",4624851836677
606,0,GSM,8243,1840,radio-1fae6cea9726d50f,32.844300456078365,13.15340043624009,1,False,False,False,False,0,Libyana,6,1784764800000,1786492800000,Libyan_cells_dataset/cells.sqlite3,sqlite:3245|sqlite:3292|sqlite:3339|sqlite:3420|sqlite:3488|sqlite:3553,sqlite:3292,0.07838433013828909,"observed_coordinate_medoid; source reference, not survey truth",35665969928463
606,0,UMTS,1610,6209,radio-1fc853db7fe9038f,32.83680053246835,13.114200737744286,1,False,False,False,False,0,Libyana,4,1775347200000,1781740800000,Libyan_cells_dataset/cells.sqlite3,sqlite:2237|sqlite:2286|sqlite:2324|sqlite:2412,sqlite:2412,0.06576208821731801,"observed_coordinate_medoid; source reference, not survey truth",201449455780171
606,1,LTE,1230,101391,radio-1fe7522766d12bae,32.01060036127953,20.08330028676379,1,False,False,False,True,1,Al-Madar,1,1555372800000,1785369600000,Libyan_cells_dataset/cells.sqlite3,sqlite:631,sqlite:631,0.0,"observed_coordinate_medoid; source reference, not survey truth",280448290432557
606,1,LTE,4101,4614,radio-1ff17f7335b09dc5,32.748900481615394,13.396500304870216,1,False,False,False,True,1,Al-Madar,1,1775606400000,1777248000000,Libyan_cells_dataset/cells.sqlite3,sqlite:371,sqlite:371,0.0,"observed_coordinate_medoid; source reference, not survey truth",35585169389546
606,1,UMTS,2011,52,radio-20497bb2566a5b56,32.77030051012683,13.015100845092189,1,False,False,False,False,0,Al-Madar,4,1576713600000,1576713600000,Libyan_cells_dataset/cells.sqlite3,sqlite:1799|sqlite:1849|sqlite:2049|sqlite:2149,sqlite:2049,0.08201401229447716,"observed_coordinate_medoid; source reference, not survey truth",95191834315305
606,1,LTE,4041,4183,radio-207320423ee93454,32.34410092683318,15.099200818081028,1,False,False,False,True,1,Al-Madar,1,1781827200000,1781827200000,Libyan_cells_dataset/cells.sqlite3,sqlite:487,sqlite:487,0.0,"observed_coordinate_medoid; source reference, not survey truth",197815090123704
606,0,UMTS,1020,4675,radio-20a078d6be38684d,32.648200400775764,14.256000719056278,1,False,False,False,False,0,Libyana,3,1581984000000,1581984000000,Libyan_cells_dataset/cells.sqlite3,sqlite:2209|sqlite:2258|sqlite:2384,sqlite:2258,0.05564083024559065,"observed_coordinate_medoid; source reference, not survey truth",28600368140678
606,1,LTE,8,849,radio-20ade61786d71a48,32.87490075892073,13.273900362917995,1,False,False,False,True,1,Al-Madar,1,1767225600000,1767225600000,Libyan_cells_dataset/cells.sqlite3,sqlite:76,sqlite:76,0.0,"observed_coordinate_medoid; source reference, not survey truth",208156249638499
606,1,LTE,1,241,radio-21005e9dc47336b8,32.90140016218892,13.174300261932384,1,False,False,False,True,1,Al-Madar,1,1759363200000,1782086400000,Libyan_cells_dataset/cells.sqlite3,sqlite:186,sqlite:186,0.0,"observed_coordinate_medoid; source reference, not survey truth",37333342865144
606,0,LTE,6340,1264,radio-210703ef655329a9,31.656500684487415,20.01180066611836,1,False,False,False,False,0,Libyana,1,1746230400000,1787616000000,Libyan_cells_dataset/cells.sqlite3,sqlite:1151,sqlite:1151,0.0,"observed_coordinate_medoid; source reference, not survey truth",215806533178199
606,0,LTE,2120,1821,radio-2113ce7dfe79de7b,32.87700049972366,13.329200854520954,1,False,False,False,False,0,Libyana,1,1763596800000,1783641600000,Libyan_cells_dataset/cells.sqlite3,sqlite:1002,sqlite:1002,0.0,"observed_coordinate_medoid; source reference, not survey truth",247452542786623
606,1,LTE,1250,106161,radio-2137dd88602f82b3,32.76120034529881,21.78570084026253,1,False,False,False,True,1,Al-Madar,1,1773100800000,1773964800000,Libyan_cells_dataset/cells.sqlite3,sqlite:662,sqlite:662,0.0,"observed_coordinate_medoid; source reference, not survey truth",154706296946598
606,1,UMTS,2011,99,radio-214424d5218baaaa,32.86300044296337,13.130400190143963,1,False,False,False,False,0,Al-Madar,4,1576713600000,1576800000000,Libyan_cells_dataset/cells.sqlite3,sqlite:1815|sqlite:1865|sqlite:2065|sqlite:2165,sqlite:2065,0.07675955146072044,"observed_coordinate_medoid; source reference, not survey truth",49130288433601
606,1,LTE,4002,5237,radio-217adf807b1e3c7b,32.63100060443557,13.989100465308915,1,False,False,False,True,1,Al-Madar,1,1775606400000,1777161600000,Libyan_cells_dataset/cells.sqlite3,sqlite:378,sqlite:378,0.0,"observed_coordinate_medoid; source reference, not survey truth",267442170084925
606,1,LTE,8091,4604,radio-217fe6e92d07a313,32.66980019850307,13.937600827827382,1,False,False,False,True,1,Al-Madar,1,1775606400000,1777161600000,Libyan_cells_dataset/cells.sqlite3,sqlite:121,sqlite:121,0.0,"observed_coordinate_medoid; source reference, not survey truth",180189685490022
606,0,GSM,4310,1007,radio-218993a2d9017b70,32.1117247,20.0716614,1,False,True,True,False,0,Libyana,3,1552293548000,1772554647000,data/new_data/libya_collected_antennas/cellmapper/cellmapper_libya_antennas.csv,collected:921|collected:922|collected:923,collected:921,0.0,"observed_coordinate_medoid; source reference, not survey truth",183354767792426
606,1,LTE,3,27,radio-21ad9a9858bbf89a,32.76600062993778,13.087300228551548,1,False,False,False,True,1,Al-Madar,1,1782864000000,1782864000000,Libyan_cells_dataset/cells.sqlite3,sqlite:211,sqlite:211,0.0,"observed_coordinate_medoid; source reference, not survey truth",40322809867663
606,0,UMTS,5310,1070,radio-21e2c11507e4df49,32.08370054483635,20.08290059346833,1,False,False,False,False,0,Libyana,4,1551052800000,1763596800000,Libyan_cells_dataset/cells.sqlite3,sqlite:2442|sqlite:2491|sqlite:2540|sqlite:2623,sqlite:2442,0.08953885726875395,"observed_coordinate_medoid; source reference, not survey truth",180861417374884
606,1,LTE,4101,4632,radio-21fb8bc023ad7cb5,32.58880057009758,13.175600723941681,1,False,False,False,True,1,Al-Madar,1,1772582400000,1772582400000,Libyan_cells_dataset/cells.sqlite3,sqlite:332,sqlite:332,0.0,"observed_coordinate_medoid; source reference, not survey truth",134128225968801
606,0,LTE,2150,2052,radio-2213872504f5e51e,32.76115417480469,12.690282821655272,1,False,False,False,False,0,Libyana,6,1777334400000,1782117830000,Libyan_cells_dataset/cells.sqlite3|data/new_data/libya_collected_antennas/cellmapper/cellmapper_libya_antennas.csv,collected:305|collected:306|collected:307|collected:308|collected:309|sqlite:866,collected:305,5.379277529406001,"observed_coordinate_medoid; source reference, not survey truth",171540688404894
606,0,UMTS,5370,4330,radio-222f38ab238ee575,31.204900888449234,16.560500806839958,1,False,False,False,False,0,Libyana,1,1788220800000,1788220800000,Libyan_cells_dataset/cells.sqlite3,sqlite:2694,sqlite:2694,0.0,"observed_coordinate_medoid; source reference, not survey truth",187045374662592
606,0,LTE,4021,4066,radio-2241d9dbce869a40,32.33700025288963,15.031400124406401,1,False,False,False,False,0,Libyana,1,1781827200000,1781827200000,Libyan_cells_dataset/cells.sqlite3,sqlite:471,sqlite:471,0.0,"observed_coordinate_medoid; source reference, not survey truth",51704865825523
606,0,GSM,4460,2007,radio-225bcd6fa4df3a04,32.78390056368102,21.831600273179593,1,False,False,False,False,0,Libyana,3,1772841600000,1773100800000,Libyan_cells_dataset/cells.sqlite3,sqlite:2707|sqlite:3029|sqlite:3056,sqlite:3056,0.06734587932194096,"observed_coordinate_medoid; source reference, not survey truth",114273407739740
606,0,LTE,1710,1218,radio-225efe5b4937d9e9,32.8466004652064,13.20450096864585,1,False,False,False,False,0,Libyana,1,1762300800000,1785110400000,Libyan_cells_dataset/cells.sqlite3,sqlite:774,sqlite:774,0.0,"observed_coordinate_medoid; source reference, not survey truth",253889094035698
606,1,LTE,4181,5888,radio-2260241d1eca0e3d,30.78510065540623,20.223100776684706,1,False,False,False,True,1,Al-Madar,1,1782086400000,1782086400000,Libyan_cells_dataset/cells.sqlite3,sqlite:575,sqlite:575,0.0,"observed_coordinate_medoid; source reference, not survey truth",227549540852193
606,1,LTE,1250,106641,radio-226ee672db19739a,32.79710055288552,21.87000086702119,1,False,False,False,True,1,Al-Madar,1,1761782400000,1761782400000,Libyan_cells_dataset/cells.sqlite3,sqlite:669,sqlite:669,0.0,"observed_coordinate_medoid; source reference, not survey truth",4759407731664
606,0,UMTS,5330,1051,radio-22700b4b7bc2f9eb,32.13692416784898,20.125370205573315,1,False,False,False,False,0,Libyana,3,1557105877000,1788116177000,data/new_data/libya_collected_antennas/cellmapper/cellmapper_libya_antennas.csv,collected:1120|collected:1121|collected:1122,collected:1120,0.0,"observed_coordinate_medoid; source reference, not survey truth",239280229448255
606,1,GSM,14,1014,radio-227e7f36a908bb2c,32.840800338990974,13.12750097126901,1,False,False,False,False,0,Al-Madar,1,1785715200000,1785715200000,Libyan_cells_dataset/cells.sqlite3,sqlite:3641,sqlite:3641,0.0,"observed_coordinate_medoid; source reference, not survey truth",50968637713480
606,0,UMTS,5410,2417,radio-2299b5ab95184dc9,32.765500593064516,21.764600811677372,1,False,False,False,False,0,Libyana,1,1773100800000,1777420800000,Libyan_cells_dataset/cells.sqlite3,sqlite:2580,sqlite:2580,0.0,"observed_coordinate_medoid; source reference, not survey truth",200081674118365
606,1,LTE,4011,4288,radio-22bd7d91981a2774,32.479800765442846,14.533400695413027,1,False,False,False,True,1,Al-Madar,1,1778976000000,1778976000000,Libyan_cells_dataset/cells.sqlite3,sqlite:444,sqlite:444,0.0,"observed_coordinate_medoid; source reference, not survey truth",117970954554782
606,0,GSM,4340,1055,radio-22c074dfd2804bc0,32.1059503,20.0723229,1,False,True,True,False,0,Libyana,3,1554425987000,1787000798000,data/new_data/libya_collected_antennas/cellmapper/cellmapper_libya_antennas.csv,collected:735|collected:736|collected:737,collected:735,0.0,"observed_coordinate_medoid; source reference, not survey truth",205473676659696
606,1,LTE,3,866,radio-22d0c8a63567e27b,32.79510054802053,13.020400301796297,1,False,False,False,True,1,Al-Madar,1,1774137600000,1781827200000,Libyan_cells_dataset/cells.sqlite3,sqlite:212,sqlite:212,0.0,"observed_coordinate_medoid; source reference, not survey truth",3452810821395
606,0,LTE,2120,6389,radio-22e74c0dcd65365e,32.70190091678517,13.310800946058816,1,False,False,False,False,0,Libyana,1,1756080000000,1782086400000,Libyan_cells_dataset/cells.sqlite3,sqlite:931,sqlite:931,0.0,"observed_coordinate_medoid; source reference, not survey truth",36747001968307
606,0,LTE,6310,1097,radio-2313abb1af16bfaa,32.1338443,20.1090024,1,False,True,True,False,0,Libyana,5,1575244800000,1787576818000,Libyan_cells_dataset/cells.sqlite3|data/new_data/libya_collected_antennas/cellmapper/cellmapper_libya_antennas.csv,collected:1935|collected:1936|collected:1937|collected:1938|sqlite:1178,collected:1935,4.875929140812236,"observed_coordinate_medoid; source reference, not survey truth",6197737833119
606,0,GSM,8278,6251,radio-232af84ed0fc211c,32.87320019188969,13.36520034414094,1,False,False,False,False,0,Libyana,1,1784764800000,1784764800000,Libyan_cells_dataset/cells.sqlite3,sqlite:3394,sqlite:3394,0.0,"observed_coordinate_medoid; source reference, not survey truth",31318864164641
606,1,LTE,3,553,radio-237cd045519f4506,32.78380053402844,13.071700360742176,1,False,False,False,True,1,Al-Madar,1,1783209600000,1784073600000,Libyan_cells_dataset/cells.sqlite3,sqlite:176,sqlite:176,0.0,"observed_coordinate_medoid; source reference, not survey truth",215254666862784
606,1,GSM,1111,1200,radio-238fb6df1b0df4c7,32.1249948,20.0985318,1,False,True,True,False,0,Al-Madar,3,1755640762000,1789112540000,data/new_data/libya_collected_antennas/cellmapper/cellmapper_libya_antennas.csv,collected:738|collected:739|collected:740,collected:738,0.0,"observed_coordinate_medoid; source reference, not survey truth",63218840062645
606,1,LTE,8091,4596,radio-23bbd1e5688dd0f5,32.73980013825021,13.700000562474397,1,False,False,False,True,1,Al-Madar,1,1762300800000,1786147200000,Libyan_cells_dataset/cells.sqlite3,sqlite:96,sqlite:96,0.0,"observed_coordinate_medoid; source reference, not survey truth",254993107406668
606,0,LTE,2120,6490,radio-24492e79c3d94a6c,32.89103880314902,13.328818681983744,1,False,False,False,False,0,Libyana,9,1757376000000,1783726919000,Libyan_cells_dataset/cells.sqlite3|data/new_data/libya_collected_antennas/cellmapper/cellmapper_libya_antennas.csv,collected:648|collected:649|collected:650|collected:651|collected:652|collected:653|collected:654|collected:655|sqlite:1006,collected:648,4.5917746004141335,"observed_coordinate_medoid; source reference, not survey truth",202411329523165
606,1,LTE,14,12,radio-24906d7dabe70e66,32.850400676047485,13.117300462635733,1,False,False,False,True,1,Al-Madar,1,1782086400000,1782086400000,Libyan_cells_dataset/cells.sqlite3,sqlite:502,sqlite:502,0.0,"observed_coordinate_medoid; source reference, not survey truth",220719349713217
606,0,LTE,6340,1269,radio-24983db407f81b62,31.920690536499023,20.1730899810791,1,False,False,False,False,0,Libyana,6,1769076416000,1786023510000,data/new_data/libya_collected_antennas/cellmapper/cellmapper_libya_antennas.csv,collected:201|collected:202|collected:203|collected:204|collected:205|collected:206,collected:201,0.0,"observed_coordinate_medoid; source reference, not survey truth",98148662736810
606,0,LTE,2120,1771,radio-249bfa0c56715520,32.66300069891061,13.223500128790867,1,False,False,False,False,0,Libyana,1,1755388800000,1787184000000,Libyan_cells_dataset/cells.sqlite3,sqlite:916,sqlite:916,0.0,"observed_coordinate_medoid; source reference, not survey truth",205524457094520
606,0,UMTS,5310,1540,radio-24c7772bec8d19df,32.09980096085493,20.083000528048775,1,False,False,False,False,0,Libyana,4,1755388800000,1763510400000,Libyan_cells_dataset/cells.sqlite3,sqlite:2430|sqlite:2479|sqlite:2528|sqlite:2611,sqlite:2479,0.09052793417375121,"observed_coordinate_medoid; source reference, not survey truth",162651665426948
606,0,GSM,4450,2016,radio-25085f7c171dbe8f,32.7065005462367,21.7325002194439,1,False,False,False,False,0,Libyana,3,1780704000000,1780704000000,Libyan_cells_dataset/cells.sqlite3,sqlite:2705|sqlite:3028|sqlite:3054,sqlite:3028,0.07350111048023038,"observed_coordinate_medoid; source reference, not survey truth",44430330703361
606,0,LTE,2120,6486,radio-252e30bf3f6ea531,32.84510096178506,13.374200903986093,1,False,False,False,False,0,Libyana,1,1782086400000,1782691200000,Libyan_cells_dataset/cells.sqlite3,sqlite:1004,sqlite:1004,0.0,"observed_coordinate_medoid; source reference, not survey truth",52837717169050
606,1,LTE,1210,101641,radio-255b9eaf5d3061d9,32.13060066519299,20.076100234391713,1,False,False,False,True,1,Al-Madar,1,1779408000000,1785456000000,Libyan_cells_dataset/cells.sqlite3,sqlite:638,sqlite:638,0.0,"observed_coordinate_medoid; source reference, not survey truth",208379597559475
606,1,GSM,1112,1003,radio-256854b9babbbe5c,32.117000237085165,20.15910028070058,1,False,False,False,False,0,Al-Madar,1,1781049600000,1781049600000,Libyan_cells_dataset/cells.sqlite3,sqlite:3625,sqlite:3625,0.0,"observed_coordinate_medoid; source reference, not survey truth",70740880889979
606,1,GSM,1115,1369,radio-2578438fa107ff07,31.73380032444559,20.261400272319793,1,False,False,False,False,0,Al-Madar,1,1785283200000,1785456000000,Libyan_cells_dataset/cells.sqlite3,sqlite:4252,sqlite:4252,0.0,"observed_coordinate_medoid; source reference, not survey truth",117138333244474
606,1,GSM,2,1742,radio-2592cb427477ff9f,32.85580054158981,13.180700665398845,1,False,False,False,False,0,Al-Madar,1,1785715200000,1785715200000,Libyan_cells_dataset/cells.sqlite3,sqlite:4073,sqlite:4073,0.0,"observed_coordinate_medoid; source reference, not survey truth",181893069751555
606,0,LTE,6350,4016,radio-259473cc3e757e34,30.78180037198529,20.228200704208533,1,False,False,False,False,0,Libyana,1,1774310400000,1782086400000,Libyan_cells_dataset/cells.sqlite3,sqlite:1217,sqlite:1217,0.0,"observed_coordinate_medoid; source reference, not survey truth",125745205025454
606,0,UMTS,4040,3036,radio-25a05138e8ccbe60,27.02410090963219,14.432500450627883,1,False,False,False,False,0,Libyana,1,1454112000000,1454112000000,Libyan_cells_dataset/cells.sqlite3,sqlite:2665,sqlite:2665,0.0,"observed_coordinate_medoid; source reference, not survey truth",104783231502227
606,0,LTE,2130,1261,radio-25bb835eb0e54a59,32.766000845189694,13.144600603454238,1,False,False,False,False,0,Libyana,1,1755388800000,1787184000000,Libyan_cells_dataset/cells.sqlite3,sqlite:708,sqlite:708,0.0,"observed_coordinate_medoid; source reference, not survey truth",23614098518493
606,0,LTE,1910,6294,radio-25d5740dee118e15,32.86030066514748,13.24600052960393,1,False,False,False,False,0,Libyana,1,1761609600000,1787529600000,Libyan_cells_dataset/cells.sqlite3,sqlite:778,sqlite:778,0.0,"observed_coordinate_medoid; source reference, not survey truth",9924770069499
606,1,LTE,4011,4365,radio-25da858a36b18583,32.48960042926796,14.564500447797037,1,False,False,False,True,1,Al-Madar,1,1773187200000,1778976000000,Libyan_cells_dataset/cells.sqlite3,sqlite:463,sqlite:463,0.0,"observed_coordinate_medoid; source reference, not survey truth",128159760169182
606,0,UMTS,1510,1076,radio-25e9cefd35dc0b20,32.82000041237344,12.97150094053365,1,False,False,False,False,0,Libyana,4,1772668800000,1772755200000,Libyan_cells_dataset/cells.sqlite3,sqlite:2225|sqlite:2274|sqlite:2314|sqlite:2400,sqlite:2225,0.07092060143322967,"observed_coordinate_medoid; source reference, not survey truth",208253185176379
606,0,LTE,6330,1215,radio-26088c866ebbf837,32.89018777700571,13.233107200035684,1,False,False,False,False,0,Libyana,2,1768563644000,1772554647000,data/new_data/libya_collected_antennas/cellmapper/cellmapper_libya_antennas.csv,collected:2451|collected:2452,collected:2451,0.0,"observed_coordinate_medoid; source reference, not survey truth",270707308788108
606,0,LTE,2120,1357,radio-2613d0125696b2eb,32.56950086846663,13.455500782792708,1,False,False,False,False,0,Libyana,1,1785024000000,1786924800000,Libyan_cells_dataset/cells.sqlite3,sqlite:935,sqlite:935,0.0,"observed_coordinate_medoid; source reference, not survey truth",222980979953254
606,1,LTE,4111,4872,radio-2614797626928829,32.70050041557148,13.538800212754529,1,False,False,False,True,1,Al-Madar,1,1759622400000,1760054400000,Libyan_cells_dataset/cells.sqlite3,sqlite:115,sqlite:115,0.0,"observed_coordinate_medoid; source reference, not survey truth",182213665735352
606,0,LTE,6310,1069,radio-2624ef76fc1cf8c9,32.08843460083008,20.0965633392334,1,False,False,False,False,0,Libyana,5,1755439974000,1789782162000,data/new_data/libya_collected_antennas/cellmapper/cellmapper_libya_antennas.csv,collected:1783|collected:1784|collected:1785|collected:1786|collected:1787,collected:1783,0.0,"observed_coordinate_medoid; source reference, not survey truth",244272075749688
606,1,GSM,2001,1076,radio-2650bb1849bcd1ee,32.62280023586138,14.327300273954654,1,False,False,False,False,0,Al-Madar,2,1788825600000,1788825600000,Libyan_cells_dataset/cells.sqlite3,sqlite:3861|sqlite:3900,sqlite:3900,0.041637517742385576,"observed_coordinate_medoid; source reference, not survey truth",98667289313929
606,1,LTE,4,2077,radio-2657480f4bb6b325,32.75910044609193,12.599400251080494,1,False,False,False,True,1,Al-Madar,1,1787184000000,1787184000000,Libyan_cells_dataset/cells.sqlite3,sqlite:266,sqlite:266,0.0,"observed_coordinate_medoid; source reference, not survey truth",28636893370715
606,0,GSM,8291,2405,radio-2663d7ba75cc55e7,32.76590071888487,12.567300419287678,1,False,False,False,False,0,Libyana,1,1787184000000,1787184000000,Libyan_cells_dataset/cells.sqlite3,sqlite:3455,sqlite:3455,0.0,"observed_coordinate_medoid; source reference, not survey truth",106995545407604
606,1,LTE,3,562,radio-267a565752dfd843,32.80660038735139,12.997100821148953,1,False,False,False,True,1,Al-Madar,1,1772755200000,1787529600000,Libyan_cells_dataset/cells.sqlite3,sqlite:219,sqlite:219,0.0,"observed_coordinate_medoid; source reference, not survey truth",65400890902024
606,0,LTE,2150,2164,radio-26a17fee47a3e8af,32.78890029852468,12.495200987763308,1,False,False,False,False,0,Libyana,1,1782086400000,1782086400000,Libyan_cells_dataset/cells.sqlite3,sqlite:873,sqlite:873,0.0,"observed_coordinate_medoid; source reference, not survey truth",230904867837575
606,0,GSM,4380,1172,radio-26a4aaf83dfae063,32.0926385,20.1160389,1,False,True,True,False,0,Libyana,9,1556668800000,1595307226000,Libyan_cells_dataset/cells.sqlite3|data/new_data/libya_collected_antennas/cellmapper/cellmapper_libya_antennas.csv,collected:802|collected:803|collected:804|collected:805|collected:806|sqlite:2826|sqlite:2888|sqlite:2934|sqlite:2970,collected:802,5.5436143661527355,"observed_coordinate_medoid; source reference, not survey truth",218667369815235
606,0,UMTS,5410,2031,radio-26ad17f44b437672,32.772411980980394,21.76535036333333,1,False,False,False,False,0,Libyana,3,1773100800000,1773241464000,Libyan_cells_dataset/cells.sqlite3|data/new_data/libya_collected_antennas/cellmapper/cellmapper_libya_antennas.csv,collected:1297|collected:1298|sqlite:2574,collected:1297,4.829124551281214,"observed_coordinate_medoid; source reference, not survey truth",58548387104525
606,0,LTE,6310,1152,radio-26ad810a46e1d36b,32.1259875,20.1042522,1,False,True,True,False,0,Libyana,4,1579690119000,1786122933000,data/new_data/libya_collected_antennas/cellmapper/cellmapper_libya_antennas.csv,collected:2150|collected:2151|collected:2152|collected:2153,collected:2150,0.0,"observed_coordinate_medoid; source reference, not survey truth",183071283422157
606,1,GSM,8029,1706,radio-26b5bf3dbfeb665c,32.80530049656999,13.489200717478381,1,False,False,False,False,0,Al-Madar,7,1777334400000,1785715200000,Libyan_cells_dataset/cells.sqlite3,sqlite:3721|sqlite:3767|sqlite:3818|sqlite:3956|sqlite:4015|sqlite:4059|sqlite:4134,sqlite:3956,0.07547644350520097,"observed_coordinate_medoid; source reference, not survey truth",194554941196305
606,1,UMTS,301,4484,radio-26f9fdfa7931a145,32.48060082916336,14.494600794705633,1,False,False,False,False,0,Al-Madar,1,1576195200000,1576195200000,Libyan_cells_dataset/cells.sqlite3,sqlite:1544,sqlite:1544,0.0,"observed_coordinate_medoid; source reference, not survey truth",2029293397228
606,1,GSM,2034,1861,radio-270c3a586e437d8b,32.874900878837224,13.330800711799089,1,False,False,False,False,0,Al-Madar,1,1785715200000,1785715200000,Libyan_cells_dataset/cells.sqlite3,sqlite:4082,sqlite:4082,0.0,"observed_coordinate_medoid; source reference, not survey truth",187272272031167
606,0,LTE,2120,1682,radio-271ccdd7a2a25e45,32.88500078203835,13.378000431790715,1,False,False,False,False,0,Libyana,1,1782691200000,1782864000000,Libyan_cells_dataset/cells.sqlite3,sqlite:996,sqlite:996,0.0,"observed_coordinate_medoid; source reference, not survey truth",278548208286005
606,0,LTE,4011,4166,radio-2734bd4ecea2e1be,32.47410082681797,14.574500429941876,1,False,False,False,False,0,Libyana,1,1773187200000,1783209600000,Libyan_cells_dataset/cells.sqlite3,sqlite:450,sqlite:450,0.0,"observed_coordinate_medoid; source reference, not survey truth",127166029176345
606,0,GSM,8224,1752,radio-274adf0fc57232de,32.86690043223114,13.41920035235887,1,False,False,False,False,0,Libyana,1,1784764800000,1786492800000,Libyan_cells_dataset/cells.sqlite3,sqlite:3385,sqlite:3385,0.0,"observed_coordinate_medoid; source reference, not survey truth",230384075360123
606,0,GSM,4360,1066,radio-2785c00db6f205a1,32.0783898,20.11509,1,False,True,True,False,0,Libyana,7,1546128000000,1782684475000,Libyan_cells_dataset/cells.sqlite3|data/new_data/libya_collected_antennas/cellmapper/cellmapper_libya_antennas.csv,collected:785|collected:786|collected:787|collected:788|collected:789|sqlite:2897|sqlite:2943,collected:785,1.577785118718343,"observed_coordinate_medoid; source reference, not survey truth",71834258512708
606,1,LTE,3,57,radio-279384fe8fd8ec6f,32.81200086743839,13.06220096240891,1,False,False,False,True,1,Al-Madar,1,1602460800000,1602460800000,Libyan_cells_dataset/cells.sqlite3,sqlite:12,sqlite:12,0.0,"observed_coordinate_medoid; source reference, not survey truth",222051387178474
606,1,LTE,4101,4646,radio-279cf0d0b3f7163c,32.64760013576237,13.262700871218836,1,False,False,False,True,1,Al-Madar,1,1762300800000,1771113600000,Libyan_cells_dataset/cells.sqlite3,sqlite:9,sqlite:9,0.0,"observed_coordinate_medoid; source reference, not survey truth",124456460349657
606,1,LTE,4011,4323,radio-27b993d0155cfdb4,32.50380026978796,14.504300858362253,1,False,False,False,True,1,Al-Madar,1,1773187200000,1773273600000,Libyan_cells_dataset/cells.sqlite3,sqlite:437,sqlite:437,0.0,"observed_coordinate_medoid; source reference, not survey truth",240721500790000
606,0,LTE,6350,4041,radio-280217852b3a8825,30.739900584787147,20.211100946812152,1,False,False,False,False,0,Libyana,1,1773187200000,1782777600000,Libyan_cells_dataset/cells.sqlite3,sqlite:1220,sqlite:1220,0.0,"observed_coordinate_medoid; source reference, not survey truth",129170678974442
606,1,LTE,4,2251,radio-282b6b0377511838,32.73950028217904,12.751100606895246,1,False,False,False,True,1,Al-Madar,1,1771632000000,1774310400000,Libyan_cells_dataset/cells.sqlite3,sqlite:264,sqlite:264,0.0,"observed_coordinate_medoid; source reference, not survey truth",126678975820715
606,1,LTE,4101,4900,radio-28427e9b041e22f8,32.54880083178384,13.437800262429159,1,False,False,False,True,1,Al-Madar,1,1762300800000,1777420800000,Libyan_cells_dataset/cells.sqlite3,sqlite:119,sqlite:119,0.0,"observed_coordinate_medoid; source reference, not survey truth",228017369724520
606,1,LTE,8091,4564,radio-284ea6006b177d83,32.72570068566244,13.740800273802732,1,False,False,False,True,1,Al-Madar,1,1776816000000,1776816000000,Libyan_cells_dataset/cells.sqlite3,sqlite:120,sqlite:120,0.0,"observed_coordinate_medoid; source reference, not survey truth",132727815130211
606,0,UMTS,2040,3209,radio-28596f3f3c8fcc10,30.21470023751769,9.992000141760181,1,False,False,False,False,0,Libyana,1,1783555200000,1783641600000,Libyan_cells_dataset/cells.sqlite3,sqlite:2353,sqlite:2353,0.0,"observed_coordinate_medoid; source reference, not survey truth",132433067093438
606,0,LTE,2110,1373,radio-286fda3a3f34b71c,32.72020026593488,13.612800943373767,1,False,False,False,False,0,Libyana,1,1755302400000,1787875200000,Libyan_cells_dataset/cells.sqlite3,sqlite:1020,sqlite:1020,0.0,"observed_coordinate_medoid; source reference, not survey truth",227786842916776
606,0,LTE,1030,4061,radio-28a508320052acca,32.49930075699048,14.444900768535001,1,False,False,False,False,0,Libyana,1,1782777600000,1782864000000,Libyan_cells_dataset/cells.sqlite3,sqlite:1112,sqlite:1112,0.0,"observed_coordinate_medoid; source reference, not survey truth",88522530569327
606,1,UMTS,300,4481,radio-28b0365694baa6c5,32.63160019221293,14.21780012587778,1,False,False,False,False,0,Al-Madar,1,1782864000000,1782864000000,Libyan_cells_dataset/cells.sqlite3,sqlite:1325,sqlite:1325,0.0,"observed_coordinate_medoid; source reference, not survey truth",93369311014165
606,0,LTE,6320,1025,radio-28c0110cefa08d17,32.116111,20.0726186,1,False,True,True,False,0,Libyana,6,1556761933000,1790079324000,data/new_data/libya_collected_antennas/cellmapper/cellmapper_libya_antennas.csv,collected:1493|collected:1494|collected:1495|collected:1496|collected:1497|collected:1498,collected:1493,0.0,"observed_coordinate_medoid; source reference, not survey truth",185985844024419
606,0,LTE,2120,1908,radio-29159f0162066484,32.781200690501784,13.235400948565891,1,False,False,False,False,0,Libyana,1,1780963200000,1783987200000,Libyan_cells_dataset/cells.sqlite3,sqlite:788,sqlite:788,0.0,"observed_coordinate_medoid; source reference, not survey truth",243139350548332
606,0,LTE,2040,3201,radio-2933b67a105f8da1,30.129300631176307,9.498800250237657,1,False,False,False,False,0,Libyana,1,1783555200000,1783641600000,Libyan_cells_dataset/cells.sqlite3,sqlite:1301,sqlite:1301,0.0,"observed_coordinate_medoid; source reference, not survey truth",105152282362700
606,1,LTE,8091,4927,radio-2945fdfd3f53b1fa,32.7532005112615,13.493100125233925,1,False,False,False,True,1,Al-Madar,1,1755734400000,1781481600000,Libyan_cells_dataset/cells.sqlite3,sqlite:136,sqlite:136,0.0,"observed_coordinate_medoid; source reference, not survey truth",206317183093060
606,1,UMTS,1040,3141,radio-29811671b7e4829e,31.970900972851393,20.08390050274901,1,False,False,False,False,0,Al-Madar,5,1647129600000,1773619200000,Libyan_cells_dataset/cells.sqlite3,sqlite:1398|sqlite:1449|sqlite:1983|sqlite:2029|sqlite:2132,sqlite:1398,0.049132887322382336,"observed_coordinate_medoid; source reference, not survey truth",24010058122820
606,1,LTE,8,89,radio-29914de24e88d73d,32.85400035048903,13.252300906454064,1,False,False,False,True,1,Al-Madar,1,1761609600000,1787529600000,Libyan_cells_dataset/cells.sqlite3,sqlite:518,sqlite:518,0.0,"observed_coordinate_medoid; source reference, not survey truth",237819822468489
606,0,LTE,6430,3008,radio-29a482594d32395a,32.06770021254097,23.96540067036989,1,False,False,False,False,0,Libyana,1,1571702400000,1578528000000,Libyan_cells_dataset/cells.sqlite3,sqlite:1276,sqlite:1276,0.0,"observed_coordinate_medoid; source reference, not survey truth",100264604003333
606,0,LTE,2040,3531,radio-29e5f61ba3c5f856,31.874300974295387,11.48590084681227,1,False,False,False,False,0,Libyana,1,1783555200000,1783555200000,Libyan_cells_dataset/cells.sqlite3,sqlite:1294,sqlite:1294,0.0,"observed_coordinate_medoid; source reference, not survey truth",179808552104225
606,1,UMTS,311,3902,radio-29ffc896405e1544,32.431400720721356,13.621300304221416,1,False,False,False,False,0,Al-Madar,1,1774483200000,1777420800000,Libyan_cells_dataset/cells.sqlite3,sqlite:1770,sqlite:1770,0.0,"observed_coordinate_medoid; source reference, not survey truth",136414738725977
606,0,LTE,2120,6261,radio-2a13417faa062199,32.874600707523136,13.332200184169618,1,False,False,False,False,0,Libyana,1,1755734400000,1786924800000,Libyan_cells_dataset/cells.sqlite3,sqlite:998,sqlite:998,0.0,"observed_coordinate_medoid; source reference, not survey truth",186810543205840
606,1,LTE,4021,4070,radio-2a1a5f9a89d3a5a8,32.38680094124318,15.04550044071953,1,False,False,False,True,1,Al-Madar,1,1747440000000,1747440000000,Libyan_cells_dataset/cells.sqlite3,sqlite:476,sqlite:476,0.0,"observed_coordinate_medoid; source reference, not survey truth",70771545665952
606,1,GSM,4,1041,radio-2a406ca0dd2cadb6,32.76960038916124,12.731200276051837,1,False,False,False,False,0,Al-Madar,5,1782345600000,1782777600000,Libyan_cells_dataset/cells.sqlite3,sqlite:3673|sqlite:3723|sqlite:3774|sqlite:3990|sqlite:4090,sqlite:3990,0.09924143826445299,"observed_coordinate_medoid; source reference, not survey truth",57059639016102
606,0,LTE,2130,6379,radio-2a55a094b7948da3,32.68990076421875,13.157700655521484,1,False,False,False,False,0,Libyana,1,1755734400000,1787097600000,Libyan_cells_dataset/cells.sqlite3,sqlite:894,sqlite:894,0.0,"observed_coordinate_medoid; source reference, not survey truth",45811089389898
606,1,UMTS,5011,2099,radio-2aa15e0fb67b83e7,32.74910069022731,12.70870017927301,1,False,False,False,False,0,Al-Madar,3,1576713600000,1782086400000,Libyan_cells_dataset/cells.sqlite3,sqlite:1588|sqlite:1623|sqlite:1708,sqlite:1708,0.037149013373188114,"observed_coordinate_medoid; source reference, not survey truth",159557612118776
606,0,UMTS,1510,1463,radio-2abedfcec8e918cc,32.81610069458613,13.02450072613857,1,False,False,False,False,0,Libyana,4,1772668800000,1772668800000,Libyan_cells_dataset/cells.sqlite3,sqlite:2214|sqlite:2263|sqlite:2304|sqlite:2389,sqlite:2214,0.04966420770530785,"observed_coordinate_medoid; source reference, not survey truth",207146697628502
606,1,LTE,1250,106451,radio-2acfe2c93aa1921e,32.773900819668874,21.782400508295364,1,False,False,False,True,1,Al-Madar,1,1772928000000,1772928000000,Libyan_cells_dataset/cells.sqlite3,sqlite:619,sqlite:619,0.0,"observed_coordinate_medoid; source reference, not survey truth",236382601619877
606,0,LTE,6310,1032,radio-2b0fcd8753fbc447,32.1080044,20.0993783,1,False,True,True,False,0,Libyana,12,1762214400000,1789112542000,Libyan_cells_dataset/cells.sqlite3|data/new_data/libya_collected_antennas/cellmapper/cellmapper_libya_antennas.csv,collected:1529|collected:1530|collected:1531|collected:1532|collected:1533|collected:1534|collected:1535|collected:1536|collected:1537|collected:1538|collected:1539|sqlite:1166,collected:1529,2.177221655976902,"observed_coordinate_medoid; source reference, not survey truth",222886158436662
606,1,GSM,8,6408,radio-2b1a58e3a5bc607a,32.66690022658057,13.144700638906462,1,False,False,False,False,0,Al-Madar,5,1298678400000,1298678400000,Libyan_cells_dataset/cells.sqlite3,sqlite:3720|sqlite:3766|sqlite:3817|sqlite:4014|sqlite:4133,sqlite:3817,0.09320628116908669,"observed_coordinate_medoid; source reference, not survey truth",62559386077236
606,1,GSM,1112,1075,radio-2b2115e4a0ec3453,32.1083005140119,20.083400137523462,1,False,False,False,False,0,Al-Madar,1,1578787200000,1614384000000,Libyan_cells_dataset/cells.sqlite3,sqlite:4242,sqlite:4242,0.0,"observed_coordinate_medoid; source reference, not survey truth",41834842381928
606,0,LTE,2120,6426,radio-2b272e53c8f2fbcf,32.86630084973388,13.371500268305594,1,False,False,False,False,0,Libyana,1,1782086400000,1783814400000,Libyan_cells_dataset/cells.sqlite3,sqlite:1001,sqlite:1001,0.0,"observed_coordinate_medoid; source reference, not survey truth",72672995563654
606,0,LTE,1020,1540,radio-2bb4eafbcabdbf12,32.59610083676679,14.124400840297486,1,False,False,False,False,0,Libyana,1,1775779200000,1783555200000,Libyan_cells_dataset/cells.sqlite3,sqlite:1068,sqlite:1068,0.0,"observed_coordinate_medoid; source reference, not survey truth",145801974225790
606,1,UMTS,1030,3235,radio-2bb6563f21dbf119,32.0542017,20.0676475,1,False,True,True,False,0,Al-Madar,2,1700555420000,1701324325000,data/new_data/libya_collected_antennas/cellmapper/cellmapper_libya_antennas.csv,collected:1269|collected:1270,collected:1269,0.0,"observed_coordinate_medoid; source reference, not survey truth",274538925978017
606,0,LTE,2120,1670,radio-2bf165ce44b11478,32.746500898984905,13.308300142504416,1,False,False,False,False,0,Libyana,1,1756080000000,1784678400000,Libyan_cells_dataset/cells.sqlite3,sqlite:1310,sqlite:1310,0.0,"observed_coordinate_medoid; source reference, not survey truth",155885720047636
606,0,LTE,6390,6019,radio-2bf24eef60512ff9,32.49247922897339,20.8318323135376,1,False,False,False,False,0,Libyana,8,1776816000000,1777488755000,Libyan_cells_dataset/cells.sqlite3|data/new_data/libya_collected_antennas/cellmapper/cellmapper_libya_antennas.csv,collected:273|collected:274|collected:275|collected:276|collected:277|collected:278|collected:279|sqlite:1250,collected:273,3.829732223185642,"observed_coordinate_medoid; source reference, not survey truth",119396061970583
606,0,LTE,2040,3203,radio-2bf6933d974693ad,30.119700287486104,9.493600300231835,1,False,False,False,False,0,Libyana,1,1783555200000,1783641600000,Libyan_cells_dataset/cells.sqlite3,sqlite:707,sqlite:707,0.0,"observed_coordinate_medoid; source reference, not survey truth",268070285792356
606,1,LTE,1250,106191,radio-2bfb528f708d0926,32.76860047438223,21.741900658979052,1,False,False,False,True,1,Al-Madar,1,1773100800000,1773100800000,Libyan_cells_dataset/cells.sqlite3,sqlite:660,sqlite:660,0.0,"observed_coordinate_medoid; source reference, not survey truth",244593998777136
606,0,LTE,1610,1713,radio-2bfbe3e954a2e50f,32.86310018051605,13.130500446217107,1,False,False,False,False,0,Libyana,1,1575244800000,1787529600000,Libyan_cells_dataset/cells.sqlite3,sqlite:776,sqlite:776,0.0,"observed_coordinate_medoid; source reference, not survey truth",49130288433601
606,1,LTE,4001,4226,radio-2c023a7f4d5d9435,32.57730072453727,14.321100769217281,1,False,False,False,True,1,Al-Madar,1,1575417600000,1786838400000,Libyan_cells_dataset/cells.sqlite3,sqlite:430,sqlite:430,0.0,"observed_coordinate_medoid; source reference, not survey truth",246490197160193
606,0,GSM,4330,1021,radio-2c07234a685d08ff,32.132500367917466,20.102200746977527,1,False,False,False,False,0,Libyana,6,1554422400000,1785888000000,Libyan_cells_dataset/cells.sqlite3,sqlite:2728|sqlite:2774|sqlite:2812|sqlite:2868|sqlite:2956|sqlite:3077,sqlite:2728,0.07504864186147815,"observed_coordinate_medoid; source reference, not survey truth",211781988157525
606,0,LTE,3016,1323,radio-2c0d9109339d4ddd,32.89520027945689,13.323800156840884,1,False,False,False,False,0,Libyana,1,1575417600000,1575417600000,Libyan_cells_dataset/cells.sqlite3,sqlite:712,sqlite:712,0.0,"observed_coordinate_medoid; source reference, not survey truth",2342437174640
606,1,LTE,4121,4468,radio-2c113676f3c27600,24.208600748638894,23.293300424774035,1,False,False,False,True,1,Al-Madar,1,1785196800000,1787616000000,Libyan_cells_dataset/cells.sqlite3,sqlite:591,sqlite:591,0.0,"observed_coordinate_medoid; source reference, not survey truth",232917771081688
606,0,LTE,1910,1317,radio-2c17e981c3cd925e,32.90684437107395,13.255553889918971,1,False,False,False,False,0,Libyana,9,1757856596000,1787209013000,data/new_data/libya_collected_antennas/cellmapper/cellmapper_libya_antennas.csv,collected:616|collected:617|collected:618|collected:619|collected:620|collected:621|collected:622|collected:623|collected:624,collected:616,0.0,"observed_coordinate_medoid; source reference, not survey truth",247537049756279
606,0,UMTS,5310,1092,radio-2c20af0f363ae7ab,32.1135868,20.1012918,1,False,True,True,False,0,Libyana,3,1763676361000,1789146376000,data/new_data/libya_collected_antennas/cellmapper/cellmapper_libya_antennas.csv,collected:1220|collected:1221|collected:1222,collected:1220,0.0,"observed_coordinate_medoid; source reference, not survey truth",4624851836677
606,0,LTE,6410,2037,radio-2c2875040c60fc67,32.78170062857135,21.797400384554436,1,False,False,True,False,0,Libyana,2,1757980800000,1761420640000,Libyan_cells_dataset/cells.sqlite3|data/new_data/libya_collected_antennas/cellmapper/cellmapper_libya_antennas.csv,collected:112|sqlite:1271,sqlite:1271,2.5207775337756244,"observed_coordinate_medoid; source reference, not survey truth",9762508505361
606,0,UMTS,4220,4907,radio-2c2d6f6e1dac4198,27.485300917112532,14.019800651293743,1,False,False,False,False,0,Libyana,1,1665964800000,1665964800000,Libyan_cells_dataset/cells.sqlite3,sqlite:2652,sqlite:2652,0.0,"observed_coordinate_medoid; source reference, not survey truth",134237097282193
606,1,UMTS,1021,921,radio-2c6f1bc9e6c75d28,32.81340070895624,13.271900729015803,1,False,False,False,False,0,Al-Madar,1,1775606400000,1779840000000,Libyan_cells_dataset/cells.sqlite3,sqlite:1731,sqlite:1731,0.0,"observed_coordinate_medoid; source reference, not survey truth",149567975393237
606,1,UMTS,4011,3106,radio-2ca237a3f827b2d2,32.10610078670504,12.93570081781903,1,False,False,False,False,0,Al-Madar,1,1593129600000,1593129600000,Libyan_cells_dataset/cells.sqlite3,sqlite:1760,sqlite:1760,0.0,"observed_coordinate_medoid; source reference, not survey truth",164728366551591
606,0,GSM,4320,1030,radio-2ce3efb2123ede06,32.14310050070333,20.117200571186146,1,False,False,False,False,0,Libyana,7,1581206400000,1581206400000,Libyan_cells_dataset/cells.sqlite3,sqlite:2711|sqlite:2757|sqlite:2802|sqlite:2855|sqlite:2951|sqlite:2998|sqlite:3060,sqlite:2855,0.08522616830251607,"observed_coordinate_medoid; source reference, not survey truth",121981768452467
606,1,LTE,10,118,radio-2d390147d534b8f3,32.76170069489416,13.273600847220175,1,False,False,False,True,1,Al-Madar,1,1772064000000,1783987200000,Libyan_cells_dataset/cells.sqlite3,sqlite:347,sqlite:347,0.0,"observed_coordinate_medoid; source reference, not survey truth",67818387527399
606,1,UMTS,1030,3286,radio-2d3e70c3bda57c98,32.038168144716444,20.118178084910827,1,False,False,False,False,0,Al-Madar,3,1770384770000,1773974171000,data/new_data/libya_collected_antennas/cellmapper/cellmapper_libya_antennas.csv,collected:1234|collected:1235|collected:1236,collected:1234,0.0,"observed_coordinate_medoid; source reference, not survey truth",4813022885539
606,1,GSM,2000,1473,radio-2d3fd82a430090b5,32.57980025546378,14.01060032325992,1,False,False,False,False,0,Al-Madar,1,1778025600000,1789084800000,Libyan_cells_dataset/cells.sqlite3,sqlite:3907,sqlite:3907,0.0,"observed_coordinate_medoid; source reference, not survey truth",60241946371239
606,0,LTE,6410,2003,radio-2d5398e49ae7f15f,32.75740031018911,12.73410038389652,2,True,False,False,False,0,Libyana,1,1520726400000,1780704000000,Libyan_cells_dataset/cells.sqlite3,sqlite:847,sqlite:847,0.0,"observed_coordinate_medoid; source reference, not survey truth",89904331883954
606,1,GSM,3,2229,radio-2d70b81038c19bd6,32.792500325486586,13.102400322462065,1,False,False,False,False,0,Al-Madar,1,1602460800000,1602460800000,Libyan_cells_dataset/cells.sqlite3,sqlite:4079,sqlite:4079,0.0,"observed_coordinate_medoid; source reference, not survey truth",97010117477070
606,0,LTE,2130,1969,radio-2d9dea4caa2626f9,32.681100622764156,13.14400036369964,1,False,False,False,False,0,Libyana,1,1755388800000,1787184000000,Libyan_cells_dataset/cells.sqlite3,sqlite:892,sqlite:892,0.0,"observed_coordinate_medoid; source reference, not survey truth",126428482208449
606,1,GSM,1111,1053,radio-2db8dd5f756bc6de,32.129700224389566,20.109500818169064,1,False,False,False,False,0,Al-Madar,2,1579651200000,1581206400000,Libyan_cells_dataset/cells.sqlite3,sqlite:4151|sqlite:4205,sqlite:4205,0.0604315772387008,"observed_coordinate_medoid; source reference, not survey truth",29810117042714
606,0,LTE,2110,3641,radio-2dc1f6e93a0270f9,32.42290047171623,13.453500399357171,1,False,False,False,False,0,Libyana,1,1771718400000,1779408000000,Libyan_cells_dataset/cells.sqlite3,sqlite:1083,sqlite:1083,0.0,"observed_coordinate_medoid; source reference, not survey truth",250932881850191
606,0,GSM,4310,1163,radio-2dc285f00d50e89e,32.0803880059816,20.05023554252832,1,False,False,False,False,0,Libyana,5,1552293590000,1784911847000,data/new_data/libya_collected_antennas/cellmapper/cellmapper_libya_antennas.csv,collected:947|collected:948|collected:949|collected:950|collected:951,collected:947,0.0,"observed_coordinate_medoid; source reference, not survey truth",101271489977916
606,1,UMTS,2021,104,radio-2dc34f0266bcd210,32.69280038146024,13.150400450301065,1,False,False,False,False,0,Al-Madar,7,1777334400000,1777334400000,Libyan_cells_dataset/cells.sqlite3,sqlite:1564|sqlite:1611|sqlite:1692|sqlite:1817|sqlite:1867|sqlite:2067|sqlite:2167,sqlite:1867,0.0888700990944132,"observed_coordinate_medoid; source reference, not survey truth",110336601757521
606,1,GSM,1112,1010,radio-2df4c8b882e8745b,32.10524722986054,20.126457047044184,1,False,False,False,False,0,Al-Madar,3,1579651200000,1786255265000,Libyan_cells_dataset/cells.sqlite3|data/new_data/libya_collected_antennas/cellmapper/cellmapper_libya_antennas.csv,collected:1136|collected:1137|sqlite:3631,collected:1136,6.653546053125619,"observed_coordinate_medoid; source reference, not survey truth",148794829517595
606,0,LTE,2120,1985,radio-2e18f1806077dbad,32.86390076352254,13.425000709987186,1,False,False,False,False,0,Libyana,1,1755561600000,1787184000000,Libyan_cells_dataset/cells.sqlite3,sqlite:992,sqlite:992,0.0,"observed_coordinate_medoid; source reference, not survey truth",81105622154738
606,0,LTE,6350,4025,radio-2e2026a7feaf9a5e,30.770000635257386,20.23820018642095,1,False,False,False,False,0,Libyana,1,1782086400000,1782086400000,Libyan_cells_dataset/cells.sqlite3,sqlite:1213,sqlite:1213,0.0,"observed_coordinate_medoid; source reference, not survey truth",40608779462217
606,1,GSM,2034,1856,radio-2e4530cafd72720a,32.8722005765826,13.372300371389894,1,False,False,False,False,0,Al-Madar,1,1785715200000,1785715200000,Libyan_cells_dataset/cells.sqlite3,sqlite:4081,sqlite:4081,0.0,"observed_coordinate_medoid; source reference, not survey truth",183528739006248
606,0,UMTS,5370,4332,radio-2e5c0ebdda16a1f4,31.203000882236147,16.584800272605875,1,False,False,False,False,0,Libyana,1,1788220800000,1788220800000,Libyan_cells_dataset/cells.sqlite3,sqlite:2695,sqlite:2695,0.0,"observed_coordinate_medoid; source reference, not survey truth",82047340086520
606,0,LTE,2120,6396,radio-2e7dcff6791ed955,32.88840086307254,13.346700921732932,1,False,False,False,False,0,Libyana,1,1761264000000,1783382400000,Libyan_cells_dataset/cells.sqlite3,sqlite:1000,sqlite:1000,0.0,"observed_coordinate_medoid; source reference, not survey truth",257987967353374
606,0,UMTS,5390,6011,radio-2e83536936ce107c,32.5000004908147,20.883900436343502,1,False,False,False,False,0,Libyana,4,1777420800000,1777420800000,Libyan_cells_dataset/cells.sqlite3,sqlite:2435|sqlite:2484|sqlite:2533|sqlite:2616,sqlite:2484,0.07212004577474004,"observed_coordinate_medoid; source reference, not survey truth",143898274815660
606,0,LTE,6310,1085,radio-2e9226af1250d529,32.1178284,20.1068627,1,False,True,True,False,0,Libyana,7,1575452963000,1788291184000,data/new_data/libya_collected_antennas/cellmapper/cellmapper_libya_antennas.csv,collected:1871|collected:1872|collected:1873|collected:1874|collected:1875|collected:1876|collected:1877,collected:1871,0.0,"observed_coordinate_medoid; source reference, not survey truth",15388461713640
606,1,UMTS,2011,82,radio-2ea281a686a380cd,32.781900806835544,13.023800649866509,1,False,False,False,False,0,Al-Madar,6,1576713600000,1576800000000,Libyan_cells_dataset/cells.sqlite3,sqlite:1644|sqlite:1732|sqlite:1809|sqlite:1859|sqlite:2059|sqlite:2159,sqlite:1732,0.10259270137855753,"observed_coordinate_medoid; source reference, not survey truth",166584171908473
606,0,LTE,6340,1247,radio-2eb97e0c6b596ede,32.77120087294439,13.096900551018813,1,False,False,False,False,0,Libyana,1,1768780800000,1787616000000,Libyan_cells_dataset/cells.sqlite3,sqlite:766,sqlite:766,0.0,"observed_coordinate_medoid; source reference, not survey truth",225753436954599
606,1,LTE,4101,4713,radio-2ebad84ee635e19d,32.70200047172414,13.3182004891896,1,False,False,False,True,1,Al-Madar,1,1755734400000,1781481600000,Libyan_cells_dataset/cells.sqlite3,sqlite:365,sqlite:365,0.0,"observed_coordinate_medoid; source reference, not survey truth",251189330502405
606,1,GSM,14,2010,radio-2ee8593c05c6355b,32.800700339624726,13.14050056444408,1,False,False,False,False,0,Al-Madar,2,1785369600000,1785715200000,Libyan_cells_dataset/cells.sqlite3,sqlite:4022|sqlite:4066,sqlite:4066,0.013552028725402223,"observed_coordinate_medoid; source reference, not survey truth",193358793451899
606,1,GSM,1113,1014,radio-2f006f089cb20218,32.084600327822244,20.117600875358367,1,False,False,False,False,0,Al-Madar,1,1562371200000,1786060800000,Libyan_cells_dataset/cells.sqlite3,sqlite:3642,sqlite:3642,0.0,"observed_coordinate_medoid; source reference, not survey truth",246672638586577
606,1,LTE,2,774,radio-2f3a1a2278322946,32.86750036888427,13.150200791139405,1,False,False,False,True,1,Al-Madar,1,1768521600000,1769817600000,Libyan_cells_dataset/cells.sqlite3,sqlite:23,sqlite:23,0.0,"observed_coordinate_medoid; source reference, not survey truth",48152152959336
606,1,LTE,1240,101431,radio-2f747c25c617f263,31.917400468818844,20.097600457693275,1,False,False,False,True,1,Al-Madar,1,1769299200000,1786147200000,Libyan_cells_dataset/cells.sqlite3,sqlite:557,sqlite:557,0.0,"observed_coordinate_medoid; source reference, not survey truth",23853188005560
606,1,UMTS,1030,3104,radio-2f7cf7b512fd83db,32.07501635653898,20.06697650067508,1,False,False,False,False,0,Al-Madar,4,1755992890000,1759349145000,data/new_data/libya_collected_antennas/cellmapper/cellmapper_libya_antennas.csv,collected:663|collected:664|collected:665|collected:666,collected:663,0.0,"observed_coordinate_medoid; source reference, not survey truth",235779719208351
606,0,UMTS,2040,3848,radio-2f8522997c5c76ef,31.76160019696025,11.258900836008433,1,False,False,False,False,0,Libyana,1,1783555200000,1783555200000,Libyan_cells_dataset/cells.sqlite3,sqlite:2359,sqlite:2359,0.0,"observed_coordinate_medoid; source reference, not survey truth",257732731230485
606,1,UMTS,2011,1550,radio-2f8b23fd3e8e135a,32.77500030885823,13.082200458650627,1,False,False,False,False,0,Al-Madar,2,1600214400000,1785369600000,Libyan_cells_dataset/cells.sqlite3,sqlite:1641|sqlite:1728,sqlite:1641,0.03333108807265169,"observed_coordinate_medoid; source reference, not survey truth",89506959963005
606,1,UMTS,301,4212,radio-2f957598b2ee0680,32.50840035621107,14.418600392456696,1,False,False,False,False,0,Al-Madar,1,1782777600000,1782864000000,Libyan_cells_dataset/cells.sqlite3,sqlite:1771,sqlite:1771,0.0,"observed_coordinate_medoid; source reference, not survey truth",218823597055187
606,1,GSM,6,1096,radio-2fa1e44aa499262d,32.37540028744229,15.087000516616772,1,False,False,False,False,0,Al-Madar,4,1358208000000,1358208000000,Libyan_cells_dataset/cells.sqlite3,sqlite:3710|sqlite:3912|sqlite:3932|sqlite:3953,sqlite:3932,0.1047347373462522,"observed_coordinate_medoid; source reference, not survey truth",114285167464436
606,0,UMTS,1710,1133,radio-2fc1fe4bdb0a0d7e,32.87720037076958,13.216800796783907,1,False,False,False,False,0,Libyana,4,1419897600000,1419897600000,Libyan_cells_dataset/cells.sqlite3,sqlite:2190|sqlite:2240|sqlite:2290|sqlite:2368,sqlite:2240,0.09508155196240968,"observed_coordinate_medoid; source reference, not survey truth",78319995475252
606,0,UMTS,5370,4322,radio-2fc97fa32abe8f32,31.1664006021871,16.564100645678344,1,False,False,False,False,0,Libyana,1,1782086400000,1782086400000,Libyan_cells_dataset/cells.sqlite3,sqlite:2676,sqlite:2676,0.0,"observed_coordinate_medoid; source reference, not survey truth",150208949891724
606,0,UMTS,5390,6441,radio-2fdd9473ea329189,32.44630032262007,20.896700408090027,1,False,False,False,False,0,Libyana,7,1777420800000,1777473420000,Libyan_cells_dataset/cells.sqlite3|data/new_data/libya_collected_antennas/cellmapper/cellmapper_libya_antennas.csv,collected:1291|collected:1292|sqlite:2459|sqlite:2508|sqlite:2557|sqlite:2571|sqlite:2640,sqlite:2459,1.3055110300711372,"observed_coordinate_medoid; source reference, not survey truth",238352237027962
606,0,LTE,1020,1774,radio-2fe0cd54c2de5dfe,32.638200446364955,13.977000475095533,1,False,False,False,False,0,Libyana,1,1775606400000,1784678400000,Libyan_cells_dataset/cells.sqlite3,sqlite:1042,sqlite:1042,0.0,"observed_coordinate_medoid; source reference, not survey truth",25674913545812
606,0,LTE,11,2041,radio-2ff4d256d08b52f1,32.92920050827686,12.088700406333274,1,False,False,False,False,0,Libyana,1,1772668800000,1772668800000,Libyan_cells_dataset/cells.sqlite3,sqlite:283,sqlite:283,0.0,"observed_coordinate_medoid; source reference, not survey truth",104362730190737
606,0,LTE,1810,6306,radio-3068ca316f09f02c,32.901866300115,13.218867257776228,1,False,False,False,False,0,Libyana,4,1757855984000,1787205831000,data/new_data/libya_collected_antennas/cellmapper/cellmapper_libya_antennas.csv,collected:598|collected:599|collected:600|collected:601,collected:598,0.0,"observed_coordinate_medoid; source reference, not survey truth",137974620757589
606,1,UMTS,1010,3045,radio-3106dc1d8d006fee,32.170455,20.129158333333333,1,False,False,False,False,0,Al-Madar,1,1786723510000,1786723596000,data/new_data/libya_collected_antennas/cellmapper/cellmapper_libya_antennas.csv,collected:1096,collected:1096,0.0,"observed_coordinate_medoid; source reference, not survey truth",78732876995111
606,0,LTE,1030,4232,radio-313b7c1cc45baa41,32.4596009045459,14.491500910707597,1,False,False,False,False,0,Libyana,1,1783382400000,1783382400000,Libyan_cells_dataset/cells.sqlite3,sqlite:706,sqlite:706,0.0,"observed_coordinate_medoid; source reference, not survey truth",221173631993688
606,0,LTE,1610,1921,radio-31597eb688f9364b,32.87950102414634,13.14727746804878,1,False,False,False,False,0,Libyana,7,1762426926000,1786629194000,data/new_data/libya_collected_antennas/cellmapper/cellmapper_libya_antennas.csv,collected:510|collected:511|collected:512|collected:513|collected:514|collected:515|collected:516,collected:510,0.0,"observed_coordinate_medoid; source reference, not survey truth",266874565015696
606,1,LTE,1210,100411,radio-315eda777d9cac6d,32.17320048615399,20.1322007806502,1,False,False,False,True,1,Al-Madar,1,1785628800000,1786665600000,Libyan_cells_dataset/cells.sqlite3,sqlite:629,sqlite:629,0.0,"observed_coordinate_medoid; source reference, not survey truth",251860204968066
606,0,LTE,4081,4622,radio-31d9881afd3c331a,32.887100203343905,13.368000926264045,1,False,False,False,False,0,Libyana,1,1759363200000,1763337600000,Libyan_cells_dataset/cells.sqlite3,sqlite:70,sqlite:70,0.0,"observed_coordinate_medoid; source reference, not survey truth",205985436556928
606,0,UMTS,5310,1076,radio-31eab111bc51aa5f,32.1070156,20.1047247,1,False,True,True,False,0,Libyana,3,1763676361000,1789146376000,data/new_data/libya_collected_antennas/cellmapper/cellmapper_libya_antennas.csv,collected:848|collected:849|collected:850,collected:848,0.0,"observed_coordinate_medoid; source reference, not survey truth",91337706461448
606,1,LTE,4181,5042,radio-31ed82fa66eef9fe,30.94870072259067,20.187700118253446,1,False,False,False,True,1,Al-Madar,1,1774310400000,1774310400000,Libyan_cells_dataset/cells.sqlite3,sqlite:561,sqlite:561,0.0,"observed_coordinate_medoid; source reference, not survey truth",209604220369339
606,1,UMTS,5011,2027,radio-322dab6e05fbef77,32.76430034172787,12.499500422489369,1,False,False,False,False,0,Al-Madar,1,1589241600000,1589241600000,Libyan_cells_dataset/cells.sqlite3,sqlite:1655,sqlite:1655,0.0,"observed_coordinate_medoid; source reference, not survey truth",250349383475702
606,0,LTE,2090,1364,radio-3268d3f4eac01725,32.7076002209151,13.940500531250336,1,False,False,False,False,0,Libyana,1,1575417600000,1786838400000,Libyan_cells_dataset/cells.sqlite3,sqlite:1048,sqlite:1048,0.0,"observed_coordinate_medoid; source reference, not survey truth",140240333171975
606,1,GSM,1114,1017,radio-3274de5fbb2ed9f0,32.11340026212521,20.170500683343313,1,False,False,False,False,0,Al-Madar,3,1701734400000,1701734400000,Libyan_cells_dataset/cells.sqlite3,sqlite:3646|sqlite:4147|sqlite:4202,sqlite:4147,0.04191975327026637,"observed_coordinate_medoid; source reference, not survey truth",174180233855202
606,1,LTE,1250,108841,radio-3280118bd98bafb7,32.80380041766195,21.867400253779525,1,False,False,False,True,1,Al-Madar,1,1761609600000,1782000000000,Libyan_cells_dataset/cells.sqlite3,sqlite:670,sqlite:670,0.0,"observed_coordinate_medoid; source reference, not survey truth",127837181524865
606,1,UMTS,2003,4274,radio-328e1e00f8e46d6b,32.37460068376424,15.081400245394882,1,False,False,False,False,0,Al-Madar,3,1576022400000,1576022400000,Libyan_cells_dataset/cells.sqlite3,sqlite:1463|sqlite:1524|sqlite:1759,sqlite:1463,0.07791128267906514,"observed_coordinate_medoid; source reference, not survey truth",38428082179198
606,1,LTE,4331,4944,radio-32a8c66f1b9aebcb,32.084400822999584,12.973800566988835,1,False,False,False,True,1,Al-Madar,1,1775174400000,1775865600000,Libyan_cells_dataset/cells.sqlite3,sqlite:306,sqlite:306,0.0,"observed_coordinate_medoid; source reference, not survey truth",143422233689095
606,0,UMTS,5310,1593,radio-32a90201a5fa1d94,32.07790069505515,20.067900538592298,1,False,False,False,False,0,Libyana,4,1702339200000,1763424000000,Libyan_cells_dataset/cells.sqlite3,sqlite:2424|sqlite:2473|sqlite:2523|sqlite:2606,sqlite:2606,0.08774633333350663,"observed_coordinate_medoid; source reference, not survey truth",176622953497333
606,1,LTE,4001,4331,radio-32bcc9fead7951b0,32.578300223424996,14.038000358893493,1,False,False,False,True,1,Al-Madar,1,1775606400000,1777075200000,Libyan_cells_dataset/cells.sqlite3,sqlite:376,sqlite:376,0.0,"observed_coordinate_medoid; source reference, not survey truth",261015206999271
606,0,LTE,6390,6040,radio-32f0771caae1cd3e,32.64450035204904,20.83150072782733,1,False,False,False,False,0,Libyana,1,1785456000000,1785456000000,Libyan_cells_dataset/cells.sqlite3,sqlite:1248,sqlite:1248,0.0,"observed_coordinate_medoid; source reference, not survey truth",106217045448282
606,0,LTE,6350,4009,radio-33210e49579b2717,30.782900371740173,20.220200762146746,1,False,False,False,False,0,Libyana,1,1782086400000,1782086400000,Libyan_cells_dataset/cells.sqlite3,sqlite:1232,sqlite:1232,0.0,"observed_coordinate_medoid; source reference, not survey truth",152032492719400
606,0,LTE,6390,1133,radio-332492101a8d7cc7,32.18496322631836,20.14520072937012,1,False,False,False,False,0,Libyana,1,1772554647000,1772554647000,data/new_data/libya_collected_antennas/cellmapper/cellmapper_libya_antennas.csv,collected:2089,collected:2089,0.0,"observed_coordinate_medoid; source reference, not survey truth",82118506341804
606,0,LTE,1510,1940,radio-33301bcac898046f,32.77890045891397,13.163500802632186,1,False,False,False,False,0,Libyana,1,1756080000000,1783900800000,Libyan_cells_dataset/cells.sqlite3,sqlite:768,sqlite:768,0.0,"observed_coordinate_medoid; source reference, not survey truth",150700400246055
606,1,LTE,10,827,radio-3341e5db9162f84b,32.695900327172666,13.13360047885131,1,False,False,False,True,1,Al-Madar,1,1772582400000,1782864000000,Libyan_cells_dataset/cells.sqlite3,sqlite:184,sqlite:184,0.0,"observed_coordinate_medoid; source reference, not survey truth",238225684069299
606,1,LTE,4011,5045,radio-335cdda355d10f6a,32.49970047310427,14.542900539269437,1,False,False,False,True,1,Al-Madar,1,1773187200000,1773273600000,Libyan_cells_dataset/cells.sqlite3,sqlite:438,sqlite:438,0.0,"observed_coordinate_medoid; source reference, not survey truth",59080038973814
606,0,LTE,6330,1202,radio-338979bd6bfd61bd,32.0867623,20.1416111,1,False,True,True,False,0,Libyana,11,1775501521000,1789920584000,data/new_data/libya_collected_antennas/cellmapper/cellmapper_libya_antennas.csv,collected:489|collected:490|collected:491|collected:492|collected:493|collected:494|collected:495|collected:496|collected:497|collected:498|collected:499,collected:489,0.0,"observed_coordinate_medoid; source reference, not survey truth",15887575498640
606,0,LTE,1020,4665,radio-339e48662bd18ab5,32.65370023375083,14.262400151541097,1,False,False,False,False,0,Libyana,1,1777075200000,1777075200000,Libyan_cells_dataset/cells.sqlite3,sqlite:1107,sqlite:1107,0.0,"observed_coordinate_medoid; source reference, not survey truth",57502915713585
606,0,LTE,1510,1866,radio-33adddde4e28050f,32.79010027240615,13.097400454116057,1,False,False,False,False,0,Libyana,1,1782086400000,1782086400000,Libyan_cells_dataset/cells.sqlite3,sqlite:730,sqlite:730,0.0,"observed_coordinate_medoid; source reference, not survey truth",126442732460565
606,1,LTE,4331,4515,radio-33c844561e37b2a9,32.17130066195414,13.020900529070211,1,False,False,False,True,1,Al-Madar,1,1775174400000,1775865600000,Libyan_cells_dataset/cells.sqlite3,sqlite:305,sqlite:305,0.0,"observed_coordinate_medoid; source reference, not survey truth",237117244638709
606,1,LTE,8091,4898,radio-33d5fff478829580,32.71310050022276,13.96590058436705,1,False,False,False,True,1,Al-Madar,1,1785628800000,1786060800000,Libyan_cells_dataset/cells.sqlite3,sqlite:385,sqlite:385,0.0,"observed_coordinate_medoid; source reference, not survey truth",112615893230399
606,0,LTE,2150,2179,radio-33df45d282a2bfe1,32.75960023898297,12.607700120844264,1,False,False,False,False,0,Libyana,1,1782086400000,1782086400000,Libyan_cells_dataset/cells.sqlite3,sqlite:838,sqlite:838,0.0,"observed_coordinate_medoid; source reference, not survey truth",238492845682653
606,0,UMTS,1050,4194,radio-33e55527cbb2ea9e,31.45490090130092,15.257200771712961,1,False,False,False,False,0,Libyana,1,1782777600000,1782864000000,Libyan_cells_dataset/cells.sqlite3,sqlite:2682,sqlite:2682,0.0,"observed_coordinate_medoid; source reference, not survey truth",277820622951250
606,1,GSM,2034,1828,radio-342b04cf719de991,32.87270031476031,13.308900222665141,1,False,False,False,False,0,Al-Madar,1,1785715200000,1785715200000,Libyan_cells_dataset/cells.sqlite3,sqlite:4076,sqlite:4076,0.0,"observed_coordinate_medoid; source reference, not survey truth",256294346087166
606,0,LTE,1510,1637,radio-34417ae2cca27b3e,32.83400067279077,13.029700295734457,1,False,False,False,False,0,Libyana,1,1764460800000,1787529600000,Libyan_cells_dataset/cells.sqlite3,sqlite:723,sqlite:723,0.0,"observed_coordinate_medoid; source reference, not survey truth",223226792338846
606,0,GSM,8281,1735,radio-345ad4927f671f29,32.89580085237223,13.262700430030868,1,False,False,False,False,0,Libyana,8,1786406400000,1786406400000,Libyan_cells_dataset/cells.sqlite3,sqlite:3111|sqlite:3161|sqlite:3211|sqlite:3261|sqlite:3311|sqlite:3467|sqlite:3521|sqlite:3571,sqlite:3311,0.08011836888547587,"observed_coordinate_medoid; source reference, not survey truth",212304107440090
606,1,LTE,1240,102051,radio-3465aa45ca4e95b0,32.0490007007517,20.16130020721231,1,False,False,False,True,1,Al-Madar,1,1772236800000,1774310400000,Libyan_cells_dataset/cells.sqlite3,sqlite:635,sqlite:635,0.0,"observed_coordinate_medoid; source reference, not survey truth",213775321708109
606,1,LTE,4122,4708,radio-347a3069f10b8531,32.817800724806766,13.304800613586623,1,False,False,False,True,1,Al-Madar,1,1635638400000,1785888000000,Libyan_cells_dataset/cells.sqlite3,sqlite:17,sqlite:17,0.0,"observed_coordinate_medoid; source reference, not survey truth",46118069998403
606,0,LTE,1020,6479,radio-348208996f532404,32.59810022612201,14.032600561215038,1,False,False,False,False,0,Libyana,1,1775606400000,1785456000000,Libyan_cells_dataset/cells.sqlite3,sqlite:1063,sqlite:1063,0.0,"observed_coordinate_medoid; source reference, not survey truth",64715418105993
606,0,LTE,6310,1012,radio-34abf4f2c05ab02d,32.1257589,20.0856213,1,False,True,True,False,0,Libyana,12,1572394055000,1789910962000,data/new_data/libya_collected_antennas/cellmapper/cellmapper_libya_antennas.csv,collected:1403|collected:1404|collected:1405|collected:1406|collected:1407|collected:1408|collected:1409|collected:1410|collected:1411|collected:1412|collected:1413|collected:1414,collected:1403,0.0,"observed_coordinate_medoid; source reference, not survey truth",144100824973348
606,0,LTE,2090,1400,radio-34aea51c08ae53e2,32.72640053460405,13.7566007133886,1,False,False,False,False,0,Libyana,1,1776556800000,1786924800000,Libyan_cells_dataset/cells.sqlite3,sqlite:1026,sqlite:1026,0.0,"observed_coordinate_medoid; source reference, not survey truth",255533789052579
606,1,LTE,3,429,radio-34b1f652b69ae79d,32.70720094358646,12.916000782469725,1,False,False,False,True,1,Al-Madar,1,1787443200000,1787529600000,Libyan_cells_dataset/cells.sqlite3,sqlite:239,sqlite:239,0.0,"observed_coordinate_medoid; source reference, not survey truth",132385206470807
606,0,LTE,1030,4654,radio-34bbb27794308049,32.59500071327292,14.318800940900987,1,False,False,False,False,0,Libyana,1,1748131200000,1782864000000,Libyan_cells_dataset/cells.sqlite3,sqlite:1103,sqlite:1103,0.0,"observed_coordinate_medoid; source reference, not survey truth",164136174410458
606,1,LTE,2,970,radio-34fbfaca788d9de3,32.820000231357106,13.22960097474387,1,False,False,False,True,1,Al-Madar,1,1756598400000,1762300800000,Libyan_cells_dataset/cells.sqlite3,sqlite:318,sqlite:318,0.0,"observed_coordinate_medoid; source reference, not survey truth",47542825857402
606,1,LTE,4011,4215,radio-35016ba3fcc203fd,32.47290071509073,14.510700703390855,1,False,False,False,True,1,Al-Madar,1,1778976000000,1782518400000,Libyan_cells_dataset/cells.sqlite3,sqlite:448,sqlite:448,0.0,"observed_coordinate_medoid; source reference, not survey truth",408737233051
606,0,LTE,2140,1652,radio-35039f923bbca101,32.777600553048224,12.913900418521514,1,False,False,False,False,0,Libyana,1,1787443200000,1787529600000,Libyan_cells_dataset/cells.sqlite3,sqlite:804,sqlite:804,0.0,"observed_coordinate_medoid; source reference, not survey truth",83160599652448
606,1,UMTS,302,4302,radio-3508581d0017caaa,32.416000611804975,14.791200821819572,1,False,False,False,False,0,Al-Madar,3,1576195200000,1782864000000,Libyan_cells_dataset/cells.sqlite3,sqlite:1468|sqlite:1533|sqlite:1773,sqlite:1773,0.0527628908421494,"observed_coordinate_medoid; source reference, not survey truth",165283613332041
606,0,GSM,8247,1825,radio-35087b74a546ec54,32.82630050433078,13.129600538905027,1,False,False,False,False,0,Libyana,6,1784764800000,1786492800000,Libyan_cells_dataset/cells.sqlite3,sqlite:3244|sqlite:3291|sqlite:3338|sqlite:3419|sqlite:3487|sqlite:3552,sqlite:3419,0.1047236471569554,"observed_coordinate_medoid; source reference, not survey truth",121158641236110
606,0,GSM,4400,1248,radio-3514728cb3c472c2,32.26000038974996,20.210800309480224,1,False,False,False,False,0,Libyana,3,1702166400000,1702166400000,Libyan_cells_dataset/cells.sqlite3,sqlite:2797|sqlite:2963|sqlite:3001,sqlite:2963,0.053544069453575024,"observed_coordinate_medoid; source reference, not survey truth",216074358598477
606,1,LTE,4311,4949,radio-3560c101e8c07765,31.930000128019604,12.248500352414755,1,False,False,False,True,1,Al-Madar,1,1764374400000,1764374400000,Libyan_cells_dataset/cells.sqlite3,sqlite:303,sqlite:303,0.0,"observed_coordinate_medoid; source reference, not survey truth",78861426279104
606,0,GSM,4370,4236,radio-357f10b22958b525,32.04160078780917,20.116100612594856,1,False,False,False,False,0,Libyana,4,1763337600000,1763596800000,Libyan_cells_dataset/cells.sqlite3,sqlite:2699|sqlite:2748|sqlite:2898|sqlite:3048,sqlite:3048,0.07532422818725125,"observed_coordinate_medoid; source reference, not survey truth",213866321807938
606,1,LTE,1240,101451,radio-358f43908f1d35b1,31.775600154559704,20.01500020873869,1,False,False,False,True,1,Al-Madar,1,1785974400000,1785974400000,Libyan_cells_dataset/cells.sqlite3,sqlite:598,sqlite:598,0.0,"observed_coordinate_medoid; source reference, not survey truth",269526557727281
606,1,LTE,1250,106661,radio-35bbb70b51dd3c1b,32.843000390807326,21.89610097281255,1,False,False,False,True,1,Al-Madar,1,1782000000000,1782000000000,Libyan_cells_dataset/cells.sqlite3,sqlite:646,sqlite:646,0.0,"observed_coordinate_medoid; source reference, not survey truth",251944726521131
606,0,LTE,2120,6283,radio-35c1c12978b8bcb6,32.77760082799806,13.334600188265075,1,False,False,False,False,0,Libyana,1,1773100800000,1784678400000,Libyan_cells_dataset/cells.sqlite3,sqlite:961,sqlite:961,0.0,"observed_coordinate_medoid; source reference, not survey truth",65258054466427
606,0,GSM,8223,3333,radio-35d1b72f6d0fded3,32.10940027332596,12.909600414008178,1,False,False,False,False,0,Libyana,1,1775865600000,1775865600000,Libyan_cells_dataset/cells.sqlite3,sqlite:3556,sqlite:3556,0.0,"observed_coordinate_medoid; source reference, not survey truth",8791329840046
606,0,UMTS,5370,4312,radio-35e04616039c2466,31.202200161207504,16.58300066734497,1,False,False,False,False,0,Libyana,1,1788220800000,1788220800000,Libyan_cells_dataset/cells.sqlite3,sqlite:2692,sqlite:2692,0.0,"observed_coordinate_medoid; source reference, not survey truth",244924636261848
606,1,LTE,1210,100571,radio-36206d9a30d25755,32.13610050972108,20.103000323855852,1,False,False,False,True,1,Al-Madar,1,1769817600000,1786665600000,Libyan_cells_dataset/cells.sqlite3,sqlite:608,sqlite:608,0.0,"observed_coordinate_medoid; source reference, not survey truth",258662425483784
606,1,GSM,1111,1065,radio-362de260b8bcabfc,32.1230064,20.0907218,1,False,True,True,False,0,Al-Madar,3,1557976560000,1789112540000,data/new_data/libya_collected_antennas/cellmapper/cellmapper_libya_antennas.csv,collected:777|collected:778|collected:779,collected:777,0.0,"observed_coordinate_medoid; source reference, not survey truth",92543295335745
606,0,LTE,6340,4249,radio-36539c3a1f36c465,31.978651,20.1393593,1,False,True,True,False,0,Libyana,3,1769245501000,1789782162000,data/new_data/libya_collected_antennas/cellmapper/cellmapper_libya_antennas.csv,collected:198|collected:199|collected:200,collected:198,0.0,"observed_coordinate_medoid; source reference, not survey truth",151854763785247
606,0,UMTS,5410,2083,radio-3687fe75deceb16d,32.82610079119841,21.856000638270622,1,False,False,False,False,0,Libyana,2,1782000000000,1782072541000,Libyan_cells_dataset/cells.sqlite3|data/new_data/libya_collected_antennas/cellmapper/cellmapper_libya_antennas.csv,collected:1309|sqlite:2589,sqlite:2589,5.378107255929262,"observed_coordinate_medoid; source reference, not survey truth",40868768233446
606,0,GSM,4370,1129,radio-369196f90ae7cb3a,31.967900239678837,20.048200912640333,1,False,False,False,False,0,Libyana,3,1595289600000,1785369600000,Libyan_cells_dataset/cells.sqlite3,sqlite:2739|sqlite:2785|sqlite:3088,sqlite:2785,0.058197246371213186,"observed_coordinate_medoid; source reference, not survey truth",176090895720922
606,0,LTE,6330,1204,radio-3699459097b022e2,32.0902866,20.1207549,1,False,True,True,False,0,Libyana,7,1579651200000,1789692142000,Libyan_cells_dataset/cells.sqlite3|data/new_data/libya_collected_antennas/cellmapper/cellmapper_libya_antennas.csv,collected:2389|collected:2390|collected:2391|collected:2392|collected:2393|collected:2394|sqlite:1162,collected:2389,4.5447560054373755,"observed_coordinate_medoid; source reference, not survey truth",43369673815917
606,1,LTE,11,2182,radio-36a6286c0b8f7e8a,32.940300619671866,12.081300808951406,1,False,False,False,True,1,Al-Madar,1,1772668800000,1772668800000,Libyan_cells_dataset/cells.sqlite3,sqlite:289,sqlite:289,0.0,"observed_coordinate_medoid; source reference, not survey truth",96820947924956
606,0,GSM,8251,1969,radio-36e2cbf63787e22e,32.681800423779436,13.144000470946677,1,False,False,False,False,0,Libyana,1,1755993600000,1786492800000,Libyan_cells_dataset/cells.sqlite3,sqlite:3436,sqlite:3436,0.0,"observed_coordinate_medoid; source reference, not survey truth",205045215749848
606,0,LTE,4041,4035,radio-36e56fcaf918cc7d,32.352600507842155,15.074200178577131,1,False,False,False,False,0,Libyana,1,1747440000000,1781827200000,Libyan_cells_dataset/cells.sqlite3,sqlite:498,sqlite:498,0.0,"observed_coordinate_medoid; source reference, not survey truth",200363681632286
606,1,GSM,1114,1649,radio-36e75c967791f29e,32.02819084398674,20.169767090768524,2,True,False,False,False,0,Al-Madar,2,1773501121000,1789241057000,data/new_data/libya_collected_antennas/cellmapper/cellmapper_libya_antennas.csv,collected:1033|collected:1034,collected:1033,0.0,"observed_coordinate_medoid; source reference, not survey truth",53054763882829
606,0,UMTS,4040,3028,radio-37009ebf0ae675ab,27.025600139870587,14.42830012978546,1,False,False,False,False,0,Libyana,1,1454112000000,1454112000000,Libyan_cells_dataset/cells.sqlite3,sqlite:2662,sqlite:2662,0.0,"observed_coordinate_medoid; source reference, not survey truth",233164916439476
606,1,LTE,1220,102551,radio-372b735aa7e51612,32.115200431269365,20.149300157276368,1,False,False,False,True,1,Al-Madar,1,1785110400000,1785110400000,Libyan_cells_dataset/cells.sqlite3,sqlite:612,sqlite:612,0.0,"observed_coordinate_medoid; source reference, not survey truth",63609435389049
606,1,LTE,4021,4099,radio-373fac5e17f91b54,32.39320047363361,15.03260087538778,1,False,False,False,True,1,Al-Madar,1,1747440000000,1747440000000,Libyan_cells_dataset/cells.sqlite3,sqlite:466,sqlite:466,0.0,"observed_coordinate_medoid; source reference, not survey truth",104790835187266
606,0,GSM,4330,1049,radio-376088d491b247dc,32.1243568,20.1015952,1,False,True,True,False,0,Libyana,6,1554426263000,1789341109000,data/new_data/libya_collected_antennas/cellmapper/cellmapper_libya_antennas.csv,collected:741|collected:742|collected:743|collected:744|collected:745|collected:746,collected:741,0.0,"observed_coordinate_medoid; source reference, not survey truth",127978047913114
606,0,LTE,1020,1939,radio-377352885ad3e719,32.59000088961695,14.04330082653084,1,False,False,False,False,0,Libyana,1,1776556800000,1785456000000,Libyan_cells_dataset/cells.sqlite3,sqlite:1062,sqlite:1062,0.0,"observed_coordinate_medoid; source reference, not survey truth",19428330555745
606,1,LTE,10,894,radio-37b1254610f4d121,32.7244002936877,13.232500243419446,1,False,False,False,True,1,Al-Madar,1,1759622400000,1782864000000,Libyan_cells_dataset/cells.sqlite3,sqlite:322,sqlite:322,0.0,"observed_coordinate_medoid; source reference, not survey truth",200802259438018
606,0,GSM,4460,2017,radio-37c6c3a64b132689,32.76540035870146,21.76120036041295,1,False,False,False,False,0,Libyana,3,1596412800000,1777420800000,Libyan_cells_dataset/cells.sqlite3,sqlite:2742|sqlite:3030|sqlite:3091,sqlite:3091,0.040547285831438934,"observed_coordinate_medoid; source reference, not survey truth",232601385554722
606,0,UMTS,1510,1440,radio-37c702442af69b8a,32.808200551533886,12.939000401629528,1,False,False,False,False,0,Libyana,4,1772668800000,1772841600000,Libyan_cells_dataset/cells.sqlite3,sqlite:2232|sqlite:2281|sqlite:2319|sqlite:2407,sqlite:2407,0.0464227723110962,"observed_coordinate_medoid; source reference, not survey truth",198384796582638
606,1,GSM,2036,1814,radio-37d8522ebce22489,31.744800842702894,13.971200244807676,1,False,False,False,False,0,Al-Madar,1,1782000000000,1782000000000,Libyan_cells_dataset/cells.sqlite3,sqlite:3692,sqlite:3692,0.0,"observed_coordinate_medoid; source reference, not survey truth",215701432320015
606,0,GSM,8279,1336,radio-37eacaba4c7f5897,32.78200061190427,13.25500071136386,1,False,False,False,False,0,Libyana,9,1783036800000,1783987200000,Libyan_cells_dataset/cells.sqlite3,sqlite:3098|sqlite:3148|sqlite:3198|sqlite:3248|sqlite:3298|sqlite:3398|sqlite:3458|sqlite:3508|sqlite:3558,sqlite:3508,0.08065620581890345,"observed_coordinate_medoid; source reference, not survey truth",95831279911441
606,1,GSM,6,1031,radio-3820051555a40bc1,32.375400500147016,15.087000802942523,1,False,False,False,False,0,Al-Madar,4,1358208000000,1358208000000,Libyan_cells_dataset/cells.sqlite3,sqlite:3663|sqlite:3915|sqlite:3933|sqlite:3967,sqlite:3933,0.04849393784436849,"observed_coordinate_medoid; source reference, not survey truth",114285167464436
606,1,UMTS,5011,2079,radio-3827051d457a8aa4,32.73690076356081,12.80510054193103,1,False,False,False,False,0,Al-Madar,3,1774310400000,1777334400000,Libyan_cells_dataset/cells.sqlite3,sqlite:1580|sqlite:1617|sqlite:1700,sqlite:1617,0.055282244417323434,"observed_coordinate_medoid; source reference, not survey truth",228273782256620
606,1,LTE,1,324,radio-385644930ffa847d,32.88560025633025,13.168000896118176,1,False,False,False,True,1,Al-Madar,1,1597795200000,1779148800000,Libyan_cells_dataset/cells.sqlite3,sqlite:168,sqlite:168,0.0,"observed_coordinate_medoid; source reference, not survey truth",219740407528825
606,0,LTE,2130,6371,radio-38bd6792dd7d0694,32.660500424836066,13.049500407582299,1,False,False,False,False,0,Libyana,1,1783728000000,1783728000000,Libyan_cells_dataset/cells.sqlite3,sqlite:888,sqlite:888,0.0,"observed_coordinate_medoid; source reference, not survey truth",266186424477715
606,0,LTE,4041,4140,radio-38c44a9585ef8c49,32.33860056345518,15.103400217112315,1,False,False,False,False,0,Libyana,1,1781827200000,1781827200000,Libyan_cells_dataset/cells.sqlite3,sqlite:486,sqlite:486,0.0,"observed_coordinate_medoid; source reference, not survey truth",135623421660925
606,0,GSM,4380,1111,radio-38d3a356f76ce26b,32.105400586394296,20.11110063470089,1,False,False,False,False,0,Libyana,4,1556668800000,1770595200000,Libyan_cells_dataset/cells.sqlite3,sqlite:2827|sqlite:2889|sqlite:2935|sqlite:2971,sqlite:2971,0.05280263678001452,"observed_coordinate_medoid; source reference, not survey truth",173928829505763
606,0,UMTS,5310,1611,radio-38db740178ccb7cb,32.08020081303222,20.08190088183324,1,False,False,False,False,0,Libyana,4,1701734400000,1788048000000,Libyan_cells_dataset/cells.sqlite3,sqlite:2464|sqlite:2513|sqlite:2562|sqlite:2645,sqlite:2645,0.06797275580933836,"observed_coordinate_medoid; source reference, not survey truth",1894272162175
606,0,LTE,6390,6010,radio-38e380f30bf8f1d6,32.4869001470086,20.837700722101605,1,False,False,False,False,0,Libyana,1,1777420800000,1777420800000,Libyan_cells_dataset/cells.sqlite3,sqlite:1251,sqlite:1251,0.0,"observed_coordinate_medoid; source reference, not survey truth",153271494869468
606,1,UMTS,1030,3135,radio-38f1fe1e3783a04c,32.009915822806455,20.14650232779483,1,False,False,False,False,0,Al-Madar,7,1579824000000,1773883413000,Libyan_cells_dataset/cells.sqlite3|data/new_data/libya_collected_antennas/cellmapper/cellmapper_libya_antennas.csv,collected:696|collected:697|collected:698|collected:699|collected:700|sqlite:1405|sqlite:2036,collected:696,1.7129656067012011,"observed_coordinate_medoid; source reference, not survey truth",47271336494200
606,1,UMTS,1040,3139,radio-390e74c462b8d7c9,31.994700540030994,20.074500515795194,1,False,False,False,False,0,Al-Madar,5,1578009600000,1701302400000,Libyan_cells_dataset/cells.sqlite3,sqlite:1391|sqlite:1442|sqlite:1975|sqlite:2023|sqlite:2124,sqlite:1975,0.06868720072097852,"observed_coordinate_medoid; source reference, not survey truth",140942036440951
606,1,LTE,3,351,radio-391ad95935e71fea,32.816900543053514,12.967600831724633,1,False,False,False,True,1,Al-Madar,1,1772841600000,1787529600000,Libyan_cells_dataset/cells.sqlite3,sqlite:95,sqlite:95,0.0,"observed_coordinate_medoid; source reference, not survey truth",146435252007246
606,0,LTE,6390,6051,radio-392d9d2cd6b296a3,32.4627002290065,20.855600259240887,1,False,False,False,False,0,Libyana,1,1777420800000,1777420800000,Libyan_cells_dataset/cells.sqlite3,sqlite:1208,sqlite:1208,0.0,"observed_coordinate_medoid; source reference, not survey truth",4788913829403
606,0,GSM,4400,1233,radio-396230f0efc9a2c8,32.23740052966468,20.183900609311188,1,False,False,False,False,0,Libyana,2,1702166400000,1786060800000,Libyan_cells_dataset/cells.sqlite3,sqlite:2964|sqlite:3002,sqlite:2964,0.043980936806498054,"observed_coordinate_medoid; source reference, not survey truth",187664747775634
606,1,GSM,1111,1023,radio-398877df27a9d13a,32.06780034846823,20.21150031748083,1,False,False,False,False,0,Al-Madar,3,1555200000000,1555200000000,Libyan_cells_dataset/cells.sqlite3,sqlite:3655|sqlite:4177|sqlite:4228,sqlite:3655,0.03783920116183306,"observed_coordinate_medoid; source reference, not survey truth",179585033056134
606,1,LTE,4002,4338,radio-39ad854486a87916,32.56360044217637,13.940000373063448,1,False,False,False,True,1,Al-Madar,1,1776470400000,1784678400000,Libyan_cells_dataset/cells.sqlite3,sqlite:107,sqlite:107,0.0,"observed_coordinate_medoid; source reference, not survey truth",167666284894956
606,0,GSM,8278,1293,radio-39b672fac5d84af5,32.81910034820313,13.531300557282755,1,False,False,False,False,0,Libyana,1,1784764800000,1786492800000,Libyan_cells_dataset/cells.sqlite3,sqlite:3380,sqlite:3380,0.0,"observed_coordinate_medoid; source reference, not survey truth",17231631017357
606,1,LTE,3,327,radio-39cafca383f05fab,32.843400280295945,13.05670018249454,1,False,False,False,True,1,Al-Madar,1,1602460800000,1787529600000,Libyan_cells_dataset/cells.sqlite3,sqlite:226,sqlite:226,0.0,"observed_coordinate_medoid; source reference, not survey truth",263604587678711
606,1,UMTS,302,4530,radio-39cb0b72367e3716,32.42580062970345,14.736400756891102,1,False,False,False,False,0,Al-Madar,3,1576195200000,1782864000000,Libyan_cells_dataset/cells.sqlite3,sqlite:1476|sqlite:1542|sqlite:1783,sqlite:1783,0.06435612636676478,"observed_coordinate_medoid; source reference, not survey truth",65327345143457
606,0,LTE,2120,6395,radio-39eaf8ea39355816,32.791400353462606,13.501900677276481,1,False,False,False,False,0,Libyana,1,1755561600000,1787184000000,Libyan_cells_dataset/cells.sqlite3,sqlite:965,sqlite:965,0.0,"observed_coordinate_medoid; source reference, not survey truth",150781135581346
606,1,LTE,4001,4199,radio-3a12ac1ac713ed6f,32.65290088954058,14.258100244721517,1,False,False,False,True,1,Al-Madar,1,1777075200000,1785628800000,Libyan_cells_dataset/cells.sqlite3,sqlite:413,sqlite:413,0.0,"observed_coordinate_medoid; source reference, not survey truth",211289388463206
606,0,UMTS,5410,2045,radio-3a38cc107890bcca,32.783100476876086,21.828900487836833,1,False,False,False,False,0,Libyana,1,1773014400000,1788134400000,Libyan_cells_dataset/cells.sqlite3,sqlite:2576,sqlite:2576,0.0,"observed_coordinate_medoid; source reference, not survey truth",226411881580730
606,0,UMTS,5330,1200,radio-3a52b4615b6e22e6,32.16107883453376,20.115584087372085,1,False,False,False,False,0,Libyana,2,1702221567000,1772554647000,data/new_data/libya_collected_antennas/cellmapper/cellmapper_libya_antennas.csv,collected:1074|collected:1075,collected:1074,0.0,"observed_coordinate_medoid; source reference, not survey truth",235629844306782
606,0,GSM,4380,1044,radio-3a8cde61108d59ed,32.1019005149754,20.116100538564723,1,False,False,True,False,0,Libyana,13,1555200000000,1781038556000,Libyan_cells_dataset/cells.sqlite3|data/new_data/libya_collected_antennas/cellmapper/cellmapper_libya_antennas.csv,collected:807|collected:808|collected:809|collected:810|collected:811|collected:812|sqlite:2701|sqlite:2750|sqlite:2799|sqlite:2849|sqlite:2899|sqlite:2949|sqlite:3050,sqlite:3050,2.910358523920109,"observed_coordinate_medoid; source reference, not survey truth",67217115913843
606,1,LTE,4181,5085,radio-3aa6e4886f8fd369,30.76980072469422,20.23810046993029,1,False,False,False,True,1,Al-Madar,1,1782086400000,1782086400000,Libyan_cells_dataset/cells.sqlite3,sqlite:571,sqlite:571,0.0,"observed_coordinate_medoid; source reference, not survey truth",40608779462217
606,0,GSM,4330,1080,radio-3ab5afd0f3bbfc23,32.1231344,20.094544,1,False,True,True,False,0,Libyana,7,1770508800000,1789197126000,Libyan_cells_dataset/cells.sqlite3|data/new_data/libya_collected_antennas/cellmapper/cellmapper_libya_antennas.csv,collected:720|collected:721|collected:722|collected:723|collected:724|collected:725|sqlite:2994,collected:720,5.587666798918779,"observed_coordinate_medoid; source reference, not survey truth",205246222653546
606,1,UMTS,331,3798,radio-3acdaf7338f261cd,31.728700952546607,11.791000853901116,1,False,False,False,False,0,Al-Madar,1,1783641600000,1783641600000,Libyan_cells_dataset/cells.sqlite3,sqlite:1686,sqlite:1686,0.0,"observed_coordinate_medoid; source reference, not survey truth",26689316030176
606,0,UMTS,5320,1048,radio-3ae6d355e3f2fbd7,32.1266187,20.0739064,1,False,True,True,False,0,Libyana,2,1576104006000,1789910962000,data/new_data/libya_collected_antennas/cellmapper/cellmapper_libya_antennas.csv,collected:1218|collected:1219,collected:1218,0.0,"observed_coordinate_medoid; source reference, not survey truth",75686355639875
606,0,LTE,1610,1030,radio-3ae7cfadfd6857af,32.867187831712805,13.136599374854049,1,False,False,False,False,0,Libyana,5,1581231723000,1788116177000,data/new_data/libya_collected_antennas/cellmapper/cellmapper_libya_antennas.csv,collected:1520|collected:1521|collected:1522|collected:1523|collected:1524,collected:1520,0.0,"observed_coordinate_medoid; source reference, not survey truth",28522381321415
606,0,LTE,6330,1043,radio-3ae8b0ea2a2d5159,32.0599635,20.0789808,1,False,True,True,False,0,Libyana,11,1706960375000,1789781958000,data/new_data/libya_collected_antennas/cellmapper/cellmapper_libya_antennas.csv,collected:1607|collected:1608|collected:1609|collected:1610|collected:1611|collected:1612|collected:1613|collected:1614|collected:1615|collected:1616|collected:1617,collected:1607,0.0,"observed_coordinate_medoid; source reference, not survey truth",43183276108788
606,0,LTE,2150,2007,radio-3b407d23e48fcf05,32.769336330356815,12.727748692925202,1,False,False,False,False,0,Libyana,7,1520726400000,1784772731000,Libyan_cells_dataset/cells.sqlite3|data/new_data/libya_collected_antennas/cellmapper/cellmapper_libya_antennas.csv,collected:369|collected:370|collected:371|collected:372|collected:373|collected:374|sqlite:836,collected:369,6.001620965781198,"observed_coordinate_medoid; source reference, not survey truth",266194060007232
606,0,GSM,8264,1002,radio-3b42d0e3f6447d53,32.896200270460845,13.202000584440263,1,False,False,False,False,0,Libyana,8,1786406400000,1786492800000,Libyan_cells_dataset/cells.sqlite3,sqlite:3133|sqlite:3183|sqlite:3230|sqlite:3277|sqlite:3325|sqlite:3475|sqlite:3536|sqlite:3593,sqlite:3593,0.10383593066865966,"observed_coordinate_medoid; source reference, not survey truth",179633732270829
606,1,UMTS,1010,3041,radio-3b43fee6d1190414,32.17177200317383,20.130714416503903,1,False,False,False,False,0,Al-Madar,1,1782126076000,1786731123000,data/new_data/libya_collected_antennas/cellmapper/cellmapper_libya_antennas.csv,collected:1091,collected:1091,0.0,"observed_coordinate_medoid; source reference, not survey truth",106990554337505
606,0,LTE,6330,1039,radio-3b49e045befd0ff1,32.069233894348145,20.063779830932617,1,False,False,False,False,0,Libyana,6,1608474645000,1789521941000,data/new_data/libya_collected_antennas/cellmapper/cellmapper_libya_antennas.csv,collected:250|collected:251|collected:252|collected:253|collected:254|collected:255,collected:250,0.0,"observed_coordinate_medoid; source reference, not survey truth",125307902983449
606,0,GSM,4440,2069,radio-3b6518dd7d3fab06,32.70650029664553,21.73260026412718,1,False,False,False,False,0,Libyana,1,1780704000000,1780704000000,Libyan_cells_dataset/cells.sqlite3,sqlite:3033,sqlite:3033,0.0,"observed_coordinate_medoid; source reference, not survey truth",44430330703361
606,0,LTE,1020,4667,radio-3b771847d0c7d4b3,32.51830097945542,14.199500574989068,1,False,False,False,False,0,Libyana,1,1748044800000,1787875200000,Libyan_cells_dataset/cells.sqlite3,sqlite:1073,sqlite:1073,0.0,"observed_coordinate_medoid; source reference, not survey truth",134477241510616
606,1,GSM,2001,1080,radio-3b79e2b1fb4fc767,32.54070068184483,14.244700277230711,1,False,False,False,False,0,Al-Madar,3,1748131200000,1748217600000,Libyan_cells_dataset/cells.sqlite3,sqlite:3838|sqlite:3880|sqlite:3963,sqlite:3838,0.07293034552075739,"observed_coordinate_medoid; source reference, not survey truth",173394293987754
606,1,LTE,8091,4903,radio-3bc828a95caa7350,32.668100703157805,13.947600930617819,1,False,False,False,True,1,Al-Madar,1,1775606400000,1777161600000,Libyan_cells_dataset/cells.sqlite3,sqlite:125,sqlite:125,0.0,"observed_coordinate_medoid; source reference, not survey truth",182475463492716
606,0,LTE,1710,1418,radio-3be2351d3763bf59,32.85910095752979,13.195500759061192,1,False,False,False,False,0,Libyana,1,1762300800000,1783987200000,Libyan_cells_dataset/cells.sqlite3,sqlite:787,sqlite:787,0.0,"observed_coordinate_medoid; source reference, not survey truth",174990991352971
606,0,LTE,2140,1394,radio-3bf9fc7514b4a500,32.485200197649554,13.286700312218256,1,False,False,False,False,0,Libyana,1,1771718400000,1779408000000,Libyan_cells_dataset/cells.sqlite3,sqlite:926,sqlite:926,0.0,"observed_coordinate_medoid; source reference, not survey truth",259113540154143
606,0,GSM,8280,1751,radio-3c128b3d69449444,32.79540028861795,13.580600550516035,1,False,False,False,False,0,Libyana,8,1786406400000,1786492800000,Libyan_cells_dataset/cells.sqlite3,sqlite:3113|sqlite:3163|sqlite:3213|sqlite:3263|sqlite:3313|sqlite:3354|sqlite:3523|sqlite:3573,sqlite:3573,0.08214671406319325,"observed_coordinate_medoid; source reference, not survey truth",279216272547113
606,0,LTE,1,107,radio-3c16cf65d79842fc,32.889100777541195,13.180800460516062,1,False,False,False,False,0,Libyana,1,1782086400000,1784073600000,Libyan_cells_dataset/cells.sqlite3,sqlite:522,sqlite:522,0.0,"observed_coordinate_medoid; source reference, not survey truth",79048129805752
606,0,LTE,2090,1388,radio-3c1e62383506b86b,32.6978006407362,13.845300902660519,1,False,False,False,False,0,Libyana,1,1770422400000,1784678400000,Libyan_cells_dataset/cells.sqlite3,sqlite:1030,sqlite:1030,0.0,"observed_coordinate_medoid; source reference, not survey truth",50313605814342
606,1,LTE,10,789,radio-3c41a8b14436f06c,32.74090064115504,13.243800714206612,1,False,False,False,True,1,Al-Madar,1,1782864000000,1782864000000,Libyan_cells_dataset/cells.sqlite3,sqlite:81,sqlite:81,0.0,"observed_coordinate_medoid; source reference, not survey truth",79566674162355
606,0,LTE,2120,6258,radio-3c5d0559b3d62794,32.84270052527472,13.426500566860067,1,False,False,False,False,0,Libyana,1,1755734400000,1787184000000,Libyan_cells_dataset/cells.sqlite3,sqlite:986,sqlite:986,0.0,"observed_coordinate_medoid; source reference, not survey truth",61097392195067
606,0,LTE,1610,1209,radio-3c5ff28aa090ce0a,32.1173451,20.0880225,1,False,True,True,False,0,Libyana,13,1578787200000,1789910964000,Libyan_cells_dataset/cells.sqlite3|data/new_data/libya_collected_antennas/cellmapper/cellmapper_libya_antennas.csv,collected:2417|collected:2418|collected:2419|collected:2420|collected:2421|collected:2422|collected:2423|collected:2424|collected:2425|collected:2426|collected:2427|collected:2428|sqlite:1187,collected:2417,5.363059820296783,"observed_coordinate_medoid; source reference, not survey truth",81662577383916
606,1,LTE,1230,108461,radio-3c665087a400699b,32.04630070894594,20.043800975411074,1,False,False,False,True,1,Al-Madar,1,1785369600000,1785369600000,Libyan_cells_dataset/cells.sqlite3,sqlite:699,sqlite:699,0.0,"observed_coordinate_medoid; source reference, not survey truth",67944852753877
606,0,LTE,1710,1596,radio-3c77dbf856593564,32.85510029505761,13.201600689227577,1,False,False,False,False,0,Libyana,1,1762300800000,1783987200000,Libyan_cells_dataset/cells.sqlite3,sqlite:794,sqlite:794,0.0,"observed_coordinate_medoid; source reference, not survey truth",125851860391314
606,0,LTE,1810,1193,radio-3c8cc1a8ae6dcbe0,32.89341480616702,13.18241129804388,1,False,False,False,False,0,Libyana,7,1575427958000,1788824600000,data/new_data/libya_collected_antennas/cellmapper/cellmapper_libya_antennas.csv,collected:2359|collected:2360|collected:2361|collected:2362|collected:2363|collected:2364|collected:2365,collected:2359,0.0,"observed_coordinate_medoid; source reference, not survey truth",141553777329864
606,0,LTE,6310,1211,radio-3c9e529168343b24,32.0802803,20.0805905,1,False,True,True,False,0,Libyana,10,1578051811000,1789781958000,data/new_data/libya_collected_antennas/cellmapper/cellmapper_libya_antennas.csv,collected:2432|collected:2433|collected:2434|collected:2435|collected:2436|collected:2437|collected:2438|collected:2439|collected:2440|collected:2441,collected:2432,0.0,"observed_coordinate_medoid; source reference, not survey truth",72702317312145
606,1,LTE,1250,106071,radio-3ca27d8d150fad09,32.7652009422865,21.755000859018672,1,False,False,False,True,1,Al-Madar,1,1772928000000,1780704000000,Libyan_cells_dataset/cells.sqlite3,sqlite:667,sqlite:667,0.0,"observed_coordinate_medoid; source reference, not survey truth",95256151188415
606,0,GSM,8243,6228,radio-3cddd1e685618404,32.840500529403165,13.149600565366395,1,False,False,False,False,0,Libyana,3,1784764800000,1786492800000,Libyan_cells_dataset/cells.sqlite3,sqlite:3344|sqlite:3424|sqlite:3493,sqlite:3493,0.027994516190414702,"observed_coordinate_medoid; source reference, not survey truth",123934804411989
606,0,LTE,1810,1091,radio-3cebf68112f24587,32.1174618,20.0666668,1,False,True,True,False,0,Libyana,6,1612420227000,1785170830000,data/new_data/libya_collected_antennas/cellmapper/cellmapper_libya_antennas.csv,collected:1890|collected:1891|collected:1892|collected:1893|collected:1894|collected:1895,collected:1890,0.0,"observed_coordinate_medoid; source reference, not survey truth",163411049183865
606,1,UMTS,1011,72,radio-3cfd38faa45e565f,32.84460078941375,13.193800361721298,1,False,False,False,False,0,Al-Madar,4,1591660800000,1591747200000,Libyan_cells_dataset/cells.sqlite3,sqlite:1807|sqlite:1857|sqlite:2057|sqlite:2157,sqlite:1807,0.08477227026763803,"observed_coordinate_medoid; source reference, not survey truth",99293032916062
606,0,LTE,1610,1079,radio-3d1367e68d8989ef,32.84971824242432,13.161039186532136,1,False,False,False,False,0,Libyana,2,1579493232000,1788765195000,data/new_data/libya_collected_antennas/cellmapper/cellmapper_libya_antennas.csv,collected:1842|collected:1843,collected:1842,0.0,"observed_coordinate_medoid; source reference, not survey truth",116227875214928
606,0,UMTS,2140,1521,radio-3d30fbbeafb4b3d1,32.542100323079396,12.682800400723915,1,False,False,False,False,0,Libyana,1,1774310400000,1774310400000,Libyan_cells_dataset/cells.sqlite3,sqlite:2362,sqlite:2362,0.0,"observed_coordinate_medoid; source reference, not survey truth",157862523460151
606,1,UMTS,303,4119,radio-3d3280de816d6db5,32.3705001476646,15.074500605164362,1,False,False,False,False,0,Al-Madar,2,1576022400000,1576022400000,Libyan_cells_dataset/cells.sqlite3,sqlite:1481|sqlite:1546,sqlite:1546,0.04477533049255183,"observed_coordinate_medoid; source reference, not survey truth",111217624083758
606,0,UMTS,1510,1833,radio-3d5d54607db8694d,32.81860060808538,13.023800541945276,1,False,False,False,False,0,Libyana,4,1772668800000,1772668800000,Libyan_cells_dataset/cells.sqlite3,sqlite:2216|sqlite:2265|sqlite:2306|sqlite:2391,sqlite:2391,0.0912332448292709,"observed_coordinate_medoid; source reference, not survey truth",240061098223392
606,0,LTE,6310,1145,radio-3d63186c2e16e6f5,32.06547275,20.08685785,1,False,False,False,False,0,Libyana,6,1608474642000,1789602228000,data/new_data/libya_collected_antennas/cellmapper/cellmapper_libya_antennas.csv,collected:17|collected:18|collected:19|collected:20|collected:21|collected:22,collected:17,0.0,"observed_coordinate_medoid; source reference, not survey truth",61771843282998
606,0,LTE,2130,2389,radio-3d6d72993b897d89,32.70590047239341,13.092400948071202,1,False,False,False,False,0,Libyana,1,1777334400000,1783728000000,Libyan_cells_dataset/cells.sqlite3,sqlite:828,sqlite:828,0.0,"observed_coordinate_medoid; source reference, not survey truth",71245544993503
606,1,GSM,1114,1649,radio-3dd79ac285afd65f,32.02070018607912,20.162200638263545,1,True,False,False,False,0,Al-Madar,2,1773446400000,1773532800000,Libyan_cells_dataset/cells.sqlite3,sqlite:4166|sqlite:4217,sqlite:4217,0.0842406298106479,"observed_coordinate_medoid; source reference, not survey truth",217525117300008
606,0,LTE,2120,6372,radio-3df89c5895c048ee,32.64290060948195,13.170100664642664,1,False,False,False,False,0,Libyana,1,1772582400000,1781308800000,Libyan_cells_dataset/cells.sqlite3,sqlite:903,sqlite:903,0.0,"observed_coordinate_medoid; source reference, not survey truth",180859996047369
606,1,GSM,2002,1261,radio-3e07e305a10f173b,32.47930041996474,14.577600272370425,1,False,False,False,False,0,Al-Madar,4,1561852800000,1582934400000,Libyan_cells_dataset/cells.sqlite3,sqlite:3845|sqlite:3887|sqlite:3920|sqlite:3972,sqlite:3887,0.09632773672954378,"observed_coordinate_medoid; source reference, not survey truth",28567347014725
606,1,GSM,2000,1000,radio-3e11f9ca176dc33f,32.54460069701459,14.102700755022939,1,False,False,False,False,0,Al-Madar,4,1748131200000,1788825600000,Libyan_cells_dataset/cells.sqlite3,sqlite:3622|sqlite:3855|sqlite:3896|sqlite:3983,sqlite:3983,0.05598909571669106,"observed_coordinate_medoid; source reference, not survey truth",159677233561835
606,0,LTE,1510,6311,radio-3e1569ba82f7a054,32.79010051737692,13.089000326839088,1,False,False,False,False,0,Libyana,1,1784073600000,1784073600000,Libyan_cells_dataset/cells.sqlite3,sqlite:821,sqlite:821,0.0,"observed_coordinate_medoid; source reference, not survey truth",163432060341516
606,0,LTE,2120,1130,radio-3e3b938e9e7af53e,31.96910285949707,20.032306671142575,1,True,False,False,False,0,Libyana,23,1500802940000,1790108352000,data/new_data/libya_collected_antennas/cellmapper/cellmapper_libya_antennas.csv,collected:2061|collected:2062|collected:2063|collected:2064|collected:2065|collected:2066|collected:2067|collected:2068|collected:2069|collected:2070|collected:2071|collected:2072|collected:2073|collected:2074|collected:2075|collected:2076|collected:2077|collected:2078|collected:2079|collected:2080|collected:2081|collected:2082|collected:2083,collected:2061,0.0,"observed_coordinate_medoid; source reference, not survey truth",280646288815939
606,1,LTE,4181,4999,radio-3e6c9b0a93429dc7,30.778600213702077,20.21080058408474,1,False,False,False,True,1,Al-Madar,1,1782086400000,1782086400000,Libyan_cells_dataset/cells.sqlite3,sqlite:542,sqlite:542,0.0,"observed_coordinate_medoid; source reference, not survey truth",8352462748498
606,0,LTE,2120,6374,radio-3ea1512c93aac252,32.7650004557503,13.49580074863693,1,False,False,False,False,0,Libyana,1,1755561600000,1787184000000,Libyan_cells_dataset/cells.sqlite3,sqlite:966,sqlite:966,0.0,"observed_coordinate_medoid; source reference, not survey truth",206083404803249
606,0,LTE,1810,1850,radio-3ea19602a46ab5b5,32.869600190620446,13.196900968035584,1,False,False,False,False,0,Libyana,1,1575331200000,1778716800000,Libyan_cells_dataset/cells.sqlite3,sqlite:783,sqlite:783,0.0,"observed_coordinate_medoid; source reference, not survey truth",16674668902697
606,1,UMTS,809,3318,radio-3ea3cfc0bd0a1e5c,32.856600633781156,13.439700588699747,1,False,False,False,False,0,Al-Madar,1,1782086400000,1783814400000,Libyan_cells_dataset/cells.sqlite3,sqlite:1577,sqlite:1577,0.0,"observed_coordinate_medoid; source reference, not survey truth",369711666662
606,0,UMTS,4040,3007,radio-3ea7eabcb70a4bfe,27.04020026863028,14.433500495979652,1,False,False,False,False,0,Libyana,1,1454112000000,1454112000000,Libyan_cells_dataset/cells.sqlite3,sqlite:2659,sqlite:2659,0.0,"observed_coordinate_medoid; source reference, not survey truth",124166067371080
606,1,GSM,1112,1008,radio-3eabe5cd0a28ede0,32.107223788174714,20.119464839588517,1,False,False,False,False,0,Al-Madar,3,1579651200000,1785662249000,Libyan_cells_dataset/cells.sqlite3|data/new_data/libya_collected_antennas/cellmapper/cellmapper_libya_antennas.csv,collected:1037|collected:1038|sqlite:3629,collected:1037,4.1991946395319975,"observed_coordinate_medoid; source reference, not survey truth",3536938217497
606,1,UMTS,1040,3181,radio-3f10188bacd5f31e,32.2253332,20.1790674,1,False,True,True,False,0,Al-Madar,1,1786722538000,1788106383000,data/new_data/libya_collected_antennas/cellmapper/cellmapper_libya_antennas.csv,collected:1101,collected:1101,0.0,"observed_coordinate_medoid; source reference, not survey truth",252619623037216
606,1,GSM,2,1743,radio-3f1a86c48488ecfa,32.85530068178717,13.173100115851218,1,False,False,False,False,0,Al-Madar,1,1785715200000,1785715200000,Libyan_cells_dataset/cells.sqlite3,sqlite:4074,sqlite:4074,0.0,"observed_coordinate_medoid; source reference, not survey truth",1644538438948
606,0,LTE,2120,6387,radio-3f2c5bc7a5bf7f8d,32.77940065319073,13.43610075349632,1,False,False,False,False,0,Libyana,1,1756080000000,1780099200000,Libyan_cells_dataset/cells.sqlite3,sqlite:945,sqlite:945,0.0,"observed_coordinate_medoid; source reference, not survey truth",127776317328896
606,0,LTE,6340,1127,radio-3f36867f6fb39f62,31.9333996,20.1609842,1,False,False,False,False,0,Libyana,3,1578009600000,1786012902000,Libyan_cells_dataset/cells.sqlite3|data/new_data/libya_collected_antennas/cellmapper/cellmapper_libya_antennas.csv,collected:2053|collected:2054|sqlite:1159,collected:2053,1.581035615597788,"observed_coordinate_medoid; source reference, not survey truth",24351026831239
606,1,UMTS,5011,2089,radio-3f5aae2b0df30d86,32.76040038749082,12.718400482630026,1,False,False,False,False,0,Al-Madar,3,1576713600000,1777334400000,Libyan_cells_dataset/cells.sqlite3,sqlite:1584|sqlite:1620|sqlite:1704,sqlite:1620,0.09208985428602584,"observed_coordinate_medoid; source reference, not survey truth",123968608160777
606,0,GSM,4360,1037,radio-3f5b84fd4d8e843e,32.04690053508445,20.04740029380628,1,False,False,False,False,0,Libyana,4,1552003200000,1686700800000,Libyan_cells_dataset/cells.sqlite3,sqlite:2713|sqlite:2759|sqlite:2906|sqlite:3062,sqlite:2713,0.04436694841466163,"observed_coordinate_medoid; source reference, not survey truth",111675647123578
606,1,LTE,1220,102371,radio-3f7733b3e5b0f066,32.116900324813905,20.10350068049516,1,False,False,False,True,1,Al-Madar,1,1769040000000,1786924800000,Libyan_cells_dataset/cells.sqlite3,sqlite:601,sqlite:601,0.0,"observed_coordinate_medoid; source reference, not survey truth",29458152748514
606,1,UMTS,1020,3063,radio-3f78f62b3a6215a9,32.1158838,20.1085827,1,False,True,True,False,0,Al-Madar,4,1755624578000,1785518507000,data/new_data/libya_collected_antennas/cellmapper/cellmapper_libya_antennas.csv,collected:1140|collected:1141|collected:1142|collected:1143,collected:1140,0.0,"observed_coordinate_medoid; source reference, not survey truth",278402811935902
606,0,GSM,8205,2394,radio-3fa80343dff9d55c,32.75490021352804,12.836500858135283,1,False,False,False,False,0,Libyana,2,1774310400000,1774310400000,Libyan_cells_dataset/cells.sqlite3,sqlite:3452|sqlite:3501,sqlite:3501,0.03933343577250021,"observed_coordinate_medoid; source reference, not survey truth",179611864164694
606,1,LTE,1230,100341,radio-3fb45474915c7146,31.952500431869616,20.08340083324858,1,False,False,False,True,1,Al-Madar,1,1552953600000,1552953600000,Libyan_cells_dataset/cells.sqlite3,sqlite:621,sqlite:621,0.0,"observed_coordinate_medoid; source reference, not survey truth",64653846133945
606,1,LTE,4081,4621,radio-40042676c76a1df2,32.86980084808058,13.286300314175833,1,False,False,False,True,1,Al-Madar,1,1761609600000,1785628800000,Libyan_cells_dataset/cells.sqlite3,sqlite:80,sqlite:80,0.0,"observed_coordinate_medoid; source reference, not survey truth",4012189515755
606,0,LTE,6410,2043,radio-403a4bf84593d6e1,32.77194595336914,21.78623580932617,1,False,False,False,False,0,Libyana,3,1777420800000,1780718962000,Libyan_cells_dataset/cells.sqlite3|data/new_data/libya_collected_antennas/cellmapper/cellmapper_libya_antennas.csv,collected:331|collected:332|sqlite:1268,collected:331,5.98591502583625,"observed_coordinate_medoid; source reference, not survey truth",221798455403144
606,1,GSM,1111,1059,radio-404aa70e35206624,32.1309736,20.0977315,1,False,True,True,False,0,Al-Madar,3,1561428002000,1789112540000,data/new_data/libya_collected_antennas/cellmapper/cellmapper_libya_antennas.csv,collected:780|collected:781|collected:782,collected:780,0.0,"observed_coordinate_medoid; source reference, not survey truth",42776136317603
606,1,LTE,1,473,radio-404b06021bd9d7d7,32.87920051396722,13.197600690767066,1,False,False,False,True,1,Al-Madar,1,1781913600000,1781913600000,Libyan_cells_dataset/cells.sqlite3,sqlite:3,sqlite:3,0.0,"observed_coordinate_medoid; source reference, not survey truth",97095707963931
606,0,UMTS,5410,2004,radio-40714db4dfca82e0,32.76020054291983,21.7734004420062,1,False,False,False,False,0,Libyana,1,1786233600000,1788480000000,Libyan_cells_dataset/cells.sqlite3,sqlite:2597,sqlite:2597,0.0,"observed_coordinate_medoid; source reference, not survey truth",260380625312988
606,1,UMTS,5011,2102,radio-407698a947f8c1af,32.74770086729637,12.717700422730088,1,False,False,False,False,0,Al-Madar,1,1576713600000,1576713600000,Libyan_cells_dataset/cells.sqlite3,sqlite:1657,sqlite:1657,0.0,"observed_coordinate_medoid; source reference, not survey truth",165591045554995
606,1,GSM,4,1876,radio-40e55bedf9353978,32.76730020784728,12.742700515553787,1,False,False,False,False,0,Al-Madar,1,1779321600000,1779321600000,Libyan_cells_dataset/cells.sqlite3,sqlite:4037,sqlite:4037,0.0,"observed_coordinate_medoid; source reference, not survey truth",52440266646318
606,1,LTE,8,835,radio-40fa2b4d32149532,32.8876009260116,13.247900868809714,1,False,False,False,True,1,Al-Madar,1,1761609600000,1768521600000,Libyan_cells_dataset/cells.sqlite3,sqlite:65,sqlite:65,0.0,"observed_coordinate_medoid; source reference, not survey truth",11567646355794
606,0,GSM,4460,2024,radio-4105928c73afe28d,32.72720013008558,21.752800140599206,1,False,False,False,False,0,Libyana,1,1780704000000,1780704000000,Libyan_cells_dataset/cells.sqlite3,sqlite:3042,sqlite:3042,0.0,"observed_coordinate_medoid; source reference, not survey truth",158077637216738
606,0,LTE,2150,2045,radio-412a84ce297f66c0,32.74670027507801,12.715600164690178,1,False,False,False,False,0,Libyana,2,1575331200000,1777406264000,Libyan_cells_dataset/cells.sqlite3|data/new_data/libya_collected_antennas/cellmapper/cellmapper_libya_antennas.csv,collected:2519|sqlite:854,sqlite:854,3.3360437079305707,"observed_coordinate_medoid; source reference, not survey truth",72569062435031
606,0,LTE,1810,1115,radio-413d4e5b880180e4,32.1063595,20.1406518,1,False,True,True,False,0,Libyana,7,1575392237000,1789602228000,data/new_data/libya_collected_antennas/cellmapper/cellmapper_libya_antennas.csv,collected:2032|collected:2033|collected:2034|collected:2035|collected:2036|collected:2037|collected:2038,collected:2032,0.0,"observed_coordinate_medoid; source reference, not survey truth",169075953229346
606,1,GSM,1111,1058,radio-415609fd79405fab,32.139881292978835,20.100355148315376,1,False,False,False,False,0,Al-Madar,3,1563840000000,1614232427000,Libyan_cells_dataset/cells.sqlite3|data/new_data/libya_collected_antennas/cellmapper/cellmapper_libya_antennas.csv,collected:1097|collected:1098|sqlite:4241,collected:1097,4.80871615429946,"observed_coordinate_medoid; source reference, not survey truth",113809859821099
606,1,UMTS,1020,3217,radio-415a853b43dd6de0,32.082800622120004,20.10270080739906,1,False,False,True,False,0,Al-Madar,8,1595289600000,1784884421000,Libyan_cells_dataset/cells.sqlite3|data/new_data/libya_collected_antennas/cellmapper/cellmapper_libya_antennas.csv,collected:1347|collected:1348|sqlite:1359|sqlite:1409|sqlite:1892|sqlite:1941|sqlite:1991|sqlite:2091,sqlite:1359,2.4899671379054094,"observed_coordinate_medoid; source reference, not survey truth",146956853254703
606,0,LTE,4011,4327,radio-41832a5787015313,32.56370057251627,14.372900544868582,1,False,False,False,False,0,Libyana,1,1785974400000,1785974400000,Libyan_cells_dataset/cells.sqlite3,sqlite:414,sqlite:414,0.0,"observed_coordinate_medoid; source reference, not survey truth",203361501189464
606,1,LTE,4012,5155,radio-41968db6bed253f2,32.55790048148672,14.274400188498182,1,False,False,False,True,1,Al-Madar,1,1748131200000,1786838400000,Libyan_cells_dataset/cells.sqlite3,sqlite:424,sqlite:424,0.0,"observed_coordinate_medoid; source reference, not survey truth",176822452878074
606,1,GSM,2,1993,radio-419bc1710419d063,32.85740021080756,13.209000630988273,1,False,False,False,False,0,Al-Madar,2,1785715200000,1785715200000,Libyan_cells_dataset/cells.sqlite3,sqlite:4020|sqlite:4064,sqlite:4064,0.05355037191477349,"observed_coordinate_medoid; source reference, not survey truth",159758099699056
606,0,UMTS,4040,3008,radio-419db4a5d3c196e1,27.042700527928325,14.425300886674052,1,False,False,False,False,0,Libyana,1,1454112000000,1454112000000,Libyan_cells_dataset/cells.sqlite3,sqlite:2660,sqlite:2660,0.0,"observed_coordinate_medoid; source reference, not survey truth",192335820067481
606,1,LTE,8,280,radio-41b1589fbb513d95,32.87790082726395,13.273900465004203,1,False,False,False,True,1,Al-Madar,1,1767225600000,1767225600000,Libyan_cells_dataset/cells.sqlite3,sqlite:72,sqlite:72,0.0,"observed_coordinate_medoid; source reference, not survey truth",178332869537856
606,0,LTE,6330,1103,radio-41e1cdad45c8833c,32.10164260864258,20.143390655517575,1,False,False,False,False,0,Libyana,6,1565427380000,1789910962000,data/new_data/libya_collected_antennas/cellmapper/cellmapper_libya_antennas.csv,collected:1961|collected:1962|collected:1963|collected:1964|collected:1965|collected:1966,collected:1961,0.0,"observed_coordinate_medoid; source reference, not survey truth",241037048971655
606,1,UMTS,2011,56,radio-41fd25f34172a14f,32.79020071573671,13.094800275324785,1,False,False,False,False,0,Al-Madar,4,1576713600000,1602460800000,Libyan_cells_dataset/cells.sqlite3,sqlite:1800|sqlite:1850|sqlite:2050|sqlite:2150,sqlite:2050,0.07957260587825063,"observed_coordinate_medoid; source reference, not survey truth",163391799096818
606,0,UMTS,4040,3031,radio-420317250f8f1549,27.051500846645,14.425600617875581,1,False,False,False,False,0,Libyana,1,1454112000000,1454112000000,Libyan_cells_dataset/cells.sqlite3,sqlite:2663,sqlite:2663,0.0,"observed_coordinate_medoid; source reference, not survey truth",247102558947592
606,1,UMTS,330,3356,radio-4244e9c0bc1e92ec,31.998700813378786,11.700500614605152,1,False,False,False,False,0,Al-Madar,1,1783555200000,1783555200000,Libyan_cells_dataset/cells.sqlite3,sqlite:1678,sqlite:1678,0.0,"observed_coordinate_medoid; source reference, not survey truth",117210169472194
606,0,GSM,8291,2306,radio-425b3da2772f2521,32.75940058280853,12.60110085392718,1,False,False,False,False,0,Libyana,1,1787184000000,1787961600000,Libyan_cells_dataset/cells.sqlite3,sqlite:3456,sqlite:3456,0.0,"observed_coordinate_medoid; source reference, not survey truth",80639164335585
606,1,UMTS,331,3434,radio-42701127289d51af,31.948600424412284,12.298700135740953,1,False,False,False,False,0,Al-Madar,1,1764374400000,1764374400000,Libyan_cells_dataset/cells.sqlite3,sqlite:1659,sqlite:1659,0.0,"observed_coordinate_medoid; source reference, not survey truth",212815694977548
606,0,UMTS,5310,1512,radio-4280a03277bfc7d1,32.11953217646514,20.100366301239664,1,False,False,False,False,0,Libyana,4,1756056339000,1790153733000,data/new_data/libya_collected_antennas/cellmapper/cellmapper_libya_antennas.csv,collected:840|collected:841|collected:842|collected:843,collected:840,0.0,"observed_coordinate_medoid; source reference, not survey truth",203911451413532
606,0,UMTS,5390,6406,radio-42949a32429bcc4b,32.49570033762254,20.827300977259522,1,False,False,False,False,0,Libyana,4,1777420800000,1777420800000,Libyan_cells_dataset/cells.sqlite3,sqlite:2452|sqlite:2501|sqlite:2550|sqlite:2633,sqlite:2501,0.055806338903336375,"observed_coordinate_medoid; source reference, not survey truth",266802006211118
606,0,GSM,9160,4816,radio-42a34816985774e9,26.102300646304293,14.830900850938185,1,False,False,False,False,0,Libyana,1,1683244800000,1683244800000,Libyan_cells_dataset/cells.sqlite3,sqlite:3611,sqlite:3611,0.0,"observed_coordinate_medoid; source reference, not survey truth",148518689334561
606,1,UMTS,1010,3127,radio-42aabb2f2f69ef9b,32.126400591610405,20.064900561451964,1,False,False,False,False,0,Al-Madar,6,1686700800000,1686700800000,Libyan_cells_dataset/cells.sqlite3,sqlite:1387|sqlite:1438|sqlite:1936|sqlite:1971|sqlite:2019|sqlite:2120,sqlite:1438,0.07548945094378957,"observed_coordinate_medoid; source reference, not survey truth",38503681935230
606,0,LTE,1030,4276,radio-42b1618e1a56ba8c,32.496700658714886,14.557700649637091,1,False,False,False,False,0,Libyana,1,1773187200000,1773273600000,Libyan_cells_dataset/cells.sqlite3,sqlite:1120,sqlite:1120,0.0,"observed_coordinate_medoid; source reference, not survey truth",263920717467118
606,0,GSM,4360,1039,radio-42dd2ebb324832cc,32.060200760337565,20.057600855613185,1,False,False,False,False,0,Libyana,1,1552003200000,1787270400000,Libyan_cells_dataset/cells.sqlite3,sqlite:2947,sqlite:2947,0.0,"observed_coordinate_medoid; source reference, not survey truth",204509852126617
606,0,UMTS,5330,1067,radio-42e6a29db8ef5669,32.08892758018089,20.12796185142116,1,False,False,False,False,0,Libyana,4,1562057827000,1789998222000,data/new_data/libya_collected_antennas/cellmapper/cellmapper_libya_antennas.csv,collected:1170|collected:1171|collected:1172|collected:1173,collected:1170,0.0,"observed_coordinate_medoid; source reference, not survey truth",40973173393510
606,0,GSM,9030,1221,radio-42f9e3f02cd4671c,32.812800246833355,21.871400145442273,1,False,False,False,False,0,Libyana,1,1449273600000,1449273600000,Libyan_cells_dataset/cells.sqlite3,sqlite:3031,sqlite:3031,0.0,"observed_coordinate_medoid; source reference, not survey truth",163977546594389
606,0,LTE,3016,1420,radio-430ac826a697dd53,32.89220021785679,13.387400394131046,1,False,False,False,False,0,Libyana,1,1575417600000,1575417600000,Libyan_cells_dataset/cells.sqlite3,sqlite:715,sqlite:715,0.0,"observed_coordinate_medoid; source reference, not survey truth",35636375313449
606,0,LTE,2120,1912,radio-4361febee9e9ee76,32.753500252210486,13.288600265331517,1,False,False,False,False,0,Libyana,1,1775606400000,1784678400000,Libyan_cells_dataset/cells.sqlite3,sqlite:1311,sqlite:1311,0.0,"observed_coordinate_medoid; source reference, not survey truth",79849210010572
606,0,LTE,2110,1751,radio-436937d373617668,32.798400354611395,13.575400776198633,1,False,False,False,False,0,Libyana,1,1759190400000,1786838400000,Libyan_cells_dataset/cells.sqlite3,sqlite:984,sqlite:984,0.0,"observed_coordinate_medoid; source reference, not survey truth",169177532804617
606,1,UMTS,5011,2086,radio-436e1d327e9ae49e,32.7561006255377,12.7271007095927,1,False,False,False,False,0,Al-Madar,3,1777334400000,1777334400000,Libyan_cells_dataset/cells.sqlite3,sqlite:1583|sqlite:1619|sqlite:1703,sqlite:1583,0.02764046048488724,"observed_coordinate_medoid; source reference, not survey truth",120885521438242
606,1,UMTS,1011,95,radio-43813d2934fcdcb9,32.84600034945279,13.195000937008503,1,False,False,False,False,0,Al-Madar,4,1576713600000,1591660800000,Libyan_cells_dataset/cells.sqlite3,sqlite:1814|sqlite:1864|sqlite:2064|sqlite:2164,sqlite:1814,0.09018197980804071,"observed_coordinate_medoid; source reference, not survey truth",117919239281433
606,0,GSM,8251,1261,radio-4381d8851fcea33d,32.75800040702166,13.143100796255432,1,False,False,False,False,0,Libyana,9,1782864000000,1786492800000,Libyan_cells_dataset/cells.sqlite3,sqlite:3107|sqlite:3157|sqlite:3207|sqlite:3257|sqlite:3307|sqlite:3404|sqlite:3464|sqlite:3517|sqlite:3567,sqlite:3107,0.09578253173501865,"observed_coordinate_medoid; source reference, not survey truth",279089165229773
606,0,LTE,6330,1200,radio-4392aa0405fbca70,32.163916112018455,20.122425158270477,1,False,False,False,False,0,Libyana,10,1772554647000,1788116175000,data/new_data/libya_collected_antennas/cellmapper/cellmapper_libya_antennas.csv,collected:416|collected:417|collected:418|collected:419|collected:420|collected:421|collected:422|collected:423|collected:424|collected:425,collected:416,0.0,"observed_coordinate_medoid; source reference, not survey truth",142777180208540
606,0,LTE,2120,6375,radio-43aa25c1e5d228cf,32.69270068855257,13.450500622849368,1,False,False,False,False,0,Libyana,1,1755388800000,1787184000000,Libyan_cells_dataset/cells.sqlite3,sqlite:939,sqlite:939,0.0,"observed_coordinate_medoid; source reference, not survey truth",267502361256785
606,0,LTE,1020,1411,radio-43b1b97f0598f124,32.649800465741244,14.139000356070369,1,False,False,False,False,0,Libyana,1,1776988800000,1783555200000,Libyan_cells_dataset/cells.sqlite3,sqlite:1072,sqlite:1072,0.0,"observed_coordinate_medoid; source reference, not survey truth",156837114116155
606,0,LTE,1050,4138,radio-43e41177d000f9e7,32.368600918956936,15.08340014428799,1,False,False,False,False,0,Libyana,1,1778371200000,1778371200000,Libyan_cells_dataset/cells.sqlite3,sqlite:1140,sqlite:1140,0.0,"observed_coordinate_medoid; source reference, not survey truth",156907655140403
606,0,LTE,1910,1129,radio-43ea9ff14d5f684a,32.84263740813308,13.287233504643822,1,False,False,False,False,0,Libyana,7,1761609600000,1790108352000,Libyan_cells_dataset/cells.sqlite3|data/new_data/libya_collected_antennas/cellmapper/cellmapper_libya_antennas.csv,collected:2055|collected:2056|collected:2057|collected:2058|collected:2059|collected:2060|sqlite:757,collected:2055,5.140043854340931,"observed_coordinate_medoid; source reference, not survey truth",119645844527164
606,0,GSM,4360,1043,radio-440d5239c99c9303,32.06000022451135,20.079000551556454,1,False,False,False,False,0,Libyana,2,1551830400000,1781308800000,Libyan_cells_dataset/cells.sqlite3,sqlite:2895|sqlite:2942,sqlite:2942,0.07857894914956698,"observed_coordinate_medoid; source reference, not survey truth",43183276108788
606,0,LTE,1030,4505,radio-4412e14eead7d3f9,32.44250081990167,14.599100490970248,1,False,False,False,False,0,Libyana,1,1782777600000,1782864000000,Libyan_cells_dataset/cells.sqlite3,sqlite:1126,sqlite:1126,0.0,"observed_coordinate_medoid; source reference, not survey truth",88383518882320
606,0,UMTS,5330,1210,radio-4418772be1d5c08e,32.14999375253353,20.12019319354363,1,False,False,False,False,0,Libyana,2,1788116177000,1788122175000,data/new_data/libya_collected_antennas/cellmapper/cellmapper_libya_antennas.csv,collected:1072|collected:1073,collected:1072,0.0,"observed_coordinate_medoid; source reference, not survey truth",133249928282926
606,1,LTE,4,2279,radio-441ddfa6a7bf2dbc,32.416600809063354,12.70500078815348,1,False,False,False,True,1,Al-Madar,1,1774310400000,1774310400000,Libyan_cells_dataset/cells.sqlite3,sqlite:293,sqlite:293,0.0,"observed_coordinate_medoid; source reference, not survey truth",235183782876633
606,0,LTE,1510,1582,radio-442bbebed75e5c8f,32.815500762233945,12.954800341758826,1,False,False,False,False,0,Libyana,1,1764460800000,1787529600000,Libyan_cells_dataset/cells.sqlite3,sqlite:763,sqlite:763,0.0,"observed_coordinate_medoid; source reference, not survey truth",24313805113421
606,1,LTE,4012,4246,radio-4438901daf27e185,32.523000847499404,14.217900675516676,1,False,False,False,True,1,Al-Madar,1,1721174400000,1787529600000,Libyan_cells_dataset/cells.sqlite3,sqlite:406,sqlite:406,0.0,"observed_coordinate_medoid; source reference, not survey truth",219352382601588
606,0,UMTS,5390,6026,radio-4452bb483e61f277,32.44170047881054,20.87890092845096,1,False,False,False,False,0,Libyana,5,1777420800000,1777473420000,Libyan_cells_dataset/cells.sqlite3|data/new_data/libya_collected_antennas/cellmapper/cellmapper_libya_antennas.csv,collected:1276|sqlite:2438|sqlite:2487|sqlite:2536|sqlite:2619,sqlite:2536,6.092161467041846,"observed_coordinate_medoid; source reference, not survey truth",54916348605328
606,0,LTE,2120,1278,radio-4468df98cc854137,32.7241001521326,13.233100882106829,1,False,False,False,False,0,Libyana,1,1755475200000,1782086400000,Libyan_cells_dataset/cells.sqlite3,sqlite:901,sqlite:901,0.0,"observed_coordinate_medoid; source reference, not survey truth",238350046300985
606,0,GSM,8224,1400,radio-447c9b269749e45c,32.74000016375121,13.724200742929746,1,False,False,False,False,0,Libyana,1,1786406400000,1786406400000,Libyan_cells_dataset/cells.sqlite3,sqlite:3395,sqlite:3395,0.0,"observed_coordinate_medoid; source reference, not survey truth",259592744597620
606,1,LTE,8,36,radio-4484c4ddf553aa84,32.85540030900584,13.24710092536089,1,False,False,False,True,1,Al-Madar,1,1597795200000,1787529600000,Libyan_cells_dataset/cells.sqlite3,sqlite:506,sqlite:506,0.0,"observed_coordinate_medoid; source reference, not survey truth",169569447735207
606,1,UMTS,303,4374,radio-449ba24aaebe1088,32.39230067411802,15.12120034310812,1,False,False,False,False,0,Al-Madar,2,1665878400000,1665878400000,Libyan_cells_dataset/cells.sqlite3,sqlite:1490|sqlite:1555,sqlite:1490,0.032980703953436066,"observed_coordinate_medoid; source reference, not survey truth",79418141314020
606,1,LTE,4131,4469,radio-44a1d349bfd6383e,29.033300392018603,21.548100114177448,1,False,False,False,True,1,Al-Madar,1,1783987200000,1784246400000,Libyan_cells_dataset/cells.sqlite3,sqlite:544,sqlite:544,0.0,"observed_coordinate_medoid; source reference, not survey truth",112372836632704
606,0,GSM,8278,1900,radio-44aea4c997d0f62b,32.75700047344154,13.524000172690748,1,False,False,False,False,0,Libyana,8,1758153600000,1758153600000,Libyan_cells_dataset/cells.sqlite3,sqlite:3127|sqlite:3177|sqlite:3226|sqlite:3275|sqlite:3323|sqlite:3360|sqlite:3534|sqlite:3587,sqlite:3323,0.08943134484600385,"observed_coordinate_medoid; source reference, not survey truth",28518364375195
606,1,LTE,8,84,radio-44d0601d941bc53b,32.889400199268444,13.239400632609977,1,False,False,False,True,1,Al-Madar,1,1768521600000,1768521600000,Libyan_cells_dataset/cells.sqlite3,sqlite:30,sqlite:30,0.0,"observed_coordinate_medoid; source reference, not survey truth",74476479518326
606,1,LTE,1210,102591,radio-44dbf0dfc8d21c60,32.147900441704564,20.140800450122775,1,False,False,False,True,1,Al-Madar,1,1762732800000,1762732800000,Libyan_cells_dataset/cells.sqlite3,sqlite:611,sqlite:611,0.0,"observed_coordinate_medoid; source reference, not survey truth",159299000012738
606,1,UMTS,1030,3116,radio-44dd0b47369ae15d,32.053178837522864,20.11045573744923,1,False,False,False,False,0,Al-Madar,4,1579919774000,1774723071000,data/new_data/libya_collected_antennas/cellmapper/cellmapper_libya_antennas.csv,collected:688|collected:689|collected:690|collected:691,collected:688,0.0,"observed_coordinate_medoid; source reference, not survey truth",175787908483948
606,0,LTE,2120,1954,radio-44df86c048330765,32.725200829217016,13.429000440029979,1,False,False,False,False,0,Libyana,1,1757462400000,1787097600000,Libyan_cells_dataset/cells.sqlite3,sqlite:955,sqlite:955,0.0,"observed_coordinate_medoid; source reference, not survey truth",243661981591440
606,1,GSM,2000,1063,radio-45066c5ada3343ed,32.63700075270224,14.1640006204323,1,False,False,False,False,0,Al-Madar,1,1576195200000,1783555200000,Libyan_cells_dataset/cells.sqlite3,sqlite:3909,sqlite:3909,0.0,"observed_coordinate_medoid; source reference, not survey truth",210621347545232
606,0,UMTS,2040,3501,radio-4518ee40c396ee9c,31.946700656625257,12.220000531632904,1,False,False,False,False,0,Libyana,1,1760140800000,1783641600000,Libyan_cells_dataset/cells.sqlite3,sqlite:2354,sqlite:2354,0.0,"observed_coordinate_medoid; source reference, not survey truth",95161795795001
606,0,UMTS,5340,1406,radio-452286335ece57f3,32.04050039359628,20.07800055806088,1,False,False,False,False,0,Libyana,4,1708992000000,1761091200000,Libyan_cells_dataset/cells.sqlite3,sqlite:2462|sqlite:2511|sqlite:2560|sqlite:2643,sqlite:2511,0.04759149205539322,"observed_coordinate_medoid; source reference, not survey truth",13126262315051
606,0,UMTS,5310,1049,radio-4531a3961d727713,32.1243568,20.1015952,1,False,True,True,False,0,Libyana,1,1561427996000,1561428011000,data/new_data/libya_collected_antennas/cellmapper/cellmapper_libya_antennas.csv,collected:833,collected:833,0.0,"observed_coordinate_medoid; source reference, not survey truth",127978047913114
606,0,GSM,4360,1164,radio-453e6a1b7f325fe9,32.067467478524726,20.04517658199902,1,False,False,False,False,0,Libyana,11,1552435200000,1709052700000,Libyan_cells_dataset/cells.sqlite3|data/new_data/libya_collected_antennas/cellmapper/cellmapper_libya_antennas.csv,collected:952|collected:953|collected:954|collected:955|collected:956|collected:957|sqlite:2740|sqlite:2786|sqlite:2872|sqlite:2921|sqlite:3089,collected:952,4.336738141336932,"observed_coordinate_medoid; source reference, not survey truth",174772036829366
606,1,LTE,4041,5125,radio-45565dc7fb6e8ec8,32.27660068558215,15.119200281808563,1,False,False,False,True,1,Al-Madar,1,1781827200000,1781827200000,Libyan_cells_dataset/cells.sqlite3,sqlite:489,sqlite:489,0.0,"observed_coordinate_medoid; source reference, not survey truth",47718903789830
606,1,UMTS,2021,105,radio-4596dd6788f7be99,32.69300039472465,13.19270048454122,1,False,False,False,False,0,Al-Madar,4,1778889600000,1782864000000,Libyan_cells_dataset/cells.sqlite3,sqlite:1818|sqlite:1868|sqlite:2068|sqlite:2168,sqlite:1818,0.07746447324074024,"observed_coordinate_medoid; source reference, not survey truth",142529530221934
606,1,UMTS,302,4362,radio-45d26d7fc0baa481,32.38830044713618,14.944200736982282,1,False,False,False,False,0,Al-Madar,2,1576195200000,1576195200000,Libyan_cells_dataset/cells.sqlite3,sqlite:1488|sqlite:1553,sqlite:1488,0.0657400802333465,"observed_coordinate_medoid; source reference, not survey truth",124959092603528
606,1,UMTS,303,4315,radio-45ee65e2db736b06,32.38940030144849,15.088900489143699,1,False,False,False,False,0,Al-Madar,3,1774569600000,1774828800000,Libyan_cells_dataset/cells.sqlite3,sqlite:1466|sqlite:1527|sqlite:1765,sqlite:1466,0.07549367434536712,"observed_coordinate_medoid; source reference, not survey truth",140459799336981
606,1,LTE,4011,4040,radio-46332f518380a341,32.47690031756873,14.567400745229769,1,False,False,False,True,1,Al-Madar,1,1554163200000,1778976000000,Libyan_cells_dataset/cells.sqlite3,sqlite:459,sqlite:459,0.0,"observed_coordinate_medoid; source reference, not survey truth",34866178744161
606,0,GSM,9360,4929,radio-463b4b0a207e397b,27.04670075641369,14.418600806768623,1,False,False,False,False,0,Libyana,1,1454112000000,1454112000000,Libyan_cells_dataset/cells.sqlite3,sqlite:3613,sqlite:3613,0.0,"observed_coordinate_medoid; source reference, not survey truth",31597703387083
606,0,LTE,2110,1399,radio-465976f81c8e0ccc,32.73190032822858,13.610700640978695,1,False,False,False,False,0,Libyana,1,1755648000000,1786924800000,Libyan_cells_dataset/cells.sqlite3,sqlite:1017,sqlite:1017,0.0,"observed_coordinate_medoid; source reference, not survey truth",248911147603157
606,1,UMTS,301,4532,radio-466f3b58da02fa22,32.452900257241005,14.577200337631384,1,False,False,False,False,0,Al-Madar,2,1576195200000,1773360000000,Libyan_cells_dataset/cells.sqlite3,sqlite:1531|sqlite:1769,sqlite:1769,0.0668684690339442,"observed_coordinate_medoid; source reference, not survey truth",67938581918725
606,1,LTE,3,564,radio-46ab05a7aa94297d,32.8082007712385,12.939000880382785,1,False,False,False,True,1,Al-Madar,1,1772755200000,1772841600000,Libyan_cells_dataset/cells.sqlite3,sqlite:222,sqlite:222,0.0,"observed_coordinate_medoid; source reference, not survey truth",198384796582638
606,1,LTE,10,766,radio-46ae3161648a9f5e,32.770600962339,13.251500411268811,1,False,False,False,True,1,Al-Madar,1,1782172800000,1783987200000,Libyan_cells_dataset/cells.sqlite3,sqlite:56,sqlite:56,0.0,"observed_coordinate_medoid; source reference, not survey truth",34141445571936
606,1,GSM,1114,1181,radio-46b5aaaf7105ec89,32.2253332,20.1790674,1,False,True,True,False,0,Al-Madar,3,1786721696000,1786722785000,data/new_data/libya_collected_antennas/cellmapper/cellmapper_libya_antennas.csv,collected:1111|collected:1112|collected:1113,collected:1111,0.0,"observed_coordinate_medoid; source reference, not survey truth",252619623037216
606,1,LTE,4051,4264,radio-46db8d2b744e8115,31.16720060612597,16.567900961495877,1,False,False,False,True,1,Al-Madar,1,1782086400000,1782086400000,Libyan_cells_dataset/cells.sqlite3,sqlite:552,sqlite:552,0.0,"observed_coordinate_medoid; source reference, not survey truth",143780010183768
606,1,LTE,4,2078,radio-46f32208fa1c1091,32.753800834265235,12.731300395065864,1,False,False,False,True,1,Al-Madar,1,1771632000000,1771632000000,Libyan_cells_dataset/cells.sqlite3,sqlite:245,sqlite:245,0.0,"observed_coordinate_medoid; source reference, not survey truth",186541814126567
606,0,UMTS,5360,4092,radio-4704ce0f142228b9,30.59970025976683,18.398600742860914,1,False,False,False,False,0,Libyana,1,1782864000000,1782864000000,Libyan_cells_dataset/cells.sqlite3,sqlite:2679,sqlite:2679,0.0,"observed_coordinate_medoid; source reference, not survey truth",79934345033180
606,1,GSM,2000,1461,radio-4716bee63e2a65cd,32.48790066365302,13.951800250226725,1,False,False,False,False,0,Al-Madar,6,1777507200000,1782950400000,Libyan_cells_dataset/cells.sqlite3,sqlite:3686|sqlite:3735|sqlite:3786|sqlite:3826|sqlite:3943|sqlite:4102,sqlite:3826,0.105203836560753,"observed_coordinate_medoid; source reference, not survey truth",75539706394284
606,1,GSM,2004,2253,radio-4719afa2d2cf5e7a,32.30370044014607,15.101600524825116,1,False,False,False,False,0,Al-Madar,3,1772668800000,1772668800000,Libyan_cells_dataset/cells.sqlite3,sqlite:3929|sqlite:3937|sqlite:3985,sqlite:3985,0.05757112331767166,"observed_coordinate_medoid; source reference, not survey truth",188969941184843
606,0,LTE,6390,6061,radio-472a73e366eaa716,32.63890021803394,20.949800522871485,1,False,False,False,False,0,Libyana,2,1786060800000,1786134735000,Libyan_cells_dataset/cells.sqlite3|data/new_data/libya_collected_antennas/cellmapper/cellmapper_libya_antennas.csv,collected:375|sqlite:1260,sqlite:1260,4.424909721397267,"observed_coordinate_medoid; source reference, not survey truth",276595735104644
606,0,GSM,8278,6355,radio-472dec8ef2916e9c,32.896900324014425,13.320700389883351,1,False,False,False,False,0,Libyana,1,1786406400000,1786492800000,Libyan_cells_dataset/cells.sqlite3,sqlite:3372,sqlite:3372,0.0,"observed_coordinate_medoid; source reference, not survey truth",151381332887389
606,1,LTE,11,2072,radio-473f842c22e82544,32.93090063446245,12.087200116123887,1,False,False,False,True,1,Al-Madar,1,1772668800000,1772668800000,Libyan_cells_dataset/cells.sqlite3,sqlite:285,sqlite:285,0.0,"observed_coordinate_medoid; source reference, not survey truth",263329781964354
606,0,LTE,2150,2375,radio-4742078402baecbc,32.78560086510399,12.511800175907727,1,False,False,False,False,0,Libyana,1,1782086400000,1782086400000,Libyan_cells_dataset/cells.sqlite3,sqlite:867,sqlite:867,0.0,"observed_coordinate_medoid; source reference, not survey truth",265355157346776
606,1,GSM,2002,1245,radio-47482af860e77cca,32.46780073874573,14.551700534783995,1,False,False,False,False,0,Al-Madar,4,1562371200000,1562371200000,Libyan_cells_dataset/cells.sqlite3,sqlite:3843|sqlite:3885|sqlite:3918|sqlite:3970,sqlite:3970,0.04552462542187669,"observed_coordinate_medoid; source reference, not survey truth",9196075855513
606,1,LTE,8,41,radio-47b4ead76922aa32,32.866900161725816,13.247200305073704,1,False,False,False,True,1,Al-Madar,1,1572393600000,1787529600000,Libyan_cells_dataset/cells.sqlite3,sqlite:507,sqlite:507,0.0,"observed_coordinate_medoid; source reference, not survey truth",111503177909727
606,0,LTE,2130,6360,radio-48178f6d8338f53a,32.60030082545521,13.032600909293148,1,False,False,False,False,0,Libyana,1,1781308800000,1783728000000,Libyan_cells_dataset/cells.sqlite3,sqlite:884,sqlite:884,0.0,"observed_coordinate_medoid; source reference, not survey truth",144050243809212
606,0,LTE,2150,2028,radio-48378649f5a9ecec,32.777418518066405,12.741524696350098,1,False,False,False,False,0,Libyana,3,1763769600000,1782852047000,Libyan_cells_dataset/cells.sqlite3|data/new_data/libya_collected_antennas/cellmapper/cellmapper_libya_antennas.csv,collected:2512|collected:2513|sqlite:844,collected:2512,3.020512323958158,"observed_coordinate_medoid; source reference, not survey truth",134955170514397
606,1,LTE,1,79,radio-484384498866f309,32.90490047381525,13.224900705186267,1,False,False,False,True,1,Al-Madar,1,1768521600000,1782086400000,Libyan_cells_dataset/cells.sqlite3,sqlite:515,sqlite:515,0.0,"observed_coordinate_medoid; source reference, not survey truth",229762673358959
606,0,LTE,1050,704,radio-4861c074ff07196a,32.376200732177956,15.090400360917128,1,False,False,False,False,0,Libyana,1,1778371200000,1782864000000,Libyan_cells_dataset/cells.sqlite3,sqlite:1132,sqlite:1132,0.0,"observed_coordinate_medoid; source reference, not survey truth",124584034586825
606,0,GSM,4330,1022,radio-4862141fa8670ed8,32.1118698,20.1121493,1,False,True,True,False,0,Libyana,3,1556686000000,1770998897000,data/new_data/libya_collected_antennas/cellmapper/cellmapper_libya_antennas.csv,collected:759|collected:760|collected:761,collected:759,0.0,"observed_coordinate_medoid; source reference, not survey truth",82870768414044
606,1,LTE,3,988,radio-488a7f65aa8389e5,32.75510051193771,12.910300710103733,1,False,False,False,True,1,Al-Madar,1,1787443200000,1787529600000,Libyan_cells_dataset/cells.sqlite3,sqlite:235,sqlite:235,0.0,"observed_coordinate_medoid; source reference, not survey truth",28394903860800
606,0,LTE,1810,1993,radio-489153f46ad89083,32.880400690661695,13.188900666663706,1,False,False,False,False,0,Libyana,1,1758153600000,1778716800000,Libyan_cells_dataset/cells.sqlite3,sqlite:792,sqlite:792,0.0,"observed_coordinate_medoid; source reference, not survey truth",214563617426536
606,0,LTE,6340,4113,radio-48b1473e4aac7ea5,31.572400661293297,20.171700477873934,1,False,False,False,False,0,Libyana,1,1785974400000,1785974400000,Libyan_cells_dataset/cells.sqlite3,sqlite:1236,sqlite:1236,0.0,"observed_coordinate_medoid; source reference, not survey truth",269279645028235
606,0,LTE,2120,1685,radio-48c6f11a92d3a85a,32.89460094676967,13.363700122423273,1,False,False,False,False,0,Libyana,1,1757376000000,1787184000000,Libyan_cells_dataset/cells.sqlite3,sqlite:777,sqlite:777,0.0,"observed_coordinate_medoid; source reference, not survey truth",25751722180833
606,0,UMTS,4040,3032,radio-48e485bca4b4a3de,27.053500948208033,14.40880015297622,1,False,False,False,False,0,Libyana,1,1454112000000,1454112000000,Libyan_cells_dataset/cells.sqlite3,sqlite:2664,sqlite:2664,0.0,"observed_coordinate_medoid; source reference, not survey truth",40614473471564
606,1,LTE,8,920,radio-492cca1263ac513f,32.8898002719092,13.243900286919985,1,False,False,False,True,1,Al-Madar,1,1768521600000,1768521600000,Libyan_cells_dataset/cells.sqlite3,sqlite:67,sqlite:67,0.0,"observed_coordinate_medoid; source reference, not survey truth",20120015412028
606,0,UMTS,1050,4142,radio-49c19ac21da5c74b,32.34256679453736,15.09882348649004,1,False,False,False,False,0,Libyana,2,1575453030000,1575453033000,data/new_data/libya_collected_antennas/cellmapper/cellmapper_libya_antennas.csv,collected:1025|collected:1026,collected:1025,0.0,"observed_coordinate_medoid; source reference, not survey truth",39803224001642
606,1,LTE,3,979,radio-49f107aad0da7de7,32.788300596214036,13.022400439843654,1,False,False,False,True,1,Al-Madar,1,1774137600000,1781827200000,Libyan_cells_dataset/cells.sqlite3,sqlite:232,sqlite:232,0.0,"observed_coordinate_medoid; source reference, not survey truth",97291664991402
606,0,LTE,2130,1700,radio-4a1ebf7fa2f29b3d,32.55540038445027,13.178000242332992,1,False,False,False,False,0,Libyana,1,1752364800000,1779408000000,Libyan_cells_dataset/cells.sqlite3,sqlite:898,sqlite:898,0.0,"observed_coordinate_medoid; source reference, not survey truth",256249201021801
606,0,GSM,4420,1247,radio-4a22fe7927ff7756,31.670700876650578,20.02830067391689,1,False,False,False,False,0,Libyana,3,1777248000000,1787616000000,Libyan_cells_dataset/cells.sqlite3,sqlite:2736|sqlite:2782|sqlite:3085,sqlite:3085,0.05350319024747964,"observed_coordinate_medoid; source reference, not survey truth",118151953262557
606,0,LTE,2090,6469,radio-4a2b620dbf98681d,32.686000787500994,13.86980057976427,1,False,False,False,False,0,Libyana,1,1775606400000,1786924800000,Libyan_cells_dataset/cells.sqlite3,sqlite:1036,sqlite:1036,0.0,"observed_coordinate_medoid; source reference, not survey truth",219054150270576
606,0,GSM,4320,1089,radio-4a5cf32a4e22f6c5,32.1512005452824,20.113300866920113,1,False,False,False,False,0,Libyana,2,1786665600000,1786665600000,Libyan_cells_dataset/cells.sqlite3,sqlite:2995|sqlite:3009,sqlite:3009,0.0716153152654104,"observed_coordinate_medoid; source reference, not survey truth",207064729608297
606,0,LTE,1910,1046,radio-4a6303929612dd6f,32.1006,20.106897,1,False,True,True,False,0,Libyana,10,1755497122000,1788760450000,data/new_data/libya_collected_antennas/cellmapper/cellmapper_libya_antennas.csv,collected:1626|collected:1627|collected:1628|collected:1629|collected:1630|collected:1631|collected:1632|collected:1633|collected:1634|collected:1635,collected:1626,0.0,"observed_coordinate_medoid; source reference, not survey truth",135400222987264
606,0,GSM,8224,1788,radio-4a6a3e46d9a42959,32.74210039075247,13.709300286009906,1,False,False,False,False,0,Libyana,6,1782518400000,1786406400000,Libyan_cells_dataset/cells.sqlite3,sqlite:3121|sqlite:3171|sqlite:3221|sqlite:3270|sqlite:3357|sqlite:3581,sqlite:3121,0.08845694283155624,"observed_coordinate_medoid; source reference, not survey truth",116473452858845
606,0,LTE,6370,4303,radio-4a77ca52e58a9c10,31.205900395918388,16.568800966260955,1,False,False,False,False,0,Libyana,1,1643414400000,1655856000000,Libyan_cells_dataset/cells.sqlite3,sqlite:742,sqlite:742,0.0,"observed_coordinate_medoid; source reference, not survey truth",182387799037902
606,0,LTE,2150,2306,radio-4ab9c44779e07e9f,32.760000667043585,12.601100944265017,1,False,False,False,False,0,Libyana,1,1787961600000,1787961600000,Libyan_cells_dataset/cells.sqlite3,sqlite:834,sqlite:834,0.0,"observed_coordinate_medoid; source reference, not survey truth",195612930686680
606,1,LTE,2,28,radio-4acdad1c01847691,32.843600297614955,13.178500387116074,1,False,False,False,True,1,Al-Madar,1,1768521600000,1768521600000,Libyan_cells_dataset/cells.sqlite3,sqlite:29,sqlite:29,0.0,"observed_coordinate_medoid; source reference, not survey truth",100948144829072
606,0,GSM,4320,1093,radio-4ad547af92251d63,32.14310049765634,20.117200192114286,1,False,False,False,False,0,Libyana,4,1581206400000,1581206400000,Libyan_cells_dataset/cells.sqlite3,sqlite:2823|sqlite:2885|sqlite:2967|sqlite:3003,sqlite:2885,0.07379110626064456,"observed_coordinate_medoid; source reference, not survey truth",121981768452467
606,0,UMTS,5330,1050,radio-4af4caf531be96da,32.10371501273499,20.137203556860783,1,False,False,False,False,0,Libyana,4,1759133572000,1789998222000,data/new_data/libya_collected_antennas/cellmapper/cellmapper_libya_antennas.csv,collected:1174|collected:1175|collected:1176|collected:1177,collected:1174,0.0,"observed_coordinate_medoid; source reference, not survey truth",13606881226684
606,1,LTE,4031,4087,radio-4b0d764b7ae4743e,32.39260053954887,15.119800394124848,1,False,False,False,True,1,Al-Madar,1,1665878400000,1665878400000,Libyan_cells_dataset/cells.sqlite3,sqlite:473,sqlite:473,0.0,"observed_coordinate_medoid; source reference, not survey truth",81564791518124
606,1,LTE,1230,101581,radio-4b1c5001e73cb5ff,32.058500321957595,20.0679008562052,1,False,False,False,True,1,Al-Madar,1,1702857600000,1785974400000,Libyan_cells_dataset/cells.sqlite3,sqlite:606,sqlite:606,0.0,"observed_coordinate_medoid; source reference, not survey truth",196347914880416
606,1,LTE,14,51,radio-4b2ae366142ed16f,32.83440020074612,13.144500594443503,1,False,False,False,True,1,Al-Madar,1,1768521600000,1785369600000,Libyan_cells_dataset/cells.sqlite3,sqlite:508,sqlite:508,0.0,"observed_coordinate_medoid; source reference, not survey truth",44061119879972
606,0,LTE,1050,4133,radio-4b4d438d585140e3,32.339600323411524,15.102900235459563,1,False,False,False,False,0,Libyana,1,1782777600000,1782864000000,Libyan_cells_dataset/cells.sqlite3,sqlite:1130,sqlite:1130,0.0,"observed_coordinate_medoid; source reference, not survey truth",17511423239408
606,1,GSM,2000,1264,radio-4b5c0402e2473bbe,32.49270035292204,14.183300808848681,1,False,False,False,False,0,Al-Madar,3,1748131200000,1748304000000,Libyan_cells_dataset/cells.sqlite3,sqlite:3841|sqlite:3883|sqlite:3966,sqlite:3966,0.047172094945810344,"observed_coordinate_medoid; source reference, not survey truth",69057573043365
606,0,UMTS,5310,1432,radio-4b6d9b25031c5603,32.11016583594736,20.09865574337738,1,False,False,False,False,0,Libyana,3,1763676361000,1789146376000,data/new_data/libya_collected_antennas/cellmapper/cellmapper_libya_antennas.csv,collected:1201|collected:1202|collected:1203,collected:1201,0.0,"observed_coordinate_medoid; source reference, not survey truth",131259010213871
606,0,UMTS,2090,1362,radio-4b9338c2e77909ff,32.67780076992591,13.906300300538966,1,False,False,False,False,0,Libyana,3,1776556800000,1778716800000,Libyan_cells_dataset/cells.sqlite3,sqlite:2195|sqlite:2245|sqlite:2373,sqlite:2195,0.02095485215348451,"observed_coordinate_medoid; source reference, not survey truth",228582034902108
606,1,LTE,1250,108441,radio-4ba3f9be81bac78e,32.76280089755751,21.74530062871984,1,False,False,False,True,1,Al-Madar,1,1773100800000,1773100800000,Libyan_cells_dataset/cells.sqlite3,sqlite:663,sqlite:663,0.0,"observed_coordinate_medoid; source reference, not survey truth",121994184686447
606,0,UMTS,2030,3465,radio-4ba788de5e60f508,31.385500290211784,13.738100249987694,1,False,False,False,False,0,Libyana,1,1619308800000,1619308800000,Libyan_cells_dataset/cells.sqlite3,sqlite:2670,sqlite:2670,0.0,"observed_coordinate_medoid; source reference, not survey truth",80184535693386
606,1,GSM,1111,1251,radio-4bc062fb82e16cb9,32.1352948,20.1218355,1,False,True,True,False,0,Al-Madar,2,1768567502000,1768567503000,data/new_data/libya_collected_antennas/cellmapper/cellmapper_libya_antennas.csv,collected:1335|collected:1336,collected:1335,0.0,"observed_coordinate_medoid; source reference, not survey truth",227579797105782
606,1,LTE,4331,4499,radio-4bd36fb84ee18a75,32.13860043645128,13.005300193895325,1,False,False,False,True,1,Al-Madar,1,1775865600000,1775865600000,Libyan_cells_dataset/cells.sqlite3,sqlite:309,sqlite:309,0.0,"observed_coordinate_medoid; source reference, not survey truth",201896600253711
606,0,UMTS,5310,1028,radio-4bd63a0a93e4abff,32.1167721,20.0938201,1,False,True,True,False,0,Libyana,1,1581497677000,1581497692000,data/new_data/libya_collected_antennas/cellmapper/cellmapper_libya_antennas.csv,collected:1223,collected:1223,0.0,"observed_coordinate_medoid; source reference, not survey truth",80802718383611
606,1,UMTS,1050,3505,radio-4bee0e8459d3cb7d,32.4889001891518,20.84690092597722,1,False,False,False,False,0,Al-Madar,1,1585094400000,1585094400000,Libyan_cells_dataset/cells.sqlite3,sqlite:1350,sqlite:1350,0.0,"observed_coordinate_medoid; source reference, not survey truth",260045228000503
606,0,LTE,6310,1109,radio-4bf510fcbba63315,32.07417262684215,20.09214130748402,1,False,False,False,False,0,Libyana,10,1579690711000,1789781959000,data/new_data/libya_collected_antennas/cellmapper/cellmapper_libya_antennas.csv,collected:256|collected:257|collected:258|collected:259|collected:260|collected:261|collected:262|collected:263|collected:264|collected:265,collected:256,0.0,"observed_coordinate_medoid; source reference, not survey truth",74989025719773
606,0,UMTS,5330,1111,radio-4c0e9eb7344785f6,32.1053732,20.111115,1,False,True,True,False,0,Libyana,2,1557976497000,1788116172000,data/new_data/libya_collected_antennas/cellmapper/cellmapper_libya_antennas.csv,collected:1132|collected:1133,collected:1132,0.0,"observed_coordinate_medoid; source reference, not survey truth",173928829505763
606,0,GSM,4430,6001,radio-4c2873a3b736a2e3,32.495700153585034,20.84330073684025,1,False,False,False,False,0,Libyana,2,1777420800000,1777420800000,Libyan_cells_dataset/cells.sqlite3,sqlite:2794|sqlite:3032,sqlite:3032,0.04820330115963704,"observed_coordinate_medoid; source reference, not survey truth",232705354873699
606,0,GSM,8233,2047,radio-4c647cf6ae80c34f,32.71850060746472,12.728600800740233,1,False,False,False,False,0,Libyana,3,1771632000000,1771804800000,Libyan_cells_dataset/cells.sqlite3,sqlite:3448|sqlite:3484|sqlite:3549,sqlite:3448,0.05393240336143213,"observed_coordinate_medoid; source reference, not survey truth",189545778672086
606,0,LTE,4081,4679,radio-4c776ebf98ea6be9,32.83800097963017,13.341100274117348,1,False,False,False,False,0,Libyana,1,1783987200000,1783987200000,Libyan_cells_dataset/cells.sqlite3,sqlite:58,sqlite:58,0.0,"observed_coordinate_medoid; source reference, not survey truth",78824473816056
606,0,LTE,2150,2004,radio-4ca94b3aa04397b3,32.76133198891917,21.77337105043473,1,False,False,False,False,0,Libyana,3,1575331200000,1780718962000,Libyan_cells_dataset/cells.sqlite3|data/new_data/libya_collected_antennas/cellmapper/cellmapper_libya_antennas.csv,collected:335|collected:336|sqlite:1269,collected:335,4.496787441911222,"observed_coordinate_medoid; source reference, not survey truth",62881873759030
606,1,LTE,8101,4930,radio-4cc8cec57987abe0,32.67190044746734,13.48760040485906,1,False,False,False,True,1,Al-Madar,1,1755648000000,1785369600000,Libyan_cells_dataset/cells.sqlite3,sqlite:131,sqlite:131,0.0,"observed_coordinate_medoid; source reference, not survey truth",27341235266004
606,0,LTE,1030,4038,radio-4cccd8061401a004,32.39520068464787,14.865300734653676,1,False,False,False,False,0,Libyana,1,1782777600000,1782864000000,Libyan_cells_dataset/cells.sqlite3,sqlite:1136,sqlite:1136,0.0,"observed_coordinate_medoid; source reference, not survey truth",81697342345244
606,0,LTE,1610,1877,radio-4cd10fe72d8f92ec,32.86212539672852,13.092238426208496,1,False,False,False,False,0,Libyana,1,1775501521000,1787558457000,data/new_data/libya_collected_antennas/cellmapper/cellmapper_libya_antennas.csv,collected:482,collected:482,0.0,"observed_coordinate_medoid; source reference, not survey truth",110374489644100
606,1,UMTS,2021,147,radio-4cdb22a18f4f976f,32.712600422355074,13.147000628688309,1,False,False,False,False,0,Al-Madar,4,1777334400000,1783728000000,Libyan_cells_dataset/cells.sqlite3,sqlite:1823|sqlite:1873|sqlite:2073|sqlite:2173,sqlite:2073,0.10504364707558912,"observed_coordinate_medoid; source reference, not survey truth",247960731456026
606,0,LTE,1030,4664,radio-4d2823e113dfb544,32.55660033444551,14.35470091354052,1,False,False,False,False,0,Libyana,1,1777420800000,1782864000000,Libyan_cells_dataset/cells.sqlite3,sqlite:1110,sqlite:1110,0.0,"observed_coordinate_medoid; source reference, not survey truth",85538842691824
606,1,LTE,4001,4242,radio-4d4c9e0b27fa143a,32.64810012977763,13.958600738136843,1,False,False,False,True,1,Al-Madar,1,1775606400000,1777161600000,Libyan_cells_dataset/cells.sqlite3,sqlite:130,sqlite:130,0.0,"observed_coordinate_medoid; source reference, not survey truth",100901926951081
606,1,LTE,4,2113,radio-4d5016845ed206d5,32.729000961473375,12.741300479773699,1,False,False,False,True,1,Al-Madar,1,1771632000000,1772323200000,Libyan_cells_dataset/cells.sqlite3,sqlite:254,sqlite:254,0.0,"observed_coordinate_medoid; source reference, not survey truth",274081925537680
606,1,GSM,2000,1081,radio-4d5555864cfce04d,32.4927002579875,14.183300226144807,1,False,False,False,False,0,Al-Madar,2,1748044800000,1788825600000,Libyan_cells_dataset/cells.sqlite3,sqlite:3868|sqlite:3904,sqlite:3904,0.04180545864830843,"observed_coordinate_medoid; source reference, not survey truth",69057573043365
606,1,GSM,1111,1018,radio-4d5c440a8b635580,32.102000476224,20.166000383928857,1,False,False,False,False,0,Al-Madar,3,1555200000000,1555200000000,Libyan_cells_dataset/cells.sqlite3,sqlite:3647|sqlite:4171|sqlite:4222,sqlite:4222,0.058282126141904866,"observed_coordinate_medoid; source reference, not survey truth",49003286426926
606,0,LTE,6390,6011,radio-4d87e23d0c0d431b,32.50002670288086,20.88410377502441,1,False,False,False,False,0,Libyana,6,1777420800000,1777488757000,Libyan_cells_dataset/cells.sqlite3|data/new_data/libya_collected_antennas/cellmapper/cellmapper_libya_antennas.csv,collected:293|collected:294|collected:295|collected:296|collected:297|sqlite:1252,collected:293,2.9004072524264397,"observed_coordinate_medoid; source reference, not survey truth",143898274815660
606,1,GSM,1,1045,radio-4d8c4cad94040a73,32.89140070561918,13.174400505263819,1,False,False,False,False,0,Al-Madar,1,1351296000000,1351296000000,Libyan_cells_dataset/cells.sqlite3,sqlite:4072,sqlite:4072,0.0,"observed_coordinate_medoid; source reference, not survey truth",246152343488000
606,1,UMTS,1010,3059,radio-4db8017a6e33fe5f,32.13100055189999,20.097700598096043,1,False,False,True,False,0,Al-Madar,9,1579824000000,1789112542000,Libyan_cells_dataset/cells.sqlite3|data/new_data/libya_collected_antennas/cellmapper/cellmapper_libya_antennas.csv,collected:717|collected:718|collected:719|sqlite:1370|sqlite:1421|sqlite:1911|sqlite:1953|sqlite:2002|sqlite:2103,sqlite:1370,4.21071031882862,"observed_coordinate_medoid; source reference, not survey truth",42776136317603
606,0,LTE,1810,1002,radio-4dd01b41c247e82f,32.89378963197961,13.204744304929536,1,False,False,False,False,0,Libyana,8,1575330191000,1789602228000,data/new_data/libya_collected_antennas/cellmapper/cellmapper_libya_antennas.csv,collected:1349|collected:1350|collected:1351|collected:1352|collected:1353|collected:1354|collected:1355|collected:1356,collected:1349,0.0,"observed_coordinate_medoid; source reference, not survey truth",141269680786554
606,0,LTE,6340,1266,radio-4de495d4feea89d1,31.986100644490786,20.081400517422068,1,False,False,False,False,0,Libyana,1,1570924800000,1701734400000,Libyan_cells_dataset/cells.sqlite3,sqlite:1155,sqlite:1155,0.0,"observed_coordinate_medoid; source reference, not survey truth",268983038661588
606,0,LTE,6410,2071,radio-4dfebef4152d4366,32.805539764627135,21.86481204346145,1,False,False,False,False,0,Libyana,5,1743811200000,1784772731000,Libyan_cells_dataset/cells.sqlite3|data/new_data/libya_collected_antennas/cellmapper/cellmapper_libya_antennas.csv,collected:365|collected:366|collected:367|collected:368|sqlite:1266,collected:365,4.502460078466809,"observed_coordinate_medoid; source reference, not survey truth",108046762460099
606,0,LTE,4101,4656,radio-4e0759bd0266820a,32.794500605951626,13.288400491030108,1,False,False,False,False,0,Libyana,1,1773100800000,1783987200000,Libyan_cells_dataset/cells.sqlite3,sqlite:372,sqlite:372,0.0,"observed_coordinate_medoid; source reference, not survey truth",268936826873742
606,1,LTE,4,2069,radio-4e27d1924ac08a2c,32.72520080128516,12.710200312180833,1,False,False,False,True,1,Al-Madar,1,1771632000000,1772236800000,Libyan_cells_dataset/cells.sqlite3,sqlite:260,sqlite:260,0.0,"observed_coordinate_medoid; source reference, not survey truth",264469269809201
606,0,GSM,8251,1305,radio-4e2f71ee331536ce,32.794500196815726,13.143400476443727,1,False,False,False,False,0,Libyana,2,1755993600000,1786492800000,Libyan_cells_dataset/cells.sqlite3,sqlite:3431|sqlite:3504,sqlite:3431,0.029489967636491046,"observed_coordinate_medoid; source reference, not survey truth",3928644909030
606,0,LTE,2120,6364,radio-4e3debe9e5bac345,32.68780053599679,13.446300585320692,1,False,False,False,False,0,Libyana,1,1755475200000,1785196800000,Libyan_cells_dataset/cells.sqlite3,sqlite:934,sqlite:934,0.0,"observed_coordinate_medoid; source reference, not survey truth",89843332914693
606,1,LTE,4181,4453,radio-4e4e616ad60c777c,30.911600597189977,20.185500175699914,1,False,False,False,True,1,Al-Madar,1,1774310400000,1774310400000,Libyan_cells_dataset/cells.sqlite3,sqlite:558,sqlite:558,0.0,"observed_coordinate_medoid; source reference, not survey truth",54031793850299
606,0,GSM,4380,1103,radio-4e5bd4366a6a94c5,32.11060015229055,20.1093007786612,1,False,False,False,False,0,Libyana,2,1556668800000,1780963200000,Libyan_cells_dataset/cells.sqlite3,sqlite:2837|sqlite:2981,sqlite:2837,0.07681503778204737,"observed_coordinate_medoid; source reference, not survey truth",274507934861120
606,1,LTE,10,101,radio-4e82c06c5e589371,32.7704004846746,13.133200796214053,1,False,False,False,True,1,Al-Madar,1,1768780800000,1782864000000,Libyan_cells_dataset/cells.sqlite3,sqlite:349,sqlite:349,0.0,"observed_coordinate_medoid; source reference, not survey truth",76069963676253
606,1,UMTS,1010,3124,radio-4e8de9b99d5df97d,32.1278044,20.0840998,1,False,True,True,False,0,Al-Madar,2,1579840254000,1786725166000,data/new_data/libya_collected_antennas/cellmapper/cellmapper_libya_antennas.csv,collected:726|collected:727,collected:726,0.0,"observed_coordinate_medoid; source reference, not survey truth",215204503177907
606,0,LTE,6410,2039,radio-4ea0bdd1dff906c5,32.76885223388672,21.72550392150879,1,False,False,False,False,0,Libyana,1,1788545764000,1788545764000,data/new_data/libya_collected_antennas/cellmapper/cellmapper_libya_antennas.csv,collected:310,collected:310,0.0,"observed_coordinate_medoid; source reference, not survey truth",61031186545966
606,1,UMTS,1010,3046,radio-4edaa6b9c2f6625f,32.14760034746442,20.09480038788991,1,False,False,False,False,0,Al-Madar,6,1776384000000,1776384000000,Libyan_cells_dataset/cells.sqlite3,sqlite:1372|sqlite:1423|sqlite:1913|sqlite:1955|sqlite:2004|sqlite:2105,sqlite:1372,0.06949799787706244,"observed_coordinate_medoid; source reference, not survey truth",126925120634790
606,1,GSM,2036,1824,radio-4f11ab8073937c69,32.47400048441355,13.382500385068985,1,False,False,False,False,0,Al-Madar,4,1774915200000,1779408000000,Libyan_cells_dataset/cells.sqlite3,sqlite:3706|sqlite:3753|sqlite:3804|sqlite:4120,sqlite:3753,0.07959875965629194,"observed_coordinate_medoid; source reference, not survey truth",62127179155992
606,1,LTE,4111,4895,radio-4f45035a3eceb299,32.43680023900301,13.628700594668324,1,False,False,False,True,1,Al-Madar,1,1774483200000,1777420800000,Libyan_cells_dataset/cells.sqlite3,sqlite:111,sqlite:111,0.0,"observed_coordinate_medoid; source reference, not survey truth",158419081006349
606,0,UMTS,5390,6069,radio-4f974148b32d4f51,32.03170048944221,21.180200804519572,1,False,False,False,False,0,Libyana,4,1753660800000,1753660800000,Libyan_cells_dataset/cells.sqlite3,sqlite:2418|sqlite:2467|sqlite:2517|sqlite:2600,sqlite:2418,0.07570551281488799,"observed_coordinate_medoid; source reference, not survey truth",279281277819882
606,1,LTE,4181,4417,radio-4fb741a54db27642,30.757800977907262,20.240100666864215,1,False,False,False,True,1,Al-Madar,1,1774310400000,1782086400000,Libyan_cells_dataset/cells.sqlite3,sqlite:551,sqlite:551,0.0,"observed_coordinate_medoid; source reference, not survey truth",281067420599484
606,0,UMTS,2040,3709,radio-4fc70e66d50b5bab,32.069500524314286,12.544300317765854,1,False,False,False,False,0,Libyana,1,1622851200000,1622851200000,Libyan_cells_dataset/cells.sqlite3,sqlite:2345,sqlite:2345,0.0,"observed_coordinate_medoid; source reference, not survey truth",170882045090650
606,1,LTE,4101,4688,radio-4fd82ac00bfbb3d5,32.615900540007125,13.169700377288109,1,False,False,False,True,1,Al-Madar,1,1772582400000,1772582400000,Libyan_cells_dataset/cells.sqlite3,sqlite:333,sqlite:333,0.0,"observed_coordinate_medoid; source reference, not survey truth",87245758863760
606,0,UMTS,5310,4267,radio-4fdc34931091b3e2,32.120051,20.0955961,1,False,True,True,False,0,Libyana,5,1771514640000,1789910962000,data/new_data/libya_collected_antennas/cellmapper/cellmapper_libya_antennas.csv,collected:1211|collected:1212|collected:1213|collected:1214|collected:1215,collected:1211,0.0,"observed_coordinate_medoid; source reference, not survey truth",228769074482986
606,1,GSM,1112,1072,radio-4feb491df0a015c0,32.1053996,20.0771234,1,False,True,True,False,0,Al-Madar,3,1563845562000,1786725467000,data/new_data/libya_collected_antennas/cellmapper/cellmapper_libya_antennas.csv,collected:912|collected:913|collected:914,collected:912,0.0,"observed_coordinate_medoid; source reference, not survey truth",88033362973618
606,1,GSM,3,2248,radio-501bb73257c6bf8b,32.79030091335579,13.09340016149925,1,False,False,False,False,0,Al-Madar,1,1600214400000,1602460800000,Libyan_cells_dataset/cells.sqlite3,sqlite:4080,sqlite:4080,0.0,"observed_coordinate_medoid; source reference, not survey truth",191890030519666
606,1,UMTS,301,4480,radio-502a4c17fa0f409f,32.45620059353137,14.562200726830461,1,False,False,False,False,0,Al-Madar,3,1552694400000,1782777600000,Libyan_cells_dataset/cells.sqlite3,sqlite:1522|sqlite:1755|sqlite:1937,sqlite:1522,0.03778680731715949,"observed_coordinate_medoid; source reference, not survey truth",71640482438036
606,0,LTE,1510,1926,radio-509df12ba4671dbd,32.82770019353791,13.032200740343782,1,False,False,False,False,0,Libyana,1,1787443200000,1787443200000,Libyan_cells_dataset/cells.sqlite3,sqlite:761,sqlite:761,0.0,"observed_coordinate_medoid; source reference, not survey truth",162312241595727
606,1,UMTS,5011,2114,radio-50a1e58092178a9a,32.74840082257391,12.757300327514352,1,False,False,False,False,0,Al-Madar,3,1777334400000,1777334400000,Libyan_cells_dataset/cells.sqlite3,sqlite:1592|sqlite:1626|sqlite:1711,sqlite:1626,0.05792268699610669,"observed_coordinate_medoid; source reference, not survey truth",111671869417290
606,1,UMTS,331,3392,radio-50a7481f9e8598fa,32.14220047394079,12.475600173457751,1,False,False,False,False,0,Al-Madar,1,1783555200000,1783728000000,Libyan_cells_dataset/cells.sqlite3,sqlite:1665,sqlite:1665,0.0,"observed_coordinate_medoid; source reference, not survey truth",269600438964656
606,1,GSM,14,1013,radio-50ff1ee7893372da,32.81910052360404,13.13800042590361,1,False,False,False,False,0,Al-Madar,1,1755475200000,1785715200000,Libyan_cells_dataset/cells.sqlite3,sqlite:3639,sqlite:3639,0.0,"observed_coordinate_medoid; source reference, not survey truth",273078778714036
606,1,LTE,8091,9933,radio-5103bed16c74c40f,32.77130025981643,13.534300255051216,1,False,False,False,True,1,Al-Madar,1,1759363200000,1780876800000,Libyan_cells_dataset/cells.sqlite3,sqlite:140,sqlite:140,0.0,"observed_coordinate_medoid; source reference, not survey truth",72933384087994
606,0,LTE,1610,1202,radio-5107c552aa3b9221,32.08680042739492,20.141600422476653,1,False,False,False,False,0,Libyana,1,1775433600000,1787529600000,Libyan_cells_dataset/cells.sqlite3,sqlite:1184,sqlite:1184,0.0,"observed_coordinate_medoid; source reference, not survey truth",15887575498640
606,1,LTE,8091,4731,radio-51095df7a090e4f5,32.785500945597285,13.506300723557422,1,False,False,False,True,1,Al-Madar,1,1759363200000,1779062400000,Libyan_cells_dataset/cells.sqlite3,sqlite:105,sqlite:105,0.0,"observed_coordinate_medoid; source reference, not survey truth",203696794230005
606,0,UMTS,5330,1171,radio-512c1b50b75eacd4,32.083885192871,20.133981704712,1,False,False,False,False,0,Libyana,1,1565427328000,1565427357000,data/new_data/libya_collected_antennas/cellmapper/cellmapper_libya_antennas.csv,collected:1183,collected:1183,0.0,"observed_coordinate_medoid; source reference, not survey truth",270842639622226
606,1,LTE,4001,4404,radio-51349a67664bd977,32.59530047849098,14.03330088786168,1,False,False,False,True,1,Al-Madar,1,1775606400000,1777161600000,Libyan_cells_dataset/cells.sqlite3,sqlite:381,sqlite:381,0.0,"observed_coordinate_medoid; source reference, not survey truth",147614401628847
606,0,LTE,3002,1004,radio-51389219de5c6065,32.064119815826416,20.13312405347824,1,False,False,False,False,0,Libyana,5,1557105606000,1789500242000,data/new_data/libya_collected_antennas/cellmapper/cellmapper_libya_antennas.csv,collected:1364|collected:1365|collected:1366|collected:1367|collected:1368,collected:1364,0.0,"observed_coordinate_medoid; source reference, not survey truth",205584053928483
606,0,LTE,6350,4022,radio-513c4ee221b8d662,30.754100165383456,20.227800189220744,1,False,False,False,False,0,Libyana,1,1782086400000,1782086400000,Libyan_cells_dataset/cells.sqlite3,sqlite:1229,sqlite:1229,0.0,"observed_coordinate_medoid; source reference, not survey truth",61778805243055
606,1,UMTS,5011,2112,radio-513cc5c3c8af423b,32.736600209996816,12.767200562557488,1,False,False,False,False,0,Al-Madar,3,1771718400000,1777334400000,Libyan_cells_dataset/cells.sqlite3,sqlite:1591|sqlite:1625|sqlite:1710,sqlite:1591,0.035546694393511734,"observed_coordinate_medoid; source reference, not survey truth",36676784161820
606,1,UMTS,1020,3001,radio-5140745582ee3da6,32.10470014410396,20.135800387231388,1,False,False,True,False,0,Al-Madar,9,1781740800000,1789112544000,Libyan_cells_dataset/cells.sqlite3|data/new_data/libya_collected_antennas/cellmapper/cellmapper_libya_antennas.csv,collected:867|collected:868|collected:869|sqlite:1361|sqlite:1412|sqlite:1897|sqlite:1944|sqlite:1993|sqlite:2094,sqlite:2094,6.146157026417529,"observed_coordinate_medoid; source reference, not survey truth",238464446820388
606,0,UMTS,2150,2165,radio-51491165d5a47b0e,32.60360017705651,12.687000691495866,1,False,False,False,False,0,Libyana,1,1774310400000,1774310400000,Libyan_cells_dataset/cells.sqlite3,sqlite:2365,sqlite:2365,0.0,"observed_coordinate_medoid; source reference, not survey truth",180639504168895
606,1,UMTS,304,4286,radio-515607f462a86f91,32.350000192748546,15.06800053271826,1,False,False,False,False,0,Al-Madar,1,1576022400000,1576022400000,Libyan_cells_dataset/cells.sqlite3,sqlite:1494,sqlite:1494,0.0,"observed_coordinate_medoid; source reference, not survey truth",99840163275817
606,0,LTE,6410,2049,radio-515fc2696d5de050,32.760697,21.757735,1,False,True,True,False,0,Libyana,3,1780704000000,1788545764000,Libyan_cells_dataset/cells.sqlite3|data/new_data/libya_collected_antennas/cellmapper/cellmapper_libya_antennas.csv,collected:314|collected:315|sqlite:1264,collected:314,3.226796330638008,"observed_coordinate_medoid; source reference, not survey truth",19702075681669
606,1,UMTS,1011,94,radio-5163e9aa5eaa6cad,32.88250080363187,13.20070048439154,1,False,False,False,False,0,Al-Madar,4,1576713600000,1576713600000,Libyan_cells_dataset/cells.sqlite3,sqlite:1813|sqlite:1863|sqlite:2063|sqlite:2163,sqlite:2063,0.07822865099554421,"observed_coordinate_medoid; source reference, not survey truth",200047097952527
606,1,LTE,1230,101381,radio-51680826091d072f,32.010100299893374,20.09560053528552,1,False,False,False,True,1,Al-Madar,1,1772755200000,1785369600000,Libyan_cells_dataset/cells.sqlite3,sqlite:634,sqlite:634,0.0,"observed_coordinate_medoid; source reference, not survey truth",17342677645901
606,1,LTE,4101,5048,radio-51b28d109739abd5,32.764800721219956,13.448100742332137,1,False,False,False,True,1,Al-Madar,1,1755734400000,1784678400000,Libyan_cells_dataset/cells.sqlite3,sqlite:146,sqlite:146,0.0,"observed_coordinate_medoid; source reference, not survey truth",206255826818494
606,0,LTE,6340,1254,radio-51f0447f9d8dc5d8,31.97150018734892,20.083600669896086,1,False,False,False,False,0,Libyana,1,1565395200000,1701907200000,Libyan_cells_dataset/cells.sqlite3,sqlite:1150,sqlite:1150,0.0,"observed_coordinate_medoid; source reference, not survey truth",244035862199176
606,0,GSM,8278,1332,radio-52143f6251203bc5,32.75700065547028,13.524000624815653,1,False,False,False,False,0,Libyana,8,1758153600000,1758153600000,Libyan_cells_dataset/cells.sqlite3,sqlite:3125|sqlite:3175|sqlite:3224|sqlite:3273|sqlite:3321|sqlite:3358|sqlite:3532|sqlite:3585,sqlite:3532,0.09966218044994304,"observed_coordinate_medoid; source reference, not survey truth",28518364375195
606,0,GSM,8224,3002,radio-521f73df6ed2c4aa,32.730500702824905,13.672500449638319,1,False,False,False,False,0,Libyana,7,1786406400000,1787875200000,Libyan_cells_dataset/cells.sqlite3,sqlite:3139|sqlite:3189|sqlite:3236|sqlite:3283|sqlite:3364|sqlite:3542|sqlite:3599,sqlite:3139,0.09656873065471908,"observed_coordinate_medoid; source reference, not survey truth",166446572339052
606,0,LTE,1910,1214,radio-522f891264bc0308,32.893008422851565,13.246280097961426,1,False,False,False,False,0,Libyana,8,1575452954000,1788116152000,data/new_data/libya_collected_antennas/cellmapper/cellmapper_libya_antennas.csv,collected:2443|collected:2444|collected:2445|collected:2446|collected:2447|collected:2448|collected:2449|collected:2450,collected:2443,0.0,"observed_coordinate_medoid; source reference, not survey truth",183992362285734
606,0,UMTS,5330,1166,radio-525e8dbacb87ce93,32.09976959228516,20.147357940673828,1,False,False,False,False,0,Libyana,1,1785170829000,1788291190000,data/new_data/libya_collected_antennas/cellmapper/cellmapper_libya_antennas.csv,collected:1178,collected:1178,0.0,"observed_coordinate_medoid; source reference, not survey truth",34908664276464
606,0,LTE,1030,4059,radio-52792994a6105a8b,32.48270077468776,14.488600604520071,1,False,False,False,False,0,Libyana,1,1782777600000,1782864000000,Libyan_cells_dataset/cells.sqlite3,sqlite:1118,sqlite:1118,0.0,"observed_coordinate_medoid; source reference, not survey truth",98936870186609
606,1,LTE,1220,102471,radio-528e0670b08f1ccd,32.101900730393254,20.116100163843935,1,False,False,False,True,1,Al-Madar,1,1769817600000,1785110400000,Libyan_cells_dataset/cells.sqlite3,sqlite:637,sqlite:637,0.0,"observed_coordinate_medoid; source reference, not survey truth",67217115913843
606,1,LTE,4002,4235,radio-52c89e39087ebcd8,32.48940050681212,13.954600506170456,1,False,False,False,True,1,Al-Madar,1,1775692800000,1784678400000,Libyan_cells_dataset/cells.sqlite3,sqlite:113,sqlite:113,0.0,"observed_coordinate_medoid; source reference, not survey truth",30191729066534
606,0,LTE,2120,1702,radio-52e44629e43ce713,32.62580023467872,13.16800037312414,1,False,False,False,False,0,Libyana,1,1771718400000,1781308800000,Libyan_cells_dataset/cells.sqlite3,sqlite:899,sqlite:899,0.0,"observed_coordinate_medoid; source reference, not survey truth",27763655451124
606,0,LTE,2150,2300,radio-52f270a894ccbfa6,32.77880015084506,12.687100653864615,1,False,False,False,False,0,Libyana,1,1777334400000,1777334400000,Libyan_cells_dataset/cells.sqlite3,sqlite:858,sqlite:858,0.0,"observed_coordinate_medoid; source reference, not survey truth",37671577059961
606,0,UMTS,5370,4303,radio-52fae6d26790c80b,31.20390081225008,16.564200402875006,1,False,False,False,False,0,Libyana,1,1655856000000,1788220800000,Libyan_cells_dataset/cells.sqlite3,sqlite:2691,sqlite:2691,0.0,"observed_coordinate_medoid; source reference, not survey truth",242371371827398
606,1,GSM,1114,1877,radio-52fca334a4302bb8,32.18771743774414,20.14755249023437,1,False,False,False,False,0,Al-Madar,1,1786722442000,1786731123000,data/new_data/libya_collected_antennas/cellmapper/cellmapper_libya_antennas.csv,collected:1114,collected:1114,0.0,"observed_coordinate_medoid; source reference, not survey truth",272776945502942
606,0,LTE,4101,4661,radio-53067c98cae4e645,32.77430060104452,13.314800158098732,1,False,False,False,False,0,Libyana,1,1775347200000,1777248000000,Libyan_cells_dataset/cells.sqlite3,sqlite:358,sqlite:358,0.0,"observed_coordinate_medoid; source reference, not survey truth",190073253080931
606,1,LTE,4101,4686,radio-5308f4a1856828c4,32.70170052489863,13.293700246380736,1,False,False,False,True,1,Al-Madar,1,1755734400000,1781481600000,Libyan_cells_dataset/cells.sqlite3,sqlite:52,sqlite:52,0.0,"observed_coordinate_medoid; source reference, not survey truth",45305906842898
606,1,UMTS,331,3796,radio-53091a5adf928922,32.021700342166405,12.222900329564972,1,False,False,False,False,0,Al-Madar,2,1783641600000,1783728000000,Libyan_cells_dataset/cells.sqlite3,sqlite:1669|sqlite:1685,sqlite:1669,0.06166255052864338,"observed_coordinate_medoid; source reference, not survey truth",133062964250000
606,0,GSM,8215,1791,radio-530ae7bc64fcaf4b,32.511200349845375,13.984100388640806,1,False,False,False,False,0,Libyana,4,1775779200000,1777507200000,Libyan_cells_dataset/cells.sqlite3,sqlite:3129|sqlite:3179|sqlite:3228|sqlite:3589,sqlite:3589,0.07560180438076348,"observed_coordinate_medoid; source reference, not survey truth",138574228123112
606,1,LTE,1,334,radio-53122454e181609d,32.900000334536365,13.205900158949829,1,False,False,False,True,1,Al-Madar,1,1759363200000,1779148800000,Libyan_cells_dataset/cells.sqlite3,sqlite:158,sqlite:158,0.0,"observed_coordinate_medoid; source reference, not survey truth",156119296575357
606,0,UMTS,1710,1084,radio-532fe7d8e52b9dfc,32.86770065686345,13.188400574118164,1,False,False,False,False,0,Libyana,4,1575331200000,1575331200000,Libyan_cells_dataset/cells.sqlite3,sqlite:2206|sqlite:2255|sqlite:2298|sqlite:2381,sqlite:2255,0.10674614216404782,"observed_coordinate_medoid; source reference, not survey truth",201833920156314
606,0,LTE,2120,6251,radio-533893193d037fb3,32.87700023064516,13.349100145503835,1,False,False,False,False,0,Libyana,1,1782950400000,1783814400000,Libyan_cells_dataset/cells.sqlite3,sqlite:791,sqlite:791,0.0,"observed_coordinate_medoid; source reference, not survey truth",223684384664962
606,0,GSM,4430,6019,radio-5356c03a82bb4486,32.48740052982906,20.834400477072133,1,False,False,False,False,0,Libyana,1,1777420800000,1777420800000,Libyan_cells_dataset/cells.sqlite3,sqlite:3039,sqlite:3039,0.0,"observed_coordinate_medoid; source reference, not survey truth",264383310692480
606,0,LTE,2120,1280,radio-535860c70d8a7d3d,32.72970087975385,13.357300153150877,1,False,False,False,False,0,Libyana,1,1756080000000,1787788800000,Libyan_cells_dataset/cells.sqlite3,sqlite:773,sqlite:773,0.0,"observed_coordinate_medoid; source reference, not survey truth",180453341588545
606,1,LTE,4081,4717,radio-5358b54c09462323,32.89230064027515,13.326700879200617,1,False,False,False,True,1,Al-Madar,1,1759363200000,1779062400000,Libyan_cells_dataset/cells.sqlite3,sqlite:68,sqlite:68,0.0,"observed_coordinate_medoid; source reference, not survey truth",141916730195292
606,0,LTE,6340,1173,radio-537edde39d8597b7,32.03834026097309,20.11787522951164,1,False,False,False,False,0,Libyana,6,1614453822000,1789782162000,data/new_data/libya_collected_antennas/cellmapper/cellmapper_libya_antennas.csv,collected:182|collected:183|collected:184|collected:185|collected:186|collected:187,collected:182,0.0,"observed_coordinate_medoid; source reference, not survey truth",4813022885539
606,1,GSM,10,1033,radio-53b3eee2a21282a2,31.74910054100582,14.02310033777844,1,False,False,False,False,0,Al-Madar,1,1578528000000,1578787200000,Libyan_cells_dataset/cells.sqlite3,sqlite:3665,sqlite:3665,0.0,"observed_coordinate_medoid; source reference, not survey truth",221920357218375
606,1,UMTS,1020,3658,radio-53de4b3c03575a56,32.088900581472245,20.095700705973865,1,False,False,False,False,0,Al-Madar,5,1779235200000,1779235200000,Libyan_cells_dataset/cells.sqlite3,sqlite:1397|sqlite:1447|sqlite:1981|sqlite:2028|sqlite:2130,sqlite:2028,0.08539241593910595,"observed_coordinate_medoid; source reference, not survey truth",187391774355063
606,0,LTE,2090,1687,radio-53fdeddf56ece8c1,32.72420034341274,13.66640032656042,1,False,False,False,False,0,Libyana,1,1755820800000,1786838400000,Libyan_cells_dataset/cells.sqlite3,sqlite:753,sqlite:753,0.0,"observed_coordinate_medoid; source reference, not survey truth",34550016165447
606,1,UMTS,304,4524,radio-5409ba17d794f105,31.938600216174233,15.03660028120105,1,False,False,False,False,0,Al-Madar,3,1782864000000,1782864000000,Libyan_cells_dataset/cells.sqlite3,sqlite:1475|sqlite:1541|sqlite:1782,sqlite:1475,0.061696984325497965,"observed_coordinate_medoid; source reference, not survey truth",110708556401878
606,0,LTE,1510,1756,radio-540f302384e9cdfd,32.83090071412023,12.991900768050597,1,False,False,False,False,0,Libyana,1,1787529600000,1787529600000,Libyan_cells_dataset/cells.sqlite3,sqlite:805,sqlite:805,0.0,"observed_coordinate_medoid; source reference, not survey truth",97174187946533
606,0,GSM,4310,1101,radio-542cb24565d20f85,32.129300258289085,20.07050040644326,1,False,False,False,False,0,Libyana,5,1686700800000,1700438400000,Libyan_cells_dataset/cells.sqlite3,sqlite:2726|sqlite:2772|sqlite:2810|sqlite:2866|sqlite:3075,sqlite:2726,0.06756716932364834,"observed_coordinate_medoid; source reference, not survey truth",120293493693339
606,1,UMTS,1011,160,radio-544b70de4fce08e3,32.83920068878205,13.256000539950032,1,False,False,False,False,0,Al-Madar,5,1576195200000,1576195200000,Libyan_cells_dataset/cells.sqlite3,sqlite:1737|sqlite:1825|sqlite:1875|sqlite:2075|sqlite:2175,sqlite:2175,0.08419650481662869,"observed_coordinate_medoid; source reference, not survey truth",264068943894736
606,1,LTE,2,229,radio-54564c0700bc7be6,32.81620074534809,13.239200695350474,1,False,False,False,True,1,Al-Madar,1,1762214400000,1762300800000,Libyan_cells_dataset/cells.sqlite3,sqlite:162,sqlite:162,0.0,"observed_coordinate_medoid; source reference, not survey truth",197221922514448
606,0,GSM,9360,4030,radio-54b3963e5868a8cb,27.037700573955,14.424200977478181,1,False,False,False,False,0,Libyana,1,1454112000000,1454112000000,Libyan_cells_dataset/cells.sqlite3,sqlite:3616,sqlite:3616,0.0,"observed_coordinate_medoid; source reference, not survey truth",156711505399422
606,1,GSM,2001,1049,radio-54b95f0ffafe3b95,32.53630050849233,14.238700885956758,1,False,False,False,False,0,Al-Madar,3,1576195200000,1748217600000,Libyan_cells_dataset/cells.sqlite3,sqlite:3837|sqlite:3879|sqlite:3962,sqlite:3879,0.02604715728971851,"observed_coordinate_medoid; source reference, not survey truth",117538068930548
606,0,LTE,1810,1010,radio-54beab83f7250696,32.88908131917318,13.199312782287596,1,False,False,False,False,0,Libyana,3,1575392254000,1778767313000,data/new_data/libya_collected_antennas/cellmapper/cellmapper_libya_antennas.csv,collected:1400|collected:1401|collected:1402,collected:1400,0.0,"observed_coordinate_medoid; source reference, not survey truth",160835541583859
606,1,LTE,4331,4823,radio-54c4dba75b9e7058,32.18030087494714,12.857200648867774,1,False,False,False,True,1,Al-Madar,1,1774310400000,1774310400000,Libyan_cells_dataset/cells.sqlite3,sqlite:295,sqlite:295,0.0,"observed_coordinate_medoid; source reference, not survey truth",148758743801052
606,0,LTE,6330,1068,radio-54cb511ade208e5a,32.73030471801758,13.30983066558838,1,False,False,False,False,0,Libyana,21,1556761923000,1790102358000,data/new_data/libya_collected_antennas/cellmapper/cellmapper_libya_antennas.csv,collected:144|collected:145|collected:146|collected:147|collected:148|collected:149|collected:150|collected:151|collected:152|collected:153|collected:154|collected:155|collected:156|collected:157|collected:158|collected:159|collected:160|collected:161|collected:162|collected:163|collected:164,collected:144,0.0,"observed_coordinate_medoid; source reference, not survey truth",69005270529200
606,0,UMTS,5310,1405,radio-54d6c4255ca1f466,32.075000251651986,20.067100262066305,1,False,False,False,False,0,Libyana,2,1643760000000,1788048000000,Libyan_cells_dataset/cells.sqlite3,sqlite:2565|sqlite:2648,sqlite:2565,0.07669304431482618,"observed_coordinate_medoid; source reference, not survey truth",235779719208351
606,1,UMTS,303,4118,radio-54fae1eef08bc890,32.37170060679196,15.073600770854412,1,False,False,False,False,0,Al-Madar,2,1576022400000,1576022400000,Libyan_cells_dataset/cells.sqlite3,sqlite:1480|sqlite:1545,sqlite:1480,0.043500983798218075,"observed_coordinate_medoid; source reference, not survey truth",73770633651254
606,1,UMTS,5011,2121,radio-54fc0e4b2db1c598,32.76790035800475,12.72120043007045,1,False,False,False,False,0,Al-Madar,3,1777334400000,1777334400000,Libyan_cells_dataset/cells.sqlite3,sqlite:1601|sqlite:1634|sqlite:1720,sqlite:1720,0.08807394017941558,"observed_coordinate_medoid; source reference, not survey truth",248389868401660
606,1,LTE,4331,4547,radio-551dffbafb16cf94,32.16900071976967,13.011800389976186,1,False,False,False,True,1,Al-Madar,1,1775174400000,1775865600000,Libyan_cells_dataset/cells.sqlite3,sqlite:315,sqlite:315,0.0,"observed_coordinate_medoid; source reference, not survey truth",232323587246298
606,1,GSM,1112,1007,radio-55431ca1455f164f,32.10490060496543,20.126900800174585,1,False,False,False,False,0,Al-Madar,1,1608422400000,1789084800000,Libyan_cells_dataset/cells.sqlite3,sqlite:3627,sqlite:3627,0.0,"observed_coordinate_medoid; source reference, not survey truth",185638510799136
606,0,LTE,6310,1005,radio-55460c34eb91ae23,32.0755315,20.0676052,1,False,True,True,False,0,Libyana,15,1553119900000,1789781958000,data/new_data/libya_collected_antennas/cellmapper/cellmapper_libya_antennas.csv,collected:44|collected:45|collected:46|collected:47|collected:48|collected:49|collected:50|collected:51|collected:52|collected:53|collected:54|collected:55|collected:56|collected:57|collected:58,collected:44,0.0,"observed_coordinate_medoid; source reference, not survey truth",242846156971088
606,0,LTE,2120,6464,radio-554dcab8bb75cf30,32.6638008764516,13.41220034514017,1,False,False,False,False,0,Libyana,1,1757894400000,1785196800000,Libyan_cells_dataset/cells.sqlite3,sqlite:933,sqlite:933,0.0,"observed_coordinate_medoid; source reference, not survey truth",261401576566157
606,1,LTE,4101,4863,radio-554f71866f1a7a43,32.44256864275251,13.371138845171249,1,False,False,False,True,1,Al-Madar,3,1775347200000,1777466350000,Libyan_cells_dataset/cells.sqlite3|data/new_data/libya_collected_antennas/cellmapper/cellmapper_libya_antennas.csv,collected:2|collected:3|sqlite:2,collected:2,5.0634283387723364,"observed_coordinate_medoid; source reference, not survey truth",84593335061217
606,0,GSM,9360,4943,radio-55603f28bd6d70c0,27.044000554260087,14.410900868762289,1,False,False,False,False,0,Libyana,1,1454112000000,1454112000000,Libyan_cells_dataset/cells.sqlite3,sqlite:3615,sqlite:3615,0.0,"observed_coordinate_medoid; source reference, not survey truth",261558069380060
606,1,LTE,2,794,radio-55665a504cea14cc,32.89130032519685,13.234000430730202,1,False,False,False,True,1,Al-Madar,1,1768521600000,1771372800000,Libyan_cells_dataset/cells.sqlite3,sqlite:49,sqlite:49,0.0,"observed_coordinate_medoid; source reference, not survey truth",35660686361522
606,0,GSM,8280,1750,radio-5571d9517d922248,32.78380027530889,13.582200796916108,1,False,False,False,False,0,Libyana,1,1784764800000,1786492800000,Libyan_cells_dataset/cells.sqlite3,sqlite:3386,sqlite:3386,0.0,"observed_coordinate_medoid; source reference, not survey truth",27347858019101
606,1,UMTS,304,4370,radio-55901784a72c8ca2,32.34870052692405,15.072400607120917,1,False,False,False,False,0,Al-Madar,2,1576022400000,1576022400000,Libyan_cells_dataset/cells.sqlite3,sqlite:1489|sqlite:1554,sqlite:1489,0.04085872500719546,"observed_coordinate_medoid; source reference, not survey truth",77181451527156
606,1,LTE,4311,4948,radio-559b132e0e03bc63,31.99210096079627,12.347200142529632,1,False,False,False,True,1,Al-Madar,1,1764374400000,1764374400000,Libyan_cells_dataset/cells.sqlite3,sqlite:292,sqlite:292,0.0,"observed_coordinate_medoid; source reference, not survey truth",267102681509085
606,0,LTE,6310,1009,radio-55a761ada72ec660,32.1153727,20.0837421,1,False,True,True,False,0,Libyana,10,1572394009000,1789910964000,data/new_data/libya_collected_antennas/cellmapper/cellmapper_libya_antennas.csv,collected:500|collected:501|collected:502|collected:503|collected:504|collected:505|collected:506|collected:507|collected:508|collected:509,collected:500,0.0,"observed_coordinate_medoid; source reference, not survey truth",181720449423902
606,1,LTE,1250,106151,radio-55b0b12ccd8f21d3,32.76350068510607,21.785500475483058,1,False,False,False,True,1,Al-Madar,1,1757894400000,1780704000000,Libyan_cells_dataset/cells.sqlite3,sqlite:674,sqlite:674,0.0,"observed_coordinate_medoid; source reference, not survey truth",131031450413016
606,0,LTE,6390,5502,radio-55bf36d6e219f23c,32.43750014588338,20.884700211912428,1,False,False,False,False,0,Libyana,1,1777420800000,1777420800000,Libyan_cells_dataset/cells.sqlite3,sqlite:1198,sqlite:1198,0.0,"observed_coordinate_medoid; source reference, not survey truth",52908273507292
606,1,UMTS,1040,3039,radio-55d6208a1f71efc9,32.21060064924355,20.166300163100185,1,False,False,True,False,0,Al-Madar,8,1782086400000,1783042688000,Libyan_cells_dataset/cells.sqlite3|data/new_data/libya_collected_antennas/cellmapper/cellmapper_libya_antennas.csv,collected:686|collected:687|sqlite:1373|sqlite:1424|sqlite:1914|sqlite:1956|sqlite:2005|sqlite:2106,sqlite:2106,5.635048820986171,"observed_coordinate_medoid; source reference, not survey truth",183705263959482
606,0,LTE,1020,1580,radio-55e4c62889a90bb4,32.532700280399396,14.118900596798845,1,False,False,False,False,0,Libyana,1,1775606400000,1777680000000,Libyan_cells_dataset/cells.sqlite3,sqlite:1067,sqlite:1067,0.0,"observed_coordinate_medoid; source reference, not survey truth",81125997897826
606,0,LTE,2140,1773,radio-55f20bbda30b1d13,32.6783002633416,12.875100571134823,1,False,False,False,False,0,Libyana,1,1777334400000,1777334400000,Libyan_cells_dataset/cells.sqlite3,sqlite:852,sqlite:852,0.0,"observed_coordinate_medoid; source reference, not survey truth",160012733257555
606,1,LTE,4181,9911,radio-560d9c3d027ef6c2,30.762900470306576,20.243500907586167,1,False,False,False,True,1,Al-Madar,1,1782086400000,1782086400000,Libyan_cells_dataset/cells.sqlite3,sqlite:564,sqlite:564,0.0,"observed_coordinate_medoid; source reference, not survey truth",181117387553107
606,0,GSM,4380,1082,radio-5630f6c58626c9ba,32.1143003719577,20.11250045397915,1,False,False,False,False,0,Libyana,7,1556668800000,1556668800000,Libyan_cells_dataset/cells.sqlite3,sqlite:2723|sqlite:2769|sqlite:2807|sqlite:2863|sqlite:2914|sqlite:2954|sqlite:3072,sqlite:2723,0.08186294421186067,"observed_coordinate_medoid; source reference, not survey truth",41358956790929
606,1,UMTS,1030,3376,radio-563eaa8394e411b3,32.01975631713867,20.050451278686523,1,False,False,False,False,0,Al-Madar,1,1789634408000,1789634408000,data/new_data/libya_collected_antennas/cellmapper/cellmapper_libya_antennas.csv,collected:1268,collected:1268,0.0,"observed_coordinate_medoid; source reference, not survey truth",25106204118469
606,0,LTE,6440,4512,radio-5658eb45751fe878,24.197600962412864,23.28990047104925,1,False,False,False,False,0,Libyana,1,1785196800000,1785369600000,Libyan_cells_dataset/cells.sqlite3,sqlite:1279,sqlite:1279,0.0,"observed_coordinate_medoid; source reference, not survey truth",195308259787052
606,1,UMTS,809,3906,radio-56730b3c3eca0a41,32.70970092140746,13.934600793087359,1,False,False,False,False,0,Al-Madar,1,1778284800000,1779408000000,Libyan_cells_dataset/cells.sqlite3,sqlite:1329,sqlite:1329,0.0,"observed_coordinate_medoid; source reference, not survey truth",134270554802076
606,0,LTE,3002,1867,radio-568549017307fac2,32.89390065313855,13.216600232368735,1,False,False,False,False,0,Libyana,1,1575417600000,1575417600000,Libyan_cells_dataset/cells.sqlite3,sqlite:733,sqlite:733,0.0,"observed_coordinate_medoid; source reference, not survey truth",173160702290304
606,1,UMTS,1030,3103,radio-56986a13c6917106,32.07303476883325,20.082271127030253,1,False,False,False,False,0,Al-Madar,2,1770408665000,1770408828000,data/new_data/libya_collected_antennas/cellmapper/cellmapper_libya_antennas.csv,collected:890|collected:891,collected:890,0.0,"observed_coordinate_medoid; source reference, not survey truth",192836993994563
606,1,LTE,1220,100761,radio-56df47495809f024,32.10890056405712,20.10450059891184,1,False,False,False,True,1,Al-Madar,1,1768521600000,1786924800000,Libyan_cells_dataset/cells.sqlite3,sqlite:691,sqlite:691,0.0,"observed_coordinate_medoid; source reference, not survey truth",230862917534329
606,1,LTE,1220,102301,radio-56e3e8f917611735,32.08120090550524,20.11230059797348,1,False,False,False,True,1,Al-Madar,1,1769212800000,1785110400000,Libyan_cells_dataset/cells.sqlite3,sqlite:683,sqlite:683,0.0,"observed_coordinate_medoid; source reference, not survey truth",229549506484678
606,1,UMTS,1020,3172,radio-56ef4f6662a24b07,32.11340068453697,20.10080077468234,1,False,False,False,False,0,Al-Madar,6,1595289600000,1789084800000,Libyan_cells_dataset/cells.sqlite3,sqlite:1379|sqlite:1430|sqlite:1923|sqlite:1963|sqlite:2011|sqlite:2112,sqlite:1963,0.09106628662815813,"observed_coordinate_medoid; source reference, not survey truth",98510530378234
606,0,LTE,6350,4044,radio-571ef1adad285e5f,30.733000236522283,20.22340075512709,1,False,False,False,False,0,Libyana,1,1782086400000,1782777600000,Libyan_cells_dataset/cells.sqlite3,sqlite:1226,sqlite:1226,0.0,"observed_coordinate_medoid; source reference, not survey truth",5548335463022
606,1,GSM,1113,1271,radio-572a660f3fadd676,32.01458618488687,20.053143196917745,1,False,False,False,False,0,Al-Madar,2,1638518396000,1700480577000,data/new_data/libya_collected_antennas/cellmapper/cellmapper_libya_antennas.csv,collected:1247|collected:1248,collected:1247,0.0,"observed_coordinate_medoid; source reference, not survey truth",97633283480778
606,1,LTE,4111,4913,radio-5759dd044aba9d34,32.437900625855434,13.635400723881324,1,False,False,False,True,1,Al-Madar,1,1775260800000,1777420800000,Libyan_cells_dataset/cells.sqlite3,sqlite:132,sqlite:132,0.0,"observed_coordinate_medoid; source reference, not survey truth",143139840202481
606,1,LTE,4181,4416,radio-5782541e79ea137f,30.75480096439814,20.20530068599803,1,False,False,False,True,1,Al-Madar,1,1774310400000,1782086400000,Libyan_cells_dataset/cells.sqlite3,sqlite:578,sqlite:578,0.0,"observed_coordinate_medoid; source reference, not survey truth",154408470083924
606,0,LTE,6390,6037,radio-57852e5c00e5b07e,32.48960069369867,20.827500710042354,1,False,False,False,False,0,Libyana,1,1777420800000,1777420800000,Libyan_cells_dataset/cells.sqlite3,sqlite:1206,sqlite:1206,0.0,"observed_coordinate_medoid; source reference, not survey truth",155913370714911
606,1,UMTS,1010,3061,radio-578bc6c4a74ac5c4,32.1270384,20.1041963,1,False,True,True,False,0,Al-Madar,1,1779981490000,1782124102000,data/new_data/libya_collected_antennas/cellmapper/cellmapper_libya_antennas.csv,collected:879,collected:879,0.0,"observed_coordinate_medoid; source reference, not survey truth",216554651490109
606,1,LTE,3,694,radio-57ccbf1fd8643153,32.740800847088636,12.914600493401487,1,False,False,False,True,1,Al-Madar,1,1787443200000,1787529600000,Libyan_cells_dataset/cells.sqlite3,sqlite:190,sqlite:190,0.0,"observed_coordinate_medoid; source reference, not survey truth",274089192075955
606,1,GSM,5,1103,radio-57e1ae11ff0c5d81,32.088500430427786,13.019000954540711,1,False,False,False,False,0,Al-Madar,1,1504569600000,1504656000000,Libyan_cells_dataset/cells.sqlite3,sqlite:3772,sqlite:3772,0.0,"observed_coordinate_medoid; source reference, not survey truth",241957053700034
606,1,LTE,4101,4732,radio-57e39b8454783cff,32.66900048695617,13.291600487801079,1,False,False,False,True,1,Al-Madar,1,1756166400000,1781049600000,Libyan_cells_dataset/cells.sqlite3,sqlite:84,sqlite:84,0.0,"observed_coordinate_medoid; source reference, not survey truth",143672796820105
606,1,LTE,3,201,radio-57fe2f860e196cc1,32.78890073570608,13.006200609768445,1,False,False,False,True,1,Al-Madar,1,1773532800000,1774137600000,Libyan_cells_dataset/cells.sqlite3,sqlite:208,sqlite:208,0.0,"observed_coordinate_medoid; source reference, not survey truth",97216903105183
606,1,LTE,4,2110,radio-580208034362634c,32.69550015331399,12.738400862699383,1,False,False,False,True,1,Al-Madar,1,1771632000000,1774310400000,Libyan_cells_dataset/cells.sqlite3,sqlite:253,sqlite:253,0.0,"observed_coordinate_medoid; source reference, not survey truth",87407825352716
606,0,GSM,4360,1117,radio-583602860f5731fd,32.05290049535539,20.060800648019892,1,False,False,False,False,0,Libyana,4,1545696000000,1700438400000,Libyan_cells_dataset/cells.sqlite3,sqlite:2729|sqlite:2775|sqlite:2916|sqlite:3078,sqlite:2729,0.044408133697237735,"observed_coordinate_medoid; source reference, not survey truth",90290231397587
606,0,LTE,2040,3850,radio-585edd649636d748,31.776200148342937,11.481300376743103,1,False,False,False,False,0,Libyana,1,1783555200000,1783641600000,Libyan_cells_dataset/cells.sqlite3,sqlite:1296,sqlite:1296,0.0,"observed_coordinate_medoid; source reference, not survey truth",45004468301188
606,0,UMTS,1810,5115,radio-58632ddb93d53e4d,32.882800358736056,13.200400293779902,1,False,False,False,False,0,Libyana,1,1634428800000,1634428800000,Libyan_cells_dataset/cells.sqlite3,sqlite:2331,sqlite:2331,0.0,"observed_coordinate_medoid; source reference, not survey truth",200047097952527
606,0,LTE,6330,1171,radio-5885d4e0f146720a,32.08543771313085,20.13462672695042,1,False,False,False,False,0,Libyana,7,1565395200000,1788116152000,Libyan_cells_dataset/cells.sqlite3|data/new_data/libya_collected_antennas/cellmapper/cellmapper_libya_antennas.csv,collected:2284|collected:2285|collected:2286|collected:2287|collected:2288|collected:2289|sqlite:1194,collected:2284,156.39673168128866,"observed_coordinate_medoid; source reference, not survey truth",241850059016759
606,0,UMTS,1610,1988,radio-5886ddd066b2aeb9,32.84280075771567,13.08870046383595,1,False,False,False,False,0,Libyana,4,1775347200000,1775347200000,Libyan_cells_dataset/cells.sqlite3,sqlite:2229|sqlite:2278|sqlite:2316|sqlite:2404,sqlite:2404,0.08254799531081461,"observed_coordinate_medoid; source reference, not survey truth",259986309011799
606,0,GSM,4330,1106,radio-5890f5b27caeb0a7,32.13870019731122,20.10160087076995,1,False,False,False,False,0,Libyana,1,1554422400000,1786665600000,Libyan_cells_dataset/cells.sqlite3,sqlite:2996,sqlite:2996,0.0,"observed_coordinate_medoid; source reference, not survey truth",100067423153380
606,0,GSM,8280,1373,radio-58ce0ad5dea54ae8,32.71410064263699,13.609300657079565,1,False,False,False,False,0,Libyana,8,1782518400000,1787788800000,Libyan_cells_dataset/cells.sqlite3,sqlite:3135|sqlite:3185|sqlite:3232|sqlite:3279|sqlite:3327|sqlite:3362|sqlite:3538|sqlite:3595,sqlite:3279,0.076232182546694,"observed_coordinate_medoid; source reference, not survey truth",236624817474248
606,1,LTE,4011,4043,radio-58e7273796e55f3e,32.45640022569834,14.5832006281948,1,False,False,False,True,1,Al-Madar,1,1566604800000,1566604800000,Libyan_cells_dataset/cells.sqlite3,sqlite:458,sqlite:458,0.0,"observed_coordinate_medoid; source reference, not survey truth",5044729766004
606,0,LTE,6370,4305,radio-58e846cd1e9d7218,31.193100857479507,16.572100839508025,1,False,False,False,False,0,Libyana,1,1643414400000,1655856000000,Libyan_cells_dataset/cells.sqlite3,sqlite:743,sqlite:743,0.0,"observed_coordinate_medoid; source reference, not survey truth",164960543711423
606,1,LTE,4331,4855,radio-591c31ded335c4ec,32.0901004710539,12.923400965117402,1,False,False,False,True,1,Al-Madar,1,1774310400000,1775865600000,Libyan_cells_dataset/cells.sqlite3,sqlite:308,sqlite:308,0.0,"observed_coordinate_medoid; source reference, not survey truth",104435778311863
606,1,LTE,4111,4910,radio-5974d0be01479c2b,32.424300582526115,13.444800804252772,1,False,False,False,True,1,Al-Madar,1,1775347200000,1777420800000,Libyan_cells_dataset/cells.sqlite3,sqlite:128,sqlite:128,0.0,"observed_coordinate_medoid; source reference, not survey truth",66151158392500
606,1,LTE,4331,4527,radio-597958a46f35c1d8,32.09800075984181,12.924500335816582,1,False,False,False,True,1,Al-Madar,1,1774310400000,1775865600000,Libyan_cells_dataset/cells.sqlite3,sqlite:314,sqlite:314,0.0,"observed_coordinate_medoid; source reference, not survey truth",280722314636275
606,0,UMTS,2040,3857,radio-5987416e8a4b4856,31.729700144234172,11.804900947641002,1,False,False,False,False,0,Libyana,2,1783641600000,1783641600000,Libyan_cells_dataset/cells.sqlite3,sqlite:2361|sqlite:2687,sqlite:2687,0.07346374209452523,"observed_coordinate_medoid; source reference, not survey truth",278576877677031
606,0,LTE,1510,6241,radio-598acc26619e92e4,32.83030065960826,12.992900800870576,1,False,False,False,False,0,Libyana,1,1787443200000,1787529600000,Libyan_cells_dataset/cells.sqlite3,sqlite:809,sqlite:809,0.0,"observed_coordinate_medoid; source reference, not survey truth",219482426169887
606,0,LTE,2150,2091,radio-599b5e18658058e6,32.749300302918485,12.737100791812242,1,False,False,False,False,0,Libyana,1,1575331200000,1782086400000,Libyan_cells_dataset/cells.sqlite3,sqlite:833,sqlite:833,0.0,"observed_coordinate_medoid; source reference, not survey truth",85800109097843
606,0,LTE,1610,1438,radio-59ab77770c1fe4ca,32.8523003512527,13.131400182272662,1,False,False,False,False,0,Libyana,1,1768521600000,1769817600000,Libyan_cells_dataset/cells.sqlite3,sqlite:781,sqlite:781,0.0,"observed_coordinate_medoid; source reference, not survey truth",149611544316177
606,1,GSM,1111,1044,radio-59b53b8d81f13f46,32.150700573716165,20.110500718848343,1,False,False,False,False,0,Al-Madar,2,1563840000000,1581206400000,Libyan_cells_dataset/cells.sqlite3,sqlite:4181|sqlite:4232,sqlite:4232,0.026951256474542665,"observed_coordinate_medoid; source reference, not survey truth",193851153876202
606,0,LTE,6330,1195,radio-59c5941a9d4d755a,32.0957145690918,20.149423599243164,1,False,False,False,False,0,Libyana,5,1785170832000,1789500242000,data/new_data/libya_collected_antennas/cellmapper/cellmapper_libya_antennas.csv,collected:2370|collected:2371|collected:2372|collected:2373|collected:2374,collected:2370,0.0,"observed_coordinate_medoid; source reference, not survey truth",249992562201084
606,0,UMTS,5370,4341,radio-59d0b351ba3d681e,31.17130092956884,16.541700955903263,1,False,False,False,False,0,Libyana,1,1667347200000,1667347200000,Libyan_cells_dataset/cells.sqlite3,sqlite:2674,sqlite:2674,0.0,"observed_coordinate_medoid; source reference, not survey truth",207782502379010
606,1,LTE,14,382,radio-59d5b6cdd823ae14,32.8449008237766,13.157800668714158,1,False,False,False,True,1,Al-Madar,1,1768521600000,1768521600000,Libyan_cells_dataset/cells.sqlite3,sqlite:177,sqlite:177,0.0,"observed_coordinate_medoid; source reference, not survey truth",159737655158577
606,1,UMTS,301,4486,radio-59e95b1d1db4b929,32.47820062986947,14.56770028588221,1,False,False,False,False,0,Al-Madar,2,1552694400000,1773360000000,Libyan_cells_dataset/cells.sqlite3,sqlite:1528|sqlite:1766,sqlite:1528,0.04844786115874652,"observed_coordinate_medoid; source reference, not survey truth",95426057999173
606,0,LTE,6410,2073,radio-5a129664359dcecb,32.79983197725759,21.860245631291484,1,False,False,False,False,0,Libyana,4,1743811200000,1784772731000,Libyan_cells_dataset/cells.sqlite3|data/new_data/libya_collected_antennas/cellmapper/cellmapper_libya_antennas.csv,collected:362|collected:363|collected:364|sqlite:1263,collected:362,5.46190655290788,"observed_coordinate_medoid; source reference, not survey truth",16272053303378
606,1,LTE,4,2030,radio-5a27d1411ab62e70,32.76070057486196,12.614600306610631,1,False,False,False,True,1,Al-Madar,1,1787184000000,1787184000000,Libyan_cells_dataset/cells.sqlite3,sqlite:273,sqlite:273,0.0,"observed_coordinate_medoid; source reference, not survey truth",93998271848725
606,0,LTE,4021,4083,radio-5a29785f7f0fad61,32.371600148116165,15.004700295580356,1,False,False,False,False,0,Libyana,1,1768694400000,1768694400000,Libyan_cells_dataset/cells.sqlite3,sqlite:468,sqlite:468,0.0,"observed_coordinate_medoid; source reference, not survey truth",225162353904390
606,0,LTE,6390,1276,radio-5a4ded80a1c141a5,31.864500269850986,20.008700794253986,1,False,False,False,False,0,Libyana,1,1787616000000,1787788800000,Libyan_cells_dataset/cells.sqlite3,sqlite:1185,sqlite:1185,0.0,"observed_coordinate_medoid; source reference, not survey truth",163605632632257
606,1,UMTS,2021,1617,radio-5a5217cb8c88e36c,32.72380060965795,13.164500569659404,1,False,False,False,False,0,Al-Madar,3,1777334400000,1777334400000,Libyan_cells_dataset/cells.sqlite3,sqlite:1573|sqlite:1612|sqlite:1695,sqlite:1612,0.018750178112393583,"observed_coordinate_medoid; source reference, not survey truth",265368949842447
606,1,GSM,1115,1201,radio-5a5af67a47d12955,31.650700849877868,20.237000250489945,1,False,False,False,False,0,Al-Madar,2,1785283200000,1785369600000,Libyan_cells_dataset/cells.sqlite3,sqlite:4154|sqlite:4245,sqlite:4154,0.021667675639004763,"observed_coordinate_medoid; source reference, not survey truth",250732021087839
606,1,LTE,8091,4899,radio-5a5f0252e55f8e71,32.71120015801384,13.794100982214964,1,False,False,False,True,1,Al-Madar,1,1761177600000,1786147200000,Libyan_cells_dataset/cells.sqlite3,sqlite:138,sqlite:138,0.0,"observed_coordinate_medoid; source reference, not survey truth",35473284422376
606,1,UMTS,306,4102,radio-5a782d9dcc973fe9,27.584500556473557,14.3570005710853,1,False,False,False,False,0,Al-Madar,1,1665878400000,1665878400000,Libyan_cells_dataset/cells.sqlite3,sqlite:1758,sqlite:1758,0.0,"observed_coordinate_medoid; source reference, not survey truth",83149523945197
606,0,LTE,6330,1040,radio-5a7cc4133e44c1be,32.07257080078125,20.049863815307617,1,False,False,False,False,0,Libyana,10,1553119903000,1788116176000,data/new_data/libya_collected_antennas/cellmapper/cellmapper_libya_antennas.csv,collected:1580|collected:1581|collected:1582|collected:1583|collected:1584|collected:1585|collected:1586|collected:1587|collected:1588|collected:1589,collected:1580,0.0,"observed_coordinate_medoid; source reference, not survey truth",124781888961334
606,0,LTE,2120,6284,radio-5a7e28e5b9972a30,32.822500411514454,13.340800409678097,1,False,False,False,False,0,Libyana,1,1782086400000,1782086400000,Libyan_cells_dataset/cells.sqlite3,sqlite:997,sqlite:997,0.0,"observed_coordinate_medoid; source reference, not survey truth",45348306622112
606,0,LTE,2120,1393,radio-5a8fbf39b9b35b89,32.628379821777344,13.305734157562256,1,False,False,False,False,0,Libyana,4,1755388800000,1785264567000,Libyan_cells_dataset/cells.sqlite3|data/new_data/libya_collected_antennas/cellmapper/cellmapper_libya_antennas.csv,collected:85|collected:86|collected:87|sqlite:919,collected:85,3.887002754492697,"observed_coordinate_medoid; source reference, not survey truth",41272933297014
606,0,LTE,2120,1307,radio-5ab0c4342657b402,32.853100514675084,13.408800745363251,1,False,False,False,False,0,Libyana,1,1759190400000,1783296000000,Libyan_cells_dataset/cells.sqlite3,sqlite:977,sqlite:977,0.0,"observed_coordinate_medoid; source reference, not survey truth",185589417546500
606,1,GSM,3,6101,radio-5b187cafee3a2688,32.856500616402286,13.08070054138741,1,False,False,False,False,0,Al-Madar,6,1333411200000,1333411200000,Libyan_cells_dataset/cells.sqlite3,sqlite:3701|sqlite:3748|sqlite:3799|sqlite:4004|sqlite:4049|sqlite:4115,sqlite:3701,0.07129127675784452,"observed_coordinate_medoid; source reference, not survey truth",62941809494113
606,0,LTE,1910,1897,radio-5b29ede85f1cd3be,32.877100253083036,13.274200743700321,1,False,False,False,False,0,Libyana,1,1769212800000,1769212800000,Libyan_cells_dataset/cells.sqlite3,sqlite:795,sqlite:795,0.0,"observed_coordinate_medoid; source reference, not survey truth",162697167591335
606,1,LTE,3,21,radio-5b456c4dd51b3397,32.83330022771425,13.033600939860115,1,False,False,False,True,1,Al-Madar,1,1602460800000,1787529600000,Libyan_cells_dataset/cells.sqlite3,sqlite:174,sqlite:174,0.0,"observed_coordinate_medoid; source reference, not survey truth",258697681323218
606,0,LTE,2110,1794,radio-5b498f02f97f410c,32.66700076302456,13.595800404620077,1,False,False,False,False,0,Libyana,1,1755129600000,1787961600000,Libyan_cells_dataset/cells.sqlite3,sqlite:991,sqlite:991,0.0,"observed_coordinate_medoid; source reference, not survey truth",144480544638263
606,0,LTE,1810,1976,radio-5b4aa466768fa3b5,32.8782551717465,13.153448330956389,1,False,False,False,False,0,Libyana,10,1758192059000,1786629194000,data/new_data/libya_collected_antennas/cellmapper/cellmapper_libya_antennas.csv,collected:527|collected:528|collected:529|collected:530|collected:531|collected:532|collected:533|collected:534|collected:535|collected:536,collected:527,0.0,"observed_coordinate_medoid; source reference, not survey truth",206079055821072
606,1,LTE,4001,4267,radio-5b60e285f4cf9786,32.56320029741097,14.067500541989418,1,False,False,False,True,1,Al-Madar,1,1775606400000,1786233600000,Libyan_cells_dataset/cells.sqlite3,sqlite:388,sqlite:388,0.0,"observed_coordinate_medoid; source reference, not survey truth",190577262044005
606,0,LTE,1030,4167,radio-5b7c76a54a159289,32.4811009828336,14.56420067997605,1,False,False,False,False,0,Libyana,1,1773187200000,1773360000000,Libyan_cells_dataset/cells.sqlite3,sqlite:1122,sqlite:1122,0.0,"observed_coordinate_medoid; source reference, not survey truth",166128766269551
606,0,LTE,1510,1304,radio-5b9bd82e1289625e,32.82850065457284,13.006200304923222,1,False,False,False,False,0,Libyana,1,1575331200000,1764460800000,Libyan_cells_dataset/cells.sqlite3,sqlite:820,sqlite:820,0.0,"observed_coordinate_medoid; source reference, not survey truth",35006273232501
606,0,UMTS,1710,1611,radio-5b9ed391355b1224,32.87780018157206,13.217400580754779,1,False,False,False,False,0,Libyana,4,1419897600000,1419897600000,Libyan_cells_dataset/cells.sqlite3,sqlite:2191|sqlite:2241|sqlite:2291|sqlite:2369,sqlite:2291,0.05823806498010222,"observed_coordinate_medoid; source reference, not survey truth",189932912391507
606,1,UMTS,300,4690,radio-5bf6edd1b678f419,32.5852009295929,14.03790046206651,1,False,False,False,False,0,Al-Madar,1,1777420800000,1785456000000,Libyan_cells_dataset/cells.sqlite3,sqlite:1344,sqlite:1344,0.0,"observed_coordinate_medoid; source reference, not survey truth",140400132989989
606,1,LTE,10,780,radio-5c133e10fa5e91bd,32.802600349577204,13.231700686492193,1,False,False,False,True,1,Al-Madar,1,1762214400000,1783987200000,Libyan_cells_dataset/cells.sqlite3,sqlite:89,sqlite:89,0.0,"observed_coordinate_medoid; source reference, not survey truth",229313480575348
606,1,LTE,4,2252,radio-5c1c1654250d5331,32.76920090446121,12.744400607870956,1,False,False,False,True,1,Al-Madar,1,1771632000000,1771632000000,Libyan_cells_dataset/cells.sqlite3,sqlite:257,sqlite:257,0.0,"observed_coordinate_medoid; source reference, not survey truth",181719127197344
606,0,LTE,2110,1799,radio-5c2276e426161c21,32.616200816149316,13.677400572084695,1,False,False,False,False,0,Libyana,1,1771632000000,1786924800000,Libyan_cells_dataset/cells.sqlite3,sqlite:1013,sqlite:1013,0.0,"observed_coordinate_medoid; source reference, not survey truth",93181128770051
606,0,UMTS,5390,6019,radio-5c34046d62d24269,32.49790058194513,20.831700903605967,1,False,False,False,False,0,Libyana,4,1776816000000,1777420800000,Libyan_cells_dataset/cells.sqlite3,sqlite:2436|sqlite:2485|sqlite:2534|sqlite:2617,sqlite:2485,0.056119419886814105,"observed_coordinate_medoid; source reference, not survey truth",88955901005498
606,0,GSM,4440,6053,radio-5c5e56c97f5de0f6,32.63830059518358,20.941400972368708,1,False,False,False,False,0,Libyana,1,1788307200000,1788307200000,Libyan_cells_dataset/cells.sqlite3,sqlite:3046,sqlite:3046,0.0,"observed_coordinate_medoid; source reference, not survey truth",220764784759893
606,0,LTE,2040,3573,radio-5c6cbca750e4ddec,30.979300768373633,10.549500499905596,1,False,False,False,False,0,Libyana,1,1783555200000,1783641600000,Libyan_cells_dataset/cells.sqlite3,sqlite:717,sqlite:717,0.0,"observed_coordinate_medoid; source reference, not survey truth",177769758934742
606,0,LTE,6340,1177,radio-5c78e790b73aa582,32.01079186719086,20.082928197680715,1,False,False,False,False,0,Libyana,7,1565584191000,1790108352000,data/new_data/libya_collected_antennas/cellmapper/cellmapper_libya_antennas.csv,collected:214|collected:215|collected:216|collected:217|collected:218|collected:219|collected:220,collected:214,0.0,"observed_coordinate_medoid; source reference, not survey truth",280448290432557
606,0,LTE,2090,1690,radio-5c80c627cab1a16c,32.70130033931986,13.828200871669086,1,False,False,False,False,0,Libyana,1,1770422400000,1786924800000,Libyan_cells_dataset/cells.sqlite3,sqlite:1031,sqlite:1031,0.0,"observed_coordinate_medoid; source reference, not survey truth",101165047390518
606,1,GSM,1112,1079,radio-5ce53b81f60ca128,32.08780063539417,20.094300912603277,1,False,False,False,False,0,Al-Madar,1,1579478400000,1579478400000,Libyan_cells_dataset/cells.sqlite3,sqlite:4243,sqlite:4243,0.0,"observed_coordinate_medoid; source reference, not survey truth",252711748220746
606,1,UMTS,1010,3065,radio-5cea541d7cf32a5b,32.123000701261375,20.09070025577961,1,False,False,True,False,0,Al-Madar,9,1556755200000,1789112542000,Libyan_cells_dataset/cells.sqlite3|data/new_data/libya_collected_antennas/cellmapper/cellmapper_libya_antennas.csv,collected:714|collected:715|collected:716|sqlite:1371|sqlite:1422|sqlite:1912|sqlite:1954|sqlite:2003|sqlite:2104,sqlite:1912,2.131967595895598,"observed_coordinate_medoid; source reference, not survey truth",92543295335745
606,0,LTE,1610,1169,radio-5cf31e96ad2716a0,32.83740098832827,13.068900723036386,2,True,False,False,False,0,Libyana,1,1575244800000,1787529600000,Libyan_cells_dataset/cells.sqlite3,sqlite:756,sqlite:756,0.0,"observed_coordinate_medoid; source reference, not survey truth",62133208818819
606,0,LTE,1020,1694,radio-5d2784ea637c71b4,32.57800022730344,14.038200765003763,1,False,False,False,False,0,Libyana,1,1775606400000,1785456000000,Libyan_cells_dataset/cells.sqlite3,sqlite:1051,sqlite:1051,0.0,"observed_coordinate_medoid; source reference, not survey truth",261015206999271
606,0,UMTS,1710,1602,radio-5d6f01002f10762c,32.9025002272105,13.268000384146275,1,False,False,False,False,0,Libyana,3,1575417600000,1575417600000,Libyan_cells_dataset/cells.sqlite3,sqlite:2226|sqlite:2275|sqlite:2401,sqlite:2275,0.03409296380768612,"observed_coordinate_medoid; source reference, not survey truth",50665292278121
606,0,UMTS,2040,3763,radio-5d7f2b0e471eb0ca,31.924000519311434,12.282700774900356,1,False,False,False,False,0,Libyana,1,1764288000000,1764288000000,Libyan_cells_dataset/cells.sqlite3,sqlite:2344,sqlite:2344,0.0,"observed_coordinate_medoid; source reference, not survey truth",211553780765444
606,1,UMTS,1010,3206,radio-5da3902d0479a476,32.1212533,20.1237452,1,False,True,True,False,0,Al-Madar,3,1768567502000,1769067871000,data/new_data/libya_collected_antennas/cellmapper/cellmapper_libya_antennas.csv,collected:1344|collected:1345|collected:1346,collected:1344,0.0,"observed_coordinate_medoid; source reference, not survey truth",131739308954703
606,0,GSM,8205,1657,radio-5da4f9c5f6fcf282,32.69130061940442,12.91000061176914,1,False,False,False,False,0,Libyana,8,1787443200000,1787443200000,Libyan_cells_dataset/cells.sqlite3,sqlite:3114|sqlite:3164|sqlite:3214|sqlite:3264|sqlite:3447|sqlite:3469|sqlite:3524|sqlite:3574,sqlite:3469,0.0897451510855976,"observed_coordinate_medoid; source reference, not survey truth",132004934917473
606,1,UMTS,300,4200,radio-5de1ba84734fa392,32.636000704011835,14.249300411893703,1,False,False,False,False,0,Al-Madar,1,1777593600000,1777593600000,Libyan_cells_dataset/cells.sqlite3,sqlite:1335,sqlite:1335,0.0,"observed_coordinate_medoid; source reference, not survey truth",193603599883336
606,0,LTE,6410,2018,radio-5dfb3e6da097628b,32.760738372802734,12.724206924438477,1,False,False,False,False,0,Libyana,8,1769731200000,1788543760000,Libyan_cells_dataset/cells.sqlite3|data/new_data/libya_collected_antennas/cellmapper/cellmapper_libya_antennas.csv,collected:341|collected:342|collected:343|collected:344|collected:345|collected:346|collected:347|sqlite:848,collected:341,4.265709505268212,"observed_coordinate_medoid; source reference, not survey truth",53695278612846
606,1,GSM,2035,3051,radio-5dfbeb8fa27ed53b,32.74590027643342,13.322900578712972,1,False,False,False,False,0,Al-Madar,6,1777680000000,1784678400000,Libyan_cells_dataset/cells.sqlite3,sqlite:3715|sqlite:3761|sqlite:3812|sqlite:4009|sqlite:4054|sqlite:4128,sqlite:3812,0.09544192689616163,"observed_coordinate_medoid; source reference, not survey truth",108119880363449
606,1,LTE,3,980,radio-5dfca2fae0f7b04a,32.786500162315306,13.00190088253323,1,False,False,False,True,1,Al-Madar,1,1773532800000,1774137600000,Libyan_cells_dataset/cells.sqlite3,sqlite:214,sqlite:214,0.0,"observed_coordinate_medoid; source reference, not survey truth",121286377367016
606,0,GSM,4350,1193,radio-5e1d67f440b01c6e,32.079500461311014,20.069300956819678,1,False,False,False,False,0,Libyana,2,1643673600000,1708992000000,Libyan_cells_dataset/cells.sqlite3,sqlite:2891|sqlite:2938,sqlite:2891,0.05617274892473101,"observed_coordinate_medoid; source reference, not survey truth",165790322387548
606,0,LTE,1610,1169,radio-5e2a29a2f4d43503,32.82758856,13.12972132,1,True,False,False,False,0,Libyana,8,1575330648000,1788767191000,data/new_data/libya_collected_antennas/cellmapper/cellmapper_libya_antennas.csv,collected:2269|collected:2270|collected:2271|collected:2272|collected:2273|collected:2274|collected:2275|collected:2276,collected:2269,0.0,"observed_coordinate_medoid; source reference, not survey truth",275225766365911
606,0,LTE,2120,6373,radio-5e386966aecba82b,32.664700876347005,13.251000478853157,1,False,False,False,False,0,Libyana,1,1755388800000,1787184000000,Libyan_cells_dataset/cells.sqlite3,sqlite:907,sqlite:907,0.0,"observed_coordinate_medoid; source reference, not survey truth",279150144271716
606,1,LTE,1230,101031,radio-5ea55041a83d4cc4,32.074400548852346,20.078900914595128,1,False,False,False,True,1,Al-Madar,1,1702684800000,1785974400000,Libyan_cells_dataset/cells.sqlite3,sqlite:630,sqlite:630,0.0,"observed_coordinate_medoid; source reference, not survey truth",270826834868381
606,0,LTE,2140,1356,radio-5ecc11437a55805a,32.678500345842124,12.868000815494812,1,False,False,False,False,0,Libyana,1,1777334400000,1777334400000,Libyan_cells_dataset/cells.sqlite3,sqlite:849,sqlite:849,0.0,"observed_coordinate_medoid; source reference, not survey truth",2492684895995
606,1,LTE,14,579,radio-5ed3a32fbd8a20e9,32.855500956476824,13.12910065029348,1,False,False,False,True,1,Al-Madar,1,1768521600000,1769817600000,Libyan_cells_dataset/cells.sqlite3,sqlite:183,sqlite:183,0.0,"observed_coordinate_medoid; source reference, not survey truth",164964053471155
606,1,LTE,4041,4086,radio-5ee21f86bc7c3775,32.31550074629526,15.056900987571632,1,False,False,False,True,1,Al-Madar,1,1781827200000,1781827200000,Libyan_cells_dataset/cells.sqlite3,sqlite:480,sqlite:480,0.0,"observed_coordinate_medoid; source reference, not survey truth",249870421884036
606,0,LTE,6310,1052,radio-5ee5b425bf98b14f,32.077857971191406,20.07306480407715,1,False,False,False,False,0,Libyana,9,1572394039000,1789781958000,data/new_data/libya_collected_antennas/cellmapper/cellmapper_libya_antennas.csv,collected:1666|collected:1667|collected:1668|collected:1669|collected:1670|collected:1671|collected:1672|collected:1673|collected:1674,collected:1666,0.0,"observed_coordinate_medoid; source reference, not survey truth",18947260486131
606,1,LTE,1240,108831,radio-5f0046c1bb8dac30,31.95230021334023,20.134100588347547,1,False,False,False,True,1,Al-Madar,1,1770681600000,1774656000000,Libyan_cells_dataset/cells.sqlite3,sqlite:694,sqlite:694,0.0,"observed_coordinate_medoid; source reference, not survey truth",44171173074805
606,1,LTE,3,219,radio-5f110b0f05d05353,32.81470048014058,13.04130046589581,1,False,False,False,True,1,Al-Madar,1,1602460800000,1602460800000,Libyan_cells_dataset/cells.sqlite3,sqlite:34,sqlite:34,0.0,"observed_coordinate_medoid; source reference, not survey truth",250196986061356
606,0,GSM,4340,1072,radio-5f13405066034c5d,32.09280039639898,20.08550035833202,1,False,False,False,False,0,Libyana,6,1701734400000,1702166400000,Libyan_cells_dataset/cells.sqlite3,sqlite:2720|sqlite:2766|sqlite:2805|sqlite:2860|sqlite:2912|sqlite:3069,sqlite:2805,0.08707331244409851,"observed_coordinate_medoid; source reference, not survey truth",254569566576854
606,0,LTE,1020,1355,radio-5f2dc343acd35cdf,32.6164009781505,14.172900980737221,1,False,False,False,False,0,Libyana,1,1776988800000,1783555200000,Libyan_cells_dataset/cells.sqlite3,sqlite:1069,sqlite:1069,0.0,"observed_coordinate_medoid; source reference, not survey truth",73978022822610
606,0,LTE,6310,1001,radio-5f6ab540e067ea2e,32.0789545,20.0964189,1,False,True,True,False,0,Libyana,11,1575392267000,1789782162000,data/new_data/libya_collected_antennas/cellmapper/cellmapper_libya_antennas.csv,collected:133|collected:134|collected:135|collected:136|collected:137|collected:138|collected:139|collected:140|collected:141|collected:142|collected:143,collected:133,0.0,"observed_coordinate_medoid; source reference, not survey truth",181256664694966
606,0,UMTS,6130,4701,radio-5f6cbb6f778aca34,32.81280030965962,21.871300575126398,1,False,False,False,False,0,Libyana,5,1449273600000,1449273600000,Libyan_cells_dataset/cells.sqlite3,sqlite:2416|sqlite:2466|sqlite:2516|sqlite:2566|sqlite:2599,sqlite:2516,0.06301477056516745,"observed_coordinate_medoid; source reference, not survey truth",163977546594389
606,1,LTE,1230,102681,radio-5f6d9eaad1b30d93,32.05340051630112,20.12730057699925,1,False,False,False,True,1,Al-Madar,1,1768262400000,1774656000000,Libyan_cells_dataset/cells.sqlite3,sqlite:696,sqlite:696,0.0,"observed_coordinate_medoid; source reference, not survey truth",148452434306209
606,0,LTE,2040,3705,radio-5f8681f02bc533b1,32.12470066553578,12.427600387598224,1,False,False,False,False,0,Libyana,1,1783555200000,1783728000000,Libyan_cells_dataset/cells.sqlite3,sqlite:1306,sqlite:1306,0.0,"observed_coordinate_medoid; source reference, not survey truth",84377713077272
606,0,LTE,1050,4052,radio-5f8c921ecf0560e7,32.129300869315465,15.073000982668944,1,False,False,False,False,0,Libyana,1,1782777600000,1782864000000,Libyan_cells_dataset/cells.sqlite3,sqlite:1134,sqlite:1134,0.0,"observed_coordinate_medoid; source reference, not survey truth",201857701604497
606,0,LTE,2120,6362,radio-5f8fb3b11bded807,32.77680062773766,13.334600760807536,1,False,False,False,False,0,Libyana,1,1775606400000,1784678400000,Libyan_cells_dataset/cells.sqlite3,sqlite:957,sqlite:957,0.0,"observed_coordinate_medoid; source reference, not survey truth",269355337483230
606,1,LTE,4051,4256,radio-5fb4b7d09b0904a3,31.181700652262183,16.57000035846548,1,False,False,False,True,1,Al-Madar,1,1782086400000,1782086400000,Libyan_cells_dataset/cells.sqlite3,sqlite:577,sqlite:577,0.0,"observed_coordinate_medoid; source reference, not survey truth",201434426775833
606,0,LTE,1710,1080,radio-6007846b5165cce2,32.1231344,20.094544,1,False,True,True,False,0,Libyana,12,1581206400000,1789910964000,Libyan_cells_dataset/cells.sqlite3|data/new_data/libya_collected_antennas/cellmapper/cellmapper_libya_antennas.csv,collected:1844|collected:1845|collected:1846|collected:1847|collected:1848|collected:1849|collected:1850|collected:1851|collected:1852|collected:1853|collected:1854|sqlite:1168,collected:1844,5.580605278675635,"observed_coordinate_medoid; source reference, not survey truth",205246222653546
606,0,LTE,2150,2009,radio-605227c8d2d5b5b5,32.75748083,12.57552045,1,False,False,False,False,0,Libyana,2,1500768000000,1782115707000,Libyan_cells_dataset/cells.sqlite3|data/new_data/libya_collected_antennas/cellmapper/cellmapper_libya_antennas.csv,collected:302|sqlite:845,collected:302,2.860448914165108,"observed_coordinate_medoid; source reference, not survey truth",273152707824198
606,0,LTE,6410,2041,radio-608e5f67c6d67ce1,32.742592384075294,21.768626640582905,1,False,False,False,False,0,Libyana,2,1780718961000,1780718962000,data/new_data/libya_collected_antennas/cellmapper/cellmapper_libya_antennas.csv,collected:2514|collected:2515,collected:2514,0.0,"observed_coordinate_medoid; source reference, not survey truth",107987244585423
606,0,LTE,2140,2275,radio-608ed5a1fce72849,32.72000020310118,12.831800228796332,1,False,False,False,False,0,Libyana,1,1777334400000,1777334400000,Libyan_cells_dataset/cells.sqlite3,sqlite:857,sqlite:857,0.0,"observed_coordinate_medoid; source reference, not survey truth",22450199763897
606,1,UMTS,2021,775,radio-6093d9668860246e,32.72490027075692,13.201500557625465,1,False,False,False,False,0,Al-Madar,3,1778889600000,1781308800000,Libyan_cells_dataset/cells.sqlite3,sqlite:1557|sqlite:1609|sqlite:1689,sqlite:1609,0.0675551279275879,"observed_coordinate_medoid; source reference, not survey truth",1306282545550
606,1,LTE,4311,4824,radio-60b53ec01b03f3f8,31.943900520587093,12.27900059021145,1,False,False,False,True,1,Al-Madar,1,1764374400000,1764374400000,Libyan_cells_dataset/cells.sqlite3,sqlite:291,sqlite:291,0.0,"observed_coordinate_medoid; source reference, not survey truth",8025859828859
606,0,LTE,2130,6414,radio-60c743d36d026861,32.767300806751365,13.100400157027341,1,False,False,False,False,0,Libyana,1,1768780800000,1769212800000,Libyan_cells_dataset/cells.sqlite3,sqlite:817,sqlite:817,0.0,"observed_coordinate_medoid; source reference, not survey truth",209430083208885
606,0,LTE,2120,1913,radio-60c78d717726cc3e,32.744000375229845,13.325300268658836,1,False,False,False,False,0,Libyana,1,1775606400000,1782086400000,Libyan_cells_dataset/cells.sqlite3,sqlite:952,sqlite:952,0.0,"observed_coordinate_medoid; source reference, not survey truth",111657116404592
606,1,GSM,2036,1546,radio-60da59ca6e2c71d0,32.511700762982024,13.249200575450192,1,False,False,False,False,0,Al-Madar,4,1774915200000,1779408000000,Libyan_cells_dataset/cells.sqlite3,sqlite:3694|sqlite:3741|sqlite:3792|sqlite:4108,sqlite:4108,0.07975708584071085,"observed_coordinate_medoid; source reference, not survey truth",263681282722754
606,0,UMTS,5330,1167,radio-60dfa5b81402c14c,32.063000548178486,20.09150029700971,1,False,False,False,False,0,Libyana,4,1553040000000,1781395200000,Libyan_cells_dataset/cells.sqlite3,sqlite:2463|sqlite:2512|sqlite:2561|sqlite:2644,sqlite:2561,0.09042437377781051,"observed_coordinate_medoid; source reference, not survey truth",54509455756876
606,0,LTE,2090,1868,radio-60dfcc1622016e56,32.70590036509218,13.907800523439013,1,False,False,False,False,0,Libyana,1,1770422400000,1784678400000,Libyan_cells_dataset/cells.sqlite3,sqlite:1046,sqlite:1046,0.0,"observed_coordinate_medoid; source reference, not survey truth",261691172287819
606,1,UMTS,303,4117,radio-60ec2fafd5b56ec3,32.37660095003543,15.091500608972122,1,False,False,False,False,0,Al-Madar,4,1576022400000,1783382400000,Libyan_cells_dataset/cells.sqlite3,sqlite:1456|sqlite:1514|sqlite:1748|sqlite:1915,sqlite:1514,0.04143192580895269,"observed_coordinate_medoid; source reference, not survey truth",6113766208557
606,0,UMTS,5410,2053,radio-60fb84499004edf9,32.767800740826885,21.788700571584283,1,False,False,False,False,0,Libyana,1,1772928000000,1780704000000,Libyan_cells_dataset/cells.sqlite3,sqlite:2584,sqlite:2584,0.0,"observed_coordinate_medoid; source reference, not survey truth",140534742270091
606,0,GSM,4360,1214,radio-610d449c37a66ed3,32.078100436428876,20.119900374879442,1,False,False,False,False,0,Libyana,7,1598918400000,1598939900000,Libyan_cells_dataset/cells.sqlite3|data/new_data/libya_collected_antennas/cellmapper/cellmapper_libya_antennas.csv,collected:790|collected:791|sqlite:2747|sqlite:2792|sqlite:2877|sqlite:2926|sqlite:3096,sqlite:2747,6.8909968034342315,"observed_coordinate_medoid; source reference, not survey truth",87606905933617
606,0,LTE,6320,1148,radio-61551361eb82741b,32.1134811401366,20.0634902954098,1,False,False,False,False,0,Libyana,4,1612420227000,1789634408000,data/new_data/libya_collected_antennas/cellmapper/cellmapper_libya_antennas.csv,collected:2129|collected:2130|collected:2131|collected:2132,collected:2129,0.0,"observed_coordinate_medoid; source reference, not survey truth",125331263927603
606,0,LTE,2040,3512,radio-6171a2a7ee35f66f,31.75410067449031,10.937300586630105,1,False,False,False,False,0,Libyana,1,1783555200000,1783555200000,Libyan_cells_dataset/cells.sqlite3,sqlite:1290,sqlite:1290,0.0,"observed_coordinate_medoid; source reference, not survey truth",137907133291198
606,0,GSM,8281,6319,radio-617a4acf4cb6a057,32.90680041807724,13.23020030065913,1,False,False,False,False,0,Libyana,2,1786406400000,1786492800000,Libyan_cells_dataset/cells.sqlite3,sqlite:3346|sqlite:3494,sqlite:3346,0.06326825433763372,"observed_coordinate_medoid; source reference, not survey truth",100371362965417
606,0,LTE,6310,1022,radio-61952166e93eabd0,32.1118698,20.1121493,1,False,True,True,False,0,Libyana,17,1575330746000,1789521941000,data/new_data/libya_collected_antennas/cellmapper/cellmapper_libya_antennas.csv,collected:1456|collected:1457|collected:1458|collected:1459|collected:1460|collected:1461|collected:1462|collected:1463|collected:1464|collected:1465|collected:1466|collected:1467|collected:1468|collected:1469|collected:1470|collected:1471|collected:1472,collected:1456,0.0,"observed_coordinate_medoid; source reference, not survey truth",82870768414044
606,1,LTE,4,2103,radio-61a351041b6f5728,32.77500055409725,12.778600603811874,1,False,False,False,True,1,Al-Madar,1,1771718400000,1782086400000,Libyan_cells_dataset/cells.sqlite3,sqlite:265,sqlite:265,0.0,"observed_coordinate_medoid; source reference, not survey truth",198390754343883
606,1,LTE,4331,4493,radio-61b003a0058776f6,32.16780030788211,13.017000573007198,1,False,False,False,True,1,Al-Madar,1,1775865600000,1775865600000,Libyan_cells_dataset/cells.sqlite3,sqlite:94,sqlite:94,0.0,"observed_coordinate_medoid; source reference, not survey truth",130801130373653
606,0,UMTS,1610,1032,radio-61bf01b04a2aa1dd,32.84190055874183,13.075300369324788,1,False,False,False,False,0,Libyana,4,1774915200000,1775347200000,Libyan_cells_dataset/cells.sqlite3,sqlite:2222|sqlite:2271|sqlite:2311|sqlite:2397,sqlite:2311,0.0919254313540648,"observed_coordinate_medoid; source reference, not survey truth",104279533886953
606,1,LTE,10,599,radio-61d2653562bd6b93,32.7243001262127,13.165200648786298,1,False,False,False,True,1,Al-Madar,1,1782864000000,1782864000000,Libyan_cells_dataset/cells.sqlite3,sqlite:329,sqlite:329,0.0,"observed_coordinate_medoid; source reference, not survey truth",61201023175043
606,0,UMTS,2040,3048,radio-61dd57e6fd291aa0,31.923900815372168,12.275900616585526,1,False,False,False,False,0,Libyana,1,1764288000000,1764288000000,Libyan_cells_dataset/cells.sqlite3,sqlite:2343,sqlite:2343,0.0,"observed_coordinate_medoid; source reference, not survey truth",115827078776215
606,0,LTE,1610,1139,radio-61e963632224bf13,32.1288016,20.1167316,1,False,True,True,False,0,Libyana,8,1755423449000,1788763259000,data/new_data/libya_collected_antennas/cellmapper/cellmapper_libya_antennas.csv,collected:2090|collected:2091|collected:2092|collected:2093|collected:2094|collected:2095|collected:2096|collected:2097,collected:2090,0.0,"observed_coordinate_medoid; source reference, not survey truth",4616283806230
606,1,LTE,3,781,radio-622257f3540e068c,32.766300416818716,13.002400518335957,1,False,False,False,True,1,Al-Madar,1,1781136000000,1781136000000,Libyan_cells_dataset/cells.sqlite3,sqlite:224,sqlite:224,0.0,"observed_coordinate_medoid; source reference, not survey truth",240960384053331
606,1,UMTS,310,3224,radio-6238f96cd7fa75a3,32.812800948215276,13.500800467529126,1,False,False,False,False,0,Al-Madar,1,1780099200000,1784678400000,Libyan_cells_dataset/cells.sqlite3,sqlite:1571,sqlite:1571,0.0,"observed_coordinate_medoid; source reference, not survey truth",30107752835643
606,1,GSM,1114,1033,radio-6253d8a5cd9d4418,32.22470087637798,20.198800564556098,1,False,False,False,False,0,Al-Madar,1,1786665600000,1786665600000,Libyan_cells_dataset/cells.sqlite3,sqlite:3666,sqlite:3666,0.0,"observed_coordinate_medoid; source reference, not survey truth",145338097231989
606,1,GSM,3,2541,radio-625a050331c5503a,32.81560019226107,13.020700948368406,1,False,False,False,False,0,Al-Madar,2,1785715200000,1785715200000,Libyan_cells_dataset/cells.sqlite3,sqlite:4025|sqlite:4068,sqlite:4025,0.007534865608931638,"observed_coordinate_medoid; source reference, not survey truth",154850518561719
606,0,LTE,6390,4262,radio-626943b140f14e23,32.2304384,20.1906097,1,False,True,True,False,0,Libyana,3,1786060800000,1788116175000,Libyan_cells_dataset/cells.sqlite3|data/new_data/libya_collected_antennas/cellmapper/cellmapper_libya_antennas.csv,collected:399|collected:400|sqlite:1247,collected:399,4.2665724986860925,"observed_coordinate_medoid; source reference, not survey truth",171407660511936
606,0,UMTS,5390,6452,radio-62835dfe7db27a16,32.49010070304847,20.84990016557259,1,False,False,False,False,0,Libyana,6,1777420800000,1777488755000,Libyan_cells_dataset/cells.sqlite3|data/new_data/libya_collected_antennas/cellmapper/cellmapper_libya_antennas.csv,collected:1289|collected:1290|sqlite:2460|sqlite:2509|sqlite:2558|sqlite:2641,sqlite:2558,3.1599074552513935,"observed_coordinate_medoid; source reference, not survey truth",214006247036164
606,1,UMTS,1020,3248,radio-62a4bb6f35412bf4,32.09370049884817,20.131400471539592,1,False,False,False,False,0,Al-Madar,6,1781049600000,1789084800000,Libyan_cells_dataset/cells.sqlite3,sqlite:1381|sqlite:1432|sqlite:1925|sqlite:1965|sqlite:2013|sqlite:2114,sqlite:2013,0.052920623829238615,"observed_coordinate_medoid; source reference, not survey truth",273915774392128
606,1,GSM,1112,1073,radio-62b7cbda2fad916c,32.109321,20.083103,1,False,True,True,False,0,Al-Madar,5,1578182400000,1789112542000,Libyan_cells_dataset/cells.sqlite3|data/new_data/libya_collected_antennas/cellmapper/cellmapper_libya_antennas.csv,collected:897|collected:898|collected:899|sqlite:4144|sqlite:4199,collected:897,2.300083429313503,"observed_coordinate_medoid; source reference, not survey truth",147559578852132
606,0,UMTS,4240,1072,radio-62dce3391e0d5c4f,27.06810017308557,14.42740081138158,1,False,False,False,False,0,Libyana,1,1788912000000,1788998400000,Libyan_cells_dataset/cells.sqlite3,sqlite:2697,sqlite:2697,0.0,"observed_coordinate_medoid; source reference, not survey truth",126254061689114
606,1,UMTS,2011,1503,radio-631d26efbbf85bc2,32.826300327114176,13.032000145364933,1,False,False,False,False,0,Al-Madar,2,1602460800000,1602460800000,Libyan_cells_dataset/cells.sqlite3,sqlite:1642|sqlite:1729,sqlite:1642,0.06974673331632973,"observed_coordinate_medoid; source reference, not survey truth",158643559594663
606,1,GSM,3,2543,radio-633c53730d330319,32.813100909961065,13.016400392778616,1,False,False,False,False,0,Al-Madar,2,1785715200000,1785715200000,Libyan_cells_dataset/cells.sqlite3,sqlite:4028|sqlite:4069,sqlite:4028,0.03937604762030012,"observed_coordinate_medoid; source reference, not survey truth",44459127786535
606,1,LTE,14,628,radio-6377260a21e3612d,32.843000167140346,13.090000303543858,1,False,False,False,True,1,Al-Madar,1,1762214400000,1787529600000,Libyan_cells_dataset/cells.sqlite3,sqlite:165,sqlite:165,0.0,"observed_coordinate_medoid; source reference, not survey truth",209153649212837
606,0,UMTS,5330,1100,radio-6389c9d1b5dc2102,32.1471601,20.1062579,1,False,True,True,False,0,Libyana,3,1563845627000,1788116161000,data/new_data/libya_collected_antennas/cellmapper/cellmapper_libya_antennas.csv,collected:1058|collected:1059|collected:1060,collected:1058,0.0,"observed_coordinate_medoid; source reference, not survey truth",149799532477574
606,0,LTE,1510,1892,radio-63b01aa2e1a517c7,32.77240037294351,13.089600270180387,1,False,False,False,False,0,Libyana,1,1768780800000,1769212800000,Libyan_cells_dataset/cells.sqlite3,sqlite:816,sqlite:816,0.0,"observed_coordinate_medoid; source reference, not survey truth",162128842273217
606,0,LTE,2130,1759,radio-63b48fc363fc2017,32.619800816803995,13.168500168585096,1,False,False,False,False,0,Libyana,1,1778889600000,1781308800000,Libyan_cells_dataset/cells.sqlite3,sqlite:905,sqlite:905,0.0,"observed_coordinate_medoid; source reference, not survey truth",266738743295059
606,1,UMTS,1040,3186,radio-63e384e030f9246b,32.2462803,20.1950185,1,False,True,True,False,0,Al-Madar,1,1786722529000,1786731123000,data/new_data/libya_collected_antennas/cellmapper/cellmapper_libya_antennas.csv,collected:685,collected:685,0.0,"observed_coordinate_medoid; source reference, not survey truth",214994759748962
606,0,GSM,8278,1975,radio-64067b6fc9628529,32.87180025817076,13.34330011383304,1,False,False,False,False,0,Libyana,1,1784764800000,1785369600000,Libyan_cells_dataset/cells.sqlite3,sqlite:3391,sqlite:3391,0.0,"observed_coordinate_medoid; source reference, not survey truth",243325034519360
606,1,LTE,1230,101361,radio-641147cedbfd6eb0,31.96420089207555,20.142500546260514,1,False,False,False,True,1,Al-Madar,1,1770681600000,1785974400000,Libyan_cells_dataset/cells.sqlite3,sqlite:701,sqlite:701,0.0,"observed_coordinate_medoid; source reference, not survey truth",157079731168035
606,1,UMTS,303,4242,radio-6416866adf8cb0c0,32.367900202224625,15.076000671005728,1,False,False,False,False,0,Al-Madar,2,1576022400000,1576022400000,Libyan_cells_dataset/cells.sqlite3,sqlite:1484|sqlite:1549,sqlite:1549,0.025515998087167004,"observed_coordinate_medoid; source reference, not survey truth",128088239259040
606,1,GSM,1113,1156,radio-64217282a501cbd3,32.0557066216528,20.055394597800365,1,False,False,False,False,0,Al-Madar,3,1570930913000,1782926822000,data/new_data/libya_collected_antennas/cellmapper/cellmapper_libya_antennas.csv,collected:966|collected:967|collected:968,collected:966,0.0,"observed_coordinate_medoid; source reference, not survey truth",168016842626748
606,1,UMTS,1010,3062,radio-6422754d6fdccea7,32.12000087354635,20.107800120615305,1,False,False,True,False,0,Al-Madar,7,1755561600000,1785518507000,Libyan_cells_dataset/cells.sqlite3|data/new_data/libya_collected_antennas/cellmapper/cellmapper_libya_antennas.csv,collected:989|collected:990|collected:991|sqlite:1402|sqlite:1453|sqlite:2033|sqlite:2136,sqlite:2033,6.2150399190436465,"observed_coordinate_medoid; source reference, not survey truth",52220288753164
606,0,LTE,2150,2054,radio-643255e07f1f2c05,32.782800879662275,12.687100175358925,1,False,False,False,False,0,Libyana,2,1777334400000,1777406264000,Libyan_cells_dataset/cells.sqlite3|data/new_data/libya_collected_antennas/cellmapper/cellmapper_libya_antennas.csv,collected:333|sqlite:855,sqlite:855,4.41980148452828,"observed_coordinate_medoid; source reference, not survey truth",121660392834698
606,0,UMTS,5410,2024,radio-6445f76f09c35ec4,32.763078940341664,21.78721428517592,1,False,False,False,False,0,Libyana,4,1772928000000,1780718962000,Libyan_cells_dataset/cells.sqlite3|data/new_data/libya_collected_antennas/cellmapper/cellmapper_libya_antennas.csv,collected:1303|collected:1304|collected:1305|sqlite:2582,collected:1303,2.7675228745475073,"observed_coordinate_medoid; source reference, not survey truth",117800735125306
606,1,LTE,4021,4095,radio-6451c657fa454121,32.35485160641554,15.053202024320276,1,False,False,False,True,1,Al-Madar,3,1747440000000,1781889345000,Libyan_cells_dataset/cells.sqlite3|data/new_data/libya_collected_antennas/cellmapper/cellmapper_libya_antennas.csv,collected:89|collected:90|sqlite:494,collected:89,5.466538160061451,"observed_coordinate_medoid; source reference, not survey truth",10472530415450
606,1,GSM,1112,1001,radio-645324d2def13187,32.10470058666827,20.135800338962934,1,False,False,False,False,0,Al-Madar,1,1570924800000,1789084800000,Libyan_cells_dataset/cells.sqlite3,sqlite:3623,sqlite:3623,0.0,"observed_coordinate_medoid; source reference, not survey truth",238464446820388
606,0,LTE,4041,4184,radio-645d34acab9f58bb,32.34770084846496,15.076000240188069,1,False,False,False,False,0,Libyana,1,1747440000000,1781827200000,Libyan_cells_dataset/cells.sqlite3,sqlite:497,sqlite:497,0.0,"observed_coordinate_medoid; source reference, not survey truth",170960481350708
606,1,LTE,4101,4706,radio-646308aca90a128b,32.62660069225234,13.398200744112243,1,False,False,False,True,1,Al-Madar,1,1762300800000,1771113600000,Libyan_cells_dataset/cells.sqlite3,sqlite:63,sqlite:63,0.0,"observed_coordinate_medoid; source reference, not survey truth",192435604932318
606,0,LTE,6310,1055,radio-648d2bfec7abbb2b,32.1059503,20.0723229,1,False,True,True,False,0,Libyana,17,1572393600000,1789910964000,Libyan_cells_dataset/cells.sqlite3|data/new_data/libya_collected_antennas/cellmapper/cellmapper_libya_antennas.csv,collected:1704|collected:1705|collected:1706|collected:1707|collected:1708|collected:1709|collected:1710|collected:1711|collected:1712|collected:1713|collected:1714|collected:1715|collected:1716|collected:1717|collected:1718|collected:1719|sqlite:1158,collected:1704,17.628826408522748,"observed_coordinate_medoid; source reference, not survey truth",205473676659696
606,1,UMTS,10,101,radio-6498d5a822c357f4,32.622400890235596,13.212500571614617,1,False,False,False,False,0,Al-Madar,4,1587427200000,1587427200000,Libyan_cells_dataset/cells.sqlite3,sqlite:1816|sqlite:1866|sqlite:2066|sqlite:2166,sqlite:2166,0.08209383141420017,"observed_coordinate_medoid; source reference, not survey truth",128063723640976
606,0,LTE,2130,1256,radio-64fec3fe7ff60bda,32.725200875541226,13.207200244629755,1,False,False,False,False,0,Libyana,1,1755475200000,1787788800000,Libyan_cells_dataset/cells.sqlite3,sqlite:754,sqlite:754,0.0,"observed_coordinate_medoid; source reference, not survey truth",63049475796919
606,0,LTE,2110,3608,radio-65112f05f0c3352f,32.43330026919854,13.629900204903352,1,False,False,False,False,0,Libyana,1,1771718400000,1779408000000,Libyan_cells_dataset/cells.sqlite3,sqlite:1085,sqlite:1085,0.0,"observed_coordinate_medoid; source reference, not survey truth",30454631386247
606,0,LTE,4051,4260,radio-654918d16a0260ba,31.199200545234046,16.605000870050823,1,False,False,False,False,0,Libyana,1,1772064000000,1772064000000,Libyan_cells_dataset/cells.sqlite3,sqlite:500,sqlite:500,0.0,"observed_coordinate_medoid; source reference, not survey truth",205210465917391
606,1,LTE,4011,4221,radio-6551e9145e08e42d,32.37320077389917,14.610500590224586,1,False,False,False,True,1,Al-Madar,1,1600819200000,1600819200000,Libyan_cells_dataset/cells.sqlite3,sqlite:456,sqlite:456,0.0,"observed_coordinate_medoid; source reference, not survey truth",222629419622938
606,1,LTE,1220,100161,radio-659c3b4b9d4d07b2,32.08530042432591,20.140700139657937,1,False,False,False,True,1,Al-Madar,1,1552953600000,1785110400000,Libyan_cells_dataset/cells.sqlite3,sqlite:695,sqlite:695,0.0,"observed_coordinate_medoid; source reference, not survey truth",150514042590526
606,0,LTE,2120,1279,radio-65a1bc21c139311c,32.76610071462459,13.450300827966878,1,False,False,False,False,0,Libyana,1,1756080000000,1784678400000,Libyan_cells_dataset/cells.sqlite3,sqlite:960,sqlite:960,0.0,"observed_coordinate_medoid; source reference, not survey truth",197093485336314
606,0,LTE,6390,6002,radio-65b9d684b1123401,32.48570011810342,20.827400949817243,1,False,False,False,False,0,Libyana,1,1777420800000,1777420800000,Libyan_cells_dataset/cells.sqlite3,sqlite:1200,sqlite:1200,0.0,"observed_coordinate_medoid; source reference, not survey truth",171132879097202
606,0,LTE,6390,1060,radio-66110230dd98dd5b,32.07687123616537,20.259347025553385,1,False,False,False,False,0,Libyana,4,1789112542000,1789112543000,data/new_data/libya_collected_antennas/cellmapper/cellmapper_libya_antennas.csv,collected:1733|collected:1734|collected:1735|collected:1736,collected:1733,0.0,"observed_coordinate_medoid; source reference, not survey truth",82014475941870
606,1,LTE,4001,4201,radio-6626d81b20428349,32.64420013263871,14.251900387341875,1,False,False,False,True,1,Al-Madar,1,1777075200000,1787529600000,Libyan_cells_dataset/cells.sqlite3,sqlite:421,sqlite:421,0.0,"observed_coordinate_medoid; source reference, not survey truth",233213900920321
606,1,LTE,4131,4451,radio-6654779f07a5833f,29.0523003799624,21.49860046041078,1,False,False,False,True,1,Al-Madar,1,1783987200000,1783987200000,Libyan_cells_dataset/cells.sqlite3,sqlite:538,sqlite:538,0.0,"observed_coordinate_medoid; source reference, not survey truth",180319953074160
606,0,GSM,4430,6011,radio-6659318c366a2569,32.5031001789276,20.89050092932035,1,False,False,False,False,0,Libyana,1,1777420800000,1777420800000,Libyan_cells_dataset/cells.sqlite3,sqlite:3036,sqlite:3036,0.0,"observed_coordinate_medoid; source reference, not survey truth",38860247154120
606,0,LTE,2150,2412,radio-666f9de3f11788f5,32.75360071587925,12.675600327825094,1,False,False,False,False,0,Libyana,1,1782086400000,1782086400000,Libyan_cells_dataset/cells.sqlite3,sqlite:865,sqlite:865,0.0,"observed_coordinate_medoid; source reference, not survey truth",162125576105826
606,0,UMTS,2040,3533,radio-666f9fce48ad8b15,31.966600508586232,12.099800110599524,1,False,False,False,False,0,Libyana,1,1760140800000,1783555200000,Libyan_cells_dataset/cells.sqlite3,sqlite:2342,sqlite:2342,0.0,"observed_coordinate_medoid; source reference, not survey truth",183027206969693
606,0,LTE,6330,1146,radio-66866b250ac9e907,32.129600793918954,20.17810071195644,1,False,False,False,False,0,Libyana,2,1570924800000,1570930886000,Libyan_cells_dataset/cells.sqlite3|data/new_data/libya_collected_antennas/cellmapper/cellmapper_libya_antennas.csv,collected:2128|sqlite:1191,sqlite:1191,3.8009757784415004,"observed_coordinate_medoid; source reference, not survey truth",108810137455546
606,1,LTE,10,630,radio-66904b382aeecd9a,32.81010086317002,13.233500571834414,1,False,False,False,True,1,Al-Madar,1,1762214400000,1762300800000,Libyan_cells_dataset/cells.sqlite3,sqlite:164,sqlite:164,0.0,"observed_coordinate_medoid; source reference, not survey truth",138674829167648
606,0,LTE,2090,1918,radio-66919aa3106eec3a,32.70070016686165,14.021200683540528,1,False,False,False,False,0,Libyana,1,1779408000000,1782864000000,Libyan_cells_dataset/cells.sqlite3,sqlite:1064,sqlite:1064,0.0,"observed_coordinate_medoid; source reference, not survey truth",76123126208357
606,1,GSM,1113,1231,radio-66e3a8accb5aadb2,32.0712797,20.0480422,1,False,True,True,False,0,Al-Madar,4,1700438400000,1701949119000,Libyan_cells_dataset/cells.sqlite3|data/new_data/libya_collected_antennas/cellmapper/cellmapper_libya_antennas.csv,collected:958|collected:959|sqlite:4158|sqlite:4211,collected:958,4.594805021481152,"observed_coordinate_medoid; source reference, not survey truth",195275866114026
606,0,LTE,1030,4504,radio-66e8fca7f69b743d,32.459200947657244,14.55530066047612,1,False,False,False,False,0,Libyana,1,1782864000000,1782864000000,Libyan_cells_dataset/cells.sqlite3,sqlite:1123,sqlite:1123,0.0,"observed_coordinate_medoid; source reference, not survey truth",231761429422367
606,0,LTE,2040,3202,radio-66eba89262d09e0f,30.130300692504736,9.494500157297088,1,False,False,False,False,0,Libyana,1,1783555200000,1783641600000,Libyan_cells_dataset/cells.sqlite3,sqlite:1300,sqlite:1300,0.0,"observed_coordinate_medoid; source reference, not survey truth",139632805096220
606,0,LTE,11,2042,radio-670d470d30bb8592,32.93660074162523,12.087000229523301,1,False,False,False,False,0,Libyana,1,1772668800000,1772668800000,Libyan_cells_dataset/cells.sqlite3,sqlite:284,sqlite:284,0.0,"observed_coordinate_medoid; source reference, not survey truth",7552848897382
606,1,UMTS,300,4534,radio-6730007d9d95c764,32.66700069366797,14.243800268927192,1,False,False,False,False,0,Al-Madar,1,1576195200000,1777593600000,Libyan_cells_dataset/cells.sqlite3,sqlite:1331,sqlite:1331,0.0,"observed_coordinate_medoid; source reference, not survey truth",244680565379624
606,1,LTE,1230,102711,radio-67322e9c2e21d738,32.01440020726186,20.052200488586752,1,False,False,False,True,1,Al-Madar,1,1772755200000,1783987200000,Libyan_cells_dataset/cells.sqlite3,sqlite:600,sqlite:600,0.0,"observed_coordinate_medoid; source reference, not survey truth",100868288755064
606,1,LTE,10,112,radio-6733b1b507287967,32.80180084066748,13.254400297821924,1,False,False,False,True,1,Al-Madar,1,1783123200000,1783987200000,Libyan_cells_dataset/cells.sqlite3,sqlite:525,sqlite:525,0.0,"observed_coordinate_medoid; source reference, not survey truth",172183878418165
606,1,LTE,4081,4939,radio-673ce609e5b74a7e,32.8798009576156,13.29210093600584,1,False,False,False,True,1,Al-Madar,1,1767225600000,1767225600000,Libyan_cells_dataset/cells.sqlite3,sqlite:79,sqlite:79,0.0,"observed_coordinate_medoid; source reference, not survey truth",55601506498959
606,0,LTE,2120,1048,radio-6742ddf7c45a60c2,32.1266187,20.0739064,1,False,True,True,False,0,Libyana,12,1572394001000,1789910962000,data/new_data/libya_collected_antennas/cellmapper/cellmapper_libya_antennas.csv,collected:113|collected:114|collected:115|collected:116|collected:117|collected:118|collected:119|collected:120|collected:121|collected:122|collected:123|collected:124,collected:113,0.0,"observed_coordinate_medoid; source reference, not survey truth",75686355639875
606,1,LTE,1230,101171,radio-674b8d73289f46ec,32.058100151166386,20.103700647809855,1,False,False,False,True,1,Al-Madar,1,1785456000000,1785888000000,Libyan_cells_dataset/cells.sqlite3,sqlite:680,sqlite:680,0.0,"observed_coordinate_medoid; source reference, not survey truth",172101139767199
606,0,LTE,1050,4195,radio-67507c515f7fb987,31.396400544299926,15.720300745227036,1,False,False,False,False,0,Libyana,1,1782864000000,1782864000000,Libyan_cells_dataset/cells.sqlite3,sqlite:1145,sqlite:1145,0.0,"observed_coordinate_medoid; source reference, not survey truth",249844446633151
606,0,LTE,6390,1189,radio-676f7e23fef8e35a,32.80179346524752,13.15933344914363,1,False,False,False,False,0,Libyana,5,1769858060000,1789220778000,Libyan_cells_dataset/cells.sqlite3|data/new_data/libya_collected_antennas/cellmapper/cellmapper_libya_antennas.csv,collected:2344|collected:2345|collected:2346|collected:2347|sqlite:789,collected:2344,3.1853488955809466,"observed_coordinate_medoid; source reference, not survey truth",88617915672584
606,0,LTE,1810,1213,radio-6787e84c575029a1,32.88505430479304,13.19317322163958,1,False,False,False,False,0,Libyana,6,1575331200000,1778765579000,Libyan_cells_dataset/cells.sqlite3|data/new_data/libya_collected_antennas/cellmapper/cellmapper_libya_antennas.csv,collected:430|collected:431|collected:432|collected:433|collected:434|sqlite:755,collected:430,5.689441128596813,"observed_coordinate_medoid; source reference, not survey truth",113572180783913
606,1,GSM,1113,1016,radio-67a44f7fa2f8a55e,32.085300503517075,20.14070040777778,1,False,False,False,False,0,Al-Madar,3,1570924800000,1701734400000,Libyan_cells_dataset/cells.sqlite3,sqlite:3644|sqlite:4170|sqlite:4221,sqlite:4221,0.06662806800548313,"observed_coordinate_medoid; source reference, not survey truth",150514042590526
606,1,LTE,8091,4815,radio-67afa9abfaaf4ada,32.8016003459285,13.480300651119911,1,False,False,False,True,1,Al-Madar,1,1759363200000,1776902400000,Libyan_cells_dataset/cells.sqlite3,sqlite:106,sqlite:106,0.0,"observed_coordinate_medoid; source reference, not survey truth",15819047184742
606,1,LTE,4131,4437,radio-67efaccb22eb6f8b,29.013700418838035,21.515000936371546,1,False,False,False,True,1,Al-Madar,1,1783987200000,1783987200000,Libyan_cells_dataset/cells.sqlite3,sqlite:581,sqlite:581,0.0,"observed_coordinate_medoid; source reference, not survey truth",243734914530963
606,0,LTE,2120,1543,radio-67ff2c0efa6d04dd,32.67040020835064,13.368600458996257,1,False,False,False,False,0,Libyana,1,1755388800000,1787097600000,Libyan_cells_dataset/cells.sqlite3,sqlite:938,sqlite:938,0.0,"observed_coordinate_medoid; source reference, not survey truth",99075287764233
606,1,UMTS,302,4366,radio-6805653f9eb8af4f,32.37400064794528,15.005700451454915,1,False,False,False,False,0,Al-Madar,4,1576022400000,1576022400000,Libyan_cells_dataset/cells.sqlite3,sqlite:1458|sqlite:1517|sqlite:1750|sqlite:1929,sqlite:1750,0.08627857265680185,"observed_coordinate_medoid; source reference, not survey truth",88053715592125
606,1,UMTS,303,4282,radio-682b55e4c08a638b,32.40400017352501,15.087600447709065,1,False,False,False,False,0,Al-Madar,1,1610236800000,1610236800000,Libyan_cells_dataset/cells.sqlite3,sqlite:1493,sqlite:1493,0.0,"observed_coordinate_medoid; source reference, not survey truth",18446594048447
606,0,GSM,9040,6407,radio-68329739c5ee1c92,27.532100904040384,14.255000847148736,1,False,False,False,False,0,Libyana,1,1768176000000,1768176000000,Libyan_cells_dataset/cells.sqlite3,sqlite:3621,sqlite:3621,0.0,"observed_coordinate_medoid; source reference, not survey truth",195389850785318
606,0,LTE,1020,1769,radio-683d0ae7980aa34d,32.53840078555463,13.90820023818379,1,False,False,False,False,0,Libyana,1,1779408000000,1785456000000,Libyan_cells_dataset/cells.sqlite3,sqlite:1079,sqlite:1079,0.0,"observed_coordinate_medoid; source reference, not survey truth",140776267350682
606,1,UMTS,300,4684,radio-686672d8864d529c,32.570700706583494,14.051700235195545,1,False,False,False,False,0,Al-Madar,1,1777507200000,1783555200000,Libyan_cells_dataset/cells.sqlite3,sqlite:1342,sqlite:1342,0.0,"observed_coordinate_medoid; source reference, not survey truth",26927963539450
606,0,LTE,2130,1365,radio-686c4180f3b2a66e,32.61330096830369,13.17030043862328,1,False,False,False,False,0,Libyana,1,1771718400000,1781308800000,Libyan_cells_dataset/cells.sqlite3,sqlite:904,sqlite:904,0.0,"observed_coordinate_medoid; source reference, not survey truth",162005287002950
606,1,GSM,1112,1009,radio-688748e421d38597,32.10710055775093,20.11450077549382,1,False,False,False,False,0,Al-Madar,1,1581206400000,1789084800000,Libyan_cells_dataset/cells.sqlite3,sqlite:3630,sqlite:3630,0.0,"observed_coordinate_medoid; source reference, not survey truth",19975227167373
606,0,LTE,6310,1098,radio-6890cce4496d2ff9,32.109509,20.0809405,1,False,True,True,False,0,Libyana,9,1572394020000,1789910964000,data/new_data/libya_collected_antennas/cellmapper/cellmapper_libya_antennas.csv,collected:1939|collected:1940|collected:1941|collected:1942|collected:1943|collected:1944|collected:1945|collected:1946|collected:1947,collected:1939,0.0,"observed_coordinate_medoid; source reference, not survey truth",233248156599566
606,1,LTE,4001,4329,radio-689fe010ea271aaa,32.61550069305094,14.298700561787838,1,False,False,False,True,1,Al-Madar,1,1776988800000,1787529600000,Libyan_cells_dataset/cells.sqlite3,sqlite:419,sqlite:419,0.0,"observed_coordinate_medoid; source reference, not survey truth",160133966758513
606,1,GSM,8029,1555,radio-68a448f3dc4ed8b1,32.728400588453454,13.7529007083861,1,False,False,False,False,0,Al-Madar,6,1779494400000,1780099200000,Libyan_cells_dataset/cells.sqlite3,sqlite:3702|sqlite:3749|sqlite:3800|sqlite:3830|sqlite:3948|sqlite:4116,sqlite:3830,0.07421679724407233,"observed_coordinate_medoid; source reference, not survey truth",144121715275606
606,1,LTE,1,349,radio-68ba17a3a99da6fb,32.88510015342921,13.181600408670514,1,False,False,False,True,1,Al-Madar,1,1751068800000,1751068800000,Libyan_cells_dataset/cells.sqlite3,sqlite:36,sqlite:36,0.0,"observed_coordinate_medoid; source reference, not survey truth",212131174335031
606,1,GSM,2000,1475,radio-68c750155275b53f,32.57970091860929,13.939300518655,1,False,False,False,False,0,Al-Madar,6,1777075200000,1789084800000,Libyan_cells_dataset/cells.sqlite3,sqlite:3690|sqlite:3738|sqlite:3789|sqlite:3828|sqlite:3945|sqlite:4105,sqlite:4105,0.08920449425735379,"observed_coordinate_medoid; source reference, not survey truth",166989667874672
606,1,UMTS,304,5979,radio-68cb32ff96be2bbf,31.396400482193275,15.72030036372219,1,False,False,False,False,0,Al-Madar,2,1782864000000,1782864000000,Libyan_cells_dataset/cells.sqlite3,sqlite:1479|sqlite:1986,sqlite:1986,0.04286316428708676,"observed_coordinate_medoid; source reference, not survey truth",249844446633151
606,0,LTE,4031,4147,radio-68cdfe899a92fb62,32.38090057330817,15.188000541989933,1,False,False,False,False,0,Libyana,1,1610236800000,1610236800000,Libyan_cells_dataset/cells.sqlite3,sqlite:474,sqlite:474,0.0,"observed_coordinate_medoid; source reference, not survey truth",186663439954755
606,0,UMTS,5410,2007,radio-68ea6e92267843e4,32.782600301891364,21.823900675233006,1,False,False,False,False,0,Libyana,7,1772928000000,1773353776000,Libyan_cells_dataset/cells.sqlite3|data/new_data/libya_collected_antennas/cellmapper/cellmapper_libya_antennas.csv,collected:1331|collected:1332|sqlite:2431|sqlite:2480|sqlite:2529|sqlite:2569|sqlite:2612,sqlite:2431,2.725340078665781,"observed_coordinate_medoid; source reference, not survey truth",255072818945642
606,0,UMTS,4040,3038,radio-68ebc52607a05703,27.048300310590406,14.425100538087246,1,False,False,False,False,0,Libyana,1,1454112000000,1454112000000,Libyan_cells_dataset/cells.sqlite3,sqlite:2650,sqlite:2650,0.0,"observed_coordinate_medoid; source reference, not survey truth",212154659356326
606,1,LTE,4181,5000,radio-68fdd104f3db21ca,30.72650035701279,20.19490091713869,1,False,False,False,True,1,Al-Madar,1,1774310400000,1782086400000,Libyan_cells_dataset/cells.sqlite3,sqlite:543,sqlite:543,0.0,"observed_coordinate_medoid; source reference, not survey truth",112740530060764
606,0,LTE,6390,1116,radio-6902514d86363fa6,32.2033729,20.1574391,1,False,True,True,False,0,Libyana,3,1755605521000,1788116175000,data/new_data/libya_collected_antennas/cellmapper/cellmapper_libya_antennas.csv,collected:401|collected:402|collected:403,collected:401,0.0,"observed_coordinate_medoid; source reference, not survey truth",229669358410401
606,0,GSM,4360,1068,radio-690df290e4f2bb26,32.07060033129089,20.097600603752408,1,False,False,False,False,0,Libyana,5,1546128000000,1598918400000,Libyan_cells_dataset/cells.sqlite3,sqlite:2718|sqlite:2764|sqlite:2858|sqlite:2910|sqlite:3067,sqlite:2858,0.08264804543832038,"observed_coordinate_medoid; source reference, not survey truth",177773809231650
606,0,LTE,1810,1114,radio-690e66a82b75c587,32.88775049216216,13.17742313,1,False,False,False,False,0,Libyana,3,1597846380000,1788116147000,data/new_data/libya_collected_antennas/cellmapper/cellmapper_libya_antennas.csv,collected:2029|collected:2030|collected:2031,collected:2029,0.0,"observed_coordinate_medoid; source reference, not survey truth",157849497419659
606,1,LTE,4011,4366,radio-691e589a6e620263,32.42270080926068,14.562500121508409,1,False,False,False,True,1,Al-Madar,1,1782518400000,1782518400000,Libyan_cells_dataset/cells.sqlite3,sqlite:443,sqlite:443,0.0,"observed_coordinate_medoid; source reference, not survey truth",64094892898040
606,0,LTE,2140,1533,radio-69319a5d8b02afb0,32.33600077348126,12.622100953732556,1,False,False,False,False,0,Libyana,1,1783555200000,1783728000000,Libyan_cells_dataset/cells.sqlite3,sqlite:1309,sqlite:1309,0.0,"observed_coordinate_medoid; source reference, not survey truth",28804523579672
606,0,LTE,1030,4198,radio-6963690935be4e63,32.49780017414011,14.536000926588917,1,False,False,False,False,0,Libyana,1,1773187200000,1773273600000,Libyan_cells_dataset/cells.sqlite3,sqlite:1116,sqlite:1116,0.0,"observed_coordinate_medoid; source reference, not survey truth",22583538577414
606,0,UMTS,2140,1526,radio-69bdec34f34fd89d,32.364800542242165,12.683600122379477,1,False,False,False,False,0,Libyana,1,1783728000000,1783728000000,Libyan_cells_dataset/cells.sqlite3,sqlite:2349,sqlite:2349,0.0,"observed_coordinate_medoid; source reference, not survey truth",202966907106752
606,0,UMTS,1030,4664,radio-69bf4afa0196fbbb,32.55910052698808,14.352200412403802,1,False,False,False,False,0,Libyana,3,1575417600000,1782777600000,Libyan_cells_dataset/cells.sqlite3,sqlite:2208|sqlite:2257|sqlite:2383,sqlite:2383,0.0699238429902116,"observed_coordinate_medoid; source reference, not survey truth",136547355964391
606,0,LTE,6330,1164,radio-69cd853572c509ea,32.06691071793846,20.04475325507104,1,False,False,False,False,0,Libyana,6,1557100800000,1788116161000,Libyan_cells_dataset/cells.sqlite3|data/new_data/libya_collected_antennas/cellmapper/cellmapper_libya_antennas.csv,collected:2220|collected:2221|collected:2222|collected:2223|collected:2224|sqlite:1195,collected:2220,292.10756659148586,"observed_coordinate_medoid; source reference, not survey truth",130641928311181
606,0,GSM,4380,1184,radio-69e2f8e44be53fd6,32.095900566056315,20.134200809428677,1,False,False,False,False,0,Libyana,2,1782604800000,1782777600000,Libyan_cells_dataset/cells.sqlite3,sqlite:2840|sqlite:2984,sqlite:2840,0.009893763468057806,"observed_coordinate_medoid; source reference, not survey truth",85393714517053
606,1,UMTS,300,4541,radio-69ef253f5b1c59cf,32.583800513328,14.039500673780056,1,False,False,False,False,0,Al-Madar,1,1777420800000,1783555200000,Libyan_cells_dataset/cells.sqlite3,sqlite:1341,sqlite:1341,0.0,"observed_coordinate_medoid; source reference, not survey truth",21396551076102
606,0,LTE,2120,1409,radio-6a2bb6f45bba8dd2,32.782100381293866,13.535100713884637,1,False,False,False,False,0,Libyana,1,1756080000000,1787184000000,Libyan_cells_dataset/cells.sqlite3,sqlite:970,sqlite:970,0.0,"observed_coordinate_medoid; source reference, not survey truth",80708711299086
606,1,LTE,3,799,radio-6a2d6693268f7e3c,32.784800783663876,13.104800477881733,1,False,False,False,True,1,Al-Madar,1,1782864000000,1782864000000,Libyan_cells_dataset/cells.sqlite3,sqlite:203,sqlite:203,0.0,"observed_coordinate_medoid; source reference, not survey truth",206201883743170
606,1,LTE,2,11,radio-6a51e9deef723464,32.87510029485807,13.151900292397723,1,False,False,False,True,1,Al-Madar,1,1762300800000,1778716800000,Libyan_cells_dataset/cells.sqlite3,sqlite:86,sqlite:86,0.0,"observed_coordinate_medoid; source reference, not survey truth",90710406816147
606,0,GSM,4330,1028,radio-6a5305593f4fa34f,32.11680013579285,20.093800788330142,1,False,False,False,False,0,Libyana,2,1554422400000,1786665600000,Libyan_cells_dataset/cells.sqlite3,sqlite:2845|sqlite:2988,sqlite:2845,0.08268523201431971,"observed_coordinate_medoid; source reference, not survey truth",80802718383611
606,0,LTE,1910,1316,radio-6a54cc6afa101dbb,32.89784382411412,13.317444828578404,1,False,False,False,False,0,Libyana,2,1756368315000,1787205257000,data/new_data/libya_collected_antennas/cellmapper/cellmapper_libya_antennas.csv,collected:646|collected:647,collected:646,0.0,"observed_coordinate_medoid; source reference, not survey truth",139851512745564
606,0,LTE,2140,6422,radio-6a80831dae53796f,32.753700864724664,12.893300259617188,1,False,False,False,False,0,Libyana,1,1787443200000,1787529600000,Libyan_cells_dataset/cells.sqlite3,sqlite:813,sqlite:813,0.0,"observed_coordinate_medoid; source reference, not survey truth",131183057071603
606,1,LTE,10,523,radio-6a8b72f8d7a1e0a4,32.69610029539869,13.233500858190753,1,False,False,False,True,1,Al-Madar,1,1759881600000,1785888000000,Libyan_cells_dataset/cells.sqlite3,sqlite:348,sqlite:348,0.0,"observed_coordinate_medoid; source reference, not survey truth",105445103081044
606,1,UMTS,300,4681,radio-6a9bc016d06e89b3,32.57710023534444,14.036700128463622,1,False,False,False,False,0,Al-Madar,1,1777507200000,1784678400000,Libyan_cells_dataset/cells.sqlite3,sqlite:1334,sqlite:1334,0.0,"observed_coordinate_medoid; source reference, not survey truth",237685169953411
606,0,GSM,8278,6254,radio-6ab91a259cde6e6a,32.88520081823171,13.329400791433201,1,False,False,False,False,0,Libyana,1,1784764800000,1786492800000,Libyan_cells_dataset/cells.sqlite3,sqlite:3396,sqlite:3396,0.0,"observed_coordinate_medoid; source reference, not survey truth",27064201021012
606,1,LTE,4151,4449,radio-6ac049b87a343df8,31.632500709971374,20.366000796901908,1,False,False,False,True,1,Al-Madar,1,1785974400000,1785974400000,Libyan_cells_dataset/cells.sqlite3,sqlite:548,sqlite:548,0.0,"observed_coordinate_medoid; source reference, not survey truth",122057400194772
606,0,LTE,6330,1132,radio-6acae71c460d38a1,32.06241469687593,20.105353294534872,1,False,False,False,False,0,Libyana,6,1701270633000,1790102358000,data/new_data/libya_collected_antennas/cellmapper/cellmapper_libya_antennas.csv,collected:165|collected:166|collected:167|collected:168|collected:169|collected:170,collected:165,0.0,"observed_coordinate_medoid; source reference, not survey truth",8433562874100
606,0,LTE,6330,1056,radio-6affde5121a6097d,32.830299377441406,13.254986763000488,1,False,False,False,False,0,Libyana,6,1570930986000,1790102359000,data/new_data/libya_collected_antennas/cellmapper/cellmapper_libya_antennas.csv,collected:1720|collected:1721|collected:1722|collected:1723|collected:1724|collected:1725,collected:1720,0.0,"observed_coordinate_medoid; source reference, not survey truth",199501864301828
606,0,LTE,1810,1618,radio-6b3008ac23eb0435,32.90023136308337,13.214638720645944,1,False,False,False,False,0,Libyana,2,1575392250000,1786862297000,data/new_data/libya_collected_antennas/cellmapper/cellmapper_libya_antennas.csv,collected:592|collected:593,collected:592,0.0,"observed_coordinate_medoid; source reference, not survey truth",80975965547543
606,1,GSM,2000,1452,radio-6b6388c9b1a64bc2,32.580000642577666,13.94610071730701,1,False,False,False,False,0,Al-Madar,6,1779408000000,1779494400000,Libyan_cells_dataset/cells.sqlite3,sqlite:3685|sqlite:3734|sqlite:3785|sqlite:3825|sqlite:3942|sqlite:4101,sqlite:3685,0.0765772062108819,"observed_coordinate_medoid; source reference, not survey truth",244135442838550
606,0,LTE,2130,1324,radio-6b88b263cbab8eb6,32.690500567068135,13.155100122142013,1,False,False,False,False,0,Libyana,1,1755475200000,1787184000000,Libyan_cells_dataset/cells.sqlite3,sqlite:891,sqlite:891,0.0,"observed_coordinate_medoid; source reference, not survey truth",69768711996589
606,1,LTE,1240,100391,radio-6ba5c194612d2e74,32.21060066327417,20.16630069454448,1,False,False,False,True,1,Al-Madar,1,1768521600000,1786665600000,Libyan_cells_dataset/cells.sqlite3,sqlite:616,sqlite:616,0.0,"observed_coordinate_medoid; source reference, not survey truth",183705263959482
606,1,UMTS,300,4682,radio-6bc040886893c4bd,32.60830011339815,14.026700437916526,1,False,False,False,False,0,Al-Madar,1,1576195200000,1789084800000,Libyan_cells_dataset/cells.sqlite3,sqlite:1320,sqlite:1320,0.0,"observed_coordinate_medoid; source reference, not survey truth",5827343967594
606,0,UMTS,4220,4902,radio-6bf0471dffc0ad79,27.549800695862704,13.634100954705552,1,False,False,False,False,0,Libyana,1,1673481600000,1673481600000,Libyan_cells_dataset/cells.sqlite3,sqlite:2653,sqlite:2653,0.0,"observed_coordinate_medoid; source reference, not survey truth",103195563728381
606,1,LTE,1240,103691,radio-6bf699e7a298687b,31.73380098439829,20.261400888742184,1,False,False,False,True,1,Al-Madar,1,1785283200000,1785974400000,Libyan_cells_dataset/cells.sqlite3,sqlite:541,sqlite:541,0.0,"observed_coordinate_medoid; source reference, not survey truth",117138333244474
606,0,LTE,1030,4109,radio-6c090c06d2b4e531,32.566400871670425,14.286000335337112,1,False,False,False,False,0,Libyana,1,1748131200000,1748131200000,Libyan_cells_dataset/cells.sqlite3,sqlite:1102,sqlite:1102,0.0,"observed_coordinate_medoid; source reference, not survey truth",33383136615739
606,0,GSM,9360,4037,radio-6c19370aaeea81e4,27.046700677170808,14.418700423608344,1,False,False,False,False,0,Libyana,1,1454112000000,1454112000000,Libyan_cells_dataset/cells.sqlite3,sqlite:3617,sqlite:3617,0.0,"observed_coordinate_medoid; source reference, not survey truth",31597703387083
606,0,LTE,2150,2040,radio-6c4136f308035fec,32.77580030337485,12.72870091730461,1,False,False,False,False,0,Libyana,2,1782777600000,1782852047000,Libyan_cells_dataset/cells.sqlite3|data/new_data/libya_collected_antennas/cellmapper/cellmapper_libya_antennas.csv,collected:334|sqlite:846,sqlite:846,4.910036863530686,"observed_coordinate_medoid; source reference, not survey truth",168057140082317
606,1,LTE,1,126,radio-6c5cbace70d6807f,32.875400567022936,13.178300519419087,1,False,False,False,True,1,Al-Madar,1,1768694400000,1781913600000,Libyan_cells_dataset/cells.sqlite3,sqlite:530,sqlite:530,0.0,"observed_coordinate_medoid; source reference, not survey truth",230489732262821
606,1,LTE,4011,4185,radio-6ca67e2433c8b2c1,32.47890025566131,14.57680038158652,1,False,False,False,True,1,Al-Madar,1,1554163200000,1783123200000,Libyan_cells_dataset/cells.sqlite3,sqlite:455,sqlite:455,0.0,"observed_coordinate_medoid; source reference, not survey truth",190445340283246
606,0,UMTS,1510,1582,radio-6cc54233fc3fd3e6,32.81510079295979,12.953400422148917,1,False,False,False,False,0,Libyana,4,1772668800000,1772668800000,Libyan_cells_dataset/cells.sqlite3,sqlite:2215|sqlite:2264|sqlite:2305|sqlite:2390,sqlite:2264,0.0746957852270012,"observed_coordinate_medoid; source reference, not survey truth",237128872412148
606,0,LTE,1020,1791,radio-6cdc6bfd97f1989c,32.57210072316628,14.094800129915257,1,False,False,False,False,0,Libyana,1,1775606400000,1783555200000,Libyan_cells_dataset/cells.sqlite3,sqlite:1066,sqlite:1066,0.0,"observed_coordinate_medoid; source reference, not survey truth",219765942113259
606,0,LTE,4101,4605,radio-6cf1e5105040e0b1,32.60980045389621,13.370600582692855,1,False,False,False,False,0,Libyana,1,1755734400000,1771113600000,Libyan_cells_dataset/cells.sqlite3,sqlite:8,sqlite:8,0.0,"observed_coordinate_medoid; source reference, not survey truth",119946241179865
606,1,LTE,1250,106621,radio-6cf2ec5877b1a85e,32.81360014705134,21.873200336419394,1,False,False,False,True,1,Al-Madar,1,1761609600000,1784764800000,Libyan_cells_dataset/cells.sqlite3,sqlite:654,sqlite:654,0.0,"observed_coordinate_medoid; source reference, not survey truth",273167909588629
606,0,UMTS,5370,4333,radio-6cf4f6c9ad97e10e,31.200000574232092,16.582100791835874,1,False,False,False,False,0,Libyana,1,1782086400000,1782086400000,Libyan_cells_dataset/cells.sqlite3,sqlite:2678,sqlite:2678,0.0,"observed_coordinate_medoid; source reference, not survey truth",273765526790375
606,1,LTE,2,78,radio-6d0dd6ce0d715862,32.86700051745782,13.229600241750957,1,False,False,False,True,1,Al-Madar,1,1756598400000,1787529600000,Libyan_cells_dataset/cells.sqlite3,sqlite:514,sqlite:514,0.0,"observed_coordinate_medoid; source reference, not survey truth",97219918889477
606,0,LTE,1610,6218,radio-6d8532dbe1dacbc9,32.83980074058272,13.134900346760604,1,False,False,False,False,0,Libyana,1,1768521600000,1782259200000,Libyan_cells_dataset/cells.sqlite3,sqlite:737,sqlite:737,0.0,"observed_coordinate_medoid; source reference, not survey truth",250734328795393
606,1,UMTS,302,4400,radio-6d8d0cc6922e7301,32.39330070764809,14.927700392844944,1,False,False,False,False,0,Al-Madar,1,1576195200000,1576195200000,Libyan_cells_dataset/cells.sqlite3,sqlite:1500,sqlite:1500,0.0,"observed_coordinate_medoid; source reference, not survey truth",206662265417512
606,0,LTE,2120,1274,radio-6d8f6d3c17e527a2,32.82690052711448,13.420800484755253,1,False,False,False,False,0,Libyana,1,1777334400000,1783814400000,Libyan_cells_dataset/cells.sqlite3,sqlite:978,sqlite:978,0.0,"observed_coordinate_medoid; source reference, not survey truth",24881653257415
606,1,LTE,3,170,radio-6d9e0b7f60f30066,32.77480055282531,13.082300403049624,1,False,False,False,True,1,Al-Madar,1,1782864000000,1785974400000,Libyan_cells_dataset/cells.sqlite3,sqlite:18,sqlite:18,0.0,"observed_coordinate_medoid; source reference, not survey truth",89506959963005
606,0,UMTS,1610,1011,radio-6dbd854de8e06274,32.87690031905784,13.21660024870256,1,False,False,False,False,0,Libyana,4,1419897600000,1419897600000,Libyan_cells_dataset/cells.sqlite3,sqlite:2188|sqlite:2238|sqlite:2288|sqlite:2366,sqlite:2288,0.07290920934675546,"observed_coordinate_medoid; source reference, not survey truth",78319995475252
606,0,GSM,8278,6323,radio-6dc1e4aba1960a83,32.87230057713944,13.382700464676587,1,False,False,False,False,0,Libyana,3,1784764800000,1786492800000,Libyan_cells_dataset/cells.sqlite3,sqlite:3366|sqlite:3426|sqlite:3495,sqlite:3495,0.0764864880869118,"observed_coordinate_medoid; source reference, not survey truth",83497436371604
606,0,LTE,6390,6006,radio-6ddb950f61b393a6,32.4955806187221,20.82772652762277,1,False,False,False,False,0,Libyana,5,1776816000000,1777488755000,Libyan_cells_dataset/cells.sqlite3|data/new_data/libya_collected_antennas/cellmapper/cellmapper_libya_antennas.csv,collected:280|collected:281|collected:282|collected:283|sqlite:1249,collected:280,3.2817081412960154,"observed_coordinate_medoid; source reference, not survey truth",266802006211118
606,0,GSM,8280,1395,radio-6de702737a58c426,32.64280013256998,13.441100590456372,1,False,False,False,False,0,Libyana,2,1755993600000,1785888000000,Libyan_cells_dataset/cells.sqlite3,sqlite:3369|sqlite:3435,sqlite:3369,0.050151841265127374,"observed_coordinate_medoid; source reference, not survey truth",58582342393589
606,0,GSM,8278,6249,radio-6e1be9d7d6ee6dc1,32.871400439774874,13.402000608612658,1,False,False,False,False,0,Libyana,3,1784764800000,1786492800000,Libyan_cells_dataset/cells.sqlite3,sqlite:3345|sqlite:3365|sqlite:3425,sqlite:3345,0.057014201677748705,"observed_coordinate_medoid; source reference, not survey truth",257707516399402
606,1,LTE,3,752,radio-6e3e241c79246e7f,32.68020021187816,12.916100785249125,1,False,False,False,True,1,Al-Madar,1,1787443200000,1787529600000,Libyan_cells_dataset/cells.sqlite3,sqlite:218,sqlite:218,0.0,"observed_coordinate_medoid; source reference, not survey truth",98695147225950
606,0,LTE,6310,1008,radio-6e5d3ba4a2587d81,32.0939456,20.0758101,1,False,True,True,False,0,Libyana,8,1572394046000,1788116172000,data/new_data/libya_collected_antennas/cellmapper/cellmapper_libya_antennas.csv,collected:1392|collected:1393|collected:1394|collected:1395|collected:1396|collected:1397|collected:1398|collected:1399,collected:1392,0.0,"observed_coordinate_medoid; source reference, not survey truth",273161231189374
606,1,LTE,10,288,radio-6e6a24dc2fb3118b,32.690700280437504,13.207500787047454,1,False,False,False,True,1,Al-Madar,1,1759881600000,1781481600000,Libyan_cells_dataset/cells.sqlite3,sqlite:343,sqlite:343,0.0,"observed_coordinate_medoid; source reference, not survey truth",180161447641848
606,0,UMTS,2140,2223,radio-6e7b577134d0f215,32.78790063055156,12.80960031332072,1,False,False,False,False,0,Libyana,1,1761004800000,1761004800000,Libyan_cells_dataset/cells.sqlite3,sqlite:2332,sqlite:2332,0.0,"observed_coordinate_medoid; source reference, not survey truth",271646907325075
606,0,GSM,8278,1049,radio-6e93260c782beed8,32.872200729390016,13.35550061934263,1,False,False,False,False,0,Libyana,1,1783987200000,1784764800000,Libyan_cells_dataset/cells.sqlite3,sqlite:3378,sqlite:3378,0.0,"observed_coordinate_medoid; source reference, not survey truth",11865659873204
606,1,UMTS,300,4188,radio-6e9e5a4f098166cf,32.65010037511018,14.257900514680133,1,False,False,False,False,0,Al-Madar,1,1581984000000,1777420800000,Libyan_cells_dataset/cells.sqlite3,sqlite:1328,sqlite:1328,0.0,"observed_coordinate_medoid; source reference, not survey truth",180350119686876
606,0,LTE,6410,2048,radio-6ea8b8b5b7a97733,32.75706481933594,21.749818801879883,1,False,False,False,False,0,Libyana,1,1788748552000,1788748552000,data/new_data/libya_collected_antennas/cellmapper/cellmapper_libya_antennas.csv,collected:2520,collected:2520,0.0,"observed_coordinate_medoid; source reference, not survey truth",83540140211740
606,1,UMTS,301,4478,radio-6eaa09c0bacd5f88,32.431300934317285,14.624100688692131,1,False,False,False,False,0,Al-Madar,3,1576195200000,1782864000000,Libyan_cells_dataset/cells.sqlite3,sqlite:1473|sqlite:1538|sqlite:1778,sqlite:1538,0.08127876524880093,"observed_coordinate_medoid; source reference, not survey truth",152948310561543
606,0,LTE,2110,1757,radio-6eb6a9df16166d80,32.7384004534508,13.60740055527989,1,False,False,False,False,0,Libyana,1,1755475200000,1787184000000,Libyan_cells_dataset/cells.sqlite3,sqlite:1024,sqlite:1024,0.0,"observed_coordinate_medoid; source reference, not survey truth",209614295020149
606,0,UMTS,1050,4023,radio-6ecc0e13ed9ca6b7,32.346515655518,15.0813331604,1,False,False,False,False,0,Libyana,1,1575453036000,1575453037000,data/new_data/libya_collected_antennas/cellmapper/cellmapper_libya_antennas.csv,collected:1031,collected:1031,0.0,"observed_coordinate_medoid; source reference, not survey truth",231436334206622
606,0,LTE,1510,1037,radio-6eeb1c78623c0e0b,32.82900064222043,13.015200359012164,1,False,False,False,False,0,Libyana,1,1553040000000,1787529600000,Libyan_cells_dataset/cells.sqlite3,sqlite:735,sqlite:735,0.0,"observed_coordinate_medoid; source reference, not survey truth",205962204388130
606,0,LTE,4011,4054,radio-6eee4c6c03047afe,32.47130045156775,14.567300884005347,1,False,False,False,False,0,Libyana,1,1561852800000,1773273600000,Libyan_cells_dataset/cells.sqlite3,sqlite:449,sqlite:449,0.0,"observed_coordinate_medoid; source reference, not survey truth",8874703516396
606,1,LTE,2,486,radio-6f13b4995ff73da5,32.84290057587583,13.173100811707576,1,False,False,False,True,1,Al-Madar,1,1768521600000,1768521600000,Libyan_cells_dataset/cells.sqlite3,sqlite:180,sqlite:180,0.0,"observed_coordinate_medoid; source reference, not survey truth",238747433709729
606,1,UMTS,306,4100,radio-6f3910e6ec6c1f4a,27.54690021019268,14.273300273559046,1,False,False,False,False,0,Al-Madar,1,1654646400000,1665878400000,Libyan_cells_dataset/cells.sqlite3,sqlite:1757,sqlite:1757,0.0,"observed_coordinate_medoid; source reference, not survey truth",67742449134898
606,0,GSM,8280,1798,radio-6f4be99c392c036d,32.77210059512492,13.580400433522527,1,False,False,False,False,0,Libyana,1,1784764800000,1786406400000,Libyan_cells_dataset/cells.sqlite3,sqlite:3387,sqlite:3387,0.0,"observed_coordinate_medoid; source reference, not survey truth",248874120022247
606,1,LTE,1250,106131,radio-6f64db2c4c66565f,32.76490028036806,21.777000941165873,1,False,False,False,True,1,Al-Madar,1,1757894400000,1780704000000,Libyan_cells_dataset/cells.sqlite3,sqlite:652,sqlite:652,0.0,"observed_coordinate_medoid; source reference, not survey truth",147728011321903
606,0,GSM,4360,1057,radio-6f8b46ab709b2096,32.052800548877066,20.03960041766388,1,False,False,False,False,0,Libyana,7,1686700800000,1709052234000,Libyan_cells_dataset/cells.sqlite3|data/new_data/libya_collected_antennas/cellmapper/cellmapper_libya_antennas.csv,collected:970|collected:971|collected:972|sqlite:2715|sqlite:2761|sqlite:2908|sqlite:3064,sqlite:2715,2.196961344228863,"observed_coordinate_medoid; source reference, not survey truth",232588007074422
606,1,LTE,4331,4490,radio-6f8f68c48aaf426e,32.167400271467834,13.021600460911325,1,False,False,False,True,1,Al-Madar,1,1775865600000,1775865600000,Libyan_cells_dataset/cells.sqlite3,sqlite:92,sqlite:92,0.0,"observed_coordinate_medoid; source reference, not survey truth",16145501911670
606,0,LTE,2110,1783,radio-6fa4dc7d6dcf9f73,32.592800195764454,13.54420094610434,1,False,False,False,False,0,Libyana,1,1755388800000,1787961600000,Libyan_cells_dataset/cells.sqlite3,sqlite:1084,sqlite:1084,0.0,"observed_coordinate_medoid; source reference, not survey truth",210774181535284
606,0,LTE,6330,1088,radio-6fa604a7ca105a4a,32.14035890160523,20.118347586655105,1,False,False,False,False,0,Libyana,5,1581231700000,1788116177000,data/new_data/libya_collected_antennas/cellmapper/cellmapper_libya_antennas.csv,collected:1880|collected:1881|collected:1882|collected:1883|collected:1884,collected:1880,0.0,"observed_coordinate_medoid; source reference, not survey truth",134218542723928
606,0,LTE,2150,2239,radio-6fc12106758034ed,32.752000362782965,12.658100439683615,1,False,False,False,False,0,Libyana,1,1782086400000,1782086400000,Libyan_cells_dataset/cells.sqlite3,sqlite:843,sqlite:843,0.0,"observed_coordinate_medoid; source reference, not survey truth",170732996980879
606,0,LTE,2120,1376,radio-6fdb0f4692c79a4c,32.62780035149057,13.40070072702432,1,False,False,False,False,0,Libyana,1,1755388800000,1787184000000,Libyan_cells_dataset/cells.sqlite3,sqlite:936,sqlite:936,0.0,"observed_coordinate_medoid; source reference, not survey truth",75851964442176
606,1,UMTS,2011,51,radio-700326fe2ff2deb1,32.84070061398191,13.158400541444959,1,False,False,False,False,0,Al-Madar,4,1576713600000,1576713600000,Libyan_cells_dataset/cells.sqlite3,sqlite:1798|sqlite:1848|sqlite:2048|sqlite:2148,sqlite:2048,0.07422066902122364,"observed_coordinate_medoid; source reference, not survey truth",54063166483035
606,0,UMTS,5370,4311,radio-700ab02bfe17e896,31.19960022956725,16.581600842507566,1,False,False,False,False,0,Libyana,1,1782086400000,1788220800000,Libyan_cells_dataset/cells.sqlite3,sqlite:2675,sqlite:2675,0.0,"observed_coordinate_medoid; source reference, not survey truth",165528699252981
606,1,GSM,1113,1161,radio-7041cce6e93e44fc,32.09066,20.067343,1,False,True,True,False,0,Al-Madar,3,1563845697000,1701949119000,data/new_data/libya_collected_antennas/cellmapper/cellmapper_libya_antennas.csv,collected:944|collected:945|collected:946,collected:944,0.0,"observed_coordinate_medoid; source reference, not survey truth",101138413072532
606,0,LTE,2110,3625,radio-70659fd0caec3082,32.42200077143243,13.58550040354642,1,False,False,False,False,0,Libyana,1,1771718400000,1779408000000,Libyan_cells_dataset/cells.sqlite3,sqlite:1094,sqlite:1094,0.0,"observed_coordinate_medoid; source reference, not survey truth",223611407487850
606,0,UMTS,5310,1140,radio-706846c15eed5b69,32.099800383399746,20.08300026234791,1,False,False,False,False,0,Libyana,4,1755388800000,1763510400000,Libyan_cells_dataset/cells.sqlite3,sqlite:2426|sqlite:2475|sqlite:2525|sqlite:2608,sqlite:2608,0.04932886835532535,"observed_coordinate_medoid; source reference, not survey truth",162651665426948
606,1,UMTS,1050,3646,radio-708bfae2a489f83b,32.7817028,21.7973736,1,False,True,True,False,0,Al-Madar,3,1758240000000,1758321957000,Libyan_cells_dataset/cells.sqlite3|data/new_data/libya_collected_antennas/cellmapper/cellmapper_libya_antennas.csv,collected:1161|collected:1162|sqlite:1352,collected:1161,2.532891086325752,"observed_coordinate_medoid; source reference, not survey truth",9762508505361
606,1,LTE,1240,103751,radio-708fc56c3d1ff2c7,31.553000337537032,20.548000553248,1,False,False,False,True,1,Al-Madar,1,1785974400000,1785974400000,Libyan_cells_dataset/cells.sqlite3,sqlite:546,sqlite:546,0.0,"observed_coordinate_medoid; source reference, not survey truth",61012919782248
606,0,LTE,6390,1015,radio-70ffe82bfb532bb9,32.090476989746094,20.194541931152344,1,False,False,False,False,0,Libyana,6,1575417600000,1789910962000,Libyan_cells_dataset/cells.sqlite3|data/new_data/libya_collected_antennas/cellmapper/cellmapper_libya_antennas.csv,collected:1415|collected:1416|collected:1417|collected:1418|collected:1419|sqlite:1174,collected:1415,4.685485557558217,"observed_coordinate_medoid; source reference, not survey truth",149797067759614
606,0,LTE,2120,1281,radio-713101a362286967,32.813500415384105,13.50240096365335,1,False,False,False,False,0,Libyana,1,1755561600000,1785974400000,Libyan_cells_dataset/cells.sqlite3,sqlite:982,sqlite:982,0.0,"observed_coordinate_medoid; source reference, not survey truth",255006250276503
606,1,LTE,10,596,radio-713c41c12ef7f501,32.78070089342168,13.255000708507808,1,False,False,False,True,1,Al-Madar,1,1772064000000,1783987200000,Libyan_cells_dataset/cells.sqlite3,sqlite:370,sqlite:370,0.0,"observed_coordinate_medoid; source reference, not survey truth",133972730680960
606,0,LTE,2140,1389,radio-71468de73abafcb0,32.715600911239996,12.916000244346764,1,False,False,False,False,0,Libyana,1,1787443200000,1787529600000,Libyan_cells_dataset/cells.sqlite3,sqlite:806,sqlite:806,0.0,"observed_coordinate_medoid; source reference, not survey truth",115741634234067
606,0,LTE,6390,1123,radio-7186487097e6e92b,32.06989253651024,20.22397388111442,1,False,False,False,False,0,Libyana,3,1701734400000,1789500226000,Libyan_cells_dataset/cells.sqlite3|data/new_data/libya_collected_antennas/cellmapper/cellmapper_libya_antennas.csv,collected:2046|collected:2047|sqlite:1258,collected:2046,54.7491441014209,"observed_coordinate_medoid; source reference, not survey truth",169943932143637
606,1,LTE,1250,106631,radio-718aecbc84528ac0,32.80790057474015,21.86550040971589,1,False,False,False,True,1,Al-Madar,1,1761609600000,1782259200000,Libyan_cells_dataset/cells.sqlite3,sqlite:657,sqlite:657,0.0,"observed_coordinate_medoid; source reference, not survey truth",237200771682847
606,0,LTE,2130,1893,radio-7198f227ea95b9ab,32.76640036535999,13.118100946447965,1,False,False,False,False,0,Libyana,1,1768780800000,1769212800000,Libyan_cells_dataset/cells.sqlite3,sqlite:877,sqlite:877,0.0,"observed_coordinate_medoid; source reference, not survey truth",246377707017343
606,0,LTE,2090,1780,radio-71ab0406fb5a178b,32.66890050894443,13.933400518794445,1,False,False,False,False,0,Libyana,1,1775606400000,1781308800000,Libyan_cells_dataset/cells.sqlite3,sqlite:1039,sqlite:1039,0.0,"observed_coordinate_medoid; source reference, not survey truth",256623831283185
606,0,LTE,2120,6381,radio-71d76ee0e1d9f10b,32.75340059421064,13.428400147433202,1,False,False,False,False,0,Libyana,1,1755388800000,1784851200000,Libyan_cells_dataset/cells.sqlite3,sqlite:962,sqlite:962,0.0,"observed_coordinate_medoid; source reference, not survey truth",6949571708992
606,0,LTE,4001,4345,radio-71dc21f1719d195b,32.57880073050222,13.967000711916452,1,False,False,False,False,0,Libyana,1,1776470400000,1777075200000,Libyan_cells_dataset/cells.sqlite3,sqlite:112,sqlite:112,0.0,"observed_coordinate_medoid; source reference, not survey truth",216683345630269
606,0,LTE,6330,1111,radio-71fd6479ded18614,32.1053732,20.111115,1,False,True,True,False,0,Libyana,6,1575432750000,1789112542000,data/new_data/libya_collected_antennas/cellmapper/cellmapper_libya_antennas.csv,collected:2001|collected:2002|collected:2003|collected:2004|collected:2005|collected:2006,collected:2001,0.0,"observed_coordinate_medoid; source reference, not survey truth",173928829505763
606,1,UMTS,304,4310,radio-721e5814b57de2f6,32.354800176090095,15.099300955947667,1,False,False,False,False,0,Al-Madar,2,1576022400000,1576033426000,Libyan_cells_dataset/cells.sqlite3|data/new_data/libya_collected_antennas/cellmapper/cellmapper_libya_antennas.csv,collected:1032|sqlite:1495,sqlite:1495,4.677627695784374,"observed_coordinate_medoid; source reference, not survey truth",103303030055849
606,1,UMTS,1040,3373,radio-7221d995d5ef1559,31.82870483398437,20.016894149780278,1,False,False,False,False,0,Al-Madar,3,1785420937000,1789634409000,data/new_data/libya_collected_antennas/cellmapper/cellmapper_libya_antennas.csv,collected:1242|collected:1243|collected:1244,collected:1242,0.0,"observed_coordinate_medoid; source reference, not survey truth",55853932834405
606,0,LTE,6340,1182,radio-72222cbeb04730f1,32.01347225,20.04504367,1,False,False,False,False,0,Libyana,3,1700480576000,1790108352000,data/new_data/libya_collected_antennas/cellmapper/cellmapper_libya_antennas.csv,collected:226|collected:227|collected:228,collected:226,0.0,"observed_coordinate_medoid; source reference, not survey truth",160813347915965
606,0,LTE,2090,3001,radio-72336f63ed5afe97,32.73990056218772,13.71590088791222,1,False,False,False,False,0,Libyana,1,1575417600000,1787184000000,Libyan_cells_dataset/cells.sqlite3,sqlite:1018,sqlite:1018,0.0,"observed_coordinate_medoid; source reference, not survey truth",216143700192919
606,0,LTE,2110,1405,radio-7249e209e54511b7,32.66880070039137,13.611500322953683,1,False,False,False,False,0,Libyana,1,1755907200000,1787184000000,Libyan_cells_dataset/cells.sqlite3,sqlite:1025,sqlite:1025,0.0,"observed_coordinate_medoid; source reference, not survey truth",127443142794241
606,1,UMTS,303,4238,radio-7276abec67022570,32.366700161739914,15.09590076169505,1,False,False,False,False,0,Al-Madar,2,1576022400000,1576022400000,Libyan_cells_dataset/cells.sqlite3,sqlite:1482|sqlite:1547,sqlite:1482,0.08837140727584865,"observed_coordinate_medoid; source reference, not survey truth",62245370764485
606,1,GSM,1,1007,radio-728222e8260c1877,32.86690032324633,13.178500473189604,1,False,False,False,False,0,Al-Madar,2,1785715200000,1785715200000,Libyan_cells_dataset/cells.sqlite3,sqlite:3626|sqlite:4085,sqlite:4085,0.010106861447212824,"observed_coordinate_medoid; source reference, not survey truth",18249046642819
606,0,LTE,2120,1827,radio-728a8aa19c2eddf7,32.75880098162232,13.435600705684685,1,False,False,False,False,0,Libyana,1,1756080000000,1779494400000,Libyan_cells_dataset/cells.sqlite3,sqlite:959,sqlite:959,0.0,"observed_coordinate_medoid; source reference, not survey truth",38911893659905
606,0,LTE,6410,2003,radio-728b01e36484e229,32.757200943796256,21.74974200600072,1,True,False,False,False,0,Libyana,9,1520760955000,1788748552000,data/new_data/libya_collected_antennas/cellmapper/cellmapper_libya_antennas.csv,collected:316|collected:317|collected:318|collected:319|collected:320|collected:321|collected:322|collected:323|collected:324,collected:316,0.0,"observed_coordinate_medoid; source reference, not survey truth",83540140211740
606,1,LTE,4181,4960,radio-72b65e902bb34bb2,30.786300138368848,20.22850095703108,1,False,False,False,True,1,Al-Madar,1,1774310400000,1774310400000,Libyan_cells_dataset/cells.sqlite3,sqlite:559,sqlite:559,0.0,"observed_coordinate_medoid; source reference, not survey truth",217333871673756
606,1,LTE,2,75,radio-72ba6eb87da93f75,32.83580060474383,13.2175002824872,1,False,False,False,True,1,Al-Madar,1,1757635200000,1757635200000,Libyan_cells_dataset/cells.sqlite3,sqlite:513,sqlite:513,0.0,"observed_coordinate_medoid; source reference, not survey truth",98620081848479
606,1,LTE,1240,103541,radio-72d0ee2fa9f7284e,31.45170086996086,20.154900474146014,1,False,False,False,True,1,Al-Madar,1,1785974400000,1785974400000,Libyan_cells_dataset/cells.sqlite3,sqlite:599,sqlite:599,0.0,"observed_coordinate_medoid; source reference, not survey truth",98901762565775
606,1,UMTS,5011,2115,radio-72e85080d11c1abd,32.789500588261,12.686900437331193,1,False,False,False,False,0,Al-Madar,3,1777334400000,1777334400000,Libyan_cells_dataset/cells.sqlite3,sqlite:1597|sqlite:1630|sqlite:1716,sqlite:1597,0.08052298096088438,"observed_coordinate_medoid; source reference, not survey truth",105542454283720
606,0,LTE,6390,1118,radio-730931df1038fcd0,32.1269745,20.1777357,1,False,True,True,False,0,Libyana,2,1701734400000,1785321384000,Libyan_cells_dataset/cells.sqlite3|data/new_data/libya_collected_antennas/cellmapper/cellmapper_libya_antennas.csv,collected:2043|sqlite:1154,collected:2043,4.452706425675352,"observed_coordinate_medoid; source reference, not survey truth",154873705013961
606,0,LTE,6430,3012,radio-730dbf99eb4e400b,32.09430050135847,23.960800190436764,1,False,False,False,False,0,Libyana,1,1571702400000,1781049600000,Libyan_cells_dataset/cells.sqlite3,sqlite:1275,sqlite:1275,0.0,"observed_coordinate_medoid; source reference, not survey truth",165576636319631
606,0,LTE,2120,6247,radio-730dedd65d6b3beb,32.83550047113952,13.406600319975158,1,False,False,False,False,0,Libyana,1,1759190400000,1783814400000,Libyan_cells_dataset/cells.sqlite3,sqlite:976,sqlite:976,0.0,"observed_coordinate_medoid; source reference, not survey truth",43773246686793
606,0,LTE,6410,2075,radio-730fd52be741edd3,32.7950278145928,21.867622974940684,1,False,False,False,False,0,Libyana,3,1743811200000,1784772731000,Libyan_cells_dataset/cells.sqlite3|data/new_data/libya_collected_antennas/cellmapper/cellmapper_libya_antennas.csv,collected:356|collected:357|sqlite:1270,collected:356,3.6601987809124945,"observed_coordinate_medoid; source reference, not survey truth",54153714268459
606,1,GSM,1113,1106,radio-7311f7a22c40b746,32.0716388,20.0550579,1,False,True,True,False,0,Al-Madar,3,1563845546000,1782906526000,data/new_data/libya_collected_antennas/cellmapper/cellmapper_libya_antennas.csv,collected:693|collected:694|collected:695,collected:693,0.0,"observed_coordinate_medoid; source reference, not survey truth",137739061610758
606,1,LTE,10,895,radio-731f44913b64089c,32.78830077084235,13.252700959924459,1,False,False,False,True,1,Al-Madar,1,1772064000000,1783987200000,Libyan_cells_dataset/cells.sqlite3,sqlite:356,sqlite:356,0.0,"observed_coordinate_medoid; source reference, not survey truth",239146995850591
606,1,LTE,4111,4728,radio-73594b62b3f764fc,32.85300059274298,13.44770052775326,1,False,False,False,True,1,Al-Madar,1,1769472000000,1785369600000,Libyan_cells_dataset/cells.sqlite3,sqlite:103,sqlite:103,0.0,"observed_coordinate_medoid; source reference, not survey truth",199224015402801
606,0,LTE,6350,4031,radio-73ad0721b2da46d7,30.7441003406335,20.218300543633035,1,False,False,False,False,0,Libyana,1,1782086400000,1782086400000,Libyan_cells_dataset/cells.sqlite3,sqlite:1230,sqlite:1230,0.0,"observed_coordinate_medoid; source reference, not survey truth",133749769171962
606,1,LTE,3,693,radio-73b07237d241a460,32.794200668173474,12.851300540551312,1,False,False,False,True,1,Al-Madar,1,1771718400000,1787529600000,Libyan_cells_dataset/cells.sqlite3,sqlite:236,sqlite:236,0.0,"observed_coordinate_medoid; source reference, not survey truth",169325602422684
606,0,UMTS,5410,2015,radio-73b286ec8fbd12f6,32.76227544237624,21.74342159267327,1,False,False,False,False,0,Libyana,4,1773100800000,1782142962000,Libyan_cells_dataset/cells.sqlite3|data/new_data/libya_collected_antennas/cellmapper/cellmapper_libya_antennas.csv,collected:1300|collected:1301|collected:1302|sqlite:2579,collected:1300,3.38382243383511,"observed_coordinate_medoid; source reference, not survey truth",256025946424973
606,1,GSM,1111,1020,radio-73db09beb26653f8,32.09420019056089,20.223400587957922,1,False,False,False,False,0,Al-Madar,3,1555200000000,1555200000000,Libyan_cells_dataset/cells.sqlite3,sqlite:3651|sqlite:4173|sqlite:4224,sqlite:4224,0.07110340132738567,"observed_coordinate_medoid; source reference, not survey truth",223544637291998
606,1,GSM,2012,1887,radio-73e1edd6ce34bd3d,32.31950021615052,12.743700770995554,1,False,False,False,False,0,Al-Madar,2,1728777600000,1774310400000,Libyan_cells_dataset/cells.sqlite3,sqlite:3771|sqlite:3822,sqlite:3822,0.02780612015679679,"observed_coordinate_medoid; source reference, not survey truth",87858685597939
606,0,LTE,4021,4030,radio-73e204ba5f6a0a46,32.35690096111869,15.06020076371961,1,False,False,False,False,0,Libyana,1,1747440000000,1781827200000,Libyan_cells_dataset/cells.sqlite3,sqlite:493,sqlite:493,0.0,"observed_coordinate_medoid; source reference, not survey truth",244428713532979
606,1,LTE,4002,4278,radio-73e5757c5e8c5f73,32.60770033475056,14.14450013642343,1,False,False,False,True,1,Al-Madar,1,1775779200000,1787529600000,Libyan_cells_dataset/cells.sqlite3,sqlite:401,sqlite:401,0.0,"observed_coordinate_medoid; source reference, not survey truth",239791719715378
606,1,LTE,4081,4926,radio-741eb1bfb9565143,32.82490031418018,13.33840034614424,1,False,False,False,True,1,Al-Madar,1,1783987200000,1783987200000,Libyan_cells_dataset/cells.sqlite3,sqlite:373,sqlite:373,0.0,"observed_coordinate_medoid; source reference, not survey truth",150749660622887
606,1,GSM,1113,1154,radio-745201bd6b2d23e3,32.022518749894964,20.01631888027828,1,False,False,False,False,0,Al-Madar,3,1578783451000,1627978094000,data/new_data/libya_collected_antennas/cellmapper/cellmapper_libya_antennas.csv,collected:980|collected:981|collected:982,collected:980,0.0,"observed_coordinate_medoid; source reference, not survey truth",85459338609623
606,1,GSM,4,1053,radio-748bd3ca167ce374,32.777600610814915,12.74070017760766,1,False,False,False,False,0,Al-Madar,5,1779321600000,1782777600000,Libyan_cells_dataset/cells.sqlite3,sqlite:3677|sqlite:3727|sqlite:3778|sqlite:3992|sqlite:4094,sqlite:4094,0.10565751549209193,"observed_coordinate_medoid; source reference, not survey truth",9735429678935
606,1,LTE,4111,4885,radio-74b818a3512c658e,32.43730031048757,13.631900988927445,1,False,False,False,True,1,Al-Madar,1,1775260800000,1777420800000,Libyan_cells_dataset/cells.sqlite3,sqlite:91,sqlite:91,0.0,"observed_coordinate_medoid; source reference, not survey truth",214743057234069
606,0,GSM,8282,1013,radio-74edbc480ffd09f4,32.864300477316974,13.223000963072108,1,False,False,False,False,0,Libyana,1,1784764800000,1784764800000,Libyan_cells_dataset/cells.sqlite3,sqlite:3446,sqlite:3446,0.0,"observed_coordinate_medoid; source reference, not survey truth",3585772384906
606,1,LTE,4121,4465,radio-74f15984d472242f,24.201800854015097,23.293900784373427,1,False,False,False,True,1,Al-Madar,1,1785196800000,1785196800000,Libyan_cells_dataset/cells.sqlite3,sqlite:587,sqlite:587,0.0,"observed_coordinate_medoid; source reference, not survey truth",29918581126115
606,0,LTE,6310,1078,radio-75023ba12a33a440,32.0930793,20.0690513,1,False,True,True,False,0,Libyana,11,1572394035000,1789521941000,data/new_data/libya_collected_antennas/cellmapper/cellmapper_libya_antennas.csv,collected:1831|collected:1832|collected:1833|collected:1834|collected:1835|collected:1836|collected:1837|collected:1838|collected:1839|collected:1840|collected:1841,collected:1831,0.0,"observed_coordinate_medoid; source reference, not survey truth",213052635524309
606,0,UMTS,5390,6437,radio-750295301620d914,32.488900933600235,20.827500747181887,1,False,False,False,False,0,Libyana,4,1777420800000,1777420800000,Libyan_cells_dataset/cells.sqlite3,sqlite:2456|sqlite:2505|sqlite:2554|sqlite:2637,sqlite:2637,0.06134088904003104,"observed_coordinate_medoid; source reference, not survey truth",113524074393409
606,0,UMTS,5310,1492,radio-7502ca593c7ffe8b,32.11209208150462,20.099752555457805,1,False,False,False,False,0,Libyana,4,1763676361000,1789910962000,data/new_data/libya_collected_antennas/cellmapper/cellmapper_libya_antennas.csv,collected:844|collected:845|collected:846|collected:847,collected:844,0.0,"observed_coordinate_medoid; source reference, not survey truth",250149824342944
606,0,LTE,1810,1919,radio-752a6e1ad9c0b475,32.89633527438061,13.197413661560242,1,False,False,False,False,0,Libyana,10,1575331200000,1786542005000,Libyan_cells_dataset/cells.sqlite3|data/new_data/libya_collected_antennas/cellmapper/cellmapper_libya_antennas.csv,collected:574|collected:575|collected:576|collected:577|collected:578|collected:579|collected:580|collected:581|collected:582|sqlite:799,collected:574,4.071376504256176,"observed_coordinate_medoid; source reference, not survey truth",243263261682329
606,0,UMTS,1050,4178,radio-7540df0d8d0d7591,31.648113351149163,15.116032484230994,1,False,False,False,False,0,Libyana,3,1782777600000,1782931578000,Libyan_cells_dataset/cells.sqlite3|data/new_data/libya_collected_antennas/cellmapper/cellmapper_libya_antennas.csv,collected:1016|collected:1017|sqlite:2680,collected:1016,3.3139970096299636,"observed_coordinate_medoid; source reference, not survey truth",41482029738407
606,0,LTE,3002,1880,radio-755f5684d49cb1dc,32.88010045138673,13.197900755323909,1,False,False,False,False,0,Libyana,1,1575331200000,1575417600000,Libyan_cells_dataset/cells.sqlite3,sqlite:734,sqlite:734,0.0,"observed_coordinate_medoid; source reference, not survey truth",257072476330974
606,1,LTE,1220,100971,radio-7592554795f61b2d,32.08980077828172,20.097000754131532,1,False,False,False,True,1,Al-Madar,1,1770681600000,1779235200000,Libyan_cells_dataset/cells.sqlite3,sqlite:678,sqlite:678,0.0,"observed_coordinate_medoid; source reference, not survey truth",266788785708277
606,1,UMTS,331,3400,radio-759c2cf4287d47c6,32.174400552429674,12.497800244972378,1,False,False,False,False,0,Al-Madar,1,1783728000000,1783728000000,Libyan_cells_dataset/cells.sqlite3,sqlite:1666,sqlite:1666,0.0,"observed_coordinate_medoid; source reference, not survey truth",85985850987672
606,1,LTE,14,550,radio-75b6a5cb0a95b0f8,32.84090094378982,13.082000718399,1,False,False,False,True,1,Al-Madar,1,1775347200000,1787529600000,Libyan_cells_dataset/cells.sqlite3,sqlite:6,sqlite:6,0.0,"observed_coordinate_medoid; source reference, not survey truth",31574805071494
606,0,LTE,1610,1092,radio-75efd104440ccd26,32.1135868,20.1012918,1,False,True,True,False,0,Libyana,11,1755413772000,1789910962000,data/new_data/libya_collected_antennas/cellmapper/cellmapper_libya_antennas.csv,collected:1896|collected:1897|collected:1898|collected:1899|collected:1900|collected:1901|collected:1902|collected:1903|collected:1904|collected:1905|collected:1906,collected:1896,0.0,"observed_coordinate_medoid; source reference, not survey truth",4624851836677
606,0,LTE,2120,6370,radio-76063c89b62a87c8,32.74100094264784,13.371700300498857,1,False,False,False,False,0,Libyana,1,1775606400000,1784678400000,Libyan_cells_dataset/cells.sqlite3,sqlite:950,sqlite:950,0.0,"observed_coordinate_medoid; source reference, not survey truth",216254836321595
606,1,LTE,4081,4629,radio-7607b04bf6f00f2e,32.81490087939179,13.301800429156796,1,False,False,False,True,1,Al-Madar,1,1783987200000,1785628800000,Libyan_cells_dataset/cells.sqlite3,sqlite:53,sqlite:53,0.0,"observed_coordinate_medoid; source reference, not survey truth",777413238509
606,1,UMTS,809,3182,radio-76226829b026a7c1,32.768600183825534,13.579700957688832,1,False,False,False,False,0,Al-Madar,1,1777334400000,1778630400000,Libyan_cells_dataset/cells.sqlite3,sqlite:1590,sqlite:1590,0.0,"observed_coordinate_medoid; source reference, not survey truth",207260487287209
606,1,GSM,2034,1640,radio-764771facc296aa1,32.83250033993945,13.286400740300897,1,False,False,False,False,0,Al-Madar,6,1778457600000,1778630400000,Libyan_cells_dataset/cells.sqlite3,sqlite:3682|sqlite:3731|sqlite:3782|sqlite:3996|sqlite:4044|sqlite:4098,sqlite:4044,0.06997786492346196,"observed_coordinate_medoid; source reference, not survey truth",211197315309013
606,1,GSM,4,1769,radio-764f83c23e900813,32.74480020502388,12.776300295920034,1,False,False,False,False,0,Al-Madar,1,1779321600000,1779321600000,Libyan_cells_dataset/cells.sqlite3,sqlite:4036,sqlite:4036,0.0,"observed_coordinate_medoid; source reference, not survey truth",143500332737497
606,0,LTE,6340,1099,radio-7650c47e80a41124,32.0227029,20.0164521,1,False,True,True,False,0,Libyana,5,1557105539000,1789494463000,data/new_data/libya_collected_antennas/cellmapper/cellmapper_libya_antennas.csv,collected:1948|collected:1949|collected:1950|collected:1951|collected:1952,collected:1948,0.0,"observed_coordinate_medoid; source reference, not survey truth",85459338609623
606,1,LTE,8,838,radio-7656d2a5033050e6,32.89250023617201,13.25480030131341,1,False,False,False,True,1,Al-Madar,1,1768521600000,1771372800000,Libyan_cells_dataset/cells.sqlite3,sqlite:66,sqlite:66,0.0,"observed_coordinate_medoid; source reference, not survey truth",39950382148862
606,0,LTE,1020,6480,radio-7694a9e4f3fd9c1a,32.57180060799033,14.050600837048767,1,False,False,False,False,0,Libyana,1,1775606400000,1785456000000,Libyan_cells_dataset/cells.sqlite3,sqlite:1052,sqlite:1052,0.0,"observed_coordinate_medoid; source reference, not survey truth",164987047313982
606,0,UMTS,5370,4304,radio-76b4db9d21be79d5,31.19790079433525,16.59310025548054,1,False,False,False,False,0,Libyana,1,1655856000000,1655856000000,Libyan_cells_dataset/cells.sqlite3,sqlite:2671,sqlite:2671,0.0,"observed_coordinate_medoid; source reference, not survey truth",164800476925105
606,0,LTE,1510,1208,radio-76c938842c4f57c4,32.80932728449498,13.008339683214684,1,False,False,False,False,0,Libyana,4,1575331200000,1787558456000,Libyan_cells_dataset/cells.sqlite3|data/new_data/libya_collected_antennas/cellmapper/cellmapper_libya_antennas.csv,collected:413|collected:414|collected:415|sqlite:748,collected:413,4.759700515910981,"observed_coordinate_medoid; source reference, not survey truth",5109156273933
606,0,LTE,8091,4602,radio-76cb11a06e92b02c,32.73670063327104,13.684100203474115,1,False,False,False,False,0,Libyana,1,1760054400000,1786147200000,Libyan_cells_dataset/cells.sqlite3,sqlite:139,sqlite:139,0.0,"observed_coordinate_medoid; source reference, not survey truth",165302842670039
606,1,UMTS,308,3326,radio-76fcd87d463e02b6,32.84820093343962,13.369000554755884,1,False,False,False,False,0,Al-Madar,1,1782086400000,1782691200000,Libyan_cells_dataset/cells.sqlite3,sqlite:1578,sqlite:1578,0.0,"observed_coordinate_medoid; source reference, not survey truth",36467636676189
606,1,LTE,1250,106141,radio-7703b8db59ecd235,32.76930083330618,21.787700647240516,1,False,False,False,True,1,Al-Madar,1,1757894400000,1780704000000,Libyan_cells_dataset/cells.sqlite3,sqlite:671,sqlite:671,0.0,"observed_coordinate_medoid; source reference, not survey truth",204343797984016
606,1,GSM,2036,1765,radio-77117422aa76aae9,32.423000497793055,13.452900232987087,1,False,False,False,False,0,Al-Madar,4,1775520000000,1779408000000,Libyan_cells_dataset/cells.sqlite3,sqlite:3683|sqlite:3732|sqlite:3783|sqlite:4099,sqlite:3732,0.09643010800180195,"observed_coordinate_medoid; source reference, not survey truth",184846972763343
606,1,LTE,4181,4409,radio-773b3ec8747860e0,30.74050078648831,20.211000244905787,1,False,False,False,True,1,Al-Madar,1,1774310400000,1782086400000,Libyan_cells_dataset/cells.sqlite3,sqlite:553,sqlite:553,0.0,"observed_coordinate_medoid; source reference, not survey truth",132959090175219
606,0,UMTS,5310,1157,radio-7750261ad9713697,32.09780016361642,20.074800869762175,1,False,False,False,False,0,Libyana,4,1708819200000,1757289600000,Libyan_cells_dataset/cells.sqlite3,sqlite:2449|sqlite:2498|sqlite:2547|sqlite:2630,sqlite:2449,0.06560036700071105,"observed_coordinate_medoid; source reference, not survey truth",185539794415070
606,0,LTE,2120,1979,radio-775a29dd2be1d75a,32.84410093078247,13.363100526725919,1,False,False,False,False,0,Libyana,1,1782086400000,1782086400000,Libyan_cells_dataset/cells.sqlite3,sqlite:1008,sqlite:1008,0.0,"observed_coordinate_medoid; source reference, not survey truth",242652670249832
606,0,GSM,8278,1681,radio-7784374f559196e4,32.872600625577455,13.36950037805681,1,False,False,False,False,0,Libyana,1,1784764800000,1784764800000,Libyan_cells_dataset/cells.sqlite3,sqlite:3384,sqlite:3384,0.0,"observed_coordinate_medoid; source reference, not survey truth",17071877680306
606,0,UMTS,5390,6028,radio-7789126dcdd79b52,32.48790061964797,20.845700803515268,1,False,False,False,False,0,Libyana,4,1777420800000,1777420800000,Libyan_cells_dataset/cells.sqlite3,sqlite:2439|sqlite:2488|sqlite:2537|sqlite:2620,sqlite:2439,0.08174462105491949,"observed_coordinate_medoid; source reference, not survey truth",238312693446333
606,0,LTE,1810,5004,radio-77ab29a7be76921a,32.90016560651544,13.221359348463375,1,False,True,True,False,0,Libyana,5,1575417600000,1786541998000,Libyan_cells_dataset/cells.sqlite3|data/new_data/libya_collected_antennas/cellmapper/cellmapper_libya_antennas.csv,collected:594|collected:595|collected:596|collected:597|sqlite:797,collected:594,5.449691658326936,"observed_coordinate_medoid; source reference, not survey truth",276210307574380
606,0,LTE,1020,4610,radio-77c7f90ec67cb8b6,32.65150091366877,14.259600695552724,1,False,False,False,False,0,Libyana,1,1748131200000,1777420800000,Libyan_cells_dataset/cells.sqlite3,sqlite:1108,sqlite:1108,0.0,"observed_coordinate_medoid; source reference, not survey truth",219714761016276
606,0,LTE,6330,1172,radio-77cb98e587868c8e,32.0926385,20.1160389,1,False,True,True,False,0,Libyana,8,1579651200000,1789692142000,Libyan_cells_dataset/cells.sqlite3|data/new_data/libya_collected_antennas/cellmapper/cellmapper_libya_antennas.csv,collected:2290|collected:2291|collected:2292|collected:2293|collected:2294|collected:2295|collected:2296|sqlite:1172,collected:2290,5.516652819848098,"observed_coordinate_medoid; source reference, not survey truth",218667369815235
606,0,GSM,4350,1052,radio-77f26022298ea209,32.08460038750302,20.07600076622676,1,False,False,False,False,0,Libyana,3,1555372800000,1787788800000,Libyan_cells_dataset/cells.sqlite3,sqlite:2824|sqlite:2886|sqlite:2933,sqlite:2933,0.03570656923020197,"observed_coordinate_medoid; source reference, not survey truth",142118068173532
606,0,LTE,2130,2387,radio-780053224cb7d6c0,32.744700359019895,13.111700425092955,1,False,False,False,False,0,Libyana,1,1757894400000,1774828800000,Libyan_cells_dataset/cells.sqlite3,sqlite:878,sqlite:878,0.0,"observed_coordinate_medoid; source reference, not survey truth",143421997727877
606,1,GSM,4,1051,radio-78490de5515b4d53,32.754800131425554,12.728100717568996,1,False,False,False,False,0,Al-Madar,1,1779321600000,1779321600000,Libyan_cells_dataset/cells.sqlite3,sqlite:4026,sqlite:4026,0.0,"observed_coordinate_medoid; source reference, not survey truth",246584036548554
606,1,UMTS,300,4204,radio-788ace04fc4784b1,32.49810047567495,14.557700208286963,1,False,False,False,False,0,Al-Madar,4,1561852800000,1561852800000,Libyan_cells_dataset/cells.sqlite3,sqlite:1507|sqlite:1561|sqlite:1739|sqlite:1894,sqlite:1739,0.09671043286907655,"observed_coordinate_medoid; source reference, not survey truth",80597675178349
606,0,LTE,6390,6022,radio-78d74dbed9161bc7,32.45770060797275,20.861000646069986,1,False,False,False,False,0,Libyana,2,1776902400000,1777473420000,Libyan_cells_dataset/cells.sqlite3|data/new_data/libya_collected_antennas/cellmapper/cellmapper_libya_antennas.csv,collected:301|sqlite:1254,sqlite:1254,2.4709604705301764,"observed_coordinate_medoid; source reference, not survey truth",70478678591934
606,1,LTE,4061,4390,radio-78f5bc08e139ec2a,26.133900504690093,14.736400405958985,1,False,False,False,True,1,Al-Madar,1,1683244800000,1683244800000,Libyan_cells_dataset/cells.sqlite3,sqlite:534,sqlite:534,0.0,"observed_coordinate_medoid; source reference, not survey truth",220111805216315
606,1,GSM,3,1734,radio-78f99ae5ffa9e2c4,32.82320050188578,12.984100182188556,1,False,False,False,False,0,Al-Madar,1,1772755200000,1785715200000,Libyan_cells_dataset/cells.sqlite3,sqlite:4038,sqlite:4038,0.0,"observed_coordinate_medoid; source reference, not survey truth",73344344863370
606,1,LTE,1230,101131,radio-78fd5065315da903,32.058900187315004,20.115600611296266,1,False,False,False,True,1,Al-Madar,1,1767830400000,1773964800000,Libyan_cells_dataset/cells.sqlite3,sqlite:684,sqlite:684,0.0,"observed_coordinate_medoid; source reference, not survey truth",156600312544561
606,1,GSM,1,1036,radio-790359327dd2f863,32.89140019121032,13.17440079041903,1,False,False,False,False,0,Al-Madar,2,1351296000000,1351296000000,Libyan_cells_dataset/cells.sqlite3,sqlite:3667|sqlite:4071,sqlite:4071,0.08945258237825784,"observed_coordinate_medoid; source reference, not survey truth",246152343488000
606,1,GSM,3,6099,radio-790c2a1596f78c28,32.85410082874675,13.077100700905536,1,False,False,False,False,0,Al-Madar,6,1333411200000,1333411200000,Libyan_cells_dataset/cells.sqlite3,sqlite:3719|sqlite:3765|sqlite:3816|sqlite:4013|sqlite:4058|sqlite:4132,sqlite:4013,0.08244155186493562,"observed_coordinate_medoid; source reference, not survey truth",116902031121828
606,1,LTE,10,147,radio-793f164c641f8643,32.70870075383642,13.145400837697316,1,False,False,False,True,1,Al-Madar,1,1747267200000,1782864000000,Libyan_cells_dataset/cells.sqlite3,sqlite:90,sqlite:90,0.0,"observed_coordinate_medoid; source reference, not survey truth",198305191687110
606,0,LTE,2130,1257,radio-79a58042427638c1,32.64490090816484,13.170300492151918,1,False,False,False,False,0,Libyana,1,1771113600000,1785024000000,Libyan_cells_dataset/cells.sqlite3,sqlite:906,sqlite:906,0.0,"observed_coordinate_medoid; source reference, not survey truth",227485150706082
606,0,LTE,1030,4075,radio-79bebd3eea431245,32.41400033142847,14.802000908303839,1,False,False,False,False,0,Libyana,1,1782777600000,1782864000000,Libyan_cells_dataset/cells.sqlite3,sqlite:1127,sqlite:1127,0.0,"observed_coordinate_medoid; source reference, not survey truth",30186626979453
606,1,LTE,1240,103701,radio-79d42e09f4149c26,31.79780090317243,20.20800046486649,1,False,False,False,True,1,Al-Madar,1,1785456000000,1785974400000,Libyan_cells_dataset/cells.sqlite3,sqlite:594,sqlite:594,0.0,"observed_coordinate_medoid; source reference, not survey truth",255402270541750
606,1,LTE,4,2025,radio-79d494d3775fa744,32.79060069504012,12.567700958926128,1,False,False,False,True,1,Al-Madar,1,1787184000000,1787184000000,Libyan_cells_dataset/cells.sqlite3,sqlite:275,sqlite:275,0.0,"observed_coordinate_medoid; source reference, not survey truth",92463641368118
606,1,LTE,14,124,radio-79f88c6a0c3dbcbb,32.86440022638046,13.104300303059032,1,False,False,False,True,1,Al-Madar,1,1781913600000,1787529600000,Libyan_cells_dataset/cells.sqlite3,sqlite:529,sqlite:529,0.0,"observed_coordinate_medoid; source reference, not survey truth",46159557990569
606,0,UMTS,2040,3849,radio-79fa36b63d1ab068,31.77670031168145,11.318200955958561,1,False,False,False,False,0,Libyana,1,1783555200000,1783555200000,Libyan_cells_dataset/cells.sqlite3,sqlite:2360,sqlite:2360,0.0,"observed_coordinate_medoid; source reference, not survey truth",62333455175188
606,1,GSM,4,1661,radio-79faa9adec81027a,32.747900947131185,12.758800746140526,1,False,False,False,False,0,Al-Madar,1,1779321600000,1779321600000,Libyan_cells_dataset/cells.sqlite3,sqlite:4035,sqlite:4035,0.0,"observed_coordinate_medoid; source reference, not survey truth",231704952796325
606,0,LTE,1050,4268,radio-7a2502f9d4efd02b,31.37560039570961,15.616100643530247,1,False,False,False,False,0,Libyana,1,1782864000000,1782864000000,Libyan_cells_dataset/cells.sqlite3,sqlite:1146,sqlite:1146,0.0,"observed_coordinate_medoid; source reference, not survey truth",197420474588322
606,0,UMTS,2040,3715,radio-7a31d05daee379c7,31.924800178294056,12.268100180377916,1,False,False,False,False,0,Libyana,1,1764288000000,1764374400000,Libyan_cells_dataset/cells.sqlite3,sqlite:2348,sqlite:2348,0.0,"observed_coordinate_medoid; source reference, not survey truth",130482116220492
606,1,UMTS,301,4219,radio-7a718b43ecc53cb0,32.50050035416047,14.465800502698514,1,False,False,False,False,0,Al-Madar,3,1773273600000,1782777600000,Libyan_cells_dataset/cells.sqlite3,sqlite:1520|sqlite:1753|sqlite:1932,sqlite:1520,0.0880762848109364,"observed_coordinate_medoid; source reference, not survey truth",208854618134866
606,1,UMTS,301,4504,radio-7aaf7500db73511a,32.433200613264,14.68660036337552,1,False,False,False,False,0,Al-Madar,1,1576195200000,1576195200000,Libyan_cells_dataset/cells.sqlite3,sqlite:1504,sqlite:1504,0.0,"observed_coordinate_medoid; source reference, not survey truth",107431676979582
606,1,LTE,8,298,radio-7ad5dc4d6655829c,32.890900131819954,13.254300739437761,1,False,False,False,True,1,Al-Madar,1,1768521600000,1768521600000,Libyan_cells_dataset/cells.sqlite3,sqlite:57,sqlite:57,0.0,"observed_coordinate_medoid; source reference, not survey truth",21340055702753
606,1,LTE,14,816,radio-7af7a5116a3b55b9,32.85965511,13.12043963,1,False,False,False,True,1,Al-Madar,3,1782086400000,1787576818000,Libyan_cells_dataset/cells.sqlite3|data/new_data/libya_collected_antennas/cellmapper/cellmapper_libya_antennas.csv,collected:4|collected:5|sqlite:1,collected:4,6.20987925049803,"observed_coordinate_medoid; source reference, not survey truth",64835616215899
606,0,LTE,1910,1126,radio-7b12e1e9d958482f,32.87828063964844,13.237128257751465,1,False,False,False,False,0,Libyana,1,1768563645000,1768563645000,data/new_data/libya_collected_antennas/cellmapper/cellmapper_libya_antennas.csv,collected:2052,collected:2052,0.0,"observed_coordinate_medoid; source reference, not survey truth",102807718835135
606,1,GSM,1114,1039,radio-7b18f778838a2380,32.2105666,20.1662565,1,False,True,True,False,0,Al-Madar,2,1706791798000,1786722789000,data/new_data/libya_collected_antennas/cellmapper/cellmapper_libya_antennas.csv,collected:1099|collected:1100,collected:1099,0.0,"observed_coordinate_medoid; source reference, not survey truth",183705263959482
606,1,LTE,4101,4653,radio-7b9c1ac53f4dd779,32.74520050961107,13.31310098620954,1,False,False,False,True,1,Al-Madar,1,1772064000000,1777248000000,Libyan_cells_dataset/cells.sqlite3,sqlite:362,sqlite:362,0.0,"observed_coordinate_medoid; source reference, not survey truth",11508685450888
606,0,UMTS,5390,6006,radio-7ba7bdeb512a084c,32.49430023257657,20.82610057876685,1,False,False,False,False,0,Libyana,4,1776816000000,1777420800000,Libyan_cells_dataset/cells.sqlite3,sqlite:2433|sqlite:2482|sqlite:2531|sqlite:2614,sqlite:2482,0.08750229127867103,"observed_coordinate_medoid; source reference, not survey truth",207117539567138
606,1,LTE,4081,4718,radio-7ba9076f7bf8d566,32.88920083037132,13.347000212970649,1,False,False,False,True,1,Al-Madar,1,1759795200000,1771372800000,Libyan_cells_dataset/cells.sqlite3,sqlite:51,sqlite:51,0.0,"observed_coordinate_medoid; source reference, not survey truth",200841854883044
606,0,LTE,1910,6296,radio-7baf6c1f5b1132d6,32.877700755988116,13.247500425968859,1,False,False,False,False,0,Libyana,1,1756339200000,1783555200000,Libyan_cells_dataset/cells.sqlite3,sqlite:719,sqlite:719,0.0,"observed_coordinate_medoid; source reference, not survey truth",200200136874721
606,1,GSM,14,1039,radio-7bb35627e12b867a,32.84680047256958,13.152300241346971,1,False,False,False,False,0,Al-Madar,1,1785715200000,1785715200000,Libyan_cells_dataset/cells.sqlite3,sqlite:3671,sqlite:3671,0.0,"observed_coordinate_medoid; source reference, not survey truth",69320300926693
606,0,LTE,6420,5015,radio-7bdb2fd10f754406,32.755962371826,22.646682739258,1,False,False,False,False,0,Libyana,2,1629072000000,1629180169000,Libyan_cells_dataset/cells.sqlite3|data/new_data/libya_collected_antennas/cellmapper/cellmapper_libya_antennas.csv,collected:350|sqlite:1272,collected:350,4.5197226501393075,"observed_coordinate_medoid; source reference, not survey truth",152643861790751
606,1,LTE,4,2269,radio-7beddf73a67cb028,32.602700295524855,12.687700444372522,1,False,False,False,True,1,Al-Madar,1,1774310400000,1774310400000,Libyan_cells_dataset/cells.sqlite3,sqlite:270,sqlite:270,0.0,"observed_coordinate_medoid; source reference, not survey truth",240617565776051
606,0,LTE,1910,6398,radio-7bf0c27dcc3bb04e,32.82340094716412,13.275100570972224,1,False,False,False,False,0,Libyana,1,1758499200000,1784678400000,Libyan_cells_dataset/cells.sqlite3,sqlite:1316,sqlite:1316,0.0,"observed_coordinate_medoid; source reference, not survey truth",229909792296979
606,1,LTE,4101,4631,radio-7c13e3e0f0613f90,32.64750097576846,13.170800909297704,1,False,False,False,True,1,Al-Madar,1,1772582400000,1772582400000,Libyan_cells_dataset/cells.sqlite3,sqlite:331,sqlite:331,0.0,"observed_coordinate_medoid; source reference, not survey truth",110899693130508
606,0,LTE,1020,1848,radio-7c1bbf495b2b852c,32.6169007802831,14.011700437065288,1,False,False,False,False,0,Libyana,1,1775606400000,1784678400000,Libyan_cells_dataset/cells.sqlite3,sqlite:1043,sqlite:1043,0.0,"observed_coordinate_medoid; source reference, not survey truth",47494851414241
606,0,LTE,1030,4054,radio-7c6f53fde41de62b,32.42106882102919,14.762149943929757,1,False,False,False,False,0,Libyana,1,1782802879000,1782931578000,data/new_data/libya_collected_antennas/cellmapper/cellmapper_libya_antennas.csv,collected:84,collected:84,0.0,"observed_coordinate_medoid; source reference, not survey truth",243901712410394
606,1,UMTS,301,4539,radio-7c88ec8cc5ea89a7,32.50330086054948,14.484300904510892,1,False,False,False,False,0,Al-Madar,4,1773187200000,1773273600000,Libyan_cells_dataset/cells.sqlite3,sqlite:1511|sqlite:1568|sqlite:1745|sqlite:1902,sqlite:1568,0.09866178787503732,"observed_coordinate_medoid; source reference, not survey truth",261054757270242
606,1,UMTS,302,4322,radio-7c8a914997ab1483,32.39560019582404,14.90580025038332,1,False,False,False,False,0,Al-Madar,1,1576195200000,1576195200000,Libyan_cells_dataset/cells.sqlite3,sqlite:1497,sqlite:1497,0.0,"observed_coordinate_medoid; source reference, not survey truth",19014434692261
606,0,LTE,4051,4284,radio-7c8f4f11b831b420,31.20000012492725,16.5821009083964,1,False,False,False,False,0,Libyana,1,1782086400000,1782086400000,Libyan_cells_dataset/cells.sqlite3,sqlite:576,sqlite:576,0.0,"observed_coordinate_medoid; source reference, not survey truth",273765526790375
606,0,GSM,8280,1375,radio-7caf3ccdcba0c805,32.67630058149031,13.494500528968478,1,False,False,False,False,0,Libyana,8,1755993600000,1786492800000,Libyan_cells_dataset/cells.sqlite3,sqlite:3101|sqlite:3151|sqlite:3201|sqlite:3251|sqlite:3301|sqlite:3348|sqlite:3511|sqlite:3561,sqlite:3561,0.08142541838964093,"observed_coordinate_medoid; source reference, not survey truth",240017156530357
606,1,LTE,1240,103711,radio-7cb119a0f73e49ca,31.79190089510659,20.20530057873193,1,False,False,False,True,1,Al-Madar,1,1785974400000,1785974400000,Libyan_cells_dataset/cells.sqlite3,sqlite:593,sqlite:593,0.0,"observed_coordinate_medoid; source reference, not survey truth",140758508239722
606,0,LTE,2150,2411,radio-7d10c62047ab542b,32.761600779917124,12.702800966981414,1,False,False,False,False,0,Libyana,1,1777334400000,1782345600000,Libyan_cells_dataset/cells.sqlite3,sqlite:835,sqlite:835,0.0,"observed_coordinate_medoid; source reference, not survey truth",16234050487572
606,1,LTE,1230,100581,radio-7d1cde0b0d0ce82c,32.06030098086902,20.0593008706647,1,False,False,False,True,1,Al-Madar,1,1552953600000,1553040000000,Libyan_cells_dataset/cells.sqlite3,sqlite:622,sqlite:622,0.0,"observed_coordinate_medoid; source reference, not survey truth",121380347382164
606,0,UMTS,4220,5021,radio-7d4bb024c1618d1b,27.530800135775717,14.27670062487521,1,False,False,False,False,0,Libyana,1,1658361600000,1768176000000,Libyan_cells_dataset/cells.sqlite3,sqlite:2690,sqlite:2690,0.0,"observed_coordinate_medoid; source reference, not survey truth",66552308358793
606,0,LTE,4041,4042,radio-7d8a3948435b9b90,32.355000461917236,15.083100658155459,1,False,False,False,False,0,Libyana,1,1781827200000,1781827200000,Libyan_cells_dataset/cells.sqlite3,sqlite:499,sqlite:499,0.0,"observed_coordinate_medoid; source reference, not survey truth",264275128715814
606,0,GSM,8278,1281,radio-7d9dc75e8c8e9477,32.82730044653764,13.507700869235029,1,False,False,False,False,0,Libyana,1,1784764800000,1786492800000,Libyan_cells_dataset/cells.sqlite3,sqlite:3379,sqlite:3379,0.0,"observed_coordinate_medoid; source reference, not survey truth",62986612284166
606,1,LTE,1250,106011,radio-7da24d6ea5df612d,32.76560088157005,21.76520011122553,1,False,False,False,True,1,Al-Madar,1,1721520000000,1780704000000,Libyan_cells_dataset/cells.sqlite3,sqlite:676,sqlite:676,0.0,"observed_coordinate_medoid; source reference, not survey truth",261975163805097
606,0,GSM,4370,1023,radio-7dc2d842b619910a,32.01370077126306,20.076000325986243,1,False,False,False,False,0,Libyana,4,1576022400000,1708992000000,Libyan_cells_dataset/cells.sqlite3,sqlite:2710|sqlite:2756|sqlite:2905|sqlite:3059,sqlite:3059,0.06367194745666467,"observed_coordinate_medoid; source reference, not survey truth",155176334202179
606,1,LTE,1250,106041,radio-7dcedbd8b0ceb12c,32.76020032079487,21.773400419134603,1,False,False,False,True,1,Al-Madar,1,1786233600000,1786233600000,Libyan_cells_dataset/cells.sqlite3,sqlite:672,sqlite:672,0.0,"observed_coordinate_medoid; source reference, not survey truth",260380625312988
606,1,GSM,2,1991,radio-7de56c9a16d5f758,32.86030011539916,13.215200386012716,1,False,False,False,False,0,Al-Madar,2,1785715200000,1785715200000,Libyan_cells_dataset/cells.sqlite3,sqlite:4019|sqlite:4063,sqlite:4063,0.05215325379372377,"observed_coordinate_medoid; source reference, not survey truth",120439053274811
606,0,GSM,4340,1009,radio-7df739d499b2484f,32.1153727,20.0837421,1,False,True,True,False,0,Libyana,3,1647166140000,1787000798000,data/new_data/libya_collected_antennas/cellmapper/cellmapper_libya_antennas.csv,collected:728|collected:729|collected:730,collected:728,0.0,"observed_coordinate_medoid; source reference, not survey truth",181720449423902
606,0,LTE,1050,4218,radio-7e1ea014c08beab3,32.35860062410084,15.06930067353849,1,False,False,False,False,0,Libyana,1,1772668800000,1782864000000,Libyan_cells_dataset/cells.sqlite3,sqlite:1129,sqlite:1129,0.0,"observed_coordinate_medoid; source reference, not survey truth",112465456225971
606,0,LTE,6330,1045,radio-7e42827091f280b3,32.074562072753906,20.08380126953125,1,False,False,False,False,0,Libyana,13,1553119915000,1790102357000,data/new_data/libya_collected_antennas/cellmapper/cellmapper_libya_antennas.csv,collected:65|collected:66|collected:67|collected:68|collected:69|collected:70|collected:71|collected:72|collected:73|collected:74|collected:75|collected:76|collected:77,collected:65,0.0,"observed_coordinate_medoid; source reference, not survey truth",162289468461899
606,0,LTE,2120,6363,radio-7e7280f1ea827224,32.77780096508449,13.334200713844272,1,False,False,False,False,0,Libyana,1,1756080000000,1779580800000,Libyan_cells_dataset/cells.sqlite3,sqlite:949,sqlite:949,0.0,"observed_coordinate_medoid; source reference, not survey truth",65258054466427
606,1,LTE,14,17,radio-7e784e4ac3e9de51,32.86500066111436,13.119400760513162,1,False,False,False,True,1,Al-Madar,1,1769558400000,1775433600000,Libyan_cells_dataset/cells.sqlite3,sqlite:43,sqlite:43,0.0,"observed_coordinate_medoid; source reference, not survey truth",252779772704188
606,1,LTE,4181,4410,radio-7e7cfe1887fcde0c,30.74870073702311,20.23370065881943,1,False,False,False,True,1,Al-Madar,1,1782086400000,1782086400000,Libyan_cells_dataset/cells.sqlite3,sqlite:567,sqlite:567,0.0,"observed_coordinate_medoid; source reference, not survey truth",81986758460011
606,0,LTE,6310,1113,radio-7ea3cc4050a443fa,32.0886584,20.0940954,1,False,True,True,False,0,Libyana,10,1575330764000,1789782162000,data/new_data/libya_collected_antennas/cellmapper/cellmapper_libya_antennas.csv,collected:2019|collected:2020|collected:2021|collected:2022|collected:2023|collected:2024|collected:2025|collected:2026|collected:2027|collected:2028,collected:2019,0.0,"observed_coordinate_medoid; source reference, not survey truth",144392532930827
606,1,LTE,4181,5025,radio-7eb829a9406c3c07,30.759400470849815,20.198200985019604,1,False,False,False,True,1,Al-Madar,1,1774310400000,1774310400000,Libyan_cells_dataset/cells.sqlite3,sqlite:560,sqlite:560,0.0,"observed_coordinate_medoid; source reference, not survey truth",101349562210978
606,0,GSM,8280,1759,radio-7ebc956ed49ed13f,32.62040053686678,13.168200597396678,1,False,False,False,False,0,Libyana,9,1786492800000,1786492800000,Libyan_cells_dataset/cells.sqlite3,sqlite:3119|sqlite:3169|sqlite:3219|sqlite:3268|sqlite:3317|sqlite:3407|sqlite:3471|sqlite:3528|sqlite:3579,sqlite:3317,0.10482581993139255,"observed_coordinate_medoid; source reference, not survey truth",47971163831252
606,1,LTE,4181,4424,radio-7ec5111258c87732,30.744400128171534,20.215800836281517,1,False,False,False,True,1,Al-Madar,1,1782086400000,1782086400000,Libyan_cells_dataset/cells.sqlite3,sqlite:572,sqlite:572,0.0,"observed_coordinate_medoid; source reference, not survey truth",20506957088447
606,0,LTE,6340,1267,radio-7ef57830226ab685,31.66730011343473,20.24780015178335,1,False,False,False,False,0,Libyana,1,1769299200000,1786147200000,Libyan_cells_dataset/cells.sqlite3,sqlite:1227,sqlite:1227,0.0,"observed_coordinate_medoid; source reference, not survey truth",90896897655680
606,1,LTE,4181,4413,radio-7f1303508be9b357,30.74780064453118,20.216600957803944,1,False,False,False,True,1,Al-Madar,1,1782086400000,1782086400000,Libyan_cells_dataset/cells.sqlite3,sqlite:568,sqlite:568,0.0,"observed_coordinate_medoid; source reference, not survey truth",92563089692445
606,1,LTE,3,214,radio-7f18b513f81a6b80,32.79740093129361,13.076700589418422,1,False,False,False,True,1,Al-Madar,1,1602460800000,1782691200000,Libyan_cells_dataset/cells.sqlite3,sqlite:213,sqlite:213,0.0,"observed_coordinate_medoid; source reference, not survey truth",68686662204890
606,1,LTE,3,566,radio-7f195e14a7603bb5,32.80800022080776,13.018900930179417,1,False,False,False,True,1,Al-Madar,1,1781827200000,1781827200000,Libyan_cells_dataset/cells.sqlite3,sqlite:225,sqlite:225,0.0,"observed_coordinate_medoid; source reference, not survey truth",180328944408901
606,0,LTE,6330,1042,radio-7f31b72722f726e1,32.0874898,20.1106647,1,False,True,True,False,0,Libyana,6,1579690564000,1789781959000,data/new_data/libya_collected_antennas/cellmapper/cellmapper_libya_antennas.csv,collected:1601|collected:1602|collected:1603|collected:1604|collected:1605|collected:1606,collected:1601,0.0,"observed_coordinate_medoid; source reference, not survey truth",58210570716951
606,1,LTE,8091,4909,radio-7f470c0fbdd84c7e,32.640200914647316,13.581700288493986,1,False,False,False,True,1,Al-Madar,1,1784678400000,1786060800000,Libyan_cells_dataset/cells.sqlite3,sqlite:98,sqlite:98,0.0,"observed_coordinate_medoid; source reference, not survey truth",226825157353238
606,1,GSM,1122,1337,radio-7f53475a242aa949,32.63890057440847,20.949800644134605,1,False,False,False,False,0,Al-Madar,1,1786060800000,1786147200000,Libyan_cells_dataset/cells.sqlite3,sqlite:4192,sqlite:4192,0.0,"observed_coordinate_medoid; source reference, not survey truth",276595735104644
606,0,UMTS,5390,6052,radio-7f6eb8dfe8e20f17,32.49690072065282,20.861100203529553,1,False,False,False,False,0,Libyana,4,1777420800000,1777420800000,Libyan_cells_dataset/cells.sqlite3,sqlite:2445|sqlite:2494|sqlite:2543|sqlite:2626,sqlite:2445,0.04236195995267547,"observed_coordinate_medoid; source reference, not survey truth",133479439299267
606,1,GSM,1111,1052,radio-7f930af94dfe8780,32.137600648105476,20.1169009764586,1,False,False,False,False,0,Al-Madar,2,1579651200000,1581206400000,Libyan_cells_dataset/cells.sqlite3,sqlite:4187|sqlite:4238,sqlite:4187,0.044074068534516314,"observed_coordinate_medoid; source reference, not survey truth",98724994788812
606,0,GSM,8291,2179,radio-7f9540bcb36cd98d,32.76990051033176,12.607700397050566,1,False,False,False,False,0,Libyana,1,1787184000000,1787184000000,Libyan_cells_dataset/cells.sqlite3,sqlite:3453,sqlite:3453,0.0,"observed_coordinate_medoid; source reference, not survey truth",105452324456027
606,1,GSM,1114,1019,radio-7fad0ddb9a87c9eb,32.1010007446411,20.176400816286883,1,False,False,False,False,0,Al-Madar,3,1557878400000,1701734400000,Libyan_cells_dataset/cells.sqlite3,sqlite:3649|sqlite:4172|sqlite:4223,sqlite:4223,0.06509716244733593,"observed_coordinate_medoid; source reference, not survey truth",75191201259399
606,0,UMTS,5340,1130,radio-7fc1ba037af85c3d,31.983700597492035,20.036400489726905,1,False,False,False,False,0,Libyana,4,1576022400000,1787270400000,Libyan_cells_dataset/cells.sqlite3,sqlite:2461|sqlite:2510|sqlite:2559|sqlite:2642,sqlite:2510,0.03814385303559073,"observed_coordinate_medoid; source reference, not survey truth",91593299749572
606,0,LTE,2130,1406,radio-803ed120148e9b9e,32.57810056597776,13.11500054758166,1,False,False,False,False,0,Libyana,1,1781308800000,1781308800000,Libyan_cells_dataset/cells.sqlite3,sqlite:879,sqlite:879,0.0,"observed_coordinate_medoid; source reference, not survey truth",239702760471707
606,1,LTE,1,634,radio-8046f153fafeb062,32.875900903760744,13.211600734360346,1,False,False,False,True,1,Al-Madar,1,1782172800000,1782172800000,Libyan_cells_dataset/cells.sqlite3,sqlite:16,sqlite:16,0.0,"observed_coordinate_medoid; source reference, not survey truth",62202661087414
606,1,GSM,1114,1036,radio-80500e761023be6d,32.23300018983768,20.190200964765232,1,False,False,False,False,0,Al-Madar,1,1786665600000,1786665600000,Libyan_cells_dataset/cells.sqlite3,sqlite:3668,sqlite:3668,0.0,"observed_coordinate_medoid; source reference, not survey truth",100568312726219
606,0,GSM,4400,4229,radio-8065ee230da775cf,32.22720036025276,20.19590018815264,1,False,False,False,False,0,Libyana,1,1786665600000,1786665600000,Libyan_cells_dataset/cells.sqlite3,sqlite:3020,sqlite:3020,0.0,"observed_coordinate_medoid; source reference, not survey truth",64050970579852
606,1,LTE,4101,4714,radio-80a223e6e3db0d5a,32.701400790052034,13.273100573363218,1,False,False,False,True,1,Al-Madar,1,1755734400000,1781481600000,Libyan_cells_dataset/cells.sqlite3,sqlite:344,sqlite:344,0.0,"observed_coordinate_medoid; source reference, not survey truth",8420281344617
606,1,LTE,10,635,radio-80a6d00278985a31,32.66840051426675,13.174000526825647,1,False,False,False,True,1,Al-Madar,1,1756166400000,1781049600000,Libyan_cells_dataset/cells.sqlite3,sqlite:346,sqlite:346,0.0,"observed_coordinate_medoid; source reference, not survey truth",110163161091935
606,0,LTE,1510,6239,radio-80c37002ec14cad2,32.80640050237776,13.00040069539063,1,False,False,False,False,0,Libyana,1,1787443200000,1787529600000,Libyan_cells_dataset/cells.sqlite3,sqlite:808,sqlite:808,0.0,"observed_coordinate_medoid; source reference, not survey truth",126282593718435
606,1,UMTS,1040,3029,radio-80d732a04f6cdb03,32.08960088732752,20.250500717963025,1,False,False,False,False,0,Al-Madar,6,1789084800000,1789084800000,Libyan_cells_dataset/cells.sqlite3,sqlite:1368|sqlite:1419|sqlite:1909|sqlite:1951|sqlite:2000|sqlite:2101,sqlite:1419,0.10860516947205791,"observed_coordinate_medoid; source reference, not survey truth",254453938061952
606,0,LTE,2110,3610,radio-80fc6f5079795801,32.43610036998014,13.651100464605786,1,False,False,False,False,0,Libyana,1,1771718400000,1779408000000,Libyan_cells_dataset/cells.sqlite3,sqlite:1086,sqlite:1086,0.0,"observed_coordinate_medoid; source reference, not survey truth",208818762017827
606,1,LTE,10,924,radio-8119299df47e9d39,32.76190022076443,13.259800230342032,1,False,False,False,True,1,Al-Madar,1,1782172800000,1783036800000,Libyan_cells_dataset/cells.sqlite3,sqlite:338,sqlite:338,0.0,"observed_coordinate_medoid; source reference, not survey truth",249978222882869
606,0,LTE,2120,6462,radio-8155daf3f5140f73,32.57200069463485,13.27970011674999,1,False,False,False,False,0,Libyana,1,1755388800000,1787184000000,Libyan_cells_dataset/cells.sqlite3,sqlite:917,sqlite:917,0.0,"observed_coordinate_medoid; source reference, not survey truth",58308767605912
606,1,LTE,4061,4271,radio-8158b2f8608369d0,27.496700588870326,13.970500563472202,1,False,False,False,True,1,Al-Madar,1,1673654400000,1673654400000,Libyan_cells_dataset/cells.sqlite3,sqlite:531,sqlite:531,0.0,"observed_coordinate_medoid; source reference, not survey truth",47434654548507
606,1,GSM,4,1633,radio-816bfbd78b2e6fd4,32.76140092980012,12.736900226673972,1,False,False,False,False,0,Al-Madar,1,1779321600000,1779321600000,Libyan_cells_dataset/cells.sqlite3,sqlite:4031,sqlite:4031,0.0,"observed_coordinate_medoid; source reference, not survey truth",228389343182093
606,1,GSM,1113,1140,radio-8189786382f47b55,32.0065784454345,20.074398994446,1,False,False,False,False,0,Al-Madar,3,1567822711000,1701814012000,data/new_data/libya_collected_antennas/cellmapper/cellmapper_libya_antennas.csv,collected:1249|collected:1250|collected:1251,collected:1249,0.0,"observed_coordinate_medoid; source reference, not survey truth",144759272791541
606,1,LTE,4,2111,radio-818c3b7c69e97831,32.76210038603144,12.690600314845213,1,False,False,False,True,1,Al-Madar,1,1771632000000,1771632000000,Libyan_cells_dataset/cells.sqlite3,sqlite:271,sqlite:271,0.0,"observed_coordinate_medoid; source reference, not survey truth",269167882608751
606,0,LTE,4,2097,radio-818cd2c81ee3b2c3,32.76050024633602,12.735800673362627,1,False,False,False,False,0,Libyana,1,1771632000000,1771718400000,Libyan_cells_dataset/cells.sqlite3,sqlite:263,sqlite:263,0.0,"observed_coordinate_medoid; source reference, not survey truth",163864173203621
606,0,LTE,2120,6342,radio-81d5a652b17683bf,32.70180089312772,13.290200390511403,1,False,False,False,False,0,Libyana,1,1756080000000,1785196800000,Libyan_cells_dataset/cells.sqlite3,sqlite:1099,sqlite:1099,0.0,"observed_coordinate_medoid; source reference, not survey truth",38051578075815
606,1,LTE,1,332,radio-81d6549c738e3359,32.89100085736846,13.199800239422961,1,False,False,False,True,1,Al-Madar,1,1768521600000,1768521600000,Libyan_cells_dataset/cells.sqlite3,sqlite:157,sqlite:157,0.0,"observed_coordinate_medoid; source reference, not survey truth",92988066161523
606,1,UMTS,1040,3277,radio-81dc02c9f5257c2d,32.09680045453554,20.208800586109795,1,False,False,False,False,0,Al-Madar,6,1789084800000,1789084800000,Libyan_cells_dataset/cells.sqlite3,sqlite:1384|sqlite:1435|sqlite:1928|sqlite:1968|sqlite:2016|sqlite:2117,sqlite:1968,0.0955439745288234,"observed_coordinate_medoid; source reference, not survey truth",45668274192979
606,0,LTE,2110,3957,radio-8250dcb4f91cdda1,32.437900570955065,13.684600469972779,1,False,False,False,False,0,Libyana,1,1771718400000,1781308800000,Libyan_cells_dataset/cells.sqlite3,sqlite:1092,sqlite:1092,0.0,"observed_coordinate_medoid; source reference, not survey truth",250970232000853
606,0,LTE,6410,2070,radio-8256a135182eb06d,32.81391525268555,21.864315032958984,1,False,False,False,False,0,Libyana,6,1743811200000,1789575504000,Libyan_cells_dataset/cells.sqlite3|data/new_data/libya_collected_antennas/cellmapper/cellmapper_libya_antennas.csv,collected:2523|collected:2524|collected:2525|collected:2526|collected:2527|sqlite:1267,collected:2523,2.1155184718261943,"observed_coordinate_medoid; source reference, not survey truth",226380209454581
606,1,LTE,3,974,radio-82809e33057fb0b8,32.82490015449582,12.984900587858728,1,False,False,False,True,1,Al-Madar,1,1771718400000,1787529600000,Libyan_cells_dataset/cells.sqlite3,sqlite:233,sqlite:233,0.0,"observed_coordinate_medoid; source reference, not survey truth",242162173957802
606,0,LTE,1710,1163,radio-82a6e1f4732076bc,32.845664978027344,13.172883987426758,1,False,False,False,False,0,Libyana,4,1578700800000,1788116159000,Libyan_cells_dataset/cells.sqlite3|data/new_data/libya_collected_antennas/cellmapper/cellmapper_libya_antennas.csv,collected:2217|collected:2218|collected:2219|sqlite:724,collected:2217,4.2701022411734435,"observed_coordinate_medoid; source reference, not survey truth",122119027190251
606,0,LTE,2110,1396,radio-82b3625237dc6679,32.697600694537435,13.559600609325079,1,False,False,False,False,0,Libyana,1,1755302400000,1787961600000,Libyan_cells_dataset/cells.sqlite3,sqlite:969,sqlite:969,0.0,"observed_coordinate_medoid; source reference, not survey truth",208037196478660
606,1,LTE,4,2123,radio-82d1239cd9be8060,32.74340080600207,12.726800451026694,1,False,False,False,True,1,Al-Madar,1,1771632000000,1771632000000,Libyan_cells_dataset/cells.sqlite3,sqlite:256,sqlite:256,0.0,"observed_coordinate_medoid; source reference, not survey truth",24982445897247
606,0,GSM,8243,1931,radio-82eb98671d3319b1,32.83790057555711,13.209300483734008,1,False,False,False,False,0,Libyana,9,1787788800000,1787788800000,Libyan_cells_dataset/cells.sqlite3,sqlite:3138|sqlite:3188|sqlite:3235|sqlite:3282|sqlite:3330|sqlite:3411|sqlite:3478|sqlite:3541|sqlite:3598,sqlite:3188,0.09347518981822664,"observed_coordinate_medoid; source reference, not survey truth",138895856891611
606,1,LTE,4041,5024,radio-82f6976df5327b8f,32.35966873168945,15.078838348388672,1,False,False,False,True,1,Al-Madar,2,1781827200000,1781889345000,Libyan_cells_dataset/cells.sqlite3|data/new_data/libya_collected_antennas/cellmapper/cellmapper_libya_antennas.csv,collected:43|sqlite:481,collected:43,4.982566392864461,"observed_coordinate_medoid; source reference, not survey truth",105729005786774
606,1,LTE,4081,4692,radio-82f74000ffddfe78,32.884900223947746,13.328800537242353,1,False,False,False,True,1,Al-Madar,1,1759795200000,1766448000000,Libyan_cells_dataset/cells.sqlite3,sqlite:69,sqlite:69,0.0,"observed_coordinate_medoid; source reference, not survey truth",66452314235426
606,0,LTE,4,2112,radio-82f937ae57fbd06b,32.73370013392749,12.756700804151981,1,False,False,False,False,0,Libyana,1,1771632000000,1774310400000,Libyan_cells_dataset/cells.sqlite3,sqlite:255,sqlite:255,0.0,"observed_coordinate_medoid; source reference, not survey truth",157142095842496
606,1,LTE,4011,4239,radio-82fcc5b804c1e4e2,32.59010084993191,14.35200097185423,1,False,False,False,True,1,Al-Madar,1,1575417600000,1785974400000,Libyan_cells_dataset/cells.sqlite3,sqlite:412,sqlite:412,0.0,"observed_coordinate_medoid; source reference, not survey truth",231850955183575
606,0,GSM,8278,1279,radio-832bdb5b1f5c5b5b,32.6964005816798,13.559800448869115,1,False,False,False,False,0,Libyana,8,1758153600000,1786492800000,Libyan_cells_dataset/cells.sqlite3,sqlite:3108|sqlite:3158|sqlite:3208|sqlite:3258|sqlite:3308|sqlite:3352|sqlite:3518|sqlite:3568,sqlite:3108,0.07563150604665085,"observed_coordinate_medoid; source reference, not survey truth",130094071715725
606,0,LTE,1030,4128,radio-834e89a98d4e5cac,32.50570092857431,14.486400830095091,1,False,False,False,False,0,Libyana,1,1773187200000,1773273600000,Libyan_cells_dataset/cells.sqlite3,sqlite:1115,sqlite:1115,0.0,"observed_coordinate_medoid; source reference, not survey truth",64053719388722
606,0,LTE,1710,1176,radio-83537a0865576cbb,32.1025121,20.1027331,1,False,True,True,False,0,Libyana,9,1755606535000,1788761284000,data/new_data/libya_collected_antennas/cellmapper/cellmapper_libya_antennas.csv,collected:2300|collected:2301|collected:2302|collected:2303|collected:2304|collected:2305|collected:2306|collected:2307|collected:2308,collected:2300,0.0,"observed_coordinate_medoid; source reference, not survey truth",37417770413667
606,0,GSM,8251,1892,radio-8374c32bad6f906a,32.77340071367084,13.089000832316138,1,False,False,False,False,0,Libyana,6,1782691200000,1785369600000,Libyan_cells_dataset/cells.sqlite3,sqlite:3241|sqlite:3288|sqlite:3335|sqlite:3416|sqlite:3483|sqlite:3548,sqlite:3288,0.09409961492508755,"observed_coordinate_medoid; source reference, not survey truth",232224428504381
606,1,LTE,14,892,radio-83932a32cb9aa6ad,32.8589007270044,13.084800499672049,1,False,False,False,True,1,Al-Madar,1,1771718400000,1781913600000,Libyan_cells_dataset/cells.sqlite3,sqlite:171,sqlite:171,0.0,"observed_coordinate_medoid; source reference, not survey truth",169270600588961
606,0,GSM,9360,5325,radio-83aab4a1b7dc5b4c,27.034700837775198,14.426700211155454,1,False,False,False,False,0,Libyana,1,1454112000000,1454112000000,Libyan_cells_dataset/cells.sqlite3,sqlite:3619,sqlite:3619,0.0,"observed_coordinate_medoid; source reference, not survey truth",252674555747750
606,0,LTE,1710,1608,radio-83c279498b1be451,32.8566006808315,13.205600800780555,1,False,False,False,False,0,Libyana,1,1755561600000,1787529600000,Libyan_cells_dataset/cells.sqlite3,sqlite:784,sqlite:784,0.0,"observed_coordinate_medoid; source reference, not survey truth",228278644823156
606,0,UMTS,1020,1694,radio-83d0ce3c8971b5aa,32.57840068252105,14.036100232527271,1,False,False,False,False,0,Libyana,2,1775606400000,1783555200000,Libyan_cells_dataset/cells.sqlite3,sqlite:2287|sqlite:2413,sqlite:2287,0.030265869849041893,"observed_coordinate_medoid; source reference, not survey truth",269334870548167
606,0,LTE,3006,1483,radio-8405f6e0925a023d,32.90040033320607,13.173400113359307,1,False,False,False,False,0,Libyana,2,1575331200000,1575392327000,Libyan_cells_dataset/cells.sqlite3|data/new_data/libya_collected_antennas/cellmapper/cellmapper_libya_antennas.csv,collected:486|sqlite:725,sqlite:725,5.038415755219421,"observed_coordinate_medoid; source reference, not survey truth",219036982366006
606,0,LTE,1810,1026,radio-840ed663258cdde3,32.893725600882355,13.170800578088237,1,False,False,False,False,0,Libyana,8,1575392325000,1789910964000,data/new_data/libya_collected_antennas/cellmapper/cellmapper_libya_antennas.csv,collected:541|collected:542|collected:543|collected:544|collected:545|collected:546|collected:547|collected:548,collected:541,0.0,"observed_coordinate_medoid; source reference, not survey truth",177986456911733
606,0,GSM,8264,1027,radio-842f8e03fa47030d,32.885900658918494,13.164500859636515,1,False,False,False,False,0,Libyana,1,1786406400000,1786492800000,Libyan_cells_dataset/cells.sqlite3,sqlite:3440,sqlite:3440,0.0,"observed_coordinate_medoid; source reference, not survey truth",83769252505970
606,1,UMTS,300,4691,radio-8481ec72ed8b775a,32.58520040307513,14.037900683476925,1,False,False,False,False,0,Al-Madar,1,1777420800000,1783555200000,Libyan_cells_dataset/cells.sqlite3,sqlite:1343,sqlite:1343,0.0,"observed_coordinate_medoid; source reference, not survey truth",140400132989989
606,1,UMTS,1011,87,radio-8498f78bab7ff81b,32.846000943559275,13.259000502106849,1,False,False,False,False,0,Al-Madar,4,1576540800000,1576540800000,Libyan_cells_dataset/cells.sqlite3,sqlite:1810|sqlite:1860|sqlite:2060|sqlite:2160,sqlite:2060,0.06666107160718397,"observed_coordinate_medoid; source reference, not survey truth",163109905947012
606,0,GSM,4350,1070,radio-84bde909968a9ee7,32.08450046713883,20.084800527260253,1,False,False,False,False,0,Libyana,6,1554422400000,1787270400000,Libyan_cells_dataset/cells.sqlite3,sqlite:2719|sqlite:2765|sqlite:2804|sqlite:2859|sqlite:2911|sqlite:3068,sqlite:3068,0.04509054310853212,"observed_coordinate_medoid; source reference, not survey truth",82243181209773
606,0,LTE,4011,4238,radio-84f35fea7473a39a,32.590100688011844,14.326300853809515,1,False,False,False,False,0,Libyana,1,1575417600000,1576195200000,Libyan_cells_dataset/cells.sqlite3,sqlite:409,sqlite:409,0.0,"observed_coordinate_medoid; source reference, not survey truth",141102331524441
606,1,LTE,4132,4700,radio-850d3a24a54f7f9c,32.85610019083115,13.333000355454631,1,False,False,False,True,1,Al-Madar,1,1783987200000,1783987200000,Libyan_cells_dataset/cells.sqlite3,sqlite:20,sqlite:20,0.0,"observed_coordinate_medoid; source reference, not survey truth",133300484529021
606,1,UMTS,1030,3139,radio-8529b2a72367c7ee,32.00558696073635,20.08964179543894,1,False,False,False,False,0,Al-Madar,6,1556686159000,1789634408000,data/new_data/libya_collected_antennas/cellmapper/cellmapper_libya_antennas.csv,collected:1258|collected:1259|collected:1260|collected:1261|collected:1262|collected:1263,collected:1258,0.0,"observed_coordinate_medoid; source reference, not survey truth",152403155238983
606,0,GSM,8282,1734,radio-854b128d5674fdbc,32.90480055377369,13.296600525325044,1,False,False,False,False,0,Libyana,9,1786406400000,1786492800000,Libyan_cells_dataset/cells.sqlite3,sqlite:3110|sqlite:3160|sqlite:3210|sqlite:3260|sqlite:3310|sqlite:3353|sqlite:3466|sqlite:3520|sqlite:3570,sqlite:3260,0.08149673172837758,"observed_coordinate_medoid; source reference, not survey truth",123970106246785
606,0,LTE,2120,1544,radio-855af50e6f21acb7,32.70890048447885,13.477200769352029,1,False,False,False,False,0,Libyana,1,1755388800000,1787184000000,Libyan_cells_dataset/cells.sqlite3,sqlite:963,sqlite:963,0.0,"observed_coordinate_medoid; source reference, not survey truth",72104290047617
606,1,LTE,2,868,radio-85b994ac59792657,32.84430074058675,13.209700549782875,1,False,False,False,True,1,Al-Madar,1,1754352000000,1754352000000,Libyan_cells_dataset/cells.sqlite3,sqlite:39,sqlite:39,0.0,"observed_coordinate_medoid; source reference, not survey truth",108152268711031
606,0,LTE,2140,1350,radio-85d685fc2c6f0ea6,32.57300032375474,13.025800677632166,1,False,False,False,False,0,Libyana,1,1781308800000,1783728000000,Libyan_cells_dataset/cells.sqlite3,sqlite:887,sqlite:887,0.0,"observed_coordinate_medoid; source reference, not survey truth",254003849508718
606,0,LTE,1910,6316,radio-85e9dd7d20fc8e08,32.862600447015964,13.247100416204301,1,False,False,False,False,0,Libyana,1,1761609600000,1787529600000,Libyan_cells_dataset/cells.sqlite3,sqlite:714,sqlite:714,0.0,"observed_coordinate_medoid; source reference, not survey truth",162864863099705
606,0,UMTS,5390,6439,radio-85f0e6adc184fc4a,32.47570071452731,20.85000026540218,1,False,False,False,False,0,Libyana,4,1777420800000,1777420800000,Libyan_cells_dataset/cells.sqlite3,sqlite:2458|sqlite:2507|sqlite:2556|sqlite:2639,sqlite:2458,0.05987362962060243,"observed_coordinate_medoid; source reference, not survey truth",41963344337987
606,0,LTE,2140,1657,radio-862a2aef35216647,32.678500588709255,12.937000548976542,1,False,False,False,False,0,Libyana,1,1777334400000,1787529600000,Libyan_cells_dataset/cells.sqlite3,sqlite:726,sqlite:726,0.0,"observed_coordinate_medoid; source reference, not survey truth",54342166640815
606,0,UMTS,5310,1150,radio-863634dd4245d52e,32.1303995,20.0975564,1,False,True,True,False,0,Libyana,3,1561427997000,1789146253000,data/new_data/libya_collected_antennas/cellmapper/cellmapper_libya_antennas.csv,collected:830|collected:831|collected:832,collected:830,0.0,"observed_coordinate_medoid; source reference, not survey truth",277829332587241
606,1,UMTS,1011,218,radio-864241de5fb7770e,32.8683009559628,13.202700707044325,1,False,False,False,False,0,Al-Madar,4,1576713600000,1576713600000,Libyan_cells_dataset/cells.sqlite3,sqlite:1833|sqlite:1883|sqlite:2083|sqlite:2183,sqlite:1883,0.06643159461219879,"observed_coordinate_medoid; source reference, not survey truth",51531033717651
606,1,LTE,14,336,radio-8684f1a2ab1ed5bc,32.86110091374215,13.123300759769133,1,False,False,False,True,1,Al-Madar,1,1768521600000,1782086400000,Libyan_cells_dataset/cells.sqlite3,sqlite:178,sqlite:178,0.0,"observed_coordinate_medoid; source reference, not survey truth",1788344674182
606,1,UMTS,300,4540,radio-868afde8444e483d,32.60580065837675,14.140300477056979,1,False,False,False,False,0,Al-Madar,1,1576195200000,1789084800000,Libyan_cells_dataset/cells.sqlite3,sqlite:1346,sqlite:1346,0.0,"observed_coordinate_medoid; source reference, not survey truth",140665772493202
606,1,LTE,1240,101371,radio-869307fd44e6ce15,31.940600388716334,20.169200683730512,1,False,False,False,True,1,Al-Madar,1,1769040000000,1785974400000,Libyan_cells_dataset/cells.sqlite3,sqlite:704,sqlite:704,0.0,"observed_coordinate_medoid; source reference, not survey truth",232450647395004
606,0,LTE,6390,1218,radio-869f534e22594e6f,32.84659664447491,13.204548615675709,1,False,False,False,False,0,Libyana,5,1762334331000,1789112543000,data/new_data/libya_collected_antennas/cellmapper/cellmapper_libya_antennas.csv,collected:2454|collected:2455|collected:2456|collected:2457|collected:2458,collected:2454,0.0,"observed_coordinate_medoid; source reference, not survey truth",253889094035698
606,0,LTE,1810,1125,radio-86b08df2665922a6,32.87182296268524,13.213220414661226,1,False,False,False,False,0,Libyana,4,1760054400000,1760113026000,Libyan_cells_dataset/cells.sqlite3|data/new_data/libya_collected_antennas/cellmapper/cellmapper_libya_antennas.csv,collected:2049|collected:2050|collected:2051|sqlite:721,collected:2049,3.124038842671091,"observed_coordinate_medoid; source reference, not survey truth",243982301923755
606,1,LTE,8091,4890,radio-86ba467bd7fc4206,32.67180018713985,13.922800888061834,1,False,False,False,True,1,Al-Madar,1,1776556800000,1782086400000,Libyan_cells_dataset/cells.sqlite3,sqlite:124,sqlite:124,0.0,"observed_coordinate_medoid; source reference, not survey truth",10343636317278
606,0,LTE,1610,1143,radio-86d93051b18962e2,32.84605026245117,13.07761902279324,1,False,False,False,False,0,Libyana,3,1771545600000,1782083985000,Libyan_cells_dataset/cells.sqlite3|data/new_data/libya_collected_antennas/cellmapper/cellmapper_libya_antennas.csv,collected:2120|collected:2121|sqlite:829,collected:2120,5.818535598666542,"observed_coordinate_medoid; source reference, not survey truth",67678599310428
606,0,LTE,2110,3108,radio-86ec53f581b6be44,31.738300972060372,14.001300304790293,1,False,False,False,False,0,Libyana,1,1661731200000,1661731200000,Libyan_cells_dataset/cells.sqlite3,sqlite:740,sqlite:740,0.0,"observed_coordinate_medoid; source reference, not survey truth",78756783095883
606,0,LTE,2110,3605,radio-870526b2a51cab85,32.40610071327677,13.54290035428286,1,False,False,False,False,0,Libyana,1,1771718400000,1779408000000,Libyan_cells_dataset/cells.sqlite3,sqlite:1091,sqlite:1091,0.0,"observed_coordinate_medoid; source reference, not survey truth",188598468652144
606,0,GSM,8264,1003,radio-873c389a1789e8a0,32.899600399097,13.20790062297466,1,False,False,False,False,0,Libyana,8,1786492800000,1786492800000,Libyan_cells_dataset/cells.sqlite3,sqlite:3134|sqlite:3184|sqlite:3231|sqlite:3278|sqlite:3326|sqlite:3476|sqlite:3537|sqlite:3594,sqlite:3231,0.07151733126949579,"observed_coordinate_medoid; source reference, not survey truth",111503505233089
606,1,GSM,1111,1048,radio-873f87a99895175f,32.13990031921798,20.11860039210981,1,False,False,False,False,0,Al-Madar,2,1581206400000,1581206400000,Libyan_cells_dataset/cells.sqlite3,sqlite:4185|sqlite:4236,sqlite:4185,0.05561266722241677,"observed_coordinate_medoid; source reference, not survey truth",225720289846911
606,0,GSM,4410,1235,radio-8748b97ce56a1945,32.12970026615892,20.152600293665657,1,False,False,False,False,0,Libyana,4,1578009600000,1702166400000,Libyan_cells_dataset/cells.sqlite3,sqlite:2795|sqlite:2817|sqlite:2879|sqlite:2962,sqlite:2879,0.1027552123787311,"observed_coordinate_medoid; source reference, not survey truth",168469899620572
606,0,LTE,6330,1089,radio-875a562f9d7587c2,32.1511844,20.1132598,1,False,True,True,False,0,Libyana,5,1581231701000,1788116161000,data/new_data/libya_collected_antennas/cellmapper/cellmapper_libya_antennas.csv,collected:1885|collected:1886|collected:1887|collected:1888|collected:1889,collected:1885,0.0,"observed_coordinate_medoid; source reference, not survey truth",207064729608297
606,0,LTE,6350,4002,radio-8769d4d4dc1bfdf6,30.767200391975926,20.223600300326062,1,False,False,False,False,0,Libyana,1,1782086400000,1782086400000,Libyan_cells_dataset/cells.sqlite3,sqlite:1223,sqlite:1223,0.0,"observed_coordinate_medoid; source reference, not survey truth",153180550552519
606,0,UMTS,1510,1631,radio-876f26d16c25fbd3,32.83510019290544,13.032200835820564,1,False,False,False,False,0,Libyana,4,1772668800000,1772841600000,Libyan_cells_dataset/cells.sqlite3,sqlite:2234|sqlite:2283|sqlite:2321|sqlite:2409,sqlite:2409,0.08833315580177821,"observed_coordinate_medoid; source reference, not survey truth",4960853581566
606,1,UMTS,310,3646,radio-879ebf30f72df124,32.579300530129146,13.117600441334577,1,False,False,False,False,0,Al-Madar,3,1781308800000,1781308800000,Libyan_cells_dataset/cells.sqlite3,sqlite:1586|sqlite:1622|sqlite:1706,sqlite:1586,0.07370268221736494,"observed_coordinate_medoid; source reference, not survey truth",114377664970796
606,0,GSM,4350,1069,radio-87cce35d4a695b02,32.08613121726296,20.100445175170897,1,False,False,False,False,0,Libyana,4,1546903745000,1787342659000,data/new_data/libya_collected_antennas/cellmapper/cellmapper_libya_antennas.csv,collected:1000|collected:1001|collected:1002|collected:1003,collected:1000,0.0,"observed_coordinate_medoid; source reference, not survey truth",24569381891462
606,0,LTE,2040,3857,radio-87d241e5a74088af,31.780800875984674,11.889500787705549,1,False,False,False,False,0,Libyana,1,1783641600000,1783641600000,Libyan_cells_dataset/cells.sqlite3,sqlite:1295,sqlite:1295,0.0,"observed_coordinate_medoid; source reference, not survey truth",231863137304023
606,0,GSM,4410,1165,radio-8802b1dcdba714ab,32.09560012620992,20.17630088501767,1,False,False,False,False,0,Libyana,2,1576022400000,1781308800000,Libyan_cells_dataset/cells.sqlite3,sqlite:2842|sqlite:2986,sqlite:2986,0.06855183421507767,"observed_coordinate_medoid; source reference, not survey truth",232590954577879
606,0,UMTS,1050,4078,radio-883a8ad333a12d05,32.258636474609,15.120861053467,1,False,False,False,False,0,Libyana,1,1575452970000,1575453041000,data/new_data/libya_collected_antennas/cellmapper/cellmapper_libya_antennas.csv,collected:1022,collected:1022,0.0,"observed_coordinate_medoid; source reference, not survey truth",137431397255731
606,0,LTE,2110,3603,radio-88426fac2f4663ca,32.43870067759994,13.72220023511403,1,False,False,False,False,0,Libyana,1,1771718400000,1781308800000,Libyan_cells_dataset/cells.sqlite3,sqlite:1081,sqlite:1081,0.0,"observed_coordinate_medoid; source reference, not survey truth",42870295980249
606,1,GSM,2008,1228,radio-88524ce7ec46a958,27.5618007579508,14.453600565708943,1,False,False,False,False,0,Al-Madar,1,1665878400000,1665878400000,Libyan_cells_dataset/cells.sqlite3,sqlite:4254,sqlite:4254,0.0,"observed_coordinate_medoid; source reference, not survey truth",61417259930089
606,1,LTE,4001,4328,radio-885b8028096e922c,32.60960030879974,14.33410071647482,1,False,False,False,True,1,Al-Madar,1,1786838400000,1786838400000,Libyan_cells_dataset/cells.sqlite3,sqlite:420,sqlite:420,0.0,"observed_coordinate_medoid; source reference, not survey truth",246507702979800
606,1,LTE,1240,103731,radio-88765d8b00e614e3,31.893100808068834,20.174100926493125,1,False,False,False,True,1,Al-Madar,1,1769040000000,1786147200000,Libyan_cells_dataset/cells.sqlite3,sqlite:592,sqlite:592,0.0,"observed_coordinate_medoid; source reference, not survey truth",239819814536201
606,1,LTE,3,637,radio-888ec5d2e905e756,32.795800667233536,13.079300169398419,1,False,False,False,True,1,Al-Madar,1,1602460800000,1782691200000,Libyan_cells_dataset/cells.sqlite3,sqlite:188,sqlite:188,0.0,"observed_coordinate_medoid; source reference, not survey truth",230853646156852
606,1,LTE,3,180,radio-8890fbef59a7ac96,32.79660077122105,13.077000325952982,1,False,False,False,True,1,Al-Madar,1,1602460800000,1602460800000,Libyan_cells_dataset/cells.sqlite3,sqlite:26,sqlite:26,0.0,"observed_coordinate_medoid; source reference, not survey truth",11509950917545
606,0,LTE,1050,4017,radio-88934c98fc7613e0,30.767500820970167,20.241200892242723,1,False,False,False,False,0,Libyana,1,1782086400000,1782864000000,Libyan_cells_dataset/cells.sqlite3,sqlite:1218,sqlite:1218,0.0,"observed_coordinate_medoid; source reference, not survey truth",181738236938875
606,1,UMTS,5011,2278,radio-8897227adac09bb9,32.30220020334966,12.5709002817061,1,False,False,False,False,0,Al-Madar,1,1783728000000,1783728000000,Libyan_cells_dataset/cells.sqlite3,sqlite:1663,sqlite:1663,0.0,"observed_coordinate_medoid; source reference, not survey truth",83441797938472
606,0,UMTS,4040,3039,radio-88afef5dbda3d43a,27.035300561726856,14.438500272794696,1,False,False,False,False,0,Libyana,1,1454112000000,1454112000000,Libyan_cells_dataset/cells.sqlite3,sqlite:2667,sqlite:2667,0.0,"observed_coordinate_medoid; source reference, not survey truth",168346814912506
606,1,GSM,3,2263,radio-88c79923128fe6b0,32.69970089284262,12.840200566998105,1,False,False,False,False,0,Al-Madar,1,1750464000000,1750464000000,Libyan_cells_dataset/cells.sqlite3,sqlite:4030,sqlite:4030,0.0,"observed_coordinate_medoid; source reference, not survey truth",196691768609737
606,0,LTE,1910,6219,radio-88d8ef08b410b744,32.84250090864304,13.238800863517604,1,False,False,False,False,0,Libyana,1,1762214400000,1787961600000,Libyan_cells_dataset/cells.sqlite3,sqlite:1313,sqlite:1313,0.0,"observed_coordinate_medoid; source reference, not survey truth",64065204517105
606,1,LTE,4031,4165,radio-88e744f6bb2a5015,32.39090011313838,15.124100213758826,1,False,False,False,True,1,Al-Madar,1,1665878400000,1738886400000,Libyan_cells_dataset/cells.sqlite3,sqlite:475,sqlite:475,0.0,"observed_coordinate_medoid; source reference, not survey truth",153194914490689
606,0,LTE,6390,1063,radio-892b408b95a3d63a,32.10211944580078,20.16601181030273,1,False,False,False,False,0,Libyana,5,1570930829000,1789910962000,data/new_data/libya_collected_antennas/cellmapper/cellmapper_libya_antennas.csv,collected:1755|collected:1756|collected:1757|collected:1758|collected:1759,collected:1755,0.0,"observed_coordinate_medoid; source reference, not survey truth",49003286426926
606,1,UMTS,331,3794,radio-8969e2c67c5a2677,32.10160011876382,12.321500922044605,1,False,False,False,False,0,Al-Madar,1,1783555200000,1783728000000,Libyan_cells_dataset/cells.sqlite3,sqlite:1668,sqlite:1668,0.0,"observed_coordinate_medoid; source reference, not survey truth",206445890909744
606,0,GSM,4400,1179,radio-8973edf8dfcbd44c,32.22670014362189,20.19640051391244,1,False,False,False,False,0,Libyana,1,1786665600000,1786665600000,Libyan_cells_dataset/cells.sqlite3,sqlite:3015,sqlite:3015,0.0,"observed_coordinate_medoid; source reference, not survey truth",83507979986218
606,0,GSM,8264,1725,radio-8980cf582842db0f,32.8942007066982,13.192500744486534,1,False,False,False,False,0,Libyana,9,1786406400000,1786492800000,Libyan_cells_dataset/cells.sqlite3,sqlite:3109|sqlite:3159|sqlite:3209|sqlite:3259|sqlite:3309|sqlite:3405|sqlite:3465|sqlite:3519|sqlite:3569,sqlite:3405,0.07944564933936726,"observed_coordinate_medoid; source reference, not survey truth",112860715617353
606,0,GSM,8251,6349,radio-89839ea83399d53e,32.72330085753546,13.146500354817286,1,False,False,False,False,0,Libyana,1,1786492800000,1786492800000,Libyan_cells_dataset/cells.sqlite3,sqlite:3438,sqlite:3438,0.0,"observed_coordinate_medoid; source reference, not survey truth",97191693607522
606,1,LTE,4101,9932,radio-8999df9803b82cc3,32.867600288548985,13.418100649141408,1,False,False,False,True,1,Al-Madar,1,1756598400000,1786147200000,Libyan_cells_dataset/cells.sqlite3,sqlite:143,sqlite:143,0.0,"observed_coordinate_medoid; source reference, not survey truth",41461751951190
606,1,UMTS,5011,2007,radio-89a5081aef7d1164,32.71100020122722,12.230800435427662,1,False,False,False,False,0,Al-Madar,2,1698537600000,1698537600000,Libyan_cells_dataset/cells.sqlite3,sqlite:1654|sqlite:1671,sqlite:1654,0.02596949325520912,"observed_coordinate_medoid; source reference, not survey truth",106894481852609
606,1,LTE,4111,4911,radio-89b3eb109fed5831,32.426000866360766,13.610900778653782,1,False,False,False,True,1,Al-Madar,1,1775260800000,1777420800000,Libyan_cells_dataset/cells.sqlite3,sqlite:129,sqlite:129,0.0,"observed_coordinate_medoid; source reference, not survey truth",13437966825958
606,1,LTE,4001,4200,radio-89e21cf0705cbc54,32.637600779968366,14.273600259630182,1,False,False,False,True,1,Al-Madar,1,1786233600000,1786665600000,Libyan_cells_dataset/cells.sqlite3,sqlite:426,sqlite:426,0.0,"observed_coordinate_medoid; source reference, not survey truth",222652172807250
606,1,LTE,1250,106611,radio-89f069006682bd6f,32.80320078162258,21.873300322212202,1,False,False,False,True,1,Al-Madar,1,1761609600000,1784764800000,Libyan_cells_dataset/cells.sqlite3,sqlite:677,sqlite:677,0.0,"observed_coordinate_medoid; source reference, not survey truth",41549470790585
606,0,LTE,2140,1387,radio-8a0d6aaeb1c0b752,32.534500907154026,13.203100873546257,1,False,False,False,False,0,Libyana,1,1769990400000,1779408000000,Libyan_cells_dataset/cells.sqlite3,sqlite:802,sqlite:802,0.0,"observed_coordinate_medoid; source reference, not survey truth",128897283144059
606,1,LTE,8091,4639,radio-8a0db4e0a9bea66d,32.703000181893074,13.478000470466657,1,False,False,False,True,1,Al-Madar,1,1755734400000,1786060800000,Libyan_cells_dataset/cells.sqlite3,sqlite:144,sqlite:144,0.0,"observed_coordinate_medoid; source reference, not survey truth",251428394145079
606,1,LTE,4311,4950,radio-8a238b3c4215fc61,31.966600619312555,12.099800767237442,1,False,False,False,True,1,Al-Madar,1,1760140800000,1761091200000,Libyan_cells_dataset/cells.sqlite3,sqlite:296,sqlite:296,0.0,"observed_coordinate_medoid; source reference, not survey truth",183027206969693
606,0,LTE,6420,5060,radio-8a388fbabece9b80,32.539200420175725,23.013900718458167,1,False,False,False,False,0,Libyana,2,1673222400000,1673250272000,Libyan_cells_dataset/cells.sqlite3|data/new_data/libya_collected_antennas/cellmapper/cellmapper_libya_antennas.csv,collected:351|sqlite:1273,sqlite:1273,2.081343118942848,"observed_coordinate_medoid; source reference, not survey truth",200302382993553
606,0,LTE,2120,1353,radio-8a3e9d9a2eedf284,32.66970025419983,13.295000207649226,1,False,False,False,False,0,Libyana,1,1756080000000,1779408000000,Libyan_cells_dataset/cells.sqlite3,sqlite:923,sqlite:923,0.0,"observed_coordinate_medoid; source reference, not survey truth",19462563108010
606,0,LTE,4011,4037,radio-8a5bd0f6077715ee,32.469400514376794,14.56250037740575,1,False,False,False,False,0,Libyana,1,1554163200000,1778976000000,Libyan_cells_dataset/cells.sqlite3,sqlite:434,sqlite:434,0.0,"observed_coordinate_medoid; source reference, not survey truth",55405497550927
606,0,LTE,2140,2223,radio-8a7746d9bccc4579,32.788500138183444,12.82210083090556,1,False,False,False,False,0,Libyana,1,1763769600000,1782086400000,Libyan_cells_dataset/cells.sqlite3,sqlite:824,sqlite:824,0.0,"observed_coordinate_medoid; source reference, not survey truth",116642470195404
606,0,LTE,2110,3632,radio-8a97c95ed0eddba3,32.56760019327,13.700900651057365,1,False,False,False,False,0,Libyana,1,1771718400000,1781308800000,Libyan_cells_dataset/cells.sqlite3,sqlite:1015,sqlite:1015,0.0,"observed_coordinate_medoid; source reference, not survey truth",58322560198623
606,1,GSM,1115,1367,radio-8aca58bb508347d7,31.668300528496435,20.25590043714782,1,False,False,False,False,0,Al-Madar,1,1785283200000,1785974400000,Libyan_cells_dataset/cells.sqlite3,sqlite:4251,sqlite:4251,0.0,"observed_coordinate_medoid; source reference, not survey truth",24386331875380
606,1,UMTS,300,4688,radio-8ae50bf51f32ae14,32.534000592171786,13.994800181804075,1,False,False,False,False,0,Al-Madar,1,1777507200000,1779840000000,Libyan_cells_dataset/cells.sqlite3,sqlite:1333,sqlite:1333,0.0,"observed_coordinate_medoid; source reference, not survey truth",66008214610789
606,1,LTE,4061,4380,radio-8af5aecec1e860bf,26.439300905827533,14.271200864679113,1,False,False,False,True,1,Al-Madar,1,1683244800000,1687737600000,Libyan_cells_dataset/cells.sqlite3,sqlite:532,sqlite:532,0.0,"observed_coordinate_medoid; source reference, not survey truth",71181359339131
606,0,LTE,1810,1601,radio-8b11c067506f8d85,32.90510060237004,13.232793514545149,1,False,False,False,False,0,Libyana,8,1758192061000,1780917130000,data/new_data/libya_collected_antennas/cellmapper/cellmapper_libya_antennas.csv,collected:602|collected:603|collected:604|collected:605|collected:606|collected:607|collected:608|collected:609,collected:602,0.0,"observed_coordinate_medoid; source reference, not survey truth",3505708251631
606,0,LTE,2120,1332,radio-8b2c690bbf437778,32.79240049654724,13.440700286797046,1,False,False,False,False,0,Libyana,1,1777334400000,1777334400000,Libyan_cells_dataset/cells.sqlite3,sqlite:956,sqlite:956,0.0,"observed_coordinate_medoid; source reference, not survey truth",21160900998212
606,1,GSM,4,1050,radio-8b40d83c1b415867,32.7537005301013,12.722200310229656,1,False,False,False,False,0,Al-Madar,1,1779321600000,1779321600000,Libyan_cells_dataset/cells.sqlite3,sqlite:4023,sqlite:4023,0.0,"observed_coordinate_medoid; source reference, not survey truth",252948005268973
606,0,GSM,4370,1121,radio-8b46385e1d6dc93b,32.01330040741829,20.06880049711268,1,False,False,False,False,0,Libyana,4,1595289600000,1686700800000,Libyan_cells_dataset/cells.sqlite3,sqlite:2731|sqlite:2777|sqlite:2917|sqlite:3080,sqlite:2777,0.06941973906455294,"observed_coordinate_medoid; source reference, not survey truth",217479609701249
606,0,LTE,1810,6222,radio-8b508deaffb12ab7,32.87270024413818,13.188700607707956,1,False,False,False,False,0,Libyana,1,1758499200000,1778716800000,Libyan_cells_dataset/cells.sqlite3,sqlite:1312,sqlite:1312,0.0,"observed_coordinate_medoid; source reference, not survey truth",88314159915008
606,1,UMTS,1011,138,radio-8b546ce4dccca1d6,32.89250074755192,13.205800807806117,1,False,False,False,False,0,Al-Madar,4,1576540800000,1576540800000,Libyan_cells_dataset/cells.sqlite3,sqlite:1820|sqlite:1870|sqlite:2070|sqlite:2170,sqlite:1820,0.08227459812702693,"observed_coordinate_medoid; source reference, not survey truth",56434143917128
606,1,UMTS,1020,3176,radio-8b8cacd1b03de558,32.1155862,20.1185075,1,False,True,True,False,0,Al-Madar,1,1784884421000,1785518507000,data/new_data/libya_collected_antennas/cellmapper/cellmapper_libya_antennas.csv,collected:1131,collected:1131,0.0,"observed_coordinate_medoid; source reference, not survey truth",50684953220361
606,0,GSM,4330,1150,radio-8bca3f8ff140a7ec,32.1303995,20.0975564,1,False,True,True,False,0,Libyana,6,1554425868000,1786724044000,data/new_data/libya_collected_antennas/cellmapper/cellmapper_libya_antennas.csv,collected:704|collected:705|collected:706|collected:707|collected:708|collected:709,collected:704,0.0,"observed_coordinate_medoid; source reference, not survey truth",277829332587241
606,0,LTE,6340,1104,radio-8bf00a2d2afad114,31.867900218219237,19.984400699535826,1,False,False,False,False,0,Libyana,2,1785369600000,1787802709000,Libyan_cells_dataset/cells.sqlite3|data/new_data/libya_collected_antennas/cellmapper/cellmapper_libya_antennas.csv,collected:1967|sqlite:1186,sqlite:1186,0.5646075586845452,"observed_coordinate_medoid; source reference, not survey truth",5782230911643
606,0,LTE,2150,2240,radio-8bf70efa6c583f4a,32.75890056456365,12.633000934194804,1,False,False,False,False,0,Libyana,1,1782086400000,1782086400000,Libyan_cells_dataset/cells.sqlite3,sqlite:841,sqlite:841,0.0,"observed_coordinate_medoid; source reference, not survey truth",206318404626701
606,1,GSM,2000,1470,radio-8bfcf0bfc4007183,32.516500375587945,14.142300514917128,1,False,False,False,False,0,Al-Madar,2,1748131200000,1788825600000,Libyan_cells_dataset/cells.sqlite3,sqlite:3872|sqlite:3906,sqlite:3872,0.018742334489192065,"observed_coordinate_medoid; source reference, not survey truth",79870971829957
606,0,UMTS,5370,4328,radio-8c0028a8a12a09f2,31.39650078081887,15.72020085151294,1,False,False,False,False,0,Libyana,1,1782864000000,1782864000000,Libyan_cells_dataset/cells.sqlite3,sqlite:2686,sqlite:2686,0.0,"observed_coordinate_medoid; source reference, not survey truth",249844446633151
606,1,LTE,1250,106201,radio-8c0056e6ec3dced6,32.76240077769828,21.743900711365633,1,False,False,False,True,1,Al-Madar,1,1773100800000,1773100800000,Libyan_cells_dataset/cells.sqlite3,sqlite:661,sqlite:661,0.0,"observed_coordinate_medoid; source reference, not survey truth",19550812531057
606,1,UMTS,300,4232,radio-8c19c64441519b70,32.63160086900469,14.21790019575454,1,False,False,False,False,0,Al-Madar,1,1748131200000,1788825600000,Libyan_cells_dataset/cells.sqlite3,sqlite:1348,sqlite:1348,0.0,"observed_coordinate_medoid; source reference, not survey truth",93369311014165
606,1,LTE,1250,106751,radio-8c1a99e960c79378,32.804300465985904,21.95640061700686,1,False,False,False,True,1,Al-Madar,1,1754006400000,1754006400000,Libyan_cells_dataset/cells.sqlite3,sqlite:658,sqlite:658,0.0,"observed_coordinate_medoid; source reference, not survey truth",33824633882311
606,1,LTE,4,2215,radio-8c27e5baaa059910,32.75910097015258,12.63140088191716,1,False,False,False,True,1,Al-Madar,1,1787184000000,1787184000000,Libyan_cells_dataset/cells.sqlite3,sqlite:280,sqlite:280,0.0,"observed_coordinate_medoid; source reference, not survey truth",81337103784546
606,1,LTE,10,559,radio-8c50d6e292d2a43b,32.75370063863363,13.13760080171893,1,False,False,False,True,1,Al-Madar,1,1782086400000,1782864000000,Libyan_cells_dataset/cells.sqlite3,sqlite:330,sqlite:330,0.0,"observed_coordinate_medoid; source reference, not survey truth",1139144885055
606,1,GSM,4,1632,radio-8c586b4bc3a3f526,32.76690016404838,12.742200303646195,1,False,False,False,False,0,Al-Madar,1,1779321600000,1779321600000,Libyan_cells_dataset/cells.sqlite3,sqlite:4029,sqlite:4029,0.0,"observed_coordinate_medoid; source reference, not survey truth",46989596042174
606,1,LTE,4181,4435,radio-8c73fb69613a4155,30.741600753821885,20.22520022723699,1,False,False,False,True,1,Al-Madar,1,1782086400000,1782086400000,Libyan_cells_dataset/cells.sqlite3,sqlite:579,sqlite:579,0.0,"observed_coordinate_medoid; source reference, not survey truth",11917526381894
606,0,UMTS,1610,1138,radio-8cb12768c4994c6c,32.858400985930565,13.122100369657147,1,False,False,False,False,0,Libyana,1,1781740800000,1781740800000,Libyan_cells_dataset/cells.sqlite3,sqlite:2335,sqlite:2335,0.0,"observed_coordinate_medoid; source reference, not survey truth",145220551636709
606,1,LTE,10,775,radio-8cbd820c819d4d54,32.72540056313293,13.200100169642717,1,False,False,False,True,1,Al-Madar,1,1782864000000,1782864000000,Libyan_cells_dataset/cells.sqlite3,sqlite:327,sqlite:327,0.0,"observed_coordinate_medoid; source reference, not survey truth",106383275893219
606,0,UMTS,5330,1489,radio-8ccbf1795706fa22,32.15310059738219,20.11060024820479,1,False,False,False,False,0,Libyana,6,1702166400000,1788116161000,Libyan_cells_dataset/cells.sqlite3|data/new_data/libya_collected_antennas/cellmapper/cellmapper_libya_antennas.csv,collected:1070|collected:1071|sqlite:2422|sqlite:2471|sqlite:2521|sqlite:2604,sqlite:2422,4.618696616794651,"observed_coordinate_medoid; source reference, not survey truth",270589517717339
606,0,LTE,3004,1814,radio-8cd70c1a77f45bb3,32.866300680227575,13.135100613761034,1,False,False,False,False,0,Libyana,1,1575331200000,1575331200000,Libyan_cells_dataset/cells.sqlite3,sqlite:732,sqlite:732,0.0,"observed_coordinate_medoid; source reference, not survey truth",16493989009233
606,1,GSM,2002,1246,radio-8cdb6bbcfa8b5883,32.45960017683593,14.578600643332264,1,False,False,False,False,0,Al-Madar,4,1566604800000,1566604800000,Libyan_cells_dataset/cells.sqlite3,sqlite:3844|sqlite:3886|sqlite:3919|sqlite:3971,sqlite:3844,0.06993861022502222,"observed_coordinate_medoid; source reference, not survey truth",109944831875006
606,0,GSM,8264,1758,radio-8d37c0aed1b37a16,32.884600429676084,13.160800756134195,1,False,False,False,False,0,Libyana,9,1786406400000,1786492800000,Libyan_cells_dataset/cells.sqlite3,sqlite:3115|sqlite:3165|sqlite:3215|sqlite:3265|sqlite:3314|sqlite:3406|sqlite:3470|sqlite:3525|sqlite:3575,sqlite:3575,0.08783628587216359,"observed_coordinate_medoid; source reference, not survey truth",226167343608769
606,0,GSM,8249,4121,radio-8d5c1fcc29c6201d,32.492500524054144,14.565600691668028,1,False,False,False,False,0,Libyana,3,1561852800000,1561852800000,Libyan_cells_dataset/cells.sqlite3,sqlite:3141|sqlite:3191|sqlite:3601,sqlite:3601,0.09465974755714299,"observed_coordinate_medoid; source reference, not survey truth",163434659271567
606,0,LTE,4,2024,radio-8d5f8d293cafa111,32.76070069836708,12.6150009716803,1,False,False,False,False,0,Libyana,1,1787184000000,1787184000000,Libyan_cells_dataset/cells.sqlite3,sqlite:278,sqlite:278,0.0,"observed_coordinate_medoid; source reference, not survey truth",93998271848725
606,0,GSM,8280,6462,radio-8d7491dd46b93040,32.576400483339086,13.291700248807894,1,False,False,False,False,0,Libyana,2,1755993600000,1785888000000,Libyan_cells_dataset/cells.sqlite3,sqlite:3370|sqlite:3437,sqlite:3437,0.055809034863311124,"observed_coordinate_medoid; source reference, not survey truth",38530048955974
606,1,GSM,2000,1084,radio-8d831db9d189ba56,32.49270057077793,14.183300617807504,1,False,False,False,False,0,Al-Madar,3,1748131200000,1748304000000,Libyan_cells_dataset/cells.sqlite3,sqlite:3840|sqlite:3882|sqlite:3965,sqlite:3840,0.07804889876031491,"observed_coordinate_medoid; source reference, not survey truth",69057573043365
606,1,LTE,4001,4319,radio-8da6cae017eefb96,32.64080069848454,14.259800126348676,1,False,False,False,True,1,Al-Madar,1,1777075200000,1786060800000,Libyan_cells_dataset/cells.sqlite3,sqlite:416,sqlite:416,0.0,"observed_coordinate_medoid; source reference, not survey truth",68828156154604
606,1,UMTS,300,4190,radio-8daeb8ceedff8e25,32.66620055869822,14.244500931679386,1,False,False,False,False,0,Al-Madar,1,1576195200000,1576195200000,Libyan_cells_dataset/cells.sqlite3,sqlite:1322,sqlite:1322,0.0,"observed_coordinate_medoid; source reference, not survey truth",201704369470477
606,0,LTE,1910,1013,radio-8dc56551c84dd46f,32.17635,20.137225,1,False,True,True,False,0,Libyana,7,1570924800000,1788116176000,Libyan_cells_dataset/cells.sqlite3|data/new_data/libya_collected_antennas/cellmapper/cellmapper_libya_antennas.csv,collected:407|collected:408|collected:409|collected:410|collected:411|collected:412|sqlite:1173,collected:407,5.982528126650929,"observed_coordinate_medoid; source reference, not survey truth",3966475545940
606,1,LTE,4101,4536,radio-8dd3f7829f668fc7,32.48740063514514,13.394800503032911,1,False,False,False,True,1,Al-Madar,1,1775347200000,1775606400000,Libyan_cells_dataset/cells.sqlite3,sqlite:403,sqlite:403,0.0,"observed_coordinate_medoid; source reference, not survey truth",154471040006547
606,0,LTE,1610,1033,radio-8de99394b848d6ba,32.85052263414538,13.1058069177576,1,False,False,False,False,0,Libyana,7,1762283756000,1787576818000,data/new_data/libya_collected_antennas/cellmapper/cellmapper_libya_antennas.csv,collected:1540|collected:1541|collected:1542|collected:1543|collected:1544|collected:1545|collected:1546,collected:1540,0.0,"observed_coordinate_medoid; source reference, not survey truth",77356587009175
606,0,LTE,2150,2405,radio-8e2928d8352eb3b8,32.76130042198188,12.566700227627642,1,False,False,False,False,0,Libyana,1,1782086400000,1782086400000,Libyan_cells_dataset/cells.sqlite3,sqlite:871,sqlite:871,0.0,"observed_coordinate_medoid; source reference, not survey truth",54441597733105
606,0,GSM,8280,1793,radio-8e40840215a918de,32.571500617228395,13.175200545100195,1,False,False,False,False,0,Libyana,9,1786492800000,1786492800000,Libyan_cells_dataset/cells.sqlite3,sqlite:3122|sqlite:3172|sqlite:3222|sqlite:3271|sqlite:3319|sqlite:3409|sqlite:3473|sqlite:3530|sqlite:3582,sqlite:3222,0.08937070099629517,"observed_coordinate_medoid; source reference, not survey truth",269719094193022
606,1,LTE,4011,4351,radio-8e41f80f41f0d201,32.549800622505934,14.361600386590206,1,False,False,False,True,1,Al-Madar,1,1785974400000,1787529600000,Libyan_cells_dataset/cells.sqlite3,sqlite:432,sqlite:432,0.0,"observed_coordinate_medoid; source reference, not survey truth",276196614842818
606,0,LTE,1020,3748,radio-8e4bb8db78f29714,32.52800081509507,14.004000661362374,1,False,False,False,False,0,Libyana,1,1775692800000,1782950400000,Libyan_cells_dataset/cells.sqlite3,sqlite:1056,sqlite:1056,0.0,"observed_coordinate_medoid; source reference, not survey truth",22081029482185
606,0,GSM,4400,1135,radio-8e6108ad4ddc8d0e,32.25990034041651,20.210700114377243,1,False,False,False,False,0,Libyana,2,1702166400000,1702166400000,Libyan_cells_dataset/cells.sqlite3,sqlite:2968|sqlite:3004,sqlite:3004,0.06676878336962286,"observed_coordinate_medoid; source reference, not survey truth",216074358598477
606,1,LTE,10,47,radio-8e6d34073fdf1714,32.716700623540056,13.198600251756268,1,False,False,False,True,1,Al-Madar,1,1782864000000,1782864000000,Libyan_cells_dataset/cells.sqlite3,sqlite:321,sqlite:321,0.0,"observed_coordinate_medoid; source reference, not survey truth",68947732877547
606,0,UMTS,5420,5030,radio-8ea156cccfb01483,32.762300574512295,22.61970048896028,1,False,False,False,False,0,Libyana,3,1786320000000,1786406400000,Libyan_cells_dataset/cells.sqlite3,sqlite:2428|sqlite:2477|sqlite:2568,sqlite:2568,0.054312951373645786,"observed_coordinate_medoid; source reference, not survey truth",157476286678253
606,0,LTE,6340,1220,radio-8ead7c9d5a77112a,32.82026672363281,13.22300148010254,1,False,False,False,False,0,Libyana,7,1614453778000,1788116145000,data/new_data/libya_collected_antennas/cellmapper/cellmapper_libya_antennas.csv,collected:2462|collected:2463|collected:2464|collected:2465|collected:2466|collected:2467|collected:2468,collected:2462,0.0,"observed_coordinate_medoid; source reference, not survey truth",120251780238557
606,1,UMTS,303,4348,radio-8eaf715b82eaf15a,32.36680021864343,15.178400753000108,1,False,False,False,False,0,Al-Madar,1,1665878400000,1665878400000,Libyan_cells_dataset/cells.sqlite3,sqlite:1498,sqlite:1498,0.0,"observed_coordinate_medoid; source reference, not survey truth",84925159616500
606,1,GSM,1111,1057,radio-8eb2a6810ae5b8de,32.1361255,20.1030479,1,False,True,True,False,0,Al-Madar,3,1563845625000,1785662249000,data/new_data/libya_collected_antennas/cellmapper/cellmapper_libya_antennas.csv,collected:1147|collected:1148|collected:1149,collected:1147,0.0,"observed_coordinate_medoid; source reference, not survey truth",258662425483784
606,0,GSM,4400,1133,radio-8ec534d9665a9b9a,32.186700687838034,20.146600709194693,1,False,False,False,False,0,Libyana,1,1772236800000,1786665600000,Libyan_cells_dataset/cells.sqlite3,sqlite:3012,sqlite:3012,0.0,"observed_coordinate_medoid; source reference, not survey truth",10870217367011
606,1,UMTS,304,4281,radio-8ecab2f7854a67f5,32.291300634829646,15.119000399661982,1,False,False,False,False,0,Al-Madar,3,1782777600000,1782864000000,Libyan_cells_dataset/cells.sqlite3,sqlite:1467|sqlite:1532|sqlite:1772,sqlite:1772,0.06398706604717877,"observed_coordinate_medoid; source reference, not survey truth",254461621876966
606,1,LTE,8091,4889,radio-8edf1e3609e96997,32.68600052418735,13.869800195088352,1,False,False,False,True,1,Al-Madar,1,1775606400000,1777161600000,Libyan_cells_dataset/cells.sqlite3,sqlite:123,sqlite:123,0.0,"observed_coordinate_medoid; source reference, not survey truth",219054150270576
606,0,LTE,2120,1303,radio-8ef4c4d0ef1bf620,32.87370027908953,13.334800871396192,1,False,False,False,False,0,Libyana,1,1755561600000,1787184000000,Libyan_cells_dataset/cells.sqlite3,sqlite:1003,sqlite:1003,0.0,"observed_coordinate_medoid; source reference, not survey truth",174185970684084
606,0,LTE,2090,1403,radio-8ef928cde52fb406,32.701500722242585,14.019000192806587,1,False,False,False,False,0,Libyana,1,1776556800000,1782864000000,Libyan_cells_dataset/cells.sqlite3,sqlite:1061,sqlite:1061,0.0,"observed_coordinate_medoid; source reference, not survey truth",194169329444186
606,1,GSM,1113,1013,radio-8f2b8b718bcf16be,32.087900654467866,20.129900566370225,1,False,False,False,False,0,Al-Madar,3,1562025600000,1701734400000,Libyan_cells_dataset/cells.sqlite3,sqlite:3640|sqlite:4168|sqlite:4219,sqlite:4219,0.052752716143621425,"observed_coordinate_medoid; source reference, not survey truth",197264795417673
606,1,UMTS,301,4508,radio-8f3783e166660195,32.50490076890627,14.48580026123738,1,False,False,False,False,0,Al-Madar,4,1773187200000,1773273600000,Libyan_cells_dataset/cells.sqlite3,sqlite:1510|sqlite:1565|sqlite:1743|sqlite:1900,sqlite:1510,0.0685164033767167,"observed_coordinate_medoid; source reference, not survey truth",247530869802958
606,0,LTE,1610,1963,radio-8f6ebc3ec9c0724d,32.85550088587275,13.122100124769172,1,False,False,False,False,0,Libyana,1,1768521600000,1782086400000,Libyan_cells_dataset/cells.sqlite3,sqlite:729,sqlite:729,0.0,"observed_coordinate_medoid; source reference, not survey truth",274863612236975
606,1,GSM,1111,1129,radio-8f79ded848b6731f,32.11760033926358,20.066600225267,1,False,False,False,False,0,Al-Madar,2,1612396800000,1700438400000,Libyan_cells_dataset/cells.sqlite3,sqlite:4140|sqlite:4195,sqlite:4140,0.05605717593726045,"observed_coordinate_medoid; source reference, not survey truth",163411049183865
606,0,LTE,2120,1051,radio-8f7c4df0e72767b5,32.85953250017579,13.385985675651948,1,False,False,False,False,0,Libyana,17,1500721819000,1788116177000,data/new_data/libya_collected_antennas/cellmapper/cellmapper_libya_antennas.csv,collected:441|collected:442|collected:443|collected:444|collected:445|collected:446|collected:447|collected:448|collected:449|collected:450|collected:451|collected:452|collected:453|collected:454|collected:455|collected:456|collected:457,collected:441,0.0,"observed_coordinate_medoid; source reference, not survey truth",166187964550891
606,1,UMTS,2011,769,radio-8f8c201181529adf,32.82450054823487,13.081700972876822,1,False,False,False,False,0,Al-Madar,3,1781913600000,1781913600000,Libyan_cells_dataset/cells.sqlite3,sqlite:1556|sqlite:1608|sqlite:1688,sqlite:1556,0.07708079051885743,"observed_coordinate_medoid; source reference, not survey truth",277644374048172
606,0,LTE,6340,1227,radio-8f8dfc281ddb0a11,31.654394149780277,20.013044357299805,1,False,False,False,False,0,Libyana,6,1785974400000,1790294864000,Libyan_cells_dataset/cells.sqlite3|data/new_data/libya_collected_antennas/cellmapper/cellmapper_libya_antennas.csv,collected:2487|collected:2488|collected:2489|collected:2490|collected:2491|sqlite:1234,collected:2487,415.59160411019803,"observed_coordinate_medoid; source reference, not survey truth",245871332181989
606,1,GSM,1111,1047,radio-8feab37b682a300a,32.14444467972722,20.10237974050106,1,False,False,False,False,0,Al-Madar,4,1563840000000,1581232723000,Libyan_cells_dataset/cells.sqlite3|data/new_data/libya_collected_antennas/cellmapper/cellmapper_libya_antennas.csv,collected:1061|collected:1062|sqlite:4184|sqlite:4235,collected:1061,5.287311523198071,"observed_coordinate_medoid; source reference, not survey truth",179927779524623
606,0,LTE,2090,1370,radio-9024392ff0568be6,32.69740018794114,13.84530080358024,1,False,False,False,False,0,Libyana,1,1775606400000,1786838400000,Libyan_cells_dataset/cells.sqlite3,sqlite:1029,sqlite:1029,0.0,"observed_coordinate_medoid; source reference, not survey truth",50313605814342
606,0,LTE,1050,4027,radio-9025d81891e21ab7,32.32160064831414,15.112400850222818,1,False,False,False,False,0,Libyana,1,1575417600000,1782864000000,Libyan_cells_dataset/cells.sqlite3,sqlite:1138,sqlite:1138,0.0,"observed_coordinate_medoid; source reference, not survey truth",2627574658093
606,0,LTE,1510,6455,radio-902a2d272390a45d,32.77030097468874,13.13380071020101,1,False,False,False,False,0,Libyana,1,1768780800000,1783900800000,Libyan_cells_dataset/cells.sqlite3,sqlite:771,sqlite:771,0.0,"observed_coordinate_medoid; source reference, not survey truth",201530719269148
606,0,LTE,1610,6206,radio-905bd2300bea8019,32.842600419946784,13.06130052586534,1,False,False,False,False,0,Libyana,1,1762300800000,1787529600000,Libyan_cells_dataset/cells.sqlite3,sqlite:826,sqlite:826,0.0,"observed_coordinate_medoid; source reference, not survey truth",61560892005117
606,1,LTE,14,626,radio-906a634ef35c2f35,32.85280023796366,13.084800814122353,1,False,False,False,True,1,Al-Madar,1,1762214400000,1782000000000,Libyan_cells_dataset/cells.sqlite3,sqlite:166,sqlite:166,0.0,"observed_coordinate_medoid; source reference, not survey truth",204865027481464
606,1,GSM,1113,1012,radio-908678134dd10b3b,32.090000610293714,20.13660060084805,1,False,False,False,False,0,Al-Madar,3,1570924800000,1701734400000,Libyan_cells_dataset/cells.sqlite3,sqlite:3636|sqlite:4167|sqlite:4218,sqlite:3636,0.03376392860103144,"observed_coordinate_medoid; source reference, not survey truth",86551035681861
606,0,LTE,1030,4056,radio-9092f24e0d6c9eee,32.4306009881778,14.63140073405805,1,False,False,False,False,0,Libyana,1,1782777600000,1782864000000,Libyan_cells_dataset/cells.sqlite3,sqlite:1124,sqlite:1124,0.0,"observed_coordinate_medoid; source reference, not survey truth",75905709075588
606,0,LTE,6340,1174,radio-90977a8c0a483613,32.0295575730342,20.121874707810253,1,False,False,False,False,0,Libyana,4,1575244800000,1789782162000,Libyan_cells_dataset/cells.sqlite3|data/new_data/libya_collected_antennas/cellmapper/cellmapper_libya_antennas.csv,collected:2297|collected:2298|collected:2299|sqlite:1240,collected:2297,127.69823995528657,"observed_coordinate_medoid; source reference, not survey truth",190533535483042
606,0,UMTS,5390,6037,radio-90c84f721d80d835,32.487300694820256,20.827500314473646,1,False,False,False,False,0,Libyana,4,1777420800000,1777420800000,Libyan_cells_dataset/cells.sqlite3,sqlite:2441|sqlite:2490|sqlite:2539|sqlite:2622,sqlite:2539,0.07528523140486408,"observed_coordinate_medoid; source reference, not survey truth",257652342869122
606,1,UMTS,1020,3191,radio-90cc223c812ac502,32.1115472,20.1103975,1,False,True,True,False,0,Al-Madar,1,1785736414000,1789112542000,data/new_data/libya_collected_antennas/cellmapper/cellmapper_libya_antennas.csv,collected:1139,collected:1139,0.0,"observed_coordinate_medoid; source reference, not survey truth",205665052465507
606,1,LTE,8101,4892,radio-90dbf407d12fb155,32.654200220485826,13.553100325131926,1,False,False,False,True,1,Al-Madar,1,1755648000000,1786924800000,Libyan_cells_dataset/cells.sqlite3,sqlite:151,sqlite:151,0.0,"observed_coordinate_medoid; source reference, not survey truth",197850411910269
606,0,UMTS,1050,4177,radio-90e15ee0d01bbaff,31.761941142473862,15.07241960559435,1,False,False,False,False,0,Libyana,2,1782807236000,1782931585000,data/new_data/libya_collected_antennas/cellmapper/cellmapper_libya_antennas.csv,collected:1020|collected:1021,collected:1020,0.0,"observed_coordinate_medoid; source reference, not survey truth",38997770917032
606,1,UMTS,1040,3028,radio-90efe55368bd1eda,32.078000425065156,20.256700257687687,1,False,False,False,False,0,Al-Madar,6,1789084800000,1789084800000,Libyan_cells_dataset/cells.sqlite3,sqlite:1367|sqlite:1418|sqlite:1908|sqlite:1950|sqlite:1999|sqlite:2100,sqlite:1367,0.07287350578282287,"observed_coordinate_medoid; source reference, not survey truth",181488239701071
606,0,UMTS,2140,1389,radio-90fa425292e984de,32.70890062604666,12.938000479413587,1,False,False,False,False,0,Libyana,4,1753228800000,1753228800000,Libyan_cells_dataset/cells.sqlite3,sqlite:2205|sqlite:2254|sqlite:2297|sqlite:2380,sqlite:2297,0.07488695903187641,"observed_coordinate_medoid; source reference, not survey truth",176037273082828
606,1,UMTS,1011,73,radio-90fdb9831687cfb0,32.85300029262525,13.175600428612274,1,False,False,False,False,0,Al-Madar,4,1576713600000,1576800000000,Libyan_cells_dataset/cells.sqlite3,sqlite:1808|sqlite:1858|sqlite:2058|sqlite:2158,sqlite:1858,0.059511942875839566,"observed_coordinate_medoid; source reference, not survey truth",157785830292289
606,1,UMTS,1030,3650,radio-913e518ecbcc99c6,31.957093855986997,20.139943522711597,1,False,False,False,False,0,Al-Madar,5,1770325882000,1789634409000,data/new_data/libya_collected_antennas/cellmapper/cellmapper_libya_antennas.csv,collected:1237|collected:1238|collected:1239|collected:1240|collected:1241,collected:1237,0.0,"observed_coordinate_medoid; source reference, not survey truth",166875394109048
606,0,LTE,2090,1404,radio-9142e3e12359b6fd,32.70280089652966,13.823300807760504,1,False,False,False,False,0,Libyana,1,1770940800000,1786924800000,Libyan_cells_dataset/cells.sqlite3,sqlite:1034,sqlite:1034,0.0,"observed_coordinate_medoid; source reference, not survey truth",214389454302029
606,0,LTE,2140,2219,radio-914e8d7f61140cfa,32.79740025930039,12.890100532492358,1,False,False,False,False,0,Libyana,1,1764460800000,1782086400000,Libyan_cells_dataset/cells.sqlite3,sqlite:827,sqlite:827,0.0,"observed_coordinate_medoid; source reference, not survey truth",30656225480611
606,0,UMTS,2040,3573,radio-914eeaf9af373fb6,31.009300648323006,10.583000651061408,1,False,False,False,False,0,Libyana,1,1783555200000,1783641600000,Libyan_cells_dataset/cells.sqlite3,sqlite:2357,sqlite:2357,0.0,"observed_coordinate_medoid; source reference, not survey truth",272954104634282
606,1,UMTS,301,4474,radio-9177aafa97587f31,32.50470056814412,14.500800714123681,1,False,False,False,False,0,Al-Madar,4,1561852800000,1773273600000,Libyan_cells_dataset/cells.sqlite3,sqlite:1508|sqlite:1562|sqlite:1741|sqlite:1896,sqlite:1741,0.046057177147128266,"observed_coordinate_medoid; source reference, not survey truth",138841838734463
606,0,LTE,1810,1166,radio-91a067141e48a265,32.09241485595703,20.141101837158203,1,False,False,False,False,0,Libyana,9,1575392265000,1788765002000,data/new_data/libya_collected_antennas/cellmapper/cellmapper_libya_antennas.csv,collected:2235|collected:2236|collected:2237|collected:2238|collected:2239|collected:2240|collected:2241|collected:2242|collected:2243,collected:2235,0.0,"observed_coordinate_medoid; source reference, not survey truth",108017523924889
606,1,LTE,1230,102871,radio-91b11eee5bbb8dad,32.05080089349677,20.1363008319364,1,False,False,False,True,1,Al-Madar,1,1768176000000,1772409600000,Libyan_cells_dataset/cells.sqlite3,sqlite:700,sqlite:700,0.0,"observed_coordinate_medoid; source reference, not survey truth",190189083220815
606,0,UMTS,1030,4656,radio-91d9cc4888543e7c,32.57540038848525,14.338200399997662,1,False,False,False,False,0,Libyana,3,1575417600000,1777420800000,Libyan_cells_dataset/cells.sqlite3,sqlite:2217|sqlite:2266|sqlite:2392,sqlite:2392,0.04940608855846142,"observed_coordinate_medoid; source reference, not survey truth",128938330413187
606,0,LTE,6340,1023,radio-91da531a7e6688ba,32.02482223510742,20.0831241607666,1,False,False,False,False,0,Libyana,9,1570930877000,1790108352000,data/new_data/libya_collected_antennas/cellmapper/cellmapper_libya_antennas.csv,collected:1473|collected:1474|collected:1475|collected:1476|collected:1477|collected:1478|collected:1479|collected:1480|collected:1481,collected:1473,0.0,"observed_coordinate_medoid; source reference, not survey truth",87362545932583
606,1,LTE,3,238,radio-91e2f6c4666714d7,32.827500198495336,13.042900943535495,1,False,False,False,True,1,Al-Madar,1,1576713600000,1781827200000,Libyan_cells_dataset/cells.sqlite3,sqlite:195,sqlite:195,0.0,"observed_coordinate_medoid; source reference, not survey truth",29859726437407
606,0,LTE,1610,1031,radio-921dc49fb979bcf9,32.123863220215,20.0805959701535,1,False,False,False,False,0,Libyana,4,1572394053000,1786930050000,data/new_data/libya_collected_antennas/cellmapper/cellmapper_libya_antennas.csv,collected:1525|collected:1526|collected:1527|collected:1528,collected:1525,0.0,"observed_coordinate_medoid; source reference, not survey truth",235744899513624
606,1,LTE,14,261,radio-921fac2bdf3f01bc,32.85650012613375,13.080600436024161,1,False,False,False,True,1,Al-Madar,1,1602460800000,1781913600000,Libyan_cells_dataset/cells.sqlite3,sqlite:193,sqlite:193,0.0,"observed_coordinate_medoid; source reference, not survey truth",62941809494113
606,1,LTE,1,793,radio-92315db5cef69bce,32.89370071450076,13.233800739903298,1,False,False,False,True,1,Al-Madar,1,1771113600000,1782000000000,Libyan_cells_dataset/cells.sqlite3,sqlite:50,sqlite:50,0.0,"observed_coordinate_medoid; source reference, not survey truth",230672749812127
606,1,LTE,1250,106181,radio-923541e7c8609f94,32.77850092110811,21.78550094212585,1,False,False,False,True,1,Al-Madar,1,1759795200000,1773014400000,Libyan_cells_dataset/cells.sqlite3,sqlite:656,sqlite:656,0.0,"observed_coordinate_medoid; source reference, not survey truth",5441770580525
606,1,GSM,2034,1985,radio-9237cbe2ee486fe3,32.87290067029427,13.338000788143612,1,False,False,False,False,0,Al-Madar,4,1785715200000,1785715200000,Libyan_cells_dataset/cells.sqlite3,sqlite:3770|sqlite:3821|sqlite:4018|sqlite:4062,sqlite:3821,0.06746853522154132,"observed_coordinate_medoid; source reference, not survey truth",21753544393778
606,1,LTE,8,68,radio-923f8f2299a7f528,32.90430039182372,13.272400778450658,1,False,False,False,True,1,Al-Madar,1,1759795200000,1781395200000,Libyan_cells_dataset/cells.sqlite3,sqlite:71,sqlite:71,0.0,"observed_coordinate_medoid; source reference, not survey truth",184549264413778
606,0,LTE,6330,1082,radio-9271cbee2c121cd5,32.11032026107997,20.123973924819737,1,False,False,False,False,0,Libyana,3,1768563646000,1789910962000,data/new_data/libya_collected_antennas/cellmapper/cellmapper_libya_antennas.csv,collected:1858|collected:1859|collected:1860,collected:1858,0.0,"observed_coordinate_medoid; source reference, not survey truth",11956241828764
606,1,UMTS,2011,1063,radio-92734663cb91d4c9,32.818900842962606,13.062700783186171,1,False,False,False,False,0,Al-Madar,3,1602460800000,1602460800000,Libyan_cells_dataset/cells.sqlite3,sqlite:1595|sqlite:1629|sqlite:1714,sqlite:1595,0.03802438784868957,"observed_coordinate_medoid; source reference, not survey truth",248360674648113
606,0,UMTS,2120,1068,radio-928cadf747f0a739,32.747000959159074,13.29450029824385,1,False,False,False,False,0,Libyana,3,1777766400000,1778630400000,Libyan_cells_dataset/cells.sqlite3,sqlite:2193|sqlite:2243|sqlite:2371,sqlite:2371,0.09353840554091168,"observed_coordinate_medoid; source reference, not survey truth",266241891929412
606,1,LTE,4181,4419,radio-928ddf4121b58d3c,30.760400152620583,20.222000263855463,1,False,False,False,True,1,Al-Madar,1,1774310400000,1782086400000,Libyan_cells_dataset/cells.sqlite3,sqlite:555,sqlite:555,0.0,"observed_coordinate_medoid; source reference, not survey truth",231612812957393
606,0,LTE,1050,4078,radio-929540888476e432,32.24410012771068,15.115900289380031,1,False,False,False,False,0,Libyana,1,1782864000000,1782864000000,Libyan_cells_dataset/cells.sqlite3,sqlite:1139,sqlite:1139,0.0,"observed_coordinate_medoid; source reference, not survey truth",265830142057128
606,0,UMTS,1050,4267,radio-92cbbfa3e39a497c,31.451900208377364,15.267100764255805,1,False,False,False,False,0,Libyana,1,1782864000000,1782864000000,Libyan_cells_dataset/cells.sqlite3,sqlite:2683,sqlite:2683,0.0,"observed_coordinate_medoid; source reference, not survey truth",40419228062382
606,1,UMTS,1020,3230,radio-92f81d8a08bbbcdc,32.08120035521707,20.112300477070253,1,False,False,False,False,0,Al-Madar,6,1784851200000,1784851200000,Libyan_cells_dataset/cells.sqlite3,sqlite:1357|sqlite:1407|sqlite:1889|sqlite:1939|sqlite:1989|sqlite:2089,sqlite:2089,0.1039417318589905,"observed_coordinate_medoid; source reference, not survey truth",229549506484678
606,0,LTE,3004,1719,radio-930cb73d9336657f,32.881000831158715,13.154000367416819,1,False,False,False,False,0,Libyana,1,1575331200000,1575417600000,Libyan_cells_dataset/cells.sqlite3,sqlite:782,sqlite:782,0.0,"observed_coordinate_medoid; source reference, not survey truth",159362611695281
606,0,UMTS,5330,4250,radio-93388bbc1e84e613,32.0964477,20.1116072,1,False,True,True,False,0,Libyana,4,1788116160000,1788291190000,data/new_data/libya_collected_antennas/cellmapper/cellmapper_libya_antennas.csv,collected:1189|collected:1190|collected:1191|collected:1192,collected:1189,0.0,"observed_coordinate_medoid; source reference, not survey truth",200288387381513
606,0,LTE,2120,1938,radio-9357e8a3bc026d0c,32.8291005738152,13.434900594962963,1,False,False,False,False,0,Libyana,1,1762300800000,1783814400000,Libyan_cells_dataset/cells.sqlite3,sqlite:981,sqlite:981,0.0,"observed_coordinate_medoid; source reference, not survey truth",99644889034230
606,1,LTE,14,99,radio-9384861c4387d34f,32.867100814417654,13.130200346547253,1,False,False,False,True,1,Al-Madar,1,1769817600000,1781740800000,Libyan_cells_dataset/cells.sqlite3,sqlite:521,sqlite:521,0.0,"observed_coordinate_medoid; source reference, not survey truth",69390241272485
606,1,LTE,8,786,radio-93915e442d395bce,32.89030040991555,13.250200464183418,1,False,False,False,True,1,Al-Madar,1,1768521600000,1768521600000,Libyan_cells_dataset/cells.sqlite3,sqlite:64,sqlite:64,0.0,"observed_coordinate_medoid; source reference, not survey truth",232652308469549
606,0,LTE,4,2082,radio-93aee3f965558e77,32.776100956269026,12.536300300372517,1,False,False,False,False,0,Libyana,1,1787184000000,1787184000000,Libyan_cells_dataset/cells.sqlite3,sqlite:279,sqlite:279,0.0,"observed_coordinate_medoid; source reference, not survey truth",223347707783469
606,0,GSM,4320,1051,radio-93bdd05ec782119c,32.13530043951853,20.101600426952906,1,False,False,False,False,0,Libyana,8,1557360000000,1581232560000,Libyan_cells_dataset/cells.sqlite3|data/new_data/libya_collected_antennas/cellmapper/cellmapper_libya_antennas.csv,collected:1126|collected:1127|sqlite:2712|sqlite:2758|sqlite:2803|sqlite:2856|sqlite:2952|sqlite:3061,sqlite:2758,4.150943007470291,"observed_coordinate_medoid; source reference, not survey truth",88351503407227
606,0,UMTS,1510,5833,radio-940ef72d69fb2751,32.81840053056683,13.025800424962162,1,False,False,False,False,0,Libyana,4,1772668800000,1772668800000,Libyan_cells_dataset/cells.sqlite3,sqlite:2220|sqlite:2269|sqlite:2309|sqlite:2395,sqlite:2395,0.07437037551400984,"observed_coordinate_medoid; source reference, not survey truth",25442496290012
606,1,GSM,1114,1018,radio-941af0b59d44ac77,32.127000704627406,20.17660049896857,1,False,False,False,False,0,Al-Madar,3,1570924800000,1769817600000,Libyan_cells_dataset/cells.sqlite3,sqlite:3648|sqlite:4153|sqlite:4207,sqlite:3648,0.03903846864149516,"observed_coordinate_medoid; source reference, not survey truth",265238922204466
606,0,LTE,2150,2402,radio-942418314a8f3ecd,32.7704007825815,12.550300706663272,1,False,False,False,False,0,Libyana,1,1782086400000,1782086400000,Libyan_cells_dataset/cells.sqlite3,sqlite:872,sqlite:872,0.0,"observed_coordinate_medoid; source reference, not survey truth",265965228114711
606,1,LTE,4101,4648,radio-943ee794fb8590f7,32.7693002154618,13.259200422143344,1,False,False,False,True,1,Al-Madar,1,1772064000000,1783987200000,Libyan_cells_dataset/cells.sqlite3,sqlite:354,sqlite:354,0.0,"observed_coordinate_medoid; source reference, not survey truth",54906473912998
606,0,LTE,2130,1258,radio-9442788b45c1c2c7,32.7107007298853,13.194800423608584,1,False,False,False,False,0,Libyana,1,1755734400000,1787184000000,Libyan_cells_dataset/cells.sqlite3,sqlite:914,sqlite:914,0.0,"observed_coordinate_medoid; source reference, not survey truth",201233082006913
606,1,UMTS,2011,31,radio-94531d36325bedb3,32.8146006829603,13.018600437022275,1,False,False,False,False,0,Al-Madar,4,1576800000000,1576800000000,Libyan_cells_dataset/cells.sqlite3,sqlite:1796|sqlite:1846|sqlite:2046|sqlite:2146,sqlite:2046,0.08380532794206592,"observed_coordinate_medoid; source reference, not survey truth",24523341569111
606,1,UMTS,1030,3110,radio-9457fe40ffb6b50c,32.07750063339018,20.120000496802,1,False,False,False,False,0,Al-Madar,6,1701216000000,1701290832000,Libyan_cells_dataset/cells.sqlite3|data/new_data/libya_collected_antennas/cellmapper/cellmapper_libya_antennas.csv,collected:883|sqlite:1389|sqlite:1440|sqlite:1973|sqlite:2021|sqlite:2122,sqlite:1973,0.7802999671857973,"observed_coordinate_medoid; source reference, not survey truth",87173534351440
606,0,LTE,1050,4094,radio-945da77239a85ced,32.39520073238826,14.91850034882357,1,False,False,False,False,0,Libyana,1,1782777600000,1782864000000,Libyan_cells_dataset/cells.sqlite3,sqlite:1133,sqlite:1133,0.0,"observed_coordinate_medoid; source reference, not survey truth",166549119654886
606,0,UMTS,4210,5902,radio-9463cd4d0d20f906,26.433900966539518,14.279400804368072,1,False,False,False,False,0,Libyana,1,1683244800000,1687737600000,Libyan_cells_dataset/cells.sqlite3,sqlite:2656,sqlite:2656,0.0,"observed_coordinate_medoid; source reference, not survey truth",237096935316632
606,1,GSM,2000,1477,radio-947033aba45c56b6,32.629000630310856,13.991800198766379,1,False,False,False,False,0,Al-Madar,7,1778025600000,1778630400000,Libyan_cells_dataset/cells.sqlite3,sqlite:3674|sqlite:3724|sqlite:3775|sqlite:3823|sqlite:3873|sqlite:3939|sqlite:4091,sqlite:3873,0.0818012273214425,"observed_coordinate_medoid; source reference, not survey truth",2625565907411
606,1,UMTS,1030,3288,radio-947a7b99e365ce75,32.0709926225245,20.104936122894287,1,False,False,False,False,0,Al-Madar,6,1701270632000,1774723215000,data/new_data/libya_collected_antennas/cellmapper/cellmapper_libya_antennas.csv,collected:1228|collected:1229|collected:1230|collected:1231|collected:1232|collected:1233,collected:1228,0.0,"observed_coordinate_medoid; source reference, not survey truth",53064163221474
606,1,GSM,2036,1752,radio-9490de7f994cc572,31.733800652559555,13.982300264761944,1,False,False,False,False,0,Al-Madar,1,1782000000000,1788912000000,Libyan_cells_dataset/cells.sqlite3,sqlite:3689,sqlite:3689,0.0,"observed_coordinate_medoid; source reference, not survey truth",205199651611803
606,0,UMTS,5340,4236,radio-94bbe8352dbf0809,32.049200717830686,20.112800703564538,1,False,False,False,False,0,Libyana,4,1763510400000,1763596800000,Libyan_cells_dataset/cells.sqlite3,sqlite:2465|sqlite:2514|sqlite:2563|sqlite:2646,sqlite:2563,0.06887162727200677,"observed_coordinate_medoid; source reference, not survey truth",236824662286481
606,0,UMTS,5390,5502,radio-950a41aceef8e613,32.43780061124066,20.883000895895623,1,False,False,False,False,0,Libyana,6,1777420800000,1777473420000,Libyan_cells_dataset/cells.sqlite3|data/new_data/libya_collected_antennas/cellmapper/cellmapper_libya_antennas.csv,collected:1293|collected:1294|sqlite:2429|sqlite:2478|sqlite:2527|sqlite:2610,sqlite:2429,6.241354083635002,"observed_coordinate_medoid; source reference, not survey truth",85106400466402
606,1,UMTS,2021,1118,radio-951448ed35e92ecb,32.80910039120774,13.270000759007544,1,False,False,False,False,0,Al-Madar,2,1777852800000,1778630400000,Libyan_cells_dataset/cells.sqlite3,sqlite:1566|sqlite:1693,sqlite:1693,0.041265026736536106,"observed_coordinate_medoid; source reference, not survey truth",222951259508474
606,0,GSM,8278,1321,radio-9525e4a66fb0d282,32.893000340222216,13.352300900244694,1,False,False,False,False,0,Libyana,2,1786406400000,1786492800000,Libyan_cells_dataset/cells.sqlite3,sqlite:3376|sqlite:3445,sqlite:3376,0.07720907372154784,"observed_coordinate_medoid; source reference, not survey truth",258162775578045
606,0,UMTS,4220,5006,radio-954503e8f2b48b87,27.532200800117565,14.255000502932415,1,False,False,False,False,0,Libyana,1,1768176000000,1768176000000,Libyan_cells_dataset/cells.sqlite3,sqlite:2688,sqlite:2688,0.0,"observed_coordinate_medoid; source reference, not survey truth",195389850785318
606,0,LTE,1610,1953,radio-9549efc96cfe42ce,32.85793213617234,13.09038920629592,1,False,False,False,False,0,Libyana,3,1775501521000,1777830656000,data/new_data/libya_collected_antennas/cellmapper/cellmapper_libya_antennas.csv,collected:483|collected:484|collected:485,collected:483,0.0,"observed_coordinate_medoid; source reference, not survey truth",197938167646291
606,1,LTE,4021,4030,radio-954ea7c6e74f4538,32.356910705566406,15.060161590576172,1,False,False,False,False,0,Al-Madar,1,1747478657000,1781889345000,data/new_data/libya_collected_antennas/cellmapper/cellmapper_libya_antennas.csv,collected:91,collected:91,0.0,"observed_coordinate_medoid; source reference, not survey truth",244428713532979
606,0,LTE,2090,1788,radio-955f4310df32d8ce,32.74140075955572,13.692200376762518,1,False,False,False,False,0,Libyana,1,1755820800000,1787184000000,Libyan_cells_dataset/cells.sqlite3,sqlite:1022,sqlite:1022,0.0,"observed_coordinate_medoid; source reference, not survey truth",186942042224685
606,0,UMTS,1020,4612,radio-9582fa0459625c01,32.6414003816813,14.248200529858888,1,False,False,False,False,0,Libyana,3,1581897600000,1581897600000,Libyan_cells_dataset/cells.sqlite3,sqlite:2203|sqlite:2252|sqlite:2378,sqlite:2203,0.040990416813577485,"observed_coordinate_medoid; source reference, not survey truth",115771982605197
606,1,LTE,1240,101421,radio-95859340079410a4,31.964100383363437,20.142500811041003,1,False,False,False,True,1,Al-Madar,1,1770854400000,1786147200000,Libyan_cells_dataset/cells.sqlite3,sqlite:703,sqlite:703,0.0,"observed_coordinate_medoid; source reference, not survey truth",157079731168035
606,0,LTE,2120,6324,radio-95c724f1e0455a80,32.83050076428449,13.423300153553937,1,False,False,False,False,0,Libyana,1,1782604800000,1783814400000,Libyan_cells_dataset/cells.sqlite3,sqlite:972,sqlite:972,0.0,"observed_coordinate_medoid; source reference, not survey truth",40988295805326
606,1,UMTS,1030,3849,radio-95d49f05cf7bb568,32.04790064303199,20.133800635064127,1,False,False,False,False,0,Al-Madar,5,1770508800000,1773878400000,Libyan_cells_dataset/cells.sqlite3,sqlite:1396|sqlite:1446|sqlite:1980|sqlite:2027|sqlite:2129,sqlite:2129,0.07042818840487244,"observed_coordinate_medoid; source reference, not survey truth",202211721341625
606,1,UMTS,2011,159,radio-95d6e142a35dd0fe,32.855800528029796,13.116600972619123,1,False,False,False,False,0,Al-Madar,6,1576713600000,1576800000000,Libyan_cells_dataset/cells.sqlite3,sqlite:1647|sqlite:1735|sqlite:1824|sqlite:1874|sqlite:2074|sqlite:2174,sqlite:1824,0.1049802803630334,"observed_coordinate_medoid; source reference, not survey truth",280840620201020
606,0,GSM,8247,6227,radio-96078ad95ec7e9d8,32.83240072661242,13.130400789389851,1,False,False,False,False,0,Libyana,4,1755993600000,1786492800000,Libyan_cells_dataset/cells.sqlite3,sqlite:3296|sqlite:3343|sqlite:3423|sqlite:3492,sqlite:3423,0.08760545307298834,"observed_coordinate_medoid; source reference, not survey truth",90815255015473
606,0,UMTS,5410,2073,radio-9610357feecf6985,32.800641455,21.864279895,1,False,False,False,False,0,Libyana,7,1743811200000,1773841327000,Libyan_cells_dataset/cells.sqlite3|data/new_data/libya_collected_antennas/cellmapper/cellmapper_libya_antennas.csv,collected:1319|collected:1320|collected:1321|collected:1322|collected:1323|collected:1324|sqlite:2592,collected:1319,4.989179852372831,"observed_coordinate_medoid; source reference, not survey truth",7296746423741
606,1,UMTS,1010,3040,radio-9617a5fb5d030de3,32.16620183908046,20.12466057471265,1,False,False,False,False,0,Al-Madar,2,1782126076000,1786723607000,data/new_data/libya_collected_antennas/cellmapper/cellmapper_libya_antennas.csv,collected:1079|collected:1080,collected:1079,0.0,"observed_coordinate_medoid; source reference, not survey truth",166039909820167
606,1,UMTS,1040,3037,radio-9618241a8ea2ba2a,32.2021572507661,20.16455919989224,1,False,False,False,False,0,Al-Madar,3,1782126076000,1783042688000,data/new_data/libya_collected_antennas/cellmapper/cellmapper_libya_antennas.csv,collected:1108|collected:1109|collected:1110,collected:1108,0.0,"observed_coordinate_medoid; source reference, not survey truth",99179074952498
606,1,UMTS,2011,1036,radio-9637e9918a00b2da,32.79020064725372,13.093400386442942,1,False,False,False,False,0,Al-Madar,3,1600214400000,1600214400000,Libyan_cells_dataset/cells.sqlite3,sqlite:1593|sqlite:1627|sqlite:1712,sqlite:1627,0.04994637622972828,"observed_coordinate_medoid; source reference, not survey truth",191890030519666
606,0,UMTS,5410,2006,radio-963c33b9cb6f368f,32.7996002098946,21.872000263931668,1,False,False,False,False,0,Libyana,1,1761609600000,1773792000000,Libyan_cells_dataset/cells.sqlite3,sqlite:2591,sqlite:2591,0.0,"observed_coordinate_medoid; source reference, not survey truth",54694191001690
606,1,GSM,2002,2290,radio-9647e0f2c06c88cc,32.441300508060785,14.564300547243176,1,False,False,False,False,0,Al-Madar,4,1619049600000,1619049600000,Libyan_cells_dataset/cells.sqlite3,sqlite:3850|sqlite:3892|sqlite:3924|sqlite:3977,sqlite:3924,0.09294660533985329,"observed_coordinate_medoid; source reference, not survey truth",112327165944139
606,0,LTE,6320,1007,radio-9660b19d1ccbf3be,32.1117247,20.0716614,1,False,True,True,False,0,Libyana,19,1575452979000,1790079324000,data/new_data/libya_collected_antennas/cellmapper/cellmapper_libya_antennas.csv,collected:1373|collected:1374|collected:1375|collected:1376|collected:1377|collected:1378|collected:1379|collected:1380|collected:1381|collected:1382|collected:1383|collected:1384|collected:1385|collected:1386|collected:1387|collected:1388|collected:1389|collected:1390|collected:1391,collected:1373,0.0,"observed_coordinate_medoid; source reference, not survey truth",183354767792426
606,0,UMTS,4220,5326,radio-968098d2685dfc37,27.502400922850995,14.012600275952675,1,False,False,False,False,0,Libyana,1,1665964800000,1665964800000,Libyan_cells_dataset/cells.sqlite3,sqlite:2654,sqlite:2654,0.0,"observed_coordinate_medoid; source reference, not survey truth",122217762711366
606,0,LTE,2090,1917,radio-96a3c1281f56cac4,32.7624007036456,13.823100958363804,1,False,False,False,False,0,Libyana,1,1776556800000,1786924800000,Libyan_cells_dataset/cells.sqlite3,sqlite:1037,sqlite:1037,0.0,"observed_coordinate_medoid; source reference, not survey truth",184910422265761
606,0,LTE,6320,1016,radio-96ac94dc44ec0e31,32.1078792,20.0770104,1,False,True,True,False,0,Libyana,12,1578196160000,1786016432000,data/new_data/libya_collected_antennas/cellmapper/cellmapper_libya_antennas.csv,collected:1420|collected:1421|collected:1422|collected:1423|collected:1424|collected:1425|collected:1426|collected:1427|collected:1428|collected:1429|collected:1430|collected:1431,collected:1420,0.0,"observed_coordinate_medoid; source reference, not survey truth",66159893721915
606,0,LTE,2040,3941,radio-96ae0c72b90c2953,32.07520070158624,12.232900686975562,1,False,False,False,False,0,Libyana,1,1783728000000,1783728000000,Libyan_cells_dataset/cells.sqlite3,sqlite:1304,sqlite:1304,0.0,"observed_coordinate_medoid; source reference, not survey truth",199273156158896
606,0,LTE,2120,1900,radio-96b0ee375fca66e1,32.79710062378118,13.475900160089981,1,False,False,False,False,0,Libyana,1,1756080000000,1787097600000,Libyan_cells_dataset/cells.sqlite3,sqlite:964,sqlite:964,0.0,"observed_coordinate_medoid; source reference, not survey truth",248580506631850
606,0,UMTS,4040,3011,radio-96e18593bad0e681,27.025300111363244,14.435800829706219,1,False,False,False,False,0,Libyana,1,1454112000000,1454112000000,Libyan_cells_dataset/cells.sqlite3,sqlite:2661,sqlite:2661,0.0,"observed_coordinate_medoid; source reference, not survey truth",106672198530579
606,1,LTE,2,240,radio-96ee728a85e0ff6e,32.869600843901594,13.294100858986338,1,False,False,False,True,1,Al-Madar,1,1597795200000,1597795200000,Libyan_cells_dataset/cells.sqlite3,sqlite:35,sqlite:35,0.0,"observed_coordinate_medoid; source reference, not survey truth",15749581800226
606,0,LTE,1510,1570,radio-96f0eaed30ac6e61,32.830300484500015,13.020600662712742,1,False,False,False,False,0,Libyana,1,1575244800000,1787529600000,Libyan_cells_dataset/cells.sqlite3,sqlite:758,sqlite:758,0.0,"observed_coordinate_medoid; source reference, not survey truth",115618093138928
606,0,LTE,2140,2394,radio-9742d2d7ec45242b,32.721300254262616,12.833200301291894,1,False,False,False,False,0,Libyana,1,1777334400000,1777334400000,Libyan_cells_dataset/cells.sqlite3,sqlite:861,sqlite:861,0.0,"observed_coordinate_medoid; source reference, not survey truth",75376779552464
606,0,GSM,8278,1128,radio-9748c0f3eebb172c,32.84570050406642,13.333000681665172,1,False,False,False,False,0,Libyana,10,1783987200000,1783987200000,Libyan_cells_dataset/cells.sqlite3,sqlite:3097|sqlite:3147|sqlite:3197|sqlite:3247|sqlite:3297|sqlite:3347|sqlite:3397|sqlite:3457|sqlite:3507|sqlite:3557,sqlite:3097,0.09496051744829666,"observed_coordinate_medoid; source reference, not survey truth",22534098736528
606,1,UMTS,1020,3091,radio-9749ee97c3cffe81,32.09700053889235,20.068600339832898,1,False,False,False,False,0,Al-Madar,5,1556755200000,1700697600000,Libyan_cells_dataset/cells.sqlite3,sqlite:1388|sqlite:1439|sqlite:1972|sqlite:2020|sqlite:2121,sqlite:2121,0.05926388907467557,"observed_coordinate_medoid; source reference, not survey truth",22195793437219
606,0,GSM,8249,4503,radio-97540a433dfc9cf8,32.475600213905835,14.558800304110688,1,False,False,False,False,0,Libyana,3,1554163200000,1554163200000,Libyan_cells_dataset/cells.sqlite3,sqlite:3145|sqlite:3195|sqlite:3605,sqlite:3605,0.07369730729760057,"observed_coordinate_medoid; source reference, not survey truth",27281943660385
606,1,LTE,3,976,radio-9757808f6ac3da2e,32.8169005682138,12.967600244106182,1,False,False,False,True,1,Al-Madar,1,1772755200000,1776470400000,Libyan_cells_dataset/cells.sqlite3,sqlite:97,sqlite:97,0.0,"observed_coordinate_medoid; source reference, not survey truth",146435252007246
606,1,UMTS,2021,205,radio-97725bc92c3460bf,32.7773005079136,13.147900296913551,1,False,False,False,False,0,Al-Madar,4,1783728000000,1783728000000,Libyan_cells_dataset/cells.sqlite3,sqlite:1831|sqlite:1881|sqlite:2081|sqlite:2181,sqlite:2081,0.07713216139817734,"observed_coordinate_medoid; source reference, not survey truth",21610666965786
606,1,LTE,2,74,radio-9772dfe297b7bd3a,32.873300942141384,13.132600335893057,1,False,False,False,True,1,Al-Madar,1,1763596800000,1763596800000,Libyan_cells_dataset/cells.sqlite3,sqlite:194,sqlite:194,0.0,"observed_coordinate_medoid; source reference, not survey truth",92203444002571
606,0,LTE,2120,6329,radio-9791f07523de0a80,32.75840044783182,13.261300579956186,1,False,False,False,False,0,Libyana,1,1756080000000,1783987200000,Libyan_cells_dataset/cells.sqlite3,sqlite:785,sqlite:785,0.0,"observed_coordinate_medoid; source reference, not survey truth",48743640372282
606,1,LTE,1220,100851,radio-9794ecbd27a5dce6,32.086800561976716,20.111700178719964,1,False,False,False,True,1,Al-Madar,1,1769817600000,1785110400000,Libyan_cells_dataset/cells.sqlite3,sqlite:643,sqlite:643,0.0,"observed_coordinate_medoid; source reference, not survey truth",216344491036700
606,0,GSM,6130,1221,radio-97bf14af5e2bff00,32.81280021213483,21.871300298149105,1,False,False,False,False,0,Libyana,3,1449273600000,1449273600000,Libyan_cells_dataset/cells.sqlite3,sqlite:2698|sqlite:3026|sqlite:3047,sqlite:2698,0.07579392320857346,"observed_coordinate_medoid; source reference, not survey truth",163977546594389
606,1,GSM,1,1008,radio-97ea181204d4ba9e,32.8675008891118,13.177900171299715,1,False,False,False,False,0,Al-Madar,2,1597795200000,1785715200000,Libyan_cells_dataset/cells.sqlite3,sqlite:3628|sqlite:4086,sqlite:3628,0.030927958204777763,"observed_coordinate_medoid; source reference, not survey truth",126315649814604
606,1,LTE,4181,5037,radio-97ecef6291279ebc,30.7747003336996,20.239500413641796,1,False,False,False,True,1,Al-Madar,1,1782086400000,1782086400000,Libyan_cells_dataset/cells.sqlite3,sqlite:547,sqlite:547,0.0,"observed_coordinate_medoid; source reference, not survey truth",6759464815896
606,1,UMTS,331,3454,radio-9803dc31121b5189,31.893700272035126,11.96760056789821,1,False,False,False,False,0,Al-Madar,1,1783641600000,1783641600000,Libyan_cells_dataset/cells.sqlite3,sqlite:1682,sqlite:1682,0.0,"observed_coordinate_medoid; source reference, not survey truth",241059215928765
606,0,LTE,6350,4012,radio-981658ceb6426d45,30.77950086743765,20.21250090531276,1,False,False,False,False,0,Libyana,1,1782086400000,1782086400000,Libyan_cells_dataset/cells.sqlite3,sqlite:1193,sqlite:1193,0.0,"observed_coordinate_medoid; source reference, not survey truth",133413132572617
606,0,LTE,6350,4008,radio-981bf60391202bb0,30.7479006503573,20.1970003304469,1,False,False,False,False,0,Libyana,1,1774310400000,1782086400000,Libyan_cells_dataset/cells.sqlite3,sqlite:1210,sqlite:1210,0.0,"observed_coordinate_medoid; source reference, not survey truth",101120770836431
606,1,UMTS,330,3336,radio-981d92786907b842,31.783400619533502,11.027300485680021,1,False,False,False,False,0,Al-Madar,1,1783555200000,1783641600000,Libyan_cells_dataset/cells.sqlite3,sqlite:1675,sqlite:1675,0.0,"observed_coordinate_medoid; source reference, not survey truth",137195825736988
606,0,GSM,4310,1025,radio-989833aee1dd6b15,32.11620040208575,20.072700857712494,1,False,False,False,False,0,Libyana,1,1552262400000,1786665600000,Libyan_cells_dataset/cells.sqlite3,sqlite:2844,sqlite:2844,0.0,"observed_coordinate_medoid; source reference, not survey truth",185985844024419
606,0,LTE,2040,3407,radio-9899fc45043fd236,31.893700445933167,11.967600443193152,1,False,False,False,False,0,Libyana,1,1783641600000,1783641600000,Libyan_cells_dataset/cells.sqlite3,sqlite:1298,sqlite:1298,0.0,"observed_coordinate_medoid; source reference, not survey truth",241059215928765
606,0,LTE,1610,1624,radio-98b3ffae4783b307,32.85290093437326,13.111000284030824,1,False,False,False,False,0,Libyana,1,1575244800000,1786924800000,Libyan_cells_dataset/cells.sqlite3,sqlite:727,sqlite:727,0.0,"observed_coordinate_medoid; source reference, not survey truth",49780760201001
606,1,UMTS,2011,1048,radio-98ba1300d080b139,32.83120044699079,13.06600081041629,1,False,False,False,False,0,Al-Madar,3,1602460800000,1602460800000,Libyan_cells_dataset/cells.sqlite3,sqlite:1594|sqlite:1628|sqlite:1713,sqlite:1628,0.05879292596534203,"observed_coordinate_medoid; source reference, not survey truth",141196263964156
606,0,LTE,2140,1367,radio-98e3e2c3bbcf4230,32.55570043375032,13.175500739447203,1,False,False,False,False,0,Libyana,1,1769990400000,1779408000000,Libyan_cells_dataset/cells.sqlite3,sqlite:902,sqlite:902,0.0,"observed_coordinate_medoid; source reference, not survey truth",33160094572802
606,1,LTE,8,850,radio-990362d7661c906b,32.875000573131075,13.270200464813996,1,False,False,False,True,1,Al-Madar,1,1767225600000,1767225600000,Libyan_cells_dataset/cells.sqlite3,sqlite:77,sqlite:77,0.0,"observed_coordinate_medoid; source reference, not survey truth",11998324603756
606,0,GSM,8206,4501,radio-99487fa426c2498c,32.46180078929952,14.567900393964315,1,False,False,False,False,0,Libyana,3,1600905600000,1600905600000,Libyan_cells_dataset/cells.sqlite3,sqlite:3143|sqlite:3193|sqlite:3603,sqlite:3193,0.07925991634000522,"observed_coordinate_medoid; source reference, not survey truth",228430497214160
606,1,UMTS,1040,3877,radio-9957e42e19d5d840,32.187049865722656,20.14685821533203,1,False,False,False,False,0,Al-Madar,1,1786722442000,1786731123000,data/new_data/libya_collected_antennas/cellmapper/cellmapper_libya_antennas.csv,collected:1093,collected:1093,0.0,"observed_coordinate_medoid; source reference, not survey truth",10870217367011
606,0,GSM,4350,4253,radio-998c3d35dcdc3133,32.09060073076263,20.090100868089277,1,False,False,False,False,0,Libyana,1,1778976000000,1779494400000,Libyan_cells_dataset/cells.sqlite3,sqlite:2847,sqlite:2847,0.0,"observed_coordinate_medoid; source reference, not survey truth",109843170159670
606,0,LTE,6340,1175,radio-99add68718498b53,32.014066698571426,20.073513505714285,1,False,False,False,False,0,Libyana,5,1565584212000,1790108352000,data/new_data/libya_collected_antennas/cellmapper/cellmapper_libya_antennas.csv,collected:221|collected:222|collected:223|collected:224|collected:225,collected:221,0.0,"observed_coordinate_medoid; source reference, not survey truth",128416722246422
606,1,LTE,1,134,radio-99bccf63a4cca636,32.895800389091626,13.197000487060368,1,False,False,False,True,1,Al-Madar,1,1759363200000,1771372800000,Libyan_cells_dataset/cells.sqlite3,sqlite:42,sqlite:42,0.0,"observed_coordinate_medoid; source reference, not survey truth",2593362767786
606,0,LTE,1910,6292,radio-99fa93819ccbb23e,32.86170037513372,13.265700716887801,1,False,False,False,False,0,Libyana,1,1755648000000,1783728000000,Libyan_cells_dataset/cells.sqlite3,sqlite:798,sqlite:798,0.0,"observed_coordinate_medoid; source reference, not survey truth",149672486904482
606,0,GSM,8280,1771,radio-9a0620dbe9f6bacb,32.663400638800915,13.240300271197183,1,False,False,False,False,0,Libyana,1,1755993600000,1755993600000,Libyan_cells_dataset/cells.sqlite3,sqlite:3434,sqlite:3434,0.0,"observed_coordinate_medoid; source reference, not survey truth",86567786911350
606,0,LTE,6330,1206,radio-9a0c203f00b3ff52,32.07441509471232,20.09813037199122,1,False,False,False,False,0,Libyana,11,1575330623000,1789782162000,data/new_data/libya_collected_antennas/cellmapper/cellmapper_libya_antennas.csv,collected:10|collected:11|collected:12|collected:13|collected:14|collected:15|collected:16|collected:6|collected:7|collected:8|collected:9,collected:10,0.0,"observed_coordinate_medoid; source reference, not survey truth",113919695417983
606,0,UMTS,5390,6411,radio-9a1a0fe253cc0185,32.50160079144585,20.886900870317323,1,False,False,False,False,0,Libyana,7,1777420800000,1777488757000,Libyan_cells_dataset/cells.sqlite3|data/new_data/libya_collected_antennas/cellmapper/cellmapper_libya_antennas.csv,collected:1277|collected:1278|sqlite:2453|sqlite:2502|sqlite:2551|sqlite:2570|sqlite:2634,sqlite:2570,4.485573531189661,"observed_coordinate_medoid; source reference, not survey truth",277946322900597
606,0,LTE,6340,5509,radio-9a27a5d69418a889,31.69020034786623,20.288600139739728,1,False,False,False,False,0,Libyana,1,1769299200000,1786147200000,Libyan_cells_dataset/cells.sqlite3,sqlite:1233,sqlite:1233,0.0,"observed_coordinate_medoid; source reference, not survey truth",133887187434589
606,0,LTE,1030,4662,radio-9a3017157cbdd480,32.606700877363664,14.303600687665178,1,False,False,False,False,0,Libyana,1,1776988800000,1782864000000,Libyan_cells_dataset/cells.sqlite3,sqlite:1104,sqlite:1104,0.0,"observed_coordinate_medoid; source reference, not survey truth",194466845452236
606,0,LTE,2090,1573,radio-9a389e375ec90a52,32.78000021988747,13.830000123660811,1,False,False,False,False,0,Libyana,1,1786924800000,1786924800000,Libyan_cells_dataset/cells.sqlite3,sqlite:1032,sqlite:1032,0.0,"observed_coordinate_medoid; source reference, not survey truth",30310058285625
606,1,UMTS,5011,2084,radio-9a3a6c6b9cc3cbcb,32.778500458862666,12.687500518411868,1,False,False,False,False,0,Al-Madar,3,1761955200000,1777334400000,Libyan_cells_dataset/cells.sqlite3,sqlite:1582|sqlite:1618|sqlite:1702,sqlite:1582,0.03213849560974757,"observed_coordinate_medoid; source reference, not survey truth",94220840095169
606,0,LTE,6330,1207,radio-9a4313d6a9dc6561,32.07994246482849,20.10869880517324,1,False,False,False,False,0,Libyana,13,1626882504000,1789781959000,data/new_data/libya_collected_antennas/cellmapper/cellmapper_libya_antennas.csv,collected:2404|collected:2405|collected:2406|collected:2407|collected:2408|collected:2409|collected:2410|collected:2411|collected:2412|collected:2413|collected:2414|collected:2415|collected:2416,collected:2404,0.0,"observed_coordinate_medoid; source reference, not survey truth",97109096171675
606,0,LTE,2130,6391,radio-9a558482292e23bb,32.58610046678929,13.132600202089899,1,False,False,False,False,0,Libyana,1,1752364800000,1781308800000,Libyan_cells_dataset/cells.sqlite3,sqlite:889,sqlite:889,0.0,"observed_coordinate_medoid; source reference, not survey truth",93756808871761
606,1,LTE,10,522,radio-9a68e795c180edb7,32.72420044033329,13.213300940719071,1,False,False,False,True,1,Al-Madar,1,1782864000000,1782864000000,Libyan_cells_dataset/cells.sqlite3,sqlite:325,sqlite:325,0.0,"observed_coordinate_medoid; source reference, not survey truth",37180044981467
606,1,LTE,4062,4976,radio-9a717ca63580832e,26.101500196785857,14.825300913771075,1,False,False,False,True,1,Al-Madar,1,1683244800000,1683244800000,Libyan_cells_dataset/cells.sqlite3,sqlite:535,sqlite:535,0.0,"observed_coordinate_medoid; source reference, not survey truth",62657104069799
606,0,LTE,1020,1397,radio-9a891efb5b288dec,32.574600356582586,14.047900794025198,1,False,False,False,False,0,Libyana,1,1775606400000,1785456000000,Libyan_cells_dataset/cells.sqlite3,sqlite:1055,sqlite:1055,0.0,"observed_coordinate_medoid; source reference, not survey truth",201652486853170
606,1,GSM,3,6096,radio-9aaff53829ba81ca,32.86670055894659,13.111500294506884,1,False,False,False,False,0,Al-Madar,6,1333411200000,1333411200000,Libyan_cells_dataset/cells.sqlite3,sqlite:3718|sqlite:3764|sqlite:3815|sqlite:4012|sqlite:4057|sqlite:4131,sqlite:4012,0.09442070026243192,"observed_coordinate_medoid; source reference, not survey truth",158068592088185
606,1,LTE,4002,4273,radio-9ab87fb5703b11f3,32.68730024683235,14.098200819910927,1,False,False,False,True,1,Al-Madar,1,1776556800000,1786060800000,Libyan_cells_dataset/cells.sqlite3,sqlite:398,sqlite:398,0.0,"observed_coordinate_medoid; source reference, not survey truth",175279224305661
606,0,UMTS,2040,3201,radio-9acaefd23f9f18f3,30.133900400658575,9.496500503700467,1,False,False,False,False,0,Libyana,1,1783555200000,1783641600000,Libyan_cells_dataset/cells.sqlite3,sqlite:2351,sqlite:2351,0.0,"observed_coordinate_medoid; source reference, not survey truth",73714316392855
606,0,UMTS,4040,3037,radio-9acbe435502bebc9,27.04770022547943,14.420200720095384,1,False,False,False,False,0,Libyana,1,1454112000000,1454112000000,Libyan_cells_dataset/cells.sqlite3,sqlite:2666,sqlite:2666,0.0,"observed_coordinate_medoid; source reference, not survey truth",30831847875486
606,1,GSM,2004,2251,radio-9acc207372948066,32.31400039134312,15.103800886524919,1,False,False,False,False,0,Al-Madar,3,1772668800000,1772668800000,Libyan_cells_dataset/cells.sqlite3,sqlite:3928|sqlite:3936|sqlite:3984,sqlite:3984,0.026927652087005934,"observed_coordinate_medoid; source reference, not survey truth",250465887464180
606,1,UMTS,5011,1715,radio-9ae4b8460e03e613,32.790400920911125,12.68640047953214,1,False,False,False,False,0,Al-Madar,3,1777334400000,1777334400000,Libyan_cells_dataset/cells.sqlite3,sqlite:1576|sqlite:1615|sqlite:1698,sqlite:1615,0.07900977372715173,"observed_coordinate_medoid; source reference, not survey truth",148483159968764
606,1,UMTS,300,4680,radio-9b17d48478ad1336,32.57670075417735,14.036900771066646,1,False,False,False,False,0,Al-Madar,1,1775606400000,1785456000000,Libyan_cells_dataset/cells.sqlite3,sqlite:1339,sqlite:1339,0.0,"observed_coordinate_medoid; source reference, not survey truth",237685169953411
606,1,LTE,4,2102,radio-9b1b54acb7f5ec14,32.73760088817928,12.714000283624761,1,False,False,False,True,1,Al-Madar,1,1771632000000,1782691200000,Libyan_cells_dataset/cells.sqlite3,sqlite:251,sqlite:251,0.0,"observed_coordinate_medoid; source reference, not survey truth",176359781794094
606,0,LTE,2130,1569,radio-9b37709bb7fda95a,32.68590087681002,13.177900565871184,1,False,False,False,False,0,Libyana,1,1755734400000,1785283200000,Libyan_cells_dataset/cells.sqlite3,sqlite:897,sqlite:897,0.0,"observed_coordinate_medoid; source reference, not survey truth",240323220181008
606,0,LTE,6330,1058,radio-9b495b3904cc18ad,32.1392984,20.1310448,1,False,True,True,False,0,Libyana,6,1758542637000,1788116177000,data/new_data/libya_collected_antennas/cellmapper/cellmapper_libya_antennas.csv,collected:435|collected:436|collected:437|collected:438|collected:439|collected:440,collected:435,0.0,"observed_coordinate_medoid; source reference, not survey truth",62079731503817
606,0,LTE,1610,1194,radio-9b747aa23bb75c4a,32.0843946,20.0944334,1,False,True,True,False,0,Libyana,4,1755424459000,1789782162000,data/new_data/libya_collected_antennas/cellmapper/cellmapper_libya_antennas.csv,collected:2366|collected:2367|collected:2368|collected:2369,collected:2366,0.0,"observed_coordinate_medoid; source reference, not survey truth",145596175461185
606,1,LTE,8,158,radio-9b78085755cbc1ac,32.862300667350105,13.267500218537297,1,False,False,False,True,1,Al-Madar,1,1597795200000,1783987200000,Libyan_cells_dataset/cells.sqlite3,sqlite:82,sqlite:82,0.0,"observed_coordinate_medoid; source reference, not survey truth",175008711505268
606,1,LTE,8091,4869,radio-9b785a852ea9da70,32.685700141125295,13.872200671701378,1,False,False,False,True,1,Al-Madar,1,1761177600000,1786147200000,Libyan_cells_dataset/cells.sqlite3,sqlite:141,sqlite:141,0.0,"observed_coordinate_medoid; source reference, not survey truth",145269204509939
606,1,GSM,1115,1356,radio-9b7c9e2f1f0f6182,31.653900224469893,20.00870097929336,1,False,False,False,False,0,Al-Madar,2,1744416000000,1753660800000,Libyan_cells_dataset/cells.sqlite3,sqlite:4163|sqlite:4246,sqlite:4163,0.06519688535198526,"observed_coordinate_medoid; source reference, not survey truth",222166199135063
606,1,UMTS,1011,142,radio-9b7ff13455aac176,32.88760069458593,13.1801008256244,1,False,False,False,False,0,Al-Madar,4,1786147200000,1786147200000,Libyan_cells_dataset/cells.sqlite3,sqlite:1822|sqlite:1872|sqlite:2072|sqlite:2172,sqlite:1872,0.07366823634730273,"observed_coordinate_medoid; source reference, not survey truth",200468450872959
606,0,UMTS,2040,3401,radio-9b9050e91893a0ea,31.96660034332756,12.099800702107288,1,False,False,False,False,0,Libyana,2,1760140800000,1761091200000,Libyan_cells_dataset/cells.sqlite3,sqlite:2328|sqlite:2339,sqlite:2339,0.05664805845814231,"observed_coordinate_medoid; source reference, not survey truth",183027206969693
606,1,UMTS,1020,3237,radio-9ba262529c54ee63,32.1168612,20.1034677,1,False,True,True,False,0,Al-Madar,3,1768567502000,1785518507000,data/new_data/libya_collected_antennas/cellmapper/cellmapper_libya_antennas.csv,collected:1144|collected:1145|collected:1146,collected:1144,0.0,"observed_coordinate_medoid; source reference, not survey truth",29458152748514
606,1,LTE,10,531,radio-9bc3f6c2815c0d23,32.77020023813653,13.130000731201116,1,False,False,False,True,1,Al-Madar,1,1755734400000,1782864000000,Libyan_cells_dataset/cells.sqlite3,sqlite:352,sqlite:352,0.0,"observed_coordinate_medoid; source reference, not survey truth",168499973842666
606,1,LTE,4001,4236,radio-9bd9ba8525db962d,32.615600191576654,14.316600988707378,1,False,False,False,True,1,Al-Madar,1,1575417600000,1786838400000,Libyan_cells_dataset/cells.sqlite3,sqlite:410,sqlite:410,0.0,"observed_coordinate_medoid; source reference, not survey truth",152919897561782
606,0,UMTS,4210,5602,radio-9bf47f3478d307b8,26.11040017334013,14.748600950144704,1,False,False,False,False,0,Libyana,1,1683244800000,1683244800000,Libyan_cells_dataset/cells.sqlite3,sqlite:2655,sqlite:2655,0.0,"observed_coordinate_medoid; source reference, not survey truth",242376526478295
606,1,LTE,10,747,radio-9c00b9dc717d747b,32.79270076425815,13.160900216412772,1,False,False,False,True,1,Al-Madar,1,1763596800000,1763596800000,Libyan_cells_dataset/cells.sqlite3,sqlite:319,sqlite:319,0.0,"observed_coordinate_medoid; source reference, not survey truth",58967188510213
606,0,LTE,4041,4177,radio-9c058dec69d2e6d9,32.358000816736734,15.065600763321848,1,False,False,False,False,0,Libyana,1,1781827200000,1781827200000,Libyan_cells_dataset/cells.sqlite3,sqlite:485,sqlite:485,0.0,"observed_coordinate_medoid; source reference, not survey truth",8942406132618
606,0,GSM,8280,1409,radio-9c1a902697da7a6a,32.75700052309217,13.524000424270305,1,False,False,False,False,0,Libyana,8,1758153600000,1758153600000,Libyan_cells_dataset/cells.sqlite3,sqlite:3126|sqlite:3176|sqlite:3225|sqlite:3274|sqlite:3322|sqlite:3359|sqlite:3533|sqlite:3586,sqlite:3322,0.10280171918871986,"observed_coordinate_medoid; source reference, not survey truth",28518364375195
606,1,GSM,4,1634,radio-9c1bdea02d0a20b5,32.762600648115566,12.738100227422432,1,False,False,False,False,0,Al-Madar,1,1779321600000,1779321600000,Libyan_cells_dataset/cells.sqlite3,sqlite:4032,sqlite:4032,0.0,"observed_coordinate_medoid; source reference, not survey truth",64556144532687
606,1,UMTS,1010,3726,radio-9c4bd116abbe7ad6,32.1610228,20.1157804,1,False,True,True,False,0,Al-Madar,3,1782126076000,1786723660000,data/new_data/libya_collected_antennas/cellmapper/cellmapper_libya_antennas.csv,collected:1063|collected:1064|collected:1065,collected:1063,0.0,"observed_coordinate_medoid; source reference, not survey truth",235629844306782
606,1,GSM,1123,1884,radio-9c4f52db41faac20,32.80030053094168,21.86540059521768,1,False,False,False,False,0,Al-Madar,1,1761696000000,1761696000000,Libyan_cells_dataset/cells.sqlite3,sqlite:4190,sqlite:4190,0.0,"observed_coordinate_medoid; source reference, not survey truth",9940052295170
606,0,GSM,4360,1206,radio-9c5fb9070d3257ca,32.07500070077606,20.095700208036423,1,False,False,False,False,0,Libyana,5,1595289600000,1787270400000,Libyan_cells_dataset/cells.sqlite3,sqlite:2703|sqlite:2752|sqlite:2851|sqlite:2901|sqlite:3052,sqlite:2851,0.0934412758416329,"observed_coordinate_medoid; source reference, not survey truth",159426121576410
606,1,UMTS,1011,91,radio-9c62b820961c41ce,32.854000820124895,13.233500389675525,1,False,False,False,False,0,Al-Madar,4,1576540800000,1576540800000,Libyan_cells_dataset/cells.sqlite3,sqlite:1812|sqlite:1862|sqlite:2062|sqlite:2162,sqlite:1812,0.07327323115277261,"observed_coordinate_medoid; source reference, not survey truth",112131682775477
606,1,GSM,2004,6552,radio-9ca57a827d28af3c,32.319500549838274,15.101400513169486,1,False,False,False,False,0,Al-Madar,3,1772668800000,1772668800000,Libyan_cells_dataset/cells.sqlite3,sqlite:3930|sqlite:3938|sqlite:3986,sqlite:3930,0.07680267204237311,"observed_coordinate_medoid; source reference, not survey truth",106498303058779
606,1,LTE,4,2124,radio-9cd671535a9054c3,32.765000926175155,12.753900942216312,1,False,False,False,True,1,Al-Madar,1,1771632000000,1782086400000,Libyan_cells_dataset/cells.sqlite3,sqlite:244,sqlite:244,0.0,"observed_coordinate_medoid; source reference, not survey truth",280374496552577
606,1,LTE,8,880,radio-9d3e61581ab88747,32.85520060633118,13.254300960090891,1,False,False,False,True,1,Al-Madar,1,1787443200000,1787529600000,Libyan_cells_dataset/cells.sqlite3,sqlite:55,sqlite:55,0.0,"observed_coordinate_medoid; source reference, not survey truth",177489887333754
606,0,GSM,4400,1223,radio-9d78eee8f0174ff7,32.197400892779534,20.158600843054863,1,False,False,False,False,0,Libyana,1,1772496000000,1786665600000,Libyan_cells_dataset/cells.sqlite3,sqlite:3018,sqlite:3018,0.0,"observed_coordinate_medoid; source reference, not survey truth",234655220392251
606,0,LTE,2040,3517,radio-9d9e02511db6d5e7,31.885600659770194,11.468300639196695,1,False,False,False,False,0,Libyana,1,1783555200000,1783555200000,Libyan_cells_dataset/cells.sqlite3,sqlite:1288,sqlite:1288,0.0,"observed_coordinate_medoid; source reference, not survey truth",42818665311721
606,0,LTE,2090,1853,radio-9db6f7ea62d203db,32.69350044917515,14.033700835896768,1,False,False,False,False,0,Libyana,1,1779408000000,1782864000000,Libyan_cells_dataset/cells.sqlite3,sqlite:1060,sqlite:1060,0.0,"observed_coordinate_medoid; source reference, not survey truth",210888709402872
606,1,UMTS,301,4487,radio-9db91aae80a6fad5,32.48130061458043,14.564200403341818,1,False,False,False,False,0,Al-Madar,2,1773273600000,1773360000000,Libyan_cells_dataset/cells.sqlite3,sqlite:1529|sqlite:1767,sqlite:1767,0.024259273581002543,"observed_coordinate_medoid; source reference, not survey truth",166128766269551
606,1,UMTS,303,4275,radio-9dcbd72682415a73,32.37620050355965,15.0809005581307,1,False,False,False,False,0,Al-Madar,3,1576022400000,1774828800000,Libyan_cells_dataset/cells.sqlite3,sqlite:1465|sqlite:1526|sqlite:1764,sqlite:1764,0.06921140578137942,"observed_coordinate_medoid; source reference, not survey truth",28762913526566
606,0,LTE,3006,1187,radio-9df4cac1d00478db,32.835999806722,13.027767817179331,1,False,False,False,False,0,Libyana,3,1575244800000,1575432759000,Libyan_cells_dataset/cells.sqlite3|data/new_data/libya_collected_antennas/cellmapper/cellmapper_libya_antennas.csv,collected:2337|collected:2338|sqlite:818,collected:2337,3.030904402371753,"observed_coordinate_medoid; source reference, not survey truth",77648973129516
606,0,GSM,4400,1225,radio-9e0ec65bed7c75e8,32.25990091835227,20.21070028600852,1,False,False,False,False,0,Libyana,1,1702166400000,1786665600000,Libyan_cells_dataset/cells.sqlite3,sqlite:3019,sqlite:3019,0.0,"observed_coordinate_medoid; source reference, not survey truth",216074358598477
606,0,LTE,2040,3849,radio-9e1b5a530b42ead2,31.77620087229594,11.358900507916895,1,False,False,False,False,0,Libyana,1,1783555200000,1783641600000,Libyan_cells_dataset/cells.sqlite3,sqlite:1287,sqlite:1287,0.0,"observed_coordinate_medoid; source reference, not survey truth",87381306606344
606,1,LTE,4181,4422,radio-9e2abecc714789e1,30.76400054565906,20.21320043380508,1,False,False,False,True,1,Al-Madar,1,1774310400000,1774310400000,Libyan_cells_dataset/cells.sqlite3,sqlite:556,sqlite:556,0.0,"observed_coordinate_medoid; source reference, not survey truth",37039100421408
606,1,UMTS,311,3132,radio-9e2e2105320e384d,32.42650063877734,13.611200857732628,1,False,False,False,False,0,Al-Madar,1,1775001600000,1779408000000,Libyan_cells_dataset/cells.sqlite3,sqlite:1762,sqlite:1762,0.0,"observed_coordinate_medoid; source reference, not survey truth",77512513835048
606,0,LTE,1050,4287,radio-9e477934d2178228,32.3836003010583,15.08680086403995,1,False,False,False,False,0,Libyana,1,1778371200000,1780272000000,Libyan_cells_dataset/cells.sqlite3,sqlite:1141,sqlite:1141,0.0,"observed_coordinate_medoid; source reference, not survey truth",43201925213184
606,1,LTE,3,691,radio-9e5fbc662feab112,32.753700410776176,12.892500276739918,1,False,False,False,True,1,Al-Madar,1,1787443200000,1787443200000,Libyan_cells_dataset/cells.sqlite3,sqlite:240,sqlite:240,0.0,"observed_coordinate_medoid; source reference, not survey truth",119366676749328
606,1,LTE,1240,100171,radio-9e6c1614dadc14e4,32.11340085030688,20.170500153440972,1,False,False,False,True,1,Al-Madar,1,1552953600000,1785110400000,Libyan_cells_dataset/cells.sqlite3,sqlite:682,sqlite:682,0.0,"observed_coordinate_medoid; source reference, not survey truth",174180233855202
606,1,GSM,2,6234,radio-9e7b0ec8e249c6f5,32.85610063018727,13.187100602466398,1,False,False,False,False,0,Al-Madar,6,1785715200000,1785715200000,Libyan_cells_dataset/cells.sqlite3,sqlite:3716|sqlite:3762|sqlite:3813|sqlite:4010|sqlite:4055|sqlite:4129,sqlite:4129,0.08184556139139554,"observed_coordinate_medoid; source reference, not survey truth",65005606545867
606,0,LTE,2140,2393,radio-9e7fd3751cf669f0,32.67860038723108,12.887100423964615,1,False,False,False,False,0,Libyana,1,1777334400000,1777334400000,Libyan_cells_dataset/cells.sqlite3,sqlite:860,sqlite:860,0.0,"observed_coordinate_medoid; source reference, not survey truth",13138325844583
606,1,UMTS,315,5067,radio-9e8be26d3039f7a6,30.59910055557552,18.401400504540955,1,False,False,False,False,0,Al-Madar,4,1782864000000,1782864000000,Libyan_cells_dataset/cells.sqlite3,sqlite:1448|sqlite:1785|sqlite:1982|sqlite:2131,sqlite:1785,0.08423956400207647,"observed_coordinate_medoid; source reference, not survey truth",211657733414838
606,1,LTE,1250,106171,radio-9ec737a5d29e8bf1,32.762100638321314,21.789200196519687,1,False,False,False,True,1,Al-Madar,1,1772928000000,1773964800000,Libyan_cells_dataset/cells.sqlite3,sqlite:647,sqlite:647,0.0,"observed_coordinate_medoid; source reference, not survey truth",39587734050869
606,0,GSM,8247,1816,radio-9ef69b9dbeee22cd,32.81690054099644,13.124700574995686,1,False,False,False,False,0,Libyana,6,1784764800000,1786492800000,Libyan_cells_dataset/cells.sqlite3,sqlite:3242|sqlite:3289|sqlite:3336|sqlite:3417|sqlite:3485|sqlite:3550,sqlite:3485,0.06732564002964438,"observed_coordinate_medoid; source reference, not survey truth",121583684390193
606,0,GSM,4340,1076,radio-9f005a18baa60db2,32.1070156,20.1047247,1,False,True,True,False,0,Libyana,6,1556686004000,1784400321000,data/new_data/libya_collected_antennas/cellmapper/cellmapper_libya_antennas.csv,collected:753|collected:754|collected:755|collected:756|collected:757|collected:758,collected:753,0.0,"observed_coordinate_medoid; source reference, not survey truth",91337706461448
606,0,LTE,6340,1265,radio-9f1c48c6aaaf4108,31.658600938674,20.013800945775454,1,False,False,False,False,0,Libyana,1,1575331200000,1787616000000,Libyan_cells_dataset/cells.sqlite3,sqlite:1238,sqlite:1238,0.0,"observed_coordinate_medoid; source reference, not survey truth",280795785032958
606,1,LTE,1240,106551,radio-9f48653822ebe6a3,31.95490062919305,20.136800937590163,1,False,False,False,True,1,Al-Madar,1,1769299200000,1786147200000,Libyan_cells_dataset/cells.sqlite3,sqlite:702,sqlite:702,0.0,"observed_coordinate_medoid; source reference, not survey truth",179643132372553
606,0,GSM,8278,1048,radio-9f5197186292a83e,32.893700316295636,13.357800579598862,1,False,False,False,False,0,Libyana,2,1786492800000,1786492800000,Libyan_cells_dataset/cells.sqlite3,sqlite:3375|sqlite:3444,sqlite:3375,0.02712204435159066,"observed_coordinate_medoid; source reference, not survey truth",11332079921069
606,0,LTE,6330,1191,radio-9f7c828a29df44d3,32.0902735,20.105765,1,False,True,True,False,0,Libyana,9,1755439974000,1789781959000,data/new_data/libya_collected_antennas/cellmapper/cellmapper_libya_antennas.csv,collected:637|collected:638|collected:639|collected:640|collected:641|collected:642|collected:643|collected:644|collected:645,collected:637,0.0,"observed_coordinate_medoid; source reference, not survey truth",175720063173254
606,0,LTE,6390,6039,radio-9f899cb2b8e56b2b,32.47500045663776,20.849700801563827,1,False,False,False,False,0,Libyana,1,1777420800000,1777420800000,Libyan_cells_dataset/cells.sqlite3,sqlite:1202,sqlite:1202,0.0,"observed_coordinate_medoid; source reference, not survey truth",213400438113256
606,0,LTE,2150,2008,radio-9fda07f7bc19c9bc,32.766496658325195,12.756137371063232,1,False,False,False,False,0,Libyana,4,1763769600000,1779387459000,Libyan_cells_dataset/cells.sqlite3|data/new_data/libya_collected_antennas/cellmapper/cellmapper_libya_antennas.csv,collected:2503|collected:2504|collected:2505|sqlite:819,collected:2503,3.4737668665501666,"observed_coordinate_medoid; source reference, not survey truth",6948466940600
606,0,LTE,6440,4502,radio-9ffaf2bcab8719f5,24.192900596893864,23.29020027787524,1,False,False,False,False,0,Libyana,1,1773187200000,1785369600000,Libyan_cells_dataset/cells.sqlite3,sqlite:1278,sqlite:1278,0.0,"observed_coordinate_medoid; source reference, not survey truth",175147104064586
606,1,UMTS,333,3841,radio-a01483c9ef381889,32.46280054465037,13.31900087810171,1,False,False,False,False,0,Al-Madar,1,1779408000000,1779408000000,Libyan_cells_dataset/cells.sqlite3,sqlite:1761,sqlite:1761,0.0,"observed_coordinate_medoid; source reference, not survey truth",48163255447273
606,1,LTE,3,558,radio-a037fdd02c158643,32.809500693299526,12.975700474689082,1,False,False,False,True,1,Al-Madar,1,1772755200000,1787443200000,Libyan_cells_dataset/cells.sqlite3,sqlite:200,sqlite:200,0.0,"observed_coordinate_medoid; source reference, not survey truth",36839076812139
606,1,LTE,3,291,radio-a04a77c9c6474f76,32.76640081134277,13.012300316257688,1,False,False,False,True,1,Al-Madar,1,1575331200000,1781827200000,Libyan_cells_dataset/cells.sqlite3,sqlite:230,sqlite:230,0.0,"observed_coordinate_medoid; source reference, not survey truth",67521022670283
606,0,LTE,6390,1180,radio-a05f381a932f4d6a,32.215792749658554,20.166728796986547,1,False,False,False,False,0,Libyana,6,1706745600000,1788116175000,Libyan_cells_dataset/cells.sqlite3|data/new_data/libya_collected_antennas/cellmapper/cellmapper_libya_antennas.csv,collected:2316|collected:2317|collected:2318|collected:2319|collected:2320|sqlite:1241,collected:2316,20.16654292627606,"observed_coordinate_medoid; source reference, not survey truth",83218661098283
606,0,LTE,6410,2021,radio-a08ebd261ff1d6b2,32.76302284664564,21.7483269373576,1,False,False,False,False,0,Libyana,3,1739491200000,1777506385000,Libyan_cells_dataset/cells.sqlite3|data/new_data/libya_collected_antennas/cellmapper/cellmapper_libya_antennas.csv,collected:312|collected:313|sqlite:1261,collected:312,3.552178451537891,"observed_coordinate_medoid; source reference, not survey truth",42861168831381
606,0,LTE,6390,1190,radio-a0a796cd1a8f4add,32.10663986206055,20.16496467590332,1,False,False,False,False,0,Libyana,3,1575452958000,1789910962000,data/new_data/libya_collected_antennas/cellmapper/cellmapper_libya_antennas.csv,collected:2348|collected:2349|collected:2350,collected:2348,0.0,"observed_coordinate_medoid; source reference, not survey truth",279473777518506
606,0,LTE,2120,6253,radio-a0d233359aa13d43,32.89181104387556,13.334822028023856,1,False,False,False,False,0,Libyana,8,1756368093000,1787205172000,data/new_data/libya_collected_antennas/cellmapper/cellmapper_libya_antennas.csv,collected:629|collected:630|collected:631|collected:632|collected:633|collected:634|collected:635|collected:636,collected:629,0.0,"observed_coordinate_medoid; source reference, not survey truth",18118894987983
606,1,LTE,4,2268,radio-a0e42d7a547f9afc,32.68290055937078,12.716300929510378,1,False,False,False,True,1,Al-Madar,1,1771632000000,1774310400000,Libyan_cells_dataset/cells.sqlite3,sqlite:252,sqlite:252,0.0,"observed_coordinate_medoid; source reference, not survey truth",181217692349494
606,0,UMTS,5310,1112,radio-a0f51af077afdb1a,32.1191963,20.1000378,1,False,True,True,False,0,Libyana,2,1557105824000,1786969636000,data/new_data/libya_collected_antennas/cellmapper/cellmapper_libya_antennas.csv,collected:838|collected:839,collected:838,0.0,"observed_coordinate_medoid; source reference, not survey truth",203911451413532
606,1,UMTS,1020,3097,radio-a101876e73244fc6,32.08980031607993,20.09700049202118,1,False,False,False,False,0,Al-Madar,5,1773014400000,1779235200000,Libyan_cells_dataset/cells.sqlite3,sqlite:1392|sqlite:1443|sqlite:1976|sqlite:2024|sqlite:2125,sqlite:1392,0.053860140787816875,"observed_coordinate_medoid; source reference, not survey truth",266788785708277
606,0,LTE,6390,6036,radio-a15e01cd1b0bb555,32.462800377758164,20.855500700975696,1,False,False,False,False,0,Libyana,1,1777420800000,1777420800000,Libyan_cells_dataset/cells.sqlite3,sqlite:1205,sqlite:1205,0.0,"observed_coordinate_medoid; source reference, not survey truth",4788913829403
606,1,UMTS,2011,1802,radio-a16b0df8c88382a3,32.84600084836275,13.07610063252833,1,False,False,False,False,0,Al-Madar,1,1602460800000,1602460800000,Libyan_cells_dataset/cells.sqlite3,sqlite:1651,sqlite:1651,0.0,"observed_coordinate_medoid; source reference, not survey truth",94695207472484
606,1,UMTS,5011,2078,radio-a1b280819316ec10,32.75640035458855,12.737200468544447,1,False,False,False,False,0,Al-Madar,3,1777334400000,1777334400000,Libyan_cells_dataset/cells.sqlite3,sqlite:1579|sqlite:1616|sqlite:1699,sqlite:1616,0.06835339837026837,"observed_coordinate_medoid; source reference, not survey truth",124985597070470
606,1,LTE,4021,4159,radio-a1c41ab03a6a4bff,32.37250032149843,15.003400203687882,1,False,False,False,True,1,Al-Madar,1,1768694400000,1768694400000,Libyan_cells_dataset/cells.sqlite3,sqlite:470,sqlite:470,0.0,"observed_coordinate_medoid; source reference, not survey truth",60323250888913
606,1,UMTS,1011,193,radio-a1ee9fbd6f67ebac,32.89220064333856,13.206000625064027,1,False,False,False,False,0,Al-Madar,5,1576540800000,1576540800000,Libyan_cells_dataset/cells.sqlite3,sqlite:1653|sqlite:1827|sqlite:1877|sqlite:2077|sqlite:2177,sqlite:1653,0.07699667126458885,"observed_coordinate_medoid; source reference, not survey truth",56434143917128
606,1,LTE,8091,9935,radio-a1f73f366ecbe303,32.7708006534787,13.495400328465884,1,False,False,False,True,1,Al-Madar,1,1759363200000,1769472000000,Libyan_cells_dataset/cells.sqlite3,sqlite:114,sqlite:114,0.0,"observed_coordinate_medoid; source reference, not survey truth",15319139577597
606,0,LTE,1610,1054,radio-a1f77b94895b3e9c,32.83497389,13.14524658,1,False,False,False,False,0,Libyana,20,1579493411000,1789782162000,data/new_data/libya_collected_antennas/cellmapper/cellmapper_libya_antennas.csv,collected:1684|collected:1685|collected:1686|collected:1687|collected:1688|collected:1689|collected:1690|collected:1691|collected:1692|collected:1693|collected:1694|collected:1695|collected:1696|collected:1697|collected:1698|collected:1699|collected:1700|collected:1701|collected:1702|collected:1703,collected:1684,0.0,"observed_coordinate_medoid; source reference, not survey truth",27894711224779
606,0,LTE,2040,3864,radio-a1f963943d26fab6,31.833900907515574,11.48620040687957,1,False,False,False,False,0,Libyana,1,1783555200000,1783555200000,Libyan_cells_dataset/cells.sqlite3,sqlite:1299,sqlite:1299,0.0,"observed_coordinate_medoid; source reference, not survey truth",32312265647958
606,0,LTE,4021,4119,radio-a22d92fa3998eedf,32.37420045199032,15.003500457700582,1,False,False,False,False,0,Libyana,1,1768694400000,1768694400000,Libyan_cells_dataset/cells.sqlite3,sqlite:469,sqlite:469,0.0,"observed_coordinate_medoid; source reference, not survey truth",1876621074186
606,1,LTE,4,2079,radio-a23fcafac0011704,32.7550004376121,12.800400393989337,1,False,False,False,True,1,Al-Madar,1,1771718400000,1771718400000,Libyan_cells_dataset/cells.sqlite3,sqlite:262,sqlite:262,0.0,"observed_coordinate_medoid; source reference, not survey truth",238506509519593
606,0,UMTS,2120,1912,radio-a244784c847869dc,32.75000060135011,13.29040087415413,1,False,False,False,False,0,Libyana,3,1778630400000,1778630400000,Libyan_cells_dataset/cells.sqlite3,sqlite:2200|sqlite:2249|sqlite:2375,sqlite:2249,0.04882182157735748,"observed_coordinate_medoid; source reference, not survey truth",53505988187990
606,1,LTE,1240,103571,radio-a245430ede4578f3,31.69180044756599,20.015800610628688,1,False,False,False,True,1,Al-Madar,1,1785974400000,1785974400000,Libyan_cells_dataset/cells.sqlite3,sqlite:596,sqlite:596,0.0,"observed_coordinate_medoid; source reference, not survey truth",58447446584964
606,1,LTE,4041,4162,radio-a246dfea7ef16c88,32.35000013585328,15.091200664177977,1,False,False,False,True,1,Al-Madar,1,1781827200000,1781827200000,Libyan_cells_dataset/cells.sqlite3,sqlite:492,sqlite:492,0.0,"observed_coordinate_medoid; source reference, not survey truth",46877769184005
606,1,UMTS,301,4672,radio-a2894b740e8bed2d,32.477700653633704,14.568300171412218,1,False,False,False,False,0,Al-Madar,4,1552694400000,1773273600000,Libyan_cells_dataset/cells.sqlite3,sqlite:1512|sqlite:1569|sqlite:1746|sqlite:1903,sqlite:1512,0.05807957796630578,"observed_coordinate_medoid; source reference, not survey truth",153476362856810
606,1,LTE,4041,4060,radio-a2aaa5b10fcc0514,32.29920096436603,15.11870017913132,1,False,False,False,True,1,Al-Madar,1,1781827200000,1781827200000,Libyan_cells_dataset/cells.sqlite3,sqlite:483,sqlite:483,0.0,"observed_coordinate_medoid; source reference, not survey truth",138186597788295
606,1,LTE,1250,106121,radio-a2b21c936b30e849,32.75820069146213,21.777300186275994,1,False,False,False,True,1,Al-Madar,1,1773964800000,1780704000000,Libyan_cells_dataset/cells.sqlite3,sqlite:666,sqlite:666,0.0,"observed_coordinate_medoid; source reference, not survey truth",38066284848839
606,0,LTE,2120,6384,radio-a2b249ea567299fb,32.62180056257226,13.275900495269761,1,False,False,False,False,0,Libyana,1,1755388800000,1787184000000,Libyan_cells_dataset/cells.sqlite3,sqlite:929,sqlite:929,0.0,"observed_coordinate_medoid; source reference, not survey truth",59161957307273
606,1,LTE,4081,4660,radio-a2b4baddc70b0b14,32.80880021396357,13.303900877167816,1,False,False,False,True,1,Al-Madar,1,1786060800000,1786147200000,Libyan_cells_dataset/cells.sqlite3,sqlite:62,sqlite:62,0.0,"observed_coordinate_medoid; source reference, not survey truth",230652278997965
606,1,LTE,4002,4254,radio-a2df9d2448f7a420,32.54400038674013,14.103700662018841,1,False,False,False,True,1,Al-Madar,1,1775606400000,1775692800000,Libyan_cells_dataset/cells.sqlite3,sqlite:391,sqlite:391,0.0,"observed_coordinate_medoid; source reference, not survey truth",147901260713129
606,0,LTE,1510,1631,radio-a2e0eb401036af97,32.832100813786276,13.036700766005424,1,False,False,False,False,0,Libyana,1,1764460800000,1787529600000,Libyan_cells_dataset/cells.sqlite3,sqlite:807,sqlite:807,0.0,"observed_coordinate_medoid; source reference, not survey truth",150817855856559
606,0,UMTS,5330,1183,radio-a332448e028d3c7c,32.10760815744745,20.12379771317629,1,False,False,False,False,0,Libyana,2,1759142905000,1789910962000,data/new_data/libya_collected_antennas/cellmapper/cellmapper_libya_antennas.csv,collected:1134|collected:1135,collected:1134,0.0,"observed_coordinate_medoid; source reference, not survey truth",228031977789743
606,1,UMTS,1011,16,radio-a35afe9f8803cb4c,32.88330082870945,13.192700533054694,1,False,False,False,False,0,Al-Madar,4,1576540800000,1591660800000,Libyan_cells_dataset/cells.sqlite3,sqlite:1791|sqlite:1841|sqlite:2041|sqlite:2141,sqlite:2041,0.09354367575940775,"observed_coordinate_medoid; source reference, not survey truth",44361636275182
606,1,UMTS,303,4248,radio-a36e0eb7ff2aafba,32.39060018167159,15.124800431179322,1,False,False,False,False,0,Al-Madar,2,1665878400000,1665878400000,Libyan_cells_dataset/cells.sqlite3,sqlite:1485|sqlite:1550,sqlite:1550,0.04876225774727717,"observed_coordinate_medoid; source reference, not survey truth",34008525070845
606,1,LTE,14,251,radio-a371fd7d94fdf876,32.845800271704675,13.11720074824878,1,False,False,False,True,1,Al-Madar,1,1610668800000,1610668800000,Libyan_cells_dataset/cells.sqlite3,sqlite:13,sqlite:13,0.0,"observed_coordinate_medoid; source reference, not survey truth",230684914140034
606,0,GSM,4380,1011,radio-a3b98cfa6a098b67,32.115600516826014,20.11440066717647,1,False,False,False,False,0,Libyana,4,1556668800000,1556668800000,Libyan_cells_dataset/cells.sqlite3,sqlite:2822|sqlite:2884|sqlite:2932|sqlite:2966,sqlite:2966,0.05449030951371513,"observed_coordinate_medoid; source reference, not survey truth",11845668283546
606,1,GSM,2002,1262,radio-a3ca3c63c4c94349,32.50320047013561,14.48440061083951,1,False,False,False,False,0,Al-Madar,5,1773187200000,1773187200000,Libyan_cells_dataset/cells.sqlite3,sqlite:3834|sqlite:3876|sqlite:3913|sqlite:3957|sqlite:4136,sqlite:3913,0.07793470294053266,"observed_coordinate_medoid; source reference, not survey truth",261054757270242
606,0,LTE,2120,1574,radio-a42b94c8a487e08b,32.838900138948055,13.477700743038747,1,False,False,False,False,0,Libyana,1,1755561600000,1787184000000,Libyan_cells_dataset/cells.sqlite3,sqlite:990,sqlite:990,0.0,"observed_coordinate_medoid; source reference, not survey truth",125984541226776
606,1,LTE,4041,4177,radio-a46103f1da042430,32.35798263549805,15.065601348876951,1,False,False,False,False,0,Al-Madar,1,1781889343000,1781889345000,data/new_data/libya_collected_antennas/cellmapper/cellmapper_libya_antennas.csv,collected:88,collected:88,0.0,"observed_coordinate_medoid; source reference, not survey truth",8942406132618
606,0,GSM,8278,1901,radio-a4618597eb59ac9d,32.75700040149797,13.524000795770586,1,False,False,False,False,0,Libyana,8,1758153600000,1786492800000,Libyan_cells_dataset/cells.sqlite3,sqlite:3106|sqlite:3156|sqlite:3206|sqlite:3256|sqlite:3306|sqlite:3351|sqlite:3516|sqlite:3566,sqlite:3206,0.09708071770354287,"observed_coordinate_medoid; source reference, not survey truth",28518364375195
606,0,UMTS,4240,3041,radio-a46923baff660959,27.048000741254505,14.409600501939067,1,False,False,False,False,0,Libyana,1,1570406400000,1570406400000,Libyan_cells_dataset/cells.sqlite3,sqlite:2668,sqlite:2668,0.0,"observed_coordinate_medoid; source reference, not survey truth",278196471189530
606,1,LTE,10,396,radio-a4a07066c69dc54d,32.78280017167828,13.148200917158833,1,False,False,False,True,1,Al-Madar,1,1755734400000,1769817600000,Libyan_cells_dataset/cells.sqlite3,sqlite:355,sqlite:355,0.0,"observed_coordinate_medoid; source reference, not survey truth",37738280163761
606,1,LTE,1230,100061,radio-a4a07636b1089c67,32.06420097181487,20.058100729188165,1,False,False,False,True,1,Al-Madar,1,1552953600000,1553040000000,Libyan_cells_dataset/cells.sqlite3,sqlite:620,sqlite:620,0.0,"observed_coordinate_medoid; source reference, not survey truth",264681331028004
606,1,LTE,4,2213,radio-a4a1564b2fd3a643,32.77840084637922,12.577600938634657,1,False,False,False,True,1,Al-Madar,1,1787184000000,1787184000000,Libyan_cells_dataset/cells.sqlite3,sqlite:268,sqlite:268,0.0,"observed_coordinate_medoid; source reference, not survey truth",100602683910471
606,0,LTE,6330,1100,radio-a4bfd59c1a89a9a7,32.1471601,20.1062579,1,False,True,True,False,0,Libyana,3,1581206400000,1788116161000,Libyan_cells_dataset/cells.sqlite3|data/new_data/libya_collected_antennas/cellmapper/cellmapper_libya_antennas.csv,collected:1953|collected:1954|sqlite:1181,collected:1953,6.071581087918075,"observed_coordinate_medoid; source reference, not survey truth",149799532477574
606,0,LTE,6310,1074,radio-a4cc5f5bfa5ff591,32.133685,20.079510000000003,1,False,False,False,False,0,Libyana,10,1572394051000,1789910964000,data/new_data/libya_collected_antennas/cellmapper/cellmapper_libya_antennas.csv,collected:1802|collected:1803|collected:1804|collected:1805|collected:1806|collected:1807|collected:1808|collected:1809|collected:1810|collected:1811,collected:1802,0.0,"observed_coordinate_medoid; source reference, not survey truth",15792644224575
606,1,LTE,4,2032,radio-a4d323848b5d76b0,32.768100935615294,12.567100919100275,1,False,False,False,True,1,Al-Madar,1,1787184000000,1787184000000,Libyan_cells_dataset/cells.sqlite3,sqlite:277,sqlite:277,0.0,"observed_coordinate_medoid; source reference, not survey truth",14894842355358
606,0,UMTS,5310,1412,radio-a4d887ff782e589f,32.126121520996,20.088264465332,1,False,False,False,False,0,Libyana,1,1702221568000,1788116161000,data/new_data/libya_collected_antennas/cellmapper/cellmapper_libya_antennas.csv,collected:1157,collected:1157,0.0,"observed_coordinate_medoid; source reference, not survey truth",88786581550188
606,1,UMTS,2011,1588,radio-a4da4dd26e6ec8bc,32.79250033984792,13.102000551384958,1,False,False,False,False,0,Al-Madar,2,1600214400000,1602460800000,Libyan_cells_dataset/cells.sqlite3,sqlite:1646|sqlite:1734,sqlite:1734,0.06615499819126389,"observed_coordinate_medoid; source reference, not survey truth",97010117477070
606,0,GSM,8280,1376,radio-a4dd0e2691bf5e16,32.62290017654634,13.389700182717096,1,False,False,False,False,0,Libyana,2,1755993600000,1785888000000,Libyan_cells_dataset/cells.sqlite3,sqlite:3368|sqlite:3430,sqlite:3368,0.07804290173682517,"observed_coordinate_medoid; source reference, not survey truth",229186623090879
606,1,GSM,14,2649,radio-a4ec4472456302cf,32.80560082244606,13.13520029225108,1,False,False,False,False,0,Al-Madar,1,1785369600000,1785715200000,Libyan_cells_dataset/cells.sqlite3,sqlite:4077,sqlite:4077,0.0,"observed_coordinate_medoid; source reference, not survey truth",2947730927923
606,1,GSM,2002,1236,radio-a50926c3a267108e,32.46850053536613,14.565200866341028,1,False,False,False,False,0,Al-Madar,4,1552694400000,1552694400000,Libyan_cells_dataset/cells.sqlite3,sqlite:3842|sqlite:3884|sqlite:3917|sqlite:3969,sqlite:3969,0.06091851083493729,"observed_coordinate_medoid; source reference, not survey truth",160264915065536
606,0,LTE,6330,1212,radio-a5188ecf7eb6578b,32.125099182128906,20.137523651123047,1,False,False,False,False,0,Libyana,1,1785170825000,1788116161000,data/new_data/libya_collected_antennas/cellmapper/cellmapper_libya_antennas.csv,collected:2442,collected:2442,0.0,"observed_coordinate_medoid; source reference, not survey truth",191638588775215
606,0,GSM,4410,1243,radio-a5188f506081c8d7,31.964300206503093,20.08360031498693,1,False,False,False,False,0,Libyana,1,1578009600000,1603324800000,Libyan_cells_dataset/cells.sqlite3,sqlite:2796,sqlite:2796,0.0,"observed_coordinate_medoid; source reference, not survey truth",128191727350423
606,0,LTE,2040,3917,radio-a51f72b5d055dac2,31.949800544159185,12.22310017812328,1,False,False,False,False,0,Libyana,1,1783641600000,1783728000000,Libyan_cells_dataset/cells.sqlite3,sqlite:1302,sqlite:1302,0.0,"observed_coordinate_medoid; source reference, not survey truth",22194071999478
606,1,LTE,10,226,radio-a5308721134d7d29,32.705000854844144,13.121700153394634,1,False,False,False,True,1,Al-Madar,1,1747267200000,1747267200000,Libyan_cells_dataset/cells.sqlite3,sqlite:33,sqlite:33,0.0,"observed_coordinate_medoid; source reference, not survey truth",272298992088063
606,0,LTE,2040,3546,radio-a59fcf2f7f0c9194,32.00470051636282,12.218600562537727,1,False,False,False,False,0,Libyana,1,1783728000000,1783728000000,Libyan_cells_dataset/cells.sqlite3,sqlite:1305,sqlite:1305,0.0,"observed_coordinate_medoid; source reference, not survey truth",124626828367336
606,0,LTE,2150,2386,radio-a5c69e753cccd53f,32.748500848837615,12.757000956931861,1,False,False,False,False,0,Libyana,1,1777334400000,1779321600000,Libyan_cells_dataset/cells.sqlite3,sqlite:859,sqlite:859,0.0,"observed_coordinate_medoid; source reference, not survey truth",111671869417290
606,1,LTE,8,113,radio-a608d4072adce277,32.859500490928745,13.264500618515259,1,False,False,False,True,1,Al-Madar,1,1761609600000,1787529600000,Libyan_cells_dataset/cells.sqlite3,sqlite:526,sqlite:526,0.0,"observed_coordinate_medoid; source reference, not survey truth",35605764673673
606,1,GSM,1112,1071,radio-a61353a3a27fed04,32.11251133558489,20.07731527798111,1,False,False,False,False,0,Al-Madar,3,1578196592000,1786725521000,data/new_data/libya_collected_antennas/cellmapper/cellmapper_libya_antennas.csv,collected:660|collected:661|collected:662,collected:660,0.0,"observed_coordinate_medoid; source reference, not survey truth",86981719872151
606,1,GSM,14,2009,radio-a63913a9a0168b1e,32.802800438591255,13.125800421514837,1,False,False,False,False,0,Al-Madar,2,1756252800000,1785715200000,Libyan_cells_dataset/cells.sqlite3,sqlite:4021|sqlite:4065,sqlite:4021,0.05397968708864124,"observed_coordinate_medoid; source reference, not survey truth",50462183532468
606,1,LTE,8091,4633,radio-a64537dcd09190ac,32.7268003414334,13.481500235798206,1,False,False,False,True,1,Al-Madar,1,1755734400000,1785888000000,Libyan_cells_dataset/cells.sqlite3,sqlite:41,sqlite:41,0.0,"observed_coordinate_medoid; source reference, not survey truth",3483038050820
606,1,GSM,2000,1286,radio-a65a5d9c3a121725,32.70950033380336,13.984100418941644,1,False,False,False,False,0,Al-Madar,2,1576195200000,1785715200000,Libyan_cells_dataset/cells.sqlite3,sqlite:3865|sqlite:3902,sqlite:3902,0.05583389028077115,"observed_coordinate_medoid; source reference, not survey truth",205554035896212
606,0,LTE,4021,4020,radio-a65cf779f943e2c6,32.34480059909824,15.041000902672087,1,False,False,False,False,0,Libyana,1,1781827200000,1781827200000,Libyan_cells_dataset/cells.sqlite3,sqlite:464,sqlite:464,0.0,"observed_coordinate_medoid; source reference, not survey truth",92414355574263
606,1,UMTS,1030,3111,radio-a65d59b18f415ff3,32.07460011576288,20.12030062653703,1,False,False,False,False,0,Al-Madar,8,1701216000000,1789112544000,Libyan_cells_dataset/cells.sqlite3|data/new_data/libya_collected_antennas/cellmapper/cellmapper_libya_antennas.csv,collected:881|collected:882|sqlite:1377|sqlite:1428|sqlite:1920|sqlite:1960|sqlite:2009|sqlite:2110,sqlite:2009,4.824554134875823,"observed_coordinate_medoid; source reference, not survey truth",142127078045434
606,1,LTE,4331,4545,radio-a671575331dd7f31,32.090600308480894,12.923100180443312,1,False,False,False,True,1,Al-Madar,1,1774310400000,1775865600000,Libyan_cells_dataset/cells.sqlite3,sqlite:300,sqlite:300,0.0,"observed_coordinate_medoid; source reference, not survey truth",235171540832096
606,1,LTE,1210,101241,radio-a67c9fa3a9cf742c,32.12780052112489,20.084100474811397,1,False,False,False,True,1,Al-Madar,1,1757894400000,1785456000000,Libyan_cells_dataset/cells.sqlite3,sqlite:644,sqlite:644,0.0,"observed_coordinate_medoid; source reference, not survey truth",215204503177907
606,1,LTE,3,552,radio-a697a5c1864b1955,32.82280050120802,13.038300531376933,1,False,False,False,True,1,Al-Madar,1,1781827200000,1787529600000,Libyan_cells_dataset/cells.sqlite3,sqlite:216,sqlite:216,0.0,"observed_coordinate_medoid; source reference, not survey truth",225895418558280
606,0,LTE,1030,4045,radio-a6a2ec20120ab8c9,32.44110037175572,14.564200874467653,1,False,False,False,False,0,Libyana,1,1619049600000,1619049600000,Libyan_cells_dataset/cells.sqlite3,sqlite:741,sqlite:741,0.0,"observed_coordinate_medoid; source reference, not survey truth",112327165944139
606,1,LTE,14,326,radio-a6c02370532ad54b,32.86290078092631,13.098400605857565,1,False,False,False,True,1,Al-Madar,1,1775433600000,1787529600000,Libyan_cells_dataset/cells.sqlite3,sqlite:202,sqlite:202,0.0,"observed_coordinate_medoid; source reference, not survey truth",3479422344302
606,0,UMTS,2040,3705,radio-a6e790e46e6067c5,32.10430061626033,12.33100095560415,1,False,False,False,False,0,Libyana,1,1783555200000,1783555200000,Libyan_cells_dataset/cells.sqlite3,sqlite:2358,sqlite:2358,0.0,"observed_coordinate_medoid; source reference, not survey truth",121961604148360
606,1,LTE,4311,4951,radio-a706b21e619db730,31.96660015667949,12.099800680100977,1,False,False,False,True,1,Al-Madar,1,1760140800000,1761091200000,Libyan_cells_dataset/cells.sqlite3,sqlite:297,sqlite:297,0.0,"observed_coordinate_medoid; source reference, not survey truth",183027206969693
606,1,UMTS,1040,3655,radio-a711bb60cd20d9fa,31.85149227489125,20.017439928921785,1,False,False,False,False,0,Al-Madar,2,1789634408000,1789634409000,data/new_data/libya_collected_antennas/cellmapper/cellmapper_libya_antennas.csv,collected:1252|collected:1253,collected:1252,0.0,"observed_coordinate_medoid; source reference, not survey truth",21206845436213
606,0,LTE,6340,1221,radio-a719c22ae387bcba,32.03307748857959,20.055371196056704,1,False,False,False,False,0,Libyana,10,1608422400000,1789634408000,Libyan_cells_dataset/cells.sqlite3|data/new_data/libya_collected_antennas/cellmapper/cellmapper_libya_antennas.csv,collected:235|collected:236|collected:237|collected:238|collected:239|collected:240|collected:241|collected:242|collected:243|sqlite:1182,collected:235,3.814509298228249,"observed_coordinate_medoid; source reference, not survey truth",131816029111171
606,1,LTE,4031,4090,radio-a7225e827d3cadaf,32.366400698841026,15.178600174826341,1,False,False,False,True,1,Al-Madar,1,1665878400000,1665878400000,Libyan_cells_dataset/cells.sqlite3,sqlite:478,sqlite:478,0.0,"observed_coordinate_medoid; source reference, not survey truth",84925159616500
606,0,LTE,2150,2230,radio-a72acf9e864219c8,32.75420090895948,12.74530070595556,1,False,False,False,False,0,Libyana,1,1769731200000,1782086400000,Libyan_cells_dataset/cells.sqlite3,sqlite:870,sqlite:870,0.0,"observed_coordinate_medoid; source reference, not survey truth",76853481532086
606,0,LTE,6340,1108,radio-a7381e9d9bfcbb49,32.05519339378844,20.13138933384672,1,False,False,False,False,0,Libyana,13,1755978292000,1790102359000,data/new_data/libya_collected_antennas/cellmapper/cellmapper_libya_antennas.csv,collected:1982|collected:1983|collected:1984|collected:1985|collected:1986|collected:1987|collected:1988|collected:1989|collected:1990|collected:1991|collected:1992|collected:1993|collected:1994,collected:1982,0.0,"observed_coordinate_medoid; source reference, not survey truth",29029099385955
606,1,LTE,4,2160,radio-a739f44cd089e06f,32.72680070196669,12.730800275588987,1,False,False,False,True,1,Al-Madar,1,1771632000000,1774310400000,Libyan_cells_dataset/cells.sqlite3,sqlite:246,sqlite:246,0.0,"observed_coordinate_medoid; source reference, not survey truth",213861331085724
606,0,UMTS,5390,6030,radio-a749e4a4a7db8757,32.46271168101918,20.85551608692516,1,False,False,False,False,0,Libyana,9,1777420800000,1777473420000,Libyan_cells_dataset/cells.sqlite3|data/new_data/libya_collected_antennas/cellmapper/cellmapper_libya_antennas.csv,collected:1279|collected:1280|collected:1281|collected:1282|collected:1283|sqlite:2440|sqlite:2489|sqlite:2538|sqlite:2621,collected:1279,1.912909193955569,"observed_coordinate_medoid; source reference, not survey truth",4788913829403
606,0,UMTS,5370,4327,radio-a78f08c8953ca947,31.17770052088617,16.56770098047969,1,False,False,False,False,0,Libyana,1,1655856000000,1782086400000,Libyan_cells_dataset/cells.sqlite3,sqlite:2677,sqlite:2677,0.0,"observed_coordinate_medoid; source reference, not survey truth",520999288436
606,0,LTE,6340,1121,radio-a791be0826843420,32.01011844268637,20.104332428058058,1,False,False,False,False,0,Libyana,7,1575330783000,1790108352000,data/new_data/libya_collected_antennas/cellmapper/cellmapper_libya_antennas.csv,collected:207|collected:208|collected:209|collected:210|collected:211|collected:212|collected:213,collected:207,0.0,"observed_coordinate_medoid; source reference, not survey truth",277095775636419
606,1,GSM,1111,1046,radio-a7c4a22337c8b4fd,32.145800570479835,20.112200798947768,1,False,False,False,False,0,Al-Madar,2,1581206400000,1614211200000,Libyan_cells_dataset/cells.sqlite3,sqlite:4183|sqlite:4234,sqlite:4234,0.05295044299700803,"observed_coordinate_medoid; source reference, not survey truth",84920153741840
606,0,LTE,2110,3607,radio-a7cb75a2e3802a9e,32.5199007125804,13.669500590922837,1,False,False,False,False,0,Libyana,1,1771718400000,1786924800000,Libyan_cells_dataset/cells.sqlite3,sqlite:1082,sqlite:1082,0.0,"observed_coordinate_medoid; source reference, not survey truth",235441652373978
606,1,UMTS,5011,2279,radio-a7fd95abdb71f16d,32.37470074414637,12.661900291894904,1,False,False,False,False,0,Al-Madar,1,1774310400000,1783728000000,Libyan_cells_dataset/cells.sqlite3,sqlite:1660,sqlite:1660,0.0,"observed_coordinate_medoid; source reference, not survey truth",13584993734803
606,1,LTE,1250,106061,radio-a81a71ae95fcfce0,32.75820054371203,21.755800939517442,1,False,False,False,True,1,Al-Madar,1,1780704000000,1780704000000,Libyan_cells_dataset/cells.sqlite3,sqlite:653,sqlite:653,0.0,"observed_coordinate_medoid; source reference, not survey truth",203163336891112
606,0,UMTS,5310,1012,radio-a835414040228c83,32.1257589,20.0856213,1,False,True,True,False,0,Libyana,1,1557105706000,1557105847000,data/new_data/libya_collected_antennas/cellmapper/cellmapper_libya_antennas.csv,collected:1156,collected:1156,0.0,"observed_coordinate_medoid; source reference, not survey truth",144100824973348
606,1,UMTS,302,4342,radio-a83b38a6dfd6a7db,32.36050085316872,15.034200538963663,1,False,False,False,False,0,Al-Madar,3,1576022400000,1782864000000,Libyan_cells_dataset/cells.sqlite3,sqlite:1469|sqlite:1534|sqlite:1774,sqlite:1774,0.08445112359295184,"observed_coordinate_medoid; source reference, not survey truth",39671680306911
606,0,LTE,6340,1197,radio-a86fdb88c3026e14,32.02125435,20.056132076470583,1,False,False,False,False,0,Libyana,2,1784001056000,1787802709000,data/new_data/libya_collected_antennas/cellmapper/cellmapper_libya_antennas.csv,collected:233|collected:234,collected:233,0.0,"observed_coordinate_medoid; source reference, not survey truth",227895941556649
606,1,LTE,4101,4634,radio-a87782df3933ab3d,32.666600514147575,13.385400888621932,1,False,False,False,True,1,Al-Madar,1,1755734400000,1781481600000,Libyan_cells_dataset/cells.sqlite3,sqlite:369,sqlite:369,0.0,"observed_coordinate_medoid; source reference, not survey truth",242312188472577
606,1,UMTS,300,4229,radio-a8acbf8e0e1b8992,32.66160059512382,14.18320018080553,1,False,False,False,False,0,Al-Madar,1,1721174400000,1721174400000,Libyan_cells_dataset/cells.sqlite3,sqlite:1330,sqlite:1330,0.0,"observed_coordinate_medoid; source reference, not survey truth",233631363720723
606,0,LTE,6310,1144,radio-a8c1c080429c24a4,32.111758809789926,20.08122240841024,1,False,False,False,False,0,Libyana,7,1572393600000,1787576819000,Libyan_cells_dataset/cells.sqlite3|data/new_data/libya_collected_antennas/cellmapper/cellmapper_libya_antennas.csv,collected:2122|collected:2123|collected:2124|collected:2125|collected:2126|collected:2127|sqlite:1167,collected:2122,5.034784826847435,"observed_coordinate_medoid; source reference, not survey truth",116633557393216
606,1,LTE,4181,5003,radio-a8c984cfe7503e01,30.7712007068076,20.201300247699983,1,False,False,False,True,1,Al-Madar,1,1782086400000,1782086400000,Libyan_cells_dataset/cells.sqlite3,sqlite:550,sqlite:550,0.0,"observed_coordinate_medoid; source reference, not survey truth",84669388665788
606,1,LTE,1210,107261,radio-a8d83cca3d59c0ac,32.161000705578324,20.11580024360727,1,False,False,False,True,1,Al-Madar,1,1768521600000,1786665600000,Libyan_cells_dataset/cells.sqlite3,sqlite:609,sqlite:609,0.0,"observed_coordinate_medoid; source reference, not survey truth",235629844306782
606,1,LTE,2,145,radio-a8f8a4e88a8c2dcc,32.84370019429842,13.166400838169231,1,False,False,False,True,1,Al-Madar,1,1768521600000,1768521600000,Libyan_cells_dataset/cells.sqlite3,sqlite:38,sqlite:38,0.0,"observed_coordinate_medoid; source reference, not survey truth",159093158509690
606,1,UMTS,1010,3057,radio-a8fc5d166ee35375,32.13610057408588,20.103000579380474,1,False,False,True,False,0,Al-Madar,8,1772236800000,1789112542000,Libyan_cells_dataset/cells.sqlite3|data/new_data/libya_collected_antennas/cellmapper/cellmapper_libya_antennas.csv,collected:1044|collected:1045|sqlite:1369|sqlite:1420|sqlite:1910|sqlite:1952|sqlite:2001|sqlite:2102,sqlite:2102,5.311549612009527,"observed_coordinate_medoid; source reference, not survey truth",258662425483784
606,1,LTE,2,488,radio-a925c933c8d00fc1,32.85340059699569,13.165000335074945,1,False,False,False,True,1,Al-Madar,1,1762300800000,1785369600000,Libyan_cells_dataset/cells.sqlite3,sqlite:155,sqlite:155,0.0,"observed_coordinate_medoid; source reference, not survey truth",158175644031223
606,0,LTE,1050,4153,radio-a927e82abfc318b9,32.32910088240489,15.096400488000791,1,False,False,False,False,0,Libyana,1,1772668800000,1772668800000,Libyan_cells_dataset/cells.sqlite3,sqlite:749,sqlite:749,0.0,"observed_coordinate_medoid; source reference, not survey truth",95350423254786
606,1,GSM,1113,1244,radio-a9648ea58ffd231d,32.08630052305086,20.09360088300545,1,False,False,False,False,0,Al-Madar,2,1772582400000,1779235200000,Libyan_cells_dataset/cells.sqlite3,sqlite:4162|sqlite:4215,sqlite:4215,0.013888573506139017,"observed_coordinate_medoid; source reference, not survey truth",13342543735135
606,0,LTE,1030,4072,radio-a9b3304b75e4747e,32.42980030840037,14.713000339069849,1,False,False,False,False,0,Libyana,1,1782777600000,1782777600000,Libyan_cells_dataset/cells.sqlite3,sqlite:1125,sqlite:1125,0.0,"observed_coordinate_medoid; source reference, not survey truth",221637892030746
606,1,GSM,2000,1285,radio-a9d29bb15f96a9ce,32.461600285332075,13.909100669126733,1,False,False,False,False,0,Al-Madar,1,1777507200000,1779408000000,Libyan_cells_dataset/cells.sqlite3,sqlite:3864,sqlite:3864,0.0,"observed_coordinate_medoid; source reference, not survey truth",48166703306429
606,0,GSM,4340,1029,radio-a9d492cd960a8826,32.11350080189778,20.098800353819954,1,False,False,False,False,0,Libyana,2,1556668800000,1786838400000,Libyan_cells_dataset/cells.sqlite3,sqlite:2846|sqlite:2989,sqlite:2846,0.03848542785778428,"observed_coordinate_medoid; source reference, not survey truth",123495761796073
606,0,LTE,4011,4148,radio-aa1623ed2d2d4f53,32.45140045088663,14.56400045429181,1,False,False,False,False,0,Libyana,1,1782518400000,1782518400000,Libyan_cells_dataset/cells.sqlite3,sqlite:454,sqlite:454,0.0,"observed_coordinate_medoid; source reference, not survey truth",258341372843658
606,0,LTE,2150,2006,radio-aa216ec5ee2c27c0,32.763651792432434,12.56226927135135,1,False,False,False,False,0,Libyana,5,1782086400000,1784772731000,Libyan_cells_dataset/cells.sqlite3|data/new_data/libya_collected_antennas/cellmapper/cellmapper_libya_antennas.csv,collected:358|collected:359|collected:360|collected:361|sqlite:864,collected:358,6.145838146456518,"observed_coordinate_medoid; source reference, not survey truth",139250586243510
606,0,UMTS,2040,3206,radio-aa23dda392b86441,30.17050060864405,10.447000551988992,1,False,False,False,False,0,Libyana,1,1783555200000,1783555200000,Libyan_cells_dataset/cells.sqlite3,sqlite:2352,sqlite:2352,0.0,"observed_coordinate_medoid; source reference, not survey truth",8799321505755
606,1,UMTS,5011,2092,radio-aa4a3bac4bac0180,32.76810084252901,12.722100599821948,1,False,False,False,False,0,Al-Madar,3,1777334400000,1777334400000,Libyan_cells_dataset/cells.sqlite3,sqlite:1585|sqlite:1621|sqlite:1705,sqlite:1705,0.07037597917382658,"observed_coordinate_medoid; source reference, not survey truth",166301314653146
606,1,GSM,1122,1514,radio-aa6a16479925d07e,32.63830029792578,20.941600202365603,1,False,False,False,False,0,Al-Madar,1,1785456000000,1788307200000,Libyan_cells_dataset/cells.sqlite3,sqlite:4191,sqlite:4191,0.0,"observed_coordinate_medoid; source reference, not survey truth",220764784759893
606,0,LTE,2120,6270,radio-aa6fb915f590dfab,32.88540036241908,13.35340093275117,1,False,False,False,False,0,Libyana,1,1761264000000,1783728000000,Libyan_cells_dataset/cells.sqlite3,sqlite:999,sqlite:999,0.0,"observed_coordinate_medoid; source reference, not survey truth",70412340478031
606,0,LTE,2120,1942,radio-aa9f8dc92988a796,32.80880062238903,13.303800248138955,1,False,False,False,False,0,Libyana,1,1758499200000,1787875200000,Libyan_cells_dataset/cells.sqlite3,sqlite:786,sqlite:786,0.0,"observed_coordinate_medoid; source reference, not survey truth",230652278997965
606,0,LTE,2110,1750,radio-aacdad782cf8851d,32.80050021068584,13.571000405431871,1,False,False,False,False,0,Libyana,1,1771200000000,1786924800000,Libyan_cells_dataset/cells.sqlite3,sqlite:979,sqlite:979,0.0,"observed_coordinate_medoid; source reference, not survey truth",194095607407979
606,1,UMTS,1020,3011,radio-aadc123e7668c5cc,32.0950326,20.1264261,1,False,True,True,False,0,Al-Madar,4,1556920925000,1789112544000,data/new_data/libya_collected_antennas/cellmapper/cellmapper_libya_antennas.csv,collected:884|collected:885|collected:886|collected:887,collected:884,0.0,"observed_coordinate_medoid; source reference, not survey truth",22785132020873
606,0,LTE,1510,6237,radio-aaf9f18a3c30993a,32.8403009585404,13.043400342223004,1,False,False,False,False,0,Libyana,1,1764460800000,1787529600000,Libyan_cells_dataset/cells.sqlite3,sqlite:770,sqlite:770,0.0,"observed_coordinate_medoid; source reference, not survey truth",103525975969167
606,1,LTE,1,269,radio-ab0741028e3b5851,32.867300180895406,13.179700264238418,1,False,False,False,True,1,Al-Madar,1,1781913600000,1782086400000,Libyan_cells_dataset/cells.sqlite3,sqlite:87,sqlite:87,0.0,"observed_coordinate_medoid; source reference, not survey truth",168916761683367
606,0,LTE,4,2034,radio-ab0aa27b30cda62e,32.75950038168805,12.604600505021136,1,False,False,False,False,0,Libyana,1,1787184000000,1787184000000,Libyan_cells_dataset/cells.sqlite3,sqlite:274,sqlite:274,0.0,"observed_coordinate_medoid; source reference, not survey truth",149832409746235
606,0,LTE,4081,4657,radio-ab0c51e045f2b290,32.822500444068446,13.318600144124368,1,False,False,False,False,0,Libyana,1,1783987200000,1783987200000,Libyan_cells_dataset/cells.sqlite3,sqlite:21,sqlite:21,0.0,"observed_coordinate_medoid; source reference, not survey truth",274762845095424
606,0,LTE,6350,4024,radio-ab326ab9073a53e5,30.72950093410292,20.201600791081077,1,False,False,False,False,0,Libyana,1,1782086400000,1782777600000,Libyan_cells_dataset/cells.sqlite3,sqlite:1221,sqlite:1221,0.0,"observed_coordinate_medoid; source reference, not survey truth",39554141232886
606,1,LTE,3,285,radio-ab410f4e495988dc,32.78950037808168,13.109500727435286,1,False,False,False,True,1,Al-Madar,1,1600214400000,1782086400000,Libyan_cells_dataset/cells.sqlite3,sqlite:167,sqlite:167,0.0,"observed_coordinate_medoid; source reference, not survey truth",139239390166610
606,0,LTE,2110,3956,radio-ab5904fe40c41318,32.786200483262334,13.582200588044273,1,False,False,False,False,0,Libyana,1,1755648000000,1786838400000,Libyan_cells_dataset/cells.sqlite3,sqlite:974,sqlite:974,0.0,"observed_coordinate_medoid; source reference, not survey truth",188267124198428
606,0,GSM,4310,1148,radio-ab6431081996eab3,32.1144805281128,20.06188591212452,1,False,False,False,False,0,Libyana,10,1686700800000,1686758906000,Libyan_cells_dataset/cells.sqlite3|data/new_data/libya_collected_antennas/cellmapper/cellmapper_libya_antennas.csv,collected:924|collected:925|collected:926|collected:927|collected:928|sqlite:2734|sqlite:2780|sqlite:2870|sqlite:2918|sqlite:3083,collected:924,2.626182800344243,"observed_coordinate_medoid; source reference, not survey truth",278707932632839
606,0,GSM,4360,4261,radio-ab6cce2ab58b8fbd,32.05860059865984,20.09840075039287,1,False,False,False,False,0,Libyana,5,1781308800000,1781395200000,Libyan_cells_dataset/cells.sqlite3,sqlite:2706|sqlite:2753|sqlite:2852|sqlite:2902|sqlite:3055,sqlite:2852,0.06742628735038352,"observed_coordinate_medoid; source reference, not survey truth",257795041603912
606,0,LTE,4001,4203,radio-ab75b2cb131526ce,32.64960012214949,14.257500364602997,1,False,False,False,False,0,Libyana,1,1777075200000,1786233600000,Libyan_cells_dataset/cells.sqlite3,sqlite:423,sqlite:423,0.0,"observed_coordinate_medoid; source reference, not survey truth",204413975873016
606,1,GSM,4,1641,radio-ab7d9af95ddc78e4,32.77540092002516,12.779200811067279,1,False,False,False,False,0,Al-Madar,1,1779321600000,1779321600000,Libyan_cells_dataset/cells.sqlite3,sqlite:4033,sqlite:4033,0.0,"observed_coordinate_medoid; source reference, not survey truth",155809561010150
606,0,LTE,2120,1745,radio-ab9bea5e6b8ad20d,32.77670073777679,13.334300183242231,1,False,False,False,False,0,Libyana,1,1777248000000,1777939200000,Libyan_cells_dataset/cells.sqlite3,sqlite:946,sqlite:946,0.0,"observed_coordinate_medoid; source reference, not survey truth",269355337483230
606,0,GSM,8215,4616,radio-abaa6022d0827c54,32.64030073547913,14.240700637487839,1,False,False,False,False,0,Libyana,3,1581897600000,1581897600000,Libyan_cells_dataset/cells.sqlite3,sqlite:3146|sqlite:3196|sqlite:3606,sqlite:3606,0.07178794905431529,"observed_coordinate_medoid; source reference, not survey truth",49810051319592
606,0,GSM,4400,1208,radio-abb3a9663a7ea231,32.16930097567236,20.12790095782644,1,False,False,False,False,0,Libyana,1,1772236800000,1786665600000,Libyan_cells_dataset/cells.sqlite3,sqlite:3016,sqlite:3016,0.0,"observed_coordinate_medoid; source reference, not survey truth",38604897946240
606,1,GSM,2000,1466,radio-abe2186476d8ae2f,32.50560064465736,13.923200745998301,1,False,False,False,False,0,Al-Madar,1,1781308800000,1782950400000,Libyan_cells_dataset/cells.sqlite3,sqlite:3862,sqlite:3862,0.0,"observed_coordinate_medoid; source reference, not survey truth",61401674474603
606,1,GSM,3,1031,radio-abe58d93d5bfe8d5,32.8004004161749,13.005600976237838,1,False,False,False,False,0,Al-Madar,1,1785715200000,1785715200000,Libyan_cells_dataset/cells.sqlite3,sqlite:3662,sqlite:3662,0.0,"observed_coordinate_medoid; source reference, not survey truth",161515613391614
606,0,LTE,2040,3717,radio-abfc42b12d3a06b0,32.004100166849284,12.23010018863458,1,False,False,False,False,0,Libyana,1,1783641600000,1783728000000,Libyan_cells_dataset/cells.sqlite3,sqlite:1303,sqlite:1303,0.0,"observed_coordinate_medoid; source reference, not survey truth",71146470871187
606,1,UMTS,2011,12,radio-ac00ac4180a91996,32.85420042741338,13.113600740062974,1,False,False,False,False,0,Al-Madar,4,1576713600000,1576800000000,Libyan_cells_dataset/cells.sqlite3,sqlite:1790|sqlite:1840|sqlite:2040|sqlite:2140,sqlite:2140,0.09876383750631737,"observed_coordinate_medoid; source reference, not survey truth",32112319817226
606,1,GSM,2,1757,radio-ac6eacf0dcf2c158,32.85410080774827,13.165900607454015,1,False,False,False,False,0,Al-Madar,1,1785715200000,1785715200000,Libyan_cells_dataset/cells.sqlite3,sqlite:4075,sqlite:4075,0.0,"observed_coordinate_medoid; source reference, not survey truth",149861604923971
606,0,GSM,4350,1145,radio-ac8e5a90ba462542,32.071500256050676,20.0814003838929,1,False,False,False,False,0,Libyana,5,1598918400000,1781395200000,Libyan_cells_dataset/cells.sqlite3,sqlite:2746|sqlite:2791|sqlite:2876|sqlite:2925|sqlite:3095,sqlite:3095,0.06824401377870458,"observed_coordinate_medoid; source reference, not survey truth",115092282136425
606,0,UMTS,5410,2059,radio-ac951d028931e6e8,32.84210066092976,21.888100166823193,1,False,False,False,False,0,Libyana,1,1782000000000,1782000000000,Libyan_cells_dataset/cells.sqlite3,sqlite:2585,sqlite:2585,0.0,"observed_coordinate_medoid; source reference, not survey truth",189969307772196
606,1,LTE,3,56,radio-acb94c7088ccb0b3,32.79370078593704,13.095600559549787,1,False,False,False,True,1,Al-Madar,1,1600214400000,1782086400000,Libyan_cells_dataset/cells.sqlite3,sqlite:509,sqlite:509,0.0,"observed_coordinate_medoid; source reference, not survey truth",41962443216189
606,0,GSM,8206,4144,radio-acbb5d52e41656f3,32.373100426469854,14.610300922288546,1,False,False,False,False,0,Libyana,3,1600819200000,1600905600000,Libyan_cells_dataset/cells.sqlite3,sqlite:3142|sqlite:3192|sqlite:3602,sqlite:3142,0.046448026136015313,"observed_coordinate_medoid; source reference, not survey truth",222629419622938
606,1,LTE,4131,4443,radio-ace9f6af22ca917c,29.020800567657155,21.49620085454441,1,False,False,False,True,1,Al-Madar,1,1783987200000,1783987200000,Libyan_cells_dataset/cells.sqlite3,sqlite:582,sqlite:582,0.0,"observed_coordinate_medoid; source reference, not survey truth",101952331065353
606,0,LTE,2140,1504,radio-acee60c78040d2bc,32.41450027525011,13.23810012617797,1,False,False,False,False,0,Libyana,1,1773878400000,1773878400000,Libyan_cells_dataset/cells.sqlite3,sqlite:1097,sqlite:1097,0.0,"observed_coordinate_medoid; source reference, not survey truth",3790510350429
606,0,UMTS,5310,1141,radio-ad08764438d98bf2,32.10550078032957,20.0891004722758,1,False,False,False,False,0,Libyana,4,1755388800000,1763510400000,Libyan_cells_dataset/cells.sqlite3,sqlite:2427|sqlite:2476|sqlite:2526|sqlite:2609,sqlite:2427,0.06383458457607606,"observed_coordinate_medoid; source reference, not survey truth",234813990356674
606,0,GSM,4360,1167,radio-ad1e8ea09422552a,32.063000590331505,20.091900826552475,1,False,False,False,False,0,Libyana,1,1549843200000,1782604800000,Libyan_cells_dataset/cells.sqlite3,sqlite:2945,sqlite:2945,0.0,"observed_coordinate_medoid; source reference, not survey truth",54509455756876
606,0,UMTS,5330,1089,radio-ad22c7edc61d3b4b,32.1511844,20.1132598,1,False,True,True,False,0,Libyana,8,1563840000000,1702221568000,Libyan_cells_dataset/cells.sqlite3|data/new_data/libya_collected_antennas/cellmapper/cellmapper_libya_antennas.csv,collected:1066|collected:1067|collected:1068|collected:1069|sqlite:2419|sqlite:2468|sqlite:2518|sqlite:2601,collected:1066,4.262488462962506,"observed_coordinate_medoid; source reference, not survey truth",207064729608297
606,1,LTE,4132,4695,radio-ad595a16808846ee,32.87940029180077,13.298300827439132,1,False,False,False,True,1,Al-Madar,1,1759795200000,1767225600000,Libyan_cells_dataset/cells.sqlite3,sqlite:78,sqlite:78,0.0,"observed_coordinate_medoid; source reference, not survey truth",265245036742851
606,1,LTE,4,2086,radio-ad5a9b951d0097e0,32.75690055134768,12.731000744028835,1,False,False,False,True,1,Al-Madar,1,1771632000000,1771632000000,Libyan_cells_dataset/cells.sqlite3,sqlite:247,sqlite:247,0.0,"observed_coordinate_medoid; source reference, not survey truth",200583299298654
606,1,LTE,3,300,radio-ad60a0bbb3e34dab,32.81470011093687,13.012800509873992,1,False,False,False,True,1,Al-Madar,1,1774137600000,1774137600000,Libyan_cells_dataset/cells.sqlite3,sqlite:209,sqlite:209,0.0,"observed_coordinate_medoid; source reference, not survey truth",216754046443084
606,1,LTE,8,374,radio-ad69f96f27efb022,32.82890058916037,13.247800935716294,1,False,False,False,True,1,Al-Madar,1,1762214400000,1762214400000,Libyan_cells_dataset/cells.sqlite3,sqlite:48,sqlite:48,0.0,"observed_coordinate_medoid; source reference, not survey truth",153479429018941
606,1,UMTS,1010,3157,radio-ad7543de3950f446,32.1224919,20.0972966,1,False,True,True,False,0,Al-Madar,5,1755623766000,1786968904000,data/new_data/libya_collected_antennas/cellmapper/cellmapper_libya_antennas.csv,collected:870|collected:871|collected:872|collected:873|collected:874,collected:870,0.0,"observed_coordinate_medoid; source reference, not survey truth",174318766410796
606,1,UMTS,304,4520,radio-ad8fa0c43c59e678,31.38180077115855,15.560100964357401,1,False,False,False,False,0,Al-Madar,2,1782864000000,1782864000000,Libyan_cells_dataset/cells.sqlite3,sqlite:1474|sqlite:1781,sqlite:1474,0.016201569324450504,"observed_coordinate_medoid; source reference, not survey truth",113778209441195
606,0,LTE,2120,1901,radio-ad93b568843d80b4,32.78760046002689,13.473300368652746,1,False,False,False,False,0,Libyana,1,1755648000000,1787184000000,Libyan_cells_dataset/cells.sqlite3,sqlite:944,sqlite:944,0.0,"observed_coordinate_medoid; source reference, not survey truth",207969133362711
606,1,UMTS,1030,3158,radio-adaa6bd0bf72cb5c,32.06489687699544,20.063089994283963,1,False,False,False,False,0,Al-Madar,6,1556686130000,1789634408000,data/new_data/libya_collected_antennas/cellmapper/cellmapper_libya_antennas.csv,collected:673|collected:674|collected:675|collected:676|collected:677|collected:678,collected:673,0.0,"observed_coordinate_medoid; source reference, not survey truth",274239775442270
606,1,GSM,2000,1462,radio-adbf5a71237270e6,32.599600435946144,14.005700429746026,1,False,False,False,False,0,Al-Madar,7,1778025600000,1789084800000,Libyan_cells_dataset/cells.sqlite3,sqlite:3687|sqlite:3736|sqlite:3787|sqlite:3827|sqlite:3874|sqlite:3944|sqlite:4103,sqlite:3944,0.07882677015075623,"observed_coordinate_medoid; source reference, not survey truth",148522891404653
606,0,UMTS,2040,3515,radio-adf61313cf18d8e9,31.78290053918636,11.031500901192013,1,False,False,False,False,0,Libyana,1,1783555200000,1783641600000,Libyan_cells_dataset/cells.sqlite3,sqlite:2355,sqlite:2355,0.0,"observed_coordinate_medoid; source reference, not survey truth",138626263027342
606,1,UMTS,301,4473,radio-adfeab37ab377c3c,32.42800070673676,14.558600276097543,1,False,False,False,False,0,Al-Madar,3,1782518400000,1782518400000,Libyan_cells_dataset/cells.sqlite3,sqlite:1515|sqlite:1749|sqlite:1918,sqlite:1749,0.020924354204604263,"observed_coordinate_medoid; source reference, not survey truth",55294300407902
606,0,UMTS,5310,1576,radio-ae18108000472190,32.10195596394857,20.102983976272505,1,False,False,False,False,0,Libyana,2,1786970480000,1788116176000,data/new_data/libya_collected_antennas/cellmapper/cellmapper_libya_antennas.csv,collected:1193|collected:1194,collected:1193,0.0,"observed_coordinate_medoid; source reference, not survey truth",177877995564675
606,1,UMTS,1030,3693,radio-ae2227e1dc531c3d,32.037900784497396,20.144800398707,1,False,False,False,False,0,Al-Madar,6,1770508800000,1773792000000,Libyan_cells_dataset/cells.sqlite3,sqlite:1358|sqlite:1408|sqlite:1890|sqlite:1940|sqlite:1990|sqlite:2090,sqlite:1358,0.0861646408634059,"observed_coordinate_medoid; source reference, not survey truth",123662729719193
606,0,GSM,4460,2075,radio-ae26c1b01e2f112d,32.79110064771484,21.866400848771054,1,False,False,False,False,0,Libyana,1,1772841600000,1773100800000,Libyan_cells_dataset/cells.sqlite3,sqlite:3037,sqlite:3037,0.0,"observed_coordinate_medoid; source reference, not survey truth",266544533184153
606,0,LTE,2140,2001,radio-ae3dd0997b33712f,32.785900770612216,12.795000660618996,1,False,False,False,False,0,Libyana,1,1575331200000,1782086400000,Libyan_cells_dataset/cells.sqlite3,sqlite:842,sqlite:842,0.0,"observed_coordinate_medoid; source reference, not survey truth",242854857480627
606,0,LTE,2150,2016,radio-ae55c3bb740bbf4b,32.79047393798828,12.686446189880373,1,False,False,False,False,0,Libyana,3,1777334400000,1777406264000,Libyan_cells_dataset/cells.sqlite3|data/new_data/libya_collected_antennas/cellmapper/cellmapper_libya_antennas.csv,collected:303|collected:304|sqlite:853,collected:303,5.184665555142496,"observed_coordinate_medoid; source reference, not survey truth",148483159968764
606,0,UMTS,5330,1206,radio-ae58a493149d349f,32.07470040159827,20.09740041408097,1,False,False,False,False,0,Libyana,3,1708992000000,1788048000000,Libyan_cells_dataset/cells.sqlite3,sqlite:2515|sqlite:2564|sqlite:2647,sqlite:2564,0.06082152443658144,"observed_coordinate_medoid; source reference, not survey truth",217343219843260
606,1,LTE,1230,101621,radio-ae7206078b9cd11c,32.09070044672139,20.056100874665,1,False,False,False,True,1,Al-Madar,1,1768262400000,1769212800000,Libyan_cells_dataset/cells.sqlite3,sqlite:697,sqlite:697,0.0,"observed_coordinate_medoid; source reference, not survey truth",231595079712115
606,0,UMTS,2130,2388,radio-ae77738a735e5e63,32.704900491787605,13.121600688810542,1,False,False,False,False,0,Libyana,4,1747267200000,1786233600000,Libyan_cells_dataset/cells.sqlite3,sqlite:2204|sqlite:2253|sqlite:2296|sqlite:2379,sqlite:2379,0.07581620064766192,"observed_coordinate_medoid; source reference, not survey truth",272298992088063
606,0,LTE,2110,3742,radio-ae7aa31c46fcf320,32.49650075795079,13.971700875493326,1,False,False,False,False,0,Libyana,1,1775692800000,1782950400000,Libyan_cells_dataset/cells.sqlite3,sqlite:1075,sqlite:1075,0.0,"observed_coordinate_medoid; source reference, not survey truth",94598490440267
606,0,GSM,8251,6343,radio-af1bc86427d09a7d,32.79290062698357,13.181600702231243,1,False,False,False,False,0,Libyana,9,1787702400000,1787702400000,Libyan_cells_dataset/cells.sqlite3,sqlite:3140|sqlite:3190|sqlite:3237|sqlite:3284|sqlite:3331|sqlite:3412|sqlite:3479|sqlite:3543|sqlite:3600,sqlite:3600,0.085718933821776,"observed_coordinate_medoid; source reference, not survey truth",219756955379057
606,1,GSM,1112,1088,radio-af1eea95b8aa277f,32.104266876869914,20.079361489478615,1,False,False,False,False,0,Al-Madar,3,1572394031000,1786731123000,data/new_data/libya_collected_antennas/cellmapper/cellmapper_libya_antennas.csv,collected:909|collected:910|collected:911,collected:909,0.0,"observed_coordinate_medoid; source reference, not survey truth",176564671510316
606,1,LTE,1230,102331,radio-af6172cd57e52ab6,32.047500775230894,20.059300498654807,1,False,False,False,True,1,Al-Madar,1,1769212800000,1785110400000,Libyan_cells_dataset/cells.sqlite3,sqlite:687,sqlite:687,0.0,"observed_coordinate_medoid; source reference, not survey truth",272273980830124
606,1,GSM,2034,6244,radio-af61b64e8d72c3d9,32.83980038044341,13.28480018434065,1,False,False,False,False,0,Al-Madar,6,1777161600000,1778457600000,Libyan_cells_dataset/cells.sqlite3,sqlite:3684|sqlite:3733|sqlite:3784|sqlite:3997|sqlite:4045|sqlite:4100,sqlite:3733,0.08136517263572762,"observed_coordinate_medoid; source reference, not survey truth",160097220090873
606,0,LTE,4001,4231,radio-af661d8f3d830fd7,32.57980035290652,14.334300525018218,1,False,False,False,False,0,Libyana,1,1582070400000,1787529600000,Libyan_cells_dataset/cells.sqlite3,sqlite:431,sqlite:431,0.0,"observed_coordinate_medoid; source reference, not survey truth",239413836529391
606,0,LTE,6310,1112,radio-af72ed39f5901301,32.1191963,20.1000378,1,False,True,True,False,0,Libyana,12,1755197032000,1789998222000,data/new_data/libya_collected_antennas/cellmapper/cellmapper_libya_antennas.csv,collected:2007|collected:2008|collected:2009|collected:2010|collected:2011|collected:2012|collected:2013|collected:2014|collected:2015|collected:2016|collected:2017|collected:2018,collected:2007,0.0,"observed_coordinate_medoid; source reference, not survey truth",203911451413532
606,1,LTE,4101,4862,radio-af993146f82822b2,32.55290075091062,13.183500484378241,1,False,False,False,True,1,Al-Madar,1,1772582400000,1772582400000,Libyan_cells_dataset/cells.sqlite3,sqlite:317,sqlite:317,0.0,"observed_coordinate_medoid; source reference, not survey truth",194264480992907
606,1,LTE,1,322,radio-af9bacb1d295ab24,32.89110079498827,13.174600351372838,1,False,False,False,True,1,Al-Madar,1,1768521600000,1768521600000,Libyan_cells_dataset/cells.sqlite3,sqlite:154,sqlite:154,0.0,"observed_coordinate_medoid; source reference, not survey truth",78812254431085
606,0,GSM,8258,1369,radio-afa4eef4b1826c00,32.760600698690226,13.560700342853298,1,False,False,False,False,0,Libyana,8,1475798400000,1475798400000,Libyan_cells_dataset/cells.sqlite3,sqlite:3117|sqlite:3167|sqlite:3217|sqlite:3267|sqlite:3316|sqlite:3356|sqlite:3527|sqlite:3577,sqlite:3167,0.07555028637527288,"observed_coordinate_medoid; source reference, not survey truth",244681769950271
606,1,LTE,2,845,radio-afc4372e0dd06702,32.87100060729752,13.140900137893363,1,False,False,False,True,1,Al-Madar,1,1763596800000,1779148800000,Libyan_cells_dataset/cells.sqlite3,sqlite:187,sqlite:187,0.0,"observed_coordinate_medoid; source reference, not survey truth",16118537732670
606,1,LTE,8,371,radio-afdd99091cd5ae76,32.84420051239267,13.243200892541715,1,False,False,False,True,1,Al-Madar,1,1762214400000,1762214400000,Libyan_cells_dataset/cells.sqlite3,sqlite:47,sqlite:47,0.0,"observed_coordinate_medoid; source reference, not survey truth",135516143336693
606,1,GSM,2001,1287,radio-affb2f48063bad33,32.629300153812856,14.184600160163214,1,False,False,False,False,0,Al-Madar,1,1576195200000,1788825600000,Libyan_cells_dataset/cells.sqlite3,sqlite:3910,sqlite:3910,0.0,"observed_coordinate_medoid; source reference, not survey truth",154554813045785
606,1,LTE,4011,5035,radio-b001455f6c60278c,32.486600505854966,14.547400838148487,1,False,False,False,True,1,Al-Madar,1,1773187200000,1778976000000,Libyan_cells_dataset/cells.sqlite3,sqlite:446,sqlite:446,0.0,"observed_coordinate_medoid; source reference, not survey truth",65595250682025
606,0,GSM,8251,1908,radio-b00441badc361754,32.77140086006301,13.251400788842592,1,False,False,False,False,0,Libyana,9,1782172800000,1783987200000,Libyan_cells_dataset/cells.sqlite3,sqlite:3100|sqlite:3150|sqlite:3200|sqlite:3250|sqlite:3300|sqlite:3400|sqlite:3460|sqlite:3510|sqlite:3560,sqlite:3200,0.09794308425275854,"observed_coordinate_medoid; source reference, not survey truth",271857305122810
606,1,GSM,8000,1759,radio-b069be4927afa4b2,32.707500962267964,13.938300366887086,1,False,False,False,False,0,Al-Madar,1,1777680000000,1785715200000,Libyan_cells_dataset/cells.sqlite3,sqlite:3858,sqlite:3858,0.0,"observed_coordinate_medoid; source reference, not survey truth",105146856984387
606,1,LTE,4001,4352,radio-b0a0d00036c9d4bb,32.63880069971175,14.27900019636856,1,False,False,False,True,1,Al-Madar,1,1785542400000,1786838400000,Libyan_cells_dataset/cells.sqlite3,sqlite:425,sqlite:425,0.0,"observed_coordinate_medoid; source reference, not survey truth",221798290434725
606,0,LTE,2140,6268,radio-b0eac067dd9f2cac,32.487500860698624,13.369100750602211,1,False,False,False,False,0,Libyana,1,1779408000000,1785024000000,Libyan_cells_dataset/cells.sqlite3,sqlite:932,sqlite:932,0.0,"observed_coordinate_medoid; source reference, not survey truth",116511904460294
606,0,UMTS,1810,1117,radio-b109f54d0ca4e3e3,32.87470082337271,13.201300718217883,1,False,False,False,False,0,Libyana,1,1782086400000,1782172800000,Libyan_cells_dataset/cells.sqlite3,sqlite:2333,sqlite:2333,0.0,"observed_coordinate_medoid; source reference, not survey truth",222899221857139
606,0,LTE,2120,6320,radio-b12cbbc161fbbf80,32.83650011522992,13.352300276532548,1,False,False,False,False,0,Libyana,1,1782086400000,1782086400000,Libyan_cells_dataset/cells.sqlite3,sqlite:1007,sqlite:1007,0.0,"observed_coordinate_medoid; source reference, not survey truth",134243091852411
606,0,LTE,6330,1035,radio-b13516cea8d3d9d8,32.10105895996094,20.151086807250977,1,False,False,False,False,0,Libyana,15,1565395200000,1789112544000,Libyan_cells_dataset/cells.sqlite3|data/new_data/libya_collected_antennas/cellmapper/cellmapper_libya_antennas.csv,collected:1552|collected:1553|collected:1554|collected:1555|collected:1556|collected:1557|collected:1558|collected:1559|collected:1560|collected:1561|collected:1562|collected:1563|collected:1564|collected:1565|sqlite:1157,collected:1552,849.8388625392969,"observed_coordinate_medoid; source reference, not survey truth",15600606148580
606,0,GSM,4430,6002,radio-b14bf9564eb23e2c,32.4865009389181,20.829300792311745,1,False,False,False,False,0,Libyana,1,1777420800000,1777420800000,Libyan_cells_dataset/cells.sqlite3,sqlite:3034,sqlite:3034,0.0,"observed_coordinate_medoid; source reference, not survey truth",111884304518311
606,1,UMTS,1010,3269,radio-b166593cedf8b74c,32.17509460449219,20.134258270263672,1,False,False,False,False,0,Al-Madar,1,1782126076000,1782126076000,data/new_data/libya_collected_antennas/cellmapper/cellmapper_libya_antennas.csv,collected:1092,collected:1092,0.0,"observed_coordinate_medoid; source reference, not survey truth",56987774912726
606,1,UMTS,1020,3224,radio-b170da028b6b8a08,32.101600484968365,20.144300328121762,1,False,False,False,False,0,Al-Madar,6,1785110400000,1788220800000,Libyan_cells_dataset/cells.sqlite3,sqlite:1365|sqlite:1416|sqlite:1906|sqlite:1948|sqlite:1997|sqlite:2098,sqlite:1416,0.06992331443569155,"observed_coordinate_medoid; source reference, not survey truth",275737892361353
606,0,LTE,1020,6476,radio-b180561639917af0,32.579000919948506,13.934400709681265,1,False,False,False,False,0,Libyana,1,1776470400000,1785456000000,Libyan_cells_dataset/cells.sqlite3,sqlite:1044,sqlite:1044,0.0,"observed_coordinate_medoid; source reference, not survey truth",72088879186901
606,0,UMTS,1050,4028,radio-b18c8308ef9a112a,32.28293100992826,15.1189825693766,1,False,False,False,False,0,Libyana,2,1575453013000,1575453024000,data/new_data/libya_collected_antennas/cellmapper/cellmapper_libya_antennas.csv,collected:1023|collected:1024,collected:1023,0.0,"observed_coordinate_medoid; source reference, not survey truth",253077870692776
606,1,UMTS,304,4394,radio-b197d9c390e60e0d,32.35500048283724,15.053400679574565,1,False,False,False,False,0,Al-Madar,4,1576022400000,1576022400000,Libyan_cells_dataset/cells.sqlite3,sqlite:1459|sqlite:1518|sqlite:1751|sqlite:1930,sqlite:1930,0.076443513561333,"observed_coordinate_medoid; source reference, not survey truth",10472530415450
606,1,UMTS,1011,1177,radio-b1d1ad6dc5e9923e,32.88910016556042,13.228100503200453,1,False,False,False,False,0,Al-Madar,3,1607040000000,1607040000000,Libyan_cells_dataset/cells.sqlite3,sqlite:1600|sqlite:1633|sqlite:1719,sqlite:1600,0.05399495044276423,"observed_coordinate_medoid; source reference, not survey truth",195719157205936
606,0,LTE,6330,1011,radio-b1db1a50c4bf77a6,32.12028884887695,20.10190963745117,1,False,False,False,False,0,Libyana,9,1565427393000,1789112544000,data/new_data/libya_collected_antennas/cellmapper/cellmapper_libya_antennas.csv,collected:473|collected:474|collected:475|collected:476|collected:477|collected:478|collected:479|collected:480|collected:481,collected:473,0.0,"observed_coordinate_medoid; source reference, not survey truth",217166002981791
606,1,LTE,8091,4637,radio-b22954b46b1017de,32.793100457897424,13.473900446285397,1,False,False,False,True,1,Al-Madar,1,1775606400000,1776902400000,Libyan_cells_dataset/cells.sqlite3,sqlite:83,sqlite:83,0.0,"observed_coordinate_medoid; source reference, not survey truth",20713599938269
606,1,GSM,1,1011,radio-b270a2a5596651be,32.867500232663666,13.182900640522588,1,False,False,False,False,0,Al-Madar,2,1785715200000,1785715200000,Libyan_cells_dataset/cells.sqlite3,sqlite:3632|sqlite:4087,sqlite:4087,0.0705423055074703,"observed_coordinate_medoid; source reference, not survey truth",277731143759689
606,0,LTE,2090,1371,radio-b29d2a0828ffae9c,32.71190080520569,13.938500631209802,1,False,False,False,False,0,Libyana,1,1783814400000,1786838400000,Libyan_cells_dataset/cells.sqlite3,sqlite:1049,sqlite:1049,0.0,"observed_coordinate_medoid; source reference, not survey truth",15947882865726
606,0,LTE,6330,4274,radio-b2cb07e4f354bab2,32.05193735448965,20.060629369770687,1,False,False,False,False,0,Libyana,6,1784036745000,1789634408000,data/new_data/libya_collected_antennas/cellmapper/cellmapper_libya_antennas.csv,collected:244|collected:245|collected:246|collected:247|collected:248|collected:249,collected:244,0.0,"observed_coordinate_medoid; source reference, not survey truth",85872055980278
606,1,LTE,1,26,radio-b2ccf30abfd1651c,32.88110013263745,13.164800146004566,1,False,False,False,True,1,Al-Madar,1,1768521600000,1779667200000,Libyan_cells_dataset/cells.sqlite3,sqlite:504,sqlite:504,0.0,"observed_coordinate_medoid; source reference, not survey truth",126133259976462
606,0,LTE,2140,2266,radio-b331740abf8a592f,32.792300434059015,12.914000755480208,1,False,False,False,False,0,Libyana,1,1787443200000,1787529600000,Libyan_cells_dataset/cells.sqlite3,sqlite:811,sqlite:811,0.0,"observed_coordinate_medoid; source reference, not survey truth",165374517500042
606,1,LTE,3,784,radio-b35844bab208d2fb,32.83290017425902,13.040800646856837,1,False,False,False,True,1,Al-Madar,1,1762992000000,1781827200000,Libyan_cells_dataset/cells.sqlite3,sqlite:220,sqlite:220,0.0,"observed_coordinate_medoid; source reference, not survey truth",240550563198076
606,0,LTE,6330,1057,radio-b37765985adb92be,32.05501174926758,20.034469604492188,1,False,False,False,False,0,Libyana,7,1700480576000,1788116161000,data/new_data/libya_collected_antennas/cellmapper/cellmapper_libya_antennas.csv,collected:1726|collected:1727|collected:1728|collected:1729|collected:1730|collected:1731|collected:1732,collected:1726,0.0,"observed_coordinate_medoid; source reference, not survey truth",4661692842233
606,1,GSM,1114,1025,radio-b37adff62463ba07,31.966700973839885,20.085700563918063,1,False,False,False,False,0,Al-Madar,3,1578182400000,1626393600000,Libyan_cells_dataset/cells.sqlite3,sqlite:3659|sqlite:4180|sqlite:4231,sqlite:4180,0.056200620524690686,"observed_coordinate_medoid; source reference, not survey truth",68252581040995
606,0,GSM,4320,1059,radio-b39c8effba4c58d4,32.162600153641144,20.117100181003302,1,False,False,False,False,0,Libyana,2,1772496000000,1786665600000,Libyan_cells_dataset/cells.sqlite3,sqlite:2992|sqlite:3007,sqlite:3007,0.0858165153085523,"observed_coordinate_medoid; source reference, not survey truth",151870325039185
606,0,GSM,8265,6327,radio-b3b4f9cc53dccab1,32.871900295173,13.157900482690287,1,False,False,False,False,0,Libyana,2,1786492800000,1786492800000,Libyan_cells_dataset/cells.sqlite3,sqlite:3427|sqlite:3496,sqlite:3427,0.04720717552551308,"observed_coordinate_medoid; source reference, not survey truth",152630494860790
606,0,UMTS,5330,1087,radio-b3d03eb45abe279e,32.13790740966797,20.12495475769043,1,False,False,False,False,0,Libyana,2,1788116176000,1788116177000,data/new_data/libya_collected_antennas/cellmapper/cellmapper_libya_antennas.csv,collected:1337|collected:1338,collected:1337,0.0,"observed_coordinate_medoid; source reference, not survey truth",204881737599253
606,1,LTE,1230,101151,radio-b454ddd74d075269,32.05150061896837,20.14060015239816,1,False,False,False,True,1,Al-Madar,1,1770595200000,1773964800000,Libyan_cells_dataset/cells.sqlite3,sqlite:685,sqlite:685,0.0,"observed_coordinate_medoid; source reference, not survey truth",141302117849901
606,0,LTE,1510,1635,radio-b464792799e689c2,32.812700617098756,13.015400509192519,1,False,False,False,False,0,Libyana,1,1787443200000,1787529600000,Libyan_cells_dataset/cells.sqlite3,sqlite:810,sqlite:810,0.0,"observed_coordinate_medoid; source reference, not survey truth",30326307681087
606,0,LTE,2140,2365,radio-b4760e8d67068c18,32.747600416631016,12.75960086190715,1,False,False,False,False,0,Libyana,1,1763769600000,1779321600000,Libyan_cells_dataset/cells.sqlite3,sqlite:862,sqlite:862,0.0,"observed_coordinate_medoid; source reference, not survey truth",5849954342958
606,0,GSM,4320,1088,radio-b47ea54f27e45efb,32.13700052664654,20.12020037707126,1,False,False,False,False,0,Libyana,6,1581206400000,1581206400000,Libyan_cells_dataset/cells.sqlite3,sqlite:2725|sqlite:2771|sqlite:2809|sqlite:2865|sqlite:2955|sqlite:3074,sqlite:2725,0.08291957982541724,"observed_coordinate_medoid; source reference, not survey truth",63225550129370
606,1,UMTS,1030,3263,radio-b4867db6392a7324,32.06940074893455,20.10530023196378,1,False,False,False,False,0,Al-Madar,6,1770336000000,1789084800000,Libyan_cells_dataset/cells.sqlite3,sqlite:1383|sqlite:1434|sqlite:1927|sqlite:1967|sqlite:2015|sqlite:2116,sqlite:1927,0.08811209689905075,"observed_coordinate_medoid; source reference, not survey truth",242994226931177
606,1,LTE,4121,4463,radio-b48ab1b1bd68d7e4,24.197800900901036,23.28640021971881,1,False,False,False,True,1,Al-Madar,1,1785196800000,1785196800000,Libyan_cells_dataset/cells.sqlite3,sqlite:586,sqlite:586,0.0,"observed_coordinate_medoid; source reference, not survey truth",184533091069353
606,1,LTE,1230,101181,radio-b4b52442d77f8bd7,32.05330014667908,20.076900253744704,1,False,False,False,True,1,Al-Madar,1,1703462400000,1755907200000,Libyan_cells_dataset/cells.sqlite3,sqlite:625,sqlite:625,0.0,"observed_coordinate_medoid; source reference, not survey truth",154586827122285
606,0,LTE,6340,4240,radio-b4b71eec04486dc2,32.02222442626953,20.0517692565918,1,False,False,False,False,0,Libyana,4,1784000966000,1790108352000,data/new_data/libya_collected_antennas/cellmapper/cellmapper_libya_antennas.csv,collected:229|collected:230|collected:231|collected:232,collected:229,0.0,"observed_coordinate_medoid; source reference, not survey truth",165371727560228
606,1,LTE,4122,4942,radio-b4cb8ab0ce478d89,32.777500442442914,13.302900844247178,1,False,False,False,True,1,Al-Madar,1,1771632000000,1777248000000,Libyan_cells_dataset/cells.sqlite3,sqlite:361,sqlite:361,0.0,"observed_coordinate_medoid; source reference, not survey truth",108172597429981
606,0,UMTS,8231,1038,radio-b4e2b21f1ba08d45,32.77720040240904,13.024600569500521,1,False,False,False,False,0,Libyana,4,1575244800000,1575331200000,Libyan_cells_dataset/cells.sqlite3,sqlite:2201|sqlite:2250|sqlite:2295|sqlite:2376,sqlite:2201,0.05966618181443983,"observed_coordinate_medoid; source reference, not survey truth",113806211515669
606,1,GSM,1115,1137,radio-b4f29d1416e1e0e7,31.95270070017552,20.080400410817326,1,False,False,False,False,0,Al-Madar,3,1578009600000,1612420183000,Libyan_cells_dataset/cells.sqlite3|data/new_data/libya_collected_antennas/cellmapper/cellmapper_libya_antennas.csv,collected:1227|sqlite:4155|sqlite:4208,sqlite:4155,4.637696740572477,"observed_coordinate_medoid; source reference, not survey truth",154751950225134
606,0,LTE,2130,1253,radio-b523facccd3c963a,32.677730560302734,13.05130386352539,1,False,False,False,False,0,Libyana,5,1777334400000,1783764788000,Libyan_cells_dataset/cells.sqlite3|data/new_data/libya_collected_antennas/cellmapper/cellmapper_libya_antennas.csv,collected:269|collected:270|collected:271|collected:272|sqlite:881,collected:269,3.38551731804333,"observed_coordinate_medoid; source reference, not survey truth",234847590263723
606,0,LTE,2120,1297,radio-b5c1bd32eeefbb85,32.78830062755868,13.224400177489231,1,False,False,False,False,0,Libyana,1,1757376000000,1787702400000,Libyan_cells_dataset/cells.sqlite3,sqlite:769,sqlite:769,0.0,"observed_coordinate_medoid; source reference, not survey truth",48824926698267
606,1,GSM,3,6106,radio-b5c2d73252f58c02,32.85980046188851,13.08650078161538,1,False,False,False,False,0,Al-Madar,6,1333411200000,1333411200000,Libyan_cells_dataset/cells.sqlite3,sqlite:3678|sqlite:3728|sqlite:3779|sqlite:3993|sqlite:4041|sqlite:4095,sqlite:4041,0.07644198733711394,"observed_coordinate_medoid; source reference, not survey truth",211158650059247
606,1,LTE,8091,4867,radio-b5c927d01087ac94,32.79380062344789,13.581700481926829,1,False,False,False,True,1,Al-Madar,1,1759363200000,1786147200000,Libyan_cells_dataset/cells.sqlite3,sqlite:150,sqlite:150,0.0,"observed_coordinate_medoid; source reference, not survey truth",138789173672028
606,1,LTE,1240,101811,radio-b5cf89a96e3044bc,32.225300358074506,20.17910051559759,1,False,False,False,True,1,Al-Madar,1,1767916800000,1786665600000,Libyan_cells_dataset/cells.sqlite3,sqlite:632,sqlite:632,0.0,"observed_coordinate_medoid; source reference, not survey truth",252619623037216
606,0,LTE,2120,6278,radio-b5eaed91d0b0b61e,32.84950054040468,13.392300960638408,1,False,False,False,False,0,Libyana,1,1782086400000,1783209600000,Libyan_cells_dataset/cells.sqlite3,sqlite:995,sqlite:995,0.0,"observed_coordinate_medoid; source reference, not survey truth",185968103389866
606,1,LTE,4101,4689,radio-b5f9e35c44e6acb7,32.51480087778698,13.4183006436214,1,False,False,False,True,1,Al-Madar,1,1775347200000,1775952000000,Libyan_cells_dataset/cells.sqlite3,sqlite:37,sqlite:37,0.0,"observed_coordinate_medoid; source reference, not survey truth",126444468639247
606,1,UMTS,300,4174,radio-b6058b64cd0448a5,32.64880082119284,14.256500610959657,1,False,False,False,False,0,Al-Madar,1,1581984000000,1777420800000,Libyan_cells_dataset/cells.sqlite3,sqlite:1324,sqlite:1324,0.0,"observed_coordinate_medoid; source reference, not survey truth",217924135900690
606,1,LTE,1240,101981,radio-b6498aebd6862505,31.655000176222114,20.016000909136885,1,False,False,False,True,1,Al-Madar,1,1777161600000,1785974400000,Libyan_cells_dataset/cells.sqlite3,sqlite:566,sqlite:566,0.0,"observed_coordinate_medoid; source reference, not survey truth",48684249842083
606,1,LTE,1,138,radio-b671fc3358c7e39d,32.893600440920814,13.217200133003885,1,False,False,False,True,1,Al-Madar,1,1771113600000,1771113600000,Libyan_cells_dataset/cells.sqlite3,sqlite:4,sqlite:4,0.0,"observed_coordinate_medoid; source reference, not survey truth",168113651478266
606,1,LTE,1,587,radio-b67218d7fcaf4f63,32.873800548862484,13.192800417118411,1,False,False,False,True,1,Al-Madar,1,1772841600000,1778716800000,Libyan_cells_dataset/cells.sqlite3,sqlite:45,sqlite:45,0.0,"observed_coordinate_medoid; source reference, not survey truth",268736789523921
606,0,GSM,4350,1154,radio-b6d821659326f8be,32.08970045402035,20.087500578182098,1,False,False,False,False,0,Libyana,6,1557187200000,1708992000000,Libyan_cells_dataset/cells.sqlite3,sqlite:2738|sqlite:2784|sqlite:2813|sqlite:2871|sqlite:2920|sqlite:3087,sqlite:2738,0.08072292792608916,"observed_coordinate_medoid; source reference, not survey truth",35982333996115
606,0,UMTS,2040,3505,radio-b6e65a7a4db2c59b,31.962900621290828,12.100300150450314,1,False,False,False,False,0,Libyana,1,1761091200000,1761091200000,Libyan_cells_dataset/cells.sqlite3,sqlite:2341,sqlite:2341,0.0,"observed_coordinate_medoid; source reference, not survey truth",27095408216820
606,0,LTE,2150,2413,radio-b6f1dd80bf4cb562,32.78460061602955,12.76670014551148,1,False,False,False,False,0,Libyana,1,1763769600000,1782777600000,Libyan_cells_dataset/cells.sqlite3,sqlite:831,sqlite:831,0.0,"observed_coordinate_medoid; source reference, not survey truth",53874515819004
606,0,LTE,2110,3621,radio-b6fcd500ebc53c10,32.44500091408681,13.768500326364222,1,False,False,False,False,0,Libyana,1,1771718400000,1781308800000,Libyan_cells_dataset/cells.sqlite3,sqlite:1080,sqlite:1080,0.0,"observed_coordinate_medoid; source reference, not survey truth",206601011234325
606,0,UMTS,2040,3546,radio-b70799c06c8c6368,32.00390049443049,12.215900364903,1,False,False,False,False,0,Libyana,1,1783728000000,1783728000000,Libyan_cells_dataset/cells.sqlite3,sqlite:2356,sqlite:2356,0.0,"observed_coordinate_medoid; source reference, not survey truth",148525857160277
606,0,LTE,1030,4121,radio-b71a013facab1d76,32.49170074782345,14.566600628078959,1,False,False,False,False,0,Libyana,1,1773187200000,1773273600000,Libyan_cells_dataset/cells.sqlite3,sqlite:1121,sqlite:1121,0.0,"observed_coordinate_medoid; source reference, not survey truth",174306604794416
606,0,LTE,1810,1950,radio-b71df1c8715722fe,32.89363654884132,13.1876332308795,1,False,False,False,False,0,Libyana,7,1757855100000,1786862431000,data/new_data/libya_collected_antennas/cellmapper/cellmapper_libya_antennas.csv,collected:562|collected:563|collected:564|collected:565|collected:566|collected:567|collected:568,collected:562,0.0,"observed_coordinate_medoid; source reference, not survey truth",213672153593447
606,0,UMTS,5340,1269,radio-b74a102a9924b581,31.91811752319336,20.175498962402344,1,False,False,False,False,0,Libyana,2,1769076416000,1785948580000,data/new_data/libya_collected_antennas/cellmapper/cellmapper_libya_antennas.csv,collected:1245|collected:1246,collected:1245,0.0,"observed_coordinate_medoid; source reference, not survey truth",58416121848885
606,1,LTE,1250,107671,radio-b74c2b0ded8414a5,32.73340046720415,21.77380077949544,1,False,False,False,True,1,Al-Madar,1,1780704000000,1780704000000,Libyan_cells_dataset/cells.sqlite3,sqlite:665,sqlite:665,0.0,"observed_coordinate_medoid; source reference, not survey truth",86515491911626
606,0,UMTS,5330,1088,radio-b75462c3e17d9f3e,32.14316940307617,20.12248039245605,1,False,False,False,False,0,Libyana,1,1788116177000,1788116177000,data/new_data/libya_collected_antennas/cellmapper/cellmapper_libya_antennas.csv,collected:1119,collected:1119,0.0,"observed_coordinate_medoid; source reference, not survey truth",197266508084196
606,0,LTE,1510,1651,radio-b76ac10f5e843ae4,32.81700031531733,12.980400601807688,1,False,False,False,False,0,Libyana,1,1787443200000,1787529600000,Libyan_cells_dataset/cells.sqlite3,sqlite:803,sqlite:803,0.0,"observed_coordinate_medoid; source reference, not survey truth",6304185191709
606,0,GSM,8251,6348,radio-b78f921d004c41df,32.77120015743951,13.14630058284125,1,False,False,False,False,0,Libyana,2,1786492800000,1786492800000,Libyan_cells_dataset/cells.sqlite3,sqlite:3433|sqlite:3506,sqlite:3506,0.06806938476291935,"observed_coordinate_medoid; source reference, not survey truth",141557861049265
606,1,UMTS,2003,4116,radio-b7a2e10519b87153,32.37430055178183,15.090800557507931,1,False,False,False,False,0,Al-Madar,4,1576022400000,1576022400000,Libyan_cells_dataset/cells.sqlite3,sqlite:1460|sqlite:1519|sqlite:1752|sqlite:1931,sqlite:1752,0.056935429221088976,"observed_coordinate_medoid; source reference, not survey truth",76279878449333
606,0,GSM,8258,1688,radio-b7aa783f0f578af5,32.68920052531746,14.0041005465963,1,False,False,False,False,0,Libyana,4,1522540800000,1522540800000,Libyan_cells_dataset/cells.sqlite3,sqlite:3118|sqlite:3168|sqlite:3218|sqlite:3578,sqlite:3168,0.07091750831270226,"observed_coordinate_medoid; source reference, not survey truth",114649568247643
606,1,LTE,10,354,radio-b7af10ec23f73915,32.7499007412669,13.144400789074403,1,False,False,False,True,1,Al-Madar,1,1755734400000,1782864000000,Libyan_cells_dataset/cells.sqlite3,sqlite:199,sqlite:199,0.0,"observed_coordinate_medoid; source reference, not survey truth",226719303836800
606,1,UMTS,1021,1300,radio-b7ddad590e973fe5,32.86170041582036,13.266800255891928,1,False,False,False,False,0,Al-Madar,2,1597795200000,1597795200000,Libyan_cells_dataset/cells.sqlite3,sqlite:1604|sqlite:1723,sqlite:1604,0.018146789801546062,"observed_coordinate_medoid; source reference, not survey truth",167739023602258
606,0,UMTS,2130,1700,radio-b7ddc3fa05d974ee,32.55540060372623,13.178000933667658,1,False,False,False,False,0,Libyana,4,1752364800000,1752364800000,Libyan_cells_dataset/cells.sqlite3,sqlite:2194|sqlite:2244|sqlite:2293|sqlite:2372,sqlite:2293,0.07430646925784687,"observed_coordinate_medoid; source reference, not survey truth",256249201021801
606,0,LTE,2110,3612,radio-b7edfce0ad2a7753,32.43340093565044,13.629400936203147,1,False,False,False,False,0,Libyana,1,1771718400000,1778889600000,Libyan_cells_dataset/cells.sqlite3,sqlite:800,sqlite:800,0.0,"observed_coordinate_medoid; source reference, not survey truth",30454631386247
606,0,LTE,2120,1826,radio-b7f0d96b20aacfd6,32.71620023099369,13.337800310296219,1,False,False,False,False,0,Libyana,1,1774828800000,1774828800000,Libyan_cells_dataset/cells.sqlite3,sqlite:954,sqlite:954,0.0,"observed_coordinate_medoid; source reference, not survey truth",131996294927774
606,0,LTE,6330,1167,radio-b82571b7b708c698,32.067138671875,20.090633392333984,1,False,False,False,False,0,Libyana,25,1565617955000,1790102358000,data/new_data/libya_collected_antennas/cellmapper/cellmapper_libya_antennas.csv,collected:2244|collected:2245|collected:2246|collected:2247|collected:2248|collected:2249|collected:2250|collected:2251|collected:2252|collected:2253|collected:2254|collected:2255|collected:2256|collected:2257|collected:2258|collected:2259|collected:2260|collected:2261|collected:2262|collected:2263|collected:2264|collected:2265|collected:2266|collected:2267|collected:2268,collected:2244,0.0,"observed_coordinate_medoid; source reference, not survey truth",20168304500689
606,0,UMTS,5330,1046,radio-b83aca1faac64601,32.100636,20.106897,1,False,True,True,False,0,Libyana,1,1786970820000,1786972251000,data/new_data/libya_collected_antennas/cellmapper/cellmapper_libya_antennas.csv,collected:1195,collected:1195,0.0,"observed_coordinate_medoid; source reference, not survey truth",135400222987264
606,0,LTE,2120,6367,radio-b8c630ed2cfabecf,32.700400350501724,13.268900936697689,1,False,False,False,False,0,Libyana,1,1755388800000,1787184000000,Libyan_cells_dataset/cells.sqlite3,sqlite:1100,sqlite:1100,0.0,"observed_coordinate_medoid; source reference, not survey truth",147522104794733
606,1,UMTS,2011,69,radio-b8e2020b1c1b39e5,32.781100653734875,12.943100735996758,1,False,False,False,False,0,Al-Madar,7,1576713600000,1576713600000,Libyan_cells_dataset/cells.sqlite3,sqlite:1575|sqlite:1614|sqlite:1697|sqlite:1805|sqlite:1855|sqlite:2055|sqlite:2155,sqlite:1855,0.08151911556345244,"observed_coordinate_medoid; source reference, not survey truth",188196500339522
606,0,UMTS,5310,1476,radio-b8e96631419d927a,32.10651510631342,20.101193510672037,1,False,False,False,False,0,Libyana,5,1763561747000,1788116167000,data/new_data/libya_collected_antennas/cellmapper/cellmapper_libya_antennas.csv,collected:851|collected:852|collected:853|collected:854|collected:855,collected:851,0.0,"observed_coordinate_medoid; source reference, not survey truth",28062134265691
606,0,LTE,1710,1162,radio-b904a9426de71381,32.85489131278449,13.193798012107566,1,False,False,False,False,0,Libyana,5,1578196769000,1787558457000,data/new_data/libya_collected_antennas/cellmapper/cellmapper_libya_antennas.csv,collected:2212|collected:2213|collected:2214|collected:2215|collected:2216,collected:2212,0.0,"observed_coordinate_medoid; source reference, not survey truth",127494130802014
606,1,UMTS,301,4493,radio-b91a918a305b1127,32.491100306993424,14.561800574786721,1,False,False,False,False,0,Al-Madar,2,1773273600000,1773360000000,Libyan_cells_dataset/cells.sqlite3,sqlite:1530|sqlite:1768,sqlite:1768,0.06524068165671504,"observed_coordinate_medoid; source reference, not survey truth",22763142959793
606,0,LTE,2120,6250,radio-b92450955fdc8eca,32.87780080794779,13.372100495248306,1,False,False,False,False,0,Libyana,1,1758153600000,1786924800000,Libyan_cells_dataset/cells.sqlite3,sqlite:1005,sqlite:1005,0.0,"observed_coordinate_medoid; source reference, not survey truth",144975067221987
606,1,UMTS,5011,2042,radio-b970b241fc3bf72d,32.93170035216546,12.083700413780683,1,False,False,False,False,0,Al-Madar,1,1779753600000,1782172800000,Libyan_cells_dataset/cells.sqlite3,sqlite:1607,sqlite:1607,0.0,"observed_coordinate_medoid; source reference, not survey truth",168956749000054
606,0,LTE,2110,1352,radio-b98e034846d5781d,32.8069007857283,13.558100898803046,1,False,False,False,False,0,Libyana,1,1755475200000,1787184000000,Libyan_cells_dataset/cells.sqlite3,sqlite:985,sqlite:985,0.0,"observed_coordinate_medoid; source reference, not survey truth",244437433045566
606,1,GSM,3,6092,radio-b9b6c725b30e48fd,32.8612005276236,13.08910051896078,1,False,False,False,False,0,Al-Madar,6,1333411200000,1333411200000,Libyan_cells_dataset/cells.sqlite3,sqlite:3700|sqlite:3747|sqlite:3798|sqlite:4003|sqlite:4048|sqlite:4114,sqlite:4048,0.0925909800431593,"observed_coordinate_medoid; source reference, not survey truth",16640609454576
606,0,GSM,8280,1399,radio-b9c0eb1363450a34,32.73070093984394,13.61240013929017,1,False,False,False,False,0,Libyana,1,1784764800000,1786492800000,Libyan_cells_dataset/cells.sqlite3,sqlite:3392,sqlite:3392,0.0,"observed_coordinate_medoid; source reference, not survey truth",163834694128793
606,1,LTE,3,282,radio-b9f9e25b897e18ff,32.83860046330218,13.041400972947194,1,False,False,False,True,1,Al-Madar,1,1602460800000,1787529600000,Libyan_cells_dataset/cells.sqlite3,sqlite:221,sqlite:221,0.0,"observed_coordinate_medoid; source reference, not survey truth",109580901135921
606,1,LTE,3,121,radio-b9fffe115a1a8865,32.803300189205025,13.010500855316526,1,False,False,False,True,1,Al-Madar,1,1773532800000,1781827200000,Libyan_cells_dataset/cells.sqlite3,sqlite:205,sqlite:205,0.0,"observed_coordinate_medoid; source reference, not survey truth",255919009606997
606,0,GSM,4400,1134,radio-ba0cb880d7a2fbb6,32.21150026310883,20.163300215667388,1,False,False,False,False,0,Libyana,1,1786665600000,1786665600000,Libyan_cells_dataset/cells.sqlite3,sqlite:3013,sqlite:3013,0.0,"observed_coordinate_medoid; source reference, not survey truth",244524733441875
606,0,UMTS,5330,1120,radio-ba2184ed795ff158,32.054700593961776,20.109700570638893,1,False,False,False,False,0,Libyana,4,1763596800000,1781308800000,Libyan_cells_dataset/cells.sqlite3,sqlite:2447|sqlite:2496|sqlite:2545|sqlite:2628,sqlite:2496,0.05784840971148203,"observed_coordinate_medoid; source reference, not survey truth",280656782578836
606,1,UMTS,301,4466,radio-ba29a5f641fc1576,32.43070072649451,14.646000488868896,1,False,False,False,False,0,Al-Madar,1,1576195200000,1576195200000,Libyan_cells_dataset/cells.sqlite3,sqlite:1501,sqlite:1501,0.0,"observed_coordinate_medoid; source reference, not survey truth",187646831292325
606,0,UMTS,5310,1032,radio-ba30b2583fa174c2,32.1080044,20.0993783,1,False,True,True,False,0,Libyana,4,1557976576000,1789146376000,data/new_data/libya_collected_antennas/cellmapper/cellmapper_libya_antennas.csv,collected:1204|collected:1205|collected:1206|collected:1207,collected:1204,0.0,"observed_coordinate_medoid; source reference, not survey truth",222886158436662
606,0,LTE,2090,1983,radio-ba62e8ece50ba41e,32.690800312733074,14.083100214042856,1,False,False,False,False,0,Libyana,1,1779408000000,1779494400000,Libyan_cells_dataset/cells.sqlite3,sqlite:1065,sqlite:1065,0.0,"observed_coordinate_medoid; source reference, not survey truth",3361195176071
606,1,LTE,4021,4161,radio-ba758abaaf02b110,32.38070046098331,15.044100281915474,1,False,False,False,True,1,Al-Madar,1,1747440000000,1747440000000,Libyan_cells_dataset/cells.sqlite3,sqlite:477,sqlite:477,0.0,"observed_coordinate_medoid; source reference, not survey truth",117595712162283
606,0,LTE,6340,1268,radio-ba8e818452c4579f,31.792000184483875,20.205300943296116,1,False,False,False,False,0,Libyana,1,1575244800000,1785974400000,Libyan_cells_dataset/cells.sqlite3,sqlite:1243,sqlite:1243,0.0,"observed_coordinate_medoid; source reference, not survey truth",140758508239722
606,0,GSM,8224,3741,radio-ba8ebbcf6a077568,32.50590051045511,13.98060048715965,1,False,False,False,False,0,Libyana,4,1776902400000,1777507200000,Libyan_cells_dataset/cells.sqlite3,sqlite:3130|sqlite:3180|sqlite:3229|sqlite:3590,sqlite:3590,0.05724683636586986,"observed_coordinate_medoid; source reference, not survey truth",260640855743179
606,0,GSM,8265,1809,radio-ba93cfdeed53805f,32.8564007715174,13.169100537446766,1,False,False,False,False,0,Libyana,6,1784764800000,1786492800000,Libyan_cells_dataset/cells.sqlite3,sqlite:3239|sqlite:3286|sqlite:3333|sqlite:3414|sqlite:3481|sqlite:3545,sqlite:3414,0.06281870554156872,"observed_coordinate_medoid; source reference, not survey truth",223624938426282
606,1,UMTS,5011,2122,radio-baa0edc4af960ff3,32.76100016673388,12.704000318964756,1,False,False,False,False,0,Al-Madar,2,1777334400000,1777334400000,Libyan_cells_dataset/cells.sqlite3,sqlite:1648|sqlite:1736,sqlite:1648,0.07115221885080843,"observed_coordinate_medoid; source reference, not survey truth",270613757226377
606,0,LTE,1610,1036,radio-bab8e421433c240c,32.07966613769531,20.13702964782715,1,False,False,False,False,0,Libyana,7,1570930986000,1788291190000,data/new_data/libya_collected_antennas/cellmapper/cellmapper_libya_antennas.csv,collected:1566|collected:1567|collected:1568|collected:1569|collected:1570|collected:1571|collected:1572,collected:1566,0.0,"observed_coordinate_medoid; source reference, not survey truth",230680876120507
606,0,UMTS,5390,6402,radio-bb12beffbab6b7c6,32.48570048422332,20.827300599480967,1,False,False,False,False,0,Libyana,4,1777420800000,1777420800000,Libyan_cells_dataset/cells.sqlite3,sqlite:2451|sqlite:2500|sqlite:2549|sqlite:2632,sqlite:2500,0.059813913113205164,"observed_coordinate_medoid; source reference, not survey truth",171132879097202
606,0,LTE,4001,4321,radio-bb497bf62b709a8d,32.628800161304,14.287000648422802,1,False,False,False,False,0,Libyana,1,1776988800000,1787529600000,Libyan_cells_dataset/cells.sqlite3,sqlite:418,sqlite:418,0.0,"observed_coordinate_medoid; source reference, not survey truth",280433792639181
606,0,LTE,6350,4004,radio-bb63250604c43cab,30.738800289620702,20.21270037849942,1,False,False,False,False,0,Libyana,1,1774310400000,1782086400000,Libyan_cells_dataset/cells.sqlite3,sqlite:1216,sqlite:1216,0.0,"observed_coordinate_medoid; source reference, not survey truth",12551048994356
606,0,LTE,2140,2274,radio-bb6b4c37f628d939,32.758900661517714,12.78620080677276,1,False,False,False,False,0,Libyana,1,1779321600000,1779321600000,Libyan_cells_dataset/cells.sqlite3,sqlite:868,sqlite:868,0.0,"observed_coordinate_medoid; source reference, not survey truth",102394079907978
606,0,LTE,2140,1698,radio-bb6e2a2ad944530e,32.68130020710185,12.878800553244432,1,False,False,False,False,0,Libyana,1,1777334400000,1777334400000,Libyan_cells_dataset/cells.sqlite3,sqlite:851,sqlite:851,0.0,"observed_coordinate_medoid; source reference, not survey truth",98768612175236
606,0,LTE,1030,4036,radio-bb82b23481d3a13d,32.46480047677876,14.524000194880122,1,False,False,False,False,0,Libyana,1,1782777600000,1782864000000,Libyan_cells_dataset/cells.sqlite3,sqlite:1117,sqlite:1117,0.0,"observed_coordinate_medoid; source reference, not survey truth",240746090422225
606,1,GSM,1,1112,radio-bb9b00dcede6372b,32.89150071708868,13.174400416672228,1,False,False,False,False,0,Al-Madar,1,1351296000000,1351296000000,Libyan_cells_dataset/cells.sqlite3,sqlite:4084,sqlite:4084,0.0,"observed_coordinate_medoid; source reference, not survey truth",246152343488000
606,1,LTE,1220,102431,radio-bb9df543dd8859e0,32.107600866738345,20.120200296008917,1,False,False,False,True,1,Al-Madar,1,1759104000000,1785110400000,Libyan_cells_dataset/cells.sqlite3,sqlite:698,sqlite:698,0.0,"observed_coordinate_medoid; source reference, not survey truth",26078372734225
606,0,LTE,1030,4659,radio-bba8e88c5d40f8cc,32.56490087375128,14.346500167175297,1,False,False,False,False,0,Libyana,1,1777593600000,1777593600000,Libyan_cells_dataset/cells.sqlite3,sqlite:1109,sqlite:1109,0.0,"observed_coordinate_medoid; source reference, not survey truth",264724738752897
606,0,LTE,6310,1230,radio-bbad6d01a34b17b8,32.1164989,20.1198399,1,False,True,True,False,0,Libyana,4,1762791364000,1788116177000,data/new_data/libya_collected_antennas/cellmapper/cellmapper_libya_antennas.csv,collected:461|collected:462|collected:463|collected:464,collected:461,0.0,"observed_coordinate_medoid; source reference, not survey truth",12256442255925
606,0,LTE,2140,1795,radio-bbd8cccc1b89aa3f,32.50840047350917,13.256100151977932,1,False,False,False,False,0,Libyana,1,1771718400000,1779408000000,Libyan_cells_dataset/cells.sqlite3,sqlite:925,sqlite:925,0.0,"observed_coordinate_medoid; source reference, not survey truth",278852002063464
606,0,LTE,6340,1246,radio-bbdf43987a5bade4,31.916200592906048,20.020800828832673,1,False,False,False,False,0,Libyana,1,1785369600000,1787788800000,Libyan_cells_dataset/cells.sqlite3,sqlite:1244,sqlite:1244,0.0,"observed_coordinate_medoid; source reference, not survey truth",147616761373727
606,1,GSM,2035,1826,radio-bbe254e9cae5be94,32.5789004140325,13.116700525961898,1,False,False,False,False,0,Al-Madar,4,1781308800000,1781308800000,Libyan_cells_dataset/cells.sqlite3,sqlite:3693|sqlite:3740|sqlite:3791|sqlite:4107,sqlite:3791,0.09302704420730436,"observed_coordinate_medoid; source reference, not survey truth",145983793480284
606,1,LTE,4021,4020,radio-bc34e23600baf28a,32.34483180901943,15.041012079287798,1,False,False,False,False,0,Al-Madar,2,1781889343000,1781889345000,data/new_data/libya_collected_antennas/cellmapper/cellmapper_libya_antennas.csv,collected:92|collected:93,collected:92,0.0,"observed_coordinate_medoid; source reference, not survey truth",92414355574263
606,1,GSM,2036,1973,radio-bc544774177bd834,32.43660091845679,13.653000641766887,1,False,False,False,False,0,Al-Madar,6,1774828800000,1779408000000,Libyan_cells_dataset/cells.sqlite3,sqlite:3713|sqlite:3759|sqlite:3810|sqlite:3833|sqlite:3955|sqlite:4126,sqlite:3833,0.08403995075004302,"observed_coordinate_medoid; source reference, not survey truth",83820516929695
606,0,LTE,2150,2042,radio-bc615f03c5dfda51,32.754506570321546,12.74428908030192,1,False,False,False,False,0,Libyana,3,1777406265000,1782118114000,data/new_data/libya_collected_antennas/cellmapper/cellmapper_libya_antennas.csv,collected:2516|collected:2517|collected:2518,collected:2516,0.0,"observed_coordinate_medoid; source reference, not survey truth",125960837832334
606,1,LTE,4001,4320,radio-bc7edbe3a949194d,32.63230049918788,14.259400350169377,1,False,False,False,True,1,Al-Madar,1,1776988800000,1786752000000,Libyan_cells_dataset/cells.sqlite3,sqlite:408,sqlite:408,0.0,"observed_coordinate_medoid; source reference, not survey truth",201694157343801
606,1,UMTS,5011,2203,radio-bc966626a5f24b54,32.76620046985267,12.423400389420868,1,False,False,False,False,0,Al-Madar,2,1782518400000,1782518400000,Libyan_cells_dataset/cells.sqlite3,sqlite:1640|sqlite:1727,sqlite:1640,0.039491107200335135,"observed_coordinate_medoid; source reference, not survey truth",168550610144666
606,1,LTE,3,535,radio-bc9f74d5269af965,32.774200525822536,13.024600211487954,1,False,False,False,True,1,Al-Madar,1,1774137600000,1781827200000,Libyan_cells_dataset/cells.sqlite3,sqlite:217,sqlite:217,0.0,"observed_coordinate_medoid; source reference, not survey truth",114947506709250
606,1,GSM,1112,1191,radio-bcbbd3a6e8ec1c69,32.11150017103962,20.1104006982509,1,False,False,False,False,0,Al-Madar,2,1784419200000,1786233600000,Libyan_cells_dataset/cells.sqlite3,sqlite:4161|sqlite:4214,sqlite:4161,0.044515539625029674,"observed_coordinate_medoid; source reference, not survey truth",205665052465507
606,0,LTE,2110,3644,radio-bccc234ab240b625,32.41720015384213,13.477200923109347,1,False,False,False,False,0,Libyana,1,1771718400000,1779408000000,Libyan_cells_dataset/cells.sqlite3,sqlite:1090,sqlite:1090,0.0,"observed_coordinate_medoid; source reference, not survey truth",19041938216042
606,0,UMTS,4220,5007,radio-bcefacf6c575c8f0,27.532100947454797,14.25510053137386,1,False,False,False,False,0,Libyana,1,1768176000000,1768176000000,Libyan_cells_dataset/cells.sqlite3,sqlite:2689,sqlite:2689,0.0,"observed_coordinate_medoid; source reference, not survey truth",195389850785318
606,1,UMTS,302,4480,radio-bd08d881de76b13b,32.40090078777941,14.845100776635306,1,False,False,False,False,0,Al-Madar,3,1782777600000,1782777600000,Libyan_cells_dataset/cells.sqlite3,sqlite:1462|sqlite:1523|sqlite:1756,sqlite:1462,0.07446365077095847,"observed_coordinate_medoid; source reference, not survey truth",123619467746788
606,0,LTE,6310,1029,radio-bd63a0ff94863f8a,32.871220242392575,13.154877653481446,1,False,False,False,False,0,Libyana,4,1575427965000,1789910962000,data/new_data/libya_collected_antennas/cellmapper/cellmapper_libya_antennas.csv,collected:520|collected:521|collected:522|collected:523,collected:520,0.0,"observed_coordinate_medoid; source reference, not survey truth",78366849170837
606,1,UMTS,1050,3661,radio-bd70f7d7f9b4eda1,32.8083006388997,21.87230073711915,1,False,False,False,False,0,Al-Madar,4,1761782400000,1784764800000,Libyan_cells_dataset/cells.sqlite3,sqlite:1349|sqlite:1395|sqlite:1979|sqlite:2128,sqlite:2128,0.0693171601702093,"observed_coordinate_medoid; source reference, not survey truth",158348920523721
606,1,LTE,4122,4710,radio-bd7503ab48ecd164,32.7585001871886,13.308300656910852,1,False,False,False,True,1,Al-Madar,1,1773100800000,1777161600000,Libyan_cells_dataset/cells.sqlite3,sqlite:359,sqlite:359,0.0,"observed_coordinate_medoid; source reference, not survey truth",91334009579606
606,0,UMTS,4040,3009,radio-bd7ac98e5fb6e79d,27.04300031406694,14.430200479957016,1,False,False,False,False,0,Libyana,1,1454112000000,1454112000000,Libyan_cells_dataset/cells.sqlite3,sqlite:2649,sqlite:2649,0.0,"observed_coordinate_medoid; source reference, not survey truth",64801770659516
606,0,GSM,4410,1060,radio-bd7f27851ea1ffe9,32.07660039661059,20.26030088666591,1,False,False,False,False,0,Libyana,3,1555200000000,1555200000000,Libyan_cells_dataset/cells.sqlite3,sqlite:2716|sqlite:2762|sqlite:3065,sqlite:3065,0.08422402306297304,"observed_coordinate_medoid; source reference, not survey truth",112886583912478
606,0,LTE,2110,1869,radio-bd87ff656e04e984,32.69600077466731,13.713800825105002,1,False,False,False,False,0,Libyana,1,1756339200000,1787097600000,Libyan_cells_dataset/cells.sqlite3,sqlite:1016,sqlite:1016,0.0,"observed_coordinate_medoid; source reference, not survey truth",199342788122899
606,0,LTE,1030,4120,radio-bdafacaa6945f427,32.50350039455866,14.509100504277828,1,False,False,False,False,0,Libyana,1,1773187200000,1773273600000,Libyan_cells_dataset/cells.sqlite3,sqlite:1114,sqlite:1114,0.0,"observed_coordinate_medoid; source reference, not survey truth",213756015944812
606,0,UMTS,5410,2033,radio-bde8ab3c6c5d69ff,32.76515239372881,21.78337151355932,1,False,False,False,False,0,Libyana,4,1773100800000,1780718962000,Libyan_cells_dataset/cells.sqlite3|data/new_data/libya_collected_antennas/cellmapper/cellmapper_libya_antennas.csv,collected:1306|collected:1307|collected:1308|sqlite:2583,collected:1306,5.965627327411501,"observed_coordinate_medoid; source reference, not survey truth",34236839330735
606,0,UMTS,5330,1446,radio-be09fbb2e12c2c0c,32.10128543995045,20.10806426295528,1,False,False,False,False,0,Libyana,2,1788116164000,1788116169000,data/new_data/libya_collected_antennas/cellmapper/cellmapper_libya_antennas.csv,collected:1196|collected:1197,collected:1196,0.0,"observed_coordinate_medoid; source reference, not survey truth",124453360030864
606,0,LTE,3010,1328,radio-be0eddac2b26a9e9,32.78070084525812,12.983000492196656,1,False,False,False,False,0,Libyana,1,1575417600000,1575417600000,Libyan_cells_dataset/cells.sqlite3,sqlite:713,sqlite:713,0.0,"observed_coordinate_medoid; source reference, not survey truth",107581739815291
606,1,GSM,1113,1098,radio-be1d66eaf0c3f21e,32.0839503,20.0892788,1,False,True,True,False,0,Al-Madar,3,1578051780000,1646458761000,data/new_data/libya_collected_antennas/cellmapper/cellmapper_libya_antennas.csv,collected:1341|collected:1342|collected:1343,collected:1341,0.0,"observed_coordinate_medoid; source reference, not survey truth",89696417736805
606,1,GSM,2002,1254,radio-be3e39837abace23,32.454100140436815,14.60140025996589,1,False,False,False,False,0,Al-Madar,4,1566604800000,1566604800000,Libyan_cells_dataset/cells.sqlite3,sqlite:3852|sqlite:3894|sqlite:3926|sqlite:3980,sqlite:3894,0.07842349600956688,"observed_coordinate_medoid; source reference, not survey truth",42105530104641
606,1,LTE,1240,103511,radio-be44deb095fca73f,31.649500652067715,20.025100374378333,1,False,False,False,True,1,Al-Madar,1,1785974400000,1785974400000,Libyan_cells_dataset/cells.sqlite3,sqlite:597,sqlite:597,0.0,"observed_coordinate_medoid; source reference, not survey truth",99761673991635
606,1,UMTS,1020,3074,radio-be46c7a225dc8118,32.108800816494764,20.089500737394047,1,False,False,False,False,0,Al-Madar,6,1769904000000,1789084800000,Libyan_cells_dataset/cells.sqlite3,sqlite:1375|sqlite:1426|sqlite:1917|sqlite:1958|sqlite:2007|sqlite:2108,sqlite:1917,0.08748256153148767,"observed_coordinate_medoid; source reference, not survey truth",111744435481238
606,1,UMTS,1040,3019,radio-be70dce784469edd,32.10120043529414,20.174600871231505,1,False,False,False,False,0,Al-Madar,6,1789084800000,1789084800000,Libyan_cells_dataset/cells.sqlite3,sqlite:1364|sqlite:1415|sqlite:1904|sqlite:1947|sqlite:1996|sqlite:2097,sqlite:1415,0.06599748734129336,"observed_coordinate_medoid; source reference, not survey truth",155896745006456
606,1,UMTS,1011,1192,radio-be92a138e0930257,32.90430090037828,13.233300450207015,1,False,False,False,False,0,Al-Madar,3,1788998400000,1788998400000,Libyan_cells_dataset/cells.sqlite3,sqlite:1558|sqlite:1610|sqlite:1690,sqlite:1610,0.057849336787670326,"observed_coordinate_medoid; source reference, not survey truth",53929744881704
606,1,GSM,2008,1177,radio-be982723dee6b3c0,27.5010003280248,14.017500978491727,1,False,False,False,False,0,Al-Madar,1,1673654400000,1673654400000,Libyan_cells_dataset/cells.sqlite3,sqlite:4253,sqlite:4253,0.0,"observed_coordinate_medoid; source reference, not survey truth",23858913465104
606,1,LTE,4061,4335,radio-bea696af119b8fe8,27.54140094622533,13.63290031445143,1,False,False,False,True,1,Al-Madar,1,1673654400000,1673654400000,Libyan_cells_dataset/cells.sqlite3,sqlite:533,sqlite:533,0.0,"observed_coordinate_medoid; source reference, not survey truth",221067804256353
606,0,UMTS,1610,1091,radio-bea6c767aad663ae,32.880900531555135,13.219500536607866,1,False,False,False,False,0,Libyana,4,1419897600000,1419897600000,Libyan_cells_dataset/cells.sqlite3,sqlite:2192|sqlite:2242|sqlite:2292|sqlite:2370,sqlite:2192,0.06492985403264218,"observed_coordinate_medoid; source reference, not survey truth",57881047359333
606,1,GSM,2000,1289,radio-bebb28ec75cda22f,32.711100484022204,13.929700968296963,1,False,False,False,False,0,Al-Madar,1,1576195200000,1785715200000,Libyan_cells_dataset/cells.sqlite3,sqlite:3866,sqlite:3866,0.0,"observed_coordinate_medoid; source reference, not survey truth",66274900944791
606,0,LTE,2130,6369,radio-bedb15cdd74d20da,32.582100394272935,13.124300941159115,1,False,False,False,False,0,Libyana,1,1781308800000,1781308800000,Libyan_cells_dataset/cells.sqlite3,sqlite:886,sqlite:886,0.0,"observed_coordinate_medoid; source reference, not survey truth",119640208114624
606,0,LTE,6330,1159,radio-bf02c271de257ae7,32.09922409057617,20.1473445892334,1,False,False,False,False,0,Libyana,6,1565427373000,1789920584000,data/new_data/libya_collected_antennas/cellmapper/cellmapper_libya_antennas.csv,collected:2203|collected:2204|collected:2205|collected:2206|collected:2207|collected:2208,collected:2203,0.0,"observed_coordinate_medoid; source reference, not survey truth",200004437528423
606,1,UMTS,1020,3076,radio-bf3ef3336dd2892f,32.10890040983254,20.104500440311217,1,False,False,True,False,0,Al-Madar,7,1595289600000,1789112542000,Libyan_cells_dataset/cells.sqlite3|data/new_data/libya_collected_antennas/cellmapper/cellmapper_libya_antennas.csv,collected:878|sqlite:1376|sqlite:1427|sqlite:1919|sqlite:1959|sqlite:2008|sqlite:2109,sqlite:1427,3.947479578466755,"observed_coordinate_medoid; source reference, not survey truth",230862917534329
606,1,UMTS,331,3360,radio-bf4645ae0a00de78,31.783800593126188,11.8912006499109,1,False,False,False,False,0,Al-Madar,1,1783641600000,1783641600000,Libyan_cells_dataset/cells.sqlite3,sqlite:1680,sqlite:1680,0.0,"observed_coordinate_medoid; source reference, not survey truth",192871960508272
606,0,LTE,6340,1229,radio-bf4f9427f67efce5,31.6506755,20.2370407,1,False,True,True,False,0,Libyana,12,1575244800000,1786180262000,Libyan_cells_dataset/cells.sqlite3|data/new_data/libya_collected_antennas/cellmapper/cellmapper_libya_antennas.csv,collected:2492|collected:2493|collected:2494|collected:2495|collected:2496|collected:2497|collected:2498|collected:2499|collected:2500|collected:2501|collected:2502|sqlite:1214,collected:2492,4.726314301647429,"observed_coordinate_medoid; source reference, not survey truth",250732021087839
606,1,LTE,4121,4462,radio-bf5b826e026f7e68,24.213800134578726,23.28880098234292,1,False,False,False,True,1,Al-Madar,1,1785196800000,1785196800000,Libyan_cells_dataset/cells.sqlite3,sqlite:588,sqlite:588,0.0,"observed_coordinate_medoid; source reference, not survey truth",124506236817526
606,1,GSM,1111,1055,radio-bf88ea00ec81ea0c,32.11840030582729,20.113700739445544,1,False,False,False,False,0,Al-Madar,2,1579651200000,1786665600000,Libyan_cells_dataset/cells.sqlite3,sqlite:4188|sqlite:4239,sqlite:4239,0.07249047533287009,"observed_coordinate_medoid; source reference, not survey truth",270396668905687
606,0,GSM,8249,4502,radio-bf92ac26b929bf9a,32.47860022189283,14.566400317353454,1,False,False,False,False,0,Libyana,3,1554163200000,1561852800000,Libyan_cells_dataset/cells.sqlite3,sqlite:3144|sqlite:3194|sqlite:3604,sqlite:3194,0.08398979677339706,"observed_coordinate_medoid; source reference, not survey truth",42638793326627
606,1,LTE,4012,4347,radio-bfac6a3ed0572526,32.661600528203124,14.183200254882806,1,False,False,False,True,1,Al-Madar,1,1721174400000,1721174400000,Libyan_cells_dataset/cells.sqlite3,sqlite:389,sqlite:389,0.0,"observed_coordinate_medoid; source reference, not survey truth",233631363720723
606,1,UMTS,2021,1616,radio-bfe44913dc85876f,32.699000486812224,13.110800262068238,1,False,False,False,False,0,Al-Madar,3,1777334400000,1784073600000,Libyan_cells_dataset/cells.sqlite3,sqlite:1574|sqlite:1613|sqlite:1696,sqlite:1613,0.03913207219022189,"observed_coordinate_medoid; source reference, not survey truth",7605683020763
606,0,UMTS,5410,2475,radio-c015314f807ad59d,32.794051968305084,21.86837591067797,1,False,False,False,False,0,Libyana,7,1743811200000,1773841327000,Libyan_cells_dataset/cells.sqlite3|data/new_data/libya_collected_antennas/cellmapper/cellmapper_libya_antennas.csv,collected:1325|collected:1326|collected:1327|collected:1328|collected:1329|collected:1330|sqlite:2594,collected:1325,5.8597042688031165,"observed_coordinate_medoid; source reference, not survey truth",109295387636683
606,1,LTE,4181,4426,radio-c022550f5cc9c9f4,30.763400134342124,20.2350003748494,1,False,False,False,True,1,Al-Madar,1,1774310400000,1782086400000,Libyan_cells_dataset/cells.sqlite3,sqlite:565,sqlite:565,0.0,"observed_coordinate_medoid; source reference, not survey truth",187260701533803
606,0,GSM,8280,1794,radio-c034e7c5b6ab8a79,32.636400479198095,13.577000543507276,1,False,False,False,False,0,Libyana,8,1757808000000,1786492800000,Libyan_cells_dataset/cells.sqlite3,sqlite:3116|sqlite:3166|sqlite:3216|sqlite:3266|sqlite:3315|sqlite:3355|sqlite:3526|sqlite:3576,sqlite:3116,0.07955358272596688,"observed_coordinate_medoid; source reference, not survey truth",137859148134705
606,0,LTE,6340,4103,radio-c036d229752a5cbe,31.55390065393655,20.075200640182736,1,False,False,False,False,0,Libyana,1,1785974400000,1785974400000,Libyan_cells_dataset/cells.sqlite3,sqlite:1239,sqlite:1239,0.0,"observed_coordinate_medoid; source reference, not survey truth",72022210100937
606,1,GSM,1112,1078,radio-c0423f43a6da1f6c,32.091200297955574,20.091700259464883,1,False,False,False,False,0,Al-Madar,2,1578787200000,1779235200000,Libyan_cells_dataset/cells.sqlite3,sqlite:4139|sqlite:4194,sqlite:4194,0.07526020345854453,"observed_coordinate_medoid; source reference, not survey truth",279758821096369
606,1,UMTS,300,3106,radio-c064ba35493ebc47,32.5235005122766,14.000500781537406,1,False,False,False,False,0,Al-Madar,1,1777507200000,1782950400000,Libyan_cells_dataset/cells.sqlite3,sqlite:1332,sqlite:1332,0.0,"observed_coordinate_medoid; source reference, not survey truth",210555430203808
606,0,LTE,6410,2017,radio-c06ed0c06e80b5cc,32.76171327673886,21.76500685318674,1,False,False,False,False,0,Libyana,5,1721520000000,1788562865000,Libyan_cells_dataset/cells.sqlite3|data/new_data/libya_collected_antennas/cellmapper/cellmapper_libya_antennas.csv,collected:327|collected:328|collected:329|collected:330|sqlite:1265,collected:327,1.5358679443300745,"observed_coordinate_medoid; source reference, not survey truth",160008198230611
606,0,UMTS,5410,2069,radio-c07e408731c54bac,32.70640030045451,21.732700495194518,1,False,False,False,False,0,Libyana,2,1780704000000,1780718962000,Libyan_cells_dataset/cells.sqlite3|data/new_data/libya_collected_antennas/cellmapper/cellmapper_libya_antennas.csv,collected:1295|sqlite:2586,sqlite:2586,3.672153961725378,"observed_coordinate_medoid; source reference, not survey truth",44430330703361
606,1,LTE,3,975,radio-c087edd41690d0e2,32.81330025129695,12.979900239779242,1,False,False,False,True,1,Al-Madar,1,1776470400000,1787443200000,Libyan_cells_dataset/cells.sqlite3,sqlite:238,sqlite:238,0.0,"observed_coordinate_medoid; source reference, not survey truth",77338013817034
606,1,LTE,4,2248,radio-c0ab2fd1b9398ee5,32.71570070069667,12.738500389637581,1,False,False,False,True,1,Al-Madar,1,1771632000000,1782691200000,Libyan_cells_dataset/cells.sqlite3,sqlite:243,sqlite:243,0.0,"observed_coordinate_medoid; source reference, not survey truth",118434463785889
606,0,LTE,6330,1093,radio-c0bae97bdb46d31d,32.14675886734672,20.12072496828825,1,False,False,False,False,0,Libyana,3,1788116177000,1788116177000,data/new_data/libya_collected_antennas/cellmapper/cellmapper_libya_antennas.csv,collected:1907|collected:1908|collected:1909,collected:1907,0.0,"observed_coordinate_medoid; source reference, not survey truth",208660699850738
606,1,UMTS,2011,1553,radio-c0bf06d35bb41322,32.798700431380446,13.068400294274328,1,False,False,False,False,0,Al-Madar,2,1602460800000,1602460800000,Libyan_cells_dataset/cells.sqlite3,sqlite:1645|sqlite:1733,sqlite:1733,0.04794807465312925,"observed_coordinate_medoid; source reference, not survey truth",256871018625416
606,1,LTE,11,2010,radio-c0c19c01826bc5de,32.7956002965184,12.439000564949726,1,False,False,False,True,1,Al-Madar,1,1760572800000,1760572800000,Libyan_cells_dataset/cells.sqlite3,sqlite:281,sqlite:281,0.0,"observed_coordinate_medoid; source reference, not survey truth",62680187928007
606,1,LTE,4041,4093,radio-c0dd9305fbb8da11,32.32930098226701,15.108500839768734,1,False,False,False,True,1,Al-Madar,1,1781827200000,1781827200000,Libyan_cells_dataset/cells.sqlite3,sqlite:482,sqlite:482,0.0,"observed_coordinate_medoid; source reference, not survey truth",216970140488669
606,0,UMTS,1610,6206,radio-c0f58c97f699fb49,32.84340080574306,13.068500551709004,1,False,False,False,False,0,Libyana,4,1772668800000,1772668800000,Libyan_cells_dataset/cells.sqlite3,sqlite:2221|sqlite:2270|sqlite:2310|sqlite:2396,sqlite:2396,0.07740417893552427,"observed_coordinate_medoid; source reference, not survey truth",39766972978982
606,1,GSM,2001,1083,radio-c0fc4705bd842e8e,32.556200667095645,14.269800468588349,1,False,False,False,False,0,Al-Madar,3,1748131200000,1787529600000,Libyan_cells_dataset/cells.sqlite3,sqlite:3839|sqlite:3881|sqlite:3964,sqlite:3839,0.042965335376006365,"observed_coordinate_medoid; source reference, not survey truth",256905327321975
606,1,GSM,2036,1766,radio-c12ea49dd6c0401b,32.42320064322484,13.608100443508906,1,False,False,False,False,0,Al-Madar,5,1774828800000,1779408000000,Libyan_cells_dataset/cells.sqlite3,sqlite:3704|sqlite:3751|sqlite:3802|sqlite:3949|sqlite:4118,sqlite:3802,0.06599991859657735,"observed_coordinate_medoid; source reference, not survey truth",149030794993751
606,0,UMTS,5370,4315,radio-c14e2a64f3b8a12b,31.20060091337912,16.607100363021832,1,False,False,False,False,0,Libyana,3,1655856000000,1655856000000,Libyan_cells_dataset/cells.sqlite3,sqlite:2199|sqlite:2417|sqlite:2651,sqlite:2651,0.09130318008192478,"observed_coordinate_medoid; source reference, not survey truth",141716173125967
606,1,UMTS,2021,118,radio-c1527d4326089548,32.76610068611479,13.256400526751337,1,False,False,False,False,0,Al-Madar,4,1780617600000,1783036800000,Libyan_cells_dataset/cells.sqlite3,sqlite:1819|sqlite:1869|sqlite:2069|sqlite:2169,sqlite:2169,0.08264621861029353,"observed_coordinate_medoid; source reference, not survey truth",229685226355653
606,1,LTE,4011,5046,radio-c15a134a5f74db0d,32.505900342256574,14.486500336320583,1,False,False,False,True,1,Al-Madar,1,1773187200000,1773273600000,Libyan_cells_dataset/cells.sqlite3,sqlite:439,sqlite:439,0.0,"observed_coordinate_medoid; source reference, not survey truth",64053719388722
606,0,GSM,8280,1783,radio-c15e9d4cea4c2a23,32.61760059841631,13.580100233938037,1,False,False,False,False,0,Libyana,8,1784764800000,1786492800000,Libyan_cells_dataset/cells.sqlite3,sqlite:3104|sqlite:3154|sqlite:3204|sqlite:3254|sqlite:3304|sqlite:3350|sqlite:3514|sqlite:3564,sqlite:3514,0.0830541987586755,"observed_coordinate_medoid; source reference, not survey truth",82145371446262
606,1,UMTS,1010,3165,radio-c16426cf3237e006,32.1238386,20.1128464,1,False,True,True,False,0,Al-Madar,1,1779982345000,1784884421000,data/new_data/libya_collected_antennas/cellmapper/cellmapper_libya_antennas.csv,collected:998,collected:998,0.0,"observed_coordinate_medoid; source reference, not survey truth",273395791450308
606,0,GSM,4400,1126,radio-c1859d275b520a7a,32.224300481609916,20.199300895742738,1,False,False,False,False,0,Libyana,1,1786665600000,1786665600000,Libyan_cells_dataset/cells.sqlite3,sqlite:3011,sqlite:3011,0.0,"observed_coordinate_medoid; source reference, not survey truth",34651380593843
606,0,UMTS,1610,1171,radio-c19ef6be0f048a39,32.83860028025574,13.122100848044537,1,False,False,False,False,0,Libyana,1,1781740800000,1781740800000,Libyan_cells_dataset/cells.sqlite3,sqlite:2336,sqlite:2336,0.0,"observed_coordinate_medoid; source reference, not survey truth",202606570476029
606,1,LTE,2,168,radio-c1dd65dafa1a7088,32.819600411493795,13.22710092161878,1,False,False,False,True,1,Al-Madar,1,1762300800000,1762300800000,Libyan_cells_dataset/cells.sqlite3,sqlite:161,sqlite:161,0.0,"observed_coordinate_medoid; source reference, not survey truth",55706057654008
606,1,UMTS,1040,3021,radio-c1e9ad27ef749304,32.09810056501289,20.198100730989676,1,False,False,False,False,0,Al-Madar,6,1781049600000,1789084800000,Libyan_cells_dataset/cells.sqlite3,sqlite:1366|sqlite:1417|sqlite:1907|sqlite:1949|sqlite:1998|sqlite:2099,sqlite:1417,0.08250568195607116,"observed_coordinate_medoid; source reference, not survey truth",60998261108935
606,1,UMTS,300,4678,radio-c1ff8f0a9f4635a8,32.578300666817086,13.9958002103141,1,False,False,False,False,0,Al-Madar,1,1777680000000,1789084800000,Libyan_cells_dataset/cells.sqlite3,sqlite:1336,sqlite:1336,0.0,"observed_coordinate_medoid; source reference, not survey truth",186597884989804
606,0,GSM,4330,1081,radio-c203194b9ff636fe,32.12240033914854,20.113000923726446,1,False,False,True,False,0,Libyana,11,1739059200000,1771000760000,Libyan_cells_dataset/cells.sqlite3|data/new_data/libya_collected_antennas/cellmapper/cellmapper_libya_antennas.csv,collected:821|collected:822|collected:823|collected:824|collected:825|sqlite:2700|sqlite:2749|sqlite:2798|sqlite:2848|sqlite:2948|sqlite:3049,sqlite:2848,2.9371808643257604,"observed_coordinate_medoid; source reference, not survey truth",225950773108532
606,1,UMTS,1011,89,radio-c20d5d85cf1e03d1,32.85280030776014,13.248700550287655,1,False,False,False,False,0,Al-Madar,4,1576540800000,1576540800000,Libyan_cells_dataset/cells.sqlite3,sqlite:1811|sqlite:1861|sqlite:2061|sqlite:2161,sqlite:1811,0.06748177509809744,"observed_coordinate_medoid; source reference, not survey truth",66706549888906
606,1,UMTS,1030,3112,radio-c2203571ba876b28,32.07310034021041,20.125100521314916,1,False,False,True,False,0,Al-Madar,6,1701216000000,1771629189000,Libyan_cells_dataset/cells.sqlite3|data/new_data/libya_collected_antennas/cellmapper/cellmapper_libya_antennas.csv,collected:692|sqlite:1401|sqlite:1452|sqlite:1987|sqlite:2032|sqlite:2135,sqlite:2032,3.35466320542798,"observed_coordinate_medoid; source reference, not survey truth",256344535890864
606,0,LTE,2130,6390,radio-c22d1762a0fea4ff,32.64040058762712,13.169800741372542,1,False,False,False,False,0,Libyana,1,1771718400000,1781308800000,Libyan_cells_dataset/cells.sqlite3,sqlite:893,sqlite:893,0.0,"observed_coordinate_medoid; source reference, not survey truth",209236360009186
606,0,LTE,1710,1122,radio-c24770e5caff8a96,32.01603317260742,20.12593460083008,1,False,False,False,False,0,Libyana,11,1565568000000,1790108352000,Libyan_cells_dataset/cells.sqlite3|data/new_data/libya_collected_antennas/cellmapper/cellmapper_libya_antennas.csv,collected:188|collected:189|collected:190|collected:191|collected:192|collected:193|collected:194|collected:195|collected:196|collected:197|sqlite:1152,collected:188,4.833691429775772,"observed_coordinate_medoid; source reference, not survey truth",226575926062013
606,0,LTE,2120,1681,radio-c25a0a2bc51d35f8,32.87330097229444,13.36450035026477,1,False,False,False,False,0,Libyana,1,1755734400000,1787184000000,Libyan_cells_dataset/cells.sqlite3,sqlite:993,sqlite:993,0.0,"observed_coordinate_medoid; source reference, not survey truth",153452928857528
606,1,UMTS,331,3388,radio-c26106baf12173ee,31.92590068983965,12.261000625515484,1,False,False,False,False,0,Al-Madar,2,1764374400000,1764374400000,Libyan_cells_dataset/cells.sqlite3,sqlite:1658|sqlite:1672,sqlite:1672,0.023374349790447082,"observed_coordinate_medoid; source reference, not survey truth",129117122050873
606,0,LTE,2090,1693,radio-c26c9ca6903b5cc6,32.703200747708195,14.013900643033883,1,False,False,False,False,0,Libyana,1,1775606400000,1782864000000,Libyan_cells_dataset/cells.sqlite3,sqlite:1058,sqlite:1058,0.0,"observed_coordinate_medoid; source reference, not survey truth",97651544610190
606,1,LTE,2,119,radio-c2810c4cb3e2b33a,32.82800011359535,13.223600396739826,1,False,False,False,True,1,Al-Madar,1,1756598400000,1757808000000,Libyan_cells_dataset/cells.sqlite3,sqlite:527,sqlite:527,0.0,"observed_coordinate_medoid; source reference, not survey truth",202223892073377
606,1,LTE,1250,106461,radio-c298b8c38ded5f01,32.78170040100034,21.797400490331064,1,False,False,False,True,1,Al-Madar,1,1757894400000,1773273600000,Libyan_cells_dataset/cells.sqlite3,sqlite:618,sqlite:618,0.0,"observed_coordinate_medoid; source reference, not survey truth",9762508505361
606,1,LTE,4181,5001,radio-c3015ed41798422e,30.733300236872314,20.22350063562844,1,False,False,False,True,1,Al-Madar,1,1782086400000,1782086400000,Libyan_cells_dataset/cells.sqlite3,sqlite:574,sqlite:574,0.0,"observed_coordinate_medoid; source reference, not survey truth",5548335463022
606,1,LTE,4311,4772,radio-c328125d6d9951c0,31.925900551815594,12.261000653155044,1,False,False,False,True,1,Al-Madar,1,1764374400000,1764374400000,Libyan_cells_dataset/cells.sqlite3,sqlite:301,sqlite:301,0.0,"observed_coordinate_medoid; source reference, not survey truth",129117122050873
606,0,UMTS,5370,4337,radio-c3566174eb656cb8,31.19990072564047,16.596300236080623,1,False,False,False,False,0,Libyana,1,1655856000000,1655856000000,Libyan_cells_dataset/cells.sqlite3,sqlite:2673,sqlite:2673,0.0,"observed_coordinate_medoid; source reference, not survey truth",249979910719485
606,1,GSM,8029,1584,radio-c36195e7acbbc60e,32.749800277735126,13.738500288130918,1,False,False,False,False,0,Al-Madar,1,1778025600000,1786406400000,Libyan_cells_dataset/cells.sqlite3,sqlite:3871,sqlite:3871,0.0,"observed_coordinate_medoid; source reference, not survey truth",40976176057694
606,0,LTE,1810,1027,radio-c393b0c5832b8cdd,32.1087965,20.0889968,1,False,True,True,False,0,Libyana,13,1572393600000,1789112542000,Libyan_cells_dataset/cells.sqlite3|data/new_data/libya_collected_antennas/cellmapper/cellmapper_libya_antennas.csv,collected:1499|collected:1500|collected:1501|collected:1502|collected:1503|collected:1504|collected:1505|collected:1506|collected:1507|collected:1508|collected:1509|collected:1510|sqlite:1180,collected:1499,0.545825967016455,"observed_coordinate_medoid; source reference, not survey truth",111744435481238
606,0,UMTS,5410,2020,radio-c3bab9ca40a1826f,32.77160038122567,21.77360049652051,1,False,False,False,False,0,Libyana,1,1773100800000,1773100800000,Libyan_cells_dataset/cells.sqlite3,sqlite:2573,sqlite:2573,0.0,"observed_coordinate_medoid; source reference, not survey truth",247660804566345
606,1,LTE,1250,106691,radio-c3ca63233750c49e,32.788800757260496,21.876100909329217,1,False,False,False,True,1,Al-Madar,1,1772928000000,1773964800000,Libyan_cells_dataset/cells.sqlite3,sqlite:648,sqlite:648,0.0,"observed_coordinate_medoid; source reference, not survey truth",270535700617832
606,1,GSM,2021,2131,radio-c3cc71dd4754339c,30.770300680430914,20.266000270846316,1,False,False,False,False,0,Al-Madar,2,1774310400000,1774310400000,Libyan_cells_dataset/cells.sqlite3,sqlite:4249|sqlite:4258,sqlite:4249,0.04184068201776708,"observed_coordinate_medoid; source reference, not survey truth",70510892213195
606,1,LTE,1,294,radio-c3df704ddb990810,32.894400245450484,13.180100819323778,1,False,False,False,True,1,Al-Madar,1,1768521600000,1782086400000,Libyan_cells_dataset/cells.sqlite3,sqlite:152,sqlite:152,0.0,"observed_coordinate_medoid; source reference, not survey truth",261735562521080
606,1,UMTS,1020,3009,radio-c3ec04ac9fef1bfe,32.10710024907887,20.11450085776568,1,False,False,True,False,0,Al-Madar,7,1595289600000,1789112542000,Libyan_cells_dataset/cells.sqlite3|data/new_data/libya_collected_antennas/cellmapper/cellmapper_libya_antennas.csv,collected:856|sqlite:1363|sqlite:1414|sqlite:1901|sqlite:1946|sqlite:1995|sqlite:2096,sqlite:1946,1.0591144677791215,"observed_coordinate_medoid; source reference, not survey truth",19975227167373
606,0,GSM,4460,2006,radio-c3fce60a7c2f7230,32.798100269961274,21.872600970441994,1,False,False,False,False,0,Libyana,1,1772841600000,1784764800000,Libyan_cells_dataset/cells.sqlite3,sqlite:3043,sqlite:3043,0.0,"observed_coordinate_medoid; source reference, not survey truth",9239393306992
606,1,LTE,2,95,radio-c43e44cd37373d8b,32.84840093498484,13.201500878065744,1,False,False,False,True,1,Al-Madar,1,1762300800000,1781913600000,Libyan_cells_dataset/cells.sqlite3,sqlite:520,sqlite:520,0.0,"observed_coordinate_medoid; source reference, not survey truth",237445910630140
606,0,UMTS,5370,4334,radio-c440fc31b9a95537,31.193100225753124,16.57250072001683,1,False,False,False,False,0,Libyana,1,1643414400000,1788220800000,Libyan_cells_dataset/cells.sqlite3,sqlite:2696,sqlite:2696,0.0,"observed_coordinate_medoid; source reference, not survey truth",164960543711423
606,1,LTE,4,2264,radio-c44af0d5922e1122,32.74680022464491,12.728600680496584,1,False,False,False,True,1,Al-Madar,1,1771632000000,1771632000000,Libyan_cells_dataset/cells.sqlite3,sqlite:259,sqlite:259,0.0,"observed_coordinate_medoid; source reference, not survey truth",122943741623642
606,0,UMTS,1510,1989,radio-c45e47a8e0761011,32.84150029604303,13.048000664150896,1,False,False,False,False,0,Libyana,4,1772668800000,1772841600000,Libyan_cells_dataset/cells.sqlite3,sqlite:2236|sqlite:2285|sqlite:2323|sqlite:2411,sqlite:2236,0.07989024166495104,"observed_coordinate_medoid; source reference, not survey truth",38895532304010
606,0,LTE,6330,1120,radio-c472ccbbd76edb78,32.05284736,20.11030117,1,False,False,False,False,0,Libyana,8,1614453822000,1790102358000,data/new_data/libya_collected_antennas/cellmapper/cellmapper_libya_antennas.csv,collected:171|collected:172|collected:173|collected:174|collected:175|collected:176|collected:177|collected:178,collected:171,0.0,"observed_coordinate_medoid; source reference, not survey truth",175787908483948
606,1,UMTS,1010,3120,radio-c4763de9588b6550,32.14610028973657,20.08920071639105,1,False,False,True,False,0,Al-Madar,9,1776384000000,1776446137000,Libyan_cells_dataset/cells.sqlite3|data/new_data/libya_collected_antennas/cellmapper/cellmapper_libya_antennas.csv,collected:1055|collected:1056|collected:1057|sqlite:1378|sqlite:1429|sqlite:1922|sqlite:1962|sqlite:2010|sqlite:2111,sqlite:1922,3.325508353536923,"observed_coordinate_medoid; source reference, not survey truth",232776809852956
606,0,LTE,2120,6352,radio-c4784bcedb269c3d,32.72520042730983,13.22290015139474,1,False,False,False,False,0,Libyana,1,1755475200000,1781308800000,Libyan_cells_dataset/cells.sqlite3,sqlite:895,sqlite:895,0.0,"observed_coordinate_medoid; source reference, not survey truth",177542817527612
606,1,UMTS,1030,3108,radio-c479c7cfdefd6f69,32.07302698130278,20.0984620523492,1,False,False,False,False,0,Al-Madar,2,1770385064000,1772669573000,data/new_data/libya_collected_antennas/cellmapper/cellmapper_libya_antennas.csv,collected:888|collected:889,collected:888,0.0,"observed_coordinate_medoid; source reference, not survey truth",32503512135656
606,0,LTE,3011,3009,radio-c48bfa68161b63dc,31.74880016174666,14.02620038187297,1,False,False,False,False,0,Libyana,1,1578528000000,1578787200000,Libyan_cells_dataset/cells.sqlite3,sqlite:739,sqlite:739,0.0,"observed_coordinate_medoid; source reference, not survey truth",227307931764220
606,0,UMTS,1610,1140,radio-c4a7de98a6303224,32.87100071415602,13.139600648860863,1,False,False,False,False,0,Libyana,4,1758153600000,1781740800000,Libyan_cells_dataset/cells.sqlite3,sqlite:2213|sqlite:2262|sqlite:2303|sqlite:2388,sqlite:2388,0.08160326454352908,"observed_coordinate_medoid; source reference, not survey truth",90285215885449
606,0,LTE,6330,1087,radio-c4f2d96b1cb0bcc8,32.13316331343217,20.12602934403853,1,False,False,False,False,0,Libyana,3,1762791364000,1788116177000,data/new_data/libya_collected_antennas/cellmapper/cellmapper_libya_antennas.csv,collected:458|collected:459|collected:460,collected:458,0.0,"observed_coordinate_medoid; source reference, not survey truth",67049875512207
606,0,LTE,1020,1790,radio-c50edac6c010037b,32.58210070102725,13.991800887434243,1,False,False,False,False,0,Libyana,1,1775779200000,1785456000000,Libyan_cells_dataset/cells.sqlite3,sqlite:709,sqlite:709,0.0,"observed_coordinate_medoid; source reference, not survey truth",57459860024786
606,1,GSM,2,6227,radio-c51112224cb94324,32.85790057795022,13.210200566567464,1,False,False,False,False,0,Al-Madar,6,1785715200000,1785715200000,Libyan_cells_dataset/cells.sqlite3,sqlite:3711|sqlite:3757|sqlite:3808|sqlite:4007|sqlite:4052|sqlite:4124,sqlite:3808,0.06881394774540821,"observed_coordinate_medoid; source reference, not survey truth",227318045858259
606,0,GSM,9360,4005,radio-c5291d1dfbdf0747,27.04710019765342,14.41840040738355,1,False,False,False,False,0,Libyana,1,1454112000000,1454112000000,Libyan_cells_dataset/cells.sqlite3,sqlite:3607,sqlite:3607,0.0,"observed_coordinate_medoid; source reference, not survey truth",236345276119801
606,1,LTE,1230,101051,radio-c53fa71b7cfd411c,32.08120098255713,20.060400572642422,1,False,False,False,True,1,Al-Madar,1,1555372800000,1768262400000,Libyan_cells_dataset/cells.sqlite3,sqlite:623,sqlite:623,0.0,"observed_coordinate_medoid; source reference, not survey truth",16554623540618
606,1,LTE,8,311,radio-c54fed11ce57fd3e,32.85990085040081,13.238700350409419,1,False,False,False,True,1,Al-Madar,1,1761609600000,1768521600000,Libyan_cells_dataset/cells.sqlite3,sqlite:153,sqlite:153,0.0,"observed_coordinate_medoid; source reference, not survey truth",251280232888073
606,1,GSM,1113,1160,radio-c555e233cf8b5d1f,32.076900143576715,20.064100707452493,1,False,False,False,False,0,Al-Madar,2,1563840000000,1700438400000,Libyan_cells_dataset/cells.sqlite3,sqlite:4156|sqlite:4209,sqlite:4209,0.0389876987256605,"observed_coordinate_medoid; source reference, not survey truth",261202421744575
606,1,GSM,1111,1021,radio-c57a426d9c0d68cc,32.08570061979044,20.202800637606686,1,False,False,False,False,0,Al-Madar,3,1555200000000,1556409600000,Libyan_cells_dataset/cells.sqlite3,sqlite:3652|sqlite:4174|sqlite:4225,sqlite:3652,0.06814856485819844,"observed_coordinate_medoid; source reference, not survey truth",231783182359765
606,0,LTE,1030,4627,radio-c58f6e2a3d90fc37,32.60440022394644,14.3214006436427,1,False,False,False,False,0,Libyana,1,1748131200000,1777420800000,Libyan_cells_dataset/cells.sqlite3,sqlite:1113,sqlite:1113,0.0,"observed_coordinate_medoid; source reference, not survey truth",258547303959246
606,0,GSM,4380,1171,radio-c5bdcb8c6cc08172,32.088300565053935,20.125100694415416,1,False,False,False,False,0,Libyana,8,1598918400000,1782667540000,Libyan_cells_dataset/cells.sqlite3|data/new_data/libya_collected_antennas/cellmapper/cellmapper_libya_antennas.csv,collected:1179|sqlite:2741|sqlite:2787|sqlite:2814|sqlite:2873|sqlite:2922|sqlite:2959|sqlite:3090,sqlite:2814,3.8531271540066085,"observed_coordinate_medoid; source reference, not survey truth",146674645505540
606,1,UMTS,1020,3189,radio-c5c63e6eaefe64af,32.11570042585465,20.069800431587698,1,False,False,False,False,0,Al-Madar,5,1700524800000,1757289600000,Libyan_cells_dataset/cells.sqlite3,sqlite:1399|sqlite:1450|sqlite:1984|sqlite:2030|sqlite:2133,sqlite:2030,0.07467851164385111,"observed_coordinate_medoid; source reference, not survey truth",72005921035238
606,0,LTE,2110,3653,radio-c5ceabe52846f810,32.52210091011046,13.911000799910074,1,False,False,False,False,0,Libyana,1,1781308800000,1785456000000,Libyan_cells_dataset/cells.sqlite3,sqlite:1054,sqlite:1054,0.0,"observed_coordinate_medoid; source reference, not survey truth",169152509371584
606,0,LTE,6410,2022,radio-c5fe9239a5f1e9f9,32.75475692749,21.747140884399,1,False,False,False,False,0,Libyana,2,1750118400000,1750154314000,Libyan_cells_dataset/cells.sqlite3|data/new_data/libya_collected_antennas/cellmapper/cellmapper_libya_antennas.csv,collected:2506|sqlite:1262,collected:2506,6.091638629022062,"observed_coordinate_medoid; source reference, not survey truth",161816278414554
606,1,UMTS,1010,3064,radio-c62abdcddbe3523a,32.1208458,20.1023452,1,False,True,True,False,0,Al-Madar,4,1755196978000,1789998222000,data/new_data/libya_collected_antennas/cellmapper/cellmapper_libya_antennas.csv,collected:834|collected:835|collected:836|collected:837,collected:834,0.0,"observed_coordinate_medoid; source reference, not survey truth",106076412383710
606,0,GSM,4360,1065,radio-c62e1846891deec1,32.074900329510335,20.11650065571206,1,False,False,False,False,0,Libyana,5,1556582400000,1598918400000,Libyan_cells_dataset/cells.sqlite3,sqlite:2717|sqlite:2763|sqlite:2857|sqlite:2909|sqlite:3066,sqlite:2717,0.08185226168910313,"observed_coordinate_medoid; source reference, not survey truth",228965320648185
606,1,LTE,8091,4904,radio-c62ff441be63cc51,32.67140084936247,13.924900541603337,1,False,False,False,True,1,Al-Madar,1,1770422400000,1786060800000,Libyan_cells_dataset/cells.sqlite3,sqlite:108,sqlite:108,0.0,"observed_coordinate_medoid; source reference, not survey truth",244925253075358
606,0,UMTS,5310,1106,radio-c63429e1142aa111,32.1387244,20.1016183,1,False,True,True,False,0,Libyana,2,1563845624000,1785170833000,data/new_data/libya_collected_antennas/cellmapper/cellmapper_libya_antennas.csv,collected:1051|collected:1052,collected:1051,0.0,"observed_coordinate_medoid; source reference, not survey truth",100067423153380
606,0,LTE,6350,4021,radio-c64be7094b2c12ed,30.772000118029215,20.235500909057322,1,False,False,False,False,0,Libyana,1,1774310400000,1782086400000,Libyan_cells_dataset/cells.sqlite3,sqlite:1225,sqlite:1225,0.0,"observed_coordinate_medoid; source reference, not survey truth",223121378911103
606,1,LTE,4002,4405,radio-c658b7927c85fc2b,32.69900080349311,14.060400424944051,1,False,False,False,True,1,Al-Madar,1,1785628800000,1786060800000,Libyan_cells_dataset/cells.sqlite3,sqlite:386,sqlite:386,0.0,"observed_coordinate_medoid; source reference, not survey truth",190423734895440
606,0,LTE,1610,6234,radio-c65e644268201c65,32.837800274581056,13.065200317907603,1,False,False,False,False,0,Libyana,1,1762214400000,1783987200000,Libyan_cells_dataset/cells.sqlite3,sqlite:815,sqlite:815,0.0,"observed_coordinate_medoid; source reference, not survey truth",169291267299817
606,1,LTE,1230,101081,radio-c68657f22b396f60,32.07400079024782,20.097000135533662,1,False,False,False,True,1,Al-Madar,1,1756166400000,1785110400000,Libyan_cells_dataset/cells.sqlite3,sqlite:617,sqlite:617,0.0,"observed_coordinate_medoid; source reference, not survey truth",169804256875423
606,0,LTE,6370,4334,radio-c6933290c89f6d0a,31.203500916560166,16.567900438632527,1,False,False,False,False,0,Libyana,1,1643414400000,1655856000000,Libyan_cells_dataset/cells.sqlite3,sqlite:745,sqlite:745,0.0,"observed_coordinate_medoid; source reference, not survey truth",176504866125821
606,0,UMTS,5410,2071,radio-c6952a1e29c87cf2,32.80430035769324,21.86280053430579,1,False,False,False,False,0,Libyana,1,1596412800000,1782000000000,Libyan_cells_dataset/cells.sqlite3,sqlite:2587,sqlite:2587,0.0,"observed_coordinate_medoid; source reference, not survey truth",154365601882310
606,1,LTE,8091,4562,radio-c69af06f57df8ef6,32.65800045340646,13.598000854663587,1,False,False,False,True,1,Al-Madar,1,1755648000000,1786060800000,Libyan_cells_dataset/cells.sqlite3,sqlite:148,sqlite:148,0.0,"observed_coordinate_medoid; source reference, not survey truth",68612004468455
606,1,UMTS,1021,1254,radio-c6af7d1f7eb15f75,32.87230019360741,13.261700151136235,1,False,False,False,False,0,Al-Madar,2,1777420800000,1783036800000,Libyan_cells_dataset/cells.sqlite3,sqlite:1587|sqlite:1707,sqlite:1707,0.01887177386566782,"observed_coordinate_medoid; source reference, not survey truth",264001954004143
606,0,GSM,8278,1290,radio-c6d2f7928d8d723f,32.873700221141284,13.387900903916396,1,False,False,False,False,0,Libyana,2,1784764800000,1785369600000,Libyan_cells_dataset/cells.sqlite3,sqlite:3373|sqlite:3441,sqlite:3373,0.05874996803003661,"observed_coordinate_medoid; source reference, not survey truth",40258230958244
606,1,LTE,4331,4856,radio-c6d6c6c97a5aa3a8,32.160700767459225,13.007600950140084,1,False,False,False,True,1,Al-Madar,1,1775865600000,1775865600000,Libyan_cells_dataset/cells.sqlite3,sqlite:316,sqlite:316,0.0,"observed_coordinate_medoid; source reference, not survey truth",24475746277314
606,0,LTE,6340,4236,radio-c72cc8db29662904,32.05021585118952,20.114951031070756,1,False,False,False,False,0,Libyana,3,1769245501000,1789782162000,data/new_data/libya_collected_antennas/cellmapper/cellmapper_libya_antennas.csv,collected:179|collected:180|collected:181,collected:179,0.0,"observed_coordinate_medoid; source reference, not survey truth",34039837956317
606,0,LTE,1020,1548,radio-c73290ec107675db,32.65210071009588,13.958100841625573,1,False,False,False,False,0,Libyana,1,1775606400000,1785456000000,Libyan_cells_dataset/cells.sqlite3,sqlite:1041,sqlite:1041,0.0,"observed_coordinate_medoid; source reference, not survey truth",120566126165080
606,0,LTE,2120,6394,radio-c734ab23777bad45,32.74990077839197,13.492400976956155,1,False,False,False,False,0,Libyana,1,1755475200000,1787184000000,Libyan_cells_dataset/cells.sqlite3,sqlite:967,sqlite:967,0.0,"observed_coordinate_medoid; source reference, not survey truth",197689290876010
606,1,LTE,4021,5055,radio-c76e1bfef97bfe62,32.389600952187145,15.032600982851237,1,False,False,False,True,1,Al-Madar,1,1747440000000,1747440000000,Libyan_cells_dataset/cells.sqlite3,sqlite:465,sqlite:465,0.0,"observed_coordinate_medoid; source reference, not survey truth",25851658298562
606,0,LTE,2090,6466,radio-c79b4a52e1ecf0be,32.7531007578733,13.736200290134274,1,False,False,False,False,0,Libyana,1,1755820800000,1786924800000,Libyan_cells_dataset/cells.sqlite3,sqlite:1012,sqlite:1012,0.0,"observed_coordinate_medoid; source reference, not survey truth",92169253378170
606,0,LTE,6310,1161,radio-c7a3a9db5c4bf519,32.072654692331874,20.06258196830752,1,False,False,False,False,0,Libyana,6,1572394070000,1789634408000,data/new_data/libya_collected_antennas/cellmapper/cellmapper_libya_antennas.csv,collected:59|collected:60|collected:61|collected:62|collected:63|collected:64,collected:59,0.0,"observed_coordinate_medoid; source reference, not survey truth",221137231462206
606,1,UMTS,1030,3233,radio-c7dab6bce50b6e29,32.0458889007565,20.058783531189,1,False,False,False,False,0,Al-Madar,3,1686758901000,1789634408000,data/new_data/libya_collected_antennas/cellmapper/cellmapper_libya_antennas.csv,collected:701|collected:702|collected:703,collected:701,0.0,"observed_coordinate_medoid; source reference, not survey truth",226788770065477
606,1,GSM,3,6158,radio-c7e275b557dc274e,32.827300630468386,13.043000483841915,1,False,False,False,False,0,Al-Madar,6,1576800000000,1785715200000,Libyan_cells_dataset/cells.sqlite3,sqlite:3696|sqlite:3743|sqlite:3794|sqlite:4000|sqlite:4047|sqlite:4110,sqlite:3743,0.09824986221974348,"observed_coordinate_medoid; source reference, not survey truth",29859726437407
606,1,LTE,3,649,radio-c7e717d08c7ea024,32.81550033017357,13.020400930115178,1,False,False,False,True,1,Al-Madar,1,1774137600000,1787529600000,Libyan_cells_dataset/cells.sqlite3,sqlite:210,sqlite:210,0.0,"observed_coordinate_medoid; source reference, not survey truth",154850518561719
606,1,LTE,4101,4655,radio-c7f2d35521341871,32.777500586393955,13.302700626345459,1,False,False,False,True,1,Al-Madar,1,1773100800000,1777248000000,Libyan_cells_dataset/cells.sqlite3,sqlite:363,sqlite:363,0.0,"observed_coordinate_medoid; source reference, not survey truth",108172597429981
606,0,LTE,6350,4001,radio-c810e5480389b09e,30.745000294589286,20.231500840447055,1,False,False,False,False,0,Libyana,1,1780185600000,1782864000000,Libyan_cells_dataset/cells.sqlite3,sqlite:1222,sqlite:1222,0.0,"observed_coordinate_medoid; source reference, not survey truth",238837777208016
606,1,LTE,1220,101721,radio-c8200cb9000fd027,32.11340039329307,20.10080034620604,1,False,False,False,True,1,Al-Madar,1,1768521600000,1785456000000,Libyan_cells_dataset/cells.sqlite3,sqlite:639,sqlite:639,0.0,"observed_coordinate_medoid; source reference, not survey truth",98510530378234
606,1,GSM,2001,1045,radio-c82061fc02a8672d,32.53630067338863,14.238700671450285,1,False,False,False,False,0,Al-Madar,3,1748131200000,1748217600000,Libyan_cells_dataset/cells.sqlite3,sqlite:3836|sqlite:3878|sqlite:3961,sqlite:3878,0.051054573232380315,"observed_coordinate_medoid; source reference, not survey truth",117538068930548
606,1,UMTS,1011,1779,radio-c8333dce6d9a1d93,32.86670025983533,13.206400456274142,1,False,False,False,False,0,Al-Madar,1,1597795200000,1597795200000,Libyan_cells_dataset/cells.sqlite3,sqlite:1650,sqlite:1650,0.0,"observed_coordinate_medoid; source reference, not survey truth",181784592085467
606,0,LTE,6390,6028,radio-c87fc700c3c903ee,32.48790053436869,20.84660023211265,1,False,False,False,False,0,Libyana,1,1777420800000,1777420800000,Libyan_cells_dataset/cells.sqlite3,sqlite:1203,sqlite:1203,0.0,"observed_coordinate_medoid; source reference, not survey truth",257437130220883
606,1,GSM,2000,1463,radio-c8b037197e7ea404,32.56190086343542,14.027800494719582,1,False,False,False,False,0,Al-Madar,3,1777507200000,1782950400000,Libyan_cells_dataset/cells.sqlite3,sqlite:3851|sqlite:3893|sqlite:3978,sqlite:3893,0.07548003108904806,"observed_coordinate_medoid; source reference, not survey truth",220535338128876
606,0,UMTS,5390,1180,radio-c8ecb80c6a5d315c,32.21647331042181,20.16716590294461,1,False,False,False,False,0,Libyana,3,1702217182000,1788116175000,data/new_data/libya_collected_antennas/cellmapper/cellmapper_libya_antennas.csv,collected:1115|collected:1116|collected:1117,collected:1115,0.0,"observed_coordinate_medoid; source reference, not survey truth",86577242816675
606,0,UMTS,5330,1482,radio-c9084b52bb005ee4,32.10928726196289,20.12331771850586,1,False,False,False,False,0,Libyana,1,1788116170000,1788116172000,data/new_data/libya_collected_antennas/cellmapper/cellmapper_libya_antennas.csv,collected:1138,collected:1138,0.0,"observed_coordinate_medoid; source reference, not survey truth",47647526316734
606,0,LTE,2150,2034,radio-c91c06dc3327b70b,32.74781521883878,12.7126934745095,1,False,False,False,False,0,Libyana,3,1777406263000,1777406264000,data/new_data/libya_collected_antennas/cellmapper/cellmapper_libya_antennas.csv,collected:338|collected:339|collected:340,collected:338,0.0,"observed_coordinate_medoid; source reference, not survey truth",167140245787733
606,0,GSM,4380,1073,radio-c924684af361196b,32.09490021379516,20.108300563049884,1,False,False,False,False,0,Libyana,4,1595289600000,1595289600000,Libyan_cells_dataset/cells.sqlite3,sqlite:2819|sqlite:2881|sqlite:2929|sqlite:2965,sqlite:2881,0.052348150969723915,"observed_coordinate_medoid; source reference, not survey truth",274308277594665
606,1,LTE,4311,4783,radio-c94bf2a24639a3bf,31.96590080210241,12.366600242022102,1,False,False,False,True,1,Al-Madar,1,1764374400000,1764374400000,Libyan_cells_dataset/cells.sqlite3,sqlite:290,sqlite:290,0.0,"observed_coordinate_medoid; source reference, not survey truth",238252205636099
606,1,GSM,1,1028,radio-c9611e74467679b7,32.89130067301599,13.174100533928248,1,False,False,False,False,0,Al-Madar,7,1351296000000,1351296000000,Libyan_cells_dataset/cells.sqlite3,sqlite:3660|sqlite:3672|sqlite:3722|sqlite:3773|sqlite:3989|sqlite:4039|sqlite:4089,sqlite:3660,0.0976325888596764,"observed_coordinate_medoid; source reference, not survey truth",246152343488000
606,0,UMTS,5410,2075,radio-c9a31beea4bfae13,32.7940466740066,21.868305210994745,1,False,False,False,False,0,Libyana,10,1743811200000,1773841327000,Libyan_cells_dataset/cells.sqlite3|data/new_data/libya_collected_antennas/cellmapper/cellmapper_libya_antennas.csv,collected:1310|collected:1311|collected:1312|collected:1313|collected:1314|collected:1315|collected:1316|collected:1317|collected:1318|sqlite:2593,collected:1310,5.119316587017534,"observed_coordinate_medoid; source reference, not survey truth",109295387636683
606,0,LTE,2110,3741,radio-c9a63b388cd34ad6,32.467500553886886,13.918700473008364,1,False,False,False,False,0,Libyana,1,1777507200000,1781308800000,Libyan_cells_dataset/cells.sqlite3,sqlite:1078,sqlite:1078,0.0,"observed_coordinate_medoid; source reference, not survey truth",217119371720881
606,0,GSM,8251,1812,radio-c9b8fe0a44d2870b,32.77080072903549,13.122100461075513,1,False,False,False,False,0,Libyana,6,1782864000000,1786492800000,Libyan_cells_dataset/cells.sqlite3,sqlite:3240|sqlite:3287|sqlite:3334|sqlite:3415|sqlite:3482|sqlite:3546,sqlite:3287,0.09108718802469,"observed_coordinate_medoid; source reference, not survey truth",38193352293786
606,0,UMTS,5410,2010,radio-c9db6c4d50bb9a20,32.72720012858706,21.777900581246744,1,False,False,False,False,0,Libyana,1,1780704000000,1780704000000,Libyan_cells_dataset/cells.sqlite3,sqlite:2578,sqlite:2578,0.0,"observed_coordinate_medoid; source reference, not survey truth",207253679966039
606,0,GSM,9360,4008,radio-ca01859a4617f9c4,27.04020049256169,14.422000902090637,1,False,False,False,False,0,Libyana,1,1454112000000,1454112000000,Libyan_cells_dataset/cells.sqlite3,sqlite:3608,sqlite:3608,0.0,"observed_coordinate_medoid; source reference, not survey truth",115896273054582
606,0,LTE,4041,4032,radio-ca0515d736b33580,32.34320057109909,15.098600658299707,1,False,False,False,False,0,Libyana,1,1576022400000,1781827200000,Libyan_cells_dataset/cells.sqlite3,sqlite:495,sqlite:495,0.0,"observed_coordinate_medoid; source reference, not survey truth",195619847355667
606,0,GSM,4400,1180,radio-ca62e918195bb265,32.22010063072006,20.17090054771041,1,False,False,False,False,0,Libyana,2,1702166400000,1706918400000,Libyan_cells_dataset/cells.sqlite3,sqlite:2975|sqlite:3006,sqlite:2975,0.033182145574614595,"observed_coordinate_medoid; source reference, not survey truth",127002052376828
606,1,LTE,3,127,radio-ca8ac53b5d4327d1,32.820700823678166,12.975000977519834,1,False,False,False,True,1,Al-Madar,1,1575331200000,1787529600000,Libyan_cells_dataset/cells.sqlite3,sqlite:227,sqlite:227,0.0,"observed_coordinate_medoid; source reference, not survey truth",72561343444339
606,0,UMTS,5410,2021,radio-ca8bb3b50f856896,32.76400052300748,21.74920064034231,1,False,False,False,False,0,Libyana,1,1773100800000,1788480000000,Libyan_cells_dataset/cells.sqlite3,sqlite:2598,sqlite:2598,0.0,"observed_coordinate_medoid; source reference, not survey truth",89927858783583
606,1,UMTS,303,4239,radio-ca965eafa12c6624,32.36310065968707,15.098600435506427,1,False,False,False,False,0,Al-Madar,2,1576022400000,1576022400000,Libyan_cells_dataset/cells.sqlite3,sqlite:1483|sqlite:1548,sqlite:1548,0.011579484290473802,"observed_coordinate_medoid; source reference, not survey truth",60221885781597
606,1,LTE,10,355,radio-ca97c5f3466e1101,32.68320088082404,13.175500963426147,1,False,False,False,True,1,Al-Madar,1,1755734400000,1781481600000,Libyan_cells_dataset/cells.sqlite3,sqlite:341,sqlite:341,0.0,"observed_coordinate_medoid; source reference, not survey truth",170857872731598
606,0,LTE,6340,1271,radio-ca9dddc5fbaace4e,31.669100525759436,20.256000854480188,1,False,False,False,False,0,Libyana,1,1769299200000,1787529600000,Libyan_cells_dataset/cells.sqlite3,sqlite:1170,sqlite:1170,0.0,"observed_coordinate_medoid; source reference, not survey truth",168905104287911
606,0,GSM,4380,1096,radio-caa29b2a069303a6,32.080700437956175,20.121300848820567,1,False,False,False,False,0,Libyana,2,1598918400000,1782604800000,Libyan_cells_dataset/cells.sqlite3,sqlite:2832|sqlite:2944,sqlite:2832,0.06860267274134371,"observed_coordinate_medoid; source reference, not survey truth",378787682372
606,1,GSM,1113,1086,radio-caa485a9f5d3f9e1,32.09030072448769,20.105900691905074,1,False,False,False,False,0,Al-Madar,2,1579478400000,1772582400000,Libyan_cells_dataset/cells.sqlite3,sqlite:4160|sqlite:4213,sqlite:4213,0.008909181206774313,"observed_coordinate_medoid; source reference, not survey truth",175720063173254
606,1,LTE,4331,4529,radio-caaf00dccb7bbb11,32.121200709457646,12.91300066058235,1,False,False,False,True,1,Al-Madar,1,1775174400000,1775865600000,Libyan_cells_dataset/cells.sqlite3,sqlite:299,sqlite:299,0.0,"observed_coordinate_medoid; source reference, not survey truth",68754049170434
606,1,LTE,1230,102731,radio-cab4451b4c3e7930,32.07180090875302,20.112200883976943,1,False,False,False,True,1,Al-Madar,1,1768089600000,1785110400000,Libyan_cells_dataset/cells.sqlite3,sqlite:681,sqlite:681,0.0,"observed_coordinate_medoid; source reference, not survey truth",272025730935315
606,0,LTE,1710,1017,radio-cabe0608176afd48,32.856037045915315,13.18614052644673,1,False,False,False,False,0,Libyana,12,1557953680000,1789781959000,data/new_data/libya_collected_antennas/cellmapper/cellmapper_libya_antennas.csv,collected:1432|collected:1433|collected:1434|collected:1435|collected:1436|collected:1437|collected:1438|collected:1439|collected:1440|collected:1441|collected:1442|collected:1443,collected:1432,0.0,"observed_coordinate_medoid; source reference, not survey truth",161935932155980
606,1,UMTS,2011,214,radio-caf6e5ae54202189,32.790100561101575,13.079500400076055,1,False,False,False,False,0,Al-Madar,4,1576713600000,1576713600000,Libyan_cells_dataset/cells.sqlite3,sqlite:1832|sqlite:1882|sqlite:2082|sqlite:2182,sqlite:1882,0.05940982273451016,"observed_coordinate_medoid; source reference, not survey truth",191073453426276
606,1,GSM,14,1024,radio-cb0596310032eb62,32.760400199507245,13.142800819292024,1,False,False,False,False,0,Al-Madar,1,1756252800000,1785715200000,Libyan_cells_dataset/cells.sqlite3,sqlite:3657,sqlite:3657,0.0,"observed_coordinate_medoid; source reference, not survey truth",117478294511060
606,1,LTE,3,173,radio-cb2655f3ab9a2163,32.764100738918046,13.092700372989173,1,False,False,False,True,1,Al-Madar,1,1768780800000,1782864000000,Libyan_cells_dataset/cells.sqlite3,sqlite:404,sqlite:404,0.0,"observed_coordinate_medoid; source reference, not survey truth",274813190286277
606,0,GSM,4340,1181,radio-cb2ddbd3975368c3,32.097700548402166,20.100300387750753,1,False,False,False,False,0,Libyana,7,1595289600000,1595289600000,Libyan_cells_dataset/cells.sqlite3,sqlite:2744|sqlite:2789|sqlite:2815|sqlite:2874|sqlite:2923|sqlite:2960|sqlite:3093,sqlite:2874,0.07427522139173592,"observed_coordinate_medoid; source reference, not survey truth",80010180746832
606,0,LTE,6340,1185,radio-cb3af2eb25e53c92,32.042354583740234,20.026880264282227,1,False,False,False,False,0,Libyana,1,1788116144000,1788116152000,data/new_data/libya_collected_antennas/cellmapper/cellmapper_libya_antennas.csv,collected:2331,collected:2331,0.0,"observed_coordinate_medoid; source reference, not survey truth",239456062025271
606,0,LTE,2140,2395,radio-cb6cb08ecdf4d83b,32.738700323028105,12.915300612164378,1,False,False,False,False,0,Libyana,1,1787443200000,1787443200000,Libyan_cells_dataset/cells.sqlite3,sqlite:875,sqlite:875,0.0,"observed_coordinate_medoid; source reference, not survey truth",70727935028580
606,0,LTE,1610,1809,radio-cb814c7324a32c16,32.86240021138882,13.157200312262425,1,False,False,False,False,0,Libyana,1,1575244800000,1787529600000,Libyan_cells_dataset/cells.sqlite3,sqlite:711,sqlite:711,0.0,"observed_coordinate_medoid; source reference, not survey truth",150355602537430
606,0,GSM,4460,2073,radio-cb8f584ee44b711b,32.79910091233653,21.862700358115575,1,False,False,False,False,0,Libyana,1,1743811200000,1784764800000,Libyan_cells_dataset/cells.sqlite3,sqlite:3045,sqlite:3045,0.0,"observed_coordinate_medoid; source reference, not survey truth",88877542743829
606,0,LTE,6390,1248,radio-cbcef04fcb626103,32.26845807445292,20.21956560563068,1,False,False,False,False,0,Libyana,3,1788116174000,1788116175000,data/new_data/libya_collected_antennas/cellmapper/cellmapper_libya_antennas.csv,collected:376|collected:377|collected:378,collected:376,0.0,"observed_coordinate_medoid; source reference, not survey truth",24515311008828
606,0,LTE,6330,1044,radio-cbe5184a540ae020,32.1018867,20.1160748,1,False,True,True,False,0,Libyana,8,1579690526000,1789602228000,data/new_data/libya_collected_antennas/cellmapper/cellmapper_libya_antennas.csv,collected:1618|collected:1619|collected:1620|collected:1621|collected:1622|collected:1623|collected:1624|collected:1625,collected:1618,0.0,"observed_coordinate_medoid; source reference, not survey truth",67217115913843
606,0,LTE,2120,6366,radio-cbfd598430e2dd9f,32.674000117928294,13.353000125947739,1,False,False,False,False,0,Libyana,1,1755388800000,1787184000000,Libyan_cells_dataset/cells.sqlite3,sqlite:918,sqlite:918,0.0,"observed_coordinate_medoid; source reference, not survey truth",123476596061179
606,0,LTE,2120,1676,radio-cc0cfa291fc4f200,32.84910093730828,13.308500475567701,1,False,False,False,False,0,Libyana,1,1761609600000,1761609600000,Libyan_cells_dataset/cells.sqlite3,sqlite:1317,sqlite:1317,0.0,"observed_coordinate_medoid; source reference, not survey truth",104814253947483
606,0,UMTS,5330,1602,radio-cc469b139a65961f,32.0997125837538,20.14743842018975,1,False,False,False,False,0,Libyana,3,1781385869000,1789500226000,data/new_data/libya_collected_antennas/cellmapper/cellmapper_libya_antennas.csv,collected:1180|collected:1181|collected:1182,collected:1180,0.0,"observed_coordinate_medoid; source reference, not survey truth",34908664276464
606,1,LTE,4002,5235,radio-cc58314431deed9f,32.62830075464158,13.99220082669218,1,False,False,False,True,1,Al-Madar,1,1775606400000,1776816000000,Libyan_cells_dataset/cells.sqlite3,sqlite:377,sqlite:377,0.0,"observed_coordinate_medoid; source reference, not survey truth",259118900751336
606,1,GSM,2000,1464,radio-cc69a9a3a2a1670e,32.57180044969023,14.02220043378278,1,False,False,False,False,0,Al-Madar,2,1777507200000,1783555200000,Libyan_cells_dataset/cells.sqlite3,sqlite:3859|sqlite:3898,sqlite:3859,0.05009828427095532,"observed_coordinate_medoid; source reference, not survey truth",135846256412062
606,0,GSM,4330,1139,radio-cc7fb2275f10417c,32.1288016,20.1167316,1,False,True,True,False,0,Libyana,5,1739059200000,1781038556000,Libyan_cells_dataset/cells.sqlite3|data/new_data/libya_collected_antennas/cellmapper/cellmapper_libya_antennas.csv,collected:1123|collected:1124|collected:1125|sqlite:2841|sqlite:2985,collected:1123,41.35669351338877,"observed_coordinate_medoid; source reference, not survey truth",4616283806230
606,1,GSM,1112,1067,radio-ccb922a1abf08e70,32.1157543,20.0854999,1,False,True,True,False,0,Al-Madar,5,1563840000000,1786731123000,Libyan_cells_dataset/cells.sqlite3|data/new_data/libya_collected_antennas/cellmapper/cellmapper_libya_antennas.csv,collected:906|collected:907|collected:908|sqlite:4141|sqlite:4196,collected:906,5.115161005585028,"observed_coordinate_medoid; source reference, not survey truth",105925645189873
606,0,LTE,2120,1363,radio-ccbdfba932acd114,32.57600039488543,13.478800754376921,1,False,False,False,False,0,Libyana,1,1785024000000,1785024000000,Libyan_cells_dataset/cells.sqlite3,sqlite:930,sqlite:930,0.0,"observed_coordinate_medoid; source reference, not survey truth",232892063134577
606,1,LTE,3,538,radio-ccc40c1df710f982,32.76930067712114,13.097200266020595,1,False,False,False,True,1,Al-Madar,1,1768780800000,1782864000000,Libyan_cells_dataset/cells.sqlite3,sqlite:170,sqlite:170,0.0,"observed_coordinate_medoid; source reference, not survey truth",98307970643379
606,0,LTE,2090,1847,radio-cce6f1d157cc4212,32.681800326994484,13.889000656251723,1,False,False,False,False,0,Libyana,1,1775606400000,1781308800000,Libyan_cells_dataset/cells.sqlite3,sqlite:1033,sqlite:1033,0.0,"observed_coordinate_medoid; source reference, not survey truth",32970051885880
606,0,LTE,2120,6376,radio-cd076591b644edb9,32.70040021218156,13.323800902343049,1,False,False,False,False,0,Libyana,1,1755475200000,1787184000000,Libyan_cells_dataset/cells.sqlite3,sqlite:937,sqlite:937,0.0,"observed_coordinate_medoid; source reference, not survey truth",65725275712360
606,0,LTE,4011,4055,radio-cd198bb144c662c0,32.46870084401967,14.573200199123777,1,False,False,False,False,0,Libyana,1,1566604800000,1582070400000,Libyan_cells_dataset/cells.sqlite3,sqlite:452,sqlite:452,0.0,"observed_coordinate_medoid; source reference, not survey truth",170615061787489
606,0,LTE,1810,1725,radio-cd27b33bee680bf4,32.894145727478026,13.191975958622724,1,False,False,False,False,0,Libyana,5,1575392329000,1786871714000,data/new_data/libya_collected_antennas/cellmapper/cellmapper_libya_antennas.csv,collected:569|collected:570|collected:571|collected:572|collected:573,collected:569,0.0,"observed_coordinate_medoid; source reference, not survey truth",112860715617353
606,0,LTE,6310,1024,radio-cd4ec281d6e36d1c,32.0980502,20.0808252,1,False,True,True,False,0,Libyana,11,1579493372000,1789910964000,data/new_data/libya_collected_antennas/cellmapper/cellmapper_libya_antennas.csv,collected:1482|collected:1483|collected:1484|collected:1485|collected:1486|collected:1487|collected:1488|collected:1489|collected:1490|collected:1491|collected:1492,collected:1482,0.0,"observed_coordinate_medoid; source reference, not survey truth",149654912084262
606,0,GSM,4380,1067,radio-cd61e9b7c2f52bb2,32.09060038913121,20.12590051427099,1,False,False,False,False,0,Libyana,2,1556841600000,1782777600000,Libyan_cells_dataset/cells.sqlite3,sqlite:2839|sqlite:2983,sqlite:2983,0.011739334397341799,"observed_coordinate_medoid; source reference, not survey truth",109114746937290
606,0,LTE,6310,1084,radio-cd80eab061ba183a,32.1328983,20.0963726,1,False,True,True,False,0,Libyana,10,1575392270000,1789112542000,data/new_data/libya_collected_antennas/cellmapper/cellmapper_libya_antennas.csv,collected:1861|collected:1862|collected:1863|collected:1864|collected:1865|collected:1866|collected:1867|collected:1868|collected:1869|collected:1870,collected:1861,0.0,"observed_coordinate_medoid; source reference, not survey truth",57762620250008
606,0,LTE,4101,4608,radio-cd8b5054e6e5a38c,32.5025004442665,13.41130050821436,1,False,False,False,False,0,Libyana,1,1775260800000,1777334400000,Libyan_cells_dataset/cells.sqlite3,sqlite:402,sqlite:402,0.0,"observed_coordinate_medoid; source reference, not survey truth",201712602616205
606,1,LTE,4002,5153,radio-cdc329cf2b8afb8e,32.492800506663784,14.183300187003868,1,False,False,False,True,1,Al-Madar,1,1748044800000,1787529600000,Libyan_cells_dataset/cells.sqlite3,sqlite:399,sqlite:399,0.0,"observed_coordinate_medoid; source reference, not survey truth",69057573043365
606,1,UMTS,2011,21,radio-cdc8ce42662a4083,32.83340024758511,13.028200644803558,1,False,False,False,False,0,Al-Madar,4,1576713600000,1576713600000,Libyan_cells_dataset/cells.sqlite3,sqlite:1794|sqlite:1844|sqlite:2044|sqlite:2144,sqlite:2144,0.05973884918658212,"observed_coordinate_medoid; source reference, not survey truth",166633400416230
606,0,UMTS,4240,3055,radio-cde45c7e1624cd24,27.09640014416279,14.410400210811613,1,False,False,False,False,0,Libyana,1,1686355200000,1686355200000,Libyan_cells_dataset/cells.sqlite3,sqlite:2669,sqlite:2669,0.0,"observed_coordinate_medoid; source reference, not survey truth",213844978825456
606,0,LTE,3240,10072,radio-cdf181bd6316d08e,27.068100529772536,14.427400119991367,1,False,False,False,False,0,Libyana,1,1785888000000,1785888000000,Libyan_cells_dataset/cells.sqlite3,sqlite:1282,sqlite:1282,0.0,"observed_coordinate_medoid; source reference, not survey truth",126254061689114
606,1,LTE,4002,4346,radio-cdfd0f4e37b63bf7,32.50510051809803,13.980200319551024,1,False,False,False,True,1,Al-Madar,1,1775692800000,1776902400000,Libyan_cells_dataset/cells.sqlite3,sqlite:379,sqlite:379,0.0,"observed_coordinate_medoid; source reference, not survey truth",4470241456512
606,1,LTE,4,2081,radio-ce17766f027652d3,32.762000588107426,12.565700977300668,1,False,False,False,True,1,Al-Madar,1,1787184000000,1787184000000,Libyan_cells_dataset/cells.sqlite3,sqlite:276,sqlite:276,0.0,"observed_coordinate_medoid; source reference, not survey truth",94621106777797
606,1,GSM,1115,1198,radio-ce2f8b3cbebfd961,31.655000696656238,20.01600045581154,1,False,False,False,False,0,Al-Madar,2,1744416000000,1787011200000,Libyan_cells_dataset/cells.sqlite3,sqlite:4149|sqlite:4244,sqlite:4149,0.04161930928408419,"observed_coordinate_medoid; source reference, not survey truth",48684249842083
606,0,UMTS,1510,1037,radio-ce314986452d9316,32.82440032413278,13.016500657166553,1,False,False,False,False,0,Libyana,4,1772668800000,1772668800000,Libyan_cells_dataset/cells.sqlite3,sqlite:2210|sqlite:2259|sqlite:2300|sqlite:2385,sqlite:2300,0.07159269536353657,"observed_coordinate_medoid; source reference, not survey truth",242986796043278
606,0,UMTS,2140,2184,radio-ce4c6599d69b95db,32.31470060991785,12.577800580897776,1,False,False,False,False,0,Libyana,1,1783728000000,1783728000000,Libyan_cells_dataset/cells.sqlite3,sqlite:2350,sqlite:2350,0.0,"observed_coordinate_medoid; source reference, not survey truth",1963298799279
606,1,LTE,14,809,radio-ce4e0a07ac686c1b,32.850100217898756,13.136000413731077,1,False,False,False,True,1,Al-Madar,1,1769817600000,1769817600000,Libyan_cells_dataset/cells.sqlite3,sqlite:25,sqlite:25,0.0,"observed_coordinate_medoid; source reference, not survey truth",12131242360898
606,1,LTE,3,907,radio-cebb5f04fe5dca63,32.77590048119598,13.102600970834274,1,False,False,False,True,1,Al-Madar,1,1768780800000,1782864000000,Libyan_cells_dataset/cells.sqlite3,sqlite:172,sqlite:172,0.0,"observed_coordinate_medoid; source reference, not survey truth",145218660681551
606,1,GSM,2000,1288,radio-cf006fdc1f4fc03c,32.62470049271728,13.965300537921754,1,False,False,False,False,0,Al-Madar,2,1779840000000,1789084800000,Libyan_cells_dataset/cells.sqlite3,sqlite:3854|sqlite:3982,sqlite:3854,0.02778069449550985,"observed_coordinate_medoid; source reference, not survey truth",44051074475807
606,1,UMTS,1021,908,radio-cf204839ed133a60,32.83970061678338,13.247900416473184,1,False,False,False,False,0,Al-Madar,3,1777334400000,1779840000000,Libyan_cells_dataset/cells.sqlite3,sqlite:1602|sqlite:1635|sqlite:1721,sqlite:1602,0.07942717929832752,"observed_coordinate_medoid; source reference, not survey truth",276998730842106
606,0,LTE,6330,1186,radio-cf24f558d6d6eca0,32.07413408973,20.116600275039676,1,False,False,False,False,0,Libyana,5,1575330639000,1790102358000,data/new_data/libya_collected_antennas/cellmapper/cellmapper_libya_antennas.csv,collected:2332|collected:2333|collected:2334|collected:2335|collected:2336,collected:2332,0.0,"observed_coordinate_medoid; source reference, not survey truth",190862083898217
606,0,GSM,4380,1042,radio-cf2cc912b7804c50,32.0874898,20.1106647,1,False,True,True,False,0,Libyana,4,1546202956000,1595307227000,data/new_data/libya_collected_antennas/cellmapper/cellmapper_libya_antennas.csv,collected:798|collected:799|collected:800|collected:801,collected:798,0.0,"observed_coordinate_medoid; source reference, not survey truth",58210570716951
606,0,LTE,2120,6385,radio-cf5d2ab6d9253943,32.69100084958402,13.211300817810057,1,False,False,False,False,0,Libyana,1,1755475200000,1787184000000,Libyan_cells_dataset/cells.sqlite3,sqlite:911,sqlite:911,0.0,"observed_coordinate_medoid; source reference, not survey truth",251906918212368
606,0,LTE,1020,4677,radio-cf8181fa5dd8e5b4,32.632200742837995,14.257500516611564,1,False,False,False,False,0,Libyana,1,1776988800000,1782864000000,Libyan_cells_dataset/cells.sqlite3,sqlite:1105,sqlite:1105,0.0,"observed_coordinate_medoid; source reference, not survey truth",122213027746525
606,1,LTE,4041,4067,radio-cf88571a08cbfb98,32.317500827680405,15.114100979407416,1,False,False,False,True,1,Al-Madar,1,1781827200000,1781827200000,Libyan_cells_dataset/cells.sqlite3,sqlite:488,sqlite:488,0.0,"observed_coordinate_medoid; source reference, not survey truth",232043105626726
606,0,LTE,6310,1062,radio-cf9a5c536e202e03,32.07954483032226,20.06122487386068,1,False,False,False,False,0,Libyana,12,1557105656000,1789521941000,data/new_data/libya_collected_antennas/cellmapper/cellmapper_libya_antennas.csv,collected:1743|collected:1744|collected:1745|collected:1746|collected:1747|collected:1748|collected:1749|collected:1750|collected:1751|collected:1752|collected:1753|collected:1754,collected:1743,0.0,"observed_coordinate_medoid; source reference, not survey truth",225537324706858
606,0,UMTS,5310,1084,radio-cfba761ed37d9d9e,32.1328983,20.0963726,1,False,True,True,False,0,Libyana,2,1702221567000,1702221568000,data/new_data/libya_collected_antennas/cellmapper/cellmapper_libya_antennas.csv,collected:1053|collected:1054,collected:1053,0.0,"observed_coordinate_medoid; source reference, not survey truth",57762620250008
606,1,UMTS,301,4172,radio-cfe18535f6f40ba8,32.570400670354246,14.092000430064164,1,False,False,False,False,0,Al-Madar,1,1783555200000,1783555200000,Libyan_cells_dataset/cells.sqlite3,sqlite:1340,sqlite:1340,0.0,"observed_coordinate_medoid; source reference, not survey truth",266731914104792
606,0,LTE,2140,2184,radio-d001ae7494980dce,32.3138008374065,12.57750086546214,1,False,False,False,False,0,Libyana,1,1783555200000,1783728000000,Libyan_cells_dataset/cells.sqlite3,sqlite:1307,sqlite:1307,0.0,"observed_coordinate_medoid; source reference, not survey truth",261163367885478
606,1,LTE,1,35,radio-d02e1a8e28eb08a9,32.87660097477348,13.207800597817442,1,False,False,False,True,1,Al-Madar,1,1782172800000,1782172800000,Libyan_cells_dataset/cells.sqlite3,sqlite:505,sqlite:505,0.0,"observed_coordinate_medoid; source reference, not survey truth",20512978726895
606,1,UMTS,2021,226,radio-d036356dfdfdec1a,32.70490046489334,13.121600622016139,1,False,False,False,False,0,Al-Madar,4,1747267200000,1747267200000,Libyan_cells_dataset/cells.sqlite3,sqlite:1834|sqlite:1884|sqlite:2084|sqlite:2184,sqlite:2184,0.08023472944737596,"observed_coordinate_medoid; source reference, not survey truth",272298992088063
606,1,UMTS,300,4186,radio-d0520e6b23b96e93,32.663400622510025,14.250600501758983,1,False,False,False,False,0,Al-Madar,1,1576195200000,1576195200000,Libyan_cells_dataset/cells.sqlite3,sqlite:1326,sqlite:1326,0.0,"observed_coordinate_medoid; source reference, not survey truth",151305049089941
606,0,LTE,2140,1524,radio-d06bc3d4958ae8b1,32.43350040338581,13.387200730187114,1,False,False,False,False,0,Libyana,1,1771718400000,1779408000000,Libyan_cells_dataset/cells.sqlite3,sqlite:1088,sqlite:1088,0.0,"observed_coordinate_medoid; source reference, not survey truth",130987390004322
606,0,LTE,2120,6386,radio-d06cc011a408033b,32.742100849395726,13.37420054565391,1,False,False,False,False,0,Libyana,1,1775606400000,1784678400000,Libyan_cells_dataset/cells.sqlite3,sqlite:947,sqlite:947,0.0,"observed_coordinate_medoid; source reference, not survey truth",108413117189419
606,1,LTE,4181,4412,radio-d0786803ae8d0228,30.75490067182293,20.209900409841214,1,False,False,False,True,1,Al-Madar,1,1782086400000,1782086400000,Libyan_cells_dataset/cells.sqlite3,sqlite:537,sqlite:537,0.0,"observed_coordinate_medoid; source reference, not survey truth",274911647600942
606,1,LTE,10,934,radio-d094993f92620176,32.68290084706807,13.164600137929504,1,False,False,False,True,1,Al-Madar,1,1755734400000,1778630400000,Libyan_cells_dataset/cells.sqlite3,sqlite:334,sqlite:334,0.0,"observed_coordinate_medoid; source reference, not survey truth",17774580447345
606,0,LTE,4002,4269,radio-d0994ab5a3af99d5,32.46320096465114,14.04630014103627,1,False,False,False,False,0,Libyana,1,1775779200000,1784678400000,Libyan_cells_dataset/cells.sqlite3,sqlite:390,sqlite:390,0.0,"observed_coordinate_medoid; source reference, not survey truth",118625807413877
606,0,UMTS,1510,1651,radio-d09f322676a04d98,32.813400646874356,12.979900430602589,1,False,False,False,False,0,Libyana,4,1772668800000,1772755200000,Libyan_cells_dataset/cells.sqlite3,sqlite:2235|sqlite:2284|sqlite:2322|sqlite:2410,sqlite:2410,0.08434815836568361,"observed_coordinate_medoid; source reference, not survey truth",77338013817034
606,1,GSM,2002,1281,radio-d0a8670f99ef0691,32.45450040539534,14.585600605653857,1,False,False,False,False,0,Al-Madar,4,1566604800000,1576195200000,Libyan_cells_dataset/cells.sqlite3,sqlite:3846|sqlite:3888|sqlite:3921|sqlite:3973,sqlite:3846,0.07935996592974247,"observed_coordinate_medoid; source reference, not survey truth",187253850865093
606,1,UMTS,2011,30,radio-d0b47c295c55c3a5,32.79460068301979,13.0268003073857,1,False,False,False,False,0,Al-Madar,4,1576713600000,1576713600000,Libyan_cells_dataset/cells.sqlite3,sqlite:1795|sqlite:1845|sqlite:2045|sqlite:2145,sqlite:1795,0.10739979800432951,"observed_coordinate_medoid; source reference, not survey truth",150113521606956
606,1,LTE,8,572,radio-d1179c0a85ce5072,32.890600963772606,13.277100971968986,1,False,False,False,True,1,Al-Madar,1,1759795200000,1771113600000,Libyan_cells_dataset/cells.sqlite3,sqlite:5,sqlite:5,0.0,"observed_coordinate_medoid; source reference, not survey truth",105986384560292
606,0,GSM,8264,1026,radio-d11fc92d3e1ecc13,32.891300146817706,13.171900276191318,1,False,False,False,False,0,Libyana,2,1786406400000,1786492800000,Libyan_cells_dataset/cells.sqlite3,sqlite:3429|sqlite:3503,sqlite:3429,0.023993997024722005,"observed_coordinate_medoid; source reference, not survey truth",156342534081104
606,0,LTE,2120,1047,radio-d1516e4164a67e7e,32.87560676577778,13.322156258777778,1,False,False,False,False,0,Libyana,6,1581232363000,1786930058000,data/new_data/libya_collected_antennas/cellmapper/cellmapper_libya_antennas.csv,collected:1636|collected:1637|collected:1638|collected:1639|collected:1640|collected:1641,collected:1636,0.0,"observed_coordinate_medoid; source reference, not survey truth",95915596421985
606,0,UMTS,1810,5002,radio-d17611ad3c1408c5,32.895900215879614,13.204800687108415,1,False,False,False,False,0,Libyana,2,1634428800000,1634428800000,Libyan_cells_dataset/cells.sqlite3,sqlite:2325|sqlite:2414,sqlite:2414,0.04476137801425948,"observed_coordinate_medoid; source reference, not survey truth",166355601297373
606,0,LTE,6350,4007,radio-d1a4e636d3d6b5e0,30.760300309493456,20.231100366270528,1,False,False,False,False,0,Libyana,1,1782086400000,1782086400000,Libyan_cells_dataset/cells.sqlite3,sqlite:1209,sqlite:1209,0.0,"observed_coordinate_medoid; source reference, not survey truth",81151675511064
606,0,LTE,6390,1138,radio-d1b006609c986fa4,32.23550022123307,20.18570025250913,1,True,False,False,False,0,Libyana,1,1575244800000,1787529600000,Libyan_cells_dataset/cells.sqlite3,sqlite:1246,sqlite:1246,0.0,"observed_coordinate_medoid; source reference, not survey truth",64692173148460
606,1,LTE,1240,102621,radio-d1c8c2fad2790e1c,32.103400321633764,20.17960093095583,1,False,False,False,True,1,Al-Madar,1,1733529600000,1733529600000,Libyan_cells_dataset/cells.sqlite3,sqlite:626,sqlite:626,0.0,"observed_coordinate_medoid; source reference, not survey truth",5509843546694
606,0,LTE,6310,1156,radio-d1cc91fd980d0180,32.091988,20.0936334,1,False,True,True,False,0,Libyana,8,1579493257000,1789910964000,data/new_data/libya_collected_antennas/cellmapper/cellmapper_libya_antennas.csv,collected:2184|collected:2185|collected:2186|collected:2187|collected:2188|collected:2189|collected:2190|collected:2191,collected:2184,0.0,"observed_coordinate_medoid; source reference, not survey truth",229331710982003
606,0,LTE,1050,4098,radio-d1e0a61e381cea57,32.024600395734986,15.044100889955436,1,False,False,False,False,0,Libyana,1,1782777600000,1782864000000,Libyan_cells_dataset/cells.sqlite3,sqlite:1135,sqlite:1135,0.0,"observed_coordinate_medoid; source reference, not survey truth",188252703694162
606,1,GSM,2000,1550,radio-d1eb4c028f886031,32.5266005739159,14.003100924890546,1,False,False,False,False,0,Al-Madar,2,1777507200000,1779408000000,Libyan_cells_dataset/cells.sqlite3,sqlite:3867|sqlite:3903,sqlite:3903,0.0453394062588743,"observed_coordinate_medoid; source reference, not survey truth",113483438211712
606,1,LTE,4001,4293,radio-d201b383510153e2,32.581900475408034,14.036700375188337,1,False,False,False,True,1,Al-Madar,1,1775606400000,1777075200000,Libyan_cells_dataset/cells.sqlite3,sqlite:380,sqlite:380,0.0,"observed_coordinate_medoid; source reference, not survey truth",219060822067524
606,0,LTE,2140,6392,radio-d20394d1e0b480b6,32.556100618061,13.059200497750039,1,False,False,False,False,0,Libyana,1,1781308800000,1783728000000,Libyan_cells_dataset/cells.sqlite3,sqlite:885,sqlite:885,0.0,"observed_coordinate_medoid; source reference, not survey truth",4238296566310
606,1,LTE,1250,106051,radio-d203dae0446e28be,32.754900482456186,21.761800798074788,1,False,False,False,True,1,Al-Madar,1,1780704000000,1780704000000,Libyan_cells_dataset/cells.sqlite3,sqlite:628,sqlite:628,0.0,"observed_coordinate_medoid; source reference, not survey truth",203901394107395
606,0,LTE,6340,1273,radio-d22640d859dedac7,31.665100909160916,20.25590026481485,1,False,False,False,False,0,Libyana,1,1769299200000,1786147200000,Libyan_cells_dataset/cells.sqlite3,sqlite:1188,sqlite:1188,0.0,"observed_coordinate_medoid; source reference, not survey truth",97230035742839
606,0,GSM,8278,1985,radio-d2499253c9fffe52,32.8730001260619,13.408200614594804,1,False,False,False,False,0,Libyana,1,1784764800000,1786492800000,Libyan_cells_dataset/cells.sqlite3,sqlite:3390,sqlite:3390,0.0,"observed_coordinate_medoid; source reference, not survey truth",191911943130952
606,0,LTE,6330,1184,radio-d25476f520a9dc02,32.0956257,20.1301976,1,False,True,True,False,0,Libyana,5,1781038555000,1789112544000,data/new_data/libya_collected_antennas/cellmapper/cellmapper_libya_antennas.csv,collected:2326|collected:2327|collected:2328|collected:2329|collected:2330,collected:2326,0.0,"observed_coordinate_medoid; source reference, not survey truth",233781073283027
606,0,LTE,6340,1188,radio-d26d056efe987d75,32.04424285888672,20.13855743408203,1,False,False,False,False,0,Libyana,5,1758537295000,1790102359000,data/new_data/libya_collected_antennas/cellmapper/cellmapper_libya_antennas.csv,collected:2339|collected:2340|collected:2341|collected:2342|collected:2343,collected:2339,0.0,"observed_coordinate_medoid; source reference, not survey truth",169549579105626
606,0,UMTS,5370,4321,radio-d273dcab46859acb,31.203900973047087,16.56060038431551,1,False,False,False,False,0,Libyana,1,1788220800000,1788220800000,Libyan_cells_dataset/cells.sqlite3,sqlite:2693,sqlite:2693,0.0,"observed_coordinate_medoid; source reference, not survey truth",153155742381597
606,1,LTE,4002,5149,radio-d280ee875b6b3fac,32.5884007652642,14.114900931468082,1,False,False,False,True,1,Al-Madar,1,1775779200000,1777075200000,Libyan_cells_dataset/cells.sqlite3,sqlite:394,sqlite:394,0.0,"observed_coordinate_medoid; source reference, not survey truth",255609851822656
606,1,LTE,1210,102691,radio-d2920b5e6d960ad1,32.182500831428875,20.142000228560253,1,False,False,False,True,1,Al-Madar,1,1768521600000,1786665600000,Libyan_cells_dataset/cells.sqlite3,sqlite:613,sqlite:613,0.0,"observed_coordinate_medoid; source reference, not survey truth",46593782483033
606,0,UMTS,1810,106,radio-d2a66c73b0fd7d19,32.874000804016376,13.193500159653881,1,False,False,False,False,0,Libyana,4,1772841600000,1772841600000,Libyan_cells_dataset/cells.sqlite3,sqlite:2224|sqlite:2273|sqlite:2313|sqlite:2399,sqlite:2399,0.06612627167993823,"observed_coordinate_medoid; source reference, not survey truth",223978504540186
606,1,UMTS,2011,140,radio-d2b925622c141712,32.85480041427424,13.114400831842314,1,False,False,False,False,0,Al-Madar,4,1576713600000,1576800000000,Libyan_cells_dataset/cells.sqlite3,sqlite:1821|sqlite:1871|sqlite:2071|sqlite:2171,sqlite:2071,0.05675574440238439,"observed_coordinate_medoid; source reference, not survey truth",77543770008258
606,1,GSM,6,1020,radio-d2b92896b86f6d5e,32.375400388330185,15.087000472495628,1,False,False,False,False,0,Al-Madar,5,1358208000000,1358208000000,Libyan_cells_dataset/cells.sqlite3,sqlite:3650|sqlite:3679|sqlite:3911|sqlite:3931|sqlite:3941,sqlite:3650,0.09134910012927067,"observed_coordinate_medoid; source reference, not survey truth",114285167464436
606,0,GSM,4350,1156,radio-d2bc3d4cec731dad,32.091988,20.0936334,1,False,True,True,False,0,Libyana,5,1557270871000,1786972251000,data/new_data/libya_collected_antennas/cellmapper/cellmapper_libya_antennas.csv,collected:1004|collected:1005|collected:1006|collected:1007|collected:1008,collected:1004,0.0,"observed_coordinate_medoid; source reference, not survey truth",229331710982003
606,1,LTE,14,188,radio-d2d3d9d21dd27841,32.862400485673504,13.102400884508846,1,False,False,False,True,1,Al-Madar,1,1775433600000,1775433600000,Libyan_cells_dataset/cells.sqlite3,sqlite:204,sqlite:204,0.0,"observed_coordinate_medoid; source reference, not survey truth",179073161120214
606,1,LTE,4,2253,radio-d2f44e588cae2e60,32.74570060725536,12.71690092847787,1,False,False,False,True,1,Al-Madar,1,1771632000000,1771632000000,Libyan_cells_dataset/cells.sqlite3,sqlite:258,sqlite:258,0.0,"observed_coordinate_medoid; source reference, not survey truth",161535067332637
606,0,GSM,4370,1177,radio-d3001c1bc5645814,31.968500690462957,20.084900459972324,1,False,False,False,False,0,Libyana,3,1576022400000,1708992000000,Libyan_cells_dataset/cells.sqlite3,sqlite:2743|sqlite:2788|sqlite:3092,sqlite:2788,0.06819182715495056,"observed_coordinate_medoid; source reference, not survey truth",244034666481774
606,1,LTE,1250,106531,radio-d34b925d717c2495,32.77360017573272,21.789300245893084,1,False,False,False,True,1,Al-Madar,1,1757894400000,1780704000000,Libyan_cells_dataset/cells.sqlite3,sqlite:673,sqlite:673,0.0,"observed_coordinate_medoid; source reference, not survey truth",156061870111394
606,1,LTE,8091,4868,radio-d38b8997bd60fb49,32.734400400018906,13.739900909720687,1,False,False,False,True,1,Al-Madar,1,1761177600000,1786492800000,Libyan_cells_dataset/cells.sqlite3,sqlite:145,sqlite:145,0.0,"observed_coordinate_medoid; source reference, not survey truth",38933027945192
606,1,UMTS,330,3358,radio-d3b2f9cb44bf958e,32.010500346462166,11.470900562563672,1,False,False,False,False,0,Al-Madar,1,1783555200000,1783555200000,Libyan_cells_dataset/cells.sqlite3,sqlite:1679,sqlite:1679,0.0,"observed_coordinate_medoid; source reference, not survey truth",4167604552202
606,0,LTE,1810,7709,radio-d3d58d1a4e05b2ad,32.89700021550169,13.199400787446706,1,False,False,False,False,0,Libyana,1,1757808000000,1769817600000,Libyan_cells_dataset/cells.sqlite3,sqlite:720,sqlite:720,0.0,"observed_coordinate_medoid; source reference, not survey truth",140286788796860
606,0,LTE,6310,1081,radio-d3eec02a43161334,32.1223913,20.1130294,1,False,True,True,False,0,Libyana,3,1579690050000,1786122933000,data/new_data/libya_collected_antennas/cellmapper/cellmapper_libya_antennas.csv,collected:1855|collected:1856|collected:1857,collected:1855,0.0,"observed_coordinate_medoid; source reference, not survey truth",225950773108532
606,0,LTE,1710,1019,radio-d406fd55482d3dd2,32.84981167923135,13.161630608633835,1,False,False,False,False,0,Libyana,5,1579840283000,1786984136000,data/new_data/libya_collected_antennas/cellmapper/cellmapper_libya_antennas.csv,collected:1446|collected:1447|collected:1448|collected:1449|collected:1450,collected:1446,0.0,"observed_coordinate_medoid; source reference, not survey truth",187548988405679
606,0,LTE,6330,1073,radio-d40c820d2c563b32,32.0949116,20.1083413,1,False,True,True,False,0,Libyana,7,1773532800000,1789692142000,Libyan_cells_dataset/cells.sqlite3|data/new_data/libya_collected_antennas/cellmapper/cellmapper_libya_antennas.csv,collected:1796|collected:1797|collected:1798|collected:1799|collected:1800|collected:1801|sqlite:1177,collected:1796,3.9881945757038886,"observed_coordinate_medoid; source reference, not survey truth",274308277594665
606,1,LTE,4011,4237,radio-d410666a1d3b209d,32.570100757767506,14.091300692233043,1,False,False,False,True,1,Al-Madar,1,1775779200000,1785974400000,Libyan_cells_dataset/cells.sqlite3,sqlite:393,sqlite:393,0.0,"observed_coordinate_medoid; source reference, not survey truth",178146453720743
606,1,UMTS,301,4481,radio-d4206ffd2cea6cce,32.46180026855295,14.530600660904229,1,False,False,False,False,0,Al-Madar,2,1782864000000,1782864000000,Libyan_cells_dataset/cells.sqlite3,sqlite:1540|sqlite:1780,sqlite:1780,0.05125822819156065,"observed_coordinate_medoid; source reference, not survey truth",189309240733508
606,0,LTE,2120,1050,radio-d4340fed91b9d3b5,32.10194778442383,20.141979217529297,1,False,False,False,False,0,Libyana,10,1575452951000,1789602228000,data/new_data/libya_collected_antennas/cellmapper/cellmapper_libya_antennas.csv,collected:1656|collected:1657|collected:1658|collected:1659|collected:1660|collected:1661|collected:1662|collected:1663|collected:1664|collected:1665,collected:1656,0.0,"observed_coordinate_medoid; source reference, not survey truth",123034953394333
606,0,UMTS,5310,1151,radio-d44089c9970a832d,32.1202756,20.0913196,1,False,True,True,False,0,Libyana,2,1563845609000,1702238643000,data/new_data/libya_collected_antennas/cellmapper/cellmapper_libya_antennas.csv,collected:1216|collected:1217,collected:1216,0.0,"observed_coordinate_medoid; source reference, not survey truth",143375704430814
606,1,LTE,8,309,radio-d44c563f7a773a6e,32.88160086229943,13.236800789706312,1,False,False,False,True,1,Al-Madar,1,1768521600000,1771200000000,Libyan_cells_dataset/cells.sqlite3,sqlite:11,sqlite:11,0.0,"observed_coordinate_medoid; source reference, not survey truth",107773119012070
606,1,GSM,2000,1476,radio-d44ffe34323f5363,32.51360022724783,13.989200228936337,1,False,False,False,False,0,Al-Madar,2,1777507200000,1782950400000,Libyan_cells_dataset/cells.sqlite3,sqlite:3863|sqlite:3901,sqlite:3901,0.011439743501671228,"observed_coordinate_medoid; source reference, not survey truth",247280301381786
606,0,LTE,2120,1786,radio-d47e15e83ada8846,32.680500728366944,13.260400564666657,1,False,False,False,False,0,Libyana,1,1756166400000,1787097600000,Libyan_cells_dataset/cells.sqlite3,sqlite:924,sqlite:924,0.0,"observed_coordinate_medoid; source reference, not survey truth",251549680496230
606,0,GSM,4400,1124,radio-d4c9729d10b4c52d,32.2599003773921,20.21070032671214,1,False,False,False,False,0,Libyana,2,1702166400000,1702166400000,Libyan_cells_dataset/cells.sqlite3,sqlite:2974|sqlite:3005,sqlite:3005,0.0432113345852552,"observed_coordinate_medoid; source reference, not survey truth",216074358598477
606,1,LTE,3,82,radio-d4d07cc13b444c2b,32.772900913418134,13.005400575033452,1,False,False,False,True,1,Al-Madar,1,1774137600000,1781827200000,Libyan_cells_dataset/cells.sqlite3,sqlite:231,sqlite:231,0.0,"observed_coordinate_medoid; source reference, not survey truth",76434737440303
606,1,LTE,3,108,radio-d501fe46e12349d7,32.78490023383229,13.077800492034926,1,False,False,False,True,1,Al-Madar,1,1600214400000,1784073600000,Libyan_cells_dataset/cells.sqlite3,sqlite:523,sqlite:523,0.0,"observed_coordinate_medoid; source reference, not survey truth",217358635474204
606,1,GSM,2000,1458,radio-d5060a8102a9dc89,32.58010070305316,13.949300560244009,1,False,False,False,False,0,Al-Madar,6,1778284800000,1789084800000,Libyan_cells_dataset/cells.sqlite3,sqlite:3705|sqlite:3752|sqlite:3803|sqlite:3831|sqlite:3950|sqlite:4119,sqlite:3705,0.07723547519488708,"observed_coordinate_medoid; source reference, not survey truth",72799089120516
606,1,LTE,11,2173,radio-d510beace7c4a7b9,32.91990082700801,12.109300849154872,1,False,False,False,True,1,Al-Madar,1,1772668800000,1772668800000,Libyan_cells_dataset/cells.sqlite3,sqlite:286,sqlite:286,0.0,"observed_coordinate_medoid; source reference, not survey truth",45386918235862
606,1,UMTS,302,4394,radio-d522a00a6cfc6fc5,32.35500073754371,15.053400436846662,1,False,False,False,False,0,Al-Madar,1,1576022400000,1576022400000,Libyan_cells_dataset/cells.sqlite3,sqlite:1499,sqlite:1499,0.0,"observed_coordinate_medoid; source reference, not survey truth",10472530415450
606,0,UMTS,1050,4140,radio-d53261ac31fa402c,32.359886214354,15.087989312221502,1,False,False,False,False,0,Libyana,4,1584144000000,1584230087000,Libyan_cells_dataset/cells.sqlite3|data/new_data/libya_collected_antennas/cellmapper/cellmapper_libya_antennas.csv,collected:1027|collected:1028|sqlite:2196|sqlite:2246,collected:1027,1.9449503493154485,"observed_coordinate_medoid; source reference, not survey truth",28959672934757
606,0,LTE,2040,3510,radio-d547faf6e8f547f9,32.007900600688004,11.470400714140027,1,False,False,False,False,0,Libyana,1,1783555200000,1783555200000,Libyan_cells_dataset/cells.sqlite3,sqlite:1289,sqlite:1289,0.0,"observed_coordinate_medoid; source reference, not survey truth",144576718956403
606,0,LTE,1050,4194,radio-d55fde4117446c02,31.456500624680626,15.25500046692852,1,False,False,False,False,0,Libyana,1,1782777600000,1782864000000,Libyan_cells_dataset/cells.sqlite3,sqlite:1144,sqlite:1144,0.0,"observed_coordinate_medoid; source reference, not survey truth",173309821098467
606,1,LTE,14,59,radio-d562a43402af04e0,32.841400408116925,13.103000520004874,1,False,False,False,True,1,Al-Madar,1,1775347200000,1781740800000,Libyan_cells_dataset/cells.sqlite3,sqlite:510,sqlite:510,0.0,"observed_coordinate_medoid; source reference, not survey truth",176010204374450
606,0,LTE,6310,1141,radio-d57755b8c578c018,32.10440528392799,20.086838185787165,1,False,False,False,False,0,Libyana,2,1578873158000,1755433253000,data/new_data/libya_collected_antennas/cellmapper/cellmapper_libya_antennas.csv,collected:2109|collected:2110,collected:2109,0.0,"observed_coordinate_medoid; source reference, not survey truth",190737878026388
606,1,UMTS,2011,65,radio-d583042fa346f687,32.84830043481202,13.099800550849508,1,False,False,False,False,0,Al-Madar,4,1576713600000,1576800000000,Libyan_cells_dataset/cells.sqlite3,sqlite:1802|sqlite:1852|sqlite:2052|sqlite:2152,sqlite:2052,0.04807786368418369,"observed_coordinate_medoid; source reference, not survey truth",29695061771831
606,0,LTE,4031,4124,radio-d589ee18c13837f4,32.3666009662274,15.178400263502363,1,False,False,False,False,0,Libyana,1,1665878400000,1665878400000,Libyan_cells_dataset/cells.sqlite3,sqlite:479,sqlite:479,0.0,"observed_coordinate_medoid; source reference, not survey truth",84925159616500
606,1,GSM,2036,1939,radio-d58c249ae1f5d7d8,32.43840054524597,13.656100614117815,1,False,False,False,False,0,Al-Madar,6,1774828800000,1779408000000,Libyan_cells_dataset/cells.sqlite3,sqlite:3676|sqlite:3726|sqlite:3777|sqlite:3824|sqlite:3940|sqlite:4093,sqlite:3940,0.07225292948911138,"observed_coordinate_medoid; source reference, not survey truth",16784209125447
606,0,LTE,6430,3031,radio-d5924eac496d0329,32.067700468653115,23.965400360017373,1,False,False,False,False,0,Libyana,1,1571702400000,1571702400000,Libyan_cells_dataset/cells.sqlite3,sqlite:1274,sqlite:1274,0.0,"observed_coordinate_medoid; source reference, not survey truth",100264604003333
606,0,LTE,1710,1107,radio-d5968a5f86173183,32.8571005833501,13.227700754988039,1,False,False,False,False,0,Libyana,1,1642464000000,1783987200000,Libyan_cells_dataset/cells.sqlite3,sqlite:796,sqlite:796,0.0,"observed_coordinate_medoid; source reference, not survey truth",164774526642587
606,0,LTE,1020,1372,radio-d5d7da05f272642c,32.68600066118435,14.105600591971054,1,False,False,False,False,0,Libyana,1,1779408000000,1782864000000,Libyan_cells_dataset/cells.sqlite3,sqlite:1057,sqlite:1057,0.0,"observed_coordinate_medoid; source reference, not survey truth",28553664959218
606,1,LTE,1230,101751,radio-d5de5237b1277f78,32.07840067746511,20.10700051877205,1,False,False,False,True,1,Al-Madar,1,1769817600000,1785110400000,Libyan_cells_dataset/cells.sqlite3,sqlite:607,sqlite:607,0.0,"observed_coordinate_medoid; source reference, not survey truth",258557361276682
606,0,GSM,4460,2071,radio-d5f2ebfa768d7630,32.803100660732085,21.86130032288633,1,False,False,False,False,0,Libyana,1,1761696000000,1773100800000,Libyan_cells_dataset/cells.sqlite3,sqlite:3041,sqlite:3041,0.0,"observed_coordinate_medoid; source reference, not survey truth",18820886702436
606,0,LTE,2110,1377,radio-d626e7076ed46512,32.638000712415895,13.577800433963095,1,False,False,False,False,0,Libyana,1,1755129600000,1787961600000,Libyan_cells_dataset/cells.sqlite3,sqlite:968,sqlite:968,0.0,"observed_coordinate_medoid; source reference, not survey truth",108624996551188
606,1,UMTS,5011,2002,radio-d63598eb4cb4f978,32.766200690122986,12.423400517824433,1,False,False,False,False,0,Al-Madar,3,1782518400000,1782518400000,Libyan_cells_dataset/cells.sqlite3,sqlite:1598|sqlite:1631|sqlite:1717,sqlite:1631,0.0406660637586361,"observed_coordinate_medoid; source reference, not survey truth",168550610144666
606,1,UMTS,1030,3140,radio-d637bfd9f3c39e2f,32.008144249350764,20.07491247532709,1,False,False,False,False,0,Al-Madar,11,1556668800000,1701949122000,Libyan_cells_dataset/cells.sqlite3|data/new_data/libya_collected_antennas/cellmapper/cellmapper_libya_antennas.csv,collected:667|collected:668|collected:669|collected:670|collected:671|collected:672|sqlite:1393|sqlite:1444|sqlite:1977|sqlite:2025|sqlite:2126,collected:667,4.99569085101361,"observed_coordinate_medoid; source reference, not survey truth",42277972188054
606,0,UMTS,5410,2402,radio-d64bffbfcb9aaaae,32.70698928833008,21.73359489440918,1,False,False,False,False,0,Libyana,2,1780704000000,1780718962000,Libyan_cells_dataset/cells.sqlite3|data/new_data/libya_collected_antennas/cellmapper/cellmapper_libya_antennas.csv,collected:1299|sqlite:2590,collected:1299,1.4008175475836782,"observed_coordinate_medoid; source reference, not survey truth",261430298288969
606,0,UMTS,5330,1184,radio-d651cfb2cb85cf82,32.09779111076804,20.133293825037335,1,False,False,False,False,0,Libyana,5,1781038555000,1789998222000,data/new_data/libya_collected_antennas/cellmapper/cellmapper_libya_antennas.csv,collected:1165|collected:1166|collected:1167|collected:1168|collected:1169,collected:1165,0.0,"observed_coordinate_medoid; source reference, not survey truth",1811841520542
606,1,LTE,14,392,radio-d6673d125ef71284,32.85110052654872,13.080500295948651,1,False,False,False,True,1,Al-Madar,1,1602460800000,1782000000000,Libyan_cells_dataset/cells.sqlite3,sqlite:14,sqlite:14,0.0,"observed_coordinate_medoid; source reference, not survey truth",242421027554034
606,0,LTE,2120,1914,radio-d66b7a7126f57192,32.77800089038665,13.333800592833454,1,False,False,False,False,0,Libyana,1,1773100800000,1779840000000,Libyan_cells_dataset/cells.sqlite3,sqlite:958,sqlite:958,0.0,"observed_coordinate_medoid; source reference, not survey truth",127730908712898
606,1,GSM,1111,1045,radio-d6703b143b9a1ae2,32.14710038166962,20.114500152233855,1,False,False,False,False,0,Al-Madar,2,1581206400000,1581206400000,Libyan_cells_dataset/cells.sqlite3,sqlite:4182|sqlite:4233,sqlite:4182,0.060645100318169665,"observed_coordinate_medoid; source reference, not survey truth",32864350399170
606,1,LTE,1240,103521,radio-d6798b871e456e50,31.67030082346339,20.021200620286944,1,False,False,False,True,1,Al-Madar,1,1785974400000,1785974400000,Libyan_cells_dataset/cells.sqlite3,sqlite:595,sqlite:595,0.0,"observed_coordinate_medoid; source reference, not survey truth",253960214810352
606,0,LTE,6390,1003,radio-d704a3a9fac61f57,32.896724,13.212739092857143,1,False,False,False,False,0,Libyana,7,1557294157000,1789500226000,data/new_data/libya_collected_antennas/cellmapper/cellmapper_libya_antennas.csv,collected:1357|collected:1358|collected:1359|collected:1360|collected:1361|collected:1362|collected:1363,collected:1357,0.0,"observed_coordinate_medoid; source reference, not survey truth",83358536083693
606,0,GSM,8251,6350,radio-d74e4f25527482cd,32.78870080999513,13.145600232852807,1,False,False,False,False,0,Libyana,1,1786492800000,1786492800000,Libyan_cells_dataset/cells.sqlite3,sqlite:3439,sqlite:3439,0.0,"observed_coordinate_medoid; source reference, not survey truth",21515304960588
606,1,UMTS,5011,2039,radio-d7515c181788c628,32.93070085441759,12.080300423121257,1,False,False,False,False,0,Al-Madar,1,1779753600000,1782172800000,Libyan_cells_dataset/cells.sqlite3,sqlite:1606,sqlite:1606,0.0,"observed_coordinate_medoid; source reference, not survey truth",71300179965392
606,1,LTE,4,2115,radio-d753f160011518fc,32.78650091530589,12.690000391259249,1,False,False,False,True,1,Al-Madar,1,1771632000000,1771632000000,Libyan_cells_dataset/cells.sqlite3,sqlite:272,sqlite:272,0.0,"observed_coordinate_medoid; source reference, not survey truth",226323609102271
606,1,GSM,1111,1049,radio-d75f072c4bcc74ee,32.1391002277979,20.119100922797543,1,False,False,False,False,0,Al-Madar,2,1581206400000,1581206400000,Libyan_cells_dataset/cells.sqlite3,sqlite:4186|sqlite:4237,sqlite:4186,0.0181183206477123,"observed_coordinate_medoid; source reference, not survey truth",201018446938033
606,1,GSM,2000,1456,radio-d772abdf27dc3f3e,32.50900031651869,14.203900453695342,1,False,False,False,False,0,Al-Madar,2,1748131200000,1788825600000,Libyan_cells_dataset/cells.sqlite3,sqlite:3869|sqlite:3905,sqlite:3905,0.04995044765930355,"observed_coordinate_medoid; source reference, not survey truth",28318054299071
606,1,GSM,1112,1074,radio-d7a35b95a3e1e10c,32.108800304958606,20.089500945316104,1,False,False,False,False,0,Al-Madar,2,1578787200000,1789084800000,Libyan_cells_dataset/cells.sqlite3,sqlite:4150|sqlite:4204,sqlite:4150,0.05335515836193223,"observed_coordinate_medoid; source reference, not survey truth",111744435481238
606,0,GSM,4360,1040,radio-d7c0dc128db133f4,32.05449236853646,20.03623270584361,1,False,False,False,False,0,Libyana,10,1545696000000,1686758905000,Libyan_cells_dataset/cells.sqlite3|data/new_data/libya_collected_antennas/cellmapper/cellmapper_libya_antennas.csv,collected:960|collected:961|collected:962|collected:963|collected:964|collected:965|sqlite:2714|sqlite:2760|sqlite:2907|sqlite:3063,collected:960,3.213139733995058,"observed_coordinate_medoid; source reference, not survey truth",234215276702406
606,0,LTE,1910,6266,radio-d7e9a40df8fcde74,32.90818934230903,13.290715582595755,1,False,False,False,False,0,Libyana,2,1756368407000,1786861909000,data/new_data/libya_collected_antennas/cellmapper/cellmapper_libya_antennas.csv,collected:627|collected:628,collected:627,0.0,"observed_coordinate_medoid; source reference, not survey truth",111613623499620
606,0,GSM,4330,1085,radio-d7f709afe6b47b5c,32.1178284,20.1068627,1,False,True,True,False,0,Libyana,6,1556686060000,1789337441000,data/new_data/libya_collected_antennas/cellmapper/cellmapper_libya_antennas.csv,collected:992|collected:993|collected:994|collected:995|collected:996|collected:997,collected:992,0.0,"observed_coordinate_medoid; source reference, not survey truth",15388461713640
606,0,GSM,4340,1098,radio-d823877a0151778c,32.109509,20.0809405,1,False,True,True,False,0,Libyana,4,1647166140000,1786989398000,data/new_data/libya_collected_antennas/cellmapper/cellmapper_libya_antennas.csv,collected:731|collected:732|collected:733|collected:734,collected:731,0.0,"observed_coordinate_medoid; source reference, not survey truth",233248156599566
606,0,UMTS,1020,1354,radio-d8439300744114a5,32.53910043165513,14.013500550569985,1,False,False,False,False,0,Libyana,3,1777507200000,1779408000000,Libyan_cells_dataset/cells.sqlite3,sqlite:2202|sqlite:2251|sqlite:2377,sqlite:2202,0.08250847598951065,"observed_coordinate_medoid; source reference, not survey truth",6279628578363
606,0,GSM,8282,1747,radio-d85884badca4fd02,32.85840052187274,13.274300661762071,1,False,False,False,False,0,Libyana,9,1761609600000,1761609600000,Libyan_cells_dataset/cells.sqlite3,sqlite:3120|sqlite:3170|sqlite:3220|sqlite:3269|sqlite:3318|sqlite:3408|sqlite:3472|sqlite:3529|sqlite:3580,sqlite:3120,0.09316610409913638,"observed_coordinate_medoid; source reference, not survey truth",54233558852272
606,1,LTE,1250,106111,radio-d863a68fb6207979,32.7376009258293,21.76060096791521,1,False,False,False,True,1,Al-Madar,1,1780704000000,1780704000000,Libyan_cells_dataset/cells.sqlite3,sqlite:650,sqlite:650,0.0,"observed_coordinate_medoid; source reference, not survey truth",133897737327566
606,1,UMTS,0,1,radio-d897dae847142e0c,27.528900565058372,14.291600583569613,1,False,False,False,False,0,Al-Madar,5,1575590400000,1665878400000,Libyan_cells_dataset/cells.sqlite3,sqlite:1786|sqlite:1788|sqlite:1838|sqlite:2038|sqlite:2138,sqlite:1788,0.10711180805934688,"observed_coordinate_medoid; source reference, not survey truth",160991200117834
606,0,LTE,1050,4205,radio-d89ce2fcb8023a27,32.30580065972014,15.117600848428367,1,False,False,False,False,0,Libyana,1,1782777600000,1782864000000,Libyan_cells_dataset/cells.sqlite3,sqlite:1137,sqlite:1137,0.0,"observed_coordinate_medoid; source reference, not survey truth",85551445173221
606,1,GSM,1123,1648,radio-d89dee524132fc5b,32.70658493041992,21.73249626159668,1,False,False,False,False,0,Al-Madar,2,1780704000000,1780718962000,Libyan_cells_dataset/cells.sqlite3|data/new_data/libya_collected_antennas/cellmapper/cellmapper_libya_antennas.csv,collected:1296|sqlite:4189,collected:1296,1.7395023008171453,"observed_coordinate_medoid; source reference, not survey truth",44430330703361
606,1,UMTS,5011,2111,radio-d8dfc1353e09b179,32.765900270320955,12.6914005129745,1,False,False,False,False,0,Al-Madar,3,1777334400000,1777334400000,Libyan_cells_dataset/cells.sqlite3,sqlite:1589|sqlite:1624|sqlite:1709,sqlite:1709,0.07491195433184743,"observed_coordinate_medoid; source reference, not survey truth",56741132555248
606,1,UMTS,1040,3201,radio-d8e90905c0fe859f,31.65070051211244,20.23700085343523,1,False,False,False,False,0,Al-Madar,6,1785283200000,1785974400000,Libyan_cells_dataset/cells.sqlite3,sqlite:1374|sqlite:1425|sqlite:1916|sqlite:1957|sqlite:2006|sqlite:2107,sqlite:1374,0.07861215946211791,"observed_coordinate_medoid; source reference, not survey truth",250732021087839
606,1,LTE,14,751,radio-d9405dd3e0f6b89b,32.86360083417327,13.139300453097917,1,False,False,False,True,1,Al-Madar,1,1768521600000,1769817600000,Libyan_cells_dataset/cells.sqlite3,sqlite:22,sqlite:22,0.0,"observed_coordinate_medoid; source reference, not survey truth",47806788466788
606,1,LTE,3,677,radio-d95ecf26905a666b,32.7684007265405,12.913300326577922,1,False,False,False,True,1,Al-Madar,1,1787529600000,1787529600000,Libyan_cells_dataset/cells.sqlite3,sqlite:237,sqlite:237,0.0,"observed_coordinate_medoid; source reference, not survey truth",14496839700893
606,0,LTE,6310,1150,radio-d968cfd4baa23439,32.1303995,20.0975564,1,False,True,True,False,0,Libyana,6,1572394057000,1789910964000,data/new_data/libya_collected_antennas/cellmapper/cellmapper_libya_antennas.csv,collected:2133|collected:2134|collected:2135|collected:2136|collected:2137|collected:2138,collected:2133,0.0,"observed_coordinate_medoid; source reference, not survey truth",277829332587241
606,1,LTE,8091,4553,radio-d9ac835ea6bbd0f8,32.61380072754992,13.584000198957538,1,False,False,False,True,1,Al-Madar,1,1755648000000,1786060800000,Libyan_cells_dataset/cells.sqlite3,sqlite:149,sqlite:149,0.0,"observed_coordinate_medoid; source reference, not survey truth",131070515132441
606,0,GSM,4350,1157,radio-d9b21a36c195890e,32.097800646417575,20.074800786369437,1,False,False,False,False,0,Libyana,6,1554422400000,1786924800000,Libyan_cells_dataset/cells.sqlite3,sqlite:2708|sqlite:2754|sqlite:2801|sqlite:2853|sqlite:2903|sqlite:3057,sqlite:2708,0.09522238593630625,"observed_coordinate_medoid; source reference, not survey truth",185539794415070
606,1,GSM,1113,1092,radio-d9b3bba2fb90fc2e,32.08633303174775,20.06626361024121,1,False,False,False,False,0,Al-Madar,3,1578051779000,1701949119000,data/new_data/libya_collected_antennas/cellmapper/cellmapper_libya_antennas.csv,collected:935|collected:936|collected:937,collected:935,0.0,"observed_coordinate_medoid; source reference, not survey truth",186527798465057
606,0,LTE,2110,3613,radio-d9bd318dba027475,32.43570036949943,13.64910082501337,1,False,False,False,False,0,Libyana,1,1778889600000,1779408000000,Libyan_cells_dataset/cells.sqlite3,sqlite:1095,sqlite:1095,0.0,"observed_coordinate_medoid; source reference, not survey truth",237355452719741
606,0,LTE,2130,1252,radio-d9de930b0f49c4ac,32.70216770661183,13.1082424506163,1,False,False,False,False,0,Libyana,3,1772582400000,1783764788000,Libyan_cells_dataset/cells.sqlite3|data/new_data/libya_collected_antennas/cellmapper/cellmapper_libya_antennas.csv,collected:2528|collected:2529|sqlite:736,collected:2528,5.385553370518514,"observed_coordinate_medoid; source reference, not survey truth",91690840340052
606,1,UMTS,300,4693,radio-d9e6285e54e74324,32.6974007042286,14.039800986333697,1,False,False,False,False,0,Al-Madar,1,1779408000000,1779494400000,Libyan_cells_dataset/cells.sqlite3,sqlite:1338,sqlite:1338,0.0,"observed_coordinate_medoid; source reference, not survey truth",153502324891069
606,1,GSM,1111,1269,radio-da197976016cae0d,32.18105697631836,20.140535354614254,1,False,False,False,False,0,Al-Madar,1,1782126076000,1782126076000,data/new_data/libya_collected_antennas/cellmapper/cellmapper_libya_antennas.csv,collected:1094,collected:1094,0.0,"observed_coordinate_medoid; source reference, not survey truth",28550338296235
606,0,GSM,4410,1196,radio-da4966d304330145,32.09080056348213,20.153800488693008,1,False,False,False,False,0,Libyana,3,1781308800000,1781308800000,Libyan_cells_dataset/cells.sqlite3,sqlite:2829|sqlite:2893|sqlite:2976,sqlite:2829,0.05379534538826939,"observed_coordinate_medoid; source reference, not survey truth",50891761312862
606,0,LTE,1050,4233,radio-da511d398f84b82b,32.28670040817589,15.094400664711799,1,False,False,False,False,0,Libyana,1,1772668800000,1772755200000,Libyan_cells_dataset/cells.sqlite3,sqlite:752,sqlite:752,0.0,"observed_coordinate_medoid; source reference, not survey truth",100964639923148
606,0,UMTS,1710,1642,radio-da6cec912c2284d7,32.83600056509587,13.2168001866052,1,False,False,False,False,0,Libyana,4,1757635200000,1757635200000,Libyan_cells_dataset/cells.sqlite3,sqlite:2197|sqlite:2247|sqlite:2294|sqlite:2374,sqlite:2294,0.06292916988359097,"observed_coordinate_medoid; source reference, not survey truth",233422966925698
606,0,LTE,2140,1390,radio-da724264f3a6b81a,32.67870095481747,12.976600243715342,1,False,False,False,False,0,Libyana,1,1777334400000,1777334400000,Libyan_cells_dataset/cells.sqlite3,sqlite:882,sqlite:882,0.0,"observed_coordinate_medoid; source reference, not survey truth",85609012478343
606,1,LTE,4,2084,radio-da9d14be9fbbde4b,32.77890033289331,12.690800641413512,1,False,False,False,True,1,Al-Madar,1,1761609600000,1771632000000,Libyan_cells_dataset/cells.sqlite3,sqlite:269,sqlite:269,0.0,"observed_coordinate_medoid; source reference, not survey truth",156869677719052
606,0,GSM,4430,6010,radio-dac67f6b9c118b9d,32.48780091763849,20.83740040845797,1,False,False,False,False,0,Libyana,1,1777420800000,1777420800000,Libyan_cells_dataset/cells.sqlite3,sqlite:3035,sqlite:3035,0.0,"observed_coordinate_medoid; source reference, not survey truth",192251167279852
606,0,GSM,8282,1191,radio-dac74a35e01421e9,32.9033001878107,13.302900609939128,1,False,False,False,False,0,Libyana,1,1786406400000,1786492800000,Libyan_cells_dataset/cells.sqlite3,sqlite:3388,sqlite:3388,0.0,"observed_coordinate_medoid; source reference, not survey truth",236133583406928
606,0,GSM,8265,1084,radio-dafac6e864188cc7,32.867500540720606,13.18270044280052,1,False,False,False,False,0,Libyana,9,1782086400000,1782086400000,Libyan_cells_dataset/cells.sqlite3,sqlite:3105|sqlite:3155|sqlite:3205|sqlite:3255|sqlite:3305|sqlite:3403|sqlite:3463|sqlite:3515|sqlite:3565,sqlite:3255,0.07660564853915584,"observed_coordinate_medoid; source reference, not survey truth",277731143759689
606,1,LTE,8091,4598,radio-db01358625c93b25,32.7401002841975,13.707900281878322,1,False,False,False,True,1,Al-Madar,1,1760054400000,1785628800000,Libyan_cells_dataset/cells.sqlite3,sqlite:133,sqlite:133,0.0,"observed_coordinate_medoid; source reference, not survey truth",205847863664269
606,1,GSM,1113,1232,radio-db0209717685c4a8,32.053596496582,20.035526275635,1,False,False,False,False,0,Al-Madar,1,1700480575000,1700480576000,data/new_data/libya_collected_antennas/cellmapper/cellmapper_libya_antennas.csv,collected:969,collected:969,0.0,"observed_coordinate_medoid; source reference, not survey truth",255621052041185
606,0,LTE,6370,4336,radio-db069321c3f2abde,31.21030088310369,16.544000860827907,1,False,False,False,False,0,Libyana,1,1655856000000,1655856000000,Libyan_cells_dataset/cells.sqlite3,sqlite:1147,sqlite:1147,0.0,"observed_coordinate_medoid; source reference, not survey truth",261514790726217
606,0,GSM,8264,6331,radio-db100b1f81970773,32.894500453093926,13.198500331556062,1,False,False,False,False,0,Libyana,2,1786492800000,1786492800000,Libyan_cells_dataset/cells.sqlite3,sqlite:3428|sqlite:3502,sqlite:3502,0.05552421492019499,"observed_coordinate_medoid; source reference, not survey truth",84349616239459
606,1,UMTS,300,3170,radio-db10f260d49daa4c,32.689600289881,14.068700658148176,1,False,False,False,False,0,Al-Madar,1,1753228800000,1782777600000,Libyan_cells_dataset/cells.sqlite3,sqlite:1319,sqlite:1319,0.0,"observed_coordinate_medoid; source reference, not survey truth",262033371269698
606,0,LTE,1710,1903,radio-db39fef108d6528f,32.85620056202793,13.200400942271443,1,False,False,False,False,0,Libyana,1,1762214400000,1781395200000,Libyan_cells_dataset/cells.sqlite3,sqlite:1318,sqlite:1318,0.0,"observed_coordinate_medoid; source reference, not survey truth",22779715435058
606,0,LTE,1020,4678,radio-db482e16f59ff39e,32.63410047053853,14.231700431302562,1,False,False,False,False,0,Libyana,1,1776988800000,1782864000000,Libyan_cells_dataset/cells.sqlite3,sqlite:1071,sqlite:1071,0.0,"observed_coordinate_medoid; source reference, not survey truth",30137993139798
606,1,LTE,4101,4730,radio-db4e48511f568870,32.725600162273544,13.252300177464392,1,False,False,False,True,1,Al-Madar,1,1782864000000,1782864000000,Libyan_cells_dataset/cells.sqlite3,sqlite:59,sqlite:59,0.0,"observed_coordinate_medoid; source reference, not survey truth",124355215376106
606,1,LTE,4331,4500,radio-db52c83d93562402,32.09920070160181,12.986000418427057,1,False,False,False,True,1,Al-Madar,1,1775865600000,1775865600000,Libyan_cells_dataset/cells.sqlite3,sqlite:310,sqlite:310,0.0,"observed_coordinate_medoid; source reference, not survey truth",193331404137530
606,0,UMTS,1510,1952,radio-db55ced393e77d4a,32.82700038055018,13.04200050938929,1,False,False,False,False,0,Libyana,4,1772668800000,1772668800000,Libyan_cells_dataset/cells.sqlite3,sqlite:2218|sqlite:2267|sqlite:2307|sqlite:2393,sqlite:2307,0.08105993770706302,"observed_coordinate_medoid; source reference, not survey truth",121296505055837
606,0,LTE,2120,1667,radio-db85980bb8107aa0,32.701900532141806,13.29470077602703,1,False,False,False,False,0,Libyana,1,1755388800000,1787184000000,Libyan_cells_dataset/cells.sqlite3,sqlite:1098,sqlite:1098,0.0,"observed_coordinate_medoid; source reference, not survey truth",132499061488884
606,0,UMTS,1610,1291,radio-db880855df658752,32.84320026389082,13.055900739799373,1,False,False,False,False,0,Libyana,4,1772668800000,1772668800000,Libyan_cells_dataset/cells.sqlite3,sqlite:2212|sqlite:2261|sqlite:2302|sqlite:2387,sqlite:2261,0.0685299557915652,"observed_coordinate_medoid; source reference, not survey truth",220360410948710
606,0,GSM,4330,1097,radio-db9b5d8ddec3620e,32.1338443,20.1090024,1,False,True,True,False,0,Libyana,6,1739059200000,1779468868000,Libyan_cells_dataset/cells.sqlite3|data/new_data/libya_collected_antennas/cellmapper/cellmapper_libya_antennas.csv,collected:826|collected:827|collected:828|collected:829|sqlite:2836|sqlite:2980,collected:826,4.868955785437361,"observed_coordinate_medoid; source reference, not survey truth",6197737833119
606,1,LTE,3,754,radio-dbbfbb5cd2ca5e20,32.808100684478894,12.939000344891552,1,False,False,False,True,1,Al-Madar,1,1771718400000,1787529600000,Libyan_cells_dataset/cells.sqlite3,sqlite:234,sqlite:234,0.0,"observed_coordinate_medoid; source reference, not survey truth",198384796582638
606,0,LTE,1050,4023,radio-dbc4fac67a2e6be6,30.75690079580996,20.239800121967317,1,False,False,False,False,0,Libyana,1,1772668800000,1782777600000,Libyan_cells_dataset/cells.sqlite3,sqlite:1219,sqlite:1219,0.0,"observed_coordinate_medoid; source reference, not survey truth",258900853548529
606,0,LTE,6340,1006,radio-dbe4a40e137b0284,32.0385132,20.0765906,1,False,True,True,False,0,Libyana,4,1575392238000,1788116142000,data/new_data/libya_collected_antennas/cellmapper/cellmapper_libya_antennas.csv,collected:1369|collected:1370|collected:1371|collected:1372,collected:1369,0.0,"observed_coordinate_medoid; source reference, not survey truth",42634128923334
606,1,GSM,1112,1087,radio-dc1131733aa07dbd,32.095700251583125,20.10110090593251,1,False,False,False,False,0,Al-Madar,2,1579478400000,1782086400000,Libyan_cells_dataset/cells.sqlite3,sqlite:4143|sqlite:4198,sqlite:4143,0.08345977307323903,"observed_coordinate_medoid; source reference, not survey truth",31585222421149
606,0,GSM,4370,1004,radio-dc1c5f09df1c956d,32.03060085974751,20.07280091681931,1,False,False,False,False,0,Libyana,1,1556582400000,1598918400000,Libyan_cells_dataset/cells.sqlite3,sqlite:2937,sqlite:2937,0.0,"observed_coordinate_medoid; source reference, not survey truth",208414393613957
606,1,UMTS,330,3792,radio-dc35d1c6830ce569,31.777000801133866,11.349100229841735,1,False,False,False,False,0,Al-Madar,1,1783555200000,1783641600000,Libyan_cells_dataset/cells.sqlite3,sqlite:1684,sqlite:1684,0.0,"observed_coordinate_medoid; source reference, not survey truth",232446986108545
606,0,LTE,1810,1181,radio-dc61dc630bb6725f,32.89442020501953,13.168191950374757,1,False,False,False,False,0,Libyana,3,1575392325000,1769445642000,data/new_data/libya_collected_antennas/cellmapper/cellmapper_libya_antennas.csv,collected:549|collected:550|collected:551,collected:549,0.0,"observed_coordinate_medoid; source reference, not survey truth",112191270863277
606,0,LTE,2140,1351,radio-dc83134c9c81445a,32.477300718800315,12.93960093712638,1,False,False,False,False,0,Libyana,1,1783728000000,1783728000000,Libyan_cells_dataset/cells.sqlite3,sqlite:876,sqlite:876,0.0,"observed_coordinate_medoid; source reference, not survey truth",83977651663118
606,0,GSM,8281,1317,radio-dc925cc4bc3689ea,32.90670049322055,13.25730018583548,1,False,False,False,False,0,Libyana,8,1786406400000,1786492800000,Libyan_cells_dataset/cells.sqlite3,sqlite:3112|sqlite:3162|sqlite:3212|sqlite:3262|sqlite:3312|sqlite:3468|sqlite:3522|sqlite:3572,sqlite:3468,0.0942523499714199,"observed_coordinate_medoid; source reference, not survey truth",73138849181926
606,1,GSM,2036,1937,radio-dcc58438f8ad630b,32.44720081961527,13.370500808970258,1,False,False,False,False,0,Al-Madar,4,1775001600000,1779408000000,Libyan_cells_dataset/cells.sqlite3,sqlite:3708|sqlite:3755|sqlite:3806|sqlite:4122,sqlite:3708,0.03218627307495165,"observed_coordinate_medoid; source reference, not survey truth",188736846120302
606,0,GSM,4340,1176,radio-dcd2750ecb066a39,32.10250069681877,20.10270093298906,1,False,False,True,False,0,Libyana,13,1595289600000,1782134526000,Libyan_cells_dataset/cells.sqlite3|data/new_data/libya_collected_antennas/cellmapper/cellmapper_libya_antennas.csv,collected:1010|collected:1011|collected:1012|collected:1013|collected:1014|collected:1015|sqlite:2702|sqlite:2751|sqlite:2800|sqlite:2850|sqlite:2900|sqlite:2950|sqlite:3051,sqlite:2800,3.35683044240269,"observed_coordinate_medoid; source reference, not survey truth",37417770413667
606,1,UMTS,5011,2016,radio-dd14bbcd15bfda8a,32.76620020604587,12.42320036811813,1,False,False,False,False,0,Al-Madar,2,1782518400000,1782518400000,Libyan_cells_dataset/cells.sqlite3,sqlite:1638|sqlite:1725,sqlite:1638,0.05666268340884641,"observed_coordinate_medoid; source reference, not survey truth",168550610144666
606,0,UMTS,5310,4467,radio-dd1f8c3bed5f9970,32.11829129044827,20.09631473497499,1,False,False,False,False,0,Libyana,3,1771514690000,1786969636000,data/new_data/libya_collected_antennas/cellmapper/cellmapper_libya_antennas.csv,collected:1208|collected:1209|collected:1210,collected:1208,0.0,"observed_coordinate_medoid; source reference, not survey truth",263624266317867
606,1,UMTS,5011,2004,radio-dd32302e697dff7a,32.76620070977591,12.423400680537176,1,False,False,False,False,0,Al-Madar,3,1782518400000,1782518400000,Libyan_cells_dataset/cells.sqlite3,sqlite:1599|sqlite:1632|sqlite:1718,sqlite:1599,0.059565239408623814,"observed_coordinate_medoid; source reference, not survey truth",168550610144666
606,0,UMTS,5310,1209,radio-dd3445847c44a96b,32.1173451,20.0880225,1,False,True,True,False,0,Libyana,2,1702238642000,1789146192000,data/new_data/libya_collected_antennas/cellmapper/cellmapper_libya_antennas.csv,collected:1158|collected:1159,collected:1158,0.0,"observed_coordinate_medoid; source reference, not survey truth",81662577383916
606,0,LTE,2120,6259,radio-dd39f52b3ccd4088,32.810500599275116,13.49560080903655,1,False,False,False,False,0,Libyana,1,1755734400000,1784678400000,Libyan_cells_dataset/cells.sqlite3,sqlite:973,sqlite:973,0.0,"observed_coordinate_medoid; source reference, not survey truth",64699780613613
606,0,LTE,1610,1623,radio-dd86f3c2c0908728,32.86276200760243,13.097329006638638,1,False,False,False,False,0,Libyana,3,1775433600000,1787558457000,Libyan_cells_dataset/cells.sqlite3|data/new_data/libya_collected_antennas/cellmapper/cellmapper_libya_antennas.csv,collected:487|collected:488|sqlite:760,collected:487,4.9952138172451965,"observed_coordinate_medoid; source reference, not survey truth",247525740875890
606,0,LTE,4331,4513,radio-dd91018872f46b48,32.10880060546048,12.911100986789942,1,False,False,False,False,0,Libyana,1,1774310400000,1775865600000,Libyan_cells_dataset/cells.sqlite3,sqlite:311,sqlite:311,0.0,"observed_coordinate_medoid; source reference, not survey truth",212902116682186
606,1,UMTS,1060,3810,radio-ddbc9ea688b0fcf7,32.09410078029229,23.960900409365784,1,False,False,False,False,0,Al-Madar,1,1781049600000,1781049600000,Libyan_cells_dataset/cells.sqlite3,sqlite:1351,sqlite:1351,0.0,"observed_coordinate_medoid; source reference, not survey truth",165576636319631
606,1,LTE,8091,4941,radio-ddce2370191190a2,32.8372004111777,13.4850009414618,1,False,False,False,True,1,Al-Madar,1,1759363200000,1786147200000,Libyan_cells_dataset/cells.sqlite3,sqlite:135,sqlite:135,0.0,"observed_coordinate_medoid; source reference, not survey truth",238320176609322
606,0,LTE,6340,1272,radio-ddd182624caa3afc,31.734200270844536,20.261400544823907,1,False,False,False,False,0,Libyana,1,1758499200000,1785974400000,Libyan_cells_dataset/cells.sqlite3,sqlite:1237,sqlite:1237,0.0,"observed_coordinate_medoid; source reference, not survey truth",117138333244474
606,1,LTE,14,581,radio-ddd45853ac8bd82a,32.856500505319104,13.128500793821809,1,False,False,False,True,1,Al-Madar,1,1768521600000,1769817600000,Libyan_cells_dataset/cells.sqlite3,sqlite:15,sqlite:15,0.0,"observed_coordinate_medoid; source reference, not survey truth",183520941534264
606,0,LTE,1030,4277,radio-ddd5a57be3bbcea6,32.459100465202994,14.550300553990667,1,False,False,False,False,0,Libyana,1,1773360000000,1782864000000,Libyan_cells_dataset/cells.sqlite3,sqlite:1119,sqlite:1119,0.0,"observed_coordinate_medoid; source reference, not survey truth",91868630530180
606,1,GSM,1113,1015,radio-dde627d8113ccff2,32.078500462706494,20.120000942713475,1,False,False,False,False,0,Al-Madar,3,1581206400000,1786060800000,Libyan_cells_dataset/cells.sqlite3,sqlite:3643|sqlite:4169|sqlite:4220,sqlite:4220,0.03582896457821185,"observed_coordinate_medoid; source reference, not survey truth",87606905933617
606,1,GSM,14,1012,radio-dde7ee2318cf3662,32.810100471319274,13.181200352317708,1,False,False,False,False,0,Al-Madar,2,1539388800000,1539388800000,Libyan_cells_dataset/cells.sqlite3,sqlite:3635|sqlite:4070,sqlite:3635,0.03709792869350178,"observed_coordinate_medoid; source reference, not survey truth",236506966063071
606,1,UMTS,2011,1809,radio-ddeee2cf2f441168,32.792400540096025,13.087000496292173,1,False,False,False,False,0,Al-Madar,1,1602460800000,1602460800000,Libyan_cells_dataset/cells.sqlite3,sqlite:1652,sqlite:1652,0.0,"observed_coordinate_medoid; source reference, not survey truth",140728693075524
606,1,LTE,10,66,radio-ddf6b635dfb22405,32.80450068554228,13.140100980377099,1,False,False,False,True,1,Al-Madar,1,1756166400000,1781481600000,Libyan_cells_dataset/cells.sqlite3,sqlite:512,sqlite:512,0.0,"observed_coordinate_medoid; source reference, not survey truth",82117712268723
606,0,LTE,1020,4601,radio-de113e126539faf3,32.64310064064232,14.25650055140866,1,False,False,False,False,0,Libyana,1,1776988800000,1782864000000,Libyan_cells_dataset/cells.sqlite3,sqlite:1106,sqlite:1106,0.0,"observed_coordinate_medoid; source reference, not survey truth",187251045301532
606,1,GSM,8029,1944,radio-de29722b0e0c57be,32.63600029943328,13.5772005327709,1,False,False,False,False,0,Al-Madar,6,1784851200000,1786060800000,Libyan_cells_dataset/cells.sqlite3,sqlite:3699|sqlite:3746|sqlite:3797|sqlite:3947|sqlite:4002|sqlite:4113,sqlite:4113,0.0721671252300993,"observed_coordinate_medoid; source reference, not survey truth",137859148134705
606,0,LTE,2120,1545,radio-de3b3043f1100648,32.52710025544504,13.326700758657728,1,False,False,False,False,0,Libyana,1,1779408000000,1785024000000,Libyan_cells_dataset/cells.sqlite3,sqlite:928,sqlite:928,0.0,"observed_coordinate_medoid; source reference, not survey truth",23489421536931
606,1,GSM,2,1013,radio-de67006f55bac411,32.85250029681702,13.164300606547988,1,False,False,False,False,0,Al-Madar,2,1785715200000,1785715200000,Libyan_cells_dataset/cells.sqlite3,sqlite:3638|sqlite:4088,sqlite:3638,0.0621603528605781,"observed_coordinate_medoid; source reference, not survey truth",90513586364563
606,1,GSM,2,6117,radio-de6a9c5848b810a1,32.87560033632779,13.134700368335134,1,False,False,False,False,0,Al-Madar,6,1333411200000,1333411200000,Libyan_cells_dataset/cells.sqlite3,sqlite:3681|sqlite:3730|sqlite:3781|sqlite:3995|sqlite:4043|sqlite:4097,sqlite:3995,0.08725271754224556,"observed_coordinate_medoid; source reference, not survey truth",183429281846987
606,0,GSM,4310,1010,radio-de86cc7792ad330c,32.11760019521739,20.06880053637146,1,False,False,False,False,0,Libyana,3,1647129600000,1700438400000,Libyan_cells_dataset/cells.sqlite3,sqlite:2821|sqlite:2883|sqlite:2931,sqlite:2931,0.08520800009523175,"observed_coordinate_medoid; source reference, not survey truth",258709663595362
606,0,LTE,6390,6041,radio-debdf6194999bf91,32.44470041858001,20.89350067280763,1,False,False,False,False,0,Libyana,1,1777420800000,1777420800000,Libyan_cells_dataset/cells.sqlite3,sqlite:1207,sqlite:1207,0.0,"observed_coordinate_medoid; source reference, not survey truth",140145431933534
606,0,GSM,4460,2070,radio-decdb60632c94dca,32.816200589694965,21.854300271069835,1,False,False,False,False,0,Libyana,1,1761609600000,1784764800000,Libyan_cells_dataset/cells.sqlite3,sqlite:3044,sqlite:3044,0.0,"observed_coordinate_medoid; source reference, not survey truth",130579185753685
606,0,GSM,4400,4262,radio-df27ab40fe400e82,32.23040047032255,20.19060069164968,1,False,False,False,False,0,Libyana,1,1786060800000,1786665600000,Libyan_cells_dataset/cells.sqlite3,sqlite:3024,sqlite:3024,0.0,"observed_coordinate_medoid; source reference, not survey truth",171407660511936
606,0,LTE,4002,4234,radio-df2a78c67d828138,32.57530085781321,13.944500317430814,1,False,False,False,False,0,Libyana,1,1776470400000,1784678400000,Libyan_cells_dataset/cells.sqlite3,sqlite:383,sqlite:383,0.0,"observed_coordinate_medoid; source reference, not survey truth",200874801939212
606,1,LTE,4001,4291,radio-df35a7e0aff2230b,32.647600531080414,14.272500285379492,1,False,False,False,True,1,Al-Madar,1,1786233600000,1786838400000,Libyan_cells_dataset/cells.sqlite3,sqlite:427,sqlite:427,0.0,"observed_coordinate_medoid; source reference, not survey truth",158861186959286
606,0,UMTS,1510,1144,radio-df44359929164b62,32.8109003538475,12.979200481430029,1,False,False,False,False,0,Libyana,4,1772668800000,1772755200000,Libyan_cells_dataset/cells.sqlite3,sqlite:2228|sqlite:2277|sqlite:2315|sqlite:2403,sqlite:2315,0.0907545824666443,"observed_coordinate_medoid; source reference, not survey truth",236178065021817
606,0,UMTS,5410,2001,radio-dfc0963a00fecdd1,32.767000680589554,21.786000288511524,1,False,False,False,False,0,Libyana,1,1772928000000,1773100800000,Libyan_cells_dataset/cells.sqlite3,sqlite:2572,sqlite:2572,0.0,"observed_coordinate_medoid; source reference, not survey truth",55510949670477
606,0,GSM,8291,2242,radio-dfc91a9418ee85ef,32.790700323130764,12.567800265945436,1,False,False,False,False,0,Libyana,1,1787184000000,1787184000000,Libyan_cells_dataset/cells.sqlite3,sqlite:3454,sqlite:3454,0.0,"observed_coordinate_medoid; source reference, not survey truth",92463641368118
606,0,LTE,2140,2061,radio-dff993d08f9b9b76,32.719871520996094,12.832905769348145,1,False,False,False,False,0,Libyana,3,1777334400000,1777406270000,Libyan_cells_dataset/cells.sqlite3|data/new_data/libya_collected_antennas/cellmapper/cellmapper_libya_antennas.csv,collected:2521|collected:2522|sqlite:856,collected:2521,3.2685954635279737,"observed_coordinate_medoid; source reference, not survey truth",7718148507480
606,0,LTE,2130,1065,radio-e0033f8a6448e8b3,32.6853809,13.1760285,1,False,False,False,False,0,Libyana,7,1565568000000,1789781958000,Libyan_cells_dataset/cells.sqlite3|data/new_data/libya_collected_antennas/cellmapper/cellmapper_libya_antennas.csv,collected:1760|collected:1761|collected:1762|collected:1763|collected:1764|collected:1765|sqlite:912,collected:1760,3.3940143709247446,"observed_coordinate_medoid; source reference, not survey truth",189538197614712
606,0,LTE,2140,1525,radio-e015db977d716097,32.35230065445139,12.656400754989914,1,False,False,False,False,0,Libyana,1,1783555200000,1783728000000,Libyan_cells_dataset/cells.sqlite3,sqlite:1308,sqlite:1308,0.0,"observed_coordinate_medoid; source reference, not survey truth",95785250835129
606,1,GSM,2001,1282,radio-e04289f7c804e74b,32.64030054281413,14.240900350228717,1,False,False,False,False,0,Al-Madar,3,1581984000000,1582070400000,Libyan_cells_dataset/cells.sqlite3,sqlite:3847|sqlite:3889|sqlite:3974,sqlite:3974,0.04331467659008371,"observed_coordinate_medoid; source reference, not survey truth",49810051319592
606,0,UMTS,2120,1831,radio-e04ca5b67548f94d,32.82291030883789,13.279258728027344,1,False,False,False,False,0,Libyana,1,1782162403000,1782162405000,data/new_data/libya_collected_antennas/cellmapper/cellmapper_libya_antennas.csv,collected:1160,collected:1160,0.0,"observed_coordinate_medoid; source reference, not survey truth",279907125432025
606,0,UMTS,5410,2032,radio-e04f74f8553b85e4,32.76720075228631,21.74000054149133,1,False,False,False,False,0,Libyana,1,1773100800000,1773100800000,Libyan_cells_dataset/cells.sqlite3,sqlite:2575,sqlite:2575,0.0,"observed_coordinate_medoid; source reference, not survey truth",203515936132670
606,1,UMTS,304,4402,radio-e053ab504db5de85,32.35790053656596,15.099300870147307,1,False,False,False,False,0,Al-Madar,3,1782864000000,1782864000000,Libyan_cells_dataset/cells.sqlite3,sqlite:1472|sqlite:1537|sqlite:1777,sqlite:1472,0.06718930406038597,"observed_coordinate_medoid; source reference, not survey truth",13732714726844
606,1,LTE,4011,4207,radio-e06795188961af47,32.42860098301216,14.55830018766281,1,False,False,False,True,1,Al-Madar,1,1782518400000,1782518400000,Libyan_cells_dataset/cells.sqlite3,sqlite:441,sqlite:441,0.0,"observed_coordinate_medoid; source reference, not survey truth",141343182821105
606,0,LTE,1810,1117,radio-e0752f935ce1cbcf,32.05020015882576,20.06000020910612,1,False,False,False,False,0,Libyana,1,1557100800000,1781049600000,Libyan_cells_dataset/cells.sqlite3,sqlite:1192,sqlite:1192,0.0,"observed_coordinate_medoid; source reference, not survey truth",181994445302479
606,0,LTE,8091,4603,radio-e0781e0a6c6c9081,32.77120060045331,13.580400834461049,1,False,False,False,False,0,Libyana,1,1762992000000,1786060800000,Libyan_cells_dataset/cells.sqlite3,sqlite:147,sqlite:147,0.0,"observed_coordinate_medoid; source reference, not survey truth",278509390873112
606,0,LTE,2120,1980,radio-e0842d274cf2ea38,32.69190042883078,13.233400576514248,1,False,False,False,False,0,Libyana,1,1755388800000,1787184000000,Libyan_cells_dataset/cells.sqlite3,sqlite:915,sqlite:915,0.0,"observed_coordinate_medoid; source reference, not survey truth",32311316270838
606,1,UMTS,331,3468,radio-e08d03510291769d,32.01720049739805,11.864100581353938,1,False,False,False,False,0,Al-Madar,1,1783555200000,1783555200000,Libyan_cells_dataset/cells.sqlite3,sqlite:1683,sqlite:1683,0.0,"observed_coordinate_medoid; source reference, not survey truth",93945924692964
606,0,LTE,2110,3601,radio-e096881c814eb0d4,32.43400056283528,13.636200848436138,1,False,False,False,False,0,Libyana,1,1771718400000,1779408000000,Libyan_cells_dataset/cells.sqlite3,sqlite:1087,sqlite:1087,0.0,"observed_coordinate_medoid; source reference, not survey truth",85902311586483
606,1,LTE,4331,4528,radio-e0c3ffdb789ed48c,32.12730061322021,13.001200765412314,1,False,False,False,True,1,Al-Madar,1,1775865600000,1775865600000,Libyan_cells_dataset/cells.sqlite3,sqlite:298,sqlite:298,0.0,"observed_coordinate_medoid; source reference, not survey truth",246883278597262
606,1,LTE,1220,102161,radio-e0dce01e3585dab4,32.10660034635101,20.09910090869896,1,False,False,False,True,1,Al-Madar,1,1768521600000,1786924800000,Libyan_cells_dataset/cells.sqlite3,sqlite:640,sqlite:640,0.0,"observed_coordinate_medoid; source reference, not survey truth",206155279874395
606,1,GSM,1115,1352,radio-e1203fd6ac3314d4,31.658100574704,20.012900171961846,1,False,False,False,False,0,Al-Madar,2,1744416000000,1783036800000,Libyan_cells_dataset/cells.sqlite3,sqlite:4164|sqlite:4247,sqlite:4164,0.03418520223352232,"observed_coordinate_medoid; source reference, not survey truth",77933187015029
606,0,LTE,2120,1678,radio-e12c525215c737b1,32.88150076264949,13.361600599973865,1,False,False,False,False,0,Libyana,1,1761264000000,1783814400000,Libyan_cells_dataset/cells.sqlite3,sqlite:1010,sqlite:1010,0.0,"observed_coordinate_medoid; source reference, not survey truth",201766983017025
606,0,UMTS,5390,1208,radio-e138068bcb95a90b,32.17259216308594,20.131589889526367,1,False,False,False,False,0,Libyana,1,1788116174000,1788116175000,data/new_data/libya_collected_antennas/cellmapper/cellmapper_libya_antennas.csv,collected:1118,collected:1118,0.0,"observed_coordinate_medoid; source reference, not survey truth",181091837181173
606,1,LTE,4041,4071,radio-e16614cc1dcaaa46,32.316183471679686,15.056272888183594,1,False,False,False,True,1,Al-Madar,3,1781827200000,1781889345000,Libyan_cells_dataset/cells.sqlite3|data/new_data/libya_collected_antennas/cellmapper/cellmapper_libya_antennas.csv,collected:97|collected:98|sqlite:484,collected:97,3.199569965104887,"observed_coordinate_medoid; source reference, not survey truth",78043395603765
606,1,UMTS,315,5101,radio-e182c4daf27f6bd6,30.584600435414934,18.415400460711652,1,False,False,False,False,0,Al-Madar,5,1586131200000,1586131200000,Libyan_cells_dataset/cells.sqlite3,sqlite:1411|sqlite:1740|sqlite:1895|sqlite:1943|sqlite:2093,sqlite:1895,0.08104207541885433,"observed_coordinate_medoid; source reference, not survey truth",33393486578360
606,0,LTE,6310,1018,radio-e1ba5b00ed2de3ca,32.0937235,20.0989747,1,False,True,True,False,0,Libyana,3,1755388800000,1789692142000,Libyan_cells_dataset/cells.sqlite3|data/new_data/libya_collected_antennas/cellmapper/cellmapper_libya_antennas.csv,collected:1444|collected:1445|sqlite:1163,collected:1444,3.4944781148336608,"observed_coordinate_medoid; source reference, not survey truth",40831814931310
606,0,LTE,1710,1964,radio-e1e157e798554377,32.85260039286626,13.192800928389675,1,False,False,False,False,0,Libyana,1,1755561600000,1787529600000,Libyan_cells_dataset/cells.sqlite3,sqlite:1314,sqlite:1314,0.0,"observed_coordinate_medoid; source reference, not survey truth",144841171586952
606,0,LTE,6390,6030,radio-e1f1dc4216624431,32.44761276245117,20.898117065429688,1,False,False,False,False,0,Libyana,4,1777420800000,1777473420000,Libyan_cells_dataset/cells.sqlite3|data/new_data/libya_collected_antennas/cellmapper/cellmapper_libya_antennas.csv,collected:298|collected:299|collected:300|sqlite:1204,collected:298,2.070593739808017,"observed_coordinate_medoid; source reference, not survey truth",247908661568070
606,0,LTE,6350,4015,radio-e2019ea26a9a7ec0,30.752300855133797,20.211800298503253,1,False,False,False,False,0,Libyana,1,1774310400000,1782086400000,Libyan_cells_dataset/cells.sqlite3,sqlite:1211,sqlite:1211,0.0,"observed_coordinate_medoid; source reference, not survey truth",239808786036262
606,0,GSM,8278,1303,radio-e205b985cb5fba1c,32.87360073962079,13.335700746950893,1,False,False,False,False,0,Libyana,1,1784764800000,1785369600000,Libyan_cells_dataset/cells.sqlite3,sqlite:3381,sqlite:3381,0.0,"observed_coordinate_medoid; source reference, not survey truth",215825488922389
606,0,LTE,2110,3622,radio-e222dcfc192c62a0,32.45010055152962,13.822000261113976,1,False,False,False,False,0,Libyana,1,1778889600000,1781308800000,Libyan_cells_dataset/cells.sqlite3,sqlite:1076,sqlite:1076,0.0,"observed_coordinate_medoid; source reference, not survey truth",46845692755427
606,1,LTE,4002,5233,radio-e2368e9bd33e3da5,32.52680034956888,14.124500892210019,1,False,False,False,True,1,Al-Madar,1,1775606400000,1775606400000,Libyan_cells_dataset/cells.sqlite3,sqlite:392,sqlite:392,0.0,"observed_coordinate_medoid; source reference, not survey truth",130165282667727
606,0,LTE,1910,1086,radio-e2dd20fcbbfd5206,32.88212443760463,13.232723917279923,1,False,False,False,False,0,Libyana,2,1768563645000,1768563645000,data/new_data/libya_collected_antennas/cellmapper/cellmapper_libya_antennas.csv,collected:1878|collected:1879,collected:1878,0.0,"observed_coordinate_medoid; source reference, not survey truth",88297991971258
606,1,UMTS,1011,1183,radio-e31a931a34739055,32.888900463343944,13.227900627380949,1,False,False,False,False,0,Al-Madar,3,1607040000000,1607040000000,Libyan_cells_dataset/cells.sqlite3,sqlite:1603|sqlite:1636|sqlite:1722,sqlite:1636,0.09462642732839364,"observed_coordinate_medoid; source reference, not survey truth",195719157205936
606,0,GSM,4380,1002,radio-e35614855d4e92cc,32.11150081993909,20.109700297203016,1,False,False,False,False,0,Libyana,5,1556668800000,1556686094000,Libyan_cells_dataset/cells.sqlite3|data/new_data/libya_collected_antennas/cellmapper/cellmapper_libya_antennas.csv,collected:1184|sqlite:2828|sqlite:2890|sqlite:2936|sqlite:2972,sqlite:2890,6.731916364535375,"observed_coordinate_medoid; source reference, not survey truth",231018270542984
606,0,LTE,1510,1471,radio-e36d3ce603764fd4,32.82720095086311,12.998600116244896,1,False,False,False,False,0,Libyana,1,1764460800000,1764460800000,Libyan_cells_dataset/cells.sqlite3,sqlite:822,sqlite:822,0.0,"observed_coordinate_medoid; source reference, not survey truth",156120480476203
606,1,LTE,10,46,radio-e375f6e4eb175021,32.74620055260517,13.243200799261755,1,False,False,False,True,1,Al-Madar,1,1782864000000,1782864000000,Libyan_cells_dataset/cells.sqlite3,sqlite:328,sqlite:328,0.0,"observed_coordinate_medoid; source reference, not survey truth",42443821976047
606,1,LTE,1230,101141,radio-e3810105b7ecb8b2,32.068100561332,20.144300960989618,1,False,False,False,True,1,Al-Madar,1,1770768000000,1773964800000,Libyan_cells_dataset/cells.sqlite3,sqlite:610,sqlite:610,0.0,"observed_coordinate_medoid; source reference, not survey truth",259976487775151
606,0,LTE,4001,4333,radio-e38bd4c1c91b2d44,32.567900982197436,14.059000832676748,1,False,False,False,False,0,Libyana,1,1775606400000,1777075200000,Libyan_cells_dataset/cells.sqlite3,sqlite:387,sqlite:387,0.0,"observed_coordinate_medoid; source reference, not survey truth",5442696701577
606,0,LTE,6390,1196,radio-e39590891e9e60eb,32.09150091717926,20.15980097583546,1,True,False,False,False,0,Libyana,1,1755561600000,1786579200000,Libyan_cells_dataset/cells.sqlite3,sqlite:1190,sqlite:1190,0.0,"observed_coordinate_medoid; source reference, not survey truth",60137269291097
606,1,LTE,4021,4176,radio-e3e0ae139800a2de,32.35280059792693,15.06360013897038,1,False,False,False,True,1,Al-Madar,1,1747440000000,1781827200000,Libyan_cells_dataset/cells.sqlite3,sqlite:491,sqlite:491,0.0,"observed_coordinate_medoid; source reference, not survey truth",269242778537303
606,0,UMTS,2140,1522,radio-e3e47295cf79b32a,32.525700773373515,12.682200746440575,1,False,False,False,False,0,Libyana,1,1774310400000,1774310400000,Libyan_cells_dataset/cells.sqlite3,sqlite:2363,sqlite:2363,0.0,"observed_coordinate_medoid; source reference, not survey truth",33990742524801
606,1,GSM,3,1017,radio-e3f25564252252b5,32.81900081307462,13.034800122263741,1,False,False,False,False,0,Al-Madar,1,1576800000000,1785715200000,Libyan_cells_dataset/cells.sqlite3,sqlite:3645,sqlite:3645,0.0,"observed_coordinate_medoid; source reference, not survey truth",163660171777169
606,0,LTE,1610,1140,radio-e437ab8234c2f896,32.87231136012722,13.143050606186325,1,False,False,False,False,0,Libyana,12,1575331200000,1789910964000,Libyan_cells_dataset/cells.sqlite3|data/new_data/libya_collected_antennas/cellmapper/cellmapper_libya_antennas.csv,collected:2098|collected:2099|collected:2100|collected:2101|collected:2102|collected:2103|collected:2104|collected:2105|collected:2106|collected:2107|collected:2108|sqlite:759,collected:2098,4.793594666144169,"observed_coordinate_medoid; source reference, not survey truth",227115854690909
606,0,LTE,2130,1898,radio-e478831f530f5d40,32.72830049399122,13.18350016241966,1,False,False,False,False,0,Libyana,1,1755475200000,1781308800000,Libyan_cells_dataset/cells.sqlite3,sqlite:896,sqlite:896,0.0,"observed_coordinate_medoid; source reference, not survey truth",46442514452792
606,1,LTE,4122,4663,radio-e4a82675a057f8ef,32.636100968549165,13.577000458947458,1,False,False,False,True,1,Al-Madar,1,1785974400000,1786060800000,Libyan_cells_dataset/cells.sqlite3,sqlite:99,sqlite:99,0.0,"observed_coordinate_medoid; source reference, not survey truth",137859148134705
606,0,UMTS,1510,1205,radio-e4b992b27e34fef6,32.820500491813405,13.006700632457918,1,False,False,False,False,0,Libyana,4,1772668800000,1784073600000,Libyan_cells_dataset/cells.sqlite3,sqlite:2231|sqlite:2280|sqlite:2318|sqlite:2406,sqlite:2280,0.07961077200589663,"observed_coordinate_medoid; source reference, not survey truth",23601390862284
606,0,UMTS,5410,2070,radio-e4ec67e5b10f7939,32.80970096251177,21.871500183991245,1,False,False,False,False,0,Libyana,1,1743811200000,1784764800000,Libyan_cells_dataset/cells.sqlite3,sqlite:2595,sqlite:2595,0.0,"observed_coordinate_medoid; source reference, not survey truth",151011200768080
606,0,UMTS,2140,2365,radio-e4fc8c59c59db565,32.746500462167724,12.770300962354685,1,False,False,False,False,0,Libyana,1,1774310400000,1779321600000,Libyan_cells_dataset/cells.sqlite3,sqlite:2337,sqlite:2337,0.0,"observed_coordinate_medoid; source reference, not survey truth",113666750134371
606,0,LTE,1810,1617,radio-e4ffa2b111b53570,32.89864038930708,13.20509020879316,1,False,False,False,False,0,Libyana,9,1575330504000,1786871714000,data/new_data/libya_collected_antennas/cellmapper/cellmapper_libya_antennas.csv,collected:583|collected:584|collected:585|collected:586|collected:587|collected:588|collected:589|collected:590|collected:591,collected:583,0.0,"observed_coordinate_medoid; source reference, not survey truth",65707733649983
606,0,LTE,2140,1658,radio-e52f38df9a3de417,32.69180090392381,12.90960048297916,1,False,False,False,False,0,Libyana,1,1777334400000,1787529600000,Libyan_cells_dataset/cells.sqlite3,sqlite:850,sqlite:850,0.0,"observed_coordinate_medoid; source reference, not survey truth",263516774091661
606,1,GSM,5,1033,radio-e530830bef020fd4,31.9578008659566,12.027200724820908,1,False,False,False,False,0,Al-Madar,1,1602460800000,1602460800000,Libyan_cells_dataset/cells.sqlite3,sqlite:3664,sqlite:3664,0.0,"observed_coordinate_medoid; source reference, not survey truth",130260998635384
606,1,GSM,2001,1012,radio-e54f1de2472d6b04,32.623100643944724,14.331300837520935,1,False,False,False,False,0,Al-Madar,3,1788825600000,1788825600000,Libyan_cells_dataset/cells.sqlite3,sqlite:3637|sqlite:3860|sqlite:3899,sqlite:3899,0.06408357293644282,"observed_coordinate_medoid; source reference, not survey truth",57641243838952
606,0,LTE,2120,6382,radio-e5b09a3533c11aec,32.66880083955847,13.3753007504654,1,False,False,False,False,0,Libyana,1,1755388800000,1787184000000,Libyan_cells_dataset/cells.sqlite3,sqlite:941,sqlite:941,0.0,"observed_coordinate_medoid; source reference, not survey truth",5104518615633
606,0,LTE,4101,4616,radio-e5b71294750302f6,32.663100285595235,13.22610081256845,1,False,False,False,False,0,Libyana,1,1756166400000,1781049600000,Libyan_cells_dataset/cells.sqlite3,sqlite:336,sqlite:336,0.0,"observed_coordinate_medoid; source reference, not survey truth",175049562130852
606,1,GSM,1111,1120,radio-e5c6e49d7bb13d45,32.14610011625624,20.089200198954035,1,False,False,False,False,0,Al-Madar,2,1581206400000,1789084800000,Libyan_cells_dataset/cells.sqlite3,sqlite:4146|sqlite:4201,sqlite:4146,0.057816950946773034,"observed_coordinate_medoid; source reference, not survey truth",232776809852956
606,1,LTE,8091,4638,radio-e602cb0f70a67b69,32.69520011971431,13.453100908580499,1,False,False,False,True,1,Al-Madar,1,1755734400000,1781049600000,Libyan_cells_dataset/cells.sqlite3,sqlite:116,sqlite:116,0.0,"observed_coordinate_medoid; source reference, not survey truth",204553227388730
606,0,UMTS,5390,6039,radio-e62c630935874b35,32.47680077237955,20.849700340472587,1,False,False,False,False,0,Libyana,4,1777420800000,1777420800000,Libyan_cells_dataset/cells.sqlite3,sqlite:2443|sqlite:2492|sqlite:2541|sqlite:2624,sqlite:2492,0.0713140360297308,"observed_coordinate_medoid; source reference, not survey truth",21299553088122
606,1,LTE,1240,103671,radio-e63b8e2b098b0a6c,31.668300698208313,20.255900218304618,1,False,False,False,True,1,Al-Madar,1,1785283200000,1786147200000,Libyan_cells_dataset/cells.sqlite3,sqlite:569,sqlite:569,0.0,"observed_coordinate_medoid; source reference, not survey truth",24386331875380
606,0,GSM,4340,1074,radio-e64c56660b7ff053,32.11280036261203,20.083600632571383,1,False,False,False,False,0,Libyana,1,1779408000000,1779408000000,Libyan_cells_dataset/cells.sqlite3,sqlite:2835,sqlite:2835,0.0,"observed_coordinate_medoid; source reference, not survey truth",135588922932166
606,0,LTE,6330,1210,radio-e657c2f59303df88,32.150136217658904,20.12067206111955,1,False,False,False,False,0,Libyana,3,1768579386000,1788127467000,data/new_data/libya_collected_antennas/cellmapper/cellmapper_libya_antennas.csv,collected:2429|collected:2430|collected:2431,collected:2429,0.0,"observed_coordinate_medoid; source reference, not survey truth",133249928282926
606,1,UMTS,2011,1309,radio-e66176149a1921d3,32.794800494092584,13.081200652586546,1,False,False,False,False,0,Al-Madar,3,1602460800000,1602460800000,Libyan_cells_dataset/cells.sqlite3,sqlite:1605|sqlite:1637|sqlite:1724,sqlite:1724,0.08207083213431761,"observed_coordinate_medoid; source reference, not survey truth",77541835783741
606,1,LTE,2,622,radio-e67d709670b0f3cf,32.83390095651749,13.209900310069449,1,False,False,False,True,1,Al-Madar,1,1762300800000,1782864000000,Libyan_cells_dataset/cells.sqlite3,sqlite:163,sqlite:163,0.0,"observed_coordinate_medoid; source reference, not survey truth",168871610993284
606,0,UMTS,1510,1204,radio-e6920a2fb54fbb73,32.809500461122106,12.954900656121604,1,False,False,False,False,0,Libyana,4,1772668800000,1772755200000,Libyan_cells_dataset/cells.sqlite3,sqlite:2230|sqlite:2279|sqlite:2317|sqlite:2405,sqlite:2405,0.06141594725560669,"observed_coordinate_medoid; source reference, not survey truth",92672188693613
606,1,LTE,4002,5229,radio-e69f9d40f402c6b3,32.513800249047776,14.19180080111887,1,False,False,False,True,1,Al-Madar,1,1785542400000,1787529600000,Libyan_cells_dataset/cells.sqlite3,sqlite:396,sqlite:396,0.0,"observed_coordinate_medoid; source reference, not survey truth",258909307948948
606,0,GSM,8262,3392,radio-e6b81631b332af22,32.106100448435974,12.935700703895092,1,False,False,False,False,0,Libyana,1,1593129600000,1593129600000,Libyan_cells_dataset/cells.sqlite3,sqlite:3547,sqlite:3547,0.0,"observed_coordinate_medoid; source reference, not survey truth",164728366551591
606,1,LTE,14,253,radio-e6b93986cc5ac3ef,32.84600081492698,13.094800434275204,1,False,False,False,True,1,Al-Madar,1,1762214400000,1787529600000,Libyan_cells_dataset/cells.sqlite3,sqlite:179,sqlite:179,0.0,"observed_coordinate_medoid; source reference, not survey truth",69688869584603
606,0,LTE,2090,1688,radio-e6c6a2c269fad700,32.700400280553,14.022000164819937,1,False,False,False,False,0,Libyana,1,1779408000000,1779408000000,Libyan_cells_dataset/cells.sqlite3,sqlite:1050,sqlite:1050,0.0,"observed_coordinate_medoid; source reference, not survey truth",96733258588560
606,1,LTE,4101,4849,radio-e6e0d4991d301ea1,32.67720043780357,13.26900051238924,1,False,False,False,True,1,Al-Madar,1,1756166400000,1781049600000,Libyan_cells_dataset/cells.sqlite3,sqlite:100,sqlite:100,0.0,"observed_coordinate_medoid; source reference, not survey truth",181008690967679
606,0,UMTS,5310,1080,radio-e6e38b8ebb39202b,32.1231344,20.094544,1,False,True,True,False,0,Libyana,4,1788116160000,1789197126000,data/new_data/libya_collected_antennas/cellmapper/cellmapper_libya_antennas.csv,collected:1150|collected:1151|collected:1152|collected:1153,collected:1150,0.0,"observed_coordinate_medoid; source reference, not survey truth",205246222653546
606,1,UMTS,301,4218,radio-e6fcbb6be9f7c59f,32.50640066651747,14.486900574350727,1,False,False,False,False,0,Al-Madar,4,1773187200000,1773273600000,Libyan_cells_dataset/cells.sqlite3,sqlite:1506|sqlite:1559|sqlite:1738|sqlite:1891,sqlite:1738,0.08750812840778116,"observed_coordinate_medoid; source reference, not survey truth",64999382841628
606,0,LTE,1810,1955,radio-e7033d9729fb0e66,32.889965595198284,13.165084976643705,1,False,False,False,False,0,Libyana,4,1757808000000,1786615764000,Libyan_cells_dataset/cells.sqlite3|data/new_data/libya_collected_antennas/cellmapper/cellmapper_libya_antennas.csv,collected:517|collected:518|collected:519|sqlite:764,collected:517,4.164217908281579,"observed_coordinate_medoid; source reference, not survey truth",4130936148690
606,1,UMTS,1020,3007,radio-e7186acdd2212bce,32.104900144983276,20.12690045237206,1,False,False,True,False,0,Al-Madar,9,1785715200000,1789112544000,Libyan_cells_dataset/cells.sqlite3|data/new_data/libya_collected_antennas/cellmapper/cellmapper_libya_antennas.csv,collected:875|collected:876|collected:877|sqlite:1362|sqlite:1413|sqlite:1899|sqlite:1945|sqlite:1994|sqlite:2095,sqlite:1899,5.182331844371192,"observed_coordinate_medoid; source reference, not survey truth",185638510799136
606,0,LTE,6310,1155,radio-e7192e23b6c21dbd,32.09873046875,20.082979583740237,1,False,False,False,False,0,Libyana,7,1578873248000,1789910964000,data/new_data/libya_collected_antennas/cellmapper/cellmapper_libya_antennas.csv,collected:2177|collected:2178|collected:2179|collected:2180|collected:2181|collected:2182|collected:2183,collected:2177,0.0,"observed_coordinate_medoid; source reference, not survey truth",75561501571817
606,0,LTE,2110,3660,radio-e71acac0ed9386c0,32.45490056630411,13.862600169447413,1,False,False,False,False,0,Libyana,1,1778889600000,1781308800000,Libyan_cells_dataset/cells.sqlite3,sqlite:1077,sqlite:1077,0.0,"observed_coordinate_medoid; source reference, not survey truth",182817042917869
606,1,LTE,4011,4039,radio-e723cef0c39eb069,32.465000714860814,14.574200284905306,1,False,False,False,True,1,Al-Madar,1,1566604800000,1773273600000,Libyan_cells_dataset/cells.sqlite3,sqlite:451,sqlite:451,0.0,"observed_coordinate_medoid; source reference, not survey truth",11853575945223
606,0,GSM,9360,4947,radio-e75b9a4c5fd07c8c,27.046400934164645,14.4096001163347,1,False,False,False,False,0,Libyana,1,1454112000000,1454112000000,Libyan_cells_dataset/cells.sqlite3,sqlite:3612,sqlite:3612,0.0,"observed_coordinate_medoid; source reference, not survey truth",66840131798427
606,1,LTE,1250,109611,radio-e7b5247ea4bbe833,32.784300926439094,21.833300930632756,1,False,False,False,True,1,Al-Madar,1,1772841600000,1773964800000,Libyan_cells_dataset/cells.sqlite3,sqlite:664,sqlite:664,0.0,"observed_coordinate_medoid; source reference, not survey truth",76293782593991
606,1,LTE,8,378,radio-e7c09317e6f367f7,32.88070064670755,13.236800232241867,1,False,False,False,True,1,Al-Madar,1,1768521600000,1771200000000,Libyan_cells_dataset/cells.sqlite3,sqlite:159,sqlite:159,0.0,"observed_coordinate_medoid; source reference, not survey truth",267903979387612
606,0,LTE,2150,2227,radio-e7c87b968a86b398,32.75360013706888,12.722300273982425,1,False,False,False,False,0,Libyana,1,1779321600000,1779321600000,Libyan_cells_dataset/cells.sqlite3,sqlite:837,sqlite:837,0.0,"observed_coordinate_medoid; source reference, not survey truth",252948005268973
606,0,GSM,8205,2384,radio-e7ca03f1ba92051b,32.6841005143406,12.719800324819783,1,False,False,False,False,0,Libyana,2,1774310400000,1774310400000,Libyan_cells_dataset/cells.sqlite3,sqlite:3451|sqlite:3500,sqlite:3500,0.0046406758379800355,"observed_coordinate_medoid; source reference, not survey truth",24936595476857
606,0,GSM,4370,1099,radio-e7ca4c3b7704df59,32.04384722028472,20.046728134155146,1,False,False,False,False,0,Libyana,8,1556582400000,1785406483000,Libyan_cells_dataset/cells.sqlite3|data/new_data/libya_collected_antennas/cellmapper/cellmapper_libya_antennas.csv,collected:976|collected:977|collected:978|collected:979|sqlite:2737|sqlite:2783|sqlite:2919|sqlite:3086,collected:976,5.853976413326011,"observed_coordinate_medoid; source reference, not survey truth",143816741764712
606,0,LTE,4001,4240,radio-e7ccde0511effe8d,32.64110062145061,14.243000151882487,1,False,False,False,False,0,Libyana,1,1777075200000,1786147200000,Libyan_cells_dataset/cells.sqlite3,sqlite:415,sqlite:415,0.0,"observed_coordinate_medoid; source reference, not survey truth",2319755422413
606,0,UMTS,1030,4056,radio-e7dbbf67e008a869,32.43080084986547,14.648200651119588,1,False,False,False,False,0,Libyana,2,1575417600000,1575417600000,Libyan_cells_dataset/cells.sqlite3,sqlite:2198|sqlite:2248,sqlite:2198,0.029740266129464236,"observed_coordinate_medoid; source reference, not survey truth",85291465907537
606,1,LTE,4331,4516,radio-e7e471f07a591234,32.09390056596159,12.9874004950246,1,False,False,False,True,1,Al-Madar,1,1775865600000,1775865600000,Libyan_cells_dataset/cells.sqlite3,sqlite:312,sqlite:312,0.0,"observed_coordinate_medoid; source reference, not survey truth",67559716408731
606,1,UMTS,1030,3115,radio-e7e4e9e9e2503264,32.064100725129634,20.130000538185307,1,False,False,False,False,0,Al-Madar,7,1770422400000,1773362206000,Libyan_cells_dataset/cells.sqlite3|data/new_data/libya_collected_antennas/cellmapper/cellmapper_libya_antennas.csv,collected:880|sqlite:1356|sqlite:1406|sqlite:1888|sqlite:1938|sqlite:1988|sqlite:2088,sqlite:2088,4.616998327079366,"observed_coordinate_medoid; source reference, not survey truth",96088171113377
606,1,LTE,4311,4814,radio-e802157f39c5a8a6,31.925900816230747,12.260900724216231,1,False,False,False,True,1,Al-Madar,1,1764374400000,1764374400000,Libyan_cells_dataset/cells.sqlite3,sqlite:302,sqlite:302,0.0,"observed_coordinate_medoid; source reference, not survey truth",129117122050873
606,1,UMTS,331,3382,radio-e810d14f35b4035d,31.958400183682752,12.159400217613472,1,False,False,False,False,0,Al-Madar,2,1761091200000,1783728000000,Libyan_cells_dataset/cells.sqlite3,sqlite:1662|sqlite:1674,sqlite:1662,0.06789984064042527,"observed_coordinate_medoid; source reference, not survey truth",17752628432956
606,1,GSM,2036,1963,radio-e81602070e52e845,32.43310045531367,13.632100344807139,1,False,False,False,False,0,Al-Madar,5,1774828800000,1779408000000,Libyan_cells_dataset/cells.sqlite3,sqlite:3712|sqlite:3758|sqlite:3809|sqlite:3954|sqlite:4125,sqlite:3954,0.07496825942489986,"observed_coordinate_medoid; source reference, not survey truth",67919421840029
606,1,GSM,2008,1406,radio-e82af0960e84e469,27.484800141561156,13.796500182280138,1,False,False,False,False,0,Al-Madar,1,1665964800000,1673654400000,Libyan_cells_dataset/cells.sqlite3,sqlite:4255,sqlite:4255,0.0,"observed_coordinate_medoid; source reference, not survey truth",79669680855572
606,1,LTE,8,847,radio-e830beeb98f627d6,32.869000193098216,13.277900664627238,1,False,False,False,True,1,Al-Madar,1,1761609600000,1785628800000,Libyan_cells_dataset/cells.sqlite3,sqlite:101,sqlite:101,0.0,"observed_coordinate_medoid; source reference, not survey truth",87271210385422
606,0,LTE,6310,1157,radio-e89c8f9a2a2aef29,32.0978363,20.0747587,1,False,True,True,False,0,Libyana,7,1555377464000,1786016950000,data/new_data/libya_collected_antennas/cellmapper/cellmapper_libya_antennas.csv,collected:2192|collected:2193|collected:2194|collected:2195|collected:2196|collected:2197|collected:2198,collected:2192,0.0,"observed_coordinate_medoid; source reference, not survey truth",185539794415070
606,0,LTE,6390,6016,radio-e8ac4d7b5ab86753,32.499781778413954,20.839154961990985,1,False,False,False,False,0,Libyana,6,1575417600000,1777488755000,Libyan_cells_dataset/cells.sqlite3|data/new_data/libya_collected_antennas/cellmapper/cellmapper_libya_antennas.csv,collected:284|collected:285|collected:286|collected:287|collected:288|sqlite:1253,collected:284,4.7551088020010095,"observed_coordinate_medoid; source reference, not survey truth",255753541254842
606,1,LTE,10,942,radio-e8dac6edee20601d,32.722700776988034,13.146400639509276,1,False,False,False,True,1,Al-Madar,1,1755734400000,1782864000000,Libyan_cells_dataset/cells.sqlite3,sqlite:326,sqlite:326,0.0,"observed_coordinate_medoid; source reference, not survey truth",57452103163521
606,1,LTE,14,832,radio-e8dd878dbd800ff2,32.85950034364923,13.093300377690838,1,False,False,False,True,1,Al-Madar,1,1763596800000,1763596800000,Libyan_cells_dataset/cells.sqlite3,sqlite:196,sqlite:196,0.0,"observed_coordinate_medoid; source reference, not survey truth",175166981888970
606,0,LTE,4101,4643,radio-e8ec1d68054de59e,32.51080017911772,13.416100179023115,1,False,False,False,False,0,Libyana,1,1775347200000,1777248000000,Libyan_cells_dataset/cells.sqlite3,sqlite:127,sqlite:127,0.0,"observed_coordinate_medoid; source reference, not survey truth",208358450319741
606,1,LTE,14,123,radio-e8eef3c84151dcd5,32.827300460416915,13.131000475614842,1,False,False,False,True,1,Al-Madar,1,1755129600000,1786147200000,Libyan_cells_dataset/cells.sqlite3,sqlite:528,sqlite:528,0.0,"observed_coordinate_medoid; source reference, not survey truth",32952641561306
606,0,LTE,6330,1067,radio-e8fdf7a062ceecd3,32.0923419,20.1356733,1,False,True,True,False,0,Libyana,4,1785170831000,1788291184000,data/new_data/libya_collected_antennas/cellmapper/cellmapper_libya_antennas.csv,collected:1779|collected:1780|collected:1781|collected:1782,collected:1779,0.0,"observed_coordinate_medoid; source reference, not survey truth",5795341951521
606,0,LTE,2040,3047,radio-e907d99289ff4273,31.92590091453876,12.260900492483634,1,False,False,False,False,0,Libyana,1,1764288000000,1764374400000,Libyan_cells_dataset/cells.sqlite3,sqlite:1284,sqlite:1284,0.0,"observed_coordinate_medoid; source reference, not survey truth",129117122050873
606,0,LTE,2120,6421,radio-e912ed128beadf3d,32.810100198203834,13.551100256166588,1,False,False,False,False,0,Libyana,1,1771286400000,1787184000000,Libyan_cells_dataset/cells.sqlite3,sqlite:989,sqlite:989,0.0,"observed_coordinate_medoid; source reference, not survey truth",146930283619310
606,1,GSM,1114,1038,radio-e91eb91da6289d78,32.20170071512125,20.171900702118794,1,False,False,False,False,0,Al-Madar,1,1772496000000,1783036800000,Libyan_cells_dataset/cells.sqlite3,sqlite:3670,sqlite:3670,0.0,"observed_coordinate_medoid; source reference, not survey truth",106961933094226
606,0,LTE,6340,1205,radio-e9403b4ac210a4db,32.05491214328342,20.12454054090712,1,False,False,False,False,0,Libyana,9,1575392264000,1790102359000,data/new_data/libya_collected_antennas/cellmapper/cellmapper_libya_antennas.csv,collected:2395|collected:2396|collected:2397|collected:2398|collected:2399|collected:2400|collected:2401|collected:2402|collected:2403,collected:2395,0.0,"observed_coordinate_medoid; source reference, not survey truth",248764129924832
606,0,LTE,1020,1368,radio-e943ef787dfa2ff1,32.57680054391154,13.998600863732225,1,False,False,False,False,0,Libyana,1,1775606400000,1785456000000,Libyan_cells_dataset/cells.sqlite3,sqlite:1040,sqlite:1040,0.0,"observed_coordinate_medoid; source reference, not survey truth",272596956253873
606,1,UMTS,301,4460,radio-e952a9e718ae2907,32.48930073946139,14.576800217602447,1,False,False,False,False,0,Al-Madar,2,1560643200000,1753228800000,Libyan_cells_dataset/cells.sqlite3,sqlite:1539|sqlite:1779,sqlite:1779,0.07004864205597461,"observed_coordinate_medoid; source reference, not survey truth",237124868891457
606,0,LTE,1610,1242,radio-e9531f01606719d1,32.86300060702061,13.10530079589142,1,False,False,False,False,0,Libyana,1,1775433600000,1777766400000,Libyan_cells_dataset/cells.sqlite3,sqlite:832,sqlite:832,0.0,"observed_coordinate_medoid; source reference, not survey truth",214700914902449
606,0,LTE,2120,1691,radio-e95a4ad18ddf8a2a,32.574300133575235,13.29460072902093,1,False,False,False,False,0,Libyana,1,1755388800000,1787097600000,Libyan_cells_dataset/cells.sqlite3,sqlite:921,sqlite:921,0.0,"observed_coordinate_medoid; source reference, not survey truth",129823748990519
606,0,LTE,2130,6349,radio-e95fb18c10f486dd,32.72190038824384,13.146400347027589,1,False,False,False,False,0,Libyana,1,1756080000000,1782000000000,Libyan_cells_dataset/cells.sqlite3,sqlite:900,sqlite:900,0.0,"observed_coordinate_medoid; source reference, not survey truth",99194717717356
606,1,LTE,2,72,radio-e96ee8e77859ae1d,32.84630085670998,13.190700845183835,1,False,False,False,True,1,Al-Madar,1,1768521600000,1770249600000,Libyan_cells_dataset/cells.sqlite3,sqlite:28,sqlite:28,0.0,"observed_coordinate_medoid; source reference, not survey truth",160930550010382
606,0,LTE,1810,1758,radio-e97538dc203ea3a7,32.88351548621621,13.160452646216216,1,False,False,False,False,0,Libyana,4,1575392324000,1786871714000,data/new_data/libya_collected_antennas/cellmapper/cellmapper_libya_antennas.csv,collected:537|collected:538|collected:539|collected:540,collected:537,0.0,"observed_coordinate_medoid; source reference, not survey truth",5966884833341
606,1,GSM,1111,1043,radio-e9792441e4192d03,32.15450048853872,20.12250046130448,1,False,False,False,False,0,Al-Madar,2,1563840000000,1563840000000,Libyan_cells_dataset/cells.sqlite3,sqlite:4152|sqlite:4206,sqlite:4152,0.033151819745777675,"observed_coordinate_medoid; source reference, not survey truth",72681866621521
606,0,LTE,6310,1070,radio-e9a0f86b25a4027e,32.907505566856415,13.268997608459324,1,False,False,False,False,0,Libyana,8,1572394037000,1789781963000,data/new_data/libya_collected_antennas/cellmapper/cellmapper_libya_antennas.csv,collected:125|collected:126|collected:127|collected:128|collected:129|collected:130|collected:131|collected:132,collected:125,0.0,"observed_coordinate_medoid; source reference, not survey truth",155504730933791
606,1,UMTS,1040,3878,radio-e9b9a0b6ccebd7c2,32.2329436,20.1920822,1,False,True,True,False,0,Al-Madar,2,1786721633000,1786731123000,data/new_data/libya_collected_antennas/cellmapper/cellmapper_libya_antennas.csv,collected:1333|collected:1334,collected:1333,0.0,"observed_coordinate_medoid; source reference, not survey truth",280565746778630
606,1,LTE,4,2087,radio-e9bed0ddaefdc01f,32.75640078837043,12.742200495050401,1,False,False,False,True,1,Al-Madar,1,1771632000000,1771632000000,Libyan_cells_dataset/cells.sqlite3,sqlite:248,sqlite:248,0.0,"observed_coordinate_medoid; source reference, not survey truth",184019516630527
606,0,LTE,1710,1199,radio-e9c718a7a53aa5a6,32.0884448,20.0703669,1,False,True,True,False,0,Libyana,6,1572394042000,1789521941000,data/new_data/libya_collected_antennas/cellmapper/cellmapper_libya_antennas.csv,collected:2381|collected:2382|collected:2383|collected:2384|collected:2385|collected:2386,collected:2381,0.0,"observed_coordinate_medoid; source reference, not survey truth",83742780721368
606,1,GSM,2034,6249,radio-e9ff8bbfab79b037,32.872400665286136,13.30770068430175,1,False,False,False,False,0,Al-Madar,6,1785715200000,1785715200000,Libyan_cells_dataset/cells.sqlite3,sqlite:3717|sqlite:3763|sqlite:3814|sqlite:4011|sqlite:4056|sqlite:4130,sqlite:4130,0.07898564120152142,"observed_coordinate_medoid; source reference, not survey truth",24051038293588
606,0,LTE,2090,3000,radio-ea01b0b5ffb9f541,32.69370072281645,13.84840071138484,1,False,False,False,False,0,Libyana,1,1770422400000,1786924800000,Libyan_cells_dataset/cells.sqlite3,sqlite:1038,sqlite:1038,0.0,"observed_coordinate_medoid; source reference, not survey truth",189184493243318
606,1,LTE,1250,106481,radio-ea6029acb8deae44,32.707100501496136,21.73320049979215,1,False,False,False,True,1,Al-Madar,1,1780704000000,1780704000000,Libyan_cells_dataset/cells.sqlite3,sqlite:645,sqlite:645,0.0,"observed_coordinate_medoid; source reference, not survey truth",261430298288969
606,1,UMTS,1011,227,radio-ea68039806b9ca98,32.83860044028512,13.200700495971466,1,False,False,False,False,0,Al-Madar,4,1576713600000,1576713600000,Libyan_cells_dataset/cells.sqlite3,sqlite:1835|sqlite:1885|sqlite:2085|sqlite:2185,sqlite:2085,0.07684833137968919,"observed_coordinate_medoid; source reference, not survey truth",30470460758474
606,1,LTE,10,289,radio-ea7752828838be42,32.681700780569194,13.146400170964668,1,False,False,False,True,1,Al-Madar,1,1755734400000,1781049600000,Libyan_cells_dataset/cells.sqlite3,sqlite:335,sqlite:335,0.0,"observed_coordinate_medoid; source reference, not survey truth",147355771109239
606,1,LTE,4101,9936,radio-ea784a002a5688af,32.79220017560401,13.290800772498105,1,False,False,False,True,1,Al-Madar,1,1775347200000,1776643200000,Libyan_cells_dataset/cells.sqlite3,sqlite:360,sqlite:360,0.0,"observed_coordinate_medoid; source reference, not survey truth",31584774930368
606,0,GSM,8264,1808,radio-ea7ed5f1c51093af,32.89410063265779,13.19310042268408,1,False,False,False,False,0,Libyana,6,1658534400000,1786492800000,Libyan_cells_dataset/cells.sqlite3,sqlite:3238|sqlite:3285|sqlite:3332|sqlite:3413|sqlite:3480|sqlite:3544,sqlite:3238,0.06711456406296105,"observed_coordinate_medoid; source reference, not survey truth",228241077320919
606,0,LTE,6340,1255,radio-ea7fe6a1fca579f5,31.764000700023484,20.234500437497623,1,False,False,False,False,0,Libyana,1,1785283200000,1785974400000,Libyan_cells_dataset/cells.sqlite3,sqlite:1235,sqlite:1235,0.0,"observed_coordinate_medoid; source reference, not survey truth",66979095604644
606,1,GSM,14,2667,radio-ea9764049dc7a33a,32.852500471967865,13.164300504921849,1,False,False,False,False,0,Al-Madar,1,1785715200000,1785715200000,Libyan_cells_dataset/cells.sqlite3,sqlite:4083,sqlite:4083,0.0,"observed_coordinate_medoid; source reference, not survey truth",90513586364563
606,1,LTE,1240,100291,radio-ea9a608b2222959c,32.09670029100219,20.237000728480297,1,False,False,False,True,1,Al-Madar,1,1768521600000,1769817600000,Libyan_cells_dataset/cells.sqlite3,sqlite:693,sqlite:693,0.0,"observed_coordinate_medoid; source reference, not survey truth",30336998738483
606,1,GSM,1123,1662,radio-ea9d9e8229ca8ca0,32.81620044897403,21.854200248553852,1,False,False,False,False,0,Al-Madar,1,1784764800000,1784764800000,Libyan_cells_dataset/cells.sqlite3,sqlite:4193,sqlite:4193,0.0,"observed_coordinate_medoid; source reference, not survey truth",130579185753685
606,1,LTE,1,133,radio-eaa194a2de56e0b4,32.89450072799578,13.205800576853372,1,False,False,False,True,1,Al-Madar,1,1575244800000,1768521600000,Libyan_cells_dataset/cells.sqlite3,sqlite:31,sqlite:31,0.0,"observed_coordinate_medoid; source reference, not survey truth",114441787977031
606,0,LTE,4,2099,radio-eadd51caf199f07d,32.750500616743544,12.705000883350907,1,False,False,False,False,0,Libyana,1,1771632000000,1771632000000,Libyan_cells_dataset/cells.sqlite3,sqlite:249,sqlite:249,0.0,"observed_coordinate_medoid; source reference, not survey truth",64531730774507
606,1,LTE,4011,4220,radio-eae3600f6901fce6,32.46130042891925,14.531700603374214,1,False,False,False,True,1,Al-Madar,1,1782518400000,1782518400000,Libyan_cells_dataset/cells.sqlite3,sqlite:442,sqlite:442,0.0,"observed_coordinate_medoid; source reference, not survey truth",131137027096882
606,0,LTE,4011,4227,radio-eae76f66e51aaac9,32.55670028749795,14.366400523392198,1,False,False,False,False,0,Libyana,1,1575417600000,1786838400000,Libyan_cells_dataset/cells.sqlite3,sqlite:411,sqlite:411,0.0,"observed_coordinate_medoid; source reference, not survey truth",74545509300530
606,0,LTE,6340,1119,radio-eb03a4bbde107a5a,31.834436416625977,20.016977310180664,1,False,False,False,False,0,Libyana,3,1785369600000,1790108355000,Libyan_cells_dataset/cells.sqlite3|data/new_data/libya_collected_antennas/cellmapper/cellmapper_libya_antennas.csv,collected:2044|collected:2045|sqlite:1183,collected:2044,336.7413498972068,"observed_coordinate_medoid; source reference, not survey truth",255568099747601
606,0,UMTS,1050,4193,radio-eb19a6e0649cea57,31.72586479187012,15.086577987670898,1,False,False,False,False,0,Libyana,3,1782777600000,1782931578000,Libyan_cells_dataset/cells.sqlite3|data/new_data/libya_collected_antennas/cellmapper/cellmapper_libya_antennas.csv,collected:1018|collected:1019|sqlite:2681,collected:1018,4.494047199661851,"observed_coordinate_medoid; source reference, not survey truth",124739156462100
606,0,LTE,6310,1021,radio-eb3c325b9434028d,32.132502,20.102193,1,False,True,True,False,0,Libyana,5,1579840273000,1789112540000,data/new_data/libya_collected_antennas/cellmapper/cellmapper_libya_antennas.csv,collected:1451|collected:1452|collected:1453|collected:1454|collected:1455,collected:1451,0.0,"observed_coordinate_medoid; source reference, not survey truth",211781988157525
606,1,LTE,1210,100611,radio-eb56b56408e20544,32.12700034769455,20.10420090501469,1,False,False,False,True,1,Al-Madar,1,1744761600000,1786924800000,Libyan_cells_dataset/cells.sqlite3,sqlite:615,sqlite:615,0.0,"observed_coordinate_medoid; source reference, not survey truth",216554651490109
606,1,LTE,4331,4510,radio-eb61271962639dc8,32.112900303552145,12.99150081064451,1,False,False,False,True,1,Al-Madar,1,1775174400000,1775865600000,Libyan_cells_dataset/cells.sqlite3,sqlite:304,sqlite:304,0.0,"observed_coordinate_medoid; source reference, not survey truth",59627009051722
606,0,LTE,3008,2090,radio-eb89d84d11153f7e,32.746400708005076,12.725500971160214,1,False,False,False,False,0,Libyana,1,1575331200000,1575331200000,Libyan_cells_dataset/cells.sqlite3,sqlite:738,sqlite:738,0.0,"observed_coordinate_medoid; source reference, not survey truth",79000471110830
606,0,GSM,8251,6409,radio-eb9ebd17f3ff0dbf,32.77480029853739,13.082000659334275,1,False,False,False,False,0,Libyana,1,1785369600000,1785369600000,Libyan_cells_dataset/cells.sqlite3,sqlite:3443,sqlite:3443,0.0,"observed_coordinate_medoid; source reference, not survey truth",89506959963005
606,0,LTE,2140,1064,radio-eba2d012cb942dd8,32.0652026,20.0642957,1,False,True,True,False,0,Libyana,7,1557100800000,1789634408000,Libyan_cells_dataset/cells.sqlite3|data/new_data/libya_collected_antennas/cellmapper/cellmapper_libya_antennas.csv,collected:78|collected:79|collected:80|collected:81|collected:82|collected:83|sqlite:1189,collected:78,0.5129705598794995,"observed_coordinate_medoid; source reference, not survey truth",201613358031149
606,0,LTE,6310,1038,radio-ebeb9fcd4a9da063,32.0712776184082,20.075714111328125,1,False,False,False,False,0,Libyana,20,1565584020000,1789781958000,data/new_data/libya_collected_antennas/cellmapper/cellmapper_libya_antennas.csv,collected:23|collected:24|collected:25|collected:26|collected:27|collected:28|collected:29|collected:30|collected:31|collected:32|collected:33|collected:34|collected:35|collected:36|collected:37|collected:38|collected:39|collected:40|collected:41|collected:42,collected:23,0.0,"observed_coordinate_medoid; source reference, not survey truth",56384838833993
606,1,LTE,8,848,radio-ebf64d6830b94945,32.86970046340495,13.271700878182557,1,False,False,False,True,1,Al-Madar,1,1756598400000,1786060800000,Libyan_cells_dataset/cells.sqlite3,sqlite:19,sqlite:19,0.0,"observed_coordinate_medoid; source reference, not survey truth",200812896712267
606,1,UMTS,1010,3129,radio-ebfd4de1caed20b6,32.11760060657706,20.06660044123127,1,False,False,False,False,0,Al-Madar,6,1700524800000,1701302400000,Libyan_cells_dataset/cells.sqlite3,sqlite:1386|sqlite:1437|sqlite:1935|sqlite:1970|sqlite:2018|sqlite:2119,sqlite:2018,0.08242605951221943,"observed_coordinate_medoid; source reference, not survey truth",163411049183865
606,1,LTE,3,335,radio-ec1a2ee48e544148,32.83440050200402,13.068800553671682,1,False,False,False,True,1,Al-Madar,1,1602460800000,1762300800000,Libyan_cells_dataset/cells.sqlite3,sqlite:182,sqlite:182,0.0,"observed_coordinate_medoid; source reference, not survey truth",134058690581443
606,1,LTE,2,14,radio-ec25030eba9d45b2,32.87350035639363,13.144800936330927,1,False,False,False,True,1,Al-Madar,1,1768521600000,1779148800000,Libyan_cells_dataset/cells.sqlite3,sqlite:503,sqlite:503,0.0,"observed_coordinate_medoid; source reference, not survey truth",220995330286338
606,1,GSM,2034,1630,radio-ec2b2faf01e6d907,32.85540060204407,13.293200692747405,1,False,False,False,False,0,Al-Madar,6,1656460800000,1778457600000,Libyan_cells_dataset/cells.sqlite3,sqlite:3680|sqlite:3729|sqlite:3780|sqlite:3994|sqlite:4042|sqlite:4096,sqlite:3680,0.10218606198025465,"observed_coordinate_medoid; source reference, not survey truth",73664108113378
606,0,LTE,6330,1192,radio-ec341730f9d2f137,32.0868106,20.116919,1,False,True,True,False,0,Libyana,9,1764460800000,1789692142000,Libyan_cells_dataset/cells.sqlite3|data/new_data/libya_collected_antennas/cellmapper/cellmapper_libya_antennas.csv,collected:2351|collected:2352|collected:2353|collected:2354|collected:2355|collected:2356|collected:2357|collected:2358|sqlite:1179,collected:2351,2.077864346704418,"observed_coordinate_medoid; source reference, not survey truth",59301969120686
606,1,LTE,1241,103121,radio-ec3e693d4d8890cd,32.19770036860017,20.599300734809372,1,False,False,False,True,1,Al-Madar,1,1751760000000,1751760000000,Libyan_cells_dataset/cells.sqlite3,sqlite:627,sqlite:627,0.0,"observed_coordinate_medoid; source reference, not survey truth",46132572310084
606,1,UMTS,331,3378,radio-ec3edd2a88eb17cd,31.966600632306072,12.099800462652837,1,False,False,False,False,0,Al-Madar,2,1761091200000,1761091200000,Libyan_cells_dataset/cells.sqlite3,sqlite:1661|sqlite:1673,sqlite:1673,0.0467473181602547,"observed_coordinate_medoid; source reference, not survey truth",183027206969693
606,1,UMTS,300,4683,radio-ec3fa94609ee9a07,32.61050065254961,14.022900617261746,1,False,False,False,False,0,Al-Madar,1,1777680000000,1789084800000,Libyan_cells_dataset/cells.sqlite3,sqlite:1321,sqlite:1321,0.0,"observed_coordinate_medoid; source reference, not survey truth",246570442904118
606,1,UMTS,311,3856,radio-ec5c1f35e6e4b431,32.43840012103066,13.638700902072378,1,False,False,False,False,0,Al-Madar,2,1774828800000,1777420800000,Libyan_cells_dataset/cells.sqlite3,sqlite:1567|sqlite:1744,sqlite:1744,0.06931556425850366,"observed_coordinate_medoid; source reference, not survey truth",56214008489870
606,0,GSM,4370,1173,radio-ec8ed45d1bf9f36f,32.050400293088146,20.077200666371017,1,False,False,False,False,0,Libyana,1,1598918400000,1598918400000,Libyan_cells_dataset/cells.sqlite3,sqlite:2939,sqlite:2939,0.0,"observed_coordinate_medoid; source reference, not survey truth",241167541233039
606,1,UMTS,300,4679,radio-ec94ed2819bff388,32.61810022694621,14.01030021309918,1,False,False,False,False,0,Al-Madar,1,1778025600000,1778025600000,Libyan_cells_dataset/cells.sqlite3,sqlite:1337,sqlite:1337,0.0,"observed_coordinate_medoid; source reference, not survey truth",193703793511854
606,0,UMTS,1050,4141,radio-ec9dc7ce9819add2,32.345064163208,15.0890197753905,1,False,False,False,False,0,Libyana,2,1575453033000,1575453036000,data/new_data/libya_collected_antennas/cellmapper/cellmapper_libya_antennas.csv,collected:1029|collected:1030,collected:1029,0.0,"observed_coordinate_medoid; source reference, not survey truth",223170517563544
606,0,UMTS,2040,3047,radio-eca328fda879559b,31.92590098066527,12.261000439706041,1,False,False,False,False,0,Libyana,1,1764288000000,1764374400000,Libyan_cells_dataset/cells.sqlite3,sqlite:2347,sqlite:2347,0.0,"observed_coordinate_medoid; source reference, not survey truth",129117122050873
606,1,LTE,4001,4230,radio-ecbc45e5462626a0,32.63900048877996,14.247700488402648,1,False,False,False,True,1,Al-Madar,1,1575417600000,1786233600000,Libyan_cells_dataset/cells.sqlite3,sqlite:422,sqlite:422,0.0,"observed_coordinate_medoid; source reference, not survey truth",44070463697894
606,0,LTE,1030,4062,radio-ecee2a3580fb34da,32.4670008809757,14.485700783869385,1,False,False,False,False,0,Libyana,1,1783382400000,1783382400000,Libyan_cells_dataset/cells.sqlite3,sqlite:1128,sqlite:1128,0.0,"observed_coordinate_medoid; source reference, not survey truth",188429269065015
606,0,GSM,4380,1094,radio-ed5a907d7b96b529,32.1071783,20.1181575,1,False,True,True,False,0,Libyana,8,1556668800000,1770653425000,Libyan_cells_dataset/cells.sqlite3|data/new_data/libya_collected_antennas/cellmapper/cellmapper_libya_antennas.csv,collected:762|collected:763|collected:764|collected:765|sqlite:2830|sqlite:2894|sqlite:2941|sqlite:2977,collected:762,4.780649861824686,"observed_coordinate_medoid; source reference, not survey truth",13191507791249
606,0,LTE,1910,1602,radio-ed7650d7301f9c70,32.90673909042821,13.25993725747773,1,False,False,False,False,0,Libyana,3,1757808000000,1771326433000,Libyan_cells_dataset/cells.sqlite3|data/new_data/libya_collected_antennas/cellmapper/cellmapper_libya_antennas.csv,collected:625|collected:626|sqlite:780,collected:625,5.481801954398044,"observed_coordinate_medoid; source reference, not survey truth",141477256350034
606,0,UMTS,1510,5582,radio-ed791c7035e69a98,32.81350073362372,12.945800744181021,1,False,False,False,False,0,Libyana,4,1772668800000,1772668800000,Libyan_cells_dataset/cells.sqlite3,sqlite:2219|sqlite:2268|sqlite:2308|sqlite:2394,sqlite:2308,0.041451745910770686,"observed_coordinate_medoid; source reference, not survey truth",225824120401257
606,0,LTE,2120,1948,radio-ed7a40f0048579f4,32.85910011502895,13.385300436748109,1,False,False,False,False,0,Libyana,1,1782086400000,1783814400000,Libyan_cells_dataset/cells.sqlite3,sqlite:1009,sqlite:1009,0.0,"observed_coordinate_medoid; source reference, not survey truth",71413293654036
606,0,LTE,1050,4260,radio-edb5b8b93939b8a2,32.25610282204368,20.210187435150143,1,False,False,False,False,0,Libyana,3,1785170829000,1789651514000,data/new_data/libya_collected_antennas/cellmapper/cellmapper_libya_antennas.csv,collected:379|collected:380|collected:381,collected:379,0.0,"observed_coordinate_medoid; source reference, not survey truth",37785449962013
606,1,GSM,2001,6550,radio-edf0b879d097149b,32.50600071880227,14.486400938879216,1,False,False,False,False,0,Al-Madar,5,1773187200000,1773273600000,Libyan_cells_dataset/cells.sqlite3,sqlite:3835|sqlite:3877|sqlite:3914|sqlite:3958|sqlite:4137,sqlite:3958,0.06140952586890384,"observed_coordinate_medoid; source reference, not survey truth",64053719388722
606,1,GSM,1111,1056,radio-ee2254238974da24,32.1178007937663,20.114000204370615,1,False,False,False,False,0,Al-Madar,1,1579651200000,1612396800000,Libyan_cells_dataset/cells.sqlite3,sqlite:4240,sqlite:4240,0.0,"observed_coordinate_medoid; source reference, not survey truth",208992694989400
606,0,GSM,4400,1116,radio-ee315e60871278cd,32.20340057647491,20.157400822598003,1,False,False,False,False,0,Libyana,1,1702166400000,1786665600000,Libyan_cells_dataset/cells.sqlite3,sqlite:3025,sqlite:3025,0.0,"observed_coordinate_medoid; source reference, not survey truth",229669358410401
606,1,LTE,4181,4420,radio-ee4dab0a8f4bb879,30.75730070827028,20.227400769237768,1,False,False,False,True,1,Al-Madar,1,1774310400000,1782086400000,Libyan_cells_dataset/cells.sqlite3,sqlite:570,sqlite:570,0.0,"observed_coordinate_medoid; source reference, not survey truth",237433159060476
606,1,LTE,4101,9931,radio-eea41ab0f32a3b1f,32.66580035380641,13.418700702442644,1,False,False,False,True,1,Al-Madar,1,1755734400000,1781481600000,Libyan_cells_dataset/cells.sqlite3,sqlite:374,sqlite:374,0.0,"observed_coordinate_medoid; source reference, not survey truth",223700581670050
606,1,GSM,2000,1460,radio-eeaa59e4a41cb5e9,32.580000570123126,14.034500594424216,1,False,False,False,False,0,Al-Madar,7,1779408000000,1784678400000,Libyan_cells_dataset/cells.sqlite3,sqlite:3698|sqlite:3745|sqlite:3796|sqlite:3829|sqlite:3875|sqlite:3946|sqlite:4112,sqlite:3796,0.09500528587907799,"observed_coordinate_medoid; source reference, not survey truth",224212953485505
606,0,LTE,3006,1318,radio-eec80b5d9fe96b66,32.842600913170656,13.050700710085062,1,False,False,False,False,0,Libyana,1,1575244800000,1575417600000,Libyan_cells_dataset/cells.sqlite3,sqlite:710,sqlite:710,0.0,"observed_coordinate_medoid; source reference, not survey truth",48846432263390
606,0,LTE,2120,6332,radio-eed24f48b9258cb3,32.879400575955344,13.329400736880613,1,False,False,False,False,0,Libyana,1,1758153600000,1783814400000,Libyan_cells_dataset/cells.sqlite3,sqlite:994,sqlite:994,0.0,"observed_coordinate_medoid; source reference, not survey truth",229792494329000
606,1,UMTS,1020,3002,radio-eed60629590eb3bf,32.10940035205309,20.141400253351467,1,False,False,False,False,0,Al-Madar,1,1781049600000,1789084800000,Libyan_cells_dataset/cells.sqlite3,sqlite:2037,sqlite:2037,0.0,"observed_coordinate_medoid; source reference, not survey truth",104272161402672
606,1,LTE,1230,101791,radio-eef8e6cce89f2f30,32.04790066901091,20.133600221897666,1,False,False,False,True,1,Al-Madar,1,1770595200000,1774656000000,Libyan_cells_dataset/cells.sqlite3,sqlite:688,sqlite:688,0.0,"observed_coordinate_medoid; source reference, not survey truth",202211721341625
606,1,GSM,2001,1077,radio-ef1ccf828ce4d44b,32.62220040602547,14.259800420836337,1,False,False,False,False,0,Al-Madar,3,1581984000000,1786147200000,Libyan_cells_dataset/cells.sqlite3,sqlite:3857|sqlite:3897|sqlite:3988,sqlite:3857,0.09992595148868937,"observed_coordinate_medoid; source reference, not survey truth",67059497295675
606,1,LTE,4122,4719,radio-ef2a45a00c40a41f,32.76630030845551,13.28920086777711,1,False,False,False,True,1,Al-Madar,1,1772064000000,1783036800000,Libyan_cells_dataset/cells.sqlite3,sqlite:337,sqlite:337,0.0,"observed_coordinate_medoid; source reference, not survey truth",121897579422015
606,0,GSM,4420,1128,radio-ef3023eac29d5778,31.917500539290444,20.09770034549426,1,False,False,False,False,0,Libyana,3,1592524800000,1786147200000,Libyan_cells_dataset/cells.sqlite3,sqlite:2732|sqlite:2778|sqlite:3081,sqlite:3081,0.04489739841316928,"observed_coordinate_medoid; source reference, not survey truth",23853188005560
606,0,GSM,4330,1095,radio-ef36c9da6b350111,32.115631103515994,20.114398956298995,1,False,False,False,False,0,Libyana,2,1556686034000,1770998897000,data/new_data/libya_collected_antennas/cellmapper/cellmapper_libya_antennas.csv,collected:813|collected:814,collected:813,0.0,"observed_coordinate_medoid; source reference, not survey truth",11845668283546
606,0,LTE,4031,4058,radio-ef56fc3fea290dad,32.36940042388264,15.1616005019141,1,False,False,False,False,0,Libyana,1,1665878400000,1665878400000,Libyan_cells_dataset/cells.sqlite3,sqlite:472,sqlite:472,0.0,"observed_coordinate_medoid; source reference, not survey truth",47832698055802
606,0,GSM,8279,1671,radio-ef6e94a3b4bc8f9f,32.79640022415134,13.269200523325104,1,False,False,False,False,0,Libyana,9,1782864000000,1783987200000,Libyan_cells_dataset/cells.sqlite3,sqlite:3099|sqlite:3149|sqlite:3199|sqlite:3249|sqlite:3299|sqlite:3399|sqlite:3459|sqlite:3509|sqlite:3559,sqlite:3249,0.08550559094421344,"observed_coordinate_medoid; source reference, not survey truth",19685242559556
606,0,LTE,6390,1160,radio-ef93a579fc0b9e83,32.08809280395508,20.189136505126957,1,False,False,False,False,0,Libyana,4,1785110400000,1785170835000,Libyan_cells_dataset/cells.sqlite3|data/new_data/libya_collected_antennas/cellmapper/cellmapper_libya_antennas.csv,collected:2209|collected:2210|collected:2211|sqlite:1259,collected:2209,3.519094591026886,"observed_coordinate_medoid; source reference, not survey truth",63045305086205
606,1,UMTS,1021,1179,radio-efaf6dcfc3f76171,32.854600249978,13.269900177290472,1,False,False,False,False,0,Al-Madar,2,1778457600000,1782086400000,Libyan_cells_dataset/cells.sqlite3,sqlite:1581|sqlite:1701,sqlite:1581,0.0175086056365442,"observed_coordinate_medoid; source reference, not survey truth",239693241117781
606,0,LTE,6350,4003,radio-efbeb94e56f711cc,30.75920045517424,20.2168003204314,1,False,False,False,False,0,Libyana,1,1782086400000,1782086400000,Libyan_cells_dataset/cells.sqlite3,sqlite:1231,sqlite:1231,0.0,"observed_coordinate_medoid; source reference, not survey truth",51632144811680
606,0,LTE,2150,2305,radio-efc367a99b257010,32.7691007844285,12.760900462488118,1,False,False,False,False,0,Libyana,1,1782086400000,1782086400000,Libyan_cells_dataset/cells.sqlite3,sqlite:863,sqlite:863,0.0,"observed_coordinate_medoid; source reference, not survey truth",67563461958480
606,1,LTE,8091,4929,radio-efdf4fbd16d7aa3d,32.70860028378771,13.62280091969927,1,False,False,False,True,1,Al-Madar,1,1755648000000,1786060800000,Libyan_cells_dataset/cells.sqlite3,sqlite:93,sqlite:93,0.0,"observed_coordinate_medoid; source reference, not survey truth",192539154797627
606,1,LTE,1240,103681,radio-eff2985bcc9b3b11,31.591200826507094,20.179200668895692,1,False,False,False,True,1,Al-Madar,1,1785974400000,1785974400000,Libyan_cells_dataset/cells.sqlite3,sqlite:545,sqlite:545,0.0,"observed_coordinate_medoid; source reference, not survey truth",66454499490355
606,1,LTE,2,472,radio-f032654dc4241cc2,32.82190030239403,13.218700358488437,1,False,False,False,True,1,Al-Madar,1,1762300800000,1782864000000,Libyan_cells_dataset/cells.sqlite3,sqlite:323,sqlite:323,0.0,"observed_coordinate_medoid; source reference, not survey truth",63496926648564
606,1,LTE,1230,100941,radio-f05c18d1f5591f75,32.080400881358884,20.075800967331677,1,False,False,False,True,1,Al-Madar,1,1702684800000,1774656000000,Libyan_cells_dataset/cells.sqlite3,sqlite:633,sqlite:633,0.0,"observed_coordinate_medoid; source reference, not survey truth",240460004042921
606,1,LTE,4131,4438,radio-f06745c024e89d41,29.031200207979825,21.544200752312214,1,False,False,False,True,1,Al-Madar,1,1783987200000,1784246400000,Libyan_cells_dataset/cells.sqlite3,sqlite:584,sqlite:584,0.0,"observed_coordinate_medoid; source reference, not survey truth",157546153985164
606,0,LTE,2120,1975,radio-f070f50de2ed6502,32.871700303917734,13.343800292854707,1,False,False,False,False,0,Libyana,1,1755475200000,1787184000000,Libyan_cells_dataset/cells.sqlite3,sqlite:751,sqlite:751,0.0,"observed_coordinate_medoid; source reference, not survey truth",243325034519360
606,0,LTE,2120,1692,radio-f0992323150fed75,32.65200021775648,13.263200829237785,1,False,False,False,False,0,Libyana,1,1755561600000,1787184000000,Libyan_cells_dataset/cells.sqlite3,sqlite:920,sqlite:920,0.0,"observed_coordinate_medoid; source reference, not survey truth",137613907078426
606,0,UMTS,1510,1034,radio-f09e1aa773ea40ea,32.839300704087606,13.043600961660841,1,False,False,False,False,0,Libyana,4,1772668800000,1772668800000,Libyan_cells_dataset/cells.sqlite3,sqlite:2207|sqlite:2256|sqlite:2299|sqlite:2382,sqlite:2256,0.06446490743038938,"observed_coordinate_medoid; source reference, not survey truth",140683537937705
606,0,LTE,2120,1674,radio-f0a194925d108e10,32.82069778442383,13.295385360717772,1,False,False,False,False,0,Libyana,5,1696030552000,1781393075000,data/new_data/libya_collected_antennas/cellmapper/cellmapper_libya_antennas.csv,collected:100|collected:101|collected:102|collected:103|collected:104,collected:100,0.0,"observed_coordinate_medoid; source reference, not survey truth",227056345892975
606,1,LTE,2,91,radio-f0bd70e3428801f3,32.85220027640458,13.235900563373946,1,False,False,False,True,1,Al-Madar,1,1762214400000,1783987200000,Libyan_cells_dataset/cells.sqlite3,sqlite:519,sqlite:519,0.0,"observed_coordinate_medoid; source reference, not survey truth",207661519698436
606,1,LTE,4011,4297,radio-f0bf2ab83b614032,32.50310058183795,14.484400622019805,1,False,False,False,True,1,Al-Madar,1,1773187200000,1773187200000,Libyan_cells_dataset/cells.sqlite3,sqlite:436,sqlite:436,0.0,"observed_coordinate_medoid; source reference, not survey truth",261054757270242
606,1,UMTS,302,4528,radio-f0efa3cc8013ae3d,32.38390065352174,14.964300478085345,1,False,False,False,False,0,Al-Madar,1,1576022400000,1782864000000,Libyan_cells_dataset/cells.sqlite3,sqlite:1505,sqlite:1505,0.0,"observed_coordinate_medoid; source reference, not survey truth",101417855825294
606,0,LTE,2130,1295,radio-f0f7f71782e08f4e,32.6752006975998,13.174400723925341,1,False,False,False,False,0,Libyana,1,1755388800000,1787184000000,Libyan_cells_dataset/cells.sqlite3,sqlite:913,sqlite:913,0.0,"observed_coordinate_medoid; source reference, not survey truth",9714306242245
606,1,LTE,10,205,radio-f11aed9f517b69cf,32.74410023651972,13.145000318640529,1,False,False,False,True,1,Al-Madar,1,1755734400000,1782864000000,Libyan_cells_dataset/cells.sqlite3,sqlite:340,sqlite:340,0.0,"observed_coordinate_medoid; source reference, not survey truth",52753588519038
606,1,GSM,1113,1135,radio-f1370b5f6f455d65,32.00951140267508,20.1411095346723,1,False,False,False,False,0,Al-Madar,3,1578051919000,1789238143000,data/new_data/libya_collected_antennas/cellmapper/cellmapper_libya_antennas.csv,collected:1224|collected:1225|collected:1226,collected:1224,0.0,"observed_coordinate_medoid; source reference, not survey truth",156554136372552
606,1,LTE,3,733,radio-f14c25ef4c16c07a,32.753400774226876,12.895400938637056,1,False,False,False,True,1,Al-Madar,1,1787443200000,1787443200000,Libyan_cells_dataset/cells.sqlite3,sqlite:189,sqlite:189,0.0,"observed_coordinate_medoid; source reference, not survey truth",144579053170369
606,1,LTE,14,232,radio-f1641bbf960761be,32.832000600852325,13.124400597412468,1,False,False,False,True,1,Al-Madar,1,1782864000000,1782864000000,Libyan_cells_dataset/cells.sqlite3,sqlite:198,sqlite:198,0.0,"observed_coordinate_medoid; source reference, not survey truth",158193698721774
606,0,GSM,8205,2062,radio-f18e39b9e64dfa9a,32.67060029232836,12.693700211936473,1,False,False,False,False,0,Libyana,2,1774310400000,1774310400000,Libyan_cells_dataset/cells.sqlite3,sqlite:3449|sqlite:3498,sqlite:3449,0.06920962230054248,"observed_coordinate_medoid; source reference, not survey truth",117172096282370
606,1,UMTS,304,4276,radio-f18e8dad6498f49b,32.32660067537094,15.099600916181481,1,False,False,False,False,0,Al-Madar,1,1576022400000,1576022400000,Libyan_cells_dataset/cells.sqlite3,sqlite:1492,sqlite:1492,0.0,"observed_coordinate_medoid; source reference, not survey truth",127207099935723
606,1,LTE,4011,4134,radio-f1da29d2ce25125e,32.46780042472023,14.570600629737989,1,False,False,False,True,1,Al-Madar,1,1773187200000,1778976000000,Libyan_cells_dataset/cells.sqlite3,sqlite:460,sqlite:460,0.0,"observed_coordinate_medoid; source reference, not survey truth",272236545174339
606,1,LTE,8,83,radio-f1ed45b679fd1f60,32.86950055683363,13.259600766734822,1,False,False,False,True,1,Al-Madar,1,1759795200000,1786060800000,Libyan_cells_dataset/cells.sqlite3,sqlite:24,sqlite:24,0.0,"observed_coordinate_medoid; source reference, not survey truth",117486066074632
606,1,LTE,4021,4066,radio-f22dbde3a4ebfe39,32.33696746826172,15.0314302444458,1,False,False,False,False,0,Al-Madar,1,1781889343000,1781889345000,data/new_data/libya_collected_antennas/cellmapper/cellmapper_libya_antennas.csv,collected:96,collected:96,0.0,"observed_coordinate_medoid; source reference, not survey truth",51704865825523
606,0,LTE,1610,1991,radio-f2416357856923da,32.83230085521696,13.101200388324582,1,False,False,False,False,0,Libyana,1,1758153600000,1787184000000,Libyan_cells_dataset/cells.sqlite3,sqlite:825,sqlite:825,0.0,"observed_coordinate_medoid; source reference, not survey truth",235264193154749
606,0,LTE,2110,6465,radio-f2503b8a1fca1721,32.66500079506503,13.662500651505697,1,False,False,False,False,0,Libyana,1,1781049600000,1785196800000,Libyan_cells_dataset/cells.sqlite3,sqlite:1011,sqlite:1011,0.0,"observed_coordinate_medoid; source reference, not survey truth",239079652213010
606,0,UMTS,2120,1059,radio-f28c45c625e9dc8c,32.79590018461327,13.28760064970473,1,False,False,False,False,0,Libyana,3,1758499200000,1775433600000,Libyan_cells_dataset/cells.sqlite3,sqlite:2227|sqlite:2276|sqlite:2402,sqlite:2227,0.06097695068896947,"observed_coordinate_medoid; source reference, not survey truth",14974697898389
606,0,UMTS,4210,1605,radio-f297e75f4ea1ffc6,26.101500406397452,14.822200491173847,1,False,False,False,False,0,Libyana,1,1683244800000,1683244800000,Libyan_cells_dataset/cells.sqlite3,sqlite:2657,sqlite:2657,0.0,"observed_coordinate_medoid; source reference, not survey truth",159391291270878
606,1,UMTS,5011,2202,radio-f2b8e062c324f807,32.76620016042392,12.423300630689479,1,False,False,False,False,0,Al-Madar,2,1782518400000,1782518400000,Libyan_cells_dataset/cells.sqlite3,sqlite:1639|sqlite:1726,sqlite:1726,0.04033064173653919,"observed_coordinate_medoid; source reference, not survey truth",168550610144666
606,0,LTE,2120,6378,radio-f2bc1c1512a6af46,32.62490035992321,13.499400153943405,1,False,False,False,False,0,Libyana,1,1755648000000,1787961600000,Libyan_cells_dataset/cells.sqlite3,sqlite:943,sqlite:943,0.0,"observed_coordinate_medoid; source reference, not survey truth",218036382813586
606,1,LTE,4002,4253,radio-f2d877ffa1eb2c3f,32.663600174172004,14.127500774890699,1,False,False,False,True,1,Al-Madar,1,1785628800000,1787529600000,Libyan_cells_dataset/cells.sqlite3,sqlite:395,sqlite:395,0.0,"observed_coordinate_medoid; source reference, not survey truth",131046148144042
606,1,LTE,1220,102481,radio-f30f524e3bb7d2e9,32.09370016670984,20.131400841933107,1,False,False,False,True,1,Al-Madar,1,1759104000000,1785110400000,Libyan_cells_dataset/cells.sqlite3,sqlite:642,sqlite:642,0.0,"observed_coordinate_medoid; source reference, not survey truth",273915774392128
606,0,LTE,4011,4135,radio-f3360ea6646936b1,32.48280046683474,14.567900704160099,1,False,False,False,False,0,Libyana,1,1773187200000,1783468800000,Libyan_cells_dataset/cells.sqlite3,sqlite:461,sqlite:461,0.0,"observed_coordinate_medoid; source reference, not survey truth",166189669509266
606,1,LTE,4181,4418,radio-f342ce9320f93561,30.759600264481243,20.23000021231337,1,False,False,False,True,1,Al-Madar,1,1774310400000,1782086400000,Libyan_cells_dataset/cells.sqlite3,sqlite:540,sqlite:540,0.0,"observed_coordinate_medoid; source reference, not survey truth",70206375113698
606,0,LTE,1610,1223,radio-f34eb3aa446a7bc7,32.84190499578948,13.112540590736842,1,False,False,False,False,0,Libyana,5,1769817600000,1782112108000,Libyan_cells_dataset/cells.sqlite3|data/new_data/libya_collected_antennas/cellmapper/cellmapper_libya_antennas.csv,collected:2477|collected:2478|collected:2479|collected:2480|sqlite:772,collected:2477,3.7601489991091195,"observed_coordinate_medoid; source reference, not survey truth",73639234692192
606,0,GSM,4310,1079,radio-f368c00a52ed4bac,32.12340065179623,20.06120045261386,1,False,False,False,False,0,Libyana,4,1686700800000,1686700800000,Libyan_cells_dataset/cells.sqlite3,sqlite:2722|sqlite:2768|sqlite:2862|sqlite:3071,sqlite:3071,0.07957303174609015,"observed_coordinate_medoid; source reference, not survey truth",210864115764402
606,1,GSM,1114,1022,radio-f36f6bcfe7057d8e,32.0269005094664,20.079000462151516,1,False,False,False,False,0,Al-Madar,3,1556668800000,1556668800000,Libyan_cells_dataset/cells.sqlite3,sqlite:3654|sqlite:4176|sqlite:4227,sqlite:3654,0.06479970707859826,"observed_coordinate_medoid; source reference, not survey truth",266563954341406
606,0,LTE,2120,1412,radio-f39bcf2fc6e89c58,32.84920079786658,13.29940097940445,1,False,False,False,False,0,Libyana,1,1761609600000,1761609600000,Libyan_cells_dataset/cells.sqlite3,sqlite:1315,sqlite:1315,0.0,"observed_coordinate_medoid; source reference, not survey truth",68827928434384
606,0,GSM,4360,1017,radio-f3bf5bbb6b143544,32.07977564194629,20.10893728218835,1,False,False,False,False,0,Libyana,11,1546128000000,1598939902000,Libyan_cells_dataset/cells.sqlite3|data/new_data/libya_collected_antennas/cellmapper/cellmapper_libya_antennas.csv,collected:792|collected:793|collected:794|collected:795|collected:796|collected:797|sqlite:2709|sqlite:2755|sqlite:2854|sqlite:2904|sqlite:3058,collected:792,4.476727708065172,"observed_coordinate_medoid; source reference, not survey truth",97109096171675
606,1,UMTS,303,4236,radio-f3d1e3074cc07d65,32.37880024163503,15.082200807622565,1,False,False,False,False,0,Al-Madar,3,1576022400000,1774828800000,Libyan_cells_dataset/cells.sqlite3,sqlite:1464|sqlite:1525|sqlite:1763,sqlite:1763,0.041862700264625075,"observed_coordinate_medoid; source reference, not survey truth",253371999335201
606,0,GSM,4400,4263,radio-f3ed8e77dfc4144a,32.1765006701925,20.135500337526405,1,False,False,False,False,0,Libyana,1,1772496000000,1786665600000,Libyan_cells_dataset/cells.sqlite3,sqlite:3022,sqlite:3022,0.0,"observed_coordinate_medoid; source reference, not survey truth",183733631307084
606,1,UMTS,2011,201,radio-f3f248fd17e450e3,32.78930058432363,13.023100640201294,1,False,False,False,False,0,Al-Madar,4,1576713600000,1576713600000,Libyan_cells_dataset/cells.sqlite3,sqlite:1828|sqlite:1878|sqlite:2078|sqlite:2178,sqlite:2178,0.04027204162106371,"observed_coordinate_medoid; source reference, not survey truth",50136955824926
606,0,LTE,2120,1395,radio-f401d08c5d0b3a97,32.64520064581207,13.438900133610655,1,False,False,False,False,0,Libyana,1,1755388800000,1787184000000,Libyan_cells_dataset/cells.sqlite3,sqlite:940,sqlite:940,0.0,"observed_coordinate_medoid; source reference, not survey truth",55595364006523
606,0,LTE,2110,1369,radio-f4025d76d52849e2,32.78540064313756,13.58220095020525,1,False,False,False,False,0,Libyana,1,1755475200000,1787184000000,Libyan_cells_dataset/cells.sqlite3,sqlite:983,sqlite:983,0.0,"observed_coordinate_medoid; source reference, not survey truth",10858007593442
606,1,UMTS,330,3348,radio-f410e08d15e17c42,31.78220086729374,11.481900985222259,1,False,False,False,False,0,Al-Madar,1,1783555200000,1783641600000,Libyan_cells_dataset/cells.sqlite3,sqlite:1677,sqlite:1677,0.0,"observed_coordinate_medoid; source reference, not survey truth",196973659141829
606,1,GSM,1114,1021,radio-f45687ea30c50797,32.09780067974224,20.20130048104087,1,False,False,False,False,0,Al-Madar,3,1557878400000,1701734400000,Libyan_cells_dataset/cells.sqlite3,sqlite:3653|sqlite:4175|sqlite:4226,sqlite:3653,0.07154322751290851,"observed_coordinate_medoid; source reference, not survey truth",204018982122132
606,1,UMTS,1021,1129,radio-f458b7c298c5df95,32.856600179826906,13.25970058937653,1,False,False,False,False,0,Al-Madar,2,1597795200000,1597795200000,Libyan_cells_dataset/cells.sqlite3,sqlite:1596|sqlite:1715,sqlite:1715,0.08853532039326183,"observed_coordinate_medoid; source reference, not survey truth",247447796258662
606,1,LTE,1230,106501,radio-f470c0b01e4e4357,31.95840025772966,20.14470072232289,1,False,False,False,True,1,Al-Madar,1,1770595200000,1785974400000,Libyan_cells_dataset/cells.sqlite3,sqlite:705,sqlite:705,0.0,"observed_coordinate_medoid; source reference, not survey truth",235278890915024
606,1,LTE,10,645,radio-f4991ada7442b97e,32.78710049591805,13.147100380097163,1,False,False,False,True,1,Al-Madar,1,1755734400000,1782864000000,Libyan_cells_dataset/cells.sqlite3,sqlite:169,sqlite:169,0.0,"observed_coordinate_medoid; source reference, not survey truth",205806150431800
606,1,UMTS,301,4476,radio-f49bd8f759297500,32.373100524502874,14.610300111688042,1,False,False,False,False,0,Al-Madar,1,1600819200000,1600819200000,Libyan_cells_dataset/cells.sqlite3,sqlite:1502,sqlite:1502,0.0,"observed_coordinate_medoid; source reference, not survey truth",222629419622938
606,1,LTE,11,2175,radio-f4a13f006727140a,32.92830018432369,12.102300827068408,1,False,False,False,True,1,Al-Madar,1,1772668800000,1772668800000,Libyan_cells_dataset/cells.sqlite3,sqlite:287,sqlite:287,0.0,"observed_coordinate_medoid; source reference, not survey truth",73824885372019
606,0,LTE,2150,2228,radio-f4c9186404f8b3aa,32.75320025520158,12.734600860613762,1,False,False,False,False,0,Libyana,1,1575331200000,1769731200000,Libyan_cells_dataset/cells.sqlite3,sqlite:840,sqlite:840,0.0,"observed_coordinate_medoid; source reference, not survey truth",216634249648587
606,1,LTE,4331,4518,radio-f4d9c3c9953b2d4e,32.071500170087766,12.93810011818353,1,False,False,False,True,1,Al-Madar,1,1774310400000,1775865600000,Libyan_cells_dataset/cells.sqlite3,sqlite:307,sqlite:307,0.0,"observed_coordinate_medoid; source reference, not survey truth",219341048180100
606,0,LTE,1030,4034,radio-f4e24dd2929e1710,30.749500944221364,20.23340012722127,1,False,False,False,False,0,Libyana,1,1782086400000,1782864000000,Libyan_cells_dataset/cells.sqlite3,sqlite:1215,sqlite:1215,0.0,"observed_coordinate_medoid; source reference, not survey truth",159387772140286
606,1,GSM,2036,1940,radio-f4e2d3f477d9a26a,32.45050063304207,13.819500262692902,1,False,False,False,False,0,Al-Madar,6,1778889600000,1779408000000,Libyan_cells_dataset/cells.sqlite3,sqlite:3709|sqlite:3756|sqlite:3807|sqlite:3832|sqlite:3952|sqlite:4123,sqlite:3756,0.09122002670890937,"observed_coordinate_medoid; source reference, not survey truth",99137094198364
606,0,LTE,2120,1684,radio-f4f8916d9aa4ab85,32.859100372312874,13.400800541231803,1,False,False,False,False,0,Libyana,1,1782086400000,1783900800000,Libyan_cells_dataset/cells.sqlite3,sqlite:975,sqlite:975,0.0,"observed_coordinate_medoid; source reference, not survey truth",148430333674531
606,1,LTE,3,128,radio-f525d5e46e894f12,32.80700070993243,12.987200198661364,1,False,False,False,True,1,Al-Madar,1,1787443200000,1787443200000,Libyan_cells_dataset/cells.sqlite3,sqlite:175,sqlite:175,0.0,"observed_coordinate_medoid; source reference, not survey truth",162909322350821
606,0,GSM,8278,6332,radio-f55c1a5ae7c35a22,32.87430054939999,13.332600285848287,1,False,False,False,False,0,Libyana,10,1783987200000,1785369600000,Libyan_cells_dataset/cells.sqlite3,sqlite:3103|sqlite:3153|sqlite:3203|sqlite:3253|sqlite:3303|sqlite:3349|sqlite:3402|sqlite:3462|sqlite:3513|sqlite:3563,sqlite:3349,0.09617661922909818,"observed_coordinate_medoid; source reference, not survey truth",191161701083646
606,0,LTE,3003,1586,radio-f56182cd900c0c1b,32.88660050113302,13.188200112893897,1,False,False,False,False,0,Libyana,1,1575417600000,1575417600000,Libyan_cells_dataset/cells.sqlite3,sqlite:731,sqlite:731,0.0,"observed_coordinate_medoid; source reference, not survey truth",72324943980063
606,0,GSM,8282,1934,radio-f5a152db03853d5d,32.872700527342396,13.308900679285028,1,False,False,False,False,0,Libyana,1,1784764800000,1784764800000,Libyan_cells_dataset/cells.sqlite3,sqlite:3389,sqlite:3389,0.0,"observed_coordinate_medoid; source reference, not survey truth",256294346087166
606,1,LTE,4101,4721,radio-f5b001774c8a985e,32.74550045318737,13.29590096223672,1,False,False,False,True,1,Al-Madar,1,1772064000000,1777248000000,Libyan_cells_dataset/cells.sqlite3,sqlite:342,sqlite:342,0.0,"observed_coordinate_medoid; source reference, not survey truth",158692531096904
606,0,LTE,1710,1219,radio-f6282888e64ddb29,32.066923141479286,20.130110899607335,1,False,False,False,False,0,Libyana,3,1565584288000,1789220778000,data/new_data/libya_collected_antennas/cellmapper/cellmapper_libya_antennas.csv,collected:2459|collected:2460|collected:2461,collected:2459,0.0,"observed_coordinate_medoid; source reference, not survey truth",169205878501261
606,1,UMTS,303,4260,radio-f63a03ad42d2ebbc,32.37090017393989,15.085600219578286,1,False,False,False,False,0,Al-Madar,2,1576022400000,1783382400000,Libyan_cells_dataset/cells.sqlite3,sqlite:1486|sqlite:1551,sqlite:1486,0.05306794696998045,"observed_coordinate_medoid; source reference, not survey truth",11720604440400
606,1,LTE,4181,5083,radio-f64a9c2d5f52c6a8,30.77520044230974,20.280400388690285,1,False,False,False,True,1,Al-Madar,1,1774310400000,1774310400000,Libyan_cells_dataset/cells.sqlite3,sqlite:562,sqlite:562,0.0,"observed_coordinate_medoid; source reference, not survey truth",277745554351794
606,0,GSM,4330,4245,radio-f65682a7e0405246,32.1300934,20.1103137,1,False,True,True,False,0,Libyana,6,1744761600000,1771000849000,Libyan_cells_dataset/cells.sqlite3|data/new_data/libya_collected_antennas/cellmapper/cellmapper_libya_antennas.csv,collected:1040|collected:1041|collected:1042|sqlite:2825|sqlite:2887|sqlite:2969,collected:1040,1.5180959378398275,"observed_coordinate_medoid; source reference, not survey truth",72645579294115
606,0,GSM,4370,1205,radio-f66e281fee04d910,32.0536004672195,20.090500409664177,1,False,False,False,False,0,Libyana,5,1598918400000,1764633600000,Libyan_cells_dataset/cells.sqlite3,sqlite:2745|sqlite:2790|sqlite:2875|sqlite:2924|sqlite:3094,sqlite:3094,0.07350249251836827,"observed_coordinate_medoid; source reference, not survey truth",182604503824284
606,0,LTE,6350,4029,radio-f66f402cfb4d1ce1,30.757500132118516,20.22680045933885,1,False,False,False,False,0,Libyana,1,1772668800000,1782086400000,Libyan_cells_dataset/cells.sqlite3,sqlite:1228,sqlite:1228,0.0,"observed_coordinate_medoid; source reference, not survey truth",113700457532269
606,0,LTE,2130,1664,radio-f6869449c15fcd35,32.68620011937643,13.179200736437753,1,False,False,False,False,0,Libyana,1,1755388800000,1787184000000,Libyan_cells_dataset/cells.sqlite3,sqlite:909,sqlite:909,0.0,"observed_coordinate_medoid; source reference, not survey truth",131340686172946
606,1,LTE,8,844,radio-f6bfcf0990e960e3,32.88220036534926,13.277200471337812,1,False,False,False,True,1,Al-Madar,1,1767225600000,1767225600000,Libyan_cells_dataset/cells.sqlite3,sqlite:75,sqlite:75,0.0,"observed_coordinate_medoid; source reference, not survey truth",165647961314233
606,0,LTE,6390,1138,radio-f7145b5fd270359d,32.25914764404297,20.207199096679688,2,True,False,False,False,0,Libyana,12,1575330700000,1788116176000,data/new_data/libya_collected_antennas/cellmapper/cellmapper_libya_antennas.csv,collected:382|collected:383|collected:384|collected:385|collected:386|collected:387|collected:388|collected:389|collected:390|collected:391|collected:392|collected:393,collected:382,0.0,"observed_coordinate_medoid; source reference, not survey truth",231725183352361
606,1,UMTS,1030,3138,radio-f72f75a08d928904,32.010300763319684,20.103800767311565,1,False,False,False,False,0,Al-Madar,9,1579824000000,1701290834000,Libyan_cells_dataset/cells.sqlite3|data/new_data/libya_collected_antennas/cellmapper/cellmapper_libya_antennas.csv,collected:1254|collected:1255|collected:1256|collected:1257|sqlite:1390|sqlite:1441|sqlite:1974|sqlite:2022|sqlite:2123,sqlite:1441,6.093906855840789,"observed_coordinate_medoid; source reference, not survey truth",236093139995891
606,0,LTE,6340,1275,radio-f755a7cff60b68d4,31.82480086096736,20.01620082167071,1,False,False,False,False,0,Libyana,1,1785369600000,1787788800000,Libyan_cells_dataset/cells.sqlite3,sqlite:1242,sqlite:1242,0.0,"observed_coordinate_medoid; source reference, not survey truth",150097307272222
606,0,GSM,4360,1186,radio-f76cbbd4779afed2,32.07260773047437,20.113239348355883,1,False,False,False,False,0,Libyana,3,1782604800000,1782674529000,Libyan_cells_dataset/cells.sqlite3|data/new_data/libya_collected_antennas/cellmapper/cellmapper_libya_antennas.csv,collected:783|collected:784|sqlite:2946,collected:783,3.731611683199288,"observed_coordinate_medoid; source reference, not survey truth",244464446420564
606,1,GSM,1112,1011,radio-f78b8743d40a3803,32.09500056039554,20.12640039305796,1,False,False,False,False,0,Al-Madar,1,1579651200000,1789084800000,Libyan_cells_dataset/cells.sqlite3,sqlite:3634,sqlite:3634,0.0,"observed_coordinate_medoid; source reference, not survey truth",22785132020873
606,0,UMTS,1510,1035,radio-f790b11f272b905f,32.82160054226055,13.033900436974049,1,False,False,False,False,0,Libyana,4,1772668800000,1772755200000,Libyan_cells_dataset/cells.sqlite3,sqlite:2223|sqlite:2272|sqlite:2312|sqlite:2398,sqlite:2312,0.1002905834053519,"observed_coordinate_medoid; source reference, not survey truth",225906668092247
606,0,LTE,6310,1110,radio-f7ad96d1c96070b1,32.0871086,20.0791226,1,False,True,True,False,0,Libyana,6,1579493185000,1788116172000,data/new_data/libya_collected_antennas/cellmapper/cellmapper_libya_antennas.csv,collected:1995|collected:1996|collected:1997|collected:1998|collected:1999|collected:2000,collected:1995,0.0,"observed_coordinate_medoid; source reference, not survey truth",85825883825835
606,0,GSM,4350,1199,radio-f7ea1625f4e6a736,32.08840066611138,20.070400717210138,1,False,False,False,False,0,Libyana,3,1554422400000,1787788800000,Libyan_cells_dataset/cells.sqlite3,sqlite:2820|sqlite:2882|sqlite:2930,sqlite:2820,0.10040947896653654,"observed_coordinate_medoid; source reference, not survey truth",83742780721368
606,0,UMTS,5370,4305,radio-f7f325b6deb3416b,31.196600391510856,16.571800471640344,1,False,False,False,False,0,Libyana,1,1655856000000,1788307200000,Libyan_cells_dataset/cells.sqlite3,sqlite:2672,sqlite:2672,0.0,"observed_coordinate_medoid; source reference, not survey truth",48046646827699
606,1,UMTS,303,4375,radio-f82c631f29266fbf,32.39250059743198,15.11990057989896,1,False,False,False,False,0,Al-Madar,1,1665878400000,1665878400000,Libyan_cells_dataset/cells.sqlite3,sqlite:1491,sqlite:1491,0.0,"observed_coordinate_medoid; source reference, not survey truth",81564791518124
606,1,LTE,4331,4521,radio-f836635912d1d594,32.15730055985706,13.0184008675899,1,False,False,False,True,1,Al-Madar,1,1775865600000,1775865600000,Libyan_cells_dataset/cells.sqlite3,sqlite:313,sqlite:313,0.0,"observed_coordinate_medoid; source reference, not survey truth",125483236788710
606,1,LTE,4022,4137,radio-f84bcf78c513472b,32.45020019142263,14.56490088717653,1,False,False,False,True,1,Al-Madar,1,1782518400000,1782518400000,Libyan_cells_dataset/cells.sqlite3,sqlite:453,sqlite:453,0.0,"observed_coordinate_medoid; source reference, not survey truth",231288294019672
606,1,UMTS,304,4390,radio-f85db81f3457cfb2,32.33880062054319,15.103400322030268,1,False,False,False,False,0,Al-Madar,3,1576022400000,1576022400000,Libyan_cells_dataset/cells.sqlite3,sqlite:1478|sqlite:1543|sqlite:1787,sqlite:1787,0.09390763387975945,"observed_coordinate_medoid; source reference, not survey truth",135623421660925
606,1,GSM,2002,1244,radio-f8bb50c2e60eb2c8,32.44910064893403,14.59780058023132,1,False,False,False,False,0,Al-Madar,4,1566604800000,1566604800000,Libyan_cells_dataset/cells.sqlite3,sqlite:3853|sqlite:3895|sqlite:3927|sqlite:3981,sqlite:3981,0.020888888710276977,"observed_coordinate_medoid; source reference, not survey truth",183277623956215
606,0,UMTS,2040,3407,radio-f8fbea5a0546a7d6,31.966600544090817,12.099800110222404,1,False,False,False,False,0,Libyana,1,1761091200000,1761091200000,Libyan_cells_dataset/cells.sqlite3,sqlite:2340,sqlite:2340,0.0,"observed_coordinate_medoid; source reference, not survey truth",183027206969693
606,1,GSM,14,6444,radio-f90f8bcb840149d3,32.84100058375023,13.10870035719781,1,False,False,False,False,0,Al-Madar,6,1785715200000,1785715200000,Libyan_cells_dataset/cells.sqlite3,sqlite:3691|sqlite:3739|sqlite:3790|sqlite:3998|sqlite:4046|sqlite:4106,sqlite:3998,0.0984438085792031,"observed_coordinate_medoid; source reference, not survey truth",134281342636701
606,1,LTE,1210,101101,radio-f93d39d8dc1573d0,32.07680093454136,20.11850080753438,1,False,False,False,True,1,Al-Madar,1,1552953600000,1553040000000,Libyan_cells_dataset/cells.sqlite3,sqlite:624,sqlite:624,0.0,"observed_coordinate_medoid; source reference, not survey truth",167128270471857
606,0,LTE,6390,1233,radio-f9521cea9bc0aa27,32.242346,20.1921559,1,False,True,True,False,0,Libyana,5,1755679744000,1788116176000,data/new_data/libya_collected_antennas/cellmapper/cellmapper_libya_antennas.csv,collected:394|collected:395|collected:396|collected:397|collected:398,collected:394,0.0,"observed_coordinate_medoid; source reference, not survey truth",2785293792382
606,0,GSM,9040,4107,radio-f969e5d2f0282167,27.532100691567877,14.255300295067707,1,False,False,False,False,0,Libyana,1,1768176000000,1768176000000,Libyan_cells_dataset/cells.sqlite3,sqlite:3620,sqlite:3620,0.0,"observed_coordinate_medoid; source reference, not survey truth",195389850785318
606,1,LTE,10,105,radio-f97686e747b5d665,32.690300520590796,13.194000926840419,1,False,False,False,True,1,Al-Madar,1,1755734400000,1782864000000,Libyan_cells_dataset/cells.sqlite3,sqlite:345,sqlite:345,0.0,"observed_coordinate_medoid; source reference, not survey truth",218088187498035
606,1,UMTS,331,3954,radio-f9d2eedf7a68105f,32.07970085799781,12.251200870805421,1,False,False,False,False,0,Al-Madar,2,1783728000000,1783728000000,Libyan_cells_dataset/cells.sqlite3,sqlite:1670|sqlite:1687,sqlite:1687,0.044170805264317194,"observed_coordinate_medoid; source reference, not survey truth",217842294582846
606,0,UMTS,5390,6001,radio-f9d327ff36a12acf,32.49343734741211,20.83715065002441,1,False,False,False,False,0,Libyana,9,1777420800000,1777488755000,Libyan_cells_dataset/cells.sqlite3|data/new_data/libya_collected_antennas/cellmapper/cellmapper_libya_antennas.csv,collected:1284|collected:1285|collected:1286|collected:1287|collected:1288|sqlite:2432|sqlite:2481|sqlite:2530|sqlite:2613,collected:1284,6.21296851836258,"observed_coordinate_medoid; source reference, not survey truth",193324227285999
606,1,LTE,4081,4693,radio-f9d338f9436c5dbb,32.875400405463374,13.329100805204087,1,False,False,False,True,1,Al-Madar,1,1756598400000,1785369600000,Libyan_cells_dataset/cells.sqlite3,sqlite:27,sqlite:27,0.0,"observed_coordinate_medoid; source reference, not survey truth",203600779580639
606,0,LTE,1510,1426,radio-f9d4fa3400e16f7d,32.78270058095394,12.990300207597151,1,False,False,False,False,0,Libyana,1,1575331200000,1740528000000,Libyan_cells_dataset/cells.sqlite3,sqlite:716,sqlite:716,0.0,"observed_coordinate_medoid; source reference, not survey truth",277992607335575
606,1,UMTS,303,4261,radio-f9f8bbe440e34222,32.370400732260656,15.083000154200384,1,False,False,False,False,0,Al-Madar,2,1576022400000,1576022400000,Libyan_cells_dataset/cells.sqlite3,sqlite:1487|sqlite:1552,sqlite:1552,0.03629664135854377,"observed_coordinate_medoid; source reference, not survey truth",135011479170084
606,1,LTE,3,973,radio-fa4792775a7e6cc7,32.812500939896516,12.977700332617387,1,False,False,False,True,1,Al-Madar,1,1772755200000,1772755200000,Libyan_cells_dataset/cells.sqlite3,sqlite:206,sqlite:206,0.0,"observed_coordinate_medoid; source reference, not survey truth",75815579244642
606,1,LTE,1220,100121,radio-fa4cd38186ee8af9,32.093800485391185,20.14170018677184,1,False,False,False,True,1,Al-Madar,1,1785110400000,1785110400000,Libyan_cells_dataset/cells.sqlite3,sqlite:686,sqlite:686,0.0,"observed_coordinate_medoid; source reference, not survey truth",207149022541002
606,0,LTE,2090,1362,radio-fa4fa4986f87ef5d,32.68010068698259,13.89500075989007,1,False,False,False,False,0,Libyana,1,1775606400000,1786924800000,Libyan_cells_dataset/cells.sqlite3,sqlite:1035,sqlite:1035,0.0,"observed_coordinate_medoid; source reference, not survey truth",86708255429006
606,0,GSM,8265,1029,radio-fa85e71ff5837904,32.87100016157542,13.15910036641092,1,False,False,False,False,0,Libyana,1,1786492800000,1786492800000,Libyan_cells_dataset/cells.sqlite3,sqlite:3442,sqlite:3442,0.0,"observed_coordinate_medoid; source reference, not survey truth",250034143209576
606,1,GSM,2,6008,radio-fa8f8ec49802436a,32.86950075688129,13.117800453492075,1,False,False,False,False,0,Al-Madar,6,1333411200000,1333411200000,Libyan_cells_dataset/cells.sqlite3,sqlite:3675|sqlite:3725|sqlite:3776|sqlite:3991|sqlite:4040|sqlite:4092,sqlite:3991,0.051464202463266495,"observed_coordinate_medoid; source reference, not survey truth",194110241769390
606,0,LTE,6360,4110,radio-faa141c419f25ad5,31.67600038497816,19.95510043776593,1,False,False,False,False,0,Libyana,1,1787616000000,1787616000000,Libyan_cells_dataset/cells.sqlite3,sqlite:1165,sqlite:1165,0.0,"observed_coordinate_medoid; source reference, not survey truth",177473395961846
606,1,LTE,4001,4243,radio-fab393d4b1303f5f,32.57820056866184,14.03810026462077,1,False,False,False,True,1,Al-Madar,1,1775606400000,1777161600000,Libyan_cells_dataset/cells.sqlite3,sqlite:375,sqlite:375,0.0,"observed_coordinate_medoid; source reference, not survey truth",261015206999271
606,0,GSM,4400,1138,radio-fad68868fea3c97b,32.25990070356632,20.210700201339808,1,False,False,False,False,0,Libyana,1,1702166400000,1786665600000,Libyan_cells_dataset/cells.sqlite3,sqlite:3014,sqlite:3014,0.0,"observed_coordinate_medoid; source reference, not survey truth",216074358598477
606,0,LTE,2110,3110,radio-faecc57d7fd781e0,31.759200316195752,13.952400915292804,1,False,False,False,False,0,Libyana,1,1765065600000,1765065600000,Libyan_cells_dataset/cells.sqlite3,sqlite:1281,sqlite:1281,0.0,"observed_coordinate_medoid; source reference, not survey truth",9055744350636
606,1,GSM,1115,1366,radio-faf1f718d7ff62a6,31.66730050469589,20.247800328267388,1,False,False,False,False,0,Al-Madar,1,1785283200000,1785974400000,Libyan_cells_dataset/cells.sqlite3,sqlite:4250,sqlite:4250,0.0,"observed_coordinate_medoid; source reference, not survey truth",90896897655680
606,1,LTE,4011,4216,radio-fafbbd4220d7fc64,32.46580088485538,14.484800159057583,1,False,False,False,True,1,Al-Madar,1,1783382400000,1783382400000,Libyan_cells_dataset/cells.sqlite3,sqlite:445,sqlite:445,0.0,"observed_coordinate_medoid; source reference, not survey truth",9117974494243
606,1,LTE,8091,4683,radio-fb1a68d94b65fc43,32.81150074419307,13.548100844520716,1,False,False,False,True,1,Al-Madar,1,1759795200000,1780876800000,Libyan_cells_dataset/cells.sqlite3,sqlite:118,sqlite:118,0.0,"observed_coordinate_medoid; source reference, not survey truth",222262391229060
606,1,LTE,11,2176,radio-fb2c0419075f0cf1,32.92580098222622,12.097100930578943,1,False,False,False,True,1,Al-Madar,1,1772668800000,1772668800000,Libyan_cells_dataset/cells.sqlite3,sqlite:288,sqlite:288,0.0,"observed_coordinate_medoid; source reference, not survey truth",111148811697561
606,0,LTE,2140,1311,radio-fb41383f0f453ba5,32.756400453676726,12.910600306267526,1,False,False,False,False,0,Libyana,1,1787443200000,1787529600000,Libyan_cells_dataset/cells.sqlite3,sqlite:762,sqlite:762,0.0,"observed_coordinate_medoid; source reference, not survey truth",201949305663797
606,1,LTE,3,551,radio-fb4b3d6961c338c0,32.840100116288674,13.064200962856594,1,False,False,False,True,1,Al-Madar,1,1762214400000,1787529600000,Libyan_cells_dataset/cells.sqlite3,sqlite:229,sqlite:229,0.0,"observed_coordinate_medoid; source reference, not survey truth",142067385550984
606,1,GSM,2035,1603,radio-fb74e5f1e725c8de,32.57530030001144,13.175300496879153,1,False,False,False,False,0,Al-Madar,4,1772582400000,1781308800000,Libyan_cells_dataset/cells.sqlite3,sqlite:3688|sqlite:3737|sqlite:3788|sqlite:4104,sqlite:3788,0.06380410978483413,"observed_coordinate_medoid; source reference, not survey truth",278301426681257
606,0,UMTS,5390,6053,radio-fb79edf3fd3f0d96,32.43740049186779,20.884800265814327,1,False,False,False,False,0,Libyana,4,1777420800000,1777420800000,Libyan_cells_dataset/cells.sqlite3,sqlite:2446|sqlite:2495|sqlite:2544|sqlite:2627,sqlite:2627,0.06836572383342801,"observed_coordinate_medoid; source reference, not survey truth",52908273507292
606,1,LTE,4081,4636,radio-fb7b7340e1b562d5,32.87350038694982,13.305900949750422,1,False,False,False,True,1,Al-Madar,1,1756598400000,1786060800000,Libyan_cells_dataset/cells.sqlite3,sqlite:32,sqlite:32,0.0,"observed_coordinate_medoid; source reference, not survey truth",277717134355924
606,1,GSM,1113,1242,radio-fb7e94b552d7be8d,32.09000025475799,20.100800206897098,1,False,False,False,False,0,Al-Madar,2,1779235200000,1779235200000,Libyan_cells_dataset/cells.sqlite3,sqlite:4157|sqlite:4210,sqlite:4157,0.06144818364863198,"observed_coordinate_medoid; source reference, not survey truth",103414614211336
606,1,LTE,1250,107431,radio-fba47c4a6841821e,32.78140046433295,21.823100148464057,1,False,False,False,True,1,Al-Madar,1,1772841600000,1773100800000,Libyan_cells_dataset/cells.sqlite3,sqlite:659,sqlite:659,0.0,"observed_coordinate_medoid; source reference, not survey truth",49484149146666
606,1,LTE,10,213,radio-fbc7d90bb812d8f4,32.769900249007854,13.2548007880024,1,False,False,False,True,1,Al-Madar,1,1684368000000,1783987200000,Libyan_cells_dataset/cells.sqlite3,sqlite:353,sqlite:353,0.0,"observed_coordinate_medoid; source reference, not survey truth",36376393866378
606,1,LTE,1250,106031,radio-fbc9c673894a5a3b,32.77120079764345,21.769800165456473,1,False,False,False,True,1,Al-Madar,1,1757894400000,1773100800000,Libyan_cells_dataset/cells.sqlite3,sqlite:655,sqlite:655,0.0,"observed_coordinate_medoid; source reference, not survey truth",15479152049264
606,0,GSM,8278,6395,radio-fbff08d9e9a455ed,32.75700097714415,13.524000636134579,1,False,False,False,False,0,Libyana,8,1758153600000,1758153600000,Libyan_cells_dataset/cells.sqlite3,sqlite:3128|sqlite:3178|sqlite:3227|sqlite:3276|sqlite:3324|sqlite:3361|sqlite:3535|sqlite:3588,sqlite:3276,0.105315869486879,"observed_coordinate_medoid; source reference, not survey truth",28518364375195
606,1,UMTS,1021,68,radio-fc153b7f16e6f192,32.85460057009979,13.27000034294199,1,False,False,False,False,0,Al-Madar,4,1597795200000,1597795200000,Libyan_cells_dataset/cells.sqlite3,sqlite:1804|sqlite:1854|sqlite:2054|sqlite:2154,sqlite:2154,0.060192332300231806,"observed_coordinate_medoid; source reference, not survey truth",239693241117781
606,0,LTE,4011,4053,radio-fc32716000286e97,32.47520047557844,14.559500298743771,1,False,False,False,False,0,Libyana,1,1554163200000,1778976000000,Libyan_cells_dataset/cells.sqlite3,sqlite:447,sqlite:447,0.0,"observed_coordinate_medoid; source reference, not survey truth",98755937512477
606,0,LTE,6310,1053,radio-fc7fb37eadea71c6,32.103023529052734,20.076099395751957,1,False,False,False,False,0,Libyana,9,1578873161000,1789910964000,data/new_data/libya_collected_antennas/cellmapper/cellmapper_libya_antennas.csv,collected:1675|collected:1676|collected:1677|collected:1678|collected:1679|collected:1680|collected:1681|collected:1682|collected:1683,collected:1675,0.0,"observed_coordinate_medoid; source reference, not survey truth",105706795604327
606,1,LTE,1,109,radio-fc7fb3baca78cecb,32.88850089053415,13.181500647627274,1,False,False,False,True,1,Al-Madar,1,1782086400000,1784073600000,Libyan_cells_dataset/cells.sqlite3,sqlite:524,sqlite:524,0.0,"observed_coordinate_medoid; source reference, not survey truth",70854209702671
606,1,GSM,1112,1002,radio-fc9d251d6eb961ce,32.10940034449544,20.141400375897817,1,False,False,False,False,0,Al-Madar,1,1570924800000,1701734400000,Libyan_cells_dataset/cells.sqlite3,sqlite:3624,sqlite:3624,0.0,"observed_coordinate_medoid; source reference, not survey truth",104272161402672
606,1,GSM,2000,1451,radio-fcafd8327a537e0e,32.57860015526218,13.9781001431154,1,False,False,False,False,0,Al-Madar,2,1778025600000,1789084800000,Libyan_cells_dataset/cells.sqlite3,sqlite:3856|sqlite:3987,sqlite:3856,0.08710252777237674,"observed_coordinate_medoid; source reference, not survey truth",148001247317695
606,0,LTE,1020,1354,radio-fcc3f7197e181e29,32.56490065536078,14.028100765186641,1,False,False,False,False,0,Libyana,1,1775692800000,1785456000000,Libyan_cells_dataset/cells.sqlite3,sqlite:1053,sqlite:1053,0.0,"observed_coordinate_medoid; source reference, not survey truth",269173910536883
606,0,LTE,6310,1075,radio-fce5fa18bdc4f59c,32.1038543,20.0958519,1,False,True,True,False,0,Libyana,1,1770997407000,1778412613000,data/new_data/libya_collected_antennas/cellmapper/cellmapper_libya_antennas.csv,collected:1812,collected:1812,0.0,"observed_coordinate_medoid; source reference, not survey truth",197645515575896
606,0,LTE,6330,1061,radio-fd1da061dbfa19f3,32.05359183711111,20.077016334222424,1,False,False,False,False,0,Libyana,6,1565584151000,1789521941000,data/new_data/libya_collected_antennas/cellmapper/cellmapper_libya_antennas.csv,collected:1737|collected:1738|collected:1739|collected:1740|collected:1741|collected:1742,collected:1737,0.0,"observed_coordinate_medoid; source reference, not survey truth",154586827122285
606,0,GSM,4400,1149,radio-fd36ecfdc26c3941,32.25990068769516,20.21070020486139,1,False,False,False,False,0,Libyana,5,1702166400000,1702166400000,Libyan_cells_dataset/cells.sqlite3,sqlite:2735|sqlite:2781|sqlite:2958|sqlite:3000|sqlite:3084,sqlite:2958,0.08093013585471477,"observed_coordinate_medoid; source reference, not survey truth",216074358598477
606,0,UMTS,5330,1068,radio-fd47661ce8bacfc0,32.06560027779352,20.100800194812273,1,False,False,False,False,0,Libyana,4,1546128000000,1781395200000,Libyan_cells_dataset/cells.sqlite3,sqlite:2457|sqlite:2506|sqlite:2555|sqlite:2638,sqlite:2638,0.06071701057177877,"observed_coordinate_medoid; source reference, not survey truth",161092655519881
606,0,LTE,2140,1526,radio-fd477641d8b83a1c,32.38320075922194,12.722200563913793,1,False,False,False,False,0,Libyana,1,1783555200000,1783728000000,Libyan_cells_dataset/cells.sqlite3,sqlite:874,sqlite:874,0.0,"observed_coordinate_medoid; source reference, not survey truth",16769879845759
606,0,LTE,2090,3002,radio-fd4beea4f11ed169,32.73030069257829,13.672500319859267,1,False,False,False,False,0,Libyana,1,1755302400000,1786924800000,Libyan_cells_dataset/cells.sqlite3,sqlite:1021,sqlite:1021,0.0,"observed_coordinate_medoid; source reference, not survey truth",166446572339052
606,1,LTE,4,2029,radio-fd573915904b6e9e,32.769400908812905,12.567100840359993,1,False,False,False,True,1,Al-Madar,1,1787184000000,1787184000000,Libyan_cells_dataset/cells.sqlite3,sqlite:267,sqlite:267,0.0,"observed_coordinate_medoid; source reference, not survey truth",124652545802735
606,0,GSM,4310,1162,radio-fd5784a237631f63,32.083075659615375,20.050085067749,1,False,False,False,False,0,Libyana,8,1552262400000,1595307201000,Libyan_cells_dataset/cells.sqlite3|data/new_data/libya_collected_antennas/cellmapper/cellmapper_libya_antennas.csv,collected:938|collected:939|collected:940|collected:941|collected:942|collected:943|sqlite:2892|sqlite:2940,collected:938,3.1519075639046377,"observed_coordinate_medoid; source reference, not survey truth",264729379328668
606,1,LTE,1240,103661,radio-fd63bd310deb7dfc,31.667300760601822,20.24780091458795,1,False,False,False,True,1,Al-Madar,1,1785283200000,1786147200000,Libyan_cells_dataset/cells.sqlite3,sqlite:585,sqlite:585,0.0,"observed_coordinate_medoid; source reference, not survey truth",90896897655680
606,1,GSM,2036,1754,radio-fd7602d44565bed2,32.43970097374922,13.6332006303455,1,False,False,False,False,0,Al-Madar,1,1774828800000,1777248000000,Libyan_cells_dataset/cells.sqlite3,sqlite:3959,sqlite:3959,0.0,"observed_coordinate_medoid; source reference, not survey truth",43652265679374
606,0,UMTS,5330,1137,radio-fd806a20d1c3c79f,32.125240325927734,20.132198333740234,1,False,False,False,False,0,Libyana,2,1788116176000,1788116176000,data/new_data/libya_collected_antennas/cellmapper/cellmapper_libya_antennas.csv,collected:1339|collected:1340,collected:1339,0.0,"observed_coordinate_medoid; source reference, not survey truth",135216715727696
606,0,GSM,8278,1574,radio-fd86dca7271282d2,32.843100881875664,13.46710046026387,1,False,False,False,False,0,Libyana,1,1784764800000,1786492800000,Libyan_cells_dataset/cells.sqlite3,sqlite:3382,sqlite:3382,0.0,"observed_coordinate_medoid; source reference, not survey truth",110489868443541
606,1,LTE,1250,106231,radio-fda397c50533ca41,32.70960071692391,21.7343008707403,1,False,False,False,True,1,Al-Madar,1,1780704000000,1780704000000,Libyan_cells_dataset/cells.sqlite3,sqlite:668,sqlite:668,0.0,"observed_coordinate_medoid; source reference, not survey truth",69263765475994
606,0,GSM,9160,4610,radio-fda88ef03f2a40ab,26.433900912397753,14.279400512266717,1,False,False,False,False,0,Libyana,1,1687737600000,1687737600000,Libyan_cells_dataset/cells.sqlite3,sqlite:3609,sqlite:3609,0.0,"observed_coordinate_medoid; source reference, not survey truth",237096935316632
606,1,LTE,1220,102121,radio-fdb9b7f23250ffbf,32.098300566163694,20.10680051458385,1,False,False,False,True,1,Al-Madar,1,1772582400000,1786924800000,Libyan_cells_dataset/cells.sqlite3,sqlite:636,sqlite:636,0.0,"observed_coordinate_medoid; source reference, not survey truth",118529650143815
606,0,UMTS,2150,2040,radio-fdcfb4b8118f8bc8,32.77960025533973,12.7293004646544,1,False,False,False,False,0,Libyana,1,1769126400000,1769126400000,Libyan_cells_dataset/cells.sqlite3,sqlite:2330,sqlite:2330,0.0,"observed_coordinate_medoid; source reference, not survey truth",132366123068027
606,0,LTE,6330,1071,radio-fdd109e9e0678e4f,32.09771423339844,20.130672836303784,1,False,False,False,False,0,Libyana,2,1565427383000,1785170829000,data/new_data/libya_collected_antennas/cellmapper/cellmapper_libya_antennas.csv,collected:1788|collected:1789,collected:1788,0.0,"observed_coordinate_medoid; source reference, not survey truth",162818276254503
606,1,LTE,4042,4984,radio-fe0b343ea99c7ae4,32.1945001298555,15.097300541706804,1,False,False,False,True,1,Al-Madar,2,1781827200000,1781889344000,Libyan_cells_dataset/cells.sqlite3|data/new_data/libya_collected_antennas/cellmapper/cellmapper_libya_antennas.csv,collected:99|sqlite:496,sqlite:496,4.053113910819683,"observed_coordinate_medoid; source reference, not survey truth",271058708733948
606,0,UMTS,5340,1508,radio-fe0c88d67ae39c40,32.053400674425674,20.130600693940263,1,False,False,False,False,0,Libyana,4,1763337600000,1778457600000,Libyan_cells_dataset/cells.sqlite3,sqlite:2421|sqlite:2470|sqlite:2520|sqlite:2603,sqlite:2470,0.08527592537263741,"observed_coordinate_medoid; source reference, not survey truth",12128036517743
606,0,LTE,1710,1240,radio-fe1247fc4c1d54f6,32.85550062239033,13.173900143815285,1,False,False,False,False,0,Libyana,1,1755734400000,1787529600000,Libyan_cells_dataset/cells.sqlite3,sqlite:793,sqlite:793,0.0,"observed_coordinate_medoid; source reference, not survey truth",68826522144923
606,0,GSM,8280,1757,radio-fe3a7a4593ee4f57,32.75080064109988,13.602000699616054,1,False,False,False,False,0,Libyana,1,1784764800000,1786492800000,Libyan_cells_dataset/cells.sqlite3,sqlite:3374,sqlite:3374,0.0,"observed_coordinate_medoid; source reference, not survey truth",89485341533911
606,1,UMTS,1040,3521,radio-fe573cfdba5d0459,32.64420017657532,20.83120082281867,1,False,False,False,False,0,Al-Madar,1,1785456000000,1785456000000,Libyan_cells_dataset/cells.sqlite3,sqlite:1355,sqlite:1355,0.0,"observed_coordinate_medoid; source reference, not survey truth",106217045448282
606,0,LTE,1050,4129,radio-fe8a857f24927933,32.37570035729488,15.087600533370594,1,False,False,False,False,0,Libyana,1,1778371200000,1780272000000,Libyan_cells_dataset/cells.sqlite3,sqlite:1131,sqlite:1131,0.0,"observed_coordinate_medoid; source reference, not survey truth",153002015952184
606,1,LTE,4001,4332,radio-fe9989d5a8f1606c,32.631700642900256,14.219800289150792,1,False,False,False,True,1,Al-Madar,1,1776988800000,1787529600000,Libyan_cells_dataset/cells.sqlite3,sqlite:405,sqlite:405,0.0,"observed_coordinate_medoid; source reference, not survey truth",211894507543968
606,0,LTE,2140,1392,radio-fec04936bd2e0d73,32.67860060454151,12.90600052600701,1,False,False,False,False,0,Libyana,1,1777334400000,1787529600000,Libyan_cells_dataset/cells.sqlite3,sqlite:812,sqlite:812,0.0,"observed_coordinate_medoid; source reference, not survey truth",9507013729771
606,1,UMTS,5011,2094,radio-fec3961a4b11b4ca,32.76630079150596,12.686400974592962,1,False,False,False,False,0,Al-Madar,1,1576022400000,1576022400000,Libyan_cells_dataset/cells.sqlite3,sqlite:1656,sqlite:1656,0.0,"observed_coordinate_medoid; source reference, not survey truth",239806401766686
606,0,GSM,8206,4036,radio-fefd0b74ae3ce53b,32.461300426962154,14.55400061081384,1,False,False,False,False,0,Libyana,3,1601424000000,1601424000000,Libyan_cells_dataset/cells.sqlite3,sqlite:3124|sqlite:3174|sqlite:3584,sqlite:3174,0.07492895544954836,"observed_coordinate_medoid; source reference, not survey truth",34091195611605
606,1,GSM,1111,1054,radio-ff15b20438f8c538,32.1273214,20.1166474,1,False,True,True,False,0,Al-Madar,1,1579689954000,1786255265000,data/new_data/libya_collected_antennas/cellmapper/cellmapper_libya_antennas.csv,collected:1043,collected:1043,0.0,"observed_coordinate_medoid; source reference, not survey truth",102293009609178
606,1,LTE,8091,4595,radio-ff302059d98e0a65,32.74260043782264,13.605300438371609,1,False,False,False,True,1,Al-Madar,1,1755734400000,1786147200000,Libyan_cells_dataset/cells.sqlite3,sqlite:102,sqlite:102,0.0,"observed_coordinate_medoid; source reference, not survey truth",163222811491125
606,0,UMTS,5390,6010,radio-ff36fc5b54387c42,32.48640068209981,20.837400537570264,1,False,False,False,False,0,Libyana,4,1776902400000,1777420800000,Libyan_cells_dataset/cells.sqlite3,sqlite:2434|sqlite:2483|sqlite:2532|sqlite:2615,sqlite:2532,0.08586796425861049,"observed_coordinate_medoid; source reference, not survey truth",119864960300052
606,0,UMTS,5330,1444,radio-ff621a2f560f8e02,32.102719979208025,20.115276524277984,1,False,False,False,False,0,Libyana,4,1763413677000,1788291190000,data/new_data/libya_collected_antennas/cellmapper/cellmapper_libya_antennas.csv,collected:1185|collected:1186|collected:1187|collected:1188,collected:1185,0.0,"observed_coordinate_medoid; source reference, not survey truth",209115180318060
606,1,LTE,4111,4901,radio-ff685debd64d8570,32.41370097635561,13.570500795085113,1,False,False,False,True,1,Al-Madar,1,1775260800000,1776729600000,Libyan_cells_dataset/cells.sqlite3,sqlite:117,sqlite:117,0.0,"observed_coordinate_medoid; source reference, not survey truth",272909329212190
606,0,GSM,8264,1806,radio-ffee0670b09440a7,32.895300358712134,13.204600762264029,1,False,False,False,False,0,Libyana,8,1786492800000,1786492800000,Libyan_cells_dataset/cells.sqlite3,sqlite:3123|sqlite:3173|sqlite:3223|sqlite:3272|sqlite:3320|sqlite:3474|sqlite:3531|sqlite:3583,sqlite:3583,0.08136836743987222,"observed_coordinate_medoid; source reference, not survey truth",91406745202126
