record_id,radio_id,owner_confirmed_almadar,source_file,status,operator,physical_site_id,previous_physical_site_id
collected:921,radio-218993a2d9017b70,False,data/new_data/libya_collected_antennas/cellmapper/cellmapper_libya_antennas.csv,retained,Libyana,183354767792426,
collected:922,radio-218993a2d9017b70,False,data/new_data/libya_collected_antennas/cellmapper/cellmapper_libya_antennas.csv,retained,Libyana,183354767792426,
collected:923,radio-218993a2d9017b70,False,data/new_data/libya_collected_antennas/cellmapper/cellmapper_libya_antennas.csv,retained,Libyana,183354767792426,
sqlite:2821,radio-de86cc7792ad330c,False,Libyan_cells_dataset/cells.sqlite3,retained,Libyana,258709663595362,218
sqlite:2931,radio-de86cc7792ad330c,False,Libyan_cells_dataset/cells.sqlite3,retained,Libyana,258709663595362,218
sqlite:2883,radio-de86cc7792ad330c,False,Libyan_cells_dataset/cells.sqlite3,retained,Libyana,258709663595362,218
sqlite:2844,radio-989833aee1dd6b15,False,Libyan_cells_dataset/cells.sqlite3,retained,Libyana,185985844024419,219
sqlite:2862,radio-f368c00a52ed4bac,False,Libyan_cells_dataset/cells.sqlite3,retained,Libyana,210864115764402,220
sqlite:3071,radio-f368c00a52ed4bac,False,Libyan_cells_dataset/cells.sqlite3,retained,Libyana,210864115764402,220
sqlite:2722,radio-f368c00a52ed4bac,False,Libyan_cells_dataset/cells.sqlite3,retained,Libyana,210864115764402,220
sqlite:2768,radio-f368c00a52ed4bac,False,Libyan_cells_dataset/cells.sqlite3,retained,Libyana,210864115764402,220
sqlite:2724,radio-0c25e720c11eeb7e,False,Libyan_cells_dataset/cells.sqlite3,retained,Libyana,11055467249052,221
sqlite:2770,radio-0c25e720c11eeb7e,False,Libyan_cells_dataset/cells.sqlite3,retained,Libyana,11055467249052,221
sqlite:3073,radio-0c25e720c11eeb7e,False,Libyan_cells_dataset/cells.sqlite3,retained,Libyana,11055467249052,221
sqlite:2808,radio-0c25e720c11eeb7e,False,Libyan_cells_dataset/cells.sqlite3,retained,Libyana,11055467249052,221
sqlite:2864,radio-0c25e720c11eeb7e,False,Libyan_cells_dataset/cells.sqlite3,retained,Libyana,11055467249052,221
sqlite:2810,radio-542cb24565d20f85,False,Libyan_cells_dataset/cells.sqlite3,retained,Libyana,120293493693339,222
sqlite:2772,radio-542cb24565d20f85,False,Libyan_cells_dataset/cells.sqlite3,retained,Libyana,120293493693339,222
sqlite:3075,radio-542cb24565d20f85,False,Libyan_cells_dataset/cells.sqlite3,retained,Libyana,120293493693339,222
sqlite:2726,radio-542cb24565d20f85,False,Libyan_cells_dataset/cells.sqlite3,retained,Libyana,120293493693339,222
sqlite:2866,radio-542cb24565d20f85,False,Libyan_cells_dataset/cells.sqlite3,retained,Libyana,120293493693339,222
collected:924,radio-ab6431081996eab3,False,data/new_data/libya_collected_antennas/cellmapper/cellmapper_libya_antennas.csv,retained,Libyana,278707932632839,
collected:925,radio-ab6431081996eab3,False,data/new_data/libya_collected_antennas/cellmapper/cellmapper_libya_antennas.csv,retained,Libyana,278707932632839,
collected:926,radio-ab6431081996eab3,False,data/new_data/libya_collected_antennas/cellmapper/cellmapper_libya_antennas.csv,retained,Libyana,278707932632839,
collected:927,radio-ab6431081996eab3,False,data/new_data/libya_collected_antennas/cellmapper/cellmapper_libya_antennas.csv,retained,Libyana,278707932632839,
collected:928,radio-ab6431081996eab3,False,data/new_data/libya_collected_antennas/cellmapper/cellmapper_libya_antennas.csv,retained,Libyana,278707932632839,
sqlite:2870,radio-ab6431081996eab3,False,Libyan_cells_dataset/cells.sqlite3,retained,Libyana,278707932632839,223
sqlite:2780,radio-ab6431081996eab3,False,Libyan_cells_dataset/cells.sqlite3,retained,Libyana,278707932632839,223
sqlite:2918,radio-ab6431081996eab3,False,Libyan_cells_dataset/cells.sqlite3,retained,Libyana,278707932632839,223
sqlite:2734,radio-ab6431081996eab3,False,Libyan_cells_dataset/cells.sqlite3,retained,Libyana,278707932632839,223
sqlite:3083,radio-ab6431081996eab3,False,Libyan_cells_dataset/cells.sqlite3,retained,Libyana,278707932632839,223
collected:938,radio-fd5784a237631f63,False,data/new_data/libya_collected_antennas/cellmapper/cellmapper_libya_antennas.csv,retained,Libyana,264729379328668,
collected:939,radio-fd5784a237631f63,False,data/new_data/libya_collected_antennas/cellmapper/cellmapper_libya_antennas.csv,retained,Libyana,264729379328668,
collected:940,radio-fd5784a237631f63,False,data/new_data/libya_collected_antennas/cellmapper/cellmapper_libya_antennas.csv,retained,Libyana,264729379328668,
collected:941,radio-fd5784a237631f63,False,data/new_data/libya_collected_antennas/cellmapper/cellmapper_libya_antennas.csv,retained,Libyana,264729379328668,
collected:942,radio-fd5784a237631f63,False,data/new_data/libya_collected_antennas/cellmapper/cellmapper_libya_antennas.csv,retained,Libyana,264729379328668,
collected:943,radio-fd5784a237631f63,False,data/new_data/libya_collected_antennas/cellmapper/cellmapper_libya_antennas.csv,retained,Libyana,264729379328668,
sqlite:2892,radio-fd5784a237631f63,False,Libyan_cells_dataset/cells.sqlite3,retained,Libyana,264729379328668,224
sqlite:2940,radio-fd5784a237631f63,False,Libyan_cells_dataset/cells.sqlite3,retained,Libyana,264729379328668,224
collected:947,radio-2dc285f00d50e89e,False,data/new_data/libya_collected_antennas/cellmapper/cellmapper_libya_antennas.csv,retained,Libyana,101271489977916,
collected:948,radio-2dc285f00d50e89e,False,data/new_data/libya_collected_antennas/cellmapper/cellmapper_libya_antennas.csv,retained,Libyana,101271489977916,
collected:949,radio-2dc285f00d50e89e,False,data/new_data/libya_collected_antennas/cellmapper/cellmapper_libya_antennas.csv,retained,Libyana,101271489977916,
collected:950,radio-2dc285f00d50e89e,False,data/new_data/libya_collected_antennas/cellmapper/cellmapper_libya_antennas.csv,retained,Libyana,101271489977916,
collected:951,radio-2dc285f00d50e89e,False,data/new_data/libya_collected_antennas/cellmapper/cellmapper_libya_antennas.csv,retained,Libyana,101271489977916,
sqlite:2711,radio-2ce3efb2123ede06,False,Libyan_cells_dataset/cells.sqlite3,retained,Libyana,121981768452467,225
sqlite:2757,radio-2ce3efb2123ede06,False,Libyan_cells_dataset/cells.sqlite3,retained,Libyana,121981768452467,225
sqlite:2998,radio-2ce3efb2123ede06,False,Libyan_cells_dataset/cells.sqlite3,retained,Libyana,121981768452467,225
sqlite:2855,radio-2ce3efb2123ede06,False,Libyan_cells_dataset/cells.sqlite3,retained,Libyana,121981768452467,225
sqlite:2951,radio-2ce3efb2123ede06,False,Libyan_cells_dataset/cells.sqlite3,retained,Libyana,121981768452467,225
sqlite:3060,radio-2ce3efb2123ede06,False,Libyan_cells_dataset/cells.sqlite3,retained,Libyana,121981768452467,225
sqlite:2802,radio-2ce3efb2123ede06,False,Libyan_cells_dataset/cells.sqlite3,retained,Libyana,121981768452467,225
collected:1126,radio-93bdd05ec782119c,False,data/new_data/libya_collected_antennas/cellmapper/cellmapper_libya_antennas.csv,retained,Libyana,88351503407227,
collected:1127,radio-93bdd05ec782119c,False,data/new_data/libya_collected_antennas/cellmapper/cellmapper_libya_antennas.csv,retained,Libyana,88351503407227,
sqlite:2856,radio-93bdd05ec782119c,False,Libyan_cells_dataset/cells.sqlite3,retained,Libyana,88351503407227,226
sqlite:2758,radio-93bdd05ec782119c,False,Libyan_cells_dataset/cells.sqlite3,retained,Libyana,88351503407227,226
sqlite:2952,radio-93bdd05ec782119c,False,Libyan_cells_dataset/cells.sqlite3,retained,Libyana,88351503407227,226
sqlite:2712,radio-93bdd05ec782119c,False,Libyan_cells_dataset/cells.sqlite3,retained,Libyana,88351503407227,226
sqlite:3061,radio-93bdd05ec782119c,False,Libyan_cells_dataset/cells.sqlite3,retained,Libyana,88351503407227,226
sqlite:2803,radio-93bdd05ec782119c,False,Libyan_cells_dataset/cells.sqlite3,retained,Libyana,88351503407227,226
sqlite:3007,radio-b39c8effba4c58d4,False,Libyan_cells_dataset/cells.sqlite3,retained,Libyana,151870325039185,227
sqlite:2992,radio-b39c8effba4c58d4,False,Libyan_cells_dataset/cells.sqlite3,retained,Libyana,151870325039185,227
sqlite:2955,radio-b47ea54f27e45efb,False,Libyan_cells_dataset/cells.sqlite3,retained,Libyana,63225550129370,228
sqlite:2809,radio-b47ea54f27e45efb,False,Libyan_cells_dataset/cells.sqlite3,retained,Libyana,63225550129370,228
sqlite:2771,radio-b47ea54f27e45efb,False,Libyan_cells_dataset/cells.sqlite3,retained,Libyana,63225550129370,228
sqlite:2725,radio-b47ea54f27e45efb,False,Libyan_cells_dataset/cells.sqlite3,retained,Libyana,63225550129370,228
sqlite:3074,radio-b47ea54f27e45efb,False,Libyan_cells_dataset/cells.sqlite3,retained,Libyana,63225550129370,228
sqlite:2865,radio-b47ea54f27e45efb,False,Libyan_cells_dataset/cells.sqlite3,retained,Libyana,63225550129370,228
sqlite:3009,radio-4a5cf32a4e22f6c5,False,Libyan_cells_dataset/cells.sqlite3,retained,Libyana,207064729608297,229
sqlite:2995,radio-4a5cf32a4e22f6c5,False,Libyan_cells_dataset/cells.sqlite3,retained,Libyana,207064729608297,229
sqlite:3003,radio-4ad547af92251d63,False,Libyan_cells_dataset/cells.sqlite3,retained,Libyana,121981768452467,225
sqlite:2823,radio-4ad547af92251d63,False,Libyan_cells_dataset/cells.sqlite3,retained,Libyana,121981768452467,225
sqlite:2885,radio-4ad547af92251d63,False,Libyan_cells_dataset/cells.sqlite3,retained,Libyana,121981768452467,225
sqlite:2967,radio-4ad547af92251d63,False,Libyan_cells_dataset/cells.sqlite3,retained,Libyana,121981768452467,225
sqlite:3017,radio-16130db69fad9aac,False,Libyan_cells_dataset/cells.sqlite3,retained,Libyana,230345581084118,230
collected:900,radio-070f6c7c5478ead2,False,data/new_data/libya_collected_antennas/cellmapper/cellmapper_libya_antennas.csv,retained,Libyana,144100824973348,
collected:901,radio-070f6c7c5478ead2,False,data/new_data/libya_collected_antennas/cellmapper/cellmapper_libya_antennas.csv,retained,Libyana,144100824973348,
collected:902,radio-070f6c7c5478ead2,False,data/new_data/libya_collected_antennas/cellmapper/cellmapper_libya_antennas.csv,retained,Libyana,144100824973348,
collected:903,radio-070f6c7c5478ead2,False,data/new_data/libya_collected_antennas/cellmapper/cellmapper_libya_antennas.csv,retained,Libyana,144100824973348,
collected:904,radio-070f6c7c5478ead2,False,data/new_data/libya_collected_antennas/cellmapper/cellmapper_libya_antennas.csv,retained,Libyana,144100824973348,
collected:905,radio-070f6c7c5478ead2,False,data/new_data/libya_collected_antennas/cellmapper/cellmapper_libya_antennas.csv,retained,Libyana,144100824973348,
sqlite:2831,radio-070f6c7c5478ead2,False,Libyan_cells_dataset/cells.sqlite3,retained,Libyana,144100824973348,231
sqlite:2896,radio-070f6c7c5478ead2,False,Libyan_cells_dataset/cells.sqlite3,retained,Libyana,144100824973348,231
sqlite:3077,radio-2c07234a685d08ff,False,Libyan_cells_dataset/cells.sqlite3,retained,Libyana,211781988157525,232
sqlite:2812,radio-2c07234a685d08ff,False,Libyan_cells_dataset/cells.sqlite3,retained,Libyana,211781988157525,232
sqlite:2868,radio-2c07234a685d08ff,False,Libyan_cells_dataset/cells.sqlite3,retained,Libyana,211781988157525,232
sqlite:2728,radio-2c07234a685d08ff,False,Libyan_cells_dataset/cells.sqlite3,retained,Libyana,211781988157525,232
sqlite:2956,radio-2c07234a685d08ff,False,Libyan_cells_dataset/cells.sqlite3,retained,Libyana,211781988157525,232
sqlite:2774,radio-2c07234a685d08ff,False,Libyan_cells_dataset/cells.sqlite3,retained,Libyana,211781988157525,232
collected:759,radio-4862141fa8670ed8,False,data/new_data/libya_collected_antennas/cellmapper/cellmapper_libya_antennas.csv,retained,Libyana,82870768414044,
collected:760,radio-4862141fa8670ed8,False,data/new_data/libya_collected_antennas/cellmapper/cellmapper_libya_antennas.csv,retained,Libyana,82870768414044,
collected:761,radio-4862141fa8670ed8,False,data/new_data/libya_collected_antennas/cellmapper/cellmapper_libya_antennas.csv,retained,Libyana,82870768414044,
sqlite:2845,radio-6a5305593f4fa34f,False,Libyan_cells_dataset/cells.sqlite3,retained,Libyana,80802718383611,233
sqlite:2988,radio-6a5305593f4fa34f,False,Libyan_cells_dataset/cells.sqlite3,retained,Libyana,80802718383611,233
collected:741,radio-376088d491b247dc,False,data/new_data/libya_collected_antennas/cellmapper/cellmapper_libya_antennas.csv,retained,Libyana,127978047913114,
collected:742,radio-376088d491b247dc,False,data/new_data/libya_collected_antennas/cellmapper/cellmapper_libya_antennas.csv,retained,Libyana,127978047913114,
collected:743,radio-376088d491b247dc,False,data/new_data/libya_collected_antennas/cellmapper/cellmapper_libya_antennas.csv,retained,Libyana,127978047913114,
collected:744,radio-376088d491b247dc,False,data/new_data/libya_collected_antennas/cellmapper/cellmapper_libya_antennas.csv,retained,Libyana,127978047913114,
collected:745,radio-376088d491b247dc,False,data/new_data/libya_collected_antennas/cellmapper/cellmapper_libya_antennas.csv,retained,Libyana,127978047913114,
collected:746,radio-376088d491b247dc,False,data/new_data/libya_collected_antennas/cellmapper/cellmapper_libya_antennas.csv,retained,Libyana,127978047913114,
sqlite:2994,radio-3ab5afd0f3bbfc23,False,Libyan_cells_dataset/cells.sqlite3,retained,Libyana,205246222653546,234
collected:720,radio-3ab5afd0f3bbfc23,False,data/new_data/libya_collected_antennas/cellmapper/cellmapper_libya_antennas.csv,retained,Libyana,205246222653546,
collected:721,radio-3ab5afd0f3bbfc23,False,data/new_data/libya_collected_antennas/cellmapper/cellmapper_libya_antennas.csv,retained,Libyana,205246222653546,
collected:722,radio-3ab5afd0f3bbfc23,False,data/new_data/libya_collected_antennas/cellmapper/cellmapper_libya_antennas.csv,retained,Libyana,205246222653546,
collected:723,radio-3ab5afd0f3bbfc23,False,data/new_data/libya_collected_antennas/cellmapper/cellmapper_libya_antennas.csv,retained,Libyana,205246222653546,
collected:724,radio-3ab5afd0f3bbfc23,False,data/new_data/libya_collected_antennas/cellmapper/cellmapper_libya_antennas.csv,retained,Libyana,205246222653546,
collected:725,radio-3ab5afd0f3bbfc23,False,data/new_data/libya_collected_antennas/cellmapper/cellmapper_libya_antennas.csv,retained,Libyana,205246222653546,
collected:821,radio-c203194b9ff636fe,False,data/new_data/libya_collected_antennas/cellmapper/cellmapper_libya_antennas.csv,retained,Libyana,225950773108532,
collected:822,radio-c203194b9ff636fe,False,data/new_data/libya_collected_antennas/cellmapper/cellmapper_libya_antennas.csv,retained,Libyana,225950773108532,
collected:823,radio-c203194b9ff636fe,False,data/new_data/libya_collected_antennas/cellmapper/cellmapper_libya_antennas.csv,retained,Libyana,225950773108532,
collected:824,radio-c203194b9ff636fe,False,data/new_data/libya_collected_antennas/cellmapper/cellmapper_libya_antennas.csv,retained,Libyana,225950773108532,
collected:825,radio-c203194b9ff636fe,False,data/new_data/libya_collected_antennas/cellmapper/cellmapper_libya_antennas.csv,retained,Libyana,225950773108532,
sqlite:3049,radio-c203194b9ff636fe,False,Libyan_cells_dataset/cells.sqlite3,retained,Libyana,225950773108532,235
sqlite:2700,radio-c203194b9ff636fe,False,Libyan_cells_dataset/cells.sqlite3,retained,Libyana,225950773108532,235
sqlite:2848,radio-c203194b9ff636fe,False,Libyan_cells_dataset/cells.sqlite3,retained,Libyana,225950773108532,235
sqlite:2798,radio-c203194b9ff636fe,False,Libyan_cells_dataset/cells.sqlite3,retained,Libyana,225950773108532,235
sqlite:2948,radio-c203194b9ff636fe,False,Libyan_cells_dataset/cells.sqlite3,retained,Libyana,225950773108532,235
sqlite:2749,radio-c203194b9ff636fe,False,Libyan_cells_dataset/cells.sqlite3,retained,Libyana,225950773108532,235
collected:992,radio-d7f709afe6b47b5c,False,data/new_data/libya_collected_antennas/cellmapper/cellmapper_libya_antennas.csv,retained,Libyana,15388461713640,
collected:993,radio-d7f709afe6b47b5c,False,data/new_data/libya_collected_antennas/cellmapper/cellmapper_libya_antennas.csv,retained,Libyana,15388461713640,
collected:994,radio-d7f709afe6b47b5c,False,data/new_data/libya_collected_antennas/cellmapper/cellmapper_libya_antennas.csv,retained,Libyana,15388461713640,
collected:995,radio-d7f709afe6b47b5c,False,data/new_data/libya_collected_antennas/cellmapper/cellmapper_libya_antennas.csv,retained,Libyana,15388461713640,
collected:996,radio-d7f709afe6b47b5c,False,data/new_data/libya_collected_antennas/cellmapper/cellmapper_libya_antennas.csv,retained,Libyana,15388461713640,
collected:997,radio-d7f709afe6b47b5c,False,data/new_data/libya_collected_antennas/cellmapper/cellmapper_libya_antennas.csv,retained,Libyana,15388461713640,
collected:747,radio-1fa3e52920b46e1b,False,data/new_data/libya_collected_antennas/cellmapper/cellmapper_libya_antennas.csv,retained,Libyana,4624851836677,
collected:748,radio-1fa3e52920b46e1b,False,data/new_data/libya_collected_antennas/cellmapper/cellmapper_libya_antennas.csv,retained,Libyana,4624851836677,
collected:749,radio-1fa3e52920b46e1b,False,data/new_data/libya_collected_antennas/cellmapper/cellmapper_libya_antennas.csv,retained,Libyana,4624851836677,
collected:750,radio-1fa3e52920b46e1b,False,data/new_data/libya_collected_antennas/cellmapper/cellmapper_libya_antennas.csv,retained,Libyana,4624851836677,
collected:751,radio-1fa3e52920b46e1b,False,data/new_data/libya_collected_antennas/cellmapper/cellmapper_libya_antennas.csv,retained,Libyana,4624851836677,
collected:752,radio-1fa3e52920b46e1b,False,data/new_data/libya_collected_antennas/cellmapper/cellmapper_libya_antennas.csv,retained,Libyana,4624851836677,
collected:813,radio-ef36c9da6b350111,False,data/new_data/libya_collected_antennas/cellmapper/cellmapper_libya_antennas.csv,retained,Libyana,11845668283546,
collected:814,radio-ef36c9da6b350111,False,data/new_data/libya_collected_antennas/cellmapper/cellmapper_libya_antennas.csv,retained,Libyana,11845668283546,
sqlite:2980,radio-db9b5d8ddec3620e,False,Libyan_cells_dataset/cells.sqlite3,retained,Libyana,6197737833119,236
sqlite:2836,radio-db9b5d8ddec3620e,False,Libyan_cells_dataset/cells.sqlite3,retained,Libyana,6197737833119,236
collected:826,radio-db9b5d8ddec3620e,False,data/new_data/libya_collected_antennas/cellmapper/cellmapper_libya_antennas.csv,retained,Libyana,6197737833119,
collected:827,radio-db9b5d8ddec3620e,False,data/new_data/libya_collected_antennas/cellmapper/cellmapper_libya_antennas.csv,retained,Libyana,6197737833119,
collected:828,radio-db9b5d8ddec3620e,False,data/new_data/libya_collected_antennas/cellmapper/cellmapper_libya_antennas.csv,retained,Libyana,6197737833119,
collected:829,radio-db9b5d8ddec3620e,False,data/new_data/libya_collected_antennas/cellmapper/cellmapper_libya_antennas.csv,retained,Libyana,6197737833119,
sqlite:2996,radio-5890f5b27caeb0a7,False,Libyan_cells_dataset/cells.sqlite3,retained,Libyana,100067423153380,237
collected:771,radio-18576e2cd4b4530e,False,data/new_data/libya_collected_antennas/cellmapper/cellmapper_libya_antennas.csv,retained,Libyana,203911451413532,
collected:772,radio-18576e2cd4b4530e,False,data/new_data/libya_collected_antennas/cellmapper/cellmapper_libya_antennas.csv,retained,Libyana,203911451413532,
collected:773,radio-18576e2cd4b4530e,False,data/new_data/libya_collected_antennas/cellmapper/cellmapper_libya_antennas.csv,retained,Libyana,203911451413532,
collected:774,radio-18576e2cd4b4530e,False,data/new_data/libya_collected_antennas/cellmapper/cellmapper_libya_antennas.csv,retained,Libyana,203911451413532,
collected:775,radio-18576e2cd4b4530e,False,data/new_data/libya_collected_antennas/cellmapper/cellmapper_libya_antennas.csv,retained,Libyana,203911451413532,
collected:776,radio-18576e2cd4b4530e,False,data/new_data/libya_collected_antennas/cellmapper/cellmapper_libya_antennas.csv,retained,Libyana,203911451413532,
sqlite:2841,radio-cc7fb2275f10417c,False,Libyan_cells_dataset/cells.sqlite3,retained,Libyana,4616283806230,238
sqlite:2985,radio-cc7fb2275f10417c,False,Libyan_cells_dataset/cells.sqlite3,retained,Libyana,4616283806230,238
collected:1123,radio-cc7fb2275f10417c,False,data/new_data/libya_collected_antennas/cellmapper/cellmapper_libya_antennas.csv,retained,Libyana,4616283806230,
collected:1124,radio-cc7fb2275f10417c,False,data/new_data/libya_collected_antennas/cellmapper/cellmapper_libya_antennas.csv,retained,Libyana,4616283806230,
collected:1125,radio-cc7fb2275f10417c,False,data/new_data/libya_collected_antennas/cellmapper/cellmapper_libya_antennas.csv,retained,Libyana,4616283806230,
collected:704,radio-8bca3f8ff140a7ec,False,data/new_data/libya_collected_antennas/cellmapper/cellmapper_libya_antennas.csv,retained,Libyana,277829332587241,
collected:705,radio-8bca3f8ff140a7ec,False,data/new_data/libya_collected_antennas/cellmapper/cellmapper_libya_antennas.csv,retained,Libyana,277829332587241,
collected:706,radio-8bca3f8ff140a7ec,False,data/new_data/libya_collected_antennas/cellmapper/cellmapper_libya_antennas.csv,retained,Libyana,277829332587241,
collected:707,radio-8bca3f8ff140a7ec,False,data/new_data/libya_collected_antennas/cellmapper/cellmapper_libya_antennas.csv,retained,Libyana,277829332587241,
collected:708,radio-8bca3f8ff140a7ec,False,data/new_data/libya_collected_antennas/cellmapper/cellmapper_libya_antennas.csv,retained,Libyana,277829332587241,
collected:709,radio-8bca3f8ff140a7ec,False,data/new_data/libya_collected_antennas/cellmapper/cellmapper_libya_antennas.csv,retained,Libyana,277829332587241,
collected:983,radio-1df660a5b0979299,False,data/new_data/libya_collected_antennas/cellmapper/cellmapper_libya_antennas.csv,retained,Libyana,183071283422157,
collected:984,radio-1df660a5b0979299,False,data/new_data/libya_collected_antennas/cellmapper/cellmapper_libya_antennas.csv,retained,Libyana,183071283422157,
collected:985,radio-1df660a5b0979299,False,data/new_data/libya_collected_antennas/cellmapper/cellmapper_libya_antennas.csv,retained,Libyana,183071283422157,
collected:986,radio-1df660a5b0979299,False,data/new_data/libya_collected_antennas/cellmapper/cellmapper_libya_antennas.csv,retained,Libyana,183071283422157,
collected:987,radio-1df660a5b0979299,False,data/new_data/libya_collected_antennas/cellmapper/cellmapper_libya_antennas.csv,retained,Libyana,183071283422157,
collected:988,radio-1df660a5b0979299,False,data/new_data/libya_collected_antennas/cellmapper/cellmapper_libya_antennas.csv,retained,Libyana,183071283422157,
sqlite:2978,radio-1df660a5b0979299,False,Libyan_cells_dataset/cells.sqlite3,retained,Libyana,183071283422157,239
sqlite:2833,radio-1df660a5b0979299,False,Libyan_cells_dataset/cells.sqlite3,retained,Libyana,183071283422157,239
sqlite:2979,radio-1e19f120237da68f,False,Libyan_cells_dataset/cells.sqlite3,retained,Libyana,43456382186580,240
sqlite:2834,radio-1e19f120237da68f,False,Libyan_cells_dataset/cells.sqlite3,retained,Libyana,43456382186580,240
collected:815,radio-1e19f120237da68f,False,data/new_data/libya_collected_antennas/cellmapper/cellmapper_libya_antennas.csv,retained,Libyana,43456382186580,
collected:816,radio-1e19f120237da68f,False,data/new_data/libya_collected_antennas/cellmapper/cellmapper_libya_antennas.csv,retained,Libyana,43456382186580,
collected:817,radio-1e19f120237da68f,False,data/new_data/libya_collected_antennas/cellmapper/cellmapper_libya_antennas.csv,retained,Libyana,43456382186580,
collected:818,radio-1e19f120237da68f,False,data/new_data/libya_collected_antennas/cellmapper/cellmapper_libya_antennas.csv,retained,Libyana,43456382186580,
collected:819,radio-1e19f120237da68f,False,data/new_data/libya_collected_antennas/cellmapper/cellmapper_libya_antennas.csv,retained,Libyana,43456382186580,
collected:820,radio-1e19f120237da68f,False,data/new_data/libya_collected_antennas/cellmapper/cellmapper_libya_antennas.csv,retained,Libyana,43456382186580,
collected:892,radio-07aa914757282c2a,False,data/new_data/libya_collected_antennas/cellmapper/cellmapper_libya_antennas.csv,retained,Libyana,81662577383916,
collected:893,radio-07aa914757282c2a,False,data/new_data/libya_collected_antennas/cellmapper/cellmapper_libya_antennas.csv,retained,Libyana,81662577383916,
collected:894,radio-07aa914757282c2a,False,data/new_data/libya_collected_antennas/cellmapper/cellmapper_libya_antennas.csv,retained,Libyana,81662577383916,
collected:895,radio-07aa914757282c2a,False,data/new_data/libya_collected_antennas/cellmapper/cellmapper_libya_antennas.csv,retained,Libyana,81662577383916,
collected:896,radio-07aa914757282c2a,False,data/new_data/libya_collected_antennas/cellmapper/cellmapper_libya_antennas.csv,retained,Libyana,81662577383916,
collected:1040,radio-f65682a7e0405246,False,data/new_data/libya_collected_antennas/cellmapper/cellmapper_libya_antennas.csv,retained,Libyana,72645579294115,
collected:1041,radio-f65682a7e0405246,False,data/new_data/libya_collected_antennas/cellmapper/cellmapper_libya_antennas.csv,retained,Libyana,72645579294115,
collected:1042,radio-f65682a7e0405246,False,data/new_data/libya_collected_antennas/cellmapper/cellmapper_libya_antennas.csv,retained,Libyana,72645579294115,
sqlite:2887,radio-f65682a7e0405246,False,Libyan_cells_dataset/cells.sqlite3,retained,Libyana,72645579294115,241
sqlite:2969,radio-f65682a7e0405246,False,Libyan_cells_dataset/cells.sqlite3,retained,Libyana,72645579294115,241
sqlite:2825,radio-f65682a7e0405246,False,Libyan_cells_dataset/cells.sqlite3,retained,Libyana,72645579294115,241
collected:728,radio-7df739d499b2484f,False,data/new_data/libya_collected_antennas/cellmapper/cellmapper_libya_antennas.csv,retained,Libyana,181720449423902,
collected:729,radio-7df739d499b2484f,False,data/new_data/libya_collected_antennas/cellmapper/cellmapper_libya_antennas.csv,retained,Libyana,181720449423902,
collected:730,radio-7df739d499b2484f,False,data/new_data/libya_collected_antennas/cellmapper/cellmapper_libya_antennas.csv,retained,Libyana,181720449423902,
sqlite:2990,radio-0552a3abaa57fbc7,False,Libyan_cells_dataset/cells.sqlite3,retained,Libyana,180901156936102,242
sqlite:2846,radio-a9d492cd960a8826,False,Libyan_cells_dataset/cells.sqlite3,retained,Libyana,123495761796073,243
sqlite:2989,radio-a9d492cd960a8826,False,Libyan_cells_dataset/cells.sqlite3,retained,Libyana,123495761796073,243
collected:766,radio-0877972b42dc5f72,False,data/new_data/libya_collected_antennas/cellmapper/cellmapper_libya_antennas.csv,retained,Libyana,222886158436662,
collected:767,radio-0877972b42dc5f72,False,data/new_data/libya_collected_antennas/cellmapper/cellmapper_libya_antennas.csv,retained,Libyana,222886158436662,
collected:768,radio-0877972b42dc5f72,False,data/new_data/libya_collected_antennas/cellmapper/cellmapper_libya_antennas.csv,retained,Libyana,222886158436662,
collected:769,radio-0877972b42dc5f72,False,data/new_data/libya_collected_antennas/cellmapper/cellmapper_libya_antennas.csv,retained,Libyana,222886158436662,
collected:770,radio-0877972b42dc5f72,False,data/new_data/libya_collected_antennas/cellmapper/cellmapper_libya_antennas.csv,retained,Libyana,222886158436662,
collected:735,radio-22c074dfd2804bc0,False,data/new_data/libya_collected_antennas/cellmapper/cellmapper_libya_antennas.csv,retained,Libyana,205473676659696,
collected:736,radio-22c074dfd2804bc0,False,data/new_data/libya_collected_antennas/cellmapper/cellmapper_libya_antennas.csv,retained,Libyana,205473676659696,
collected:737,radio-22c074dfd2804bc0,False,data/new_data/libya_collected_antennas/cellmapper/cellmapper_libya_antennas.csv,retained,Libyana,205473676659696,
sqlite:2766,radio-5f13405066034c5d,False,Libyan_cells_dataset/cells.sqlite3,retained,Libyana,254569566576854,244
sqlite:3069,radio-5f13405066034c5d,False,Libyan_cells_dataset/cells.sqlite3,retained,Libyana,254569566576854,244
sqlite:2912,radio-5f13405066034c5d,False,Libyan_cells_dataset/cells.sqlite3,retained,Libyana,254569566576854,244
sqlite:2805,radio-5f13405066034c5d,False,Libyan_cells_dataset/cells.sqlite3,retained,Libyana,254569566576854,244
sqlite:2720,radio-5f13405066034c5d,False,Libyan_cells_dataset/cells.sqlite3,retained,Libyana,254569566576854,244
sqlite:2860,radio-5f13405066034c5d,False,Libyan_cells_dataset/cells.sqlite3,retained,Libyana,254569566576854,244
sqlite:2835,radio-e64c56660b7ff053,False,Libyan_cells_dataset/cells.sqlite3,retained,Libyana,135588922932166,245
sqlite:2861,radio-1e74bf17a58c5653,False,Libyan_cells_dataset/cells.sqlite3,retained,Libyana,197645515575896,246
sqlite:3070,radio-1e74bf17a58c5653,False,Libyan_cells_dataset/cells.sqlite3,retained,Libyana,197645515575896,246
sqlite:2806,radio-1e74bf17a58c5653,False,Libyan_cells_dataset/cells.sqlite3,retained,Libyana,197645515575896,246
sqlite:2913,radio-1e74bf17a58c5653,False,Libyan_cells_dataset/cells.sqlite3,retained,Libyana,197645515575896,246
sqlite:2953,radio-1e74bf17a58c5653,False,Libyan_cells_dataset/cells.sqlite3,retained,Libyana,197645515575896,246
sqlite:2767,radio-1e74bf17a58c5653,False,Libyan_cells_dataset/cells.sqlite3,retained,Libyana,197645515575896,246
sqlite:2721,radio-1e74bf17a58c5653,False,Libyan_cells_dataset/cells.sqlite3,retained,Libyana,197645515575896,246
collected:753,radio-9f005a18baa60db2,False,data/new_data/libya_collected_antennas/cellmapper/cellmapper_libya_antennas.csv,retained,Libyana,91337706461448,
collected:754,radio-9f005a18baa60db2,False,data/new_data/libya_collected_antennas/cellmapper/cellmapper_libya_antennas.csv,retained,Libyana,91337706461448,
collected:755,radio-9f005a18baa60db2,False,data/new_data/libya_collected_antennas/cellmapper/cellmapper_libya_antennas.csv,retained,Libyana,91337706461448,
collected:756,radio-9f005a18baa60db2,False,data/new_data/libya_collected_antennas/cellmapper/cellmapper_libya_antennas.csv,retained,Libyana,91337706461448,
collected:757,radio-9f005a18baa60db2,False,data/new_data/libya_collected_antennas/cellmapper/cellmapper_libya_antennas.csv,retained,Libyana,91337706461448,
collected:758,radio-9f005a18baa60db2,False,data/new_data/libya_collected_antennas/cellmapper/cellmapper_libya_antennas.csv,retained,Libyana,91337706461448,
collected:731,radio-d823877a0151778c,False,data/new_data/libya_collected_antennas/cellmapper/cellmapper_libya_antennas.csv,retained,Libyana,233248156599566,
collected:732,radio-d823877a0151778c,False,data/new_data/libya_collected_antennas/cellmapper/cellmapper_libya_antennas.csv,retained,Libyana,233248156599566,
collected:733,radio-d823877a0151778c,False,data/new_data/libya_collected_antennas/cellmapper/cellmapper_libya_antennas.csv,retained,Libyana,233248156599566,
collected:734,radio-d823877a0151778c,False,data/new_data/libya_collected_antennas/cellmapper/cellmapper_libya_antennas.csv,retained,Libyana,233248156599566,
sqlite:2991,radio-0feeab3e67d8e95c,False,Libyan_cells_dataset/cells.sqlite3,retained,Libyana,225854350774611,248
sqlite:2751,radio-dcd2750ecb066a39,False,Libyan_cells_dataset/cells.sqlite3,retained,Libyana,37417770413667,249
sqlite:2702,radio-dcd2750ecb066a39,False,Libyan_cells_dataset/cells.sqlite3,retained,Libyana,37417770413667,249
sqlite:2950,radio-dcd2750ecb066a39,False,Libyan_cells_dataset/cells.sqlite3,retained,Libyana,37417770413667,249
sqlite:2800,radio-dcd2750ecb066a39,False,Libyan_cells_dataset/cells.sqlite3,retained,Libyana,37417770413667,249
sqlite:2900,radio-dcd2750ecb066a39,False,Libyan_cells_dataset/cells.sqlite3,retained,Libyana,37417770413667,249
sqlite:2850,radio-dcd2750ecb066a39,False,Libyan_cells_dataset/cells.sqlite3,retained,Libyana,37417770413667,249
sqlite:3051,radio-dcd2750ecb066a39,False,Libyan_cells_dataset/cells.sqlite3,retained,Libyana,37417770413667,249
collected:1010,radio-dcd2750ecb066a39,False,data/new_data/libya_collected_antennas/cellmapper/cellmapper_libya_antennas.csv,retained,Libyana,37417770413667,
collected:1011,radio-dcd2750ecb066a39,False,data/new_data/libya_collected_antennas/cellmapper/cellmapper_libya_antennas.csv,retained,Libyana,37417770413667,
collected:1012,radio-dcd2750ecb066a39,False,data/new_data/libya_collected_antennas/cellmapper/cellmapper_libya_antennas.csv,retained,Libyana,37417770413667,
collected:1013,radio-dcd2750ecb066a39,False,data/new_data/libya_collected_antennas/cellmapper/cellmapper_libya_antennas.csv,retained,Libyana,37417770413667,
collected:1014,radio-dcd2750ecb066a39,False,data/new_data/libya_collected_antennas/cellmapper/cellmapper_libya_antennas.csv,retained,Libyana,37417770413667,
collected:1015,radio-dcd2750ecb066a39,False,data/new_data/libya_collected_antennas/cellmapper/cellmapper_libya_antennas.csv,retained,Libyana,37417770413667,
sqlite:3093,radio-cb2ddbd3975368c3,False,Libyan_cells_dataset/cells.sqlite3,retained,Libyana,80010180746832,250
sqlite:2789,radio-cb2ddbd3975368c3,False,Libyan_cells_dataset/cells.sqlite3,retained,Libyana,80010180746832,250
sqlite:2815,radio-cb2ddbd3975368c3,False,Libyan_cells_dataset/cells.sqlite3,retained,Libyana,80010180746832,250
sqlite:2923,radio-cb2ddbd3975368c3,False,Libyan_cells_dataset/cells.sqlite3,retained,Libyana,80010180746832,250
sqlite:2874,radio-cb2ddbd3975368c3,False,Libyan_cells_dataset/cells.sqlite3,retained,Libyana,80010180746832,250
sqlite:2744,radio-cb2ddbd3975368c3,False,Libyan_cells_dataset/cells.sqlite3,retained,Libyana,80010180746832,250
sqlite:2960,radio-cb2ddbd3975368c3,False,Libyan_cells_dataset/cells.sqlite3,retained,Libyana,80010180746832,250
sqlite:2928,radio-0a43d450ffcfecf1,False,Libyan_cells_dataset/cells.sqlite3,retained,Libyana,149654912084262,251
sqlite:2880,radio-0a43d450ffcfecf1,False,Libyan_cells_dataset/cells.sqlite3,retained,Libyana,149654912084262,251
sqlite:2818,radio-0a43d450ffcfecf1,False,Libyan_cells_dataset/cells.sqlite3,retained,Libyana,149654912084262,251
sqlite:2933,radio-77f26022298ea209,False,Libyan_cells_dataset/cells.sqlite3,retained,Libyana,142118068173532,252
sqlite:2886,radio-77f26022298ea209,False,Libyan_cells_dataset/cells.sqlite3,retained,Libyana,142118068173532,252
sqlite:2824,radio-77f26022298ea209,False,Libyan_cells_dataset/cells.sqlite3,retained,Libyana,142118068173532,252
collected:1000,radio-87cce35d4a695b02,False,data/new_data/libya_collected_antennas/cellmapper/cellmapper_libya_antennas.csv,retained,Libyana,24569381891462,
collected:1001,radio-87cce35d4a695b02,False,data/new_data/libya_collected_antennas/cellmapper/cellmapper_libya_antennas.csv,retained,Libyana,24569381891462,
collected:1002,radio-87cce35d4a695b02,False,data/new_data/libya_collected_antennas/cellmapper/cellmapper_libya_antennas.csv,retained,Libyana,24569381891462,
collected:1003,radio-87cce35d4a695b02,False,data/new_data/libya_collected_antennas/cellmapper/cellmapper_libya_antennas.csv,retained,Libyana,24569381891462,
sqlite:2765,radio-84bde909968a9ee7,False,Libyan_cells_dataset/cells.sqlite3,retained,Libyana,82243181209773,253
sqlite:2719,radio-84bde909968a9ee7,False,Libyan_cells_dataset/cells.sqlite3,retained,Libyana,82243181209773,253
sqlite:2804,radio-84bde909968a9ee7,False,Libyan_cells_dataset/cells.sqlite3,retained,Libyana,82243181209773,253
sqlite:2859,radio-84bde909968a9ee7,False,Libyan_cells_dataset/cells.sqlite3,retained,Libyana,82243181209773,253
sqlite:2911,radio-84bde909968a9ee7,False,Libyan_cells_dataset/cells.sqlite3,retained,Libyana,82243181209773,253
sqlite:3068,radio-84bde909968a9ee7,False,Libyan_cells_dataset/cells.sqlite3,retained,Libyana,82243181209773,253
sqlite:2727,radio-036b69f9218c54de,False,Libyan_cells_dataset/cells.sqlite3,retained,Libyana,139348528489238,254
sqlite:2773,radio-036b69f9218c54de,False,Libyan_cells_dataset/cells.sqlite3,retained,Libyana,139348528489238,254
sqlite:2915,radio-036b69f9218c54de,False,Libyan_cells_dataset/cells.sqlite3,retained,Libyana,139348528489238,254
sqlite:2867,radio-036b69f9218c54de,False,Libyan_cells_dataset/cells.sqlite3,retained,Libyana,139348528489238,254
sqlite:3076,radio-036b69f9218c54de,False,Libyan_cells_dataset/cells.sqlite3,retained,Libyana,139348528489238,254
sqlite:2811,radio-036b69f9218c54de,False,Libyan_cells_dataset/cells.sqlite3,retained,Libyana,139348528489238,254
sqlite:2876,radio-ac8e5a90ba462542,False,Libyan_cells_dataset/cells.sqlite3,retained,Libyana,115092282136425,255
sqlite:3095,radio-ac8e5a90ba462542,False,Libyan_cells_dataset/cells.sqlite3,retained,Libyana,115092282136425,255
sqlite:2925,radio-ac8e5a90ba462542,False,Libyan_cells_dataset/cells.sqlite3,retained,Libyana,115092282136425,255
sqlite:2791,radio-ac8e5a90ba462542,False,Libyan_cells_dataset/cells.sqlite3,retained,Libyana,115092282136425,255
sqlite:2746,radio-ac8e5a90ba462542,False,Libyan_cells_dataset/cells.sqlite3,retained,Libyana,115092282136425,255
collected:1009,radio-03db47977e1a4201,False,data/new_data/libya_collected_antennas/cellmapper/cellmapper_libya_antennas.csv,retained,Libyana,4850046563305,
sqlite:2871,radio-b6d821659326f8be,False,Libyan_cells_dataset/cells.sqlite3,retained,Libyana,35982333996115,256
sqlite:2813,radio-b6d821659326f8be,False,Libyan_cells_dataset/cells.sqlite3,retained,Libyana,35982333996115,256
sqlite:3087,radio-b6d821659326f8be,False,Libyan_cells_dataset/cells.sqlite3,retained,Libyana,35982333996115,256
sqlite:2920,radio-b6d821659326f8be,False,Libyan_cells_dataset/cells.sqlite3,retained,Libyana,35982333996115,256
sqlite:2738,radio-b6d821659326f8be,False,Libyan_cells_dataset/cells.sqlite3,retained,Libyana,35982333996115,256
sqlite:2784,radio-b6d821659326f8be,False,Libyan_cells_dataset/cells.sqlite3,retained,Libyana,35982333996115,256
collected:1004,radio-d2bc3d4cec731dad,False,data/new_data/libya_collected_antennas/cellmapper/cellmapper_libya_antennas.csv,retained,Libyana,229331710982003,
collected:1005,radio-d2bc3d4cec731dad,False,data/new_data/libya_collected_antennas/cellmapper/cellmapper_libya_antennas.csv,retained,Libyana,229331710982003,
collected:1006,radio-d2bc3d4cec731dad,False,data/new_data/libya_collected_antennas/cellmapper/cellmapper_libya_antennas.csv,retained,Libyana,229331710982003,
collected:1007,radio-d2bc3d4cec731dad,False,data/new_data/libya_collected_antennas/cellmapper/cellmapper_libya_antennas.csv,retained,Libyana,229331710982003,
collected:1008,radio-d2bc3d4cec731dad,False,data/new_data/libya_collected_antennas/cellmapper/cellmapper_libya_antennas.csv,retained,Libyana,229331710982003,
sqlite:2903,radio-d9b21a36c195890e,False,Libyan_cells_dataset/cells.sqlite3,retained,Libyana,185539794415070,257
sqlite:2801,radio-d9b21a36c195890e,False,Libyan_cells_dataset/cells.sqlite3,retained,Libyana,185539794415070,257
sqlite:2754,radio-d9b21a36c195890e,False,Libyan_cells_dataset/cells.sqlite3,retained,Libyana,185539794415070,257
sqlite:2708,radio-d9b21a36c195890e,False,Libyan_cells_dataset/cells.sqlite3,retained,Libyana,185539794415070,257
sqlite:3057,radio-d9b21a36c195890e,False,Libyan_cells_dataset/cells.sqlite3,retained,Libyana,185539794415070,257
sqlite:2853,radio-d9b21a36c195890e,False,Libyan_cells_dataset/cells.sqlite3,retained,Libyana,185539794415070,257
sqlite:2891,radio-5e1d67f440b01c6e,False,Libyan_cells_dataset/cells.sqlite3,retained,Libyana,165790322387548,258
sqlite:2938,radio-5e1d67f440b01c6e,False,Libyan_cells_dataset/cells.sqlite3,retained,Libyana,165790322387548,258
sqlite:2930,radio-f7ea1625f4e6a736,False,Libyan_cells_dataset/cells.sqlite3,retained,Libyana,83742780721368,259
sqlite:2820,radio-f7ea1625f4e6a736,False,Libyan_cells_dataset/cells.sqlite3,retained,Libyana,83742780721368,259
sqlite:2882,radio-f7ea1625f4e6a736,False,Libyan_cells_dataset/cells.sqlite3,retained,Libyana,83742780721368,259
sqlite:2847,radio-998c3d35dcdc3133,False,Libyan_cells_dataset/cells.sqlite3,retained,Libyana,109843170159670,260
collected:792,radio-f3bf5bbb6b143544,False,data/new_data/libya_collected_antennas/cellmapper/cellmapper_libya_antennas.csv,retained,Libyana,97109096171675,
collected:793,radio-f3bf5bbb6b143544,False,data/new_data/libya_collected_antennas/cellmapper/cellmapper_libya_antennas.csv,retained,Libyana,97109096171675,
collected:794,radio-f3bf5bbb6b143544,False,data/new_data/libya_collected_antennas/cellmapper/cellmapper_libya_antennas.csv,retained,Libyana,97109096171675,
collected:795,radio-f3bf5bbb6b143544,False,data/new_data/libya_collected_antennas/cellmapper/cellmapper_libya_antennas.csv,retained,Libyana,97109096171675,
collected:796,radio-f3bf5bbb6b143544,False,data/new_data/libya_collected_antennas/cellmapper/cellmapper_libya_antennas.csv,retained,Libyana,97109096171675,
collected:797,radio-f3bf5bbb6b143544,False,data/new_data/libya_collected_antennas/cellmapper/cellmapper_libya_antennas.csv,retained,Libyana,97109096171675,
sqlite:2904,radio-f3bf5bbb6b143544,False,Libyan_cells_dataset/cells.sqlite3,retained,Libyana,97109096171675,261
sqlite:2755,radio-f3bf5bbb6b143544,False,Libyan_cells_dataset/cells.sqlite3,retained,Libyana,97109096171675,261
sqlite:3058,radio-f3bf5bbb6b143544,False,Libyan_cells_dataset/cells.sqlite3,retained,Libyana,97109096171675,261
sqlite:2854,radio-f3bf5bbb6b143544,False,Libyan_cells_dataset/cells.sqlite3,retained,Libyana,97109096171675,261
sqlite:2709,radio-f3bf5bbb6b143544,False,Libyan_cells_dataset/cells.sqlite3,retained,Libyana,97109096171675,261
sqlite:2906,radio-3f5b84fd4d8e843e,False,Libyan_cells_dataset/cells.sqlite3,retained,Libyana,111675647123578,262
sqlite:2759,radio-3f5b84fd4d8e843e,False,Libyan_cells_dataset/cells.sqlite3,retained,Libyana,111675647123578,262
sqlite:2713,radio-3f5b84fd4d8e843e,False,Libyan_cells_dataset/cells.sqlite3,retained,Libyana,111675647123578,262
sqlite:3062,radio-3f5b84fd4d8e843e,False,Libyan_cells_dataset/cells.sqlite3,retained,Libyana,111675647123578,262
sqlite:2947,radio-42dd2ebb324832cc,False,Libyan_cells_dataset/cells.sqlite3,retained,Libyana,204509852126617,263
collected:960,radio-d7c0dc128db133f4,False,data/new_data/libya_collected_antennas/cellmapper/cellmapper_libya_antennas.csv,retained,Libyana,234215276702406,
collected:961,radio-d7c0dc128db133f4,False,data/new_data/libya_collected_antennas/cellmapper/cellmapper_libya_antennas.csv,retained,Libyana,234215276702406,
collected:962,radio-d7c0dc128db133f4,False,data/new_data/libya_collected_antennas/cellmapper/cellmapper_libya_antennas.csv,retained,Libyana,234215276702406,
collected:963,radio-d7c0dc128db133f4,False,data/new_data/libya_collected_antennas/cellmapper/cellmapper_libya_antennas.csv,retained,Libyana,234215276702406,
collected:964,radio-d7c0dc128db133f4,False,data/new_data/libya_collected_antennas/cellmapper/cellmapper_libya_antennas.csv,retained,Libyana,234215276702406,
collected:965,radio-d7c0dc128db133f4,False,data/new_data/libya_collected_antennas/cellmapper/cellmapper_libya_antennas.csv,retained,Libyana,234215276702406,
sqlite:2714,radio-d7c0dc128db133f4,False,Libyan_cells_dataset/cells.sqlite3,retained,Libyana,234215276702406,264
sqlite:2760,radio-d7c0dc128db133f4,False,Libyan_cells_dataset/cells.sqlite3,retained,Libyana,234215276702406,264
sqlite:2907,radio-d7c0dc128db133f4,False,Libyan_cells_dataset/cells.sqlite3,retained,Libyana,234215276702406,264
sqlite:3063,radio-d7c0dc128db133f4,False,Libyan_cells_dataset/cells.sqlite3,retained,Libyana,234215276702406,264
sqlite:2942,radio-440d5239c99c9303,False,Libyan_cells_dataset/cells.sqlite3,retained,Libyana,43183276108788,265
sqlite:2895,radio-440d5239c99c9303,False,Libyan_cells_dataset/cells.sqlite3,retained,Libyana,43183276108788,265
collected:970,radio-6f8b46ab709b2096,False,data/new_data/libya_collected_antennas/cellmapper/cellmapper_libya_antennas.csv,retained,Libyana,232588007074422,
collected:971,radio-6f8b46ab709b2096,False,data/new_data/libya_collected_antennas/cellmapper/cellmapper_libya_antennas.csv,retained,Libyana,232588007074422,
collected:972,radio-6f8b46ab709b2096,False,data/new_data/libya_collected_antennas/cellmapper/cellmapper_libya_antennas.csv,retained,Libyana,232588007074422,
sqlite:3064,radio-6f8b46ab709b2096,False,Libyan_cells_dataset/cells.sqlite3,retained,Libyana,232588007074422,266
sqlite:2715,radio-6f8b46ab709b2096,False,Libyan_cells_dataset/cells.sqlite3,retained,Libyana,232588007074422,266
sqlite:2761,radio-6f8b46ab709b2096,False,Libyan_cells_dataset/cells.sqlite3,retained,Libyana,232588007074422,266
sqlite:2908,radio-6f8b46ab709b2096,False,Libyan_cells_dataset/cells.sqlite3,retained,Libyana,232588007074422,266
sqlite:2763,radio-c62e1846891deec1,False,Libyan_cells_dataset/cells.sqlite3,retained,Libyana,228965320648185,267
sqlite:2857,radio-c62e1846891deec1,False,Libyan_cells_dataset/cells.sqlite3,retained,Libyana,228965320648185,267
sqlite:2717,radio-c62e1846891deec1,False,Libyan_cells_dataset/cells.sqlite3,retained,Libyana,228965320648185,267
sqlite:3066,radio-c62e1846891deec1,False,Libyan_cells_dataset/cells.sqlite3,retained,Libyana,228965320648185,267
sqlite:2909,radio-c62e1846891deec1,False,Libyan_cells_dataset/cells.sqlite3,retained,Libyana,228965320648185,267
collected:785,radio-2785c00db6f205a1,False,data/new_data/libya_collected_antennas/cellmapper/cellmapper_libya_antennas.csv,retained,Libyana,71834258512708,
collected:786,radio-2785c00db6f205a1,False,data/new_data/libya_collected_antennas/cellmapper/cellmapper_libya_antennas.csv,retained,Libyana,71834258512708,
collected:787,radio-2785c00db6f205a1,False,data/new_data/libya_collected_antennas/cellmapper/cellmapper_libya_antennas.csv,retained,Libyana,71834258512708,
collected:788,radio-2785c00db6f205a1,False,data/new_data/libya_collected_antennas/cellmapper/cellmapper_libya_antennas.csv,retained,Libyana,71834258512708,
collected:789,radio-2785c00db6f205a1,False,data/new_data/libya_collected_antennas/cellmapper/cellmapper_libya_antennas.csv,retained,Libyana,71834258512708,
sqlite:2897,radio-2785c00db6f205a1,False,Libyan_cells_dataset/cells.sqlite3,retained,Libyana,71834258512708,268
sqlite:2943,radio-2785c00db6f205a1,False,Libyan_cells_dataset/cells.sqlite3,retained,Libyana,71834258512708,268
sqlite:3067,radio-690df290e4f2bb26,False,Libyan_cells_dataset/cells.sqlite3,retained,Libyana,177773809231650,269
sqlite:2910,radio-690df290e4f2bb26,False,Libyan_cells_dataset/cells.sqlite3,retained,Libyana,177773809231650,269
sqlite:2858,radio-690df290e4f2bb26,False,Libyan_cells_dataset/cells.sqlite3,retained,Libyana,177773809231650,269
sqlite:2764,radio-690df290e4f2bb26,False,Libyan_cells_dataset/cells.sqlite3,retained,Libyana,177773809231650,269
sqlite:2718,radio-690df290e4f2bb26,False,Libyan_cells_dataset/cells.sqlite3,retained,Libyana,177773809231650,269
sqlite:3078,radio-583602860f5731fd,False,Libyan_cells_dataset/cells.sqlite3,retained,Libyana,90290231397587,270
sqlite:2775,radio-583602860f5731fd,False,Libyan_cells_dataset/cells.sqlite3,retained,Libyana,90290231397587,270
sqlite:2729,radio-583602860f5731fd,False,Libyan_cells_dataset/cells.sqlite3,retained,Libyana,90290231397587,270
sqlite:2916,radio-583602860f5731fd,False,Libyan_cells_dataset/cells.sqlite3,retained,Libyana,90290231397587,270
collected:952,radio-453e6a1b7f325fe9,False,data/new_data/libya_collected_antennas/cellmapper/cellmapper_libya_antennas.csv,retained,Libyana,174772036829366,
collected:953,radio-453e6a1b7f325fe9,False,data/new_data/libya_collected_antennas/cellmapper/cellmapper_libya_antennas.csv,retained,Libyana,174772036829366,
collected:954,radio-453e6a1b7f325fe9,False,data/new_data/libya_collected_antennas/cellmapper/cellmapper_libya_antennas.csv,retained,Libyana,174772036829366,
collected:955,radio-453e6a1b7f325fe9,False,data/new_data/libya_collected_antennas/cellmapper/cellmapper_libya_antennas.csv,retained,Libyana,174772036829366,
collected:956,radio-453e6a1b7f325fe9,False,data/new_data/libya_collected_antennas/cellmapper/cellmapper_libya_antennas.csv,retained,Libyana,174772036829366,
collected:957,radio-453e6a1b7f325fe9,False,data/new_data/libya_collected_antennas/cellmapper/cellmapper_libya_antennas.csv,retained,Libyana,174772036829366,
sqlite:2786,radio-453e6a1b7f325fe9,False,Libyan_cells_dataset/cells.sqlite3,retained,Libyana,174772036829366,271
sqlite:2872,radio-453e6a1b7f325fe9,False,Libyan_cells_dataset/cells.sqlite3,retained,Libyana,174772036829366,271
sqlite:3089,radio-453e6a1b7f325fe9,False,Libyan_cells_dataset/cells.sqlite3,retained,Libyana,174772036829366,271
sqlite:2740,radio-453e6a1b7f325fe9,False,Libyan_cells_dataset/cells.sqlite3,retained,Libyana,174772036829366,271
sqlite:2921,radio-453e6a1b7f325fe9,False,Libyan_cells_dataset/cells.sqlite3,retained,Libyana,174772036829366,271
sqlite:2945,radio-ad1e8ea09422552a,False,Libyan_cells_dataset/cells.sqlite3,retained,Libyana,54509455756876,272
sqlite:2946,radio-f76cbbd4779afed2,False,Libyan_cells_dataset/cells.sqlite3,retained,Libyana,244464446420564,273
collected:783,radio-f76cbbd4779afed2,False,data/new_data/libya_collected_antennas/cellmapper/cellmapper_libya_antennas.csv,retained,Libyana,244464446420564,
collected:784,radio-f76cbbd4779afed2,False,data/new_data/libya_collected_antennas/cellmapper/cellmapper_libya_antennas.csv,retained,Libyana,244464446420564,
sqlite:2987,radio-0ea02d555f06f210,False,Libyan_cells_dataset/cells.sqlite3,retained,Libyana,151428081106385,274
sqlite:2843,radio-0ea02d555f06f210,False,Libyan_cells_dataset/cells.sqlite3,retained,Libyana,151428081106385,274
sqlite:2752,radio-9c5fb9070d3257ca,False,Libyan_cells_dataset/cells.sqlite3,retained,Libyana,159426121576410,275
sqlite:3052,radio-9c5fb9070d3257ca,False,Libyan_cells_dataset/cells.sqlite3,retained,Libyana,159426121576410,275
sqlite:2851,radio-9c5fb9070d3257ca,False,Libyan_cells_dataset/cells.sqlite3,retained,Libyana,159426121576410,275
sqlite:2901,radio-9c5fb9070d3257ca,False,Libyan_cells_dataset/cells.sqlite3,retained,Libyana,159426121576410,275
sqlite:2703,radio-9c5fb9070d3257ca,False,Libyan_cells_dataset/cells.sqlite3,retained,Libyana,159426121576410,275
sqlite:2877,radio-610d449c37a66ed3,False,Libyan_cells_dataset/cells.sqlite3,retained,Libyana,87606905933617,46
sqlite:2926,radio-610d449c37a66ed3,False,Libyan_cells_dataset/cells.sqlite3,retained,Libyana,87606905933617,46
sqlite:3096,radio-610d449c37a66ed3,False,Libyan_cells_dataset/cells.sqlite3,retained,Libyana,87606905933617,46
sqlite:2747,radio-610d449c37a66ed3,False,Libyan_cells_dataset/cells.sqlite3,retained,Libyana,87606905933617,46
sqlite:2792,radio-610d449c37a66ed3,False,Libyan_cells_dataset/cells.sqlite3,retained,Libyana,87606905933617,46
collected:790,radio-610d449c37a66ed3,False,data/new_data/libya_collected_antennas/cellmapper/cellmapper_libya_antennas.csv,retained,Libyana,87606905933617,
collected:791,radio-610d449c37a66ed3,False,data/new_data/libya_collected_antennas/cellmapper/cellmapper_libya_antennas.csv,retained,Libyana,87606905933617,
sqlite:2753,radio-ab6cce2ab58b8fbd,False,Libyan_cells_dataset/cells.sqlite3,retained,Libyana,257795041603912,276
sqlite:2902,radio-ab6cce2ab58b8fbd,False,Libyan_cells_dataset/cells.sqlite3,retained,Libyana,257795041603912,276
sqlite:2852,radio-ab6cce2ab58b8fbd,False,Libyan_cells_dataset/cells.sqlite3,retained,Libyana,257795041603912,276
sqlite:2706,radio-ab6cce2ab58b8fbd,False,Libyan_cells_dataset/cells.sqlite3,retained,Libyana,257795041603912,276
sqlite:3055,radio-ab6cce2ab58b8fbd,False,Libyan_cells_dataset/cells.sqlite3,retained,Libyana,257795041603912,276
sqlite:2937,radio-dc1c5f09df1c956d,False,Libyan_cells_dataset/cells.sqlite3,retained,Libyana,208414393613957,277
sqlite:2756,radio-7dc2d842b619910a,False,Libyan_cells_dataset/cells.sqlite3,retained,Libyana,155176334202179,278
sqlite:2710,radio-7dc2d842b619910a,False,Libyan_cells_dataset/cells.sqlite3,retained,Libyana,155176334202179,278
sqlite:3059,radio-7dc2d842b619910a,False,Libyan_cells_dataset/cells.sqlite3,retained,Libyana,155176334202179,278
sqlite:2905,radio-7dc2d842b619910a,False,Libyan_cells_dataset/cells.sqlite3,retained,Libyana,155176334202179,278
sqlite:2783,radio-e7ca4c3b7704df59,False,Libyan_cells_dataset/cells.sqlite3,retained,Libyana,143816741764712,279
sqlite:3086,radio-e7ca4c3b7704df59,False,Libyan_cells_dataset/cells.sqlite3,retained,Libyana,143816741764712,279
sqlite:2919,radio-e7ca4c3b7704df59,False,Libyan_cells_dataset/cells.sqlite3,retained,Libyana,143816741764712,279
sqlite:2737,radio-e7ca4c3b7704df59,False,Libyan_cells_dataset/cells.sqlite3,retained,Libyana,143816741764712,279
collected:976,radio-e7ca4c3b7704df59,False,data/new_data/libya_collected_antennas/cellmapper/cellmapper_libya_antennas.csv,retained,Libyana,143816741764712,
collected:977,radio-e7ca4c3b7704df59,False,data/new_data/libya_collected_antennas/cellmapper/cellmapper_libya_antennas.csv,retained,Libyana,143816741764712,
collected:978,radio-e7ca4c3b7704df59,False,data/new_data/libya_collected_antennas/cellmapper/cellmapper_libya_antennas.csv,retained,Libyana,143816741764712,
collected:979,radio-e7ca4c3b7704df59,False,data/new_data/libya_collected_antennas/cellmapper/cellmapper_libya_antennas.csv,retained,Libyana,143816741764712,
sqlite:3080,radio-8b46385e1d6dc93b,False,Libyan_cells_dataset/cells.sqlite3,retained,Libyana,217479609701249,280
sqlite:2777,radio-8b46385e1d6dc93b,False,Libyan_cells_dataset/cells.sqlite3,retained,Libyana,217479609701249,280
sqlite:2917,radio-8b46385e1d6dc93b,False,Libyan_cells_dataset/cells.sqlite3,retained,Libyana,217479609701249,280
sqlite:2731,radio-8b46385e1d6dc93b,False,Libyan_cells_dataset/cells.sqlite3,retained,Libyana,217479609701249,280
sqlite:3088,radio-369196f90ae7cb3a,False,Libyan_cells_dataset/cells.sqlite3,retained,Libyana,176090895720922,281
sqlite:2785,radio-369196f90ae7cb3a,False,Libyan_cells_dataset/cells.sqlite3,retained,Libyana,176090895720922,281
sqlite:2739,radio-369196f90ae7cb3a,False,Libyan_cells_dataset/cells.sqlite3,retained,Libyana,176090895720922,281
sqlite:2939,radio-ec8ed45d1bf9f36f,False,Libyan_cells_dataset/cells.sqlite3,retained,Libyana,241167541233039,282
sqlite:2743,radio-d3001c1bc5645814,False,Libyan_cells_dataset/cells.sqlite3,retained,Libyana,244034666481774,283
sqlite:2788,radio-d3001c1bc5645814,False,Libyan_cells_dataset/cells.sqlite3,retained,Libyana,244034666481774,283
sqlite:3092,radio-d3001c1bc5645814,False,Libyan_cells_dataset/cells.sqlite3,retained,Libyana,244034666481774,283
sqlite:2745,radio-f66e281fee04d910,False,Libyan_cells_dataset/cells.sqlite3,retained,Libyana,182604503824284,284
sqlite:2790,radio-f66e281fee04d910,False,Libyan_cells_dataset/cells.sqlite3,retained,Libyana,182604503824284,284
sqlite:3094,radio-f66e281fee04d910,False,Libyan_cells_dataset/cells.sqlite3,retained,Libyana,182604503824284,284
sqlite:2924,radio-f66e281fee04d910,False,Libyan_cells_dataset/cells.sqlite3,retained,Libyana,182604503824284,284
sqlite:2875,radio-f66e281fee04d910,False,Libyan_cells_dataset/cells.sqlite3,retained,Libyana,182604503824284,284
sqlite:2898,radio-357f10b22958b525,False,Libyan_cells_dataset/cells.sqlite3,retained,Libyana,213866321807938,285
sqlite:2748,radio-357f10b22958b525,False,Libyan_cells_dataset/cells.sqlite3,retained,Libyana,213866321807938,285
sqlite:3048,radio-357f10b22958b525,False,Libyan_cells_dataset/cells.sqlite3,retained,Libyana,213866321807938,285
sqlite:2699,radio-357f10b22958b525,False,Libyan_cells_dataset/cells.sqlite3,retained,Libyana,213866321807938,285
sqlite:2936,radio-e35614855d4e92cc,False,Libyan_cells_dataset/cells.sqlite3,retained,Libyana,231018270542984,286
sqlite:2972,radio-e35614855d4e92cc,False,Libyan_cells_dataset/cells.sqlite3,retained,Libyana,231018270542984,286
sqlite:2890,radio-e35614855d4e92cc,False,Libyan_cells_dataset/cells.sqlite3,retained,Libyana,231018270542984,286
sqlite:2828,radio-e35614855d4e92cc,False,Libyan_cells_dataset/cells.sqlite3,retained,Libyana,231018270542984,286
collected:1184,radio-e35614855d4e92cc,False,data/new_data/libya_collected_antennas/cellmapper/cellmapper_libya_antennas.csv,retained,Libyana,231018270542984,
sqlite:2884,radio-a3b98cfa6a098b67,False,Libyan_cells_dataset/cells.sqlite3,retained,Libyana,11845668283546,287
sqlite:2822,radio-a3b98cfa6a098b67,False,Libyan_cells_dataset/cells.sqlite3,retained,Libyana,11845668283546,287
sqlite:2966,radio-a3b98cfa6a098b67,False,Libyan_cells_dataset/cells.sqlite3,retained,Libyana,11845668283546,287
sqlite:2932,radio-a3b98cfa6a098b67,False,Libyan_cells_dataset/cells.sqlite3,retained,Libyana,11845668283546,287
collected:798,radio-cf2cc912b7804c50,False,data/new_data/libya_collected_antennas/cellmapper/cellmapper_libya_antennas.csv,retained,Libyana,58210570716951,
collected:799,radio-cf2cc912b7804c50,False,data/new_data/libya_collected_antennas/cellmapper/cellmapper_libya_antennas.csv,retained,Libyana,58210570716951,
collected:800,radio-cf2cc912b7804c50,False,data/new_data/libya_collected_antennas/cellmapper/cellmapper_libya_antennas.csv,retained,Libyana,58210570716951,
collected:801,radio-cf2cc912b7804c50,False,data/new_data/libya_collected_antennas/cellmapper/cellmapper_libya_antennas.csv,retained,Libyana,58210570716951,
collected:807,radio-3a8cde61108d59ed,False,data/new_data/libya_collected_antennas/cellmapper/cellmapper_libya_antennas.csv,retained,Libyana,67217115913843,
collected:808,radio-3a8cde61108d59ed,False,data/new_data/libya_collected_antennas/cellmapper/cellmapper_libya_antennas.csv,retained,Libyana,67217115913843,
collected:809,radio-3a8cde61108d59ed,False,data/new_data/libya_collected_antennas/cellmapper/cellmapper_libya_antennas.csv,retained,Libyana,67217115913843,
collected:810,radio-3a8cde61108d59ed,False,data/new_data/libya_collected_antennas/cellmapper/cellmapper_libya_antennas.csv,retained,Libyana,67217115913843,
collected:811,radio-3a8cde61108d59ed,False,data/new_data/libya_collected_antennas/cellmapper/cellmapper_libya_antennas.csv,retained,Libyana,67217115913843,
collected:812,radio-3a8cde61108d59ed,False,data/new_data/libya_collected_antennas/cellmapper/cellmapper_libya_antennas.csv,retained,Libyana,67217115913843,
sqlite:2701,radio-3a8cde61108d59ed,False,Libyan_cells_dataset/cells.sqlite3,retained,Libyana,67217115913843,288
sqlite:3050,radio-3a8cde61108d59ed,False,Libyan_cells_dataset/cells.sqlite3,retained,Libyana,67217115913843,288
sqlite:2949,radio-3a8cde61108d59ed,False,Libyan_cells_dataset/cells.sqlite3,retained,Libyana,67217115913843,288
sqlite:2849,radio-3a8cde61108d59ed,False,Libyan_cells_dataset/cells.sqlite3,retained,Libyana,67217115913843,288
sqlite:2799,radio-3a8cde61108d59ed,False,Libyan_cells_dataset/cells.sqlite3,retained,Libyana,67217115913843,288
sqlite:2750,radio-3a8cde61108d59ed,False,Libyan_cells_dataset/cells.sqlite3,retained,Libyana,67217115913843,288
sqlite:2899,radio-3a8cde61108d59ed,False,Libyan_cells_dataset/cells.sqlite3,retained,Libyana,67217115913843,288
sqlite:2838,radio-0bb84e8d2a36fd6b,False,Libyan_cells_dataset/cells.sqlite3,retained,Libyana,85393714517053,289
sqlite:2982,radio-0bb84e8d2a36fd6b,False,Libyan_cells_dataset/cells.sqlite3,retained,Libyana,85393714517053,289
sqlite:2983,radio-cd61e9b7c2f52bb2,False,Libyan_cells_dataset/cells.sqlite3,retained,Libyana,109114746937290,290
sqlite:2839,radio-cd61e9b7c2f52bb2,False,Libyan_cells_dataset/cells.sqlite3,retained,Libyana,109114746937290,290
sqlite:2965,radio-c924684af361196b,False,Libyan_cells_dataset/cells.sqlite3,retained,Libyana,274308277594665,291
sqlite:2881,radio-c924684af361196b,False,Libyan_cells_dataset/cells.sqlite3,retained,Libyana,274308277594665,291
sqlite:2929,radio-c924684af361196b,False,Libyan_cells_dataset/cells.sqlite3,retained,Libyana,274308277594665,291
sqlite:2819,radio-c924684af361196b,False,Libyan_cells_dataset/cells.sqlite3,retained,Libyana,274308277594665,291
sqlite:2769,radio-5630f6c58626c9ba,False,Libyan_cells_dataset/cells.sqlite3,retained,Libyana,41358956790929,292
sqlite:2807,radio-5630f6c58626c9ba,False,Libyan_cells_dataset/cells.sqlite3,retained,Libyana,41358956790929,292
sqlite:2863,radio-5630f6c58626c9ba,False,Libyan_cells_dataset/cells.sqlite3,retained,Libyana,41358956790929,292
sqlite:2723,radio-5630f6c58626c9ba,False,Libyan_cells_dataset/cells.sqlite3,retained,Libyana,41358956790929,292
sqlite:2954,radio-5630f6c58626c9ba,False,Libyan_cells_dataset/cells.sqlite3,retained,Libyana,41358956790929,292
sqlite:3072,radio-5630f6c58626c9ba,False,Libyan_cells_dataset/cells.sqlite3,retained,Libyana,41358956790929,292
sqlite:2914,radio-5630f6c58626c9ba,False,Libyan_cells_dataset/cells.sqlite3,retained,Libyana,41358956790929,292
collected:762,radio-ed5a907d7b96b529,False,data/new_data/libya_collected_antennas/cellmapper/cellmapper_libya_antennas.csv,retained,Libyana,13191507791249,
collected:763,radio-ed5a907d7b96b529,False,data/new_data/libya_collected_antennas/cellmapper/cellmapper_libya_antennas.csv,retained,Libyana,13191507791249,
collected:764,radio-ed5a907d7b96b529,False,data/new_data/libya_collected_antennas/cellmapper/cellmapper_libya_antennas.csv,retained,Libyana,13191507791249,
collected:765,radio-ed5a907d7b96b529,False,data/new_data/libya_collected_antennas/cellmapper/cellmapper_libya_antennas.csv,retained,Libyana,13191507791249,
sqlite:2977,radio-ed5a907d7b96b529,False,Libyan_cells_dataset/cells.sqlite3,retained,Libyana,13191507791249,293
sqlite:2830,radio-ed5a907d7b96b529,False,Libyan_cells_dataset/cells.sqlite3,retained,Libyana,13191507791249,293
sqlite:2941,radio-ed5a907d7b96b529,False,Libyan_cells_dataset/cells.sqlite3,retained,Libyana,13191507791249,293
sqlite:2894,radio-ed5a907d7b96b529,False,Libyan_cells_dataset/cells.sqlite3,retained,Libyana,13191507791249,293
sqlite:2832,radio-caa29b2a069303a6,False,Libyan_cells_dataset/cells.sqlite3,retained,Libyana,378787682372,294
sqlite:2944,radio-caa29b2a069303a6,False,Libyan_cells_dataset/cells.sqlite3,retained,Libyana,378787682372,294
sqlite:2837,radio-4e5bd4366a6a94c5,False,Libyan_cells_dataset/cells.sqlite3,retained,Libyana,274507934861120,295
sqlite:2981,radio-4e5bd4366a6a94c5,False,Libyan_cells_dataset/cells.sqlite3,retained,Libyana,274507934861120,295
sqlite:2889,radio-38d3a356f76ce26b,False,Libyan_cells_dataset/cells.sqlite3,retained,Libyana,173928829505763,296
sqlite:2827,radio-38d3a356f76ce26b,False,Libyan_cells_dataset/cells.sqlite3,retained,Libyana,173928829505763,296
sqlite:2971,radio-38d3a356f76ce26b,False,Libyan_cells_dataset/cells.sqlite3,retained,Libyana,173928829505763,296
sqlite:2935,radio-38d3a356f76ce26b,False,Libyan_cells_dataset/cells.sqlite3,retained,Libyana,173928829505763,296
sqlite:3090,radio-c5bdcb8c6cc08172,False,Libyan_cells_dataset/cells.sqlite3,retained,Libyana,146674645505540,297
sqlite:2959,radio-c5bdcb8c6cc08172,False,Libyan_cells_dataset/cells.sqlite3,retained,Libyana,146674645505540,297
sqlite:2741,radio-c5bdcb8c6cc08172,False,Libyan_cells_dataset/cells.sqlite3,retained,Libyana,146674645505540,297
sqlite:2814,radio-c5bdcb8c6cc08172,False,Libyan_cells_dataset/cells.sqlite3,retained,Libyana,146674645505540,297
sqlite:2922,radio-c5bdcb8c6cc08172,False,Libyan_cells_dataset/cells.sqlite3,retained,Libyana,146674645505540,297
sqlite:2787,radio-c5bdcb8c6cc08172,False,Libyan_cells_dataset/cells.sqlite3,retained,Libyana,146674645505540,297
sqlite:2873,radio-c5bdcb8c6cc08172,False,Libyan_cells_dataset/cells.sqlite3,retained,Libyana,146674645505540,297
collected:1179,radio-c5bdcb8c6cc08172,False,data/new_data/libya_collected_antennas/cellmapper/cellmapper_libya_antennas.csv,retained,Libyana,146674645505540,
sqlite:2970,radio-26a4aaf83dfae063,False,Libyan_cells_dataset/cells.sqlite3,retained,Libyana,218667369815235,298
sqlite:2826,radio-26a4aaf83dfae063,False,Libyan_cells_dataset/cells.sqlite3,retained,Libyana,218667369815235,298
sqlite:2888,radio-26a4aaf83dfae063,False,Libyan_cells_dataset/cells.sqlite3,retained,Libyana,218667369815235,298
sqlite:2934,radio-26a4aaf83dfae063,False,Libyan_cells_dataset/cells.sqlite3,retained,Libyana,218667369815235,298
collected:802,radio-26a4aaf83dfae063,False,data/new_data/libya_collected_antennas/cellmapper/cellmapper_libya_antennas.csv,retained,Libyana,218667369815235,
collected:803,radio-26a4aaf83dfae063,False,data/new_data/libya_collected_antennas/cellmapper/cellmapper_libya_antennas.csv,retained,Libyana,218667369815235,
collected:804,radio-26a4aaf83dfae063,False,data/new_data/libya_collected_antennas/cellmapper/cellmapper_libya_antennas.csv,retained,Libyana,218667369815235,
collected:805,radio-26a4aaf83dfae063,False,data/new_data/libya_collected_antennas/cellmapper/cellmapper_libya_antennas.csv,retained,Libyana,218667369815235,
collected:806,radio-26a4aaf83dfae063,False,data/new_data/libya_collected_antennas/cellmapper/cellmapper_libya_antennas.csv,retained,Libyana,218667369815235,
sqlite:2840,radio-69e2f8e44be53fd6,False,Libyan_cells_dataset/cells.sqlite3,retained,Libyana,85393714517053,289
sqlite:2984,radio-69e2f8e44be53fd6,False,Libyan_cells_dataset/cells.sqlite3,retained,Libyana,85393714517053,289
collected:999,radio-0038add53de760fe,False,data/new_data/libya_collected_antennas/cellmapper/cellmapper_libya_antennas.csv,retained,Libyana,175720063173254,
sqlite:2878,radio-0038add53de760fe,False,Libyan_cells_dataset/cells.sqlite3,retained,Libyana,175720063173254,48
sqlite:2927,radio-0038add53de760fe,False,Libyan_cells_dataset/cells.sqlite3,retained,Libyana,175720063173254,48
sqlite:2961,radio-0038add53de760fe,False,Libyan_cells_dataset/cells.sqlite3,retained,Libyana,175720063173254,48
sqlite:2793,radio-0038add53de760fe,False,Libyan_cells_dataset/cells.sqlite3,retained,Libyana,175720063173254,48
sqlite:2816,radio-0038add53de760fe,False,Libyan_cells_dataset/cells.sqlite3,retained,Libyana,175720063173254,48
sqlite:2993,radio-1ecf47d9472c366d,False,Libyan_cells_dataset/cells.sqlite3,retained,Libyana,3966475545940,299
sqlite:3008,radio-1ecf47d9472c366d,False,Libyan_cells_dataset/cells.sqlite3,retained,Libyana,3966475545940,299
collected:1081,radio-1ecf47d9472c366d,False,data/new_data/libya_collected_antennas/cellmapper/cellmapper_libya_antennas.csv,retained,Libyana,3966475545940,
collected:1082,radio-1ecf47d9472c366d,False,data/new_data/libya_collected_antennas/cellmapper/cellmapper_libya_antennas.csv,retained,Libyana,3966475545940,
collected:1083,radio-1ecf47d9472c366d,False,data/new_data/libya_collected_antennas/cellmapper/cellmapper_libya_antennas.csv,retained,Libyana,3966475545940,
collected:1084,radio-1ecf47d9472c366d,False,data/new_data/libya_collected_antennas/cellmapper/cellmapper_libya_antennas.csv,retained,Libyana,3966475545940,
sqlite:3023,radio-032028d4da99e616,False,Libyan_cells_dataset/cells.sqlite3,retained,Libyana,213357765012422,300
sqlite:3025,radio-ee315e60871278cd,False,Libyan_cells_dataset/cells.sqlite3,retained,Libyana,229669358410401,301
sqlite:3005,radio-d4c9729d10b4c52d,False,Libyan_cells_dataset/cells.sqlite3,retained,Libyana,216074358598477,302
sqlite:2974,radio-d4c9729d10b4c52d,False,Libyan_cells_dataset/cells.sqlite3,retained,Libyana,216074358598477,302
sqlite:2997,radio-09c94ea2cda1b83e,False,Libyan_cells_dataset/cells.sqlite3,retained,Libyana,83507979986218,303
sqlite:3010,radio-09c94ea2cda1b83e,False,Libyan_cells_dataset/cells.sqlite3,retained,Libyana,83507979986218,303
sqlite:3011,radio-c1859d275b520a7a,False,Libyan_cells_dataset/cells.sqlite3,retained,Libyana,34651380593843,304
sqlite:3012,radio-8ec534d9665a9b9a,False,Libyan_cells_dataset/cells.sqlite3,retained,Libyana,10870217367011,305
sqlite:3013,radio-ba0cb880d7a2fbb6,False,Libyan_cells_dataset/cells.sqlite3,retained,Libyana,244524733441875,306
sqlite:3004,radio-8e6108ad4ddc8d0e,False,Libyan_cells_dataset/cells.sqlite3,retained,Libyana,216074358598477,302
sqlite:2968,radio-8e6108ad4ddc8d0e,False,Libyan_cells_dataset/cells.sqlite3,retained,Libyana,216074358598477,302
sqlite:2733,radio-1c28bf48fda78b33,False,Libyan_cells_dataset/cells.sqlite3,retained,Libyana,216074358598477,302
sqlite:2779,radio-1c28bf48fda78b33,False,Libyan_cells_dataset/cells.sqlite3,retained,Libyana,216074358598477,302
sqlite:3082,radio-1c28bf48fda78b33,False,Libyan_cells_dataset/cells.sqlite3,retained,Libyana,216074358598477,302
sqlite:2999,radio-1c28bf48fda78b33,False,Libyan_cells_dataset/cells.sqlite3,retained,Libyana,216074358598477,302
sqlite:2957,radio-1c28bf48fda78b33,False,Libyan_cells_dataset/cells.sqlite3,retained,Libyana,216074358598477,302
sqlite:3014,radio-fad68868fea3c97b,False,Libyan_cells_dataset/cells.sqlite3,retained,Libyana,216074358598477,302
sqlite:3000,radio-fd36ecfdc26c3941,False,Libyan_cells_dataset/cells.sqlite3,retained,Libyana,216074358598477,302
sqlite:3084,radio-fd36ecfdc26c3941,False,Libyan_cells_dataset/cells.sqlite3,retained,Libyana,216074358598477,302
sqlite:2958,radio-fd36ecfdc26c3941,False,Libyan_cells_dataset/cells.sqlite3,retained,Libyana,216074358598477,302
sqlite:2735,radio-fd36ecfdc26c3941,False,Libyan_cells_dataset/cells.sqlite3,retained,Libyana,216074358598477,302
sqlite:2781,radio-fd36ecfdc26c3941,False,Libyan_cells_dataset/cells.sqlite3,retained,Libyana,216074358598477,302
sqlite:3015,radio-8973edf8dfcbd44c,False,Libyan_cells_dataset/cells.sqlite3,retained,Libyana,83507979986218,303
sqlite:2975,radio-ca62e918195bb265,False,Libyan_cells_dataset/cells.sqlite3,retained,Libyana,127002052376828,307
sqlite:3006,radio-ca62e918195bb265,False,Libyan_cells_dataset/cells.sqlite3,retained,Libyana,127002052376828,307
sqlite:3016,radio-abb3a9663a7ea231,False,Libyan_cells_dataset/cells.sqlite3,retained,Libyana,38604897946240,308
sqlite:3018,radio-9d78eee8f0174ff7,False,Libyan_cells_dataset/cells.sqlite3,retained,Libyana,234655220392251,309
sqlite:3019,radio-9e0ec65bed7c75e8,False,Libyan_cells_dataset/cells.sqlite3,retained,Libyana,216074358598477,302
sqlite:2964,radio-396230f0efc9a2c8,False,Libyan_cells_dataset/cells.sqlite3,retained,Libyana,187664747775634,310
sqlite:3002,radio-396230f0efc9a2c8,False,Libyan_cells_dataset/cells.sqlite3,retained,Libyana,187664747775634,310
sqlite:3001,radio-3514728cb3c472c2,False,Libyan_cells_dataset/cells.sqlite3,retained,Libyana,216074358598477,302
sqlite:2963,radio-3514728cb3c472c2,False,Libyan_cells_dataset/cells.sqlite3,retained,Libyana,216074358598477,302
sqlite:2797,radio-3514728cb3c472c2,False,Libyan_cells_dataset/cells.sqlite3,retained,Libyana,216074358598477,302
sqlite:3020,radio-8065ee230da775cf,False,Libyan_cells_dataset/cells.sqlite3,retained,Libyana,64050970579852,311
sqlite:3021,radio-03af6cb164d55547,False,Libyan_cells_dataset/cells.sqlite3,retained,Libyana,152069700523435,312
sqlite:3024,radio-df27ab40fe400e82,False,Libyan_cells_dataset/cells.sqlite3,retained,Libyana,171407660511936,313
sqlite:3022,radio-f3ed8e77dfc4144a,False,Libyan_cells_dataset/cells.sqlite3,retained,Libyana,183733631307084,314
sqlite:2973,radio-0870c88801da0d2a,False,Libyan_cells_dataset/cells.sqlite3,retained,Libyana,108517442034761,315
sqlite:2716,radio-bd7f27851ea1ffe9,False,Libyan_cells_dataset/cells.sqlite3,retained,Libyana,112886583912478,316
sqlite:3065,radio-bd7f27851ea1ffe9,False,Libyan_cells_dataset/cells.sqlite3,retained,Libyana,112886583912478,316
sqlite:2762,radio-bd7f27851ea1ffe9,False,Libyan_cells_dataset/cells.sqlite3,retained,Libyana,112886583912478,316
sqlite:2986,radio-8802b1dcdba714ab,False,Libyan_cells_dataset/cells.sqlite3,retained,Libyana,232590954577879,317
sqlite:2842,radio-8802b1dcdba714ab,False,Libyan_cells_dataset/cells.sqlite3,retained,Libyana,232590954577879,317
sqlite:2976,radio-da4966d304330145,False,Libyan_cells_dataset/cells.sqlite3,retained,Libyana,50891761312862,318
sqlite:2829,radio-da4966d304330145,False,Libyan_cells_dataset/cells.sqlite3,retained,Libyana,50891761312862,318
sqlite:2893,radio-da4966d304330145,False,Libyan_cells_dataset/cells.sqlite3,retained,Libyana,50891761312862,318
sqlite:2962,radio-8748b97ce56a1945,False,Libyan_cells_dataset/cells.sqlite3,retained,Libyana,168469899620572,319
sqlite:2879,radio-8748b97ce56a1945,False,Libyan_cells_dataset/cells.sqlite3,retained,Libyana,168469899620572,319
sqlite:2817,radio-8748b97ce56a1945,False,Libyan_cells_dataset/cells.sqlite3,retained,Libyana,168469899620572,319
sqlite:2795,radio-8748b97ce56a1945,False,Libyan_cells_dataset/cells.sqlite3,retained,Libyana,168469899620572,319
sqlite:2796,radio-a5188f506081c8d7,False,Libyan_cells_dataset/cells.sqlite3,retained,Libyana,128191727350423,320
sqlite:2778,radio-ef3023eac29d5778,False,Libyan_cells_dataset/cells.sqlite3,retained,Libyana,23853188005560,321
sqlite:3081,radio-ef3023eac29d5778,False,Libyan_cells_dataset/cells.sqlite3,retained,Libyana,23853188005560,321
sqlite:2732,radio-ef3023eac29d5778,False,Libyan_cells_dataset/cells.sqlite3,retained,Libyana,23853188005560,321
sqlite:2782,radio-4a22fe7927ff7756,False,Libyan_cells_dataset/cells.sqlite3,retained,Libyana,118151953262557,322
sqlite:2736,radio-4a22fe7927ff7756,False,Libyan_cells_dataset/cells.sqlite3,retained,Libyana,118151953262557,322
sqlite:3085,radio-4a22fe7927ff7756,False,Libyan_cells_dataset/cells.sqlite3,retained,Libyana,118151953262557,322
sqlite:3032,radio-4c2873a3b736a2e3,False,Libyan_cells_dataset/cells.sqlite3,retained,Libyana,232705354873699,323
sqlite:2794,radio-4c2873a3b736a2e3,False,Libyan_cells_dataset/cells.sqlite3,retained,Libyana,232705354873699,323
sqlite:3034,radio-b14bf9564eb23e2c,False,Libyan_cells_dataset/cells.sqlite3,retained,Libyana,111884304518311,324
sqlite:3035,radio-dac67f6b9c118b9d,False,Libyan_cells_dataset/cells.sqlite3,retained,Libyana,192251167279852,325
sqlite:3036,radio-6659318c366a2569,False,Libyan_cells_dataset/cells.sqlite3,retained,Libyana,38860247154120,326
sqlite:3038,radio-19b64e799bd96f2d,False,Libyan_cells_dataset/cells.sqlite3,retained,Libyana,265981013661080,327
sqlite:3039,radio-5356c03a82bb4486,False,Libyan_cells_dataset/cells.sqlite3,retained,Libyana,264383310692480,328
sqlite:3040,radio-19248752058cade6,False,Libyan_cells_dataset/cells.sqlite3,retained,Libyana,194430121271904,329
sqlite:3033,radio-3b6518dd7d3fab06,False,Libyan_cells_dataset/cells.sqlite3,retained,Libyana,44430330703361,80
sqlite:3046,radio-5c5e56c97f5de0f6,False,Libyan_cells_dataset/cells.sqlite3,retained,Libyana,220764784759893,79
sqlite:3053,radio-118a8cc178130c9f,False,Libyan_cells_dataset/cells.sqlite3,retained,Libyana,61868586588488,330
sqlite:3027,radio-118a8cc178130c9f,False,Libyan_cells_dataset/cells.sqlite3,retained,Libyana,61868586588488,330
sqlite:2704,radio-118a8cc178130c9f,False,Libyan_cells_dataset/cells.sqlite3,retained,Libyana,61868586588488,330
sqlite:2705,radio-25085f7c171dbe8f,False,Libyan_cells_dataset/cells.sqlite3,retained,Libyana,44430330703361,80
sqlite:3028,radio-25085f7c171dbe8f,False,Libyan_cells_dataset/cells.sqlite3,retained,Libyana,44430330703361,80
sqlite:3054,radio-25085f7c171dbe8f,False,Libyan_cells_dataset/cells.sqlite3,retained,Libyana,44430330703361,80
sqlite:3043,radio-c3fce60a7c2f7230,False,Libyan_cells_dataset/cells.sqlite3,retained,Libyana,9239393306992,331
sqlite:3029,radio-225bcd6fa4df3a04,False,Libyan_cells_dataset/cells.sqlite3,retained,Libyana,114273407739740,332
sqlite:3056,radio-225bcd6fa4df3a04,False,Libyan_cells_dataset/cells.sqlite3,retained,Libyana,114273407739740,332
sqlite:2707,radio-225bcd6fa4df3a04,False,Libyan_cells_dataset/cells.sqlite3,retained,Libyana,114273407739740,332
sqlite:3030,radio-37c6c3a64b132689,False,Libyan_cells_dataset/cells.sqlite3,retained,Libyana,232601385554722,333
sqlite:3091,radio-37c6c3a64b132689,False,Libyan_cells_dataset/cells.sqlite3,retained,Libyana,232601385554722,333
sqlite:2742,radio-37c6c3a64b132689,False,Libyan_cells_dataset/cells.sqlite3,retained,Libyana,232601385554722,333
sqlite:3042,radio-4105928c73afe28d,False,Libyan_cells_dataset/cells.sqlite3,retained,Libyana,158077637216738,334
sqlite:3044,radio-decdb60632c94dca,False,Libyan_cells_dataset/cells.sqlite3,retained,Libyana,130579185753685,81
sqlite:3041,radio-d5f2ebfa768d7630,False,Libyan_cells_dataset/cells.sqlite3,retained,Libyana,18820886702436,335
sqlite:3045,radio-cb8f584ee44b711b,False,Libyan_cells_dataset/cells.sqlite3,retained,Libyana,88877542743829,336
sqlite:3037,radio-ae26c1b01e2f112d,False,Libyan_cells_dataset/cells.sqlite3,retained,Libyana,266544533184153,337
sqlite:3026,radio-97bf14af5e2bff00,False,Libyan_cells_dataset/cells.sqlite3,retained,Libyana,163977546594389,341
sqlite:2698,radio-97bf14af5e2bff00,False,Libyan_cells_dataset/cells.sqlite3,retained,Libyana,163977546594389,341
sqlite:3047,radio-97bf14af5e2bff00,False,Libyan_cells_dataset/cells.sqlite3,retained,Libyana,163977546594389,341
sqlite:3497,radio-01e881b8bb32ce2a,False,Libyan_cells_dataset/cells.sqlite3,retained,Libyana,157721817222453,349
sqlite:3524,radio-5da4f9c5f6fcf282,False,Libyan_cells_dataset/cells.sqlite3,retained,Libyana,132004934917473,350
sqlite:3264,radio-5da4f9c5f6fcf282,False,Libyan_cells_dataset/cells.sqlite3,retained,Libyana,132004934917473,350
sqlite:3447,radio-5da4f9c5f6fcf282,False,Libyan_cells_dataset/cells.sqlite3,retained,Libyana,132004934917473,350
sqlite:3214,radio-5da4f9c5f6fcf282,False,Libyan_cells_dataset/cells.sqlite3,retained,Libyana,132004934917473,350
sqlite:3469,radio-5da4f9c5f6fcf282,False,Libyan_cells_dataset/cells.sqlite3,retained,Libyana,132004934917473,350
sqlite:3574,radio-5da4f9c5f6fcf282,False,Libyan_cells_dataset/cells.sqlite3,retained,Libyana,132004934917473,350
sqlite:3164,radio-5da4f9c5f6fcf282,False,Libyan_cells_dataset/cells.sqlite3,retained,Libyana,132004934917473,350
sqlite:3114,radio-5da4f9c5f6fcf282,False,Libyan_cells_dataset/cells.sqlite3,retained,Libyana,132004934917473,350
sqlite:3449,radio-f18e39b9e64dfa9a,False,Libyan_cells_dataset/cells.sqlite3,retained,Libyana,117172096282370,351
sqlite:3498,radio-f18e39b9e64dfa9a,False,Libyan_cells_dataset/cells.sqlite3,retained,Libyana,117172096282370,351
sqlite:3499,radio-0b72e32eabc4fb60,False,Libyan_cells_dataset/cells.sqlite3,retained,Libyana,180632054531883,352
sqlite:3450,radio-0b72e32eabc4fb60,False,Libyan_cells_dataset/cells.sqlite3,retained,Libyana,180632054531883,352
sqlite:3500,radio-e7ca03f1ba92051b,False,Libyan_cells_dataset/cells.sqlite3,retained,Libyana,24936595476857,353
sqlite:3451,radio-e7ca03f1ba92051b,False,Libyan_cells_dataset/cells.sqlite3,retained,Libyana,24936595476857,353
sqlite:3501,radio-3fa80343dff9d55c,False,Libyan_cells_dataset/cells.sqlite3,retained,Libyana,179611864164694,354
sqlite:3452,radio-3fa80343dff9d55c,False,Libyan_cells_dataset/cells.sqlite3,retained,Libyana,179611864164694,354
sqlite:3124,radio-fefd0b74ae3ce53b,False,Libyan_cells_dataset/cells.sqlite3,retained,Libyana,34091195611605,355
sqlite:3174,radio-fefd0b74ae3ce53b,False,Libyan_cells_dataset/cells.sqlite3,retained,Libyana,34091195611605,355
sqlite:3584,radio-fefd0b74ae3ce53b,False,Libyan_cells_dataset/cells.sqlite3,retained,Libyana,34091195611605,355
sqlite:3192,radio-acbb5d52e41656f3,False,Libyan_cells_dataset/cells.sqlite3,retained,Libyana,222629419622938,356
sqlite:3142,radio-acbb5d52e41656f3,False,Libyan_cells_dataset/cells.sqlite3,retained,Libyana,222629419622938,356
sqlite:3602,radio-acbb5d52e41656f3,False,Libyan_cells_dataset/cells.sqlite3,retained,Libyana,222629419622938,356
sqlite:3603,radio-99487fa426c2498c,False,Libyan_cells_dataset/cells.sqlite3,retained,Libyana,228430497214160,357
sqlite:3143,radio-99487fa426c2498c,False,Libyan_cells_dataset/cells.sqlite3,retained,Libyana,228430497214160,357
sqlite:3193,radio-99487fa426c2498c,False,Libyan_cells_dataset/cells.sqlite3,retained,Libyana,228430497214160,357
sqlite:3129,radio-530ae7bc64fcaf4b,False,Libyan_cells_dataset/cells.sqlite3,retained,Libyana,138574228123112,358
sqlite:3589,radio-530ae7bc64fcaf4b,False,Libyan_cells_dataset/cells.sqlite3,retained,Libyana,138574228123112,358
sqlite:3228,radio-530ae7bc64fcaf4b,False,Libyan_cells_dataset/cells.sqlite3,retained,Libyana,138574228123112,358
sqlite:3179,radio-530ae7bc64fcaf4b,False,Libyan_cells_dataset/cells.sqlite3,retained,Libyana,138574228123112,358
sqlite:3591,radio-075ff228f1414a74,False,Libyan_cells_dataset/cells.sqlite3,retained,Libyana,69057573043365,108
sqlite:3181,radio-075ff228f1414a74,False,Libyan_cells_dataset/cells.sqlite3,retained,Libyana,69057573043365,108
sqlite:3131,radio-075ff228f1414a74,False,Libyan_cells_dataset/cells.sqlite3,retained,Libyana,69057573043365,108
sqlite:3146,radio-abaa6022d0827c54,False,Libyan_cells_dataset/cells.sqlite3,retained,Libyana,49810051319592,135
sqlite:3606,radio-abaa6022d0827c54,False,Libyan_cells_dataset/cells.sqlite3,retained,Libyana,49810051319592,135
sqlite:3196,radio-abaa6022d0827c54,False,Libyan_cells_dataset/cells.sqlite3,retained,Libyana,49810051319592,135
sqlite:3182,radio-1bd6661f6cd939d5,False,Libyan_cells_dataset/cells.sqlite3,retained,Libyana,69057573043365,108
sqlite:3592,radio-1bd6661f6cd939d5,False,Libyan_cells_dataset/cells.sqlite3,retained,Libyana,69057573043365,108
sqlite:3132,radio-1bd6661f6cd939d5,False,Libyan_cells_dataset/cells.sqlite3,retained,Libyana,69057573043365,108
sqlite:3556,radio-35d1b72f6d0fded3,False,Libyan_cells_dataset/cells.sqlite3,retained,Libyana,8791329840046,359
sqlite:3395,radio-447c9b269749e45c,False,Libyan_cells_dataset/cells.sqlite3,retained,Libyana,259592744597620,360
sqlite:3233,radio-1f8037a75797c4b2,False,Libyan_cells_dataset/cells.sqlite3,retained,Libyana,104469452921913,361
sqlite:3596,radio-1f8037a75797c4b2,False,Libyan_cells_dataset/cells.sqlite3,retained,Libyana,104469452921913,361
sqlite:3363,radio-1f8037a75797c4b2,False,Libyan_cells_dataset/cells.sqlite3,retained,Libyana,104469452921913,361
sqlite:3280,radio-1f8037a75797c4b2,False,Libyan_cells_dataset/cells.sqlite3,retained,Libyana,104469452921913,361
sqlite:3186,radio-1f8037a75797c4b2,False,Libyan_cells_dataset/cells.sqlite3,retained,Libyana,104469452921913,361
sqlite:3328,radio-1f8037a75797c4b2,False,Libyan_cells_dataset/cells.sqlite3,retained,Libyana,104469452921913,361
sqlite:3539,radio-1f8037a75797c4b2,False,Libyan_cells_dataset/cells.sqlite3,retained,Libyana,104469452921913,361
sqlite:3136,radio-1f8037a75797c4b2,False,Libyan_cells_dataset/cells.sqlite3,retained,Libyana,104469452921913,361
sqlite:3385,radio-274adf0fc57232de,False,Libyan_cells_dataset/cells.sqlite3,retained,Libyana,230384075360123,362
sqlite:3270,radio-4a6a3e46d9a42959,False,Libyan_cells_dataset/cells.sqlite3,retained,Libyana,116473452858845,363
sqlite:3581,radio-4a6a3e46d9a42959,False,Libyan_cells_dataset/cells.sqlite3,retained,Libyana,116473452858845,363
sqlite:3121,radio-4a6a3e46d9a42959,False,Libyan_cells_dataset/cells.sqlite3,retained,Libyana,116473452858845,363
sqlite:3357,radio-4a6a3e46d9a42959,False,Libyan_cells_dataset/cells.sqlite3,retained,Libyana,116473452858845,363
sqlite:3221,radio-4a6a3e46d9a42959,False,Libyan_cells_dataset/cells.sqlite3,retained,Libyana,116473452858845,363
sqlite:3171,radio-4a6a3e46d9a42959,False,Libyan_cells_dataset/cells.sqlite3,retained,Libyana,116473452858845,363
sqlite:3599,radio-521f73df6ed2c4aa,False,Libyan_cells_dataset/cells.sqlite3,retained,Libyana,166446572339052,364
sqlite:3283,radio-521f73df6ed2c4aa,False,Libyan_cells_dataset/cells.sqlite3,retained,Libyana,166446572339052,364
sqlite:3364,radio-521f73df6ed2c4aa,False,Libyan_cells_dataset/cells.sqlite3,retained,Libyana,166446572339052,364
sqlite:3236,radio-521f73df6ed2c4aa,False,Libyan_cells_dataset/cells.sqlite3,retained,Libyana,166446572339052,364
sqlite:3139,radio-521f73df6ed2c4aa,False,Libyan_cells_dataset/cells.sqlite3,retained,Libyana,166446572339052,364
sqlite:3542,radio-521f73df6ed2c4aa,False,Libyan_cells_dataset/cells.sqlite3,retained,Libyana,166446572339052,364
sqlite:3189,radio-521f73df6ed2c4aa,False,Libyan_cells_dataset/cells.sqlite3,retained,Libyana,166446572339052,364
sqlite:3180,radio-ba8ebbcf6a077568,False,Libyan_cells_dataset/cells.sqlite3,retained,Libyana,260640855743179,365
sqlite:3590,radio-ba8ebbcf6a077568,False,Libyan_cells_dataset/cells.sqlite3,retained,Libyana,260640855743179,365
sqlite:3229,radio-ba8ebbcf6a077568,False,Libyan_cells_dataset/cells.sqlite3,retained,Libyana,260640855743179,365
sqlite:3130,radio-ba8ebbcf6a077568,False,Libyan_cells_dataset/cells.sqlite3,retained,Libyana,260640855743179,365
sqlite:3549,radio-4c647cf6ae80c34f,False,Libyan_cells_dataset/cells.sqlite3,retained,Libyana,189545778672086,366
sqlite:3448,radio-4c647cf6ae80c34f,False,Libyan_cells_dataset/cells.sqlite3,retained,Libyana,189545778672086,366
sqlite:3484,radio-4c647cf6ae80c34f,False,Libyan_cells_dataset/cells.sqlite3,retained,Libyana,189545778672086,366
sqlite:3420,radio-1fae6cea9726d50f,False,Libyan_cells_dataset/cells.sqlite3,retained,Libyana,35665969928463,367
sqlite:3292,radio-1fae6cea9726d50f,False,Libyan_cells_dataset/cells.sqlite3,retained,Libyana,35665969928463,367
sqlite:3339,radio-1fae6cea9726d50f,False,Libyan_cells_dataset/cells.sqlite3,retained,Libyana,35665969928463,367
sqlite:3245,radio-1fae6cea9726d50f,False,Libyan_cells_dataset/cells.sqlite3,retained,Libyana,35665969928463,367
sqlite:3488,radio-1fae6cea9726d50f,False,Libyan_cells_dataset/cells.sqlite3,retained,Libyana,35665969928463,367
sqlite:3553,radio-1fae6cea9726d50f,False,Libyan_cells_dataset/cells.sqlite3,retained,Libyana,35665969928463,367
sqlite:3541,radio-82eb98671d3319b1,False,Libyan_cells_dataset/cells.sqlite3,retained,Libyana,138895856891611,368
sqlite:3330,radio-82eb98671d3319b1,False,Libyan_cells_dataset/cells.sqlite3,retained,Libyana,138895856891611,368
sqlite:3235,radio-82eb98671d3319b1,False,Libyan_cells_dataset/cells.sqlite3,retained,Libyana,138895856891611,368
sqlite:3478,radio-82eb98671d3319b1,False,Libyan_cells_dataset/cells.sqlite3,retained,Libyana,138895856891611,368
sqlite:3188,radio-82eb98671d3319b1,False,Libyan_cells_dataset/cells.sqlite3,retained,Libyana,138895856891611,368
sqlite:3598,radio-82eb98671d3319b1,False,Libyan_cells_dataset/cells.sqlite3,retained,Libyana,138895856891611,368
sqlite:3411,radio-82eb98671d3319b1,False,Libyan_cells_dataset/cells.sqlite3,retained,Libyana,138895856891611,368
sqlite:3138,radio-82eb98671d3319b1,False,Libyan_cells_dataset/cells.sqlite3,retained,Libyana,138895856891611,368
sqlite:3282,radio-82eb98671d3319b1,False,Libyan_cells_dataset/cells.sqlite3,retained,Libyana,138895856891611,368
sqlite:3424,radio-3cddd1e685618404,False,Libyan_cells_dataset/cells.sqlite3,retained,Libyana,123934804411989,369
sqlite:3344,radio-3cddd1e685618404,False,Libyan_cells_dataset/cells.sqlite3,retained,Libyana,123934804411989,369
sqlite:3493,radio-3cddd1e685618404,False,Libyan_cells_dataset/cells.sqlite3,retained,Libyana,123934804411989,369
sqlite:3597,radio-1e5ddfdad3218700,False,Libyan_cells_dataset/cells.sqlite3,retained,Libyana,237091594717851,370
sqlite:3540,radio-1e5ddfdad3218700,False,Libyan_cells_dataset/cells.sqlite3,retained,Libyana,237091594717851,370
sqlite:3187,radio-1e5ddfdad3218700,False,Libyan_cells_dataset/cells.sqlite3,retained,Libyana,237091594717851,370
sqlite:3281,radio-1e5ddfdad3218700,False,Libyan_cells_dataset/cells.sqlite3,retained,Libyana,237091594717851,370
sqlite:3329,radio-1e5ddfdad3218700,False,Libyan_cells_dataset/cells.sqlite3,retained,Libyana,237091594717851,370
sqlite:3234,radio-1e5ddfdad3218700,False,Libyan_cells_dataset/cells.sqlite3,retained,Libyana,237091594717851,370
sqlite:3410,radio-1e5ddfdad3218700,False,Libyan_cells_dataset/cells.sqlite3,retained,Libyana,237091594717851,370
sqlite:3477,radio-1e5ddfdad3218700,False,Libyan_cells_dataset/cells.sqlite3,retained,Libyana,237091594717851,370
sqlite:3137,radio-1e5ddfdad3218700,False,Libyan_cells_dataset/cells.sqlite3,retained,Libyana,237091594717851,370
sqlite:3550,radio-9ef69b9dbeee22cd,False,Libyan_cells_dataset/cells.sqlite3,retained,Libyana,121583684390193,371
sqlite:3289,radio-9ef69b9dbeee22cd,False,Libyan_cells_dataset/cells.sqlite3,retained,Libyana,121583684390193,371
sqlite:3336,radio-9ef69b9dbeee22cd,False,Libyan_cells_dataset/cells.sqlite3,retained,Libyana,121583684390193,371
sqlite:3485,radio-9ef69b9dbeee22cd,False,Libyan_cells_dataset/cells.sqlite3,retained,Libyana,121583684390193,371
sqlite:3242,radio-9ef69b9dbeee22cd,False,Libyan_cells_dataset/cells.sqlite3,retained,Libyana,121583684390193,371
sqlite:3417,radio-9ef69b9dbeee22cd,False,Libyan_cells_dataset/cells.sqlite3,retained,Libyana,121583684390193,371
sqlite:3486,radio-07ff898bbc52c54b,False,Libyan_cells_dataset/cells.sqlite3,retained,Libyana,121158641236110,83
sqlite:3551,radio-07ff898bbc52c54b,False,Libyan_cells_dataset/cells.sqlite3,retained,Libyana,121158641236110,83
sqlite:3418,radio-07ff898bbc52c54b,False,Libyan_cells_dataset/cells.sqlite3,retained,Libyana,121158641236110,83
sqlite:3243,radio-07ff898bbc52c54b,False,Libyan_cells_dataset/cells.sqlite3,retained,Libyana,121158641236110,83
sqlite:3337,radio-07ff898bbc52c54b,False,Libyan_cells_dataset/cells.sqlite3,retained,Libyana,121158641236110,83
sqlite:3290,radio-07ff898bbc52c54b,False,Libyan_cells_dataset/cells.sqlite3,retained,Libyana,121158641236110,83
sqlite:3338,radio-35087b74a546ec54,False,Libyan_cells_dataset/cells.sqlite3,retained,Libyana,121158641236110,83
sqlite:3291,radio-35087b74a546ec54,False,Libyan_cells_dataset/cells.sqlite3,retained,Libyana,121158641236110,83
sqlite:3244,radio-35087b74a546ec54,False,Libyan_cells_dataset/cells.sqlite3,retained,Libyana,121158641236110,83
sqlite:3419,radio-35087b74a546ec54,False,Libyan_cells_dataset/cells.sqlite3,retained,Libyana,121158641236110,83
sqlite:3552,radio-35087b74a546ec54,False,Libyan_cells_dataset/cells.sqlite3,retained,Libyana,121158641236110,83
sqlite:3487,radio-35087b74a546ec54,False,Libyan_cells_dataset/cells.sqlite3,retained,Libyana,121158641236110,83
sqlite:3343,radio-96078ad95ec7e9d8,False,Libyan_cells_dataset/cells.sqlite3,retained,Libyana,90815255015473,372
sqlite:3423,radio-96078ad95ec7e9d8,False,Libyan_cells_dataset/cells.sqlite3,retained,Libyana,90815255015473,372
sqlite:3492,radio-96078ad95ec7e9d8,False,Libyan_cells_dataset/cells.sqlite3,retained,Libyana,90815255015473,372
sqlite:3296,radio-96078ad95ec7e9d8,False,Libyan_cells_dataset/cells.sqlite3,retained,Libyana,90815255015473,372
sqlite:3191,radio-8d5c1fcc29c6201d,False,Libyan_cells_dataset/cells.sqlite3,retained,Libyana,163434659271567,373
sqlite:3601,radio-8d5c1fcc29c6201d,False,Libyan_cells_dataset/cells.sqlite3,retained,Libyana,163434659271567,373
sqlite:3141,radio-8d5c1fcc29c6201d,False,Libyan_cells_dataset/cells.sqlite3,retained,Libyana,163434659271567,373
sqlite:3604,radio-bf92ac26b929bf9a,False,Libyan_cells_dataset/cells.sqlite3,retained,Libyana,42638793326627,374
sqlite:3194,radio-bf92ac26b929bf9a,False,Libyan_cells_dataset/cells.sqlite3,retained,Libyana,42638793326627,374
sqlite:3144,radio-bf92ac26b929bf9a,False,Libyan_cells_dataset/cells.sqlite3,retained,Libyana,42638793326627,374
sqlite:3605,radio-97540a433dfc9cf8,False,Libyan_cells_dataset/cells.sqlite3,retained,Libyana,27281943660385,146
sqlite:3145,radio-97540a433dfc9cf8,False,Libyan_cells_dataset/cells.sqlite3,retained,Libyana,27281943660385,146
sqlite:3195,radio-97540a433dfc9cf8,False,Libyan_cells_dataset/cells.sqlite3,retained,Libyana,27281943660385,146
sqlite:3404,radio-4381d8851fcea33d,False,Libyan_cells_dataset/cells.sqlite3,retained,Libyana,279089165229773,375
sqlite:3307,radio-4381d8851fcea33d,False,Libyan_cells_dataset/cells.sqlite3,retained,Libyana,279089165229773,375
sqlite:3567,radio-4381d8851fcea33d,False,Libyan_cells_dataset/cells.sqlite3,retained,Libyana,279089165229773,375
sqlite:3257,radio-4381d8851fcea33d,False,Libyan_cells_dataset/cells.sqlite3,retained,Libyana,279089165229773,375
sqlite:3107,radio-4381d8851fcea33d,False,Libyan_cells_dataset/cells.sqlite3,retained,Libyana,279089165229773,375
sqlite:3207,radio-4381d8851fcea33d,False,Libyan_cells_dataset/cells.sqlite3,retained,Libyana,279089165229773,375
sqlite:3517,radio-4381d8851fcea33d,False,Libyan_cells_dataset/cells.sqlite3,retained,Libyana,279089165229773,375
sqlite:3157,radio-4381d8851fcea33d,False,Libyan_cells_dataset/cells.sqlite3,retained,Libyana,279089165229773,375
sqlite:3464,radio-4381d8851fcea33d,False,Libyan_cells_dataset/cells.sqlite3,retained,Libyana,279089165229773,375
sqlite:3431,radio-4e2f71ee331536ce,False,Libyan_cells_dataset/cells.sqlite3,retained,Libyana,3928644909030,376
sqlite:3504,radio-4e2f71ee331536ce,False,Libyan_cells_dataset/cells.sqlite3,retained,Libyana,3928644909030,376
sqlite:3334,radio-c9b8fe0a44d2870b,False,Libyan_cells_dataset/cells.sqlite3,retained,Libyana,38193352293786,377
sqlite:3546,radio-c9b8fe0a44d2870b,False,Libyan_cells_dataset/cells.sqlite3,retained,Libyana,38193352293786,377
sqlite:3482,radio-c9b8fe0a44d2870b,False,Libyan_cells_dataset/cells.sqlite3,retained,Libyana,38193352293786,377
sqlite:3287,radio-c9b8fe0a44d2870b,False,Libyan_cells_dataset/cells.sqlite3,retained,Libyana,38193352293786,377
sqlite:3240,radio-c9b8fe0a44d2870b,False,Libyan_cells_dataset/cells.sqlite3,retained,Libyana,38193352293786,377
sqlite:3415,radio-c9b8fe0a44d2870b,False,Libyan_cells_dataset/cells.sqlite3,retained,Libyana,38193352293786,377
sqlite:3335,radio-8374c32bad6f906a,False,Libyan_cells_dataset/cells.sqlite3,retained,Libyana,232224428504381,378
sqlite:3483,radio-8374c32bad6f906a,False,Libyan_cells_dataset/cells.sqlite3,retained,Libyana,232224428504381,378
sqlite:3548,radio-8374c32bad6f906a,False,Libyan_cells_dataset/cells.sqlite3,retained,Libyana,232224428504381,378
sqlite:3288,radio-8374c32bad6f906a,False,Libyan_cells_dataset/cells.sqlite3,retained,Libyana,232224428504381,378
sqlite:3416,radio-8374c32bad6f906a,False,Libyan_cells_dataset/cells.sqlite3,retained,Libyana,232224428504381,378
sqlite:3241,radio-8374c32bad6f906a,False,Libyan_cells_dataset/cells.sqlite3,retained,Libyana,232224428504381,378
sqlite:3250,radio-b00441badc361754,False,Libyan_cells_dataset/cells.sqlite3,retained,Libyana,271857305122810,379
sqlite:3460,radio-b00441badc361754,False,Libyan_cells_dataset/cells.sqlite3,retained,Libyana,271857305122810,379
sqlite:3150,radio-b00441badc361754,False,Libyan_cells_dataset/cells.sqlite3,retained,Libyana,271857305122810,379
sqlite:3560,radio-b00441badc361754,False,Libyan_cells_dataset/cells.sqlite3,retained,Libyana,271857305122810,379
sqlite:3300,radio-b00441badc361754,False,Libyan_cells_dataset/cells.sqlite3,retained,Libyana,271857305122810,379
sqlite:3510,radio-b00441badc361754,False,Libyan_cells_dataset/cells.sqlite3,retained,Libyana,271857305122810,379
sqlite:3200,radio-b00441badc361754,False,Libyan_cells_dataset/cells.sqlite3,retained,Libyana,271857305122810,379
sqlite:3100,radio-b00441badc361754,False,Libyan_cells_dataset/cells.sqlite3,retained,Libyana,271857305122810,379
sqlite:3400,radio-b00441badc361754,False,Libyan_cells_dataset/cells.sqlite3,retained,Libyana,271857305122810,379
sqlite:3436,radio-36e2cbf63787e22e,False,Libyan_cells_dataset/cells.sqlite3,retained,Libyana,205045215749848,380
sqlite:3140,radio-af1bc86427d09a7d,False,Libyan_cells_dataset/cells.sqlite3,retained,Libyana,219756955379057,381
sqlite:3190,radio-af1bc86427d09a7d,False,Libyan_cells_dataset/cells.sqlite3,retained,Libyana,219756955379057,381
sqlite:3284,radio-af1bc86427d09a7d,False,Libyan_cells_dataset/cells.sqlite3,retained,Libyana,219756955379057,381
sqlite:3412,radio-af1bc86427d09a7d,False,Libyan_cells_dataset/cells.sqlite3,retained,Libyana,219756955379057,381
sqlite:3331,radio-af1bc86427d09a7d,False,Libyan_cells_dataset/cells.sqlite3,retained,Libyana,219756955379057,381
sqlite:3543,radio-af1bc86427d09a7d,False,Libyan_cells_dataset/cells.sqlite3,retained,Libyana,219756955379057,381
sqlite:3600,radio-af1bc86427d09a7d,False,Libyan_cells_dataset/cells.sqlite3,retained,Libyana,219756955379057,381
sqlite:3237,radio-af1bc86427d09a7d,False,Libyan_cells_dataset/cells.sqlite3,retained,Libyana,219756955379057,381
sqlite:3479,radio-af1bc86427d09a7d,False,Libyan_cells_dataset/cells.sqlite3,retained,Libyana,219756955379057,381
sqlite:3506,radio-b78f921d004c41df,False,Libyan_cells_dataset/cells.sqlite3,retained,Libyana,141557861049265,382
sqlite:3433,radio-b78f921d004c41df,False,Libyan_cells_dataset/cells.sqlite3,retained,Libyana,141557861049265,382
sqlite:3438,radio-89839ea83399d53e,False,Libyan_cells_dataset/cells.sqlite3,retained,Libyana,97191693607522,383
sqlite:3439,radio-d74e4f25527482cd,False,Libyan_cells_dataset/cells.sqlite3,retained,Libyana,21515304960588,384
sqlite:3443,radio-eb9ebd17f3ff0dbf,False,Libyan_cells_dataset/cells.sqlite3,retained,Libyana,89506959963005,385
sqlite:3356,radio-afa4eef4b1826c00,False,Libyan_cells_dataset/cells.sqlite3,retained,Libyana,244681769950271,386
sqlite:3527,radio-afa4eef4b1826c00,False,Libyan_cells_dataset/cells.sqlite3,retained,Libyana,244681769950271,386
sqlite:3117,radio-afa4eef4b1826c00,False,Libyan_cells_dataset/cells.sqlite3,retained,Libyana,244681769950271,386
sqlite:3217,radio-afa4eef4b1826c00,False,Libyan_cells_dataset/cells.sqlite3,retained,Libyana,244681769950271,386
sqlite:3167,radio-afa4eef4b1826c00,False,Libyan_cells_dataset/cells.sqlite3,retained,Libyana,244681769950271,386
sqlite:3316,radio-afa4eef4b1826c00,False,Libyan_cells_dataset/cells.sqlite3,retained,Libyana,244681769950271,386
sqlite:3577,radio-afa4eef4b1826c00,False,Libyan_cells_dataset/cells.sqlite3,retained,Libyana,244681769950271,386
sqlite:3267,radio-afa4eef4b1826c00,False,Libyan_cells_dataset/cells.sqlite3,retained,Libyana,244681769950271,386
sqlite:3578,radio-b7aa783f0f578af5,False,Libyan_cells_dataset/cells.sqlite3,retained,Libyana,114649568247643,387
sqlite:3218,radio-b7aa783f0f578af5,False,Libyan_cells_dataset/cells.sqlite3,retained,Libyana,114649568247643,387
sqlite:3168,radio-b7aa783f0f578af5,False,Libyan_cells_dataset/cells.sqlite3,retained,Libyana,114649568247643,387
sqlite:3118,radio-b7aa783f0f578af5,False,Libyan_cells_dataset/cells.sqlite3,retained,Libyana,114649568247643,387
sqlite:3547,radio-e6b81631b332af22,False,Libyan_cells_dataset/cells.sqlite3,retained,Libyana,164728366551591,388
sqlite:3536,radio-3b42d0e3f6447d53,False,Libyan_cells_dataset/cells.sqlite3,retained,Libyana,179633732270829,389
sqlite:3475,radio-3b42d0e3f6447d53,False,Libyan_cells_dataset/cells.sqlite3,retained,Libyana,179633732270829,389
sqlite:3593,radio-3b42d0e3f6447d53,False,Libyan_cells_dataset/cells.sqlite3,retained,Libyana,179633732270829,389
sqlite:3230,radio-3b42d0e3f6447d53,False,Libyan_cells_dataset/cells.sqlite3,retained,Libyana,179633732270829,389
sqlite:3277,radio-3b42d0e3f6447d53,False,Libyan_cells_dataset/cells.sqlite3,retained,Libyana,179633732270829,389
sqlite:3133,radio-3b42d0e3f6447d53,False,Libyan_cells_dataset/cells.sqlite3,retained,Libyana,179633732270829,389
sqlite:3183,radio-3b42d0e3f6447d53,False,Libyan_cells_dataset/cells.sqlite3,retained,Libyana,179633732270829,389
sqlite:3325,radio-3b42d0e3f6447d53,False,Libyan_cells_dataset/cells.sqlite3,retained,Libyana,179633732270829,389
sqlite:3476,radio-873c389a1789e8a0,False,Libyan_cells_dataset/cells.sqlite3,retained,Libyana,111503505233089,390
sqlite:3594,radio-873c389a1789e8a0,False,Libyan_cells_dataset/cells.sqlite3,retained,Libyana,111503505233089,390
sqlite:3278,radio-873c389a1789e8a0,False,Libyan_cells_dataset/cells.sqlite3,retained,Libyana,111503505233089,390
sqlite:3537,radio-873c389a1789e8a0,False,Libyan_cells_dataset/cells.sqlite3,retained,Libyana,111503505233089,390
sqlite:3231,radio-873c389a1789e8a0,False,Libyan_cells_dataset/cells.sqlite3,retained,Libyana,111503505233089,390
sqlite:3184,radio-873c389a1789e8a0,False,Libyan_cells_dataset/cells.sqlite3,retained,Libyana,111503505233089,390
sqlite:3134,radio-873c389a1789e8a0,False,Libyan_cells_dataset/cells.sqlite3,retained,Libyana,111503505233089,390
sqlite:3326,radio-873c389a1789e8a0,False,Libyan_cells_dataset/cells.sqlite3,retained,Libyana,111503505233089,390
sqlite:3429,radio-d11fc92d3e1ecc13,False,Libyan_cells_dataset/cells.sqlite3,retained,Libyana,156342534081104,391
sqlite:3503,radio-d11fc92d3e1ecc13,False,Libyan_cells_dataset/cells.sqlite3,retained,Libyana,156342534081104,391
sqlite:3440,radio-842f8e03fa47030d,False,Libyan_cells_dataset/cells.sqlite3,retained,Libyana,83769252505970,392
sqlite:3259,radio-8980cf582842db0f,False,Libyan_cells_dataset/cells.sqlite3,retained,Libyana,112860715617353,393
sqlite:3569,radio-8980cf582842db0f,False,Libyan_cells_dataset/cells.sqlite3,retained,Libyana,112860715617353,393
sqlite:3465,radio-8980cf582842db0f,False,Libyan_cells_dataset/cells.sqlite3,retained,Libyana,112860715617353,393
sqlite:3405,radio-8980cf582842db0f,False,Libyan_cells_dataset/cells.sqlite3,retained,Libyana,112860715617353,393
sqlite:3159,radio-8980cf582842db0f,False,Libyan_cells_dataset/cells.sqlite3,retained,Libyana,112860715617353,393
sqlite:3309,radio-8980cf582842db0f,False,Libyan_cells_dataset/cells.sqlite3,retained,Libyana,112860715617353,393
sqlite:3209,radio-8980cf582842db0f,False,Libyan_cells_dataset/cells.sqlite3,retained,Libyana,112860715617353,393
sqlite:3109,radio-8980cf582842db0f,False,Libyan_cells_dataset/cells.sqlite3,retained,Libyana,112860715617353,393
sqlite:3519,radio-8980cf582842db0f,False,Libyan_cells_dataset/cells.sqlite3,retained,Libyana,112860715617353,393
sqlite:3215,radio-8d37c0aed1b37a16,False,Libyan_cells_dataset/cells.sqlite3,retained,Libyana,226167343608769,394
sqlite:3115,radio-8d37c0aed1b37a16,False,Libyan_cells_dataset/cells.sqlite3,retained,Libyana,226167343608769,394
sqlite:3525,radio-8d37c0aed1b37a16,False,Libyan_cells_dataset/cells.sqlite3,retained,Libyana,226167343608769,394
sqlite:3575,radio-8d37c0aed1b37a16,False,Libyan_cells_dataset/cells.sqlite3,retained,Libyana,226167343608769,394
sqlite:3470,radio-8d37c0aed1b37a16,False,Libyan_cells_dataset/cells.sqlite3,retained,Libyana,226167343608769,394
sqlite:3265,radio-8d37c0aed1b37a16,False,Libyan_cells_dataset/cells.sqlite3,retained,Libyana,226167343608769,394
sqlite:3165,radio-8d37c0aed1b37a16,False,Libyan_cells_dataset/cells.sqlite3,retained,Libyana,226167343608769,394
sqlite:3314,radio-8d37c0aed1b37a16,False,Libyan_cells_dataset/cells.sqlite3,retained,Libyana,226167343608769,394
sqlite:3406,radio-8d37c0aed1b37a16,False,Libyan_cells_dataset/cells.sqlite3,retained,Libyana,226167343608769,394
sqlite:3223,radio-ffee0670b09440a7,False,Libyan_cells_dataset/cells.sqlite3,retained,Libyana,91406745202126,395
sqlite:3123,radio-ffee0670b09440a7,False,Libyan_cells_dataset/cells.sqlite3,retained,Libyana,91406745202126,395
sqlite:3583,radio-ffee0670b09440a7,False,Libyan_cells_dataset/cells.sqlite3,retained,Libyana,91406745202126,395
sqlite:3531,radio-ffee0670b09440a7,False,Libyan_cells_dataset/cells.sqlite3,retained,Libyana,91406745202126,395
sqlite:3320,radio-ffee0670b09440a7,False,Libyan_cells_dataset/cells.sqlite3,retained,Libyana,91406745202126,395
sqlite:3173,radio-ffee0670b09440a7,False,Libyan_cells_dataset/cells.sqlite3,retained,Libyana,91406745202126,395
sqlite:3474,radio-ffee0670b09440a7,False,Libyan_cells_dataset/cells.sqlite3,retained,Libyana,91406745202126,395
sqlite:3272,radio-ffee0670b09440a7,False,Libyan_cells_dataset/cells.sqlite3,retained,Libyana,91406745202126,395
sqlite:3285,radio-ea7ed5f1c51093af,False,Libyan_cells_dataset/cells.sqlite3,retained,Libyana,228241077320919,396
sqlite:3332,radio-ea7ed5f1c51093af,False,Libyan_cells_dataset/cells.sqlite3,retained,Libyana,228241077320919,396
sqlite:3413,radio-ea7ed5f1c51093af,False,Libyan_cells_dataset/cells.sqlite3,retained,Libyana,228241077320919,396
sqlite:3480,radio-ea7ed5f1c51093af,False,Libyan_cells_dataset/cells.sqlite3,retained,Libyana,228241077320919,396
sqlite:3238,radio-ea7ed5f1c51093af,False,Libyan_cells_dataset/cells.sqlite3,retained,Libyana,228241077320919,396
sqlite:3544,radio-ea7ed5f1c51093af,False,Libyan_cells_dataset/cells.sqlite3,retained,Libyana,228241077320919,396
sqlite:3422,radio-0dc27ddd0fb2b4e2,False,Libyan_cells_dataset/cells.sqlite3,retained,Libyana,123339629705604,397
sqlite:3295,radio-0dc27ddd0fb2b4e2,False,Libyan_cells_dataset/cells.sqlite3,retained,Libyana,123339629705604,397
sqlite:3342,radio-0dc27ddd0fb2b4e2,False,Libyan_cells_dataset/cells.sqlite3,retained,Libyana,123339629705604,397
sqlite:3491,radio-0dc27ddd0fb2b4e2,False,Libyan_cells_dataset/cells.sqlite3,retained,Libyana,123339629705604,397
sqlite:3502,radio-db100b1f81970773,False,Libyan_cells_dataset/cells.sqlite3,retained,Libyana,84349616239459,398
sqlite:3428,radio-db100b1f81970773,False,Libyan_cells_dataset/cells.sqlite3,retained,Libyana,84349616239459,398
sqlite:3442,radio-fa85e71ff5837904,False,Libyan_cells_dataset/cells.sqlite3,retained,Libyana,250034143209576,399
sqlite:3305,radio-dafac6e864188cc7,False,Libyan_cells_dataset/cells.sqlite3,retained,Libyana,277731143759689,3
sqlite:3515,radio-dafac6e864188cc7,False,Libyan_cells_dataset/cells.sqlite3,retained,Libyana,277731143759689,3
sqlite:3205,radio-dafac6e864188cc7,False,Libyan_cells_dataset/cells.sqlite3,retained,Libyana,277731143759689,3
sqlite:3463,radio-dafac6e864188cc7,False,Libyan_cells_dataset/cells.sqlite3,retained,Libyana,277731143759689,3
sqlite:3255,radio-dafac6e864188cc7,False,Libyan_cells_dataset/cells.sqlite3,retained,Libyana,277731143759689,3
sqlite:3155,radio-dafac6e864188cc7,False,Libyan_cells_dataset/cells.sqlite3,retained,Libyana,277731143759689,3
sqlite:3403,radio-dafac6e864188cc7,False,Libyan_cells_dataset/cells.sqlite3,retained,Libyana,277731143759689,3
sqlite:3565,radio-dafac6e864188cc7,False,Libyan_cells_dataset/cells.sqlite3,retained,Libyana,277731143759689,3
sqlite:3105,radio-dafac6e864188cc7,False,Libyan_cells_dataset/cells.sqlite3,retained,Libyana,277731143759689,3
sqlite:3333,radio-ba93cfdeed53805f,False,Libyan_cells_dataset/cells.sqlite3,retained,Libyana,223624938426282,400
sqlite:3239,radio-ba93cfdeed53805f,False,Libyan_cells_dataset/cells.sqlite3,retained,Libyana,223624938426282,400
sqlite:3414,radio-ba93cfdeed53805f,False,Libyan_cells_dataset/cells.sqlite3,retained,Libyana,223624938426282,400
sqlite:3545,radio-ba93cfdeed53805f,False,Libyan_cells_dataset/cells.sqlite3,retained,Libyana,223624938426282,400
sqlite:3481,radio-ba93cfdeed53805f,False,Libyan_cells_dataset/cells.sqlite3,retained,Libyana,223624938426282,400
sqlite:3286,radio-ba93cfdeed53805f,False,Libyan_cells_dataset/cells.sqlite3,retained,Libyana,223624938426282,400
sqlite:3246,radio-120416bc6dad1f89,False,Libyan_cells_dataset/cells.sqlite3,retained,Libyana,95402579521820,401
sqlite:3340,radio-120416bc6dad1f89,False,Libyan_cells_dataset/cells.sqlite3,retained,Libyana,95402579521820,401
sqlite:3421,radio-120416bc6dad1f89,False,Libyan_cells_dataset/cells.sqlite3,retained,Libyana,95402579521820,401
sqlite:3554,radio-120416bc6dad1f89,False,Libyan_cells_dataset/cells.sqlite3,retained,Libyana,95402579521820,401
sqlite:3489,radio-120416bc6dad1f89,False,Libyan_cells_dataset/cells.sqlite3,retained,Libyana,95402579521820,401
sqlite:3293,radio-120416bc6dad1f89,False,Libyan_cells_dataset/cells.sqlite3,retained,Libyana,95402579521820,401
sqlite:3427,radio-b3b4f9cc53dccab1,False,Libyan_cells_dataset/cells.sqlite3,retained,Libyana,152630494860790,402
sqlite:3496,radio-b3b4f9cc53dccab1,False,Libyan_cells_dataset/cells.sqlite3,retained,Libyana,152630494860790,402
sqlite:3377,radio-1122a7c93c998575,False,Libyan_cells_dataset/cells.sqlite3,retained,Libyana,85057730393134,403
sqlite:3375,radio-9f5197186292a83e,False,Libyan_cells_dataset/cells.sqlite3,retained,Libyana,11332079921069,404
sqlite:3444,radio-9f5197186292a83e,False,Libyan_cells_dataset/cells.sqlite3,retained,Libyana,11332079921069,404
sqlite:3378,radio-6e93260c782beed8,False,Libyan_cells_dataset/cells.sqlite3,retained,Libyana,11865659873204,405
sqlite:3557,radio-9748c0f3eebb172c,False,Libyan_cells_dataset/cells.sqlite3,retained,Libyana,22534098736528,406
sqlite:3297,radio-9748c0f3eebb172c,False,Libyan_cells_dataset/cells.sqlite3,retained,Libyana,22534098736528,406
sqlite:3197,radio-9748c0f3eebb172c,False,Libyan_cells_dataset/cells.sqlite3,retained,Libyana,22534098736528,406
sqlite:3247,radio-9748c0f3eebb172c,False,Libyan_cells_dataset/cells.sqlite3,retained,Libyana,22534098736528,406
sqlite:3347,radio-9748c0f3eebb172c,False,Libyan_cells_dataset/cells.sqlite3,retained,Libyana,22534098736528,406
sqlite:3097,radio-9748c0f3eebb172c,False,Libyan_cells_dataset/cells.sqlite3,retained,Libyana,22534098736528,406
sqlite:3457,radio-9748c0f3eebb172c,False,Libyan_cells_dataset/cells.sqlite3,retained,Libyana,22534098736528,406
sqlite:3507,radio-9748c0f3eebb172c,False,Libyan_cells_dataset/cells.sqlite3,retained,Libyana,22534098736528,406
sqlite:3147,radio-9748c0f3eebb172c,False,Libyan_cells_dataset/cells.sqlite3,retained,Libyana,22534098736528,406
sqlite:3397,radio-9748c0f3eebb172c,False,Libyan_cells_dataset/cells.sqlite3,retained,Libyana,22534098736528,406
sqlite:3352,radio-832bdb5b1f5c5b5b,False,Libyan_cells_dataset/cells.sqlite3,retained,Libyana,130094071715725,407
sqlite:3518,radio-832bdb5b1f5c5b5b,False,Libyan_cells_dataset/cells.sqlite3,retained,Libyana,130094071715725,407
sqlite:3158,radio-832bdb5b1f5c5b5b,False,Libyan_cells_dataset/cells.sqlite3,retained,Libyana,130094071715725,407
sqlite:3108,radio-832bdb5b1f5c5b5b,False,Libyan_cells_dataset/cells.sqlite3,retained,Libyana,130094071715725,407
sqlite:3208,radio-832bdb5b1f5c5b5b,False,Libyan_cells_dataset/cells.sqlite3,retained,Libyana,130094071715725,407
sqlite:3258,radio-832bdb5b1f5c5b5b,False,Libyan_cells_dataset/cells.sqlite3,retained,Libyana,130094071715725,407
sqlite:3308,radio-832bdb5b1f5c5b5b,False,Libyan_cells_dataset/cells.sqlite3,retained,Libyana,130094071715725,407
sqlite:3568,radio-832bdb5b1f5c5b5b,False,Libyan_cells_dataset/cells.sqlite3,retained,Libyana,130094071715725,407
sqlite:3379,radio-7d9dc75e8c8e9477,False,Libyan_cells_dataset/cells.sqlite3,retained,Libyana,62986612284166,408
sqlite:3373,radio-c6d2f7928d8d723f,False,Libyan_cells_dataset/cells.sqlite3,retained,Libyana,40258230958244,164
sqlite:3441,radio-c6d2f7928d8d723f,False,Libyan_cells_dataset/cells.sqlite3,retained,Libyana,40258230958244,164
sqlite:3380,radio-39b672fac5d84af5,False,Libyan_cells_dataset/cells.sqlite3,retained,Libyana,17231631017357,409
sqlite:3381,radio-e205b985cb5fba1c,False,Libyan_cells_dataset/cells.sqlite3,retained,Libyana,215825488922389,410
sqlite:3376,radio-9525e4a66fb0d282,False,Libyan_cells_dataset/cells.sqlite3,retained,Libyana,258162775578045,411
sqlite:3445,radio-9525e4a66fb0d282,False,Libyan_cells_dataset/cells.sqlite3,retained,Libyana,258162775578045,411
sqlite:3321,radio-52143f6251203bc5,False,Libyan_cells_dataset/cells.sqlite3,retained,Libyana,28518364375195,412
sqlite:3175,radio-52143f6251203bc5,False,Libyan_cells_dataset/cells.sqlite3,retained,Libyana,28518364375195,412
sqlite:3125,radio-52143f6251203bc5,False,Libyan_cells_dataset/cells.sqlite3,retained,Libyana,28518364375195,412
sqlite:3532,radio-52143f6251203bc5,False,Libyan_cells_dataset/cells.sqlite3,retained,Libyana,28518364375195,412
sqlite:3585,radio-52143f6251203bc5,False,Libyan_cells_dataset/cells.sqlite3,retained,Libyana,28518364375195,412
sqlite:3358,radio-52143f6251203bc5,False,Libyan_cells_dataset/cells.sqlite3,retained,Libyana,28518364375195,412
sqlite:3224,radio-52143f6251203bc5,False,Libyan_cells_dataset/cells.sqlite3,retained,Libyana,28518364375195,412
sqlite:3273,radio-52143f6251203bc5,False,Libyan_cells_dataset/cells.sqlite3,retained,Libyana,28518364375195,412
sqlite:3382,radio-fd86dca7271282d2,False,Libyan_cells_dataset/cells.sqlite3,retained,Libyana,110489868443541,413
sqlite:3384,radio-7784374f559196e4,False,Libyan_cells_dataset/cells.sqlite3,retained,Libyana,17071877680306,414
sqlite:3383,radio-09e01925f0905bba,False,Libyan_cells_dataset/cells.sqlite3,retained,Libyana,231575844952158,415
sqlite:3127,radio-44aea4c997d0f62b,False,Libyan_cells_dataset/cells.sqlite3,retained,Libyana,28518364375195,412
sqlite:3360,radio-44aea4c997d0f62b,False,Libyan_cells_dataset/cells.sqlite3,retained,Libyana,28518364375195,412
sqlite:3275,radio-44aea4c997d0f62b,False,Libyan_cells_dataset/cells.sqlite3,retained,Libyana,28518364375195,412
sqlite:3323,radio-44aea4c997d0f62b,False,Libyan_cells_dataset/cells.sqlite3,retained,Libyana,28518364375195,412
sqlite:3177,radio-44aea4c997d0f62b,False,Libyan_cells_dataset/cells.sqlite3,retained,Libyana,28518364375195,412
sqlite:3587,radio-44aea4c997d0f62b,False,Libyan_cells_dataset/cells.sqlite3,retained,Libyana,28518364375195,412
sqlite:3226,radio-44aea4c997d0f62b,False,Libyan_cells_dataset/cells.sqlite3,retained,Libyana,28518364375195,412
sqlite:3534,radio-44aea4c997d0f62b,False,Libyan_cells_dataset/cells.sqlite3,retained,Libyana,28518364375195,412
sqlite:3256,radio-a4618597eb59ac9d,False,Libyan_cells_dataset/cells.sqlite3,retained,Libyana,28518364375195,412
sqlite:3156,radio-a4618597eb59ac9d,False,Libyan_cells_dataset/cells.sqlite3,retained,Libyana,28518364375195,412
sqlite:3106,radio-a4618597eb59ac9d,False,Libyan_cells_dataset/cells.sqlite3,retained,Libyana,28518364375195,412
sqlite:3206,radio-a4618597eb59ac9d,False,Libyan_cells_dataset/cells.sqlite3,retained,Libyana,28518364375195,412
sqlite:3351,radio-a4618597eb59ac9d,False,Libyan_cells_dataset/cells.sqlite3,retained,Libyana,28518364375195,412
sqlite:3516,radio-a4618597eb59ac9d,False,Libyan_cells_dataset/cells.sqlite3,retained,Libyana,28518364375195,412
sqlite:3566,radio-a4618597eb59ac9d,False,Libyan_cells_dataset/cells.sqlite3,retained,Libyana,28518364375195,412
sqlite:3306,radio-a4618597eb59ac9d,False,Libyan_cells_dataset/cells.sqlite3,retained,Libyana,28518364375195,412
sqlite:3391,radio-64067b6fc9628529,False,Libyan_cells_dataset/cells.sqlite3,retained,Libyana,243325034519360,416
sqlite:3390,radio-d2499253c9fffe52,False,Libyan_cells_dataset/cells.sqlite3,retained,Libyana,191911943130952,417
sqlite:3345,radio-6e1be9d7d6ee6dc1,False,Libyan_cells_dataset/cells.sqlite3,retained,Libyana,257707516399402,418
sqlite:3425,radio-6e1be9d7d6ee6dc1,False,Libyan_cells_dataset/cells.sqlite3,retained,Libyana,257707516399402,418
sqlite:3365,radio-6e1be9d7d6ee6dc1,False,Libyan_cells_dataset/cells.sqlite3,retained,Libyana,257707516399402,418
sqlite:3393,radio-152e7822ea190233,False,Libyan_cells_dataset/cells.sqlite3,retained,Libyana,40258230958244,164
sqlite:3394,radio-232af84ed0fc211c,False,Libyan_cells_dataset/cells.sqlite3,retained,Libyana,31318864164641,419
sqlite:3396,radio-6ab91a259cde6e6a,False,Libyan_cells_dataset/cells.sqlite3,retained,Libyana,27064201021012,420
sqlite:3426,radio-6dc1e4aba1960a83,False,Libyan_cells_dataset/cells.sqlite3,retained,Libyana,83497436371604,421
sqlite:3366,radio-6dc1e4aba1960a83,False,Libyan_cells_dataset/cells.sqlite3,retained,Libyana,83497436371604,421
sqlite:3495,radio-6dc1e4aba1960a83,False,Libyan_cells_dataset/cells.sqlite3,retained,Libyana,83497436371604,421
sqlite:3303,radio-f55c1a5ae7c35a22,False,Libyan_cells_dataset/cells.sqlite3,retained,Libyana,191161701083646,422
sqlite:3462,radio-f55c1a5ae7c35a22,False,Libyan_cells_dataset/cells.sqlite3,retained,Libyana,191161701083646,422
sqlite:3513,radio-f55c1a5ae7c35a22,False,Libyan_cells_dataset/cells.sqlite3,retained,Libyana,191161701083646,422
sqlite:3153,radio-f55c1a5ae7c35a22,False,Libyan_cells_dataset/cells.sqlite3,retained,Libyana,191161701083646,422
sqlite:3203,radio-f55c1a5ae7c35a22,False,Libyan_cells_dataset/cells.sqlite3,retained,Libyana,191161701083646,422
sqlite:3349,radio-f55c1a5ae7c35a22,False,Libyan_cells_dataset/cells.sqlite3,retained,Libyana,191161701083646,422
sqlite:3563,radio-f55c1a5ae7c35a22,False,Libyan_cells_dataset/cells.sqlite3,retained,Libyana,191161701083646,422
sqlite:3253,radio-f55c1a5ae7c35a22,False,Libyan_cells_dataset/cells.sqlite3,retained,Libyana,191161701083646,422
sqlite:3402,radio-f55c1a5ae7c35a22,False,Libyan_cells_dataset/cells.sqlite3,retained,Libyana,191161701083646,422
sqlite:3103,radio-f55c1a5ae7c35a22,False,Libyan_cells_dataset/cells.sqlite3,retained,Libyana,191161701083646,422
sqlite:3372,radio-472dec8ef2916e9c,False,Libyan_cells_dataset/cells.sqlite3,retained,Libyana,151381332887389,423
sqlite:3128,radio-fbff08d9e9a455ed,False,Libyan_cells_dataset/cells.sqlite3,retained,Libyana,28518364375195,412
sqlite:3227,radio-fbff08d9e9a455ed,False,Libyan_cells_dataset/cells.sqlite3,retained,Libyana,28518364375195,412
sqlite:3178,radio-fbff08d9e9a455ed,False,Libyan_cells_dataset/cells.sqlite3,retained,Libyana,28518364375195,412
sqlite:3361,radio-fbff08d9e9a455ed,False,Libyan_cells_dataset/cells.sqlite3,retained,Libyana,28518364375195,412
sqlite:3324,radio-fbff08d9e9a455ed,False,Libyan_cells_dataset/cells.sqlite3,retained,Libyana,28518364375195,412
sqlite:3588,radio-fbff08d9e9a455ed,False,Libyan_cells_dataset/cells.sqlite3,retained,Libyana,28518364375195,412
sqlite:3535,radio-fbff08d9e9a455ed,False,Libyan_cells_dataset/cells.sqlite3,retained,Libyana,28518364375195,412
sqlite:3276,radio-fbff08d9e9a455ed,False,Libyan_cells_dataset/cells.sqlite3,retained,Libyana,28518364375195,412
sqlite:3398,radio-37eacaba4c7f5897,False,Libyan_cells_dataset/cells.sqlite3,retained,Libyana,95831279911441,424
sqlite:3558,radio-37eacaba4c7f5897,False,Libyan_cells_dataset/cells.sqlite3,retained,Libyana,95831279911441,424
sqlite:3298,radio-37eacaba4c7f5897,False,Libyan_cells_dataset/cells.sqlite3,retained,Libyana,95831279911441,424
sqlite:3198,radio-37eacaba4c7f5897,False,Libyan_cells_dataset/cells.sqlite3,retained,Libyana,95831279911441,424
sqlite:3508,radio-37eacaba4c7f5897,False,Libyan_cells_dataset/cells.sqlite3,retained,Libyana,95831279911441,424
sqlite:3148,radio-37eacaba4c7f5897,False,Libyan_cells_dataset/cells.sqlite3,retained,Libyana,95831279911441,424
sqlite:3248,radio-37eacaba4c7f5897,False,Libyan_cells_dataset/cells.sqlite3,retained,Libyana,95831279911441,424
sqlite:3098,radio-37eacaba4c7f5897,False,Libyan_cells_dataset/cells.sqlite3,retained,Libyana,95831279911441,424
sqlite:3458,radio-37eacaba4c7f5897,False,Libyan_cells_dataset/cells.sqlite3,retained,Libyana,95831279911441,424
sqlite:3299,radio-ef6e94a3b4bc8f9f,False,Libyan_cells_dataset/cells.sqlite3,retained,Libyana,19685242559556,425
sqlite:3399,radio-ef6e94a3b4bc8f9f,False,Libyan_cells_dataset/cells.sqlite3,retained,Libyana,19685242559556,425
sqlite:3149,radio-ef6e94a3b4bc8f9f,False,Libyan_cells_dataset/cells.sqlite3,retained,Libyana,19685242559556,425
sqlite:3249,radio-ef6e94a3b4bc8f9f,False,Libyan_cells_dataset/cells.sqlite3,retained,Libyana,19685242559556,425
sqlite:3459,radio-ef6e94a3b4bc8f9f,False,Libyan_cells_dataset/cells.sqlite3,retained,Libyana,19685242559556,425
sqlite:3509,radio-ef6e94a3b4bc8f9f,False,Libyan_cells_dataset/cells.sqlite3,retained,Libyana,19685242559556,425
sqlite:3559,radio-ef6e94a3b4bc8f9f,False,Libyan_cells_dataset/cells.sqlite3,retained,Libyana,19685242559556,425
sqlite:3199,radio-ef6e94a3b4bc8f9f,False,Libyan_cells_dataset/cells.sqlite3,retained,Libyana,19685242559556,425
sqlite:3099,radio-ef6e94a3b4bc8f9f,False,Libyan_cells_dataset/cells.sqlite3,retained,Libyana,19685242559556,425
sqlite:3202,radio-1f33f1ac7e93ccbb,False,Libyan_cells_dataset/cells.sqlite3,retained,Libyana,34141445571936,426
sqlite:3302,radio-1f33f1ac7e93ccbb,False,Libyan_cells_dataset/cells.sqlite3,retained,Libyana,34141445571936,426
sqlite:3102,radio-1f33f1ac7e93ccbb,False,Libyan_cells_dataset/cells.sqlite3,retained,Libyana,34141445571936,426
sqlite:3461,radio-1f33f1ac7e93ccbb,False,Libyan_cells_dataset/cells.sqlite3,retained,Libyana,34141445571936,426
sqlite:3152,radio-1f33f1ac7e93ccbb,False,Libyan_cells_dataset/cells.sqlite3,retained,Libyana,34141445571936,426
sqlite:3252,radio-1f33f1ac7e93ccbb,False,Libyan_cells_dataset/cells.sqlite3,retained,Libyana,34141445571936,426
sqlite:3562,radio-1f33f1ac7e93ccbb,False,Libyan_cells_dataset/cells.sqlite3,retained,Libyana,34141445571936,426
sqlite:3512,radio-1f33f1ac7e93ccbb,False,Libyan_cells_dataset/cells.sqlite3,retained,Libyana,34141445571936,426
sqlite:3401,radio-1f33f1ac7e93ccbb,False,Libyan_cells_dataset/cells.sqlite3,retained,Libyana,34141445571936,426
sqlite:3135,radio-58ce0ad5dea54ae8,False,Libyan_cells_dataset/cells.sqlite3,retained,Libyana,236624817474248,427
sqlite:3362,radio-58ce0ad5dea54ae8,False,Libyan_cells_dataset/cells.sqlite3,retained,Libyana,236624817474248,427
sqlite:3595,radio-58ce0ad5dea54ae8,False,Libyan_cells_dataset/cells.sqlite3,retained,Libyana,236624817474248,427
sqlite:3232,radio-58ce0ad5dea54ae8,False,Libyan_cells_dataset/cells.sqlite3,retained,Libyana,236624817474248,427
sqlite:3185,radio-58ce0ad5dea54ae8,False,Libyan_cells_dataset/cells.sqlite3,retained,Libyana,236624817474248,427
sqlite:3327,radio-58ce0ad5dea54ae8,False,Libyan_cells_dataset/cells.sqlite3,retained,Libyana,236624817474248,427
sqlite:3279,radio-58ce0ad5dea54ae8,False,Libyan_cells_dataset/cells.sqlite3,retained,Libyana,236624817474248,427
sqlite:3538,radio-58ce0ad5dea54ae8,False,Libyan_cells_dataset/cells.sqlite3,retained,Libyana,236624817474248,427
sqlite:3301,radio-7caf3ccdcba0c805,False,Libyan_cells_dataset/cells.sqlite3,retained,Libyana,240017156530357,428
sqlite:3348,radio-7caf3ccdcba0c805,False,Libyan_cells_dataset/cells.sqlite3,retained,Libyana,240017156530357,428
sqlite:3511,radio-7caf3ccdcba0c805,False,Libyan_cells_dataset/cells.sqlite3,retained,Libyana,240017156530357,428
sqlite:3561,radio-7caf3ccdcba0c805,False,Libyan_cells_dataset/cells.sqlite3,retained,Libyana,240017156530357,428
sqlite:3251,radio-7caf3ccdcba0c805,False,Libyan_cells_dataset/cells.sqlite3,retained,Libyana,240017156530357,428
sqlite:3101,radio-7caf3ccdcba0c805,False,Libyan_cells_dataset/cells.sqlite3,retained,Libyana,240017156530357,428
sqlite:3201,radio-7caf3ccdcba0c805,False,Libyan_cells_dataset/cells.sqlite3,retained,Libyana,240017156530357,428
sqlite:3151,radio-7caf3ccdcba0c805,False,Libyan_cells_dataset/cells.sqlite3,retained,Libyana,240017156530357,428
sqlite:3368,radio-a4dd0e2691bf5e16,False,Libyan_cells_dataset/cells.sqlite3,retained,Libyana,229186623090879,429
sqlite:3430,radio-a4dd0e2691bf5e16,False,Libyan_cells_dataset/cells.sqlite3,retained,Libyana,229186623090879,429
sqlite:3371,radio-13f446e10d264aad,False,Libyan_cells_dataset/cells.sqlite3,retained,Libyana,108624996551188,430
sqlite:3432,radio-1a06e508214421ed,False,Libyan_cells_dataset/cells.sqlite3,retained,Libyana,29586666787465,431
sqlite:3505,radio-1a06e508214421ed,False,Libyan_cells_dataset/cells.sqlite3,retained,Libyana,29586666787465,431
sqlite:3369,radio-6de702737a58c426,False,Libyan_cells_dataset/cells.sqlite3,retained,Libyana,58582342393589,432
sqlite:3435,radio-6de702737a58c426,False,Libyan_cells_dataset/cells.sqlite3,retained,Libyana,58582342393589,432
sqlite:3392,radio-b9c0eb1363450a34,False,Libyan_cells_dataset/cells.sqlite3,retained,Libyana,163834694128793,433
sqlite:3586,radio-9c1a902697da7a6a,False,Libyan_cells_dataset/cells.sqlite3,retained,Libyana,28518364375195,412
sqlite:3225,radio-9c1a902697da7a6a,False,Libyan_cells_dataset/cells.sqlite3,retained,Libyana,28518364375195,412
sqlite:3274,radio-9c1a902697da7a6a,False,Libyan_cells_dataset/cells.sqlite3,retained,Libyana,28518364375195,412
sqlite:3359,radio-9c1a902697da7a6a,False,Libyan_cells_dataset/cells.sqlite3,retained,Libyana,28518364375195,412
sqlite:3322,radio-9c1a902697da7a6a,False,Libyan_cells_dataset/cells.sqlite3,retained,Libyana,28518364375195,412
sqlite:3126,radio-9c1a902697da7a6a,False,Libyan_cells_dataset/cells.sqlite3,retained,Libyana,28518364375195,412
sqlite:3176,radio-9c1a902697da7a6a,False,Libyan_cells_dataset/cells.sqlite3,retained,Libyana,28518364375195,412
sqlite:3533,radio-9c1a902697da7a6a,False,Libyan_cells_dataset/cells.sqlite3,retained,Libyana,28518364375195,412
sqlite:3386,radio-5571d9517d922248,False,Libyan_cells_dataset/cells.sqlite3,retained,Libyana,27347858019101,434
sqlite:3263,radio-3c128b3d69449444,False,Libyan_cells_dataset/cells.sqlite3,retained,Libyana,279216272547113,435
sqlite:3113,radio-3c128b3d69449444,False,Libyan_cells_dataset/cells.sqlite3,retained,Libyana,279216272547113,435
sqlite:3354,radio-3c128b3d69449444,False,Libyan_cells_dataset/cells.sqlite3,retained,Libyana,279216272547113,435
sqlite:3573,radio-3c128b3d69449444,False,Libyan_cells_dataset/cells.sqlite3,retained,Libyana,279216272547113,435
sqlite:3313,radio-3c128b3d69449444,False,Libyan_cells_dataset/cells.sqlite3,retained,Libyana,279216272547113,435
sqlite:3163,radio-3c128b3d69449444,False,Libyan_cells_dataset/cells.sqlite3,retained,Libyana,279216272547113,435
sqlite:3213,radio-3c128b3d69449444,False,Libyan_cells_dataset/cells.sqlite3,retained,Libyana,279216272547113,435
sqlite:3523,radio-3c128b3d69449444,False,Libyan_cells_dataset/cells.sqlite3,retained,Libyana,279216272547113,435
sqlite:3374,radio-fe3a7a4593ee4f57,False,Libyan_cells_dataset/cells.sqlite3,retained,Libyana,89485341533911,436
sqlite:3407,radio-7ebc956ed49ed13f,False,Libyan_cells_dataset/cells.sqlite3,retained,Libyana,47971163831252,437
sqlite:3579,radio-7ebc956ed49ed13f,False,Libyan_cells_dataset/cells.sqlite3,retained,Libyana,47971163831252,437
sqlite:3219,radio-7ebc956ed49ed13f,False,Libyan_cells_dataset/cells.sqlite3,retained,Libyana,47971163831252,437
sqlite:3317,radio-7ebc956ed49ed13f,False,Libyan_cells_dataset/cells.sqlite3,retained,Libyana,47971163831252,437
sqlite:3528,radio-7ebc956ed49ed13f,False,Libyan_cells_dataset/cells.sqlite3,retained,Libyana,47971163831252,437
sqlite:3169,radio-7ebc956ed49ed13f,False,Libyan_cells_dataset/cells.sqlite3,retained,Libyana,47971163831252,437
sqlite:3268,radio-7ebc956ed49ed13f,False,Libyan_cells_dataset/cells.sqlite3,retained,Libyana,47971163831252,437
sqlite:3119,radio-7ebc956ed49ed13f,False,Libyan_cells_dataset/cells.sqlite3,retained,Libyana,47971163831252,437
sqlite:3471,radio-7ebc956ed49ed13f,False,Libyan_cells_dataset/cells.sqlite3,retained,Libyana,47971163831252,437
sqlite:3434,radio-9a0620dbe9f6bacb,False,Libyan_cells_dataset/cells.sqlite3,retained,Libyana,86567786911350,438
sqlite:3254,radio-c15e9d4cea4c2a23,False,Libyan_cells_dataset/cells.sqlite3,retained,Libyana,82145371446262,439
sqlite:3304,radio-c15e9d4cea4c2a23,False,Libyan_cells_dataset/cells.sqlite3,retained,Libyana,82145371446262,439
sqlite:3204,radio-c15e9d4cea4c2a23,False,Libyan_cells_dataset/cells.sqlite3,retained,Libyana,82145371446262,439
sqlite:3564,radio-c15e9d4cea4c2a23,False,Libyan_cells_dataset/cells.sqlite3,retained,Libyana,82145371446262,439
sqlite:3514,radio-c15e9d4cea4c2a23,False,Libyan_cells_dataset/cells.sqlite3,retained,Libyana,82145371446262,439
sqlite:3350,radio-c15e9d4cea4c2a23,False,Libyan_cells_dataset/cells.sqlite3,retained,Libyana,82145371446262,439
sqlite:3104,radio-c15e9d4cea4c2a23,False,Libyan_cells_dataset/cells.sqlite3,retained,Libyana,82145371446262,439
sqlite:3154,radio-c15e9d4cea4c2a23,False,Libyan_cells_dataset/cells.sqlite3,retained,Libyana,82145371446262,439
sqlite:3409,radio-8e40840215a918de,False,Libyan_cells_dataset/cells.sqlite3,retained,Libyana,269719094193022,440
sqlite:3172,radio-8e40840215a918de,False,Libyan_cells_dataset/cells.sqlite3,retained,Libyana,269719094193022,440
sqlite:3271,radio-8e40840215a918de,False,Libyan_cells_dataset/cells.sqlite3,retained,Libyana,269719094193022,440
sqlite:3319,radio-8e40840215a918de,False,Libyan_cells_dataset/cells.sqlite3,retained,Libyana,269719094193022,440
sqlite:3222,radio-8e40840215a918de,False,Libyan_cells_dataset/cells.sqlite3,retained,Libyana,269719094193022,440
sqlite:3122,radio-8e40840215a918de,False,Libyan_cells_dataset/cells.sqlite3,retained,Libyana,269719094193022,440
sqlite:3582,radio-8e40840215a918de,False,Libyan_cells_dataset/cells.sqlite3,retained,Libyana,269719094193022,440
sqlite:3473,radio-8e40840215a918de,False,Libyan_cells_dataset/cells.sqlite3,retained,Libyana,269719094193022,440
sqlite:3530,radio-8e40840215a918de,False,Libyan_cells_dataset/cells.sqlite3,retained,Libyana,269719094193022,440
sqlite:3216,radio-c034e7c5b6ab8a79,False,Libyan_cells_dataset/cells.sqlite3,retained,Libyana,137859148134705,348
sqlite:3355,radio-c034e7c5b6ab8a79,False,Libyan_cells_dataset/cells.sqlite3,retained,Libyana,137859148134705,348
sqlite:3266,radio-c034e7c5b6ab8a79,False,Libyan_cells_dataset/cells.sqlite3,retained,Libyana,137859148134705,348
sqlite:3116,radio-c034e7c5b6ab8a79,False,Libyan_cells_dataset/cells.sqlite3,retained,Libyana,137859148134705,348
sqlite:3526,radio-c034e7c5b6ab8a79,False,Libyan_cells_dataset/cells.sqlite3,retained,Libyana,137859148134705,348
sqlite:3576,radio-c034e7c5b6ab8a79,False,Libyan_cells_dataset/cells.sqlite3,retained,Libyana,137859148134705,348
sqlite:3166,radio-c034e7c5b6ab8a79,False,Libyan_cells_dataset/cells.sqlite3,retained,Libyana,137859148134705,348
sqlite:3315,radio-c034e7c5b6ab8a79,False,Libyan_cells_dataset/cells.sqlite3,retained,Libyana,137859148134705,348
sqlite:3387,radio-6f4be99c392c036d,False,Libyan_cells_dataset/cells.sqlite3,retained,Libyana,248874120022247,441
sqlite:3367,radio-18fcf2db71756059,False,Libyan_cells_dataset/cells.sqlite3,retained,Libyana,52911093382079,442
sqlite:3437,radio-8d7491dd46b93040,False,Libyan_cells_dataset/cells.sqlite3,retained,Libyana,38530048955974,443
sqlite:3370,radio-8d7491dd46b93040,False,Libyan_cells_dataset/cells.sqlite3,retained,Libyana,38530048955974,443
sqlite:3312,radio-dc925cc4bc3689ea,False,Libyan_cells_dataset/cells.sqlite3,retained,Libyana,73138849181926,444
sqlite:3572,radio-dc925cc4bc3689ea,False,Libyan_cells_dataset/cells.sqlite3,retained,Libyana,73138849181926,444
sqlite:3522,radio-dc925cc4bc3689ea,False,Libyan_cells_dataset/cells.sqlite3,retained,Libyana,73138849181926,444
sqlite:3112,radio-dc925cc4bc3689ea,False,Libyan_cells_dataset/cells.sqlite3,retained,Libyana,73138849181926,444
sqlite:3162,radio-dc925cc4bc3689ea,False,Libyan_cells_dataset/cells.sqlite3,retained,Libyana,73138849181926,444
sqlite:3468,radio-dc925cc4bc3689ea,False,Libyan_cells_dataset/cells.sqlite3,retained,Libyana,73138849181926,444
sqlite:3262,radio-dc925cc4bc3689ea,False,Libyan_cells_dataset/cells.sqlite3,retained,Libyana,73138849181926,444
sqlite:3212,radio-dc925cc4bc3689ea,False,Libyan_cells_dataset/cells.sqlite3,retained,Libyana,73138849181926,444
sqlite:3521,radio-345ad4927f671f29,False,Libyan_cells_dataset/cells.sqlite3,retained,Libyana,212304107440090,445
sqlite:3467,radio-345ad4927f671f29,False,Libyan_cells_dataset/cells.sqlite3,retained,Libyana,212304107440090,445
sqlite:3571,radio-345ad4927f671f29,False,Libyan_cells_dataset/cells.sqlite3,retained,Libyana,212304107440090,445
sqlite:3311,radio-345ad4927f671f29,False,Libyan_cells_dataset/cells.sqlite3,retained,Libyana,212304107440090,445
sqlite:3161,radio-345ad4927f671f29,False,Libyan_cells_dataset/cells.sqlite3,retained,Libyana,212304107440090,445
sqlite:3261,radio-345ad4927f671f29,False,Libyan_cells_dataset/cells.sqlite3,retained,Libyana,212304107440090,445
sqlite:3111,radio-345ad4927f671f29,False,Libyan_cells_dataset/cells.sqlite3,retained,Libyana,212304107440090,445
sqlite:3211,radio-345ad4927f671f29,False,Libyan_cells_dataset/cells.sqlite3,retained,Libyana,212304107440090,445
sqlite:3341,radio-16bfc7376e3cdac7,False,Libyan_cells_dataset/cells.sqlite3,retained,Libyana,146567314162690,446
sqlite:3294,radio-16bfc7376e3cdac7,False,Libyan_cells_dataset/cells.sqlite3,retained,Libyana,146567314162690,446
sqlite:3490,radio-16bfc7376e3cdac7,False,Libyan_cells_dataset/cells.sqlite3,retained,Libyana,146567314162690,446
sqlite:3555,radio-16bfc7376e3cdac7,False,Libyan_cells_dataset/cells.sqlite3,retained,Libyana,146567314162690,446
sqlite:3346,radio-617a4acf4cb6a057,False,Libyan_cells_dataset/cells.sqlite3,retained,Libyana,100371362965417,447
sqlite:3494,radio-617a4acf4cb6a057,False,Libyan_cells_dataset/cells.sqlite3,retained,Libyana,100371362965417,447
sqlite:3446,radio-74edbc480ffd09f4,False,Libyan_cells_dataset/cells.sqlite3,retained,Libyana,3585772384906,448
sqlite:3388,radio-dac74a35e01421e9,False,Libyan_cells_dataset/cells.sqlite3,retained,Libyana,236133583406928,449
sqlite:3110,radio-854b128d5674fdbc,False,Libyan_cells_dataset/cells.sqlite3,retained,Libyana,123970106246785,450
sqlite:3160,radio-854b128d5674fdbc,False,Libyan_cells_dataset/cells.sqlite3,retained,Libyana,123970106246785,450
sqlite:3353,radio-854b128d5674fdbc,False,Libyan_cells_dataset/cells.sqlite3,retained,Libyana,123970106246785,450
sqlite:3210,radio-854b128d5674fdbc,False,Libyan_cells_dataset/cells.sqlite3,retained,Libyana,123970106246785,450
sqlite:3260,radio-854b128d5674fdbc,False,Libyan_cells_dataset/cells.sqlite3,retained,Libyana,123970106246785,450
sqlite:3310,radio-854b128d5674fdbc,False,Libyan_cells_dataset/cells.sqlite3,retained,Libyana,123970106246785,450
sqlite:3520,radio-854b128d5674fdbc,False,Libyan_cells_dataset/cells.sqlite3,retained,Libyana,123970106246785,450
sqlite:3570,radio-854b128d5674fdbc,False,Libyan_cells_dataset/cells.sqlite3,retained,Libyana,123970106246785,450
sqlite:3466,radio-854b128d5674fdbc,False,Libyan_cells_dataset/cells.sqlite3,retained,Libyana,123970106246785,450
sqlite:3269,radio-d85884badca4fd02,False,Libyan_cells_dataset/cells.sqlite3,retained,Libyana,54233558852272,451
sqlite:3170,radio-d85884badca4fd02,False,Libyan_cells_dataset/cells.sqlite3,retained,Libyana,54233558852272,451
sqlite:3318,radio-d85884badca4fd02,False,Libyan_cells_dataset/cells.sqlite3,retained,Libyana,54233558852272,451
sqlite:3580,radio-d85884badca4fd02,False,Libyan_cells_dataset/cells.sqlite3,retained,Libyana,54233558852272,451
sqlite:3472,radio-d85884badca4fd02,False,Libyan_cells_dataset/cells.sqlite3,retained,Libyana,54233558852272,451
sqlite:3120,radio-d85884badca4fd02,False,Libyan_cells_dataset/cells.sqlite3,retained,Libyana,54233558852272,451
sqlite:3408,radio-d85884badca4fd02,False,Libyan_cells_dataset/cells.sqlite3,retained,Libyana,54233558852272,451
sqlite:3220,radio-d85884badca4fd02,False,Libyan_cells_dataset/cells.sqlite3,retained,Libyana,54233558852272,451
sqlite:3529,radio-d85884badca4fd02,False,Libyan_cells_dataset/cells.sqlite3,retained,Libyana,54233558852272,451
sqlite:3389,radio-f5a152db03853d5d,False,Libyan_cells_dataset/cells.sqlite3,retained,Libyana,256294346087166,165
sqlite:3453,radio-7f9540bcb36cd98d,False,Libyan_cells_dataset/cells.sqlite3,retained,Libyana,105452324456027,452
sqlite:3454,radio-dfc91a9418ee85ef,False,Libyan_cells_dataset/cells.sqlite3,retained,Libyana,92463641368118,453
sqlite:3456,radio-425b3da2772f2521,False,Libyan_cells_dataset/cells.sqlite3,retained,Libyana,80639164335585,454
sqlite:3455,radio-2663d7ba75cc55e7,False,Libyan_cells_dataset/cells.sqlite3,retained,Libyana,106995545407604,455
sqlite:3031,radio-42f9e3f02cd4671c,False,Libyan_cells_dataset/cells.sqlite3,retained,Libyana,163977546594389,341
sqlite:3620,radio-f969e5d2f0282167,False,Libyan_cells_dataset/cells.sqlite3,retained,Libyana,195389850785318,456
sqlite:3621,radio-68329739c5ee1c92,False,Libyan_cells_dataset/cells.sqlite3,retained,Libyana,195389850785318,456
sqlite:3609,radio-fda88ef03f2a40ab,False,Libyan_cells_dataset/cells.sqlite3,retained,Libyana,237096935316632,457
sqlite:3610,radio-03fa3ad5ff5a2c50,False,Libyan_cells_dataset/cells.sqlite3,retained,Libyana,148518689334561,458
sqlite:3611,radio-42a34816985774e9,False,Libyan_cells_dataset/cells.sqlite3,retained,Libyana,148518689334561,458
sqlite:3607,radio-c5291d1dfbdf0747,False,Libyan_cells_dataset/cells.sqlite3,retained,Libyana,236345276119801,459
sqlite:3608,radio-ca01859a4617f9c4,False,Libyan_cells_dataset/cells.sqlite3,retained,Libyana,115896273054582,460
sqlite:3616,radio-54b3963e5868a8cb,False,Libyan_cells_dataset/cells.sqlite3,retained,Libyana,156711505399422,461
sqlite:3617,radio-6c19370aaeea81e4,False,Libyan_cells_dataset/cells.sqlite3,retained,Libyana,31597703387083,459
sqlite:3613,radio-463b4b0a207e397b,False,Libyan_cells_dataset/cells.sqlite3,retained,Libyana,31597703387083,459
sqlite:3614,radio-0ed5ce6723dec5fa,False,Libyan_cells_dataset/cells.sqlite3,retained,Libyana,246271382520584,462
sqlite:3615,radio-55603f28bd6d70c0,False,Libyan_cells_dataset/cells.sqlite3,retained,Libyana,261558069380060,463
sqlite:3612,radio-e75b9a4c5fd07c8c,False,Libyan_cells_dataset/cells.sqlite3,retained,Libyana,66840131798427,464
sqlite:3618,radio-161769aed906d7ea,False,Libyan_cells_dataset/cells.sqlite3,retained,Libyana,2383042624092,465
sqlite:3619,radio-83aab4a1b7dc5b4c,False,Libyan_cells_dataset/cells.sqlite3,retained,Libyana,252674555747750,466
sqlite:522,radio-3c16cf65d79842fc,False,Libyan_cells_dataset/cells.sqlite3,retained,Libyana,79048129805752,467
sqlite:1053,radio-fcc3f7197e181e29,False,Libyan_cells_dataset/cells.sqlite3,retained,Libyana,269173910536883,530
sqlite:1069,radio-5f2dc343acd35cdf,False,Libyan_cells_dataset/cells.sqlite3,retained,Libyana,73978022822610,531
sqlite:1040,radio-e943ef787dfa2ff1,False,Libyan_cells_dataset/cells.sqlite3,retained,Libyana,272596956253873,532
sqlite:1057,radio-d5d7da05f272642c,False,Libyan_cells_dataset/cells.sqlite3,retained,Libyana,28553664959218,533
sqlite:1055,radio-9a891efb5b288dec,False,Libyan_cells_dataset/cells.sqlite3,retained,Libyana,201652486853170,534
sqlite:1059,radio-0c9d2244ce2fff66,False,Libyan_cells_dataset/cells.sqlite3,retained,Libyana,17335872896442,535
sqlite:1072,radio-43b1b97f0598f124,False,Libyan_cells_dataset/cells.sqlite3,retained,Libyana,156837114116155,536
sqlite:1068,radio-2bb4eafbcabdbf12,False,Libyan_cells_dataset/cells.sqlite3,retained,Libyana,145801974225790,537
sqlite:1074,radio-19a005c2b76cd6d9,False,Libyan_cells_dataset/cells.sqlite3,retained,Libyana,257263803487683,538
sqlite:1041,radio-c73290ec107675db,False,Libyan_cells_dataset/cells.sqlite3,retained,Libyana,120566126165080,539
sqlite:1067,radio-55e4c62889a90bb4,False,Libyan_cells_dataset/cells.sqlite3,retained,Libyana,81125997897826,540
sqlite:1051,radio-5d2784ea637c71b4,False,Libyan_cells_dataset/cells.sqlite3,retained,Libyana,261015206999271,541
sqlite:1079,radio-683d0ae7980aa34d,False,Libyan_cells_dataset/cells.sqlite3,retained,Libyana,140776267350682,542
sqlite:1042,radio-2fe0cd54c2de5dfe,False,Libyan_cells_dataset/cells.sqlite3,retained,Libyana,25674913545812,543
sqlite:709,radio-c50edac6c010037b,False,Libyan_cells_dataset/cells.sqlite3,retained,Libyana,57459860024786,544
sqlite:1066,radio-6cdc6bfd97f1989c,False,Libyan_cells_dataset/cells.sqlite3,retained,Libyana,219765942113259,545
sqlite:1043,radio-7c1bbf495b2b852c,False,Libyan_cells_dataset/cells.sqlite3,retained,Libyana,47494851414241,546
sqlite:1062,radio-377352885ad3e719,False,Libyan_cells_dataset/cells.sqlite3,retained,Libyana,19428330555745,547
sqlite:1056,radio-8e4bb8db78f29714,False,Libyan_cells_dataset/cells.sqlite3,retained,Libyana,22081029482185,548
sqlite:1106,radio-de113e126539faf3,False,Libyan_cells_dataset/cells.sqlite3,retained,Libyana,187251045301532,549
sqlite:1108,radio-77c7f90ec67cb8b6,False,Libyan_cells_dataset/cells.sqlite3,retained,Libyana,219714761016276,550
sqlite:1107,radio-339e48662bd18ab5,False,Libyan_cells_dataset/cells.sqlite3,retained,Libyana,57502915713585,551
sqlite:1073,radio-3b771847d0c7d4b3,False,Libyan_cells_dataset/cells.sqlite3,retained,Libyana,134477241510616,552
sqlite:1070,radio-146cad104a2865a3,False,Libyan_cells_dataset/cells.sqlite3,retained,Libyana,236234753488239,553
sqlite:1105,radio-cf8181fa5dd8e5b4,False,Libyan_cells_dataset/cells.sqlite3,retained,Libyana,122213027746525,554
sqlite:1071,radio-db482e16f59ff39e,False,Libyan_cells_dataset/cells.sqlite3,retained,Libyana,30137993139798,555
sqlite:1044,radio-b180561639917af0,False,Libyan_cells_dataset/cells.sqlite3,retained,Libyana,72088879186901,556
sqlite:1063,radio-348208996f532404,False,Libyan_cells_dataset/cells.sqlite3,retained,Libyana,64715418105993,557
sqlite:1052,radio-7694a9e4f3fd9c1a,False,Libyan_cells_dataset/cells.sqlite3,retained,Libyana,164987047313982,558
sqlite:1215,radio-f4e24dd2929e1710,False,Libyan_cells_dataset/cells.sqlite3,retained,Libyana,159387772140286,559
sqlite:1117,radio-bb82b23481d3a13d,False,Libyan_cells_dataset/cells.sqlite3,retained,Libyana,240746090422225,560
sqlite:1136,radio-4cccd8061401a004,False,Libyan_cells_dataset/cells.sqlite3,retained,Libyana,81697342345244,561
sqlite:741,radio-a6a2ec20120ab8c9,False,Libyan_cells_dataset/cells.sqlite3,retained,Libyana,112327165944139,148
collected:84,radio-7c6f53fde41de62b,False,data/new_data/libya_collected_antennas/cellmapper/cellmapper_libya_antennas.csv,retained,Libyana,243901712410394,
sqlite:1124,radio-9092f24e0d6c9eee,False,Libyan_cells_dataset/cells.sqlite3,retained,Libyana,75905709075588,562
sqlite:1118,radio-52792994a6105a8b,False,Libyan_cells_dataset/cells.sqlite3,retained,Libyana,98936870186609,563
sqlite:1112,radio-28a508320052acca,False,Libyan_cells_dataset/cells.sqlite3,retained,Libyana,88522530569327,564
sqlite:1128,radio-ecee2a3580fb34da,False,Libyan_cells_dataset/cells.sqlite3,retained,Libyana,188429269065015,565
sqlite:1111,radio-0263e9fe3e3c65a0,False,Libyan_cells_dataset/cells.sqlite3,retained,Libyana,145292934490818,566
sqlite:1125,radio-a9b3304b75e4747e,False,Libyan_cells_dataset/cells.sqlite3,retained,Libyana,221637892030746,567
sqlite:1127,radio-79bebd3eea431245,False,Libyan_cells_dataset/cells.sqlite3,retained,Libyana,30186626979453,568
sqlite:1102,radio-6c090c06d2b4e531,False,Libyan_cells_dataset/cells.sqlite3,retained,Libyana,33383136615739,569
sqlite:1114,radio-bdafacaa6945f427,False,Libyan_cells_dataset/cells.sqlite3,retained,Libyana,213756015944812,570
sqlite:1121,radio-b71a013facab1d76,False,Libyan_cells_dataset/cells.sqlite3,retained,Libyana,174306604794416,571
sqlite:1115,radio-834e89a98d4e5cac,False,Libyan_cells_dataset/cells.sqlite3,retained,Libyana,64053719388722,137
sqlite:1122,radio-5b7c76a54a159289,False,Libyan_cells_dataset/cells.sqlite3,retained,Libyana,166128766269551,572
sqlite:1116,radio-6963690935be4e63,False,Libyan_cells_dataset/cells.sqlite3,retained,Libyana,22583538577414,573
sqlite:706,radio-313b7c1cc45baa41,False,Libyan_cells_dataset/cells.sqlite3,retained,Libyana,221173631993688,574
sqlite:1120,radio-42b1618e1a56ba8c,False,Libyan_cells_dataset/cells.sqlite3,retained,Libyana,263920717467118,575
sqlite:1119,radio-ddd5a57be3bbcea6,False,Libyan_cells_dataset/cells.sqlite3,retained,Libyana,91868630530180,576
sqlite:1123,radio-66e8fca7f69b743d,False,Libyan_cells_dataset/cells.sqlite3,retained,Libyana,231761429422367,577
sqlite:1126,radio-4412e14eead7d3f9,False,Libyan_cells_dataset/cells.sqlite3,retained,Libyana,88383518882320,578
sqlite:1113,radio-c58f6e2a3d90fc37,False,Libyan_cells_dataset/cells.sqlite3,retained,Libyana,258547303959246,579
sqlite:1103,radio-34bbb27794308049,False,Libyan_cells_dataset/cells.sqlite3,retained,Libyana,164136174410458,580
sqlite:1109,radio-bba8e88c5d40f8cc,False,Libyan_cells_dataset/cells.sqlite3,retained,Libyana,264724738752897,581
sqlite:1104,radio-9a3017157cbdd480,False,Libyan_cells_dataset/cells.sqlite3,retained,Libyana,194466845452236,582
sqlite:1110,radio-4d2823e113dfb544,False,Libyan_cells_dataset/cells.sqlite3,retained,Libyana,85538842691824,583
sqlite:1218,radio-88934c98fc7613e0,False,Libyan_cells_dataset/cells.sqlite3,retained,Libyana,181738236938875,584
sqlite:1219,radio-dbc4fac67a2e6be6,False,Libyan_cells_dataset/cells.sqlite3,retained,Libyana,258900853548529,585
sqlite:1138,radio-9025d81891e21ab7,False,Libyan_cells_dataset/cells.sqlite3,retained,Libyana,2627574658093,586
sqlite:1134,radio-5f8c921ecf0560e7,False,Libyan_cells_dataset/cells.sqlite3,retained,Libyana,201857701604497,587
sqlite:1139,radio-929540888476e432,False,Libyan_cells_dataset/cells.sqlite3,retained,Libyana,265830142057128,588
sqlite:1133,radio-945da77239a85ced,False,Libyan_cells_dataset/cells.sqlite3,retained,Libyana,166549119654886,589
sqlite:1135,radio-d1e0a61e381cea57,False,Libyan_cells_dataset/cells.sqlite3,retained,Libyana,188252703694162,590
sqlite:1131,radio-fe8a857f24927933,False,Libyan_cells_dataset/cells.sqlite3,retained,Libyana,153002015952184,591
sqlite:1130,radio-4b4d438d585140e3,False,Libyan_cells_dataset/cells.sqlite3,retained,Libyana,17511423239408,592
sqlite:1140,radio-43e41177d000f9e7,False,Libyan_cells_dataset/cells.sqlite3,retained,Libyana,156907655140403,593
sqlite:749,radio-a927e82abfc318b9,False,Libyan_cells_dataset/cells.sqlite3,retained,Libyana,95350423254786,594
sqlite:1143,radio-0df361ef0b0f64ed,False,Libyan_cells_dataset/cells.sqlite3,retained,Libyana,167185757016002,595
sqlite:1144,radio-d55fde4117446c02,False,Libyan_cells_dataset/cells.sqlite3,retained,Libyana,173309821098467,596
sqlite:1145,radio-67507c515f7fb987,False,Libyan_cells_dataset/cells.sqlite3,retained,Libyana,249844446633151,597
sqlite:1137,radio-d89ce2fcb8023a27,False,Libyan_cells_dataset/cells.sqlite3,retained,Libyana,85551445173221,598
sqlite:1129,radio-7e1ea014c08beab3,False,Libyan_cells_dataset/cells.sqlite3,retained,Libyana,112465456225971,599
sqlite:750,radio-0e7f40c8d6503668,False,Libyan_cells_dataset/cells.sqlite3,retained,Libyana,106498303058779,153
sqlite:752,radio-da511d398f84b82b,False,Libyan_cells_dataset/cells.sqlite3,retained,Libyana,100964639923148,600
collected:379,radio-edb5b8b93939b8a2,False,data/new_data/libya_collected_antennas/cellmapper/cellmapper_libya_antennas.csv,retained,Libyana,37785449962013,
collected:380,radio-edb5b8b93939b8a2,False,data/new_data/libya_collected_antennas/cellmapper/cellmapper_libya_antennas.csv,retained,Libyana,37785449962013,
collected:381,radio-edb5b8b93939b8a2,False,data/new_data/libya_collected_antennas/cellmapper/cellmapper_libya_antennas.csv,retained,Libyana,37785449962013,
sqlite:1146,radio-7a2502f9d4efd02b,False,Libyan_cells_dataset/cells.sqlite3,retained,Libyana,197420474588322,601
sqlite:1141,radio-9e477934d2178228,False,Libyan_cells_dataset/cells.sqlite3,retained,Libyana,43201925213184,602
sqlite:1132,radio-4861c074ff07196a,False,Libyan_cells_dataset/cells.sqlite3,retained,Libyana,124584034586825,603
sqlite:283,radio-2ff4d256d08b52f1,False,Libyan_cells_dataset/cells.sqlite3,retained,Libyana,104362730190737,606
sqlite:284,radio-670d470d30bb8592,False,Libyan_cells_dataset/cells.sqlite3,retained,Libyana,7552848897382,607
sqlite:735,radio-6eeb1c78623c0e0b,False,Libyan_cells_dataset/cells.sqlite3,retained,Libyana,205962204388130,754
sqlite:748,radio-76c938842c4f57c4,False,Libyan_cells_dataset/cells.sqlite3,retained,Libyana,5109156273933,755
collected:413,radio-76c938842c4f57c4,False,data/new_data/libya_collected_antennas/cellmapper/cellmapper_libya_antennas.csv,retained,Libyana,5109156273933,
collected:414,radio-76c938842c4f57c4,False,data/new_data/libya_collected_antennas/cellmapper/cellmapper_libya_antennas.csv,retained,Libyana,5109156273933,
collected:415,radio-76c938842c4f57c4,False,data/new_data/libya_collected_antennas/cellmapper/cellmapper_libya_antennas.csv,retained,Libyana,5109156273933,
sqlite:820,radio-5b9bd82e1289625e,False,Libyan_cells_dataset/cells.sqlite3,retained,Libyana,35006273232501,756
sqlite:716,radio-f9d4fa3400e16f7d,False,Libyan_cells_dataset/cells.sqlite3,retained,Libyana,277992607335575,757
sqlite:822,radio-e36d3ce603764fd4,False,Libyan_cells_dataset/cells.sqlite3,retained,Libyana,156120480476203,758
sqlite:758,radio-96f0eaed30ac6e61,False,Libyan_cells_dataset/cells.sqlite3,retained,Libyana,115618093138928,759
sqlite:763,radio-442bbebed75e5c8f,False,Libyan_cells_dataset/cells.sqlite3,retained,Libyana,24313805113421,760
sqlite:807,radio-a2e0eb401036af97,False,Libyan_cells_dataset/cells.sqlite3,retained,Libyana,150817855856559,761
sqlite:810,radio-b464792799e689c2,False,Libyan_cells_dataset/cells.sqlite3,retained,Libyana,30326307681087,762
sqlite:723,radio-34417ae2cca27b3e,False,Libyan_cells_dataset/cells.sqlite3,retained,Libyana,223226792338846,763
sqlite:803,radio-b76ac10f5e843ae4,False,Libyan_cells_dataset/cells.sqlite3,retained,Libyana,6304185191709,764
sqlite:805,radio-540f302384e9cdfd,False,Libyan_cells_dataset/cells.sqlite3,retained,Libyana,97174187946533,765
sqlite:730,radio-33adddde4e28050f,False,Libyan_cells_dataset/cells.sqlite3,retained,Libyana,126442732460565,766
sqlite:816,radio-63b01aa2e1a517c7,False,Libyan_cells_dataset/cells.sqlite3,retained,Libyana,162128842273217,767
sqlite:761,radio-509df12ba4671dbd,False,Libyan_cells_dataset/cells.sqlite3,retained,Libyana,162312241595727,768
sqlite:768,radio-33301bcac898046f,False,Libyan_cells_dataset/cells.sqlite3,retained,Libyana,150700400246055,769
sqlite:770,radio-aaf9f18a3c30993a,False,Libyan_cells_dataset/cells.sqlite3,retained,Libyana,103525975969167,770
sqlite:808,radio-80c37002ec14cad2,False,Libyan_cells_dataset/cells.sqlite3,retained,Libyana,126282593718435,771
sqlite:809,radio-598acc26619e92e4,False,Libyan_cells_dataset/cells.sqlite3,retained,Libyana,219482426169887,772
sqlite:821,radio-3e1569ba82f7a054,False,Libyan_cells_dataset/cells.sqlite3,retained,Libyana,163432060341516,773
sqlite:823,radio-06682eeb3b804ce0,False,Libyan_cells_dataset/cells.sqlite3,retained,Libyana,139294485248825,774
sqlite:814,radio-05cf68bc793f70e5,False,Libyan_cells_dataset/cells.sqlite3,retained,Libyana,83618344204911,775
sqlite:771,radio-902a2d272390a45d,False,Libyan_cells_dataset/cells.sqlite3,retained,Libyana,201530719269148,776
collected:1520,radio-3ae7cfadfd6857af,False,data/new_data/libya_collected_antennas/cellmapper/cellmapper_libya_antennas.csv,retained,Libyana,28522381321415,
collected:1521,radio-3ae7cfadfd6857af,False,data/new_data/libya_collected_antennas/cellmapper/cellmapper_libya_antennas.csv,retained,Libyana,28522381321415,
collected:1522,radio-3ae7cfadfd6857af,False,data/new_data/libya_collected_antennas/cellmapper/cellmapper_libya_antennas.csv,retained,Libyana,28522381321415,
collected:1523,radio-3ae7cfadfd6857af,False,data/new_data/libya_collected_antennas/cellmapper/cellmapper_libya_antennas.csv,retained,Libyana,28522381321415,
collected:1524,radio-3ae7cfadfd6857af,False,data/new_data/libya_collected_antennas/cellmapper/cellmapper_libya_antennas.csv,retained,Libyana,28522381321415,
collected:1525,radio-921dc49fb979bcf9,False,data/new_data/libya_collected_antennas/cellmapper/cellmapper_libya_antennas.csv,retained,Libyana,235744899513624,
collected:1526,radio-921dc49fb979bcf9,False,data/new_data/libya_collected_antennas/cellmapper/cellmapper_libya_antennas.csv,retained,Libyana,235744899513624,
collected:1527,radio-921dc49fb979bcf9,False,data/new_data/libya_collected_antennas/cellmapper/cellmapper_libya_antennas.csv,retained,Libyana,235744899513624,
collected:1528,radio-921dc49fb979bcf9,False,data/new_data/libya_collected_antennas/cellmapper/cellmapper_libya_antennas.csv,retained,Libyana,235744899513624,
collected:1540,radio-8de99394b848d6ba,False,data/new_data/libya_collected_antennas/cellmapper/cellmapper_libya_antennas.csv,retained,Libyana,77356587009175,
collected:1541,radio-8de99394b848d6ba,False,data/new_data/libya_collected_antennas/cellmapper/cellmapper_libya_antennas.csv,retained,Libyana,77356587009175,
collected:1542,radio-8de99394b848d6ba,False,data/new_data/libya_collected_antennas/cellmapper/cellmapper_libya_antennas.csv,retained,Libyana,77356587009175,
collected:1543,radio-8de99394b848d6ba,False,data/new_data/libya_collected_antennas/cellmapper/cellmapper_libya_antennas.csv,retained,Libyana,77356587009175,
collected:1544,radio-8de99394b848d6ba,False,data/new_data/libya_collected_antennas/cellmapper/cellmapper_libya_antennas.csv,retained,Libyana,77356587009175,
collected:1545,radio-8de99394b848d6ba,False,data/new_data/libya_collected_antennas/cellmapper/cellmapper_libya_antennas.csv,retained,Libyana,77356587009175,
collected:1546,radio-8de99394b848d6ba,False,data/new_data/libya_collected_antennas/cellmapper/cellmapper_libya_antennas.csv,retained,Libyana,77356587009175,
collected:1566,radio-bab8e421433c240c,False,data/new_data/libya_collected_antennas/cellmapper/cellmapper_libya_antennas.csv,retained,Libyana,230680876120507,
collected:1567,radio-bab8e421433c240c,False,data/new_data/libya_collected_antennas/cellmapper/cellmapper_libya_antennas.csv,retained,Libyana,230680876120507,
collected:1568,radio-bab8e421433c240c,False,data/new_data/libya_collected_antennas/cellmapper/cellmapper_libya_antennas.csv,retained,Libyana,230680876120507,
collected:1569,radio-bab8e421433c240c,False,data/new_data/libya_collected_antennas/cellmapper/cellmapper_libya_antennas.csv,retained,Libyana,230680876120507,
collected:1570,radio-bab8e421433c240c,False,data/new_data/libya_collected_antennas/cellmapper/cellmapper_libya_antennas.csv,retained,Libyana,230680876120507,
collected:1571,radio-bab8e421433c240c,False,data/new_data/libya_collected_antennas/cellmapper/cellmapper_libya_antennas.csv,retained,Libyana,230680876120507,
collected:1572,radio-bab8e421433c240c,False,data/new_data/libya_collected_antennas/cellmapper/cellmapper_libya_antennas.csv,retained,Libyana,230680876120507,
collected:1684,radio-a1f77b94895b3e9c,False,data/new_data/libya_collected_antennas/cellmapper/cellmapper_libya_antennas.csv,retained,Libyana,27894711224779,
collected:1685,radio-a1f77b94895b3e9c,False,data/new_data/libya_collected_antennas/cellmapper/cellmapper_libya_antennas.csv,retained,Libyana,27894711224779,
collected:1686,radio-a1f77b94895b3e9c,False,data/new_data/libya_collected_antennas/cellmapper/cellmapper_libya_antennas.csv,retained,Libyana,27894711224779,
collected:1687,radio-a1f77b94895b3e9c,False,data/new_data/libya_collected_antennas/cellmapper/cellmapper_libya_antennas.csv,retained,Libyana,27894711224779,
collected:1688,radio-a1f77b94895b3e9c,False,data/new_data/libya_collected_antennas/cellmapper/cellmapper_libya_antennas.csv,retained,Libyana,27894711224779,
collected:1689,radio-a1f77b94895b3e9c,False,data/new_data/libya_collected_antennas/cellmapper/cellmapper_libya_antennas.csv,retained,Libyana,27894711224779,
collected:1690,radio-a1f77b94895b3e9c,False,data/new_data/libya_collected_antennas/cellmapper/cellmapper_libya_antennas.csv,retained,Libyana,27894711224779,
collected:1691,radio-a1f77b94895b3e9c,False,data/new_data/libya_collected_antennas/cellmapper/cellmapper_libya_antennas.csv,retained,Libyana,27894711224779,
collected:1692,radio-a1f77b94895b3e9c,False,data/new_data/libya_collected_antennas/cellmapper/cellmapper_libya_antennas.csv,retained,Libyana,27894711224779,
collected:1693,radio-a1f77b94895b3e9c,False,data/new_data/libya_collected_antennas/cellmapper/cellmapper_libya_antennas.csv,retained,Libyana,27894711224779,
collected:1694,radio-a1f77b94895b3e9c,False,data/new_data/libya_collected_antennas/cellmapper/cellmapper_libya_antennas.csv,retained,Libyana,27894711224779,
collected:1695,radio-a1f77b94895b3e9c,False,data/new_data/libya_collected_antennas/cellmapper/cellmapper_libya_antennas.csv,retained,Libyana,27894711224779,
collected:1696,radio-a1f77b94895b3e9c,False,data/new_data/libya_collected_antennas/cellmapper/cellmapper_libya_antennas.csv,retained,Libyana,27894711224779,
collected:1697,radio-a1f77b94895b3e9c,False,data/new_data/libya_collected_antennas/cellmapper/cellmapper_libya_antennas.csv,retained,Libyana,27894711224779,
collected:1698,radio-a1f77b94895b3e9c,False,data/new_data/libya_collected_antennas/cellmapper/cellmapper_libya_antennas.csv,retained,Libyana,27894711224779,
collected:1699,radio-a1f77b94895b3e9c,False,data/new_data/libya_collected_antennas/cellmapper/cellmapper_libya_antennas.csv,retained,Libyana,27894711224779,
collected:1700,radio-a1f77b94895b3e9c,False,data/new_data/libya_collected_antennas/cellmapper/cellmapper_libya_antennas.csv,retained,Libyana,27894711224779,
collected:1701,radio-a1f77b94895b3e9c,False,data/new_data/libya_collected_antennas/cellmapper/cellmapper_libya_antennas.csv,retained,Libyana,27894711224779,
collected:1702,radio-a1f77b94895b3e9c,False,data/new_data/libya_collected_antennas/cellmapper/cellmapper_libya_antennas.csv,retained,Libyana,27894711224779,
collected:1703,radio-a1f77b94895b3e9c,False,data/new_data/libya_collected_antennas/cellmapper/cellmapper_libya_antennas.csv,retained,Libyana,27894711224779,
collected:1842,radio-3d1367e68d8989ef,False,data/new_data/libya_collected_antennas/cellmapper/cellmapper_libya_antennas.csv,retained,Libyana,116227875214928,
collected:1843,radio-3d1367e68d8989ef,False,data/new_data/libya_collected_antennas/cellmapper/cellmapper_libya_antennas.csv,retained,Libyana,116227875214928,
collected:1896,radio-75efd104440ccd26,False,data/new_data/libya_collected_antennas/cellmapper/cellmapper_libya_antennas.csv,retained,Libyana,4624851836677,
collected:1897,radio-75efd104440ccd26,False,data/new_data/libya_collected_antennas/cellmapper/cellmapper_libya_antennas.csv,retained,Libyana,4624851836677,
collected:1898,radio-75efd104440ccd26,False,data/new_data/libya_collected_antennas/cellmapper/cellmapper_libya_antennas.csv,retained,Libyana,4624851836677,
collected:1899,radio-75efd104440ccd26,False,data/new_data/libya_collected_antennas/cellmapper/cellmapper_libya_antennas.csv,retained,Libyana,4624851836677,
collected:1900,radio-75efd104440ccd26,False,data/new_data/libya_collected_antennas/cellmapper/cellmapper_libya_antennas.csv,retained,Libyana,4624851836677,
collected:1901,radio-75efd104440ccd26,False,data/new_data/libya_collected_antennas/cellmapper/cellmapper_libya_antennas.csv,retained,Libyana,4624851836677,
collected:1902,radio-75efd104440ccd26,False,data/new_data/libya_collected_antennas/cellmapper/cellmapper_libya_antennas.csv,retained,Libyana,4624851836677,
collected:1903,radio-75efd104440ccd26,False,data/new_data/libya_collected_antennas/cellmapper/cellmapper_libya_antennas.csv,retained,Libyana,4624851836677,
collected:1904,radio-75efd104440ccd26,False,data/new_data/libya_collected_antennas/cellmapper/cellmapper_libya_antennas.csv,retained,Libyana,4624851836677,
collected:1905,radio-75efd104440ccd26,False,data/new_data/libya_collected_antennas/cellmapper/cellmapper_libya_antennas.csv,retained,Libyana,4624851836677,
collected:1906,radio-75efd104440ccd26,False,data/new_data/libya_collected_antennas/cellmapper/cellmapper_libya_antennas.csv,retained,Libyana,4624851836677,
collected:1915,radio-0f3fe3bc01c13acc,False,data/new_data/libya_collected_antennas/cellmapper/cellmapper_libya_antennas.csv,retained,Libyana,157844886345919,
collected:1916,radio-0f3fe3bc01c13acc,False,data/new_data/libya_collected_antennas/cellmapper/cellmapper_libya_antennas.csv,retained,Libyana,157844886345919,
collected:1917,radio-0f3fe3bc01c13acc,False,data/new_data/libya_collected_antennas/cellmapper/cellmapper_libya_antennas.csv,retained,Libyana,157844886345919,
collected:1918,radio-0f3fe3bc01c13acc,False,data/new_data/libya_collected_antennas/cellmapper/cellmapper_libya_antennas.csv,retained,Libyana,157844886345919,
sqlite:765,radio-18012a9c8307f123,False,Libyan_cells_dataset/cells.sqlite3,retained,Libyana,83078625357930,777
collected:1956,radio-18012a9c8307f123,False,data/new_data/libya_collected_antennas/cellmapper/cellmapper_libya_antennas.csv,retained,Libyana,83078625357930,
collected:1957,radio-18012a9c8307f123,False,data/new_data/libya_collected_antennas/cellmapper/cellmapper_libya_antennas.csv,retained,Libyana,83078625357930,
collected:1958,radio-18012a9c8307f123,False,data/new_data/libya_collected_antennas/cellmapper/cellmapper_libya_antennas.csv,retained,Libyana,83078625357930,
collected:1959,radio-18012a9c8307f123,False,data/new_data/libya_collected_antennas/cellmapper/cellmapper_libya_antennas.csv,retained,Libyana,83078625357930,
collected:1960,radio-18012a9c8307f123,False,data/new_data/libya_collected_antennas/cellmapper/cellmapper_libya_antennas.csv,retained,Libyana,83078625357930,
collected:2090,radio-61e963632224bf13,False,data/new_data/libya_collected_antennas/cellmapper/cellmapper_libya_antennas.csv,retained,Libyana,4616283806230,
collected:2091,radio-61e963632224bf13,False,data/new_data/libya_collected_antennas/cellmapper/cellmapper_libya_antennas.csv,retained,Libyana,4616283806230,
collected:2092,radio-61e963632224bf13,False,data/new_data/libya_collected_antennas/cellmapper/cellmapper_libya_antennas.csv,retained,Libyana,4616283806230,
collected:2093,radio-61e963632224bf13,False,data/new_data/libya_collected_antennas/cellmapper/cellmapper_libya_antennas.csv,retained,Libyana,4616283806230,
collected:2094,radio-61e963632224bf13,False,data/new_data/libya_collected_antennas/cellmapper/cellmapper_libya_antennas.csv,retained,Libyana,4616283806230,
collected:2095,radio-61e963632224bf13,False,data/new_data/libya_collected_antennas/cellmapper/cellmapper_libya_antennas.csv,retained,Libyana,4616283806230,
collected:2096,radio-61e963632224bf13,False,data/new_data/libya_collected_antennas/cellmapper/cellmapper_libya_antennas.csv,retained,Libyana,4616283806230,
collected:2097,radio-61e963632224bf13,False,data/new_data/libya_collected_antennas/cellmapper/cellmapper_libya_antennas.csv,retained,Libyana,4616283806230,
sqlite:759,radio-e437ab8234c2f896,False,Libyan_cells_dataset/cells.sqlite3,retained,Libyana,227115854690909,778
collected:2098,radio-e437ab8234c2f896,False,data/new_data/libya_collected_antennas/cellmapper/cellmapper_libya_antennas.csv,retained,Libyana,227115854690909,
collected:2099,radio-e437ab8234c2f896,False,data/new_data/libya_collected_antennas/cellmapper/cellmapper_libya_antennas.csv,retained,Libyana,227115854690909,
collected:2100,radio-e437ab8234c2f896,False,data/new_data/libya_collected_antennas/cellmapper/cellmapper_libya_antennas.csv,retained,Libyana,227115854690909,
collected:2101,radio-e437ab8234c2f896,False,data/new_data/libya_collected_antennas/cellmapper/cellmapper_libya_antennas.csv,retained,Libyana,227115854690909,
collected:2102,radio-e437ab8234c2f896,False,data/new_data/libya_collected_antennas/cellmapper/cellmapper_libya_antennas.csv,retained,Libyana,227115854690909,
collected:2103,radio-e437ab8234c2f896,False,data/new_data/libya_collected_antennas/cellmapper/cellmapper_libya_antennas.csv,retained,Libyana,227115854690909,
collected:2104,radio-e437ab8234c2f896,False,data/new_data/libya_collected_antennas/cellmapper/cellmapper_libya_antennas.csv,retained,Libyana,227115854690909,
collected:2105,radio-e437ab8234c2f896,False,data/new_data/libya_collected_antennas/cellmapper/cellmapper_libya_antennas.csv,retained,Libyana,227115854690909,
collected:2106,radio-e437ab8234c2f896,False,data/new_data/libya_collected_antennas/cellmapper/cellmapper_libya_antennas.csv,retained,Libyana,227115854690909,
collected:2107,radio-e437ab8234c2f896,False,data/new_data/libya_collected_antennas/cellmapper/cellmapper_libya_antennas.csv,retained,Libyana,227115854690909,
collected:2108,radio-e437ab8234c2f896,False,data/new_data/libya_collected_antennas/cellmapper/cellmapper_libya_antennas.csv,retained,Libyana,227115854690909,
collected:2120,radio-86d93051b18962e2,False,data/new_data/libya_collected_antennas/cellmapper/cellmapper_libya_antennas.csv,retained,Libyana,67678599310428,
collected:2121,radio-86d93051b18962e2,False,data/new_data/libya_collected_antennas/cellmapper/cellmapper_libya_antennas.csv,retained,Libyana,67678599310428,
sqlite:829,radio-86d93051b18962e2,False,Libyan_cells_dataset/cells.sqlite3,retained,Libyana,67678599310428,779
collected:2269,radio-5e2a29a2f4d43503,False,data/new_data/libya_collected_antennas/cellmapper/cellmapper_libya_antennas.csv,retained,Libyana,275225766365911,
collected:2270,radio-5e2a29a2f4d43503,False,data/new_data/libya_collected_antennas/cellmapper/cellmapper_libya_antennas.csv,retained,Libyana,275225766365911,
collected:2271,radio-5e2a29a2f4d43503,False,data/new_data/libya_collected_antennas/cellmapper/cellmapper_libya_antennas.csv,retained,Libyana,275225766365911,
collected:2272,radio-5e2a29a2f4d43503,False,data/new_data/libya_collected_antennas/cellmapper/cellmapper_libya_antennas.csv,retained,Libyana,275225766365911,
collected:2273,radio-5e2a29a2f4d43503,False,data/new_data/libya_collected_antennas/cellmapper/cellmapper_libya_antennas.csv,retained,Libyana,275225766365911,
collected:2274,radio-5e2a29a2f4d43503,False,data/new_data/libya_collected_antennas/cellmapper/cellmapper_libya_antennas.csv,retained,Libyana,275225766365911,
collected:2275,radio-5e2a29a2f4d43503,False,data/new_data/libya_collected_antennas/cellmapper/cellmapper_libya_antennas.csv,retained,Libyana,275225766365911,
collected:2276,radio-5e2a29a2f4d43503,False,data/new_data/libya_collected_antennas/cellmapper/cellmapper_libya_antennas.csv,retained,Libyana,275225766365911,
sqlite:756,radio-5cf31e96ad2716a0,False,Libyan_cells_dataset/cells.sqlite3,retained,Libyana,62133208818819,780
collected:2321,radio-182014dae72d11a3,False,data/new_data/libya_collected_antennas/cellmapper/cellmapper_libya_antennas.csv,retained,Libyana,269648585637746,
collected:2322,radio-182014dae72d11a3,False,data/new_data/libya_collected_antennas/cellmapper/cellmapper_libya_antennas.csv,retained,Libyana,269648585637746,
collected:2323,radio-182014dae72d11a3,False,data/new_data/libya_collected_antennas/cellmapper/cellmapper_libya_antennas.csv,retained,Libyana,269648585637746,
collected:2324,radio-182014dae72d11a3,False,data/new_data/libya_collected_antennas/cellmapper/cellmapper_libya_antennas.csv,retained,Libyana,269648585637746,
collected:2325,radio-182014dae72d11a3,False,data/new_data/libya_collected_antennas/cellmapper/cellmapper_libya_antennas.csv,retained,Libyana,269648585637746,
collected:2366,radio-9b747aa23bb75c4a,False,data/new_data/libya_collected_antennas/cellmapper/cellmapper_libya_antennas.csv,retained,Libyana,145596175461185,
collected:2367,radio-9b747aa23bb75c4a,False,data/new_data/libya_collected_antennas/cellmapper/cellmapper_libya_antennas.csv,retained,Libyana,145596175461185,
collected:2368,radio-9b747aa23bb75c4a,False,data/new_data/libya_collected_antennas/cellmapper/cellmapper_libya_antennas.csv,retained,Libyana,145596175461185,
collected:2369,radio-9b747aa23bb75c4a,False,data/new_data/libya_collected_antennas/cellmapper/cellmapper_libya_antennas.csv,retained,Libyana,145596175461185,
sqlite:1184,radio-5107c552aa3b9221,False,Libyan_cells_dataset/cells.sqlite3,retained,Libyana,15887575498640,782
sqlite:1187,radio-3c5ff28aa090ce0a,False,Libyan_cells_dataset/cells.sqlite3,retained,Libyana,81662577383916,783
collected:2417,radio-3c5ff28aa090ce0a,False,data/new_data/libya_collected_antennas/cellmapper/cellmapper_libya_antennas.csv,retained,Libyana,81662577383916,
collected:2418,radio-3c5ff28aa090ce0a,False,data/new_data/libya_collected_antennas/cellmapper/cellmapper_libya_antennas.csv,retained,Libyana,81662577383916,
collected:2419,radio-3c5ff28aa090ce0a,False,data/new_data/libya_collected_antennas/cellmapper/cellmapper_libya_antennas.csv,retained,Libyana,81662577383916,
collected:2420,radio-3c5ff28aa090ce0a,False,data/new_data/libya_collected_antennas/cellmapper/cellmapper_libya_antennas.csv,retained,Libyana,81662577383916,
collected:2421,radio-3c5ff28aa090ce0a,False,data/new_data/libya_collected_antennas/cellmapper/cellmapper_libya_antennas.csv,retained,Libyana,81662577383916,
collected:2422,radio-3c5ff28aa090ce0a,False,data/new_data/libya_collected_antennas/cellmapper/cellmapper_libya_antennas.csv,retained,Libyana,81662577383916,
collected:2423,radio-3c5ff28aa090ce0a,False,data/new_data/libya_collected_antennas/cellmapper/cellmapper_libya_antennas.csv,retained,Libyana,81662577383916,
collected:2424,radio-3c5ff28aa090ce0a,False,data/new_data/libya_collected_antennas/cellmapper/cellmapper_libya_antennas.csv,retained,Libyana,81662577383916,
collected:2425,radio-3c5ff28aa090ce0a,False,data/new_data/libya_collected_antennas/cellmapper/cellmapper_libya_antennas.csv,retained,Libyana,81662577383916,
collected:2426,radio-3c5ff28aa090ce0a,False,data/new_data/libya_collected_antennas/cellmapper/cellmapper_libya_antennas.csv,retained,Libyana,81662577383916,
collected:2427,radio-3c5ff28aa090ce0a,False,data/new_data/libya_collected_antennas/cellmapper/cellmapper_libya_antennas.csv,retained,Libyana,81662577383916,
collected:2428,radio-3c5ff28aa090ce0a,False,data/new_data/libya_collected_antennas/cellmapper/cellmapper_libya_antennas.csv,retained,Libyana,81662577383916,
sqlite:772,radio-f34eb3aa446a7bc7,False,Libyan_cells_dataset/cells.sqlite3,retained,Libyana,73639234692192,784
collected:2477,radio-f34eb3aa446a7bc7,False,data/new_data/libya_collected_antennas/cellmapper/cellmapper_libya_antennas.csv,retained,Libyana,73639234692192,
collected:2478,radio-f34eb3aa446a7bc7,False,data/new_data/libya_collected_antennas/cellmapper/cellmapper_libya_antennas.csv,retained,Libyana,73639234692192,
collected:2479,radio-f34eb3aa446a7bc7,False,data/new_data/libya_collected_antennas/cellmapper/cellmapper_libya_antennas.csv,retained,Libyana,73639234692192,
collected:2480,radio-f34eb3aa446a7bc7,False,data/new_data/libya_collected_antennas/cellmapper/cellmapper_libya_antennas.csv,retained,Libyana,73639234692192,
sqlite:832,radio-e9531f01606719d1,False,Libyan_cells_dataset/cells.sqlite3,retained,Libyana,214700914902449,785
sqlite:781,radio-59ab77770c1fe4ca,False,Libyan_cells_dataset/cells.sqlite3,retained,Libyana,149611544316177,786
collected:487,radio-dd86f3c2c0908728,False,data/new_data/libya_collected_antennas/cellmapper/cellmapper_libya_antennas.csv,retained,Libyana,247525740875890,
collected:488,radio-dd86f3c2c0908728,False,data/new_data/libya_collected_antennas/cellmapper/cellmapper_libya_antennas.csv,retained,Libyana,247525740875890,
sqlite:760,radio-dd86f3c2c0908728,False,Libyan_cells_dataset/cells.sqlite3,retained,Libyana,247525740875890,787
sqlite:727,radio-98b3ffae4783b307,False,Libyan_cells_dataset/cells.sqlite3,retained,Libyana,49780760201001,788
sqlite:776,radio-2bfbe3e954a2e50f,False,Libyan_cells_dataset/cells.sqlite3,retained,Libyana,49130288433601,789
sqlite:711,radio-cb814c7324a32c16,False,Libyan_cells_dataset/cells.sqlite3,retained,Libyana,150355602537430,790
collected:482,radio-4cd10fe72d8f92ec,False,data/new_data/libya_collected_antennas/cellmapper/cellmapper_libya_antennas.csv,retained,Libyana,110374489644100,
collected:510,radio-31597eb688f9364b,False,data/new_data/libya_collected_antennas/cellmapper/cellmapper_libya_antennas.csv,retained,Libyana,266874565015696,
collected:511,radio-31597eb688f9364b,False,data/new_data/libya_collected_antennas/cellmapper/cellmapper_libya_antennas.csv,retained,Libyana,266874565015696,
collected:512,radio-31597eb688f9364b,False,data/new_data/libya_collected_antennas/cellmapper/cellmapper_libya_antennas.csv,retained,Libyana,266874565015696,
collected:513,radio-31597eb688f9364b,False,data/new_data/libya_collected_antennas/cellmapper/cellmapper_libya_antennas.csv,retained,Libyana,266874565015696,
collected:514,radio-31597eb688f9364b,False,data/new_data/libya_collected_antennas/cellmapper/cellmapper_libya_antennas.csv,retained,Libyana,266874565015696,
collected:515,radio-31597eb688f9364b,False,data/new_data/libya_collected_antennas/cellmapper/cellmapper_libya_antennas.csv,retained,Libyana,266874565015696,
collected:516,radio-31597eb688f9364b,False,data/new_data/libya_collected_antennas/cellmapper/cellmapper_libya_antennas.csv,retained,Libyana,266874565015696,
collected:483,radio-9549efc96cfe42ce,False,data/new_data/libya_collected_antennas/cellmapper/cellmapper_libya_antennas.csv,retained,Libyana,197938167646291,
collected:484,radio-9549efc96cfe42ce,False,data/new_data/libya_collected_antennas/cellmapper/cellmapper_libya_antennas.csv,retained,Libyana,197938167646291,
collected:485,radio-9549efc96cfe42ce,False,data/new_data/libya_collected_antennas/cellmapper/cellmapper_libya_antennas.csv,retained,Libyana,197938167646291,
sqlite:729,radio-8f6ebc3ec9c0724d,False,Libyan_cells_dataset/cells.sqlite3,retained,Libyana,274863612236975,791
sqlite:825,radio-f2416357856923da,False,Libyan_cells_dataset/cells.sqlite3,retained,Libyana,235264193154749,792
sqlite:826,radio-905bd2300bea8019,False,Libyan_cells_dataset/cells.sqlite3,retained,Libyana,61560892005117,793
sqlite:737,radio-6d8532dbe1dacbc9,False,Libyan_cells_dataset/cells.sqlite3,retained,Libyana,250734328795393,794
sqlite:815,radio-c65e644268201c65,False,Libyan_cells_dataset/cells.sqlite3,retained,Libyana,169291267299817,795
sqlite:728,radio-0f2c28b2f58a3bfe,False,Libyan_cells_dataset/cells.sqlite3,retained,Libyana,272884379539218,796
collected:1432,radio-cabe0608176afd48,False,data/new_data/libya_collected_antennas/cellmapper/cellmapper_libya_antennas.csv,retained,Libyana,161935932155980,
collected:1433,radio-cabe0608176afd48,False,data/new_data/libya_collected_antennas/cellmapper/cellmapper_libya_antennas.csv,retained,Libyana,161935932155980,
collected:1434,radio-cabe0608176afd48,False,data/new_data/libya_collected_antennas/cellmapper/cellmapper_libya_antennas.csv,retained,Libyana,161935932155980,
collected:1435,radio-cabe0608176afd48,False,data/new_data/libya_collected_antennas/cellmapper/cellmapper_libya_antennas.csv,retained,Libyana,161935932155980,
collected:1436,radio-cabe0608176afd48,False,data/new_data/libya_collected_antennas/cellmapper/cellmapper_libya_antennas.csv,retained,Libyana,161935932155980,
collected:1437,radio-cabe0608176afd48,False,data/new_data/libya_collected_antennas/cellmapper/cellmapper_libya_antennas.csv,retained,Libyana,161935932155980,
collected:1438,radio-cabe0608176afd48,False,data/new_data/libya_collected_antennas/cellmapper/cellmapper_libya_antennas.csv,retained,Libyana,161935932155980,
collected:1439,radio-cabe0608176afd48,False,data/new_data/libya_collected_antennas/cellmapper/cellmapper_libya_antennas.csv,retained,Libyana,161935932155980,
collected:1440,radio-cabe0608176afd48,False,data/new_data/libya_collected_antennas/cellmapper/cellmapper_libya_antennas.csv,retained,Libyana,161935932155980,
collected:1441,radio-cabe0608176afd48,False,data/new_data/libya_collected_antennas/cellmapper/cellmapper_libya_antennas.csv,retained,Libyana,161935932155980,
collected:1442,radio-cabe0608176afd48,False,data/new_data/libya_collected_antennas/cellmapper/cellmapper_libya_antennas.csv,retained,Libyana,161935932155980,
collected:1443,radio-cabe0608176afd48,False,data/new_data/libya_collected_antennas/cellmapper/cellmapper_libya_antennas.csv,retained,Libyana,161935932155980,
collected:1446,radio-d406fd55482d3dd2,False,data/new_data/libya_collected_antennas/cellmapper/cellmapper_libya_antennas.csv,retained,Libyana,187548988405679,
collected:1447,radio-d406fd55482d3dd2,False,data/new_data/libya_collected_antennas/cellmapper/cellmapper_libya_antennas.csv,retained,Libyana,187548988405679,
collected:1448,radio-d406fd55482d3dd2,False,data/new_data/libya_collected_antennas/cellmapper/cellmapper_libya_antennas.csv,retained,Libyana,187548988405679,
collected:1449,radio-d406fd55482d3dd2,False,data/new_data/libya_collected_antennas/cellmapper/cellmapper_libya_antennas.csv,retained,Libyana,187548988405679,
collected:1450,radio-d406fd55482d3dd2,False,data/new_data/libya_collected_antennas/cellmapper/cellmapper_libya_antennas.csv,retained,Libyana,187548988405679,
sqlite:1168,radio-6007846b5165cce2,False,Libyan_cells_dataset/cells.sqlite3,retained,Libyana,205246222653546,234
collected:1844,radio-6007846b5165cce2,False,data/new_data/libya_collected_antennas/cellmapper/cellmapper_libya_antennas.csv,retained,Libyana,205246222653546,
collected:1845,radio-6007846b5165cce2,False,data/new_data/libya_collected_antennas/cellmapper/cellmapper_libya_antennas.csv,retained,Libyana,205246222653546,
collected:1846,radio-6007846b5165cce2,False,data/new_data/libya_collected_antennas/cellmapper/cellmapper_libya_antennas.csv,retained,Libyana,205246222653546,
collected:1847,radio-6007846b5165cce2,False,data/new_data/libya_collected_antennas/cellmapper/cellmapper_libya_antennas.csv,retained,Libyana,205246222653546,
collected:1848,radio-6007846b5165cce2,False,data/new_data/libya_collected_antennas/cellmapper/cellmapper_libya_antennas.csv,retained,Libyana,205246222653546,
collected:1849,radio-6007846b5165cce2,False,data/new_data/libya_collected_antennas/cellmapper/cellmapper_libya_antennas.csv,retained,Libyana,205246222653546,
collected:1850,radio-6007846b5165cce2,False,data/new_data/libya_collected_antennas/cellmapper/cellmapper_libya_antennas.csv,retained,Libyana,205246222653546,
collected:1851,radio-6007846b5165cce2,False,data/new_data/libya_collected_antennas/cellmapper/cellmapper_libya_antennas.csv,retained,Libyana,205246222653546,
collected:1852,radio-6007846b5165cce2,False,data/new_data/libya_collected_antennas/cellmapper/cellmapper_libya_antennas.csv,retained,Libyana,205246222653546,
collected:1853,radio-6007846b5165cce2,False,data/new_data/libya_collected_antennas/cellmapper/cellmapper_libya_antennas.csv,retained,Libyana,205246222653546,
collected:1854,radio-6007846b5165cce2,False,data/new_data/libya_collected_antennas/cellmapper/cellmapper_libya_antennas.csv,retained,Libyana,205246222653546,
sqlite:796,radio-d5968a5f86173183,False,Libyan_cells_dataset/cells.sqlite3,retained,Libyana,164774526642587,797
sqlite:1152,radio-c24770e5caff8a96,False,Libyan_cells_dataset/cells.sqlite3,retained,Libyana,226575926062013,798
collected:188,radio-c24770e5caff8a96,False,data/new_data/libya_collected_antennas/cellmapper/cellmapper_libya_antennas.csv,retained,Libyana,226575926062013,
collected:189,radio-c24770e5caff8a96,False,data/new_data/libya_collected_antennas/cellmapper/cellmapper_libya_antennas.csv,retained,Libyana,226575926062013,
collected:190,radio-c24770e5caff8a96,False,data/new_data/libya_collected_antennas/cellmapper/cellmapper_libya_antennas.csv,retained,Libyana,226575926062013,
collected:191,radio-c24770e5caff8a96,False,data/new_data/libya_collected_antennas/cellmapper/cellmapper_libya_antennas.csv,retained,Libyana,226575926062013,
collected:192,radio-c24770e5caff8a96,False,data/new_data/libya_collected_antennas/cellmapper/cellmapper_libya_antennas.csv,retained,Libyana,226575926062013,
collected:193,radio-c24770e5caff8a96,False,data/new_data/libya_collected_antennas/cellmapper/cellmapper_libya_antennas.csv,retained,Libyana,226575926062013,
collected:194,radio-c24770e5caff8a96,False,data/new_data/libya_collected_antennas/cellmapper/cellmapper_libya_antennas.csv,retained,Libyana,226575926062013,
collected:195,radio-c24770e5caff8a96,False,data/new_data/libya_collected_antennas/cellmapper/cellmapper_libya_antennas.csv,retained,Libyana,226575926062013,
collected:196,radio-c24770e5caff8a96,False,data/new_data/libya_collected_antennas/cellmapper/cellmapper_libya_antennas.csv,retained,Libyana,226575926062013,
collected:197,radio-c24770e5caff8a96,False,data/new_data/libya_collected_antennas/cellmapper/cellmapper_libya_antennas.csv,retained,Libyana,226575926062013,
collected:2212,radio-b904a9426de71381,False,data/new_data/libya_collected_antennas/cellmapper/cellmapper_libya_antennas.csv,retained,Libyana,127494130802014,
collected:2213,radio-b904a9426de71381,False,data/new_data/libya_collected_antennas/cellmapper/cellmapper_libya_antennas.csv,retained,Libyana,127494130802014,
collected:2214,radio-b904a9426de71381,False,data/new_data/libya_collected_antennas/cellmapper/cellmapper_libya_antennas.csv,retained,Libyana,127494130802014,
collected:2215,radio-b904a9426de71381,False,data/new_data/libya_collected_antennas/cellmapper/cellmapper_libya_antennas.csv,retained,Libyana,127494130802014,
collected:2216,radio-b904a9426de71381,False,data/new_data/libya_collected_antennas/cellmapper/cellmapper_libya_antennas.csv,retained,Libyana,127494130802014,
collected:2217,radio-82a6e1f4732076bc,False,data/new_data/libya_collected_antennas/cellmapper/cellmapper_libya_antennas.csv,retained,Libyana,122119027190251,
collected:2218,radio-82a6e1f4732076bc,False,data/new_data/libya_collected_antennas/cellmapper/cellmapper_libya_antennas.csv,retained,Libyana,122119027190251,
collected:2219,radio-82a6e1f4732076bc,False,data/new_data/libya_collected_antennas/cellmapper/cellmapper_libya_antennas.csv,retained,Libyana,122119027190251,
sqlite:724,radio-82a6e1f4732076bc,False,Libyan_cells_dataset/cells.sqlite3,retained,Libyana,122119027190251,799
collected:2300,radio-83537a0865576cbb,False,data/new_data/libya_collected_antennas/cellmapper/cellmapper_libya_antennas.csv,retained,Libyana,37417770413667,
collected:2301,radio-83537a0865576cbb,False,data/new_data/libya_collected_antennas/cellmapper/cellmapper_libya_antennas.csv,retained,Libyana,37417770413667,
collected:2302,radio-83537a0865576cbb,False,data/new_data/libya_collected_antennas/cellmapper/cellmapper_libya_antennas.csv,retained,Libyana,37417770413667,
collected:2303,radio-83537a0865576cbb,False,data/new_data/libya_collected_antennas/cellmapper/cellmapper_libya_antennas.csv,retained,Libyana,37417770413667,
collected:2304,radio-83537a0865576cbb,False,data/new_data/libya_collected_antennas/cellmapper/cellmapper_libya_antennas.csv,retained,Libyana,37417770413667,
collected:2305,radio-83537a0865576cbb,False,data/new_data/libya_collected_antennas/cellmapper/cellmapper_libya_antennas.csv,retained,Libyana,37417770413667,
collected:2306,radio-83537a0865576cbb,False,data/new_data/libya_collected_antennas/cellmapper/cellmapper_libya_antennas.csv,retained,Libyana,37417770413667,
collected:2307,radio-83537a0865576cbb,False,data/new_data/libya_collected_antennas/cellmapper/cellmapper_libya_antennas.csv,retained,Libyana,37417770413667,
collected:2308,radio-83537a0865576cbb,False,data/new_data/libya_collected_antennas/cellmapper/cellmapper_libya_antennas.csv,retained,Libyana,37417770413667,
collected:2381,radio-e9c718a7a53aa5a6,False,data/new_data/libya_collected_antennas/cellmapper/cellmapper_libya_antennas.csv,retained,Libyana,83742780721368,
collected:2382,radio-e9c718a7a53aa5a6,False,data/new_data/libya_collected_antennas/cellmapper/cellmapper_libya_antennas.csv,retained,Libyana,83742780721368,
collected:2383,radio-e9c718a7a53aa5a6,False,data/new_data/libya_collected_antennas/cellmapper/cellmapper_libya_antennas.csv,retained,Libyana,83742780721368,
collected:2384,radio-e9c718a7a53aa5a6,False,data/new_data/libya_collected_antennas/cellmapper/cellmapper_libya_antennas.csv,retained,Libyana,83742780721368,
collected:2385,radio-e9c718a7a53aa5a6,False,data/new_data/libya_collected_antennas/cellmapper/cellmapper_libya_antennas.csv,retained,Libyana,83742780721368,
collected:2386,radio-e9c718a7a53aa5a6,False,data/new_data/libya_collected_antennas/cellmapper/cellmapper_libya_antennas.csv,retained,Libyana,83742780721368,
sqlite:774,radio-225efe5b4937d9e9,False,Libyan_cells_dataset/cells.sqlite3,retained,Libyana,253889094035698,800
collected:2459,radio-f6282888e64ddb29,False,data/new_data/libya_collected_antennas/cellmapper/cellmapper_libya_antennas.csv,retained,Libyana,169205878501261,
collected:2460,radio-f6282888e64ddb29,False,data/new_data/libya_collected_antennas/cellmapper/cellmapper_libya_antennas.csv,retained,Libyana,169205878501261,
collected:2461,radio-f6282888e64ddb29,False,data/new_data/libya_collected_antennas/cellmapper/cellmapper_libya_antennas.csv,retained,Libyana,169205878501261,
sqlite:793,radio-fe1247fc4c1d54f6,False,Libyan_cells_dataset/cells.sqlite3,retained,Libyana,68826522144923,801
sqlite:787,radio-3be2351d3763bf59,False,Libyan_cells_dataset/cells.sqlite3,retained,Libyana,174990991352971,802
sqlite:779,radio-0148ef24847e8b48,False,Libyan_cells_dataset/cells.sqlite3,retained,Libyana,214739997231168,803
sqlite:794,radio-3c77dbf856593564,False,Libyan_cells_dataset/cells.sqlite3,retained,Libyana,125851860391314,804
sqlite:784,radio-83c279498b1be451,False,Libyan_cells_dataset/cells.sqlite3,retained,Libyana,228278644823156,805
sqlite:1318,radio-db39fef108d6528f,False,Libyan_cells_dataset/cells.sqlite3,retained,Libyana,22779715435058,806
sqlite:1314,radio-e1e157e798554377,False,Libyan_cells_dataset/cells.sqlite3,retained,Libyana,144841171586952,807
collected:1349,radio-4dd01b41c247e82f,False,data/new_data/libya_collected_antennas/cellmapper/cellmapper_libya_antennas.csv,retained,Libyana,141269680786554,
collected:1350,radio-4dd01b41c247e82f,False,data/new_data/libya_collected_antennas/cellmapper/cellmapper_libya_antennas.csv,retained,Libyana,141269680786554,
collected:1351,radio-4dd01b41c247e82f,False,data/new_data/libya_collected_antennas/cellmapper/cellmapper_libya_antennas.csv,retained,Libyana,141269680786554,
collected:1352,radio-4dd01b41c247e82f,False,data/new_data/libya_collected_antennas/cellmapper/cellmapper_libya_antennas.csv,retained,Libyana,141269680786554,
collected:1353,radio-4dd01b41c247e82f,False,data/new_data/libya_collected_antennas/cellmapper/cellmapper_libya_antennas.csv,retained,Libyana,141269680786554,
collected:1354,radio-4dd01b41c247e82f,False,data/new_data/libya_collected_antennas/cellmapper/cellmapper_libya_antennas.csv,retained,Libyana,141269680786554,
collected:1355,radio-4dd01b41c247e82f,False,data/new_data/libya_collected_antennas/cellmapper/cellmapper_libya_antennas.csv,retained,Libyana,141269680786554,
collected:1356,radio-4dd01b41c247e82f,False,data/new_data/libya_collected_antennas/cellmapper/cellmapper_libya_antennas.csv,retained,Libyana,141269680786554,
collected:1400,radio-54beab83f7250696,False,data/new_data/libya_collected_antennas/cellmapper/cellmapper_libya_antennas.csv,retained,Libyana,160835541583859,
collected:1401,radio-54beab83f7250696,False,data/new_data/libya_collected_antennas/cellmapper/cellmapper_libya_antennas.csv,retained,Libyana,160835541583859,
collected:1402,radio-54beab83f7250696,False,data/new_data/libya_collected_antennas/cellmapper/cellmapper_libya_antennas.csv,retained,Libyana,160835541583859,
collected:541,radio-840ed663258cdde3,False,data/new_data/libya_collected_antennas/cellmapper/cellmapper_libya_antennas.csv,retained,Libyana,177986456911733,
collected:542,radio-840ed663258cdde3,False,data/new_data/libya_collected_antennas/cellmapper/cellmapper_libya_antennas.csv,retained,Libyana,177986456911733,
collected:543,radio-840ed663258cdde3,False,data/new_data/libya_collected_antennas/cellmapper/cellmapper_libya_antennas.csv,retained,Libyana,177986456911733,
collected:544,radio-840ed663258cdde3,False,data/new_data/libya_collected_antennas/cellmapper/cellmapper_libya_antennas.csv,retained,Libyana,177986456911733,
collected:545,radio-840ed663258cdde3,False,data/new_data/libya_collected_antennas/cellmapper/cellmapper_libya_antennas.csv,retained,Libyana,177986456911733,
collected:546,radio-840ed663258cdde3,False,data/new_data/libya_collected_antennas/cellmapper/cellmapper_libya_antennas.csv,retained,Libyana,177986456911733,
collected:547,radio-840ed663258cdde3,False,data/new_data/libya_collected_antennas/cellmapper/cellmapper_libya_antennas.csv,retained,Libyana,177986456911733,
collected:548,radio-840ed663258cdde3,False,data/new_data/libya_collected_antennas/cellmapper/cellmapper_libya_antennas.csv,retained,Libyana,177986456911733,
collected:1499,radio-c393b0c5832b8cdd,False,data/new_data/libya_collected_antennas/cellmapper/cellmapper_libya_antennas.csv,retained,Libyana,111744435481238,
collected:1500,radio-c393b0c5832b8cdd,False,data/new_data/libya_collected_antennas/cellmapper/cellmapper_libya_antennas.csv,retained,Libyana,111744435481238,
collected:1501,radio-c393b0c5832b8cdd,False,data/new_data/libya_collected_antennas/cellmapper/cellmapper_libya_antennas.csv,retained,Libyana,111744435481238,
collected:1502,radio-c393b0c5832b8cdd,False,data/new_data/libya_collected_antennas/cellmapper/cellmapper_libya_antennas.csv,retained,Libyana,111744435481238,
collected:1503,radio-c393b0c5832b8cdd,False,data/new_data/libya_collected_antennas/cellmapper/cellmapper_libya_antennas.csv,retained,Libyana,111744435481238,
collected:1504,radio-c393b0c5832b8cdd,False,data/new_data/libya_collected_antennas/cellmapper/cellmapper_libya_antennas.csv,retained,Libyana,111744435481238,
collected:1505,radio-c393b0c5832b8cdd,False,data/new_data/libya_collected_antennas/cellmapper/cellmapper_libya_antennas.csv,retained,Libyana,111744435481238,
collected:1506,radio-c393b0c5832b8cdd,False,data/new_data/libya_collected_antennas/cellmapper/cellmapper_libya_antennas.csv,retained,Libyana,111744435481238,
collected:1507,radio-c393b0c5832b8cdd,False,data/new_data/libya_collected_antennas/cellmapper/cellmapper_libya_antennas.csv,retained,Libyana,111744435481238,
collected:1508,radio-c393b0c5832b8cdd,False,data/new_data/libya_collected_antennas/cellmapper/cellmapper_libya_antennas.csv,retained,Libyana,111744435481238,
collected:1509,radio-c393b0c5832b8cdd,False,data/new_data/libya_collected_antennas/cellmapper/cellmapper_libya_antennas.csv,retained,Libyana,111744435481238,
collected:1510,radio-c393b0c5832b8cdd,False,data/new_data/libya_collected_antennas/cellmapper/cellmapper_libya_antennas.csv,retained,Libyana,111744435481238,
sqlite:1180,radio-c393b0c5832b8cdd,False,Libyan_cells_dataset/cells.sqlite3,retained,Libyana,111744435481238,36
collected:1890,radio-3cebf68112f24587,False,data/new_data/libya_collected_antennas/cellmapper/cellmapper_libya_antennas.csv,retained,Libyana,163411049183865,
collected:1891,radio-3cebf68112f24587,False,data/new_data/libya_collected_antennas/cellmapper/cellmapper_libya_antennas.csv,retained,Libyana,163411049183865,
collected:1892,radio-3cebf68112f24587,False,data/new_data/libya_collected_antennas/cellmapper/cellmapper_libya_antennas.csv,retained,Libyana,163411049183865,
collected:1893,radio-3cebf68112f24587,False,data/new_data/libya_collected_antennas/cellmapper/cellmapper_libya_antennas.csv,retained,Libyana,163411049183865,
collected:1894,radio-3cebf68112f24587,False,data/new_data/libya_collected_antennas/cellmapper/cellmapper_libya_antennas.csv,retained,Libyana,163411049183865,
collected:1895,radio-3cebf68112f24587,False,data/new_data/libya_collected_antennas/cellmapper/cellmapper_libya_antennas.csv,retained,Libyana,163411049183865,
collected:2029,radio-690e66a82b75c587,False,data/new_data/libya_collected_antennas/cellmapper/cellmapper_libya_antennas.csv,retained,Libyana,157849497419659,
collected:2030,radio-690e66a82b75c587,False,data/new_data/libya_collected_antennas/cellmapper/cellmapper_libya_antennas.csv,retained,Libyana,157849497419659,
collected:2031,radio-690e66a82b75c587,False,data/new_data/libya_collected_antennas/cellmapper/cellmapper_libya_antennas.csv,retained,Libyana,157849497419659,
collected:2032,radio-413d4e5b880180e4,False,data/new_data/libya_collected_antennas/cellmapper/cellmapper_libya_antennas.csv,retained,Libyana,169075953229346,
collected:2033,radio-413d4e5b880180e4,False,data/new_data/libya_collected_antennas/cellmapper/cellmapper_libya_antennas.csv,retained,Libyana,169075953229346,
collected:2034,radio-413d4e5b880180e4,False,data/new_data/libya_collected_antennas/cellmapper/cellmapper_libya_antennas.csv,retained,Libyana,169075953229346,
collected:2035,radio-413d4e5b880180e4,False,data/new_data/libya_collected_antennas/cellmapper/cellmapper_libya_antennas.csv,retained,Libyana,169075953229346,
collected:2036,radio-413d4e5b880180e4,False,data/new_data/libya_collected_antennas/cellmapper/cellmapper_libya_antennas.csv,retained,Libyana,169075953229346,
collected:2037,radio-413d4e5b880180e4,False,data/new_data/libya_collected_antennas/cellmapper/cellmapper_libya_antennas.csv,retained,Libyana,169075953229346,
collected:2038,radio-413d4e5b880180e4,False,data/new_data/libya_collected_antennas/cellmapper/cellmapper_libya_antennas.csv,retained,Libyana,169075953229346,
sqlite:1192,radio-e0752f935ce1cbcf,False,Libyan_cells_dataset/cells.sqlite3,retained,Libyana,181994445302479,809
sqlite:721,radio-86b08df2665922a6,False,Libyan_cells_dataset/cells.sqlite3,retained,Libyana,243982301923755,810
collected:2049,radio-86b08df2665922a6,False,data/new_data/libya_collected_antennas/cellmapper/cellmapper_libya_antennas.csv,retained,Libyana,243982301923755,
collected:2050,radio-86b08df2665922a6,False,data/new_data/libya_collected_antennas/cellmapper/cellmapper_libya_antennas.csv,retained,Libyana,243982301923755,
collected:2051,radio-86b08df2665922a6,False,data/new_data/libya_collected_antennas/cellmapper/cellmapper_libya_antennas.csv,retained,Libyana,243982301923755,
collected:2235,radio-91a067141e48a265,False,data/new_data/libya_collected_antennas/cellmapper/cellmapper_libya_antennas.csv,retained,Libyana,108017523924889,
collected:2236,radio-91a067141e48a265,False,data/new_data/libya_collected_antennas/cellmapper/cellmapper_libya_antennas.csv,retained,Libyana,108017523924889,
collected:2237,radio-91a067141e48a265,False,data/new_data/libya_collected_antennas/cellmapper/cellmapper_libya_antennas.csv,retained,Libyana,108017523924889,
collected:2238,radio-91a067141e48a265,False,data/new_data/libya_collected_antennas/cellmapper/cellmapper_libya_antennas.csv,retained,Libyana,108017523924889,
collected:2239,radio-91a067141e48a265,False,data/new_data/libya_collected_antennas/cellmapper/cellmapper_libya_antennas.csv,retained,Libyana,108017523924889,
collected:2240,radio-91a067141e48a265,False,data/new_data/libya_collected_antennas/cellmapper/cellmapper_libya_antennas.csv,retained,Libyana,108017523924889,
collected:2241,radio-91a067141e48a265,False,data/new_data/libya_collected_antennas/cellmapper/cellmapper_libya_antennas.csv,retained,Libyana,108017523924889,
collected:2242,radio-91a067141e48a265,False,data/new_data/libya_collected_antennas/cellmapper/cellmapper_libya_antennas.csv,retained,Libyana,108017523924889,
collected:2243,radio-91a067141e48a265,False,data/new_data/libya_collected_antennas/cellmapper/cellmapper_libya_antennas.csv,retained,Libyana,108017523924889,
collected:549,radio-dc61dc630bb6725f,False,data/new_data/libya_collected_antennas/cellmapper/cellmapper_libya_antennas.csv,retained,Libyana,112191270863277,
collected:550,radio-dc61dc630bb6725f,False,data/new_data/libya_collected_antennas/cellmapper/cellmapper_libya_antennas.csv,retained,Libyana,112191270863277,
collected:551,radio-dc61dc630bb6725f,False,data/new_data/libya_collected_antennas/cellmapper/cellmapper_libya_antennas.csv,retained,Libyana,112191270863277,
collected:2359,radio-3c8cc1a8ae6dcbe0,False,data/new_data/libya_collected_antennas/cellmapper/cellmapper_libya_antennas.csv,retained,Libyana,141553777329864,
collected:2360,radio-3c8cc1a8ae6dcbe0,False,data/new_data/libya_collected_antennas/cellmapper/cellmapper_libya_antennas.csv,retained,Libyana,141553777329864,
collected:2361,radio-3c8cc1a8ae6dcbe0,False,data/new_data/libya_collected_antennas/cellmapper/cellmapper_libya_antennas.csv,retained,Libyana,141553777329864,
collected:2362,radio-3c8cc1a8ae6dcbe0,False,data/new_data/libya_collected_antennas/cellmapper/cellmapper_libya_antennas.csv,retained,Libyana,141553777329864,
collected:2363,radio-3c8cc1a8ae6dcbe0,False,data/new_data/libya_collected_antennas/cellmapper/cellmapper_libya_antennas.csv,retained,Libyana,141553777329864,
collected:2364,radio-3c8cc1a8ae6dcbe0,False,data/new_data/libya_collected_antennas/cellmapper/cellmapper_libya_antennas.csv,retained,Libyana,141553777329864,
collected:2365,radio-3c8cc1a8ae6dcbe0,False,data/new_data/libya_collected_antennas/cellmapper/cellmapper_libya_antennas.csv,retained,Libyana,141553777329864,
collected:430,radio-6787e84c575029a1,False,data/new_data/libya_collected_antennas/cellmapper/cellmapper_libya_antennas.csv,retained,Libyana,113572180783913,
collected:431,radio-6787e84c575029a1,False,data/new_data/libya_collected_antennas/cellmapper/cellmapper_libya_antennas.csv,retained,Libyana,113572180783913,
collected:432,radio-6787e84c575029a1,False,data/new_data/libya_collected_antennas/cellmapper/cellmapper_libya_antennas.csv,retained,Libyana,113572180783913,
collected:433,radio-6787e84c575029a1,False,data/new_data/libya_collected_antennas/cellmapper/cellmapper_libya_antennas.csv,retained,Libyana,113572180783913,
collected:434,radio-6787e84c575029a1,False,data/new_data/libya_collected_antennas/cellmapper/cellmapper_libya_antennas.csv,retained,Libyana,113572180783913,
sqlite:755,radio-6787e84c575029a1,False,Libyan_cells_dataset/cells.sqlite3,retained,Libyana,113572180783913,811
collected:552,radio-1baf1792af1c9867,False,data/new_data/libya_collected_antennas/cellmapper/cellmapper_libya_antennas.csv,retained,Libyana,129699710286188,
collected:553,radio-1baf1792af1c9867,False,data/new_data/libya_collected_antennas/cellmapper/cellmapper_libya_antennas.csv,retained,Libyana,129699710286188,
collected:554,radio-1baf1792af1c9867,False,data/new_data/libya_collected_antennas/cellmapper/cellmapper_libya_antennas.csv,retained,Libyana,129699710286188,
collected:555,radio-1baf1792af1c9867,False,data/new_data/libya_collected_antennas/cellmapper/cellmapper_libya_antennas.csv,retained,Libyana,129699710286188,
collected:602,radio-8b11c067506f8d85,False,data/new_data/libya_collected_antennas/cellmapper/cellmapper_libya_antennas.csv,retained,Libyana,3505708251631,
collected:603,radio-8b11c067506f8d85,False,data/new_data/libya_collected_antennas/cellmapper/cellmapper_libya_antennas.csv,retained,Libyana,3505708251631,
collected:604,radio-8b11c067506f8d85,False,data/new_data/libya_collected_antennas/cellmapper/cellmapper_libya_antennas.csv,retained,Libyana,3505708251631,
collected:605,radio-8b11c067506f8d85,False,data/new_data/libya_collected_antennas/cellmapper/cellmapper_libya_antennas.csv,retained,Libyana,3505708251631,
collected:606,radio-8b11c067506f8d85,False,data/new_data/libya_collected_antennas/cellmapper/cellmapper_libya_antennas.csv,retained,Libyana,3505708251631,
collected:607,radio-8b11c067506f8d85,False,data/new_data/libya_collected_antennas/cellmapper/cellmapper_libya_antennas.csv,retained,Libyana,3505708251631,
collected:608,radio-8b11c067506f8d85,False,data/new_data/libya_collected_antennas/cellmapper/cellmapper_libya_antennas.csv,retained,Libyana,3505708251631,
collected:609,radio-8b11c067506f8d85,False,data/new_data/libya_collected_antennas/cellmapper/cellmapper_libya_antennas.csv,retained,Libyana,3505708251631,
collected:583,radio-e4ffa2b111b53570,False,data/new_data/libya_collected_antennas/cellmapper/cellmapper_libya_antennas.csv,retained,Libyana,65707733649983,
collected:584,radio-e4ffa2b111b53570,False,data/new_data/libya_collected_antennas/cellmapper/cellmapper_libya_antennas.csv,retained,Libyana,65707733649983,
collected:585,radio-e4ffa2b111b53570,False,data/new_data/libya_collected_antennas/cellmapper/cellmapper_libya_antennas.csv,retained,Libyana,65707733649983,
collected:586,radio-e4ffa2b111b53570,False,data/new_data/libya_collected_antennas/cellmapper/cellmapper_libya_antennas.csv,retained,Libyana,65707733649983,
collected:587,radio-e4ffa2b111b53570,False,data/new_data/libya_collected_antennas/cellmapper/cellmapper_libya_antennas.csv,retained,Libyana,65707733649983,
collected:588,radio-e4ffa2b111b53570,False,data/new_data/libya_collected_antennas/cellmapper/cellmapper_libya_antennas.csv,retained,Libyana,65707733649983,
collected:589,radio-e4ffa2b111b53570,False,data/new_data/libya_collected_antennas/cellmapper/cellmapper_libya_antennas.csv,retained,Libyana,65707733649983,
collected:590,radio-e4ffa2b111b53570,False,data/new_data/libya_collected_antennas/cellmapper/cellmapper_libya_antennas.csv,retained,Libyana,65707733649983,
collected:591,radio-e4ffa2b111b53570,False,data/new_data/libya_collected_antennas/cellmapper/cellmapper_libya_antennas.csv,retained,Libyana,65707733649983,
collected:592,radio-6b3008ac23eb0435,False,data/new_data/libya_collected_antennas/cellmapper/cellmapper_libya_antennas.csv,retained,Libyana,80975965547543,
collected:593,radio-6b3008ac23eb0435,False,data/new_data/libya_collected_antennas/cellmapper/cellmapper_libya_antennas.csv,retained,Libyana,80975965547543,
collected:569,radio-cd27b33bee680bf4,False,data/new_data/libya_collected_antennas/cellmapper/cellmapper_libya_antennas.csv,retained,Libyana,112860715617353,
collected:570,radio-cd27b33bee680bf4,False,data/new_data/libya_collected_antennas/cellmapper/cellmapper_libya_antennas.csv,retained,Libyana,112860715617353,
collected:571,radio-cd27b33bee680bf4,False,data/new_data/libya_collected_antennas/cellmapper/cellmapper_libya_antennas.csv,retained,Libyana,112860715617353,
collected:572,radio-cd27b33bee680bf4,False,data/new_data/libya_collected_antennas/cellmapper/cellmapper_libya_antennas.csv,retained,Libyana,112860715617353,
collected:573,radio-cd27b33bee680bf4,False,data/new_data/libya_collected_antennas/cellmapper/cellmapper_libya_antennas.csv,retained,Libyana,112860715617353,
collected:537,radio-e97538dc203ea3a7,False,data/new_data/libya_collected_antennas/cellmapper/cellmapper_libya_antennas.csv,retained,Libyana,5966884833341,
collected:538,radio-e97538dc203ea3a7,False,data/new_data/libya_collected_antennas/cellmapper/cellmapper_libya_antennas.csv,retained,Libyana,5966884833341,
collected:539,radio-e97538dc203ea3a7,False,data/new_data/libya_collected_antennas/cellmapper/cellmapper_libya_antennas.csv,retained,Libyana,5966884833341,
collected:540,radio-e97538dc203ea3a7,False,data/new_data/libya_collected_antennas/cellmapper/cellmapper_libya_antennas.csv,retained,Libyana,5966884833341,
sqlite:783,radio-3ea19602a46ab5b5,False,Libyan_cells_dataset/cells.sqlite3,retained,Libyana,16674668902697,812
sqlite:799,radio-752a6e1ad9c0b475,False,Libyan_cells_dataset/cells.sqlite3,retained,Libyana,243263261682329,813
collected:574,radio-752a6e1ad9c0b475,False,data/new_data/libya_collected_antennas/cellmapper/cellmapper_libya_antennas.csv,retained,Libyana,243263261682329,
collected:575,radio-752a6e1ad9c0b475,False,data/new_data/libya_collected_antennas/cellmapper/cellmapper_libya_antennas.csv,retained,Libyana,243263261682329,
collected:576,radio-752a6e1ad9c0b475,False,data/new_data/libya_collected_antennas/cellmapper/cellmapper_libya_antennas.csv,retained,Libyana,243263261682329,
collected:577,radio-752a6e1ad9c0b475,False,data/new_data/libya_collected_antennas/cellmapper/cellmapper_libya_antennas.csv,retained,Libyana,243263261682329,
collected:578,radio-752a6e1ad9c0b475,False,data/new_data/libya_collected_antennas/cellmapper/cellmapper_libya_antennas.csv,retained,Libyana,243263261682329,
collected:579,radio-752a6e1ad9c0b475,False,data/new_data/libya_collected_antennas/cellmapper/cellmapper_libya_antennas.csv,retained,Libyana,243263261682329,
collected:580,radio-752a6e1ad9c0b475,False,data/new_data/libya_collected_antennas/cellmapper/cellmapper_libya_antennas.csv,retained,Libyana,243263261682329,
collected:581,radio-752a6e1ad9c0b475,False,data/new_data/libya_collected_antennas/cellmapper/cellmapper_libya_antennas.csv,retained,Libyana,243263261682329,
collected:582,radio-752a6e1ad9c0b475,False,data/new_data/libya_collected_antennas/cellmapper/cellmapper_libya_antennas.csv,retained,Libyana,243263261682329,
collected:562,radio-b71df1c8715722fe,False,data/new_data/libya_collected_antennas/cellmapper/cellmapper_libya_antennas.csv,retained,Libyana,213672153593447,
collected:563,radio-b71df1c8715722fe,False,data/new_data/libya_collected_antennas/cellmapper/cellmapper_libya_antennas.csv,retained,Libyana,213672153593447,
collected:564,radio-b71df1c8715722fe,False,data/new_data/libya_collected_antennas/cellmapper/cellmapper_libya_antennas.csv,retained,Libyana,213672153593447,
collected:565,radio-b71df1c8715722fe,False,data/new_data/libya_collected_antennas/cellmapper/cellmapper_libya_antennas.csv,retained,Libyana,213672153593447,
collected:566,radio-b71df1c8715722fe,False,data/new_data/libya_collected_antennas/cellmapper/cellmapper_libya_antennas.csv,retained,Libyana,213672153593447,
collected:567,radio-b71df1c8715722fe,False,data/new_data/libya_collected_antennas/cellmapper/cellmapper_libya_antennas.csv,retained,Libyana,213672153593447,
collected:568,radio-b71df1c8715722fe,False,data/new_data/libya_collected_antennas/cellmapper/cellmapper_libya_antennas.csv,retained,Libyana,213672153593447,
collected:517,radio-e7033d9729fb0e66,False,data/new_data/libya_collected_antennas/cellmapper/cellmapper_libya_antennas.csv,retained,Libyana,4130936148690,
collected:518,radio-e7033d9729fb0e66,False,data/new_data/libya_collected_antennas/cellmapper/cellmapper_libya_antennas.csv,retained,Libyana,4130936148690,
collected:519,radio-e7033d9729fb0e66,False,data/new_data/libya_collected_antennas/cellmapper/cellmapper_libya_antennas.csv,retained,Libyana,4130936148690,
sqlite:764,radio-e7033d9729fb0e66,False,Libyan_cells_dataset/cells.sqlite3,retained,Libyana,4130936148690,814
collected:527,radio-5b4aa466768fa3b5,False,data/new_data/libya_collected_antennas/cellmapper/cellmapper_libya_antennas.csv,retained,Libyana,206079055821072,
collected:528,radio-5b4aa466768fa3b5,False,data/new_data/libya_collected_antennas/cellmapper/cellmapper_libya_antennas.csv,retained,Libyana,206079055821072,
collected:529,radio-5b4aa466768fa3b5,False,data/new_data/libya_collected_antennas/cellmapper/cellmapper_libya_antennas.csv,retained,Libyana,206079055821072,
collected:530,radio-5b4aa466768fa3b5,False,data/new_data/libya_collected_antennas/cellmapper/cellmapper_libya_antennas.csv,retained,Libyana,206079055821072,
collected:531,radio-5b4aa466768fa3b5,False,data/new_data/libya_collected_antennas/cellmapper/cellmapper_libya_antennas.csv,retained,Libyana,206079055821072,
collected:532,radio-5b4aa466768fa3b5,False,data/new_data/libya_collected_antennas/cellmapper/cellmapper_libya_antennas.csv,retained,Libyana,206079055821072,
collected:533,radio-5b4aa466768fa3b5,False,data/new_data/libya_collected_antennas/cellmapper/cellmapper_libya_antennas.csv,retained,Libyana,206079055821072,
collected:534,radio-5b4aa466768fa3b5,False,data/new_data/libya_collected_antennas/cellmapper/cellmapper_libya_antennas.csv,retained,Libyana,206079055821072,
collected:535,radio-5b4aa466768fa3b5,False,data/new_data/libya_collected_antennas/cellmapper/cellmapper_libya_antennas.csv,retained,Libyana,206079055821072,
collected:536,radio-5b4aa466768fa3b5,False,data/new_data/libya_collected_antennas/cellmapper/cellmapper_libya_antennas.csv,retained,Libyana,206079055821072,
sqlite:792,radio-489153f46ad89083,False,Libyan_cells_dataset/cells.sqlite3,retained,Libyana,214563617426536,815
collected:594,radio-77ab29a7be76921a,False,data/new_data/libya_collected_antennas/cellmapper/cellmapper_libya_antennas.csv,retained,Libyana,276210307574380,
collected:595,radio-77ab29a7be76921a,False,data/new_data/libya_collected_antennas/cellmapper/cellmapper_libya_antennas.csv,retained,Libyana,276210307574380,
collected:596,radio-77ab29a7be76921a,False,data/new_data/libya_collected_antennas/cellmapper/cellmapper_libya_antennas.csv,retained,Libyana,276210307574380,
collected:597,radio-77ab29a7be76921a,False,data/new_data/libya_collected_antennas/cellmapper/cellmapper_libya_antennas.csv,retained,Libyana,276210307574380,
sqlite:797,radio-77ab29a7be76921a,False,Libyan_cells_dataset/cells.sqlite3,retained,Libyana,276210307574380,816
sqlite:1312,radio-8b508deaffb12ab7,False,Libyan_cells_dataset/cells.sqlite3,retained,Libyana,88314159915008,817
collected:598,radio-3068ca316f09f02c,False,data/new_data/libya_collected_antennas/cellmapper/cellmapper_libya_antennas.csv,retained,Libyana,137974620757589,
collected:599,radio-3068ca316f09f02c,False,data/new_data/libya_collected_antennas/cellmapper/cellmapper_libya_antennas.csv,retained,Libyana,137974620757589,
collected:600,radio-3068ca316f09f02c,False,data/new_data/libya_collected_antennas/cellmapper/cellmapper_libya_antennas.csv,retained,Libyana,137974620757589,
collected:601,radio-3068ca316f09f02c,False,data/new_data/libya_collected_antennas/cellmapper/cellmapper_libya_antennas.csv,retained,Libyana,137974620757589,
collected:556,radio-10d7e40fafb8a642,False,data/new_data/libya_collected_antennas/cellmapper/cellmapper_libya_antennas.csv,retained,Libyana,228241077320919,
collected:557,radio-10d7e40fafb8a642,False,data/new_data/libya_collected_antennas/cellmapper/cellmapper_libya_antennas.csv,retained,Libyana,228241077320919,
collected:558,radio-10d7e40fafb8a642,False,data/new_data/libya_collected_antennas/cellmapper/cellmapper_libya_antennas.csv,retained,Libyana,228241077320919,
collected:559,radio-10d7e40fafb8a642,False,data/new_data/libya_collected_antennas/cellmapper/cellmapper_libya_antennas.csv,retained,Libyana,228241077320919,
collected:560,radio-10d7e40fafb8a642,False,data/new_data/libya_collected_antennas/cellmapper/cellmapper_libya_antennas.csv,retained,Libyana,228241077320919,
collected:561,radio-10d7e40fafb8a642,False,data/new_data/libya_collected_antennas/cellmapper/cellmapper_libya_antennas.csv,retained,Libyana,228241077320919,
sqlite:720,radio-d3d58d1a4e05b2ad,False,Libyan_cells_dataset/cells.sqlite3,retained,Libyana,140286788796860,818
sqlite:1173,radio-8dc56551c84dd46f,False,Libyan_cells_dataset/cells.sqlite3,retained,Libyana,3966475545940,299
collected:407,radio-8dc56551c84dd46f,False,data/new_data/libya_collected_antennas/cellmapper/cellmapper_libya_antennas.csv,retained,Libyana,3966475545940,
collected:408,radio-8dc56551c84dd46f,False,data/new_data/libya_collected_antennas/cellmapper/cellmapper_libya_antennas.csv,retained,Libyana,3966475545940,
collected:409,radio-8dc56551c84dd46f,False,data/new_data/libya_collected_antennas/cellmapper/cellmapper_libya_antennas.csv,retained,Libyana,3966475545940,
collected:410,radio-8dc56551c84dd46f,False,data/new_data/libya_collected_antennas/cellmapper/cellmapper_libya_antennas.csv,retained,Libyana,3966475545940,
collected:411,radio-8dc56551c84dd46f,False,data/new_data/libya_collected_antennas/cellmapper/cellmapper_libya_antennas.csv,retained,Libyana,3966475545940,
collected:412,radio-8dc56551c84dd46f,False,data/new_data/libya_collected_antennas/cellmapper/cellmapper_libya_antennas.csv,retained,Libyana,3966475545940,
collected:1626,radio-4a6303929612dd6f,False,data/new_data/libya_collected_antennas/cellmapper/cellmapper_libya_antennas.csv,retained,Libyana,135400222987264,
collected:1627,radio-4a6303929612dd6f,False,data/new_data/libya_collected_antennas/cellmapper/cellmapper_libya_antennas.csv,retained,Libyana,135400222987264,
collected:1628,radio-4a6303929612dd6f,False,data/new_data/libya_collected_antennas/cellmapper/cellmapper_libya_antennas.csv,retained,Libyana,135400222987264,
collected:1629,radio-4a6303929612dd6f,False,data/new_data/libya_collected_antennas/cellmapper/cellmapper_libya_antennas.csv,retained,Libyana,135400222987264,
collected:1630,radio-4a6303929612dd6f,False,data/new_data/libya_collected_antennas/cellmapper/cellmapper_libya_antennas.csv,retained,Libyana,135400222987264,
collected:1631,radio-4a6303929612dd6f,False,data/new_data/libya_collected_antennas/cellmapper/cellmapper_libya_antennas.csv,retained,Libyana,135400222987264,
collected:1632,radio-4a6303929612dd6f,False,data/new_data/libya_collected_antennas/cellmapper/cellmapper_libya_antennas.csv,retained,Libyana,135400222987264,
collected:1633,radio-4a6303929612dd6f,False,data/new_data/libya_collected_antennas/cellmapper/cellmapper_libya_antennas.csv,retained,Libyana,135400222987264,
collected:1634,radio-4a6303929612dd6f,False,data/new_data/libya_collected_antennas/cellmapper/cellmapper_libya_antennas.csv,retained,Libyana,135400222987264,
collected:1635,radio-4a6303929612dd6f,False,data/new_data/libya_collected_antennas/cellmapper/cellmapper_libya_antennas.csv,retained,Libyana,135400222987264,
collected:1878,radio-e2dd20fcbbfd5206,False,data/new_data/libya_collected_antennas/cellmapper/cellmapper_libya_antennas.csv,retained,Libyana,88297991971258,
collected:1879,radio-e2dd20fcbbfd5206,False,data/new_data/libya_collected_antennas/cellmapper/cellmapper_libya_antennas.csv,retained,Libyana,88297991971258,
collected:1919,radio-0ee7ebb012e19d15,False,data/new_data/libya_collected_antennas/cellmapper/cellmapper_libya_antennas.csv,retained,Libyana,207661519698436,
collected:1920,radio-0ee7ebb012e19d15,False,data/new_data/libya_collected_antennas/cellmapper/cellmapper_libya_antennas.csv,retained,Libyana,207661519698436,
collected:1921,radio-0ee7ebb012e19d15,False,data/new_data/libya_collected_antennas/cellmapper/cellmapper_libya_antennas.csv,retained,Libyana,207661519698436,
collected:1922,radio-0ee7ebb012e19d15,False,data/new_data/libya_collected_antennas/cellmapper/cellmapper_libya_antennas.csv,retained,Libyana,207661519698436,
collected:1923,radio-0ee7ebb012e19d15,False,data/new_data/libya_collected_antennas/cellmapper/cellmapper_libya_antennas.csv,retained,Libyana,207661519698436,
collected:1924,radio-0ee7ebb012e19d15,False,data/new_data/libya_collected_antennas/cellmapper/cellmapper_libya_antennas.csv,retained,Libyana,207661519698436,
collected:1925,radio-0ee7ebb012e19d15,False,data/new_data/libya_collected_antennas/cellmapper/cellmapper_libya_antennas.csv,retained,Libyana,207661519698436,
collected:1926,radio-0ee7ebb012e19d15,False,data/new_data/libya_collected_antennas/cellmapper/cellmapper_libya_antennas.csv,retained,Libyana,207661519698436,
collected:1927,radio-0ee7ebb012e19d15,False,data/new_data/libya_collected_antennas/cellmapper/cellmapper_libya_antennas.csv,retained,Libyana,207661519698436,
collected:1928,radio-0ee7ebb012e19d15,False,data/new_data/libya_collected_antennas/cellmapper/cellmapper_libya_antennas.csv,retained,Libyana,207661519698436,
collected:1929,radio-0ee7ebb012e19d15,False,data/new_data/libya_collected_antennas/cellmapper/cellmapper_libya_antennas.csv,retained,Libyana,207661519698436,
collected:1930,radio-0ee7ebb012e19d15,False,data/new_data/libya_collected_antennas/cellmapper/cellmapper_libya_antennas.csv,retained,Libyana,207661519698436,
collected:1931,radio-0ee7ebb012e19d15,False,data/new_data/libya_collected_antennas/cellmapper/cellmapper_libya_antennas.csv,retained,Libyana,207661519698436,
collected:1932,radio-0ee7ebb012e19d15,False,data/new_data/libya_collected_antennas/cellmapper/cellmapper_libya_antennas.csv,retained,Libyana,207661519698436,
collected:1933,radio-0ee7ebb012e19d15,False,data/new_data/libya_collected_antennas/cellmapper/cellmapper_libya_antennas.csv,retained,Libyana,207661519698436,
collected:1934,radio-0ee7ebb012e19d15,False,data/new_data/libya_collected_antennas/cellmapper/cellmapper_libya_antennas.csv,retained,Libyana,207661519698436,
collected:1968,radio-09bb4e5ec8a809ce,False,data/new_data/libya_collected_antennas/cellmapper/cellmapper_libya_antennas.csv,retained,Libyana,234473506550635,
collected:1969,radio-09bb4e5ec8a809ce,False,data/new_data/libya_collected_antennas/cellmapper/cellmapper_libya_antennas.csv,retained,Libyana,234473506550635,
collected:2052,radio-7b12e1e9d958482f,False,data/new_data/libya_collected_antennas/cellmapper/cellmapper_libya_antennas.csv,retained,Libyana,102807718835135,
sqlite:757,radio-43ea9ff14d5f684a,False,Libyan_cells_dataset/cells.sqlite3,retained,Libyana,119645844527164,819
collected:2055,radio-43ea9ff14d5f684a,False,data/new_data/libya_collected_antennas/cellmapper/cellmapper_libya_antennas.csv,retained,Libyana,119645844527164,
collected:2056,radio-43ea9ff14d5f684a,False,data/new_data/libya_collected_antennas/cellmapper/cellmapper_libya_antennas.csv,retained,Libyana,119645844527164,
collected:2057,radio-43ea9ff14d5f684a,False,data/new_data/libya_collected_antennas/cellmapper/cellmapper_libya_antennas.csv,retained,Libyana,119645844527164,
collected:2058,radio-43ea9ff14d5f684a,False,data/new_data/libya_collected_antennas/cellmapper/cellmapper_libya_antennas.csv,retained,Libyana,119645844527164,
collected:2059,radio-43ea9ff14d5f684a,False,data/new_data/libya_collected_antennas/cellmapper/cellmapper_libya_antennas.csv,retained,Libyana,119645844527164,
collected:2060,radio-43ea9ff14d5f684a,False,data/new_data/libya_collected_antennas/cellmapper/cellmapper_libya_antennas.csv,retained,Libyana,119645844527164,
collected:404,radio-10ce430415eca4a0,False,data/new_data/libya_collected_antennas/cellmapper/cellmapper_libya_antennas.csv,retained,Libyana,271103639356189,
collected:405,radio-10ce430415eca4a0,False,data/new_data/libya_collected_antennas/cellmapper/cellmapper_libya_antennas.csv,retained,Libyana,271103639356189,
collected:406,radio-10ce430415eca4a0,False,data/new_data/libya_collected_antennas/cellmapper/cellmapper_libya_antennas.csv,retained,Libyana,271103639356189,
collected:2309,radio-1ddfbb416374528d,False,data/new_data/libya_collected_antennas/cellmapper/cellmapper_libya_antennas.csv,retained,Libyana,235829529601316,
collected:2310,radio-1ddfbb416374528d,False,data/new_data/libya_collected_antennas/cellmapper/cellmapper_libya_antennas.csv,retained,Libyana,235829529601316,
collected:2311,radio-1ddfbb416374528d,False,data/new_data/libya_collected_antennas/cellmapper/cellmapper_libya_antennas.csv,retained,Libyana,235829529601316,
collected:2443,radio-522f891264bc0308,False,data/new_data/libya_collected_antennas/cellmapper/cellmapper_libya_antennas.csv,retained,Libyana,183992362285734,
collected:2444,radio-522f891264bc0308,False,data/new_data/libya_collected_antennas/cellmapper/cellmapper_libya_antennas.csv,retained,Libyana,183992362285734,
collected:2445,radio-522f891264bc0308,False,data/new_data/libya_collected_antennas/cellmapper/cellmapper_libya_antennas.csv,retained,Libyana,183992362285734,
collected:2446,radio-522f891264bc0308,False,data/new_data/libya_collected_antennas/cellmapper/cellmapper_libya_antennas.csv,retained,Libyana,183992362285734,
collected:2447,radio-522f891264bc0308,False,data/new_data/libya_collected_antennas/cellmapper/cellmapper_libya_antennas.csv,retained,Libyana,183992362285734,
collected:2448,radio-522f891264bc0308,False,data/new_data/libya_collected_antennas/cellmapper/cellmapper_libya_antennas.csv,retained,Libyana,183992362285734,
collected:2449,radio-522f891264bc0308,False,data/new_data/libya_collected_antennas/cellmapper/cellmapper_libya_antennas.csv,retained,Libyana,183992362285734,
collected:2450,radio-522f891264bc0308,False,data/new_data/libya_collected_antennas/cellmapper/cellmapper_libya_antennas.csv,retained,Libyana,183992362285734,
collected:646,radio-6a54cc6afa101dbb,False,data/new_data/libya_collected_antennas/cellmapper/cellmapper_libya_antennas.csv,retained,Libyana,139851512745564,
collected:647,radio-6a54cc6afa101dbb,False,data/new_data/libya_collected_antennas/cellmapper/cellmapper_libya_antennas.csv,retained,Libyana,139851512745564,
collected:616,radio-2c17e981c3cd925e,False,data/new_data/libya_collected_antennas/cellmapper/cellmapper_libya_antennas.csv,retained,Libyana,247537049756279,
collected:617,radio-2c17e981c3cd925e,False,data/new_data/libya_collected_antennas/cellmapper/cellmapper_libya_antennas.csv,retained,Libyana,247537049756279,
collected:618,radio-2c17e981c3cd925e,False,data/new_data/libya_collected_antennas/cellmapper/cellmapper_libya_antennas.csv,retained,Libyana,247537049756279,
collected:619,radio-2c17e981c3cd925e,False,data/new_data/libya_collected_antennas/cellmapper/cellmapper_libya_antennas.csv,retained,Libyana,247537049756279,
collected:620,radio-2c17e981c3cd925e,False,data/new_data/libya_collected_antennas/cellmapper/cellmapper_libya_antennas.csv,retained,Libyana,247537049756279,
collected:621,radio-2c17e981c3cd925e,False,data/new_data/libya_collected_antennas/cellmapper/cellmapper_libya_antennas.csv,retained,Libyana,247537049756279,
collected:622,radio-2c17e981c3cd925e,False,data/new_data/libya_collected_antennas/cellmapper/cellmapper_libya_antennas.csv,retained,Libyana,247537049756279,
collected:623,radio-2c17e981c3cd925e,False,data/new_data/libya_collected_antennas/cellmapper/cellmapper_libya_antennas.csv,retained,Libyana,247537049756279,
collected:624,radio-2c17e981c3cd925e,False,data/new_data/libya_collected_antennas/cellmapper/cellmapper_libya_antennas.csv,retained,Libyana,247537049756279,
sqlite:780,radio-ed7650d7301f9c70,False,Libyan_cells_dataset/cells.sqlite3,retained,Libyana,141477256350034,820
collected:625,radio-ed7650d7301f9c70,False,data/new_data/libya_collected_antennas/cellmapper/cellmapper_libya_antennas.csv,retained,Libyana,141477256350034,
collected:626,radio-ed7650d7301f9c70,False,data/new_data/libya_collected_antennas/cellmapper/cellmapper_libya_antennas.csv,retained,Libyana,141477256350034,
sqlite:795,radio-5b29ede85f1cd3be,False,Libyan_cells_dataset/cells.sqlite3,retained,Libyana,162697167591335,821
collected:610,radio-041ed1ccbc2fd220,False,data/new_data/libya_collected_antennas/cellmapper/cellmapper_libya_antennas.csv,retained,Libyana,84046471935543,
collected:611,radio-041ed1ccbc2fd220,False,data/new_data/libya_collected_antennas/cellmapper/cellmapper_libya_antennas.csv,retained,Libyana,84046471935543,
collected:612,radio-041ed1ccbc2fd220,False,data/new_data/libya_collected_antennas/cellmapper/cellmapper_libya_antennas.csv,retained,Libyana,84046471935543,
collected:613,radio-041ed1ccbc2fd220,False,data/new_data/libya_collected_antennas/cellmapper/cellmapper_libya_antennas.csv,retained,Libyana,84046471935543,
collected:614,radio-041ed1ccbc2fd220,False,data/new_data/libya_collected_antennas/cellmapper/cellmapper_libya_antennas.csv,retained,Libyana,84046471935543,
collected:615,radio-041ed1ccbc2fd220,False,data/new_data/libya_collected_antennas/cellmapper/cellmapper_libya_antennas.csv,retained,Libyana,84046471935543,
sqlite:1313,radio-88d8ef08b410b744,False,Libyan_cells_dataset/cells.sqlite3,retained,Libyana,64065204517105,822
collected:627,radio-d7e9a40df8fcde74,False,data/new_data/libya_collected_antennas/cellmapper/cellmapper_libya_antennas.csv,retained,Libyana,111613623499620,
collected:628,radio-d7e9a40df8fcde74,False,data/new_data/libya_collected_antennas/cellmapper/cellmapper_libya_antennas.csv,retained,Libyana,111613623499620,
sqlite:798,radio-99fa93819ccbb23e,False,Libyan_cells_dataset/cells.sqlite3,retained,Libyana,149672486904482,823
sqlite:778,radio-25d5740dee118e15,False,Libyan_cells_dataset/cells.sqlite3,retained,Libyana,9924770069499,824
sqlite:719,radio-7baf6c1f5b1132d6,False,Libyan_cells_dataset/cells.sqlite3,retained,Libyana,200200136874721,825
sqlite:714,radio-85e9dd7d20fc8e08,False,Libyan_cells_dataset/cells.sqlite3,retained,Libyana,162864863099705,826
sqlite:1316,radio-7bf0c27dcc3bb04e,False,Libyan_cells_dataset/cells.sqlite3,retained,Libyana,229909792296979,827
sqlite:1284,radio-e907d99289ff4273,False,Libyan_cells_dataset/cells.sqlite3,retained,Libyana,129117122050873,852
sqlite:1301,radio-2933b67a105f8da1,False,Libyan_cells_dataset/cells.sqlite3,retained,Libyana,105152282362700,853
sqlite:1300,radio-66eba89262d09e0f,False,Libyan_cells_dataset/cells.sqlite3,retained,Libyana,139632805096220,854
sqlite:707,radio-2bf6933d974693ad,False,Libyan_cells_dataset/cells.sqlite3,retained,Libyana,268070285792356,855
sqlite:1291,radio-019de2bce6c54fc3,False,Libyan_cells_dataset/cells.sqlite3,retained,Libyana,269103443488153,856
sqlite:1292,radio-0bf9bdc1e681bcfb,False,Libyan_cells_dataset/cells.sqlite3,retained,Libyana,110430330168661,857
sqlite:1298,radio-9899fc45043fd236,False,Libyan_cells_dataset/cells.sqlite3,retained,Libyana,241059215928765,858
sqlite:1286,radio-12f2005d10660c05,False,Libyan_cells_dataset/cells.sqlite3,retained,Libyana,27641921097197,859
sqlite:1289,radio-d547faf6e8f547f9,False,Libyan_cells_dataset/cells.sqlite3,retained,Libyana,144576718956403,860
sqlite:1290,radio-6171a2a7ee35f66f,False,Libyan_cells_dataset/cells.sqlite3,retained,Libyana,137907133291198,861
sqlite:1288,radio-9d9e02511db6d5e7,False,Libyan_cells_dataset/cells.sqlite3,retained,Libyana,42818665311721,862
sqlite:1297,radio-03c95436101d0b1c,False,Libyan_cells_dataset/cells.sqlite3,retained,Libyana,168148077846082,863
sqlite:1294,radio-29e5f61ba3c5f856,False,Libyan_cells_dataset/cells.sqlite3,retained,Libyana,179808552104225,864
sqlite:1305,radio-a59fcf2f7f0c9194,False,Libyan_cells_dataset/cells.sqlite3,retained,Libyana,124626828367336,865
sqlite:717,radio-5c6cbca750e4ddec,False,Libyan_cells_dataset/cells.sqlite3,retained,Libyana,177769758934742,866
sqlite:1306,radio-5f8681f02bc533b1,False,Libyan_cells_dataset/cells.sqlite3,retained,Libyana,84377713077272,867
sqlite:1303,radio-abfc42b12d3a06b0,False,Libyan_cells_dataset/cells.sqlite3,retained,Libyana,71146470871187,868
sqlite:1293,radio-0696ae0af9fd0512,False,Libyan_cells_dataset/cells.sqlite3,retained,Libyana,115445027696234,869
sqlite:1287,radio-9e1b5a530b42ead2,False,Libyan_cells_dataset/cells.sqlite3,retained,Libyana,87381306606344,870
sqlite:1296,radio-585edd649636d748,False,Libyan_cells_dataset/cells.sqlite3,retained,Libyana,45004468301188,871
sqlite:1295,radio-87d241e5a74088af,False,Libyan_cells_dataset/cells.sqlite3,retained,Libyana,231863137304023,872
sqlite:1299,radio-a1f963943d26fab6,False,Libyan_cells_dataset/cells.sqlite3,retained,Libyana,32312265647958,873
sqlite:1302,radio-a51f72b5d055dac2,False,Libyan_cells_dataset/cells.sqlite3,retained,Libyana,22194071999478,874
sqlite:1304,radio-96ae0c72b90c2953,False,Libyan_cells_dataset/cells.sqlite3,retained,Libyana,199273156158896,875
sqlite:1035,radio-fa4fa4986f87ef5d,False,Libyan_cells_dataset/cells.sqlite3,retained,Libyana,86708255429006,876
sqlite:1048,radio-3268d3f4eac01725,False,Libyan_cells_dataset/cells.sqlite3,retained,Libyana,140240333171975,877
sqlite:1029,radio-9024392ff0568be6,False,Libyan_cells_dataset/cells.sqlite3,retained,Libyana,50313605814342,878
sqlite:1049,radio-b29d2a0828ffae9c,False,Libyan_cells_dataset/cells.sqlite3,retained,Libyana,15947882865726,879
sqlite:1030,radio-3c1e62383506b86b,False,Libyan_cells_dataset/cells.sqlite3,retained,Libyana,50313605814342,878
sqlite:1028,radio-00698726561a4da9,False,Libyan_cells_dataset/cells.sqlite3,retained,Libyana,105971580271926,880
sqlite:1026,radio-34aea51c08ae53e2,False,Libyan_cells_dataset/cells.sqlite3,retained,Libyana,255533789052579,881
sqlite:1061,radio-8ef928cde52fb406,False,Libyan_cells_dataset/cells.sqlite3,retained,Libyana,194169329444186,882
sqlite:1034,radio-9142e3e12359b6fd,False,Libyan_cells_dataset/cells.sqlite3,retained,Libyana,214389454302029,883
sqlite:1032,radio-9a389e375ec90a52,False,Libyan_cells_dataset/cells.sqlite3,retained,Libyana,30310058285625,884
sqlite:753,radio-53fdeddf56ece8c1,False,Libyan_cells_dataset/cells.sqlite3,retained,Libyana,34550016165447,885
sqlite:1050,radio-e6c6a2c269fad700,False,Libyan_cells_dataset/cells.sqlite3,retained,Libyana,96733258588560,886
sqlite:1023,radio-02b163d7318522e8,False,Libyan_cells_dataset/cells.sqlite3,retained,Libyana,178187770030301,887
sqlite:1031,radio-5c80c627cab1a16c,False,Libyan_cells_dataset/cells.sqlite3,retained,Libyana,101165047390518,888
sqlite:1058,radio-c26c9ca6903b5cc6,False,Libyan_cells_dataset/cells.sqlite3,retained,Libyana,97651544610190,889
sqlite:1039,radio-71ab0406fb5a178b,False,Libyan_cells_dataset/cells.sqlite3,retained,Libyana,256623831283185,891
sqlite:1022,radio-955f4310df32d8ce,False,Libyan_cells_dataset/cells.sqlite3,retained,Libyana,186942042224685,892
sqlite:1033,radio-cce6f1d157cc4212,False,Libyan_cells_dataset/cells.sqlite3,retained,Libyana,32970051885880,893
sqlite:1060,radio-9db6f7ea62d203db,False,Libyan_cells_dataset/cells.sqlite3,retained,Libyana,210888709402872,894
sqlite:1046,radio-60dfcc1622016e56,False,Libyan_cells_dataset/cells.sqlite3,retained,Libyana,261691172287819,895
sqlite:1037,radio-96a3c1281f56cac4,False,Libyan_cells_dataset/cells.sqlite3,retained,Libyana,184910422265761,896
sqlite:1064,radio-66919aa3106eec3a,False,Libyan_cells_dataset/cells.sqlite3,retained,Libyana,76123126208357,897
sqlite:1065,radio-ba62e8ece50ba41e,False,Libyan_cells_dataset/cells.sqlite3,retained,Libyana,3361195176071,898
sqlite:1038,radio-ea01b0b5ffb9f541,False,Libyan_cells_dataset/cells.sqlite3,retained,Libyana,189184493243318,899
sqlite:1018,radio-72336f63ed5afe97,False,Libyan_cells_dataset/cells.sqlite3,retained,Libyana,216143700192919,900
sqlite:1021,radio-fd4beea4f11ed169,False,Libyan_cells_dataset/cells.sqlite3,retained,Libyana,166446572339052,364
sqlite:1012,radio-c79b4a52e1ecf0be,False,Libyan_cells_dataset/cells.sqlite3,retained,Libyana,92169253378170,901
sqlite:1036,radio-4a2b620dbf98681d,False,Libyan_cells_dataset/cells.sqlite3,retained,Libyana,219054150270576,902
sqlite:1045,radio-09effa595a166d3b,False,Libyan_cells_dataset/cells.sqlite3,retained,Libyana,256222140284268,903
sqlite:1047,radio-0b124c5bac39782d,False,Libyan_cells_dataset/cells.sqlite3,retained,Libyana,189618002383950,904
sqlite:985,radio-b98e034846d5781d,False,Libyan_cells_dataset/cells.sqlite3,retained,Libyana,244437433045566,905
sqlite:983,radio-f4025d76d52849e2,False,Libyan_cells_dataset/cells.sqlite3,retained,Libyana,10858007593442,906
sqlite:1020,radio-286fda3a3f34b71c,False,Libyan_cells_dataset/cells.sqlite3,retained,Libyana,227786842916776,907
sqlite:968,radio-d626e7076ed46512,False,Libyan_cells_dataset/cells.sqlite3,retained,Libyana,108624996551188,430
sqlite:969,radio-82b3625237dc6679,False,Libyan_cells_dataset/cells.sqlite3,retained,Libyana,208037196478660,908
sqlite:1017,radio-465976f81c8e0ccc,False,Libyan_cells_dataset/cells.sqlite3,retained,Libyana,248911147603157,909
sqlite:1025,radio-7249e209e54511b7,False,Libyan_cells_dataset/cells.sqlite3,retained,Libyana,127443142794241,910
sqlite:979,radio-aacdad782cf8851d,False,Libyan_cells_dataset/cells.sqlite3,retained,Libyana,194095607407979,911
sqlite:984,radio-436937d373617668,False,Libyan_cells_dataset/cells.sqlite3,retained,Libyana,169177532804617,912
sqlite:1024,radio-6eb6a9df16166d80,False,Libyan_cells_dataset/cells.sqlite3,retained,Libyana,209614295020149,913
sqlite:1084,radio-6fa4dc7d6dcf9f73,False,Libyan_cells_dataset/cells.sqlite3,retained,Libyana,210774181535284,914
sqlite:991,radio-5b498f02f97f410c,False,Libyan_cells_dataset/cells.sqlite3,retained,Libyana,144480544638263,915
sqlite:1019,radio-1ba05a50655c2c75,False,Libyan_cells_dataset/cells.sqlite3,retained,Libyana,103775619765228,916
sqlite:1013,radio-5c2276e426161c21,False,Libyan_cells_dataset/cells.sqlite3,retained,Libyana,93181128770051,917
sqlite:1016,radio-bd87ff656e04e984,False,Libyan_cells_dataset/cells.sqlite3,retained,Libyana,199342788122899,918
sqlite:1283,radio-0aefba79664bbc30,False,Libyan_cells_dataset/cells.sqlite3,retained,Libyana,215701432320015,181
sqlite:740,radio-86ec53f581b6be44,False,Libyan_cells_dataset/cells.sqlite3,retained,Libyana,78756783095883,919
sqlite:1281,radio-faecc57d7fd781e0,False,Libyan_cells_dataset/cells.sqlite3,retained,Libyana,9055744350636,920
sqlite:1087,radio-e096881c814eb0d4,False,Libyan_cells_dataset/cells.sqlite3,retained,Libyana,85902311586483,921
sqlite:1081,radio-88426fac2f4663ca,False,Libyan_cells_dataset/cells.sqlite3,retained,Libyana,42870295980249,922
sqlite:1091,radio-870526b2a51cab85,False,Libyan_cells_dataset/cells.sqlite3,retained,Libyana,188598468652144,923
sqlite:1082,radio-a7cb75a2e3802a9e,False,Libyan_cells_dataset/cells.sqlite3,retained,Libyana,235441652373978,924
sqlite:1085,radio-65112f05f0c3352f,False,Libyan_cells_dataset/cells.sqlite3,retained,Libyana,30454631386247,925
sqlite:1086,radio-80fc6f5079795801,False,Libyan_cells_dataset/cells.sqlite3,retained,Libyana,208818762017827,926
sqlite:800,radio-b7edfce0ad2a7753,False,Libyan_cells_dataset/cells.sqlite3,retained,Libyana,30454631386247,925
sqlite:1095,radio-d9bd318dba027475,False,Libyan_cells_dataset/cells.sqlite3,retained,Libyana,237355452719741,927
sqlite:1080,radio-b6fcd500ebc53c10,False,Libyan_cells_dataset/cells.sqlite3,retained,Libyana,206601011234325,928
sqlite:1076,radio-e222dcfc192c62a0,False,Libyan_cells_dataset/cells.sqlite3,retained,Libyana,46845692755427,929
sqlite:1093,radio-0c2682e5e743b7cc,False,Libyan_cells_dataset/cells.sqlite3,retained,Libyana,26650975735525,930
sqlite:1094,radio-70659fd0caec3082,False,Libyan_cells_dataset/cells.sqlite3,retained,Libyana,223611407487850,931
sqlite:1015,radio-8a97c95ed0eddba3,False,Libyan_cells_dataset/cells.sqlite3,retained,Libyana,58322560198623,932
sqlite:1083,radio-2dc1f6e93a0270f9,False,Libyan_cells_dataset/cells.sqlite3,retained,Libyana,250932881850191,933
sqlite:1090,radio-bccc234ab240b625,False,Libyan_cells_dataset/cells.sqlite3,retained,Libyana,19041938216042,934
sqlite:1054,radio-c5ceabe52846f810,False,Libyan_cells_dataset/cells.sqlite3,retained,Libyana,169152509371584,935
sqlite:1077,radio-e71acac0ed9386c0,False,Libyan_cells_dataset/cells.sqlite3,retained,Libyana,182817042917869,936
sqlite:1096,radio-0eb7c6c984e7f722,False,Libyan_cells_dataset/cells.sqlite3,retained,Libyana,191161959758674,937
sqlite:1027,radio-16b8b7ec424c673e,False,Libyan_cells_dataset/cells.sqlite3,retained,Libyana,158665634552695,938
sqlite:1078,radio-c9a63b388cd34ad6,False,Libyan_cells_dataset/cells.sqlite3,retained,Libyana,217119371720881,939
sqlite:1075,radio-ae7aa31c46fcf320,False,Libyan_cells_dataset/cells.sqlite3,retained,Libyana,94598490440267,940
sqlite:1014,radio-0535cdba68748dc3,False,Libyan_cells_dataset/cells.sqlite3,retained,Libyana,90578904859652,941
sqlite:974,radio-ab5904fe40c41318,False,Libyan_cells_dataset/cells.sqlite3,retained,Libyana,188267124198428,942
sqlite:1092,radio-8250dcb4f91cdda1,False,Libyan_cells_dataset/cells.sqlite3,retained,Libyana,250970232000853,943
sqlite:1089,radio-1738f80038bd3fa5,False,Libyan_cells_dataset/cells.sqlite3,retained,Libyana,18395785994196,944
sqlite:1011,radio-f2503b8a1fca1721,False,Libyan_cells_dataset/cells.sqlite3,retained,Libyana,239079652213010,945
collected:1636,radio-d1516e4164a67e7e,False,data/new_data/libya_collected_antennas/cellmapper/cellmapper_libya_antennas.csv,retained,Libyana,95915596421985,
collected:1637,radio-d1516e4164a67e7e,False,data/new_data/libya_collected_antennas/cellmapper/cellmapper_libya_antennas.csv,retained,Libyana,95915596421985,
collected:1638,radio-d1516e4164a67e7e,False,data/new_data/libya_collected_antennas/cellmapper/cellmapper_libya_antennas.csv,retained,Libyana,95915596421985,
collected:1639,radio-d1516e4164a67e7e,False,data/new_data/libya_collected_antennas/cellmapper/cellmapper_libya_antennas.csv,retained,Libyana,95915596421985,
collected:1640,radio-d1516e4164a67e7e,False,data/new_data/libya_collected_antennas/cellmapper/cellmapper_libya_antennas.csv,retained,Libyana,95915596421985,
collected:1641,radio-d1516e4164a67e7e,False,data/new_data/libya_collected_antennas/cellmapper/cellmapper_libya_antennas.csv,retained,Libyana,95915596421985,
collected:113,radio-6742ddf7c45a60c2,False,data/new_data/libya_collected_antennas/cellmapper/cellmapper_libya_antennas.csv,retained,Libyana,75686355639875,
collected:114,radio-6742ddf7c45a60c2,False,data/new_data/libya_collected_antennas/cellmapper/cellmapper_libya_antennas.csv,retained,Libyana,75686355639875,
collected:115,radio-6742ddf7c45a60c2,False,data/new_data/libya_collected_antennas/cellmapper/cellmapper_libya_antennas.csv,retained,Libyana,75686355639875,
collected:116,radio-6742ddf7c45a60c2,False,data/new_data/libya_collected_antennas/cellmapper/cellmapper_libya_antennas.csv,retained,Libyana,75686355639875,
collected:117,radio-6742ddf7c45a60c2,False,data/new_data/libya_collected_antennas/cellmapper/cellmapper_libya_antennas.csv,retained,Libyana,75686355639875,
collected:118,radio-6742ddf7c45a60c2,False,data/new_data/libya_collected_antennas/cellmapper/cellmapper_libya_antennas.csv,retained,Libyana,75686355639875,
collected:119,radio-6742ddf7c45a60c2,False,data/new_data/libya_collected_antennas/cellmapper/cellmapper_libya_antennas.csv,retained,Libyana,75686355639875,
collected:120,radio-6742ddf7c45a60c2,False,data/new_data/libya_collected_antennas/cellmapper/cellmapper_libya_antennas.csv,retained,Libyana,75686355639875,
collected:121,radio-6742ddf7c45a60c2,False,data/new_data/libya_collected_antennas/cellmapper/cellmapper_libya_antennas.csv,retained,Libyana,75686355639875,
collected:122,radio-6742ddf7c45a60c2,False,data/new_data/libya_collected_antennas/cellmapper/cellmapper_libya_antennas.csv,retained,Libyana,75686355639875,
collected:123,radio-6742ddf7c45a60c2,False,data/new_data/libya_collected_antennas/cellmapper/cellmapper_libya_antennas.csv,retained,Libyana,75686355639875,
collected:124,radio-6742ddf7c45a60c2,False,data/new_data/libya_collected_antennas/cellmapper/cellmapper_libya_antennas.csv,retained,Libyana,75686355639875,
collected:1642,radio-1191c1812cbdbdfb,False,data/new_data/libya_collected_antennas/cellmapper/cellmapper_libya_antennas.csv,retained,Libyana,127978047913114,
collected:1643,radio-1191c1812cbdbdfb,False,data/new_data/libya_collected_antennas/cellmapper/cellmapper_libya_antennas.csv,retained,Libyana,127978047913114,
collected:1644,radio-1191c1812cbdbdfb,False,data/new_data/libya_collected_antennas/cellmapper/cellmapper_libya_antennas.csv,retained,Libyana,127978047913114,
collected:1645,radio-1191c1812cbdbdfb,False,data/new_data/libya_collected_antennas/cellmapper/cellmapper_libya_antennas.csv,retained,Libyana,127978047913114,
collected:1646,radio-1191c1812cbdbdfb,False,data/new_data/libya_collected_antennas/cellmapper/cellmapper_libya_antennas.csv,retained,Libyana,127978047913114,
collected:1647,radio-1191c1812cbdbdfb,False,data/new_data/libya_collected_antennas/cellmapper/cellmapper_libya_antennas.csv,retained,Libyana,127978047913114,
collected:1648,radio-1191c1812cbdbdfb,False,data/new_data/libya_collected_antennas/cellmapper/cellmapper_libya_antennas.csv,retained,Libyana,127978047913114,
collected:1649,radio-1191c1812cbdbdfb,False,data/new_data/libya_collected_antennas/cellmapper/cellmapper_libya_antennas.csv,retained,Libyana,127978047913114,
collected:1650,radio-1191c1812cbdbdfb,False,data/new_data/libya_collected_antennas/cellmapper/cellmapper_libya_antennas.csv,retained,Libyana,127978047913114,
collected:1651,radio-1191c1812cbdbdfb,False,data/new_data/libya_collected_antennas/cellmapper/cellmapper_libya_antennas.csv,retained,Libyana,127978047913114,
collected:1652,radio-1191c1812cbdbdfb,False,data/new_data/libya_collected_antennas/cellmapper/cellmapper_libya_antennas.csv,retained,Libyana,127978047913114,
collected:1653,radio-1191c1812cbdbdfb,False,data/new_data/libya_collected_antennas/cellmapper/cellmapper_libya_antennas.csv,retained,Libyana,127978047913114,
collected:1654,radio-1191c1812cbdbdfb,False,data/new_data/libya_collected_antennas/cellmapper/cellmapper_libya_antennas.csv,retained,Libyana,127978047913114,
collected:1655,radio-1191c1812cbdbdfb,False,data/new_data/libya_collected_antennas/cellmapper/cellmapper_libya_antennas.csv,retained,Libyana,127978047913114,
collected:1656,radio-d4340fed91b9d3b5,False,data/new_data/libya_collected_antennas/cellmapper/cellmapper_libya_antennas.csv,retained,Libyana,123034953394333,
collected:1657,radio-d4340fed91b9d3b5,False,data/new_data/libya_collected_antennas/cellmapper/cellmapper_libya_antennas.csv,retained,Libyana,123034953394333,
collected:1658,radio-d4340fed91b9d3b5,False,data/new_data/libya_collected_antennas/cellmapper/cellmapper_libya_antennas.csv,retained,Libyana,123034953394333,
collected:1659,radio-d4340fed91b9d3b5,False,data/new_data/libya_collected_antennas/cellmapper/cellmapper_libya_antennas.csv,retained,Libyana,123034953394333,
collected:1660,radio-d4340fed91b9d3b5,False,data/new_data/libya_collected_antennas/cellmapper/cellmapper_libya_antennas.csv,retained,Libyana,123034953394333,
collected:1661,radio-d4340fed91b9d3b5,False,data/new_data/libya_collected_antennas/cellmapper/cellmapper_libya_antennas.csv,retained,Libyana,123034953394333,
collected:1662,radio-d4340fed91b9d3b5,False,data/new_data/libya_collected_antennas/cellmapper/cellmapper_libya_antennas.csv,retained,Libyana,123034953394333,
collected:1663,radio-d4340fed91b9d3b5,False,data/new_data/libya_collected_antennas/cellmapper/cellmapper_libya_antennas.csv,retained,Libyana,123034953394333,
collected:1664,radio-d4340fed91b9d3b5,False,data/new_data/libya_collected_antennas/cellmapper/cellmapper_libya_antennas.csv,retained,Libyana,123034953394333,
collected:1665,radio-d4340fed91b9d3b5,False,data/new_data/libya_collected_antennas/cellmapper/cellmapper_libya_antennas.csv,retained,Libyana,123034953394333,
collected:441,radio-8f7c4df0e72767b5,False,data/new_data/libya_collected_antennas/cellmapper/cellmapper_libya_antennas.csv,retained,Libyana,166187964550891,
collected:442,radio-8f7c4df0e72767b5,False,data/new_data/libya_collected_antennas/cellmapper/cellmapper_libya_antennas.csv,retained,Libyana,166187964550891,
collected:443,radio-8f7c4df0e72767b5,False,data/new_data/libya_collected_antennas/cellmapper/cellmapper_libya_antennas.csv,retained,Libyana,166187964550891,
collected:444,radio-8f7c4df0e72767b5,False,data/new_data/libya_collected_antennas/cellmapper/cellmapper_libya_antennas.csv,retained,Libyana,166187964550891,
collected:445,radio-8f7c4df0e72767b5,False,data/new_data/libya_collected_antennas/cellmapper/cellmapper_libya_antennas.csv,retained,Libyana,166187964550891,
collected:446,radio-8f7c4df0e72767b5,False,data/new_data/libya_collected_antennas/cellmapper/cellmapper_libya_antennas.csv,retained,Libyana,166187964550891,
collected:447,radio-8f7c4df0e72767b5,False,data/new_data/libya_collected_antennas/cellmapper/cellmapper_libya_antennas.csv,retained,Libyana,166187964550891,
collected:448,radio-8f7c4df0e72767b5,False,data/new_data/libya_collected_antennas/cellmapper/cellmapper_libya_antennas.csv,retained,Libyana,166187964550891,
collected:449,radio-8f7c4df0e72767b5,False,data/new_data/libya_collected_antennas/cellmapper/cellmapper_libya_antennas.csv,retained,Libyana,166187964550891,
collected:450,radio-8f7c4df0e72767b5,False,data/new_data/libya_collected_antennas/cellmapper/cellmapper_libya_antennas.csv,retained,Libyana,166187964550891,
collected:451,radio-8f7c4df0e72767b5,False,data/new_data/libya_collected_antennas/cellmapper/cellmapper_libya_antennas.csv,retained,Libyana,166187964550891,
collected:452,radio-8f7c4df0e72767b5,False,data/new_data/libya_collected_antennas/cellmapper/cellmapper_libya_antennas.csv,retained,Libyana,166187964550891,
collected:453,radio-8f7c4df0e72767b5,False,data/new_data/libya_collected_antennas/cellmapper/cellmapper_libya_antennas.csv,retained,Libyana,166187964550891,
collected:454,radio-8f7c4df0e72767b5,False,data/new_data/libya_collected_antennas/cellmapper/cellmapper_libya_antennas.csv,retained,Libyana,166187964550891,
collected:455,radio-8f7c4df0e72767b5,False,data/new_data/libya_collected_antennas/cellmapper/cellmapper_libya_antennas.csv,retained,Libyana,166187964550891,
collected:456,radio-8f7c4df0e72767b5,False,data/new_data/libya_collected_antennas/cellmapper/cellmapper_libya_antennas.csv,retained,Libyana,166187964550891,
collected:457,radio-8f7c4df0e72767b5,False,data/new_data/libya_collected_antennas/cellmapper/cellmapper_libya_antennas.csv,retained,Libyana,166187964550891,
sqlite:951,radio-1833f873f23dcb9e,False,Libyan_cells_dataset/cells.sqlite3,retained,Libyana,107906266586845,946
collected:2061,radio-3e3b938e9e7af53e,False,data/new_data/libya_collected_antennas/cellmapper/cellmapper_libya_antennas.csv,retained,Libyana,280646288815939,
collected:2062,radio-3e3b938e9e7af53e,False,data/new_data/libya_collected_antennas/cellmapper/cellmapper_libya_antennas.csv,retained,Libyana,280646288815939,
collected:2063,radio-3e3b938e9e7af53e,False,data/new_data/libya_collected_antennas/cellmapper/cellmapper_libya_antennas.csv,retained,Libyana,280646288815939,
collected:2064,radio-3e3b938e9e7af53e,False,data/new_data/libya_collected_antennas/cellmapper/cellmapper_libya_antennas.csv,retained,Libyana,280646288815939,
collected:2065,radio-3e3b938e9e7af53e,False,data/new_data/libya_collected_antennas/cellmapper/cellmapper_libya_antennas.csv,retained,Libyana,280646288815939,
collected:2066,radio-3e3b938e9e7af53e,False,data/new_data/libya_collected_antennas/cellmapper/cellmapper_libya_antennas.csv,retained,Libyana,280646288815939,
collected:2067,radio-3e3b938e9e7af53e,False,data/new_data/libya_collected_antennas/cellmapper/cellmapper_libya_antennas.csv,retained,Libyana,280646288815939,
collected:2068,radio-3e3b938e9e7af53e,False,data/new_data/libya_collected_antennas/cellmapper/cellmapper_libya_antennas.csv,retained,Libyana,280646288815939,
collected:2069,radio-3e3b938e9e7af53e,False,data/new_data/libya_collected_antennas/cellmapper/cellmapper_libya_antennas.csv,retained,Libyana,280646288815939,
collected:2070,radio-3e3b938e9e7af53e,False,data/new_data/libya_collected_antennas/cellmapper/cellmapper_libya_antennas.csv,retained,Libyana,280646288815939,
collected:2071,radio-3e3b938e9e7af53e,False,data/new_data/libya_collected_antennas/cellmapper/cellmapper_libya_antennas.csv,retained,Libyana,280646288815939,
collected:2072,radio-3e3b938e9e7af53e,False,data/new_data/libya_collected_antennas/cellmapper/cellmapper_libya_antennas.csv,retained,Libyana,280646288815939,
collected:2073,radio-3e3b938e9e7af53e,False,data/new_data/libya_collected_antennas/cellmapper/cellmapper_libya_antennas.csv,retained,Libyana,280646288815939,
collected:2074,radio-3e3b938e9e7af53e,False,data/new_data/libya_collected_antennas/cellmapper/cellmapper_libya_antennas.csv,retained,Libyana,280646288815939,
collected:2075,radio-3e3b938e9e7af53e,False,data/new_data/libya_collected_antennas/cellmapper/cellmapper_libya_antennas.csv,retained,Libyana,280646288815939,
collected:2076,radio-3e3b938e9e7af53e,False,data/new_data/libya_collected_antennas/cellmapper/cellmapper_libya_antennas.csv,retained,Libyana,280646288815939,
collected:2077,radio-3e3b938e9e7af53e,False,data/new_data/libya_collected_antennas/cellmapper/cellmapper_libya_antennas.csv,retained,Libyana,280646288815939,
collected:2078,radio-3e3b938e9e7af53e,False,data/new_data/libya_collected_antennas/cellmapper/cellmapper_libya_antennas.csv,retained,Libyana,280646288815939,
collected:2079,radio-3e3b938e9e7af53e,False,data/new_data/libya_collected_antennas/cellmapper/cellmapper_libya_antennas.csv,retained,Libyana,280646288815939,
collected:2080,radio-3e3b938e9e7af53e,False,data/new_data/libya_collected_antennas/cellmapper/cellmapper_libya_antennas.csv,retained,Libyana,280646288815939,
collected:2081,radio-3e3b938e9e7af53e,False,data/new_data/libya_collected_antennas/cellmapper/cellmapper_libya_antennas.csv,retained,Libyana,280646288815939,
collected:2082,radio-3e3b938e9e7af53e,False,data/new_data/libya_collected_antennas/cellmapper/cellmapper_libya_antennas.csv,retained,Libyana,280646288815939,
collected:2083,radio-3e3b938e9e7af53e,False,data/new_data/libya_collected_antennas/cellmapper/cellmapper_libya_antennas.csv,retained,Libyana,280646288815939,
sqlite:722,radio-0fcc749ce3814809,False,Libyan_cells_dataset/cells.sqlite3,retained,Libyana,75543014618656,947
sqlite:908,radio-1207dacd0615a456,False,Libyan_cells_dataset/cells.sqlite3,retained,Libyana,265196116123124,948
collected:2312,radio-1207dacd0615a456,False,data/new_data/libya_collected_antennas/cellmapper/cellmapper_libya_antennas.csv,retained,Libyana,265196116123124,
collected:2313,radio-1207dacd0615a456,False,data/new_data/libya_collected_antennas/cellmapper/cellmapper_libya_antennas.csv,retained,Libyana,265196116123124,
collected:2314,radio-1207dacd0615a456,False,data/new_data/libya_collected_antennas/cellmapper/cellmapper_libya_antennas.csv,retained,Libyana,265196116123124,
collected:2315,radio-1207dacd0615a456,False,data/new_data/libya_collected_antennas/cellmapper/cellmapper_libya_antennas.csv,retained,Libyana,265196116123124,
sqlite:978,radio-6d8f6d3c17e527a2,False,Libyan_cells_dataset/cells.sqlite3,retained,Libyana,24881653257415,949
sqlite:901,radio-4468df98cc854137,False,Libyan_cells_dataset/cells.sqlite3,retained,Libyana,238350046300985,950
sqlite:960,radio-65a1bc21c139311c,False,Libyan_cells_dataset/cells.sqlite3,retained,Libyana,197093485336314,951
sqlite:773,radio-535860c70d8a7d3d,False,Libyan_cells_dataset/cells.sqlite3,retained,Libyana,180453341588545,952
sqlite:982,radio-713101a362286967,False,Libyan_cells_dataset/cells.sqlite3,retained,Libyana,255006250276503,953
sqlite:980,radio-10eae8cbaa87ed75,False,Libyan_cells_dataset/cells.sqlite3,retained,Libyana,95858398521031,954
sqlite:769,radio-b5c1bd32eeefbb85,False,Libyan_cells_dataset/cells.sqlite3,retained,Libyana,48824926698267,955
sqlite:1003,radio-8ef4c4d0ef1bf620,False,Libyan_cells_dataset/cells.sqlite3,retained,Libyana,174185970684084,956
sqlite:977,radio-5ab0c4342657b402,False,Libyan_cells_dataset/cells.sqlite3,retained,Libyana,185589417546500,957
sqlite:956,radio-8b2c690bbf437778,False,Libyan_cells_dataset/cells.sqlite3,retained,Libyana,21160900998212,958
sqlite:923,radio-8a3e9d9a2eedf284,False,Libyan_cells_dataset/cells.sqlite3,retained,Libyana,19462563108010,959
sqlite:935,radio-2613d0125696b2eb,False,Libyan_cells_dataset/cells.sqlite3,retained,Libyana,222980979953254,960
sqlite:927,radio-1def116c9c897e36,False,Libyan_cells_dataset/cells.sqlite3,retained,Libyana,182194761698046,961
sqlite:930,radio-ccbdfba932acd114,False,Libyan_cells_dataset/cells.sqlite3,retained,Libyana,232892063134577,962
sqlite:942,radio-0d4387285b181471,False,Libyan_cells_dataset/cells.sqlite3,retained,Libyana,200785524954953,963
sqlite:936,radio-6fdb0f4692c79a4c,False,Libyan_cells_dataset/cells.sqlite3,retained,Libyana,75851964442176,964
sqlite:801,radio-097729e47a416e28,False,Libyan_cells_dataset/cells.sqlite3,retained,Libyana,12122401879895,965
collected:85,radio-5a8fbf39b9b35b89,False,data/new_data/libya_collected_antennas/cellmapper/cellmapper_libya_antennas.csv,retained,Libyana,41272933297014,
collected:86,radio-5a8fbf39b9b35b89,False,data/new_data/libya_collected_antennas/cellmapper/cellmapper_libya_antennas.csv,retained,Libyana,41272933297014,
collected:87,radio-5a8fbf39b9b35b89,False,data/new_data/libya_collected_antennas/cellmapper/cellmapper_libya_antennas.csv,retained,Libyana,41272933297014,
sqlite:919,radio-5a8fbf39b9b35b89,False,Libyan_cells_dataset/cells.sqlite3,retained,Libyana,41272933297014,966
sqlite:940,radio-f401d08c5d0b3a97,False,Libyan_cells_dataset/cells.sqlite3,retained,Libyana,55595364006523,967
sqlite:970,radio-6a2bb6f45bba8dd2,False,Libyan_cells_dataset/cells.sqlite3,retained,Libyana,80708711299086,968
sqlite:1315,radio-f39bcf2fc6e89c58,False,Libyan_cells_dataset/cells.sqlite3,retained,Libyana,68827928434384,969
sqlite:988,radio-17686ecea0e975f8,False,Libyan_cells_dataset/cells.sqlite3,retained,Libyana,52998441554837,970
sqlite:938,radio-67ff2c0efa6d04dd,False,Libyan_cells_dataset/cells.sqlite3,retained,Libyana,99075287764233,971
sqlite:963,radio-855af50e6f21acb7,False,Libyan_cells_dataset/cells.sqlite3,retained,Libyana,72104290047617,972
sqlite:928,radio-de3b3043f1100648,False,Libyan_cells_dataset/cells.sqlite3,retained,Libyana,23489421536931,973
sqlite:990,radio-a42b94c8a487e08b,False,Libyan_cells_dataset/cells.sqlite3,retained,Libyana,125984541226776,974
sqlite:1098,radio-db85980bb8107aa0,False,Libyan_cells_dataset/cells.sqlite3,retained,Libyana,132499061488884,975
sqlite:1310,radio-2bf165ce44b11478,False,Libyan_cells_dataset/cells.sqlite3,retained,Libyana,155885720047636,976
collected:100,radio-f0a194925d108e10,False,data/new_data/libya_collected_antennas/cellmapper/cellmapper_libya_antennas.csv,retained,Libyana,227056345892975,
collected:101,radio-f0a194925d108e10,False,data/new_data/libya_collected_antennas/cellmapper/cellmapper_libya_antennas.csv,retained,Libyana,227056345892975,
collected:102,radio-f0a194925d108e10,False,data/new_data/libya_collected_antennas/cellmapper/cellmapper_libya_antennas.csv,retained,Libyana,227056345892975,
collected:103,radio-f0a194925d108e10,False,data/new_data/libya_collected_antennas/cellmapper/cellmapper_libya_antennas.csv,retained,Libyana,227056345892975,
collected:104,radio-f0a194925d108e10,False,data/new_data/libya_collected_antennas/cellmapper/cellmapper_libya_antennas.csv,retained,Libyana,227056345892975,
sqlite:1317,radio-cc0cfa291fc4f200,False,Libyan_cells_dataset/cells.sqlite3,retained,Libyana,104814253947483,977
sqlite:1010,radio-e12c525215c737b1,False,Libyan_cells_dataset/cells.sqlite3,retained,Libyana,201766983017025,978
sqlite:993,radio-c25a0a2bc51d35f8,False,Libyan_cells_dataset/cells.sqlite3,retained,Libyana,153452928857528,979
sqlite:996,radio-271ccdd7a2a25e45,False,Libyan_cells_dataset/cells.sqlite3,retained,Libyana,278548208286005,980
sqlite:987,radio-0a8e20b2153e55c1,False,Libyan_cells_dataset/cells.sqlite3,retained,Libyana,119954458340002,981
sqlite:975,radio-f4f8916d9aa4ab85,False,Libyan_cells_dataset/cells.sqlite3,retained,Libyana,148430333674531,982
sqlite:777,radio-48c6f11a92d3a85a,False,Libyan_cells_dataset/cells.sqlite3,retained,Libyana,25751722180833,983
sqlite:921,radio-e95a4ad18ddf8a2a,False,Libyan_cells_dataset/cells.sqlite3,retained,Libyana,129823748990519,984
sqlite:920,radio-f0992323150fed75,False,Libyan_cells_dataset/cells.sqlite3,retained,Libyana,137613907078426,985
sqlite:899,radio-52e44629e43ce713,False,Libyan_cells_dataset/cells.sqlite3,retained,Libyana,27763655451124,986
sqlite:946,radio-ab9bea5e6b8ad20d,False,Libyan_cells_dataset/cells.sqlite3,retained,Libyana,269355337483230,987
sqlite:916,radio-249bfa0c56715520,False,Libyan_cells_dataset/cells.sqlite3,retained,Libyana,205524457094520,988
sqlite:924,radio-d47e15e83ada8846,False,Libyan_cells_dataset/cells.sqlite3,retained,Libyana,251549680496230,989
sqlite:1002,radio-2113ce7dfe79de7b,False,Libyan_cells_dataset/cells.sqlite3,retained,Libyana,247452542786623,990
sqlite:954,radio-b7f0d96b20aacfd6,False,Libyan_cells_dataset/cells.sqlite3,retained,Libyana,131996294927774,991
sqlite:959,radio-728a8aa19c2eddf7,False,Libyan_cells_dataset/cells.sqlite3,retained,Libyana,38911893659905,992
collected:105,radio-020fd20fd232f2cf,False,data/new_data/libya_collected_antennas/cellmapper/cellmapper_libya_antennas.csv,retained,Libyana,28196002167307,
collected:106,radio-020fd20fd232f2cf,False,data/new_data/libya_collected_antennas/cellmapper/cellmapper_libya_antennas.csv,retained,Libyana,28196002167307,
collected:107,radio-020fd20fd232f2cf,False,data/new_data/libya_collected_antennas/cellmapper/cellmapper_libya_antennas.csv,retained,Libyana,28196002167307,
collected:108,radio-020fd20fd232f2cf,False,data/new_data/libya_collected_antennas/cellmapper/cellmapper_libya_antennas.csv,retained,Libyana,28196002167307,
collected:109,radio-020fd20fd232f2cf,False,data/new_data/libya_collected_antennas/cellmapper/cellmapper_libya_antennas.csv,retained,Libyana,28196002167307,
collected:110,radio-020fd20fd232f2cf,False,data/new_data/libya_collected_antennas/cellmapper/cellmapper_libya_antennas.csv,retained,Libyana,28196002167307,
collected:111,radio-020fd20fd232f2cf,False,data/new_data/libya_collected_antennas/cellmapper/cellmapper_libya_antennas.csv,retained,Libyana,28196002167307,
sqlite:790,radio-020fd20fd232f2cf,False,Libyan_cells_dataset/cells.sqlite3,retained,Libyana,28196002167307,993
sqlite:971,radio-0ca9b1c211593141,False,Libyan_cells_dataset/cells.sqlite3,retained,Libyana,222269386330455,994
sqlite:964,radio-96b0ee375fca66e1,False,Libyan_cells_dataset/cells.sqlite3,retained,Libyana,248580506631850,995
sqlite:944,radio-ad93b568843d80b4,False,Libyan_cells_dataset/cells.sqlite3,retained,Libyana,207969133362711,996
sqlite:788,radio-29159f0162066484,False,Libyan_cells_dataset/cells.sqlite3,retained,Libyana,243139350548332,997
sqlite:1311,radio-4361febee9e9ee76,False,Libyan_cells_dataset/cells.sqlite3,retained,Libyana,79849210010572,998
sqlite:952,radio-60c78d717726cc3e,False,Libyan_cells_dataset/cells.sqlite3,retained,Libyana,111657116404592,999
sqlite:958,radio-d66b7a7126f57192,False,Libyan_cells_dataset/cells.sqlite3,retained,Libyana,127730908712898,1000
sqlite:981,radio-9357e8a3bc026d0c,False,Libyan_cells_dataset/cells.sqlite3,retained,Libyana,99644889034230,1001
sqlite:786,radio-aa9f8dc92988a796,False,Libyan_cells_dataset/cells.sqlite3,retained,Libyana,230652278997965,1002
sqlite:1009,radio-ed7a40f0048579f4,False,Libyan_cells_dataset/cells.sqlite3,retained,Libyana,71413293654036,1003
sqlite:955,radio-44df86c048330765,False,Libyan_cells_dataset/cells.sqlite3,retained,Libyana,243661981591440,1004
sqlite:751,radio-f070f50de2ed6502,False,Libyan_cells_dataset/cells.sqlite3,retained,Libyana,243325034519360,416
sqlite:1008,radio-775a29dd2be1d75a,False,Libyan_cells_dataset/cells.sqlite3,retained,Libyana,242652670249832,1005
sqlite:915,radio-e0842d274cf2ea38,False,Libyan_cells_dataset/cells.sqlite3,retained,Libyana,32311316270838,1006
sqlite:992,radio-2e18f1806077dbad,False,Libyan_cells_dataset/cells.sqlite3,retained,Libyana,81105622154738,1007
sqlite:976,radio-730dedd65d6b3beb,False,Libyan_cells_dataset/cells.sqlite3,retained,Libyana,43773246686793,1008
sqlite:747,radio-125e9000ea77c6a6,False,Libyan_cells_dataset/cells.sqlite3,retained,Libyana,171946116377663,1009
sqlite:1005,radio-b92450955fdc8eca,False,Libyan_cells_dataset/cells.sqlite3,retained,Libyana,144975067221987,1010
sqlite:791,radio-533893193d037fb3,False,Libyan_cells_dataset/cells.sqlite3,retained,Libyana,223684384664962,1011
collected:629,radio-a0d233359aa13d43,False,data/new_data/libya_collected_antennas/cellmapper/cellmapper_libya_antennas.csv,retained,Libyana,18118894987983,
collected:630,radio-a0d233359aa13d43,False,data/new_data/libya_collected_antennas/cellmapper/cellmapper_libya_antennas.csv,retained,Libyana,18118894987983,
collected:631,radio-a0d233359aa13d43,False,data/new_data/libya_collected_antennas/cellmapper/cellmapper_libya_antennas.csv,retained,Libyana,18118894987983,
collected:632,radio-a0d233359aa13d43,False,data/new_data/libya_collected_antennas/cellmapper/cellmapper_libya_antennas.csv,retained,Libyana,18118894987983,
collected:633,radio-a0d233359aa13d43,False,data/new_data/libya_collected_antennas/cellmapper/cellmapper_libya_antennas.csv,retained,Libyana,18118894987983,
collected:634,radio-a0d233359aa13d43,False,data/new_data/libya_collected_antennas/cellmapper/cellmapper_libya_antennas.csv,retained,Libyana,18118894987983,
collected:635,radio-a0d233359aa13d43,False,data/new_data/libya_collected_antennas/cellmapper/cellmapper_libya_antennas.csv,retained,Libyana,18118894987983,
collected:636,radio-a0d233359aa13d43,False,data/new_data/libya_collected_antennas/cellmapper/cellmapper_libya_antennas.csv,retained,Libyana,18118894987983,
sqlite:775,radio-1d748019161f0cf4,False,Libyan_cells_dataset/cells.sqlite3,retained,Libyana,167765691900344,1012
sqlite:986,radio-3c5d0559b3d62794,False,Libyan_cells_dataset/cells.sqlite3,retained,Libyana,61097392195067,1013
sqlite:973,radio-dd39f52b3ccd4088,False,Libyan_cells_dataset/cells.sqlite3,retained,Libyana,64699780613613,1014
sqlite:998,radio-2a13417faa062199,False,Libyan_cells_dataset/cells.sqlite3,retained,Libyana,186810543205840,1015
sqlite:999,radio-aa6fb915f590dfab,False,Libyan_cells_dataset/cells.sqlite3,retained,Libyana,70412340478031,1016
sqlite:995,radio-b5eaed91d0b0b61e,False,Libyan_cells_dataset/cells.sqlite3,retained,Libyana,185968103389866,1017
sqlite:961,radio-35c1c12978b8bcb6,False,Libyan_cells_dataset/cells.sqlite3,retained,Libyana,65258054466427,1000
sqlite:997,radio-5a7e28e5b9972a30,False,Libyan_cells_dataset/cells.sqlite3,retained,Libyana,45348306622112,1018
sqlite:1007,radio-b12cbbc161fbbf80,False,Libyan_cells_dataset/cells.sqlite3,retained,Libyana,134243091852411,1019
sqlite:972,radio-95c724f1e0455a80,False,Libyan_cells_dataset/cells.sqlite3,retained,Libyana,40988295805326,1020
sqlite:1101,radio-1d6bc4304ee195ce,False,Libyan_cells_dataset/cells.sqlite3,retained,Libyana,114315748390042,1021
sqlite:785,radio-9791f07523de0a80,False,Libyan_cells_dataset/cells.sqlite3,retained,Libyana,48743640372282,1022
sqlite:994,radio-eed24f48b9258cb3,False,Libyan_cells_dataset/cells.sqlite3,retained,Libyana,229792494329000,1023
sqlite:1099,radio-81d5a652b17683bf,False,Libyan_cells_dataset/cells.sqlite3,retained,Libyana,38051578075815,1024
sqlite:895,radio-c4784bcedb269c3d,False,Libyan_cells_dataset/cells.sqlite3,retained,Libyana,177542817527612,1025
collected:656,radio-06958d8e2543ee43,False,data/new_data/libya_collected_antennas/cellmapper/cellmapper_libya_antennas.csv,retained,Libyana,66452314235426,
collected:657,radio-06958d8e2543ee43,False,data/new_data/libya_collected_antennas/cellmapper/cellmapper_libya_antennas.csv,retained,Libyana,66452314235426,
collected:658,radio-06958d8e2543ee43,False,data/new_data/libya_collected_antennas/cellmapper/cellmapper_libya_antennas.csv,retained,Libyana,66452314235426,
collected:659,radio-06958d8e2543ee43,False,data/new_data/libya_collected_antennas/cellmapper/cellmapper_libya_antennas.csv,retained,Libyana,66452314235426,
sqlite:953,radio-0aeb66a07ddb10a1,False,Libyan_cells_dataset/cells.sqlite3,retained,Libyana,263759766680890,1026
sqlite:957,radio-5f8fb3b11bded807,False,Libyan_cells_dataset/cells.sqlite3,retained,Libyana,269355337483230,987
sqlite:949,radio-7e7280f1ea827224,False,Libyan_cells_dataset/cells.sqlite3,retained,Libyana,65258054466427,1000
sqlite:934,radio-4e3debe9e5bac345,False,Libyan_cells_dataset/cells.sqlite3,retained,Libyana,89843332914693,1027
sqlite:948,radio-10d2e6ea02001ef5,False,Libyan_cells_dataset/cells.sqlite3,retained,Libyana,51157860375882,1028
sqlite:918,radio-cbfd598430e2dd9f,False,Libyan_cells_dataset/cells.sqlite3,retained,Libyana,123476596061179,1029
sqlite:1100,radio-b8c630ed2cfabecf,False,Libyan_cells_dataset/cells.sqlite3,retained,Libyana,147522104794733,1030
sqlite:950,radio-76063c89b62a87c8,False,Libyan_cells_dataset/cells.sqlite3,retained,Libyana,216254836321595,1031
sqlite:903,radio-3df89c5895c048ee,False,Libyan_cells_dataset/cells.sqlite3,retained,Libyana,180859996047369,1032
sqlite:907,radio-5e386966aecba82b,False,Libyan_cells_dataset/cells.sqlite3,retained,Libyana,279150144271716,1033
sqlite:966,radio-3ea1512c93aac252,False,Libyan_cells_dataset/cells.sqlite3,retained,Libyana,206083404803249,1034
sqlite:939,radio-43aa25c1e5d228cf,False,Libyan_cells_dataset/cells.sqlite3,retained,Libyana,267502361256785,1035
sqlite:937,radio-cd076591b644edb9,False,Libyan_cells_dataset/cells.sqlite3,retained,Libyana,65725275712360,1036
sqlite:943,radio-f2bc1c1512a6af46,False,Libyan_cells_dataset/cells.sqlite3,retained,Libyana,218036382813586,1037
sqlite:962,radio-71d76ee0e1d9f10b,False,Libyan_cells_dataset/cells.sqlite3,retained,Libyana,6949571708992,1038
sqlite:941,radio-e5b09a3533c11aec,False,Libyan_cells_dataset/cells.sqlite3,retained,Libyana,5104518615633,1039
sqlite:929,radio-a2b249ea567299fb,False,Libyan_cells_dataset/cells.sqlite3,retained,Libyana,59161957307273,1040
sqlite:911,radio-cf5d2ab6d9253943,False,Libyan_cells_dataset/cells.sqlite3,retained,Libyana,251906918212368,1041
sqlite:947,radio-d06cc011a408033b,False,Libyan_cells_dataset/cells.sqlite3,retained,Libyana,108413117189419,1042
sqlite:945,radio-3f2c5bc7a5bf7f8d,False,Libyan_cells_dataset/cells.sqlite3,retained,Libyana,127776317328896,1043
sqlite:931,radio-22e74c0dcd65365e,False,Libyan_cells_dataset/cells.sqlite3,retained,Libyana,36747001968307,1044
sqlite:967,radio-c734ab23777bad45,False,Libyan_cells_dataset/cells.sqlite3,retained,Libyana,197689290876010,1045
sqlite:965,radio-39eaf8ea39355816,False,Libyan_cells_dataset/cells.sqlite3,retained,Libyana,150781135581346,1046
sqlite:1000,radio-2e7dcff6791ed955,False,Libyan_cells_dataset/cells.sqlite3,retained,Libyana,257987967353374,1047
sqlite:989,radio-e912ed128beadf3d,False,Libyan_cells_dataset/cells.sqlite3,retained,Libyana,146930283619310,1048
sqlite:1001,radio-2b272e53c8f2fbcf,False,Libyan_cells_dataset/cells.sqlite3,retained,Libyana,72672995563654,1049
sqlite:917,radio-8155daf3f5140f73,False,Libyan_cells_dataset/cells.sqlite3,retained,Libyana,58308767605912,1050
sqlite:933,radio-554dcab8bb75cf30,False,Libyan_cells_dataset/cells.sqlite3,retained,Libyana,261401576566157,1051
sqlite:1004,radio-252e30bf3f6ea531,False,Libyan_cells_dataset/cells.sqlite3,retained,Libyana,52837717169050,1052
sqlite:1006,radio-24492e79c3d94a6c,False,Libyan_cells_dataset/cells.sqlite3,retained,Libyana,202411329523165,1053
collected:648,radio-24492e79c3d94a6c,False,data/new_data/libya_collected_antennas/cellmapper/cellmapper_libya_antennas.csv,retained,Libyana,202411329523165,
collected:649,radio-24492e79c3d94a6c,False,data/new_data/libya_collected_antennas/cellmapper/cellmapper_libya_antennas.csv,retained,Libyana,202411329523165,
collected:650,radio-24492e79c3d94a6c,False,data/new_data/libya_collected_antennas/cellmapper/cellmapper_libya_antennas.csv,retained,Libyana,202411329523165,
collected:651,radio-24492e79c3d94a6c,False,data/new_data/libya_collected_antennas/cellmapper/cellmapper_libya_antennas.csv,retained,Libyana,202411329523165,
collected:652,radio-24492e79c3d94a6c,False,data/new_data/libya_collected_antennas/cellmapper/cellmapper_libya_antennas.csv,retained,Libyana,202411329523165,
collected:653,radio-24492e79c3d94a6c,False,data/new_data/libya_collected_antennas/cellmapper/cellmapper_libya_antennas.csv,retained,Libyana,202411329523165,
collected:654,radio-24492e79c3d94a6c,False,data/new_data/libya_collected_antennas/cellmapper/cellmapper_libya_antennas.csv,retained,Libyana,202411329523165,
collected:655,radio-24492e79c3d94a6c,False,data/new_data/libya_collected_antennas/cellmapper/cellmapper_libya_antennas.csv,retained,Libyana,202411329523165,
collected:1760,radio-e0033f8a6448e8b3,False,data/new_data/libya_collected_antennas/cellmapper/cellmapper_libya_antennas.csv,retained,Libyana,189538197614712,
collected:1761,radio-e0033f8a6448e8b3,False,data/new_data/libya_collected_antennas/cellmapper/cellmapper_libya_antennas.csv,retained,Libyana,189538197614712,
collected:1762,radio-e0033f8a6448e8b3,False,data/new_data/libya_collected_antennas/cellmapper/cellmapper_libya_antennas.csv,retained,Libyana,189538197614712,
collected:1763,radio-e0033f8a6448e8b3,False,data/new_data/libya_collected_antennas/cellmapper/cellmapper_libya_antennas.csv,retained,Libyana,189538197614712,
collected:1764,radio-e0033f8a6448e8b3,False,data/new_data/libya_collected_antennas/cellmapper/cellmapper_libya_antennas.csv,retained,Libyana,189538197614712,
collected:1765,radio-e0033f8a6448e8b3,False,data/new_data/libya_collected_antennas/cellmapper/cellmapper_libya_antennas.csv,retained,Libyana,189538197614712,
sqlite:912,radio-e0033f8a6448e8b3,False,Libyan_cells_dataset/cells.sqlite3,retained,Libyana,189538197614712,1054
collected:266,radio-0df270e7d6ce04b2,False,data/new_data/libya_collected_antennas/cellmapper/cellmapper_libya_antennas.csv,retained,Libyana,234832945650610,
collected:267,radio-0df270e7d6ce04b2,False,data/new_data/libya_collected_antennas/cellmapper/cellmapper_libya_antennas.csv,retained,Libyana,234832945650610,
collected:268,radio-0df270e7d6ce04b2,False,data/new_data/libya_collected_antennas/cellmapper/cellmapper_libya_antennas.csv,retained,Libyana,234832945650610,
sqlite:1257,radio-0df270e7d6ce04b2,False,Libyan_cells_dataset/cells.sqlite3,retained,Libyana,234832945650610,1055
collected:2528,radio-d9de930b0f49c4ac,False,data/new_data/libya_collected_antennas/cellmapper/cellmapper_libya_antennas.csv,retained,Libyana,91690840340052,
collected:2529,radio-d9de930b0f49c4ac,False,data/new_data/libya_collected_antennas/cellmapper/cellmapper_libya_antennas.csv,retained,Libyana,91690840340052,
sqlite:736,radio-d9de930b0f49c4ac,False,Libyan_cells_dataset/cells.sqlite3,retained,Libyana,91690840340052,1056
sqlite:881,radio-b523facccd3c963a,False,Libyan_cells_dataset/cells.sqlite3,retained,Libyana,234847590263723,1057
collected:269,radio-b523facccd3c963a,False,data/new_data/libya_collected_antennas/cellmapper/cellmapper_libya_antennas.csv,retained,Libyana,234847590263723,
collected:270,radio-b523facccd3c963a,False,data/new_data/libya_collected_antennas/cellmapper/cellmapper_libya_antennas.csv,retained,Libyana,234847590263723,
collected:271,radio-b523facccd3c963a,False,data/new_data/libya_collected_antennas/cellmapper/cellmapper_libya_antennas.csv,retained,Libyana,234847590263723,
collected:272,radio-b523facccd3c963a,False,data/new_data/libya_collected_antennas/cellmapper/cellmapper_libya_antennas.csv,retained,Libyana,234847590263723,
sqlite:754,radio-64fec3fe7ff60bda,False,Libyan_cells_dataset/cells.sqlite3,retained,Libyana,63049475796919,1058
sqlite:906,radio-79a58042427638c1,False,Libyan_cells_dataset/cells.sqlite3,retained,Libyana,227485150706082,1059
sqlite:914,radio-9442788b45c1c2c7,False,Libyan_cells_dataset/cells.sqlite3,retained,Libyana,201233082006913,1060
sqlite:708,radio-25bb835eb0e54a59,False,Libyan_cells_dataset/cells.sqlite3,retained,Libyana,23614098518493,1061
sqlite:913,radio-f0f7f71782e08f4e,False,Libyan_cells_dataset/cells.sqlite3,retained,Libyana,9714306242245,1062
sqlite:891,radio-6b88b263cbab8eb6,False,Libyan_cells_dataset/cells.sqlite3,retained,Libyana,69768711996589,1063
sqlite:904,radio-686c4180f3b2a66e,False,Libyan_cells_dataset/cells.sqlite3,retained,Libyana,162005287002950,1064
sqlite:879,radio-803ed120148e9b9e,False,Libyan_cells_dataset/cells.sqlite3,retained,Libyana,239702760471707,1065
sqlite:897,radio-9b37709bb7fda95a,False,Libyan_cells_dataset/cells.sqlite3,retained,Libyana,240323220181008,1066
sqlite:883,radio-0949dbfb823c0345,False,Libyan_cells_dataset/cells.sqlite3,retained,Libyana,251994111036625,1067
sqlite:909,radio-f6869449c15fcd35,False,Libyan_cells_dataset/cells.sqlite3,retained,Libyana,131340686172946,1068
sqlite:898,radio-4a1ebf7fa2f29b3d,False,Libyan_cells_dataset/cells.sqlite3,retained,Libyana,256249201021801,1069
sqlite:905,radio-63b48fc363fc2017,False,Libyan_cells_dataset/cells.sqlite3,retained,Libyana,266738743295059,1070
sqlite:910,radio-08deecb95e2b53a1,False,Libyan_cells_dataset/cells.sqlite3,retained,Libyana,130386368167558,1071
sqlite:877,radio-7198f227ea95b9ab,False,Libyan_cells_dataset/cells.sqlite3,retained,Libyana,246377707017343,1072
sqlite:896,radio-e478831f530f5d40,False,Libyan_cells_dataset/cells.sqlite3,retained,Libyana,46442514452792,1073
sqlite:892,radio-2d9dea4caa2626f9,False,Libyan_cells_dataset/cells.sqlite3,retained,Libyana,126428482208449,1074
sqlite:878,radio-780053224cb7d6c0,False,Libyan_cells_dataset/cells.sqlite3,retained,Libyana,143421997727877,1075
sqlite:890,radio-15c358d6dbf3ef2b,False,Libyan_cells_dataset/cells.sqlite3,retained,Libyana,240735018030702,1076
sqlite:828,radio-3d6d72993b897d89,False,Libyan_cells_dataset/cells.sqlite3,retained,Libyana,71245544993503,1077
sqlite:900,radio-e95fb18c10f486dd,False,Libyan_cells_dataset/cells.sqlite3,retained,Libyana,99194717717356,1078
sqlite:884,radio-48178f6d8338f53a,False,Libyan_cells_dataset/cells.sqlite3,retained,Libyana,144050243809212,1079
sqlite:886,radio-bedb15cdd74d20da,False,Libyan_cells_dataset/cells.sqlite3,retained,Libyana,119640208114624,1080
sqlite:888,radio-38bd6792dd7d0694,False,Libyan_cells_dataset/cells.sqlite3,retained,Libyana,266186424477715,1081
sqlite:894,radio-2a55a094b7948da3,False,Libyan_cells_dataset/cells.sqlite3,retained,Libyana,45811089389898,1082
sqlite:893,radio-c22d1762a0fea4ff,False,Libyan_cells_dataset/cells.sqlite3,retained,Libyana,209236360009186,1083
sqlite:889,radio-9a558482292e23bb,False,Libyan_cells_dataset/cells.sqlite3,retained,Libyana,93756808871761,1084
sqlite:817,radio-60c743d36d026861,False,Libyan_cells_dataset/cells.sqlite3,retained,Libyana,209430083208885,1085
sqlite:1189,radio-eba2d012cb942dd8,False,Libyan_cells_dataset/cells.sqlite3,retained,Libyana,201613358031149,1086
collected:78,radio-eba2d012cb942dd8,False,data/new_data/libya_collected_antennas/cellmapper/cellmapper_libya_antennas.csv,retained,Libyana,201613358031149,
collected:79,radio-eba2d012cb942dd8,False,data/new_data/libya_collected_antennas/cellmapper/cellmapper_libya_antennas.csv,retained,Libyana,201613358031149,
collected:80,radio-eba2d012cb942dd8,False,data/new_data/libya_collected_antennas/cellmapper/cellmapper_libya_antennas.csv,retained,Libyana,201613358031149,
collected:81,radio-eba2d012cb942dd8,False,data/new_data/libya_collected_antennas/cellmapper/cellmapper_libya_antennas.csv,retained,Libyana,201613358031149,
collected:82,radio-eba2d012cb942dd8,False,data/new_data/libya_collected_antennas/cellmapper/cellmapper_libya_antennas.csv,retained,Libyana,201613358031149,
collected:83,radio-eba2d012cb942dd8,False,data/new_data/libya_collected_antennas/cellmapper/cellmapper_libya_antennas.csv,retained,Libyana,201613358031149,
sqlite:762,radio-fb41383f0f453ba5,False,Libyan_cells_dataset/cells.sqlite3,retained,Libyana,201949305663797,1087
sqlite:887,radio-85d685fc2c6f0ea6,False,Libyan_cells_dataset/cells.sqlite3,retained,Libyana,254003849508718,1088
sqlite:876,radio-dc83134c9c81445a,False,Libyan_cells_dataset/cells.sqlite3,retained,Libyana,83977651663118,1089
sqlite:849,radio-5ecc11437a55805a,False,Libyan_cells_dataset/cells.sqlite3,retained,Libyana,2492684895995,1090
sqlite:902,radio-98e3e2c3bbcf4230,False,Libyan_cells_dataset/cells.sqlite3,retained,Libyana,33160094572802,1091
sqlite:802,radio-8a0d6aaeb1c0b752,False,Libyan_cells_dataset/cells.sqlite3,retained,Libyana,128897283144059,1092
sqlite:806,radio-71468de73abafcb0,False,Libyan_cells_dataset/cells.sqlite3,retained,Libyana,115741634234067,1093
sqlite:882,radio-da724264f3a6b81a,False,Libyan_cells_dataset/cells.sqlite3,retained,Libyana,85609012478343,1094
sqlite:812,radio-fec04936bd2e0d73,False,Libyan_cells_dataset/cells.sqlite3,retained,Libyana,9507013729771,1095
sqlite:926,radio-3bf9fc7514b4a500,False,Libyan_cells_dataset/cells.sqlite3,retained,Libyana,259113540154143,1096
sqlite:1097,radio-acee60c78040d2bc,False,Libyan_cells_dataset/cells.sqlite3,retained,Libyana,3790510350429,1097
sqlite:1088,radio-d06bc3d4958ae8b1,False,Libyan_cells_dataset/cells.sqlite3,retained,Libyana,130987390004322,1098
sqlite:1308,radio-e015db977d716097,False,Libyan_cells_dataset/cells.sqlite3,retained,Libyana,95785250835129,1099
sqlite:874,radio-fd477641d8b83a1c,False,Libyan_cells_dataset/cells.sqlite3,retained,Libyana,16769879845759,1100
sqlite:1309,radio-69319a5d8b02afb0,False,Libyan_cells_dataset/cells.sqlite3,retained,Libyana,28804523579672,1101
sqlite:804,radio-35039f923bbca101,False,Libyan_cells_dataset/cells.sqlite3,retained,Libyana,83160599652448,1102
sqlite:726,radio-862a2aef35216647,False,Libyan_cells_dataset/cells.sqlite3,retained,Libyana,54342166640815,1103
sqlite:850,radio-e52f38df9a3de417,False,Libyan_cells_dataset/cells.sqlite3,retained,Libyana,263516774091661,1104
sqlite:851,radio-bb6e2a2ad944530e,False,Libyan_cells_dataset/cells.sqlite3,retained,Libyana,98768612175236,1105
sqlite:852,radio-55f20bbda30b1d13,False,Libyan_cells_dataset/cells.sqlite3,retained,Libyana,160012733257555,1106
sqlite:922,radio-10e72e2a34c95522,False,Libyan_cells_dataset/cells.sqlite3,retained,Libyana,172987687206978,1107
sqlite:925,radio-bbd8cccc1b89aa3f,False,Libyan_cells_dataset/cells.sqlite3,retained,Libyana,278852002063464,1108
sqlite:880,radio-1522252d42d5fb39,False,Libyan_cells_dataset/cells.sqlite3,retained,Libyana,138724751752093,1109
sqlite:842,radio-ae3dd0997b33712f,False,Libyan_cells_dataset/cells.sqlite3,retained,Libyana,242854857480627,1110
sqlite:830,radio-1d2dc87e7855002f,False,Libyan_cells_dataset/cells.sqlite3,retained,Libyana,196983710597822,1111
collected:352,radio-1d2dc87e7855002f,False,data/new_data/libya_collected_antennas/cellmapper/cellmapper_libya_antennas.csv,retained,Libyana,196983710597822,
collected:353,radio-1d2dc87e7855002f,False,data/new_data/libya_collected_antennas/cellmapper/cellmapper_libya_antennas.csv,retained,Libyana,196983710597822,
collected:354,radio-1d2dc87e7855002f,False,data/new_data/libya_collected_antennas/cellmapper/cellmapper_libya_antennas.csv,retained,Libyana,196983710597822,
collected:355,radio-1d2dc87e7855002f,False,data/new_data/libya_collected_antennas/cellmapper/cellmapper_libya_antennas.csv,retained,Libyana,196983710597822,
collected:2521,radio-dff993d08f9b9b76,False,data/new_data/libya_collected_antennas/cellmapper/cellmapper_libya_antennas.csv,retained,Libyana,7718148507480,
collected:2522,radio-dff993d08f9b9b76,False,data/new_data/libya_collected_antennas/cellmapper/cellmapper_libya_antennas.csv,retained,Libyana,7718148507480,
sqlite:856,radio-dff993d08f9b9b76,False,Libyan_cells_dataset/cells.sqlite3,retained,Libyana,7718148507480,1112
sqlite:1307,radio-d001ae7494980dce,False,Libyan_cells_dataset/cells.sqlite3,retained,Libyana,261163367885478,1113
sqlite:827,radio-914e8d7f61140cfa,False,Libyan_cells_dataset/cells.sqlite3,retained,Libyana,30656225480611,1114
sqlite:824,radio-8a7746d9bccc4579,False,Libyan_cells_dataset/cells.sqlite3,retained,Libyana,116642470195404,1115
sqlite:811,radio-b331740abf8a592f,False,Libyan_cells_dataset/cells.sqlite3,retained,Libyana,165374517500042,1116
sqlite:868,radio-bb6b4c37f628d939,False,Libyan_cells_dataset/cells.sqlite3,retained,Libyana,102394079907978,1117
sqlite:857,radio-608ed5a1fce72849,False,Libyan_cells_dataset/cells.sqlite3,retained,Libyana,22450199763897,1118
sqlite:862,radio-b4760e8d67068c18,False,Libyan_cells_dataset/cells.sqlite3,retained,Libyana,5849954342958,1119
sqlite:860,radio-9e7fd3751cf669f0,False,Libyan_cells_dataset/cells.sqlite3,retained,Libyana,13138325844583,1120
sqlite:861,radio-9742d2d7ec45242b,False,Libyan_cells_dataset/cells.sqlite3,retained,Libyana,75376779552464,1121
sqlite:875,radio-cb6cb08ecdf4d83b,False,Libyan_cells_dataset/cells.sqlite3,retained,Libyana,70727935028580,1122
sqlite:932,radio-b0eac067dd9f2cac,False,Libyan_cells_dataset/cells.sqlite3,retained,Libyana,116511904460294,1123
sqlite:885,radio-d20394d1e0b480b6,False,Libyan_cells_dataset/cells.sqlite3,retained,Libyana,4238296566310,1124
sqlite:813,radio-6a80831dae53796f,False,Libyan_cells_dataset/cells.sqlite3,retained,Libyana,131183057071603,1125
sqlite:1269,radio-4ca94b3aa04397b3,False,Libyan_cells_dataset/cells.sqlite3,retained,Libyana,62881873759030,1126
collected:335,radio-4ca94b3aa04397b3,False,data/new_data/libya_collected_antennas/cellmapper/cellmapper_libya_antennas.csv,retained,Libyana,62881873759030,
collected:336,radio-4ca94b3aa04397b3,False,data/new_data/libya_collected_antennas/cellmapper/cellmapper_libya_antennas.csv,retained,Libyana,62881873759030,
collected:358,radio-aa216ec5ee2c27c0,False,data/new_data/libya_collected_antennas/cellmapper/cellmapper_libya_antennas.csv,retained,Libyana,139250586243510,
collected:359,radio-aa216ec5ee2c27c0,False,data/new_data/libya_collected_antennas/cellmapper/cellmapper_libya_antennas.csv,retained,Libyana,139250586243510,
collected:360,radio-aa216ec5ee2c27c0,False,data/new_data/libya_collected_antennas/cellmapper/cellmapper_libya_antennas.csv,retained,Libyana,139250586243510,
collected:361,radio-aa216ec5ee2c27c0,False,data/new_data/libya_collected_antennas/cellmapper/cellmapper_libya_antennas.csv,retained,Libyana,139250586243510,
sqlite:864,radio-aa216ec5ee2c27c0,False,Libyan_cells_dataset/cells.sqlite3,retained,Libyana,139250586243510,1127
sqlite:836,radio-3b407d23e48fcf05,False,Libyan_cells_dataset/cells.sqlite3,retained,Libyana,266194060007232,1128
collected:369,radio-3b407d23e48fcf05,False,data/new_data/libya_collected_antennas/cellmapper/cellmapper_libya_antennas.csv,retained,Libyana,266194060007232,
collected:370,radio-3b407d23e48fcf05,False,data/new_data/libya_collected_antennas/cellmapper/cellmapper_libya_antennas.csv,retained,Libyana,266194060007232,
collected:371,radio-3b407d23e48fcf05,False,data/new_data/libya_collected_antennas/cellmapper/cellmapper_libya_antennas.csv,retained,Libyana,266194060007232,
collected:372,radio-3b407d23e48fcf05,False,data/new_data/libya_collected_antennas/cellmapper/cellmapper_libya_antennas.csv,retained,Libyana,266194060007232,
collected:373,radio-3b407d23e48fcf05,False,data/new_data/libya_collected_antennas/cellmapper/cellmapper_libya_antennas.csv,retained,Libyana,266194060007232,
collected:374,radio-3b407d23e48fcf05,False,data/new_data/libya_collected_antennas/cellmapper/cellmapper_libya_antennas.csv,retained,Libyana,266194060007232,
collected:2503,radio-9fda07f7bc19c9bc,False,data/new_data/libya_collected_antennas/cellmapper/cellmapper_libya_antennas.csv,retained,Libyana,6948466940600,
collected:2504,radio-9fda07f7bc19c9bc,False,data/new_data/libya_collected_antennas/cellmapper/cellmapper_libya_antennas.csv,retained,Libyana,6948466940600,
collected:2505,radio-9fda07f7bc19c9bc,False,data/new_data/libya_collected_antennas/cellmapper/cellmapper_libya_antennas.csv,retained,Libyana,6948466940600,
sqlite:819,radio-9fda07f7bc19c9bc,False,Libyan_cells_dataset/cells.sqlite3,retained,Libyana,6948466940600,1129
collected:302,radio-605227c8d2d5b5b5,False,data/new_data/libya_collected_antennas/cellmapper/cellmapper_libya_antennas.csv,retained,Libyana,273152707824198,
sqlite:845,radio-605227c8d2d5b5b5,False,Libyan_cells_dataset/cells.sqlite3,retained,Libyana,273152707824198,1130
collected:303,radio-ae55c3bb740bbf4b,False,data/new_data/libya_collected_antennas/cellmapper/cellmapper_libya_antennas.csv,retained,Libyana,148483159968764,
collected:304,radio-ae55c3bb740bbf4b,False,data/new_data/libya_collected_antennas/cellmapper/cellmapper_libya_antennas.csv,retained,Libyana,148483159968764,
sqlite:853,radio-ae55c3bb740bbf4b,False,Libyan_cells_dataset/cells.sqlite3,retained,Libyana,148483159968764,1131
collected:2507,radio-0e0edced4b9251c9,False,data/new_data/libya_collected_antennas/cellmapper/cellmapper_libya_antennas.csv,retained,Libyana,88310308085515,
collected:2508,radio-0e0edced4b9251c9,False,data/new_data/libya_collected_antennas/cellmapper/cellmapper_libya_antennas.csv,retained,Libyana,88310308085515,
collected:2509,radio-0e0edced4b9251c9,False,data/new_data/libya_collected_antennas/cellmapper/cellmapper_libya_antennas.csv,retained,Libyana,88310308085515,
collected:2510,radio-0e0edced4b9251c9,False,data/new_data/libya_collected_antennas/cellmapper/cellmapper_libya_antennas.csv,retained,Libyana,88310308085515,
collected:2511,radio-0e0edced4b9251c9,False,data/new_data/libya_collected_antennas/cellmapper/cellmapper_libya_antennas.csv,retained,Libyana,88310308085515,
sqlite:718,radio-0e0edced4b9251c9,False,Libyan_cells_dataset/cells.sqlite3,retained,Libyana,88310308085515,1132
sqlite:844,radio-48378649f5a9ecec,False,Libyan_cells_dataset/cells.sqlite3,retained,Libyana,134955170514397,1133
collected:2512,radio-48378649f5a9ecec,False,data/new_data/libya_collected_antennas/cellmapper/cellmapper_libya_antennas.csv,retained,Libyana,134955170514397,
collected:2513,radio-48378649f5a9ecec,False,data/new_data/libya_collected_antennas/cellmapper/cellmapper_libya_antennas.csv,retained,Libyana,134955170514397,
collected:338,radio-c91c06dc3327b70b,False,data/new_data/libya_collected_antennas/cellmapper/cellmapper_libya_antennas.csv,retained,Libyana,167140245787733,
collected:339,radio-c91c06dc3327b70b,False,data/new_data/libya_collected_antennas/cellmapper/cellmapper_libya_antennas.csv,retained,Libyana,167140245787733,
collected:340,radio-c91c06dc3327b70b,False,data/new_data/libya_collected_antennas/cellmapper/cellmapper_libya_antennas.csv,retained,Libyana,167140245787733,
sqlite:846,radio-6c4136f308035fec,False,Libyan_cells_dataset/cells.sqlite3,retained,Libyana,168057140082317,1134
collected:334,radio-6c4136f308035fec,False,data/new_data/libya_collected_antennas/cellmapper/cellmapper_libya_antennas.csv,retained,Libyana,168057140082317,
collected:2516,radio-bc615f03c5dfda51,False,data/new_data/libya_collected_antennas/cellmapper/cellmapper_libya_antennas.csv,retained,Libyana,125960837832334,
collected:2517,radio-bc615f03c5dfda51,False,data/new_data/libya_collected_antennas/cellmapper/cellmapper_libya_antennas.csv,retained,Libyana,125960837832334,
collected:2518,radio-bc615f03c5dfda51,False,data/new_data/libya_collected_antennas/cellmapper/cellmapper_libya_antennas.csv,retained,Libyana,125960837832334,
sqlite:854,radio-412a84ce297f66c0,False,Libyan_cells_dataset/cells.sqlite3,retained,Libyana,72569062435031,1135
collected:2519,radio-412a84ce297f66c0,False,data/new_data/libya_collected_antennas/cellmapper/cellmapper_libya_antennas.csv,retained,Libyana,72569062435031,
collected:305,radio-2213872504f5e51e,False,data/new_data/libya_collected_antennas/cellmapper/cellmapper_libya_antennas.csv,retained,Libyana,171540688404894,
collected:306,radio-2213872504f5e51e,False,data/new_data/libya_collected_antennas/cellmapper/cellmapper_libya_antennas.csv,retained,Libyana,171540688404894,
collected:307,radio-2213872504f5e51e,False,data/new_data/libya_collected_antennas/cellmapper/cellmapper_libya_antennas.csv,retained,Libyana,171540688404894,
collected:308,radio-2213872504f5e51e,False,data/new_data/libya_collected_antennas/cellmapper/cellmapper_libya_antennas.csv,retained,Libyana,171540688404894,
collected:309,radio-2213872504f5e51e,False,data/new_data/libya_collected_antennas/cellmapper/cellmapper_libya_antennas.csv,retained,Libyana,171540688404894,
sqlite:866,radio-2213872504f5e51e,False,Libyan_cells_dataset/cells.sqlite3,retained,Libyana,171540688404894,1136
sqlite:855,radio-643255e07f1f2c05,False,Libyan_cells_dataset/cells.sqlite3,retained,Libyana,121660392834698,1137
collected:333,radio-643255e07f1f2c05,False,data/new_data/libya_collected_antennas/cellmapper/cellmapper_libya_antennas.csv,retained,Libyana,121660392834698,
sqlite:833,radio-599b5e18658058e6,False,Libyan_cells_dataset/cells.sqlite3,retained,Libyana,85800109097843,1138
sqlite:839,radio-0723790f12312760,False,Libyan_cells_dataset/cells.sqlite3,retained,Libyana,185469426577647,1139
sqlite:873,radio-26a17fee47a3e8af,False,Libyan_cells_dataset/cells.sqlite3,retained,Libyana,230904867837575,1140
sqlite:838,radio-33df45d282a2bfe1,False,Libyan_cells_dataset/cells.sqlite3,retained,Libyana,238492845682653,1141
sqlite:869,radio-1051101739d6c351,False,Libyan_cells_dataset/cells.sqlite3,retained,Libyana,10358703760752,1142
sqlite:837,radio-e7c87b968a86b398,False,Libyan_cells_dataset/cells.sqlite3,retained,Libyana,252948005268973,205
sqlite:840,radio-f4c9186404f8b3aa,False,Libyan_cells_dataset/cells.sqlite3,retained,Libyana,216634249648587,1143
sqlite:870,radio-a72acf9e864219c8,False,Libyan_cells_dataset/cells.sqlite3,retained,Libyana,76853481532086,1144
sqlite:843,radio-6fc12106758034ed,False,Libyan_cells_dataset/cells.sqlite3,retained,Libyana,170732996980879,1145
sqlite:841,radio-8bf70efa6c583f4a,False,Libyan_cells_dataset/cells.sqlite3,retained,Libyana,206318404626701,1146
sqlite:858,radio-52f270a894ccbfa6,False,Libyan_cells_dataset/cells.sqlite3,retained,Libyana,37671577059961,1147
sqlite:863,radio-efc367a99b257010,False,Libyan_cells_dataset/cells.sqlite3,retained,Libyana,67563461958480,1148
sqlite:834,radio-4ab9c44779e07e9f,False,Libyan_cells_dataset/cells.sqlite3,retained,Libyana,195612930686680,1149
sqlite:867,radio-4742078402baecbc,False,Libyan_cells_dataset/cells.sqlite3,retained,Libyana,265355157346776,1150
sqlite:859,radio-a5c69e753cccd53f,False,Libyan_cells_dataset/cells.sqlite3,retained,Libyana,111671869417290,1151
sqlite:872,radio-942418314a8f3ecd,False,Libyan_cells_dataset/cells.sqlite3,retained,Libyana,265965228114711,1152
sqlite:871,radio-8e2928d8352eb3b8,False,Libyan_cells_dataset/cells.sqlite3,retained,Libyana,54441597733105,1153
sqlite:835,radio-7d10c62047ab542b,False,Libyan_cells_dataset/cells.sqlite3,retained,Libyana,16234050487572,1154
sqlite:865,radio-666f9de3f11788f5,False,Libyan_cells_dataset/cells.sqlite3,retained,Libyana,162125576105826,1155
sqlite:831,radio-b6f1dd80bf4cb562,False,Libyan_cells_dataset/cells.sqlite3,retained,Libyana,53874515819004,1156
collected:1364,radio-51389219de5c6065,False,data/new_data/libya_collected_antennas/cellmapper/cellmapper_libya_antennas.csv,retained,Libyana,205584053928483,
collected:1365,radio-51389219de5c6065,False,data/new_data/libya_collected_antennas/cellmapper/cellmapper_libya_antennas.csv,retained,Libyana,205584053928483,
collected:1366,radio-51389219de5c6065,False,data/new_data/libya_collected_antennas/cellmapper/cellmapper_libya_antennas.csv,retained,Libyana,205584053928483,
collected:1367,radio-51389219de5c6065,False,data/new_data/libya_collected_antennas/cellmapper/cellmapper_libya_antennas.csv,retained,Libyana,205584053928483,
collected:1368,radio-51389219de5c6065,False,data/new_data/libya_collected_antennas/cellmapper/cellmapper_libya_antennas.csv,retained,Libyana,205584053928483,
sqlite:733,radio-568549017307fac2,False,Libyan_cells_dataset/cells.sqlite3,retained,Libyana,173160702290304,1212
sqlite:734,radio-755f5684d49cb1dc,False,Libyan_cells_dataset/cells.sqlite3,retained,Libyana,257072476330974,1213
sqlite:731,radio-f56182cd900c0c1b,False,Libyan_cells_dataset/cells.sqlite3,retained,Libyana,72324943980063,1214
sqlite:782,radio-930cb73d9336657f,False,Libyan_cells_dataset/cells.sqlite3,retained,Libyana,159362611695281,1215
sqlite:732,radio-8cd70c1a77f45bb3,False,Libyan_cells_dataset/cells.sqlite3,retained,Libyana,16493989009233,1216
collected:2337,radio-9df4cac1d00478db,False,data/new_data/libya_collected_antennas/cellmapper/cellmapper_libya_antennas.csv,retained,Libyana,77648973129516,
collected:2338,radio-9df4cac1d00478db,False,data/new_data/libya_collected_antennas/cellmapper/cellmapper_libya_antennas.csv,retained,Libyana,77648973129516,
sqlite:818,radio-9df4cac1d00478db,False,Libyan_cells_dataset/cells.sqlite3,retained,Libyana,77648973129516,1217
sqlite:710,radio-eec80b5d9fe96b66,False,Libyan_cells_dataset/cells.sqlite3,retained,Libyana,48846432263390,1218
sqlite:725,radio-8405f6e0925a023d,False,Libyan_cells_dataset/cells.sqlite3,retained,Libyana,219036982366006,1219
collected:486,radio-8405f6e0925a023d,False,data/new_data/libya_collected_antennas/cellmapper/cellmapper_libya_antennas.csv,retained,Libyana,219036982366006,
sqlite:738,radio-eb89d84d11153f7e,False,Libyan_cells_dataset/cells.sqlite3,retained,Libyana,79000471110830,1220
sqlite:713,radio-be0eddac2b26a9e9,False,Libyan_cells_dataset/cells.sqlite3,retained,Libyana,107581739815291,1221
sqlite:739,radio-c48bfa68161b63dc,False,Libyan_cells_dataset/cells.sqlite3,retained,Libyana,227307931764220,1222
sqlite:712,radio-2c0d9109339d4ddd,False,Libyan_cells_dataset/cells.sqlite3,retained,Libyana,2342437174640,1223
sqlite:715,radio-430ac826a697dd53,False,Libyan_cells_dataset/cells.sqlite3,retained,Libyana,35636375313449,1224
sqlite:1282,radio-cdf181bd6316d08e,False,Libyan_cells_dataset/cells.sqlite3,retained,Libyana,126254061689114,1225
sqlite:278,radio-8d5f8d293cafa111,False,Libyan_cells_dataset/cells.sqlite3,retained,Libyana,93998271848725,1226
sqlite:274,radio-ab0aa27b30cda62e,False,Libyan_cells_dataset/cells.sqlite3,retained,Libyana,149832409746235,1229
sqlite:279,radio-93aee3f965558e77,False,Libyan_cells_dataset/cells.sqlite3,retained,Libyana,223347707783469,1235
sqlite:242,radio-0085632ca99a7ed1,False,Libyan_cells_dataset/cells.sqlite3,retained,Libyana,101405398468180,1239
sqlite:263,radio-818cd2c81ee3b2c3,False,Libyan_cells_dataset/cells.sqlite3,retained,Libyana,163864173203621,1240
sqlite:223,radio-053a68389836ae62,False,Libyan_cells_dataset/cells.sqlite3,retained,Libyana,75825816204816,1241
sqlite:249,radio-eadd51caf199f07d,False,Libyan_cells_dataset/cells.sqlite3,retained,Libyana,64531730774507,1242
sqlite:255,radio-82f937ae57fbd06b,False,Libyan_cells_dataset/cells.sqlite3,retained,Libyana,157142095842496,1248
sqlite:429,radio-1b3f49c55b10d63b,False,Libyan_cells_dataset/cells.sqlite3,retained,Libyana,118420687303596,1271
sqlite:423,radio-ab75b2cb131526ce,False,Libyan_cells_dataset/cells.sqlite3,retained,Libyana,204413975873016,1272
sqlite:431,radio-af661d8f3d830fd7,False,Libyan_cells_dataset/cells.sqlite3,retained,Libyana,239413836529391,1275
sqlite:415,radio-e7ccde0511effe8d,False,Libyan_cells_dataset/cells.sqlite3,retained,Libyana,2319755422413,1277
sqlite:418,radio-bb497bf62b709a8d,False,Libyan_cells_dataset/cells.sqlite3,retained,Libyana,280433792639181,1284
sqlite:387,radio-e38bd4c1c91b2d44,False,Libyan_cells_dataset/cells.sqlite3,retained,Libyana,5442696701577,1290
sqlite:112,radio-71dc21f1719d195b,False,Libyan_cells_dataset/cells.sqlite3,retained,Libyana,216683345630269,1291
sqlite:383,radio-df2a78c67d828138,False,Libyan_cells_dataset/cells.sqlite3,retained,Libyana,200874801939212,1295
sqlite:390,radio-d0994ab5a3af99d5,False,Libyan_cells_dataset/cells.sqlite3,retained,Libyana,118625807413877,1299
sqlite:434,radio-8a5bd0f6077715ee,False,Libyan_cells_dataset/cells.sqlite3,retained,Libyana,55405497550927,1313
sqlite:447,radio-fc32716000286e97,False,Libyan_cells_dataset/cells.sqlite3,retained,Libyana,98755937512477,1317
sqlite:449,radio-6eee4c6c03047afe,False,Libyan_cells_dataset/cells.sqlite3,retained,Libyana,8874703516396,1318
sqlite:452,radio-cd198bb144c662c0,False,Libyan_cells_dataset/cells.sqlite3,retained,Libyana,170615061787489,1319
sqlite:461,radio-f3360ea6646936b1,False,Libyan_cells_dataset/cells.sqlite3,retained,Libyana,166189669509266,1321
sqlite:454,radio-aa1623ed2d2d4f53,False,Libyan_cells_dataset/cells.sqlite3,retained,Libyana,258341372843658,1322
sqlite:450,radio-2734bd4ecea2e1be,False,Libyan_cells_dataset/cells.sqlite3,retained,Libyana,127166029176345,1323
sqlite:411,radio-eae76f66e51aaac9,False,Libyan_cells_dataset/cells.sqlite3,retained,Libyana,74545509300530,1330
sqlite:409,radio-84f35fea7473a39a,False,Libyan_cells_dataset/cells.sqlite3,retained,Libyana,141102331524441,1332
sqlite:435,radio-00834da0998293d3,False,Libyan_cells_dataset/cells.sqlite3,retained,Libyana,64053719388722,137
sqlite:414,radio-41832a5787015313,False,Libyan_cells_dataset/cells.sqlite3,retained,Libyana,203361501189464,1336
sqlite:464,radio-a65cf779f943e2c6,False,Libyan_cells_dataset/cells.sqlite3,retained,Libyana,92414355574263,1348
sqlite:493,radio-73e204ba5f6a0a46,False,Libyan_cells_dataset/cells.sqlite3,retained,Libyana,244428713532979,1349
sqlite:471,radio-2241d9dbce869a40,False,Libyan_cells_dataset/cells.sqlite3,retained,Libyana,51704865825523,1350
sqlite:468,radio-5a29785f7f0fad61,False,Libyan_cells_dataset/cells.sqlite3,retained,Libyana,225162353904390,1352
sqlite:469,radio-a22d92fa3998eedf,False,Libyan_cells_dataset/cells.sqlite3,retained,Libyana,1876621074186,1355
sqlite:472,radio-ef56fc3fea290dad,False,Libyan_cells_dataset/cells.sqlite3,retained,Libyana,47832698055802,1362
sqlite:479,radio-d589ee18c13837f4,False,Libyan_cells_dataset/cells.sqlite3,retained,Libyana,84925159616500,1363
sqlite:474,radio-68cdfe899a92fb62,False,Libyan_cells_dataset/cells.sqlite3,retained,Libyana,186663439954755,1365
sqlite:495,radio-ca0515d736b33580,False,Libyan_cells_dataset/cells.sqlite3,retained,Libyana,195619847355667,1367
sqlite:498,radio-36e56fcaf918cc7d,False,Libyan_cells_dataset/cells.sqlite3,retained,Libyana,200363681632286,1368
sqlite:499,radio-7d8a3948435b9b90,False,Libyan_cells_dataset/cells.sqlite3,retained,Libyana,264275128715814,1369
sqlite:486,radio-38c44a9585ef8c49,False,Libyan_cells_dataset/cells.sqlite3,retained,Libyana,135623421660925,1375
sqlite:485,radio-9c058dec69d2e6d9,False,Libyan_cells_dataset/cells.sqlite3,retained,Libyana,8942406132618,1377
sqlite:497,radio-645d34acab9f58bb,False,Libyan_cells_dataset/cells.sqlite3,retained,Libyana,170960481350708,1379
sqlite:500,radio-654918d16a0260ba,False,Libyan_cells_dataset/cells.sqlite3,retained,Libyana,205210465917391,1384
sqlite:576,radio-7c8f4f11b831b420,False,Libyan_cells_dataset/cells.sqlite3,retained,Libyana,273765526790375,1386
sqlite:70,radio-31d9881afd3c331a,False,Libyan_cells_dataset/cells.sqlite3,retained,Libyana,205985436556928,1394
sqlite:21,radio-ab0c51e045f2b290,False,Libyan_cells_dataset/cells.sqlite3,retained,Libyana,274762845095424,1398
sqlite:58,radio-4c776ebf98ea6be9,False,Libyan_cells_dataset/cells.sqlite3,retained,Libyana,78824473816056,1399
sqlite:8,radio-6cf1e5105040e0b1,False,Libyan_cells_dataset/cells.sqlite3,retained,Libyana,119946241179865,1407
sqlite:402,radio-cd8b5054e6e5a38c,False,Libyan_cells_dataset/cells.sqlite3,retained,Libyana,201712602616205,1408
sqlite:336,radio-e5b71294750302f6,False,Libyan_cells_dataset/cells.sqlite3,retained,Libyana,175049562130852,1411
sqlite:127,radio-e8ec1d68054de59e,False,Libyan_cells_dataset/cells.sqlite3,retained,Libyana,208358450319741,1419
sqlite:372,radio-4e0759bd0266820a,False,Libyan_cells_dataset/cells.sqlite3,retained,Libyana,268936826873742,1424
sqlite:358,radio-53067c98cae4e645,False,Libyan_cells_dataset/cells.sqlite3,retained,Libyana,190073253080931,1425
sqlite:367,radio-1ea7b794f6630227,False,Libyan_cells_dataset/cells.sqlite3,retained,Libyana,150251812123285,1434
sqlite:311,radio-dd91018872f46b48,False,Libyan_cells_dataset/cells.sqlite3,retained,Libyana,212902116682186,1514
collected:133,radio-5f6ab540e067ea2e,False,data/new_data/libya_collected_antennas/cellmapper/cellmapper_libya_antennas.csv,retained,Libyana,181256664694966,
collected:134,radio-5f6ab540e067ea2e,False,data/new_data/libya_collected_antennas/cellmapper/cellmapper_libya_antennas.csv,retained,Libyana,181256664694966,
collected:135,radio-5f6ab540e067ea2e,False,data/new_data/libya_collected_antennas/cellmapper/cellmapper_libya_antennas.csv,retained,Libyana,181256664694966,
collected:136,radio-5f6ab540e067ea2e,False,data/new_data/libya_collected_antennas/cellmapper/cellmapper_libya_antennas.csv,retained,Libyana,181256664694966,
collected:137,radio-5f6ab540e067ea2e,False,data/new_data/libya_collected_antennas/cellmapper/cellmapper_libya_antennas.csv,retained,Libyana,181256664694966,
collected:138,radio-5f6ab540e067ea2e,False,data/new_data/libya_collected_antennas/cellmapper/cellmapper_libya_antennas.csv,retained,Libyana,181256664694966,
collected:139,radio-5f6ab540e067ea2e,False,data/new_data/libya_collected_antennas/cellmapper/cellmapper_libya_antennas.csv,retained,Libyana,181256664694966,
collected:140,radio-5f6ab540e067ea2e,False,data/new_data/libya_collected_antennas/cellmapper/cellmapper_libya_antennas.csv,retained,Libyana,181256664694966,
collected:141,radio-5f6ab540e067ea2e,False,data/new_data/libya_collected_antennas/cellmapper/cellmapper_libya_antennas.csv,retained,Libyana,181256664694966,
collected:142,radio-5f6ab540e067ea2e,False,data/new_data/libya_collected_antennas/cellmapper/cellmapper_libya_antennas.csv,retained,Libyana,181256664694966,
collected:143,radio-5f6ab540e067ea2e,False,data/new_data/libya_collected_antennas/cellmapper/cellmapper_libya_antennas.csv,retained,Libyana,181256664694966,
collected:44,radio-55460c34eb91ae23,False,data/new_data/libya_collected_antennas/cellmapper/cellmapper_libya_antennas.csv,retained,Libyana,242846156971088,
collected:45,radio-55460c34eb91ae23,False,data/new_data/libya_collected_antennas/cellmapper/cellmapper_libya_antennas.csv,retained,Libyana,242846156971088,
collected:46,radio-55460c34eb91ae23,False,data/new_data/libya_collected_antennas/cellmapper/cellmapper_libya_antennas.csv,retained,Libyana,242846156971088,
collected:47,radio-55460c34eb91ae23,False,data/new_data/libya_collected_antennas/cellmapper/cellmapper_libya_antennas.csv,retained,Libyana,242846156971088,
collected:48,radio-55460c34eb91ae23,False,data/new_data/libya_collected_antennas/cellmapper/cellmapper_libya_antennas.csv,retained,Libyana,242846156971088,
collected:49,radio-55460c34eb91ae23,False,data/new_data/libya_collected_antennas/cellmapper/cellmapper_libya_antennas.csv,retained,Libyana,242846156971088,
collected:50,radio-55460c34eb91ae23,False,data/new_data/libya_collected_antennas/cellmapper/cellmapper_libya_antennas.csv,retained,Libyana,242846156971088,
collected:51,radio-55460c34eb91ae23,False,data/new_data/libya_collected_antennas/cellmapper/cellmapper_libya_antennas.csv,retained,Libyana,242846156971088,
collected:52,radio-55460c34eb91ae23,False,data/new_data/libya_collected_antennas/cellmapper/cellmapper_libya_antennas.csv,retained,Libyana,242846156971088,
collected:53,radio-55460c34eb91ae23,False,data/new_data/libya_collected_antennas/cellmapper/cellmapper_libya_antennas.csv,retained,Libyana,242846156971088,
collected:54,radio-55460c34eb91ae23,False,data/new_data/libya_collected_antennas/cellmapper/cellmapper_libya_antennas.csv,retained,Libyana,242846156971088,
collected:55,radio-55460c34eb91ae23,False,data/new_data/libya_collected_antennas/cellmapper/cellmapper_libya_antennas.csv,retained,Libyana,242846156971088,
collected:56,radio-55460c34eb91ae23,False,data/new_data/libya_collected_antennas/cellmapper/cellmapper_libya_antennas.csv,retained,Libyana,242846156971088,
collected:57,radio-55460c34eb91ae23,False,data/new_data/libya_collected_antennas/cellmapper/cellmapper_libya_antennas.csv,retained,Libyana,242846156971088,
collected:58,radio-55460c34eb91ae23,False,data/new_data/libya_collected_antennas/cellmapper/cellmapper_libya_antennas.csv,retained,Libyana,242846156971088,
collected:1392,radio-6e5d3ba4a2587d81,False,data/new_data/libya_collected_antennas/cellmapper/cellmapper_libya_antennas.csv,retained,Libyana,273161231189374,
collected:1393,radio-6e5d3ba4a2587d81,False,data/new_data/libya_collected_antennas/cellmapper/cellmapper_libya_antennas.csv,retained,Libyana,273161231189374,
collected:1394,radio-6e5d3ba4a2587d81,False,data/new_data/libya_collected_antennas/cellmapper/cellmapper_libya_antennas.csv,retained,Libyana,273161231189374,
collected:1395,radio-6e5d3ba4a2587d81,False,data/new_data/libya_collected_antennas/cellmapper/cellmapper_libya_antennas.csv,retained,Libyana,273161231189374,
collected:1396,radio-6e5d3ba4a2587d81,False,data/new_data/libya_collected_antennas/cellmapper/cellmapper_libya_antennas.csv,retained,Libyana,273161231189374,
collected:1397,radio-6e5d3ba4a2587d81,False,data/new_data/libya_collected_antennas/cellmapper/cellmapper_libya_antennas.csv,retained,Libyana,273161231189374,
collected:1398,radio-6e5d3ba4a2587d81,False,data/new_data/libya_collected_antennas/cellmapper/cellmapper_libya_antennas.csv,retained,Libyana,273161231189374,
collected:1399,radio-6e5d3ba4a2587d81,False,data/new_data/libya_collected_antennas/cellmapper/cellmapper_libya_antennas.csv,retained,Libyana,273161231189374,
collected:500,radio-55a761ada72ec660,False,data/new_data/libya_collected_antennas/cellmapper/cellmapper_libya_antennas.csv,retained,Libyana,181720449423902,
collected:501,radio-55a761ada72ec660,False,data/new_data/libya_collected_antennas/cellmapper/cellmapper_libya_antennas.csv,retained,Libyana,181720449423902,
collected:502,radio-55a761ada72ec660,False,data/new_data/libya_collected_antennas/cellmapper/cellmapper_libya_antennas.csv,retained,Libyana,181720449423902,
collected:503,radio-55a761ada72ec660,False,data/new_data/libya_collected_antennas/cellmapper/cellmapper_libya_antennas.csv,retained,Libyana,181720449423902,
collected:504,radio-55a761ada72ec660,False,data/new_data/libya_collected_antennas/cellmapper/cellmapper_libya_antennas.csv,retained,Libyana,181720449423902,
collected:505,radio-55a761ada72ec660,False,data/new_data/libya_collected_antennas/cellmapper/cellmapper_libya_antennas.csv,retained,Libyana,181720449423902,
collected:506,radio-55a761ada72ec660,False,data/new_data/libya_collected_antennas/cellmapper/cellmapper_libya_antennas.csv,retained,Libyana,181720449423902,
collected:507,radio-55a761ada72ec660,False,data/new_data/libya_collected_antennas/cellmapper/cellmapper_libya_antennas.csv,retained,Libyana,181720449423902,
collected:508,radio-55a761ada72ec660,False,data/new_data/libya_collected_antennas/cellmapper/cellmapper_libya_antennas.csv,retained,Libyana,181720449423902,
collected:509,radio-55a761ada72ec660,False,data/new_data/libya_collected_antennas/cellmapper/cellmapper_libya_antennas.csv,retained,Libyana,181720449423902,
collected:1403,radio-34abf4f2c05ab02d,False,data/new_data/libya_collected_antennas/cellmapper/cellmapper_libya_antennas.csv,retained,Libyana,144100824973348,
collected:1404,radio-34abf4f2c05ab02d,False,data/new_data/libya_collected_antennas/cellmapper/cellmapper_libya_antennas.csv,retained,Libyana,144100824973348,
collected:1405,radio-34abf4f2c05ab02d,False,data/new_data/libya_collected_antennas/cellmapper/cellmapper_libya_antennas.csv,retained,Libyana,144100824973348,
collected:1406,radio-34abf4f2c05ab02d,False,data/new_data/libya_collected_antennas/cellmapper/cellmapper_libya_antennas.csv,retained,Libyana,144100824973348,
collected:1407,radio-34abf4f2c05ab02d,False,data/new_data/libya_collected_antennas/cellmapper/cellmapper_libya_antennas.csv,retained,Libyana,144100824973348,
collected:1408,radio-34abf4f2c05ab02d,False,data/new_data/libya_collected_antennas/cellmapper/cellmapper_libya_antennas.csv,retained,Libyana,144100824973348,
collected:1409,radio-34abf4f2c05ab02d,False,data/new_data/libya_collected_antennas/cellmapper/cellmapper_libya_antennas.csv,retained,Libyana,144100824973348,
collected:1410,radio-34abf4f2c05ab02d,False,data/new_data/libya_collected_antennas/cellmapper/cellmapper_libya_antennas.csv,retained,Libyana,144100824973348,
collected:1411,radio-34abf4f2c05ab02d,False,data/new_data/libya_collected_antennas/cellmapper/cellmapper_libya_antennas.csv,retained,Libyana,144100824973348,
collected:1412,radio-34abf4f2c05ab02d,False,data/new_data/libya_collected_antennas/cellmapper/cellmapper_libya_antennas.csv,retained,Libyana,144100824973348,
collected:1413,radio-34abf4f2c05ab02d,False,data/new_data/libya_collected_antennas/cellmapper/cellmapper_libya_antennas.csv,retained,Libyana,144100824973348,
collected:1414,radio-34abf4f2c05ab02d,False,data/new_data/libya_collected_antennas/cellmapper/cellmapper_libya_antennas.csv,retained,Libyana,144100824973348,
sqlite:1163,radio-e1ba5b00ed2de3ca,False,Libyan_cells_dataset/cells.sqlite3,retained,Libyana,40831814931310,1528
collected:1444,radio-e1ba5b00ed2de3ca,False,data/new_data/libya_collected_antennas/cellmapper/cellmapper_libya_antennas.csv,retained,Libyana,40831814931310,
collected:1445,radio-e1ba5b00ed2de3ca,False,data/new_data/libya_collected_antennas/cellmapper/cellmapper_libya_antennas.csv,retained,Libyana,40831814931310,
collected:1451,radio-eb3c325b9434028d,False,data/new_data/libya_collected_antennas/cellmapper/cellmapper_libya_antennas.csv,retained,Libyana,211781988157525,
collected:1452,radio-eb3c325b9434028d,False,data/new_data/libya_collected_antennas/cellmapper/cellmapper_libya_antennas.csv,retained,Libyana,211781988157525,
collected:1453,radio-eb3c325b9434028d,False,data/new_data/libya_collected_antennas/cellmapper/cellmapper_libya_antennas.csv,retained,Libyana,211781988157525,
collected:1454,radio-eb3c325b9434028d,False,data/new_data/libya_collected_antennas/cellmapper/cellmapper_libya_antennas.csv,retained,Libyana,211781988157525,
collected:1455,radio-eb3c325b9434028d,False,data/new_data/libya_collected_antennas/cellmapper/cellmapper_libya_antennas.csv,retained,Libyana,211781988157525,
collected:1456,radio-61952166e93eabd0,False,data/new_data/libya_collected_antennas/cellmapper/cellmapper_libya_antennas.csv,retained,Libyana,82870768414044,
collected:1457,radio-61952166e93eabd0,False,data/new_data/libya_collected_antennas/cellmapper/cellmapper_libya_antennas.csv,retained,Libyana,82870768414044,
collected:1458,radio-61952166e93eabd0,False,data/new_data/libya_collected_antennas/cellmapper/cellmapper_libya_antennas.csv,retained,Libyana,82870768414044,
collected:1459,radio-61952166e93eabd0,False,data/new_data/libya_collected_antennas/cellmapper/cellmapper_libya_antennas.csv,retained,Libyana,82870768414044,
collected:1460,radio-61952166e93eabd0,False,data/new_data/libya_collected_antennas/cellmapper/cellmapper_libya_antennas.csv,retained,Libyana,82870768414044,
collected:1461,radio-61952166e93eabd0,False,data/new_data/libya_collected_antennas/cellmapper/cellmapper_libya_antennas.csv,retained,Libyana,82870768414044,
collected:1462,radio-61952166e93eabd0,False,data/new_data/libya_collected_antennas/cellmapper/cellmapper_libya_antennas.csv,retained,Libyana,82870768414044,
collected:1463,radio-61952166e93eabd0,False,data/new_data/libya_collected_antennas/cellmapper/cellmapper_libya_antennas.csv,retained,Libyana,82870768414044,
collected:1464,radio-61952166e93eabd0,False,data/new_data/libya_collected_antennas/cellmapper/cellmapper_libya_antennas.csv,retained,Libyana,82870768414044,
collected:1465,radio-61952166e93eabd0,False,data/new_data/libya_collected_antennas/cellmapper/cellmapper_libya_antennas.csv,retained,Libyana,82870768414044,
collected:1466,radio-61952166e93eabd0,False,data/new_data/libya_collected_antennas/cellmapper/cellmapper_libya_antennas.csv,retained,Libyana,82870768414044,
collected:1467,radio-61952166e93eabd0,False,data/new_data/libya_collected_antennas/cellmapper/cellmapper_libya_antennas.csv,retained,Libyana,82870768414044,
collected:1468,radio-61952166e93eabd0,False,data/new_data/libya_collected_antennas/cellmapper/cellmapper_libya_antennas.csv,retained,Libyana,82870768414044,
collected:1469,radio-61952166e93eabd0,False,data/new_data/libya_collected_antennas/cellmapper/cellmapper_libya_antennas.csv,retained,Libyana,82870768414044,
collected:1470,radio-61952166e93eabd0,False,data/new_data/libya_collected_antennas/cellmapper/cellmapper_libya_antennas.csv,retained,Libyana,82870768414044,
collected:1471,radio-61952166e93eabd0,False,data/new_data/libya_collected_antennas/cellmapper/cellmapper_libya_antennas.csv,retained,Libyana,82870768414044,
collected:1472,radio-61952166e93eabd0,False,data/new_data/libya_collected_antennas/cellmapper/cellmapper_libya_antennas.csv,retained,Libyana,82870768414044,
collected:1482,radio-cd4ec281d6e36d1c,False,data/new_data/libya_collected_antennas/cellmapper/cellmapper_libya_antennas.csv,retained,Libyana,149654912084262,
collected:1483,radio-cd4ec281d6e36d1c,False,data/new_data/libya_collected_antennas/cellmapper/cellmapper_libya_antennas.csv,retained,Libyana,149654912084262,
collected:1484,radio-cd4ec281d6e36d1c,False,data/new_data/libya_collected_antennas/cellmapper/cellmapper_libya_antennas.csv,retained,Libyana,149654912084262,
collected:1485,radio-cd4ec281d6e36d1c,False,data/new_data/libya_collected_antennas/cellmapper/cellmapper_libya_antennas.csv,retained,Libyana,149654912084262,
collected:1486,radio-cd4ec281d6e36d1c,False,data/new_data/libya_collected_antennas/cellmapper/cellmapper_libya_antennas.csv,retained,Libyana,149654912084262,
collected:1487,radio-cd4ec281d6e36d1c,False,data/new_data/libya_collected_antennas/cellmapper/cellmapper_libya_antennas.csv,retained,Libyana,149654912084262,
collected:1488,radio-cd4ec281d6e36d1c,False,data/new_data/libya_collected_antennas/cellmapper/cellmapper_libya_antennas.csv,retained,Libyana,149654912084262,
collected:1489,radio-cd4ec281d6e36d1c,False,data/new_data/libya_collected_antennas/cellmapper/cellmapper_libya_antennas.csv,retained,Libyana,149654912084262,
collected:1490,radio-cd4ec281d6e36d1c,False,data/new_data/libya_collected_antennas/cellmapper/cellmapper_libya_antennas.csv,retained,Libyana,149654912084262,
collected:1491,radio-cd4ec281d6e36d1c,False,data/new_data/libya_collected_antennas/cellmapper/cellmapper_libya_antennas.csv,retained,Libyana,149654912084262,
collected:1492,radio-cd4ec281d6e36d1c,False,data/new_data/libya_collected_antennas/cellmapper/cellmapper_libya_antennas.csv,retained,Libyana,149654912084262,
collected:1511,radio-013cde87c879d76e,False,data/new_data/libya_collected_antennas/cellmapper/cellmapper_libya_antennas.csv,retained,Libyana,80802718383611,
collected:1512,radio-013cde87c879d76e,False,data/new_data/libya_collected_antennas/cellmapper/cellmapper_libya_antennas.csv,retained,Libyana,80802718383611,
collected:1513,radio-013cde87c879d76e,False,data/new_data/libya_collected_antennas/cellmapper/cellmapper_libya_antennas.csv,retained,Libyana,80802718383611,
collected:1514,radio-013cde87c879d76e,False,data/new_data/libya_collected_antennas/cellmapper/cellmapper_libya_antennas.csv,retained,Libyana,80802718383611,
collected:1515,radio-013cde87c879d76e,False,data/new_data/libya_collected_antennas/cellmapper/cellmapper_libya_antennas.csv,retained,Libyana,80802718383611,
collected:1516,radio-013cde87c879d76e,False,data/new_data/libya_collected_antennas/cellmapper/cellmapper_libya_antennas.csv,retained,Libyana,80802718383611,
collected:1517,radio-013cde87c879d76e,False,data/new_data/libya_collected_antennas/cellmapper/cellmapper_libya_antennas.csv,retained,Libyana,80802718383611,
collected:1518,radio-013cde87c879d76e,False,data/new_data/libya_collected_antennas/cellmapper/cellmapper_libya_antennas.csv,retained,Libyana,80802718383611,
collected:1519,radio-013cde87c879d76e,False,data/new_data/libya_collected_antennas/cellmapper/cellmapper_libya_antennas.csv,retained,Libyana,80802718383611,
sqlite:1164,radio-013cde87c879d76e,False,Libyan_cells_dataset/cells.sqlite3,retained,Libyana,80802718383611,233
collected:520,radio-bd63a0ff94863f8a,False,data/new_data/libya_collected_antennas/cellmapper/cellmapper_libya_antennas.csv,retained,Libyana,78366849170837,
collected:521,radio-bd63a0ff94863f8a,False,data/new_data/libya_collected_antennas/cellmapper/cellmapper_libya_antennas.csv,retained,Libyana,78366849170837,
collected:522,radio-bd63a0ff94863f8a,False,data/new_data/libya_collected_antennas/cellmapper/cellmapper_libya_antennas.csv,retained,Libyana,78366849170837,
collected:523,radio-bd63a0ff94863f8a,False,data/new_data/libya_collected_antennas/cellmapper/cellmapper_libya_antennas.csv,retained,Libyana,78366849170837,
sqlite:1166,radio-2b0fcd8753fbc447,False,Libyan_cells_dataset/cells.sqlite3,retained,Libyana,222886158436662,1529
collected:1529,radio-2b0fcd8753fbc447,False,data/new_data/libya_collected_antennas/cellmapper/cellmapper_libya_antennas.csv,retained,Libyana,222886158436662,
collected:1530,radio-2b0fcd8753fbc447,False,data/new_data/libya_collected_antennas/cellmapper/cellmapper_libya_antennas.csv,retained,Libyana,222886158436662,
collected:1531,radio-2b0fcd8753fbc447,False,data/new_data/libya_collected_antennas/cellmapper/cellmapper_libya_antennas.csv,retained,Libyana,222886158436662,
collected:1532,radio-2b0fcd8753fbc447,False,data/new_data/libya_collected_antennas/cellmapper/cellmapper_libya_antennas.csv,retained,Libyana,222886158436662,
collected:1533,radio-2b0fcd8753fbc447,False,data/new_data/libya_collected_antennas/cellmapper/cellmapper_libya_antennas.csv,retained,Libyana,222886158436662,
collected:1534,radio-2b0fcd8753fbc447,False,data/new_data/libya_collected_antennas/cellmapper/cellmapper_libya_antennas.csv,retained,Libyana,222886158436662,
collected:1535,radio-2b0fcd8753fbc447,False,data/new_data/libya_collected_antennas/cellmapper/cellmapper_libya_antennas.csv,retained,Libyana,222886158436662,
collected:1536,radio-2b0fcd8753fbc447,False,data/new_data/libya_collected_antennas/cellmapper/cellmapper_libya_antennas.csv,retained,Libyana,222886158436662,
collected:1537,radio-2b0fcd8753fbc447,False,data/new_data/libya_collected_antennas/cellmapper/cellmapper_libya_antennas.csv,retained,Libyana,222886158436662,
collected:1538,radio-2b0fcd8753fbc447,False,data/new_data/libya_collected_antennas/cellmapper/cellmapper_libya_antennas.csv,retained,Libyana,222886158436662,
collected:1539,radio-2b0fcd8753fbc447,False,data/new_data/libya_collected_antennas/cellmapper/cellmapper_libya_antennas.csv,retained,Libyana,222886158436662,
collected:23,radio-ebeb9fcd4a9da063,False,data/new_data/libya_collected_antennas/cellmapper/cellmapper_libya_antennas.csv,retained,Libyana,56384838833993,
collected:24,radio-ebeb9fcd4a9da063,False,data/new_data/libya_collected_antennas/cellmapper/cellmapper_libya_antennas.csv,retained,Libyana,56384838833993,
collected:25,radio-ebeb9fcd4a9da063,False,data/new_data/libya_collected_antennas/cellmapper/cellmapper_libya_antennas.csv,retained,Libyana,56384838833993,
collected:26,radio-ebeb9fcd4a9da063,False,data/new_data/libya_collected_antennas/cellmapper/cellmapper_libya_antennas.csv,retained,Libyana,56384838833993,
collected:27,radio-ebeb9fcd4a9da063,False,data/new_data/libya_collected_antennas/cellmapper/cellmapper_libya_antennas.csv,retained,Libyana,56384838833993,
collected:28,radio-ebeb9fcd4a9da063,False,data/new_data/libya_collected_antennas/cellmapper/cellmapper_libya_antennas.csv,retained,Libyana,56384838833993,
collected:29,radio-ebeb9fcd4a9da063,False,data/new_data/libya_collected_antennas/cellmapper/cellmapper_libya_antennas.csv,retained,Libyana,56384838833993,
collected:30,radio-ebeb9fcd4a9da063,False,data/new_data/libya_collected_antennas/cellmapper/cellmapper_libya_antennas.csv,retained,Libyana,56384838833993,
collected:31,radio-ebeb9fcd4a9da063,False,data/new_data/libya_collected_antennas/cellmapper/cellmapper_libya_antennas.csv,retained,Libyana,56384838833993,
collected:32,radio-ebeb9fcd4a9da063,False,data/new_data/libya_collected_antennas/cellmapper/cellmapper_libya_antennas.csv,retained,Libyana,56384838833993,
collected:33,radio-ebeb9fcd4a9da063,False,data/new_data/libya_collected_antennas/cellmapper/cellmapper_libya_antennas.csv,retained,Libyana,56384838833993,
collected:34,radio-ebeb9fcd4a9da063,False,data/new_data/libya_collected_antennas/cellmapper/cellmapper_libya_antennas.csv,retained,Libyana,56384838833993,
collected:35,radio-ebeb9fcd4a9da063,False,data/new_data/libya_collected_antennas/cellmapper/cellmapper_libya_antennas.csv,retained,Libyana,56384838833993,
collected:36,radio-ebeb9fcd4a9da063,False,data/new_data/libya_collected_antennas/cellmapper/cellmapper_libya_antennas.csv,retained,Libyana,56384838833993,
collected:37,radio-ebeb9fcd4a9da063,False,data/new_data/libya_collected_antennas/cellmapper/cellmapper_libya_antennas.csv,retained,Libyana,56384838833993,
collected:38,radio-ebeb9fcd4a9da063,False,data/new_data/libya_collected_antennas/cellmapper/cellmapper_libya_antennas.csv,retained,Libyana,56384838833993,
collected:39,radio-ebeb9fcd4a9da063,False,data/new_data/libya_collected_antennas/cellmapper/cellmapper_libya_antennas.csv,retained,Libyana,56384838833993,
collected:40,radio-ebeb9fcd4a9da063,False,data/new_data/libya_collected_antennas/cellmapper/cellmapper_libya_antennas.csv,retained,Libyana,56384838833993,
collected:41,radio-ebeb9fcd4a9da063,False,data/new_data/libya_collected_antennas/cellmapper/cellmapper_libya_antennas.csv,retained,Libyana,56384838833993,
collected:42,radio-ebeb9fcd4a9da063,False,data/new_data/libya_collected_antennas/cellmapper/cellmapper_libya_antennas.csv,retained,Libyana,56384838833993,
collected:1590,radio-0c13f1035549fbdf,False,data/new_data/libya_collected_antennas/cellmapper/cellmapper_libya_antennas.csv,retained,Libyana,151262642966688,
collected:1591,radio-0c13f1035549fbdf,False,data/new_data/libya_collected_antennas/cellmapper/cellmapper_libya_antennas.csv,retained,Libyana,151262642966688,
collected:1592,radio-0c13f1035549fbdf,False,data/new_data/libya_collected_antennas/cellmapper/cellmapper_libya_antennas.csv,retained,Libyana,151262642966688,
collected:1593,radio-0c13f1035549fbdf,False,data/new_data/libya_collected_antennas/cellmapper/cellmapper_libya_antennas.csv,retained,Libyana,151262642966688,
collected:1594,radio-0c13f1035549fbdf,False,data/new_data/libya_collected_antennas/cellmapper/cellmapper_libya_antennas.csv,retained,Libyana,151262642966688,
collected:1595,radio-0c13f1035549fbdf,False,data/new_data/libya_collected_antennas/cellmapper/cellmapper_libya_antennas.csv,retained,Libyana,151262642966688,
collected:1596,radio-0c13f1035549fbdf,False,data/new_data/libya_collected_antennas/cellmapper/cellmapper_libya_antennas.csv,retained,Libyana,151262642966688,
collected:1597,radio-0c13f1035549fbdf,False,data/new_data/libya_collected_antennas/cellmapper/cellmapper_libya_antennas.csv,retained,Libyana,151262642966688,
collected:1598,radio-0c13f1035549fbdf,False,data/new_data/libya_collected_antennas/cellmapper/cellmapper_libya_antennas.csv,retained,Libyana,151262642966688,
collected:1599,radio-0c13f1035549fbdf,False,data/new_data/libya_collected_antennas/cellmapper/cellmapper_libya_antennas.csv,retained,Libyana,151262642966688,
collected:1600,radio-0c13f1035549fbdf,False,data/new_data/libya_collected_antennas/cellmapper/cellmapper_libya_antennas.csv,retained,Libyana,151262642966688,
collected:1666,radio-5ee5b425bf98b14f,False,data/new_data/libya_collected_antennas/cellmapper/cellmapper_libya_antennas.csv,retained,Libyana,18947260486131,
collected:1667,radio-5ee5b425bf98b14f,False,data/new_data/libya_collected_antennas/cellmapper/cellmapper_libya_antennas.csv,retained,Libyana,18947260486131,
collected:1668,radio-5ee5b425bf98b14f,False,data/new_data/libya_collected_antennas/cellmapper/cellmapper_libya_antennas.csv,retained,Libyana,18947260486131,
collected:1669,radio-5ee5b425bf98b14f,False,data/new_data/libya_collected_antennas/cellmapper/cellmapper_libya_antennas.csv,retained,Libyana,18947260486131,
collected:1670,radio-5ee5b425bf98b14f,False,data/new_data/libya_collected_antennas/cellmapper/cellmapper_libya_antennas.csv,retained,Libyana,18947260486131,
collected:1671,radio-5ee5b425bf98b14f,False,data/new_data/libya_collected_antennas/cellmapper/cellmapper_libya_antennas.csv,retained,Libyana,18947260486131,
collected:1672,radio-5ee5b425bf98b14f,False,data/new_data/libya_collected_antennas/cellmapper/cellmapper_libya_antennas.csv,retained,Libyana,18947260486131,
collected:1673,radio-5ee5b425bf98b14f,False,data/new_data/libya_collected_antennas/cellmapper/cellmapper_libya_antennas.csv,retained,Libyana,18947260486131,
collected:1674,radio-5ee5b425bf98b14f,False,data/new_data/libya_collected_antennas/cellmapper/cellmapper_libya_antennas.csv,retained,Libyana,18947260486131,
collected:1675,radio-fc7fb37eadea71c6,False,data/new_data/libya_collected_antennas/cellmapper/cellmapper_libya_antennas.csv,retained,Libyana,105706795604327,
collected:1676,radio-fc7fb37eadea71c6,False,data/new_data/libya_collected_antennas/cellmapper/cellmapper_libya_antennas.csv,retained,Libyana,105706795604327,
collected:1677,radio-fc7fb37eadea71c6,False,data/new_data/libya_collected_antennas/cellmapper/cellmapper_libya_antennas.csv,retained,Libyana,105706795604327,
collected:1678,radio-fc7fb37eadea71c6,False,data/new_data/libya_collected_antennas/cellmapper/cellmapper_libya_antennas.csv,retained,Libyana,105706795604327,
collected:1679,radio-fc7fb37eadea71c6,False,data/new_data/libya_collected_antennas/cellmapper/cellmapper_libya_antennas.csv,retained,Libyana,105706795604327,
collected:1680,radio-fc7fb37eadea71c6,False,data/new_data/libya_collected_antennas/cellmapper/cellmapper_libya_antennas.csv,retained,Libyana,105706795604327,
collected:1681,radio-fc7fb37eadea71c6,False,data/new_data/libya_collected_antennas/cellmapper/cellmapper_libya_antennas.csv,retained,Libyana,105706795604327,
collected:1682,radio-fc7fb37eadea71c6,False,data/new_data/libya_collected_antennas/cellmapper/cellmapper_libya_antennas.csv,retained,Libyana,105706795604327,
collected:1683,radio-fc7fb37eadea71c6,False,data/new_data/libya_collected_antennas/cellmapper/cellmapper_libya_antennas.csv,retained,Libyana,105706795604327,
sqlite:1158,radio-648d2bfec7abbb2b,False,Libyan_cells_dataset/cells.sqlite3,retained,Libyana,205473676659696,1530
collected:1704,radio-648d2bfec7abbb2b,False,data/new_data/libya_collected_antennas/cellmapper/cellmapper_libya_antennas.csv,retained,Libyana,205473676659696,
collected:1705,radio-648d2bfec7abbb2b,False,data/new_data/libya_collected_antennas/cellmapper/cellmapper_libya_antennas.csv,retained,Libyana,205473676659696,
collected:1706,radio-648d2bfec7abbb2b,False,data/new_data/libya_collected_antennas/cellmapper/cellmapper_libya_antennas.csv,retained,Libyana,205473676659696,
collected:1707,radio-648d2bfec7abbb2b,False,data/new_data/libya_collected_antennas/cellmapper/cellmapper_libya_antennas.csv,retained,Libyana,205473676659696,
collected:1708,radio-648d2bfec7abbb2b,False,data/new_data/libya_collected_antennas/cellmapper/cellmapper_libya_antennas.csv,retained,Libyana,205473676659696,
collected:1709,radio-648d2bfec7abbb2b,False,data/new_data/libya_collected_antennas/cellmapper/cellmapper_libya_antennas.csv,retained,Libyana,205473676659696,
collected:1710,radio-648d2bfec7abbb2b,False,data/new_data/libya_collected_antennas/cellmapper/cellmapper_libya_antennas.csv,retained,Libyana,205473676659696,
collected:1711,radio-648d2bfec7abbb2b,False,data/new_data/libya_collected_antennas/cellmapper/cellmapper_libya_antennas.csv,retained,Libyana,205473676659696,
collected:1712,radio-648d2bfec7abbb2b,False,data/new_data/libya_collected_antennas/cellmapper/cellmapper_libya_antennas.csv,retained,Libyana,205473676659696,
collected:1713,radio-648d2bfec7abbb2b,False,data/new_data/libya_collected_antennas/cellmapper/cellmapper_libya_antennas.csv,retained,Libyana,205473676659696,
collected:1714,radio-648d2bfec7abbb2b,False,data/new_data/libya_collected_antennas/cellmapper/cellmapper_libya_antennas.csv,retained,Libyana,205473676659696,
collected:1715,radio-648d2bfec7abbb2b,False,data/new_data/libya_collected_antennas/cellmapper/cellmapper_libya_antennas.csv,retained,Libyana,205473676659696,
collected:1716,radio-648d2bfec7abbb2b,False,data/new_data/libya_collected_antennas/cellmapper/cellmapper_libya_antennas.csv,retained,Libyana,205473676659696,
collected:1717,radio-648d2bfec7abbb2b,False,data/new_data/libya_collected_antennas/cellmapper/cellmapper_libya_antennas.csv,retained,Libyana,205473676659696,
collected:1718,radio-648d2bfec7abbb2b,False,data/new_data/libya_collected_antennas/cellmapper/cellmapper_libya_antennas.csv,retained,Libyana,205473676659696,
collected:1719,radio-648d2bfec7abbb2b,False,data/new_data/libya_collected_antennas/cellmapper/cellmapper_libya_antennas.csv,retained,Libyana,205473676659696,
collected:1743,radio-cf9a5c536e202e03,False,data/new_data/libya_collected_antennas/cellmapper/cellmapper_libya_antennas.csv,retained,Libyana,225537324706858,
collected:1744,radio-cf9a5c536e202e03,False,data/new_data/libya_collected_antennas/cellmapper/cellmapper_libya_antennas.csv,retained,Libyana,225537324706858,
collected:1745,radio-cf9a5c536e202e03,False,data/new_data/libya_collected_antennas/cellmapper/cellmapper_libya_antennas.csv,retained,Libyana,225537324706858,
collected:1746,radio-cf9a5c536e202e03,False,data/new_data/libya_collected_antennas/cellmapper/cellmapper_libya_antennas.csv,retained,Libyana,225537324706858,
collected:1747,radio-cf9a5c536e202e03,False,data/new_data/libya_collected_antennas/cellmapper/cellmapper_libya_antennas.csv,retained,Libyana,225537324706858,
collected:1748,radio-cf9a5c536e202e03,False,data/new_data/libya_collected_antennas/cellmapper/cellmapper_libya_antennas.csv,retained,Libyana,225537324706858,
collected:1749,radio-cf9a5c536e202e03,False,data/new_data/libya_collected_antennas/cellmapper/cellmapper_libya_antennas.csv,retained,Libyana,225537324706858,
collected:1750,radio-cf9a5c536e202e03,False,data/new_data/libya_collected_antennas/cellmapper/cellmapper_libya_antennas.csv,retained,Libyana,225537324706858,
collected:1751,radio-cf9a5c536e202e03,False,data/new_data/libya_collected_antennas/cellmapper/cellmapper_libya_antennas.csv,retained,Libyana,225537324706858,
collected:1752,radio-cf9a5c536e202e03,False,data/new_data/libya_collected_antennas/cellmapper/cellmapper_libya_antennas.csv,retained,Libyana,225537324706858,
collected:1753,radio-cf9a5c536e202e03,False,data/new_data/libya_collected_antennas/cellmapper/cellmapper_libya_antennas.csv,retained,Libyana,225537324706858,
collected:1754,radio-cf9a5c536e202e03,False,data/new_data/libya_collected_antennas/cellmapper/cellmapper_libya_antennas.csv,retained,Libyana,225537324706858,
collected:1783,radio-2624ef76fc1cf8c9,False,data/new_data/libya_collected_antennas/cellmapper/cellmapper_libya_antennas.csv,retained,Libyana,244272075749688,
collected:1784,radio-2624ef76fc1cf8c9,False,data/new_data/libya_collected_antennas/cellmapper/cellmapper_libya_antennas.csv,retained,Libyana,244272075749688,
collected:1785,radio-2624ef76fc1cf8c9,False,data/new_data/libya_collected_antennas/cellmapper/cellmapper_libya_antennas.csv,retained,Libyana,244272075749688,
collected:1786,radio-2624ef76fc1cf8c9,False,data/new_data/libya_collected_antennas/cellmapper/cellmapper_libya_antennas.csv,retained,Libyana,244272075749688,
collected:1787,radio-2624ef76fc1cf8c9,False,data/new_data/libya_collected_antennas/cellmapper/cellmapper_libya_antennas.csv,retained,Libyana,244272075749688,
collected:125,radio-e9a0f86b25a4027e,False,data/new_data/libya_collected_antennas/cellmapper/cellmapper_libya_antennas.csv,retained,Libyana,155504730933791,
collected:126,radio-e9a0f86b25a4027e,False,data/new_data/libya_collected_antennas/cellmapper/cellmapper_libya_antennas.csv,retained,Libyana,155504730933791,
collected:127,radio-e9a0f86b25a4027e,False,data/new_data/libya_collected_antennas/cellmapper/cellmapper_libya_antennas.csv,retained,Libyana,155504730933791,
collected:128,radio-e9a0f86b25a4027e,False,data/new_data/libya_collected_antennas/cellmapper/cellmapper_libya_antennas.csv,retained,Libyana,155504730933791,
collected:129,radio-e9a0f86b25a4027e,False,data/new_data/libya_collected_antennas/cellmapper/cellmapper_libya_antennas.csv,retained,Libyana,155504730933791,
collected:130,radio-e9a0f86b25a4027e,False,data/new_data/libya_collected_antennas/cellmapper/cellmapper_libya_antennas.csv,retained,Libyana,155504730933791,
collected:131,radio-e9a0f86b25a4027e,False,data/new_data/libya_collected_antennas/cellmapper/cellmapper_libya_antennas.csv,retained,Libyana,155504730933791,
collected:132,radio-e9a0f86b25a4027e,False,data/new_data/libya_collected_antennas/cellmapper/cellmapper_libya_antennas.csv,retained,Libyana,155504730933791,
collected:1790,radio-142bbb5a95eee690,False,data/new_data/libya_collected_antennas/cellmapper/cellmapper_libya_antennas.csv,retained,Libyana,107906266586845,
collected:1791,radio-142bbb5a95eee690,False,data/new_data/libya_collected_antennas/cellmapper/cellmapper_libya_antennas.csv,retained,Libyana,107906266586845,
collected:1792,radio-142bbb5a95eee690,False,data/new_data/libya_collected_antennas/cellmapper/cellmapper_libya_antennas.csv,retained,Libyana,107906266586845,
collected:1793,radio-142bbb5a95eee690,False,data/new_data/libya_collected_antennas/cellmapper/cellmapper_libya_antennas.csv,retained,Libyana,107906266586845,
collected:1794,radio-142bbb5a95eee690,False,data/new_data/libya_collected_antennas/cellmapper/cellmapper_libya_antennas.csv,retained,Libyana,107906266586845,
collected:1795,radio-142bbb5a95eee690,False,data/new_data/libya_collected_antennas/cellmapper/cellmapper_libya_antennas.csv,retained,Libyana,107906266586845,
collected:1802,radio-a4cc5f5bfa5ff591,False,data/new_data/libya_collected_antennas/cellmapper/cellmapper_libya_antennas.csv,retained,Libyana,15792644224575,
collected:1803,radio-a4cc5f5bfa5ff591,False,data/new_data/libya_collected_antennas/cellmapper/cellmapper_libya_antennas.csv,retained,Libyana,15792644224575,
collected:1804,radio-a4cc5f5bfa5ff591,False,data/new_data/libya_collected_antennas/cellmapper/cellmapper_libya_antennas.csv,retained,Libyana,15792644224575,
collected:1805,radio-a4cc5f5bfa5ff591,False,data/new_data/libya_collected_antennas/cellmapper/cellmapper_libya_antennas.csv,retained,Libyana,15792644224575,
collected:1806,radio-a4cc5f5bfa5ff591,False,data/new_data/libya_collected_antennas/cellmapper/cellmapper_libya_antennas.csv,retained,Libyana,15792644224575,
collected:1807,radio-a4cc5f5bfa5ff591,False,data/new_data/libya_collected_antennas/cellmapper/cellmapper_libya_antennas.csv,retained,Libyana,15792644224575,
collected:1808,radio-a4cc5f5bfa5ff591,False,data/new_data/libya_collected_antennas/cellmapper/cellmapper_libya_antennas.csv,retained,Libyana,15792644224575,
collected:1809,radio-a4cc5f5bfa5ff591,False,data/new_data/libya_collected_antennas/cellmapper/cellmapper_libya_antennas.csv,retained,Libyana,15792644224575,
collected:1810,radio-a4cc5f5bfa5ff591,False,data/new_data/libya_collected_antennas/cellmapper/cellmapper_libya_antennas.csv,retained,Libyana,15792644224575,
collected:1811,radio-a4cc5f5bfa5ff591,False,data/new_data/libya_collected_antennas/cellmapper/cellmapper_libya_antennas.csv,retained,Libyana,15792644224575,
collected:1812,radio-fce5fa18bdc4f59c,False,data/new_data/libya_collected_antennas/cellmapper/cellmapper_libya_antennas.csv,retained,Libyana,197645515575896,
sqlite:1161,radio-0c521bf2bd2f7b52,False,Libyan_cells_dataset/cells.sqlite3,retained,Libyana,91337706461448,1531
collected:1813,radio-0c521bf2bd2f7b52,False,data/new_data/libya_collected_antennas/cellmapper/cellmapper_libya_antennas.csv,retained,Libyana,91337706461448,
collected:1814,radio-0c521bf2bd2f7b52,False,data/new_data/libya_collected_antennas/cellmapper/cellmapper_libya_antennas.csv,retained,Libyana,91337706461448,
collected:1815,radio-0c521bf2bd2f7b52,False,data/new_data/libya_collected_antennas/cellmapper/cellmapper_libya_antennas.csv,retained,Libyana,91337706461448,
collected:1816,radio-0c521bf2bd2f7b52,False,data/new_data/libya_collected_antennas/cellmapper/cellmapper_libya_antennas.csv,retained,Libyana,91337706461448,
collected:1817,radio-0c521bf2bd2f7b52,False,data/new_data/libya_collected_antennas/cellmapper/cellmapper_libya_antennas.csv,retained,Libyana,91337706461448,
collected:1818,radio-0c521bf2bd2f7b52,False,data/new_data/libya_collected_antennas/cellmapper/cellmapper_libya_antennas.csv,retained,Libyana,91337706461448,
collected:1819,radio-0c521bf2bd2f7b52,False,data/new_data/libya_collected_antennas/cellmapper/cellmapper_libya_antennas.csv,retained,Libyana,91337706461448,
collected:1820,radio-0c521bf2bd2f7b52,False,data/new_data/libya_collected_antennas/cellmapper/cellmapper_libya_antennas.csv,retained,Libyana,91337706461448,
collected:1821,radio-0c521bf2bd2f7b52,False,data/new_data/libya_collected_antennas/cellmapper/cellmapper_libya_antennas.csv,retained,Libyana,91337706461448,
collected:1822,radio-0c521bf2bd2f7b52,False,data/new_data/libya_collected_antennas/cellmapper/cellmapper_libya_antennas.csv,retained,Libyana,91337706461448,
collected:1823,radio-0c521bf2bd2f7b52,False,data/new_data/libya_collected_antennas/cellmapper/cellmapper_libya_antennas.csv,retained,Libyana,91337706461448,
collected:1824,radio-0c521bf2bd2f7b52,False,data/new_data/libya_collected_antennas/cellmapper/cellmapper_libya_antennas.csv,retained,Libyana,91337706461448,
collected:1825,radio-0c521bf2bd2f7b52,False,data/new_data/libya_collected_antennas/cellmapper/cellmapper_libya_antennas.csv,retained,Libyana,91337706461448,
collected:1826,radio-0c521bf2bd2f7b52,False,data/new_data/libya_collected_antennas/cellmapper/cellmapper_libya_antennas.csv,retained,Libyana,91337706461448,
collected:1831,radio-75023ba12a33a440,False,data/new_data/libya_collected_antennas/cellmapper/cellmapper_libya_antennas.csv,retained,Libyana,213052635524309,
collected:1832,radio-75023ba12a33a440,False,data/new_data/libya_collected_antennas/cellmapper/cellmapper_libya_antennas.csv,retained,Libyana,213052635524309,
collected:1833,radio-75023ba12a33a440,False,data/new_data/libya_collected_antennas/cellmapper/cellmapper_libya_antennas.csv,retained,Libyana,213052635524309,
collected:1834,radio-75023ba12a33a440,False,data/new_data/libya_collected_antennas/cellmapper/cellmapper_libya_antennas.csv,retained,Libyana,213052635524309,
collected:1835,radio-75023ba12a33a440,False,data/new_data/libya_collected_antennas/cellmapper/cellmapper_libya_antennas.csv,retained,Libyana,213052635524309,
collected:1836,radio-75023ba12a33a440,False,data/new_data/libya_collected_antennas/cellmapper/cellmapper_libya_antennas.csv,retained,Libyana,213052635524309,
collected:1837,radio-75023ba12a33a440,False,data/new_data/libya_collected_antennas/cellmapper/cellmapper_libya_antennas.csv,retained,Libyana,213052635524309,
collected:1838,radio-75023ba12a33a440,False,data/new_data/libya_collected_antennas/cellmapper/cellmapper_libya_antennas.csv,retained,Libyana,213052635524309,
collected:1839,radio-75023ba12a33a440,False,data/new_data/libya_collected_antennas/cellmapper/cellmapper_libya_antennas.csv,retained,Libyana,213052635524309,
collected:1840,radio-75023ba12a33a440,False,data/new_data/libya_collected_antennas/cellmapper/cellmapper_libya_antennas.csv,retained,Libyana,213052635524309,
collected:1841,radio-75023ba12a33a440,False,data/new_data/libya_collected_antennas/cellmapper/cellmapper_libya_antennas.csv,retained,Libyana,213052635524309,
collected:1855,radio-d3eec02a43161334,False,data/new_data/libya_collected_antennas/cellmapper/cellmapper_libya_antennas.csv,retained,Libyana,225950773108532,
collected:1856,radio-d3eec02a43161334,False,data/new_data/libya_collected_antennas/cellmapper/cellmapper_libya_antennas.csv,retained,Libyana,225950773108532,
collected:1857,radio-d3eec02a43161334,False,data/new_data/libya_collected_antennas/cellmapper/cellmapper_libya_antennas.csv,retained,Libyana,225950773108532,
collected:1861,radio-cd80eab061ba183a,False,data/new_data/libya_collected_antennas/cellmapper/cellmapper_libya_antennas.csv,retained,Libyana,57762620250008,
collected:1862,radio-cd80eab061ba183a,False,data/new_data/libya_collected_antennas/cellmapper/cellmapper_libya_antennas.csv,retained,Libyana,57762620250008,
collected:1863,radio-cd80eab061ba183a,False,data/new_data/libya_collected_antennas/cellmapper/cellmapper_libya_antennas.csv,retained,Libyana,57762620250008,
collected:1864,radio-cd80eab061ba183a,False,data/new_data/libya_collected_antennas/cellmapper/cellmapper_libya_antennas.csv,retained,Libyana,57762620250008,
collected:1865,radio-cd80eab061ba183a,False,data/new_data/libya_collected_antennas/cellmapper/cellmapper_libya_antennas.csv,retained,Libyana,57762620250008,
collected:1866,radio-cd80eab061ba183a,False,data/new_data/libya_collected_antennas/cellmapper/cellmapper_libya_antennas.csv,retained,Libyana,57762620250008,
collected:1867,radio-cd80eab061ba183a,False,data/new_data/libya_collected_antennas/cellmapper/cellmapper_libya_antennas.csv,retained,Libyana,57762620250008,
collected:1868,radio-cd80eab061ba183a,False,data/new_data/libya_collected_antennas/cellmapper/cellmapper_libya_antennas.csv,retained,Libyana,57762620250008,
collected:1869,radio-cd80eab061ba183a,False,data/new_data/libya_collected_antennas/cellmapper/cellmapper_libya_antennas.csv,retained,Libyana,57762620250008,
collected:1870,radio-cd80eab061ba183a,False,data/new_data/libya_collected_antennas/cellmapper/cellmapper_libya_antennas.csv,retained,Libyana,57762620250008,
collected:1871,radio-2e9226af1250d529,False,data/new_data/libya_collected_antennas/cellmapper/cellmapper_libya_antennas.csv,retained,Libyana,15388461713640,
collected:1872,radio-2e9226af1250d529,False,data/new_data/libya_collected_antennas/cellmapper/cellmapper_libya_antennas.csv,retained,Libyana,15388461713640,
collected:1873,radio-2e9226af1250d529,False,data/new_data/libya_collected_antennas/cellmapper/cellmapper_libya_antennas.csv,retained,Libyana,15388461713640,
collected:1874,radio-2e9226af1250d529,False,data/new_data/libya_collected_antennas/cellmapper/cellmapper_libya_antennas.csv,retained,Libyana,15388461713640,
collected:1875,radio-2e9226af1250d529,False,data/new_data/libya_collected_antennas/cellmapper/cellmapper_libya_antennas.csv,retained,Libyana,15388461713640,
collected:1876,radio-2e9226af1250d529,False,data/new_data/libya_collected_antennas/cellmapper/cellmapper_libya_antennas.csv,retained,Libyana,15388461713640,
collected:1877,radio-2e9226af1250d529,False,data/new_data/libya_collected_antennas/cellmapper/cellmapper_libya_antennas.csv,retained,Libyana,15388461713640,
sqlite:1178,radio-2313abb1af16bfaa,False,Libyan_cells_dataset/cells.sqlite3,retained,Libyana,6197737833119,236
collected:1935,radio-2313abb1af16bfaa,False,data/new_data/libya_collected_antennas/cellmapper/cellmapper_libya_antennas.csv,retained,Libyana,6197737833119,
collected:1936,radio-2313abb1af16bfaa,False,data/new_data/libya_collected_antennas/cellmapper/cellmapper_libya_antennas.csv,retained,Libyana,6197737833119,
collected:1937,radio-2313abb1af16bfaa,False,data/new_data/libya_collected_antennas/cellmapper/cellmapper_libya_antennas.csv,retained,Libyana,6197737833119,
collected:1938,radio-2313abb1af16bfaa,False,data/new_data/libya_collected_antennas/cellmapper/cellmapper_libya_antennas.csv,retained,Libyana,6197737833119,
collected:1939,radio-6890cce4496d2ff9,False,data/new_data/libya_collected_antennas/cellmapper/cellmapper_libya_antennas.csv,retained,Libyana,233248156599566,
collected:1940,radio-6890cce4496d2ff9,False,data/new_data/libya_collected_antennas/cellmapper/cellmapper_libya_antennas.csv,retained,Libyana,233248156599566,
collected:1941,radio-6890cce4496d2ff9,False,data/new_data/libya_collected_antennas/cellmapper/cellmapper_libya_antennas.csv,retained,Libyana,233248156599566,
collected:1942,radio-6890cce4496d2ff9,False,data/new_data/libya_collected_antennas/cellmapper/cellmapper_libya_antennas.csv,retained,Libyana,233248156599566,
collected:1943,radio-6890cce4496d2ff9,False,data/new_data/libya_collected_antennas/cellmapper/cellmapper_libya_antennas.csv,retained,Libyana,233248156599566,
collected:1944,radio-6890cce4496d2ff9,False,data/new_data/libya_collected_antennas/cellmapper/cellmapper_libya_antennas.csv,retained,Libyana,233248156599566,
collected:1945,radio-6890cce4496d2ff9,False,data/new_data/libya_collected_antennas/cellmapper/cellmapper_libya_antennas.csv,retained,Libyana,233248156599566,
collected:1946,radio-6890cce4496d2ff9,False,data/new_data/libya_collected_antennas/cellmapper/cellmapper_libya_antennas.csv,retained,Libyana,233248156599566,
collected:1947,radio-6890cce4496d2ff9,False,data/new_data/libya_collected_antennas/cellmapper/cellmapper_libya_antennas.csv,retained,Libyana,233248156599566,
collected:1970,radio-0300a27be28b35cd,False,data/new_data/libya_collected_antennas/cellmapper/cellmapper_libya_antennas.csv,retained,Libyana,100067423153380,
collected:1971,radio-0300a27be28b35cd,False,data/new_data/libya_collected_antennas/cellmapper/cellmapper_libya_antennas.csv,retained,Libyana,100067423153380,
collected:1972,radio-0300a27be28b35cd,False,data/new_data/libya_collected_antennas/cellmapper/cellmapper_libya_antennas.csv,retained,Libyana,100067423153380,
collected:1973,radio-0300a27be28b35cd,False,data/new_data/libya_collected_antennas/cellmapper/cellmapper_libya_antennas.csv,retained,Libyana,100067423153380,
collected:1974,radio-0300a27be28b35cd,False,data/new_data/libya_collected_antennas/cellmapper/cellmapper_libya_antennas.csv,retained,Libyana,100067423153380,
collected:1975,radio-0300a27be28b35cd,False,data/new_data/libya_collected_antennas/cellmapper/cellmapper_libya_antennas.csv,retained,Libyana,100067423153380,
collected:256,radio-4bf510fcbba63315,False,data/new_data/libya_collected_antennas/cellmapper/cellmapper_libya_antennas.csv,retained,Libyana,74989025719773,
collected:257,radio-4bf510fcbba63315,False,data/new_data/libya_collected_antennas/cellmapper/cellmapper_libya_antennas.csv,retained,Libyana,74989025719773,
collected:258,radio-4bf510fcbba63315,False,data/new_data/libya_collected_antennas/cellmapper/cellmapper_libya_antennas.csv,retained,Libyana,74989025719773,
collected:259,radio-4bf510fcbba63315,False,data/new_data/libya_collected_antennas/cellmapper/cellmapper_libya_antennas.csv,retained,Libyana,74989025719773,
collected:260,radio-4bf510fcbba63315,False,data/new_data/libya_collected_antennas/cellmapper/cellmapper_libya_antennas.csv,retained,Libyana,74989025719773,
collected:261,radio-4bf510fcbba63315,False,data/new_data/libya_collected_antennas/cellmapper/cellmapper_libya_antennas.csv,retained,Libyana,74989025719773,
collected:262,radio-4bf510fcbba63315,False,data/new_data/libya_collected_antennas/cellmapper/cellmapper_libya_antennas.csv,retained,Libyana,74989025719773,
collected:263,radio-4bf510fcbba63315,False,data/new_data/libya_collected_antennas/cellmapper/cellmapper_libya_antennas.csv,retained,Libyana,74989025719773,
collected:264,radio-4bf510fcbba63315,False,data/new_data/libya_collected_antennas/cellmapper/cellmapper_libya_antennas.csv,retained,Libyana,74989025719773,
collected:265,radio-4bf510fcbba63315,False,data/new_data/libya_collected_antennas/cellmapper/cellmapper_libya_antennas.csv,retained,Libyana,74989025719773,
collected:1995,radio-f7ad96d1c96070b1,False,data/new_data/libya_collected_antennas/cellmapper/cellmapper_libya_antennas.csv,retained,Libyana,85825883825835,
collected:1996,radio-f7ad96d1c96070b1,False,data/new_data/libya_collected_antennas/cellmapper/cellmapper_libya_antennas.csv,retained,Libyana,85825883825835,
collected:1997,radio-f7ad96d1c96070b1,False,data/new_data/libya_collected_antennas/cellmapper/cellmapper_libya_antennas.csv,retained,Libyana,85825883825835,
collected:1998,radio-f7ad96d1c96070b1,False,data/new_data/libya_collected_antennas/cellmapper/cellmapper_libya_antennas.csv,retained,Libyana,85825883825835,
collected:1999,radio-f7ad96d1c96070b1,False,data/new_data/libya_collected_antennas/cellmapper/cellmapper_libya_antennas.csv,retained,Libyana,85825883825835,
collected:2000,radio-f7ad96d1c96070b1,False,data/new_data/libya_collected_antennas/cellmapper/cellmapper_libya_antennas.csv,retained,Libyana,85825883825835,
collected:2007,radio-af72ed39f5901301,False,data/new_data/libya_collected_antennas/cellmapper/cellmapper_libya_antennas.csv,retained,Libyana,203911451413532,
collected:2008,radio-af72ed39f5901301,False,data/new_data/libya_collected_antennas/cellmapper/cellmapper_libya_antennas.csv,retained,Libyana,203911451413532,
collected:2009,radio-af72ed39f5901301,False,data/new_data/libya_collected_antennas/cellmapper/cellmapper_libya_antennas.csv,retained,Libyana,203911451413532,
collected:2010,radio-af72ed39f5901301,False,data/new_data/libya_collected_antennas/cellmapper/cellmapper_libya_antennas.csv,retained,Libyana,203911451413532,
collected:2011,radio-af72ed39f5901301,False,data/new_data/libya_collected_antennas/cellmapper/cellmapper_libya_antennas.csv,retained,Libyana,203911451413532,
collected:2012,radio-af72ed39f5901301,False,data/new_data/libya_collected_antennas/cellmapper/cellmapper_libya_antennas.csv,retained,Libyana,203911451413532,
collected:2013,radio-af72ed39f5901301,False,data/new_data/libya_collected_antennas/cellmapper/cellmapper_libya_antennas.csv,retained,Libyana,203911451413532,
collected:2014,radio-af72ed39f5901301,False,data/new_data/libya_collected_antennas/cellmapper/cellmapper_libya_antennas.csv,retained,Libyana,203911451413532,
collected:2015,radio-af72ed39f5901301,False,data/new_data/libya_collected_antennas/cellmapper/cellmapper_libya_antennas.csv,retained,Libyana,203911451413532,
collected:2016,radio-af72ed39f5901301,False,data/new_data/libya_collected_antennas/cellmapper/cellmapper_libya_antennas.csv,retained,Libyana,203911451413532,
collected:2017,radio-af72ed39f5901301,False,data/new_data/libya_collected_antennas/cellmapper/cellmapper_libya_antennas.csv,retained,Libyana,203911451413532,
collected:2018,radio-af72ed39f5901301,False,data/new_data/libya_collected_antennas/cellmapper/cellmapper_libya_antennas.csv,retained,Libyana,203911451413532,
collected:2019,radio-7ea3cc4050a443fa,False,data/new_data/libya_collected_antennas/cellmapper/cellmapper_libya_antennas.csv,retained,Libyana,144392532930827,
collected:2020,radio-7ea3cc4050a443fa,False,data/new_data/libya_collected_antennas/cellmapper/cellmapper_libya_antennas.csv,retained,Libyana,144392532930827,
collected:2021,radio-7ea3cc4050a443fa,False,data/new_data/libya_collected_antennas/cellmapper/cellmapper_libya_antennas.csv,retained,Libyana,144392532930827,
collected:2022,radio-7ea3cc4050a443fa,False,data/new_data/libya_collected_antennas/cellmapper/cellmapper_libya_antennas.csv,retained,Libyana,144392532930827,
collected:2023,radio-7ea3cc4050a443fa,False,data/new_data/libya_collected_antennas/cellmapper/cellmapper_libya_antennas.csv,retained,Libyana,144392532930827,
collected:2024,radio-7ea3cc4050a443fa,False,data/new_data/libya_collected_antennas/cellmapper/cellmapper_libya_antennas.csv,retained,Libyana,144392532930827,
collected:2025,radio-7ea3cc4050a443fa,False,data/new_data/libya_collected_antennas/cellmapper/cellmapper_libya_antennas.csv,retained,Libyana,144392532930827,
collected:2026,radio-7ea3cc4050a443fa,False,data/new_data/libya_collected_antennas/cellmapper/cellmapper_libya_antennas.csv,retained,Libyana,144392532930827,
collected:2027,radio-7ea3cc4050a443fa,False,data/new_data/libya_collected_antennas/cellmapper/cellmapper_libya_antennas.csv,retained,Libyana,144392532930827,
collected:2028,radio-7ea3cc4050a443fa,False,data/new_data/libya_collected_antennas/cellmapper/cellmapper_libya_antennas.csv,retained,Libyana,144392532930827,
collected:2109,radio-d57755b8c578c018,False,data/new_data/libya_collected_antennas/cellmapper/cellmapper_libya_antennas.csv,retained,Libyana,190737878026388,
collected:2110,radio-d57755b8c578c018,False,data/new_data/libya_collected_antennas/cellmapper/cellmapper_libya_antennas.csv,retained,Libyana,190737878026388,
collected:2122,radio-a8c1c080429c24a4,False,data/new_data/libya_collected_antennas/cellmapper/cellmapper_libya_antennas.csv,retained,Libyana,116633557393216,
collected:2123,radio-a8c1c080429c24a4,False,data/new_data/libya_collected_antennas/cellmapper/cellmapper_libya_antennas.csv,retained,Libyana,116633557393216,
collected:2124,radio-a8c1c080429c24a4,False,data/new_data/libya_collected_antennas/cellmapper/cellmapper_libya_antennas.csv,retained,Libyana,116633557393216,
collected:2125,radio-a8c1c080429c24a4,False,data/new_data/libya_collected_antennas/cellmapper/cellmapper_libya_antennas.csv,retained,Libyana,116633557393216,
collected:2126,radio-a8c1c080429c24a4,False,data/new_data/libya_collected_antennas/cellmapper/cellmapper_libya_antennas.csv,retained,Libyana,116633557393216,
collected:2127,radio-a8c1c080429c24a4,False,data/new_data/libya_collected_antennas/cellmapper/cellmapper_libya_antennas.csv,retained,Libyana,116633557393216,
sqlite:1167,radio-a8c1c080429c24a4,False,Libyan_cells_dataset/cells.sqlite3,retained,Libyana,116633557393216,1532
collected:17,radio-3d63186c2e16e6f5,False,data/new_data/libya_collected_antennas/cellmapper/cellmapper_libya_antennas.csv,retained,Libyana,61771843282998,
collected:18,radio-3d63186c2e16e6f5,False,data/new_data/libya_collected_antennas/cellmapper/cellmapper_libya_antennas.csv,retained,Libyana,61771843282998,
collected:19,radio-3d63186c2e16e6f5,False,data/new_data/libya_collected_antennas/cellmapper/cellmapper_libya_antennas.csv,retained,Libyana,61771843282998,
collected:20,radio-3d63186c2e16e6f5,False,data/new_data/libya_collected_antennas/cellmapper/cellmapper_libya_antennas.csv,retained,Libyana,61771843282998,
collected:21,radio-3d63186c2e16e6f5,False,data/new_data/libya_collected_antennas/cellmapper/cellmapper_libya_antennas.csv,retained,Libyana,61771843282998,
collected:22,radio-3d63186c2e16e6f5,False,data/new_data/libya_collected_antennas/cellmapper/cellmapper_libya_antennas.csv,retained,Libyana,61771843282998,
collected:2133,radio-d968cfd4baa23439,False,data/new_data/libya_collected_antennas/cellmapper/cellmapper_libya_antennas.csv,retained,Libyana,277829332587241,
collected:2134,radio-d968cfd4baa23439,False,data/new_data/libya_collected_antennas/cellmapper/cellmapper_libya_antennas.csv,retained,Libyana,277829332587241,
collected:2135,radio-d968cfd4baa23439,False,data/new_data/libya_collected_antennas/cellmapper/cellmapper_libya_antennas.csv,retained,Libyana,277829332587241,
collected:2136,radio-d968cfd4baa23439,False,data/new_data/libya_collected_antennas/cellmapper/cellmapper_libya_antennas.csv,retained,Libyana,277829332587241,
collected:2137,radio-d968cfd4baa23439,False,data/new_data/libya_collected_antennas/cellmapper/cellmapper_libya_antennas.csv,retained,Libyana,277829332587241,
collected:2138,radio-d968cfd4baa23439,False,data/new_data/libya_collected_antennas/cellmapper/cellmapper_libya_antennas.csv,retained,Libyana,277829332587241,
collected:2139,radio-111a459b75f12777,False,data/new_data/libya_collected_antennas/cellmapper/cellmapper_libya_antennas.csv,retained,Libyana,143375704430814,
collected:2140,radio-111a459b75f12777,False,data/new_data/libya_collected_antennas/cellmapper/cellmapper_libya_antennas.csv,retained,Libyana,143375704430814,
collected:2141,radio-111a459b75f12777,False,data/new_data/libya_collected_antennas/cellmapper/cellmapper_libya_antennas.csv,retained,Libyana,143375704430814,
collected:2142,radio-111a459b75f12777,False,data/new_data/libya_collected_antennas/cellmapper/cellmapper_libya_antennas.csv,retained,Libyana,143375704430814,
collected:2143,radio-111a459b75f12777,False,data/new_data/libya_collected_antennas/cellmapper/cellmapper_libya_antennas.csv,retained,Libyana,143375704430814,
collected:2144,radio-111a459b75f12777,False,data/new_data/libya_collected_antennas/cellmapper/cellmapper_libya_antennas.csv,retained,Libyana,143375704430814,
collected:2145,radio-111a459b75f12777,False,data/new_data/libya_collected_antennas/cellmapper/cellmapper_libya_antennas.csv,retained,Libyana,143375704430814,
collected:2146,radio-111a459b75f12777,False,data/new_data/libya_collected_antennas/cellmapper/cellmapper_libya_antennas.csv,retained,Libyana,143375704430814,
collected:2147,radio-111a459b75f12777,False,data/new_data/libya_collected_antennas/cellmapper/cellmapper_libya_antennas.csv,retained,Libyana,143375704430814,
collected:2148,radio-111a459b75f12777,False,data/new_data/libya_collected_antennas/cellmapper/cellmapper_libya_antennas.csv,retained,Libyana,143375704430814,
collected:2149,radio-111a459b75f12777,False,data/new_data/libya_collected_antennas/cellmapper/cellmapper_libya_antennas.csv,retained,Libyana,143375704430814,
sqlite:1175,radio-111a459b75f12777,False,Libyan_cells_dataset/cells.sqlite3,retained,Libyana,143375704430814,1533
collected:2150,radio-26ad810a46e1d36b,False,data/new_data/libya_collected_antennas/cellmapper/cellmapper_libya_antennas.csv,retained,Libyana,183071283422157,
collected:2151,radio-26ad810a46e1d36b,False,data/new_data/libya_collected_antennas/cellmapper/cellmapper_libya_antennas.csv,retained,Libyana,183071283422157,
collected:2152,radio-26ad810a46e1d36b,False,data/new_data/libya_collected_antennas/cellmapper/cellmapper_libya_antennas.csv,retained,Libyana,183071283422157,
collected:2153,radio-26ad810a46e1d36b,False,data/new_data/libya_collected_antennas/cellmapper/cellmapper_libya_antennas.csv,retained,Libyana,183071283422157,
collected:2154,radio-09108c797f3f1336,False,data/new_data/libya_collected_antennas/cellmapper/cellmapper_libya_antennas.csv,retained,Libyana,4850046563305,
collected:2155,radio-09108c797f3f1336,False,data/new_data/libya_collected_antennas/cellmapper/cellmapper_libya_antennas.csv,retained,Libyana,4850046563305,
collected:2156,radio-09108c797f3f1336,False,data/new_data/libya_collected_antennas/cellmapper/cellmapper_libya_antennas.csv,retained,Libyana,4850046563305,
collected:2157,radio-09108c797f3f1336,False,data/new_data/libya_collected_antennas/cellmapper/cellmapper_libya_antennas.csv,retained,Libyana,4850046563305,
collected:2158,radio-09108c797f3f1336,False,data/new_data/libya_collected_antennas/cellmapper/cellmapper_libya_antennas.csv,retained,Libyana,4850046563305,
collected:2159,radio-09108c797f3f1336,False,data/new_data/libya_collected_antennas/cellmapper/cellmapper_libya_antennas.csv,retained,Libyana,4850046563305,
collected:2160,radio-09108c797f3f1336,False,data/new_data/libya_collected_antennas/cellmapper/cellmapper_libya_antennas.csv,retained,Libyana,4850046563305,
collected:2161,radio-09108c797f3f1336,False,data/new_data/libya_collected_antennas/cellmapper/cellmapper_libya_antennas.csv,retained,Libyana,4850046563305,
collected:2162,radio-09108c797f3f1336,False,data/new_data/libya_collected_antennas/cellmapper/cellmapper_libya_antennas.csv,retained,Libyana,4850046563305,
collected:2163,radio-09108c797f3f1336,False,data/new_data/libya_collected_antennas/cellmapper/cellmapper_libya_antennas.csv,retained,Libyana,4850046563305,
collected:2164,radio-09108c797f3f1336,False,data/new_data/libya_collected_antennas/cellmapper/cellmapper_libya_antennas.csv,retained,Libyana,4850046563305,
collected:2165,radio-09108c797f3f1336,False,data/new_data/libya_collected_antennas/cellmapper/cellmapper_libya_antennas.csv,retained,Libyana,4850046563305,
collected:2166,radio-09108c797f3f1336,False,data/new_data/libya_collected_antennas/cellmapper/cellmapper_libya_antennas.csv,retained,Libyana,4850046563305,
collected:2167,radio-09108c797f3f1336,False,data/new_data/libya_collected_antennas/cellmapper/cellmapper_libya_antennas.csv,retained,Libyana,4850046563305,
sqlite:1171,radio-09108c797f3f1336,False,Libyan_cells_dataset/cells.sqlite3,retained,Libyana,4850046563305,1534
collected:2168,radio-0d916dd503ffc708,False,data/new_data/libya_collected_antennas/cellmapper/cellmapper_libya_antennas.csv,retained,Libyana,35982333996115,
collected:2169,radio-0d916dd503ffc708,False,data/new_data/libya_collected_antennas/cellmapper/cellmapper_libya_antennas.csv,retained,Libyana,35982333996115,
collected:2170,radio-0d916dd503ffc708,False,data/new_data/libya_collected_antennas/cellmapper/cellmapper_libya_antennas.csv,retained,Libyana,35982333996115,
collected:2171,radio-0d916dd503ffc708,False,data/new_data/libya_collected_antennas/cellmapper/cellmapper_libya_antennas.csv,retained,Libyana,35982333996115,
collected:2172,radio-0d916dd503ffc708,False,data/new_data/libya_collected_antennas/cellmapper/cellmapper_libya_antennas.csv,retained,Libyana,35982333996115,
collected:2173,radio-0d916dd503ffc708,False,data/new_data/libya_collected_antennas/cellmapper/cellmapper_libya_antennas.csv,retained,Libyana,35982333996115,
collected:2174,radio-0d916dd503ffc708,False,data/new_data/libya_collected_antennas/cellmapper/cellmapper_libya_antennas.csv,retained,Libyana,35982333996115,
collected:2175,radio-0d916dd503ffc708,False,data/new_data/libya_collected_antennas/cellmapper/cellmapper_libya_antennas.csv,retained,Libyana,35982333996115,
collected:2176,radio-0d916dd503ffc708,False,data/new_data/libya_collected_antennas/cellmapper/cellmapper_libya_antennas.csv,retained,Libyana,35982333996115,
collected:2177,radio-e7192e23b6c21dbd,False,data/new_data/libya_collected_antennas/cellmapper/cellmapper_libya_antennas.csv,retained,Libyana,75561501571817,
collected:2178,radio-e7192e23b6c21dbd,False,data/new_data/libya_collected_antennas/cellmapper/cellmapper_libya_antennas.csv,retained,Libyana,75561501571817,
collected:2179,radio-e7192e23b6c21dbd,False,data/new_data/libya_collected_antennas/cellmapper/cellmapper_libya_antennas.csv,retained,Libyana,75561501571817,
collected:2180,radio-e7192e23b6c21dbd,False,data/new_data/libya_collected_antennas/cellmapper/cellmapper_libya_antennas.csv,retained,Libyana,75561501571817,
collected:2181,radio-e7192e23b6c21dbd,False,data/new_data/libya_collected_antennas/cellmapper/cellmapper_libya_antennas.csv,retained,Libyana,75561501571817,
collected:2182,radio-e7192e23b6c21dbd,False,data/new_data/libya_collected_antennas/cellmapper/cellmapper_libya_antennas.csv,retained,Libyana,75561501571817,
collected:2183,radio-e7192e23b6c21dbd,False,data/new_data/libya_collected_antennas/cellmapper/cellmapper_libya_antennas.csv,retained,Libyana,75561501571817,
collected:2184,radio-d1cc91fd980d0180,False,data/new_data/libya_collected_antennas/cellmapper/cellmapper_libya_antennas.csv,retained,Libyana,229331710982003,
collected:2185,radio-d1cc91fd980d0180,False,data/new_data/libya_collected_antennas/cellmapper/cellmapper_libya_antennas.csv,retained,Libyana,229331710982003,
collected:2186,radio-d1cc91fd980d0180,False,data/new_data/libya_collected_antennas/cellmapper/cellmapper_libya_antennas.csv,retained,Libyana,229331710982003,
collected:2187,radio-d1cc91fd980d0180,False,data/new_data/libya_collected_antennas/cellmapper/cellmapper_libya_antennas.csv,retained,Libyana,229331710982003,
collected:2188,radio-d1cc91fd980d0180,False,data/new_data/libya_collected_antennas/cellmapper/cellmapper_libya_antennas.csv,retained,Libyana,229331710982003,
collected:2189,radio-d1cc91fd980d0180,False,data/new_data/libya_collected_antennas/cellmapper/cellmapper_libya_antennas.csv,retained,Libyana,229331710982003,
collected:2190,radio-d1cc91fd980d0180,False,data/new_data/libya_collected_antennas/cellmapper/cellmapper_libya_antennas.csv,retained,Libyana,229331710982003,
collected:2191,radio-d1cc91fd980d0180,False,data/new_data/libya_collected_antennas/cellmapper/cellmapper_libya_antennas.csv,retained,Libyana,229331710982003,
collected:2192,radio-e89c8f9a2a2aef29,False,data/new_data/libya_collected_antennas/cellmapper/cellmapper_libya_antennas.csv,retained,Libyana,185539794415070,
collected:2193,radio-e89c8f9a2a2aef29,False,data/new_data/libya_collected_antennas/cellmapper/cellmapper_libya_antennas.csv,retained,Libyana,185539794415070,
collected:2194,radio-e89c8f9a2a2aef29,False,data/new_data/libya_collected_antennas/cellmapper/cellmapper_libya_antennas.csv,retained,Libyana,185539794415070,
collected:2195,radio-e89c8f9a2a2aef29,False,data/new_data/libya_collected_antennas/cellmapper/cellmapper_libya_antennas.csv,retained,Libyana,185539794415070,
collected:2196,radio-e89c8f9a2a2aef29,False,data/new_data/libya_collected_antennas/cellmapper/cellmapper_libya_antennas.csv,retained,Libyana,185539794415070,
collected:2197,radio-e89c8f9a2a2aef29,False,data/new_data/libya_collected_antennas/cellmapper/cellmapper_libya_antennas.csv,retained,Libyana,185539794415070,
collected:2198,radio-e89c8f9a2a2aef29,False,data/new_data/libya_collected_antennas/cellmapper/cellmapper_libya_antennas.csv,retained,Libyana,185539794415070,
collected:2199,radio-03c36a540829de10,False,data/new_data/libya_collected_antennas/cellmapper/cellmapper_libya_antennas.csv,retained,Libyana,122748306440834,
collected:2200,radio-03c36a540829de10,False,data/new_data/libya_collected_antennas/cellmapper/cellmapper_libya_antennas.csv,retained,Libyana,122748306440834,
collected:2201,radio-03c36a540829de10,False,data/new_data/libya_collected_antennas/cellmapper/cellmapper_libya_antennas.csv,retained,Libyana,122748306440834,
collected:2202,radio-03c36a540829de10,False,data/new_data/libya_collected_antennas/cellmapper/cellmapper_libya_antennas.csv,retained,Libyana,122748306440834,
collected:59,radio-c7a3a9db5c4bf519,False,data/new_data/libya_collected_antennas/cellmapper/cellmapper_libya_antennas.csv,retained,Libyana,221137231462206,
collected:60,radio-c7a3a9db5c4bf519,False,data/new_data/libya_collected_antennas/cellmapper/cellmapper_libya_antennas.csv,retained,Libyana,221137231462206,
collected:61,radio-c7a3a9db5c4bf519,False,data/new_data/libya_collected_antennas/cellmapper/cellmapper_libya_antennas.csv,retained,Libyana,221137231462206,
collected:62,radio-c7a3a9db5c4bf519,False,data/new_data/libya_collected_antennas/cellmapper/cellmapper_libya_antennas.csv,retained,Libyana,221137231462206,
collected:63,radio-c7a3a9db5c4bf519,False,data/new_data/libya_collected_antennas/cellmapper/cellmapper_libya_antennas.csv,retained,Libyana,221137231462206,
collected:64,radio-c7a3a9db5c4bf519,False,data/new_data/libya_collected_antennas/cellmapper/cellmapper_libya_antennas.csv,retained,Libyana,221137231462206,
collected:2277,radio-18a2d1437a8a6064,False,data/new_data/libya_collected_antennas/cellmapper/cellmapper_libya_antennas.csv,retained,Libyana,43456382186580,
collected:2278,radio-18a2d1437a8a6064,False,data/new_data/libya_collected_antennas/cellmapper/cellmapper_libya_antennas.csv,retained,Libyana,43456382186580,
collected:2279,radio-18a2d1437a8a6064,False,data/new_data/libya_collected_antennas/cellmapper/cellmapper_libya_antennas.csv,retained,Libyana,43456382186580,
collected:2280,radio-18a2d1437a8a6064,False,data/new_data/libya_collected_antennas/cellmapper/cellmapper_libya_antennas.csv,retained,Libyana,43456382186580,
collected:2281,radio-18a2d1437a8a6064,False,data/new_data/libya_collected_antennas/cellmapper/cellmapper_libya_antennas.csv,retained,Libyana,43456382186580,
collected:2282,radio-18a2d1437a8a6064,False,data/new_data/libya_collected_antennas/cellmapper/cellmapper_libya_antennas.csv,retained,Libyana,43456382186580,
collected:2283,radio-18a2d1437a8a6064,False,data/new_data/libya_collected_antennas/cellmapper/cellmapper_libya_antennas.csv,retained,Libyana,43456382186580,
collected:2432,radio-3c9e529168343b24,False,data/new_data/libya_collected_antennas/cellmapper/cellmapper_libya_antennas.csv,retained,Libyana,72702317312145,
collected:2433,radio-3c9e529168343b24,False,data/new_data/libya_collected_antennas/cellmapper/cellmapper_libya_antennas.csv,retained,Libyana,72702317312145,
collected:2434,radio-3c9e529168343b24,False,data/new_data/libya_collected_antennas/cellmapper/cellmapper_libya_antennas.csv,retained,Libyana,72702317312145,
collected:2435,radio-3c9e529168343b24,False,data/new_data/libya_collected_antennas/cellmapper/cellmapper_libya_antennas.csv,retained,Libyana,72702317312145,
collected:2436,radio-3c9e529168343b24,False,data/new_data/libya_collected_antennas/cellmapper/cellmapper_libya_antennas.csv,retained,Libyana,72702317312145,
collected:2437,radio-3c9e529168343b24,False,data/new_data/libya_collected_antennas/cellmapper/cellmapper_libya_antennas.csv,retained,Libyana,72702317312145,
collected:2438,radio-3c9e529168343b24,False,data/new_data/libya_collected_antennas/cellmapper/cellmapper_libya_antennas.csv,retained,Libyana,72702317312145,
collected:2439,radio-3c9e529168343b24,False,data/new_data/libya_collected_antennas/cellmapper/cellmapper_libya_antennas.csv,retained,Libyana,72702317312145,
collected:2440,radio-3c9e529168343b24,False,data/new_data/libya_collected_antennas/cellmapper/cellmapper_libya_antennas.csv,retained,Libyana,72702317312145,
collected:2441,radio-3c9e529168343b24,False,data/new_data/libya_collected_antennas/cellmapper/cellmapper_libya_antennas.csv,retained,Libyana,72702317312145,
sqlite:1156,radio-11fc6d05083250dd,False,Libyan_cells_dataset/cells.sqlite3,retained,Libyana,263125000080848,1535
collected:2469,radio-11fc6d05083250dd,False,data/new_data/libya_collected_antennas/cellmapper/cellmapper_libya_antennas.csv,retained,Libyana,263125000080848,
collected:2470,radio-11fc6d05083250dd,False,data/new_data/libya_collected_antennas/cellmapper/cellmapper_libya_antennas.csv,retained,Libyana,263125000080848,
collected:2471,radio-11fc6d05083250dd,False,data/new_data/libya_collected_antennas/cellmapper/cellmapper_libya_antennas.csv,retained,Libyana,263125000080848,
collected:2472,radio-11fc6d05083250dd,False,data/new_data/libya_collected_antennas/cellmapper/cellmapper_libya_antennas.csv,retained,Libyana,263125000080848,
collected:2473,radio-11fc6d05083250dd,False,data/new_data/libya_collected_antennas/cellmapper/cellmapper_libya_antennas.csv,retained,Libyana,263125000080848,
collected:2474,radio-11fc6d05083250dd,False,data/new_data/libya_collected_antennas/cellmapper/cellmapper_libya_antennas.csv,retained,Libyana,263125000080848,
collected:2475,radio-11fc6d05083250dd,False,data/new_data/libya_collected_antennas/cellmapper/cellmapper_libya_antennas.csv,retained,Libyana,263125000080848,
collected:2476,radio-11fc6d05083250dd,False,data/new_data/libya_collected_antennas/cellmapper/cellmapper_libya_antennas.csv,retained,Libyana,263125000080848,
collected:461,radio-bbad6d01a34b17b8,False,data/new_data/libya_collected_antennas/cellmapper/cellmapper_libya_antennas.csv,retained,Libyana,12256442255925,
collected:462,radio-bbad6d01a34b17b8,False,data/new_data/libya_collected_antennas/cellmapper/cellmapper_libya_antennas.csv,retained,Libyana,12256442255925,
collected:463,radio-bbad6d01a34b17b8,False,data/new_data/libya_collected_antennas/cellmapper/cellmapper_libya_antennas.csv,retained,Libyana,12256442255925,
collected:464,radio-bbad6d01a34b17b8,False,data/new_data/libya_collected_antennas/cellmapper/cellmapper_libya_antennas.csv,retained,Libyana,12256442255925,
sqlite:1169,radio-11ef8fe51100290d,False,Libyan_cells_dataset/cells.sqlite3,retained,Libyana,264829971958941,1536
collected:1373,radio-9660b19d1ccbf3be,False,data/new_data/libya_collected_antennas/cellmapper/cellmapper_libya_antennas.csv,retained,Libyana,183354767792426,
collected:1374,radio-9660b19d1ccbf3be,False,data/new_data/libya_collected_antennas/cellmapper/cellmapper_libya_antennas.csv,retained,Libyana,183354767792426,
collected:1375,radio-9660b19d1ccbf3be,False,data/new_data/libya_collected_antennas/cellmapper/cellmapper_libya_antennas.csv,retained,Libyana,183354767792426,
collected:1376,radio-9660b19d1ccbf3be,False,data/new_data/libya_collected_antennas/cellmapper/cellmapper_libya_antennas.csv,retained,Libyana,183354767792426,
collected:1377,radio-9660b19d1ccbf3be,False,data/new_data/libya_collected_antennas/cellmapper/cellmapper_libya_antennas.csv,retained,Libyana,183354767792426,
collected:1378,radio-9660b19d1ccbf3be,False,data/new_data/libya_collected_antennas/cellmapper/cellmapper_libya_antennas.csv,retained,Libyana,183354767792426,
collected:1379,radio-9660b19d1ccbf3be,False,data/new_data/libya_collected_antennas/cellmapper/cellmapper_libya_antennas.csv,retained,Libyana,183354767792426,
collected:1380,radio-9660b19d1ccbf3be,False,data/new_data/libya_collected_antennas/cellmapper/cellmapper_libya_antennas.csv,retained,Libyana,183354767792426,
collected:1381,radio-9660b19d1ccbf3be,False,data/new_data/libya_collected_antennas/cellmapper/cellmapper_libya_antennas.csv,retained,Libyana,183354767792426,
collected:1382,radio-9660b19d1ccbf3be,False,data/new_data/libya_collected_antennas/cellmapper/cellmapper_libya_antennas.csv,retained,Libyana,183354767792426,
collected:1383,radio-9660b19d1ccbf3be,False,data/new_data/libya_collected_antennas/cellmapper/cellmapper_libya_antennas.csv,retained,Libyana,183354767792426,
collected:1384,radio-9660b19d1ccbf3be,False,data/new_data/libya_collected_antennas/cellmapper/cellmapper_libya_antennas.csv,retained,Libyana,183354767792426,
collected:1385,radio-9660b19d1ccbf3be,False,data/new_data/libya_collected_antennas/cellmapper/cellmapper_libya_antennas.csv,retained,Libyana,183354767792426,
collected:1386,radio-9660b19d1ccbf3be,False,data/new_data/libya_collected_antennas/cellmapper/cellmapper_libya_antennas.csv,retained,Libyana,183354767792426,
collected:1387,radio-9660b19d1ccbf3be,False,data/new_data/libya_collected_antennas/cellmapper/cellmapper_libya_antennas.csv,retained,Libyana,183354767792426,
collected:1388,radio-9660b19d1ccbf3be,False,data/new_data/libya_collected_antennas/cellmapper/cellmapper_libya_antennas.csv,retained,Libyana,183354767792426,
collected:1389,radio-9660b19d1ccbf3be,False,data/new_data/libya_collected_antennas/cellmapper/cellmapper_libya_antennas.csv,retained,Libyana,183354767792426,
collected:1390,radio-9660b19d1ccbf3be,False,data/new_data/libya_collected_antennas/cellmapper/cellmapper_libya_antennas.csv,retained,Libyana,183354767792426,
collected:1391,radio-9660b19d1ccbf3be,False,data/new_data/libya_collected_antennas/cellmapper/cellmapper_libya_antennas.csv,retained,Libyana,183354767792426,
collected:1420,radio-96ac94dc44ec0e31,False,data/new_data/libya_collected_antennas/cellmapper/cellmapper_libya_antennas.csv,retained,Libyana,66159893721915,
collected:1421,radio-96ac94dc44ec0e31,False,data/new_data/libya_collected_antennas/cellmapper/cellmapper_libya_antennas.csv,retained,Libyana,66159893721915,
collected:1422,radio-96ac94dc44ec0e31,False,data/new_data/libya_collected_antennas/cellmapper/cellmapper_libya_antennas.csv,retained,Libyana,66159893721915,
collected:1423,radio-96ac94dc44ec0e31,False,data/new_data/libya_collected_antennas/cellmapper/cellmapper_libya_antennas.csv,retained,Libyana,66159893721915,
collected:1424,radio-96ac94dc44ec0e31,False,data/new_data/libya_collected_antennas/cellmapper/cellmapper_libya_antennas.csv,retained,Libyana,66159893721915,
collected:1425,radio-96ac94dc44ec0e31,False,data/new_data/libya_collected_antennas/cellmapper/cellmapper_libya_antennas.csv,retained,Libyana,66159893721915,
collected:1426,radio-96ac94dc44ec0e31,False,data/new_data/libya_collected_antennas/cellmapper/cellmapper_libya_antennas.csv,retained,Libyana,66159893721915,
collected:1427,radio-96ac94dc44ec0e31,False,data/new_data/libya_collected_antennas/cellmapper/cellmapper_libya_antennas.csv,retained,Libyana,66159893721915,
collected:1428,radio-96ac94dc44ec0e31,False,data/new_data/libya_collected_antennas/cellmapper/cellmapper_libya_antennas.csv,retained,Libyana,66159893721915,
collected:1429,radio-96ac94dc44ec0e31,False,data/new_data/libya_collected_antennas/cellmapper/cellmapper_libya_antennas.csv,retained,Libyana,66159893721915,
collected:1430,radio-96ac94dc44ec0e31,False,data/new_data/libya_collected_antennas/cellmapper/cellmapper_libya_antennas.csv,retained,Libyana,66159893721915,
collected:1431,radio-96ac94dc44ec0e31,False,data/new_data/libya_collected_antennas/cellmapper/cellmapper_libya_antennas.csv,retained,Libyana,66159893721915,
collected:1493,radio-28c0110cefa08d17,False,data/new_data/libya_collected_antennas/cellmapper/cellmapper_libya_antennas.csv,retained,Libyana,185985844024419,
collected:1494,radio-28c0110cefa08d17,False,data/new_data/libya_collected_antennas/cellmapper/cellmapper_libya_antennas.csv,retained,Libyana,185985844024419,
collected:1495,radio-28c0110cefa08d17,False,data/new_data/libya_collected_antennas/cellmapper/cellmapper_libya_antennas.csv,retained,Libyana,185985844024419,
collected:1496,radio-28c0110cefa08d17,False,data/new_data/libya_collected_antennas/cellmapper/cellmapper_libya_antennas.csv,retained,Libyana,185985844024419,
collected:1497,radio-28c0110cefa08d17,False,data/new_data/libya_collected_antennas/cellmapper/cellmapper_libya_antennas.csv,retained,Libyana,185985844024419,
collected:1498,radio-28c0110cefa08d17,False,data/new_data/libya_collected_antennas/cellmapper/cellmapper_libya_antennas.csv,retained,Libyana,185985844024419,
sqlite:1176,radio-03ba376a4230d504,False,Libyan_cells_dataset/cells.sqlite3,retained,Libyana,68770342155525,1537
collected:1955,radio-03ba376a4230d504,False,data/new_data/libya_collected_antennas/cellmapper/cellmapper_libya_antennas.csv,retained,Libyana,68770342155525,
collected:2129,radio-61551361eb82741b,False,data/new_data/libya_collected_antennas/cellmapper/cellmapper_libya_antennas.csv,retained,Libyana,125331263927603,
collected:2130,radio-61551361eb82741b,False,data/new_data/libya_collected_antennas/cellmapper/cellmapper_libya_antennas.csv,retained,Libyana,125331263927603,
collected:2131,radio-61551361eb82741b,False,data/new_data/libya_collected_antennas/cellmapper/cellmapper_libya_antennas.csv,retained,Libyana,125331263927603,
collected:2132,radio-61551361eb82741b,False,data/new_data/libya_collected_antennas/cellmapper/cellmapper_libya_antennas.csv,retained,Libyana,125331263927603,
collected:473,radio-b1db1a50c4bf77a6,False,data/new_data/libya_collected_antennas/cellmapper/cellmapper_libya_antennas.csv,retained,Libyana,217166002981791,
collected:474,radio-b1db1a50c4bf77a6,False,data/new_data/libya_collected_antennas/cellmapper/cellmapper_libya_antennas.csv,retained,Libyana,217166002981791,
collected:475,radio-b1db1a50c4bf77a6,False,data/new_data/libya_collected_antennas/cellmapper/cellmapper_libya_antennas.csv,retained,Libyana,217166002981791,
collected:476,radio-b1db1a50c4bf77a6,False,data/new_data/libya_collected_antennas/cellmapper/cellmapper_libya_antennas.csv,retained,Libyana,217166002981791,
collected:477,radio-b1db1a50c4bf77a6,False,data/new_data/libya_collected_antennas/cellmapper/cellmapper_libya_antennas.csv,retained,Libyana,217166002981791,
collected:478,radio-b1db1a50c4bf77a6,False,data/new_data/libya_collected_antennas/cellmapper/cellmapper_libya_antennas.csv,retained,Libyana,217166002981791,
collected:479,radio-b1db1a50c4bf77a6,False,data/new_data/libya_collected_antennas/cellmapper/cellmapper_libya_antennas.csv,retained,Libyana,217166002981791,
collected:480,radio-b1db1a50c4bf77a6,False,data/new_data/libya_collected_antennas/cellmapper/cellmapper_libya_antennas.csv,retained,Libyana,217166002981791,
collected:481,radio-b1db1a50c4bf77a6,False,data/new_data/libya_collected_antennas/cellmapper/cellmapper_libya_antennas.csv,retained,Libyana,217166002981791,
collected:1552,radio-b13516cea8d3d9d8,False,data/new_data/libya_collected_antennas/cellmapper/cellmapper_libya_antennas.csv,retained,Libyana,15600606148580,
collected:1553,radio-b13516cea8d3d9d8,False,data/new_data/libya_collected_antennas/cellmapper/cellmapper_libya_antennas.csv,retained,Libyana,15600606148580,
collected:1554,radio-b13516cea8d3d9d8,False,data/new_data/libya_collected_antennas/cellmapper/cellmapper_libya_antennas.csv,retained,Libyana,15600606148580,
collected:1555,radio-b13516cea8d3d9d8,False,data/new_data/libya_collected_antennas/cellmapper/cellmapper_libya_antennas.csv,retained,Libyana,15600606148580,
collected:1556,radio-b13516cea8d3d9d8,False,data/new_data/libya_collected_antennas/cellmapper/cellmapper_libya_antennas.csv,retained,Libyana,15600606148580,
collected:1557,radio-b13516cea8d3d9d8,False,data/new_data/libya_collected_antennas/cellmapper/cellmapper_libya_antennas.csv,retained,Libyana,15600606148580,
collected:1558,radio-b13516cea8d3d9d8,False,data/new_data/libya_collected_antennas/cellmapper/cellmapper_libya_antennas.csv,retained,Libyana,15600606148580,
collected:1559,radio-b13516cea8d3d9d8,False,data/new_data/libya_collected_antennas/cellmapper/cellmapper_libya_antennas.csv,retained,Libyana,15600606148580,
collected:1560,radio-b13516cea8d3d9d8,False,data/new_data/libya_collected_antennas/cellmapper/cellmapper_libya_antennas.csv,retained,Libyana,15600606148580,
collected:1561,radio-b13516cea8d3d9d8,False,data/new_data/libya_collected_antennas/cellmapper/cellmapper_libya_antennas.csv,retained,Libyana,15600606148580,
collected:1562,radio-b13516cea8d3d9d8,False,data/new_data/libya_collected_antennas/cellmapper/cellmapper_libya_antennas.csv,retained,Libyana,15600606148580,
collected:1563,radio-b13516cea8d3d9d8,False,data/new_data/libya_collected_antennas/cellmapper/cellmapper_libya_antennas.csv,retained,Libyana,15600606148580,
collected:1564,radio-b13516cea8d3d9d8,False,data/new_data/libya_collected_antennas/cellmapper/cellmapper_libya_antennas.csv,retained,Libyana,15600606148580,
collected:1565,radio-b13516cea8d3d9d8,False,data/new_data/libya_collected_antennas/cellmapper/cellmapper_libya_antennas.csv,retained,Libyana,15600606148580,
sqlite:1157,radio-b13516cea8d3d9d8,False,Libyan_cells_dataset/cells.sqlite3,retained,Libyana,15600606148580,1538
collected:250,radio-3b49e045befd0ff1,False,data/new_data/libya_collected_antennas/cellmapper/cellmapper_libya_antennas.csv,retained,Libyana,125307902983449,
collected:251,radio-3b49e045befd0ff1,False,data/new_data/libya_collected_antennas/cellmapper/cellmapper_libya_antennas.csv,retained,Libyana,125307902983449,
collected:252,radio-3b49e045befd0ff1,False,data/new_data/libya_collected_antennas/cellmapper/cellmapper_libya_antennas.csv,retained,Libyana,125307902983449,
collected:253,radio-3b49e045befd0ff1,False,data/new_data/libya_collected_antennas/cellmapper/cellmapper_libya_antennas.csv,retained,Libyana,125307902983449,
collected:254,radio-3b49e045befd0ff1,False,data/new_data/libya_collected_antennas/cellmapper/cellmapper_libya_antennas.csv,retained,Libyana,125307902983449,
collected:255,radio-3b49e045befd0ff1,False,data/new_data/libya_collected_antennas/cellmapper/cellmapper_libya_antennas.csv,retained,Libyana,125307902983449,
collected:1580,radio-5a7cc4133e44c1be,False,data/new_data/libya_collected_antennas/cellmapper/cellmapper_libya_antennas.csv,retained,Libyana,124781888961334,
collected:1581,radio-5a7cc4133e44c1be,False,data/new_data/libya_collected_antennas/cellmapper/cellmapper_libya_antennas.csv,retained,Libyana,124781888961334,
collected:1582,radio-5a7cc4133e44c1be,False,data/new_data/libya_collected_antennas/cellmapper/cellmapper_libya_antennas.csv,retained,Libyana,124781888961334,
collected:1583,radio-5a7cc4133e44c1be,False,data/new_data/libya_collected_antennas/cellmapper/cellmapper_libya_antennas.csv,retained,Libyana,124781888961334,
collected:1584,radio-5a7cc4133e44c1be,False,data/new_data/libya_collected_antennas/cellmapper/cellmapper_libya_antennas.csv,retained,Libyana,124781888961334,
collected:1585,radio-5a7cc4133e44c1be,False,data/new_data/libya_collected_antennas/cellmapper/cellmapper_libya_antennas.csv,retained,Libyana,124781888961334,
collected:1586,radio-5a7cc4133e44c1be,False,data/new_data/libya_collected_antennas/cellmapper/cellmapper_libya_antennas.csv,retained,Libyana,124781888961334,
collected:1587,radio-5a7cc4133e44c1be,False,data/new_data/libya_collected_antennas/cellmapper/cellmapper_libya_antennas.csv,retained,Libyana,124781888961334,
collected:1588,radio-5a7cc4133e44c1be,False,data/new_data/libya_collected_antennas/cellmapper/cellmapper_libya_antennas.csv,retained,Libyana,124781888961334,
collected:1589,radio-5a7cc4133e44c1be,False,data/new_data/libya_collected_antennas/cellmapper/cellmapper_libya_antennas.csv,retained,Libyana,124781888961334,
collected:1601,radio-7f31b72722f726e1,False,data/new_data/libya_collected_antennas/cellmapper/cellmapper_libya_antennas.csv,retained,Libyana,58210570716951,
collected:1602,radio-7f31b72722f726e1,False,data/new_data/libya_collected_antennas/cellmapper/cellmapper_libya_antennas.csv,retained,Libyana,58210570716951,
collected:1603,radio-7f31b72722f726e1,False,data/new_data/libya_collected_antennas/cellmapper/cellmapper_libya_antennas.csv,retained,Libyana,58210570716951,
collected:1604,radio-7f31b72722f726e1,False,data/new_data/libya_collected_antennas/cellmapper/cellmapper_libya_antennas.csv,retained,Libyana,58210570716951,
collected:1605,radio-7f31b72722f726e1,False,data/new_data/libya_collected_antennas/cellmapper/cellmapper_libya_antennas.csv,retained,Libyana,58210570716951,
collected:1606,radio-7f31b72722f726e1,False,data/new_data/libya_collected_antennas/cellmapper/cellmapper_libya_antennas.csv,retained,Libyana,58210570716951,
collected:1607,radio-3ae8b0ea2a2d5159,False,data/new_data/libya_collected_antennas/cellmapper/cellmapper_libya_antennas.csv,retained,Libyana,43183276108788,
collected:1608,radio-3ae8b0ea2a2d5159,False,data/new_data/libya_collected_antennas/cellmapper/cellmapper_libya_antennas.csv,retained,Libyana,43183276108788,
collected:1609,radio-3ae8b0ea2a2d5159,False,data/new_data/libya_collected_antennas/cellmapper/cellmapper_libya_antennas.csv,retained,Libyana,43183276108788,
collected:1610,radio-3ae8b0ea2a2d5159,False,data/new_data/libya_collected_antennas/cellmapper/cellmapper_libya_antennas.csv,retained,Libyana,43183276108788,
collected:1611,radio-3ae8b0ea2a2d5159,False,data/new_data/libya_collected_antennas/cellmapper/cellmapper_libya_antennas.csv,retained,Libyana,43183276108788,
collected:1612,radio-3ae8b0ea2a2d5159,False,data/new_data/libya_collected_antennas/cellmapper/cellmapper_libya_antennas.csv,retained,Libyana,43183276108788,
collected:1613,radio-3ae8b0ea2a2d5159,False,data/new_data/libya_collected_antennas/cellmapper/cellmapper_libya_antennas.csv,retained,Libyana,43183276108788,
collected:1614,radio-3ae8b0ea2a2d5159,False,data/new_data/libya_collected_antennas/cellmapper/cellmapper_libya_antennas.csv,retained,Libyana,43183276108788,
collected:1615,radio-3ae8b0ea2a2d5159,False,data/new_data/libya_collected_antennas/cellmapper/cellmapper_libya_antennas.csv,retained,Libyana,43183276108788,
collected:1616,radio-3ae8b0ea2a2d5159,False,data/new_data/libya_collected_antennas/cellmapper/cellmapper_libya_antennas.csv,retained,Libyana,43183276108788,
collected:1617,radio-3ae8b0ea2a2d5159,False,data/new_data/libya_collected_antennas/cellmapper/cellmapper_libya_antennas.csv,retained,Libyana,43183276108788,
collected:1618,radio-cbe5184a540ae020,False,data/new_data/libya_collected_antennas/cellmapper/cellmapper_libya_antennas.csv,retained,Libyana,67217115913843,
collected:1619,radio-cbe5184a540ae020,False,data/new_data/libya_collected_antennas/cellmapper/cellmapper_libya_antennas.csv,retained,Libyana,67217115913843,
collected:1620,radio-cbe5184a540ae020,False,data/new_data/libya_collected_antennas/cellmapper/cellmapper_libya_antennas.csv,retained,Libyana,67217115913843,
collected:1621,radio-cbe5184a540ae020,False,data/new_data/libya_collected_antennas/cellmapper/cellmapper_libya_antennas.csv,retained,Libyana,67217115913843,
collected:1622,radio-cbe5184a540ae020,False,data/new_data/libya_collected_antennas/cellmapper/cellmapper_libya_antennas.csv,retained,Libyana,67217115913843,
collected:1623,radio-cbe5184a540ae020,False,data/new_data/libya_collected_antennas/cellmapper/cellmapper_libya_antennas.csv,retained,Libyana,67217115913843,
collected:1624,radio-cbe5184a540ae020,False,data/new_data/libya_collected_antennas/cellmapper/cellmapper_libya_antennas.csv,retained,Libyana,67217115913843,
collected:1625,radio-cbe5184a540ae020,False,data/new_data/libya_collected_antennas/cellmapper/cellmapper_libya_antennas.csv,retained,Libyana,67217115913843,
collected:65,radio-7e42827091f280b3,False,data/new_data/libya_collected_antennas/cellmapper/cellmapper_libya_antennas.csv,retained,Libyana,162289468461899,
collected:66,radio-7e42827091f280b3,False,data/new_data/libya_collected_antennas/cellmapper/cellmapper_libya_antennas.csv,retained,Libyana,162289468461899,
collected:67,radio-7e42827091f280b3,False,data/new_data/libya_collected_antennas/cellmapper/cellmapper_libya_antennas.csv,retained,Libyana,162289468461899,
collected:68,radio-7e42827091f280b3,False,data/new_data/libya_collected_antennas/cellmapper/cellmapper_libya_antennas.csv,retained,Libyana,162289468461899,
collected:69,radio-7e42827091f280b3,False,data/new_data/libya_collected_antennas/cellmapper/cellmapper_libya_antennas.csv,retained,Libyana,162289468461899,
collected:70,radio-7e42827091f280b3,False,data/new_data/libya_collected_antennas/cellmapper/cellmapper_libya_antennas.csv,retained,Libyana,162289468461899,
collected:71,radio-7e42827091f280b3,False,data/new_data/libya_collected_antennas/cellmapper/cellmapper_libya_antennas.csv,retained,Libyana,162289468461899,
collected:72,radio-7e42827091f280b3,False,data/new_data/libya_collected_antennas/cellmapper/cellmapper_libya_antennas.csv,retained,Libyana,162289468461899,
collected:73,radio-7e42827091f280b3,False,data/new_data/libya_collected_antennas/cellmapper/cellmapper_libya_antennas.csv,retained,Libyana,162289468461899,
collected:74,radio-7e42827091f280b3,False,data/new_data/libya_collected_antennas/cellmapper/cellmapper_libya_antennas.csv,retained,Libyana,162289468461899,
collected:75,radio-7e42827091f280b3,False,data/new_data/libya_collected_antennas/cellmapper/cellmapper_libya_antennas.csv,retained,Libyana,162289468461899,
collected:76,radio-7e42827091f280b3,False,data/new_data/libya_collected_antennas/cellmapper/cellmapper_libya_antennas.csv,retained,Libyana,162289468461899,
collected:77,radio-7e42827091f280b3,False,data/new_data/libya_collected_antennas/cellmapper/cellmapper_libya_antennas.csv,retained,Libyana,162289468461899,
collected:1720,radio-6affde5121a6097d,False,data/new_data/libya_collected_antennas/cellmapper/cellmapper_libya_antennas.csv,retained,Libyana,199501864301828,
collected:1721,radio-6affde5121a6097d,False,data/new_data/libya_collected_antennas/cellmapper/cellmapper_libya_antennas.csv,retained,Libyana,199501864301828,
collected:1722,radio-6affde5121a6097d,False,data/new_data/libya_collected_antennas/cellmapper/cellmapper_libya_antennas.csv,retained,Libyana,199501864301828,
collected:1723,radio-6affde5121a6097d,False,data/new_data/libya_collected_antennas/cellmapper/cellmapper_libya_antennas.csv,retained,Libyana,199501864301828,
collected:1724,radio-6affde5121a6097d,False,data/new_data/libya_collected_antennas/cellmapper/cellmapper_libya_antennas.csv,retained,Libyana,199501864301828,
collected:1725,radio-6affde5121a6097d,False,data/new_data/libya_collected_antennas/cellmapper/cellmapper_libya_antennas.csv,retained,Libyana,199501864301828,
collected:1726,radio-b37765985adb92be,False,data/new_data/libya_collected_antennas/cellmapper/cellmapper_libya_antennas.csv,retained,Libyana,4661692842233,
collected:1727,radio-b37765985adb92be,False,data/new_data/libya_collected_antennas/cellmapper/cellmapper_libya_antennas.csv,retained,Libyana,4661692842233,
collected:1728,radio-b37765985adb92be,False,data/new_data/libya_collected_antennas/cellmapper/cellmapper_libya_antennas.csv,retained,Libyana,4661692842233,
collected:1729,radio-b37765985adb92be,False,data/new_data/libya_collected_antennas/cellmapper/cellmapper_libya_antennas.csv,retained,Libyana,4661692842233,
collected:1730,radio-b37765985adb92be,False,data/new_data/libya_collected_antennas/cellmapper/cellmapper_libya_antennas.csv,retained,Libyana,4661692842233,
collected:1731,radio-b37765985adb92be,False,data/new_data/libya_collected_antennas/cellmapper/cellmapper_libya_antennas.csv,retained,Libyana,4661692842233,
collected:1732,radio-b37765985adb92be,False,data/new_data/libya_collected_antennas/cellmapper/cellmapper_libya_antennas.csv,retained,Libyana,4661692842233,
collected:435,radio-9b495b3904cc18ad,False,data/new_data/libya_collected_antennas/cellmapper/cellmapper_libya_antennas.csv,retained,Libyana,62079731503817,
collected:436,radio-9b495b3904cc18ad,False,data/new_data/libya_collected_antennas/cellmapper/cellmapper_libya_antennas.csv,retained,Libyana,62079731503817,
collected:437,radio-9b495b3904cc18ad,False,data/new_data/libya_collected_antennas/cellmapper/cellmapper_libya_antennas.csv,retained,Libyana,62079731503817,
collected:438,radio-9b495b3904cc18ad,False,data/new_data/libya_collected_antennas/cellmapper/cellmapper_libya_antennas.csv,retained,Libyana,62079731503817,
collected:439,radio-9b495b3904cc18ad,False,data/new_data/libya_collected_antennas/cellmapper/cellmapper_libya_antennas.csv,retained,Libyana,62079731503817,
collected:440,radio-9b495b3904cc18ad,False,data/new_data/libya_collected_antennas/cellmapper/cellmapper_libya_antennas.csv,retained,Libyana,62079731503817,
collected:426,radio-125a42b92d39395d,False,data/new_data/libya_collected_antennas/cellmapper/cellmapper_libya_antennas.csv,retained,Libyana,151870325039185,
collected:427,radio-125a42b92d39395d,False,data/new_data/libya_collected_antennas/cellmapper/cellmapper_libya_antennas.csv,retained,Libyana,151870325039185,
collected:428,radio-125a42b92d39395d,False,data/new_data/libya_collected_antennas/cellmapper/cellmapper_libya_antennas.csv,retained,Libyana,151870325039185,
collected:429,radio-125a42b92d39395d,False,data/new_data/libya_collected_antennas/cellmapper/cellmapper_libya_antennas.csv,retained,Libyana,151870325039185,
collected:1737,radio-fd1da061dbfa19f3,False,data/new_data/libya_collected_antennas/cellmapper/cellmapper_libya_antennas.csv,retained,Libyana,154586827122285,
collected:1738,radio-fd1da061dbfa19f3,False,data/new_data/libya_collected_antennas/cellmapper/cellmapper_libya_antennas.csv,retained,Libyana,154586827122285,
collected:1739,radio-fd1da061dbfa19f3,False,data/new_data/libya_collected_antennas/cellmapper/cellmapper_libya_antennas.csv,retained,Libyana,154586827122285,
collected:1740,radio-fd1da061dbfa19f3,False,data/new_data/libya_collected_antennas/cellmapper/cellmapper_libya_antennas.csv,retained,Libyana,154586827122285,
collected:1741,radio-fd1da061dbfa19f3,False,data/new_data/libya_collected_antennas/cellmapper/cellmapper_libya_antennas.csv,retained,Libyana,154586827122285,
collected:1742,radio-fd1da061dbfa19f3,False,data/new_data/libya_collected_antennas/cellmapper/cellmapper_libya_antennas.csv,retained,Libyana,154586827122285,
collected:1766,radio-15418ff59578b283,False,data/new_data/libya_collected_antennas/cellmapper/cellmapper_libya_antennas.csv,retained,Libyana,71834258512708,
collected:1767,radio-15418ff59578b283,False,data/new_data/libya_collected_antennas/cellmapper/cellmapper_libya_antennas.csv,retained,Libyana,71834258512708,
collected:1768,radio-15418ff59578b283,False,data/new_data/libya_collected_antennas/cellmapper/cellmapper_libya_antennas.csv,retained,Libyana,71834258512708,
collected:1769,radio-15418ff59578b283,False,data/new_data/libya_collected_antennas/cellmapper/cellmapper_libya_antennas.csv,retained,Libyana,71834258512708,
collected:1770,radio-15418ff59578b283,False,data/new_data/libya_collected_antennas/cellmapper/cellmapper_libya_antennas.csv,retained,Libyana,71834258512708,
collected:1771,radio-15418ff59578b283,False,data/new_data/libya_collected_antennas/cellmapper/cellmapper_libya_antennas.csv,retained,Libyana,71834258512708,
collected:1772,radio-15418ff59578b283,False,data/new_data/libya_collected_antennas/cellmapper/cellmapper_libya_antennas.csv,retained,Libyana,71834258512708,
collected:1773,radio-15418ff59578b283,False,data/new_data/libya_collected_antennas/cellmapper/cellmapper_libya_antennas.csv,retained,Libyana,71834258512708,
collected:1774,radio-15418ff59578b283,False,data/new_data/libya_collected_antennas/cellmapper/cellmapper_libya_antennas.csv,retained,Libyana,71834258512708,
collected:1775,radio-15418ff59578b283,False,data/new_data/libya_collected_antennas/cellmapper/cellmapper_libya_antennas.csv,retained,Libyana,71834258512708,
collected:1776,radio-15418ff59578b283,False,data/new_data/libya_collected_antennas/cellmapper/cellmapper_libya_antennas.csv,retained,Libyana,71834258512708,
collected:1777,radio-15418ff59578b283,False,data/new_data/libya_collected_antennas/cellmapper/cellmapper_libya_antennas.csv,retained,Libyana,71834258512708,
collected:1778,radio-15418ff59578b283,False,data/new_data/libya_collected_antennas/cellmapper/cellmapper_libya_antennas.csv,retained,Libyana,71834258512708,
collected:1779,radio-e8fdf7a062ceecd3,False,data/new_data/libya_collected_antennas/cellmapper/cellmapper_libya_antennas.csv,retained,Libyana,5795341951521,
collected:1780,radio-e8fdf7a062ceecd3,False,data/new_data/libya_collected_antennas/cellmapper/cellmapper_libya_antennas.csv,retained,Libyana,5795341951521,
collected:1781,radio-e8fdf7a062ceecd3,False,data/new_data/libya_collected_antennas/cellmapper/cellmapper_libya_antennas.csv,retained,Libyana,5795341951521,
collected:1782,radio-e8fdf7a062ceecd3,False,data/new_data/libya_collected_antennas/cellmapper/cellmapper_libya_antennas.csv,retained,Libyana,5795341951521,
collected:144,radio-54cb511ade208e5a,False,data/new_data/libya_collected_antennas/cellmapper/cellmapper_libya_antennas.csv,retained,Libyana,69005270529200,
collected:145,radio-54cb511ade208e5a,False,data/new_data/libya_collected_antennas/cellmapper/cellmapper_libya_antennas.csv,retained,Libyana,69005270529200,
collected:146,radio-54cb511ade208e5a,False,data/new_data/libya_collected_antennas/cellmapper/cellmapper_libya_antennas.csv,retained,Libyana,69005270529200,
collected:147,radio-54cb511ade208e5a,False,data/new_data/libya_collected_antennas/cellmapper/cellmapper_libya_antennas.csv,retained,Libyana,69005270529200,
collected:148,radio-54cb511ade208e5a,False,data/new_data/libya_collected_antennas/cellmapper/cellmapper_libya_antennas.csv,retained,Libyana,69005270529200,
collected:149,radio-54cb511ade208e5a,False,data/new_data/libya_collected_antennas/cellmapper/cellmapper_libya_antennas.csv,retained,Libyana,69005270529200,
collected:150,radio-54cb511ade208e5a,False,data/new_data/libya_collected_antennas/cellmapper/cellmapper_libya_antennas.csv,retained,Libyana,69005270529200,
collected:151,radio-54cb511ade208e5a,False,data/new_data/libya_collected_antennas/cellmapper/cellmapper_libya_antennas.csv,retained,Libyana,69005270529200,
collected:152,radio-54cb511ade208e5a,False,data/new_data/libya_collected_antennas/cellmapper/cellmapper_libya_antennas.csv,retained,Libyana,69005270529200,
collected:153,radio-54cb511ade208e5a,False,data/new_data/libya_collected_antennas/cellmapper/cellmapper_libya_antennas.csv,retained,Libyana,69005270529200,
collected:154,radio-54cb511ade208e5a,False,data/new_data/libya_collected_antennas/cellmapper/cellmapper_libya_antennas.csv,retained,Libyana,69005270529200,
collected:155,radio-54cb511ade208e5a,False,data/new_data/libya_collected_antennas/cellmapper/cellmapper_libya_antennas.csv,retained,Libyana,69005270529200,
collected:156,radio-54cb511ade208e5a,False,data/new_data/libya_collected_antennas/cellmapper/cellmapper_libya_antennas.csv,retained,Libyana,69005270529200,
collected:157,radio-54cb511ade208e5a,False,data/new_data/libya_collected_antennas/cellmapper/cellmapper_libya_antennas.csv,retained,Libyana,69005270529200,
collected:158,radio-54cb511ade208e5a,False,data/new_data/libya_collected_antennas/cellmapper/cellmapper_libya_antennas.csv,retained,Libyana,69005270529200,
collected:159,radio-54cb511ade208e5a,False,data/new_data/libya_collected_antennas/cellmapper/cellmapper_libya_antennas.csv,retained,Libyana,69005270529200,
collected:160,radio-54cb511ade208e5a,False,data/new_data/libya_collected_antennas/cellmapper/cellmapper_libya_antennas.csv,retained,Libyana,69005270529200,
collected:161,radio-54cb511ade208e5a,False,data/new_data/libya_collected_antennas/cellmapper/cellmapper_libya_antennas.csv,retained,Libyana,69005270529200,
collected:162,radio-54cb511ade208e5a,False,data/new_data/libya_collected_antennas/cellmapper/cellmapper_libya_antennas.csv,retained,Libyana,69005270529200,
collected:163,radio-54cb511ade208e5a,False,data/new_data/libya_collected_antennas/cellmapper/cellmapper_libya_antennas.csv,retained,Libyana,69005270529200,
collected:164,radio-54cb511ade208e5a,False,data/new_data/libya_collected_antennas/cellmapper/cellmapper_libya_antennas.csv,retained,Libyana,69005270529200,
collected:1788,radio-fdd109e9e0678e4f,False,data/new_data/libya_collected_antennas/cellmapper/cellmapper_libya_antennas.csv,retained,Libyana,162818276254503,
collected:1789,radio-fdd109e9e0678e4f,False,data/new_data/libya_collected_antennas/cellmapper/cellmapper_libya_antennas.csv,retained,Libyana,162818276254503,
sqlite:1177,radio-d40c820d2c563b32,False,Libyan_cells_dataset/cells.sqlite3,retained,Libyana,274308277594665,291
collected:1796,radio-d40c820d2c563b32,False,data/new_data/libya_collected_antennas/cellmapper/cellmapper_libya_antennas.csv,retained,Libyana,274308277594665,
collected:1797,radio-d40c820d2c563b32,False,data/new_data/libya_collected_antennas/cellmapper/cellmapper_libya_antennas.csv,retained,Libyana,274308277594665,
collected:1798,radio-d40c820d2c563b32,False,data/new_data/libya_collected_antennas/cellmapper/cellmapper_libya_antennas.csv,retained,Libyana,274308277594665,
collected:1799,radio-d40c820d2c563b32,False,data/new_data/libya_collected_antennas/cellmapper/cellmapper_libya_antennas.csv,retained,Libyana,274308277594665,
collected:1800,radio-d40c820d2c563b32,False,data/new_data/libya_collected_antennas/cellmapper/cellmapper_libya_antennas.csv,retained,Libyana,274308277594665,
collected:1801,radio-d40c820d2c563b32,False,data/new_data/libya_collected_antennas/cellmapper/cellmapper_libya_antennas.csv,retained,Libyana,274308277594665,
collected:1858,radio-9271cbee2c121cd5,False,data/new_data/libya_collected_antennas/cellmapper/cellmapper_libya_antennas.csv,retained,Libyana,11956241828764,
collected:1859,radio-9271cbee2c121cd5,False,data/new_data/libya_collected_antennas/cellmapper/cellmapper_libya_antennas.csv,retained,Libyana,11956241828764,
collected:1860,radio-9271cbee2c121cd5,False,data/new_data/libya_collected_antennas/cellmapper/cellmapper_libya_antennas.csv,retained,Libyana,11956241828764,
collected:458,radio-c4f2d96b1cb0bcc8,False,data/new_data/libya_collected_antennas/cellmapper/cellmapper_libya_antennas.csv,retained,Libyana,67049875512207,
collected:459,radio-c4f2d96b1cb0bcc8,False,data/new_data/libya_collected_antennas/cellmapper/cellmapper_libya_antennas.csv,retained,Libyana,67049875512207,
collected:460,radio-c4f2d96b1cb0bcc8,False,data/new_data/libya_collected_antennas/cellmapper/cellmapper_libya_antennas.csv,retained,Libyana,67049875512207,
collected:1880,radio-6fa604a7ca105a4a,False,data/new_data/libya_collected_antennas/cellmapper/cellmapper_libya_antennas.csv,retained,Libyana,134218542723928,
collected:1881,radio-6fa604a7ca105a4a,False,data/new_data/libya_collected_antennas/cellmapper/cellmapper_libya_antennas.csv,retained,Libyana,134218542723928,
collected:1882,radio-6fa604a7ca105a4a,False,data/new_data/libya_collected_antennas/cellmapper/cellmapper_libya_antennas.csv,retained,Libyana,134218542723928,
collected:1883,radio-6fa604a7ca105a4a,False,data/new_data/libya_collected_antennas/cellmapper/cellmapper_libya_antennas.csv,retained,Libyana,134218542723928,
collected:1884,radio-6fa604a7ca105a4a,False,data/new_data/libya_collected_antennas/cellmapper/cellmapper_libya_antennas.csv,retained,Libyana,134218542723928,
collected:1885,radio-875a562f9d7587c2,False,data/new_data/libya_collected_antennas/cellmapper/cellmapper_libya_antennas.csv,retained,Libyana,207064729608297,
collected:1886,radio-875a562f9d7587c2,False,data/new_data/libya_collected_antennas/cellmapper/cellmapper_libya_antennas.csv,retained,Libyana,207064729608297,
collected:1887,radio-875a562f9d7587c2,False,data/new_data/libya_collected_antennas/cellmapper/cellmapper_libya_antennas.csv,retained,Libyana,207064729608297,
collected:1888,radio-875a562f9d7587c2,False,data/new_data/libya_collected_antennas/cellmapper/cellmapper_libya_antennas.csv,retained,Libyana,207064729608297,
collected:1889,radio-875a562f9d7587c2,False,data/new_data/libya_collected_antennas/cellmapper/cellmapper_libya_antennas.csv,retained,Libyana,207064729608297,
collected:1907,radio-c0bae97bdb46d31d,False,data/new_data/libya_collected_antennas/cellmapper/cellmapper_libya_antennas.csv,retained,Libyana,208660699850738,
collected:1908,radio-c0bae97bdb46d31d,False,data/new_data/libya_collected_antennas/cellmapper/cellmapper_libya_antennas.csv,retained,Libyana,208660699850738,
collected:1909,radio-c0bae97bdb46d31d,False,data/new_data/libya_collected_antennas/cellmapper/cellmapper_libya_antennas.csv,retained,Libyana,208660699850738,
collected:1910,radio-16c8be06332aff50,False,data/new_data/libya_collected_antennas/cellmapper/cellmapper_libya_antennas.csv,retained,Libyana,13191507791249,
collected:1911,radio-16c8be06332aff50,False,data/new_data/libya_collected_antennas/cellmapper/cellmapper_libya_antennas.csv,retained,Libyana,13191507791249,
collected:1912,radio-16c8be06332aff50,False,data/new_data/libya_collected_antennas/cellmapper/cellmapper_libya_antennas.csv,retained,Libyana,13191507791249,
collected:1913,radio-16c8be06332aff50,False,data/new_data/libya_collected_antennas/cellmapper/cellmapper_libya_antennas.csv,retained,Libyana,13191507791249,
collected:1914,radio-16c8be06332aff50,False,data/new_data/libya_collected_antennas/cellmapper/cellmapper_libya_antennas.csv,retained,Libyana,13191507791249,
collected:1953,radio-a4bfd59c1a89a9a7,False,data/new_data/libya_collected_antennas/cellmapper/cellmapper_libya_antennas.csv,retained,Libyana,149799532477574,
collected:1954,radio-a4bfd59c1a89a9a7,False,data/new_data/libya_collected_antennas/cellmapper/cellmapper_libya_antennas.csv,retained,Libyana,149799532477574,
sqlite:1181,radio-a4bfd59c1a89a9a7,False,Libyan_cells_dataset/cells.sqlite3,retained,Libyana,149799532477574,1539
collected:1961,radio-41e1cdad45c8833c,False,data/new_data/libya_collected_antennas/cellmapper/cellmapper_libya_antennas.csv,retained,Libyana,241037048971655,
collected:1962,radio-41e1cdad45c8833c,False,data/new_data/libya_collected_antennas/cellmapper/cellmapper_libya_antennas.csv,retained,Libyana,241037048971655,
collected:1963,radio-41e1cdad45c8833c,False,data/new_data/libya_collected_antennas/cellmapper/cellmapper_libya_antennas.csv,retained,Libyana,241037048971655,
collected:1964,radio-41e1cdad45c8833c,False,data/new_data/libya_collected_antennas/cellmapper/cellmapper_libya_antennas.csv,retained,Libyana,241037048971655,
collected:1965,radio-41e1cdad45c8833c,False,data/new_data/libya_collected_antennas/cellmapper/cellmapper_libya_antennas.csv,retained,Libyana,241037048971655,
collected:1966,radio-41e1cdad45c8833c,False,data/new_data/libya_collected_antennas/cellmapper/cellmapper_libya_antennas.csv,retained,Libyana,241037048971655,
collected:2001,radio-71fd6479ded18614,False,data/new_data/libya_collected_antennas/cellmapper/cellmapper_libya_antennas.csv,retained,Libyana,173928829505763,
collected:2002,radio-71fd6479ded18614,False,data/new_data/libya_collected_antennas/cellmapper/cellmapper_libya_antennas.csv,retained,Libyana,173928829505763,
collected:2003,radio-71fd6479ded18614,False,data/new_data/libya_collected_antennas/cellmapper/cellmapper_libya_antennas.csv,retained,Libyana,173928829505763,
collected:2004,radio-71fd6479ded18614,False,data/new_data/libya_collected_antennas/cellmapper/cellmapper_libya_antennas.csv,retained,Libyana,173928829505763,
collected:2005,radio-71fd6479ded18614,False,data/new_data/libya_collected_antennas/cellmapper/cellmapper_libya_antennas.csv,retained,Libyana,173928829505763,
collected:2006,radio-71fd6479ded18614,False,data/new_data/libya_collected_antennas/cellmapper/cellmapper_libya_antennas.csv,retained,Libyana,173928829505763,
collected:2039,radio-0ebfc64f2039bc4e,False,data/new_data/libya_collected_antennas/cellmapper/cellmapper_libya_antennas.csv,retained,Libyana,155231627569161,
collected:2040,radio-0ebfc64f2039bc4e,False,data/new_data/libya_collected_antennas/cellmapper/cellmapper_libya_antennas.csv,retained,Libyana,155231627569161,
collected:2041,radio-0ebfc64f2039bc4e,False,data/new_data/libya_collected_antennas/cellmapper/cellmapper_libya_antennas.csv,retained,Libyana,155231627569161,
collected:2042,radio-0ebfc64f2039bc4e,False,data/new_data/libya_collected_antennas/cellmapper/cellmapper_libya_antennas.csv,retained,Libyana,155231627569161,
collected:171,radio-c472ccbbd76edb78,False,data/new_data/libya_collected_antennas/cellmapper/cellmapper_libya_antennas.csv,retained,Libyana,175787908483948,
collected:172,radio-c472ccbbd76edb78,False,data/new_data/libya_collected_antennas/cellmapper/cellmapper_libya_antennas.csv,retained,Libyana,175787908483948,
collected:173,radio-c472ccbbd76edb78,False,data/new_data/libya_collected_antennas/cellmapper/cellmapper_libya_antennas.csv,retained,Libyana,175787908483948,
collected:174,radio-c472ccbbd76edb78,False,data/new_data/libya_collected_antennas/cellmapper/cellmapper_libya_antennas.csv,retained,Libyana,175787908483948,
collected:175,radio-c472ccbbd76edb78,False,data/new_data/libya_collected_antennas/cellmapper/cellmapper_libya_antennas.csv,retained,Libyana,175787908483948,
collected:176,radio-c472ccbbd76edb78,False,data/new_data/libya_collected_antennas/cellmapper/cellmapper_libya_antennas.csv,retained,Libyana,175787908483948,
collected:177,radio-c472ccbbd76edb78,False,data/new_data/libya_collected_antennas/cellmapper/cellmapper_libya_antennas.csv,retained,Libyana,175787908483948,
collected:178,radio-c472ccbbd76edb78,False,data/new_data/libya_collected_antennas/cellmapper/cellmapper_libya_antennas.csv,retained,Libyana,175787908483948,
collected:165,radio-6acae71c460d38a1,False,data/new_data/libya_collected_antennas/cellmapper/cellmapper_libya_antennas.csv,retained,Libyana,8433562874100,
collected:166,radio-6acae71c460d38a1,False,data/new_data/libya_collected_antennas/cellmapper/cellmapper_libya_antennas.csv,retained,Libyana,8433562874100,
collected:167,radio-6acae71c460d38a1,False,data/new_data/libya_collected_antennas/cellmapper/cellmapper_libya_antennas.csv,retained,Libyana,8433562874100,
collected:168,radio-6acae71c460d38a1,False,data/new_data/libya_collected_antennas/cellmapper/cellmapper_libya_antennas.csv,retained,Libyana,8433562874100,
collected:169,radio-6acae71c460d38a1,False,data/new_data/libya_collected_antennas/cellmapper/cellmapper_libya_antennas.csv,retained,Libyana,8433562874100,
collected:170,radio-6acae71c460d38a1,False,data/new_data/libya_collected_antennas/cellmapper/cellmapper_libya_antennas.csv,retained,Libyana,8433562874100,
collected:465,radio-1353783674254132,False,data/new_data/libya_collected_antennas/cellmapper/cellmapper_libya_antennas.csv,retained,Libyana,64505370093811,
collected:466,radio-1353783674254132,False,data/new_data/libya_collected_antennas/cellmapper/cellmapper_libya_antennas.csv,retained,Libyana,64505370093811,
collected:467,radio-1353783674254132,False,data/new_data/libya_collected_antennas/cellmapper/cellmapper_libya_antennas.csv,retained,Libyana,64505370093811,
collected:468,radio-1353783674254132,False,data/new_data/libya_collected_antennas/cellmapper/cellmapper_libya_antennas.csv,retained,Libyana,64505370093811,
collected:469,radio-1353783674254132,False,data/new_data/libya_collected_antennas/cellmapper/cellmapper_libya_antennas.csv,retained,Libyana,64505370093811,
collected:470,radio-1353783674254132,False,data/new_data/libya_collected_antennas/cellmapper/cellmapper_libya_antennas.csv,retained,Libyana,64505370093811,
collected:2111,radio-08c70420f8620b1c,False,data/new_data/libya_collected_antennas/cellmapper/cellmapper_libya_antennas.csv,retained,Libyana,53889859049529,
collected:2112,radio-08c70420f8620b1c,False,data/new_data/libya_collected_antennas/cellmapper/cellmapper_libya_antennas.csv,retained,Libyana,53889859049529,
collected:2113,radio-08c70420f8620b1c,False,data/new_data/libya_collected_antennas/cellmapper/cellmapper_libya_antennas.csv,retained,Libyana,53889859049529,
collected:2114,radio-08c70420f8620b1c,False,data/new_data/libya_collected_antennas/cellmapper/cellmapper_libya_antennas.csv,retained,Libyana,53889859049529,
collected:2115,radio-08c70420f8620b1c,False,data/new_data/libya_collected_antennas/cellmapper/cellmapper_libya_antennas.csv,retained,Libyana,53889859049529,
collected:2116,radio-08c70420f8620b1c,False,data/new_data/libya_collected_antennas/cellmapper/cellmapper_libya_antennas.csv,retained,Libyana,53889859049529,
collected:2117,radio-08c70420f8620b1c,False,data/new_data/libya_collected_antennas/cellmapper/cellmapper_libya_antennas.csv,retained,Libyana,53889859049529,
collected:2118,radio-08c70420f8620b1c,False,data/new_data/libya_collected_antennas/cellmapper/cellmapper_libya_antennas.csv,retained,Libyana,53889859049529,
collected:2119,radio-08c70420f8620b1c,False,data/new_data/libya_collected_antennas/cellmapper/cellmapper_libya_antennas.csv,retained,Libyana,53889859049529,
sqlite:1153,radio-08c70420f8620b1c,False,Libyan_cells_dataset/cells.sqlite3,retained,Libyana,53889859049529,1540
sqlite:1191,radio-66866b250ac9e907,False,Libyan_cells_dataset/cells.sqlite3,retained,Libyana,108810137455546,1541
collected:2128,radio-66866b250ac9e907,False,data/new_data/libya_collected_antennas/cellmapper/cellmapper_libya_antennas.csv,retained,Libyana,108810137455546,
collected:2203,radio-bf02c271de257ae7,False,data/new_data/libya_collected_antennas/cellmapper/cellmapper_libya_antennas.csv,retained,Libyana,200004437528423,
collected:2204,radio-bf02c271de257ae7,False,data/new_data/libya_collected_antennas/cellmapper/cellmapper_libya_antennas.csv,retained,Libyana,200004437528423,
collected:2205,radio-bf02c271de257ae7,False,data/new_data/libya_collected_antennas/cellmapper/cellmapper_libya_antennas.csv,retained,Libyana,200004437528423,
collected:2206,radio-bf02c271de257ae7,False,data/new_data/libya_collected_antennas/cellmapper/cellmapper_libya_antennas.csv,retained,Libyana,200004437528423,
collected:2207,radio-bf02c271de257ae7,False,data/new_data/libya_collected_antennas/cellmapper/cellmapper_libya_antennas.csv,retained,Libyana,200004437528423,
collected:2208,radio-bf02c271de257ae7,False,data/new_data/libya_collected_antennas/cellmapper/cellmapper_libya_antennas.csv,retained,Libyana,200004437528423,
sqlite:1195,radio-69cd853572c509ea,False,Libyan_cells_dataset/cells.sqlite3,retained,Libyana,130641928311181,1542
collected:2220,radio-69cd853572c509ea,False,data/new_data/libya_collected_antennas/cellmapper/cellmapper_libya_antennas.csv,retained,Libyana,130641928311181,
collected:2221,radio-69cd853572c509ea,False,data/new_data/libya_collected_antennas/cellmapper/cellmapper_libya_antennas.csv,retained,Libyana,130641928311181,
collected:2222,radio-69cd853572c509ea,False,data/new_data/libya_collected_antennas/cellmapper/cellmapper_libya_antennas.csv,retained,Libyana,130641928311181,
collected:2223,radio-69cd853572c509ea,False,data/new_data/libya_collected_antennas/cellmapper/cellmapper_libya_antennas.csv,retained,Libyana,130641928311181,
collected:2224,radio-69cd853572c509ea,False,data/new_data/libya_collected_antennas/cellmapper/cellmapper_libya_antennas.csv,retained,Libyana,130641928311181,
collected:2244,radio-b82571b7b708c698,False,data/new_data/libya_collected_antennas/cellmapper/cellmapper_libya_antennas.csv,retained,Libyana,20168304500689,
collected:2245,radio-b82571b7b708c698,False,data/new_data/libya_collected_antennas/cellmapper/cellmapper_libya_antennas.csv,retained,Libyana,20168304500689,
collected:2246,radio-b82571b7b708c698,False,data/new_data/libya_collected_antennas/cellmapper/cellmapper_libya_antennas.csv,retained,Libyana,20168304500689,
collected:2247,radio-b82571b7b708c698,False,data/new_data/libya_collected_antennas/cellmapper/cellmapper_libya_antennas.csv,retained,Libyana,20168304500689,
collected:2248,radio-b82571b7b708c698,False,data/new_data/libya_collected_antennas/cellmapper/cellmapper_libya_antennas.csv,retained,Libyana,20168304500689,
collected:2249,radio-b82571b7b708c698,False,data/new_data/libya_collected_antennas/cellmapper/cellmapper_libya_antennas.csv,retained,Libyana,20168304500689,
collected:2250,radio-b82571b7b708c698,False,data/new_data/libya_collected_antennas/cellmapper/cellmapper_libya_antennas.csv,retained,Libyana,20168304500689,
collected:2251,radio-b82571b7b708c698,False,data/new_data/libya_collected_antennas/cellmapper/cellmapper_libya_antennas.csv,retained,Libyana,20168304500689,
collected:2252,radio-b82571b7b708c698,False,data/new_data/libya_collected_antennas/cellmapper/cellmapper_libya_antennas.csv,retained,Libyana,20168304500689,
collected:2253,radio-b82571b7b708c698,False,data/new_data/libya_collected_antennas/cellmapper/cellmapper_libya_antennas.csv,retained,Libyana,20168304500689,
collected:2254,radio-b82571b7b708c698,False,data/new_data/libya_collected_antennas/cellmapper/cellmapper_libya_antennas.csv,retained,Libyana,20168304500689,
collected:2255,radio-b82571b7b708c698,False,data/new_data/libya_collected_antennas/cellmapper/cellmapper_libya_antennas.csv,retained,Libyana,20168304500689,
collected:2256,radio-b82571b7b708c698,False,data/new_data/libya_collected_antennas/cellmapper/cellmapper_libya_antennas.csv,retained,Libyana,20168304500689,
collected:2257,radio-b82571b7b708c698,False,data/new_data/libya_collected_antennas/cellmapper/cellmapper_libya_antennas.csv,retained,Libyana,20168304500689,
collected:2258,radio-b82571b7b708c698,False,data/new_data/libya_collected_antennas/cellmapper/cellmapper_libya_antennas.csv,retained,Libyana,20168304500689,
collected:2259,radio-b82571b7b708c698,False,data/new_data/libya_collected_antennas/cellmapper/cellmapper_libya_antennas.csv,retained,Libyana,20168304500689,
collected:2260,radio-b82571b7b708c698,False,data/new_data/libya_collected_antennas/cellmapper/cellmapper_libya_antennas.csv,retained,Libyana,20168304500689,
collected:2261,radio-b82571b7b708c698,False,data/new_data/libya_collected_antennas/cellmapper/cellmapper_libya_antennas.csv,retained,Libyana,20168304500689,
collected:2262,radio-b82571b7b708c698,False,data/new_data/libya_collected_antennas/cellmapper/cellmapper_libya_antennas.csv,retained,Libyana,20168304500689,
collected:2263,radio-b82571b7b708c698,False,data/new_data/libya_collected_antennas/cellmapper/cellmapper_libya_antennas.csv,retained,Libyana,20168304500689,
collected:2264,radio-b82571b7b708c698,False,data/new_data/libya_collected_antennas/cellmapper/cellmapper_libya_antennas.csv,retained,Libyana,20168304500689,
collected:2265,radio-b82571b7b708c698,False,data/new_data/libya_collected_antennas/cellmapper/cellmapper_libya_antennas.csv,retained,Libyana,20168304500689,
collected:2266,radio-b82571b7b708c698,False,data/new_data/libya_collected_antennas/cellmapper/cellmapper_libya_antennas.csv,retained,Libyana,20168304500689,
collected:2267,radio-b82571b7b708c698,False,data/new_data/libya_collected_antennas/cellmapper/cellmapper_libya_antennas.csv,retained,Libyana,20168304500689,
collected:2268,radio-b82571b7b708c698,False,data/new_data/libya_collected_antennas/cellmapper/cellmapper_libya_antennas.csv,retained,Libyana,20168304500689,
sqlite:1194,radio-5885d4e0f146720a,False,Libyan_cells_dataset/cells.sqlite3,retained,Libyana,241850059016759,1543
collected:2284,radio-5885d4e0f146720a,False,data/new_data/libya_collected_antennas/cellmapper/cellmapper_libya_antennas.csv,retained,Libyana,241850059016759,
collected:2285,radio-5885d4e0f146720a,False,data/new_data/libya_collected_antennas/cellmapper/cellmapper_libya_antennas.csv,retained,Libyana,241850059016759,
collected:2286,radio-5885d4e0f146720a,False,data/new_data/libya_collected_antennas/cellmapper/cellmapper_libya_antennas.csv,retained,Libyana,241850059016759,
collected:2287,radio-5885d4e0f146720a,False,data/new_data/libya_collected_antennas/cellmapper/cellmapper_libya_antennas.csv,retained,Libyana,241850059016759,
collected:2288,radio-5885d4e0f146720a,False,data/new_data/libya_collected_antennas/cellmapper/cellmapper_libya_antennas.csv,retained,Libyana,241850059016759,
collected:2289,radio-5885d4e0f146720a,False,data/new_data/libya_collected_antennas/cellmapper/cellmapper_libya_antennas.csv,retained,Libyana,241850059016759,
sqlite:1172,radio-77cb98e587868c8e,False,Libyan_cells_dataset/cells.sqlite3,retained,Libyana,218667369815235,298
collected:2290,radio-77cb98e587868c8e,False,data/new_data/libya_collected_antennas/cellmapper/cellmapper_libya_antennas.csv,retained,Libyana,218667369815235,
collected:2291,radio-77cb98e587868c8e,False,data/new_data/libya_collected_antennas/cellmapper/cellmapper_libya_antennas.csv,retained,Libyana,218667369815235,
collected:2292,radio-77cb98e587868c8e,False,data/new_data/libya_collected_antennas/cellmapper/cellmapper_libya_antennas.csv,retained,Libyana,218667369815235,
collected:2293,radio-77cb98e587868c8e,False,data/new_data/libya_collected_antennas/cellmapper/cellmapper_libya_antennas.csv,retained,Libyana,218667369815235,
collected:2294,radio-77cb98e587868c8e,False,data/new_data/libya_collected_antennas/cellmapper/cellmapper_libya_antennas.csv,retained,Libyana,218667369815235,
collected:2295,radio-77cb98e587868c8e,False,data/new_data/libya_collected_antennas/cellmapper/cellmapper_libya_antennas.csv,retained,Libyana,218667369815235,
collected:2296,radio-77cb98e587868c8e,False,data/new_data/libya_collected_antennas/cellmapper/cellmapper_libya_antennas.csv,retained,Libyana,218667369815235,
collected:2326,radio-d25476f520a9dc02,False,data/new_data/libya_collected_antennas/cellmapper/cellmapper_libya_antennas.csv,retained,Libyana,233781073283027,
collected:2327,radio-d25476f520a9dc02,False,data/new_data/libya_collected_antennas/cellmapper/cellmapper_libya_antennas.csv,retained,Libyana,233781073283027,
collected:2328,radio-d25476f520a9dc02,False,data/new_data/libya_collected_antennas/cellmapper/cellmapper_libya_antennas.csv,retained,Libyana,233781073283027,
collected:2329,radio-d25476f520a9dc02,False,data/new_data/libya_collected_antennas/cellmapper/cellmapper_libya_antennas.csv,retained,Libyana,233781073283027,
collected:2330,radio-d25476f520a9dc02,False,data/new_data/libya_collected_antennas/cellmapper/cellmapper_libya_antennas.csv,retained,Libyana,233781073283027,
collected:2332,radio-cf24f558d6d6eca0,False,data/new_data/libya_collected_antennas/cellmapper/cellmapper_libya_antennas.csv,retained,Libyana,190862083898217,
collected:2333,radio-cf24f558d6d6eca0,False,data/new_data/libya_collected_antennas/cellmapper/cellmapper_libya_antennas.csv,retained,Libyana,190862083898217,
collected:2334,radio-cf24f558d6d6eca0,False,data/new_data/libya_collected_antennas/cellmapper/cellmapper_libya_antennas.csv,retained,Libyana,190862083898217,
collected:2335,radio-cf24f558d6d6eca0,False,data/new_data/libya_collected_antennas/cellmapper/cellmapper_libya_antennas.csv,retained,Libyana,190862083898217,
collected:2336,radio-cf24f558d6d6eca0,False,data/new_data/libya_collected_antennas/cellmapper/cellmapper_libya_antennas.csv,retained,Libyana,190862083898217,
collected:637,radio-9f7c828a29df44d3,False,data/new_data/libya_collected_antennas/cellmapper/cellmapper_libya_antennas.csv,retained,Libyana,175720063173254,
collected:638,radio-9f7c828a29df44d3,False,data/new_data/libya_collected_antennas/cellmapper/cellmapper_libya_antennas.csv,retained,Libyana,175720063173254,
collected:639,radio-9f7c828a29df44d3,False,data/new_data/libya_collected_antennas/cellmapper/cellmapper_libya_antennas.csv,retained,Libyana,175720063173254,
collected:640,radio-9f7c828a29df44d3,False,data/new_data/libya_collected_antennas/cellmapper/cellmapper_libya_antennas.csv,retained,Libyana,175720063173254,
collected:641,radio-9f7c828a29df44d3,False,data/new_data/libya_collected_antennas/cellmapper/cellmapper_libya_antennas.csv,retained,Libyana,175720063173254,
collected:642,radio-9f7c828a29df44d3,False,data/new_data/libya_collected_antennas/cellmapper/cellmapper_libya_antennas.csv,retained,Libyana,175720063173254,
collected:643,radio-9f7c828a29df44d3,False,data/new_data/libya_collected_antennas/cellmapper/cellmapper_libya_antennas.csv,retained,Libyana,175720063173254,
collected:644,radio-9f7c828a29df44d3,False,data/new_data/libya_collected_antennas/cellmapper/cellmapper_libya_antennas.csv,retained,Libyana,175720063173254,
collected:645,radio-9f7c828a29df44d3,False,data/new_data/libya_collected_antennas/cellmapper/cellmapper_libya_antennas.csv,retained,Libyana,175720063173254,
sqlite:1179,radio-ec341730f9d2f137,False,Libyan_cells_dataset/cells.sqlite3,retained,Libyana,59301969120686,1544
collected:2351,radio-ec341730f9d2f137,False,data/new_data/libya_collected_antennas/cellmapper/cellmapper_libya_antennas.csv,retained,Libyana,59301969120686,
collected:2352,radio-ec341730f9d2f137,False,data/new_data/libya_collected_antennas/cellmapper/cellmapper_libya_antennas.csv,retained,Libyana,59301969120686,
collected:2353,radio-ec341730f9d2f137,False,data/new_data/libya_collected_antennas/cellmapper/cellmapper_libya_antennas.csv,retained,Libyana,59301969120686,
collected:2354,radio-ec341730f9d2f137,False,data/new_data/libya_collected_antennas/cellmapper/cellmapper_libya_antennas.csv,retained,Libyana,59301969120686,
collected:2355,radio-ec341730f9d2f137,False,data/new_data/libya_collected_antennas/cellmapper/cellmapper_libya_antennas.csv,retained,Libyana,59301969120686,
collected:2356,radio-ec341730f9d2f137,False,data/new_data/libya_collected_antennas/cellmapper/cellmapper_libya_antennas.csv,retained,Libyana,59301969120686,
collected:2357,radio-ec341730f9d2f137,False,data/new_data/libya_collected_antennas/cellmapper/cellmapper_libya_antennas.csv,retained,Libyana,59301969120686,
collected:2358,radio-ec341730f9d2f137,False,data/new_data/libya_collected_antennas/cellmapper/cellmapper_libya_antennas.csv,retained,Libyana,59301969120686,
collected:2370,radio-59c5941a9d4d755a,False,data/new_data/libya_collected_antennas/cellmapper/cellmapper_libya_antennas.csv,retained,Libyana,249992562201084,
collected:2371,radio-59c5941a9d4d755a,False,data/new_data/libya_collected_antennas/cellmapper/cellmapper_libya_antennas.csv,retained,Libyana,249992562201084,
collected:2372,radio-59c5941a9d4d755a,False,data/new_data/libya_collected_antennas/cellmapper/cellmapper_libya_antennas.csv,retained,Libyana,249992562201084,
collected:2373,radio-59c5941a9d4d755a,False,data/new_data/libya_collected_antennas/cellmapper/cellmapper_libya_antennas.csv,retained,Libyana,249992562201084,
collected:2374,radio-59c5941a9d4d755a,False,data/new_data/libya_collected_antennas/cellmapper/cellmapper_libya_antennas.csv,retained,Libyana,249992562201084,
collected:416,radio-4392aa0405fbca70,False,data/new_data/libya_collected_antennas/cellmapper/cellmapper_libya_antennas.csv,retained,Libyana,142777180208540,
collected:417,radio-4392aa0405fbca70,False,data/new_data/libya_collected_antennas/cellmapper/cellmapper_libya_antennas.csv,retained,Libyana,142777180208540,
collected:418,radio-4392aa0405fbca70,False,data/new_data/libya_collected_antennas/cellmapper/cellmapper_libya_antennas.csv,retained,Libyana,142777180208540,
collected:419,radio-4392aa0405fbca70,False,data/new_data/libya_collected_antennas/cellmapper/cellmapper_libya_antennas.csv,retained,Libyana,142777180208540,
collected:420,radio-4392aa0405fbca70,False,data/new_data/libya_collected_antennas/cellmapper/cellmapper_libya_antennas.csv,retained,Libyana,142777180208540,
collected:421,radio-4392aa0405fbca70,False,data/new_data/libya_collected_antennas/cellmapper/cellmapper_libya_antennas.csv,retained,Libyana,142777180208540,
collected:422,radio-4392aa0405fbca70,False,data/new_data/libya_collected_antennas/cellmapper/cellmapper_libya_antennas.csv,retained,Libyana,142777180208540,
collected:423,radio-4392aa0405fbca70,False,data/new_data/libya_collected_antennas/cellmapper/cellmapper_libya_antennas.csv,retained,Libyana,142777180208540,
collected:424,radio-4392aa0405fbca70,False,data/new_data/libya_collected_antennas/cellmapper/cellmapper_libya_antennas.csv,retained,Libyana,142777180208540,
collected:425,radio-4392aa0405fbca70,False,data/new_data/libya_collected_antennas/cellmapper/cellmapper_libya_antennas.csv,retained,Libyana,142777180208540,
collected:489,radio-338979bd6bfd61bd,False,data/new_data/libya_collected_antennas/cellmapper/cellmapper_libya_antennas.csv,retained,Libyana,15887575498640,
collected:490,radio-338979bd6bfd61bd,False,data/new_data/libya_collected_antennas/cellmapper/cellmapper_libya_antennas.csv,retained,Libyana,15887575498640,
collected:491,radio-338979bd6bfd61bd,False,data/new_data/libya_collected_antennas/cellmapper/cellmapper_libya_antennas.csv,retained,Libyana,15887575498640,
collected:492,radio-338979bd6bfd61bd,False,data/new_data/libya_collected_antennas/cellmapper/cellmapper_libya_antennas.csv,retained,Libyana,15887575498640,
collected:493,radio-338979bd6bfd61bd,False,data/new_data/libya_collected_antennas/cellmapper/cellmapper_libya_antennas.csv,retained,Libyana,15887575498640,
collected:494,radio-338979bd6bfd61bd,False,data/new_data/libya_collected_antennas/cellmapper/cellmapper_libya_antennas.csv,retained,Libyana,15887575498640,
collected:495,radio-338979bd6bfd61bd,False,data/new_data/libya_collected_antennas/cellmapper/cellmapper_libya_antennas.csv,retained,Libyana,15887575498640,
collected:496,radio-338979bd6bfd61bd,False,data/new_data/libya_collected_antennas/cellmapper/cellmapper_libya_antennas.csv,retained,Libyana,15887575498640,
collected:497,radio-338979bd6bfd61bd,False,data/new_data/libya_collected_antennas/cellmapper/cellmapper_libya_antennas.csv,retained,Libyana,15887575498640,
collected:498,radio-338979bd6bfd61bd,False,data/new_data/libya_collected_antennas/cellmapper/cellmapper_libya_antennas.csv,retained,Libyana,15887575498640,
collected:499,radio-338979bd6bfd61bd,False,data/new_data/libya_collected_antennas/cellmapper/cellmapper_libya_antennas.csv,retained,Libyana,15887575498640,
collected:2389,radio-3699459097b022e2,False,data/new_data/libya_collected_antennas/cellmapper/cellmapper_libya_antennas.csv,retained,Libyana,43369673815917,
collected:2390,radio-3699459097b022e2,False,data/new_data/libya_collected_antennas/cellmapper/cellmapper_libya_antennas.csv,retained,Libyana,43369673815917,
collected:2391,radio-3699459097b022e2,False,data/new_data/libya_collected_antennas/cellmapper/cellmapper_libya_antennas.csv,retained,Libyana,43369673815917,
collected:2392,radio-3699459097b022e2,False,data/new_data/libya_collected_antennas/cellmapper/cellmapper_libya_antennas.csv,retained,Libyana,43369673815917,
collected:2393,radio-3699459097b022e2,False,data/new_data/libya_collected_antennas/cellmapper/cellmapper_libya_antennas.csv,retained,Libyana,43369673815917,
collected:2394,radio-3699459097b022e2,False,data/new_data/libya_collected_antennas/cellmapper/cellmapper_libya_antennas.csv,retained,Libyana,43369673815917,
sqlite:1162,radio-3699459097b022e2,False,Libyan_cells_dataset/cells.sqlite3,retained,Libyana,43369673815917,1546
collected:10,radio-9a0c203f00b3ff52,False,data/new_data/libya_collected_antennas/cellmapper/cellmapper_libya_antennas.csv,retained,Libyana,113919695417983,
collected:11,radio-9a0c203f00b3ff52,False,data/new_data/libya_collected_antennas/cellmapper/cellmapper_libya_antennas.csv,retained,Libyana,113919695417983,
collected:12,radio-9a0c203f00b3ff52,False,data/new_data/libya_collected_antennas/cellmapper/cellmapper_libya_antennas.csv,retained,Libyana,113919695417983,
collected:13,radio-9a0c203f00b3ff52,False,data/new_data/libya_collected_antennas/cellmapper/cellmapper_libya_antennas.csv,retained,Libyana,113919695417983,
collected:14,radio-9a0c203f00b3ff52,False,data/new_data/libya_collected_antennas/cellmapper/cellmapper_libya_antennas.csv,retained,Libyana,113919695417983,
collected:15,radio-9a0c203f00b3ff52,False,data/new_data/libya_collected_antennas/cellmapper/cellmapper_libya_antennas.csv,retained,Libyana,113919695417983,
collected:16,radio-9a0c203f00b3ff52,False,data/new_data/libya_collected_antennas/cellmapper/cellmapper_libya_antennas.csv,retained,Libyana,113919695417983,
collected:6,radio-9a0c203f00b3ff52,False,data/new_data/libya_collected_antennas/cellmapper/cellmapper_libya_antennas.csv,retained,Libyana,113919695417983,
collected:7,radio-9a0c203f00b3ff52,False,data/new_data/libya_collected_antennas/cellmapper/cellmapper_libya_antennas.csv,retained,Libyana,113919695417983,
collected:8,radio-9a0c203f00b3ff52,False,data/new_data/libya_collected_antennas/cellmapper/cellmapper_libya_antennas.csv,retained,Libyana,113919695417983,
collected:9,radio-9a0c203f00b3ff52,False,data/new_data/libya_collected_antennas/cellmapper/cellmapper_libya_antennas.csv,retained,Libyana,113919695417983,
collected:2404,radio-9a4313d6a9dc6561,False,data/new_data/libya_collected_antennas/cellmapper/cellmapper_libya_antennas.csv,retained,Libyana,97109096171675,
collected:2405,radio-9a4313d6a9dc6561,False,data/new_data/libya_collected_antennas/cellmapper/cellmapper_libya_antennas.csv,retained,Libyana,97109096171675,
collected:2406,radio-9a4313d6a9dc6561,False,data/new_data/libya_collected_antennas/cellmapper/cellmapper_libya_antennas.csv,retained,Libyana,97109096171675,
collected:2407,radio-9a4313d6a9dc6561,False,data/new_data/libya_collected_antennas/cellmapper/cellmapper_libya_antennas.csv,retained,Libyana,97109096171675,
collected:2408,radio-9a4313d6a9dc6561,False,data/new_data/libya_collected_antennas/cellmapper/cellmapper_libya_antennas.csv,retained,Libyana,97109096171675,
collected:2409,radio-9a4313d6a9dc6561,False,data/new_data/libya_collected_antennas/cellmapper/cellmapper_libya_antennas.csv,retained,Libyana,97109096171675,
collected:2410,radio-9a4313d6a9dc6561,False,data/new_data/libya_collected_antennas/cellmapper/cellmapper_libya_antennas.csv,retained,Libyana,97109096171675,
collected:2411,radio-9a4313d6a9dc6561,False,data/new_data/libya_collected_antennas/cellmapper/cellmapper_libya_antennas.csv,retained,Libyana,97109096171675,
collected:2412,radio-9a4313d6a9dc6561,False,data/new_data/libya_collected_antennas/cellmapper/cellmapper_libya_antennas.csv,retained,Libyana,97109096171675,
collected:2413,radio-9a4313d6a9dc6561,False,data/new_data/libya_collected_antennas/cellmapper/cellmapper_libya_antennas.csv,retained,Libyana,97109096171675,
collected:2414,radio-9a4313d6a9dc6561,False,data/new_data/libya_collected_antennas/cellmapper/cellmapper_libya_antennas.csv,retained,Libyana,97109096171675,
collected:2415,radio-9a4313d6a9dc6561,False,data/new_data/libya_collected_antennas/cellmapper/cellmapper_libya_antennas.csv,retained,Libyana,97109096171675,
collected:2416,radio-9a4313d6a9dc6561,False,data/new_data/libya_collected_antennas/cellmapper/cellmapper_libya_antennas.csv,retained,Libyana,97109096171675,
collected:2429,radio-e657c2f59303df88,False,data/new_data/libya_collected_antennas/cellmapper/cellmapper_libya_antennas.csv,retained,Libyana,133249928282926,
collected:2430,radio-e657c2f59303df88,False,data/new_data/libya_collected_antennas/cellmapper/cellmapper_libya_antennas.csv,retained,Libyana,133249928282926,
collected:2431,radio-e657c2f59303df88,False,data/new_data/libya_collected_antennas/cellmapper/cellmapper_libya_antennas.csv,retained,Libyana,133249928282926,
collected:2442,radio-a5188ecf7eb6578b,False,data/new_data/libya_collected_antennas/cellmapper/cellmapper_libya_antennas.csv,retained,Libyana,191638588775215,
collected:2451,radio-26088c866ebbf837,False,data/new_data/libya_collected_antennas/cellmapper/cellmapper_libya_antennas.csv,retained,Libyana,270707308788108,
collected:2452,radio-26088c866ebbf837,False,data/new_data/libya_collected_antennas/cellmapper/cellmapper_libya_antennas.csv,retained,Libyana,270707308788108,
collected:2453,radio-13def21e353a77da,False,data/new_data/libya_collected_antennas/cellmapper/cellmapper_libya_antennas.csv,retained,Libyana,176560244169431,
collected:244,radio-b2cb07e4f354bab2,False,data/new_data/libya_collected_antennas/cellmapper/cellmapper_libya_antennas.csv,retained,Libyana,85872055980278,
collected:245,radio-b2cb07e4f354bab2,False,data/new_data/libya_collected_antennas/cellmapper/cellmapper_libya_antennas.csv,retained,Libyana,85872055980278,
collected:246,radio-b2cb07e4f354bab2,False,data/new_data/libya_collected_antennas/cellmapper/cellmapper_libya_antennas.csv,retained,Libyana,85872055980278,
collected:247,radio-b2cb07e4f354bab2,False,data/new_data/libya_collected_antennas/cellmapper/cellmapper_libya_antennas.csv,retained,Libyana,85872055980278,
collected:248,radio-b2cb07e4f354bab2,False,data/new_data/libya_collected_antennas/cellmapper/cellmapper_libya_antennas.csv,retained,Libyana,85872055980278,
collected:249,radio-b2cb07e4f354bab2,False,data/new_data/libya_collected_antennas/cellmapper/cellmapper_libya_antennas.csv,retained,Libyana,85872055980278,
collected:1369,radio-dbe4a40e137b0284,False,data/new_data/libya_collected_antennas/cellmapper/cellmapper_libya_antennas.csv,retained,Libyana,42634128923334,
collected:1370,radio-dbe4a40e137b0284,False,data/new_data/libya_collected_antennas/cellmapper/cellmapper_libya_antennas.csv,retained,Libyana,42634128923334,
collected:1371,radio-dbe4a40e137b0284,False,data/new_data/libya_collected_antennas/cellmapper/cellmapper_libya_antennas.csv,retained,Libyana,42634128923334,
collected:1372,radio-dbe4a40e137b0284,False,data/new_data/libya_collected_antennas/cellmapper/cellmapper_libya_antennas.csv,retained,Libyana,42634128923334,
collected:1473,radio-91da531a7e6688ba,False,data/new_data/libya_collected_antennas/cellmapper/cellmapper_libya_antennas.csv,retained,Libyana,87362545932583,
collected:1474,radio-91da531a7e6688ba,False,data/new_data/libya_collected_antennas/cellmapper/cellmapper_libya_antennas.csv,retained,Libyana,87362545932583,
collected:1475,radio-91da531a7e6688ba,False,data/new_data/libya_collected_antennas/cellmapper/cellmapper_libya_antennas.csv,retained,Libyana,87362545932583,
collected:1476,radio-91da531a7e6688ba,False,data/new_data/libya_collected_antennas/cellmapper/cellmapper_libya_antennas.csv,retained,Libyana,87362545932583,
collected:1477,radio-91da531a7e6688ba,False,data/new_data/libya_collected_antennas/cellmapper/cellmapper_libya_antennas.csv,retained,Libyana,87362545932583,
collected:1478,radio-91da531a7e6688ba,False,data/new_data/libya_collected_antennas/cellmapper/cellmapper_libya_antennas.csv,retained,Libyana,87362545932583,
collected:1479,radio-91da531a7e6688ba,False,data/new_data/libya_collected_antennas/cellmapper/cellmapper_libya_antennas.csv,retained,Libyana,87362545932583,
collected:1480,radio-91da531a7e6688ba,False,data/new_data/libya_collected_antennas/cellmapper/cellmapper_libya_antennas.csv,retained,Libyana,87362545932583,
collected:1481,radio-91da531a7e6688ba,False,data/new_data/libya_collected_antennas/cellmapper/cellmapper_libya_antennas.csv,retained,Libyana,87362545932583,
collected:1948,radio-7650c47e80a41124,False,data/new_data/libya_collected_antennas/cellmapper/cellmapper_libya_antennas.csv,retained,Libyana,85459338609623,
collected:1949,radio-7650c47e80a41124,False,data/new_data/libya_collected_antennas/cellmapper/cellmapper_libya_antennas.csv,retained,Libyana,85459338609623,
collected:1950,radio-7650c47e80a41124,False,data/new_data/libya_collected_antennas/cellmapper/cellmapper_libya_antennas.csv,retained,Libyana,85459338609623,
collected:1951,radio-7650c47e80a41124,False,data/new_data/libya_collected_antennas/cellmapper/cellmapper_libya_antennas.csv,retained,Libyana,85459338609623,
collected:1952,radio-7650c47e80a41124,False,data/new_data/libya_collected_antennas/cellmapper/cellmapper_libya_antennas.csv,retained,Libyana,85459338609623,
sqlite:1186,radio-8bf00a2d2afad114,False,Libyan_cells_dataset/cells.sqlite3,retained,Libyana,5782230911643,1547
collected:1967,radio-8bf00a2d2afad114,False,data/new_data/libya_collected_antennas/cellmapper/cellmapper_libya_antennas.csv,retained,Libyana,5782230911643,
collected:1976,radio-016f3e0bf4c21005,False,data/new_data/libya_collected_antennas/cellmapper/cellmapper_libya_antennas.csv,retained,Libyana,84397574198377,
collected:1977,radio-016f3e0bf4c21005,False,data/new_data/libya_collected_antennas/cellmapper/cellmapper_libya_antennas.csv,retained,Libyana,84397574198377,
collected:1978,radio-016f3e0bf4c21005,False,data/new_data/libya_collected_antennas/cellmapper/cellmapper_libya_antennas.csv,retained,Libyana,84397574198377,
collected:1979,radio-016f3e0bf4c21005,False,data/new_data/libya_collected_antennas/cellmapper/cellmapper_libya_antennas.csv,retained,Libyana,84397574198377,
collected:1980,radio-016f3e0bf4c21005,False,data/new_data/libya_collected_antennas/cellmapper/cellmapper_libya_antennas.csv,retained,Libyana,84397574198377,
collected:1981,radio-016f3e0bf4c21005,False,data/new_data/libya_collected_antennas/cellmapper/cellmapper_libya_antennas.csv,retained,Libyana,84397574198377,
collected:1982,radio-a7381e9d9bfcbb49,False,data/new_data/libya_collected_antennas/cellmapper/cellmapper_libya_antennas.csv,retained,Libyana,29029099385955,
collected:1983,radio-a7381e9d9bfcbb49,False,data/new_data/libya_collected_antennas/cellmapper/cellmapper_libya_antennas.csv,retained,Libyana,29029099385955,
collected:1984,radio-a7381e9d9bfcbb49,False,data/new_data/libya_collected_antennas/cellmapper/cellmapper_libya_antennas.csv,retained,Libyana,29029099385955,
collected:1985,radio-a7381e9d9bfcbb49,False,data/new_data/libya_collected_antennas/cellmapper/cellmapper_libya_antennas.csv,retained,Libyana,29029099385955,
collected:1986,radio-a7381e9d9bfcbb49,False,data/new_data/libya_collected_antennas/cellmapper/cellmapper_libya_antennas.csv,retained,Libyana,29029099385955,
collected:1987,radio-a7381e9d9bfcbb49,False,data/new_data/libya_collected_antennas/cellmapper/cellmapper_libya_antennas.csv,retained,Libyana,29029099385955,
collected:1988,radio-a7381e9d9bfcbb49,False,data/new_data/libya_collected_antennas/cellmapper/cellmapper_libya_antennas.csv,retained,Libyana,29029099385955,
collected:1989,radio-a7381e9d9bfcbb49,False,data/new_data/libya_collected_antennas/cellmapper/cellmapper_libya_antennas.csv,retained,Libyana,29029099385955,
collected:1990,radio-a7381e9d9bfcbb49,False,data/new_data/libya_collected_antennas/cellmapper/cellmapper_libya_antennas.csv,retained,Libyana,29029099385955,
collected:1991,radio-a7381e9d9bfcbb49,False,data/new_data/libya_collected_antennas/cellmapper/cellmapper_libya_antennas.csv,retained,Libyana,29029099385955,
collected:1992,radio-a7381e9d9bfcbb49,False,data/new_data/libya_collected_antennas/cellmapper/cellmapper_libya_antennas.csv,retained,Libyana,29029099385955,
collected:1993,radio-a7381e9d9bfcbb49,False,data/new_data/libya_collected_antennas/cellmapper/cellmapper_libya_antennas.csv,retained,Libyana,29029099385955,
collected:1994,radio-a7381e9d9bfcbb49,False,data/new_data/libya_collected_antennas/cellmapper/cellmapper_libya_antennas.csv,retained,Libyana,29029099385955,
sqlite:1183,radio-eb03a4bbde107a5a,False,Libyan_cells_dataset/cells.sqlite3,retained,Libyana,255568099747601,1548
collected:2044,radio-eb03a4bbde107a5a,False,data/new_data/libya_collected_antennas/cellmapper/cellmapper_libya_antennas.csv,retained,Libyana,255568099747601,
collected:2045,radio-eb03a4bbde107a5a,False,data/new_data/libya_collected_antennas/cellmapper/cellmapper_libya_antennas.csv,retained,Libyana,255568099747601,
collected:207,radio-a791be0826843420,False,data/new_data/libya_collected_antennas/cellmapper/cellmapper_libya_antennas.csv,retained,Libyana,277095775636419,
collected:208,radio-a791be0826843420,False,data/new_data/libya_collected_antennas/cellmapper/cellmapper_libya_antennas.csv,retained,Libyana,277095775636419,
collected:209,radio-a791be0826843420,False,data/new_data/libya_collected_antennas/cellmapper/cellmapper_libya_antennas.csv,retained,Libyana,277095775636419,
collected:210,radio-a791be0826843420,False,data/new_data/libya_collected_antennas/cellmapper/cellmapper_libya_antennas.csv,retained,Libyana,277095775636419,
collected:211,radio-a791be0826843420,False,data/new_data/libya_collected_antennas/cellmapper/cellmapper_libya_antennas.csv,retained,Libyana,277095775636419,
collected:212,radio-a791be0826843420,False,data/new_data/libya_collected_antennas/cellmapper/cellmapper_libya_antennas.csv,retained,Libyana,277095775636419,
collected:213,radio-a791be0826843420,False,data/new_data/libya_collected_antennas/cellmapper/cellmapper_libya_antennas.csv,retained,Libyana,277095775636419,
collected:2053,radio-3f36867f6fb39f62,False,data/new_data/libya_collected_antennas/cellmapper/cellmapper_libya_antennas.csv,retained,Libyana,24351026831239,
collected:2054,radio-3f36867f6fb39f62,False,data/new_data/libya_collected_antennas/cellmapper/cellmapper_libya_antennas.csv,retained,Libyana,24351026831239,
sqlite:1159,radio-3f36867f6fb39f62,False,Libyan_cells_dataset/cells.sqlite3,retained,Libyana,24351026831239,1549
collected:182,radio-537edde39d8597b7,False,data/new_data/libya_collected_antennas/cellmapper/cellmapper_libya_antennas.csv,retained,Libyana,4813022885539,
collected:183,radio-537edde39d8597b7,False,data/new_data/libya_collected_antennas/cellmapper/cellmapper_libya_antennas.csv,retained,Libyana,4813022885539,
collected:184,radio-537edde39d8597b7,False,data/new_data/libya_collected_antennas/cellmapper/cellmapper_libya_antennas.csv,retained,Libyana,4813022885539,
collected:185,radio-537edde39d8597b7,False,data/new_data/libya_collected_antennas/cellmapper/cellmapper_libya_antennas.csv,retained,Libyana,4813022885539,
collected:186,radio-537edde39d8597b7,False,data/new_data/libya_collected_antennas/cellmapper/cellmapper_libya_antennas.csv,retained,Libyana,4813022885539,
collected:187,radio-537edde39d8597b7,False,data/new_data/libya_collected_antennas/cellmapper/cellmapper_libya_antennas.csv,retained,Libyana,4813022885539,
collected:2297,radio-90977a8c0a483613,False,data/new_data/libya_collected_antennas/cellmapper/cellmapper_libya_antennas.csv,retained,Libyana,190533535483042,
collected:2298,radio-90977a8c0a483613,False,data/new_data/libya_collected_antennas/cellmapper/cellmapper_libya_antennas.csv,retained,Libyana,190533535483042,
collected:2299,radio-90977a8c0a483613,False,data/new_data/libya_collected_antennas/cellmapper/cellmapper_libya_antennas.csv,retained,Libyana,190533535483042,
sqlite:1240,radio-90977a8c0a483613,False,Libyan_cells_dataset/cells.sqlite3,retained,Libyana,190533535483042,50
collected:221,radio-99add68718498b53,False,data/new_data/libya_collected_antennas/cellmapper/cellmapper_libya_antennas.csv,retained,Libyana,128416722246422,
collected:222,radio-99add68718498b53,False,data/new_data/libya_collected_antennas/cellmapper/cellmapper_libya_antennas.csv,retained,Libyana,128416722246422,
collected:223,radio-99add68718498b53,False,data/new_data/libya_collected_antennas/cellmapper/cellmapper_libya_antennas.csv,retained,Libyana,128416722246422,
collected:224,radio-99add68718498b53,False,data/new_data/libya_collected_antennas/cellmapper/cellmapper_libya_antennas.csv,retained,Libyana,128416722246422,
collected:225,radio-99add68718498b53,False,data/new_data/libya_collected_antennas/cellmapper/cellmapper_libya_antennas.csv,retained,Libyana,128416722246422,
collected:214,radio-5c78e790b73aa582,False,data/new_data/libya_collected_antennas/cellmapper/cellmapper_libya_antennas.csv,retained,Libyana,280448290432557,
collected:215,radio-5c78e790b73aa582,False,data/new_data/libya_collected_antennas/cellmapper/cellmapper_libya_antennas.csv,retained,Libyana,280448290432557,
collected:216,radio-5c78e790b73aa582,False,data/new_data/libya_collected_antennas/cellmapper/cellmapper_libya_antennas.csv,retained,Libyana,280448290432557,
collected:217,radio-5c78e790b73aa582,False,data/new_data/libya_collected_antennas/cellmapper/cellmapper_libya_antennas.csv,retained,Libyana,280448290432557,
collected:218,radio-5c78e790b73aa582,False,data/new_data/libya_collected_antennas/cellmapper/cellmapper_libya_antennas.csv,retained,Libyana,280448290432557,
collected:219,radio-5c78e790b73aa582,False,data/new_data/libya_collected_antennas/cellmapper/cellmapper_libya_antennas.csv,retained,Libyana,280448290432557,
collected:220,radio-5c78e790b73aa582,False,data/new_data/libya_collected_antennas/cellmapper/cellmapper_libya_antennas.csv,retained,Libyana,280448290432557,
collected:226,radio-72222cbeb04730f1,False,data/new_data/libya_collected_antennas/cellmapper/cellmapper_libya_antennas.csv,retained,Libyana,160813347915965,
collected:227,radio-72222cbeb04730f1,False,data/new_data/libya_collected_antennas/cellmapper/cellmapper_libya_antennas.csv,retained,Libyana,160813347915965,
collected:228,radio-72222cbeb04730f1,False,data/new_data/libya_collected_antennas/cellmapper/cellmapper_libya_antennas.csv,retained,Libyana,160813347915965,
collected:2331,radio-cb3af2eb25e53c92,False,data/new_data/libya_collected_antennas/cellmapper/cellmapper_libya_antennas.csv,retained,Libyana,239456062025271,
collected:2339,radio-d26d056efe987d75,False,data/new_data/libya_collected_antennas/cellmapper/cellmapper_libya_antennas.csv,retained,Libyana,169549579105626,
collected:2340,radio-d26d056efe987d75,False,data/new_data/libya_collected_antennas/cellmapper/cellmapper_libya_antennas.csv,retained,Libyana,169549579105626,
collected:2341,radio-d26d056efe987d75,False,data/new_data/libya_collected_antennas/cellmapper/cellmapper_libya_antennas.csv,retained,Libyana,169549579105626,
collected:2342,radio-d26d056efe987d75,False,data/new_data/libya_collected_antennas/cellmapper/cellmapper_libya_antennas.csv,retained,Libyana,169549579105626,
collected:2343,radio-d26d056efe987d75,False,data/new_data/libya_collected_antennas/cellmapper/cellmapper_libya_antennas.csv,retained,Libyana,169549579105626,
collected:233,radio-a86fdb88c3026e14,False,data/new_data/libya_collected_antennas/cellmapper/cellmapper_libya_antennas.csv,retained,Libyana,227895941556649,
collected:234,radio-a86fdb88c3026e14,False,data/new_data/libya_collected_antennas/cellmapper/cellmapper_libya_antennas.csv,retained,Libyana,227895941556649,
collected:2395,radio-e9403b4ac210a4db,False,data/new_data/libya_collected_antennas/cellmapper/cellmapper_libya_antennas.csv,retained,Libyana,248764129924832,
collected:2396,radio-e9403b4ac210a4db,False,data/new_data/libya_collected_antennas/cellmapper/cellmapper_libya_antennas.csv,retained,Libyana,248764129924832,
collected:2397,radio-e9403b4ac210a4db,False,data/new_data/libya_collected_antennas/cellmapper/cellmapper_libya_antennas.csv,retained,Libyana,248764129924832,
collected:2398,radio-e9403b4ac210a4db,False,data/new_data/libya_collected_antennas/cellmapper/cellmapper_libya_antennas.csv,retained,Libyana,248764129924832,
collected:2399,radio-e9403b4ac210a4db,False,data/new_data/libya_collected_antennas/cellmapper/cellmapper_libya_antennas.csv,retained,Libyana,248764129924832,
collected:2400,radio-e9403b4ac210a4db,False,data/new_data/libya_collected_antennas/cellmapper/cellmapper_libya_antennas.csv,retained,Libyana,248764129924832,
collected:2401,radio-e9403b4ac210a4db,False,data/new_data/libya_collected_antennas/cellmapper/cellmapper_libya_antennas.csv,retained,Libyana,248764129924832,
collected:2402,radio-e9403b4ac210a4db,False,data/new_data/libya_collected_antennas/cellmapper/cellmapper_libya_antennas.csv,retained,Libyana,248764129924832,
collected:2403,radio-e9403b4ac210a4db,False,data/new_data/libya_collected_antennas/cellmapper/cellmapper_libya_antennas.csv,retained,Libyana,248764129924832,
collected:2462,radio-8ead7c9d5a77112a,False,data/new_data/libya_collected_antennas/cellmapper/cellmapper_libya_antennas.csv,retained,Libyana,120251780238557,
collected:2463,radio-8ead7c9d5a77112a,False,data/new_data/libya_collected_antennas/cellmapper/cellmapper_libya_antennas.csv,retained,Libyana,120251780238557,
collected:2464,radio-8ead7c9d5a77112a,False,data/new_data/libya_collected_antennas/cellmapper/cellmapper_libya_antennas.csv,retained,Libyana,120251780238557,
collected:2465,radio-8ead7c9d5a77112a,False,data/new_data/libya_collected_antennas/cellmapper/cellmapper_libya_antennas.csv,retained,Libyana,120251780238557,
collected:2466,radio-8ead7c9d5a77112a,False,data/new_data/libya_collected_antennas/cellmapper/cellmapper_libya_antennas.csv,retained,Libyana,120251780238557,
collected:2467,radio-8ead7c9d5a77112a,False,data/new_data/libya_collected_antennas/cellmapper/cellmapper_libya_antennas.csv,retained,Libyana,120251780238557,
collected:2468,radio-8ead7c9d5a77112a,False,data/new_data/libya_collected_antennas/cellmapper/cellmapper_libya_antennas.csv,retained,Libyana,120251780238557,
collected:235,radio-a719c22ae387bcba,False,data/new_data/libya_collected_antennas/cellmapper/cellmapper_libya_antennas.csv,retained,Libyana,131816029111171,
collected:236,radio-a719c22ae387bcba,False,data/new_data/libya_collected_antennas/cellmapper/cellmapper_libya_antennas.csv,retained,Libyana,131816029111171,
collected:237,radio-a719c22ae387bcba,False,data/new_data/libya_collected_antennas/cellmapper/cellmapper_libya_antennas.csv,retained,Libyana,131816029111171,
collected:238,radio-a719c22ae387bcba,False,data/new_data/libya_collected_antennas/cellmapper/cellmapper_libya_antennas.csv,retained,Libyana,131816029111171,
collected:239,radio-a719c22ae387bcba,False,data/new_data/libya_collected_antennas/cellmapper/cellmapper_libya_antennas.csv,retained,Libyana,131816029111171,
collected:240,radio-a719c22ae387bcba,False,data/new_data/libya_collected_antennas/cellmapper/cellmapper_libya_antennas.csv,retained,Libyana,131816029111171,
collected:241,radio-a719c22ae387bcba,False,data/new_data/libya_collected_antennas/cellmapper/cellmapper_libya_antennas.csv,retained,Libyana,131816029111171,
collected:242,radio-a719c22ae387bcba,False,data/new_data/libya_collected_antennas/cellmapper/cellmapper_libya_antennas.csv,retained,Libyana,131816029111171,
collected:243,radio-a719c22ae387bcba,False,data/new_data/libya_collected_antennas/cellmapper/cellmapper_libya_antennas.csv,retained,Libyana,131816029111171,
sqlite:1182,radio-a719c22ae387bcba,False,Libyan_cells_dataset/cells.sqlite3,retained,Libyana,131816029111171,1550
collected:2481,radio-0a6accd350ee86bd,False,data/new_data/libya_collected_antennas/cellmapper/cellmapper_libya_antennas.csv,retained,Libyana,51359712960229,
collected:2482,radio-0a6accd350ee86bd,False,data/new_data/libya_collected_antennas/cellmapper/cellmapper_libya_antennas.csv,retained,Libyana,51359712960229,
collected:2483,radio-0a6accd350ee86bd,False,data/new_data/libya_collected_antennas/cellmapper/cellmapper_libya_antennas.csv,retained,Libyana,51359712960229,
collected:2484,radio-0a6accd350ee86bd,False,data/new_data/libya_collected_antennas/cellmapper/cellmapper_libya_antennas.csv,retained,Libyana,51359712960229,
collected:2485,radio-0a6accd350ee86bd,False,data/new_data/libya_collected_antennas/cellmapper/cellmapper_libya_antennas.csv,retained,Libyana,51359712960229,
collected:2486,radio-0a6accd350ee86bd,False,data/new_data/libya_collected_antennas/cellmapper/cellmapper_libya_antennas.csv,retained,Libyana,51359712960229,
sqlite:1234,radio-8f8dfc281ddb0a11,False,Libyan_cells_dataset/cells.sqlite3,retained,Libyana,245871332181989,74
collected:2487,radio-8f8dfc281ddb0a11,False,data/new_data/libya_collected_antennas/cellmapper/cellmapper_libya_antennas.csv,retained,Libyana,245871332181989,
collected:2488,radio-8f8dfc281ddb0a11,False,data/new_data/libya_collected_antennas/cellmapper/cellmapper_libya_antennas.csv,retained,Libyana,245871332181989,
collected:2489,radio-8f8dfc281ddb0a11,False,data/new_data/libya_collected_antennas/cellmapper/cellmapper_libya_antennas.csv,retained,Libyana,245871332181989,
collected:2490,radio-8f8dfc281ddb0a11,False,data/new_data/libya_collected_antennas/cellmapper/cellmapper_libya_antennas.csv,retained,Libyana,245871332181989,
collected:2491,radio-8f8dfc281ddb0a11,False,data/new_data/libya_collected_antennas/cellmapper/cellmapper_libya_antennas.csv,retained,Libyana,245871332181989,
collected:2492,radio-bf4f9427f67efce5,False,data/new_data/libya_collected_antennas/cellmapper/cellmapper_libya_antennas.csv,retained,Libyana,250732021087839,
collected:2493,radio-bf4f9427f67efce5,False,data/new_data/libya_collected_antennas/cellmapper/cellmapper_libya_antennas.csv,retained,Libyana,250732021087839,
collected:2494,radio-bf4f9427f67efce5,False,data/new_data/libya_collected_antennas/cellmapper/cellmapper_libya_antennas.csv,retained,Libyana,250732021087839,
collected:2495,radio-bf4f9427f67efce5,False,data/new_data/libya_collected_antennas/cellmapper/cellmapper_libya_antennas.csv,retained,Libyana,250732021087839,
collected:2496,radio-bf4f9427f67efce5,False,data/new_data/libya_collected_antennas/cellmapper/cellmapper_libya_antennas.csv,retained,Libyana,250732021087839,
collected:2497,radio-bf4f9427f67efce5,False,data/new_data/libya_collected_antennas/cellmapper/cellmapper_libya_antennas.csv,retained,Libyana,250732021087839,
collected:2498,radio-bf4f9427f67efce5,False,data/new_data/libya_collected_antennas/cellmapper/cellmapper_libya_antennas.csv,retained,Libyana,250732021087839,
collected:2499,radio-bf4f9427f67efce5,False,data/new_data/libya_collected_antennas/cellmapper/cellmapper_libya_antennas.csv,retained,Libyana,250732021087839,
collected:2500,radio-bf4f9427f67efce5,False,data/new_data/libya_collected_antennas/cellmapper/cellmapper_libya_antennas.csv,retained,Libyana,250732021087839,
collected:2501,radio-bf4f9427f67efce5,False,data/new_data/libya_collected_antennas/cellmapper/cellmapper_libya_antennas.csv,retained,Libyana,250732021087839,
collected:2502,radio-bf4f9427f67efce5,False,data/new_data/libya_collected_antennas/cellmapper/cellmapper_libya_antennas.csv,retained,Libyana,250732021087839,
sqlite:1214,radio-bf4f9427f67efce5,False,Libyan_cells_dataset/cells.sqlite3,retained,Libyana,250732021087839,71
sqlite:1244,radio-bbdf43987a5bade4,False,Libyan_cells_dataset/cells.sqlite3,retained,Libyana,147616761373727,1551
sqlite:766,radio-2eb97e0c6b596ede,False,Libyan_cells_dataset/cells.sqlite3,retained,Libyana,225753436954599,1552
sqlite:1150,radio-51f0447f9d8dc5d8,False,Libyan_cells_dataset/cells.sqlite3,retained,Libyana,244035862199176,1553
sqlite:1235,radio-ea7fe6a1fca579f5,False,Libyan_cells_dataset/cells.sqlite3,retained,Libyana,66979095604644,1554
sqlite:1151,radio-210703ef655329a9,False,Libyan_cells_dataset/cells.sqlite3,retained,Libyana,215806533178199,1555
sqlite:1238,radio-9f1c48c6aaaf4108,False,Libyan_cells_dataset/cells.sqlite3,retained,Libyana,280795785032958,1556
sqlite:1155,radio-4de495d4feea89d1,False,Libyan_cells_dataset/cells.sqlite3,retained,Libyana,268983038661588,1557
sqlite:1227,radio-7ef57830226ab685,False,Libyan_cells_dataset/cells.sqlite3,retained,Libyana,90896897655680,75
sqlite:1243,radio-ba8e818452c4579f,False,Libyan_cells_dataset/cells.sqlite3,retained,Libyana,140758508239722,682
collected:201,radio-24983db407f81b62,False,data/new_data/libya_collected_antennas/cellmapper/cellmapper_libya_antennas.csv,retained,Libyana,98148662736810,
collected:202,radio-24983db407f81b62,False,data/new_data/libya_collected_antennas/cellmapper/cellmapper_libya_antennas.csv,retained,Libyana,98148662736810,
collected:203,radio-24983db407f81b62,False,data/new_data/libya_collected_antennas/cellmapper/cellmapper_libya_antennas.csv,retained,Libyana,98148662736810,
collected:204,radio-24983db407f81b62,False,data/new_data/libya_collected_antennas/cellmapper/cellmapper_libya_antennas.csv,retained,Libyana,98148662736810,
collected:205,radio-24983db407f81b62,False,data/new_data/libya_collected_antennas/cellmapper/cellmapper_libya_antennas.csv,retained,Libyana,98148662736810,
collected:206,radio-24983db407f81b62,False,data/new_data/libya_collected_antennas/cellmapper/cellmapper_libya_antennas.csv,retained,Libyana,98148662736810,
sqlite:1170,radio-ca9dddc5fbaace4e,False,Libyan_cells_dataset/cells.sqlite3,retained,Libyana,168905104287911,1558
sqlite:1237,radio-ddd182624caa3afc,False,Libyan_cells_dataset/cells.sqlite3,retained,Libyana,117138333244474,77
sqlite:1188,radio-d22640d859dedac7,False,Libyan_cells_dataset/cells.sqlite3,retained,Libyana,97230035742839,1559
sqlite:1242,radio-f755a7cff60b68d4,False,Libyan_cells_dataset/cells.sqlite3,retained,Libyana,150097307272222,1560
sqlite:1239,radio-c036d229752a5cbe,False,Libyan_cells_dataset/cells.sqlite3,retained,Libyana,72022210100937,1561
sqlite:1236,radio-48b1473e4aac7ea5,False,Libyan_cells_dataset/cells.sqlite3,retained,Libyana,269279645028235,1562
collected:179,radio-c72cc8db29662904,False,data/new_data/libya_collected_antennas/cellmapper/cellmapper_libya_antennas.csv,retained,Libyana,34039837956317,
collected:180,radio-c72cc8db29662904,False,data/new_data/libya_collected_antennas/cellmapper/cellmapper_libya_antennas.csv,retained,Libyana,34039837956317,
collected:181,radio-c72cc8db29662904,False,data/new_data/libya_collected_antennas/cellmapper/cellmapper_libya_antennas.csv,retained,Libyana,34039837956317,
collected:229,radio-b4b71eec04486dc2,False,data/new_data/libya_collected_antennas/cellmapper/cellmapper_libya_antennas.csv,retained,Libyana,165371727560228,
collected:230,radio-b4b71eec04486dc2,False,data/new_data/libya_collected_antennas/cellmapper/cellmapper_libya_antennas.csv,retained,Libyana,165371727560228,
collected:231,radio-b4b71eec04486dc2,False,data/new_data/libya_collected_antennas/cellmapper/cellmapper_libya_antennas.csv,retained,Libyana,165371727560228,
collected:232,radio-b4b71eec04486dc2,False,data/new_data/libya_collected_antennas/cellmapper/cellmapper_libya_antennas.csv,retained,Libyana,165371727560228,
collected:198,radio-36539c3a1f36c465,False,data/new_data/libya_collected_antennas/cellmapper/cellmapper_libya_antennas.csv,retained,Libyana,151854763785247,
collected:199,radio-36539c3a1f36c465,False,data/new_data/libya_collected_antennas/cellmapper/cellmapper_libya_antennas.csv,retained,Libyana,151854763785247,
collected:200,radio-36539c3a1f36c465,False,data/new_data/libya_collected_antennas/cellmapper/cellmapper_libya_antennas.csv,retained,Libyana,151854763785247,
sqlite:1233,radio-9a27a5d69418a889,False,Libyan_cells_dataset/cells.sqlite3,retained,Libyana,133887187434589,1563
sqlite:1222,radio-c810e5480389b09e,False,Libyan_cells_dataset/cells.sqlite3,retained,Libyana,238837777208016,1564
sqlite:1223,radio-8769d4d4dc1bfdf6,False,Libyan_cells_dataset/cells.sqlite3,retained,Libyana,153180550552519,1565
sqlite:1231,radio-efbeb94e56f711cc,False,Libyan_cells_dataset/cells.sqlite3,retained,Libyana,51632144811680,1566
sqlite:1216,radio-bb63250604c43cab,False,Libyan_cells_dataset/cells.sqlite3,retained,Libyana,12551048994356,1567
sqlite:1209,radio-d1a4e636d3d6b5e0,False,Libyan_cells_dataset/cells.sqlite3,retained,Libyana,81151675511064,1568
sqlite:1210,radio-981bf60391202bb0,False,Libyan_cells_dataset/cells.sqlite3,retained,Libyana,101120770836431,1569
sqlite:1232,radio-33210e49579b2717,False,Libyan_cells_dataset/cells.sqlite3,retained,Libyana,152032492719400,1570
sqlite:1193,radio-981658ceb6426d45,False,Libyan_cells_dataset/cells.sqlite3,retained,Libyana,133413132572617,1571
sqlite:1224,radio-17afafaab6bba0ab,False,Libyan_cells_dataset/cells.sqlite3,retained,Libyana,29180408442839,1572
sqlite:1211,radio-e2019ea26a9a7ec0,False,Libyan_cells_dataset/cells.sqlite3,retained,Libyana,239808786036262,1573
sqlite:1217,radio-259473cc3e757e34,False,Libyan_cells_dataset/cells.sqlite3,retained,Libyana,125745205025454,1574
sqlite:1212,radio-0555faee2a9f32b0,False,Libyan_cells_dataset/cells.sqlite3,retained,Libyana,259945906286926,1575
sqlite:1225,radio-c64be7094b2c12ed,False,Libyan_cells_dataset/cells.sqlite3,retained,Libyana,223121378911103,1576
sqlite:1229,radio-513c4ee221b8d662,False,Libyan_cells_dataset/cells.sqlite3,retained,Libyana,61778805243055,1577
sqlite:1221,radio-ab326ab9073a53e5,False,Libyan_cells_dataset/cells.sqlite3,retained,Libyana,39554141232886,1578
sqlite:1213,radio-2e2026a7feaf9a5e,False,Libyan_cells_dataset/cells.sqlite3,retained,Libyana,40608779462217,1501
sqlite:1228,radio-f66f402cfb4d1ce1,False,Libyan_cells_dataset/cells.sqlite3,retained,Libyana,113700457532269,1579
sqlite:1230,radio-73ad0721b2da46d7,False,Libyan_cells_dataset/cells.sqlite3,retained,Libyana,133749769171962,1580
sqlite:1220,radio-280217852b3a8825,False,Libyan_cells_dataset/cells.sqlite3,retained,Libyana,129170678974442,1581
sqlite:1226,radio-571ef1adad285e5f,False,Libyan_cells_dataset/cells.sqlite3,retained,Libyana,5548335463022,1495
sqlite:1165,radio-faa141c419f25ad5,False,Libyan_cells_dataset/cells.sqlite3,retained,Libyana,177473395961846,1582
sqlite:742,radio-4a77ca52e58a9c10,False,Libyan_cells_dataset/cells.sqlite3,retained,Libyana,182387799037902,1583
sqlite:743,radio-58e846cd1e9d7218,False,Libyan_cells_dataset/cells.sqlite3,retained,Libyana,164960543711423,1584
sqlite:744,radio-05d79f6ea9a9025d,False,Libyan_cells_dataset/cells.sqlite3,retained,Libyana,66031542449661,1585
sqlite:745,radio-c6933290c89f6d0a,False,Libyan_cells_dataset/cells.sqlite3,retained,Libyana,176504866125821,1586
sqlite:1147,radio-db069321c3f2abde,False,Libyan_cells_dataset/cells.sqlite3,retained,Libyana,261514790726217,1587
collected:1357,radio-d704a3a9fac61f57,False,data/new_data/libya_collected_antennas/cellmapper/cellmapper_libya_antennas.csv,retained,Libyana,83358536083693,
collected:1358,radio-d704a3a9fac61f57,False,data/new_data/libya_collected_antennas/cellmapper/cellmapper_libya_antennas.csv,retained,Libyana,83358536083693,
collected:1359,radio-d704a3a9fac61f57,False,data/new_data/libya_collected_antennas/cellmapper/cellmapper_libya_antennas.csv,retained,Libyana,83358536083693,
collected:1360,radio-d704a3a9fac61f57,False,data/new_data/libya_collected_antennas/cellmapper/cellmapper_libya_antennas.csv,retained,Libyana,83358536083693,
collected:1361,radio-d704a3a9fac61f57,False,data/new_data/libya_collected_antennas/cellmapper/cellmapper_libya_antennas.csv,retained,Libyana,83358536083693,
collected:1362,radio-d704a3a9fac61f57,False,data/new_data/libya_collected_antennas/cellmapper/cellmapper_libya_antennas.csv,retained,Libyana,83358536083693,
collected:1363,radio-d704a3a9fac61f57,False,data/new_data/libya_collected_antennas/cellmapper/cellmapper_libya_antennas.csv,retained,Libyana,83358536083693,
collected:1415,radio-70ffe82bfb532bb9,False,data/new_data/libya_collected_antennas/cellmapper/cellmapper_libya_antennas.csv,retained,Libyana,149797067759614,
collected:1416,radio-70ffe82bfb532bb9,False,data/new_data/libya_collected_antennas/cellmapper/cellmapper_libya_antennas.csv,retained,Libyana,149797067759614,
collected:1417,radio-70ffe82bfb532bb9,False,data/new_data/libya_collected_antennas/cellmapper/cellmapper_libya_antennas.csv,retained,Libyana,149797067759614,
collected:1418,radio-70ffe82bfb532bb9,False,data/new_data/libya_collected_antennas/cellmapper/cellmapper_libya_antennas.csv,retained,Libyana,149797067759614,
collected:1419,radio-70ffe82bfb532bb9,False,data/new_data/libya_collected_antennas/cellmapper/cellmapper_libya_antennas.csv,retained,Libyana,149797067759614,
sqlite:1174,radio-70ffe82bfb532bb9,False,Libyan_cells_dataset/cells.sqlite3,retained,Libyana,149797067759614,1588
collected:1733,radio-66110230dd98dd5b,False,data/new_data/libya_collected_antennas/cellmapper/cellmapper_libya_antennas.csv,retained,Libyana,82014475941870,
collected:1734,radio-66110230dd98dd5b,False,data/new_data/libya_collected_antennas/cellmapper/cellmapper_libya_antennas.csv,retained,Libyana,82014475941870,
collected:1735,radio-66110230dd98dd5b,False,data/new_data/libya_collected_antennas/cellmapper/cellmapper_libya_antennas.csv,retained,Libyana,82014475941870,
collected:1736,radio-66110230dd98dd5b,False,data/new_data/libya_collected_antennas/cellmapper/cellmapper_libya_antennas.csv,retained,Libyana,82014475941870,
collected:1755,radio-892b408b95a3d63a,False,data/new_data/libya_collected_antennas/cellmapper/cellmapper_libya_antennas.csv,retained,Libyana,49003286426926,
collected:1756,radio-892b408b95a3d63a,False,data/new_data/libya_collected_antennas/cellmapper/cellmapper_libya_antennas.csv,retained,Libyana,49003286426926,
collected:1757,radio-892b408b95a3d63a,False,data/new_data/libya_collected_antennas/cellmapper/cellmapper_libya_antennas.csv,retained,Libyana,49003286426926,
collected:1758,radio-892b408b95a3d63a,False,data/new_data/libya_collected_antennas/cellmapper/cellmapper_libya_antennas.csv,retained,Libyana,49003286426926,
collected:1759,radio-892b408b95a3d63a,False,data/new_data/libya_collected_antennas/cellmapper/cellmapper_libya_antennas.csv,retained,Libyana,49003286426926,
collected:524,radio-0300e95e835f73dd,False,data/new_data/libya_collected_antennas/cellmapper/cellmapper_libya_antennas.csv,retained,Libyana,213357765012422,
collected:525,radio-0300e95e835f73dd,False,data/new_data/libya_collected_antennas/cellmapper/cellmapper_libya_antennas.csv,retained,Libyana,213357765012422,
collected:526,radio-0300e95e835f73dd,False,data/new_data/libya_collected_antennas/cellmapper/cellmapper_libya_antennas.csv,retained,Libyana,213357765012422,
collected:401,radio-6902514d86363fa6,False,data/new_data/libya_collected_antennas/cellmapper/cellmapper_libya_antennas.csv,retained,Libyana,229669358410401,
collected:402,radio-6902514d86363fa6,False,data/new_data/libya_collected_antennas/cellmapper/cellmapper_libya_antennas.csv,retained,Libyana,229669358410401,
collected:403,radio-6902514d86363fa6,False,data/new_data/libya_collected_antennas/cellmapper/cellmapper_libya_antennas.csv,retained,Libyana,229669358410401,
collected:2043,radio-730931df1038fcd0,False,data/new_data/libya_collected_antennas/cellmapper/cellmapper_libya_antennas.csv,retained,Libyana,154873705013961,
sqlite:1154,radio-730931df1038fcd0,False,Libyan_cells_dataset/cells.sqlite3,retained,Libyana,154873705013961,1589
collected:2046,radio-7186487097e6e92b,False,data/new_data/libya_collected_antennas/cellmapper/cellmapper_libya_antennas.csv,retained,Libyana,169943932143637,
collected:2047,radio-7186487097e6e92b,False,data/new_data/libya_collected_antennas/cellmapper/cellmapper_libya_antennas.csv,retained,Libyana,169943932143637,
sqlite:1258,radio-7186487097e6e92b,False,Libyan_cells_dataset/cells.sqlite3,retained,Libyana,169943932143637,1590
collected:2048,radio-010b50a78a66c4b6,False,data/new_data/libya_collected_antennas/cellmapper/cellmapper_libya_antennas.csv,retained,Libyana,119488254450592,
sqlite:1160,radio-010b50a78a66c4b6,False,Libyan_cells_dataset/cells.sqlite3,retained,Libyana,119488254450592,1591
collected:2084,radio-02f1adcd45514b56,False,data/new_data/libya_collected_antennas/cellmapper/cellmapper_libya_antennas.csv,retained,Libyana,250245023856874,
collected:2085,radio-02f1adcd45514b56,False,data/new_data/libya_collected_antennas/cellmapper/cellmapper_libya_antennas.csv,retained,Libyana,250245023856874,
collected:2086,radio-02f1adcd45514b56,False,data/new_data/libya_collected_antennas/cellmapper/cellmapper_libya_antennas.csv,retained,Libyana,250245023856874,
collected:2087,radio-02f1adcd45514b56,False,data/new_data/libya_collected_antennas/cellmapper/cellmapper_libya_antennas.csv,retained,Libyana,250245023856874,
collected:2088,radio-02f1adcd45514b56,False,data/new_data/libya_collected_antennas/cellmapper/cellmapper_libya_antennas.csv,retained,Libyana,250245023856874,
collected:2089,radio-332492101a8d7cc7,False,data/new_data/libya_collected_antennas/cellmapper/cellmapper_libya_antennas.csv,retained,Libyana,82118506341804,
sqlite:1246,radio-d1b006609c986fa4,False,Libyan_cells_dataset/cells.sqlite3,retained,Libyana,64692173148460,1592
collected:382,radio-f7145b5fd270359d,False,data/new_data/libya_collected_antennas/cellmapper/cellmapper_libya_antennas.csv,retained,Libyana,231725183352361,
collected:383,radio-f7145b5fd270359d,False,data/new_data/libya_collected_antennas/cellmapper/cellmapper_libya_antennas.csv,retained,Libyana,231725183352361,
collected:384,radio-f7145b5fd270359d,False,data/new_data/libya_collected_antennas/cellmapper/cellmapper_libya_antennas.csv,retained,Libyana,231725183352361,
collected:385,radio-f7145b5fd270359d,False,data/new_data/libya_collected_antennas/cellmapper/cellmapper_libya_antennas.csv,retained,Libyana,231725183352361,
collected:386,radio-f7145b5fd270359d,False,data/new_data/libya_collected_antennas/cellmapper/cellmapper_libya_antennas.csv,retained,Libyana,231725183352361,
collected:387,radio-f7145b5fd270359d,False,data/new_data/libya_collected_antennas/cellmapper/cellmapper_libya_antennas.csv,retained,Libyana,231725183352361,
collected:388,radio-f7145b5fd270359d,False,data/new_data/libya_collected_antennas/cellmapper/cellmapper_libya_antennas.csv,retained,Libyana,231725183352361,
collected:389,radio-f7145b5fd270359d,False,data/new_data/libya_collected_antennas/cellmapper/cellmapper_libya_antennas.csv,retained,Libyana,231725183352361,
collected:390,radio-f7145b5fd270359d,False,data/new_data/libya_collected_antennas/cellmapper/cellmapper_libya_antennas.csv,retained,Libyana,231725183352361,
collected:391,radio-f7145b5fd270359d,False,data/new_data/libya_collected_antennas/cellmapper/cellmapper_libya_antennas.csv,retained,Libyana,231725183352361,
collected:392,radio-f7145b5fd270359d,False,data/new_data/libya_collected_antennas/cellmapper/cellmapper_libya_antennas.csv,retained,Libyana,231725183352361,
collected:393,radio-f7145b5fd270359d,False,data/new_data/libya_collected_antennas/cellmapper/cellmapper_libya_antennas.csv,retained,Libyana,231725183352361,
collected:2209,radio-ef93a579fc0b9e83,False,data/new_data/libya_collected_antennas/cellmapper/cellmapper_libya_antennas.csv,retained,Libyana,63045305086205,
collected:2210,radio-ef93a579fc0b9e83,False,data/new_data/libya_collected_antennas/cellmapper/cellmapper_libya_antennas.csv,retained,Libyana,63045305086205,
collected:2211,radio-ef93a579fc0b9e83,False,data/new_data/libya_collected_antennas/cellmapper/cellmapper_libya_antennas.csv,retained,Libyana,63045305086205,
sqlite:1259,radio-ef93a579fc0b9e83,False,Libyan_cells_dataset/cells.sqlite3,retained,Libyana,63045305086205,1593
sqlite:1245,radio-13ed55687415a7da,False,Libyan_cells_dataset/cells.sqlite3,retained,Libyana,155497384210316,1594
collected:2225,radio-13ed55687415a7da,False,data/new_data/libya_collected_antennas/cellmapper/cellmapper_libya_antennas.csv,retained,Libyana,155497384210316,
collected:2226,radio-13ed55687415a7da,False,data/new_data/libya_collected_antennas/cellmapper/cellmapper_libya_antennas.csv,retained,Libyana,155497384210316,
collected:2227,radio-13ed55687415a7da,False,data/new_data/libya_collected_antennas/cellmapper/cellmapper_libya_antennas.csv,retained,Libyana,155497384210316,
collected:2228,radio-13ed55687415a7da,False,data/new_data/libya_collected_antennas/cellmapper/cellmapper_libya_antennas.csv,retained,Libyana,155497384210316,
collected:2229,radio-13ed55687415a7da,False,data/new_data/libya_collected_antennas/cellmapper/cellmapper_libya_antennas.csv,retained,Libyana,155497384210316,
collected:2230,radio-13ed55687415a7da,False,data/new_data/libya_collected_antennas/cellmapper/cellmapper_libya_antennas.csv,retained,Libyana,155497384210316,
collected:2231,radio-13ed55687415a7da,False,data/new_data/libya_collected_antennas/cellmapper/cellmapper_libya_antennas.csv,retained,Libyana,155497384210316,
collected:2232,radio-13ed55687415a7da,False,data/new_data/libya_collected_antennas/cellmapper/cellmapper_libya_antennas.csv,retained,Libyana,155497384210316,
collected:2233,radio-13ed55687415a7da,False,data/new_data/libya_collected_antennas/cellmapper/cellmapper_libya_antennas.csv,retained,Libyana,155497384210316,
collected:2234,radio-13ed55687415a7da,False,data/new_data/libya_collected_antennas/cellmapper/cellmapper_libya_antennas.csv,retained,Libyana,155497384210316,
collected:2316,radio-a05f381a932f4d6a,False,data/new_data/libya_collected_antennas/cellmapper/cellmapper_libya_antennas.csv,retained,Libyana,83218661098283,
collected:2317,radio-a05f381a932f4d6a,False,data/new_data/libya_collected_antennas/cellmapper/cellmapper_libya_antennas.csv,retained,Libyana,83218661098283,
collected:2318,radio-a05f381a932f4d6a,False,data/new_data/libya_collected_antennas/cellmapper/cellmapper_libya_antennas.csv,retained,Libyana,83218661098283,
collected:2319,radio-a05f381a932f4d6a,False,data/new_data/libya_collected_antennas/cellmapper/cellmapper_libya_antennas.csv,retained,Libyana,83218661098283,
collected:2320,radio-a05f381a932f4d6a,False,data/new_data/libya_collected_antennas/cellmapper/cellmapper_libya_antennas.csv,retained,Libyana,83218661098283,
sqlite:1241,radio-a05f381a932f4d6a,False,Libyan_cells_dataset/cells.sqlite3,retained,Libyana,83218661098283,1595
collected:2344,radio-676f7e23fef8e35a,False,data/new_data/libya_collected_antennas/cellmapper/cellmapper_libya_antennas.csv,retained,Libyana,88617915672584,
collected:2345,radio-676f7e23fef8e35a,False,data/new_data/libya_collected_antennas/cellmapper/cellmapper_libya_antennas.csv,retained,Libyana,88617915672584,
collected:2346,radio-676f7e23fef8e35a,False,data/new_data/libya_collected_antennas/cellmapper/cellmapper_libya_antennas.csv,retained,Libyana,88617915672584,
collected:2347,radio-676f7e23fef8e35a,False,data/new_data/libya_collected_antennas/cellmapper/cellmapper_libya_antennas.csv,retained,Libyana,88617915672584,
sqlite:789,radio-676f7e23fef8e35a,False,Libyan_cells_dataset/cells.sqlite3,retained,Libyana,88617915672584,1596
collected:2348,radio-a0a796cd1a8f4add,False,data/new_data/libya_collected_antennas/cellmapper/cellmapper_libya_antennas.csv,retained,Libyana,279473777518506,
collected:2349,radio-a0a796cd1a8f4add,False,data/new_data/libya_collected_antennas/cellmapper/cellmapper_libya_antennas.csv,retained,Libyana,279473777518506,
collected:2350,radio-a0a796cd1a8f4add,False,data/new_data/libya_collected_antennas/cellmapper/cellmapper_libya_antennas.csv,retained,Libyana,279473777518506,
sqlite:1190,radio-e39590891e9e60eb,False,Libyan_cells_dataset/cells.sqlite3,retained,Libyana,60137269291097,1597
collected:2375,radio-064bf79f2ccf6412,False,data/new_data/libya_collected_antennas/cellmapper/cellmapper_libya_antennas.csv,retained,Libyana,249992562201084,
collected:2376,radio-064bf79f2ccf6412,False,data/new_data/libya_collected_antennas/cellmapper/cellmapper_libya_antennas.csv,retained,Libyana,249992562201084,
collected:2377,radio-064bf79f2ccf6412,False,data/new_data/libya_collected_antennas/cellmapper/cellmapper_libya_antennas.csv,retained,Libyana,249992562201084,
collected:2378,radio-064bf79f2ccf6412,False,data/new_data/libya_collected_antennas/cellmapper/cellmapper_libya_antennas.csv,retained,Libyana,249992562201084,
collected:2379,radio-064bf79f2ccf6412,False,data/new_data/libya_collected_antennas/cellmapper/cellmapper_libya_antennas.csv,retained,Libyana,249992562201084,
collected:2380,radio-064bf79f2ccf6412,False,data/new_data/libya_collected_antennas/cellmapper/cellmapper_libya_antennas.csv,retained,Libyana,249992562201084,
collected:2454,radio-869f534e22594e6f,False,data/new_data/libya_collected_antennas/cellmapper/cellmapper_libya_antennas.csv,retained,Libyana,253889094035698,
collected:2455,radio-869f534e22594e6f,False,data/new_data/libya_collected_antennas/cellmapper/cellmapper_libya_antennas.csv,retained,Libyana,253889094035698,
collected:2456,radio-869f534e22594e6f,False,data/new_data/libya_collected_antennas/cellmapper/cellmapper_libya_antennas.csv,retained,Libyana,253889094035698,
collected:2457,radio-869f534e22594e6f,False,data/new_data/libya_collected_antennas/cellmapper/cellmapper_libya_antennas.csv,retained,Libyana,253889094035698,
collected:2458,radio-869f534e22594e6f,False,data/new_data/libya_collected_antennas/cellmapper/cellmapper_libya_antennas.csv,retained,Libyana,253889094035698,
collected:394,radio-f9521cea9bc0aa27,False,data/new_data/libya_collected_antennas/cellmapper/cellmapper_libya_antennas.csv,retained,Libyana,2785293792382,
collected:395,radio-f9521cea9bc0aa27,False,data/new_data/libya_collected_antennas/cellmapper/cellmapper_libya_antennas.csv,retained,Libyana,2785293792382,
collected:396,radio-f9521cea9bc0aa27,False,data/new_data/libya_collected_antennas/cellmapper/cellmapper_libya_antennas.csv,retained,Libyana,2785293792382,
collected:397,radio-f9521cea9bc0aa27,False,data/new_data/libya_collected_antennas/cellmapper/cellmapper_libya_antennas.csv,retained,Libyana,2785293792382,
collected:398,radio-f9521cea9bc0aa27,False,data/new_data/libya_collected_antennas/cellmapper/cellmapper_libya_antennas.csv,retained,Libyana,2785293792382,
collected:376,radio-cbcef04fcb626103,False,data/new_data/libya_collected_antennas/cellmapper/cellmapper_libya_antennas.csv,retained,Libyana,24515311008828,
collected:377,radio-cbcef04fcb626103,False,data/new_data/libya_collected_antennas/cellmapper/cellmapper_libya_antennas.csv,retained,Libyana,24515311008828,
collected:378,radio-cbcef04fcb626103,False,data/new_data/libya_collected_antennas/cellmapper/cellmapper_libya_antennas.csv,retained,Libyana,24515311008828,
sqlite:1185,radio-5a4ded80a1c141a5,False,Libyan_cells_dataset/cells.sqlite3,retained,Libyana,163605632632257,1599
sqlite:1247,radio-626943b140f14e23,False,Libyan_cells_dataset/cells.sqlite3,retained,Libyana,171407660511936,313
collected:399,radio-626943b140f14e23,False,data/new_data/libya_collected_antennas/cellmapper/cellmapper_libya_antennas.csv,retained,Libyana,171407660511936,
collected:400,radio-626943b140f14e23,False,data/new_data/libya_collected_antennas/cellmapper/cellmapper_libya_antennas.csv,retained,Libyana,171407660511936,
sqlite:1198,radio-55bf36d6e219f23c,False,Libyan_cells_dataset/cells.sqlite3,retained,Libyana,52908273507292,1600
sqlite:1199,radio-1ca4875b2d28d3f0,False,Libyan_cells_dataset/cells.sqlite3,retained,Libyana,160598612895031,1601
sqlite:1200,radio-65b9d684b1123401,False,Libyan_cells_dataset/cells.sqlite3,retained,Libyana,171132879097202,1602
collected:280,radio-6ddb950f61b393a6,False,data/new_data/libya_collected_antennas/cellmapper/cellmapper_libya_antennas.csv,retained,Libyana,266802006211118,
collected:281,radio-6ddb950f61b393a6,False,data/new_data/libya_collected_antennas/cellmapper/cellmapper_libya_antennas.csv,retained,Libyana,266802006211118,
collected:282,radio-6ddb950f61b393a6,False,data/new_data/libya_collected_antennas/cellmapper/cellmapper_libya_antennas.csv,retained,Libyana,266802006211118,
collected:283,radio-6ddb950f61b393a6,False,data/new_data/libya_collected_antennas/cellmapper/cellmapper_libya_antennas.csv,retained,Libyana,266802006211118,
sqlite:1249,radio-6ddb950f61b393a6,False,Libyan_cells_dataset/cells.sqlite3,retained,Libyana,266802006211118,1603
sqlite:1201,radio-08fff2b0f330cbed,False,Libyan_cells_dataset/cells.sqlite3,retained,Libyana,74790772945372,1604
sqlite:1251,radio-38e380f30bf8f1d6,False,Libyan_cells_dataset/cells.sqlite3,retained,Libyana,153271494869468,1605
sqlite:1252,radio-4d87e23d0c0d431b,False,Libyan_cells_dataset/cells.sqlite3,retained,Libyana,143898274815660,1606
collected:293,radio-4d87e23d0c0d431b,False,data/new_data/libya_collected_antennas/cellmapper/cellmapper_libya_antennas.csv,retained,Libyana,143898274815660,
collected:294,radio-4d87e23d0c0d431b,False,data/new_data/libya_collected_antennas/cellmapper/cellmapper_libya_antennas.csv,retained,Libyana,143898274815660,
collected:295,radio-4d87e23d0c0d431b,False,data/new_data/libya_collected_antennas/cellmapper/cellmapper_libya_antennas.csv,retained,Libyana,143898274815660,
collected:296,radio-4d87e23d0c0d431b,False,data/new_data/libya_collected_antennas/cellmapper/cellmapper_libya_antennas.csv,retained,Libyana,143898274815660,
collected:297,radio-4d87e23d0c0d431b,False,data/new_data/libya_collected_antennas/cellmapper/cellmapper_libya_antennas.csv,retained,Libyana,143898274815660,
collected:284,radio-e8ac4d7b5ab86753,False,data/new_data/libya_collected_antennas/cellmapper/cellmapper_libya_antennas.csv,retained,Libyana,255753541254842,
collected:285,radio-e8ac4d7b5ab86753,False,data/new_data/libya_collected_antennas/cellmapper/cellmapper_libya_antennas.csv,retained,Libyana,255753541254842,
collected:286,radio-e8ac4d7b5ab86753,False,data/new_data/libya_collected_antennas/cellmapper/cellmapper_libya_antennas.csv,retained,Libyana,255753541254842,
collected:287,radio-e8ac4d7b5ab86753,False,data/new_data/libya_collected_antennas/cellmapper/cellmapper_libya_antennas.csv,retained,Libyana,255753541254842,
collected:288,radio-e8ac4d7b5ab86753,False,data/new_data/libya_collected_antennas/cellmapper/cellmapper_libya_antennas.csv,retained,Libyana,255753541254842,
sqlite:1253,radio-e8ac4d7b5ab86753,False,Libyan_cells_dataset/cells.sqlite3,retained,Libyana,255753541254842,1607
collected:273,radio-2bf24eef60512ff9,False,data/new_data/libya_collected_antennas/cellmapper/cellmapper_libya_antennas.csv,retained,Libyana,119396061970583,
collected:274,radio-2bf24eef60512ff9,False,data/new_data/libya_collected_antennas/cellmapper/cellmapper_libya_antennas.csv,retained,Libyana,119396061970583,
collected:275,radio-2bf24eef60512ff9,False,data/new_data/libya_collected_antennas/cellmapper/cellmapper_libya_antennas.csv,retained,Libyana,119396061970583,
collected:276,radio-2bf24eef60512ff9,False,data/new_data/libya_collected_antennas/cellmapper/cellmapper_libya_antennas.csv,retained,Libyana,119396061970583,
collected:277,radio-2bf24eef60512ff9,False,data/new_data/libya_collected_antennas/cellmapper/cellmapper_libya_antennas.csv,retained,Libyana,119396061970583,
collected:278,radio-2bf24eef60512ff9,False,data/new_data/libya_collected_antennas/cellmapper/cellmapper_libya_antennas.csv,retained,Libyana,119396061970583,
collected:279,radio-2bf24eef60512ff9,False,data/new_data/libya_collected_antennas/cellmapper/cellmapper_libya_antennas.csv,retained,Libyana,119396061970583,
sqlite:1250,radio-2bf24eef60512ff9,False,Libyan_cells_dataset/cells.sqlite3,retained,Libyana,119396061970583,1608
sqlite:1254,radio-78d74dbed9161bc7,False,Libyan_cells_dataset/cells.sqlite3,retained,Libyana,70478678591934,1609
collected:301,radio-78d74dbed9161bc7,False,data/new_data/libya_collected_antennas/cellmapper/cellmapper_libya_antennas.csv,retained,Libyana,70478678591934,
sqlite:1255,radio-0fd2048a7c5d5a6f,False,Libyan_cells_dataset/cells.sqlite3,retained,Libyana,178591534277642,1610
sqlite:1203,radio-c87fc700c3c903ee,False,Libyan_cells_dataset/cells.sqlite3,retained,Libyana,257437130220883,1611
sqlite:1204,radio-e1f1dc4216624431,False,Libyan_cells_dataset/cells.sqlite3,retained,Libyana,247908661568070,1612
collected:298,radio-e1f1dc4216624431,False,data/new_data/libya_collected_antennas/cellmapper/cellmapper_libya_antennas.csv,retained,Libyana,247908661568070,
collected:299,radio-e1f1dc4216624431,False,data/new_data/libya_collected_antennas/cellmapper/cellmapper_libya_antennas.csv,retained,Libyana,247908661568070,
collected:300,radio-e1f1dc4216624431,False,data/new_data/libya_collected_antennas/cellmapper/cellmapper_libya_antennas.csv,retained,Libyana,247908661568070,
sqlite:1205,radio-a15e01cd1b0bb555,False,Libyan_cells_dataset/cells.sqlite3,retained,Libyana,4788913829403,1613
sqlite:1206,radio-57852e5c00e5b07e,False,Libyan_cells_dataset/cells.sqlite3,retained,Libyana,155913370714911,1614
sqlite:1202,radio-9f899cb2b8e56b2b,False,Libyan_cells_dataset/cells.sqlite3,retained,Libyana,213400438113256,1615
sqlite:1248,radio-32f0771caae1cd3e,False,Libyan_cells_dataset/cells.sqlite3,retained,Libyana,106217045448282,1616
sqlite:1207,radio-debdf6194999bf91,False,Libyan_cells_dataset/cells.sqlite3,retained,Libyana,140145431933534,1617
sqlite:1208,radio-392d9d2cd6b296a3,False,Libyan_cells_dataset/cells.sqlite3,retained,Libyana,4788913829403,1613
sqlite:1256,radio-1a1ab8b692d479fb,False,Libyan_cells_dataset/cells.sqlite3,retained,Libyana,20200573699242,1618
collected:289,radio-1a1ab8b692d479fb,False,data/new_data/libya_collected_antennas/cellmapper/cellmapper_libya_antennas.csv,retained,Libyana,20200573699242,
collected:290,radio-1a1ab8b692d479fb,False,data/new_data/libya_collected_antennas/cellmapper/cellmapper_libya_antennas.csv,retained,Libyana,20200573699242,
collected:291,radio-1a1ab8b692d479fb,False,data/new_data/libya_collected_antennas/cellmapper/cellmapper_libya_antennas.csv,retained,Libyana,20200573699242,
collected:292,radio-1a1ab8b692d479fb,False,data/new_data/libya_collected_antennas/cellmapper/cellmapper_libya_antennas.csv,retained,Libyana,20200573699242,
sqlite:1260,radio-472a73e366eaa716,False,Libyan_cells_dataset/cells.sqlite3,retained,Libyana,276595735104644,78
collected:375,radio-472a73e366eaa716,False,data/new_data/libya_collected_antennas/cellmapper/cellmapper_libya_antennas.csv,retained,Libyana,276595735104644,
collected:316,radio-728b01e36484e229,False,data/new_data/libya_collected_antennas/cellmapper/cellmapper_libya_antennas.csv,retained,Libyana,83540140211740,
collected:317,radio-728b01e36484e229,False,data/new_data/libya_collected_antennas/cellmapper/cellmapper_libya_antennas.csv,retained,Libyana,83540140211740,
collected:318,radio-728b01e36484e229,False,data/new_data/libya_collected_antennas/cellmapper/cellmapper_libya_antennas.csv,retained,Libyana,83540140211740,
collected:319,radio-728b01e36484e229,False,data/new_data/libya_collected_antennas/cellmapper/cellmapper_libya_antennas.csv,retained,Libyana,83540140211740,
collected:320,radio-728b01e36484e229,False,data/new_data/libya_collected_antennas/cellmapper/cellmapper_libya_antennas.csv,retained,Libyana,83540140211740,
collected:321,radio-728b01e36484e229,False,data/new_data/libya_collected_antennas/cellmapper/cellmapper_libya_antennas.csv,retained,Libyana,83540140211740,
collected:322,radio-728b01e36484e229,False,data/new_data/libya_collected_antennas/cellmapper/cellmapper_libya_antennas.csv,retained,Libyana,83540140211740,
collected:323,radio-728b01e36484e229,False,data/new_data/libya_collected_antennas/cellmapper/cellmapper_libya_antennas.csv,retained,Libyana,83540140211740,
collected:324,radio-728b01e36484e229,False,data/new_data/libya_collected_antennas/cellmapper/cellmapper_libya_antennas.csv,retained,Libyana,83540140211740,
sqlite:847,radio-2d5398e49ae7f15f,False,Libyan_cells_dataset/cells.sqlite3,retained,Libyana,89904331883954,1619
collected:311,radio-13478559774b7b4c,False,data/new_data/libya_collected_antennas/cellmapper/cellmapper_libya_antennas.csv,retained,Libyana,163727121599086,
sqlite:1196,radio-13478559774b7b4c,False,Libyan_cells_dataset/cells.sqlite3,retained,Libyana,163727121599086,1620
sqlite:1265,radio-c06ed0c06e80b5cc,False,Libyan_cells_dataset/cells.sqlite3,retained,Libyana,160008198230611,1621
collected:327,radio-c06ed0c06e80b5cc,False,data/new_data/libya_collected_antennas/cellmapper/cellmapper_libya_antennas.csv,retained,Libyana,160008198230611,
collected:328,radio-c06ed0c06e80b5cc,False,data/new_data/libya_collected_antennas/cellmapper/cellmapper_libya_antennas.csv,retained,Libyana,160008198230611,
collected:329,radio-c06ed0c06e80b5cc,False,data/new_data/libya_collected_antennas/cellmapper/cellmapper_libya_antennas.csv,retained,Libyana,160008198230611,
collected:330,radio-c06ed0c06e80b5cc,False,data/new_data/libya_collected_antennas/cellmapper/cellmapper_libya_antennas.csv,retained,Libyana,160008198230611,
sqlite:848,radio-5dfb3e6da097628b,False,Libyan_cells_dataset/cells.sqlite3,retained,Libyana,53695278612846,1622
collected:341,radio-5dfb3e6da097628b,False,data/new_data/libya_collected_antennas/cellmapper/cellmapper_libya_antennas.csv,retained,Libyana,53695278612846,
collected:342,radio-5dfb3e6da097628b,False,data/new_data/libya_collected_antennas/cellmapper/cellmapper_libya_antennas.csv,retained,Libyana,53695278612846,
collected:343,radio-5dfb3e6da097628b,False,data/new_data/libya_collected_antennas/cellmapper/cellmapper_libya_antennas.csv,retained,Libyana,53695278612846,
collected:344,radio-5dfb3e6da097628b,False,data/new_data/libya_collected_antennas/cellmapper/cellmapper_libya_antennas.csv,retained,Libyana,53695278612846,
collected:345,radio-5dfb3e6da097628b,False,data/new_data/libya_collected_antennas/cellmapper/cellmapper_libya_antennas.csv,retained,Libyana,53695278612846,
collected:346,radio-5dfb3e6da097628b,False,data/new_data/libya_collected_antennas/cellmapper/cellmapper_libya_antennas.csv,retained,Libyana,53695278612846,
collected:347,radio-5dfb3e6da097628b,False,data/new_data/libya_collected_antennas/cellmapper/cellmapper_libya_antennas.csv,retained,Libyana,53695278612846,
sqlite:1261,radio-a08ebd261ff1d6b2,False,Libyan_cells_dataset/cells.sqlite3,retained,Libyana,42861168831381,1623
collected:312,radio-a08ebd261ff1d6b2,False,data/new_data/libya_collected_antennas/cellmapper/cellmapper_libya_antennas.csv,retained,Libyana,42861168831381,
collected:313,radio-a08ebd261ff1d6b2,False,data/new_data/libya_collected_antennas/cellmapper/cellmapper_libya_antennas.csv,retained,Libyana,42861168831381,
collected:2506,radio-c5fe9239a5f1e9f9,False,data/new_data/libya_collected_antennas/cellmapper/cellmapper_libya_antennas.csv,retained,Libyana,161816278414554,
sqlite:1262,radio-c5fe9239a5f1e9f9,False,Libyan_cells_dataset/cells.sqlite3,retained,Libyana,161816278414554,1624
collected:348,radio-102747d9795c9523,False,data/new_data/libya_collected_antennas/cellmapper/cellmapper_libya_antennas.csv,retained,Libyana,193427747171408,
collected:349,radio-102747d9795c9523,False,data/new_data/libya_collected_antennas/cellmapper/cellmapper_libya_antennas.csv,retained,Libyana,193427747171408,
sqlite:1197,radio-04297e627e1aefdb,False,Libyan_cells_dataset/cells.sqlite3,retained,Libyana,110791972070246,1625
collected:337,radio-04297e627e1aefdb,False,data/new_data/libya_collected_antennas/cellmapper/cellmapper_libya_antennas.csv,retained,Libyana,110791972070246,
sqlite:1271,radio-2c2875040c60fc67,False,Libyan_cells_dataset/cells.sqlite3,retained,Libyana,9762508505361,707
collected:112,radio-2c2875040c60fc67,False,data/new_data/libya_collected_antennas/cellmapper/cellmapper_libya_antennas.csv,retained,Libyana,9762508505361,
collected:310,radio-4ea0bdd1dff906c5,False,data/new_data/libya_collected_antennas/cellmapper/cellmapper_libya_antennas.csv,retained,Libyana,61031186545966,
collected:2514,radio-608e5f67c6d67ce1,False,data/new_data/libya_collected_antennas/cellmapper/cellmapper_libya_antennas.csv,retained,Libyana,107987244585423,
collected:2515,radio-608e5f67c6d67ce1,False,data/new_data/libya_collected_antennas/cellmapper/cellmapper_libya_antennas.csv,retained,Libyana,107987244585423,
sqlite:1268,radio-403a4bf84593d6e1,False,Libyan_cells_dataset/cells.sqlite3,retained,Libyana,221798455403144,1626
collected:331,radio-403a4bf84593d6e1,False,data/new_data/libya_collected_antennas/cellmapper/cellmapper_libya_antennas.csv,retained,Libyana,221798455403144,
collected:332,radio-403a4bf84593d6e1,False,data/new_data/libya_collected_antennas/cellmapper/cellmapper_libya_antennas.csv,retained,Libyana,221798455403144,
collected:2520,radio-6ea8b8b5b7a97733,False,data/new_data/libya_collected_antennas/cellmapper/cellmapper_libya_antennas.csv,retained,Libyana,83540140211740,
collected:314,radio-515fc2696d5de050,False,data/new_data/libya_collected_antennas/cellmapper/cellmapper_libya_antennas.csv,retained,Libyana,19702075681669,
collected:315,radio-515fc2696d5de050,False,data/new_data/libya_collected_antennas/cellmapper/cellmapper_libya_antennas.csv,retained,Libyana,19702075681669,
sqlite:1264,radio-515fc2696d5de050,False,Libyan_cells_dataset/cells.sqlite3,retained,Libyana,19702075681669,1627
sqlite:1267,radio-8256a135182eb06d,False,Libyan_cells_dataset/cells.sqlite3,retained,Libyana,226380209454581,1628
collected:2523,radio-8256a135182eb06d,False,data/new_data/libya_collected_antennas/cellmapper/cellmapper_libya_antennas.csv,retained,Libyana,226380209454581,
collected:2524,radio-8256a135182eb06d,False,data/new_data/libya_collected_antennas/cellmapper/cellmapper_libya_antennas.csv,retained,Libyana,226380209454581,
collected:2525,radio-8256a135182eb06d,False,data/new_data/libya_collected_antennas/cellmapper/cellmapper_libya_antennas.csv,retained,Libyana,226380209454581,
collected:2526,radio-8256a135182eb06d,False,data/new_data/libya_collected_antennas/cellmapper/cellmapper_libya_antennas.csv,retained,Libyana,226380209454581,
collected:2527,radio-8256a135182eb06d,False,data/new_data/libya_collected_antennas/cellmapper/cellmapper_libya_antennas.csv,retained,Libyana,226380209454581,
sqlite:1266,radio-4dfebef4152d4366,False,Libyan_cells_dataset/cells.sqlite3,retained,Libyana,108046762460099,1629
collected:365,radio-4dfebef4152d4366,False,data/new_data/libya_collected_antennas/cellmapper/cellmapper_libya_antennas.csv,retained,Libyana,108046762460099,
collected:366,radio-4dfebef4152d4366,False,data/new_data/libya_collected_antennas/cellmapper/cellmapper_libya_antennas.csv,retained,Libyana,108046762460099,
collected:367,radio-4dfebef4152d4366,False,data/new_data/libya_collected_antennas/cellmapper/cellmapper_libya_antennas.csv,retained,Libyana,108046762460099,
collected:368,radio-4dfebef4152d4366,False,data/new_data/libya_collected_antennas/cellmapper/cellmapper_libya_antennas.csv,retained,Libyana,108046762460099,
sqlite:1263,radio-5a129664359dcecb,False,Libyan_cells_dataset/cells.sqlite3,retained,Libyana,16272053303378,1630
collected:362,radio-5a129664359dcecb,False,data/new_data/libya_collected_antennas/cellmapper/cellmapper_libya_antennas.csv,retained,Libyana,16272053303378,
collected:363,radio-5a129664359dcecb,False,data/new_data/libya_collected_antennas/cellmapper/cellmapper_libya_antennas.csv,retained,Libyana,16272053303378,
collected:364,radio-5a129664359dcecb,False,data/new_data/libya_collected_antennas/cellmapper/cellmapper_libya_antennas.csv,retained,Libyana,16272053303378,
sqlite:1270,radio-730fd52be741edd3,False,Libyan_cells_dataset/cells.sqlite3,retained,Libyana,54153714268459,1631
collected:356,radio-730fd52be741edd3,False,data/new_data/libya_collected_antennas/cellmapper/cellmapper_libya_antennas.csv,retained,Libyana,54153714268459,
collected:357,radio-730fd52be741edd3,False,data/new_data/libya_collected_antennas/cellmapper/cellmapper_libya_antennas.csv,retained,Libyana,54153714268459,
collected:350,radio-7bdb2fd10f754406,False,data/new_data/libya_collected_antennas/cellmapper/cellmapper_libya_antennas.csv,retained,Libyana,152643861790751,
sqlite:1272,radio-7bdb2fd10f754406,False,Libyan_cells_dataset/cells.sqlite3,retained,Libyana,152643861790751,1632
sqlite:1273,radio-8a388fbabece9b80,False,Libyan_cells_dataset/cells.sqlite3,retained,Libyana,200302382993553,1633
collected:351,radio-8a388fbabece9b80,False,data/new_data/libya_collected_antennas/cellmapper/cellmapper_libya_antennas.csv,retained,Libyana,200302382993553,
sqlite:1276,radio-29a482594d32395a,False,Libyan_cells_dataset/cells.sqlite3,retained,Libyana,100264604003333,1634
sqlite:1275,radio-730dbf99eb4e400b,False,Libyan_cells_dataset/cells.sqlite3,retained,Libyana,165576636319631,1635
sqlite:1274,radio-d5924eac496d0329,False,Libyan_cells_dataset/cells.sqlite3,retained,Libyana,100264604003333,1634
sqlite:1277,radio-0582099ad4ea867b,False,Libyan_cells_dataset/cells.sqlite3,retained,Libyana,280727353636193,1636
sqlite:1278,radio-9ffaf2bcab8719f5,False,Libyan_cells_dataset/cells.sqlite3,retained,Libyana,175147104064586,1637
sqlite:1280,radio-026aa81c5c4f16e9,False,Libyan_cells_dataset/cells.sqlite3,retained,Libyana,190432311727326,1638
sqlite:1279,radio-5658eb45751fe878,False,Libyan_cells_dataset/cells.sqlite3,retained,Libyana,195308259787052,1639
sqlite:139,radio-76cb11a06e92b02c,False,Libyan_cells_dataset/cells.sqlite3,retained,Libyana,165302842670039,1679
sqlite:147,radio-e0781e0a6c6c9081,False,Libyan_cells_dataset/cells.sqlite3,retained,Libyana,278509390873112,1680
sqlite:2251,radio-d8439300744114a5,False,Libyan_cells_dataset/cells.sqlite3,retained,Libyana,6279628578363,1735
sqlite:2202,radio-d8439300744114a5,False,Libyan_cells_dataset/cells.sqlite3,retained,Libyana,6279628578363,1735
sqlite:2377,radio-d8439300744114a5,False,Libyan_cells_dataset/cells.sqlite3,retained,Libyana,6279628578363,1735
sqlite:2287,radio-83d0ce3c8971b5aa,False,Libyan_cells_dataset/cells.sqlite3,retained,Libyana,269334870548167,1736
sqlite:2413,radio-83d0ce3c8971b5aa,False,Libyan_cells_dataset/cells.sqlite3,retained,Libyana,269334870548167,1736
sqlite:2252,radio-9582fa0459625c01,False,Libyan_cells_dataset/cells.sqlite3,retained,Libyana,115771982605197,1744
sqlite:2203,radio-9582fa0459625c01,False,Libyan_cells_dataset/cells.sqlite3,retained,Libyana,115771982605197,1744
sqlite:2378,radio-9582fa0459625c01,False,Libyan_cells_dataset/cells.sqlite3,retained,Libyana,115771982605197,1744
sqlite:2209,radio-20a078d6be38684d,False,Libyan_cells_dataset/cells.sqlite3,retained,Libyana,28600368140678,1745
sqlite:2258,radio-20a078d6be38684d,False,Libyan_cells_dataset/cells.sqlite3,retained,Libyana,28600368140678,1745
sqlite:2384,radio-20a078d6be38684d,False,Libyan_cells_dataset/cells.sqlite3,retained,Libyana,28600368140678,1745
sqlite:2198,radio-e7dbbf67e008a869,False,Libyan_cells_dataset/cells.sqlite3,retained,Libyana,85291465907537,1769
sqlite:2248,radio-e7dbbf67e008a869,False,Libyan_cells_dataset/cells.sqlite3,retained,Libyana,85291465907537,1769
sqlite:2266,radio-91d9cc4888543e7c,False,Libyan_cells_dataset/cells.sqlite3,retained,Libyana,128938330413187,1770
sqlite:2217,radio-91d9cc4888543e7c,False,Libyan_cells_dataset/cells.sqlite3,retained,Libyana,128938330413187,1770
sqlite:2392,radio-91d9cc4888543e7c,False,Libyan_cells_dataset/cells.sqlite3,retained,Libyana,128938330413187,1770
sqlite:2208,radio-69bf4afa0196fbbb,False,Libyan_cells_dataset/cells.sqlite3,retained,Libyana,136547355964391,1771
sqlite:2257,radio-69bf4afa0196fbbb,False,Libyan_cells_dataset/cells.sqlite3,retained,Libyana,136547355964391,1771
sqlite:2383,radio-69bf4afa0196fbbb,False,Libyan_cells_dataset/cells.sqlite3,retained,Libyana,136547355964391,1771
collected:1031,radio-6ecc0e13ed9ca6b7,False,data/new_data/libya_collected_antennas/cellmapper/cellmapper_libya_antennas.csv,retained,Libyana,231436334206622,
collected:1023,radio-b18c8308ef9a112a,False,data/new_data/libya_collected_antennas/cellmapper/cellmapper_libya_antennas.csv,retained,Libyana,253077870692776,
collected:1024,radio-b18c8308ef9a112a,False,data/new_data/libya_collected_antennas/cellmapper/cellmapper_libya_antennas.csv,retained,Libyana,253077870692776,
collected:1022,radio-883a8ad333a12d05,False,data/new_data/libya_collected_antennas/cellmapper/cellmapper_libya_antennas.csv,retained,Libyana,137431397255731,
collected:1027,radio-d53261ac31fa402c,False,data/new_data/libya_collected_antennas/cellmapper/cellmapper_libya_antennas.csv,retained,Libyana,28959672934757,
collected:1028,radio-d53261ac31fa402c,False,data/new_data/libya_collected_antennas/cellmapper/cellmapper_libya_antennas.csv,retained,Libyana,28959672934757,
sqlite:2196,radio-d53261ac31fa402c,False,Libyan_cells_dataset/cells.sqlite3,retained,Libyana,28959672934757,1782
sqlite:2246,radio-d53261ac31fa402c,False,Libyan_cells_dataset/cells.sqlite3,retained,Libyana,28959672934757,1782
collected:1029,radio-ec9dc7ce9819add2,False,data/new_data/libya_collected_antennas/cellmapper/cellmapper_libya_antennas.csv,retained,Libyana,223170517563544,
collected:1030,radio-ec9dc7ce9819add2,False,data/new_data/libya_collected_antennas/cellmapper/cellmapper_libya_antennas.csv,retained,Libyana,223170517563544,
collected:1025,radio-49c19ac21da5c74b,False,data/new_data/libya_collected_antennas/cellmapper/cellmapper_libya_antennas.csv,retained,Libyana,39803224001642,
collected:1026,radio-49c19ac21da5c74b,False,data/new_data/libya_collected_antennas/cellmapper/cellmapper_libya_antennas.csv,retained,Libyana,39803224001642,
collected:1020,radio-90e15ee0d01bbaff,False,data/new_data/libya_collected_antennas/cellmapper/cellmapper_libya_antennas.csv,retained,Libyana,38997770917032,
collected:1021,radio-90e15ee0d01bbaff,False,data/new_data/libya_collected_antennas/cellmapper/cellmapper_libya_antennas.csv,retained,Libyana,38997770917032,
sqlite:2680,radio-7540df0d8d0d7591,False,Libyan_cells_dataset/cells.sqlite3,retained,Libyana,41482029738407,1783
collected:1016,radio-7540df0d8d0d7591,False,data/new_data/libya_collected_antennas/cellmapper/cellmapper_libya_antennas.csv,retained,Libyana,41482029738407,
collected:1017,radio-7540df0d8d0d7591,False,data/new_data/libya_collected_antennas/cellmapper/cellmapper_libya_antennas.csv,retained,Libyana,41482029738407,
collected:1018,radio-eb19a6e0649cea57,False,data/new_data/libya_collected_antennas/cellmapper/cellmapper_libya_antennas.csv,retained,Libyana,124739156462100,
collected:1019,radio-eb19a6e0649cea57,False,data/new_data/libya_collected_antennas/cellmapper/cellmapper_libya_antennas.csv,retained,Libyana,124739156462100,
sqlite:2681,radio-eb19a6e0649cea57,False,Libyan_cells_dataset/cells.sqlite3,retained,Libyana,124739156462100,1784
sqlite:2682,radio-33e55527cbb2ea9e,False,Libyan_cells_dataset/cells.sqlite3,retained,Libyana,277820622951250,1785
sqlite:2683,radio-92cbbfa3e39a497c,False,Libyan_cells_dataset/cells.sqlite3,retained,Libyana,40419228062382,1786
sqlite:2684,radio-0e0645833a2b790c,False,Libyan_cells_dataset/cells.sqlite3,retained,Libyana,57431988854304,1787
sqlite:2685,radio-19b6c5720bed46e8,False,Libyan_cells_dataset/cells.sqlite3,retained,Libyana,128587888683099,1788
sqlite:2382,radio-f09e1aa773ea40ea,False,Libyan_cells_dataset/cells.sqlite3,retained,Libyana,140683537937705,1789
sqlite:2256,radio-f09e1aa773ea40ea,False,Libyan_cells_dataset/cells.sqlite3,retained,Libyana,140683537937705,1789
sqlite:2207,radio-f09e1aa773ea40ea,False,Libyan_cells_dataset/cells.sqlite3,retained,Libyana,140683537937705,1789
sqlite:2299,radio-f09e1aa773ea40ea,False,Libyan_cells_dataset/cells.sqlite3,retained,Libyana,140683537937705,1789
sqlite:2272,radio-f790b11f272b905f,False,Libyan_cells_dataset/cells.sqlite3,retained,Libyana,225906668092247,1790
sqlite:2223,radio-f790b11f272b905f,False,Libyan_cells_dataset/cells.sqlite3,retained,Libyana,225906668092247,1790
sqlite:2312,radio-f790b11f272b905f,False,Libyan_cells_dataset/cells.sqlite3,retained,Libyana,225906668092247,1790
sqlite:2398,radio-f790b11f272b905f,False,Libyan_cells_dataset/cells.sqlite3,retained,Libyana,225906668092247,1790
sqlite:2259,radio-ce314986452d9316,False,Libyan_cells_dataset/cells.sqlite3,retained,Libyana,242986796043278,1791
sqlite:2210,radio-ce314986452d9316,False,Libyan_cells_dataset/cells.sqlite3,retained,Libyana,242986796043278,1791
sqlite:2300,radio-ce314986452d9316,False,Libyan_cells_dataset/cells.sqlite3,retained,Libyana,242986796043278,1791
sqlite:2385,radio-ce314986452d9316,False,Libyan_cells_dataset/cells.sqlite3,retained,Libyana,242986796043278,1791
sqlite:2400,radio-25e9cefd35dc0b20,False,Libyan_cells_dataset/cells.sqlite3,retained,Libyana,208253185176379,1792
sqlite:2314,radio-25e9cefd35dc0b20,False,Libyan_cells_dataset/cells.sqlite3,retained,Libyana,208253185176379,1792
sqlite:2225,radio-25e9cefd35dc0b20,False,Libyan_cells_dataset/cells.sqlite3,retained,Libyana,208253185176379,1792
sqlite:2274,radio-25e9cefd35dc0b20,False,Libyan_cells_dataset/cells.sqlite3,retained,Libyana,208253185176379,1792
sqlite:2277,radio-df44359929164b62,False,Libyan_cells_dataset/cells.sqlite3,retained,Libyana,236178065021817,1793
sqlite:2315,radio-df44359929164b62,False,Libyan_cells_dataset/cells.sqlite3,retained,Libyana,236178065021817,1793
sqlite:2403,radio-df44359929164b62,False,Libyan_cells_dataset/cells.sqlite3,retained,Libyana,236178065021817,1793
sqlite:2228,radio-df44359929164b62,False,Libyan_cells_dataset/cells.sqlite3,retained,Libyana,236178065021817,1793
sqlite:2317,radio-e6920a2fb54fbb73,False,Libyan_cells_dataset/cells.sqlite3,retained,Libyana,92672188693613,1794
sqlite:2405,radio-e6920a2fb54fbb73,False,Libyan_cells_dataset/cells.sqlite3,retained,Libyana,92672188693613,1794
sqlite:2279,radio-e6920a2fb54fbb73,False,Libyan_cells_dataset/cells.sqlite3,retained,Libyana,92672188693613,1794
sqlite:2230,radio-e6920a2fb54fbb73,False,Libyan_cells_dataset/cells.sqlite3,retained,Libyana,92672188693613,1794
sqlite:2406,radio-e4b992b27e34fef6,False,Libyan_cells_dataset/cells.sqlite3,retained,Libyana,23601390862284,1795
sqlite:2280,radio-e4b992b27e34fef6,False,Libyan_cells_dataset/cells.sqlite3,retained,Libyana,23601390862284,1795
sqlite:2231,radio-e4b992b27e34fef6,False,Libyan_cells_dataset/cells.sqlite3,retained,Libyana,23601390862284,1795
sqlite:2318,radio-e4b992b27e34fef6,False,Libyan_cells_dataset/cells.sqlite3,retained,Libyana,23601390862284,1795
sqlite:2232,radio-37c702442af69b8a,False,Libyan_cells_dataset/cells.sqlite3,retained,Libyana,198384796582638,1187
sqlite:2319,radio-37c702442af69b8a,False,Libyan_cells_dataset/cells.sqlite3,retained,Libyana,198384796582638,1187
sqlite:2407,radio-37c702442af69b8a,False,Libyan_cells_dataset/cells.sqlite3,retained,Libyana,198384796582638,1187
sqlite:2281,radio-37c702442af69b8a,False,Libyan_cells_dataset/cells.sqlite3,retained,Libyana,198384796582638,1187
sqlite:2304,radio-2abedfcec8e918cc,False,Libyan_cells_dataset/cells.sqlite3,retained,Libyana,207146697628502,1796
sqlite:2263,radio-2abedfcec8e918cc,False,Libyan_cells_dataset/cells.sqlite3,retained,Libyana,207146697628502,1796
sqlite:2214,radio-2abedfcec8e918cc,False,Libyan_cells_dataset/cells.sqlite3,retained,Libyana,207146697628502,1796
sqlite:2389,radio-2abedfcec8e918cc,False,Libyan_cells_dataset/cells.sqlite3,retained,Libyana,207146697628502,1796
sqlite:2320,radio-03f62b1ac5a622f1,False,Libyan_cells_dataset/cells.sqlite3,retained,Libyana,115618093138928,759
sqlite:2233,radio-03f62b1ac5a622f1,False,Libyan_cells_dataset/cells.sqlite3,retained,Libyana,115618093138928,759
sqlite:2282,radio-03f62b1ac5a622f1,False,Libyan_cells_dataset/cells.sqlite3,retained,Libyana,115618093138928,759
sqlite:2408,radio-03f62b1ac5a622f1,False,Libyan_cells_dataset/cells.sqlite3,retained,Libyana,115618093138928,759
sqlite:2215,radio-6cc54233fc3fd3e6,False,Libyan_cells_dataset/cells.sqlite3,retained,Libyana,237128872412148,1797
sqlite:2264,radio-6cc54233fc3fd3e6,False,Libyan_cells_dataset/cells.sqlite3,retained,Libyana,237128872412148,1797
sqlite:2390,radio-6cc54233fc3fd3e6,False,Libyan_cells_dataset/cells.sqlite3,retained,Libyana,237128872412148,1797
sqlite:2305,radio-6cc54233fc3fd3e6,False,Libyan_cells_dataset/cells.sqlite3,retained,Libyana,237128872412148,1797
sqlite:2409,radio-876f26d16c25fbd3,False,Libyan_cells_dataset/cells.sqlite3,retained,Libyana,4960853581566,203
sqlite:2321,radio-876f26d16c25fbd3,False,Libyan_cells_dataset/cells.sqlite3,retained,Libyana,4960853581566,203
sqlite:2283,radio-876f26d16c25fbd3,False,Libyan_cells_dataset/cells.sqlite3,retained,Libyana,4960853581566,203
sqlite:2234,radio-876f26d16c25fbd3,False,Libyan_cells_dataset/cells.sqlite3,retained,Libyana,4960853581566,203
sqlite:2284,radio-d09f322676a04d98,False,Libyan_cells_dataset/cells.sqlite3,retained,Libyana,77338013817034,1208
sqlite:2235,radio-d09f322676a04d98,False,Libyan_cells_dataset/cells.sqlite3,retained,Libyana,77338013817034,1208
sqlite:2322,radio-d09f322676a04d98,False,Libyan_cells_dataset/cells.sqlite3,retained,Libyana,77338013817034,1208
sqlite:2410,radio-d09f322676a04d98,False,Libyan_cells_dataset/cells.sqlite3,retained,Libyana,77338013817034,1208
sqlite:2306,radio-3d5d54607db8694d,False,Libyan_cells_dataset/cells.sqlite3,retained,Libyana,240061098223392,1798
sqlite:2265,radio-3d5d54607db8694d,False,Libyan_cells_dataset/cells.sqlite3,retained,Libyana,240061098223392,1798
sqlite:2391,radio-3d5d54607db8694d,False,Libyan_cells_dataset/cells.sqlite3,retained,Libyana,240061098223392,1798
sqlite:2216,radio-3d5d54607db8694d,False,Libyan_cells_dataset/cells.sqlite3,retained,Libyana,240061098223392,1798
sqlite:2267,radio-db55ced393e77d4a,False,Libyan_cells_dataset/cells.sqlite3,retained,Libyana,121296505055837,1799
sqlite:2307,radio-db55ced393e77d4a,False,Libyan_cells_dataset/cells.sqlite3,retained,Libyana,121296505055837,1799
sqlite:2393,radio-db55ced393e77d4a,False,Libyan_cells_dataset/cells.sqlite3,retained,Libyana,121296505055837,1799
sqlite:2218,radio-db55ced393e77d4a,False,Libyan_cells_dataset/cells.sqlite3,retained,Libyana,121296505055837,1799
sqlite:2411,radio-c45e47a8e0761011,False,Libyan_cells_dataset/cells.sqlite3,retained,Libyana,38895532304010,1800
sqlite:2236,radio-c45e47a8e0761011,False,Libyan_cells_dataset/cells.sqlite3,retained,Libyana,38895532304010,1800
sqlite:2285,radio-c45e47a8e0761011,False,Libyan_cells_dataset/cells.sqlite3,retained,Libyana,38895532304010,1800
sqlite:2323,radio-c45e47a8e0761011,False,Libyan_cells_dataset/cells.sqlite3,retained,Libyana,38895532304010,1800
sqlite:2219,radio-ed791c7035e69a98,False,Libyan_cells_dataset/cells.sqlite3,retained,Libyana,225824120401257,1801
sqlite:2268,radio-ed791c7035e69a98,False,Libyan_cells_dataset/cells.sqlite3,retained,Libyana,225824120401257,1801
sqlite:2308,radio-ed791c7035e69a98,False,Libyan_cells_dataset/cells.sqlite3,retained,Libyana,225824120401257,1801
sqlite:2394,radio-ed791c7035e69a98,False,Libyan_cells_dataset/cells.sqlite3,retained,Libyana,225824120401257,1801
sqlite:2269,radio-940ef72d69fb2751,False,Libyan_cells_dataset/cells.sqlite3,retained,Libyana,25442496290012,1802
sqlite:2395,radio-940ef72d69fb2751,False,Libyan_cells_dataset/cells.sqlite3,retained,Libyana,25442496290012,1802
sqlite:2220,radio-940ef72d69fb2751,False,Libyan_cells_dataset/cells.sqlite3,retained,Libyana,25442496290012,1802
sqlite:2309,radio-940ef72d69fb2751,False,Libyan_cells_dataset/cells.sqlite3,retained,Libyana,25442496290012,1802
sqlite:2327,radio-045925db5d490f26,False,Libyan_cells_dataset/cells.sqlite3,retained,Libyana,6304185191709,764
sqlite:2415,radio-045925db5d490f26,False,Libyan_cells_dataset/cells.sqlite3,retained,Libyana,6304185191709,764
sqlite:2366,radio-6dbd854de8e06274,False,Libyan_cells_dataset/cells.sqlite3,retained,Libyana,78319995475252,1803
sqlite:2288,radio-6dbd854de8e06274,False,Libyan_cells_dataset/cells.sqlite3,retained,Libyana,78319995475252,1803
sqlite:2238,radio-6dbd854de8e06274,False,Libyan_cells_dataset/cells.sqlite3,retained,Libyana,78319995475252,1803
sqlite:2188,radio-6dbd854de8e06274,False,Libyan_cells_dataset/cells.sqlite3,retained,Libyana,78319995475252,1803
sqlite:2271,radio-61bf01b04a2aa1dd,False,Libyan_cells_dataset/cells.sqlite3,retained,Libyana,104279533886953,1804
sqlite:2311,radio-61bf01b04a2aa1dd,False,Libyan_cells_dataset/cells.sqlite3,retained,Libyana,104279533886953,1804
sqlite:2222,radio-61bf01b04a2aa1dd,False,Libyan_cells_dataset/cells.sqlite3,retained,Libyana,104279533886953,1804
sqlite:2397,radio-61bf01b04a2aa1dd,False,Libyan_cells_dataset/cells.sqlite3,retained,Libyana,104279533886953,1804
sqlite:2329,radio-04fa3fdd762db8bf,False,Libyan_cells_dataset/cells.sqlite3,retained,Libyana,25849124809743,1805
sqlite:2192,radio-bea6c767aad663ae,False,Libyan_cells_dataset/cells.sqlite3,retained,Libyana,57881047359333,1806
sqlite:2370,radio-bea6c767aad663ae,False,Libyan_cells_dataset/cells.sqlite3,retained,Libyana,57881047359333,1806
sqlite:2242,radio-bea6c767aad663ae,False,Libyan_cells_dataset/cells.sqlite3,retained,Libyana,57881047359333,1806
sqlite:2292,radio-bea6c767aad663ae,False,Libyan_cells_dataset/cells.sqlite3,retained,Libyana,57881047359333,1806
sqlite:2335,radio-8cb12768c4994c6c,False,Libyan_cells_dataset/cells.sqlite3,retained,Libyana,145220551636709,1807
sqlite:2262,radio-c4a7de98a6303224,False,Libyan_cells_dataset/cells.sqlite3,retained,Libyana,90285215885449,1808
sqlite:2213,radio-c4a7de98a6303224,False,Libyan_cells_dataset/cells.sqlite3,retained,Libyana,90285215885449,1808
sqlite:2388,radio-c4a7de98a6303224,False,Libyan_cells_dataset/cells.sqlite3,retained,Libyana,90285215885449,1808
sqlite:2303,radio-c4a7de98a6303224,False,Libyan_cells_dataset/cells.sqlite3,retained,Libyana,90285215885449,1808
sqlite:2336,radio-c19ef6be0f048a39,False,Libyan_cells_dataset/cells.sqlite3,retained,Libyana,202606570476029,1809
sqlite:2261,radio-db880855df658752,False,Libyan_cells_dataset/cells.sqlite3,retained,Libyana,220360410948710,1810
sqlite:2302,radio-db880855df658752,False,Libyan_cells_dataset/cells.sqlite3,retained,Libyana,220360410948710,1810
sqlite:2387,radio-db880855df658752,False,Libyan_cells_dataset/cells.sqlite3,retained,Libyana,220360410948710,1810
sqlite:2212,radio-db880855df658752,False,Libyan_cells_dataset/cells.sqlite3,retained,Libyana,220360410948710,1810
sqlite:2229,radio-5886ddd066b2aeb9,False,Libyan_cells_dataset/cells.sqlite3,retained,Libyana,259986309011799,1811
sqlite:2404,radio-5886ddd066b2aeb9,False,Libyan_cells_dataset/cells.sqlite3,retained,Libyana,259986309011799,1811
sqlite:2278,radio-5886ddd066b2aeb9,False,Libyan_cells_dataset/cells.sqlite3,retained,Libyana,259986309011799,1811
sqlite:2316,radio-5886ddd066b2aeb9,False,Libyan_cells_dataset/cells.sqlite3,retained,Libyana,259986309011799,1811
sqlite:2270,radio-c0f58c97f699fb49,False,Libyan_cells_dataset/cells.sqlite3,retained,Libyana,39766972978982,1812
sqlite:2221,radio-c0f58c97f699fb49,False,Libyan_cells_dataset/cells.sqlite3,retained,Libyana,39766972978982,1812
sqlite:2396,radio-c0f58c97f699fb49,False,Libyan_cells_dataset/cells.sqlite3,retained,Libyana,39766972978982,1812
sqlite:2310,radio-c0f58c97f699fb49,False,Libyan_cells_dataset/cells.sqlite3,retained,Libyana,39766972978982,1812
sqlite:2286,radio-1fc853db7fe9038f,False,Libyan_cells_dataset/cells.sqlite3,retained,Libyana,201449455780171,1813
sqlite:2237,radio-1fc853db7fe9038f,False,Libyan_cells_dataset/cells.sqlite3,retained,Libyana,201449455780171,1813
sqlite:2412,radio-1fc853db7fe9038f,False,Libyan_cells_dataset/cells.sqlite3,retained,Libyana,201449455780171,1813
sqlite:2324,radio-1fc853db7fe9038f,False,Libyan_cells_dataset/cells.sqlite3,retained,Libyana,201449455780171,1813
sqlite:2189,radio-1b33d66fd1f86911,False,Libyan_cells_dataset/cells.sqlite3,retained,Libyana,989696500357,1814
sqlite:2289,radio-1b33d66fd1f86911,False,Libyan_cells_dataset/cells.sqlite3,retained,Libyana,989696500357,1814
sqlite:2367,radio-1b33d66fd1f86911,False,Libyan_cells_dataset/cells.sqlite3,retained,Libyana,989696500357,1814
sqlite:2239,radio-1b33d66fd1f86911,False,Libyan_cells_dataset/cells.sqlite3,retained,Libyana,989696500357,1814
sqlite:2334,radio-08cd92f7c095948e,False,Libyan_cells_dataset/cells.sqlite3,retained,Libyana,107160428376078,1815
sqlite:2206,radio-532fe7d8e52b9dfc,False,Libyan_cells_dataset/cells.sqlite3,retained,Libyana,201833920156314,1816
sqlite:2298,radio-532fe7d8e52b9dfc,False,Libyan_cells_dataset/cells.sqlite3,retained,Libyana,201833920156314,1816
sqlite:2255,radio-532fe7d8e52b9dfc,False,Libyan_cells_dataset/cells.sqlite3,retained,Libyana,201833920156314,1816
sqlite:2381,radio-532fe7d8e52b9dfc,False,Libyan_cells_dataset/cells.sqlite3,retained,Libyana,201833920156314,1816
sqlite:2368,radio-2fc1fe4bdb0a0d7e,False,Libyan_cells_dataset/cells.sqlite3,retained,Libyana,78319995475252,1803
sqlite:2240,radio-2fc1fe4bdb0a0d7e,False,Libyan_cells_dataset/cells.sqlite3,retained,Libyana,78319995475252,1803
sqlite:2190,radio-2fc1fe4bdb0a0d7e,False,Libyan_cells_dataset/cells.sqlite3,retained,Libyana,78319995475252,1803
sqlite:2290,radio-2fc1fe4bdb0a0d7e,False,Libyan_cells_dataset/cells.sqlite3,retained,Libyana,78319995475252,1803
sqlite:2275,radio-5d6f01002f10762c,False,Libyan_cells_dataset/cells.sqlite3,retained,Libyana,50665292278121,1817
sqlite:2401,radio-5d6f01002f10762c,False,Libyan_cells_dataset/cells.sqlite3,retained,Libyana,50665292278121,1817
sqlite:2226,radio-5d6f01002f10762c,False,Libyan_cells_dataset/cells.sqlite3,retained,Libyana,50665292278121,1817
sqlite:2291,radio-5b9ed391355b1224,False,Libyan_cells_dataset/cells.sqlite3,retained,Libyana,189932912391507,1818
sqlite:2241,radio-5b9ed391355b1224,False,Libyan_cells_dataset/cells.sqlite3,retained,Libyana,189932912391507,1818
sqlite:2369,radio-5b9ed391355b1224,False,Libyan_cells_dataset/cells.sqlite3,retained,Libyana,189932912391507,1818
sqlite:2191,radio-5b9ed391355b1224,False,Libyan_cells_dataset/cells.sqlite3,retained,Libyana,189932912391507,1818
sqlite:2197,radio-da6cec912c2284d7,False,Libyan_cells_dataset/cells.sqlite3,retained,Libyana,233422966925698,1819
sqlite:2247,radio-da6cec912c2284d7,False,Libyan_cells_dataset/cells.sqlite3,retained,Libyana,233422966925698,1819
sqlite:2294,radio-da6cec912c2284d7,False,Libyan_cells_dataset/cells.sqlite3,retained,Libyana,233422966925698,1819
sqlite:2374,radio-da6cec912c2284d7,False,Libyan_cells_dataset/cells.sqlite3,retained,Libyana,233422966925698,1819
sqlite:2313,radio-d2a66c73b0fd7d19,False,Libyan_cells_dataset/cells.sqlite3,retained,Libyana,223978504540186,1820
sqlite:2399,radio-d2a66c73b0fd7d19,False,Libyan_cells_dataset/cells.sqlite3,retained,Libyana,223978504540186,1820
sqlite:2273,radio-d2a66c73b0fd7d19,False,Libyan_cells_dataset/cells.sqlite3,retained,Libyana,223978504540186,1820
sqlite:2224,radio-d2a66c73b0fd7d19,False,Libyan_cells_dataset/cells.sqlite3,retained,Libyana,223978504540186,1820
sqlite:2333,radio-b109f54d0ca4e3e3,False,Libyan_cells_dataset/cells.sqlite3,retained,Libyana,222899221857139,1821
sqlite:2414,radio-d17611ad3c1408c5,False,Libyan_cells_dataset/cells.sqlite3,retained,Libyana,166355601297373,1822
sqlite:2325,radio-d17611ad3c1408c5,False,Libyan_cells_dataset/cells.sqlite3,retained,Libyana,166355601297373,1822
sqlite:2331,radio-58632ddb93d53e4d,False,Libyan_cells_dataset/cells.sqlite3,retained,Libyana,200047097952527,1733
sqlite:2670,radio-4ba788de5e60f508,False,Libyan_cells_dataset/cells.sqlite3,retained,Libyana,80184535693386,1860
sqlite:2347,radio-eca328fda879559b,False,Libyan_cells_dataset/cells.sqlite3,retained,Libyana,129117122050873,852
sqlite:2343,radio-61dd57e6fd291aa0,False,Libyan_cells_dataset/cells.sqlite3,retained,Libyana,115827078776215,1861
sqlite:2351,radio-9acaefd23f9f18f3,False,Libyan_cells_dataset/cells.sqlite3,retained,Libyana,73714316392855,1862
sqlite:2352,radio-aa23dda392b86441,False,Libyan_cells_dataset/cells.sqlite3,retained,Libyana,8799321505755,1863
sqlite:2353,radio-28596f3f3c8fcc10,False,Libyan_cells_dataset/cells.sqlite3,retained,Libyana,132433067093438,1864
sqlite:2339,radio-9b9050e91893a0ea,False,Libyan_cells_dataset/cells.sqlite3,retained,Libyana,183027206969693,1508
sqlite:2328,radio-9b9050e91893a0ea,False,Libyan_cells_dataset/cells.sqlite3,retained,Libyana,183027206969693,1508
sqlite:2340,radio-f8fbea5a0546a7d6,False,Libyan_cells_dataset/cells.sqlite3,retained,Libyana,183027206969693,1508
sqlite:2354,radio-4518ee40c396ee9c,False,Libyan_cells_dataset/cells.sqlite3,retained,Libyana,95161795795001,1865
sqlite:2341,radio-b6e65a7a4db2c59b,False,Libyan_cells_dataset/cells.sqlite3,retained,Libyana,27095408216820,1866
sqlite:2355,radio-adf61313cf18d8e9,False,Libyan_cells_dataset/cells.sqlite3,retained,Libyana,138626263027342,1867
sqlite:2342,radio-666f9fce48ad8b15,False,Libyan_cells_dataset/cells.sqlite3,retained,Libyana,183027206969693,1508
sqlite:2356,radio-b70799c06c8c6368,False,Libyan_cells_dataset/cells.sqlite3,retained,Libyana,148525857160277,1868
sqlite:2357,radio-914eeaf9af373fb6,False,Libyan_cells_dataset/cells.sqlite3,retained,Libyana,272954104634282,1869
sqlite:2358,radio-a6e790e46e6067c5,False,Libyan_cells_dataset/cells.sqlite3,retained,Libyana,121961604148360,1870
sqlite:2345,radio-4fc70e66d50b5bab,False,Libyan_cells_dataset/cells.sqlite3,retained,Libyana,170882045090650,1871
sqlite:2346,radio-1ae633b1df2e059d,False,Libyan_cells_dataset/cells.sqlite3,retained,Libyana,170882045090650,1871
sqlite:2348,radio-7a31d05daee379c7,False,Libyan_cells_dataset/cells.sqlite3,retained,Libyana,130482116220492,1872
sqlite:2344,radio-5d7f2b0e471eb0ca,False,Libyan_cells_dataset/cells.sqlite3,retained,Libyana,211553780765444,1873
sqlite:2359,radio-2f8522997c5c76ef,False,Libyan_cells_dataset/cells.sqlite3,retained,Libyana,257732731230485,1874
sqlite:2360,radio-79fa36b63d1ab068,False,Libyan_cells_dataset/cells.sqlite3,retained,Libyana,62333455175188,1875
sqlite:2687,radio-5987416e8a4b4856,False,Libyan_cells_dataset/cells.sqlite3,retained,Libyana,278576877677031,1876
sqlite:2361,radio-5987416e8a4b4856,False,Libyan_cells_dataset/cells.sqlite3,retained,Libyana,278576877677031,1876
sqlite:2338,radio-09075a7879e6e54f,False,Libyan_cells_dataset/cells.sqlite3,retained,Libyana,222229117358215,1877
sqlite:2326,radio-09075a7879e6e54f,False,Libyan_cells_dataset/cells.sqlite3,retained,Libyana,222229117358215,1877
sqlite:2245,radio-4b9338c2e77909ff,False,Libyan_cells_dataset/cells.sqlite3,retained,Libyana,228582034902108,1878
sqlite:2195,radio-4b9338c2e77909ff,False,Libyan_cells_dataset/cells.sqlite3,retained,Libyana,228582034902108,1878
sqlite:2373,radio-4b9338c2e77909ff,False,Libyan_cells_dataset/cells.sqlite3,retained,Libyana,228582034902108,1878
sqlite:2227,radio-f28c45c625e9dc8c,False,Libyan_cells_dataset/cells.sqlite3,retained,Libyana,14974697898389,1879
sqlite:2276,radio-f28c45c625e9dc8c,False,Libyan_cells_dataset/cells.sqlite3,retained,Libyana,14974697898389,1879
sqlite:2402,radio-f28c45c625e9dc8c,False,Libyan_cells_dataset/cells.sqlite3,retained,Libyana,14974697898389,1879
sqlite:2243,radio-928cadf747f0a739,False,Libyan_cells_dataset/cells.sqlite3,retained,Libyana,266241891929412,1880
sqlite:2193,radio-928cadf747f0a739,False,Libyan_cells_dataset/cells.sqlite3,retained,Libyana,266241891929412,1880
sqlite:2371,radio-928cadf747f0a739,False,Libyan_cells_dataset/cells.sqlite3,retained,Libyana,266241891929412,1880
collected:1160,radio-e04ca5b67548f94d,False,data/new_data/libya_collected_antennas/cellmapper/cellmapper_libya_antennas.csv,retained,Libyana,279907125432025,
sqlite:2375,radio-a244784c847869dc,False,Libyan_cells_dataset/cells.sqlite3,retained,Libyana,53505988187990,1881
sqlite:2249,radio-a244784c847869dc,False,Libyan_cells_dataset/cells.sqlite3,retained,Libyana,53505988187990,1881
sqlite:2200,radio-a244784c847869dc,False,Libyan_cells_dataset/cells.sqlite3,retained,Libyana,53505988187990,1881
sqlite:2194,radio-b7ddc3fa05d974ee,False,Libyan_cells_dataset/cells.sqlite3,retained,Libyana,256249201021801,1069
sqlite:2293,radio-b7ddc3fa05d974ee,False,Libyan_cells_dataset/cells.sqlite3,retained,Libyana,256249201021801,1069
sqlite:2244,radio-b7ddc3fa05d974ee,False,Libyan_cells_dataset/cells.sqlite3,retained,Libyana,256249201021801,1069
sqlite:2372,radio-b7ddc3fa05d974ee,False,Libyan_cells_dataset/cells.sqlite3,retained,Libyana,256249201021801,1069
sqlite:2296,radio-ae77738a735e5e63,False,Libyan_cells_dataset/cells.sqlite3,retained,Libyana,272298992088063,498
sqlite:2253,radio-ae77738a735e5e63,False,Libyan_cells_dataset/cells.sqlite3,retained,Libyana,272298992088063,498
sqlite:2379,radio-ae77738a735e5e63,False,Libyan_cells_dataset/cells.sqlite3,retained,Libyana,272298992088063,498
sqlite:2204,radio-ae77738a735e5e63,False,Libyan_cells_dataset/cells.sqlite3,retained,Libyana,272298992088063,498
sqlite:2260,radio-0eded48755a5a017,False,Libyan_cells_dataset/cells.sqlite3,retained,Libyana,237997781384652,1882
sqlite:2301,radio-0eded48755a5a017,False,Libyan_cells_dataset/cells.sqlite3,retained,Libyana,237997781384652,1882
sqlite:2386,radio-0eded48755a5a017,False,Libyan_cells_dataset/cells.sqlite3,retained,Libyana,237997781384652,1882
sqlite:2211,radio-0eded48755a5a017,False,Libyan_cells_dataset/cells.sqlite3,retained,Libyana,237997781384652,1882
sqlite:2254,radio-90fa425292e984de,False,Libyan_cells_dataset/cells.sqlite3,retained,Libyana,176037273082828,1883
sqlite:2297,radio-90fa425292e984de,False,Libyan_cells_dataset/cells.sqlite3,retained,Libyana,176037273082828,1883
sqlite:2205,radio-90fa425292e984de,False,Libyan_cells_dataset/cells.sqlite3,retained,Libyana,176037273082828,1883
sqlite:2380,radio-90fa425292e984de,False,Libyan_cells_dataset/cells.sqlite3,retained,Libyana,176037273082828,1883
sqlite:2362,radio-3d30fbbeafb4b3d1,False,Libyan_cells_dataset/cells.sqlite3,retained,Libyana,157862523460151,1884
sqlite:2363,radio-e3e47295cf79b32a,False,Libyan_cells_dataset/cells.sqlite3,retained,Libyana,33990742524801,1885
sqlite:2349,radio-69bdec34f34fd89d,False,Libyan_cells_dataset/cells.sqlite3,retained,Libyana,202966907106752,1886
sqlite:2364,radio-08c16f105e5b88d7,False,Libyan_cells_dataset/cells.sqlite3,retained,Libyana,245571430565224,1887
sqlite:2350,radio-ce4c6599d69b95db,False,Libyan_cells_dataset/cells.sqlite3,retained,Libyana,1963298799279,1888
sqlite:2332,radio-6e7b577134d0f215,False,Libyan_cells_dataset/cells.sqlite3,retained,Libyana,271646907325075,1889
sqlite:2337,radio-e4fc8c59c59db565,False,Libyan_cells_dataset/cells.sqlite3,retained,Libyana,113666750134371,1890
sqlite:2330,radio-fdcfb4b8118f8bc8,False,Libyan_cells_dataset/cells.sqlite3,retained,Libyana,132366123068027,1891
sqlite:2365,radio-51491165d5a47b0e,False,Libyan_cells_dataset/cells.sqlite3,retained,Libyana,180639504168895,1892
sqlite:2658,radio-12150f69593a21bc,False,Libyan_cells_dataset/cells.sqlite3,retained,Libyana,214371826253539,2000
sqlite:2659,radio-3ea7eabcb70a4bfe,False,Libyan_cells_dataset/cells.sqlite3,retained,Libyana,124166067371080,2001
sqlite:2660,radio-419db4a5d3c196e1,False,Libyan_cells_dataset/cells.sqlite3,retained,Libyana,192335820067481,2002
sqlite:2649,radio-bd7ac98e5fb6e79d,False,Libyan_cells_dataset/cells.sqlite3,retained,Libyana,64801770659516,2003
sqlite:2661,radio-96e18593bad0e681,False,Libyan_cells_dataset/cells.sqlite3,retained,Libyana,106672198530579,2004
sqlite:2662,radio-37009ebf0ae675ab,False,Libyan_cells_dataset/cells.sqlite3,retained,Libyana,233164916439476,2005
sqlite:2663,radio-420317250f8f1549,False,Libyan_cells_dataset/cells.sqlite3,retained,Libyana,247102558947592,2006
sqlite:2664,radio-48e485bca4b4a3de,False,Libyan_cells_dataset/cells.sqlite3,retained,Libyana,40614473471564,2007
sqlite:2665,radio-25a05138e8ccbe60,False,Libyan_cells_dataset/cells.sqlite3,retained,Libyana,104783231502227,2008
sqlite:2666,radio-9acbe435502bebc9,False,Libyan_cells_dataset/cells.sqlite3,retained,Libyana,30831847875486,2009
sqlite:2650,radio-68ebc52607a05703,False,Libyan_cells_dataset/cells.sqlite3,retained,Libyana,212154659356326,2010
sqlite:2667,radio-88afef5dbda3d43a,False,Libyan_cells_dataset/cells.sqlite3,retained,Libyana,168346814912506,2011
sqlite:2657,radio-f297e75f4ea1ffc6,False,Libyan_cells_dataset/cells.sqlite3,retained,Libyana,159391291270878,2012
sqlite:2655,radio-9bf47f3478d307b8,False,Libyan_cells_dataset/cells.sqlite3,retained,Libyana,242376526478295,2013
sqlite:2656,radio-9463cd4d0d20f906,False,Libyan_cells_dataset/cells.sqlite3,retained,Libyana,237096935316632,457
sqlite:2653,radio-6bf0471dffc0ad79,False,Libyan_cells_dataset/cells.sqlite3,retained,Libyana,103195563728381,2014
sqlite:2652,radio-2c2d6f6e1dac4198,False,Libyan_cells_dataset/cells.sqlite3,retained,Libyana,134237097282193,2015
sqlite:2688,radio-954503e8f2b48b87,False,Libyan_cells_dataset/cells.sqlite3,retained,Libyana,195389850785318,456
sqlite:2689,radio-bcefacf6c575c8f0,False,Libyan_cells_dataset/cells.sqlite3,retained,Libyana,195389850785318,456
sqlite:2690,radio-7d4bb024c1618d1b,False,Libyan_cells_dataset/cells.sqlite3,retained,Libyana,66552308358793,2016
sqlite:2654,radio-968098d2685dfc37,False,Libyan_cells_dataset/cells.sqlite3,retained,Libyana,122217762711366,2017
sqlite:2697,radio-62dce3391e0d5c4f,False,Libyan_cells_dataset/cells.sqlite3,retained,Libyana,126254061689114,1225
sqlite:2668,radio-a46923baff660959,False,Libyan_cells_dataset/cells.sqlite3,retained,Libyana,278196471189530,2018
sqlite:2669,radio-cde45c7e1624cd24,False,Libyan_cells_dataset/cells.sqlite3,retained,Libyana,213844978825456,2019
collected:1156,radio-a835414040228c83,False,data/new_data/libya_collected_antennas/cellmapper/cellmapper_libya_antennas.csv,retained,Libyana,144100824973348,
collected:1050,radio-036e1cac0f597b81,False,data/new_data/libya_collected_antennas/cellmapper/cellmapper_libya_antennas.csv,retained,Libyana,211781988157525,
collected:1223,radio-4bd63a0a93e4abff,False,data/new_data/libya_collected_antennas/cellmapper/cellmapper_libya_antennas.csv,retained,Libyana,80802718383611,
collected:1204,radio-ba30b2583fa174c2,False,data/new_data/libya_collected_antennas/cellmapper/cellmapper_libya_antennas.csv,retained,Libyana,222886158436662,
collected:1205,radio-ba30b2583fa174c2,False,data/new_data/libya_collected_antennas/cellmapper/cellmapper_libya_antennas.csv,retained,Libyana,222886158436662,
collected:1206,radio-ba30b2583fa174c2,False,data/new_data/libya_collected_antennas/cellmapper/cellmapper_libya_antennas.csv,retained,Libyana,222886158436662,
collected:1207,radio-ba30b2583fa174c2,False,data/new_data/libya_collected_antennas/cellmapper/cellmapper_libya_antennas.csv,retained,Libyana,222886158436662,
collected:833,radio-4531a3961d727713,False,data/new_data/libya_collected_antennas/cellmapper/cellmapper_libya_antennas.csv,retained,Libyana,127978047913114,
sqlite:2540,radio-21e2c11507e4df49,False,Libyan_cells_dataset/cells.sqlite3,retained,Libyana,180861417374884,2041
sqlite:2491,radio-21e2c11507e4df49,False,Libyan_cells_dataset/cells.sqlite3,retained,Libyana,180861417374884,2041
sqlite:2442,radio-21e2c11507e4df49,False,Libyan_cells_dataset/cells.sqlite3,retained,Libyana,180861417374884,2041
sqlite:2623,radio-21e2c11507e4df49,False,Libyan_cells_dataset/cells.sqlite3,retained,Libyana,180861417374884,2041
sqlite:2420,radio-1e4c697ac51ccc78,False,Libyan_cells_dataset/cells.sqlite3,retained,Libyana,254569566576854,244
sqlite:2519,radio-1e4c697ac51ccc78,False,Libyan_cells_dataset/cells.sqlite3,retained,Libyana,254569566576854,244
sqlite:2602,radio-1e4c697ac51ccc78,False,Libyan_cells_dataset/cells.sqlite3,retained,Libyana,254569566576854,244
sqlite:2469,radio-1e4c697ac51ccc78,False,Libyan_cells_dataset/cells.sqlite3,retained,Libyana,254569566576854,244
collected:848,radio-31eab111bc51aa5f,False,data/new_data/libya_collected_antennas/cellmapper/cellmapper_libya_antennas.csv,retained,Libyana,91337706461448,
collected:849,radio-31eab111bc51aa5f,False,data/new_data/libya_collected_antennas/cellmapper/cellmapper_libya_antennas.csv,retained,Libyana,91337706461448,
collected:850,radio-31eab111bc51aa5f,False,data/new_data/libya_collected_antennas/cellmapper/cellmapper_libya_antennas.csv,retained,Libyana,91337706461448,
collected:1150,radio-e6e38b8ebb39202b,False,data/new_data/libya_collected_antennas/cellmapper/cellmapper_libya_antennas.csv,retained,Libyana,205246222653546,
collected:1151,radio-e6e38b8ebb39202b,False,data/new_data/libya_collected_antennas/cellmapper/cellmapper_libya_antennas.csv,retained,Libyana,205246222653546,
collected:1152,radio-e6e38b8ebb39202b,False,data/new_data/libya_collected_antennas/cellmapper/cellmapper_libya_antennas.csv,retained,Libyana,205246222653546,
collected:1153,radio-e6e38b8ebb39202b,False,data/new_data/libya_collected_antennas/cellmapper/cellmapper_libya_antennas.csv,retained,Libyana,205246222653546,
collected:1128,radio-1224cbf354bceb20,False,data/new_data/libya_collected_antennas/cellmapper/cellmapper_libya_antennas.csv,retained,Libyana,225950773108532,
collected:1129,radio-1224cbf354bceb20,False,data/new_data/libya_collected_antennas/cellmapper/cellmapper_libya_antennas.csv,retained,Libyana,225950773108532,
collected:1130,radio-1224cbf354bceb20,False,data/new_data/libya_collected_antennas/cellmapper/cellmapper_libya_antennas.csv,retained,Libyana,225950773108532,
collected:1053,radio-cfba761ed37d9d9e,False,data/new_data/libya_collected_antennas/cellmapper/cellmapper_libya_antennas.csv,retained,Libyana,57762620250008,
collected:1054,radio-cfba761ed37d9d9e,False,data/new_data/libya_collected_antennas/cellmapper/cellmapper_libya_antennas.csv,retained,Libyana,57762620250008,
collected:1220,radio-2c20af0f363ae7ab,False,data/new_data/libya_collected_antennas/cellmapper/cellmapper_libya_antennas.csv,retained,Libyana,4624851836677,
collected:1221,radio-2c20af0f363ae7ab,False,data/new_data/libya_collected_antennas/cellmapper/cellmapper_libya_antennas.csv,retained,Libyana,4624851836677,
collected:1222,radio-2c20af0f363ae7ab,False,data/new_data/libya_collected_antennas/cellmapper/cellmapper_libya_antennas.csv,retained,Libyana,4624851836677,
sqlite:2474,radio-1bebf340bc31221f,False,Libyan_cells_dataset/cells.sqlite3,retained,Libyana,6197737833119,236
sqlite:2607,radio-1bebf340bc31221f,False,Libyan_cells_dataset/cells.sqlite3,retained,Libyana,6197737833119,236
sqlite:2425,radio-1bebf340bc31221f,False,Libyan_cells_dataset/cells.sqlite3,retained,Libyana,6197737833119,236
sqlite:2524,radio-1bebf340bc31221f,False,Libyan_cells_dataset/cells.sqlite3,retained,Libyana,6197737833119,236
collected:1046,radio-1bebf340bc31221f,False,data/new_data/libya_collected_antennas/cellmapper/cellmapper_libya_antennas.csv,retained,Libyana,6197737833119,
collected:1047,radio-1bebf340bc31221f,False,data/new_data/libya_collected_antennas/cellmapper/cellmapper_libya_antennas.csv,retained,Libyana,6197737833119,
collected:1048,radio-1bebf340bc31221f,False,data/new_data/libya_collected_antennas/cellmapper/cellmapper_libya_antennas.csv,retained,Libyana,6197737833119,
collected:1049,radio-1bebf340bc31221f,False,data/new_data/libya_collected_antennas/cellmapper/cellmapper_libya_antennas.csv,retained,Libyana,6197737833119,
collected:1051,radio-c63429e1142aa111,False,data/new_data/libya_collected_antennas/cellmapper/cellmapper_libya_antennas.csv,retained,Libyana,100067423153380,
collected:1052,radio-c63429e1142aa111,False,data/new_data/libya_collected_antennas/cellmapper/cellmapper_libya_antennas.csv,retained,Libyana,100067423153380,
collected:838,radio-a0f51af077afdb1a,False,data/new_data/libya_collected_antennas/cellmapper/cellmapper_libya_antennas.csv,retained,Libyana,203911451413532,
collected:839,radio-a0f51af077afdb1a,False,data/new_data/libya_collected_antennas/cellmapper/cellmapper_libya_antennas.csv,retained,Libyana,203911451413532,
sqlite:2525,radio-706846c15eed5b69,False,Libyan_cells_dataset/cells.sqlite3,retained,Libyana,162651665426948,2042
sqlite:2475,radio-706846c15eed5b69,False,Libyan_cells_dataset/cells.sqlite3,retained,Libyana,162651665426948,2042
sqlite:2426,radio-706846c15eed5b69,False,Libyan_cells_dataset/cells.sqlite3,retained,Libyana,162651665426948,2042
sqlite:2608,radio-706846c15eed5b69,False,Libyan_cells_dataset/cells.sqlite3,retained,Libyana,162651665426948,2042
sqlite:2476,radio-ad08764438d98bf2,False,Libyan_cells_dataset/cells.sqlite3,retained,Libyana,234813990356674,2043
sqlite:2526,radio-ad08764438d98bf2,False,Libyan_cells_dataset/cells.sqlite3,retained,Libyana,234813990356674,2043
sqlite:2427,radio-ad08764438d98bf2,False,Libyan_cells_dataset/cells.sqlite3,retained,Libyana,234813990356674,2043
sqlite:2609,radio-ad08764438d98bf2,False,Libyan_cells_dataset/cells.sqlite3,retained,Libyana,234813990356674,2043
collected:830,radio-863634dd4245d52e,False,data/new_data/libya_collected_antennas/cellmapper/cellmapper_libya_antennas.csv,retained,Libyana,277829332587241,
collected:831,radio-863634dd4245d52e,False,data/new_data/libya_collected_antennas/cellmapper/cellmapper_libya_antennas.csv,retained,Libyana,277829332587241,
collected:832,radio-863634dd4245d52e,False,data/new_data/libya_collected_antennas/cellmapper/cellmapper_libya_antennas.csv,retained,Libyana,277829332587241,
collected:1216,radio-d44089c9970a832d,False,data/new_data/libya_collected_antennas/cellmapper/cellmapper_libya_antennas.csv,retained,Libyana,143375704430814,
collected:1217,radio-d44089c9970a832d,False,data/new_data/libya_collected_antennas/cellmapper/cellmapper_libya_antennas.csv,retained,Libyana,143375704430814,
collected:1039,radio-19dff8436d77122f,False,data/new_data/libya_collected_antennas/cellmapper/cellmapper_libya_antennas.csv,retained,Libyana,183071283422157,
sqlite:2630,radio-7750261ad9713697,False,Libyan_cells_dataset/cells.sqlite3,retained,Libyana,185539794415070,257
sqlite:2449,radio-7750261ad9713697,False,Libyan_cells_dataset/cells.sqlite3,retained,Libyana,185539794415070,257
sqlite:2498,radio-7750261ad9713697,False,Libyan_cells_dataset/cells.sqlite3,retained,Libyana,185539794415070,257
sqlite:2547,radio-7750261ad9713697,False,Libyan_cells_dataset/cells.sqlite3,retained,Libyana,185539794415070,257
collected:1198,radio-01d2190c89bc7215,False,data/new_data/libya_collected_antennas/cellmapper/cellmapper_libya_antennas.csv,retained,Libyana,37417770413667,
collected:1199,radio-01d2190c89bc7215,False,data/new_data/libya_collected_antennas/cellmapper/cellmapper_libya_antennas.csv,retained,Libyana,37417770413667,
collected:1200,radio-01d2190c89bc7215,False,data/new_data/libya_collected_antennas/cellmapper/cellmapper_libya_antennas.csv,retained,Libyana,37417770413667,
collected:1158,radio-dd3445847c44a96b,False,data/new_data/libya_collected_antennas/cellmapper/cellmapper_libya_antennas.csv,retained,Libyana,81662577383916,
collected:1159,radio-dd3445847c44a96b,False,data/new_data/libya_collected_antennas/cellmapper/cellmapper_libya_antennas.csv,retained,Libyana,81662577383916,
sqlite:2565,radio-54d6c4255ca1f466,False,Libyan_cells_dataset/cells.sqlite3,retained,Libyana,235779719208351,2044
sqlite:2648,radio-54d6c4255ca1f466,False,Libyan_cells_dataset/cells.sqlite3,retained,Libyana,235779719208351,2044
collected:1157,radio-a4d887ff782e589f,False,data/new_data/libya_collected_antennas/cellmapper/cellmapper_libya_antennas.csv,retained,Libyana,88786581550188,
collected:1201,radio-4b6d9b25031c5603,False,data/new_data/libya_collected_antennas/cellmapper/cellmapper_libya_antennas.csv,retained,Libyana,131259010213871,
collected:1202,radio-4b6d9b25031c5603,False,data/new_data/libya_collected_antennas/cellmapper/cellmapper_libya_antennas.csv,retained,Libyana,131259010213871,
collected:1203,radio-4b6d9b25031c5603,False,data/new_data/libya_collected_antennas/cellmapper/cellmapper_libya_antennas.csv,retained,Libyana,131259010213871,
collected:851,radio-b8e96631419d927a,False,data/new_data/libya_collected_antennas/cellmapper/cellmapper_libya_antennas.csv,retained,Libyana,28062134265691,
collected:852,radio-b8e96631419d927a,False,data/new_data/libya_collected_antennas/cellmapper/cellmapper_libya_antennas.csv,retained,Libyana,28062134265691,
collected:853,radio-b8e96631419d927a,False,data/new_data/libya_collected_antennas/cellmapper/cellmapper_libya_antennas.csv,retained,Libyana,28062134265691,
collected:854,radio-b8e96631419d927a,False,data/new_data/libya_collected_antennas/cellmapper/cellmapper_libya_antennas.csv,retained,Libyana,28062134265691,
collected:855,radio-b8e96631419d927a,False,data/new_data/libya_collected_antennas/cellmapper/cellmapper_libya_antennas.csv,retained,Libyana,28062134265691,
collected:1154,radio-01c5a79598cf9f95,False,data/new_data/libya_collected_antennas/cellmapper/cellmapper_libya_antennas.csv,retained,Libyana,219865274098132,
collected:1155,radio-01c5a79598cf9f95,False,data/new_data/libya_collected_antennas/cellmapper/cellmapper_libya_antennas.csv,retained,Libyana,219865274098132,
collected:844,radio-7502ca593c7ffe8b,False,data/new_data/libya_collected_antennas/cellmapper/cellmapper_libya_antennas.csv,retained,Libyana,250149824342944,
collected:845,radio-7502ca593c7ffe8b,False,data/new_data/libya_collected_antennas/cellmapper/cellmapper_libya_antennas.csv,retained,Libyana,250149824342944,
collected:846,radio-7502ca593c7ffe8b,False,data/new_data/libya_collected_antennas/cellmapper/cellmapper_libya_antennas.csv,retained,Libyana,250149824342944,
collected:847,radio-7502ca593c7ffe8b,False,data/new_data/libya_collected_antennas/cellmapper/cellmapper_libya_antennas.csv,retained,Libyana,250149824342944,
collected:840,radio-4280a03277bfc7d1,False,data/new_data/libya_collected_antennas/cellmapper/cellmapper_libya_antennas.csv,retained,Libyana,203911451413532,
collected:841,radio-4280a03277bfc7d1,False,data/new_data/libya_collected_antennas/cellmapper/cellmapper_libya_antennas.csv,retained,Libyana,203911451413532,
collected:842,radio-4280a03277bfc7d1,False,data/new_data/libya_collected_antennas/cellmapper/cellmapper_libya_antennas.csv,retained,Libyana,203911451413532,
collected:843,radio-4280a03277bfc7d1,False,data/new_data/libya_collected_antennas/cellmapper/cellmapper_libya_antennas.csv,retained,Libyana,203911451413532,
sqlite:2528,radio-24c7772bec8d19df,False,Libyan_cells_dataset/cells.sqlite3,retained,Libyana,162651665426948,2042
sqlite:2611,radio-24c7772bec8d19df,False,Libyan_cells_dataset/cells.sqlite3,retained,Libyana,162651665426948,2042
sqlite:2430,radio-24c7772bec8d19df,False,Libyan_cells_dataset/cells.sqlite3,retained,Libyana,162651665426948,2042
sqlite:2479,radio-24c7772bec8d19df,False,Libyan_cells_dataset/cells.sqlite3,retained,Libyana,162651665426948,2042
collected:1193,radio-ae18108000472190,False,data/new_data/libya_collected_antennas/cellmapper/cellmapper_libya_antennas.csv,retained,Libyana,177877995564675,
collected:1194,radio-ae18108000472190,False,data/new_data/libya_collected_antennas/cellmapper/cellmapper_libya_antennas.csv,retained,Libyana,177877995564675,
sqlite:2523,radio-32a90201a5fa1d94,False,Libyan_cells_dataset/cells.sqlite3,retained,Libyana,176622953497333,2045
sqlite:2606,radio-32a90201a5fa1d94,False,Libyan_cells_dataset/cells.sqlite3,retained,Libyana,176622953497333,2045
sqlite:2473,radio-32a90201a5fa1d94,False,Libyan_cells_dataset/cells.sqlite3,retained,Libyana,176622953497333,2045
sqlite:2424,radio-32a90201a5fa1d94,False,Libyan_cells_dataset/cells.sqlite3,retained,Libyana,176622953497333,2045
sqlite:2513,radio-38db740178ccb7cb,False,Libyan_cells_dataset/cells.sqlite3,retained,Libyana,1894272162175,2046
sqlite:2562,radio-38db740178ccb7cb,False,Libyan_cells_dataset/cells.sqlite3,retained,Libyana,1894272162175,2046
sqlite:2645,radio-38db740178ccb7cb,False,Libyan_cells_dataset/cells.sqlite3,retained,Libyana,1894272162175,2046
sqlite:2464,radio-38db740178ccb7cb,False,Libyan_cells_dataset/cells.sqlite3,retained,Libyana,1894272162175,2046
collected:1211,radio-4fdc34931091b3e2,False,data/new_data/libya_collected_antennas/cellmapper/cellmapper_libya_antennas.csv,retained,Libyana,228769074482986,
collected:1212,radio-4fdc34931091b3e2,False,data/new_data/libya_collected_antennas/cellmapper/cellmapper_libya_antennas.csv,retained,Libyana,228769074482986,
collected:1213,radio-4fdc34931091b3e2,False,data/new_data/libya_collected_antennas/cellmapper/cellmapper_libya_antennas.csv,retained,Libyana,228769074482986,
collected:1214,radio-4fdc34931091b3e2,False,data/new_data/libya_collected_antennas/cellmapper/cellmapper_libya_antennas.csv,retained,Libyana,228769074482986,
collected:1215,radio-4fdc34931091b3e2,False,data/new_data/libya_collected_antennas/cellmapper/cellmapper_libya_antennas.csv,retained,Libyana,228769074482986,
collected:1208,radio-dd1f8c3bed5f9970,False,data/new_data/libya_collected_antennas/cellmapper/cellmapper_libya_antennas.csv,retained,Libyana,263624266317867,
collected:1209,radio-dd1f8c3bed5f9970,False,data/new_data/libya_collected_antennas/cellmapper/cellmapper_libya_antennas.csv,retained,Libyana,263624266317867,
collected:1210,radio-dd1f8c3bed5f9970,False,data/new_data/libya_collected_antennas/cellmapper/cellmapper_libya_antennas.csv,retained,Libyana,263624266317867,
collected:1218,radio-3ae6d355e3f2fbd7,False,data/new_data/libya_collected_antennas/cellmapper/cellmapper_libya_antennas.csv,retained,Libyana,75686355639875,
collected:1219,radio-3ae6d355e3f2fbd7,False,data/new_data/libya_collected_antennas/cellmapper/cellmapper_libya_antennas.csv,retained,Libyana,75686355639875,
collected:1195,radio-b83aca1faac64601,False,data/new_data/libya_collected_antennas/cellmapper/cellmapper_libya_antennas.csv,retained,Libyana,135400222987264,
collected:1174,radio-4af4caf531be96da,False,data/new_data/libya_collected_antennas/cellmapper/cellmapper_libya_antennas.csv,retained,Libyana,13606881226684,
collected:1175,radio-4af4caf531be96da,False,data/new_data/libya_collected_antennas/cellmapper/cellmapper_libya_antennas.csv,retained,Libyana,13606881226684,
collected:1176,radio-4af4caf531be96da,False,data/new_data/libya_collected_antennas/cellmapper/cellmapper_libya_antennas.csv,retained,Libyana,13606881226684,
collected:1177,radio-4af4caf531be96da,False,data/new_data/libya_collected_antennas/cellmapper/cellmapper_libya_antennas.csv,retained,Libyana,13606881226684,
collected:1120,radio-22700b4b7bc2f9eb,False,data/new_data/libya_collected_antennas/cellmapper/cellmapper_libya_antennas.csv,retained,Libyana,239280229448255,
collected:1121,radio-22700b4b7bc2f9eb,False,data/new_data/libya_collected_antennas/cellmapper/cellmapper_libya_antennas.csv,retained,Libyana,239280229448255,
collected:1122,radio-22700b4b7bc2f9eb,False,data/new_data/libya_collected_antennas/cellmapper/cellmapper_libya_antennas.csv,retained,Libyana,239280229448255,
sqlite:2548,radio-0644314080b84acb,False,Libyan_cells_dataset/cells.sqlite3,retained,Libyana,244043832143267,2047
sqlite:2631,radio-0644314080b84acb,False,Libyan_cells_dataset/cells.sqlite3,retained,Libyana,244043832143267,2047
sqlite:2499,radio-0644314080b84acb,False,Libyan_cells_dataset/cells.sqlite3,retained,Libyana,244043832143267,2047
sqlite:2450,radio-0644314080b84acb,False,Libyan_cells_dataset/cells.sqlite3,retained,Libyana,244043832143267,2047
collected:1076,radio-05b3098ed46d38bc,False,data/new_data/libya_collected_antennas/cellmapper/cellmapper_libya_antennas.csv,retained,Libyana,151870325039185,
collected:1077,radio-05b3098ed46d38bc,False,data/new_data/libya_collected_antennas/cellmapper/cellmapper_libya_antennas.csv,retained,Libyana,151870325039185,
collected:1078,radio-05b3098ed46d38bc,False,data/new_data/libya_collected_antennas/cellmapper/cellmapper_libya_antennas.csv,retained,Libyana,151870325039185,
collected:1170,radio-42e6a29db8ef5669,False,data/new_data/libya_collected_antennas/cellmapper/cellmapper_libya_antennas.csv,retained,Libyana,40973173393510,
collected:1171,radio-42e6a29db8ef5669,False,data/new_data/libya_collected_antennas/cellmapper/cellmapper_libya_antennas.csv,retained,Libyana,40973173393510,
collected:1172,radio-42e6a29db8ef5669,False,data/new_data/libya_collected_antennas/cellmapper/cellmapper_libya_antennas.csv,retained,Libyana,40973173393510,
collected:1173,radio-42e6a29db8ef5669,False,data/new_data/libya_collected_antennas/cellmapper/cellmapper_libya_antennas.csv,retained,Libyana,40973173393510,
sqlite:2457,radio-fd47661ce8bacfc0,False,Libyan_cells_dataset/cells.sqlite3,retained,Libyana,161092655519881,2048
sqlite:2638,radio-fd47661ce8bacfc0,False,Libyan_cells_dataset/cells.sqlite3,retained,Libyana,161092655519881,2048
sqlite:2506,radio-fd47661ce8bacfc0,False,Libyan_cells_dataset/cells.sqlite3,retained,Libyana,161092655519881,2048
sqlite:2555,radio-fd47661ce8bacfc0,False,Libyan_cells_dataset/cells.sqlite3,retained,Libyana,161092655519881,2048
collected:1337,radio-b3d03eb45abe279e,False,data/new_data/libya_collected_antennas/cellmapper/cellmapper_libya_antennas.csv,retained,Libyana,204881737599253,
collected:1338,radio-b3d03eb45abe279e,False,data/new_data/libya_collected_antennas/cellmapper/cellmapper_libya_antennas.csv,retained,Libyana,204881737599253,
collected:1119,radio-b75462c3e17d9f3e,False,data/new_data/libya_collected_antennas/cellmapper/cellmapper_libya_antennas.csv,retained,Libyana,197266508084196,
collected:1066,radio-ad22c7edc61d3b4b,False,data/new_data/libya_collected_antennas/cellmapper/cellmapper_libya_antennas.csv,retained,Libyana,207064729608297,
collected:1067,radio-ad22c7edc61d3b4b,False,data/new_data/libya_collected_antennas/cellmapper/cellmapper_libya_antennas.csv,retained,Libyana,207064729608297,
collected:1068,radio-ad22c7edc61d3b4b,False,data/new_data/libya_collected_antennas/cellmapper/cellmapper_libya_antennas.csv,retained,Libyana,207064729608297,
collected:1069,radio-ad22c7edc61d3b4b,False,data/new_data/libya_collected_antennas/cellmapper/cellmapper_libya_antennas.csv,retained,Libyana,207064729608297,
sqlite:2601,radio-ad22c7edc61d3b4b,False,Libyan_cells_dataset/cells.sqlite3,retained,Libyana,207064729608297,229
sqlite:2468,radio-ad22c7edc61d3b4b,False,Libyan_cells_dataset/cells.sqlite3,retained,Libyana,207064729608297,229
sqlite:2419,radio-ad22c7edc61d3b4b,False,Libyan_cells_dataset/cells.sqlite3,retained,Libyana,207064729608297,229
sqlite:2518,radio-ad22c7edc61d3b4b,False,Libyan_cells_dataset/cells.sqlite3,retained,Libyana,207064729608297,229
collected:857,radio-045d154de75d5e92,False,data/new_data/libya_collected_antennas/cellmapper/cellmapper_libya_antennas.csv,retained,Libyana,13191507791249,
collected:858,radio-045d154de75d5e92,False,data/new_data/libya_collected_antennas/cellmapper/cellmapper_libya_antennas.csv,retained,Libyana,13191507791249,
collected:859,radio-045d154de75d5e92,False,data/new_data/libya_collected_antennas/cellmapper/cellmapper_libya_antennas.csv,retained,Libyana,13191507791249,
collected:860,radio-045d154de75d5e92,False,data/new_data/libya_collected_antennas/cellmapper/cellmapper_libya_antennas.csv,retained,Libyana,13191507791249,
collected:1058,radio-6389c9d1b5dc2102,False,data/new_data/libya_collected_antennas/cellmapper/cellmapper_libya_antennas.csv,retained,Libyana,149799532477574,
collected:1059,radio-6389c9d1b5dc2102,False,data/new_data/libya_collected_antennas/cellmapper/cellmapper_libya_antennas.csv,retained,Libyana,149799532477574,
collected:1060,radio-6389c9d1b5dc2102,False,data/new_data/libya_collected_antennas/cellmapper/cellmapper_libya_antennas.csv,retained,Libyana,149799532477574,
collected:862,radio-1fa3c6edcfbf0c9e,False,data/new_data/libya_collected_antennas/cellmapper/cellmapper_libya_antennas.csv,retained,Libyana,274292514170432,
collected:863,radio-1fa3c6edcfbf0c9e,False,data/new_data/libya_collected_antennas/cellmapper/cellmapper_libya_antennas.csv,retained,Libyana,274292514170432,
collected:864,radio-1fa3c6edcfbf0c9e,False,data/new_data/libya_collected_antennas/cellmapper/cellmapper_libya_antennas.csv,retained,Libyana,274292514170432,
collected:865,radio-1fa3c6edcfbf0c9e,False,data/new_data/libya_collected_antennas/cellmapper/cellmapper_libya_antennas.csv,retained,Libyana,274292514170432,
collected:866,radio-1fa3c6edcfbf0c9e,False,data/new_data/libya_collected_antennas/cellmapper/cellmapper_libya_antennas.csv,retained,Libyana,274292514170432,
collected:1132,radio-4c0e9eb7344785f6,False,data/new_data/libya_collected_antennas/cellmapper/cellmapper_libya_antennas.csv,retained,Libyana,173928829505763,
collected:1133,radio-4c0e9eb7344785f6,False,data/new_data/libya_collected_antennas/cellmapper/cellmapper_libya_antennas.csv,retained,Libyana,173928829505763,
sqlite:2628,radio-ba2184ed795ff158,False,Libyan_cells_dataset/cells.sqlite3,retained,Libyana,280656782578836,2049
sqlite:2496,radio-ba2184ed795ff158,False,Libyan_cells_dataset/cells.sqlite3,retained,Libyana,280656782578836,2049
sqlite:2447,radio-ba2184ed795ff158,False,Libyan_cells_dataset/cells.sqlite3,retained,Libyana,280656782578836,2049
sqlite:2545,radio-ba2184ed795ff158,False,Libyan_cells_dataset/cells.sqlite3,retained,Libyana,280656782578836,2049
collected:1339,radio-fd806a20d1c3c79f,False,data/new_data/libya_collected_antennas/cellmapper/cellmapper_libya_antennas.csv,retained,Libyana,135216715727696,
collected:1340,radio-fd806a20d1c3c79f,False,data/new_data/libya_collected_antennas/cellmapper/cellmapper_libya_antennas.csv,retained,Libyana,135216715727696,
collected:1178,radio-525e8dbacb87ce93,False,data/new_data/libya_collected_antennas/cellmapper/cellmapper_libya_antennas.csv,retained,Libyana,34908664276464,
sqlite:2644,radio-60dfa5b81402c14c,False,Libyan_cells_dataset/cells.sqlite3,retained,Libyana,54509455756876,272
sqlite:2561,radio-60dfa5b81402c14c,False,Libyan_cells_dataset/cells.sqlite3,retained,Libyana,54509455756876,272
sqlite:2463,radio-60dfa5b81402c14c,False,Libyan_cells_dataset/cells.sqlite3,retained,Libyana,54509455756876,272
sqlite:2512,radio-60dfa5b81402c14c,False,Libyan_cells_dataset/cells.sqlite3,retained,Libyana,54509455756876,272
collected:1183,radio-512c1b50b75eacd4,False,data/new_data/libya_collected_antennas/cellmapper/cellmapper_libya_antennas.csv,retained,Libyana,270842639622226,
collected:1134,radio-a332448e028d3c7c,False,data/new_data/libya_collected_antennas/cellmapper/cellmapper_libya_antennas.csv,retained,Libyana,228031977789743,
collected:1135,radio-a332448e028d3c7c,False,data/new_data/libya_collected_antennas/cellmapper/cellmapper_libya_antennas.csv,retained,Libyana,228031977789743,
collected:1165,radio-d651cfb2cb85cf82,False,data/new_data/libya_collected_antennas/cellmapper/cellmapper_libya_antennas.csv,retained,Libyana,1811841520542,
collected:1166,radio-d651cfb2cb85cf82,False,data/new_data/libya_collected_antennas/cellmapper/cellmapper_libya_antennas.csv,retained,Libyana,1811841520542,
collected:1167,radio-d651cfb2cb85cf82,False,data/new_data/libya_collected_antennas/cellmapper/cellmapper_libya_antennas.csv,retained,Libyana,1811841520542,
collected:1168,radio-d651cfb2cb85cf82,False,data/new_data/libya_collected_antennas/cellmapper/cellmapper_libya_antennas.csv,retained,Libyana,1811841520542,
collected:1169,radio-d651cfb2cb85cf82,False,data/new_data/libya_collected_antennas/cellmapper/cellmapper_libya_antennas.csv,retained,Libyana,1811841520542,
collected:1074,radio-3a52b4615b6e22e6,False,data/new_data/libya_collected_antennas/cellmapper/cellmapper_libya_antennas.csv,retained,Libyana,235629844306782,
collected:1075,radio-3a52b4615b6e22e6,False,data/new_data/libya_collected_antennas/cellmapper/cellmapper_libya_antennas.csv,retained,Libyana,235629844306782,
sqlite:2564,radio-ae58a493149d349f,False,Libyan_cells_dataset/cells.sqlite3,retained,Libyana,217343219843260,2050
sqlite:2515,radio-ae58a493149d349f,False,Libyan_cells_dataset/cells.sqlite3,retained,Libyana,217343219843260,2050
sqlite:2647,radio-ae58a493149d349f,False,Libyan_cells_dataset/cells.sqlite3,retained,Libyana,217343219843260,2050
collected:1072,radio-4418772be1d5c08e,False,data/new_data/libya_collected_antennas/cellmapper/cellmapper_libya_antennas.csv,retained,Libyana,133249928282926,
collected:1073,radio-4418772be1d5c08e,False,data/new_data/libya_collected_antennas/cellmapper/cellmapper_libya_antennas.csv,retained,Libyana,133249928282926,
collected:1163,radio-1c8a07616b41ae7b,False,data/new_data/libya_collected_antennas/cellmapper/cellmapper_libya_antennas.csv,retained,Libyana,214082188976753,
collected:1164,radio-1c8a07616b41ae7b,False,data/new_data/libya_collected_antennas/cellmapper/cellmapper_libya_antennas.csv,retained,Libyana,214082188976753,
collected:1185,radio-ff621a2f560f8e02,False,data/new_data/libya_collected_antennas/cellmapper/cellmapper_libya_antennas.csv,retained,Libyana,209115180318060,
collected:1186,radio-ff621a2f560f8e02,False,data/new_data/libya_collected_antennas/cellmapper/cellmapper_libya_antennas.csv,retained,Libyana,209115180318060,
collected:1187,radio-ff621a2f560f8e02,False,data/new_data/libya_collected_antennas/cellmapper/cellmapper_libya_antennas.csv,retained,Libyana,209115180318060,
collected:1188,radio-ff621a2f560f8e02,False,data/new_data/libya_collected_antennas/cellmapper/cellmapper_libya_antennas.csv,retained,Libyana,209115180318060,
collected:1196,radio-be09fbb2e12c2c0c,False,data/new_data/libya_collected_antennas/cellmapper/cellmapper_libya_antennas.csv,retained,Libyana,124453360030864,
collected:1197,radio-be09fbb2e12c2c0c,False,data/new_data/libya_collected_antennas/cellmapper/cellmapper_libya_antennas.csv,retained,Libyana,124453360030864,
collected:1138,radio-c9084b52bb005ee4,False,data/new_data/libya_collected_antennas/cellmapper/cellmapper_libya_antennas.csv,retained,Libyana,47647526316734,
sqlite:2471,radio-8ccbf1795706fa22,False,Libyan_cells_dataset/cells.sqlite3,retained,Libyana,270589517717339,2051
sqlite:2422,radio-8ccbf1795706fa22,False,Libyan_cells_dataset/cells.sqlite3,retained,Libyana,270589517717339,2051
sqlite:2604,radio-8ccbf1795706fa22,False,Libyan_cells_dataset/cells.sqlite3,retained,Libyana,270589517717339,2051
sqlite:2521,radio-8ccbf1795706fa22,False,Libyan_cells_dataset/cells.sqlite3,retained,Libyana,270589517717339,2051
collected:1070,radio-8ccbf1795706fa22,False,data/new_data/libya_collected_antennas/cellmapper/cellmapper_libya_antennas.csv,retained,Libyana,270589517717339,
collected:1071,radio-8ccbf1795706fa22,False,data/new_data/libya_collected_antennas/cellmapper/cellmapper_libya_antennas.csv,retained,Libyana,270589517717339,
collected:1180,radio-cc469b139a65961f,False,data/new_data/libya_collected_antennas/cellmapper/cellmapper_libya_antennas.csv,retained,Libyana,34908664276464,
collected:1181,radio-cc469b139a65961f,False,data/new_data/libya_collected_antennas/cellmapper/cellmapper_libya_antennas.csv,retained,Libyana,34908664276464,
collected:1182,radio-cc469b139a65961f,False,data/new_data/libya_collected_antennas/cellmapper/cellmapper_libya_antennas.csv,retained,Libyana,34908664276464,
collected:1189,radio-93388bbc1e84e613,False,data/new_data/libya_collected_antennas/cellmapper/cellmapper_libya_antennas.csv,retained,Libyana,200288387381513,
collected:1190,radio-93388bbc1e84e613,False,data/new_data/libya_collected_antennas/cellmapper/cellmapper_libya_antennas.csv,retained,Libyana,200288387381513,
collected:1191,radio-93388bbc1e84e613,False,data/new_data/libya_collected_antennas/cellmapper/cellmapper_libya_antennas.csv,retained,Libyana,200288387381513,
collected:1192,radio-93388bbc1e84e613,False,data/new_data/libya_collected_antennas/cellmapper/cellmapper_libya_antennas.csv,retained,Libyana,200288387381513,
sqlite:2642,radio-7fc1ba037af85c3d,False,Libyan_cells_dataset/cells.sqlite3,retained,Libyana,91593299749572,2052
sqlite:2559,radio-7fc1ba037af85c3d,False,Libyan_cells_dataset/cells.sqlite3,retained,Libyana,91593299749572,2052
sqlite:2510,radio-7fc1ba037af85c3d,False,Libyan_cells_dataset/cells.sqlite3,retained,Libyana,91593299749572,2052
sqlite:2461,radio-7fc1ba037af85c3d,False,Libyan_cells_dataset/cells.sqlite3,retained,Libyana,91593299749572,2052
sqlite:2629,radio-132f097708577c0c,False,Libyan_cells_dataset/cells.sqlite3,retained,Libyana,4813022885539,2053
sqlite:2497,radio-132f097708577c0c,False,Libyan_cells_dataset/cells.sqlite3,retained,Libyana,4813022885539,2053
sqlite:2448,radio-132f097708577c0c,False,Libyan_cells_dataset/cells.sqlite3,retained,Libyana,4813022885539,2053
sqlite:2546,radio-132f097708577c0c,False,Libyan_cells_dataset/cells.sqlite3,retained,Libyana,4813022885539,2053
collected:1245,radio-b74a102a9924b581,False,data/new_data/libya_collected_antennas/cellmapper/cellmapper_libya_antennas.csv,retained,Libyana,58416121848885,
collected:1246,radio-b74a102a9924b581,False,data/new_data/libya_collected_antennas/cellmapper/cellmapper_libya_antennas.csv,retained,Libyana,58416121848885,
sqlite:2462,radio-452286335ece57f3,False,Libyan_cells_dataset/cells.sqlite3,retained,Libyana,13126262315051,2054
sqlite:2511,radio-452286335ece57f3,False,Libyan_cells_dataset/cells.sqlite3,retained,Libyana,13126262315051,2054
sqlite:2560,radio-452286335ece57f3,False,Libyan_cells_dataset/cells.sqlite3,retained,Libyana,13126262315051,2054
sqlite:2643,radio-452286335ece57f3,False,Libyan_cells_dataset/cells.sqlite3,retained,Libyana,13126262315051,2054
sqlite:2520,radio-fe0c88d67ae39c40,False,Libyan_cells_dataset/cells.sqlite3,retained,Libyana,12128036517743,2055
sqlite:2603,radio-fe0c88d67ae39c40,False,Libyan_cells_dataset/cells.sqlite3,retained,Libyana,12128036517743,2055
sqlite:2470,radio-fe0c88d67ae39c40,False,Libyan_cells_dataset/cells.sqlite3,retained,Libyana,12128036517743,2055
sqlite:2421,radio-fe0c88d67ae39c40,False,Libyan_cells_dataset/cells.sqlite3,retained,Libyana,12128036517743,2055
sqlite:2514,radio-94bbe8352dbf0809,False,Libyan_cells_dataset/cells.sqlite3,retained,Libyana,236824662286481,2056
sqlite:2646,radio-94bbe8352dbf0809,False,Libyan_cells_dataset/cells.sqlite3,retained,Libyana,236824662286481,2056
sqlite:2563,radio-94bbe8352dbf0809,False,Libyan_cells_dataset/cells.sqlite3,retained,Libyana,236824662286481,2056
sqlite:2465,radio-94bbe8352dbf0809,False,Libyan_cells_dataset/cells.sqlite3,retained,Libyana,236824662286481,2056
sqlite:2679,radio-4704ce0f142228b9,False,Libyan_cells_dataset/cells.sqlite3,retained,Libyana,79934345033180,2057
sqlite:2691,radio-52fae6d26790c80b,False,Libyan_cells_dataset/cells.sqlite3,retained,Libyana,242371371827398,2058
sqlite:2671,radio-76b4db9d21be79d5,False,Libyan_cells_dataset/cells.sqlite3,retained,Libyana,164800476925105,2059
sqlite:2672,radio-f7f325b6deb3416b,False,Libyan_cells_dataset/cells.sqlite3,retained,Libyana,48046646827699,2060
sqlite:2675,radio-700ab02bfe17e896,False,Libyan_cells_dataset/cells.sqlite3,retained,Libyana,165528699252981,2061
sqlite:2692,radio-35e04616039c2466,False,Libyan_cells_dataset/cells.sqlite3,retained,Libyana,244924636261848,2062
sqlite:2199,radio-c14e2a64f3b8a12b,False,Libyan_cells_dataset/cells.sqlite3,retained,Libyana,141716173125967,2063
sqlite:2651,radio-c14e2a64f3b8a12b,False,Libyan_cells_dataset/cells.sqlite3,retained,Libyana,141716173125967,2063
sqlite:2417,radio-c14e2a64f3b8a12b,False,Libyan_cells_dataset/cells.sqlite3,retained,Libyana,141716173125967,2063
sqlite:2693,radio-d273dcab46859acb,False,Libyan_cells_dataset/cells.sqlite3,retained,Libyana,153155742381597,2064
sqlite:2676,radio-2fc97fa32abe8f32,False,Libyan_cells_dataset/cells.sqlite3,retained,Libyana,150208949891724,2065
sqlite:2677,radio-a78f08c8953ca947,False,Libyan_cells_dataset/cells.sqlite3,retained,Libyana,520999288436,2066
sqlite:2686,radio-8c0028a8a12a09f2,False,Libyan_cells_dataset/cells.sqlite3,retained,Libyana,249844446633151,597
sqlite:2694,radio-222f38ab238ee575,False,Libyan_cells_dataset/cells.sqlite3,retained,Libyana,187045374662592,2067
sqlite:2695,radio-2e5c0ebdda16a1f4,False,Libyan_cells_dataset/cells.sqlite3,retained,Libyana,82047340086520,2068
sqlite:2678,radio-6cf4f6c9ad97e10e,False,Libyan_cells_dataset/cells.sqlite3,retained,Libyana,273765526790375,1386
sqlite:2696,radio-c440fc31b9a95537,False,Libyan_cells_dataset/cells.sqlite3,retained,Libyana,164960543711423,1584
sqlite:2673,radio-c3566174eb656cb8,False,Libyan_cells_dataset/cells.sqlite3,retained,Libyana,249979910719485,2069
sqlite:2674,radio-59d0b351ba3d681e,False,Libyan_cells_dataset/cells.sqlite3,retained,Libyana,207782502379010,2070
collected:1085,radio-15bb1d2dfe7c1adc,False,data/new_data/libya_collected_antennas/cellmapper/cellmapper_libya_antennas.csv,retained,Libyana,3966475545940,
collected:1086,radio-15bb1d2dfe7c1adc,False,data/new_data/libya_collected_antennas/cellmapper/cellmapper_libya_antennas.csv,retained,Libyana,3966475545940,
collected:1087,radio-15bb1d2dfe7c1adc,False,data/new_data/libya_collected_antennas/cellmapper/cellmapper_libya_antennas.csv,retained,Libyana,3966475545940,
collected:1088,radio-15bb1d2dfe7c1adc,False,data/new_data/libya_collected_antennas/cellmapper/cellmapper_libya_antennas.csv,retained,Libyana,3966475545940,
collected:1089,radio-15bb1d2dfe7c1adc,False,data/new_data/libya_collected_antennas/cellmapper/cellmapper_libya_antennas.csv,retained,Libyana,3966475545940,
collected:1090,radio-15bb1d2dfe7c1adc,False,data/new_data/libya_collected_antennas/cellmapper/cellmapper_libya_antennas.csv,retained,Libyana,3966475545940,
collected:1103,radio-05a1d7e2a2592137,False,data/new_data/libya_collected_antennas/cellmapper/cellmapper_libya_antennas.csv,retained,Libyana,229669358410401,
collected:1104,radio-05a1d7e2a2592137,False,data/new_data/libya_collected_antennas/cellmapper/cellmapper_libya_antennas.csv,retained,Libyana,229669358410401,
collected:1105,radio-05a1d7e2a2592137,False,data/new_data/libya_collected_antennas/cellmapper/cellmapper_libya_antennas.csv,retained,Libyana,229669358410401,
collected:1106,radio-05a1d7e2a2592137,False,data/new_data/libya_collected_antennas/cellmapper/cellmapper_libya_antennas.csv,retained,Libyana,229669358410401,
collected:1107,radio-05a1d7e2a2592137,False,data/new_data/libya_collected_antennas/cellmapper/cellmapper_libya_antennas.csv,retained,Libyana,229669358410401,
collected:1115,radio-c8ecb80c6a5d315c,False,data/new_data/libya_collected_antennas/cellmapper/cellmapper_libya_antennas.csv,retained,Libyana,86577242816675,
collected:1116,radio-c8ecb80c6a5d315c,False,data/new_data/libya_collected_antennas/cellmapper/cellmapper_libya_antennas.csv,retained,Libyana,86577242816675,
collected:1117,radio-c8ecb80c6a5d315c,False,data/new_data/libya_collected_antennas/cellmapper/cellmapper_libya_antennas.csv,retained,Libyana,86577242816675,
collected:1118,radio-e138068bcb95a90b,False,data/new_data/libya_collected_antennas/cellmapper/cellmapper_libya_antennas.csv,retained,Libyana,181091837181173,
sqlite:2610,radio-950a41aceef8e613,False,Libyan_cells_dataset/cells.sqlite3,retained,Libyana,85106400466402,2071
sqlite:2478,radio-950a41aceef8e613,False,Libyan_cells_dataset/cells.sqlite3,retained,Libyana,85106400466402,2071
sqlite:2429,radio-950a41aceef8e613,False,Libyan_cells_dataset/cells.sqlite3,retained,Libyana,85106400466402,2071
sqlite:2527,radio-950a41aceef8e613,False,Libyan_cells_dataset/cells.sqlite3,retained,Libyana,85106400466402,2071
collected:1293,radio-950a41aceef8e613,False,data/new_data/libya_collected_antennas/cellmapper/cellmapper_libya_antennas.csv,retained,Libyana,85106400466402,
collected:1294,radio-950a41aceef8e613,False,data/new_data/libya_collected_antennas/cellmapper/cellmapper_libya_antennas.csv,retained,Libyana,85106400466402,
sqlite:2613,radio-f9d327ff36a12acf,False,Libyan_cells_dataset/cells.sqlite3,retained,Libyana,193324227285999,2072
sqlite:2530,radio-f9d327ff36a12acf,False,Libyan_cells_dataset/cells.sqlite3,retained,Libyana,193324227285999,2072
sqlite:2481,radio-f9d327ff36a12acf,False,Libyan_cells_dataset/cells.sqlite3,retained,Libyana,193324227285999,2072
sqlite:2432,radio-f9d327ff36a12acf,False,Libyan_cells_dataset/cells.sqlite3,retained,Libyana,193324227285999,2072
collected:1284,radio-f9d327ff36a12acf,False,data/new_data/libya_collected_antennas/cellmapper/cellmapper_libya_antennas.csv,retained,Libyana,193324227285999,
collected:1285,radio-f9d327ff36a12acf,False,data/new_data/libya_collected_antennas/cellmapper/cellmapper_libya_antennas.csv,retained,Libyana,193324227285999,
collected:1286,radio-f9d327ff36a12acf,False,data/new_data/libya_collected_antennas/cellmapper/cellmapper_libya_antennas.csv,retained,Libyana,193324227285999,
collected:1287,radio-f9d327ff36a12acf,False,data/new_data/libya_collected_antennas/cellmapper/cellmapper_libya_antennas.csv,retained,Libyana,193324227285999,
collected:1288,radio-f9d327ff36a12acf,False,data/new_data/libya_collected_antennas/cellmapper/cellmapper_libya_antennas.csv,retained,Libyana,193324227285999,
sqlite:2433,radio-7ba7bdeb512a084c,False,Libyan_cells_dataset/cells.sqlite3,retained,Libyana,207117539567138,2073
sqlite:2614,radio-7ba7bdeb512a084c,False,Libyan_cells_dataset/cells.sqlite3,retained,Libyana,207117539567138,2073
sqlite:2482,radio-7ba7bdeb512a084c,False,Libyan_cells_dataset/cells.sqlite3,retained,Libyana,207117539567138,2073
sqlite:2531,radio-7ba7bdeb512a084c,False,Libyan_cells_dataset/cells.sqlite3,retained,Libyana,207117539567138,2073
sqlite:2483,radio-ff36fc5b54387c42,False,Libyan_cells_dataset/cells.sqlite3,retained,Libyana,119864960300052,2074
sqlite:2434,radio-ff36fc5b54387c42,False,Libyan_cells_dataset/cells.sqlite3,retained,Libyana,119864960300052,2074
sqlite:2532,radio-ff36fc5b54387c42,False,Libyan_cells_dataset/cells.sqlite3,retained,Libyana,119864960300052,2074
sqlite:2615,radio-ff36fc5b54387c42,False,Libyan_cells_dataset/cells.sqlite3,retained,Libyana,119864960300052,2074
sqlite:2533,radio-2e83536936ce107c,False,Libyan_cells_dataset/cells.sqlite3,retained,Libyana,143898274815660,1606
sqlite:2435,radio-2e83536936ce107c,False,Libyan_cells_dataset/cells.sqlite3,retained,Libyana,143898274815660,1606
sqlite:2484,radio-2e83536936ce107c,False,Libyan_cells_dataset/cells.sqlite3,retained,Libyana,143898274815660,1606
sqlite:2616,radio-2e83536936ce107c,False,Libyan_cells_dataset/cells.sqlite3,retained,Libyana,143898274815660,1606
sqlite:2534,radio-5c34046d62d24269,False,Libyan_cells_dataset/cells.sqlite3,retained,Libyana,88955901005498,2075
sqlite:2485,radio-5c34046d62d24269,False,Libyan_cells_dataset/cells.sqlite3,retained,Libyana,88955901005498,2075
sqlite:2617,radio-5c34046d62d24269,False,Libyan_cells_dataset/cells.sqlite3,retained,Libyana,88955901005498,2075
sqlite:2436,radio-5c34046d62d24269,False,Libyan_cells_dataset/cells.sqlite3,retained,Libyana,88955901005498,2075
sqlite:2437,radio-1f6f39419f982d83,False,Libyan_cells_dataset/cells.sqlite3,retained,Libyana,135986234494028,2076
sqlite:2535,radio-1f6f39419f982d83,False,Libyan_cells_dataset/cells.sqlite3,retained,Libyana,135986234494028,2076
sqlite:2618,radio-1f6f39419f982d83,False,Libyan_cells_dataset/cells.sqlite3,retained,Libyana,135986234494028,2076
sqlite:2486,radio-1f6f39419f982d83,False,Libyan_cells_dataset/cells.sqlite3,retained,Libyana,135986234494028,2076
collected:1276,radio-4452bb483e61f277,False,data/new_data/libya_collected_antennas/cellmapper/cellmapper_libya_antennas.csv,retained,Libyana,54916348605328,
sqlite:2619,radio-4452bb483e61f277,False,Libyan_cells_dataset/cells.sqlite3,retained,Libyana,54916348605328,2077
sqlite:2536,radio-4452bb483e61f277,False,Libyan_cells_dataset/cells.sqlite3,retained,Libyana,54916348605328,2077
sqlite:2438,radio-4452bb483e61f277,False,Libyan_cells_dataset/cells.sqlite3,retained,Libyana,54916348605328,2077
sqlite:2487,radio-4452bb483e61f277,False,Libyan_cells_dataset/cells.sqlite3,retained,Libyana,54916348605328,2077
sqlite:2488,radio-7789126dcdd79b52,False,Libyan_cells_dataset/cells.sqlite3,retained,Libyana,238312693446333,2078
sqlite:2537,radio-7789126dcdd79b52,False,Libyan_cells_dataset/cells.sqlite3,retained,Libyana,238312693446333,2078
sqlite:2439,radio-7789126dcdd79b52,False,Libyan_cells_dataset/cells.sqlite3,retained,Libyana,238312693446333,2078
sqlite:2620,radio-7789126dcdd79b52,False,Libyan_cells_dataset/cells.sqlite3,retained,Libyana,238312693446333,2078
sqlite:2489,radio-a749e4a4a7db8757,False,Libyan_cells_dataset/cells.sqlite3,retained,Libyana,4788913829403,1613
sqlite:2440,radio-a749e4a4a7db8757,False,Libyan_cells_dataset/cells.sqlite3,retained,Libyana,4788913829403,1613
sqlite:2621,radio-a749e4a4a7db8757,False,Libyan_cells_dataset/cells.sqlite3,retained,Libyana,4788913829403,1613
sqlite:2538,radio-a749e4a4a7db8757,False,Libyan_cells_dataset/cells.sqlite3,retained,Libyana,4788913829403,1613
collected:1279,radio-a749e4a4a7db8757,False,data/new_data/libya_collected_antennas/cellmapper/cellmapper_libya_antennas.csv,retained,Libyana,4788913829403,
collected:1280,radio-a749e4a4a7db8757,False,data/new_data/libya_collected_antennas/cellmapper/cellmapper_libya_antennas.csv,retained,Libyana,4788913829403,
collected:1281,radio-a749e4a4a7db8757,False,data/new_data/libya_collected_antennas/cellmapper/cellmapper_libya_antennas.csv,retained,Libyana,4788913829403,
collected:1282,radio-a749e4a4a7db8757,False,data/new_data/libya_collected_antennas/cellmapper/cellmapper_libya_antennas.csv,retained,Libyana,4788913829403,
collected:1283,radio-a749e4a4a7db8757,False,data/new_data/libya_collected_antennas/cellmapper/cellmapper_libya_antennas.csv,retained,Libyana,4788913829403,
sqlite:2622,radio-90c84f721d80d835,False,Libyan_cells_dataset/cells.sqlite3,retained,Libyana,257652342869122,2079
sqlite:2490,radio-90c84f721d80d835,False,Libyan_cells_dataset/cells.sqlite3,retained,Libyana,257652342869122,2079
sqlite:2539,radio-90c84f721d80d835,False,Libyan_cells_dataset/cells.sqlite3,retained,Libyana,257652342869122,2079
sqlite:2441,radio-90c84f721d80d835,False,Libyan_cells_dataset/cells.sqlite3,retained,Libyana,257652342869122,2079
sqlite:2541,radio-e62c630935874b35,False,Libyan_cells_dataset/cells.sqlite3,retained,Libyana,21299553088122,2080
sqlite:2624,radio-e62c630935874b35,False,Libyan_cells_dataset/cells.sqlite3,retained,Libyana,21299553088122,2080
sqlite:2443,radio-e62c630935874b35,False,Libyan_cells_dataset/cells.sqlite3,retained,Libyana,21299553088122,2080
sqlite:2492,radio-e62c630935874b35,False,Libyan_cells_dataset/cells.sqlite3,retained,Libyana,21299553088122,2080
sqlite:2444,radio-093de582404ca426,False,Libyan_cells_dataset/cells.sqlite3,retained,Libyana,4788913829403,1613
sqlite:2542,radio-093de582404ca426,False,Libyan_cells_dataset/cells.sqlite3,retained,Libyana,4788913829403,1613
sqlite:2493,radio-093de582404ca426,False,Libyan_cells_dataset/cells.sqlite3,retained,Libyana,4788913829403,1613
sqlite:2625,radio-093de582404ca426,False,Libyan_cells_dataset/cells.sqlite3,retained,Libyana,4788913829403,1613
sqlite:2543,radio-7f6eb8dfe8e20f17,False,Libyan_cells_dataset/cells.sqlite3,retained,Libyana,133479439299267,2081
sqlite:2626,radio-7f6eb8dfe8e20f17,False,Libyan_cells_dataset/cells.sqlite3,retained,Libyana,133479439299267,2081
sqlite:2445,radio-7f6eb8dfe8e20f17,False,Libyan_cells_dataset/cells.sqlite3,retained,Libyana,133479439299267,2081
sqlite:2494,radio-7f6eb8dfe8e20f17,False,Libyan_cells_dataset/cells.sqlite3,retained,Libyana,133479439299267,2081
sqlite:2446,radio-fb79edf3fd3f0d96,False,Libyan_cells_dataset/cells.sqlite3,retained,Libyana,52908273507292,1600
sqlite:2544,radio-fb79edf3fd3f0d96,False,Libyan_cells_dataset/cells.sqlite3,retained,Libyana,52908273507292,1600
sqlite:2627,radio-fb79edf3fd3f0d96,False,Libyan_cells_dataset/cells.sqlite3,retained,Libyana,52908273507292,1600
sqlite:2495,radio-fb79edf3fd3f0d96,False,Libyan_cells_dataset/cells.sqlite3,retained,Libyana,52908273507292,1600
sqlite:2517,radio-4f974148b32d4f51,False,Libyan_cells_dataset/cells.sqlite3,retained,Libyana,279281277819882,2082
sqlite:2418,radio-4f974148b32d4f51,False,Libyan_cells_dataset/cells.sqlite3,retained,Libyana,279281277819882,2082
sqlite:2600,radio-4f974148b32d4f51,False,Libyan_cells_dataset/cells.sqlite3,retained,Libyana,279281277819882,2082
sqlite:2467,radio-4f974148b32d4f51,False,Libyan_cells_dataset/cells.sqlite3,retained,Libyana,279281277819882,2082
sqlite:2451,radio-bb12beffbab6b7c6,False,Libyan_cells_dataset/cells.sqlite3,retained,Libyana,171132879097202,1602
sqlite:2500,radio-bb12beffbab6b7c6,False,Libyan_cells_dataset/cells.sqlite3,retained,Libyana,171132879097202,1602
sqlite:2549,radio-bb12beffbab6b7c6,False,Libyan_cells_dataset/cells.sqlite3,retained,Libyana,171132879097202,1602
sqlite:2632,radio-bb12beffbab6b7c6,False,Libyan_cells_dataset/cells.sqlite3,retained,Libyana,171132879097202,1602
sqlite:2633,radio-42949a32429bcc4b,False,Libyan_cells_dataset/cells.sqlite3,retained,Libyana,266802006211118,1603
sqlite:2501,radio-42949a32429bcc4b,False,Libyan_cells_dataset/cells.sqlite3,retained,Libyana,266802006211118,1603
sqlite:2452,radio-42949a32429bcc4b,False,Libyan_cells_dataset/cells.sqlite3,retained,Libyana,266802006211118,1603
sqlite:2550,radio-42949a32429bcc4b,False,Libyan_cells_dataset/cells.sqlite3,retained,Libyana,266802006211118,1603
collected:1277,radio-9a1a0fe253cc0185,False,data/new_data/libya_collected_antennas/cellmapper/cellmapper_libya_antennas.csv,retained,Libyana,277946322900597,
collected:1278,radio-9a1a0fe253cc0185,False,data/new_data/libya_collected_antennas/cellmapper/cellmapper_libya_antennas.csv,retained,Libyana,277946322900597,
sqlite:2551,radio-9a1a0fe253cc0185,False,Libyan_cells_dataset/cells.sqlite3,retained,Libyana,277946322900597,2083
sqlite:2634,radio-9a1a0fe253cc0185,False,Libyan_cells_dataset/cells.sqlite3,retained,Libyana,277946322900597,2083
sqlite:2570,radio-9a1a0fe253cc0185,False,Libyan_cells_dataset/cells.sqlite3,retained,Libyana,277946322900597,2083
sqlite:2453,radio-9a1a0fe253cc0185,False,Libyan_cells_dataset/cells.sqlite3,retained,Libyana,277946322900597,2083
sqlite:2502,radio-9a1a0fe253cc0185,False,Libyan_cells_dataset/cells.sqlite3,retained,Libyana,277946322900597,2083
sqlite:2503,radio-0b91828c32da106b,False,Libyan_cells_dataset/cells.sqlite3,retained,Libyana,235750213845780,2084
sqlite:2454,radio-0b91828c32da106b,False,Libyan_cells_dataset/cells.sqlite3,retained,Libyana,235750213845780,2084
sqlite:2635,radio-0b91828c32da106b,False,Libyan_cells_dataset/cells.sqlite3,retained,Libyana,235750213845780,2084
sqlite:2552,radio-0b91828c32da106b,False,Libyan_cells_dataset/cells.sqlite3,retained,Libyana,235750213845780,2084
sqlite:2636,radio-1261c6da8592a371,False,Libyan_cells_dataset/cells.sqlite3,retained,Libyana,119396061970583,1608
sqlite:2553,radio-1261c6da8592a371,False,Libyan_cells_dataset/cells.sqlite3,retained,Libyana,119396061970583,1608
sqlite:2504,radio-1261c6da8592a371,False,Libyan_cells_dataset/cells.sqlite3,retained,Libyana,119396061970583,1608
sqlite:2455,radio-1261c6da8592a371,False,Libyan_cells_dataset/cells.sqlite3,retained,Libyana,119396061970583,1608
sqlite:2456,radio-750295301620d914,False,Libyan_cells_dataset/cells.sqlite3,retained,Libyana,113524074393409,2085
sqlite:2554,radio-750295301620d914,False,Libyan_cells_dataset/cells.sqlite3,retained,Libyana,113524074393409,2085
sqlite:2637,radio-750295301620d914,False,Libyan_cells_dataset/cells.sqlite3,retained,Libyana,113524074393409,2085
sqlite:2505,radio-750295301620d914,False,Libyan_cells_dataset/cells.sqlite3,retained,Libyana,113524074393409,2085
sqlite:2639,radio-85f0e6adc184fc4a,False,Libyan_cells_dataset/cells.sqlite3,retained,Libyana,41963344337987,2086
sqlite:2458,radio-85f0e6adc184fc4a,False,Libyan_cells_dataset/cells.sqlite3,retained,Libyana,41963344337987,2086
sqlite:2556,radio-85f0e6adc184fc4a,False,Libyan_cells_dataset/cells.sqlite3,retained,Libyana,41963344337987,2086
sqlite:2507,radio-85f0e6adc184fc4a,False,Libyan_cells_dataset/cells.sqlite3,retained,Libyana,41963344337987,2086
sqlite:2508,radio-2fdd9473ea329189,False,Libyan_cells_dataset/cells.sqlite3,retained,Libyana,238352237027962,2087
sqlite:2459,radio-2fdd9473ea329189,False,Libyan_cells_dataset/cells.sqlite3,retained,Libyana,238352237027962,2087
sqlite:2640,radio-2fdd9473ea329189,False,Libyan_cells_dataset/cells.sqlite3,retained,Libyana,238352237027962,2087
sqlite:2557,radio-2fdd9473ea329189,False,Libyan_cells_dataset/cells.sqlite3,retained,Libyana,238352237027962,2087
sqlite:2571,radio-2fdd9473ea329189,False,Libyan_cells_dataset/cells.sqlite3,retained,Libyana,238352237027962,2087
collected:1291,radio-2fdd9473ea329189,False,data/new_data/libya_collected_antennas/cellmapper/cellmapper_libya_antennas.csv,retained,Libyana,238352237027962,
collected:1292,radio-2fdd9473ea329189,False,data/new_data/libya_collected_antennas/cellmapper/cellmapper_libya_antennas.csv,retained,Libyana,238352237027962,
sqlite:2460,radio-62835dfe7db27a16,False,Libyan_cells_dataset/cells.sqlite3,retained,Libyana,214006247036164,2088
sqlite:2641,radio-62835dfe7db27a16,False,Libyan_cells_dataset/cells.sqlite3,retained,Libyana,214006247036164,2088
sqlite:2509,radio-62835dfe7db27a16,False,Libyan_cells_dataset/cells.sqlite3,retained,Libyana,214006247036164,2088
sqlite:2558,radio-62835dfe7db27a16,False,Libyan_cells_dataset/cells.sqlite3,retained,Libyana,214006247036164,2088
collected:1289,radio-62835dfe7db27a16,False,data/new_data/libya_collected_antennas/cellmapper/cellmapper_libya_antennas.csv,retained,Libyana,214006247036164,
collected:1290,radio-62835dfe7db27a16,False,data/new_data/libya_collected_antennas/cellmapper/cellmapper_libya_antennas.csv,retained,Libyana,214006247036164,
sqlite:2572,radio-dfc0963a00fecdd1,False,Libyan_cells_dataset/cells.sqlite3,retained,Libyana,55510949670477,2089
sqlite:2597,radio-40714db4dfca82e0,False,Libyan_cells_dataset/cells.sqlite3,retained,Libyana,260380625312988,691
sqlite:2591,radio-963c33b9cb6f368f,False,Libyan_cells_dataset/cells.sqlite3,retained,Libyana,54694191001690,2090
collected:1331,radio-68ea6e92267843e4,False,data/new_data/libya_collected_antennas/cellmapper/cellmapper_libya_antennas.csv,retained,Libyana,255072818945642,
collected:1332,radio-68ea6e92267843e4,False,data/new_data/libya_collected_antennas/cellmapper/cellmapper_libya_antennas.csv,retained,Libyana,255072818945642,
sqlite:2529,radio-68ea6e92267843e4,False,Libyan_cells_dataset/cells.sqlite3,retained,Libyana,255072818945642,2091
sqlite:2480,radio-68ea6e92267843e4,False,Libyan_cells_dataset/cells.sqlite3,retained,Libyana,255072818945642,2091
sqlite:2431,radio-68ea6e92267843e4,False,Libyan_cells_dataset/cells.sqlite3,retained,Libyana,255072818945642,2091
sqlite:2569,radio-68ea6e92267843e4,False,Libyan_cells_dataset/cells.sqlite3,retained,Libyana,255072818945642,2091
sqlite:2612,radio-68ea6e92267843e4,False,Libyan_cells_dataset/cells.sqlite3,retained,Libyana,255072818945642,2091
sqlite:2578,radio-c9db6c4d50bb9a20,False,Libyan_cells_dataset/cells.sqlite3,retained,Libyana,207253679966039,2092
collected:1300,radio-73b286ec8fbd12f6,False,data/new_data/libya_collected_antennas/cellmapper/cellmapper_libya_antennas.csv,retained,Libyana,256025946424973,
collected:1301,radio-73b286ec8fbd12f6,False,data/new_data/libya_collected_antennas/cellmapper/cellmapper_libya_antennas.csv,retained,Libyana,256025946424973,
collected:1302,radio-73b286ec8fbd12f6,False,data/new_data/libya_collected_antennas/cellmapper/cellmapper_libya_antennas.csv,retained,Libyana,256025946424973,
sqlite:2579,radio-73b286ec8fbd12f6,False,Libyan_cells_dataset/cells.sqlite3,retained,Libyana,256025946424973,704
sqlite:2573,radio-c3bab9ca40a1826f,False,Libyan_cells_dataset/cells.sqlite3,retained,Libyana,247660804566345,2093
sqlite:2598,radio-ca8bb3b50f856896,False,Libyan_cells_dataset/cells.sqlite3,retained,Libyana,89927858783583,2094
collected:1303,radio-6445f76f09c35ec4,False,data/new_data/libya_collected_antennas/cellmapper/cellmapper_libya_antennas.csv,retained,Libyana,117800735125306,
collected:1304,radio-6445f76f09c35ec4,False,data/new_data/libya_collected_antennas/cellmapper/cellmapper_libya_antennas.csv,retained,Libyana,117800735125306,
collected:1305,radio-6445f76f09c35ec4,False,data/new_data/libya_collected_antennas/cellmapper/cellmapper_libya_antennas.csv,retained,Libyana,117800735125306,
sqlite:2582,radio-6445f76f09c35ec4,False,Libyan_cells_dataset/cells.sqlite3,retained,Libyana,117800735125306,2095
sqlite:2574,radio-26ad17f44b437672,False,Libyan_cells_dataset/cells.sqlite3,retained,Libyana,58548387104525,2096
collected:1297,radio-26ad17f44b437672,False,data/new_data/libya_collected_antennas/cellmapper/cellmapper_libya_antennas.csv,retained,Libyana,58548387104525,
collected:1298,radio-26ad17f44b437672,False,data/new_data/libya_collected_antennas/cellmapper/cellmapper_libya_antennas.csv,retained,Libyana,58548387104525,
sqlite:2575,radio-e04f74f8553b85e4,False,Libyan_cells_dataset/cells.sqlite3,retained,Libyana,203515936132670,2097
collected:1306,radio-bde8ab3c6c5d69ff,False,data/new_data/libya_collected_antennas/cellmapper/cellmapper_libya_antennas.csv,retained,Libyana,34236839330735,
collected:1307,radio-bde8ab3c6c5d69ff,False,data/new_data/libya_collected_antennas/cellmapper/cellmapper_libya_antennas.csv,retained,Libyana,34236839330735,
collected:1308,radio-bde8ab3c6c5d69ff,False,data/new_data/libya_collected_antennas/cellmapper/cellmapper_libya_antennas.csv,retained,Libyana,34236839330735,
sqlite:2583,radio-bde8ab3c6c5d69ff,False,Libyan_cells_dataset/cells.sqlite3,retained,Libyana,34236839330735,2098
sqlite:2596,radio-12f1f71a3a9b1548,False,Libyan_cells_dataset/cells.sqlite3,retained,Libyana,9762508505361,707
sqlite:2472,radio-15de17e5818dc852,False,Libyan_cells_dataset/cells.sqlite3,retained,Libyana,25737172932240,2099
sqlite:2567,radio-15de17e5818dc852,False,Libyan_cells_dataset/cells.sqlite3,retained,Libyana,25737172932240,2099
sqlite:2522,radio-15de17e5818dc852,False,Libyan_cells_dataset/cells.sqlite3,retained,Libyana,25737172932240,2099
sqlite:2423,radio-15de17e5818dc852,False,Libyan_cells_dataset/cells.sqlite3,retained,Libyana,25737172932240,2099
sqlite:2605,radio-15de17e5818dc852,False,Libyan_cells_dataset/cells.sqlite3,retained,Libyana,25737172932240,2099
sqlite:2576,radio-3a38cc107890bcca,False,Libyan_cells_dataset/cells.sqlite3,retained,Libyana,226411881580730,2100
sqlite:2577,radio-1734db9da04a9de3,False,Libyan_cells_dataset/cells.sqlite3,retained,Libyana,256025946424973,704
sqlite:2584,radio-60fb84499004edf9,False,Libyan_cells_dataset/cells.sqlite3,retained,Libyana,140534742270091,2101
sqlite:2585,radio-ac951d028931e6e8,False,Libyan_cells_dataset/cells.sqlite3,retained,Libyana,189969307772196,2102
sqlite:2586,radio-c07e408731c54bac,False,Libyan_cells_dataset/cells.sqlite3,retained,Libyana,44430330703361,80
collected:1295,radio-c07e408731c54bac,False,data/new_data/libya_collected_antennas/cellmapper/cellmapper_libya_antennas.csv,retained,Libyana,44430330703361,
sqlite:2595,radio-e4ec67e5b10f7939,False,Libyan_cells_dataset/cells.sqlite3,retained,Libyana,151011200768080,2103
sqlite:2587,radio-c6952a1e29c87cf2,False,Libyan_cells_dataset/cells.sqlite3,retained,Libyana,154365601882310,2104
sqlite:2588,radio-1e7a2faaf756abd1,False,Libyan_cells_dataset/cells.sqlite3,retained,Libyana,216380629293435,2105
sqlite:2592,radio-9610357feecf6985,False,Libyan_cells_dataset/cells.sqlite3,retained,Libyana,7296746423741,2106
collected:1319,radio-9610357feecf6985,False,data/new_data/libya_collected_antennas/cellmapper/cellmapper_libya_antennas.csv,retained,Libyana,7296746423741,
collected:1320,radio-9610357feecf6985,False,data/new_data/libya_collected_antennas/cellmapper/cellmapper_libya_antennas.csv,retained,Libyana,7296746423741,
collected:1321,radio-9610357feecf6985,False,data/new_data/libya_collected_antennas/cellmapper/cellmapper_libya_antennas.csv,retained,Libyana,7296746423741,
collected:1322,radio-9610357feecf6985,False,data/new_data/libya_collected_antennas/cellmapper/cellmapper_libya_antennas.csv,retained,Libyana,7296746423741,
collected:1323,radio-9610357feecf6985,False,data/new_data/libya_collected_antennas/cellmapper/cellmapper_libya_antennas.csv,retained,Libyana,7296746423741,
collected:1324,radio-9610357feecf6985,False,data/new_data/libya_collected_antennas/cellmapper/cellmapper_libya_antennas.csv,retained,Libyana,7296746423741,
sqlite:2593,radio-c9a31beea4bfae13,False,Libyan_cells_dataset/cells.sqlite3,retained,Libyana,109295387636683,2107
collected:1310,radio-c9a31beea4bfae13,False,data/new_data/libya_collected_antennas/cellmapper/cellmapper_libya_antennas.csv,retained,Libyana,109295387636683,
collected:1311,radio-c9a31beea4bfae13,False,data/new_data/libya_collected_antennas/cellmapper/cellmapper_libya_antennas.csv,retained,Libyana,109295387636683,
collected:1312,radio-c9a31beea4bfae13,False,data/new_data/libya_collected_antennas/cellmapper/cellmapper_libya_antennas.csv,retained,Libyana,109295387636683,
collected:1313,radio-c9a31beea4bfae13,False,data/new_data/libya_collected_antennas/cellmapper/cellmapper_libya_antennas.csv,retained,Libyana,109295387636683,
collected:1314,radio-c9a31beea4bfae13,False,data/new_data/libya_collected_antennas/cellmapper/cellmapper_libya_antennas.csv,retained,Libyana,109295387636683,
collected:1315,radio-c9a31beea4bfae13,False,data/new_data/libya_collected_antennas/cellmapper/cellmapper_libya_antennas.csv,retained,Libyana,109295387636683,
collected:1316,radio-c9a31beea4bfae13,False,data/new_data/libya_collected_antennas/cellmapper/cellmapper_libya_antennas.csv,retained,Libyana,109295387636683,
collected:1317,radio-c9a31beea4bfae13,False,data/new_data/libya_collected_antennas/cellmapper/cellmapper_libya_antennas.csv,retained,Libyana,109295387636683,
collected:1318,radio-c9a31beea4bfae13,False,data/new_data/libya_collected_antennas/cellmapper/cellmapper_libya_antennas.csv,retained,Libyana,109295387636683,
sqlite:2589,radio-3687fe75deceb16d,False,Libyan_cells_dataset/cells.sqlite3,retained,Libyana,40868768233446,2108
collected:1309,radio-3687fe75deceb16d,False,data/new_data/libya_collected_antennas/cellmapper/cellmapper_libya_antennas.csv,retained,Libyana,40868768233446,
collected:1299,radio-d64bffbfcb9aaaae,False,data/new_data/libya_collected_antennas/cellmapper/cellmapper_libya_antennas.csv,retained,Libyana,261430298288969,
sqlite:2590,radio-d64bffbfcb9aaaae,False,Libyan_cells_dataset/cells.sqlite3,retained,Libyana,261430298288969,708
sqlite:2580,radio-2299b5ab95184dc9,False,Libyan_cells_dataset/cells.sqlite3,retained,Libyana,200081674118365,2109
sqlite:2581,radio-09755f06395f6edd,False,Libyan_cells_dataset/cells.sqlite3,retained,Libyana,81368891839170,2110
collected:1325,radio-c015314f807ad59d,False,data/new_data/libya_collected_antennas/cellmapper/cellmapper_libya_antennas.csv,retained,Libyana,109295387636683,
collected:1326,radio-c015314f807ad59d,False,data/new_data/libya_collected_antennas/cellmapper/cellmapper_libya_antennas.csv,retained,Libyana,109295387636683,
collected:1327,radio-c015314f807ad59d,False,data/new_data/libya_collected_antennas/cellmapper/cellmapper_libya_antennas.csv,retained,Libyana,109295387636683,
collected:1328,radio-c015314f807ad59d,False,data/new_data/libya_collected_antennas/cellmapper/cellmapper_libya_antennas.csv,retained,Libyana,109295387636683,
collected:1329,radio-c015314f807ad59d,False,data/new_data/libya_collected_antennas/cellmapper/cellmapper_libya_antennas.csv,retained,Libyana,109295387636683,
collected:1330,radio-c015314f807ad59d,False,data/new_data/libya_collected_antennas/cellmapper/cellmapper_libya_antennas.csv,retained,Libyana,109295387636683,
sqlite:2594,radio-c015314f807ad59d,False,Libyan_cells_dataset/cells.sqlite3,retained,Libyana,109295387636683,2107
sqlite:2428,radio-8ea156cccfb01483,False,Libyan_cells_dataset/cells.sqlite3,retained,Libyana,157476286678253,2111
sqlite:2568,radio-8ea156cccfb01483,False,Libyan_cells_dataset/cells.sqlite3,retained,Libyana,157476286678253,2111
sqlite:2477,radio-8ea156cccfb01483,False,Libyan_cells_dataset/cells.sqlite3,retained,Libyana,157476286678253,2111
sqlite:2416,radio-5f6cbb6f778aca34,False,Libyan_cells_dataset/cells.sqlite3,retained,Libyana,163977546594389,341
sqlite:2516,radio-5f6cbb6f778aca34,False,Libyan_cells_dataset/cells.sqlite3,retained,Libyana,163977546594389,341
sqlite:2566,radio-5f6cbb6f778aca34,False,Libyan_cells_dataset/cells.sqlite3,retained,Libyana,163977546594389,341
sqlite:2599,radio-5f6cbb6f778aca34,False,Libyan_cells_dataset/cells.sqlite3,retained,Libyana,163977546594389,341
sqlite:2466,radio-5f6cbb6f778aca34,False,Libyan_cells_dataset/cells.sqlite3,retained,Libyana,163977546594389,341
sqlite:2376,radio-b4e2b21f1ba08d45,False,Libyan_cells_dataset/cells.sqlite3,retained,Libyana,113806211515669,2115
sqlite:2201,radio-b4e2b21f1ba08d45,False,Libyan_cells_dataset/cells.sqlite3,retained,Libyana,113806211515669,2115
sqlite:2250,radio-b4e2b21f1ba08d45,False,Libyan_cells_dataset/cells.sqlite3,retained,Libyana,113806211515669,2115
sqlite:2295,radio-b4e2b21f1ba08d45,False,Libyan_cells_dataset/cells.sqlite3,retained,Libyana,113806211515669,2115
sqlite:4085,radio-728222e8260c1877,False,Libyan_cells_dataset/cells.sqlite3,retained,Al-Madar,18249046642819,1
sqlite:3626,radio-728222e8260c1877,False,Libyan_cells_dataset/cells.sqlite3,retained,Al-Madar,18249046642819,1
sqlite:3628,radio-97ea181204d4ba9e,False,Libyan_cells_dataset/cells.sqlite3,retained,Al-Madar,126315649814604,2
sqlite:4086,radio-97ea181204d4ba9e,False,Libyan_cells_dataset/cells.sqlite3,retained,Al-Madar,126315649814604,2
sqlite:4087,radio-b270a2a5596651be,False,Libyan_cells_dataset/cells.sqlite3,retained,Al-Madar,277731143759689,3
sqlite:3632,radio-b270a2a5596651be,False,Libyan_cells_dataset/cells.sqlite3,retained,Al-Madar,277731143759689,3
sqlite:3989,radio-c9611e74467679b7,False,Libyan_cells_dataset/cells.sqlite3,retained,Al-Madar,246152343488000,4
sqlite:3773,radio-c9611e74467679b7,False,Libyan_cells_dataset/cells.sqlite3,retained,Al-Madar,246152343488000,4
sqlite:4039,radio-c9611e74467679b7,False,Libyan_cells_dataset/cells.sqlite3,retained,Al-Madar,246152343488000,4
sqlite:3660,radio-c9611e74467679b7,False,Libyan_cells_dataset/cells.sqlite3,retained,Al-Madar,246152343488000,4
sqlite:3722,radio-c9611e74467679b7,False,Libyan_cells_dataset/cells.sqlite3,retained,Al-Madar,246152343488000,4
sqlite:3672,radio-c9611e74467679b7,False,Libyan_cells_dataset/cells.sqlite3,retained,Al-Madar,246152343488000,4
sqlite:4089,radio-c9611e74467679b7,False,Libyan_cells_dataset/cells.sqlite3,retained,Al-Madar,246152343488000,4
sqlite:4071,radio-790359327dd2f863,False,Libyan_cells_dataset/cells.sqlite3,retained,Al-Madar,246152343488000,4
sqlite:3667,radio-790359327dd2f863,False,Libyan_cells_dataset/cells.sqlite3,retained,Al-Madar,246152343488000,4
sqlite:4072,radio-4d8c4cad94040a73,False,Libyan_cells_dataset/cells.sqlite3,retained,Al-Madar,246152343488000,4
sqlite:4084,radio-bb9b00dcede6372b,False,Libyan_cells_dataset/cells.sqlite3,retained,Al-Madar,246152343488000,4
sqlite:3665,radio-53b3eee2a21282a2,False,Libyan_cells_dataset/cells.sqlite3,retained,Al-Madar,221920357218375,5
sqlite:3811,radio-03829999dc2e45b1,False,Libyan_cells_dataset/cells.sqlite3,retained,Al-Madar,253570723326960,6
sqlite:3760,radio-03829999dc2e45b1,False,Libyan_cells_dataset/cells.sqlite3,retained,Al-Madar,253570723326960,6
sqlite:4127,radio-03829999dc2e45b1,False,Libyan_cells_dataset/cells.sqlite3,retained,Al-Madar,253570723326960,6
sqlite:4008,radio-03829999dc2e45b1,False,Libyan_cells_dataset/cells.sqlite3,retained,Al-Madar,253570723326960,6
sqlite:4053,radio-03829999dc2e45b1,False,Libyan_cells_dataset/cells.sqlite3,retained,Al-Madar,253570723326960,6
sqlite:3714,radio-03829999dc2e45b1,False,Libyan_cells_dataset/cells.sqlite3,retained,Al-Madar,253570723326960,6
sqlite:4171,radio-4d5c440a8b635580,False,Libyan_cells_dataset/cells.sqlite3,retained,Al-Madar,49003286426926,7
sqlite:3647,radio-4d5c440a8b635580,False,Libyan_cells_dataset/cells.sqlite3,retained,Al-Madar,49003286426926,7
sqlite:4222,radio-4d5c440a8b635580,False,Libyan_cells_dataset/cells.sqlite3,retained,Al-Madar,49003286426926,7
sqlite:4224,radio-73db09beb26653f8,False,Libyan_cells_dataset/cells.sqlite3,retained,Al-Madar,223544637291998,8
sqlite:3651,radio-73db09beb26653f8,False,Libyan_cells_dataset/cells.sqlite3,retained,Al-Madar,223544637291998,8
sqlite:4173,radio-73db09beb26653f8,False,Libyan_cells_dataset/cells.sqlite3,retained,Al-Madar,223544637291998,8
sqlite:4225,radio-c57a426d9c0d68cc,False,Libyan_cells_dataset/cells.sqlite3,retained,Al-Madar,231783182359765,9
sqlite:3652,radio-c57a426d9c0d68cc,False,Libyan_cells_dataset/cells.sqlite3,retained,Al-Madar,231783182359765,9
sqlite:4174,radio-c57a426d9c0d68cc,False,Libyan_cells_dataset/cells.sqlite3,retained,Al-Madar,231783182359765,9
sqlite:4177,radio-398877df27a9d13a,False,Libyan_cells_dataset/cells.sqlite3,retained,Al-Madar,179585033056134,10
sqlite:3655,radio-398877df27a9d13a,False,Libyan_cells_dataset/cells.sqlite3,retained,Al-Madar,179585033056134,10
sqlite:4228,radio-398877df27a9d13a,False,Libyan_cells_dataset/cells.sqlite3,retained,Al-Madar,179585033056134,10
collected:1095,radio-0e5a3ada7bb95935,False,data/new_data/libya_collected_antennas/cellmapper/cellmapper_libya_antennas.csv,retained,Al-Madar,54008765158859,
sqlite:4152,radio-e9792441e4192d03,False,Libyan_cells_dataset/cells.sqlite3,retained,Al-Madar,72681866621521,11
sqlite:4206,radio-e9792441e4192d03,False,Libyan_cells_dataset/cells.sqlite3,retained,Al-Madar,72681866621521,11
sqlite:4232,radio-59b53b8d81f13f46,False,Libyan_cells_dataset/cells.sqlite3,retained,Al-Madar,193851153876202,12
sqlite:4181,radio-59b53b8d81f13f46,False,Libyan_cells_dataset/cells.sqlite3,retained,Al-Madar,193851153876202,12
sqlite:4182,radio-d6703b143b9a1ae2,False,Libyan_cells_dataset/cells.sqlite3,retained,Al-Madar,32864350399170,13
sqlite:4233,radio-d6703b143b9a1ae2,False,Libyan_cells_dataset/cells.sqlite3,retained,Al-Madar,32864350399170,13
sqlite:4234,radio-a7c4a22337c8b4fd,False,Libyan_cells_dataset/cells.sqlite3,retained,Al-Madar,84920153741840,14
sqlite:4183,radio-a7c4a22337c8b4fd,False,Libyan_cells_dataset/cells.sqlite3,retained,Al-Madar,84920153741840,14
sqlite:4235,radio-8feab37b682a300a,False,Libyan_cells_dataset/cells.sqlite3,retained,Al-Madar,179927779524623,15
sqlite:4184,radio-8feab37b682a300a,False,Libyan_cells_dataset/cells.sqlite3,retained,Al-Madar,179927779524623,15
collected:1061,radio-8feab37b682a300a,False,data/new_data/libya_collected_antennas/cellmapper/cellmapper_libya_antennas.csv,retained,Al-Madar,179927779524623,
collected:1062,radio-8feab37b682a300a,False,data/new_data/libya_collected_antennas/cellmapper/cellmapper_libya_antennas.csv,retained,Al-Madar,179927779524623,
sqlite:4185,radio-873f87a99895175f,False,Libyan_cells_dataset/cells.sqlite3,retained,Al-Madar,225720289846911,16
sqlite:4236,radio-873f87a99895175f,False,Libyan_cells_dataset/cells.sqlite3,retained,Al-Madar,225720289846911,16
sqlite:4186,radio-d75f072c4bcc74ee,False,Libyan_cells_dataset/cells.sqlite3,retained,Al-Madar,201018446938033,17
sqlite:4237,radio-d75f072c4bcc74ee,False,Libyan_cells_dataset/cells.sqlite3,retained,Al-Madar,201018446938033,17
sqlite:4159,radio-151b10f858e23b9c,False,Libyan_cells_dataset/cells.sqlite3,retained,Al-Madar,12466599352419,18
sqlite:4212,radio-151b10f858e23b9c,False,Libyan_cells_dataset/cells.sqlite3,retained,Al-Madar,12466599352419,18
sqlite:4187,radio-7f930af94dfe8780,False,Libyan_cells_dataset/cells.sqlite3,retained,Al-Madar,98724994788812,19
sqlite:4238,radio-7f930af94dfe8780,False,Libyan_cells_dataset/cells.sqlite3,retained,Al-Madar,98724994788812,19
sqlite:4205,radio-2db8dd5f756bc6de,False,Libyan_cells_dataset/cells.sqlite3,retained,Al-Madar,29810117042714,20
sqlite:4151,radio-2db8dd5f756bc6de,False,Libyan_cells_dataset/cells.sqlite3,retained,Al-Madar,29810117042714,20
collected:1043,radio-ff15b20438f8c538,False,data/new_data/libya_collected_antennas/cellmapper/cellmapper_libya_antennas.csv,retained,Al-Madar,102293009609178,
sqlite:4239,radio-bf88ea00ec81ea0c,False,Libyan_cells_dataset/cells.sqlite3,retained,Al-Madar,270396668905687,21
sqlite:4188,radio-bf88ea00ec81ea0c,False,Libyan_cells_dataset/cells.sqlite3,retained,Al-Madar,270396668905687,21
sqlite:4240,radio-ee2254238974da24,False,Libyan_cells_dataset/cells.sqlite3,retained,Al-Madar,208992694989400,22
collected:1147,radio-8eb2a6810ae5b8de,False,data/new_data/libya_collected_antennas/cellmapper/cellmapper_libya_antennas.csv,retained,Al-Madar,258662425483784,
collected:1148,radio-8eb2a6810ae5b8de,False,data/new_data/libya_collected_antennas/cellmapper/cellmapper_libya_antennas.csv,retained,Al-Madar,258662425483784,
collected:1149,radio-8eb2a6810ae5b8de,False,data/new_data/libya_collected_antennas/cellmapper/cellmapper_libya_antennas.csv,retained,Al-Madar,258662425483784,
collected:1097,radio-415609fd79405fab,False,data/new_data/libya_collected_antennas/cellmapper/cellmapper_libya_antennas.csv,retained,Al-Madar,113809859821099,
collected:1098,radio-415609fd79405fab,False,data/new_data/libya_collected_antennas/cellmapper/cellmapper_libya_antennas.csv,retained,Al-Madar,113809859821099,
sqlite:4241,radio-415609fd79405fab,False,Libyan_cells_dataset/cells.sqlite3,retained,Al-Madar,113809859821099,23
collected:780,radio-404aa70e35206624,False,data/new_data/libya_collected_antennas/cellmapper/cellmapper_libya_antennas.csv,retained,Al-Madar,42776136317603,
collected:781,radio-404aa70e35206624,False,data/new_data/libya_collected_antennas/cellmapper/cellmapper_libya_antennas.csv,retained,Al-Madar,42776136317603,
collected:782,radio-404aa70e35206624,False,data/new_data/libya_collected_antennas/cellmapper/cellmapper_libya_antennas.csv,retained,Al-Madar,42776136317603,
collected:777,radio-362de260b8bcabfc,False,data/new_data/libya_collected_antennas/cellmapper/cellmapper_libya_antennas.csv,retained,Al-Madar,92543295335745,
collected:778,radio-362de260b8bcabfc,False,data/new_data/libya_collected_antennas/cellmapper/cellmapper_libya_antennas.csv,retained,Al-Madar,92543295335745,
collected:779,radio-362de260b8bcabfc,False,data/new_data/libya_collected_antennas/cellmapper/cellmapper_libya_antennas.csv,retained,Al-Madar,92543295335745,
sqlite:4146,radio-e5c6e49d7bb13d45,False,Libyan_cells_dataset/cells.sqlite3,retained,Al-Madar,232776809852956,24
sqlite:4201,radio-e5c6e49d7bb13d45,False,Libyan_cells_dataset/cells.sqlite3,retained,Al-Madar,232776809852956,24
sqlite:4140,radio-8f79ded848b6731f,False,Libyan_cells_dataset/cells.sqlite3,retained,Al-Madar,163411049183865,25
sqlite:4195,radio-8f79ded848b6731f,False,Libyan_cells_dataset/cells.sqlite3,retained,Al-Madar,163411049183865,25
collected:738,radio-238fb6df1b0df4c7,False,data/new_data/libya_collected_antennas/cellmapper/cellmapper_libya_antennas.csv,retained,Al-Madar,63218840062645,
collected:739,radio-238fb6df1b0df4c7,False,data/new_data/libya_collected_antennas/cellmapper/cellmapper_libya_antennas.csv,retained,Al-Madar,63218840062645,
collected:740,radio-238fb6df1b0df4c7,False,data/new_data/libya_collected_antennas/cellmapper/cellmapper_libya_antennas.csv,retained,Al-Madar,63218840062645,
collected:1335,radio-4bc062fb82e16cb9,False,data/new_data/libya_collected_antennas/cellmapper/cellmapper_libya_antennas.csv,retained,Al-Madar,227579797105782,
collected:1336,radio-4bc062fb82e16cb9,False,data/new_data/libya_collected_antennas/cellmapper/cellmapper_libya_antennas.csv,retained,Al-Madar,227579797105782,
collected:1094,radio-da197976016cae0d,False,data/new_data/libya_collected_antennas/cellmapper/cellmapper_libya_antennas.csv,retained,Al-Madar,28550338296235,
sqlite:3623,radio-645324d2def13187,False,Libyan_cells_dataset/cells.sqlite3,retained,Al-Madar,238464446820388,26
sqlite:3624,radio-fc9d251d6eb961ce,False,Libyan_cells_dataset/cells.sqlite3,retained,Al-Madar,104272161402672,27
sqlite:3625,radio-256854b9babbbe5c,False,Libyan_cells_dataset/cells.sqlite3,retained,Al-Madar,70740880889979,28
sqlite:3627,radio-55431ca1455f164f,False,Libyan_cells_dataset/cells.sqlite3,retained,Al-Madar,185638510799136,29
sqlite:3629,radio-3eabe5cd0a28ede0,False,Libyan_cells_dataset/cells.sqlite3,retained,Al-Madar,3536938217497,30
collected:1037,radio-3eabe5cd0a28ede0,False,data/new_data/libya_collected_antennas/cellmapper/cellmapper_libya_antennas.csv,retained,Al-Madar,3536938217497,
collected:1038,radio-3eabe5cd0a28ede0,False,data/new_data/libya_collected_antennas/cellmapper/cellmapper_libya_antennas.csv,retained,Al-Madar,3536938217497,
sqlite:3630,radio-688748e421d38597,False,Libyan_cells_dataset/cells.sqlite3,retained,Al-Madar,19975227167373,31
sqlite:3631,radio-2df4c8b882e8745b,False,Libyan_cells_dataset/cells.sqlite3,retained,Al-Madar,148794829517595,32
collected:1136,radio-2df4c8b882e8745b,False,data/new_data/libya_collected_antennas/cellmapper/cellmapper_libya_antennas.csv,retained,Al-Madar,148794829517595,
collected:1137,radio-2df4c8b882e8745b,False,data/new_data/libya_collected_antennas/cellmapper/cellmapper_libya_antennas.csv,retained,Al-Madar,148794829517595,
sqlite:3634,radio-f78b8743d40a3803,False,Libyan_cells_dataset/cells.sqlite3,retained,Al-Madar,22785132020873,33
collected:906,radio-ccb922a1abf08e70,False,data/new_data/libya_collected_antennas/cellmapper/cellmapper_libya_antennas.csv,retained,Al-Madar,105925645189873,
collected:907,radio-ccb922a1abf08e70,False,data/new_data/libya_collected_antennas/cellmapper/cellmapper_libya_antennas.csv,retained,Al-Madar,105925645189873,
collected:908,radio-ccb922a1abf08e70,False,data/new_data/libya_collected_antennas/cellmapper/cellmapper_libya_antennas.csv,retained,Al-Madar,105925645189873,
sqlite:4141,radio-ccb922a1abf08e70,False,Libyan_cells_dataset/cells.sqlite3,retained,Al-Madar,105925645189873,34
sqlite:4196,radio-ccb922a1abf08e70,False,Libyan_cells_dataset/cells.sqlite3,retained,Al-Madar,105925645189873,34
collected:660,radio-a61353a3a27fed04,False,data/new_data/libya_collected_antennas/cellmapper/cellmapper_libya_antennas.csv,retained,Al-Madar,86981719872151,
collected:661,radio-a61353a3a27fed04,False,data/new_data/libya_collected_antennas/cellmapper/cellmapper_libya_antennas.csv,retained,Al-Madar,86981719872151,
collected:662,radio-a61353a3a27fed04,False,data/new_data/libya_collected_antennas/cellmapper/cellmapper_libya_antennas.csv,retained,Al-Madar,86981719872151,
collected:912,radio-4feb491df0a015c0,False,data/new_data/libya_collected_antennas/cellmapper/cellmapper_libya_antennas.csv,retained,Al-Madar,88033362973618,
collected:913,radio-4feb491df0a015c0,False,data/new_data/libya_collected_antennas/cellmapper/cellmapper_libya_antennas.csv,retained,Al-Madar,88033362973618,
collected:914,radio-4feb491df0a015c0,False,data/new_data/libya_collected_antennas/cellmapper/cellmapper_libya_antennas.csv,retained,Al-Madar,88033362973618,
sqlite:4144,radio-62b7cbda2fad916c,False,Libyan_cells_dataset/cells.sqlite3,retained,Al-Madar,147559578852132,35
sqlite:4199,radio-62b7cbda2fad916c,False,Libyan_cells_dataset/cells.sqlite3,retained,Al-Madar,147559578852132,35
collected:897,radio-62b7cbda2fad916c,False,data/new_data/libya_collected_antennas/cellmapper/cellmapper_libya_antennas.csv,retained,Al-Madar,147559578852132,
collected:898,radio-62b7cbda2fad916c,False,data/new_data/libya_collected_antennas/cellmapper/cellmapper_libya_antennas.csv,retained,Al-Madar,147559578852132,
collected:899,radio-62b7cbda2fad916c,False,data/new_data/libya_collected_antennas/cellmapper/cellmapper_libya_antennas.csv,retained,Al-Madar,147559578852132,
sqlite:4150,radio-d7a35b95a3e1e10c,False,Libyan_cells_dataset/cells.sqlite3,retained,Al-Madar,111744435481238,36
sqlite:4204,radio-d7a35b95a3e1e10c,False,Libyan_cells_dataset/cells.sqlite3,retained,Al-Madar,111744435481238,36
sqlite:4242,radio-2b2115e4a0ec3453,False,Libyan_cells_dataset/cells.sqlite3,retained,Al-Madar,41834842381928,37
sqlite:4194,radio-c0423f43a6da1f6c,False,Libyan_cells_dataset/cells.sqlite3,retained,Al-Madar,279758821096369,38
sqlite:4139,radio-c0423f43a6da1f6c,False,Libyan_cells_dataset/cells.sqlite3,retained,Al-Madar,279758821096369,38
sqlite:4243,radio-5ce53b81f60ca128,False,Libyan_cells_dataset/cells.sqlite3,retained,Al-Madar,252711748220746,39
sqlite:4143,radio-dc1131733aa07dbd,False,Libyan_cells_dataset/cells.sqlite3,retained,Al-Madar,31585222421149,40
sqlite:4198,radio-dc1131733aa07dbd,False,Libyan_cells_dataset/cells.sqlite3,retained,Al-Madar,31585222421149,40
collected:909,radio-af1eea95b8aa277f,False,data/new_data/libya_collected_antennas/cellmapper/cellmapper_libya_antennas.csv,retained,Al-Madar,176564671510316,
collected:910,radio-af1eea95b8aa277f,False,data/new_data/libya_collected_antennas/cellmapper/cellmapper_libya_antennas.csv,retained,Al-Madar,176564671510316,
collected:911,radio-af1eea95b8aa277f,False,data/new_data/libya_collected_antennas/cellmapper/cellmapper_libya_antennas.csv,retained,Al-Madar,176564671510316,
sqlite:4161,radio-bcbbd3a6e8ec1c69,False,Libyan_cells_dataset/cells.sqlite3,retained,Al-Madar,205665052465507,42
sqlite:4214,radio-bcbbd3a6e8ec1c69,False,Libyan_cells_dataset/cells.sqlite3,retained,Al-Madar,205665052465507,42
sqlite:4167,radio-908678134dd10b3b,False,Libyan_cells_dataset/cells.sqlite3,retained,Al-Madar,86551035681861,43
sqlite:3636,radio-908678134dd10b3b,False,Libyan_cells_dataset/cells.sqlite3,retained,Al-Madar,86551035681861,43
sqlite:4218,radio-908678134dd10b3b,False,Libyan_cells_dataset/cells.sqlite3,retained,Al-Madar,86551035681861,43
sqlite:4168,radio-8f2b8b718bcf16be,False,Libyan_cells_dataset/cells.sqlite3,retained,Al-Madar,197264795417673,44
sqlite:4219,radio-8f2b8b718bcf16be,False,Libyan_cells_dataset/cells.sqlite3,retained,Al-Madar,197264795417673,44
sqlite:3640,radio-8f2b8b718bcf16be,False,Libyan_cells_dataset/cells.sqlite3,retained,Al-Madar,197264795417673,44
sqlite:3642,radio-2f006f089cb20218,False,Libyan_cells_dataset/cells.sqlite3,retained,Al-Madar,246672638586577,45
sqlite:3643,radio-dde627d8113ccff2,False,Libyan_cells_dataset/cells.sqlite3,retained,Al-Madar,87606905933617,46
sqlite:4220,radio-dde627d8113ccff2,False,Libyan_cells_dataset/cells.sqlite3,retained,Al-Madar,87606905933617,46
sqlite:4169,radio-dde627d8113ccff2,False,Libyan_cells_dataset/cells.sqlite3,retained,Al-Madar,87606905933617,46
sqlite:4170,radio-67a44f7fa2f8a55e,False,Libyan_cells_dataset/cells.sqlite3,retained,Al-Madar,150514042590526,47
sqlite:4221,radio-67a44f7fa2f8a55e,False,Libyan_cells_dataset/cells.sqlite3,retained,Al-Madar,150514042590526,47
sqlite:3644,radio-67a44f7fa2f8a55e,False,Libyan_cells_dataset/cells.sqlite3,retained,Al-Madar,150514042590526,47
sqlite:4213,radio-caa485a9f5d3f9e1,False,Libyan_cells_dataset/cells.sqlite3,retained,Al-Madar,175720063173254,48
sqlite:4160,radio-caa485a9f5d3f9e1,False,Libyan_cells_dataset/cells.sqlite3,retained,Al-Madar,175720063173254,48
collected:935,radio-d9b3bba2fb90fc2e,False,data/new_data/libya_collected_antennas/cellmapper/cellmapper_libya_antennas.csv,retained,Al-Madar,186527798465057,
collected:936,radio-d9b3bba2fb90fc2e,False,data/new_data/libya_collected_antennas/cellmapper/cellmapper_libya_antennas.csv,retained,Al-Madar,186527798465057,
collected:937,radio-d9b3bba2fb90fc2e,False,data/new_data/libya_collected_antennas/cellmapper/cellmapper_libya_antennas.csv,retained,Al-Madar,186527798465057,
collected:1341,radio-be1d66eaf0c3f21e,False,data/new_data/libya_collected_antennas/cellmapper/cellmapper_libya_antennas.csv,retained,Al-Madar,89696417736805,
collected:1342,radio-be1d66eaf0c3f21e,False,data/new_data/libya_collected_antennas/cellmapper/cellmapper_libya_antennas.csv,retained,Al-Madar,89696417736805,
collected:1343,radio-be1d66eaf0c3f21e,False,data/new_data/libya_collected_antennas/cellmapper/cellmapper_libya_antennas.csv,retained,Al-Madar,89696417736805,
collected:693,radio-7311f7a22c40b746,False,data/new_data/libya_collected_antennas/cellmapper/cellmapper_libya_antennas.csv,retained,Al-Madar,137739061610758,
collected:694,radio-7311f7a22c40b746,False,data/new_data/libya_collected_antennas/cellmapper/cellmapper_libya_antennas.csv,retained,Al-Madar,137739061610758,
collected:695,radio-7311f7a22c40b746,False,data/new_data/libya_collected_antennas/cellmapper/cellmapper_libya_antennas.csv,retained,Al-Madar,137739061610758,
sqlite:4145,radio-0a131aa379fa7d27,False,Libyan_cells_dataset/cells.sqlite3,retained,Al-Madar,225379503270755,49
sqlite:4200,radio-0a131aa379fa7d27,False,Libyan_cells_dataset/cells.sqlite3,retained,Al-Madar,225379503270755,49
sqlite:4165,radio-151d523b10aa8d57,False,Libyan_cells_dataset/cells.sqlite3,retained,Al-Madar,260681368682261,50
sqlite:4216,radio-151d523b10aa8d57,False,Libyan_cells_dataset/cells.sqlite3,retained,Al-Madar,260681368682261,50
collected:1224,radio-f1370b5f6f455d65,False,data/new_data/libya_collected_antennas/cellmapper/cellmapper_libya_antennas.csv,retained,Al-Madar,156554136372552,
collected:1225,radio-f1370b5f6f455d65,False,data/new_data/libya_collected_antennas/cellmapper/cellmapper_libya_antennas.csv,retained,Al-Madar,156554136372552,
collected:1226,radio-f1370b5f6f455d65,False,data/new_data/libya_collected_antennas/cellmapper/cellmapper_libya_antennas.csv,retained,Al-Madar,156554136372552,
collected:1249,radio-8189786382f47b55,False,data/new_data/libya_collected_antennas/cellmapper/cellmapper_libya_antennas.csv,retained,Al-Madar,144759272791541,
collected:1250,radio-8189786382f47b55,False,data/new_data/libya_collected_antennas/cellmapper/cellmapper_libya_antennas.csv,retained,Al-Madar,144759272791541,
collected:1251,radio-8189786382f47b55,False,data/new_data/libya_collected_antennas/cellmapper/cellmapper_libya_antennas.csv,retained,Al-Madar,144759272791541,
collected:980,radio-745201bd6b2d23e3,False,data/new_data/libya_collected_antennas/cellmapper/cellmapper_libya_antennas.csv,retained,Al-Madar,85459338609623,
collected:981,radio-745201bd6b2d23e3,False,data/new_data/libya_collected_antennas/cellmapper/cellmapper_libya_antennas.csv,retained,Al-Madar,85459338609623,
collected:982,radio-745201bd6b2d23e3,False,data/new_data/libya_collected_antennas/cellmapper/cellmapper_libya_antennas.csv,retained,Al-Madar,85459338609623,
collected:966,radio-64217282a501cbd3,False,data/new_data/libya_collected_antennas/cellmapper/cellmapper_libya_antennas.csv,retained,Al-Madar,168016842626748,
collected:967,radio-64217282a501cbd3,False,data/new_data/libya_collected_antennas/cellmapper/cellmapper_libya_antennas.csv,retained,Al-Madar,168016842626748,
collected:968,radio-64217282a501cbd3,False,data/new_data/libya_collected_antennas/cellmapper/cellmapper_libya_antennas.csv,retained,Al-Madar,168016842626748,
sqlite:4209,radio-c555e233cf8b5d1f,False,Libyan_cells_dataset/cells.sqlite3,retained,Al-Madar,261202421744575,51
sqlite:4156,radio-c555e233cf8b5d1f,False,Libyan_cells_dataset/cells.sqlite3,retained,Al-Madar,261202421744575,51
collected:944,radio-7041cce6e93e44fc,False,data/new_data/libya_collected_antennas/cellmapper/cellmapper_libya_antennas.csv,retained,Al-Madar,101138413072532,
collected:945,radio-7041cce6e93e44fc,False,data/new_data/libya_collected_antennas/cellmapper/cellmapper_libya_antennas.csv,retained,Al-Madar,101138413072532,
collected:946,radio-7041cce6e93e44fc,False,data/new_data/libya_collected_antennas/cellmapper/cellmapper_libya_antennas.csv,retained,Al-Madar,101138413072532,
collected:973,radio-18c5e731e8b6c976,False,data/new_data/libya_collected_antennas/cellmapper/cellmapper_libya_antennas.csv,retained,Al-Madar,136750639202307,
collected:974,radio-18c5e731e8b6c976,False,data/new_data/libya_collected_antennas/cellmapper/cellmapper_libya_antennas.csv,retained,Al-Madar,136750639202307,
collected:975,radio-18c5e731e8b6c976,False,data/new_data/libya_collected_antennas/cellmapper/cellmapper_libya_antennas.csv,retained,Al-Madar,136750639202307,
collected:958,radio-66e3a8accb5aadb2,False,data/new_data/libya_collected_antennas/cellmapper/cellmapper_libya_antennas.csv,retained,Al-Madar,195275866114026,
collected:959,radio-66e3a8accb5aadb2,False,data/new_data/libya_collected_antennas/cellmapper/cellmapper_libya_antennas.csv,retained,Al-Madar,195275866114026,
sqlite:4158,radio-66e3a8accb5aadb2,False,Libyan_cells_dataset/cells.sqlite3,retained,Al-Madar,195275866114026,52
sqlite:4211,radio-66e3a8accb5aadb2,False,Libyan_cells_dataset/cells.sqlite3,retained,Al-Madar,195275866114026,52
collected:969,radio-db0209717685c4a8,False,data/new_data/libya_collected_antennas/cellmapper/cellmapper_libya_antennas.csv,retained,Al-Madar,255621052041185,
sqlite:4157,radio-fb7e94b552d7be8d,False,Libyan_cells_dataset/cells.sqlite3,retained,Al-Madar,103414614211336,53
sqlite:4210,radio-fb7e94b552d7be8d,False,Libyan_cells_dataset/cells.sqlite3,retained,Al-Madar,103414614211336,53
sqlite:4215,radio-a9648ea58ffd231d,False,Libyan_cells_dataset/cells.sqlite3,retained,Al-Madar,13342543735135,54
sqlite:4162,radio-a9648ea58ffd231d,False,Libyan_cells_dataset/cells.sqlite3,retained,Al-Madar,13342543735135,54
collected:1247,radio-572a660f3fadd676,False,data/new_data/libya_collected_antennas/cellmapper/cellmapper_libya_antennas.csv,retained,Al-Madar,97633283480778,
collected:1248,radio-572a660f3fadd676,False,data/new_data/libya_collected_antennas/cellmapper/cellmapper_libya_antennas.csv,retained,Al-Madar,97633283480778,
sqlite:4202,radio-3274de5fbb2ed9f0,False,Libyan_cells_dataset/cells.sqlite3,retained,Al-Madar,174180233855202,55
sqlite:4147,radio-3274de5fbb2ed9f0,False,Libyan_cells_dataset/cells.sqlite3,retained,Al-Madar,174180233855202,55
sqlite:3646,radio-3274de5fbb2ed9f0,False,Libyan_cells_dataset/cells.sqlite3,retained,Al-Madar,174180233855202,55
sqlite:4207,radio-941af0b59d44ac77,False,Libyan_cells_dataset/cells.sqlite3,retained,Al-Madar,265238922204466,56
sqlite:3648,radio-941af0b59d44ac77,False,Libyan_cells_dataset/cells.sqlite3,retained,Al-Madar,265238922204466,56
sqlite:4153,radio-941af0b59d44ac77,False,Libyan_cells_dataset/cells.sqlite3,retained,Al-Madar,265238922204466,56
sqlite:4172,radio-7fad0ddb9a87c9eb,False,Libyan_cells_dataset/cells.sqlite3,retained,Al-Madar,75191201259399,57
sqlite:4223,radio-7fad0ddb9a87c9eb,False,Libyan_cells_dataset/cells.sqlite3,retained,Al-Madar,75191201259399,57
sqlite:3649,radio-7fad0ddb9a87c9eb,False,Libyan_cells_dataset/cells.sqlite3,retained,Al-Madar,75191201259399,57
sqlite:4175,radio-f45687ea30c50797,False,Libyan_cells_dataset/cells.sqlite3,retained,Al-Madar,204018982122132,58
sqlite:3653,radio-f45687ea30c50797,False,Libyan_cells_dataset/cells.sqlite3,retained,Al-Madar,204018982122132,58
sqlite:4226,radio-f45687ea30c50797,False,Libyan_cells_dataset/cells.sqlite3,retained,Al-Madar,204018982122132,58
sqlite:4176,radio-f36f6bcfe7057d8e,False,Libyan_cells_dataset/cells.sqlite3,retained,Al-Madar,266563954341406,59
sqlite:3654,radio-f36f6bcfe7057d8e,False,Libyan_cells_dataset/cells.sqlite3,retained,Al-Madar,266563954341406,59
sqlite:4227,radio-f36f6bcfe7057d8e,False,Libyan_cells_dataset/cells.sqlite3,retained,Al-Madar,266563954341406,59
sqlite:4229,radio-1d61ad2fac24016f,False,Libyan_cells_dataset/cells.sqlite3,retained,Al-Madar,226057954998805,60
sqlite:3656,radio-1d61ad2fac24016f,False,Libyan_cells_dataset/cells.sqlite3,retained,Al-Madar,226057954998805,60
sqlite:4178,radio-1d61ad2fac24016f,False,Libyan_cells_dataset/cells.sqlite3,retained,Al-Madar,226057954998805,60
sqlite:4179,radio-0f3f38aa95098aa8,False,Libyan_cells_dataset/cells.sqlite3,retained,Al-Madar,896507807702,61
sqlite:3658,radio-0f3f38aa95098aa8,False,Libyan_cells_dataset/cells.sqlite3,retained,Al-Madar,896507807702,61
sqlite:4230,radio-0f3f38aa95098aa8,False,Libyan_cells_dataset/cells.sqlite3,retained,Al-Madar,896507807702,61
sqlite:3659,radio-b37adff62463ba07,False,Libyan_cells_dataset/cells.sqlite3,retained,Al-Madar,68252581040995,62
sqlite:4231,radio-b37adff62463ba07,False,Libyan_cells_dataset/cells.sqlite3,retained,Al-Madar,68252581040995,62
sqlite:4180,radio-b37adff62463ba07,False,Libyan_cells_dataset/cells.sqlite3,retained,Al-Madar,68252581040995,62
sqlite:3661,radio-09011461aa7bcc26,False,Libyan_cells_dataset/cells.sqlite3,retained,Al-Madar,261894369102111,63
sqlite:4148,radio-09011461aa7bcc26,False,Libyan_cells_dataset/cells.sqlite3,retained,Al-Madar,261894369102111,63
sqlite:4203,radio-09011461aa7bcc26,False,Libyan_cells_dataset/cells.sqlite3,retained,Al-Madar,261894369102111,63
collected:1035,radio-09011461aa7bcc26,False,data/new_data/libya_collected_antennas/cellmapper/cellmapper_libya_antennas.csv,retained,Al-Madar,261894369102111,
collected:1036,radio-09011461aa7bcc26,False,data/new_data/libya_collected_antennas/cellmapper/cellmapper_libya_antennas.csv,retained,Al-Madar,261894369102111,
sqlite:3666,radio-6253d8a5cd9d4418,False,Libyan_cells_dataset/cells.sqlite3,retained,Al-Madar,145338097231989,64
sqlite:3668,radio-80500e761023be6d,False,Libyan_cells_dataset/cells.sqlite3,retained,Al-Madar,100568312726219,65
sqlite:3669,radio-0b095402718d88c4,False,Libyan_cells_dataset/cells.sqlite3,retained,Al-Madar,51434621976720,66
sqlite:3670,radio-e91eb91da6289d78,False,Libyan_cells_dataset/cells.sqlite3,retained,Al-Madar,106961933094226,67
collected:1099,radio-7b18f778838a2380,False,data/new_data/libya_collected_antennas/cellmapper/cellmapper_libya_antennas.csv,retained,Al-Madar,183705263959482,
collected:1100,radio-7b18f778838a2380,False,data/new_data/libya_collected_antennas/cellmapper/cellmapper_libya_antennas.csv,retained,Al-Madar,183705263959482,
collected:1111,radio-46b5aaaf7105ec89,False,data/new_data/libya_collected_antennas/cellmapper/cellmapper_libya_antennas.csv,retained,Al-Madar,252619623037216,
collected:1112,radio-46b5aaaf7105ec89,False,data/new_data/libya_collected_antennas/cellmapper/cellmapper_libya_antennas.csv,retained,Al-Madar,252619623037216,
collected:1113,radio-46b5aaaf7105ec89,False,data/new_data/libya_collected_antennas/cellmapper/cellmapper_libya_antennas.csv,retained,Al-Madar,252619623037216,
sqlite:4217,radio-3dd79ac285afd65f,False,Libyan_cells_dataset/cells.sqlite3,retained,Al-Madar,217525117300008,68
sqlite:4166,radio-3dd79ac285afd65f,False,Libyan_cells_dataset/cells.sqlite3,retained,Al-Madar,217525117300008,68
collected:1033,radio-36e75c967791f29e,False,data/new_data/libya_collected_antennas/cellmapper/cellmapper_libya_antennas.csv,retained,Al-Madar,53054763882829,
collected:1034,radio-36e75c967791f29e,False,data/new_data/libya_collected_antennas/cellmapper/cellmapper_libya_antennas.csv,retained,Al-Madar,53054763882829,
collected:1114,radio-52fca334a4302bb8,False,data/new_data/libya_collected_antennas/cellmapper/cellmapper_libya_antennas.csv,retained,Al-Madar,272776945502942,
sqlite:4208,radio-b4f29d1416e1e0e7,False,Libyan_cells_dataset/cells.sqlite3,retained,Al-Madar,154751950225134,69
sqlite:4155,radio-b4f29d1416e1e0e7,False,Libyan_cells_dataset/cells.sqlite3,retained,Al-Madar,154751950225134,69
collected:1227,radio-b4f29d1416e1e0e7,False,data/new_data/libya_collected_antennas/cellmapper/cellmapper_libya_antennas.csv,retained,Al-Madar,154751950225134,
sqlite:4149,radio-ce2f8b3cbebfd961,False,Libyan_cells_dataset/cells.sqlite3,retained,Al-Madar,48684249842083,70
sqlite:4244,radio-ce2f8b3cbebfd961,False,Libyan_cells_dataset/cells.sqlite3,retained,Al-Madar,48684249842083,70
sqlite:4154,radio-5a5af67a47d12955,False,Libyan_cells_dataset/cells.sqlite3,retained,Al-Madar,250732021087839,71
sqlite:4245,radio-5a5af67a47d12955,False,Libyan_cells_dataset/cells.sqlite3,retained,Al-Madar,250732021087839,71
sqlite:4248,radio-03933e7c7049b92a,False,Libyan_cells_dataset/cells.sqlite3,retained,Al-Madar,97484402437244,72
sqlite:4164,radio-e1203fd6ac3314d4,False,Libyan_cells_dataset/cells.sqlite3,retained,Al-Madar,77933187015029,73
sqlite:4247,radio-e1203fd6ac3314d4,False,Libyan_cells_dataset/cells.sqlite3,retained,Al-Madar,77933187015029,73
sqlite:4163,radio-9b7c9e2f1f0f6182,False,Libyan_cells_dataset/cells.sqlite3,retained,Al-Madar,222166199135063,74
sqlite:4246,radio-9b7c9e2f1f0f6182,False,Libyan_cells_dataset/cells.sqlite3,retained,Al-Madar,222166199135063,74
sqlite:4250,radio-faf1f718d7ff62a6,False,Libyan_cells_dataset/cells.sqlite3,retained,Al-Madar,90896897655680,75
sqlite:4251,radio-8aca58bb508347d7,False,Libyan_cells_dataset/cells.sqlite3,retained,Al-Madar,24386331875380,76
sqlite:4252,radio-2578438fa107ff07,False,Libyan_cells_dataset/cells.sqlite3,retained,Al-Madar,117138333244474,77
sqlite:4192,radio-7f53475a242aa949,False,Libyan_cells_dataset/cells.sqlite3,retained,Al-Madar,276595735104644,78
sqlite:4191,radio-aa6a16479925d07e,False,Libyan_cells_dataset/cells.sqlite3,retained,Al-Madar,220764784759893,79
collected:1296,radio-d89dee524132fc5b,False,data/new_data/libya_collected_antennas/cellmapper/cellmapper_libya_antennas.csv,retained,Al-Madar,44430330703361,
sqlite:4189,radio-d89dee524132fc5b,False,Libyan_cells_dataset/cells.sqlite3,retained,Al-Madar,44430330703361,80
sqlite:4193,radio-ea9d9e8229ca8ca0,False,Libyan_cells_dataset/cells.sqlite3,retained,Al-Madar,130579185753685,81
sqlite:4190,radio-9c4f52db41faac20,False,Libyan_cells_dataset/cells.sqlite3,retained,Al-Madar,9940052295170,82
sqlite:3633,radio-176014c593ced1fa,False,Libyan_cells_dataset/cells.sqlite3,retained,Al-Madar,190112468759085,83
sqlite:3635,radio-dde7ee2318cf3662,False,Libyan_cells_dataset/cells.sqlite3,retained,Al-Madar,236506966063071,84
sqlite:4070,radio-dde7ee2318cf3662,False,Libyan_cells_dataset/cells.sqlite3,retained,Al-Madar,236506966063071,84
sqlite:3639,radio-50ff1ee7893372da,False,Libyan_cells_dataset/cells.sqlite3,retained,Al-Madar,273078778714036,85
sqlite:3641,radio-227e7f36a908bb2c,False,Libyan_cells_dataset/cells.sqlite3,retained,Al-Madar,50968637713480,86
sqlite:3657,radio-cb0596310032eb62,False,Libyan_cells_dataset/cells.sqlite3,retained,Al-Madar,117478294511060,87
sqlite:3671,radio-7bb35627e12b867a,False,Libyan_cells_dataset/cells.sqlite3,retained,Al-Madar,69320300926693,88
sqlite:4021,radio-a63913a9a0168b1e,False,Libyan_cells_dataset/cells.sqlite3,retained,Al-Madar,50462183532468,89
sqlite:4065,radio-a63913a9a0168b1e,False,Libyan_cells_dataset/cells.sqlite3,retained,Al-Madar,50462183532468,89
sqlite:4066,radio-2ee8593c05c6355b,False,Libyan_cells_dataset/cells.sqlite3,retained,Al-Madar,193358793451899,90
sqlite:4022,radio-2ee8593c05c6355b,False,Libyan_cells_dataset/cells.sqlite3,retained,Al-Madar,193358793451899,90
sqlite:4024,radio-09533a9cbe94adec,False,Libyan_cells_dataset/cells.sqlite3,retained,Al-Madar,155439156365272,91
sqlite:4067,radio-09533a9cbe94adec,False,Libyan_cells_dataset/cells.sqlite3,retained,Al-Madar,155439156365272,91
sqlite:4077,radio-a4ec4472456302cf,False,Libyan_cells_dataset/cells.sqlite3,retained,Al-Madar,2947730927923,92
sqlite:4078,radio-1073bcbc0eab49c4,False,Libyan_cells_dataset/cells.sqlite3,retained,Al-Madar,108988293676526,93
sqlite:4083,radio-ea9764049dc7a33a,False,Libyan_cells_dataset/cells.sqlite3,retained,Al-Madar,90513586364563,94
sqlite:4106,radio-f90f8bcb840149d3,False,Libyan_cells_dataset/cells.sqlite3,retained,Al-Madar,134281342636701,95
sqlite:4046,radio-f90f8bcb840149d3,False,Libyan_cells_dataset/cells.sqlite3,retained,Al-Madar,134281342636701,95
sqlite:3998,radio-f90f8bcb840149d3,False,Libyan_cells_dataset/cells.sqlite3,retained,Al-Madar,134281342636701,95
sqlite:3739,radio-f90f8bcb840149d3,False,Libyan_cells_dataset/cells.sqlite3,retained,Al-Madar,134281342636701,95
sqlite:3790,radio-f90f8bcb840149d3,False,Libyan_cells_dataset/cells.sqlite3,retained,Al-Madar,134281342636701,95
sqlite:3691,radio-f90f8bcb840149d3,False,Libyan_cells_dataset/cells.sqlite3,retained,Al-Madar,134281342636701,95
sqlite:3638,radio-de67006f55bac411,False,Libyan_cells_dataset/cells.sqlite3,retained,Al-Madar,90513586364563,94
sqlite:4088,radio-de67006f55bac411,False,Libyan_cells_dataset/cells.sqlite3,retained,Al-Madar,90513586364563,94
sqlite:4073,radio-2592cb427477ff9f,False,Libyan_cells_dataset/cells.sqlite3,retained,Al-Madar,181893069751555,96
sqlite:4074,radio-3f1a86c48488ecfa,False,Libyan_cells_dataset/cells.sqlite3,retained,Al-Madar,1644538438948,97
sqlite:4075,radio-ac6eacf0dcf2c158,False,Libyan_cells_dataset/cells.sqlite3,retained,Al-Madar,149861604923971,98
sqlite:4063,radio-7de56c9a16d5f758,False,Libyan_cells_dataset/cells.sqlite3,retained,Al-Madar,120439053274811,99
sqlite:4019,radio-7de56c9a16d5f758,False,Libyan_cells_dataset/cells.sqlite3,retained,Al-Madar,120439053274811,99
sqlite:4064,radio-419bc1710419d063,False,Libyan_cells_dataset/cells.sqlite3,retained,Al-Madar,159758099699056,100
sqlite:4020,radio-419bc1710419d063,False,Libyan_cells_dataset/cells.sqlite3,retained,Al-Madar,159758099699056,100
sqlite:3725,radio-fa8f8ec49802436a,False,Libyan_cells_dataset/cells.sqlite3,retained,Al-Madar,194110241769390,101
sqlite:4092,radio-fa8f8ec49802436a,False,Libyan_cells_dataset/cells.sqlite3,retained,Al-Madar,194110241769390,101
sqlite:4040,radio-fa8f8ec49802436a,False,Libyan_cells_dataset/cells.sqlite3,retained,Al-Madar,194110241769390,101
sqlite:3991,radio-fa8f8ec49802436a,False,Libyan_cells_dataset/cells.sqlite3,retained,Al-Madar,194110241769390,101
sqlite:3776,radio-fa8f8ec49802436a,False,Libyan_cells_dataset/cells.sqlite3,retained,Al-Madar,194110241769390,101
sqlite:3675,radio-fa8f8ec49802436a,False,Libyan_cells_dataset/cells.sqlite3,retained,Al-Madar,194110241769390,101
sqlite:3681,radio-de6a9c5848b810a1,False,Libyan_cells_dataset/cells.sqlite3,retained,Al-Madar,183429281846987,102
sqlite:3995,radio-de6a9c5848b810a1,False,Libyan_cells_dataset/cells.sqlite3,retained,Al-Madar,183429281846987,102
sqlite:4043,radio-de6a9c5848b810a1,False,Libyan_cells_dataset/cells.sqlite3,retained,Al-Madar,183429281846987,102
sqlite:4097,radio-de6a9c5848b810a1,False,Libyan_cells_dataset/cells.sqlite3,retained,Al-Madar,183429281846987,102
sqlite:3781,radio-de6a9c5848b810a1,False,Libyan_cells_dataset/cells.sqlite3,retained,Al-Madar,183429281846987,102
sqlite:3730,radio-de6a9c5848b810a1,False,Libyan_cells_dataset/cells.sqlite3,retained,Al-Madar,183429281846987,102
sqlite:4124,radio-c51112224cb94324,False,Libyan_cells_dataset/cells.sqlite3,retained,Al-Madar,227318045858259,103
sqlite:4052,radio-c51112224cb94324,False,Libyan_cells_dataset/cells.sqlite3,retained,Al-Madar,227318045858259,103
sqlite:3711,radio-c51112224cb94324,False,Libyan_cells_dataset/cells.sqlite3,retained,Al-Madar,227318045858259,103
sqlite:3808,radio-c51112224cb94324,False,Libyan_cells_dataset/cells.sqlite3,retained,Al-Madar,227318045858259,103
sqlite:4007,radio-c51112224cb94324,False,Libyan_cells_dataset/cells.sqlite3,retained,Al-Madar,227318045858259,103
sqlite:3757,radio-c51112224cb94324,False,Libyan_cells_dataset/cells.sqlite3,retained,Al-Madar,227318045858259,103
sqlite:4055,radio-9e7b0ec8e249c6f5,False,Libyan_cells_dataset/cells.sqlite3,retained,Al-Madar,65005606545867,104
sqlite:3716,radio-9e7b0ec8e249c6f5,False,Libyan_cells_dataset/cells.sqlite3,retained,Al-Madar,65005606545867,104
sqlite:4129,radio-9e7b0ec8e249c6f5,False,Libyan_cells_dataset/cells.sqlite3,retained,Al-Madar,65005606545867,104
sqlite:3762,radio-9e7b0ec8e249c6f5,False,Libyan_cells_dataset/cells.sqlite3,retained,Al-Madar,65005606545867,104
sqlite:4010,radio-9e7b0ec8e249c6f5,False,Libyan_cells_dataset/cells.sqlite3,retained,Al-Madar,65005606545867,104
sqlite:3813,radio-9e7b0ec8e249c6f5,False,Libyan_cells_dataset/cells.sqlite3,retained,Al-Madar,65005606545867,104
sqlite:3896,radio-3e11f9ca176dc33f,False,Libyan_cells_dataset/cells.sqlite3,retained,Al-Madar,159677233561835,105
sqlite:3855,radio-3e11f9ca176dc33f,False,Libyan_cells_dataset/cells.sqlite3,retained,Al-Madar,159677233561835,105
sqlite:3983,radio-3e11f9ca176dc33f,False,Libyan_cells_dataset/cells.sqlite3,retained,Al-Madar,159677233561835,105
sqlite:3622,radio-3e11f9ca176dc33f,False,Libyan_cells_dataset/cells.sqlite3,retained,Al-Madar,159677233561835,105
sqlite:3908,radio-11d32b37d5fa5d33,False,Libyan_cells_dataset/cells.sqlite3,retained,Al-Madar,52424303406126,106
sqlite:3909,radio-45066c5ada3343ed,False,Libyan_cells_dataset/cells.sqlite3,retained,Al-Madar,210621347545232,107
sqlite:3904,radio-4d5555864cfce04d,False,Libyan_cells_dataset/cells.sqlite3,retained,Al-Madar,69057573043365,108
sqlite:3868,radio-4d5555864cfce04d,False,Libyan_cells_dataset/cells.sqlite3,retained,Al-Madar,69057573043365,108
sqlite:3965,radio-8d831db9d189ba56,False,Libyan_cells_dataset/cells.sqlite3,retained,Al-Madar,69057573043365,108
sqlite:3840,radio-8d831db9d189ba56,False,Libyan_cells_dataset/cells.sqlite3,retained,Al-Madar,69057573043365,108
sqlite:3882,radio-8d831db9d189ba56,False,Libyan_cells_dataset/cells.sqlite3,retained,Al-Madar,69057573043365,108
sqlite:3883,radio-4b5c0402e2473bbe,False,Libyan_cells_dataset/cells.sqlite3,retained,Al-Madar,69057573043365,108
sqlite:3966,radio-4b5c0402e2473bbe,False,Libyan_cells_dataset/cells.sqlite3,retained,Al-Madar,69057573043365,108
sqlite:3841,radio-4b5c0402e2473bbe,False,Libyan_cells_dataset/cells.sqlite3,retained,Al-Madar,69057573043365,108
sqlite:3864,radio-a9d29bb15f96a9ce,False,Libyan_cells_dataset/cells.sqlite3,retained,Al-Madar,48166703306429,109
sqlite:3902,radio-a65a5d9c3a121725,False,Libyan_cells_dataset/cells.sqlite3,retained,Al-Madar,205554035896212,110
sqlite:3865,radio-a65a5d9c3a121725,False,Libyan_cells_dataset/cells.sqlite3,retained,Al-Madar,205554035896212,110
sqlite:3854,radio-cf006fdc1f4fc03c,False,Libyan_cells_dataset/cells.sqlite3,retained,Al-Madar,44051074475807,111
sqlite:3982,radio-cf006fdc1f4fc03c,False,Libyan_cells_dataset/cells.sqlite3,retained,Al-Madar,44051074475807,111
sqlite:3866,radio-bebb28ec75cda22f,False,Libyan_cells_dataset/cells.sqlite3,retained,Al-Madar,66274900944791,112
sqlite:3856,radio-fcafd8327a537e0e,False,Libyan_cells_dataset/cells.sqlite3,retained,Al-Madar,148001247317695,113
sqlite:3987,radio-fcafd8327a537e0e,False,Libyan_cells_dataset/cells.sqlite3,retained,Al-Madar,148001247317695,113
sqlite:3785,radio-6b6388c9b1a64bc2,False,Libyan_cells_dataset/cells.sqlite3,retained,Al-Madar,244135442838550,114
sqlite:3942,radio-6b6388c9b1a64bc2,False,Libyan_cells_dataset/cells.sqlite3,retained,Al-Madar,244135442838550,114
sqlite:3685,radio-6b6388c9b1a64bc2,False,Libyan_cells_dataset/cells.sqlite3,retained,Al-Madar,244135442838550,114
sqlite:4101,radio-6b6388c9b1a64bc2,False,Libyan_cells_dataset/cells.sqlite3,retained,Al-Madar,244135442838550,114
sqlite:3825,radio-6b6388c9b1a64bc2,False,Libyan_cells_dataset/cells.sqlite3,retained,Al-Madar,244135442838550,114
sqlite:3734,radio-6b6388c9b1a64bc2,False,Libyan_cells_dataset/cells.sqlite3,retained,Al-Madar,244135442838550,114
sqlite:3905,radio-d772abdf27dc3f3e,False,Libyan_cells_dataset/cells.sqlite3,retained,Al-Madar,28318054299071,115
sqlite:3869,radio-d772abdf27dc3f3e,False,Libyan_cells_dataset/cells.sqlite3,retained,Al-Madar,28318054299071,115
sqlite:4119,radio-d5060a8102a9dc89,False,Libyan_cells_dataset/cells.sqlite3,retained,Al-Madar,72799089120516,116
sqlite:3950,radio-d5060a8102a9dc89,False,Libyan_cells_dataset/cells.sqlite3,retained,Al-Madar,72799089120516,116
sqlite:3831,radio-d5060a8102a9dc89,False,Libyan_cells_dataset/cells.sqlite3,retained,Al-Madar,72799089120516,116
sqlite:3705,radio-d5060a8102a9dc89,False,Libyan_cells_dataset/cells.sqlite3,retained,Al-Madar,72799089120516,116
sqlite:3752,radio-d5060a8102a9dc89,False,Libyan_cells_dataset/cells.sqlite3,retained,Al-Madar,72799089120516,116
sqlite:3803,radio-d5060a8102a9dc89,False,Libyan_cells_dataset/cells.sqlite3,retained,Al-Madar,72799089120516,116
sqlite:3946,radio-eeaa59e4a41cb5e9,False,Libyan_cells_dataset/cells.sqlite3,retained,Al-Madar,224212953485505,117
sqlite:3875,radio-eeaa59e4a41cb5e9,False,Libyan_cells_dataset/cells.sqlite3,retained,Al-Madar,224212953485505,117
sqlite:3698,radio-eeaa59e4a41cb5e9,False,Libyan_cells_dataset/cells.sqlite3,retained,Al-Madar,224212953485505,117
sqlite:3796,radio-eeaa59e4a41cb5e9,False,Libyan_cells_dataset/cells.sqlite3,retained,Al-Madar,224212953485505,117
sqlite:3829,radio-eeaa59e4a41cb5e9,False,Libyan_cells_dataset/cells.sqlite3,retained,Al-Madar,224212953485505,117
sqlite:3745,radio-eeaa59e4a41cb5e9,False,Libyan_cells_dataset/cells.sqlite3,retained,Al-Madar,224212953485505,117
sqlite:4112,radio-eeaa59e4a41cb5e9,False,Libyan_cells_dataset/cells.sqlite3,retained,Al-Madar,224212953485505,117
sqlite:4102,radio-4716bee63e2a65cd,False,Libyan_cells_dataset/cells.sqlite3,retained,Al-Madar,75539706394284,118
sqlite:3943,radio-4716bee63e2a65cd,False,Libyan_cells_dataset/cells.sqlite3,retained,Al-Madar,75539706394284,118
sqlite:3826,radio-4716bee63e2a65cd,False,Libyan_cells_dataset/cells.sqlite3,retained,Al-Madar,75539706394284,118
sqlite:3735,radio-4716bee63e2a65cd,False,Libyan_cells_dataset/cells.sqlite3,retained,Al-Madar,75539706394284,118
sqlite:3786,radio-4716bee63e2a65cd,False,Libyan_cells_dataset/cells.sqlite3,retained,Al-Madar,75539706394284,118
sqlite:3686,radio-4716bee63e2a65cd,False,Libyan_cells_dataset/cells.sqlite3,retained,Al-Madar,75539706394284,118
sqlite:3787,radio-adbf5a71237270e6,False,Libyan_cells_dataset/cells.sqlite3,retained,Al-Madar,148522891404653,119
sqlite:3827,radio-adbf5a71237270e6,False,Libyan_cells_dataset/cells.sqlite3,retained,Al-Madar,148522891404653,119
sqlite:3944,radio-adbf5a71237270e6,False,Libyan_cells_dataset/cells.sqlite3,retained,Al-Madar,148522891404653,119
sqlite:3874,radio-adbf5a71237270e6,False,Libyan_cells_dataset/cells.sqlite3,retained,Al-Madar,148522891404653,119
sqlite:4103,radio-adbf5a71237270e6,False,Libyan_cells_dataset/cells.sqlite3,retained,Al-Madar,148522891404653,119
sqlite:3687,radio-adbf5a71237270e6,False,Libyan_cells_dataset/cells.sqlite3,retained,Al-Madar,148522891404653,119
sqlite:3736,radio-adbf5a71237270e6,False,Libyan_cells_dataset/cells.sqlite3,retained,Al-Madar,148522891404653,119
sqlite:3978,radio-c8b037197e7ea404,False,Libyan_cells_dataset/cells.sqlite3,retained,Al-Madar,220535338128876,120
sqlite:3851,radio-c8b037197e7ea404,False,Libyan_cells_dataset/cells.sqlite3,retained,Al-Madar,220535338128876,120
sqlite:3893,radio-c8b037197e7ea404,False,Libyan_cells_dataset/cells.sqlite3,retained,Al-Madar,220535338128876,120
sqlite:3859,radio-cc69a9a3a2a1670e,False,Libyan_cells_dataset/cells.sqlite3,retained,Al-Madar,135846256412062,121
sqlite:3898,radio-cc69a9a3a2a1670e,False,Libyan_cells_dataset/cells.sqlite3,retained,Al-Madar,135846256412062,121
sqlite:3862,radio-abe2186476d8ae2f,False,Libyan_cells_dataset/cells.sqlite3,retained,Al-Madar,61401674474603,122
sqlite:3872,radio-8bfcf0bfc4007183,False,Libyan_cells_dataset/cells.sqlite3,retained,Al-Madar,79870971829957,123
sqlite:3906,radio-8bfcf0bfc4007183,False,Libyan_cells_dataset/cells.sqlite3,retained,Al-Madar,79870971829957,123
sqlite:3907,radio-2d3fd82a430090b5,False,Libyan_cells_dataset/cells.sqlite3,retained,Al-Madar,60241946371239,124
sqlite:3945,radio-68c750155275b53f,False,Libyan_cells_dataset/cells.sqlite3,retained,Al-Madar,166989667874672,125
sqlite:3828,radio-68c750155275b53f,False,Libyan_cells_dataset/cells.sqlite3,retained,Al-Madar,166989667874672,125
sqlite:3738,radio-68c750155275b53f,False,Libyan_cells_dataset/cells.sqlite3,retained,Al-Madar,166989667874672,125
sqlite:4105,radio-68c750155275b53f,False,Libyan_cells_dataset/cells.sqlite3,retained,Al-Madar,166989667874672,125
sqlite:3690,radio-68c750155275b53f,False,Libyan_cells_dataset/cells.sqlite3,retained,Al-Madar,166989667874672,125
sqlite:3789,radio-68c750155275b53f,False,Libyan_cells_dataset/cells.sqlite3,retained,Al-Madar,166989667874672,125
sqlite:3901,radio-d44ffe34323f5363,False,Libyan_cells_dataset/cells.sqlite3,retained,Al-Madar,247280301381786,126
sqlite:3863,radio-d44ffe34323f5363,False,Libyan_cells_dataset/cells.sqlite3,retained,Al-Madar,247280301381786,126
sqlite:3674,radio-947033aba45c56b6,False,Libyan_cells_dataset/cells.sqlite3,retained,Al-Madar,2625565907411,127
sqlite:3939,radio-947033aba45c56b6,False,Libyan_cells_dataset/cells.sqlite3,retained,Al-Madar,2625565907411,127
sqlite:3724,radio-947033aba45c56b6,False,Libyan_cells_dataset/cells.sqlite3,retained,Al-Madar,2625565907411,127
sqlite:3873,radio-947033aba45c56b6,False,Libyan_cells_dataset/cells.sqlite3,retained,Al-Madar,2625565907411,127
sqlite:3823,radio-947033aba45c56b6,False,Libyan_cells_dataset/cells.sqlite3,retained,Al-Madar,2625565907411,127
sqlite:3775,radio-947033aba45c56b6,False,Libyan_cells_dataset/cells.sqlite3,retained,Al-Madar,2625565907411,127
sqlite:4091,radio-947033aba45c56b6,False,Libyan_cells_dataset/cells.sqlite3,retained,Al-Madar,2625565907411,127
sqlite:3903,radio-d1eb4c028f886031,False,Libyan_cells_dataset/cells.sqlite3,retained,Al-Madar,113483438211712,128
sqlite:3867,radio-d1eb4c028f886031,False,Libyan_cells_dataset/cells.sqlite3,retained,Al-Madar,113483438211712,128
sqlite:3637,radio-e54f1de2472d6b04,False,Libyan_cells_dataset/cells.sqlite3,retained,Al-Madar,57641243838952,129
sqlite:3899,radio-e54f1de2472d6b04,False,Libyan_cells_dataset/cells.sqlite3,retained,Al-Madar,57641243838952,129
sqlite:3860,radio-e54f1de2472d6b04,False,Libyan_cells_dataset/cells.sqlite3,retained,Al-Madar,57641243838952,129
sqlite:3878,radio-c82061fc02a8672d,False,Libyan_cells_dataset/cells.sqlite3,retained,Al-Madar,117538068930548,130
sqlite:3836,radio-c82061fc02a8672d,False,Libyan_cells_dataset/cells.sqlite3,retained,Al-Madar,117538068930548,130
sqlite:3961,radio-c82061fc02a8672d,False,Libyan_cells_dataset/cells.sqlite3,retained,Al-Madar,117538068930548,130
sqlite:3837,radio-54b95f0ffafe3b95,False,Libyan_cells_dataset/cells.sqlite3,retained,Al-Madar,117538068930548,130
sqlite:3879,radio-54b95f0ffafe3b95,False,Libyan_cells_dataset/cells.sqlite3,retained,Al-Madar,117538068930548,130
sqlite:3962,radio-54b95f0ffafe3b95,False,Libyan_cells_dataset/cells.sqlite3,retained,Al-Madar,117538068930548,130
sqlite:3900,radio-2650bb1849bcd1ee,False,Libyan_cells_dataset/cells.sqlite3,retained,Al-Madar,98667289313929,131
sqlite:3861,radio-2650bb1849bcd1ee,False,Libyan_cells_dataset/cells.sqlite3,retained,Al-Madar,98667289313929,131
sqlite:3897,radio-ef1ccf828ce4d44b,False,Libyan_cells_dataset/cells.sqlite3,retained,Al-Madar,67059497295675,132
sqlite:3857,radio-ef1ccf828ce4d44b,False,Libyan_cells_dataset/cells.sqlite3,retained,Al-Madar,67059497295675,132
sqlite:3988,radio-ef1ccf828ce4d44b,False,Libyan_cells_dataset/cells.sqlite3,retained,Al-Madar,67059497295675,132
sqlite:3880,radio-3b79e2b1fb4fc767,False,Libyan_cells_dataset/cells.sqlite3,retained,Al-Madar,173394293987754,133
sqlite:3838,radio-3b79e2b1fb4fc767,False,Libyan_cells_dataset/cells.sqlite3,retained,Al-Madar,173394293987754,133
sqlite:3963,radio-3b79e2b1fb4fc767,False,Libyan_cells_dataset/cells.sqlite3,retained,Al-Madar,173394293987754,133
sqlite:3881,radio-c0fc4705bd842e8e,False,Libyan_cells_dataset/cells.sqlite3,retained,Al-Madar,256905327321975,134
sqlite:3964,radio-c0fc4705bd842e8e,False,Libyan_cells_dataset/cells.sqlite3,retained,Al-Madar,256905327321975,134
sqlite:3839,radio-c0fc4705bd842e8e,False,Libyan_cells_dataset/cells.sqlite3,retained,Al-Madar,256905327321975,134
sqlite:3847,radio-e04289f7c804e74b,False,Libyan_cells_dataset/cells.sqlite3,retained,Al-Madar,49810051319592,135
sqlite:3974,radio-e04289f7c804e74b,False,Libyan_cells_dataset/cells.sqlite3,retained,Al-Madar,49810051319592,135
sqlite:3889,radio-e04289f7c804e74b,False,Libyan_cells_dataset/cells.sqlite3,retained,Al-Madar,49810051319592,135
sqlite:3910,radio-affb2f48063bad33,False,Libyan_cells_dataset/cells.sqlite3,retained,Al-Madar,154554813045785,136
sqlite:3835,radio-edf0b879d097149b,False,Libyan_cells_dataset/cells.sqlite3,retained,Al-Madar,64053719388722,137
sqlite:4137,radio-edf0b879d097149b,False,Libyan_cells_dataset/cells.sqlite3,retained,Al-Madar,64053719388722,137
sqlite:3958,radio-edf0b879d097149b,False,Libyan_cells_dataset/cells.sqlite3,retained,Al-Madar,64053719388722,137
sqlite:3877,radio-edf0b879d097149b,False,Libyan_cells_dataset/cells.sqlite3,retained,Al-Madar,64053719388722,137
sqlite:3914,radio-edf0b879d097149b,False,Libyan_cells_dataset/cells.sqlite3,retained,Al-Madar,64053719388722,137
sqlite:3842,radio-a50926c3a267108e,False,Libyan_cells_dataset/cells.sqlite3,retained,Al-Madar,160264915065536,138
sqlite:3969,radio-a50926c3a267108e,False,Libyan_cells_dataset/cells.sqlite3,retained,Al-Madar,160264915065536,138
sqlite:3917,radio-a50926c3a267108e,False,Libyan_cells_dataset/cells.sqlite3,retained,Al-Madar,160264915065536,138
sqlite:3884,radio-a50926c3a267108e,False,Libyan_cells_dataset/cells.sqlite3,retained,Al-Madar,160264915065536,138
sqlite:3895,radio-f8bb50c2e60eb2c8,False,Libyan_cells_dataset/cells.sqlite3,retained,Al-Madar,183277623956215,139
sqlite:3927,radio-f8bb50c2e60eb2c8,False,Libyan_cells_dataset/cells.sqlite3,retained,Al-Madar,183277623956215,139
sqlite:3981,radio-f8bb50c2e60eb2c8,False,Libyan_cells_dataset/cells.sqlite3,retained,Al-Madar,183277623956215,139
sqlite:3853,radio-f8bb50c2e60eb2c8,False,Libyan_cells_dataset/cells.sqlite3,retained,Al-Madar,183277623956215,139
sqlite:3843,radio-47482af860e77cca,False,Libyan_cells_dataset/cells.sqlite3,retained,Al-Madar,9196075855513,140
sqlite:3970,radio-47482af860e77cca,False,Libyan_cells_dataset/cells.sqlite3,retained,Al-Madar,9196075855513,140
sqlite:3885,radio-47482af860e77cca,False,Libyan_cells_dataset/cells.sqlite3,retained,Al-Madar,9196075855513,140
sqlite:3918,radio-47482af860e77cca,False,Libyan_cells_dataset/cells.sqlite3,retained,Al-Madar,9196075855513,140
sqlite:3886,radio-8cdb6bbcfa8b5883,False,Libyan_cells_dataset/cells.sqlite3,retained,Al-Madar,109944831875006,141
sqlite:3844,radio-8cdb6bbcfa8b5883,False,Libyan_cells_dataset/cells.sqlite3,retained,Al-Madar,109944831875006,141
sqlite:3919,radio-8cdb6bbcfa8b5883,False,Libyan_cells_dataset/cells.sqlite3,retained,Al-Madar,109944831875006,141
sqlite:3971,radio-8cdb6bbcfa8b5883,False,Libyan_cells_dataset/cells.sqlite3,retained,Al-Madar,109944831875006,141
sqlite:3980,radio-be3e39837abace23,False,Libyan_cells_dataset/cells.sqlite3,retained,Al-Madar,42105530104641,142
sqlite:3894,radio-be3e39837abace23,False,Libyan_cells_dataset/cells.sqlite3,retained,Al-Madar,42105530104641,142
sqlite:3852,radio-be3e39837abace23,False,Libyan_cells_dataset/cells.sqlite3,retained,Al-Madar,42105530104641,142
sqlite:3926,radio-be3e39837abace23,False,Libyan_cells_dataset/cells.sqlite3,retained,Al-Madar,42105530104641,142
sqlite:3845,radio-3e07e305a10f173b,False,Libyan_cells_dataset/cells.sqlite3,retained,Al-Madar,28567347014725,143
sqlite:3972,radio-3e07e305a10f173b,False,Libyan_cells_dataset/cells.sqlite3,retained,Al-Madar,28567347014725,143
sqlite:3887,radio-3e07e305a10f173b,False,Libyan_cells_dataset/cells.sqlite3,retained,Al-Madar,28567347014725,143
sqlite:3920,radio-3e07e305a10f173b,False,Libyan_cells_dataset/cells.sqlite3,retained,Al-Madar,28567347014725,143
sqlite:4136,radio-a3ca3c63c4c94349,False,Libyan_cells_dataset/cells.sqlite3,retained,Al-Madar,261054757270242,144
sqlite:3913,radio-a3ca3c63c4c94349,False,Libyan_cells_dataset/cells.sqlite3,retained,Al-Madar,261054757270242,144
sqlite:3957,radio-a3ca3c63c4c94349,False,Libyan_cells_dataset/cells.sqlite3,retained,Al-Madar,261054757270242,144
sqlite:3876,radio-a3ca3c63c4c94349,False,Libyan_cells_dataset/cells.sqlite3,retained,Al-Madar,261054757270242,144
sqlite:3834,radio-a3ca3c63c4c94349,False,Libyan_cells_dataset/cells.sqlite3,retained,Al-Madar,261054757270242,144
sqlite:3921,radio-d0a8670f99ef0691,False,Libyan_cells_dataset/cells.sqlite3,retained,Al-Madar,187253850865093,145
sqlite:3846,radio-d0a8670f99ef0691,False,Libyan_cells_dataset/cells.sqlite3,retained,Al-Madar,187253850865093,145
sqlite:3973,radio-d0a8670f99ef0691,False,Libyan_cells_dataset/cells.sqlite3,retained,Al-Madar,187253850865093,145
sqlite:3888,radio-d0a8670f99ef0691,False,Libyan_cells_dataset/cells.sqlite3,retained,Al-Madar,187253850865093,145
sqlite:3922,radio-1ce07762490169ec,False,Libyan_cells_dataset/cells.sqlite3,retained,Al-Madar,27281943660385,146
sqlite:3848,radio-1ce07762490169ec,False,Libyan_cells_dataset/cells.sqlite3,retained,Al-Madar,27281943660385,146
sqlite:3975,radio-1ce07762490169ec,False,Libyan_cells_dataset/cells.sqlite3,retained,Al-Madar,27281943660385,146
sqlite:3890,radio-1ce07762490169ec,False,Libyan_cells_dataset/cells.sqlite3,retained,Al-Madar,27281943660385,146
sqlite:3976,radio-016afcb4a1f958f6,False,Libyan_cells_dataset/cells.sqlite3,retained,Al-Madar,132383194554212,147
sqlite:3891,radio-016afcb4a1f958f6,False,Libyan_cells_dataset/cells.sqlite3,retained,Al-Madar,132383194554212,147
sqlite:3849,radio-016afcb4a1f958f6,False,Libyan_cells_dataset/cells.sqlite3,retained,Al-Madar,132383194554212,147
sqlite:3923,radio-016afcb4a1f958f6,False,Libyan_cells_dataset/cells.sqlite3,retained,Al-Madar,132383194554212,147
sqlite:3850,radio-9647e0f2c06c88cc,False,Libyan_cells_dataset/cells.sqlite3,retained,Al-Madar,112327165944139,148
sqlite:3924,radio-9647e0f2c06c88cc,False,Libyan_cells_dataset/cells.sqlite3,retained,Al-Madar,112327165944139,148
sqlite:3977,radio-9647e0f2c06c88cc,False,Libyan_cells_dataset/cells.sqlite3,retained,Al-Madar,112327165944139,148
sqlite:3892,radio-9647e0f2c06c88cc,False,Libyan_cells_dataset/cells.sqlite3,retained,Al-Madar,112327165944139,148
sqlite:3968,radio-05a45970fcb5c37b,False,Libyan_cells_dataset/cells.sqlite3,retained,Al-Madar,81564791518124,149
sqlite:3916,radio-05a45970fcb5c37b,False,Libyan_cells_dataset/cells.sqlite3,retained,Al-Madar,81564791518124,149
sqlite:3934,radio-05a45970fcb5c37b,False,Libyan_cells_dataset/cells.sqlite3,retained,Al-Madar,81564791518124,149
sqlite:3935,radio-0371f322ea165495,False,Libyan_cells_dataset/cells.sqlite3,retained,Al-Madar,10371369064126,150
sqlite:3979,radio-0371f322ea165495,False,Libyan_cells_dataset/cells.sqlite3,retained,Al-Madar,10371369064126,150
sqlite:3925,radio-0371f322ea165495,False,Libyan_cells_dataset/cells.sqlite3,retained,Al-Madar,10371369064126,150
sqlite:3928,radio-9acc207372948066,False,Libyan_cells_dataset/cells.sqlite3,retained,Al-Madar,250465887464180,151
sqlite:3984,radio-9acc207372948066,False,Libyan_cells_dataset/cells.sqlite3,retained,Al-Madar,250465887464180,151
sqlite:3936,radio-9acc207372948066,False,Libyan_cells_dataset/cells.sqlite3,retained,Al-Madar,250465887464180,151
sqlite:3937,radio-4719afa2d2cf5e7a,False,Libyan_cells_dataset/cells.sqlite3,retained,Al-Madar,188969941184843,152
sqlite:3929,radio-4719afa2d2cf5e7a,False,Libyan_cells_dataset/cells.sqlite3,retained,Al-Madar,188969941184843,152
sqlite:3985,radio-4719afa2d2cf5e7a,False,Libyan_cells_dataset/cells.sqlite3,retained,Al-Madar,188969941184843,152
sqlite:3986,radio-9ca57a827d28af3c,False,Libyan_cells_dataset/cells.sqlite3,retained,Al-Madar,106498303058779,153
sqlite:3930,radio-9ca57a827d28af3c,False,Libyan_cells_dataset/cells.sqlite3,retained,Al-Madar,106498303058779,153
sqlite:3938,radio-9ca57a827d28af3c,False,Libyan_cells_dataset/cells.sqlite3,retained,Al-Madar,106498303058779,153
sqlite:4256,radio-0e015efd78173fbf,False,Libyan_cells_dataset/cells.sqlite3,retained,Al-Madar,114532933123090,154
sqlite:4253,radio-be982723dee6b3c0,False,Libyan_cells_dataset/cells.sqlite3,retained,Al-Madar,23858913465104,155
sqlite:4254,radio-88524ce7ec46a958,False,Libyan_cells_dataset/cells.sqlite3,retained,Al-Madar,61417259930089,156
sqlite:4255,radio-e82af0960e84e469,False,Libyan_cells_dataset/cells.sqlite3,retained,Al-Madar,79669680855572,157
sqlite:3822,radio-73e1edd6ce34bd3d,False,Libyan_cells_dataset/cells.sqlite3,retained,Al-Madar,87858685597939,158
sqlite:3771,radio-73e1edd6ce34bd3d,False,Libyan_cells_dataset/cells.sqlite3,retained,Al-Madar,87858685597939,158
sqlite:4249,radio-c3cc71dd4754339c,False,Libyan_cells_dataset/cells.sqlite3,retained,Al-Madar,70510892213195,159
sqlite:4258,radio-c3cc71dd4754339c,False,Libyan_cells_dataset/cells.sqlite3,retained,Al-Madar,70510892213195,159
sqlite:4257,radio-19e77226fcf9c05c,False,Libyan_cells_dataset/cells.sqlite3,retained,Al-Madar,264433202545703,160
sqlite:3994,radio-ec2b2faf01e6d907,False,Libyan_cells_dataset/cells.sqlite3,retained,Al-Madar,73664108113378,161
sqlite:3780,radio-ec2b2faf01e6d907,False,Libyan_cells_dataset/cells.sqlite3,retained,Al-Madar,73664108113378,161
sqlite:3680,radio-ec2b2faf01e6d907,False,Libyan_cells_dataset/cells.sqlite3,retained,Al-Madar,73664108113378,161
sqlite:4042,radio-ec2b2faf01e6d907,False,Libyan_cells_dataset/cells.sqlite3,retained,Al-Madar,73664108113378,161
sqlite:4096,radio-ec2b2faf01e6d907,False,Libyan_cells_dataset/cells.sqlite3,retained,Al-Madar,73664108113378,161
sqlite:3729,radio-ec2b2faf01e6d907,False,Libyan_cells_dataset/cells.sqlite3,retained,Al-Madar,73664108113378,161
sqlite:4098,radio-764771facc296aa1,False,Libyan_cells_dataset/cells.sqlite3,retained,Al-Madar,211197315309013,162
sqlite:3996,radio-764771facc296aa1,False,Libyan_cells_dataset/cells.sqlite3,retained,Al-Madar,211197315309013,162
sqlite:4044,radio-764771facc296aa1,False,Libyan_cells_dataset/cells.sqlite3,retained,Al-Madar,211197315309013,162
sqlite:3731,radio-764771facc296aa1,False,Libyan_cells_dataset/cells.sqlite3,retained,Al-Madar,211197315309013,162
sqlite:3682,radio-764771facc296aa1,False,Libyan_cells_dataset/cells.sqlite3,retained,Al-Madar,211197315309013,162
sqlite:3782,radio-764771facc296aa1,False,Libyan_cells_dataset/cells.sqlite3,retained,Al-Madar,211197315309013,162
sqlite:3750,radio-12d0c3bb63a0e393,False,Libyan_cells_dataset/cells.sqlite3,retained,Al-Madar,6005496287507,163
sqlite:4117,radio-12d0c3bb63a0e393,False,Libyan_cells_dataset/cells.sqlite3,retained,Al-Madar,6005496287507,163
sqlite:4005,radio-12d0c3bb63a0e393,False,Libyan_cells_dataset/cells.sqlite3,retained,Al-Madar,6005496287507,163
sqlite:3703,radio-12d0c3bb63a0e393,False,Libyan_cells_dataset/cells.sqlite3,retained,Al-Madar,6005496287507,163
sqlite:4050,radio-12d0c3bb63a0e393,False,Libyan_cells_dataset/cells.sqlite3,retained,Al-Madar,6005496287507,163
sqlite:3801,radio-12d0c3bb63a0e393,False,Libyan_cells_dataset/cells.sqlite3,retained,Al-Madar,6005496287507,163
sqlite:3768,radio-100a82b9bc7098ef,False,Libyan_cells_dataset/cells.sqlite3,retained,Al-Madar,40258230958244,164
sqlite:4060,radio-100a82b9bc7098ef,False,Libyan_cells_dataset/cells.sqlite3,retained,Al-Madar,40258230958244,164
sqlite:3819,radio-100a82b9bc7098ef,False,Libyan_cells_dataset/cells.sqlite3,retained,Al-Madar,40258230958244,164
sqlite:4016,radio-100a82b9bc7098ef,False,Libyan_cells_dataset/cells.sqlite3,retained,Al-Madar,40258230958244,164
sqlite:4135,radio-100a82b9bc7098ef,False,Libyan_cells_dataset/cells.sqlite3,retained,Al-Madar,40258230958244,164
sqlite:4076,radio-342b04cf719de991,False,Libyan_cells_dataset/cells.sqlite3,retained,Al-Madar,256294346087166,165
sqlite:4081,radio-2e4530cafd72720a,False,Libyan_cells_dataset/cells.sqlite3,retained,Al-Madar,183528739006248,166
sqlite:4082,radio-270c3a586e437d8b,False,Libyan_cells_dataset/cells.sqlite3,retained,Al-Madar,187272272031167,167
sqlite:4062,radio-9237cbe2ee486fe3,False,Libyan_cells_dataset/cells.sqlite3,retained,Al-Madar,21753544393778,168
sqlite:4018,radio-9237cbe2ee486fe3,False,Libyan_cells_dataset/cells.sqlite3,retained,Al-Madar,21753544393778,168
sqlite:3821,radio-9237cbe2ee486fe3,False,Libyan_cells_dataset/cells.sqlite3,retained,Al-Madar,21753544393778,168
sqlite:3770,radio-9237cbe2ee486fe3,False,Libyan_cells_dataset/cells.sqlite3,retained,Al-Madar,21753544393778,168
sqlite:3997,radio-af61b64e8d72c3d9,False,Libyan_cells_dataset/cells.sqlite3,retained,Al-Madar,160097220090873,169
sqlite:4045,radio-af61b64e8d72c3d9,False,Libyan_cells_dataset/cells.sqlite3,retained,Al-Madar,160097220090873,169
sqlite:3733,radio-af61b64e8d72c3d9,False,Libyan_cells_dataset/cells.sqlite3,retained,Al-Madar,160097220090873,169
sqlite:4100,radio-af61b64e8d72c3d9,False,Libyan_cells_dataset/cells.sqlite3,retained,Al-Madar,160097220090873,169
sqlite:3784,radio-af61b64e8d72c3d9,False,Libyan_cells_dataset/cells.sqlite3,retained,Al-Madar,160097220090873,169
sqlite:3684,radio-af61b64e8d72c3d9,False,Libyan_cells_dataset/cells.sqlite3,retained,Al-Madar,160097220090873,169
sqlite:3814,radio-e9ff8bbfab79b037,False,Libyan_cells_dataset/cells.sqlite3,retained,Al-Madar,24051038293588,170
sqlite:4011,radio-e9ff8bbfab79b037,False,Libyan_cells_dataset/cells.sqlite3,retained,Al-Madar,24051038293588,170
sqlite:3763,radio-e9ff8bbfab79b037,False,Libyan_cells_dataset/cells.sqlite3,retained,Al-Madar,24051038293588,170
sqlite:4056,radio-e9ff8bbfab79b037,False,Libyan_cells_dataset/cells.sqlite3,retained,Al-Madar,24051038293588,170
sqlite:4130,radio-e9ff8bbfab79b037,False,Libyan_cells_dataset/cells.sqlite3,retained,Al-Madar,24051038293588,170
sqlite:3717,radio-e9ff8bbfab79b037,False,Libyan_cells_dataset/cells.sqlite3,retained,Al-Madar,24051038293588,170
sqlite:3688,radio-fb74e5f1e725c8de,False,Libyan_cells_dataset/cells.sqlite3,retained,Al-Madar,278301426681257,171
sqlite:3788,radio-fb74e5f1e725c8de,False,Libyan_cells_dataset/cells.sqlite3,retained,Al-Madar,278301426681257,171
sqlite:3737,radio-fb74e5f1e725c8de,False,Libyan_cells_dataset/cells.sqlite3,retained,Al-Madar,278301426681257,171
sqlite:4104,radio-fb74e5f1e725c8de,False,Libyan_cells_dataset/cells.sqlite3,retained,Al-Madar,278301426681257,171
sqlite:3693,radio-bbe254e9cae5be94,False,Libyan_cells_dataset/cells.sqlite3,retained,Al-Madar,145983793480284,172
sqlite:3740,radio-bbe254e9cae5be94,False,Libyan_cells_dataset/cells.sqlite3,retained,Al-Madar,145983793480284,172
sqlite:3791,radio-bbe254e9cae5be94,False,Libyan_cells_dataset/cells.sqlite3,retained,Al-Madar,145983793480284,172
sqlite:4107,radio-bbe254e9cae5be94,False,Libyan_cells_dataset/cells.sqlite3,retained,Al-Madar,145983793480284,172
sqlite:3999,radio-15a445c0df84f8ef,False,Libyan_cells_dataset/cells.sqlite3,retained,Al-Madar,85557778924405,173
sqlite:3742,radio-15a445c0df84f8ef,False,Libyan_cells_dataset/cells.sqlite3,retained,Al-Madar,85557778924405,173
sqlite:3695,radio-15a445c0df84f8ef,False,Libyan_cells_dataset/cells.sqlite3,retained,Al-Madar,85557778924405,173
sqlite:4109,radio-15a445c0df84f8ef,False,Libyan_cells_dataset/cells.sqlite3,retained,Al-Madar,85557778924405,173
sqlite:3793,radio-15a445c0df84f8ef,False,Libyan_cells_dataset/cells.sqlite3,retained,Al-Madar,85557778924405,173
sqlite:3761,radio-5dfbeb8fa27ed53b,False,Libyan_cells_dataset/cells.sqlite3,retained,Al-Madar,108119880363449,174
sqlite:4009,radio-5dfbeb8fa27ed53b,False,Libyan_cells_dataset/cells.sqlite3,retained,Al-Madar,108119880363449,174
sqlite:4128,radio-5dfbeb8fa27ed53b,False,Libyan_cells_dataset/cells.sqlite3,retained,Al-Madar,108119880363449,174
sqlite:3812,radio-5dfbeb8fa27ed53b,False,Libyan_cells_dataset/cells.sqlite3,retained,Al-Madar,108119880363449,174
sqlite:4054,radio-5dfbeb8fa27ed53b,False,Libyan_cells_dataset/cells.sqlite3,retained,Al-Madar,108119880363449,174
sqlite:3715,radio-5dfbeb8fa27ed53b,False,Libyan_cells_dataset/cells.sqlite3,retained,Al-Madar,108119880363449,174
sqlite:3741,radio-60da59ca6e2c71d0,False,Libyan_cells_dataset/cells.sqlite3,retained,Al-Madar,263681282722754,175
sqlite:3694,radio-60da59ca6e2c71d0,False,Libyan_cells_dataset/cells.sqlite3,retained,Al-Madar,263681282722754,175
sqlite:4108,radio-60da59ca6e2c71d0,False,Libyan_cells_dataset/cells.sqlite3,retained,Al-Madar,263681282722754,175
sqlite:3792,radio-60da59ca6e2c71d0,False,Libyan_cells_dataset/cells.sqlite3,retained,Al-Madar,263681282722754,175
sqlite:3689,radio-9490de7f994cc572,False,Libyan_cells_dataset/cells.sqlite3,retained,Al-Madar,205199651611803,176
sqlite:3959,radio-fd7602d44565bed2,False,Libyan_cells_dataset/cells.sqlite3,retained,Al-Madar,43652265679374,177
sqlite:3870,radio-079ccfb34844e883,False,Libyan_cells_dataset/cells.sqlite3,retained,Al-Madar,107730722234702,178
sqlite:3683,radio-77117422aa76aae9,False,Libyan_cells_dataset/cells.sqlite3,retained,Al-Madar,184846972763343,179
sqlite:3732,radio-77117422aa76aae9,False,Libyan_cells_dataset/cells.sqlite3,retained,Al-Madar,184846972763343,179
sqlite:3783,radio-77117422aa76aae9,False,Libyan_cells_dataset/cells.sqlite3,retained,Al-Madar,184846972763343,179
sqlite:4099,radio-77117422aa76aae9,False,Libyan_cells_dataset/cells.sqlite3,retained,Al-Madar,184846972763343,179
sqlite:4118,radio-c12ea49dd6c0401b,False,Libyan_cells_dataset/cells.sqlite3,retained,Al-Madar,149030794993751,180
sqlite:3704,radio-c12ea49dd6c0401b,False,Libyan_cells_dataset/cells.sqlite3,retained,Al-Madar,149030794993751,180
sqlite:3802,radio-c12ea49dd6c0401b,False,Libyan_cells_dataset/cells.sqlite3,retained,Al-Madar,149030794993751,180
sqlite:3949,radio-c12ea49dd6c0401b,False,Libyan_cells_dataset/cells.sqlite3,retained,Al-Madar,149030794993751,180
sqlite:3751,radio-c12ea49dd6c0401b,False,Libyan_cells_dataset/cells.sqlite3,retained,Al-Madar,149030794993751,180
sqlite:3692,radio-37d8522ebce22489,False,Libyan_cells_dataset/cells.sqlite3,retained,Al-Madar,215701432320015,181
sqlite:3706,radio-4f11ab8073937c69,False,Libyan_cells_dataset/cells.sqlite3,retained,Al-Madar,62127179155992,182
sqlite:3753,radio-4f11ab8073937c69,False,Libyan_cells_dataset/cells.sqlite3,retained,Al-Madar,62127179155992,182
sqlite:3804,radio-4f11ab8073937c69,False,Libyan_cells_dataset/cells.sqlite3,retained,Al-Madar,62127179155992,182
sqlite:4120,radio-4f11ab8073937c69,False,Libyan_cells_dataset/cells.sqlite3,retained,Al-Madar,62127179155992,182
sqlite:4122,radio-dcc58438f8ad630b,False,Libyan_cells_dataset/cells.sqlite3,retained,Al-Madar,188736846120302,183
sqlite:3708,radio-dcc58438f8ad630b,False,Libyan_cells_dataset/cells.sqlite3,retained,Al-Madar,188736846120302,183
sqlite:3755,radio-dcc58438f8ad630b,False,Libyan_cells_dataset/cells.sqlite3,retained,Al-Madar,188736846120302,183
sqlite:3806,radio-dcc58438f8ad630b,False,Libyan_cells_dataset/cells.sqlite3,retained,Al-Madar,188736846120302,183
sqlite:3960,radio-039beba967c11b16,False,Libyan_cells_dataset/cells.sqlite3,retained,Al-Madar,227079046322942,184
sqlite:3777,radio-d58c249ae1f5d7d8,False,Libyan_cells_dataset/cells.sqlite3,retained,Al-Madar,16784209125447,185
sqlite:4093,radio-d58c249ae1f5d7d8,False,Libyan_cells_dataset/cells.sqlite3,retained,Al-Madar,16784209125447,185
sqlite:3824,radio-d58c249ae1f5d7d8,False,Libyan_cells_dataset/cells.sqlite3,retained,Al-Madar,16784209125447,185
sqlite:3676,radio-d58c249ae1f5d7d8,False,Libyan_cells_dataset/cells.sqlite3,retained,Al-Madar,16784209125447,185
sqlite:3940,radio-d58c249ae1f5d7d8,False,Libyan_cells_dataset/cells.sqlite3,retained,Al-Madar,16784209125447,185
sqlite:3726,radio-d58c249ae1f5d7d8,False,Libyan_cells_dataset/cells.sqlite3,retained,Al-Madar,16784209125447,185
sqlite:3709,radio-f4e2d3f477d9a26a,False,Libyan_cells_dataset/cells.sqlite3,retained,Al-Madar,99137094198364,186
sqlite:4123,radio-f4e2d3f477d9a26a,False,Libyan_cells_dataset/cells.sqlite3,retained,Al-Madar,99137094198364,186
sqlite:3952,radio-f4e2d3f477d9a26a,False,Libyan_cells_dataset/cells.sqlite3,retained,Al-Madar,99137094198364,186
sqlite:3756,radio-f4e2d3f477d9a26a,False,Libyan_cells_dataset/cells.sqlite3,retained,Al-Madar,99137094198364,186
sqlite:3832,radio-f4e2d3f477d9a26a,False,Libyan_cells_dataset/cells.sqlite3,retained,Al-Madar,99137094198364,186
sqlite:3807,radio-f4e2d3f477d9a26a,False,Libyan_cells_dataset/cells.sqlite3,retained,Al-Madar,99137094198364,186
sqlite:4125,radio-e81602070e52e845,False,Libyan_cells_dataset/cells.sqlite3,retained,Al-Madar,67919421840029,187
sqlite:3809,radio-e81602070e52e845,False,Libyan_cells_dataset/cells.sqlite3,retained,Al-Madar,67919421840029,187
sqlite:3758,radio-e81602070e52e845,False,Libyan_cells_dataset/cells.sqlite3,retained,Al-Madar,67919421840029,187
sqlite:3954,radio-e81602070e52e845,False,Libyan_cells_dataset/cells.sqlite3,retained,Al-Madar,67919421840029,187
sqlite:3712,radio-e81602070e52e845,False,Libyan_cells_dataset/cells.sqlite3,retained,Al-Madar,67919421840029,187
sqlite:4126,radio-bc544774177bd834,False,Libyan_cells_dataset/cells.sqlite3,retained,Al-Madar,83820516929695,188
sqlite:3810,radio-bc544774177bd834,False,Libyan_cells_dataset/cells.sqlite3,retained,Al-Madar,83820516929695,188
sqlite:3759,radio-bc544774177bd834,False,Libyan_cells_dataset/cells.sqlite3,retained,Al-Madar,83820516929695,188
sqlite:3833,radio-bc544774177bd834,False,Libyan_cells_dataset/cells.sqlite3,retained,Al-Madar,83820516929695,188
sqlite:3955,radio-bc544774177bd834,False,Libyan_cells_dataset/cells.sqlite3,retained,Al-Madar,83820516929695,188
sqlite:3713,radio-bc544774177bd834,False,Libyan_cells_dataset/cells.sqlite3,retained,Al-Madar,83820516929695,188
sqlite:3645,radio-e3f25564252252b5,False,Libyan_cells_dataset/cells.sqlite3,retained,Al-Madar,163660171777169,189
sqlite:3662,radio-abe58d93d5bfe8d5,False,Libyan_cells_dataset/cells.sqlite3,retained,Al-Madar,161515613391614,190
sqlite:4038,radio-78f99ae5ffa9e2c4,False,Libyan_cells_dataset/cells.sqlite3,retained,Al-Madar,73344344863370,191
sqlite:4079,radio-2d70b81038c19bd6,False,Libyan_cells_dataset/cells.sqlite3,retained,Al-Madar,97010117477070,192
sqlite:4080,radio-501bb73257c6bf8b,False,Libyan_cells_dataset/cells.sqlite3,retained,Al-Madar,191890030519666,193
sqlite:4030,radio-88c79923128fe6b0,False,Libyan_cells_dataset/cells.sqlite3,retained,Al-Madar,196691768609737,194
sqlite:4025,radio-625a050331c5503a,False,Libyan_cells_dataset/cells.sqlite3,retained,Al-Madar,154850518561719,195
sqlite:4068,radio-625a050331c5503a,False,Libyan_cells_dataset/cells.sqlite3,retained,Al-Madar,154850518561719,195
sqlite:4028,radio-633c53730d330319,False,Libyan_cells_dataset/cells.sqlite3,retained,Al-Madar,44459127786535,196
sqlite:4069,radio-633c53730d330319,False,Libyan_cells_dataset/cells.sqlite3,retained,Al-Madar,44459127786535,196
sqlite:3798,radio-b9b6c725b30e48fd,False,Libyan_cells_dataset/cells.sqlite3,retained,Al-Madar,16640609454576,197
sqlite:4003,radio-b9b6c725b30e48fd,False,Libyan_cells_dataset/cells.sqlite3,retained,Al-Madar,16640609454576,197
sqlite:4114,radio-b9b6c725b30e48fd,False,Libyan_cells_dataset/cells.sqlite3,retained,Al-Madar,16640609454576,197
sqlite:4048,radio-b9b6c725b30e48fd,False,Libyan_cells_dataset/cells.sqlite3,retained,Al-Madar,16640609454576,197
sqlite:3700,radio-b9b6c725b30e48fd,False,Libyan_cells_dataset/cells.sqlite3,retained,Al-Madar,16640609454576,197
sqlite:3747,radio-b9b6c725b30e48fd,False,Libyan_cells_dataset/cells.sqlite3,retained,Al-Madar,16640609454576,197
sqlite:3815,radio-9aaff53829ba81ca,False,Libyan_cells_dataset/cells.sqlite3,retained,Al-Madar,158068592088185,198
sqlite:3718,radio-9aaff53829ba81ca,False,Libyan_cells_dataset/cells.sqlite3,retained,Al-Madar,158068592088185,198
sqlite:3764,radio-9aaff53829ba81ca,False,Libyan_cells_dataset/cells.sqlite3,retained,Al-Madar,158068592088185,198
sqlite:4012,radio-9aaff53829ba81ca,False,Libyan_cells_dataset/cells.sqlite3,retained,Al-Madar,158068592088185,198
sqlite:4131,radio-9aaff53829ba81ca,False,Libyan_cells_dataset/cells.sqlite3,retained,Al-Madar,158068592088185,198
sqlite:4057,radio-9aaff53829ba81ca,False,Libyan_cells_dataset/cells.sqlite3,retained,Al-Madar,158068592088185,198
sqlite:3719,radio-790c2a1596f78c28,False,Libyan_cells_dataset/cells.sqlite3,retained,Al-Madar,116902031121828,199
sqlite:3765,radio-790c2a1596f78c28,False,Libyan_cells_dataset/cells.sqlite3,retained,Al-Madar,116902031121828,199
sqlite:4013,radio-790c2a1596f78c28,False,Libyan_cells_dataset/cells.sqlite3,retained,Al-Madar,116902031121828,199
sqlite:4132,radio-790c2a1596f78c28,False,Libyan_cells_dataset/cells.sqlite3,retained,Al-Madar,116902031121828,199
sqlite:3816,radio-790c2a1596f78c28,False,Libyan_cells_dataset/cells.sqlite3,retained,Al-Madar,116902031121828,199
sqlite:4058,radio-790c2a1596f78c28,False,Libyan_cells_dataset/cells.sqlite3,retained,Al-Madar,116902031121828,199
sqlite:4004,radio-5b187cafee3a2688,False,Libyan_cells_dataset/cells.sqlite3,retained,Al-Madar,62941809494113,200
sqlite:4049,radio-5b187cafee3a2688,False,Libyan_cells_dataset/cells.sqlite3,retained,Al-Madar,62941809494113,200
sqlite:4115,radio-5b187cafee3a2688,False,Libyan_cells_dataset/cells.sqlite3,retained,Al-Madar,62941809494113,200
sqlite:3701,radio-5b187cafee3a2688,False,Libyan_cells_dataset/cells.sqlite3,retained,Al-Madar,62941809494113,200
sqlite:3799,radio-5b187cafee3a2688,False,Libyan_cells_dataset/cells.sqlite3,retained,Al-Madar,62941809494113,200
sqlite:3748,radio-5b187cafee3a2688,False,Libyan_cells_dataset/cells.sqlite3,retained,Al-Madar,62941809494113,200
sqlite:3779,radio-b5c2d73252f58c02,False,Libyan_cells_dataset/cells.sqlite3,retained,Al-Madar,211158650059247,201
sqlite:4095,radio-b5c2d73252f58c02,False,Libyan_cells_dataset/cells.sqlite3,retained,Al-Madar,211158650059247,201
sqlite:4041,radio-b5c2d73252f58c02,False,Libyan_cells_dataset/cells.sqlite3,retained,Al-Madar,211158650059247,201
sqlite:3728,radio-b5c2d73252f58c02,False,Libyan_cells_dataset/cells.sqlite3,retained,Al-Madar,211158650059247,201
sqlite:3993,radio-b5c2d73252f58c02,False,Libyan_cells_dataset/cells.sqlite3,retained,Al-Madar,211158650059247,201
sqlite:3678,radio-b5c2d73252f58c02,False,Libyan_cells_dataset/cells.sqlite3,retained,Al-Madar,211158650059247,201
sqlite:4047,radio-c7e275b557dc274e,False,Libyan_cells_dataset/cells.sqlite3,retained,Al-Madar,29859726437407,202
sqlite:4110,radio-c7e275b557dc274e,False,Libyan_cells_dataset/cells.sqlite3,retained,Al-Madar,29859726437407,202
sqlite:3794,radio-c7e275b557dc274e,False,Libyan_cells_dataset/cells.sqlite3,retained,Al-Madar,29859726437407,202
sqlite:3743,radio-c7e275b557dc274e,False,Libyan_cells_dataset/cells.sqlite3,retained,Al-Madar,29859726437407,202
sqlite:3696,radio-c7e275b557dc274e,False,Libyan_cells_dataset/cells.sqlite3,retained,Al-Madar,29859726437407,202
sqlite:4000,radio-c7e275b557dc274e,False,Libyan_cells_dataset/cells.sqlite3,retained,Al-Madar,29859726437407,202
sqlite:4061,radio-0f0c92831e4f3132,False,Libyan_cells_dataset/cells.sqlite3,retained,Al-Madar,4960853581566,203
sqlite:4017,radio-0f0c92831e4f3132,False,Libyan_cells_dataset/cells.sqlite3,retained,Al-Madar,4960853581566,203
sqlite:4138,radio-0f0c92831e4f3132,False,Libyan_cells_dataset/cells.sqlite3,retained,Al-Madar,4960853581566,203
sqlite:3769,radio-0f0c92831e4f3132,False,Libyan_cells_dataset/cells.sqlite3,retained,Al-Madar,4960853581566,203
sqlite:3820,radio-0f0c92831e4f3132,False,Libyan_cells_dataset/cells.sqlite3,retained,Al-Madar,4960853581566,203
sqlite:3723,radio-2a406ca0dd2cadb6,False,Libyan_cells_dataset/cells.sqlite3,retained,Al-Madar,57059639016102,204
sqlite:4090,radio-2a406ca0dd2cadb6,False,Libyan_cells_dataset/cells.sqlite3,retained,Al-Madar,57059639016102,204
sqlite:3990,radio-2a406ca0dd2cadb6,False,Libyan_cells_dataset/cells.sqlite3,retained,Al-Madar,57059639016102,204
sqlite:3774,radio-2a406ca0dd2cadb6,False,Libyan_cells_dataset/cells.sqlite3,retained,Al-Madar,57059639016102,204
sqlite:3673,radio-2a406ca0dd2cadb6,False,Libyan_cells_dataset/cells.sqlite3,retained,Al-Madar,57059639016102,204
sqlite:4023,radio-8b40d83c1b415867,False,Libyan_cells_dataset/cells.sqlite3,retained,Al-Madar,252948005268973,205
sqlite:4026,radio-78490de5515b4d53,False,Libyan_cells_dataset/cells.sqlite3,retained,Al-Madar,246584036548554,206
sqlite:3677,radio-748bd3ca167ce374,False,Libyan_cells_dataset/cells.sqlite3,retained,Al-Madar,9735429678935,207
sqlite:3778,radio-748bd3ca167ce374,False,Libyan_cells_dataset/cells.sqlite3,retained,Al-Madar,9735429678935,207
sqlite:4094,radio-748bd3ca167ce374,False,Libyan_cells_dataset/cells.sqlite3,retained,Al-Madar,9735429678935,207
sqlite:3992,radio-748bd3ca167ce374,False,Libyan_cells_dataset/cells.sqlite3,retained,Al-Madar,9735429678935,207
sqlite:3727,radio-748bd3ca167ce374,False,Libyan_cells_dataset/cells.sqlite3,retained,Al-Madar,9735429678935,207
sqlite:4027,radio-1a5c26ac75f23f6f,False,Libyan_cells_dataset/cells.sqlite3,retained,Al-Madar,81173857552017,208
sqlite:4029,radio-8c586b4bc3a3f526,False,Libyan_cells_dataset/cells.sqlite3,retained,Al-Madar,46989596042174,209
sqlite:4031,radio-816bfbd78b2e6fd4,False,Libyan_cells_dataset/cells.sqlite3,retained,Al-Madar,228389343182093,210
sqlite:4032,radio-9c1bdea02d0a20b5,False,Libyan_cells_dataset/cells.sqlite3,retained,Al-Madar,64556144532687,211
sqlite:4033,radio-ab7d9af95ddc78e4,False,Libyan_cells_dataset/cells.sqlite3,retained,Al-Madar,155809561010150,212
sqlite:4034,radio-11999b7e6ec5f7ca,False,Libyan_cells_dataset/cells.sqlite3,retained,Al-Madar,221989527364059,213
sqlite:4035,radio-79faa9adec81027a,False,Libyan_cells_dataset/cells.sqlite3,retained,Al-Madar,231704952796325,214
sqlite:4036,radio-764f83c23e900813,False,Libyan_cells_dataset/cells.sqlite3,retained,Al-Madar,143500332737497,215
sqlite:4001,radio-06f3b369747fd22a,False,Libyan_cells_dataset/cells.sqlite3,retained,Al-Madar,266569237574241,216
sqlite:4111,radio-06f3b369747fd22a,False,Libyan_cells_dataset/cells.sqlite3,retained,Al-Madar,266569237574241,216
sqlite:3795,radio-06f3b369747fd22a,False,Libyan_cells_dataset/cells.sqlite3,retained,Al-Madar,266569237574241,216
sqlite:3744,radio-06f3b369747fd22a,False,Libyan_cells_dataset/cells.sqlite3,retained,Al-Madar,266569237574241,216
sqlite:3697,radio-06f3b369747fd22a,False,Libyan_cells_dataset/cells.sqlite3,retained,Al-Madar,266569237574241,216
sqlite:4037,radio-40e55bedf9353978,False,Libyan_cells_dataset/cells.sqlite3,retained,Al-Madar,52440266646318,217
sqlite:3664,radio-e530830bef020fd4,False,Libyan_cells_dataset/cells.sqlite3,retained,Al-Madar,130260998635384,338
sqlite:3772,radio-57e1ae11ff0c5d81,False,Libyan_cells_dataset/cells.sqlite3,retained,Al-Madar,241957053700034,339
sqlite:3931,radio-d2b92896b86f6d5e,False,Libyan_cells_dataset/cells.sqlite3,retained,Al-Madar,114285167464436,340
sqlite:3941,radio-d2b92896b86f6d5e,False,Libyan_cells_dataset/cells.sqlite3,retained,Al-Madar,114285167464436,340
sqlite:3650,radio-d2b92896b86f6d5e,False,Libyan_cells_dataset/cells.sqlite3,retained,Al-Madar,114285167464436,340
sqlite:3679,radio-d2b92896b86f6d5e,False,Libyan_cells_dataset/cells.sqlite3,retained,Al-Madar,114285167464436,340
sqlite:3911,radio-d2b92896b86f6d5e,False,Libyan_cells_dataset/cells.sqlite3,retained,Al-Madar,114285167464436,340
sqlite:3915,radio-3820051555a40bc1,False,Libyan_cells_dataset/cells.sqlite3,retained,Al-Madar,114285167464436,340
sqlite:3933,radio-3820051555a40bc1,False,Libyan_cells_dataset/cells.sqlite3,retained,Al-Madar,114285167464436,340
sqlite:3663,radio-3820051555a40bc1,False,Libyan_cells_dataset/cells.sqlite3,retained,Al-Madar,114285167464436,340
sqlite:3967,radio-3820051555a40bc1,False,Libyan_cells_dataset/cells.sqlite3,retained,Al-Madar,114285167464436,340
sqlite:3710,radio-2fa1e44aa499262d,False,Libyan_cells_dataset/cells.sqlite3,retained,Al-Madar,114285167464436,340
sqlite:3953,radio-2fa1e44aa499262d,False,Libyan_cells_dataset/cells.sqlite3,retained,Al-Madar,114285167464436,340
sqlite:3932,radio-2fa1e44aa499262d,False,Libyan_cells_dataset/cells.sqlite3,retained,Al-Madar,114285167464436,340
sqlite:3912,radio-2fa1e44aa499262d,False,Libyan_cells_dataset/cells.sqlite3,retained,Al-Madar,114285167464436,340
sqlite:3720,radio-2b1a58e3a5bc607a,False,Libyan_cells_dataset/cells.sqlite3,retained,Al-Madar,62559386077236,342
sqlite:4133,radio-2b1a58e3a5bc607a,False,Libyan_cells_dataset/cells.sqlite3,retained,Al-Madar,62559386077236,342
sqlite:3817,radio-2b1a58e3a5bc607a,False,Libyan_cells_dataset/cells.sqlite3,retained,Al-Madar,62559386077236,342
sqlite:3766,radio-2b1a58e3a5bc607a,False,Libyan_cells_dataset/cells.sqlite3,retained,Al-Madar,62559386077236,342
sqlite:4014,radio-2b1a58e3a5bc607a,False,Libyan_cells_dataset/cells.sqlite3,retained,Al-Madar,62559386077236,342
sqlite:3858,radio-b069be4927afa4b2,False,Libyan_cells_dataset/cells.sqlite3,retained,Al-Madar,105146856984387,343
sqlite:4116,radio-68a448f3dc4ed8b1,False,Libyan_cells_dataset/cells.sqlite3,retained,Al-Madar,144121715275606,344
sqlite:3948,radio-68a448f3dc4ed8b1,False,Libyan_cells_dataset/cells.sqlite3,retained,Al-Madar,144121715275606,344
sqlite:3702,radio-68a448f3dc4ed8b1,False,Libyan_cells_dataset/cells.sqlite3,retained,Al-Madar,144121715275606,344
sqlite:3830,radio-68a448f3dc4ed8b1,False,Libyan_cells_dataset/cells.sqlite3,retained,Al-Madar,144121715275606,344
sqlite:3800,radio-68a448f3dc4ed8b1,False,Libyan_cells_dataset/cells.sqlite3,retained,Al-Madar,144121715275606,344
sqlite:3749,radio-68a448f3dc4ed8b1,False,Libyan_cells_dataset/cells.sqlite3,retained,Al-Madar,144121715275606,344
sqlite:3871,radio-c36195e7acbbc60e,False,Libyan_cells_dataset/cells.sqlite3,retained,Al-Madar,40976176057694,345
sqlite:3721,radio-26b5bf3dbfeb665c,False,Libyan_cells_dataset/cells.sqlite3,retained,Al-Madar,194554941196305,346
sqlite:4059,radio-26b5bf3dbfeb665c,False,Libyan_cells_dataset/cells.sqlite3,retained,Al-Madar,194554941196305,346
sqlite:4134,radio-26b5bf3dbfeb665c,False,Libyan_cells_dataset/cells.sqlite3,retained,Al-Madar,194554941196305,346
sqlite:3767,radio-26b5bf3dbfeb665c,False,Libyan_cells_dataset/cells.sqlite3,retained,Al-Madar,194554941196305,346
sqlite:3956,radio-26b5bf3dbfeb665c,False,Libyan_cells_dataset/cells.sqlite3,retained,Al-Madar,194554941196305,346
sqlite:3818,radio-26b5bf3dbfeb665c,False,Libyan_cells_dataset/cells.sqlite3,retained,Al-Madar,194554941196305,346
sqlite:4015,radio-26b5bf3dbfeb665c,False,Libyan_cells_dataset/cells.sqlite3,retained,Al-Madar,194554941196305,346
sqlite:3754,radio-0cfdb5ba07ee1a16,False,Libyan_cells_dataset/cells.sqlite3,retained,Al-Madar,146980164917894,347
sqlite:3951,radio-0cfdb5ba07ee1a16,False,Libyan_cells_dataset/cells.sqlite3,retained,Al-Madar,146980164917894,347
sqlite:4121,radio-0cfdb5ba07ee1a16,False,Libyan_cells_dataset/cells.sqlite3,retained,Al-Madar,146980164917894,347
sqlite:4051,radio-0cfdb5ba07ee1a16,False,Libyan_cells_dataset/cells.sqlite3,retained,Al-Madar,146980164917894,347
sqlite:3707,radio-0cfdb5ba07ee1a16,False,Libyan_cells_dataset/cells.sqlite3,retained,Al-Madar,146980164917894,347
sqlite:4006,radio-0cfdb5ba07ee1a16,False,Libyan_cells_dataset/cells.sqlite3,retained,Al-Madar,146980164917894,347
sqlite:3805,radio-0cfdb5ba07ee1a16,False,Libyan_cells_dataset/cells.sqlite3,retained,Al-Madar,146980164917894,347
sqlite:3947,radio-de29722b0e0c57be,False,Libyan_cells_dataset/cells.sqlite3,retained,Al-Madar,137859148134705,348
sqlite:3746,radio-de29722b0e0c57be,False,Libyan_cells_dataset/cells.sqlite3,retained,Al-Madar,137859148134705,348
sqlite:4113,radio-de29722b0e0c57be,False,Libyan_cells_dataset/cells.sqlite3,retained,Al-Madar,137859148134705,348
sqlite:4002,radio-de29722b0e0c57be,False,Libyan_cells_dataset/cells.sqlite3,retained,Al-Madar,137859148134705,348
sqlite:3699,radio-de29722b0e0c57be,False,Libyan_cells_dataset/cells.sqlite3,retained,Al-Madar,137859148134705,348
sqlite:3797,radio-de29722b0e0c57be,False,Libyan_cells_dataset/cells.sqlite3,retained,Al-Madar,137859148134705,348
sqlite:524,radio-fc7fb3baca78cecb,True,Libyan_cells_dataset/cells.sqlite3,retained,Al-Madar,70854209702671,468
sqlite:530,radio-6c5cbace70d6807f,True,Libyan_cells_dataset/cells.sqlite3,retained,Al-Madar,230489732262821,469
sqlite:31,radio-eaa194a2de56e0b4,True,Libyan_cells_dataset/cells.sqlite3,retained,Al-Madar,114441787977031,470
sqlite:42,radio-99bccf63a4cca636,True,Libyan_cells_dataset/cells.sqlite3,retained,Al-Madar,2593362767786,471
sqlite:4,radio-b671fc3358c7e39d,True,Libyan_cells_dataset/cells.sqlite3,retained,Al-Madar,168113651478266,472
sqlite:186,radio-21005e9dc47336b8,True,Libyan_cells_dataset/cells.sqlite3,retained,Al-Madar,37333342865144,473
sqlite:504,radio-b2ccf30abfd1651c,True,Libyan_cells_dataset/cells.sqlite3,retained,Al-Madar,126133259976462,474
sqlite:87,radio-ab0741028e3b5851,True,Libyan_cells_dataset/cells.sqlite3,retained,Al-Madar,168916761683367,475
sqlite:152,radio-c3df704ddb990810,True,Libyan_cells_dataset/cells.sqlite3,retained,Al-Madar,261735562521080,476
sqlite:181,radio-16d6f9f89a17cab6,True,Libyan_cells_dataset/cells.sqlite3,retained,Al-Madar,82072053943735,477
sqlite:154,radio-af9bacb1d295ab24,True,Libyan_cells_dataset/cells.sqlite3,retained,Al-Madar,78812254431085,4
sqlite:168,radio-385644930ffa847d,True,Libyan_cells_dataset/cells.sqlite3,retained,Al-Madar,219740407528825,478
sqlite:157,radio-81d6549c738e3359,True,Libyan_cells_dataset/cells.sqlite3,retained,Al-Madar,92988066161523,479
sqlite:158,radio-53122454e181609d,True,Libyan_cells_dataset/cells.sqlite3,retained,Al-Madar,156119296575357,480
sqlite:36,radio-68ba17a3a99da6fb,True,Libyan_cells_dataset/cells.sqlite3,retained,Al-Madar,212131174335031,481
sqlite:505,radio-d02e1a8e28eb08a9,True,Libyan_cells_dataset/cells.sqlite3,retained,Al-Madar,20512978726895,482
sqlite:3,radio-404b06021bd9d7d7,True,Libyan_cells_dataset/cells.sqlite3,retained,Al-Madar,97095707963931,483
sqlite:10,radio-12fb612d4f602642,True,Libyan_cells_dataset/cells.sqlite3,retained,Al-Madar,219119593531768,484
sqlite:45,radio-b67218d7fcaf4f63,True,Libyan_cells_dataset/cells.sqlite3,retained,Al-Madar,268736789523921,485
sqlite:16,radio-8046f153fafeb062,True,Libyan_cells_dataset/cells.sqlite3,retained,Al-Madar,62202661087414,486
sqlite:515,radio-484384498866f309,True,Libyan_cells_dataset/cells.sqlite3,retained,Al-Madar,229762673358959,487
sqlite:50,radio-92315db5cef69bce,True,Libyan_cells_dataset/cells.sqlite3,retained,Al-Madar,230672749812127,488
sqlite:349,radio-4e82c06c5e589371,True,Libyan_cells_dataset/cells.sqlite3,retained,Al-Madar,76069963676253,489
sqlite:339,radio-05b1e187088978be,True,Libyan_cells_dataset/cells.sqlite3,retained,Al-Madar,111327515422794,490
sqlite:345,radio-f97686e747b5d665,True,Libyan_cells_dataset/cells.sqlite3,retained,Al-Madar,218088187498035,491
sqlite:350,radio-053147c0a943a9d0,True,Libyan_cells_dataset/cells.sqlite3,retained,Al-Madar,179888706322353,492
sqlite:525,radio-6733b1b507287967,True,Libyan_cells_dataset/cells.sqlite3,retained,Al-Madar,172183878418165,493
sqlite:347,radio-2d390147d534b8f3,True,Libyan_cells_dataset/cells.sqlite3,retained,Al-Madar,67818387527399,494
sqlite:90,radio-793f164c641f8643,True,Libyan_cells_dataset/cells.sqlite3,retained,Al-Madar,198305191687110,495
sqlite:340,radio-f11aed9f517b69cf,True,Libyan_cells_dataset/cells.sqlite3,retained,Al-Madar,52753588519038,496
sqlite:353,radio-fbc7d90bb812d8f4,True,Libyan_cells_dataset/cells.sqlite3,retained,Al-Madar,36376393866378,497
sqlite:33,radio-a5308721134d7d29,True,Libyan_cells_dataset/cells.sqlite3,retained,Al-Madar,272298992088063,498
sqlite:324,radio-042955d76746ac15,True,Libyan_cells_dataset/cells.sqlite3,retained,Al-Madar,246467126568407,499
sqlite:343,radio-6e6a24dc2fb3118b,True,Libyan_cells_dataset/cells.sqlite3,retained,Al-Madar,180161447641848,500
sqlite:335,radio-ea7752828838be42,True,Libyan_cells_dataset/cells.sqlite3,retained,Al-Madar,147355771109239,501
sqlite:199,radio-b7af10ec23f73915,True,Libyan_cells_dataset/cells.sqlite3,retained,Al-Madar,226719303836800,502
sqlite:341,radio-ca97c5f3466e1101,True,Libyan_cells_dataset/cells.sqlite3,retained,Al-Madar,170857872731598,503
sqlite:355,radio-a4a07066c69dc54d,True,Libyan_cells_dataset/cells.sqlite3,retained,Al-Madar,37738280163761,504
sqlite:328,radio-e375f6e4eb175021,True,Libyan_cells_dataset/cells.sqlite3,retained,Al-Madar,42443821976047,505
sqlite:321,radio-8e6d34073fdf1714,True,Libyan_cells_dataset/cells.sqlite3,retained,Al-Madar,68947732877547,506
sqlite:325,radio-9a68e795c180edb7,True,Libyan_cells_dataset/cells.sqlite3,retained,Al-Madar,37180044981467,507
sqlite:348,radio-6a8b72f8d7a1e0a4,True,Libyan_cells_dataset/cells.sqlite3,retained,Al-Madar,105445103081044,508
sqlite:201,radio-14a69b0746bf4361,True,Libyan_cells_dataset/cells.sqlite3,retained,Al-Madar,169143504994089,509
sqlite:352,radio-9bc3f6c2815c0d23,True,Libyan_cells_dataset/cells.sqlite3,retained,Al-Madar,168499973842666,510
sqlite:88,radio-17a38bb2bce4feac,True,Libyan_cells_dataset/cells.sqlite3,retained,Al-Madar,740638377648,511
sqlite:330,radio-8c50d6e292d2a43b,True,Libyan_cells_dataset/cells.sqlite3,retained,Al-Madar,1139144885055,512
sqlite:370,radio-713c41c12ef7f501,True,Libyan_cells_dataset/cells.sqlite3,retained,Al-Madar,133972730680960,513
sqlite:329,radio-61d2653562bd6b93,True,Libyan_cells_dataset/cells.sqlite3,retained,Al-Madar,61201023175043,514
sqlite:164,radio-66904b382aeecd9a,True,Libyan_cells_dataset/cells.sqlite3,retained,Al-Madar,138674829167648,515
sqlite:346,radio-80a6d00278985a31,True,Libyan_cells_dataset/cells.sqlite3,retained,Al-Madar,110163161091935,516
sqlite:169,radio-f4991ada7442b97e,True,Libyan_cells_dataset/cells.sqlite3,retained,Al-Madar,205806150431800,517
sqlite:512,radio-ddf6b635dfb22405,True,Libyan_cells_dataset/cells.sqlite3,retained,Al-Madar,82117712268723,518
sqlite:319,radio-9c00b9dc717d747b,True,Libyan_cells_dataset/cells.sqlite3,retained,Al-Madar,58967188510213,519
sqlite:56,radio-46ae3161648a9f5e,True,Libyan_cells_dataset/cells.sqlite3,retained,Al-Madar,34141445571936,426
sqlite:327,radio-8cbd820c819d4d54,True,Libyan_cells_dataset/cells.sqlite3,retained,Al-Madar,106383275893219,520
sqlite:89,radio-5c133e10fa5e91bd,True,Libyan_cells_dataset/cells.sqlite3,retained,Al-Madar,229313480575348,521
sqlite:81,radio-3c41a8b14436f06c,True,Libyan_cells_dataset/cells.sqlite3,retained,Al-Madar,79566674162355,522
sqlite:184,radio-3341e5db9162f84b,True,Libyan_cells_dataset/cells.sqlite3,retained,Al-Madar,238225684069299,523
sqlite:322,radio-37b1254610f4d121,True,Libyan_cells_dataset/cells.sqlite3,retained,Al-Madar,200802259438018,524
sqlite:356,radio-731f44913b64089c,True,Libyan_cells_dataset/cells.sqlite3,retained,Al-Madar,239146995850591,525
sqlite:338,radio-8119299df47e9d39,True,Libyan_cells_dataset/cells.sqlite3,retained,Al-Madar,249978222882869,526
sqlite:334,radio-d094993f92620176,True,Libyan_cells_dataset/cells.sqlite3,retained,Al-Madar,17774580447345,527
sqlite:326,radio-e8dac6edee20601d,True,Libyan_cells_dataset/cells.sqlite3,retained,Al-Madar,57452103163521,528
sqlite:320,radio-05b37b42e780aca9,True,Libyan_cells_dataset/cells.sqlite3,retained,Al-Madar,31115868613033,529
sqlite:281,radio-c0c19c01826bc5de,True,Libyan_cells_dataset/cells.sqlite3,retained,Al-Madar,62680187928007,604
sqlite:282,radio-18ba5d77fae329c5,True,Libyan_cells_dataset/cells.sqlite3,retained,Al-Madar,42749668801000,605
sqlite:285,radio-473f842c22e82544,True,Libyan_cells_dataset/cells.sqlite3,retained,Al-Madar,263329781964354,608
sqlite:286,radio-d510beace7c4a7b9,True,Libyan_cells_dataset/cells.sqlite3,retained,Al-Madar,45386918235862,609
sqlite:287,radio-f4a13f006727140a,True,Libyan_cells_dataset/cells.sqlite3,retained,Al-Madar,73824885372019,610
sqlite:288,radio-fb2c0419075f0cf1,True,Libyan_cells_dataset/cells.sqlite3,retained,Al-Madar,111148811697561,611
sqlite:289,radio-36a6286c0b8f7e8a,True,Libyan_cells_dataset/cells.sqlite3,retained,Al-Madar,96820947924956,612
sqlite:629,radio-315eda777d9cac6d,True,Libyan_cells_dataset/cells.sqlite3,retained,Al-Madar,251860204968066,613
sqlite:608,radio-36206d9a30d25755,True,Libyan_cells_dataset/cells.sqlite3,retained,Al-Madar,258662425483784,614
sqlite:615,radio-eb56b56408e20544,True,Libyan_cells_dataset/cells.sqlite3,retained,Al-Madar,216554651490109,615
sqlite:624,radio-f93d39d8dc1573d0,True,Libyan_cells_dataset/cells.sqlite3,retained,Al-Madar,167128270471857,616
sqlite:644,radio-a67c9fa3a9cf742c,True,Libyan_cells_dataset/cells.sqlite3,retained,Al-Madar,215204503177907,617
sqlite:638,radio-255b9eaf5d3061d9,True,Libyan_cells_dataset/cells.sqlite3,retained,Al-Madar,208379597559475,618
sqlite:611,radio-44dbf0dfc8d21c60,True,Libyan_cells_dataset/cells.sqlite3,retained,Al-Madar,159299000012738,619
sqlite:613,radio-d2920b5e6d960ad1,True,Libyan_cells_dataset/cells.sqlite3,retained,Al-Madar,46593782483033,620
sqlite:609,radio-a8d83cca3d59c0ac,True,Libyan_cells_dataset/cells.sqlite3,retained,Al-Madar,235629844306782,621
sqlite:686,radio-fa4cd38186ee8af9,True,Libyan_cells_dataset/cells.sqlite3,retained,Al-Madar,207149022541002,622
sqlite:695,radio-659c3b4b9d4d07b2,True,Libyan_cells_dataset/cells.sqlite3,retained,Al-Madar,150514042590526,47
sqlite:641,radio-0c98cc13fed3a631,True,Libyan_cells_dataset/cells.sqlite3,retained,Al-Madar,210358546795772,623
sqlite:691,radio-56df47495809f024,True,Libyan_cells_dataset/cells.sqlite3,retained,Al-Madar,230862917534329,624
sqlite:679,radio-0792f010ae64599d,True,Libyan_cells_dataset/cells.sqlite3,retained,Al-Madar,259764936922108,625
sqlite:643,radio-9794ecbd27a5dce6,True,Libyan_cells_dataset/cells.sqlite3,retained,Al-Madar,216344491036700,626
sqlite:678,radio-7592554795f61b2d,True,Libyan_cells_dataset/cells.sqlite3,retained,Al-Madar,266788785708277,627
sqlite:639,radio-c8200cb9000fd027,True,Libyan_cells_dataset/cells.sqlite3,retained,Al-Madar,98510530378234,629
sqlite:636,radio-fdb9b7f23250ffbf,True,Libyan_cells_dataset/cells.sqlite3,retained,Al-Madar,118529650143815,630
sqlite:640,radio-e0dce01e3585dab4,True,Libyan_cells_dataset/cells.sqlite3,retained,Al-Madar,206155279874395,631
sqlite:683,radio-56e3e8f917611735,True,Libyan_cells_dataset/cells.sqlite3,retained,Al-Madar,229549506484678,632
sqlite:601,radio-3f7733b3e5b0f066,True,Libyan_cells_dataset/cells.sqlite3,retained,Al-Madar,29458152748514,633
sqlite:698,radio-bb9df543dd8859e0,True,Libyan_cells_dataset/cells.sqlite3,retained,Al-Madar,26078372734225,634
sqlite:637,radio-528e0670b08f1ccd,True,Libyan_cells_dataset/cells.sqlite3,retained,Al-Madar,67217115913843,288
sqlite:642,radio-f30f524e3bb7d2e9,True,Libyan_cells_dataset/cells.sqlite3,retained,Al-Madar,273915774392128,635
sqlite:612,radio-372b735aa7e51612,True,Libyan_cells_dataset/cells.sqlite3,retained,Al-Madar,63609435389049,636
sqlite:620,radio-a4a07636b1089c67,True,Libyan_cells_dataset/cells.sqlite3,retained,Al-Madar,264681331028004,637
sqlite:621,radio-3fb45474915c7146,True,Libyan_cells_dataset/cells.sqlite3,retained,Al-Madar,64653846133945,638
sqlite:622,radio-7d1cde0b0d0ce82c,True,Libyan_cells_dataset/cells.sqlite3,retained,Al-Madar,121380347382164,639
sqlite:633,radio-f05c18d1f5591f75,True,Libyan_cells_dataset/cells.sqlite3,retained,Al-Madar,240460004042921,640
sqlite:630,radio-5ea55041a83d4cc4,True,Libyan_cells_dataset/cells.sqlite3,retained,Al-Madar,270826834868381,641
sqlite:623,radio-c53fa71b7cfd411c,True,Libyan_cells_dataset/cells.sqlite3,retained,Al-Madar,16554623540618,642
sqlite:617,radio-c68657f22b396f60,True,Libyan_cells_dataset/cells.sqlite3,retained,Al-Madar,169804256875423,643
sqlite:684,radio-78fd5065315da903,True,Libyan_cells_dataset/cells.sqlite3,retained,Al-Madar,156600312544561,644
sqlite:610,radio-e3810105b7ecb8b2,True,Libyan_cells_dataset/cells.sqlite3,retained,Al-Madar,259976487775151,645
sqlite:685,radio-b454ddd74d075269,True,Libyan_cells_dataset/cells.sqlite3,retained,Al-Madar,141302117849901,646
sqlite:680,radio-674b8d73289f46ec,True,Libyan_cells_dataset/cells.sqlite3,retained,Al-Madar,172101139767199,647
sqlite:625,radio-b4b52442d77f8bd7,True,Libyan_cells_dataset/cells.sqlite3,retained,Al-Madar,154586827122285,648
sqlite:603,radio-0eb4c45608b2fbe5,True,Libyan_cells_dataset/cells.sqlite3,retained,Al-Madar,2162320855457,649
sqlite:701,radio-641147cedbfd6eb0,True,Libyan_cells_dataset/cells.sqlite3,retained,Al-Madar,157079731168035,650
sqlite:634,radio-51680826091d072f,True,Libyan_cells_dataset/cells.sqlite3,retained,Al-Madar,17342677645901,651
sqlite:631,radio-1fe7522766d12bae,True,Libyan_cells_dataset/cells.sqlite3,retained,Al-Madar,280448290432557,652
sqlite:606,radio-4b1c5001e73cb5ff,True,Libyan_cells_dataset/cells.sqlite3,retained,Al-Madar,196347914880416,653
sqlite:697,radio-ae7206078b9cd11c,True,Libyan_cells_dataset/cells.sqlite3,retained,Al-Madar,231595079712115,654
sqlite:607,radio-d5de5237b1277f78,True,Libyan_cells_dataset/cells.sqlite3,retained,Al-Madar,258557361276682,655
sqlite:688,radio-eef8e6cce89f2f30,True,Libyan_cells_dataset/cells.sqlite3,retained,Al-Madar,202211721341625,656
sqlite:687,radio-af6172cd57e52ab6,True,Libyan_cells_dataset/cells.sqlite3,retained,Al-Madar,272273980830124,657
sqlite:696,radio-5f6d9eaad1b30d93,True,Libyan_cells_dataset/cells.sqlite3,retained,Al-Madar,148452434306209,658
sqlite:600,radio-67322e9c2e21d738,True,Libyan_cells_dataset/cells.sqlite3,retained,Al-Madar,100868288755064,659
sqlite:602,radio-15b49f7ccd870087,True,Libyan_cells_dataset/cells.sqlite3,retained,Al-Madar,15442183995972,660
sqlite:681,radio-cab4451b4c3e7930,True,Libyan_cells_dataset/cells.sqlite3,retained,Al-Madar,272025730935315,661
sqlite:700,radio-91b11eee5bbb8dad,True,Libyan_cells_dataset/cells.sqlite3,retained,Al-Madar,190189083220815,662
sqlite:605,radio-0c7f20a4bf933106,True,Libyan_cells_dataset/cells.sqlite3,retained,Al-Madar,152041487444921,663
sqlite:705,radio-f470c0b01e4e4357,True,Libyan_cells_dataset/cells.sqlite3,retained,Al-Madar,235278890915024,664
sqlite:699,radio-3c665087a400699b,True,Libyan_cells_dataset/cells.sqlite3,retained,Al-Madar,67944852753877,665
sqlite:682,radio-9e6c1614dadc14e4,True,Libyan_cells_dataset/cells.sqlite3,retained,Al-Madar,174180233855202,55
sqlite:692,radio-1cf30a4fe259ce10,True,Libyan_cells_dataset/cells.sqlite3,retained,Al-Madar,205904701745774,666
sqlite:689,radio-14fbb3e63f4378e3,True,Libyan_cells_dataset/cells.sqlite3,retained,Al-Madar,204018982122132,58
sqlite:549,radio-00abfc01206efba1,True,Libyan_cells_dataset/cells.sqlite3,retained,Al-Madar,122057400194772,667
sqlite:693,radio-ea9a608b2222959c,True,Libyan_cells_dataset/cells.sqlite3,retained,Al-Madar,30336998738483,668
sqlite:616,radio-6ba5c194612d2e74,True,Libyan_cells_dataset/cells.sqlite3,retained,Al-Madar,183705263959482,669
sqlite:704,radio-869307fd44e6ce15,True,Libyan_cells_dataset/cells.sqlite3,retained,Al-Madar,232450647395004,670
sqlite:614,radio-0dc36b0b0979d140,True,Libyan_cells_dataset/cells.sqlite3,retained,Al-Madar,166875394109048,671
sqlite:703,radio-95859340079410a4,True,Libyan_cells_dataset/cells.sqlite3,retained,Al-Madar,157079731168035,650
sqlite:557,radio-2f747c25c617f263,True,Libyan_cells_dataset/cells.sqlite3,retained,Al-Madar,23853188005560,321
sqlite:598,radio-358f43908f1d35b1,True,Libyan_cells_dataset/cells.sqlite3,retained,Al-Madar,269526557727281,672
sqlite:632,radio-b5cf89a96e3044bc,True,Libyan_cells_dataset/cells.sqlite3,retained,Al-Madar,252619623037216,673
sqlite:566,radio-b6498aebd6862505,True,Libyan_cells_dataset/cells.sqlite3,retained,Al-Madar,48684249842083,70
sqlite:589,radio-072f9f1e1dd7ac54,True,Libyan_cells_dataset/cells.sqlite3,retained,Al-Madar,250732021087839,71
sqlite:635,radio-3465aa45ca4e95b0,True,Libyan_cells_dataset/cells.sqlite3,retained,Al-Madar,213775321708109,674
sqlite:626,radio-d1c8c2fad2790e1c,True,Libyan_cells_dataset/cells.sqlite3,retained,Al-Madar,5509843546694,675
sqlite:597,radio-be44deb095fca73f,True,Libyan_cells_dataset/cells.sqlite3,retained,Al-Madar,99761673991635,676
sqlite:595,radio-d6798b871e456e50,True,Libyan_cells_dataset/cells.sqlite3,retained,Al-Madar,253960214810352,677
sqlite:599,radio-72d0ee2fa9f7284e,True,Libyan_cells_dataset/cells.sqlite3,retained,Al-Madar,98901762565775,678
sqlite:596,radio-a245430ede4578f3,True,Libyan_cells_dataset/cells.sqlite3,retained,Al-Madar,58447446584964,679
sqlite:585,radio-fd63bd310deb7dfc,True,Libyan_cells_dataset/cells.sqlite3,retained,Al-Madar,90896897655680,75
sqlite:569,radio-e63b8e2b098b0a6c,True,Libyan_cells_dataset/cells.sqlite3,retained,Al-Madar,24386331875380,76
sqlite:545,radio-eff2985bcc9b3b11,True,Libyan_cells_dataset/cells.sqlite3,retained,Al-Madar,66454499490355,680
sqlite:541,radio-6bf699e7a298687b,True,Libyan_cells_dataset/cells.sqlite3,retained,Al-Madar,117138333244474,77
sqlite:594,radio-79d42e09f4149c26,True,Libyan_cells_dataset/cells.sqlite3,retained,Al-Madar,255402270541750,681
sqlite:593,radio-7cb119a0f73e49ca,True,Libyan_cells_dataset/cells.sqlite3,retained,Al-Madar,140758508239722,682
sqlite:592,radio-88765d8b00e614e3,True,Libyan_cells_dataset/cells.sqlite3,retained,Al-Madar,239819814536201,683
sqlite:546,radio-708fc56c3d1ff2c7,True,Libyan_cells_dataset/cells.sqlite3,retained,Al-Madar,61012919782248,684
sqlite:702,radio-9f48653822ebe6a3,True,Libyan_cells_dataset/cells.sqlite3,retained,Al-Madar,179643132372553,685
sqlite:694,radio-5f0046c1bb8dac30,True,Libyan_cells_dataset/cells.sqlite3,retained,Al-Madar,44171173074805,686
sqlite:590,radio-14b18a1087fcaaca,True,Libyan_cells_dataset/cells.sqlite3,retained,Al-Madar,177579943863493,687
sqlite:627,radio-ec3e693d4d8890cd,True,Libyan_cells_dataset/cells.sqlite3,retained,Al-Madar,46132572310084,688
sqlite:676,radio-7da24d6ea5df612d,True,Libyan_cells_dataset/cells.sqlite3,retained,Al-Madar,261975163805097,689
sqlite:655,radio-fbc9c673894a5a3b,True,Libyan_cells_dataset/cells.sqlite3,retained,Al-Madar,15479152049264,690
sqlite:672,radio-7dcedbd8b0ceb12c,True,Libyan_cells_dataset/cells.sqlite3,retained,Al-Madar,260380625312988,691
sqlite:628,radio-d203dae0446e28be,True,Libyan_cells_dataset/cells.sqlite3,retained,Al-Madar,203901394107395,692
sqlite:653,radio-a81a71ae95fcfce0,True,Libyan_cells_dataset/cells.sqlite3,retained,Al-Madar,203163336891112,693
sqlite:667,radio-3ca27d8d150fad09,True,Libyan_cells_dataset/cells.sqlite3,retained,Al-Madar,95256151188415,694
sqlite:650,radio-d863a68fb6207979,True,Libyan_cells_dataset/cells.sqlite3,retained,Al-Madar,133897737327566,695
sqlite:666,radio-a2b21c936b30e849,True,Libyan_cells_dataset/cells.sqlite3,retained,Al-Madar,38066284848839,696
sqlite:652,radio-6f64db2c4c66565f,True,Libyan_cells_dataset/cells.sqlite3,retained,Al-Madar,147728011321903,697
sqlite:671,radio-7703b8db59ecd235,True,Libyan_cells_dataset/cells.sqlite3,retained,Al-Madar,204343797984016,698
sqlite:674,radio-55b0b12ccd8f21d3,True,Libyan_cells_dataset/cells.sqlite3,retained,Al-Madar,131031450413016,699
sqlite:662,radio-2137dd88602f82b3,True,Libyan_cells_dataset/cells.sqlite3,retained,Al-Madar,154706296946598,700
sqlite:647,radio-9ec737a5d29e8bf1,True,Libyan_cells_dataset/cells.sqlite3,retained,Al-Madar,39587734050869,701
sqlite:656,radio-923541e7c8609f94,True,Libyan_cells_dataset/cells.sqlite3,retained,Al-Madar,5441770580525,702
sqlite:660,radio-2bfb528f708d0926,True,Libyan_cells_dataset/cells.sqlite3,retained,Al-Madar,244593998777136,703
sqlite:661,radio-8c0056e6ec3dced6,True,Libyan_cells_dataset/cells.sqlite3,retained,Al-Madar,19550812531057,704
sqlite:668,radio-fda397c50533ca41,True,Libyan_cells_dataset/cells.sqlite3,retained,Al-Madar,69263765475994,705
sqlite:619,radio-2acfe2c93aa1921e,True,Libyan_cells_dataset/cells.sqlite3,retained,Al-Madar,236382601619877,706
sqlite:618,radio-c298b8c38ded5f01,True,Libyan_cells_dataset/cells.sqlite3,retained,Al-Madar,9762508505361,707
sqlite:645,radio-ea6029acb8deae44,True,Libyan_cells_dataset/cells.sqlite3,retained,Al-Madar,261430298288969,708
sqlite:673,radio-d34b925d717c2495,True,Libyan_cells_dataset/cells.sqlite3,retained,Al-Madar,156061870111394,709
sqlite:677,radio-89f069006682bd6f,True,Libyan_cells_dataset/cells.sqlite3,retained,Al-Madar,41549470790585,710
sqlite:654,radio-6cf2ec5877b1a85e,True,Libyan_cells_dataset/cells.sqlite3,retained,Al-Madar,273167909588629,711
sqlite:657,radio-718aecbc84528ac0,True,Libyan_cells_dataset/cells.sqlite3,retained,Al-Madar,237200771682847,712
sqlite:669,radio-226ee672db19739a,True,Libyan_cells_dataset/cells.sqlite3,retained,Al-Madar,4759407731664,713
sqlite:675,radio-0b9f37a4256f1020,True,Libyan_cells_dataset/cells.sqlite3,retained,Al-Madar,86269303748449,714
sqlite:646,radio-35bbb70b51dd3c1b,True,Libyan_cells_dataset/cells.sqlite3,retained,Al-Madar,251944726521131,715
sqlite:648,radio-c3ca63233750c49e,True,Libyan_cells_dataset/cells.sqlite3,retained,Al-Madar,270535700617832,716
sqlite:649,radio-157ab865d61cb1a7,True,Libyan_cells_dataset/cells.sqlite3,retained,Al-Madar,201913348051454,717
sqlite:658,radio-8c1a99e960c79378,True,Libyan_cells_dataset/cells.sqlite3,retained,Al-Madar,33824633882311,718
sqlite:659,radio-fba47c4a6841821e,True,Libyan_cells_dataset/cells.sqlite3,retained,Al-Madar,49484149146666,719
sqlite:651,radio-189c735e09c5687f,True,Libyan_cells_dataset/cells.sqlite3,retained,Al-Madar,164664014920343,720
sqlite:665,radio-b74c2b0ded8414a5,True,Libyan_cells_dataset/cells.sqlite3,retained,Al-Madar,86515491911626,721
sqlite:663,radio-4ba3f9be81bac78e,True,Libyan_cells_dataset/cells.sqlite3,retained,Al-Madar,121994184686447,722
sqlite:670,radio-3280118bd98bafb7,True,Libyan_cells_dataset/cells.sqlite3,retained,Al-Madar,127837181524865,723
sqlite:664,radio-e7b5247ea4bbe833,True,Libyan_cells_dataset/cells.sqlite3,retained,Al-Madar,76293782593991,724
sqlite:502,radio-24906d7dabe70e66,True,Libyan_cells_dataset/cells.sqlite3,retained,Al-Madar,220719349713217,725
sqlite:528,radio-e8eef3c84151dcd5,True,Libyan_cells_dataset/cells.sqlite3,retained,Al-Madar,32952641561306,726
sqlite:529,radio-79f88c6a0c3dbcbb,True,Libyan_cells_dataset/cells.sqlite3,retained,Al-Madar,46159557990569,727
sqlite:43,radio-7e784e4ac3e9de51,True,Libyan_cells_dataset/cells.sqlite3,retained,Al-Madar,252779772704188,728
sqlite:204,radio-d2d3d9d21dd27841,True,Libyan_cells_dataset/cells.sqlite3,retained,Al-Madar,179073161120214,729
sqlite:198,radio-f1641bbf960761be,True,Libyan_cells_dataset/cells.sqlite3,retained,Al-Madar,158193698721774,730
sqlite:13,radio-a371fd7d94fdf876,True,Libyan_cells_dataset/cells.sqlite3,retained,Al-Madar,230684914140034,731
sqlite:179,radio-e6b93986cc5ac3ef,True,Libyan_cells_dataset/cells.sqlite3,retained,Al-Madar,69688869584603,732
sqlite:193,radio-921fac2bdf3f01bc,True,Libyan_cells_dataset/cells.sqlite3,retained,Al-Madar,62941809494113,200
sqlite:185,radio-06b0e6a5b76fd6ec,True,Libyan_cells_dataset/cells.sqlite3,retained,Al-Madar,36807004966856,733
sqlite:202,radio-a6c02370532ad54b,True,Libyan_cells_dataset/cells.sqlite3,retained,Al-Madar,3479422344302,734
sqlite:178,radio-8684f1a2ab1ed5bc,True,Libyan_cells_dataset/cells.sqlite3,retained,Al-Madar,1788344674182,735
sqlite:177,radio-59d5b6cdd823ae14,True,Libyan_cells_dataset/cells.sqlite3,retained,Al-Madar,159737655158577,736
sqlite:14,radio-d6673d125ef71284,True,Libyan_cells_dataset/cells.sqlite3,retained,Al-Madar,242421027554034,737
sqlite:508,radio-4b2ae366142ed16f,True,Libyan_cells_dataset/cells.sqlite3,retained,Al-Madar,44061119879972,738
sqlite:6,radio-75b6a5cb0a95b0f8,True,Libyan_cells_dataset/cells.sqlite3,retained,Al-Madar,31574805071494,739
sqlite:183,radio-5ed3a32fbd8a20e9,True,Libyan_cells_dataset/cells.sqlite3,retained,Al-Madar,164964053471155,740
sqlite:15,radio-ddd45853ac8bd82a,True,Libyan_cells_dataset/cells.sqlite3,retained,Al-Madar,183520941534264,741
sqlite:510,radio-d562a43402af04e0,True,Libyan_cells_dataset/cells.sqlite3,retained,Al-Madar,176010204374450,742
sqlite:166,radio-906a634ef35c2f35,True,Libyan_cells_dataset/cells.sqlite3,retained,Al-Madar,204865027481464,743
sqlite:165,radio-6377260a21e3612d,True,Libyan_cells_dataset/cells.sqlite3,retained,Al-Madar,209153649212837,744
sqlite:511,radio-043a3ab0cffd884c,True,Libyan_cells_dataset/cells.sqlite3,retained,Al-Madar,122179639880137,745
sqlite:22,radio-d9405dd3e0f6b89b,True,Libyan_cells_dataset/cells.sqlite3,retained,Al-Madar,47806788466788,746
sqlite:192,radio-1995870efc6ff189,True,Libyan_cells_dataset/cells.sqlite3,retained,Al-Madar,260753130884105,747
sqlite:25,radio-ce4e0a07ac686c1b,True,Libyan_cells_dataset/cells.sqlite3,retained,Al-Madar,12131242360898,748
collected:4,radio-7af7a5116a3b55b9,False,data/new_data/libya_collected_antennas/cellmapper/cellmapper_libya_antennas.csv,retained,Al-Madar,64835616215899,
collected:5,radio-7af7a5116a3b55b9,False,data/new_data/libya_collected_antennas/cellmapper/cellmapper_libya_antennas.csv,retained,Al-Madar,64835616215899,
sqlite:1,radio-7af7a5116a3b55b9,True,Libyan_cells_dataset/cells.sqlite3,retained,Al-Madar,64835616215899,749
sqlite:196,radio-e8dd878dbd800ff2,True,Libyan_cells_dataset/cells.sqlite3,retained,Al-Madar,175166981888970,750
sqlite:171,radio-83932a32cb9aa6ad,True,Libyan_cells_dataset/cells.sqlite3,retained,Al-Madar,169270600588961,751
sqlite:521,radio-9384861c4387d34f,True,Libyan_cells_dataset/cells.sqlite3,retained,Al-Madar,69390241272485,752
sqlite:86,radio-6a51e9deef723464,True,Libyan_cells_dataset/cells.sqlite3,retained,Al-Madar,90710406816147,828
sqlite:527,radio-c2810c4cb3e2b33a,True,Libyan_cells_dataset/cells.sqlite3,retained,Al-Madar,202223892073377,829
sqlite:503,radio-ec25030eba9d45b2,True,Libyan_cells_dataset/cells.sqlite3,retained,Al-Madar,220995330286338,830
sqlite:38,radio-a8f8a4e88a8c2dcc,True,Libyan_cells_dataset/cells.sqlite3,retained,Al-Madar,159093158509690,831
sqlite:161,radio-c1dd65dafa1a7088,True,Libyan_cells_dataset/cells.sqlite3,retained,Al-Madar,55706057654008,832
sqlite:162,radio-54564c0700bc7be6,True,Libyan_cells_dataset/cells.sqlite3,retained,Al-Madar,197221922514448,833
sqlite:35,radio-96ee728a85e0ff6e,True,Libyan_cells_dataset/cells.sqlite3,retained,Al-Madar,15749581800226,834
sqlite:29,radio-4acdad1c01847691,True,Libyan_cells_dataset/cells.sqlite3,retained,Al-Madar,100948144829072,835
sqlite:160,radio-07013390ab741394,True,Libyan_cells_dataset/cells.sqlite3,retained,Al-Madar,65177913694195,836
sqlite:323,radio-f032654dc4241cc2,True,Libyan_cells_dataset/cells.sqlite3,retained,Al-Madar,63496926648564,837
sqlite:180,radio-6f13b4995ff73da5,True,Libyan_cells_dataset/cells.sqlite3,retained,Al-Madar,238747433709729,838
sqlite:155,radio-a925c933c8d00fc1,True,Libyan_cells_dataset/cells.sqlite3,retained,Al-Madar,158175644031223,839
sqlite:163,radio-e67d709670b0f3cf,True,Libyan_cells_dataset/cells.sqlite3,retained,Al-Madar,168871610993284,840
sqlite:28,radio-e96ee8e77859ae1d,True,Libyan_cells_dataset/cells.sqlite3,retained,Al-Madar,160930550010382,841
sqlite:194,radio-9772dfe297b7bd3a,True,Libyan_cells_dataset/cells.sqlite3,retained,Al-Madar,92203444002571,842
sqlite:513,radio-72ba6eb87da93f75,True,Libyan_cells_dataset/cells.sqlite3,retained,Al-Madar,98620081848479,843
sqlite:23,radio-2f3a1a2278322946,True,Libyan_cells_dataset/cells.sqlite3,retained,Al-Madar,48152152959336,844
sqlite:514,radio-6d0dd6ce0d715862,True,Libyan_cells_dataset/cells.sqlite3,retained,Al-Madar,97219918889477,845
sqlite:49,radio-55665a504cea14cc,True,Libyan_cells_dataset/cells.sqlite3,retained,Al-Madar,35660686361522,846
sqlite:187,radio-afc4372e0dd06702,True,Libyan_cells_dataset/cells.sqlite3,retained,Al-Madar,16118537732670,847
sqlite:39,radio-85b994ac59792657,True,Libyan_cells_dataset/cells.sqlite3,retained,Al-Madar,108152268711031,848
sqlite:519,radio-f0bd70e3428801f3,True,Libyan_cells_dataset/cells.sqlite3,retained,Al-Madar,207661519698436,849
sqlite:520,radio-c43e44cd37373d8b,True,Libyan_cells_dataset/cells.sqlite3,retained,Al-Madar,237445910630140,850
sqlite:318,radio-34fbfaca788d9de3,True,Libyan_cells_dataset/cells.sqlite3,retained,Al-Madar,47542825857402,851
sqlite:523,radio-d501fe46e12349d7,True,Libyan_cells_dataset/cells.sqlite3,retained,Al-Madar,217358635474204,1157
sqlite:205,radio-b9fffe115a1a8865,True,Libyan_cells_dataset/cells.sqlite3,retained,Al-Madar,255919009606997,1158
sqlite:227,radio-ca8ac53b5d4327d1,True,Libyan_cells_dataset/cells.sqlite3,retained,Al-Madar,72561343444339,1159
sqlite:175,radio-f525d5e46e894f12,True,Libyan_cells_dataset/cells.sqlite3,retained,Al-Madar,162909322350821,1160
sqlite:228,radio-0af0ce7ef4e65ca7,True,Libyan_cells_dataset/cells.sqlite3,retained,Al-Madar,140872553436997,1161
sqlite:18,radio-6d9e0b7f60f30066,True,Libyan_cells_dataset/cells.sqlite3,retained,Al-Madar,89506959963005,385
sqlite:404,radio-cb2655f3ab9a2163,True,Libyan_cells_dataset/cells.sqlite3,retained,Al-Madar,274813190286277,1162
sqlite:26,radio-8890fbef59a7ac96,True,Libyan_cells_dataset/cells.sqlite3,retained,Al-Madar,11509950917545,1163
sqlite:208,radio-57fe2f860e196cc1,True,Libyan_cells_dataset/cells.sqlite3,retained,Al-Madar,97216903105183,1164
sqlite:174,radio-5b456c4dd51b3397,True,Libyan_cells_dataset/cells.sqlite3,retained,Al-Madar,258697681323218,1165
sqlite:213,radio-7f18b513f81a6b80,True,Libyan_cells_dataset/cells.sqlite3,retained,Al-Madar,68686662204890,1166
sqlite:34,radio-5f110b0f05d05353,True,Libyan_cells_dataset/cells.sqlite3,retained,Al-Madar,250196986061356,1167
sqlite:195,radio-91e2f6c4666714d7,True,Libyan_cells_dataset/cells.sqlite3,retained,Al-Madar,29859726437407,202
sqlite:211,radio-21ad9a9858bbf89a,True,Libyan_cells_dataset/cells.sqlite3,retained,Al-Madar,40322809867663,1168
sqlite:221,radio-b9f9e25b897e18ff,True,Libyan_cells_dataset/cells.sqlite3,retained,Al-Madar,109580901135921,1169
sqlite:167,radio-ab410f4e495988dc,True,Libyan_cells_dataset/cells.sqlite3,retained,Al-Madar,139239390166610,1170
sqlite:230,radio-a04a77c9c6474f76,True,Libyan_cells_dataset/cells.sqlite3,retained,Al-Madar,67521022670283,1171
sqlite:209,radio-ad60a0bbb3e34dab,True,Libyan_cells_dataset/cells.sqlite3,retained,Al-Madar,216754046443084,1172
sqlite:197,radio-1b6bdcda379c441d,True,Libyan_cells_dataset/cells.sqlite3,retained,Al-Madar,92188269162468,1173
sqlite:226,radio-39cafca383f05fab,True,Libyan_cells_dataset/cells.sqlite3,retained,Al-Madar,263604587678711,1174
sqlite:182,radio-ec1a2ee48e544148,True,Libyan_cells_dataset/cells.sqlite3,retained,Al-Madar,134058690581443,1175
sqlite:95,radio-391ad95935e71fea,True,Libyan_cells_dataset/cells.sqlite3,retained,Al-Madar,146435252007246,1176
sqlite:239,radio-34b1f652b69ae79d,True,Libyan_cells_dataset/cells.sqlite3,retained,Al-Madar,132385206470807,1177
sqlite:217,radio-bc9f74d5269af965,True,Libyan_cells_dataset/cells.sqlite3,retained,Al-Madar,114947506709250,1178
sqlite:173,radio-05d96095ba69da46,True,Libyan_cells_dataset/cells.sqlite3,retained,Al-Madar,197500195682349,1179
sqlite:170,radio-ccc40c1df710f982,True,Libyan_cells_dataset/cells.sqlite3,retained,Al-Madar,98307970643379,1180
sqlite:229,radio-fb4b3d6961c338c0,True,Libyan_cells_dataset/cells.sqlite3,retained,Al-Madar,142067385550984,1181
sqlite:216,radio-a697a5c1864b1955,True,Libyan_cells_dataset/cells.sqlite3,retained,Al-Madar,225895418558280,1182
sqlite:176,radio-237cd045519f4506,True,Libyan_cells_dataset/cells.sqlite3,retained,Al-Madar,215254666862784,1183
sqlite:200,radio-a037fdd02c158643,True,Libyan_cells_dataset/cells.sqlite3,retained,Al-Madar,36839076812139,1184
sqlite:509,radio-acb94c7088ccb0b3,True,Libyan_cells_dataset/cells.sqlite3,retained,Al-Madar,41962443216189,1185
sqlite:219,radio-267a565752dfd843,True,Libyan_cells_dataset/cells.sqlite3,retained,Al-Madar,65400890902024,1186
sqlite:222,radio-46ab05a7aa94297d,True,Libyan_cells_dataset/cells.sqlite3,retained,Al-Madar,198384796582638,1187
sqlite:225,radio-7f195e14a7603bb5,True,Libyan_cells_dataset/cells.sqlite3,retained,Al-Madar,180328944408901,1188
sqlite:12,radio-279384fe8fd8ec6f,True,Libyan_cells_dataset/cells.sqlite3,retained,Al-Madar,222051387178474,1189
sqlite:188,radio-888ec5d2e905e756,True,Libyan_cells_dataset/cells.sqlite3,retained,Al-Madar,230853646156852,1190
sqlite:210,radio-c7e717d08c7ea024,True,Libyan_cells_dataset/cells.sqlite3,retained,Al-Madar,154850518561719,195
sqlite:351,radio-18f57e7c61292fd5,True,Libyan_cells_dataset/cells.sqlite3,retained,Al-Madar,44141184516951,1191
sqlite:237,radio-d95ecf26905a666b,True,Libyan_cells_dataset/cells.sqlite3,retained,Al-Madar,14496839700893,1192
sqlite:240,radio-9e5fbc662feab112,True,Libyan_cells_dataset/cells.sqlite3,retained,Al-Madar,119366676749328,1193
sqlite:236,radio-73b07237d241a460,True,Libyan_cells_dataset/cells.sqlite3,retained,Al-Madar,169325602422684,1194
sqlite:190,radio-57ccbf1fd8643153,True,Libyan_cells_dataset/cells.sqlite3,retained,Al-Madar,274089192075955,1195
sqlite:189,radio-f14c25ef4c16c07a,True,Libyan_cells_dataset/cells.sqlite3,retained,Al-Madar,144579053170369,1196
sqlite:218,radio-6e3e241c79246e7f,True,Libyan_cells_dataset/cells.sqlite3,retained,Al-Madar,98695147225950,1197
sqlite:234,radio-dbbfbb5cd2ca5e20,True,Libyan_cells_dataset/cells.sqlite3,retained,Al-Madar,198384796582638,1187
sqlite:191,radio-0408cb24b9711747,True,Libyan_cells_dataset/cells.sqlite3,retained,Al-Madar,134058690581443,1175
sqlite:224,radio-622257f3540e068c,True,Libyan_cells_dataset/cells.sqlite3,retained,Al-Madar,240960384053331,1198
sqlite:220,radio-b35844bab208d2fb,True,Libyan_cells_dataset/cells.sqlite3,retained,Al-Madar,240550563198076,1199
sqlite:44,radio-18f489a7eb0d591e,True,Libyan_cells_dataset/cells.sqlite3,retained,Al-Madar,89506959963005,385
sqlite:203,radio-6a2d6693268f7e3c,True,Libyan_cells_dataset/cells.sqlite3,retained,Al-Madar,206201883743170,1200
sqlite:231,radio-d4d07cc13b444c2b,True,Libyan_cells_dataset/cells.sqlite3,retained,Al-Madar,76434737440303,1201
sqlite:215,radio-0196adc16332ac6e,True,Libyan_cells_dataset/cells.sqlite3,retained,Al-Madar,89687084810402,1202
sqlite:212,radio-22d0c8a63567e27b,True,Libyan_cells_dataset/cells.sqlite3,retained,Al-Madar,3452810821395,1203
sqlite:172,radio-cebb5f04fe5dca63,True,Libyan_cells_dataset/cells.sqlite3,retained,Al-Madar,145218660681551,1204
sqlite:207,radio-044ff5f26a224c29,True,Libyan_cells_dataset/cells.sqlite3,retained,Al-Madar,280333471565090,1205
sqlite:206,radio-fa4792775a7e6cc7,True,Libyan_cells_dataset/cells.sqlite3,retained,Al-Madar,75815579244642,1206
sqlite:233,radio-82809e33057fb0b8,True,Libyan_cells_dataset/cells.sqlite3,retained,Al-Madar,242162173957802,1207
sqlite:238,radio-c087edd41690d0e2,True,Libyan_cells_dataset/cells.sqlite3,retained,Al-Madar,77338013817034,1208
sqlite:97,radio-9757808f6ac3da2e,True,Libyan_cells_dataset/cells.sqlite3,retained,Al-Madar,146435252007246,1176
sqlite:232,radio-49f107aad0da7de7,True,Libyan_cells_dataset/cells.sqlite3,retained,Al-Madar,97291664991402,1209
sqlite:214,radio-5dfca2fae0f7b04a,True,Libyan_cells_dataset/cells.sqlite3,retained,Al-Madar,121286377367016,1210
sqlite:235,radio-488a7f65aa8389e5,True,Libyan_cells_dataset/cells.sqlite3,retained,Al-Madar,28394903860800,1211
sqlite:275,radio-79d494d3775fa744,True,Libyan_cells_dataset/cells.sqlite3,retained,Al-Madar,92463641368118,453
sqlite:267,radio-fd573915904b6e9e,True,Libyan_cells_dataset/cells.sqlite3,retained,Al-Madar,124652545802735,1227
sqlite:273,radio-5a27d1411ab62e70,True,Libyan_cells_dataset/cells.sqlite3,retained,Al-Madar,93998271848725,1226
sqlite:277,radio-a4d323848b5d76b0,True,Libyan_cells_dataset/cells.sqlite3,retained,Al-Madar,14894842355358,1228
sqlite:260,radio-4e27d1924ac08a2c,True,Libyan_cells_dataset/cells.sqlite3,retained,Al-Madar,264469269809201,1230
sqlite:266,radio-2657480f4bb6b325,True,Libyan_cells_dataset/cells.sqlite3,retained,Al-Madar,28636893370715,1231
sqlite:245,radio-46f32208fa1c1091,True,Libyan_cells_dataset/cells.sqlite3,retained,Al-Madar,186541814126567,1232
sqlite:262,radio-a23fcafac0011704,True,Libyan_cells_dataset/cells.sqlite3,retained,Al-Madar,238506509519593,1233
sqlite:276,radio-ce17766f027652d3,True,Libyan_cells_dataset/cells.sqlite3,retained,Al-Madar,94621106777797,1234
sqlite:269,radio-da9d14be9fbbde4b,True,Libyan_cells_dataset/cells.sqlite3,retained,Al-Madar,156869677719052,1236
sqlite:247,radio-ad5a9b951d0097e0,True,Libyan_cells_dataset/cells.sqlite3,retained,Al-Madar,200583299298654,1237
sqlite:248,radio-e9bed0ddaefdc01f,True,Libyan_cells_dataset/cells.sqlite3,retained,Al-Madar,184019516630527,1238
sqlite:250,radio-1172ba3b1754e2be,True,Libyan_cells_dataset/cells.sqlite3,retained,Al-Madar,108655011752392,1243
sqlite:251,radio-9b1b54acb7f5ec14,True,Libyan_cells_dataset/cells.sqlite3,retained,Al-Madar,176359781794094,1244
sqlite:265,radio-61a351041b6f5728,True,Libyan_cells_dataset/cells.sqlite3,retained,Al-Madar,198390754343883,1245
sqlite:253,radio-580208034362634c,True,Libyan_cells_dataset/cells.sqlite3,retained,Al-Madar,87407825352716,1246
sqlite:271,radio-818c3b7c69e97831,True,Libyan_cells_dataset/cells.sqlite3,retained,Al-Madar,269167882608751,1247
sqlite:254,radio-4d5016845ed206d5,True,Libyan_cells_dataset/cells.sqlite3,retained,Al-Madar,274081925537680,1249
sqlite:272,radio-d753f160011518fc,True,Libyan_cells_dataset/cells.sqlite3,retained,Al-Madar,226323609102271,1250
sqlite:256,radio-82d1239cd9be8060,True,Libyan_cells_dataset/cells.sqlite3,retained,Al-Madar,24982445897247,1251
sqlite:244,radio-9cd671535a9054c3,True,Libyan_cells_dataset/cells.sqlite3,retained,Al-Madar,280374496552577,1252
sqlite:261,radio-024add6eb103cb18,True,Libyan_cells_dataset/cells.sqlite3,retained,Al-Madar,248386678589150,1253
sqlite:246,radio-a739f44cd089e06f,True,Libyan_cells_dataset/cells.sqlite3,retained,Al-Madar,213861331085724,1254
sqlite:268,radio-a4a1564b2fd3a643,True,Libyan_cells_dataset/cells.sqlite3,retained,Al-Madar,100602683910471,1255
sqlite:280,radio-8c27e5baaa059910,True,Libyan_cells_dataset/cells.sqlite3,retained,Al-Madar,81337103784546,1256
sqlite:243,radio-c0ab2fd1b9398ee5,True,Libyan_cells_dataset/cells.sqlite3,retained,Al-Madar,118434463785889,1257
sqlite:264,radio-282b6b0377511838,True,Libyan_cells_dataset/cells.sqlite3,retained,Al-Madar,126678975820715,1258
sqlite:257,radio-5c1c1654250d5331,True,Libyan_cells_dataset/cells.sqlite3,retained,Al-Madar,181719127197344,1259
sqlite:258,radio-d2f44e588cae2e60,True,Libyan_cells_dataset/cells.sqlite3,retained,Al-Madar,161535067332637,1260
sqlite:241,radio-0bfb630882412a98,True,Libyan_cells_dataset/cells.sqlite3,retained,Al-Madar,45883615671089,1261
sqlite:259,radio-c44af0d5922e1122,True,Libyan_cells_dataset/cells.sqlite3,retained,Al-Madar,122943741623642,1262
sqlite:252,radio-a0e42d7a547f9afc,True,Libyan_cells_dataset/cells.sqlite3,retained,Al-Madar,181217692349494,1263
sqlite:270,radio-7beddf73a67cb028,True,Libyan_cells_dataset/cells.sqlite3,retained,Al-Madar,240617565776051,1264
sqlite:293,radio-441ddfa6a7bf2dbc,True,Libyan_cells_dataset/cells.sqlite3,retained,Al-Madar,235183782876633,1265
sqlite:294,radio-02363fe70cc126dd,True,Libyan_cells_dataset/cells.sqlite3,retained,Al-Madar,267753793089466,1266
sqlite:428,radio-0bd3c4d0feeb445b,True,Libyan_cells_dataset/cells.sqlite3,retained,Al-Madar,126824298428576,1267
sqlite:413,radio-3a12ac1ac713ed6f,True,Libyan_cells_dataset/cells.sqlite3,retained,Al-Madar,211289388463206,1268
sqlite:426,radio-89e21cf0705cbc54,True,Libyan_cells_dataset/cells.sqlite3,retained,Al-Madar,222652172807250,1269
sqlite:421,radio-6626d81b20428349,True,Libyan_cells_dataset/cells.sqlite3,retained,Al-Madar,233213900920321,1270
sqlite:430,radio-2c023a7f4d5d9435,True,Libyan_cells_dataset/cells.sqlite3,retained,Al-Madar,246490197160193,1273
sqlite:422,radio-ecbc45e5462626a0,True,Libyan_cells_dataset/cells.sqlite3,retained,Al-Madar,44070463697894,1274
sqlite:410,radio-9bd9ba8525db962d,True,Libyan_cells_dataset/cells.sqlite3,retained,Al-Madar,152919897561782,1276
sqlite:130,radio-4d4c9e0b27fa143a,True,Libyan_cells_dataset/cells.sqlite3,retained,Al-Madar,100901926951081,1278
sqlite:375,radio-fab393d4b1303f5f,True,Libyan_cells_dataset/cells.sqlite3,retained,Al-Madar,261015206999271,541
sqlite:388,radio-5b60e285f4cf9786,True,Libyan_cells_dataset/cells.sqlite3,retained,Al-Madar,190577262044005,1279
sqlite:427,radio-df35a7e0aff2230b,True,Libyan_cells_dataset/cells.sqlite3,retained,Al-Madar,158861186959286,1280
sqlite:380,radio-d201b383510153e2,True,Libyan_cells_dataset/cells.sqlite3,retained,Al-Madar,219060822067524,1281
sqlite:416,radio-8da6cae017eefb96,True,Libyan_cells_dataset/cells.sqlite3,retained,Al-Madar,68828156154604,1282
sqlite:408,radio-bc7edbe3a949194d,True,Libyan_cells_dataset/cells.sqlite3,retained,Al-Madar,201694157343801,1283
sqlite:407,radio-020ddc567ebd1195,True,Libyan_cells_dataset/cells.sqlite3,retained,Al-Madar,89645980889325,1285
sqlite:417,radio-0011933838b467fa,True,Libyan_cells_dataset/cells.sqlite3,retained,Al-Madar,130188365616338,1286
sqlite:420,radio-885b8028096e922c,True,Libyan_cells_dataset/cells.sqlite3,retained,Al-Madar,246507702979800,1287
sqlite:419,radio-689fe010ea271aaa,True,Libyan_cells_dataset/cells.sqlite3,retained,Al-Madar,160133966758513,1288
sqlite:376,radio-32bcc9fead7951b0,True,Libyan_cells_dataset/cells.sqlite3,retained,Al-Madar,261015206999271,541
sqlite:405,radio-fe9989d5a8f1606c,True,Libyan_cells_dataset/cells.sqlite3,retained,Al-Madar,211894507543968,1289
sqlite:425,radio-b0a0d00036c9d4bb,True,Libyan_cells_dataset/cells.sqlite3,retained,Al-Madar,221798290434725,1292
sqlite:381,radio-51349a67664bd977,True,Libyan_cells_dataset/cells.sqlite3,retained,Al-Madar,147614401628847,1293
sqlite:400,radio-10228579aaab517d,True,Libyan_cells_dataset/cells.sqlite3,retained,Al-Madar,22579478757293,1294
sqlite:113,radio-52c89e39087ebcd8,True,Libyan_cells_dataset/cells.sqlite3,retained,Al-Madar,30191729066534,1296
sqlite:395,radio-f2d877ffa1eb2c3f,True,Libyan_cells_dataset/cells.sqlite3,retained,Al-Madar,131046148144042,1297
sqlite:391,radio-a2df9d2448f7a420,True,Libyan_cells_dataset/cells.sqlite3,retained,Al-Madar,147901260713129,1298
sqlite:384,radio-1a943fdf6d287076,True,Libyan_cells_dataset/cells.sqlite3,retained,Al-Madar,97651544610190,889
sqlite:398,radio-9ab87fb5703b11f3,True,Libyan_cells_dataset/cells.sqlite3,retained,Al-Madar,175279224305661,1300
sqlite:401,radio-73e5757c5e8c5f73,True,Libyan_cells_dataset/cells.sqlite3,retained,Al-Madar,239791719715378,1301
sqlite:397,radio-1e4d59ee1f7d8800,True,Libyan_cells_dataset/cells.sqlite3,retained,Al-Madar,166495663766405,1302
sqlite:382,radio-138d92b3097b784a,True,Libyan_cells_dataset/cells.sqlite3,retained,Al-Madar,128985026533240,1303
sqlite:107,radio-39ad854486a87916,True,Libyan_cells_dataset/cells.sqlite3,retained,Al-Madar,167666284894956,1304
sqlite:379,radio-cdfd0f4e37b63bf7,True,Libyan_cells_dataset/cells.sqlite3,retained,Al-Madar,4470241456512,1305
sqlite:386,radio-c658b7927c85fc2b,True,Libyan_cells_dataset/cells.sqlite3,retained,Al-Madar,190423734895440,1306
sqlite:394,radio-d280ee875b6b3fac,True,Libyan_cells_dataset/cells.sqlite3,retained,Al-Madar,255609851822656,1307
sqlite:399,radio-cdc329cf2b8afb8e,True,Libyan_cells_dataset/cells.sqlite3,retained,Al-Madar,69057573043365,108
sqlite:396,radio-e69f9d40f402c6b3,True,Libyan_cells_dataset/cells.sqlite3,retained,Al-Madar,258909307948948,1308
sqlite:126,radio-05b91fdf9d4d9497,True,Libyan_cells_dataset/cells.sqlite3,retained,Al-Madar,73786481658270,1309
sqlite:392,radio-e2368e9bd33e3da5,True,Libyan_cells_dataset/cells.sqlite3,retained,Al-Madar,130165282667727,1310
sqlite:377,radio-cc58314431deed9f,True,Libyan_cells_dataset/cells.sqlite3,retained,Al-Madar,259118900751336,1311
sqlite:378,radio-217adf807b1e3c7b,True,Libyan_cells_dataset/cells.sqlite3,retained,Al-Madar,267442170084925,1312
sqlite:451,radio-e723cef0c39eb069,True,Libyan_cells_dataset/cells.sqlite3,retained,Al-Madar,11853575945223,1314
sqlite:459,radio-46332f518380a341,True,Libyan_cells_dataset/cells.sqlite3,retained,Al-Madar,34866178744161,1315
sqlite:458,radio-58e7273796e55f3e,True,Libyan_cells_dataset/cells.sqlite3,retained,Al-Madar,5044729766004,1316
sqlite:460,radio-f1da29d2ce25125e,True,Libyan_cells_dataset/cells.sqlite3,retained,Al-Madar,272236545174339,1320
sqlite:455,radio-6ca67e2433c8b2c1,True,Libyan_cells_dataset/cells.sqlite3,retained,Al-Madar,190445340283246,1324
sqlite:441,radio-e06795188961af47,True,Libyan_cells_dataset/cells.sqlite3,retained,Al-Madar,141343182821105,1325
sqlite:433,radio-01eb245ce5ff4f9f,True,Libyan_cells_dataset/cells.sqlite3,retained,Al-Madar,147669936411059,1326
sqlite:448,radio-35016ba3fcc203fd,True,Libyan_cells_dataset/cells.sqlite3,retained,Al-Madar,408737233051,1327
sqlite:445,radio-fafbbd4220d7fc64,True,Libyan_cells_dataset/cells.sqlite3,retained,Al-Madar,9117974494243,1328
sqlite:442,radio-eae3600f6901fce6,True,Libyan_cells_dataset/cells.sqlite3,retained,Al-Madar,131137027096882,1329
sqlite:456,radio-6551e9145e08e42d,True,Libyan_cells_dataset/cells.sqlite3,retained,Al-Madar,222629419622938,356
sqlite:393,radio-d410666a1d3b209d,True,Libyan_cells_dataset/cells.sqlite3,retained,Al-Madar,178146453720743,1331
sqlite:412,radio-82fcc5b804c1e4e2,True,Libyan_cells_dataset/cells.sqlite3,retained,Al-Madar,231850955183575,1333
sqlite:444,radio-22bd7d91981a2774,True,Libyan_cells_dataset/cells.sqlite3,retained,Al-Madar,117970954554782,1334
sqlite:436,radio-f0bf2ab83b614032,True,Libyan_cells_dataset/cells.sqlite3,retained,Al-Madar,261054757270242,144
sqlite:437,radio-27b993d0155cfdb4,True,Libyan_cells_dataset/cells.sqlite3,retained,Al-Madar,240721500790000,1335
sqlite:432,radio-8e41f80f41f0d201,True,Libyan_cells_dataset/cells.sqlite3,retained,Al-Madar,276196614842818,1337
sqlite:463,radio-25da858a36b18583,True,Libyan_cells_dataset/cells.sqlite3,retained,Al-Madar,128159760169182,1338
sqlite:443,radio-691e589a6e620263,True,Libyan_cells_dataset/cells.sqlite3,retained,Al-Madar,64094892898040,1339
sqlite:440,radio-1b5fd2bec9ad5720,True,Libyan_cells_dataset/cells.sqlite3,retained,Al-Madar,7114102921058,1340
sqlite:446,radio-b001455f6c60278c,True,Libyan_cells_dataset/cells.sqlite3,retained,Al-Madar,65595250682025,1341
sqlite:438,radio-335cdda355d10f6a,True,Libyan_cells_dataset/cells.sqlite3,retained,Al-Madar,59080038973814,1342
sqlite:439,radio-c15a134a5f74db0d,True,Libyan_cells_dataset/cells.sqlite3,retained,Al-Madar,64053719388722,137
sqlite:457,radio-1a9fda3bcf8ee9d8,True,Libyan_cells_dataset/cells.sqlite3,retained,Al-Madar,12407696790774,1343
sqlite:462,radio-09b544c65e8c287c,True,Libyan_cells_dataset/cells.sqlite3,retained,Al-Madar,123563802339654,1344
sqlite:406,radio-4438901daf27e185,True,Libyan_cells_dataset/cells.sqlite3,retained,Al-Madar,219352382601588,1345
sqlite:389,radio-bfac6a3ed0572526,True,Libyan_cells_dataset/cells.sqlite3,retained,Al-Madar,233631363720723,1346
sqlite:424,radio-41968db6bed253f2,True,Libyan_cells_dataset/cells.sqlite3,retained,Al-Madar,176822452878074,1347
collected:92,radio-bc34e23600baf28a,False,data/new_data/libya_collected_antennas/cellmapper/cellmapper_libya_antennas.csv,retained,Al-Madar,92414355574263,
collected:93,radio-bc34e23600baf28a,False,data/new_data/libya_collected_antennas/cellmapper/cellmapper_libya_antennas.csv,retained,Al-Madar,92414355574263,
collected:91,radio-954ea7c6e74f4538,False,data/new_data/libya_collected_antennas/cellmapper/cellmapper_libya_antennas.csv,retained,Al-Madar,244428713532979,
collected:96,radio-f22dbde3a4ebfe39,False,data/new_data/libya_collected_antennas/cellmapper/cellmapper_libya_antennas.csv,retained,Al-Madar,51704865825523,
sqlite:476,radio-2a1a5f9a89d3a5a8,True,Libyan_cells_dataset/cells.sqlite3,retained,Al-Madar,70771545665952,1351
collected:89,radio-6451c657fa454121,False,data/new_data/libya_collected_antennas/cellmapper/cellmapper_libya_antennas.csv,retained,Al-Madar,10472530415450,
collected:90,radio-6451c657fa454121,False,data/new_data/libya_collected_antennas/cellmapper/cellmapper_libya_antennas.csv,retained,Al-Madar,10472530415450,
sqlite:494,radio-6451c657fa454121,True,Libyan_cells_dataset/cells.sqlite3,retained,Al-Madar,10472530415450,1353
sqlite:466,radio-373fac5e17f91b54,True,Libyan_cells_dataset/cells.sqlite3,retained,Al-Madar,104790835187266,1354
sqlite:470,radio-a1c41ab03a6a4bff,True,Libyan_cells_dataset/cells.sqlite3,retained,Al-Madar,60323250888913,1356
sqlite:477,radio-ba758abaaf02b110,True,Libyan_cells_dataset/cells.sqlite3,retained,Al-Madar,117595712162283,1357
sqlite:491,radio-e3e0ae139800a2de,True,Libyan_cells_dataset/cells.sqlite3,retained,Al-Madar,269242778537303,1358
sqlite:465,radio-c76e1bfef97bfe62,True,Libyan_cells_dataset/cells.sqlite3,retained,Al-Madar,25851658298562,1359
sqlite:467,radio-06a9780f8408fc72,True,Libyan_cells_dataset/cells.sqlite3,retained,Al-Madar,9069032028786,1360
collected:94,radio-06a9780f8408fc72,False,data/new_data/libya_collected_antennas/cellmapper/cellmapper_libya_antennas.csv,retained,Al-Madar,9069032028786,
collected:95,radio-06a9780f8408fc72,False,data/new_data/libya_collected_antennas/cellmapper/cellmapper_libya_antennas.csv,retained,Al-Madar,9069032028786,
sqlite:453,radio-f84bcf78c513472b,True,Libyan_cells_dataset/cells.sqlite3,retained,Al-Madar,231288294019672,1361
sqlite:473,radio-4b0d764b7ae4743e,True,Libyan_cells_dataset/cells.sqlite3,retained,Al-Madar,81564791518124,149
sqlite:478,radio-a7225e827d3cadaf,True,Libyan_cells_dataset/cells.sqlite3,retained,Al-Madar,84925159616500,1363
sqlite:490,radio-10f1eee1a9eeaf1b,True,Libyan_cells_dataset/cells.sqlite3,retained,Al-Madar,17275676163952,1364
sqlite:475,radio-88e744f6bb2a5015,True,Libyan_cells_dataset/cells.sqlite3,retained,Al-Madar,153194914490689,1366
sqlite:483,radio-a2aaa5b10fcc0514,True,Libyan_cells_dataset/cells.sqlite3,retained,Al-Madar,138186597788295,1370
sqlite:488,radio-cf88571a08cbfb98,True,Libyan_cells_dataset/cells.sqlite3,retained,Al-Madar,232043105626726,1371
collected:97,radio-e16614cc1dcaaa46,False,data/new_data/libya_collected_antennas/cellmapper/cellmapper_libya_antennas.csv,retained,Al-Madar,78043395603765,
collected:98,radio-e16614cc1dcaaa46,False,data/new_data/libya_collected_antennas/cellmapper/cellmapper_libya_antennas.csv,retained,Al-Madar,78043395603765,
sqlite:484,radio-e16614cc1dcaaa46,True,Libyan_cells_dataset/cells.sqlite3,retained,Al-Madar,78043395603765,1372
sqlite:480,radio-5ee21f86bc7c3775,True,Libyan_cells_dataset/cells.sqlite3,retained,Al-Madar,249870421884036,1373
sqlite:482,radio-c0dd9305fbb8da11,True,Libyan_cells_dataset/cells.sqlite3,retained,Al-Madar,216970140488669,1374
sqlite:492,radio-a246dfea7ef16c88,True,Libyan_cells_dataset/cells.sqlite3,retained,Al-Madar,46877769184005,1376
collected:88,radio-a46103f1da042430,False,data/new_data/libya_collected_antennas/cellmapper/cellmapper_libya_antennas.csv,retained,Al-Madar,8942406132618,
sqlite:487,radio-207320423ee93454,True,Libyan_cells_dataset/cells.sqlite3,retained,Al-Madar,197815090123704,1378
collected:43,radio-82f6976df5327b8f,False,data/new_data/libya_collected_antennas/cellmapper/cellmapper_libya_antennas.csv,retained,Al-Madar,105729005786774,
sqlite:481,radio-82f6976df5327b8f,True,Libyan_cells_dataset/cells.sqlite3,retained,Al-Madar,105729005786774,1380
sqlite:489,radio-45565dc7fb6e8ec8,True,Libyan_cells_dataset/cells.sqlite3,retained,Al-Madar,47718903789830,1381
sqlite:496,radio-fe0b343ea99c7ae4,True,Libyan_cells_dataset/cells.sqlite3,retained,Al-Madar,271058708733948,1382
collected:99,radio-fe0b343ea99c7ae4,False,data/new_data/libya_collected_antennas/cellmapper/cellmapper_libya_antennas.csv,retained,Al-Madar,271058708733948,
sqlite:577,radio-5fb4b7d09b0904a3,True,Libyan_cells_dataset/cells.sqlite3,retained,Al-Madar,201434426775833,1383
sqlite:552,radio-46db8d2b744e8115,True,Libyan_cells_dataset/cells.sqlite3,retained,Al-Madar,143780010183768,1385
sqlite:531,radio-8158b2f8608369d0,True,Libyan_cells_dataset/cells.sqlite3,retained,Al-Madar,47434654548507,1387
sqlite:533,radio-bea696af119b8fe8,True,Libyan_cells_dataset/cells.sqlite3,retained,Al-Madar,221067804256353,1388
sqlite:536,radio-0ea232c4d29b927a,True,Libyan_cells_dataset/cells.sqlite3,retained,Al-Madar,195389850785318,456
sqlite:532,radio-8af5aecec1e860bf,True,Libyan_cells_dataset/cells.sqlite3,retained,Al-Madar,71181359339131,1389
sqlite:534,radio-78f5bc08e139ec2a,True,Libyan_cells_dataset/cells.sqlite3,retained,Al-Madar,220111805216315,1390
sqlite:501,radio-0a8d9929c1a3a2aa,True,Libyan_cells_dataset/cells.sqlite3,retained,Al-Madar,98964436188568,1391
sqlite:535,radio-9a717ca63580832e,True,Libyan_cells_dataset/cells.sqlite3,retained,Al-Madar,62657104069799,1392
sqlite:80,radio-40042676c76a1df2,True,Libyan_cells_dataset/cells.sqlite3,retained,Al-Madar,4012189515755,1393
sqlite:61,radio-1f69c34ae792314c,True,Libyan_cells_dataset/cells.sqlite3,retained,Al-Madar,7241388909341,1395
sqlite:53,radio-7607b04bf6f00f2e,True,Libyan_cells_dataset/cells.sqlite3,retained,Al-Madar,777413238509,1396
sqlite:32,radio-fb7b7340e1b562d5,True,Libyan_cells_dataset/cells.sqlite3,retained,Al-Madar,277717134355924,1397
sqlite:62,radio-a2b4baddc70b0b14,True,Libyan_cells_dataset/cells.sqlite3,retained,Al-Madar,230652278997965,1002
sqlite:69,radio-82f74000ffddfe78,True,Libyan_cells_dataset/cells.sqlite3,retained,Al-Madar,66452314235426,1400
sqlite:27,radio-f9d338f9436c5dbb,True,Libyan_cells_dataset/cells.sqlite3,retained,Al-Madar,203600779580639,1401
sqlite:68,radio-5358b54c09462323,True,Libyan_cells_dataset/cells.sqlite3,retained,Al-Madar,141916730195292,1402
sqlite:51,radio-7ba9076f7bf8d566,True,Libyan_cells_dataset/cells.sqlite3,retained,Al-Madar,200841854883044,1403
sqlite:373,radio-741eb1bfb9565143,True,Libyan_cells_dataset/cells.sqlite3,retained,Al-Madar,150749660622887,1404
sqlite:79,radio-673ce609e5b74a7e,True,Libyan_cells_dataset/cells.sqlite3,retained,Al-Madar,55601506498959,1405
sqlite:403,radio-8dd3f7829f668fc7,True,Libyan_cells_dataset/cells.sqlite3,retained,Al-Madar,154471040006547,1406
sqlite:371,radio-1ff17f7335b09dc5,True,Libyan_cells_dataset/cells.sqlite3,retained,Al-Madar,35585169389546,1409
sqlite:364,radio-056534a47c2757e6,True,Libyan_cells_dataset/cells.sqlite3,retained,Al-Madar,265501011095799,1410
sqlite:357,radio-12269c1c962fa97e,True,Libyan_cells_dataset/cells.sqlite3,retained,Al-Madar,186671607569077,1412
sqlite:156,radio-1f28c7acd8e72df6,True,Libyan_cells_dataset/cells.sqlite3,retained,Al-Madar,191687821420157,1413
sqlite:60,radio-13113ef0b9ca16a7,True,Libyan_cells_dataset/cells.sqlite3,retained,Al-Madar,196170731340934,1414
sqlite:331,radio-7c13e3e0f0613f90,True,Libyan_cells_dataset/cells.sqlite3,retained,Al-Madar,110899693130508,1415
sqlite:332,radio-21fb8bc023ad7cb5,True,Libyan_cells_dataset/cells.sqlite3,retained,Al-Madar,134128225968801,1416
sqlite:369,radio-a87782df3933ab3d,True,Libyan_cells_dataset/cells.sqlite3,retained,Al-Madar,242312188472577,1417
sqlite:366,radio-1f67ec6e7734dc24,True,Libyan_cells_dataset/cells.sqlite3,retained,Al-Madar,220554225019927,1418
sqlite:9,radio-279cf0d0b3f7163c,True,Libyan_cells_dataset/cells.sqlite3,retained,Al-Madar,124456460349657,1420
sqlite:354,radio-943ee794fb8590f7,True,Libyan_cells_dataset/cells.sqlite3,retained,Al-Madar,54906473912998,1421
sqlite:362,radio-7b9c1ac53f4dd779,True,Libyan_cells_dataset/cells.sqlite3,retained,Al-Madar,11508685450888,1422
sqlite:363,radio-c7f2d35521341871,True,Libyan_cells_dataset/cells.sqlite3,retained,Al-Madar,108172597429981,1423
sqlite:52,radio-5308f4a1856828c4,True,Libyan_cells_dataset/cells.sqlite3,retained,Al-Madar,45305906842898,1426
sqlite:333,radio-4fd82ac00bfbb3d5,True,Libyan_cells_dataset/cells.sqlite3,retained,Al-Madar,87245758863760,1427
sqlite:37,radio-b5f9e35c44e6acb7,True,Libyan_cells_dataset/cells.sqlite3,retained,Al-Madar,126444468639247,1428
sqlite:63,radio-646308aca90a128b,True,Libyan_cells_dataset/cells.sqlite3,retained,Al-Madar,192435604932318,1429
sqlite:365,radio-2ebad84ee635e19d,True,Libyan_cells_dataset/cells.sqlite3,retained,Al-Madar,251189330502405,1430
sqlite:344,radio-80a223e6e3db0d5a,True,Libyan_cells_dataset/cells.sqlite3,retained,Al-Madar,8420281344617,1431
sqlite:142,radio-0d03f01ed738960e,True,Libyan_cells_dataset/cells.sqlite3,retained,Al-Madar,50662479880153,1432
sqlite:342,radio-f5b001774c8a985e,True,Libyan_cells_dataset/cells.sqlite3,retained,Al-Madar,158692531096904,1433
sqlite:368,radio-19cf440ee11cba86,True,Libyan_cells_dataset/cells.sqlite3,retained,Al-Madar,150251812123285,1434
sqlite:59,radio-db4e48511f568870,True,Libyan_cells_dataset/cells.sqlite3,retained,Al-Madar,124355215376106,1435
sqlite:84,radio-57e39b8454783cff,True,Libyan_cells_dataset/cells.sqlite3,retained,Al-Madar,143672796820105,1436
sqlite:100,radio-e6e0d4991d301ea1,True,Libyan_cells_dataset/cells.sqlite3,retained,Al-Madar,181008690967679,1437
sqlite:317,radio-af993146f82822b2,True,Libyan_cells_dataset/cells.sqlite3,retained,Al-Madar,194264480992907,1438
collected:2,radio-554f71866f1a7a43,False,data/new_data/libya_collected_antennas/cellmapper/cellmapper_libya_antennas.csv,retained,Al-Madar,84593335061217,
collected:3,radio-554f71866f1a7a43,False,data/new_data/libya_collected_antennas/cellmapper/cellmapper_libya_antennas.csv,retained,Al-Madar,84593335061217,
sqlite:2,radio-554f71866f1a7a43,True,Libyan_cells_dataset/cells.sqlite3,retained,Al-Madar,84593335061217,1439
sqlite:119,radio-28427e9b041e22f8,True,Libyan_cells_dataset/cells.sqlite3,retained,Al-Madar,228017369724520,1440
sqlite:54,radio-00fc5ccf9d438f4d,True,Libyan_cells_dataset/cells.sqlite3,retained,Al-Madar,220580874503379,1441
sqlite:104,radio-13dcbbb1ecca1ce9,True,Libyan_cells_dataset/cells.sqlite3,retained,Al-Madar,209030029870865,1442
sqlite:146,radio-51b28d109739abd5,True,Libyan_cells_dataset/cells.sqlite3,retained,Al-Madar,206255826818494,1443
sqlite:374,radio-eea41ab0f32a3b1f,True,Libyan_cells_dataset/cells.sqlite3,retained,Al-Madar,223700581670050,1444
sqlite:143,radio-8999df9803b82cc3,True,Libyan_cells_dataset/cells.sqlite3,retained,Al-Madar,41461751951190,1445
sqlite:360,radio-ea784a002a5688af,True,Libyan_cells_dataset/cells.sqlite3,retained,Al-Madar,31584774930368,1446
sqlite:103,radio-73594b62b3f764fc,True,Libyan_cells_dataset/cells.sqlite3,retained,Al-Madar,199224015402801,1447
sqlite:85,radio-0d5d0b41e9e6cb53,True,Libyan_cells_dataset/cells.sqlite3,retained,Al-Madar,147372086912259,1448
sqlite:110,radio-05ad0e1a33fbc818,True,Libyan_cells_dataset/cells.sqlite3,retained,Al-Madar,56214008489870,1449
sqlite:115,radio-2614797626928829,True,Libyan_cells_dataset/cells.sqlite3,retained,Al-Madar,182213665735352,1450
sqlite:91,radio-74b818a3512c658e,True,Libyan_cells_dataset/cells.sqlite3,retained,Al-Madar,214743057234069,1451
sqlite:111,radio-4f45035a3eceb299,True,Libyan_cells_dataset/cells.sqlite3,retained,Al-Madar,158419081006349,1452
sqlite:109,radio-08ad1fdee2179985,True,Libyan_cells_dataset/cells.sqlite3,retained,Al-Madar,56849377862755,1453
sqlite:117,radio-ff685debd64d8570,True,Libyan_cells_dataset/cells.sqlite3,retained,Al-Madar,272909329212190,1454
sqlite:128,radio-5974d0be01479c2b,True,Libyan_cells_dataset/cells.sqlite3,retained,Al-Madar,66151158392500,1455
sqlite:129,radio-89b3eb109fed5831,True,Libyan_cells_dataset/cells.sqlite3,retained,Al-Madar,13437966825958,1456
sqlite:132,radio-5759dd044aba9d34,True,Libyan_cells_dataset/cells.sqlite3,retained,Al-Madar,143139840202481,1457
sqlite:588,radio-bf5b826e026f7e68,True,Libyan_cells_dataset/cells.sqlite3,retained,Al-Madar,124506236817526,1458
sqlite:586,radio-b48ab1b1bd68d7e4,True,Libyan_cells_dataset/cells.sqlite3,retained,Al-Madar,184533091069353,1459
sqlite:587,radio-74f15984d472242f,True,Libyan_cells_dataset/cells.sqlite3,retained,Al-Madar,29918581126115,1460
sqlite:591,radio-2c113676f3c27600,True,Libyan_cells_dataset/cells.sqlite3,retained,Al-Madar,232917771081688,1461
sqlite:99,radio-e4a82675a057f8ef,True,Libyan_cells_dataset/cells.sqlite3,retained,Al-Madar,137859148134705,348
sqlite:17,radio-347a3069f10b8531,True,Libyan_cells_dataset/cells.sqlite3,retained,Al-Madar,46118069998403,1462
sqlite:359,radio-bd7503ab48ecd164,True,Libyan_cells_dataset/cells.sqlite3,retained,Al-Madar,91334009579606,1463
sqlite:337,radio-ef2a45a00c40a41f,True,Libyan_cells_dataset/cells.sqlite3,retained,Al-Madar,121897579422015,1464
sqlite:361,radio-b4cb8ab0ce478d89,True,Libyan_cells_dataset/cells.sqlite3,retained,Al-Madar,108172597429981,1423
sqlite:581,radio-67efaccb22eb6f8b,True,Libyan_cells_dataset/cells.sqlite3,retained,Al-Madar,243734914530963,1465
sqlite:584,radio-f06745c024e89d41,True,Libyan_cells_dataset/cells.sqlite3,retained,Al-Madar,157546153985164,1466
sqlite:583,radio-1245ed325007f710,True,Libyan_cells_dataset/cells.sqlite3,retained,Al-Madar,89801222390029,1467
sqlite:582,radio-ace9f6af22ca917c,True,Libyan_cells_dataset/cells.sqlite3,retained,Al-Madar,101952331065353,1468
sqlite:538,radio-6654779f07a5833f,True,Libyan_cells_dataset/cells.sqlite3,retained,Al-Madar,180319953074160,1469
sqlite:544,radio-44a1d349bfd6383e,True,Libyan_cells_dataset/cells.sqlite3,retained,Al-Madar,112372836632704,1470
sqlite:573,radio-096f528c95e47673,True,Libyan_cells_dataset/cells.sqlite3,retained,Al-Madar,9646375485572,1471
sqlite:580,radio-1591dbda13787669,True,Libyan_cells_dataset/cells.sqlite3,retained,Al-Madar,72142990942563,1472
sqlite:78,radio-ad595a16808846ee,True,Libyan_cells_dataset/cells.sqlite3,retained,Al-Madar,265245036742851,1473
sqlite:20,radio-850d3a24a54f7f9c,True,Libyan_cells_dataset/cells.sqlite3,retained,Al-Madar,133300484529021,1474
sqlite:548,radio-6ac049b87a343df8,True,Libyan_cells_dataset/cells.sqlite3,retained,Al-Madar,122057400194772,667
sqlite:553,radio-773b3ec8747860e0,True,Libyan_cells_dataset/cells.sqlite3,retained,Al-Madar,132959090175219,1475
sqlite:567,radio-7e7cfe1887fcde0c,True,Libyan_cells_dataset/cells.sqlite3,retained,Al-Madar,81986758460011,1476
sqlite:554,radio-0752df00cc668229,True,Libyan_cells_dataset/cells.sqlite3,retained,Al-Madar,167786350856259,1477
sqlite:537,radio-d0786803ae8d0228,True,Libyan_cells_dataset/cells.sqlite3,retained,Al-Madar,274911647600942,1478
sqlite:568,radio-7f1303508be9b357,True,Libyan_cells_dataset/cells.sqlite3,retained,Al-Madar,92563089692445,1479
sqlite:563,radio-113262b226eb6ec7,True,Libyan_cells_dataset/cells.sqlite3,retained,Al-Madar,35544244024773,1480
sqlite:578,radio-5782541e79ea137f,True,Libyan_cells_dataset/cells.sqlite3,retained,Al-Madar,154408470083924,1481
sqlite:551,radio-4fb741a54db27642,True,Libyan_cells_dataset/cells.sqlite3,retained,Al-Madar,281067420599484,1482
sqlite:540,radio-f342ce9320f93561,True,Libyan_cells_dataset/cells.sqlite3,retained,Al-Madar,70206375113698,1483
sqlite:555,radio-928ddf4121b58d3c,True,Libyan_cells_dataset/cells.sqlite3,retained,Al-Madar,231612812957393,1484
sqlite:570,radio-ee4dab0a8f4bb879,True,Libyan_cells_dataset/cells.sqlite3,retained,Al-Madar,237433159060476,1485
sqlite:556,radio-9e2abecc714789e1,True,Libyan_cells_dataset/cells.sqlite3,retained,Al-Madar,37039100421408,1486
sqlite:539,radio-14624243525e898c,True,Libyan_cells_dataset/cells.sqlite3,retained,Al-Madar,187327584243643,1487
sqlite:572,radio-7ec5111258c87732,True,Libyan_cells_dataset/cells.sqlite3,retained,Al-Madar,20506957088447,1488
sqlite:565,radio-c022550f5cc9c9f4,True,Libyan_cells_dataset/cells.sqlite3,retained,Al-Madar,187260701533803,1489
sqlite:579,radio-8c73fb69613a4155,True,Libyan_cells_dataset/cells.sqlite3,retained,Al-Madar,11917526381894,1490
sqlite:558,radio-4e4e616ad60c777c,True,Libyan_cells_dataset/cells.sqlite3,retained,Al-Madar,54031793850299,1491
sqlite:559,radio-72b65e902bb34bb2,True,Libyan_cells_dataset/cells.sqlite3,retained,Al-Madar,217333871673756,1492
sqlite:542,radio-3e6c9b0a93429dc7,True,Libyan_cells_dataset/cells.sqlite3,retained,Al-Madar,8352462748498,1493
sqlite:543,radio-68fdd104f3db21ca,True,Libyan_cells_dataset/cells.sqlite3,retained,Al-Madar,112740530060764,1494
sqlite:574,radio-c3015ed41798422e,True,Libyan_cells_dataset/cells.sqlite3,retained,Al-Madar,5548335463022,1495
sqlite:550,radio-a8c984cfe7503e01,True,Libyan_cells_dataset/cells.sqlite3,retained,Al-Madar,84669388665788,1496
sqlite:560,radio-7eb829a9406c3c07,True,Libyan_cells_dataset/cells.sqlite3,retained,Al-Madar,101349562210978,1497
sqlite:547,radio-97ecef6291279ebc,True,Libyan_cells_dataset/cells.sqlite3,retained,Al-Madar,6759464815896,1498
sqlite:561,radio-31ed82fa66eef9fe,True,Libyan_cells_dataset/cells.sqlite3,retained,Al-Madar,209604220369339,1499
sqlite:562,radio-f64a9c2d5f52c6a8,True,Libyan_cells_dataset/cells.sqlite3,retained,Al-Madar,277745554351794,1500
sqlite:571,radio-3aa6e4886f8fd369,True,Libyan_cells_dataset/cells.sqlite3,retained,Al-Madar,40608779462217,1501
sqlite:575,radio-2260241d1eca0e3d,True,Libyan_cells_dataset/cells.sqlite3,retained,Al-Madar,227549540852193,1502
sqlite:564,radio-560d9c3d027ef6c2,True,Libyan_cells_dataset/cells.sqlite3,retained,Al-Madar,181117387553107,1503
sqlite:301,radio-c328125d6d9951c0,True,Libyan_cells_dataset/cells.sqlite3,retained,Al-Madar,129117122050873,852
sqlite:290,radio-c94bf2a24639a3bf,True,Libyan_cells_dataset/cells.sqlite3,retained,Al-Madar,238252205636099,1504
sqlite:302,radio-e802157f39c5a8a6,True,Libyan_cells_dataset/cells.sqlite3,retained,Al-Madar,129117122050873,852
sqlite:291,radio-60b53ec01b03f3f8,True,Libyan_cells_dataset/cells.sqlite3,retained,Al-Madar,8025859828859,1505
sqlite:292,radio-559b132e0e03bc63,True,Libyan_cells_dataset/cells.sqlite3,retained,Al-Madar,267102681509085,1506
sqlite:303,radio-3560c101e8c07765,True,Libyan_cells_dataset/cells.sqlite3,retained,Al-Madar,78861426279104,1507
sqlite:296,radio-8a238b3c4215fc61,True,Libyan_cells_dataset/cells.sqlite3,retained,Al-Madar,183027206969693,1508
sqlite:297,radio-a706b21e619db730,True,Libyan_cells_dataset/cells.sqlite3,retained,Al-Madar,183027206969693,1508
sqlite:92,radio-6f8f68c48aaf426e,True,Libyan_cells_dataset/cells.sqlite3,retained,Al-Madar,16145501911670,1509
sqlite:94,radio-61b003a0058776f6,True,Libyan_cells_dataset/cells.sqlite3,retained,Al-Madar,130801130373653,1510
sqlite:309,radio-4bd36fb84ee18a75,True,Libyan_cells_dataset/cells.sqlite3,retained,Al-Madar,201896600253711,1511
sqlite:310,radio-db52c83d93562402,True,Libyan_cells_dataset/cells.sqlite3,retained,Al-Madar,193331404137530,1512
sqlite:304,radio-eb61271962639dc8,True,Libyan_cells_dataset/cells.sqlite3,retained,Al-Madar,59627009051722,1513
sqlite:305,radio-33c844561e37b2a9,True,Libyan_cells_dataset/cells.sqlite3,retained,Al-Madar,237117244638709,1515
sqlite:312,radio-e7e471f07a591234,True,Libyan_cells_dataset/cells.sqlite3,retained,Al-Madar,67559716408731,1516
sqlite:307,radio-f4d9c3c9953b2d4e,True,Libyan_cells_dataset/cells.sqlite3,retained,Al-Madar,219341048180100,1517
sqlite:313,radio-f836635912d1d594,True,Libyan_cells_dataset/cells.sqlite3,retained,Al-Madar,125483236788710,1518
sqlite:314,radio-597958a46f35c1d8,True,Libyan_cells_dataset/cells.sqlite3,retained,Al-Madar,280722314636275,1519
sqlite:298,radio-e0c3ffdb789ed48c,True,Libyan_cells_dataset/cells.sqlite3,retained,Al-Madar,246883278597262,1520
sqlite:299,radio-caaf00dccb7bbb11,True,Libyan_cells_dataset/cells.sqlite3,retained,Al-Madar,68754049170434,1521
sqlite:300,radio-a671575331dd7f31,True,Libyan_cells_dataset/cells.sqlite3,retained,Al-Madar,235171540832096,1522
sqlite:315,radio-551dffbafb16cf94,True,Libyan_cells_dataset/cells.sqlite3,retained,Al-Madar,232323587246298,1523
sqlite:295,radio-54c4dba75b9e7058,True,Libyan_cells_dataset/cells.sqlite3,retained,Al-Madar,148758743801052,1524
sqlite:308,radio-591c31ded335c4ec,True,Libyan_cells_dataset/cells.sqlite3,retained,Al-Madar,104435778311863,1525
sqlite:316,radio-c6d6c6c97a5aa3a8,True,Libyan_cells_dataset/cells.sqlite3,retained,Al-Madar,24475746277314,1526
sqlite:306,radio-32a8c66f1b9aebcb,True,Libyan_cells_dataset/cells.sqlite3,retained,Al-Madar,143422233689095,1527
sqlite:526,radio-a608d4072adce277,True,Libyan_cells_dataset/cells.sqlite3,retained,Al-Madar,35605764673673,1640
sqlite:82,radio-9b78085755cbc1ac,True,Libyan_cells_dataset/cells.sqlite3,retained,Al-Madar,175008711505268,1641
sqlite:40,radio-1a3c0ebd30669d25,True,Libyan_cells_dataset/cells.sqlite3,retained,Al-Madar,183992362285734,1642
sqlite:46,radio-1560a7326e618cfb,True,Libyan_cells_dataset/cells.sqlite3,retained,Al-Madar,247308115046974,1643
sqlite:72,radio-41b1589fbb513d95,True,Libyan_cells_dataset/cells.sqlite3,retained,Al-Madar,178332869537856,1644
sqlite:57,radio-7ad5dc4d6655829c,True,Libyan_cells_dataset/cells.sqlite3,retained,Al-Madar,21340055702753,1645
sqlite:11,radio-d44c563f7a773a6e,True,Libyan_cells_dataset/cells.sqlite3,retained,Al-Madar,107773119012070,1646
sqlite:153,radio-c54fed11ce57fd3e,True,Libyan_cells_dataset/cells.sqlite3,retained,Al-Madar,251280232888073,1647
sqlite:506,radio-4484c4ddf553aa84,True,Libyan_cells_dataset/cells.sqlite3,retained,Al-Madar,169569447735207,1648
sqlite:47,radio-afdd99091cd5ae76,True,Libyan_cells_dataset/cells.sqlite3,retained,Al-Madar,135516143336693,1649
sqlite:48,radio-ad69f96f27efb022,True,Libyan_cells_dataset/cells.sqlite3,retained,Al-Madar,153479429018941,1650
sqlite:159,radio-e7c09317e6f367f7,True,Libyan_cells_dataset/cells.sqlite3,retained,Al-Madar,267903979387612,1651
sqlite:7,radio-0fdf533ce5f46fe8,True,Libyan_cells_dataset/cells.sqlite3,retained,Al-Madar,212304107440090,445
sqlite:507,radio-47b4ead76922aa32,True,Libyan_cells_dataset/cells.sqlite3,retained,Al-Madar,111503177909727,1652
sqlite:5,radio-d1179c0a85ce5072,True,Libyan_cells_dataset/cells.sqlite3,retained,Al-Madar,105986384560292,1653
sqlite:73,radio-17c3f7f746f59495,True,Libyan_cells_dataset/cells.sqlite3,retained,Al-Madar,161863466954169,1654
sqlite:74,radio-1c7b36950d7ecc83,True,Libyan_cells_dataset/cells.sqlite3,retained,Al-Madar,261852443507905,1655
sqlite:71,radio-923f8f2299a7f528,True,Libyan_cells_dataset/cells.sqlite3,retained,Al-Madar,184549264413778,1656
sqlite:64,radio-93915e442d395bce,True,Libyan_cells_dataset/cells.sqlite3,retained,Al-Madar,232652308469549,1657
sqlite:24,radio-f1ed45b679fd1f60,True,Libyan_cells_dataset/cells.sqlite3,retained,Al-Madar,117486066074632,1658
sqlite:65,radio-40fa2b4d32149532,True,Libyan_cells_dataset/cells.sqlite3,retained,Al-Madar,11567646355794,1659
sqlite:66,radio-7656d2a5033050e6,True,Libyan_cells_dataset/cells.sqlite3,retained,Al-Madar,39950382148862,1660
sqlite:30,radio-44d0601d941bc53b,True,Libyan_cells_dataset/cells.sqlite3,retained,Al-Madar,74476479518326,1661
sqlite:75,radio-f6bfcf0990e960e3,True,Libyan_cells_dataset/cells.sqlite3,retained,Al-Madar,165647961314233,1662
sqlite:101,radio-e830beeb98f627d6,True,Libyan_cells_dataset/cells.sqlite3,retained,Al-Madar,87271210385422,1663
sqlite:19,radio-ebf64d6830b94945,True,Libyan_cells_dataset/cells.sqlite3,retained,Al-Madar,200812896712267,1664
sqlite:76,radio-20ade61786d71a48,True,Libyan_cells_dataset/cells.sqlite3,retained,Al-Madar,208156249638499,1665
sqlite:77,radio-990362d7661c906b,True,Libyan_cells_dataset/cells.sqlite3,retained,Al-Madar,11998324603756,1666
sqlite:516,radio-1f143fb39630ac18,True,Libyan_cells_dataset/cells.sqlite3,retained,Al-Madar,40028863671531,1667
sqlite:517,radio-00d46f2e689ac6eb,True,Libyan_cells_dataset/cells.sqlite3,retained,Al-Madar,241013236198375,1668
sqlite:55,radio-9d3e61581ab88747,True,Libyan_cells_dataset/cells.sqlite3,retained,Al-Madar,177489887333754,1669
sqlite:518,radio-29914de24e88d73d,True,Libyan_cells_dataset/cells.sqlite3,retained,Al-Madar,237819822468489,1670
sqlite:67,radio-492cca1263ac513f,True,Libyan_cells_dataset/cells.sqlite3,retained,Al-Madar,20120015412028,1671
sqlite:149,radio-d9ac835ea6bbd0f8,True,Libyan_cells_dataset/cells.sqlite3,retained,Al-Madar,131070515132441,1672
sqlite:134,radio-0ddfecff8f28aa77,True,Libyan_cells_dataset/cells.sqlite3,retained,Al-Madar,248166454701307,1673
sqlite:148,radio-c69af06f57df8ef6,True,Libyan_cells_dataset/cells.sqlite3,retained,Al-Madar,68612004468455,1674
sqlite:120,radio-284ea6006b177d83,True,Libyan_cells_dataset/cells.sqlite3,retained,Al-Madar,132727815130211,1675
sqlite:102,radio-ff302059d98e0a65,True,Libyan_cells_dataset/cells.sqlite3,retained,Al-Madar,163222811491125,1676
sqlite:96,radio-23bbd1e5688dd0f5,True,Libyan_cells_dataset/cells.sqlite3,retained,Al-Madar,254993107406668,1677
sqlite:133,radio-db01358625c93b25,True,Libyan_cells_dataset/cells.sqlite3,retained,Al-Madar,205847863664269,1678
sqlite:121,radio-217fe6e92d07a313,True,Libyan_cells_dataset/cells.sqlite3,retained,Al-Madar,180189685490022,1681
sqlite:41,radio-a64537dcd09190ac,True,Libyan_cells_dataset/cells.sqlite3,retained,Al-Madar,3483038050820,1682
sqlite:83,radio-b22954b46b1017de,True,Libyan_cells_dataset/cells.sqlite3,retained,Al-Madar,20713599938269,1683
sqlite:116,radio-e602cb0f70a67b69,True,Libyan_cells_dataset/cells.sqlite3,retained,Al-Madar,204553227388730,1684
sqlite:144,radio-8a0db4e0a9bea66d,True,Libyan_cells_dataset/cells.sqlite3,retained,Al-Madar,251428394145079,1685
sqlite:118,radio-fb1a68d94b65fc43,True,Libyan_cells_dataset/cells.sqlite3,retained,Al-Madar,222262391229060,1686
sqlite:105,radio-51095df7a090e4f5,True,Libyan_cells_dataset/cells.sqlite3,retained,Al-Madar,203696794230005,1687
sqlite:106,radio-67afa9abfaaf4ada,True,Libyan_cells_dataset/cells.sqlite3,retained,Al-Madar,15819047184742,1688
sqlite:150,radio-b5c927d01087ac94,True,Libyan_cells_dataset/cells.sqlite3,retained,Al-Madar,138789173672028,1689
sqlite:145,radio-d38b8997bd60fb49,True,Libyan_cells_dataset/cells.sqlite3,retained,Al-Madar,38933027945192,1690
sqlite:141,radio-9b785a852ea9da70,True,Libyan_cells_dataset/cells.sqlite3,retained,Al-Madar,145269204509939,1691
sqlite:123,radio-8edf1e3609e96997,True,Libyan_cells_dataset/cells.sqlite3,retained,Al-Madar,219054150270576,902
sqlite:124,radio-86ba467bd7fc4206,True,Libyan_cells_dataset/cells.sqlite3,retained,Al-Madar,10343636317278,1692
sqlite:137,radio-0ebca7b04f7cd3de,True,Libyan_cells_dataset/cells.sqlite3,retained,Al-Madar,16529010660577,1693
sqlite:385,radio-33d5fff478829580,True,Libyan_cells_dataset/cells.sqlite3,retained,Al-Madar,112615893230399,1694
sqlite:138,radio-5a5f0252e55f8e71,True,Libyan_cells_dataset/cells.sqlite3,retained,Al-Madar,35473284422376,1695
sqlite:125,radio-3bc828a95caa7350,True,Libyan_cells_dataset/cells.sqlite3,retained,Al-Madar,182475463492716,1696
sqlite:108,radio-c62ff441be63cc51,True,Libyan_cells_dataset/cells.sqlite3,retained,Al-Madar,244925253075358,1697
sqlite:98,radio-7f470c0fbdd84c7e,True,Libyan_cells_dataset/cells.sqlite3,retained,Al-Madar,226825157353238,1698
sqlite:136,radio-2945fdfd3f53b1fa,True,Libyan_cells_dataset/cells.sqlite3,retained,Al-Madar,206317183093060,1699
sqlite:93,radio-efdf4fbd16d7aa3d,True,Libyan_cells_dataset/cells.sqlite3,retained,Al-Madar,192539154797627,1700
sqlite:135,radio-ddce2370191190a2,True,Libyan_cells_dataset/cells.sqlite3,retained,Al-Madar,238320176609322,1701
sqlite:140,radio-5103bed16c74c40f,True,Libyan_cells_dataset/cells.sqlite3,retained,Al-Madar,72933384087994,1702
sqlite:122,radio-168c2f638cc59f89,True,Libyan_cells_dataset/cells.sqlite3,retained,Al-Madar,23917001768243,1703
sqlite:114,radio-a1f73f366ecbe303,True,Libyan_cells_dataset/cells.sqlite3,retained,Al-Madar,15319139577597,1704
sqlite:151,radio-90dbf407d12fb155,True,Libyan_cells_dataset/cells.sqlite3,retained,Al-Madar,197850411910269,1705
sqlite:131,radio-4cc8cec57987abe0,True,Libyan_cells_dataset/cells.sqlite3,retained,Al-Madar,27341235266004,1706
sqlite:1786,radio-d897dae847142e0c,False,Libyan_cells_dataset/cells.sqlite3,retained,Al-Madar,160991200117834,1707
sqlite:2138,radio-d897dae847142e0c,False,Libyan_cells_dataset/cells.sqlite3,retained,Al-Madar,160991200117834,1707
sqlite:1788,radio-d897dae847142e0c,False,Libyan_cells_dataset/cells.sqlite3,retained,Al-Madar,160991200117834,1707
sqlite:1838,radio-d897dae847142e0c,False,Libyan_cells_dataset/cells.sqlite3,retained,Al-Madar,160991200117834,1707
sqlite:2038,radio-d897dae847142e0c,False,Libyan_cells_dataset/cells.sqlite3,retained,Al-Madar,160991200117834,1707
sqlite:2066,radio-6498d5a822c357f4,False,Libyan_cells_dataset/cells.sqlite3,retained,Al-Madar,128063723640976,1709
sqlite:1866,radio-6498d5a822c357f4,False,Libyan_cells_dataset/cells.sqlite3,retained,Al-Madar,128063723640976,1709
sqlite:2166,radio-6498d5a822c357f4,False,Libyan_cells_dataset/cells.sqlite3,retained,Al-Madar,128063723640976,1709
sqlite:1816,radio-6498d5a822c357f4,False,Libyan_cells_dataset/cells.sqlite3,retained,Al-Madar,128063723640976,1709
collected:1079,radio-9617a5fb5d030de3,False,data/new_data/libya_collected_antennas/cellmapper/cellmapper_libya_antennas.csv,retained,Al-Madar,166039909820167,
collected:1080,radio-9617a5fb5d030de3,False,data/new_data/libya_collected_antennas/cellmapper/cellmapper_libya_antennas.csv,retained,Al-Madar,166039909820167,
collected:1091,radio-3b43fee6d1190414,False,data/new_data/libya_collected_antennas/cellmapper/cellmapper_libya_antennas.csv,retained,Al-Madar,106990554337505,
collected:1102,radio-0785bbfaeb9adc1a,False,data/new_data/libya_collected_antennas/cellmapper/cellmapper_libya_antennas.csv,retained,Al-Madar,181091837181173,
collected:1096,radio-3106dc1d8d006fee,False,data/new_data/libya_collected_antennas/cellmapper/cellmapper_libya_antennas.csv,retained,Al-Madar,78732876995111,
sqlite:2004,radio-4edaa6b9c2f6625f,False,Libyan_cells_dataset/cells.sqlite3,retained,Al-Madar,126925120634790,1710
sqlite:1423,radio-4edaa6b9c2f6625f,False,Libyan_cells_dataset/cells.sqlite3,retained,Al-Madar,126925120634790,1710
sqlite:1372,radio-4edaa6b9c2f6625f,False,Libyan_cells_dataset/cells.sqlite3,retained,Al-Madar,126925120634790,1710
sqlite:2105,radio-4edaa6b9c2f6625f,False,Libyan_cells_dataset/cells.sqlite3,retained,Al-Madar,126925120634790,1710
sqlite:1913,radio-4edaa6b9c2f6625f,False,Libyan_cells_dataset/cells.sqlite3,retained,Al-Madar,126925120634790,1710
sqlite:1955,radio-4edaa6b9c2f6625f,False,Libyan_cells_dataset/cells.sqlite3,retained,Al-Madar,126925120634790,1710
sqlite:2001,radio-a8fc5d166ee35375,False,Libyan_cells_dataset/cells.sqlite3,retained,Al-Madar,258662425483784,614
sqlite:1420,radio-a8fc5d166ee35375,False,Libyan_cells_dataset/cells.sqlite3,retained,Al-Madar,258662425483784,614
sqlite:1369,radio-a8fc5d166ee35375,False,Libyan_cells_dataset/cells.sqlite3,retained,Al-Madar,258662425483784,614
sqlite:2102,radio-a8fc5d166ee35375,False,Libyan_cells_dataset/cells.sqlite3,retained,Al-Madar,258662425483784,614
sqlite:1952,radio-a8fc5d166ee35375,False,Libyan_cells_dataset/cells.sqlite3,retained,Al-Madar,258662425483784,614
sqlite:1910,radio-a8fc5d166ee35375,False,Libyan_cells_dataset/cells.sqlite3,retained,Al-Madar,258662425483784,614
collected:1044,radio-a8fc5d166ee35375,False,data/new_data/libya_collected_antennas/cellmapper/cellmapper_libya_antennas.csv,retained,Al-Madar,258662425483784,
collected:1045,radio-a8fc5d166ee35375,False,data/new_data/libya_collected_antennas/cellmapper/cellmapper_libya_antennas.csv,retained,Al-Madar,258662425483784,
collected:717,radio-4db8017a6e33fe5f,False,data/new_data/libya_collected_antennas/cellmapper/cellmapper_libya_antennas.csv,retained,Al-Madar,42776136317603,
collected:718,radio-4db8017a6e33fe5f,False,data/new_data/libya_collected_antennas/cellmapper/cellmapper_libya_antennas.csv,retained,Al-Madar,42776136317603,
collected:719,radio-4db8017a6e33fe5f,False,data/new_data/libya_collected_antennas/cellmapper/cellmapper_libya_antennas.csv,retained,Al-Madar,42776136317603,
sqlite:1421,radio-4db8017a6e33fe5f,False,Libyan_cells_dataset/cells.sqlite3,retained,Al-Madar,42776136317603,1711
sqlite:1370,radio-4db8017a6e33fe5f,False,Libyan_cells_dataset/cells.sqlite3,retained,Al-Madar,42776136317603,1711
sqlite:1911,radio-4db8017a6e33fe5f,False,Libyan_cells_dataset/cells.sqlite3,retained,Al-Madar,42776136317603,1711
sqlite:2002,radio-4db8017a6e33fe5f,False,Libyan_cells_dataset/cells.sqlite3,retained,Al-Madar,42776136317603,1711
sqlite:1953,radio-4db8017a6e33fe5f,False,Libyan_cells_dataset/cells.sqlite3,retained,Al-Madar,42776136317603,1711
sqlite:2103,radio-4db8017a6e33fe5f,False,Libyan_cells_dataset/cells.sqlite3,retained,Al-Madar,42776136317603,1711
collected:879,radio-578bc6c4a74ac5c4,False,data/new_data/libya_collected_antennas/cellmapper/cellmapper_libya_antennas.csv,retained,Al-Madar,216554651490109,
sqlite:1402,radio-6422754d6fdccea7,False,Libyan_cells_dataset/cells.sqlite3,retained,Al-Madar,52220288753164,1712
sqlite:1453,radio-6422754d6fdccea7,False,Libyan_cells_dataset/cells.sqlite3,retained,Al-Madar,52220288753164,1712
sqlite:2136,radio-6422754d6fdccea7,False,Libyan_cells_dataset/cells.sqlite3,retained,Al-Madar,52220288753164,1712
sqlite:2033,radio-6422754d6fdccea7,False,Libyan_cells_dataset/cells.sqlite3,retained,Al-Madar,52220288753164,1712
collected:989,radio-6422754d6fdccea7,False,data/new_data/libya_collected_antennas/cellmapper/cellmapper_libya_antennas.csv,retained,Al-Madar,52220288753164,
collected:990,radio-6422754d6fdccea7,False,data/new_data/libya_collected_antennas/cellmapper/cellmapper_libya_antennas.csv,retained,Al-Madar,52220288753164,
collected:991,radio-6422754d6fdccea7,False,data/new_data/libya_collected_antennas/cellmapper/cellmapper_libya_antennas.csv,retained,Al-Madar,52220288753164,
collected:834,radio-c62abdcddbe3523a,False,data/new_data/libya_collected_antennas/cellmapper/cellmapper_libya_antennas.csv,retained,Al-Madar,106076412383710,
collected:835,radio-c62abdcddbe3523a,False,data/new_data/libya_collected_antennas/cellmapper/cellmapper_libya_antennas.csv,retained,Al-Madar,106076412383710,
collected:836,radio-c62abdcddbe3523a,False,data/new_data/libya_collected_antennas/cellmapper/cellmapper_libya_antennas.csv,retained,Al-Madar,106076412383710,
collected:837,radio-c62abdcddbe3523a,False,data/new_data/libya_collected_antennas/cellmapper/cellmapper_libya_antennas.csv,retained,Al-Madar,106076412383710,
sqlite:1954,radio-5cea541d7cf32a5b,False,Libyan_cells_dataset/cells.sqlite3,retained,Al-Madar,92543295335745,1713
sqlite:2104,radio-5cea541d7cf32a5b,False,Libyan_cells_dataset/cells.sqlite3,retained,Al-Madar,92543295335745,1713
sqlite:2003,radio-5cea541d7cf32a5b,False,Libyan_cells_dataset/cells.sqlite3,retained,Al-Madar,92543295335745,1713
sqlite:1912,radio-5cea541d7cf32a5b,False,Libyan_cells_dataset/cells.sqlite3,retained,Al-Madar,92543295335745,1713
sqlite:1371,radio-5cea541d7cf32a5b,False,Libyan_cells_dataset/cells.sqlite3,retained,Al-Madar,92543295335745,1713
sqlite:1422,radio-5cea541d7cf32a5b,False,Libyan_cells_dataset/cells.sqlite3,retained,Al-Madar,92543295335745,1713
collected:714,radio-5cea541d7cf32a5b,False,data/new_data/libya_collected_antennas/cellmapper/cellmapper_libya_antennas.csv,retained,Al-Madar,92543295335745,
collected:715,radio-5cea541d7cf32a5b,False,data/new_data/libya_collected_antennas/cellmapper/cellmapper_libya_antennas.csv,retained,Al-Madar,92543295335745,
collected:716,radio-5cea541d7cf32a5b,False,data/new_data/libya_collected_antennas/cellmapper/cellmapper_libya_antennas.csv,retained,Al-Madar,92543295335745,
collected:1055,radio-c4763de9588b6550,False,data/new_data/libya_collected_antennas/cellmapper/cellmapper_libya_antennas.csv,retained,Al-Madar,232776809852956,
collected:1056,radio-c4763de9588b6550,False,data/new_data/libya_collected_antennas/cellmapper/cellmapper_libya_antennas.csv,retained,Al-Madar,232776809852956,
collected:1057,radio-c4763de9588b6550,False,data/new_data/libya_collected_antennas/cellmapper/cellmapper_libya_antennas.csv,retained,Al-Madar,232776809852956,
sqlite:1962,radio-c4763de9588b6550,False,Libyan_cells_dataset/cells.sqlite3,retained,Al-Madar,232776809852956,24
sqlite:2010,radio-c4763de9588b6550,False,Libyan_cells_dataset/cells.sqlite3,retained,Al-Madar,232776809852956,24
sqlite:1429,radio-c4763de9588b6550,False,Libyan_cells_dataset/cells.sqlite3,retained,Al-Madar,232776809852956,24
sqlite:1922,radio-c4763de9588b6550,False,Libyan_cells_dataset/cells.sqlite3,retained,Al-Madar,232776809852956,24
sqlite:1378,radio-c4763de9588b6550,False,Libyan_cells_dataset/cells.sqlite3,retained,Al-Madar,232776809852956,24
sqlite:2111,radio-c4763de9588b6550,False,Libyan_cells_dataset/cells.sqlite3,retained,Al-Madar,232776809852956,24
collected:726,radio-4e8de9b99d5df97d,False,data/new_data/libya_collected_antennas/cellmapper/cellmapper_libya_antennas.csv,retained,Al-Madar,215204503177907,
collected:727,radio-4e8de9b99d5df97d,False,data/new_data/libya_collected_antennas/cellmapper/cellmapper_libya_antennas.csv,retained,Al-Madar,215204503177907,
sqlite:1455,radio-074be8fb75a274b4,False,Libyan_cells_dataset/cells.sqlite3,retained,Al-Madar,115239243975820,1714
sqlite:1404,radio-074be8fb75a274b4,False,Libyan_cells_dataset/cells.sqlite3,retained,Al-Madar,115239243975820,1714
sqlite:2035,radio-074be8fb75a274b4,False,Libyan_cells_dataset/cells.sqlite3,retained,Al-Madar,115239243975820,1714
sqlite:2019,radio-42aabb2f2f69ef9b,False,Libyan_cells_dataset/cells.sqlite3,retained,Al-Madar,38503681935230,1715
sqlite:2120,radio-42aabb2f2f69ef9b,False,Libyan_cells_dataset/cells.sqlite3,retained,Al-Madar,38503681935230,1715
sqlite:1971,radio-42aabb2f2f69ef9b,False,Libyan_cells_dataset/cells.sqlite3,retained,Al-Madar,38503681935230,1715
sqlite:1438,radio-42aabb2f2f69ef9b,False,Libyan_cells_dataset/cells.sqlite3,retained,Al-Madar,38503681935230,1715
sqlite:1936,radio-42aabb2f2f69ef9b,False,Libyan_cells_dataset/cells.sqlite3,retained,Al-Madar,38503681935230,1715
sqlite:1387,radio-42aabb2f2f69ef9b,False,Libyan_cells_dataset/cells.sqlite3,retained,Al-Madar,38503681935230,1715
sqlite:1386,radio-ebfd4de1caed20b6,False,Libyan_cells_dataset/cells.sqlite3,retained,Al-Madar,163411049183865,25
sqlite:1935,radio-ebfd4de1caed20b6,False,Libyan_cells_dataset/cells.sqlite3,retained,Al-Madar,163411049183865,25
sqlite:2119,radio-ebfd4de1caed20b6,False,Libyan_cells_dataset/cells.sqlite3,retained,Al-Madar,163411049183865,25
sqlite:2018,radio-ebfd4de1caed20b6,False,Libyan_cells_dataset/cells.sqlite3,retained,Al-Madar,163411049183865,25
sqlite:1970,radio-ebfd4de1caed20b6,False,Libyan_cells_dataset/cells.sqlite3,retained,Al-Madar,163411049183865,25
sqlite:1437,radio-ebfd4de1caed20b6,False,Libyan_cells_dataset/cells.sqlite3,retained,Al-Madar,163411049183865,25
collected:870,radio-ad7543de3950f446,False,data/new_data/libya_collected_antennas/cellmapper/cellmapper_libya_antennas.csv,retained,Al-Madar,174318766410796,
collected:871,radio-ad7543de3950f446,False,data/new_data/libya_collected_antennas/cellmapper/cellmapper_libya_antennas.csv,retained,Al-Madar,174318766410796,
collected:872,radio-ad7543de3950f446,False,data/new_data/libya_collected_antennas/cellmapper/cellmapper_libya_antennas.csv,retained,Al-Madar,174318766410796,
collected:873,radio-ad7543de3950f446,False,data/new_data/libya_collected_antennas/cellmapper/cellmapper_libya_antennas.csv,retained,Al-Madar,174318766410796,
collected:874,radio-ad7543de3950f446,False,data/new_data/libya_collected_antennas/cellmapper/cellmapper_libya_antennas.csv,retained,Al-Madar,174318766410796,
collected:998,radio-c16426cf3237e006,False,data/new_data/libya_collected_antennas/cellmapper/cellmapper_libya_antennas.csv,retained,Al-Madar,273395791450308,
collected:710,radio-1f0b4abcaf62240c,False,data/new_data/libya_collected_antennas/cellmapper/cellmapper_libya_antennas.csv,retained,Al-Madar,63218840062645,
collected:711,radio-1f0b4abcaf62240c,False,data/new_data/libya_collected_antennas/cellmapper/cellmapper_libya_antennas.csv,retained,Al-Madar,63218840062645,
collected:712,radio-1f0b4abcaf62240c,False,data/new_data/libya_collected_antennas/cellmapper/cellmapper_libya_antennas.csv,retained,Al-Madar,63218840062645,
collected:713,radio-1f0b4abcaf62240c,False,data/new_data/libya_collected_antennas/cellmapper/cellmapper_libya_antennas.csv,retained,Al-Madar,63218840062645,
collected:1344,radio-5da3902d0479a476,False,data/new_data/libya_collected_antennas/cellmapper/cellmapper_libya_antennas.csv,retained,Al-Madar,131739308954703,
collected:1345,radio-5da3902d0479a476,False,data/new_data/libya_collected_antennas/cellmapper/cellmapper_libya_antennas.csv,retained,Al-Madar,131739308954703,
collected:1346,radio-5da3902d0479a476,False,data/new_data/libya_collected_antennas/cellmapper/cellmapper_libya_antennas.csv,retained,Al-Madar,131739308954703,
collected:1092,radio-b166593cedf8b74c,False,data/new_data/libya_collected_antennas/cellmapper/cellmapper_libya_antennas.csv,retained,Al-Madar,56987774912726,
collected:1063,radio-9c4bd116abbe7ad6,False,data/new_data/libya_collected_antennas/cellmapper/cellmapper_libya_antennas.csv,retained,Al-Madar,235629844306782,
collected:1064,radio-9c4bd116abbe7ad6,False,data/new_data/libya_collected_antennas/cellmapper/cellmapper_libya_antennas.csv,retained,Al-Madar,235629844306782,
collected:1065,radio-9c4bd116abbe7ad6,False,data/new_data/libya_collected_antennas/cellmapper/cellmapper_libya_antennas.csv,retained,Al-Madar,235629844306782,
sqlite:1600,radio-b1d1ad6dc5e9923e,False,Libyan_cells_dataset/cells.sqlite3,retained,Al-Madar,195719157205936,1716
sqlite:1633,radio-b1d1ad6dc5e9923e,False,Libyan_cells_dataset/cells.sqlite3,retained,Al-Madar,195719157205936,1716
sqlite:1719,radio-b1d1ad6dc5e9923e,False,Libyan_cells_dataset/cells.sqlite3,retained,Al-Madar,195719157205936,1716
sqlite:1722,radio-e31a931a34739055,False,Libyan_cells_dataset/cells.sqlite3,retained,Al-Madar,195719157205936,1716
sqlite:1636,radio-e31a931a34739055,False,Libyan_cells_dataset/cells.sqlite3,retained,Al-Madar,195719157205936,1716
sqlite:1603,radio-e31a931a34739055,False,Libyan_cells_dataset/cells.sqlite3,retained,Al-Madar,195719157205936,1716
sqlite:1558,radio-be92a138e0930257,False,Libyan_cells_dataset/cells.sqlite3,retained,Al-Madar,53929744881704,1717
sqlite:1690,radio-be92a138e0930257,False,Libyan_cells_dataset/cells.sqlite3,retained,Al-Madar,53929744881704,1717
sqlite:1610,radio-be92a138e0930257,False,Libyan_cells_dataset/cells.sqlite3,retained,Al-Madar,53929744881704,1717
sqlite:2170,radio-8b546ce4dccca1d6,False,Libyan_cells_dataset/cells.sqlite3,retained,Al-Madar,56434143917128,1718
sqlite:1870,radio-8b546ce4dccca1d6,False,Libyan_cells_dataset/cells.sqlite3,retained,Al-Madar,56434143917128,1718
sqlite:1820,radio-8b546ce4dccca1d6,False,Libyan_cells_dataset/cells.sqlite3,retained,Al-Madar,56434143917128,1718
sqlite:2070,radio-8b546ce4dccca1d6,False,Libyan_cells_dataset/cells.sqlite3,retained,Al-Madar,56434143917128,1718
sqlite:2172,radio-9b7ff13455aac176,False,Libyan_cells_dataset/cells.sqlite3,retained,Al-Madar,200468450872959,1719
sqlite:1872,radio-9b7ff13455aac176,False,Libyan_cells_dataset/cells.sqlite3,retained,Al-Madar,200468450872959,1719
sqlite:1822,radio-9b7ff13455aac176,False,Libyan_cells_dataset/cells.sqlite3,retained,Al-Madar,200468450872959,1719
sqlite:2072,radio-9b7ff13455aac176,False,Libyan_cells_dataset/cells.sqlite3,retained,Al-Madar,200468450872959,1719
sqlite:2141,radio-a35afe9f8803cb4c,False,Libyan_cells_dataset/cells.sqlite3,retained,Al-Madar,44361636275182,1720
sqlite:2041,radio-a35afe9f8803cb4c,False,Libyan_cells_dataset/cells.sqlite3,retained,Al-Madar,44361636275182,1720
sqlite:1791,radio-a35afe9f8803cb4c,False,Libyan_cells_dataset/cells.sqlite3,retained,Al-Madar,44361636275182,1720
sqlite:1841,radio-a35afe9f8803cb4c,False,Libyan_cells_dataset/cells.sqlite3,retained,Al-Madar,44361636275182,1720
sqlite:2075,radio-544b70de4fce08e3,False,Libyan_cells_dataset/cells.sqlite3,retained,Al-Madar,264068943894736,1721
sqlite:1737,radio-544b70de4fce08e3,False,Libyan_cells_dataset/cells.sqlite3,retained,Al-Madar,264068943894736,1721
sqlite:2175,radio-544b70de4fce08e3,False,Libyan_cells_dataset/cells.sqlite3,retained,Al-Madar,264068943894736,1721
sqlite:1875,radio-544b70de4fce08e3,False,Libyan_cells_dataset/cells.sqlite3,retained,Al-Madar,264068943894736,1721
sqlite:1825,radio-544b70de4fce08e3,False,Libyan_cells_dataset/cells.sqlite3,retained,Al-Madar,264068943894736,1721
sqlite:1650,radio-c8333dce6d9a1d93,False,Libyan_cells_dataset/cells.sqlite3,retained,Al-Madar,181784592085467,1722
sqlite:2142,radio-00a4efc64aa596f2,False,Libyan_cells_dataset/cells.sqlite3,retained,Al-Madar,43408031617824,1723
sqlite:2042,radio-00a4efc64aa596f2,False,Libyan_cells_dataset/cells.sqlite3,retained,Al-Madar,43408031617824,1723
sqlite:1792,radio-00a4efc64aa596f2,False,Libyan_cells_dataset/cells.sqlite3,retained,Al-Madar,43408031617824,1723
sqlite:1842,radio-00a4efc64aa596f2,False,Libyan_cells_dataset/cells.sqlite3,retained,Al-Madar,43408031617824,1723
sqlite:2043,radio-0869a9d667d188a9,False,Libyan_cells_dataset/cells.sqlite3,retained,Al-Madar,72446819309711,1724
sqlite:1793,radio-0869a9d667d188a9,False,Libyan_cells_dataset/cells.sqlite3,retained,Al-Madar,72446819309711,1724
sqlite:1843,radio-0869a9d667d188a9,False,Libyan_cells_dataset/cells.sqlite3,retained,Al-Madar,72446819309711,1724
sqlite:2143,radio-0869a9d667d188a9,False,Libyan_cells_dataset/cells.sqlite3,retained,Al-Madar,72446819309711,1724
sqlite:2177,radio-a1ee9fbd6f67ebac,False,Libyan_cells_dataset/cells.sqlite3,retained,Al-Madar,56434143917128,1718
sqlite:1827,radio-a1ee9fbd6f67ebac,False,Libyan_cells_dataset/cells.sqlite3,retained,Al-Madar,56434143917128,1718
sqlite:2077,radio-a1ee9fbd6f67ebac,False,Libyan_cells_dataset/cells.sqlite3,retained,Al-Madar,56434143917128,1718
sqlite:1653,radio-a1ee9fbd6f67ebac,False,Libyan_cells_dataset/cells.sqlite3,retained,Al-Madar,56434143917128,1718
sqlite:1877,radio-a1ee9fbd6f67ebac,False,Libyan_cells_dataset/cells.sqlite3,retained,Al-Madar,56434143917128,1718
sqlite:2183,radio-864241de5fb7770e,False,Libyan_cells_dataset/cells.sqlite3,retained,Al-Madar,51531033717651,1725
sqlite:2083,radio-864241de5fb7770e,False,Libyan_cells_dataset/cells.sqlite3,retained,Al-Madar,51531033717651,1725
sqlite:1883,radio-864241de5fb7770e,False,Libyan_cells_dataset/cells.sqlite3,retained,Al-Madar,51531033717651,1725
sqlite:1833,radio-864241de5fb7770e,False,Libyan_cells_dataset/cells.sqlite3,retained,Al-Madar,51531033717651,1725
sqlite:1835,radio-ea68039806b9ca98,False,Libyan_cells_dataset/cells.sqlite3,retained,Al-Madar,30470460758474,1726
sqlite:2085,radio-ea68039806b9ca98,False,Libyan_cells_dataset/cells.sqlite3,retained,Al-Madar,30470460758474,1726
sqlite:1885,radio-ea68039806b9ca98,False,Libyan_cells_dataset/cells.sqlite3,retained,Al-Madar,30470460758474,1726
sqlite:2185,radio-ea68039806b9ca98,False,Libyan_cells_dataset/cells.sqlite3,retained,Al-Madar,30470460758474,1726
sqlite:2086,radio-19ab9b5b5be9f0c9,False,Libyan_cells_dataset/cells.sqlite3,retained,Al-Madar,57249382807926,1727
sqlite:2186,radio-19ab9b5b5be9f0c9,False,Libyan_cells_dataset/cells.sqlite3,retained,Al-Madar,57249382807926,1727
sqlite:1886,radio-19ab9b5b5be9f0c9,False,Libyan_cells_dataset/cells.sqlite3,retained,Al-Madar,57249382807926,1727
sqlite:1836,radio-19ab9b5b5be9f0c9,False,Libyan_cells_dataset/cells.sqlite3,retained,Al-Madar,57249382807926,1727
sqlite:2157,radio-3cfd38faa45e565f,False,Libyan_cells_dataset/cells.sqlite3,retained,Al-Madar,99293032916062,1728
sqlite:1857,radio-3cfd38faa45e565f,False,Libyan_cells_dataset/cells.sqlite3,retained,Al-Madar,99293032916062,1728
sqlite:1807,radio-3cfd38faa45e565f,False,Libyan_cells_dataset/cells.sqlite3,retained,Al-Madar,99293032916062,1728
sqlite:2057,radio-3cfd38faa45e565f,False,Libyan_cells_dataset/cells.sqlite3,retained,Al-Madar,99293032916062,1728
sqlite:2158,radio-90fdb9831687cfb0,False,Libyan_cells_dataset/cells.sqlite3,retained,Al-Madar,157785830292289,1729
sqlite:1858,radio-90fdb9831687cfb0,False,Libyan_cells_dataset/cells.sqlite3,retained,Al-Madar,157785830292289,1729
sqlite:1808,radio-90fdb9831687cfb0,False,Libyan_cells_dataset/cells.sqlite3,retained,Al-Madar,157785830292289,1729
sqlite:2058,radio-90fdb9831687cfb0,False,Libyan_cells_dataset/cells.sqlite3,retained,Al-Madar,157785830292289,1729
sqlite:2160,radio-8498f78bab7ff81b,False,Libyan_cells_dataset/cells.sqlite3,retained,Al-Madar,163109905947012,1730
sqlite:1810,radio-8498f78bab7ff81b,False,Libyan_cells_dataset/cells.sqlite3,retained,Al-Madar,163109905947012,1730
sqlite:2060,radio-8498f78bab7ff81b,False,Libyan_cells_dataset/cells.sqlite3,retained,Al-Madar,163109905947012,1730
sqlite:1860,radio-8498f78bab7ff81b,False,Libyan_cells_dataset/cells.sqlite3,retained,Al-Madar,163109905947012,1730
sqlite:2161,radio-c20d5d85cf1e03d1,False,Libyan_cells_dataset/cells.sqlite3,retained,Al-Madar,66706549888906,1731
sqlite:1811,radio-c20d5d85cf1e03d1,False,Libyan_cells_dataset/cells.sqlite3,retained,Al-Madar,66706549888906,1731
sqlite:1861,radio-c20d5d85cf1e03d1,False,Libyan_cells_dataset/cells.sqlite3,retained,Al-Madar,66706549888906,1731
sqlite:2061,radio-c20d5d85cf1e03d1,False,Libyan_cells_dataset/cells.sqlite3,retained,Al-Madar,66706549888906,1731
sqlite:1862,radio-9c62b820961c41ce,False,Libyan_cells_dataset/cells.sqlite3,retained,Al-Madar,112131682775477,1732
sqlite:2162,radio-9c62b820961c41ce,False,Libyan_cells_dataset/cells.sqlite3,retained,Al-Madar,112131682775477,1732
sqlite:1812,radio-9c62b820961c41ce,False,Libyan_cells_dataset/cells.sqlite3,retained,Al-Madar,112131682775477,1732
sqlite:2062,radio-9c62b820961c41ce,False,Libyan_cells_dataset/cells.sqlite3,retained,Al-Madar,112131682775477,1732
sqlite:1813,radio-5163e9aa5eaa6cad,False,Libyan_cells_dataset/cells.sqlite3,retained,Al-Madar,200047097952527,1733
sqlite:2163,radio-5163e9aa5eaa6cad,False,Libyan_cells_dataset/cells.sqlite3,retained,Al-Madar,200047097952527,1733
sqlite:1863,radio-5163e9aa5eaa6cad,False,Libyan_cells_dataset/cells.sqlite3,retained,Al-Madar,200047097952527,1733
sqlite:2063,radio-5163e9aa5eaa6cad,False,Libyan_cells_dataset/cells.sqlite3,retained,Al-Madar,200047097952527,1733
sqlite:2064,radio-43813d2934fcdcb9,False,Libyan_cells_dataset/cells.sqlite3,retained,Al-Madar,117919239281433,1734
sqlite:1814,radio-43813d2934fcdcb9,False,Libyan_cells_dataset/cells.sqlite3,retained,Al-Madar,117919239281433,1734
sqlite:1864,radio-43813d2934fcdcb9,False,Libyan_cells_dataset/cells.sqlite3,retained,Al-Madar,117919239281433,1734
sqlite:2164,radio-43813d2934fcdcb9,False,Libyan_cells_dataset/cells.sqlite3,retained,Al-Madar,117919239281433,1734
collected:867,radio-5140745582ee3da6,False,data/new_data/libya_collected_antennas/cellmapper/cellmapper_libya_antennas.csv,retained,Al-Madar,238464446820388,
collected:868,radio-5140745582ee3da6,False,data/new_data/libya_collected_antennas/cellmapper/cellmapper_libya_antennas.csv,retained,Al-Madar,238464446820388,
collected:869,radio-5140745582ee3da6,False,data/new_data/libya_collected_antennas/cellmapper/cellmapper_libya_antennas.csv,retained,Al-Madar,238464446820388,
sqlite:2094,radio-5140745582ee3da6,False,Libyan_cells_dataset/cells.sqlite3,retained,Al-Madar,238464446820388,26
sqlite:1897,radio-5140745582ee3da6,False,Libyan_cells_dataset/cells.sqlite3,retained,Al-Madar,238464446820388,26
sqlite:1944,radio-5140745582ee3da6,False,Libyan_cells_dataset/cells.sqlite3,retained,Al-Madar,238464446820388,26
sqlite:1412,radio-5140745582ee3da6,False,Libyan_cells_dataset/cells.sqlite3,retained,Al-Madar,238464446820388,26
sqlite:1993,radio-5140745582ee3da6,False,Libyan_cells_dataset/cells.sqlite3,retained,Al-Madar,238464446820388,26
sqlite:1361,radio-5140745582ee3da6,False,Libyan_cells_dataset/cells.sqlite3,retained,Al-Madar,238464446820388,26
sqlite:2037,radio-eed60629590eb3bf,False,Libyan_cells_dataset/cells.sqlite3,retained,Al-Madar,104272161402672,27
collected:875,radio-e7186acdd2212bce,False,data/new_data/libya_collected_antennas/cellmapper/cellmapper_libya_antennas.csv,retained,Al-Madar,185638510799136,
collected:876,radio-e7186acdd2212bce,False,data/new_data/libya_collected_antennas/cellmapper/cellmapper_libya_antennas.csv,retained,Al-Madar,185638510799136,
collected:877,radio-e7186acdd2212bce,False,data/new_data/libya_collected_antennas/cellmapper/cellmapper_libya_antennas.csv,retained,Al-Madar,185638510799136,
sqlite:1994,radio-e7186acdd2212bce,False,Libyan_cells_dataset/cells.sqlite3,retained,Al-Madar,185638510799136,29
sqlite:1899,radio-e7186acdd2212bce,False,Libyan_cells_dataset/cells.sqlite3,retained,Al-Madar,185638510799136,29
sqlite:1362,radio-e7186acdd2212bce,False,Libyan_cells_dataset/cells.sqlite3,retained,Al-Madar,185638510799136,29
sqlite:1945,radio-e7186acdd2212bce,False,Libyan_cells_dataset/cells.sqlite3,retained,Al-Madar,185638510799136,29
sqlite:1413,radio-e7186acdd2212bce,False,Libyan_cells_dataset/cells.sqlite3,retained,Al-Madar,185638510799136,29
sqlite:2095,radio-e7186acdd2212bce,False,Libyan_cells_dataset/cells.sqlite3,retained,Al-Madar,185638510799136,29
collected:856,radio-c3ec04ac9fef1bfe,False,data/new_data/libya_collected_antennas/cellmapper/cellmapper_libya_antennas.csv,retained,Al-Madar,19975227167373,
sqlite:1363,radio-c3ec04ac9fef1bfe,False,Libyan_cells_dataset/cells.sqlite3,retained,Al-Madar,19975227167373,31
sqlite:1995,radio-c3ec04ac9fef1bfe,False,Libyan_cells_dataset/cells.sqlite3,retained,Al-Madar,19975227167373,31
sqlite:1901,radio-c3ec04ac9fef1bfe,False,Libyan_cells_dataset/cells.sqlite3,retained,Al-Madar,19975227167373,31
sqlite:1946,radio-c3ec04ac9fef1bfe,False,Libyan_cells_dataset/cells.sqlite3,retained,Al-Madar,19975227167373,31
sqlite:1414,radio-c3ec04ac9fef1bfe,False,Libyan_cells_dataset/cells.sqlite3,retained,Al-Madar,19975227167373,31
sqlite:2096,radio-c3ec04ac9fef1bfe,False,Libyan_cells_dataset/cells.sqlite3,retained,Al-Madar,19975227167373,31
collected:884,radio-aadc123e7668c5cc,False,data/new_data/libya_collected_antennas/cellmapper/cellmapper_libya_antennas.csv,retained,Al-Madar,22785132020873,
collected:885,radio-aadc123e7668c5cc,False,data/new_data/libya_collected_antennas/cellmapper/cellmapper_libya_antennas.csv,retained,Al-Madar,22785132020873,
collected:886,radio-aadc123e7668c5cc,False,data/new_data/libya_collected_antennas/cellmapper/cellmapper_libya_antennas.csv,retained,Al-Madar,22785132020873,
collected:887,radio-aadc123e7668c5cc,False,data/new_data/libya_collected_antennas/cellmapper/cellmapper_libya_antennas.csv,retained,Al-Madar,22785132020873,
collected:1140,radio-3f78f62b3a6215a9,False,data/new_data/libya_collected_antennas/cellmapper/cellmapper_libya_antennas.csv,retained,Al-Madar,278402811935902,
collected:1141,radio-3f78f62b3a6215a9,False,data/new_data/libya_collected_antennas/cellmapper/cellmapper_libya_antennas.csv,retained,Al-Madar,278402811935902,
collected:1142,radio-3f78f62b3a6215a9,False,data/new_data/libya_collected_antennas/cellmapper/cellmapper_libya_antennas.csv,retained,Al-Madar,278402811935902,
collected:1143,radio-3f78f62b3a6215a9,False,data/new_data/libya_collected_antennas/cellmapper/cellmapper_libya_antennas.csv,retained,Al-Madar,278402811935902,
sqlite:1385,radio-0737847ad402e9c5,False,Libyan_cells_dataset/cells.sqlite3,retained,Al-Madar,147559578852132,35
sqlite:1934,radio-0737847ad402e9c5,False,Libyan_cells_dataset/cells.sqlite3,retained,Al-Madar,147559578852132,35
sqlite:2017,radio-0737847ad402e9c5,False,Libyan_cells_dataset/cells.sqlite3,retained,Al-Madar,147559578852132,35
sqlite:2118,radio-0737847ad402e9c5,False,Libyan_cells_dataset/cells.sqlite3,retained,Al-Madar,147559578852132,35
sqlite:1969,radio-0737847ad402e9c5,False,Libyan_cells_dataset/cells.sqlite3,retained,Al-Madar,147559578852132,35
sqlite:1436,radio-0737847ad402e9c5,False,Libyan_cells_dataset/cells.sqlite3,retained,Al-Madar,147559578852132,35
sqlite:2007,radio-be46c7a225dc8118,False,Libyan_cells_dataset/cells.sqlite3,retained,Al-Madar,111744435481238,36
sqlite:2108,radio-be46c7a225dc8118,False,Libyan_cells_dataset/cells.sqlite3,retained,Al-Madar,111744435481238,36
sqlite:1375,radio-be46c7a225dc8118,False,Libyan_cells_dataset/cells.sqlite3,retained,Al-Madar,111744435481238,36
sqlite:1426,radio-be46c7a225dc8118,False,Libyan_cells_dataset/cells.sqlite3,retained,Al-Madar,111744435481238,36
sqlite:1917,radio-be46c7a225dc8118,False,Libyan_cells_dataset/cells.sqlite3,retained,Al-Madar,111744435481238,36
sqlite:1958,radio-be46c7a225dc8118,False,Libyan_cells_dataset/cells.sqlite3,retained,Al-Madar,111744435481238,36
sqlite:1376,radio-bf3ef3336dd2892f,False,Libyan_cells_dataset/cells.sqlite3,retained,Al-Madar,230862917534329,624
sqlite:1919,radio-bf3ef3336dd2892f,False,Libyan_cells_dataset/cells.sqlite3,retained,Al-Madar,230862917534329,624
sqlite:1427,radio-bf3ef3336dd2892f,False,Libyan_cells_dataset/cells.sqlite3,retained,Al-Madar,230862917534329,624
sqlite:2008,radio-bf3ef3336dd2892f,False,Libyan_cells_dataset/cells.sqlite3,retained,Al-Madar,230862917534329,624
sqlite:1959,radio-bf3ef3336dd2892f,False,Libyan_cells_dataset/cells.sqlite3,retained,Al-Madar,230862917534329,624
sqlite:2109,radio-bf3ef3336dd2892f,False,Libyan_cells_dataset/cells.sqlite3,retained,Al-Madar,230862917534329,624
collected:878,radio-bf3ef3336dd2892f,False,data/new_data/libya_collected_antennas/cellmapper/cellmapper_libya_antennas.csv,retained,Al-Madar,230862917534329,
sqlite:1388,radio-9749ee97c3cffe81,False,Libyan_cells_dataset/cells.sqlite3,retained,Al-Madar,22195793437219,1737
sqlite:2020,radio-9749ee97c3cffe81,False,Libyan_cells_dataset/cells.sqlite3,retained,Al-Madar,22195793437219,1737
sqlite:1972,radio-9749ee97c3cffe81,False,Libyan_cells_dataset/cells.sqlite3,retained,Al-Madar,22195793437219,1737
sqlite:2121,radio-9749ee97c3cffe81,False,Libyan_cells_dataset/cells.sqlite3,retained,Al-Madar,22195793437219,1737
sqlite:1439,radio-9749ee97c3cffe81,False,Libyan_cells_dataset/cells.sqlite3,retained,Al-Madar,22195793437219,1737
sqlite:1976,radio-a101876e73244fc6,False,Libyan_cells_dataset/cells.sqlite3,retained,Al-Madar,266788785708277,627
sqlite:2024,radio-a101876e73244fc6,False,Libyan_cells_dataset/cells.sqlite3,retained,Al-Madar,266788785708277,627
sqlite:1392,radio-a101876e73244fc6,False,Libyan_cells_dataset/cells.sqlite3,retained,Al-Madar,266788785708277,627
sqlite:2125,radio-a101876e73244fc6,False,Libyan_cells_dataset/cells.sqlite3,retained,Al-Madar,266788785708277,627
sqlite:1443,radio-a101876e73244fc6,False,Libyan_cells_dataset/cells.sqlite3,retained,Al-Madar,266788785708277,627
sqlite:1923,radio-56ef4f6662a24b07,False,Libyan_cells_dataset/cells.sqlite3,retained,Al-Madar,98510530378234,629
sqlite:1379,radio-56ef4f6662a24b07,False,Libyan_cells_dataset/cells.sqlite3,retained,Al-Madar,98510530378234,629
sqlite:2112,radio-56ef4f6662a24b07,False,Libyan_cells_dataset/cells.sqlite3,retained,Al-Madar,98510530378234,629
sqlite:1963,radio-56ef4f6662a24b07,False,Libyan_cells_dataset/cells.sqlite3,retained,Al-Madar,98510530378234,629
sqlite:2011,radio-56ef4f6662a24b07,False,Libyan_cells_dataset/cells.sqlite3,retained,Al-Madar,98510530378234,629
sqlite:1430,radio-56ef4f6662a24b07,False,Libyan_cells_dataset/cells.sqlite3,retained,Al-Madar,98510530378234,629
collected:1131,radio-8b8cacd1b03de558,False,data/new_data/libya_collected_antennas/cellmapper/cellmapper_libya_antennas.csv,retained,Al-Madar,50684953220361,
sqlite:1399,radio-c5c63e6eaefe64af,False,Libyan_cells_dataset/cells.sqlite3,retained,Al-Madar,72005921035238,1738
sqlite:1984,radio-c5c63e6eaefe64af,False,Libyan_cells_dataset/cells.sqlite3,retained,Al-Madar,72005921035238,1738
sqlite:2030,radio-c5c63e6eaefe64af,False,Libyan_cells_dataset/cells.sqlite3,retained,Al-Madar,72005921035238,1738
sqlite:2133,radio-c5c63e6eaefe64af,False,Libyan_cells_dataset/cells.sqlite3,retained,Al-Madar,72005921035238,1738
sqlite:1450,radio-c5c63e6eaefe64af,False,Libyan_cells_dataset/cells.sqlite3,retained,Al-Madar,72005921035238,1738
collected:1139,radio-90cc223c812ac502,False,data/new_data/libya_collected_antennas/cellmapper/cellmapper_libya_antennas.csv,retained,Al-Madar,205665052465507,
sqlite:1892,radio-415a853b43dd6de0,False,Libyan_cells_dataset/cells.sqlite3,retained,Al-Madar,146956853254703,1740
sqlite:1941,radio-415a853b43dd6de0,False,Libyan_cells_dataset/cells.sqlite3,retained,Al-Madar,146956853254703,1740
sqlite:2091,radio-415a853b43dd6de0,False,Libyan_cells_dataset/cells.sqlite3,retained,Al-Madar,146956853254703,1740
sqlite:1409,radio-415a853b43dd6de0,False,Libyan_cells_dataset/cells.sqlite3,retained,Al-Madar,146956853254703,1740
sqlite:1359,radio-415a853b43dd6de0,False,Libyan_cells_dataset/cells.sqlite3,retained,Al-Madar,146956853254703,1740
sqlite:1991,radio-415a853b43dd6de0,False,Libyan_cells_dataset/cells.sqlite3,retained,Al-Madar,146956853254703,1740
collected:1347,radio-415a853b43dd6de0,False,data/new_data/libya_collected_antennas/cellmapper/cellmapper_libya_antennas.csv,retained,Al-Madar,146956853254703,
collected:1348,radio-415a853b43dd6de0,False,data/new_data/libya_collected_antennas/cellmapper/cellmapper_libya_antennas.csv,retained,Al-Madar,146956853254703,
sqlite:2098,radio-b170da028b6b8a08,False,Libyan_cells_dataset/cells.sqlite3,retained,Al-Madar,275737892361353,1741
sqlite:1365,radio-b170da028b6b8a08,False,Libyan_cells_dataset/cells.sqlite3,retained,Al-Madar,275737892361353,1741
sqlite:1416,radio-b170da028b6b8a08,False,Libyan_cells_dataset/cells.sqlite3,retained,Al-Madar,275737892361353,1741
sqlite:1906,radio-b170da028b6b8a08,False,Libyan_cells_dataset/cells.sqlite3,retained,Al-Madar,275737892361353,1741
sqlite:1948,radio-b170da028b6b8a08,False,Libyan_cells_dataset/cells.sqlite3,retained,Al-Madar,275737892361353,1741
sqlite:1997,radio-b170da028b6b8a08,False,Libyan_cells_dataset/cells.sqlite3,retained,Al-Madar,275737892361353,1741
sqlite:1407,radio-92f81d8a08bbbcdc,False,Libyan_cells_dataset/cells.sqlite3,retained,Al-Madar,229549506484678,632
sqlite:1357,radio-92f81d8a08bbbcdc,False,Libyan_cells_dataset/cells.sqlite3,retained,Al-Madar,229549506484678,632
sqlite:2089,radio-92f81d8a08bbbcdc,False,Libyan_cells_dataset/cells.sqlite3,retained,Al-Madar,229549506484678,632
sqlite:1939,radio-92f81d8a08bbbcdc,False,Libyan_cells_dataset/cells.sqlite3,retained,Al-Madar,229549506484678,632
sqlite:1989,radio-92f81d8a08bbbcdc,False,Libyan_cells_dataset/cells.sqlite3,retained,Al-Madar,229549506484678,632
sqlite:1889,radio-92f81d8a08bbbcdc,False,Libyan_cells_dataset/cells.sqlite3,retained,Al-Madar,229549506484678,632
collected:1144,radio-9ba262529c54ee63,False,data/new_data/libya_collected_antennas/cellmapper/cellmapper_libya_antennas.csv,retained,Al-Madar,29458152748514,
collected:1145,radio-9ba262529c54ee63,False,data/new_data/libya_collected_antennas/cellmapper/cellmapper_libya_antennas.csv,retained,Al-Madar,29458152748514,
collected:1146,radio-9ba262529c54ee63,False,data/new_data/libya_collected_antennas/cellmapper/cellmapper_libya_antennas.csv,retained,Al-Madar,29458152748514,
sqlite:1380,radio-078a9b94db23093c,False,Libyan_cells_dataset/cells.sqlite3,retained,Al-Madar,26078372734225,634
sqlite:1964,radio-078a9b94db23093c,False,Libyan_cells_dataset/cells.sqlite3,retained,Al-Madar,26078372734225,634
sqlite:1924,radio-078a9b94db23093c,False,Libyan_cells_dataset/cells.sqlite3,retained,Al-Madar,26078372734225,634
sqlite:1431,radio-078a9b94db23093c,False,Libyan_cells_dataset/cells.sqlite3,retained,Al-Madar,26078372734225,634
sqlite:2113,radio-078a9b94db23093c,False,Libyan_cells_dataset/cells.sqlite3,retained,Al-Madar,26078372734225,634
sqlite:2012,radio-078a9b94db23093c,False,Libyan_cells_dataset/cells.sqlite3,retained,Al-Madar,26078372734225,634
collected:861,radio-078a9b94db23093c,False,data/new_data/libya_collected_antennas/cellmapper/cellmapper_libya_antennas.csv,retained,Al-Madar,26078372734225,
sqlite:2114,radio-62a4bb6f35412bf4,False,Libyan_cells_dataset/cells.sqlite3,retained,Al-Madar,273915774392128,635
sqlite:1965,radio-62a4bb6f35412bf4,False,Libyan_cells_dataset/cells.sqlite3,retained,Al-Madar,273915774392128,635
sqlite:2013,radio-62a4bb6f35412bf4,False,Libyan_cells_dataset/cells.sqlite3,retained,Al-Madar,273915774392128,635
sqlite:1381,radio-62a4bb6f35412bf4,False,Libyan_cells_dataset/cells.sqlite3,retained,Al-Madar,273915774392128,635
sqlite:1925,radio-62a4bb6f35412bf4,False,Libyan_cells_dataset/cells.sqlite3,retained,Al-Madar,273915774392128,635
sqlite:1432,radio-62a4bb6f35412bf4,False,Libyan_cells_dataset/cells.sqlite3,retained,Al-Madar,273915774392128,635
sqlite:1433,radio-1ee57a19af27486f,False,Libyan_cells_dataset/cells.sqlite3,retained,Al-Madar,31212388822173,1742
sqlite:2014,radio-1ee57a19af27486f,False,Libyan_cells_dataset/cells.sqlite3,retained,Al-Madar,31212388822173,1742
sqlite:1382,radio-1ee57a19af27486f,False,Libyan_cells_dataset/cells.sqlite3,retained,Al-Madar,31212388822173,1742
sqlite:1966,radio-1ee57a19af27486f,False,Libyan_cells_dataset/cells.sqlite3,retained,Al-Madar,31212388822173,1742
sqlite:2115,radio-1ee57a19af27486f,False,Libyan_cells_dataset/cells.sqlite3,retained,Al-Madar,31212388822173,1742
sqlite:1926,radio-1ee57a19af27486f,False,Libyan_cells_dataset/cells.sqlite3,retained,Al-Madar,31212388822173,1742
sqlite:2130,radio-53de4b3c03575a56,False,Libyan_cells_dataset/cells.sqlite3,retained,Al-Madar,187391774355063,1743
sqlite:1981,radio-53de4b3c03575a56,False,Libyan_cells_dataset/cells.sqlite3,retained,Al-Madar,187391774355063,1743
sqlite:1397,radio-53de4b3c03575a56,False,Libyan_cells_dataset/cells.sqlite3,retained,Al-Madar,187391774355063,1743
sqlite:2028,radio-53de4b3c03575a56,False,Libyan_cells_dataset/cells.sqlite3,retained,Al-Madar,187391774355063,1743
sqlite:1447,radio-53de4b3c03575a56,False,Libyan_cells_dataset/cells.sqlite3,retained,Al-Madar,187391774355063,1743
sqlite:1715,radio-f458b7c298c5df95,False,Libyan_cells_dataset/cells.sqlite3,retained,Al-Madar,247447796258662,1746
sqlite:1596,radio-f458b7c298c5df95,False,Libyan_cells_dataset/cells.sqlite3,retained,Al-Madar,247447796258662,1746
sqlite:1694,radio-00a23ab6e6733413,False,Libyan_cells_dataset/cells.sqlite3,retained,Al-Madar,18353746079201,1747
sqlite:1572,radio-00a23ab6e6733413,False,Libyan_cells_dataset/cells.sqlite3,retained,Al-Madar,18353746079201,1747
sqlite:1581,radio-efaf6dcfc3f76171,False,Libyan_cells_dataset/cells.sqlite3,retained,Al-Madar,239693241117781,1748
sqlite:1701,radio-efaf6dcfc3f76171,False,Libyan_cells_dataset/cells.sqlite3,retained,Al-Madar,239693241117781,1748
sqlite:1707,radio-c6af7d1f7eb15f75,False,Libyan_cells_dataset/cells.sqlite3,retained,Al-Madar,264001954004143,1749
sqlite:1587,radio-c6af7d1f7eb15f75,False,Libyan_cells_dataset/cells.sqlite3,retained,Al-Madar,264001954004143,1749
sqlite:1604,radio-b7ddad590e973fe5,False,Libyan_cells_dataset/cells.sqlite3,retained,Al-Madar,167739023602258,1750
sqlite:1723,radio-b7ddad590e973fe5,False,Libyan_cells_dataset/cells.sqlite3,retained,Al-Madar,167739023602258,1750
sqlite:1691,radio-0228614edebde595,False,Libyan_cells_dataset/cells.sqlite3,retained,Al-Madar,281197447236264,1751
sqlite:1560,radio-0228614edebde595,False,Libyan_cells_dataset/cells.sqlite3,retained,Al-Madar,281197447236264,1751
sqlite:1830,radio-1c620c44485d021a,False,Libyan_cells_dataset/cells.sqlite3,retained,Al-Madar,275321460522584,1752
sqlite:2080,radio-1c620c44485d021a,False,Libyan_cells_dataset/cells.sqlite3,retained,Al-Madar,275321460522584,1752
sqlite:2180,radio-1c620c44485d021a,False,Libyan_cells_dataset/cells.sqlite3,retained,Al-Madar,275321460522584,1752
sqlite:1880,radio-1c620c44485d021a,False,Libyan_cells_dataset/cells.sqlite3,retained,Al-Madar,275321460522584,1752
sqlite:1887,radio-0df21ccb9949aad8,False,Libyan_cells_dataset/cells.sqlite3,retained,Al-Madar,147858614194849,1753
sqlite:2187,radio-0df21ccb9949aad8,False,Libyan_cells_dataset/cells.sqlite3,retained,Al-Madar,147858614194849,1753
sqlite:1837,radio-0df21ccb9949aad8,False,Libyan_cells_dataset/cells.sqlite3,retained,Al-Madar,147858614194849,1753
sqlite:2087,radio-0df21ccb9949aad8,False,Libyan_cells_dataset/cells.sqlite3,retained,Al-Madar,147858614194849,1753
sqlite:2047,radio-0f3275c2d29e69b5,False,Libyan_cells_dataset/cells.sqlite3,retained,Al-Madar,254561971391261,1754
sqlite:2147,radio-0f3275c2d29e69b5,False,Libyan_cells_dataset/cells.sqlite3,retained,Al-Madar,254561971391261,1754
sqlite:1847,radio-0f3275c2d29e69b5,False,Libyan_cells_dataset/cells.sqlite3,retained,Al-Madar,254561971391261,1754
sqlite:1797,radio-0f3275c2d29e69b5,False,Libyan_cells_dataset/cells.sqlite3,retained,Al-Madar,254561971391261,1754
sqlite:1854,radio-fc153b7f16e6f192,False,Libyan_cells_dataset/cells.sqlite3,retained,Al-Madar,239693241117781,1748
sqlite:2154,radio-fc153b7f16e6f192,False,Libyan_cells_dataset/cells.sqlite3,retained,Al-Madar,239693241117781,1748
sqlite:2054,radio-fc153b7f16e6f192,False,Libyan_cells_dataset/cells.sqlite3,retained,Al-Madar,239693241117781,1748
sqlite:1804,radio-fc153b7f16e6f192,False,Libyan_cells_dataset/cells.sqlite3,retained,Al-Madar,239693241117781,1748
sqlite:1721,radio-cf204839ed133a60,False,Libyan_cells_dataset/cells.sqlite3,retained,Al-Madar,276998730842106,1755
sqlite:1602,radio-cf204839ed133a60,False,Libyan_cells_dataset/cells.sqlite3,retained,Al-Madar,276998730842106,1755
sqlite:1635,radio-cf204839ed133a60,False,Libyan_cells_dataset/cells.sqlite3,retained,Al-Madar,276998730842106,1755
sqlite:1731,radio-2c6f1bc9e6c75d28,False,Libyan_cells_dataset/cells.sqlite3,retained,Al-Madar,149567975393237,1756
collected:890,radio-56986a13c6917106,False,data/new_data/libya_collected_antennas/cellmapper/cellmapper_libya_antennas.csv,retained,Al-Madar,192836993994563,
collected:891,radio-56986a13c6917106,False,data/new_data/libya_collected_antennas/cellmapper/cellmapper_libya_antennas.csv,retained,Al-Madar,192836993994563,
collected:663,radio-2f7cf7b512fd83db,False,data/new_data/libya_collected_antennas/cellmapper/cellmapper_libya_antennas.csv,retained,Al-Madar,235779719208351,
collected:664,radio-2f7cf7b512fd83db,False,data/new_data/libya_collected_antennas/cellmapper/cellmapper_libya_antennas.csv,retained,Al-Madar,235779719208351,
collected:665,radio-2f7cf7b512fd83db,False,data/new_data/libya_collected_antennas/cellmapper/cellmapper_libya_antennas.csv,retained,Al-Madar,235779719208351,
collected:666,radio-2f7cf7b512fd83db,False,data/new_data/libya_collected_antennas/cellmapper/cellmapper_libya_antennas.csv,retained,Al-Madar,235779719208351,
collected:888,radio-c479c7cfdefd6f69,False,data/new_data/libya_collected_antennas/cellmapper/cellmapper_libya_antennas.csv,retained,Al-Madar,32503512135656,
collected:889,radio-c479c7cfdefd6f69,False,data/new_data/libya_collected_antennas/cellmapper/cellmapper_libya_antennas.csv,retained,Al-Madar,32503512135656,
sqlite:1389,radio-9457fe40ffb6b50c,False,Libyan_cells_dataset/cells.sqlite3,retained,Al-Madar,87173534351440,1757
sqlite:1973,radio-9457fe40ffb6b50c,False,Libyan_cells_dataset/cells.sqlite3,retained,Al-Madar,87173534351440,1757
sqlite:2122,radio-9457fe40ffb6b50c,False,Libyan_cells_dataset/cells.sqlite3,retained,Al-Madar,87173534351440,1757
sqlite:2021,radio-9457fe40ffb6b50c,False,Libyan_cells_dataset/cells.sqlite3,retained,Al-Madar,87173534351440,1757
sqlite:1440,radio-9457fe40ffb6b50c,False,Libyan_cells_dataset/cells.sqlite3,retained,Al-Madar,87173534351440,1757
collected:883,radio-9457fe40ffb6b50c,False,data/new_data/libya_collected_antennas/cellmapper/cellmapper_libya_antennas.csv,retained,Al-Madar,87173534351440,
collected:881,radio-a65d59b18f415ff3,False,data/new_data/libya_collected_antennas/cellmapper/cellmapper_libya_antennas.csv,retained,Al-Madar,142127078045434,
collected:882,radio-a65d59b18f415ff3,False,data/new_data/libya_collected_antennas/cellmapper/cellmapper_libya_antennas.csv,retained,Al-Madar,142127078045434,
sqlite:2009,radio-a65d59b18f415ff3,False,Libyan_cells_dataset/cells.sqlite3,retained,Al-Madar,142127078045434,1758
sqlite:1428,radio-a65d59b18f415ff3,False,Libyan_cells_dataset/cells.sqlite3,retained,Al-Madar,142127078045434,1758
sqlite:1377,radio-a65d59b18f415ff3,False,Libyan_cells_dataset/cells.sqlite3,retained,Al-Madar,142127078045434,1758
sqlite:2110,radio-a65d59b18f415ff3,False,Libyan_cells_dataset/cells.sqlite3,retained,Al-Madar,142127078045434,1758
sqlite:1960,radio-a65d59b18f415ff3,False,Libyan_cells_dataset/cells.sqlite3,retained,Al-Madar,142127078045434,1758
sqlite:1920,radio-a65d59b18f415ff3,False,Libyan_cells_dataset/cells.sqlite3,retained,Al-Madar,142127078045434,1758
collected:692,radio-c2203571ba876b28,False,data/new_data/libya_collected_antennas/cellmapper/cellmapper_libya_antennas.csv,retained,Al-Madar,256344535890864,
sqlite:1987,radio-c2203571ba876b28,False,Libyan_cells_dataset/cells.sqlite3,retained,Al-Madar,256344535890864,1759
sqlite:1452,radio-c2203571ba876b28,False,Libyan_cells_dataset/cells.sqlite3,retained,Al-Madar,256344535890864,1759
sqlite:2032,radio-c2203571ba876b28,False,Libyan_cells_dataset/cells.sqlite3,retained,Al-Madar,256344535890864,1759
sqlite:1401,radio-c2203571ba876b28,False,Libyan_cells_dataset/cells.sqlite3,retained,Al-Madar,256344535890864,1759
sqlite:2135,radio-c2203571ba876b28,False,Libyan_cells_dataset/cells.sqlite3,retained,Al-Madar,256344535890864,1759
sqlite:1888,radio-e7e4e9e9e2503264,False,Libyan_cells_dataset/cells.sqlite3,retained,Al-Madar,96088171113377,1760
sqlite:1406,radio-e7e4e9e9e2503264,False,Libyan_cells_dataset/cells.sqlite3,retained,Al-Madar,96088171113377,1760
sqlite:2088,radio-e7e4e9e9e2503264,False,Libyan_cells_dataset/cells.sqlite3,retained,Al-Madar,96088171113377,1760
sqlite:1356,radio-e7e4e9e9e2503264,False,Libyan_cells_dataset/cells.sqlite3,retained,Al-Madar,96088171113377,1760
sqlite:1988,radio-e7e4e9e9e2503264,False,Libyan_cells_dataset/cells.sqlite3,retained,Al-Madar,96088171113377,1760
sqlite:1938,radio-e7e4e9e9e2503264,False,Libyan_cells_dataset/cells.sqlite3,retained,Al-Madar,96088171113377,1760
collected:880,radio-e7e4e9e9e2503264,False,data/new_data/libya_collected_antennas/cellmapper/cellmapper_libya_antennas.csv,retained,Al-Madar,96088171113377,
collected:688,radio-44dd0b47369ae15d,False,data/new_data/libya_collected_antennas/cellmapper/cellmapper_libya_antennas.csv,retained,Al-Madar,175787908483948,
collected:689,radio-44dd0b47369ae15d,False,data/new_data/libya_collected_antennas/cellmapper/cellmapper_libya_antennas.csv,retained,Al-Madar,175787908483948,
collected:690,radio-44dd0b47369ae15d,False,data/new_data/libya_collected_antennas/cellmapper/cellmapper_libya_antennas.csv,retained,Al-Madar,175787908483948,
collected:691,radio-44dd0b47369ae15d,False,data/new_data/libya_collected_antennas/cellmapper/cellmapper_libya_antennas.csv,retained,Al-Madar,175787908483948,
sqlite:2036,radio-38f1fe1e3783a04c,False,Libyan_cells_dataset/cells.sqlite3,retained,Al-Madar,47271336494200,1761
sqlite:1405,radio-38f1fe1e3783a04c,False,Libyan_cells_dataset/cells.sqlite3,retained,Al-Madar,47271336494200,1761
collected:696,radio-38f1fe1e3783a04c,False,data/new_data/libya_collected_antennas/cellmapper/cellmapper_libya_antennas.csv,retained,Al-Madar,47271336494200,
collected:697,radio-38f1fe1e3783a04c,False,data/new_data/libya_collected_antennas/cellmapper/cellmapper_libya_antennas.csv,retained,Al-Madar,47271336494200,
collected:698,radio-38f1fe1e3783a04c,False,data/new_data/libya_collected_antennas/cellmapper/cellmapper_libya_antennas.csv,retained,Al-Madar,47271336494200,
collected:699,radio-38f1fe1e3783a04c,False,data/new_data/libya_collected_antennas/cellmapper/cellmapper_libya_antennas.csv,retained,Al-Madar,47271336494200,
collected:700,radio-38f1fe1e3783a04c,False,data/new_data/libya_collected_antennas/cellmapper/cellmapper_libya_antennas.csv,retained,Al-Madar,47271336494200,
sqlite:1974,radio-f72f75a08d928904,False,Libyan_cells_dataset/cells.sqlite3,retained,Al-Madar,236093139995891,1762
sqlite:2123,radio-f72f75a08d928904,False,Libyan_cells_dataset/cells.sqlite3,retained,Al-Madar,236093139995891,1762
sqlite:1390,radio-f72f75a08d928904,False,Libyan_cells_dataset/cells.sqlite3,retained,Al-Madar,236093139995891,1762
sqlite:1441,radio-f72f75a08d928904,False,Libyan_cells_dataset/cells.sqlite3,retained,Al-Madar,236093139995891,1762
sqlite:2022,radio-f72f75a08d928904,False,Libyan_cells_dataset/cells.sqlite3,retained,Al-Madar,236093139995891,1762
collected:1254,radio-f72f75a08d928904,False,data/new_data/libya_collected_antennas/cellmapper/cellmapper_libya_antennas.csv,retained,Al-Madar,236093139995891,
collected:1255,radio-f72f75a08d928904,False,data/new_data/libya_collected_antennas/cellmapper/cellmapper_libya_antennas.csv,retained,Al-Madar,236093139995891,
collected:1256,radio-f72f75a08d928904,False,data/new_data/libya_collected_antennas/cellmapper/cellmapper_libya_antennas.csv,retained,Al-Madar,236093139995891,
collected:1257,radio-f72f75a08d928904,False,data/new_data/libya_collected_antennas/cellmapper/cellmapper_libya_antennas.csv,retained,Al-Madar,236093139995891,
collected:1258,radio-8529b2a72367c7ee,False,data/new_data/libya_collected_antennas/cellmapper/cellmapper_libya_antennas.csv,retained,Al-Madar,152403155238983,
collected:1259,radio-8529b2a72367c7ee,False,data/new_data/libya_collected_antennas/cellmapper/cellmapper_libya_antennas.csv,retained,Al-Madar,152403155238983,
collected:1260,radio-8529b2a72367c7ee,False,data/new_data/libya_collected_antennas/cellmapper/cellmapper_libya_antennas.csv,retained,Al-Madar,152403155238983,
collected:1261,radio-8529b2a72367c7ee,False,data/new_data/libya_collected_antennas/cellmapper/cellmapper_libya_antennas.csv,retained,Al-Madar,152403155238983,
collected:1262,radio-8529b2a72367c7ee,False,data/new_data/libya_collected_antennas/cellmapper/cellmapper_libya_antennas.csv,retained,Al-Madar,152403155238983,
collected:1263,radio-8529b2a72367c7ee,False,data/new_data/libya_collected_antennas/cellmapper/cellmapper_libya_antennas.csv,retained,Al-Madar,152403155238983,
sqlite:1977,radio-d637bfd9f3c39e2f,False,Libyan_cells_dataset/cells.sqlite3,retained,Al-Madar,42277972188054,1763
sqlite:1444,radio-d637bfd9f3c39e2f,False,Libyan_cells_dataset/cells.sqlite3,retained,Al-Madar,42277972188054,1763
sqlite:2025,radio-d637bfd9f3c39e2f,False,Libyan_cells_dataset/cells.sqlite3,retained,Al-Madar,42277972188054,1763
sqlite:2126,radio-d637bfd9f3c39e2f,False,Libyan_cells_dataset/cells.sqlite3,retained,Al-Madar,42277972188054,1763
sqlite:1393,radio-d637bfd9f3c39e2f,False,Libyan_cells_dataset/cells.sqlite3,retained,Al-Madar,42277972188054,1763
collected:667,radio-d637bfd9f3c39e2f,False,data/new_data/libya_collected_antennas/cellmapper/cellmapper_libya_antennas.csv,retained,Al-Madar,42277972188054,
collected:668,radio-d637bfd9f3c39e2f,False,data/new_data/libya_collected_antennas/cellmapper/cellmapper_libya_antennas.csv,retained,Al-Madar,42277972188054,
collected:669,radio-d637bfd9f3c39e2f,False,data/new_data/libya_collected_antennas/cellmapper/cellmapper_libya_antennas.csv,retained,Al-Madar,42277972188054,
collected:670,radio-d637bfd9f3c39e2f,False,data/new_data/libya_collected_antennas/cellmapper/cellmapper_libya_antennas.csv,retained,Al-Madar,42277972188054,
collected:671,radio-d637bfd9f3c39e2f,False,data/new_data/libya_collected_antennas/cellmapper/cellmapper_libya_antennas.csv,retained,Al-Madar,42277972188054,
collected:672,radio-d637bfd9f3c39e2f,False,data/new_data/libya_collected_antennas/cellmapper/cellmapper_libya_antennas.csv,retained,Al-Madar,42277972188054,
collected:679,radio-00f7243d59d921da,False,data/new_data/libya_collected_antennas/cellmapper/cellmapper_libya_antennas.csv,retained,Al-Madar,279429546025132,
collected:680,radio-00f7243d59d921da,False,data/new_data/libya_collected_antennas/cellmapper/cellmapper_libya_antennas.csv,retained,Al-Madar,279429546025132,
collected:681,radio-00f7243d59d921da,False,data/new_data/libya_collected_antennas/cellmapper/cellmapper_libya_antennas.csv,retained,Al-Madar,279429546025132,
collected:682,radio-00f7243d59d921da,False,data/new_data/libya_collected_antennas/cellmapper/cellmapper_libya_antennas.csv,retained,Al-Madar,279429546025132,
collected:683,radio-00f7243d59d921da,False,data/new_data/libya_collected_antennas/cellmapper/cellmapper_libya_antennas.csv,retained,Al-Madar,279429546025132,
collected:684,radio-00f7243d59d921da,False,data/new_data/libya_collected_antennas/cellmapper/cellmapper_libya_antennas.csv,retained,Al-Madar,279429546025132,
sqlite:2026,radio-00f7243d59d921da,False,Libyan_cells_dataset/cells.sqlite3,retained,Al-Madar,279429546025132,1764
sqlite:1445,radio-00f7243d59d921da,False,Libyan_cells_dataset/cells.sqlite3,retained,Al-Madar,279429546025132,1764
sqlite:1394,radio-00f7243d59d921da,False,Libyan_cells_dataset/cells.sqlite3,retained,Al-Madar,279429546025132,1764
sqlite:1978,radio-00f7243d59d921da,False,Libyan_cells_dataset/cells.sqlite3,retained,Al-Madar,279429546025132,1764
sqlite:2127,radio-00f7243d59d921da,False,Libyan_cells_dataset/cells.sqlite3,retained,Al-Madar,279429546025132,1764
collected:1271,radio-04098303d9431ba7,False,data/new_data/libya_collected_antennas/cellmapper/cellmapper_libya_antennas.csv,retained,Al-Madar,58103554660991,
collected:1272,radio-04098303d9431ba7,False,data/new_data/libya_collected_antennas/cellmapper/cellmapper_libya_antennas.csv,retained,Al-Madar,58103554660991,
collected:1273,radio-04098303d9431ba7,False,data/new_data/libya_collected_antennas/cellmapper/cellmapper_libya_antennas.csv,retained,Al-Madar,58103554660991,
collected:1274,radio-04098303d9431ba7,False,data/new_data/libya_collected_antennas/cellmapper/cellmapper_libya_antennas.csv,retained,Al-Madar,58103554660991,
collected:1275,radio-04098303d9431ba7,False,data/new_data/libya_collected_antennas/cellmapper/cellmapper_libya_antennas.csv,retained,Al-Madar,58103554660991,
collected:673,radio-adaa6bd0bf72cb5c,False,data/new_data/libya_collected_antennas/cellmapper/cellmapper_libya_antennas.csv,retained,Al-Madar,274239775442270,
collected:674,radio-adaa6bd0bf72cb5c,False,data/new_data/libya_collected_antennas/cellmapper/cellmapper_libya_antennas.csv,retained,Al-Madar,274239775442270,
collected:675,radio-adaa6bd0bf72cb5c,False,data/new_data/libya_collected_antennas/cellmapper/cellmapper_libya_antennas.csv,retained,Al-Madar,274239775442270,
collected:676,radio-adaa6bd0bf72cb5c,False,data/new_data/libya_collected_antennas/cellmapper/cellmapper_libya_antennas.csv,retained,Al-Madar,274239775442270,
collected:677,radio-adaa6bd0bf72cb5c,False,data/new_data/libya_collected_antennas/cellmapper/cellmapper_libya_antennas.csv,retained,Al-Madar,274239775442270,
collected:678,radio-adaa6bd0bf72cb5c,False,data/new_data/libya_collected_antennas/cellmapper/cellmapper_libya_antennas.csv,retained,Al-Madar,274239775442270,
sqlite:2031,radio-08db79872f4b76c5,False,Libyan_cells_dataset/cells.sqlite3,retained,Al-Madar,55063555878110,1765
sqlite:1985,radio-08db79872f4b76c5,False,Libyan_cells_dataset/cells.sqlite3,retained,Al-Madar,55063555878110,1765
sqlite:1400,radio-08db79872f4b76c5,False,Libyan_cells_dataset/cells.sqlite3,retained,Al-Madar,55063555878110,1765
sqlite:1451,radio-08db79872f4b76c5,False,Libyan_cells_dataset/cells.sqlite3,retained,Al-Madar,55063555878110,1765
sqlite:2134,radio-08db79872f4b76c5,False,Libyan_cells_dataset/cells.sqlite3,retained,Al-Madar,55063555878110,1765
collected:701,radio-c7dab6bce50b6e29,False,data/new_data/libya_collected_antennas/cellmapper/cellmapper_libya_antennas.csv,retained,Al-Madar,226788770065477,
collected:702,radio-c7dab6bce50b6e29,False,data/new_data/libya_collected_antennas/cellmapper/cellmapper_libya_antennas.csv,retained,Al-Madar,226788770065477,
collected:703,radio-c7dab6bce50b6e29,False,data/new_data/libya_collected_antennas/cellmapper/cellmapper_libya_antennas.csv,retained,Al-Madar,226788770065477,
collected:1269,radio-2bb6563f21dbf119,False,data/new_data/libya_collected_antennas/cellmapper/cellmapper_libya_antennas.csv,retained,Al-Madar,274538925978017,
collected:1270,radio-2bb6563f21dbf119,False,data/new_data/libya_collected_antennas/cellmapper/cellmapper_libya_antennas.csv,retained,Al-Madar,274538925978017,
sqlite:1360,radio-06d0c3abb7b66550,False,Libyan_cells_dataset/cells.sqlite3,retained,Al-Madar,42634128923334,1766
sqlite:1992,radio-06d0c3abb7b66550,False,Libyan_cells_dataset/cells.sqlite3,retained,Al-Madar,42634128923334,1766
sqlite:1410,radio-06d0c3abb7b66550,False,Libyan_cells_dataset/cells.sqlite3,retained,Al-Madar,42634128923334,1766
sqlite:2092,radio-06d0c3abb7b66550,False,Libyan_cells_dataset/cells.sqlite3,retained,Al-Madar,42634128923334,1766
sqlite:1942,radio-06d0c3abb7b66550,False,Libyan_cells_dataset/cells.sqlite3,retained,Al-Madar,42634128923334,1766
sqlite:1893,radio-06d0c3abb7b66550,False,Libyan_cells_dataset/cells.sqlite3,retained,Al-Madar,42634128923334,1766
sqlite:1967,radio-b4867db6392a7324,False,Libyan_cells_dataset/cells.sqlite3,retained,Al-Madar,242994226931177,1767
sqlite:2116,radio-b4867db6392a7324,False,Libyan_cells_dataset/cells.sqlite3,retained,Al-Madar,242994226931177,1767
sqlite:1434,radio-b4867db6392a7324,False,Libyan_cells_dataset/cells.sqlite3,retained,Al-Madar,242994226931177,1767
sqlite:1927,radio-b4867db6392a7324,False,Libyan_cells_dataset/cells.sqlite3,retained,Al-Madar,242994226931177,1767
sqlite:2015,radio-b4867db6392a7324,False,Libyan_cells_dataset/cells.sqlite3,retained,Al-Madar,242994226931177,1767
sqlite:1383,radio-b4867db6392a7324,False,Libyan_cells_dataset/cells.sqlite3,retained,Al-Madar,242994226931177,1767
collected:1264,radio-13de563ac4572390,False,data/new_data/libya_collected_antennas/cellmapper/cellmapper_libya_antennas.csv,retained,Al-Madar,115890693124251,
collected:1265,radio-13de563ac4572390,False,data/new_data/libya_collected_antennas/cellmapper/cellmapper_libya_antennas.csv,retained,Al-Madar,115890693124251,
collected:1266,radio-13de563ac4572390,False,data/new_data/libya_collected_antennas/cellmapper/cellmapper_libya_antennas.csv,retained,Al-Madar,115890693124251,
collected:1267,radio-13de563ac4572390,False,data/new_data/libya_collected_antennas/cellmapper/cellmapper_libya_antennas.csv,retained,Al-Madar,115890693124251,
collected:1234,radio-2d3e70c3bda57c98,False,data/new_data/libya_collected_antennas/cellmapper/cellmapper_libya_antennas.csv,retained,Al-Madar,4813022885539,
collected:1235,radio-2d3e70c3bda57c98,False,data/new_data/libya_collected_antennas/cellmapper/cellmapper_libya_antennas.csv,retained,Al-Madar,4813022885539,
collected:1236,radio-2d3e70c3bda57c98,False,data/new_data/libya_collected_antennas/cellmapper/cellmapper_libya_antennas.csv,retained,Al-Madar,4813022885539,
collected:1228,radio-947a7b99e365ce75,False,data/new_data/libya_collected_antennas/cellmapper/cellmapper_libya_antennas.csv,retained,Al-Madar,53064163221474,
collected:1229,radio-947a7b99e365ce75,False,data/new_data/libya_collected_antennas/cellmapper/cellmapper_libya_antennas.csv,retained,Al-Madar,53064163221474,
collected:1230,radio-947a7b99e365ce75,False,data/new_data/libya_collected_antennas/cellmapper/cellmapper_libya_antennas.csv,retained,Al-Madar,53064163221474,
collected:1231,radio-947a7b99e365ce75,False,data/new_data/libya_collected_antennas/cellmapper/cellmapper_libya_antennas.csv,retained,Al-Madar,53064163221474,
collected:1232,radio-947a7b99e365ce75,False,data/new_data/libya_collected_antennas/cellmapper/cellmapper_libya_antennas.csv,retained,Al-Madar,53064163221474,
collected:1233,radio-947a7b99e365ce75,False,data/new_data/libya_collected_antennas/cellmapper/cellmapper_libya_antennas.csv,retained,Al-Madar,53064163221474,
collected:1268,radio-563eaa8394e411b3,False,data/new_data/libya_collected_antennas/cellmapper/cellmapper_libya_antennas.csv,retained,Al-Madar,25106204118469,
collected:1237,radio-913e518ecbcc99c6,False,data/new_data/libya_collected_antennas/cellmapper/cellmapper_libya_antennas.csv,retained,Al-Madar,166875394109048,
collected:1238,radio-913e518ecbcc99c6,False,data/new_data/libya_collected_antennas/cellmapper/cellmapper_libya_antennas.csv,retained,Al-Madar,166875394109048,
collected:1239,radio-913e518ecbcc99c6,False,data/new_data/libya_collected_antennas/cellmapper/cellmapper_libya_antennas.csv,retained,Al-Madar,166875394109048,
collected:1240,radio-913e518ecbcc99c6,False,data/new_data/libya_collected_antennas/cellmapper/cellmapper_libya_antennas.csv,retained,Al-Madar,166875394109048,
collected:1241,radio-913e518ecbcc99c6,False,data/new_data/libya_collected_antennas/cellmapper/cellmapper_libya_antennas.csv,retained,Al-Madar,166875394109048,
sqlite:2090,radio-ae2227e1dc531c3d,False,Libyan_cells_dataset/cells.sqlite3,retained,Al-Madar,123662729719193,1768
sqlite:1890,radio-ae2227e1dc531c3d,False,Libyan_cells_dataset/cells.sqlite3,retained,Al-Madar,123662729719193,1768
sqlite:1990,radio-ae2227e1dc531c3d,False,Libyan_cells_dataset/cells.sqlite3,retained,Al-Madar,123662729719193,1768
sqlite:1358,radio-ae2227e1dc531c3d,False,Libyan_cells_dataset/cells.sqlite3,retained,Al-Madar,123662729719193,1768
sqlite:1408,radio-ae2227e1dc531c3d,False,Libyan_cells_dataset/cells.sqlite3,retained,Al-Madar,123662729719193,1768
sqlite:1940,radio-ae2227e1dc531c3d,False,Libyan_cells_dataset/cells.sqlite3,retained,Al-Madar,123662729719193,1768
sqlite:1446,radio-95d49f05cf7bb568,False,Libyan_cells_dataset/cells.sqlite3,retained,Al-Madar,202211721341625,656
sqlite:2027,radio-95d49f05cf7bb568,False,Libyan_cells_dataset/cells.sqlite3,retained,Al-Madar,202211721341625,656
sqlite:1396,radio-95d49f05cf7bb568,False,Libyan_cells_dataset/cells.sqlite3,retained,Al-Madar,202211721341625,656
sqlite:2129,radio-95d49f05cf7bb568,False,Libyan_cells_dataset/cells.sqlite3,retained,Al-Madar,202211721341625,656
sqlite:1980,radio-95d49f05cf7bb568,False,Libyan_cells_dataset/cells.sqlite3,retained,Al-Madar,202211721341625,656
sqlite:1364,radio-be70dce784469edd,False,Libyan_cells_dataset/cells.sqlite3,retained,Al-Madar,155896745006456,1772
sqlite:1904,radio-be70dce784469edd,False,Libyan_cells_dataset/cells.sqlite3,retained,Al-Madar,155896745006456,1772
sqlite:1415,radio-be70dce784469edd,False,Libyan_cells_dataset/cells.sqlite3,retained,Al-Madar,155896745006456,1772
sqlite:1996,radio-be70dce784469edd,False,Libyan_cells_dataset/cells.sqlite3,retained,Al-Madar,155896745006456,1772
sqlite:1947,radio-be70dce784469edd,False,Libyan_cells_dataset/cells.sqlite3,retained,Al-Madar,155896745006456,1772
sqlite:2097,radio-be70dce784469edd,False,Libyan_cells_dataset/cells.sqlite3,retained,Al-Madar,155896745006456,1772
sqlite:1949,radio-c1e9ad27ef749304,False,Libyan_cells_dataset/cells.sqlite3,retained,Al-Madar,60998261108935,1773
sqlite:1366,radio-c1e9ad27ef749304,False,Libyan_cells_dataset/cells.sqlite3,retained,Al-Madar,60998261108935,1773
sqlite:1998,radio-c1e9ad27ef749304,False,Libyan_cells_dataset/cells.sqlite3,retained,Al-Madar,60998261108935,1773
sqlite:1417,radio-c1e9ad27ef749304,False,Libyan_cells_dataset/cells.sqlite3,retained,Al-Madar,60998261108935,1773
sqlite:1907,radio-c1e9ad27ef749304,False,Libyan_cells_dataset/cells.sqlite3,retained,Al-Madar,60998261108935,1773
sqlite:2099,radio-c1e9ad27ef749304,False,Libyan_cells_dataset/cells.sqlite3,retained,Al-Madar,60998261108935,1773
sqlite:1950,radio-90efe55368bd1eda,False,Libyan_cells_dataset/cells.sqlite3,retained,Al-Madar,181488239701071,1774
sqlite:1999,radio-90efe55368bd1eda,False,Libyan_cells_dataset/cells.sqlite3,retained,Al-Madar,181488239701071,1774
sqlite:1367,radio-90efe55368bd1eda,False,Libyan_cells_dataset/cells.sqlite3,retained,Al-Madar,181488239701071,1774
sqlite:1908,radio-90efe55368bd1eda,False,Libyan_cells_dataset/cells.sqlite3,retained,Al-Madar,181488239701071,1774
sqlite:2100,radio-90efe55368bd1eda,False,Libyan_cells_dataset/cells.sqlite3,retained,Al-Madar,181488239701071,1774
sqlite:1418,radio-90efe55368bd1eda,False,Libyan_cells_dataset/cells.sqlite3,retained,Al-Madar,181488239701071,1774
sqlite:1368,radio-80d732a04f6cdb03,False,Libyan_cells_dataset/cells.sqlite3,retained,Al-Madar,254453938061952,1775
sqlite:2000,radio-80d732a04f6cdb03,False,Libyan_cells_dataset/cells.sqlite3,retained,Al-Madar,254453938061952,1775
sqlite:1951,radio-80d732a04f6cdb03,False,Libyan_cells_dataset/cells.sqlite3,retained,Al-Madar,254453938061952,1775
sqlite:2101,radio-80d732a04f6cdb03,False,Libyan_cells_dataset/cells.sqlite3,retained,Al-Madar,254453938061952,1775
sqlite:1419,radio-80d732a04f6cdb03,False,Libyan_cells_dataset/cells.sqlite3,retained,Al-Madar,254453938061952,1775
sqlite:1909,radio-80d732a04f6cdb03,False,Libyan_cells_dataset/cells.sqlite3,retained,Al-Madar,254453938061952,1775
collected:1108,radio-9618241a8ea2ba2a,False,data/new_data/libya_collected_antennas/cellmapper/cellmapper_libya_antennas.csv,retained,Al-Madar,99179074952498,
collected:1109,radio-9618241a8ea2ba2a,False,data/new_data/libya_collected_antennas/cellmapper/cellmapper_libya_antennas.csv,retained,Al-Madar,99179074952498,
collected:1110,radio-9618241a8ea2ba2a,False,data/new_data/libya_collected_antennas/cellmapper/cellmapper_libya_antennas.csv,retained,Al-Madar,99179074952498,
collected:686,radio-55d6208a1f71efc9,False,data/new_data/libya_collected_antennas/cellmapper/cellmapper_libya_antennas.csv,retained,Al-Madar,183705263959482,
collected:687,radio-55d6208a1f71efc9,False,data/new_data/libya_collected_antennas/cellmapper/cellmapper_libya_antennas.csv,retained,Al-Madar,183705263959482,
sqlite:1956,radio-55d6208a1f71efc9,False,Libyan_cells_dataset/cells.sqlite3,retained,Al-Madar,183705263959482,669
sqlite:1373,radio-55d6208a1f71efc9,False,Libyan_cells_dataset/cells.sqlite3,retained,Al-Madar,183705263959482,669
sqlite:2106,radio-55d6208a1f71efc9,False,Libyan_cells_dataset/cells.sqlite3,retained,Al-Madar,183705263959482,669
sqlite:2005,radio-55d6208a1f71efc9,False,Libyan_cells_dataset/cells.sqlite3,retained,Al-Madar,183705263959482,669
sqlite:1914,radio-55d6208a1f71efc9,False,Libyan_cells_dataset/cells.sqlite3,retained,Al-Madar,183705263959482,669
sqlite:1424,radio-55d6208a1f71efc9,False,Libyan_cells_dataset/cells.sqlite3,retained,Al-Madar,183705263959482,669
sqlite:1442,radio-390e74c462b8d7c9,False,Libyan_cells_dataset/cells.sqlite3,retained,Al-Madar,140942036440951,1776
sqlite:2023,radio-390e74c462b8d7c9,False,Libyan_cells_dataset/cells.sqlite3,retained,Al-Madar,140942036440951,1776
sqlite:1975,radio-390e74c462b8d7c9,False,Libyan_cells_dataset/cells.sqlite3,retained,Al-Madar,140942036440951,1776
sqlite:2124,radio-390e74c462b8d7c9,False,Libyan_cells_dataset/cells.sqlite3,retained,Al-Madar,140942036440951,1776
sqlite:1391,radio-390e74c462b8d7c9,False,Libyan_cells_dataset/cells.sqlite3,retained,Al-Madar,140942036440951,1776
sqlite:1449,radio-29811671b7e4829e,False,Libyan_cells_dataset/cells.sqlite3,retained,Al-Madar,24010058122820,1777
sqlite:2132,radio-29811671b7e4829e,False,Libyan_cells_dataset/cells.sqlite3,retained,Al-Madar,24010058122820,1777
sqlite:1983,radio-29811671b7e4829e,False,Libyan_cells_dataset/cells.sqlite3,retained,Al-Madar,24010058122820,1777
sqlite:1398,radio-29811671b7e4829e,False,Libyan_cells_dataset/cells.sqlite3,retained,Al-Madar,24010058122820,1777
sqlite:2029,radio-29811671b7e4829e,False,Libyan_cells_dataset/cells.sqlite3,retained,Al-Madar,24010058122820,1777
collected:1101,radio-3f10188bacd5f31e,False,data/new_data/libya_collected_antennas/cellmapper/cellmapper_libya_antennas.csv,retained,Al-Madar,252619623037216,
collected:685,radio-63e384e030f9246b,False,data/new_data/libya_collected_antennas/cellmapper/cellmapper_libya_antennas.csv,retained,Al-Madar,214994759748962,
sqlite:1916,radio-d8e90905c0fe859f,False,Libyan_cells_dataset/cells.sqlite3,retained,Al-Madar,250732021087839,71
sqlite:2107,radio-d8e90905c0fe859f,False,Libyan_cells_dataset/cells.sqlite3,retained,Al-Madar,250732021087839,71
sqlite:1957,radio-d8e90905c0fe859f,False,Libyan_cells_dataset/cells.sqlite3,retained,Al-Madar,250732021087839,71
sqlite:1374,radio-d8e90905c0fe859f,False,Libyan_cells_dataset/cells.sqlite3,retained,Al-Madar,250732021087839,71
sqlite:2006,radio-d8e90905c0fe859f,False,Libyan_cells_dataset/cells.sqlite3,retained,Al-Madar,250732021087839,71
sqlite:1425,radio-d8e90905c0fe859f,False,Libyan_cells_dataset/cells.sqlite3,retained,Al-Madar,250732021087839,71
sqlite:1928,radio-81dc02c9f5257c2d,False,Libyan_cells_dataset/cells.sqlite3,retained,Al-Madar,45668274192979,1778
sqlite:1384,radio-81dc02c9f5257c2d,False,Libyan_cells_dataset/cells.sqlite3,retained,Al-Madar,45668274192979,1778
sqlite:1968,radio-81dc02c9f5257c2d,False,Libyan_cells_dataset/cells.sqlite3,retained,Al-Madar,45668274192979,1778
sqlite:2117,radio-81dc02c9f5257c2d,False,Libyan_cells_dataset/cells.sqlite3,retained,Al-Madar,45668274192979,1778
sqlite:2016,radio-81dc02c9f5257c2d,False,Libyan_cells_dataset/cells.sqlite3,retained,Al-Madar,45668274192979,1778
sqlite:1435,radio-81dc02c9f5257c2d,False,Libyan_cells_dataset/cells.sqlite3,retained,Al-Madar,45668274192979,1778
collected:1242,radio-7221d995d5ef1559,False,data/new_data/libya_collected_antennas/cellmapper/cellmapper_libya_antennas.csv,retained,Al-Madar,55853932834405,
collected:1243,radio-7221d995d5ef1559,False,data/new_data/libya_collected_antennas/cellmapper/cellmapper_libya_antennas.csv,retained,Al-Madar,55853932834405,
collected:1244,radio-7221d995d5ef1559,False,data/new_data/libya_collected_antennas/cellmapper/cellmapper_libya_antennas.csv,retained,Al-Madar,55853932834405,
sqlite:1355,radio-fe573cfdba5d0459,False,Libyan_cells_dataset/cells.sqlite3,retained,Al-Madar,106217045448282,1616
collected:1252,radio-a711bb60cd20d9fa,False,data/new_data/libya_collected_antennas/cellmapper/cellmapper_libya_antennas.csv,retained,Al-Madar,21206845436213,
collected:1253,radio-a711bb60cd20d9fa,False,data/new_data/libya_collected_antennas/cellmapper/cellmapper_libya_antennas.csv,retained,Al-Madar,21206845436213,
collected:1093,radio-9957e42e19d5d840,False,data/new_data/libya_collected_antennas/cellmapper/cellmapper_libya_antennas.csv,retained,Al-Madar,10870217367011,
collected:1333,radio-e9b9a0b6ccebd7c2,False,data/new_data/libya_collected_antennas/cellmapper/cellmapper_libya_antennas.csv,retained,Al-Madar,280565746778630,
collected:1334,radio-e9b9a0b6ccebd7c2,False,data/new_data/libya_collected_antennas/cellmapper/cellmapper_libya_antennas.csv,retained,Al-Madar,280565746778630,
sqlite:1350,radio-4bee0e8459d3cb7d,False,Libyan_cells_dataset/cells.sqlite3,retained,Al-Madar,260045228000503,1779
sqlite:1352,radio-708bfae2a489f83b,False,Libyan_cells_dataset/cells.sqlite3,retained,Al-Madar,9762508505361,707
collected:1161,radio-708bfae2a489f83b,False,data/new_data/libya_collected_antennas/cellmapper/cellmapper_libya_antennas.csv,retained,Al-Madar,9762508505361,
collected:1162,radio-708bfae2a489f83b,False,data/new_data/libya_collected_antennas/cellmapper/cellmapper_libya_antennas.csv,retained,Al-Madar,9762508505361,
sqlite:1979,radio-bd70f7d7f9b4eda1,False,Libyan_cells_dataset/cells.sqlite3,retained,Al-Madar,158348920523721,1780
sqlite:1349,radio-bd70f7d7f9b4eda1,False,Libyan_cells_dataset/cells.sqlite3,retained,Al-Madar,158348920523721,1780
sqlite:2128,radio-bd70f7d7f9b4eda1,False,Libyan_cells_dataset/cells.sqlite3,retained,Al-Madar,158348920523721,1780
sqlite:1395,radio-bd70f7d7f9b4eda1,False,Libyan_cells_dataset/cells.sqlite3,retained,Al-Madar,158348920523721,1780
sqlite:1353,radio-1baeed53f88b431b,False,Libyan_cells_dataset/cells.sqlite3,retained,Al-Madar,85819058151157,1781
sqlite:1354,radio-1c7c110d57fa57f4,False,Libyan_cells_dataset/cells.sqlite3,retained,Al-Madar,9940052295170,82
sqlite:1351,radio-ddbc9ea688b0fcf7,False,Libyan_cells_dataset/cells.sqlite3,retained,Al-Madar,165576636319631,1635
sqlite:1879,radio-013bb4eb76345a9c,False,Libyan_cells_dataset/cells.sqlite3,retained,Al-Madar,257085552626324,1823
sqlite:2079,radio-013bb4eb76345a9c,False,Libyan_cells_dataset/cells.sqlite3,retained,Al-Madar,257085552626324,1823
sqlite:1829,radio-013bb4eb76345a9c,False,Libyan_cells_dataset/cells.sqlite3,retained,Al-Madar,257085552626324,1823
sqlite:2179,radio-013bb4eb76345a9c,False,Libyan_cells_dataset/cells.sqlite3,retained,Al-Madar,257085552626324,1823
sqlite:1853,radio-0ea2a4a4cafb56ae,False,Libyan_cells_dataset/cells.sqlite3,retained,Al-Madar,239693241117781,1748
sqlite:2053,radio-0ea2a4a4cafb56ae,False,Libyan_cells_dataset/cells.sqlite3,retained,Al-Madar,239693241117781,1748
sqlite:2153,radio-0ea2a4a4cafb56ae,False,Libyan_cells_dataset/cells.sqlite3,retained,Al-Madar,239693241117781,1748
sqlite:1803,radio-0ea2a4a4cafb56ae,False,Libyan_cells_dataset/cells.sqlite3,retained,Al-Madar,239693241117781,1748
sqlite:1931,radio-b7a2e10519b87153,False,Libyan_cells_dataset/cells.sqlite3,retained,Al-Madar,76279878449333,1824
sqlite:1519,radio-b7a2e10519b87153,False,Libyan_cells_dataset/cells.sqlite3,retained,Al-Madar,76279878449333,1824
sqlite:1752,radio-b7a2e10519b87153,False,Libyan_cells_dataset/cells.sqlite3,retained,Al-Madar,76279878449333,1824
sqlite:1460,radio-b7a2e10519b87153,False,Libyan_cells_dataset/cells.sqlite3,retained,Al-Madar,76279878449333,1824
sqlite:1524,radio-328e1e00f8e46d6b,False,Libyan_cells_dataset/cells.sqlite3,retained,Al-Madar,38428082179198,1825
sqlite:1759,radio-328e1e00f8e46d6b,False,Libyan_cells_dataset/cells.sqlite3,retained,Al-Madar,38428082179198,1825
sqlite:1463,radio-328e1e00f8e46d6b,False,Libyan_cells_dataset/cells.sqlite3,retained,Al-Madar,38428082179198,1825
sqlite:1712,radio-9637e9918a00b2da,False,Libyan_cells_dataset/cells.sqlite3,retained,Al-Madar,191890030519666,193
sqlite:1627,radio-9637e9918a00b2da,False,Libyan_cells_dataset/cells.sqlite3,retained,Al-Madar,191890030519666,193
sqlite:1593,radio-9637e9918a00b2da,False,Libyan_cells_dataset/cells.sqlite3,retained,Al-Madar,191890030519666,193
sqlite:1628,radio-98ba1300d080b139,False,Libyan_cells_dataset/cells.sqlite3,retained,Al-Madar,141196263964156,1826
sqlite:1713,radio-98ba1300d080b139,False,Libyan_cells_dataset/cells.sqlite3,retained,Al-Madar,141196263964156,1826
sqlite:1594,radio-98ba1300d080b139,False,Libyan_cells_dataset/cells.sqlite3,retained,Al-Madar,141196263964156,1826
sqlite:1714,radio-92734663cb91d4c9,False,Libyan_cells_dataset/cells.sqlite3,retained,Al-Madar,248360674648113,1827
sqlite:1595,radio-92734663cb91d4c9,False,Libyan_cells_dataset/cells.sqlite3,retained,Al-Madar,248360674648113,1827
sqlite:1629,radio-92734663cb91d4c9,False,Libyan_cells_dataset/cells.sqlite3,retained,Al-Madar,248360674648113,1827
sqlite:1790,radio-ac00ac4180a91996,False,Libyan_cells_dataset/cells.sqlite3,retained,Al-Madar,32112319817226,1828
sqlite:2140,radio-ac00ac4180a91996,False,Libyan_cells_dataset/cells.sqlite3,retained,Al-Madar,32112319817226,1828
sqlite:1840,radio-ac00ac4180a91996,False,Libyan_cells_dataset/cells.sqlite3,retained,Al-Madar,32112319817226,1828
sqlite:2040,radio-ac00ac4180a91996,False,Libyan_cells_dataset/cells.sqlite3,retained,Al-Madar,32112319817226,1828
sqlite:1637,radio-e66176149a1921d3,False,Libyan_cells_dataset/cells.sqlite3,retained,Al-Madar,77541835783741,1829
sqlite:1605,radio-e66176149a1921d3,False,Libyan_cells_dataset/cells.sqlite3,retained,Al-Madar,77541835783741,1829
sqlite:1724,radio-e66176149a1921d3,False,Libyan_cells_dataset/cells.sqlite3,retained,Al-Madar,77541835783741,1829
sqlite:2071,radio-d2b925622c141712,False,Libyan_cells_dataset/cells.sqlite3,retained,Al-Madar,77543770008258,1830
sqlite:2171,radio-d2b925622c141712,False,Libyan_cells_dataset/cells.sqlite3,retained,Al-Madar,77543770008258,1830
sqlite:1871,radio-d2b925622c141712,False,Libyan_cells_dataset/cells.sqlite3,retained,Al-Madar,77543770008258,1830
sqlite:1821,radio-d2b925622c141712,False,Libyan_cells_dataset/cells.sqlite3,retained,Al-Madar,77543770008258,1830
sqlite:1642,radio-631d26efbbf85bc2,False,Libyan_cells_dataset/cells.sqlite3,retained,Al-Madar,158643559594663,1831
sqlite:1729,radio-631d26efbbf85bc2,False,Libyan_cells_dataset/cells.sqlite3,retained,Al-Madar,158643559594663,1831
sqlite:1643,radio-153142f97d2bdd2a,False,Libyan_cells_dataset/cells.sqlite3,retained,Al-Madar,142276569849771,1832
sqlite:1730,radio-153142f97d2bdd2a,False,Libyan_cells_dataset/cells.sqlite3,retained,Al-Madar,142276569849771,1832
sqlite:1641,radio-2f8b23fd3e8e135a,False,Libyan_cells_dataset/cells.sqlite3,retained,Al-Madar,89506959963005,385
sqlite:1728,radio-2f8b23fd3e8e135a,False,Libyan_cells_dataset/cells.sqlite3,retained,Al-Madar,89506959963005,385
sqlite:1733,radio-c0bf06d35bb41322,False,Libyan_cells_dataset/cells.sqlite3,retained,Al-Madar,256871018625416,1833
sqlite:1645,radio-c0bf06d35bb41322,False,Libyan_cells_dataset/cells.sqlite3,retained,Al-Madar,256871018625416,1833
sqlite:1734,radio-a4da4dd26e6ec8bc,False,Libyan_cells_dataset/cells.sqlite3,retained,Al-Madar,97010117477070,192
sqlite:1646,radio-a4da4dd26e6ec8bc,False,Libyan_cells_dataset/cells.sqlite3,retained,Al-Madar,97010117477070,192
sqlite:2074,radio-95d6e142a35dd0fe,False,Libyan_cells_dataset/cells.sqlite3,retained,Al-Madar,280840620201020,1834
sqlite:2174,radio-95d6e142a35dd0fe,False,Libyan_cells_dataset/cells.sqlite3,retained,Al-Madar,280840620201020,1834
sqlite:1647,radio-95d6e142a35dd0fe,False,Libyan_cells_dataset/cells.sqlite3,retained,Al-Madar,280840620201020,1834
sqlite:1824,radio-95d6e142a35dd0fe,False,Libyan_cells_dataset/cells.sqlite3,retained,Al-Madar,280840620201020,1834
sqlite:1735,radio-95d6e142a35dd0fe,False,Libyan_cells_dataset/cells.sqlite3,retained,Al-Madar,280840620201020,1834
sqlite:1874,radio-95d6e142a35dd0fe,False,Libyan_cells_dataset/cells.sqlite3,retained,Al-Madar,280840620201020,1834
sqlite:1876,radio-1f32c0f75b2f92b1,False,Libyan_cells_dataset/cells.sqlite3,retained,Al-Madar,19150614227635,1835
sqlite:2076,radio-1f32c0f75b2f92b1,False,Libyan_cells_dataset/cells.sqlite3,retained,Al-Madar,19150614227635,1835
sqlite:1826,radio-1f32c0f75b2f92b1,False,Libyan_cells_dataset/cells.sqlite3,retained,Al-Madar,19150614227635,1835
sqlite:1649,radio-1f32c0f75b2f92b1,False,Libyan_cells_dataset/cells.sqlite3,retained,Al-Madar,19150614227635,1835
sqlite:2176,radio-1f32c0f75b2f92b1,False,Libyan_cells_dataset/cells.sqlite3,retained,Al-Madar,19150614227635,1835
sqlite:1651,radio-a16b0df8c88382a3,False,Libyan_cells_dataset/cells.sqlite3,retained,Al-Madar,94695207472484,1836
sqlite:1652,radio-ddeee2cf2f441168,False,Libyan_cells_dataset/cells.sqlite3,retained,Al-Madar,140728693075524,1837
sqlite:1878,radio-f3f248fd17e450e3,False,Libyan_cells_dataset/cells.sqlite3,retained,Al-Madar,50136955824926,1838
sqlite:1828,radio-f3f248fd17e450e3,False,Libyan_cells_dataset/cells.sqlite3,retained,Al-Madar,50136955824926,1838
sqlite:2178,radio-f3f248fd17e450e3,False,Libyan_cells_dataset/cells.sqlite3,retained,Al-Madar,50136955824926,1838
sqlite:2078,radio-f3f248fd17e450e3,False,Libyan_cells_dataset/cells.sqlite3,retained,Al-Madar,50136955824926,1838
sqlite:2144,radio-cdc8ce42662a4083,False,Libyan_cells_dataset/cells.sqlite3,retained,Al-Madar,166633400416230,1839
sqlite:1844,radio-cdc8ce42662a4083,False,Libyan_cells_dataset/cells.sqlite3,retained,Al-Madar,166633400416230,1839
sqlite:2044,radio-cdc8ce42662a4083,False,Libyan_cells_dataset/cells.sqlite3,retained,Al-Madar,166633400416230,1839
sqlite:1794,radio-cdc8ce42662a4083,False,Libyan_cells_dataset/cells.sqlite3,retained,Al-Madar,166633400416230,1839
sqlite:2182,radio-caf6e5ae54202189,False,Libyan_cells_dataset/cells.sqlite3,retained,Al-Madar,191073453426276,1840
sqlite:2082,radio-caf6e5ae54202189,False,Libyan_cells_dataset/cells.sqlite3,retained,Al-Madar,191073453426276,1840
sqlite:1882,radio-caf6e5ae54202189,False,Libyan_cells_dataset/cells.sqlite3,retained,Al-Madar,191073453426276,1840
sqlite:1832,radio-caf6e5ae54202189,False,Libyan_cells_dataset/cells.sqlite3,retained,Al-Madar,191073453426276,1840
sqlite:1845,radio-d0b47c295c55c3a5,False,Libyan_cells_dataset/cells.sqlite3,retained,Al-Madar,150113521606956,1841
sqlite:2045,radio-d0b47c295c55c3a5,False,Libyan_cells_dataset/cells.sqlite3,retained,Al-Madar,150113521606956,1841
sqlite:1795,radio-d0b47c295c55c3a5,False,Libyan_cells_dataset/cells.sqlite3,retained,Al-Madar,150113521606956,1841
sqlite:2145,radio-d0b47c295c55c3a5,False,Libyan_cells_dataset/cells.sqlite3,retained,Al-Madar,150113521606956,1841
sqlite:1796,radio-94531d36325bedb3,False,Libyan_cells_dataset/cells.sqlite3,retained,Al-Madar,24523341569111,1842
sqlite:2046,radio-94531d36325bedb3,False,Libyan_cells_dataset/cells.sqlite3,retained,Al-Madar,24523341569111,1842
sqlite:1846,radio-94531d36325bedb3,False,Libyan_cells_dataset/cells.sqlite3,retained,Al-Madar,24523341569111,1842
sqlite:2146,radio-94531d36325bedb3,False,Libyan_cells_dataset/cells.sqlite3,retained,Al-Madar,24523341569111,1842
sqlite:1798,radio-700326fe2ff2deb1,False,Libyan_cells_dataset/cells.sqlite3,retained,Al-Madar,54063166483035,1843
sqlite:1848,radio-700326fe2ff2deb1,False,Libyan_cells_dataset/cells.sqlite3,retained,Al-Madar,54063166483035,1843
sqlite:2048,radio-700326fe2ff2deb1,False,Libyan_cells_dataset/cells.sqlite3,retained,Al-Madar,54063166483035,1843
sqlite:2148,radio-700326fe2ff2deb1,False,Libyan_cells_dataset/cells.sqlite3,retained,Al-Madar,54063166483035,1843
sqlite:2149,radio-20497bb2566a5b56,False,Libyan_cells_dataset/cells.sqlite3,retained,Al-Madar,95191834315305,1844
sqlite:1849,radio-20497bb2566a5b56,False,Libyan_cells_dataset/cells.sqlite3,retained,Al-Madar,95191834315305,1844
sqlite:2049,radio-20497bb2566a5b56,False,Libyan_cells_dataset/cells.sqlite3,retained,Al-Madar,95191834315305,1844
sqlite:1799,radio-20497bb2566a5b56,False,Libyan_cells_dataset/cells.sqlite3,retained,Al-Madar,95191834315305,1844
sqlite:1850,radio-41fd25f34172a14f,False,Libyan_cells_dataset/cells.sqlite3,retained,Al-Madar,163391799096818,1845
sqlite:2150,radio-41fd25f34172a14f,False,Libyan_cells_dataset/cells.sqlite3,retained,Al-Madar,163391799096818,1845
sqlite:2050,radio-41fd25f34172a14f,False,Libyan_cells_dataset/cells.sqlite3,retained,Al-Madar,163391799096818,1845
sqlite:1800,radio-41fd25f34172a14f,False,Libyan_cells_dataset/cells.sqlite3,retained,Al-Madar,163391799096818,1845
sqlite:2151,radio-05b53b3e94c0f762,False,Libyan_cells_dataset/cells.sqlite3,retained,Al-Madar,176010204374450,742
sqlite:2051,radio-05b53b3e94c0f762,False,Libyan_cells_dataset/cells.sqlite3,retained,Al-Madar,176010204374450,742
sqlite:1851,radio-05b53b3e94c0f762,False,Libyan_cells_dataset/cells.sqlite3,retained,Al-Madar,176010204374450,742
sqlite:1801,radio-05b53b3e94c0f762,False,Libyan_cells_dataset/cells.sqlite3,retained,Al-Madar,176010204374450,742
sqlite:1802,radio-d583042fa346f687,False,Libyan_cells_dataset/cells.sqlite3,retained,Al-Madar,29695061771831,1846
sqlite:2152,radio-d583042fa346f687,False,Libyan_cells_dataset/cells.sqlite3,retained,Al-Madar,29695061771831,1846
sqlite:2052,radio-d583042fa346f687,False,Libyan_cells_dataset/cells.sqlite3,retained,Al-Madar,29695061771831,1846
sqlite:1852,radio-d583042fa346f687,False,Libyan_cells_dataset/cells.sqlite3,retained,Al-Madar,29695061771831,1846
sqlite:1575,radio-b8e2020b1c1b39e5,False,Libyan_cells_dataset/cells.sqlite3,retained,Al-Madar,188196500339522,1847
sqlite:1614,radio-b8e2020b1c1b39e5,False,Libyan_cells_dataset/cells.sqlite3,retained,Al-Madar,188196500339522,1847
sqlite:1697,radio-b8e2020b1c1b39e5,False,Libyan_cells_dataset/cells.sqlite3,retained,Al-Madar,188196500339522,1847
sqlite:1855,radio-b8e2020b1c1b39e5,False,Libyan_cells_dataset/cells.sqlite3,retained,Al-Madar,188196500339522,1847
sqlite:2055,radio-b8e2020b1c1b39e5,False,Libyan_cells_dataset/cells.sqlite3,retained,Al-Madar,188196500339522,1847
sqlite:1805,radio-b8e2020b1c1b39e5,False,Libyan_cells_dataset/cells.sqlite3,retained,Al-Madar,188196500339522,1847
sqlite:2155,radio-b8e2020b1c1b39e5,False,Libyan_cells_dataset/cells.sqlite3,retained,Al-Madar,188196500339522,1847
sqlite:2156,radio-1bfee7e2607bb1d5,False,Libyan_cells_dataset/cells.sqlite3,retained,Al-Madar,281390107672157,1848
sqlite:1806,radio-1bfee7e2607bb1d5,False,Libyan_cells_dataset/cells.sqlite3,retained,Al-Madar,281390107672157,1848
sqlite:2056,radio-1bfee7e2607bb1d5,False,Libyan_cells_dataset/cells.sqlite3,retained,Al-Madar,281390107672157,1848
sqlite:1856,radio-1bfee7e2607bb1d5,False,Libyan_cells_dataset/cells.sqlite3,retained,Al-Madar,281390107672157,1848
sqlite:1688,radio-8f8c201181529adf,False,Libyan_cells_dataset/cells.sqlite3,retained,Al-Madar,277644374048172,1849
sqlite:1556,radio-8f8c201181529adf,False,Libyan_cells_dataset/cells.sqlite3,retained,Al-Madar,277644374048172,1849
sqlite:1608,radio-8f8c201181529adf,False,Libyan_cells_dataset/cells.sqlite3,retained,Al-Madar,277644374048172,1849
sqlite:1644,radio-2ea281a686a380cd,False,Libyan_cells_dataset/cells.sqlite3,retained,Al-Madar,166584171908473,1850
sqlite:1859,radio-2ea281a686a380cd,False,Libyan_cells_dataset/cells.sqlite3,retained,Al-Madar,166584171908473,1850
sqlite:2059,radio-2ea281a686a380cd,False,Libyan_cells_dataset/cells.sqlite3,retained,Al-Madar,166584171908473,1850
sqlite:1732,radio-2ea281a686a380cd,False,Libyan_cells_dataset/cells.sqlite3,retained,Al-Madar,166584171908473,1850
sqlite:1809,radio-2ea281a686a380cd,False,Libyan_cells_dataset/cells.sqlite3,retained,Al-Madar,166584171908473,1850
sqlite:2159,radio-2ea281a686a380cd,False,Libyan_cells_dataset/cells.sqlite3,retained,Al-Madar,166584171908473,1850
sqlite:1865,radio-214424d5218baaaa,False,Libyan_cells_dataset/cells.sqlite3,retained,Al-Madar,49130288433601,789
sqlite:2165,radio-214424d5218baaaa,False,Libyan_cells_dataset/cells.sqlite3,retained,Al-Madar,49130288433601,789
sqlite:2065,radio-214424d5218baaaa,False,Libyan_cells_dataset/cells.sqlite3,retained,Al-Madar,49130288433601,789
sqlite:1815,radio-214424d5218baaaa,False,Libyan_cells_dataset/cells.sqlite3,retained,Al-Madar,49130288433601,789
sqlite:1692,radio-2dc34f0266bcd210,False,Libyan_cells_dataset/cells.sqlite3,retained,Al-Madar,110336601757521,1851
sqlite:1564,radio-2dc34f0266bcd210,False,Libyan_cells_dataset/cells.sqlite3,retained,Al-Madar,110336601757521,1851
sqlite:1867,radio-2dc34f0266bcd210,False,Libyan_cells_dataset/cells.sqlite3,retained,Al-Madar,110336601757521,1851
sqlite:2167,radio-2dc34f0266bcd210,False,Libyan_cells_dataset/cells.sqlite3,retained,Al-Madar,110336601757521,1851
sqlite:1611,radio-2dc34f0266bcd210,False,Libyan_cells_dataset/cells.sqlite3,retained,Al-Madar,110336601757521,1851
sqlite:2067,radio-2dc34f0266bcd210,False,Libyan_cells_dataset/cells.sqlite3,retained,Al-Madar,110336601757521,1851
sqlite:1817,radio-2dc34f0266bcd210,False,Libyan_cells_dataset/cells.sqlite3,retained,Al-Madar,110336601757521,1851
sqlite:2068,radio-4596dd6788f7be99,False,Libyan_cells_dataset/cells.sqlite3,retained,Al-Madar,142529530221934,1852
sqlite:2168,radio-4596dd6788f7be99,False,Libyan_cells_dataset/cells.sqlite3,retained,Al-Madar,142529530221934,1852
sqlite:1818,radio-4596dd6788f7be99,False,Libyan_cells_dataset/cells.sqlite3,retained,Al-Madar,142529530221934,1852
sqlite:1868,radio-4596dd6788f7be99,False,Libyan_cells_dataset/cells.sqlite3,retained,Al-Madar,142529530221934,1852
sqlite:1693,radio-951448ed35e92ecb,False,Libyan_cells_dataset/cells.sqlite3,retained,Al-Madar,222951259508474,1853
sqlite:1566,radio-951448ed35e92ecb,False,Libyan_cells_dataset/cells.sqlite3,retained,Al-Madar,222951259508474,1853
sqlite:1869,radio-c1527d4326089548,False,Libyan_cells_dataset/cells.sqlite3,retained,Al-Madar,229685226355653,1854
sqlite:1819,radio-c1527d4326089548,False,Libyan_cells_dataset/cells.sqlite3,retained,Al-Madar,229685226355653,1854
sqlite:2169,radio-c1527d4326089548,False,Libyan_cells_dataset/cells.sqlite3,retained,Al-Madar,229685226355653,1854
sqlite:2069,radio-c1527d4326089548,False,Libyan_cells_dataset/cells.sqlite3,retained,Al-Madar,229685226355653,1854
sqlite:1873,radio-4cdb22a18f4f976f,False,Libyan_cells_dataset/cells.sqlite3,retained,Al-Madar,247960731456026,1855
sqlite:1823,radio-4cdb22a18f4f976f,False,Libyan_cells_dataset/cells.sqlite3,retained,Al-Madar,247960731456026,1855
sqlite:2073,radio-4cdb22a18f4f976f,False,Libyan_cells_dataset/cells.sqlite3,retained,Al-Madar,247960731456026,1855
sqlite:2173,radio-4cdb22a18f4f976f,False,Libyan_cells_dataset/cells.sqlite3,retained,Al-Madar,247960731456026,1855
sqlite:1574,radio-bfe44913dc85876f,False,Libyan_cells_dataset/cells.sqlite3,retained,Al-Madar,7605683020763,1856
sqlite:1613,radio-bfe44913dc85876f,False,Libyan_cells_dataset/cells.sqlite3,retained,Al-Madar,7605683020763,1856
sqlite:1696,radio-bfe44913dc85876f,False,Libyan_cells_dataset/cells.sqlite3,retained,Al-Madar,7605683020763,1856
sqlite:1573,radio-5a5217cb8c88e36c,False,Libyan_cells_dataset/cells.sqlite3,retained,Al-Madar,265368949842447,1857
sqlite:1695,radio-5a5217cb8c88e36c,False,Libyan_cells_dataset/cells.sqlite3,retained,Al-Madar,265368949842447,1857
sqlite:1612,radio-5a5217cb8c88e36c,False,Libyan_cells_dataset/cells.sqlite3,retained,Al-Madar,265368949842447,1857
sqlite:1881,radio-97725bc92c3460bf,False,Libyan_cells_dataset/cells.sqlite3,retained,Al-Madar,21610666965786,1858
sqlite:2181,radio-97725bc92c3460bf,False,Libyan_cells_dataset/cells.sqlite3,retained,Al-Madar,21610666965786,1858
sqlite:2081,radio-97725bc92c3460bf,False,Libyan_cells_dataset/cells.sqlite3,retained,Al-Madar,21610666965786,1858
sqlite:1831,radio-97725bc92c3460bf,False,Libyan_cells_dataset/cells.sqlite3,retained,Al-Madar,21610666965786,1858
sqlite:1884,radio-d036356dfdfdec1a,False,Libyan_cells_dataset/cells.sqlite3,retained,Al-Madar,272298992088063,498
sqlite:2184,radio-d036356dfdfdec1a,False,Libyan_cells_dataset/cells.sqlite3,retained,Al-Madar,272298992088063,498
sqlite:2084,radio-d036356dfdfdec1a,False,Libyan_cells_dataset/cells.sqlite3,retained,Al-Madar,272298992088063,498
sqlite:1834,radio-d036356dfdfdec1a,False,Libyan_cells_dataset/cells.sqlite3,retained,Al-Madar,272298992088063,498
sqlite:1609,radio-6093d9668860246e,False,Libyan_cells_dataset/cells.sqlite3,retained,Al-Madar,1306282545550,1859
sqlite:1557,radio-6093d9668860246e,False,Libyan_cells_dataset/cells.sqlite3,retained,Al-Madar,1306282545550,1859
sqlite:1689,radio-6093d9668860246e,False,Libyan_cells_dataset/cells.sqlite3,retained,Al-Madar,1306282545550,1859
sqlite:1332,radio-c064ba35493ebc47,False,Libyan_cells_dataset/cells.sqlite3,retained,Al-Madar,210555430203808,1893
sqlite:1319,radio-db10f260d49daa4c,False,Libyan_cells_dataset/cells.sqlite3,retained,Al-Madar,262033371269698,1894
sqlite:1324,radio-b6058b64cd0448a5,False,Libyan_cells_dataset/cells.sqlite3,retained,Al-Madar,217924135900690,1895
sqlite:1327,radio-013331a1fadac684,False,Libyan_cells_dataset/cells.sqlite3,retained,Al-Madar,3954977531391,1896
sqlite:1326,radio-d0520e6b23b96e93,False,Libyan_cells_dataset/cells.sqlite3,retained,Al-Madar,151305049089941,1897
sqlite:1328,radio-6e9e5a4f098166cf,False,Libyan_cells_dataset/cells.sqlite3,retained,Al-Madar,180350119686876,1898
sqlite:1323,radio-1f66bd6f63bd9f16,False,Libyan_cells_dataset/cells.sqlite3,retained,Al-Madar,204413975873016,1272
sqlite:1322,radio-8daeb8ceedff8e25,False,Libyan_cells_dataset/cells.sqlite3,retained,Al-Madar,201704369470477,1899
sqlite:1335,radio-5de1ba84734fa392,False,Libyan_cells_dataset/cells.sqlite3,retained,Al-Madar,193603599883336,1900
sqlite:1561,radio-788ace04fc4784b1,False,Libyan_cells_dataset/cells.sqlite3,retained,Al-Madar,80597675178349,1901
sqlite:1739,radio-788ace04fc4784b1,False,Libyan_cells_dataset/cells.sqlite3,retained,Al-Madar,80597675178349,1901
sqlite:1507,radio-788ace04fc4784b1,False,Libyan_cells_dataset/cells.sqlite3,retained,Al-Madar,80597675178349,1901
sqlite:1894,radio-788ace04fc4784b1,False,Libyan_cells_dataset/cells.sqlite3,retained,Al-Madar,80597675178349,1901
sqlite:1347,radio-1aa20a0b65dcbcdf,False,Libyan_cells_dataset/cells.sqlite3,retained,Al-Madar,49810051319592,135
sqlite:1330,radio-a8acbf8e0e1b8992,False,Libyan_cells_dataset/cells.sqlite3,retained,Al-Madar,233631363720723,1346
sqlite:1348,radio-8c19c64441519b70,False,Libyan_cells_dataset/cells.sqlite3,retained,Al-Madar,93369311014165,1902
sqlite:1325,radio-28b0365694baa6c5,False,Libyan_cells_dataset/cells.sqlite3,retained,Al-Madar,93369311014165,1902
sqlite:1331,radio-6730007d9d95c764,False,Libyan_cells_dataset/cells.sqlite3,retained,Al-Madar,244680565379624,1903
sqlite:1346,radio-868afde8444e483d,False,Libyan_cells_dataset/cells.sqlite3,retained,Al-Madar,140665772493202,1904
sqlite:1341,radio-69ef253f5b1c59cf,False,Libyan_cells_dataset/cells.sqlite3,retained,Al-Madar,21396551076102,1905
sqlite:1336,radio-c1ff8f0a9f4635a8,False,Libyan_cells_dataset/cells.sqlite3,retained,Al-Madar,186597884989804,1906
sqlite:1337,radio-ec94ed2819bff388,False,Libyan_cells_dataset/cells.sqlite3,retained,Al-Madar,193703793511854,1907
sqlite:1339,radio-9b17d48478ad1336,False,Libyan_cells_dataset/cells.sqlite3,retained,Al-Madar,237685169953411,1908
sqlite:1334,radio-6a9bc016d06e89b3,False,Libyan_cells_dataset/cells.sqlite3,retained,Al-Madar,237685169953411,1908
sqlite:1320,radio-6bc040886893c4bd,False,Libyan_cells_dataset/cells.sqlite3,retained,Al-Madar,5827343967594,1909
sqlite:1321,radio-ec3fa94609ee9a07,False,Libyan_cells_dataset/cells.sqlite3,retained,Al-Madar,246570442904118,1910
sqlite:1342,radio-686672d8864d529c,False,Libyan_cells_dataset/cells.sqlite3,retained,Al-Madar,26927963539450,1911
sqlite:1345,radio-15dd4cffd3fe04f6,False,Libyan_cells_dataset/cells.sqlite3,retained,Al-Madar,242126896503846,1912
sqlite:1333,radio-8ae50bf51f32ae14,False,Libyan_cells_dataset/cells.sqlite3,retained,Al-Madar,66008214610789,1913
sqlite:1344,radio-5bf6edd1b678f419,False,Libyan_cells_dataset/cells.sqlite3,retained,Al-Madar,140400132989989,1914
sqlite:1343,radio-8481ec72ed8b775a,False,Libyan_cells_dataset/cells.sqlite3,retained,Al-Madar,140400132989989,1914
sqlite:1338,radio-d9e6285e54e74324,False,Libyan_cells_dataset/cells.sqlite3,retained,Al-Madar,153502324891069,1915
sqlite:1340,radio-cfe18535f6f40ba8,False,Libyan_cells_dataset/cells.sqlite3,retained,Al-Madar,266731914104792,1916
sqlite:1771,radio-2f957598b2ee0680,False,Libyan_cells_dataset/cells.sqlite3,retained,Al-Madar,218823597055187,1917
sqlite:1506,radio-e6fcbb6be9f7c59f,False,Libyan_cells_dataset/cells.sqlite3,retained,Al-Madar,64999382841628,1918
sqlite:1891,radio-e6fcbb6be9f7c59f,False,Libyan_cells_dataset/cells.sqlite3,retained,Al-Madar,64999382841628,1918
sqlite:1738,radio-e6fcbb6be9f7c59f,False,Libyan_cells_dataset/cells.sqlite3,retained,Al-Madar,64999382841628,1918
sqlite:1559,radio-e6fcbb6be9f7c59f,False,Libyan_cells_dataset/cells.sqlite3,retained,Al-Madar,64999382841628,1918
sqlite:1520,radio-7a718b43ecc53cb0,False,Libyan_cells_dataset/cells.sqlite3,retained,Al-Madar,208854618134866,1919
sqlite:1753,radio-7a718b43ecc53cb0,False,Libyan_cells_dataset/cells.sqlite3,retained,Al-Madar,208854618134866,1919
sqlite:1932,radio-7a718b43ecc53cb0,False,Libyan_cells_dataset/cells.sqlite3,retained,Al-Madar,208854618134866,1919
sqlite:1779,radio-e952a9e718ae2907,False,Libyan_cells_dataset/cells.sqlite3,retained,Al-Madar,237124868891457,1920
sqlite:1539,radio-e952a9e718ae2907,False,Libyan_cells_dataset/cells.sqlite3,retained,Al-Madar,237124868891457,1920
sqlite:1501,radio-ba29a5f641fc1576,False,Libyan_cells_dataset/cells.sqlite3,retained,Al-Madar,187646831292325,1921
sqlite:1515,radio-adfeab37ab377c3c,False,Libyan_cells_dataset/cells.sqlite3,retained,Al-Madar,55294300407902,1922
sqlite:1749,radio-adfeab37ab377c3c,False,Libyan_cells_dataset/cells.sqlite3,retained,Al-Madar,55294300407902,1922
sqlite:1918,radio-adfeab37ab377c3c,False,Libyan_cells_dataset/cells.sqlite3,retained,Al-Madar,55294300407902,1922
sqlite:1741,radio-9177aafa97587f31,False,Libyan_cells_dataset/cells.sqlite3,retained,Al-Madar,138841838734463,1923
sqlite:1896,radio-9177aafa97587f31,False,Libyan_cells_dataset/cells.sqlite3,retained,Al-Madar,138841838734463,1923
sqlite:1562,radio-9177aafa97587f31,False,Libyan_cells_dataset/cells.sqlite3,retained,Al-Madar,138841838734463,1923
sqlite:1508,radio-9177aafa97587f31,False,Libyan_cells_dataset/cells.sqlite3,retained,Al-Madar,138841838734463,1923
sqlite:1742,radio-1cbc6ace423caa43,False,Libyan_cells_dataset/cells.sqlite3,retained,Al-Madar,256000507942638,1924
sqlite:1509,radio-1cbc6ace423caa43,False,Libyan_cells_dataset/cells.sqlite3,retained,Al-Madar,256000507942638,1924
sqlite:1563,radio-1cbc6ace423caa43,False,Libyan_cells_dataset/cells.sqlite3,retained,Al-Madar,256000507942638,1924
sqlite:1898,radio-1cbc6ace423caa43,False,Libyan_cells_dataset/cells.sqlite3,retained,Al-Madar,256000507942638,1924
sqlite:1502,radio-f49bd8f759297500,False,Libyan_cells_dataset/cells.sqlite3,retained,Al-Madar,222629419622938,356
sqlite:1473,radio-6eaa09c0bacd5f88,False,Libyan_cells_dataset/cells.sqlite3,retained,Al-Madar,152948310561543,1925
sqlite:1778,radio-6eaa09c0bacd5f88,False,Libyan_cells_dataset/cells.sqlite3,retained,Al-Madar,152948310561543,1925
sqlite:1538,radio-6eaa09c0bacd5f88,False,Libyan_cells_dataset/cells.sqlite3,retained,Al-Madar,152948310561543,1925
sqlite:1755,radio-502a4c17fa0f409f,False,Libyan_cells_dataset/cells.sqlite3,retained,Al-Madar,71640482438036,1926
sqlite:1522,radio-502a4c17fa0f409f,False,Libyan_cells_dataset/cells.sqlite3,retained,Al-Madar,71640482438036,1926
sqlite:1937,radio-502a4c17fa0f409f,False,Libyan_cells_dataset/cells.sqlite3,retained,Al-Madar,71640482438036,1926
sqlite:1780,radio-d4206ffd2cea6cce,False,Libyan_cells_dataset/cells.sqlite3,retained,Al-Madar,189309240733508,1927
sqlite:1540,radio-d4206ffd2cea6cce,False,Libyan_cells_dataset/cells.sqlite3,retained,Al-Madar,189309240733508,1927
sqlite:1544,radio-26f9fdfa7931a145,False,Libyan_cells_dataset/cells.sqlite3,retained,Al-Madar,2029293397228,1928
sqlite:1528,radio-59e95b1d1db4b929,False,Libyan_cells_dataset/cells.sqlite3,retained,Al-Madar,95426057999173,1929
sqlite:1766,radio-59e95b1d1db4b929,False,Libyan_cells_dataset/cells.sqlite3,retained,Al-Madar,95426057999173,1929
sqlite:1767,radio-9db91aae80a6fad5,False,Libyan_cells_dataset/cells.sqlite3,retained,Al-Madar,166128766269551,572
sqlite:1529,radio-9db91aae80a6fad5,False,Libyan_cells_dataset/cells.sqlite3,retained,Al-Madar,166128766269551,572
sqlite:1768,radio-b91a918a305b1127,False,Libyan_cells_dataset/cells.sqlite3,retained,Al-Madar,22763142959793,1930
sqlite:1530,radio-b91a918a305b1127,False,Libyan_cells_dataset/cells.sqlite3,retained,Al-Madar,22763142959793,1930
sqlite:1503,radio-130713dc7cd4d4ee,False,Libyan_cells_dataset/cells.sqlite3,retained,Al-Madar,122044329776804,1931
sqlite:1504,radio-7aaf7500db73511a,False,Libyan_cells_dataset/cells.sqlite3,retained,Al-Madar,107431676979582,1932
sqlite:1565,radio-8f3783e166660195,False,Libyan_cells_dataset/cells.sqlite3,retained,Al-Madar,247530869802958,1933
sqlite:1743,radio-8f3783e166660195,False,Libyan_cells_dataset/cells.sqlite3,retained,Al-Madar,247530869802958,1933
sqlite:1510,radio-8f3783e166660195,False,Libyan_cells_dataset/cells.sqlite3,retained,Al-Madar,247530869802958,1933
sqlite:1900,radio-8f3783e166660195,False,Libyan_cells_dataset/cells.sqlite3,retained,Al-Madar,247530869802958,1933
sqlite:1769,radio-466f3b58da02fa22,False,Libyan_cells_dataset/cells.sqlite3,retained,Al-Madar,67938581918725,1934
sqlite:1531,radio-466f3b58da02fa22,False,Libyan_cells_dataset/cells.sqlite3,retained,Al-Madar,67938581918725,1934
sqlite:1902,radio-7c88ec8cc5ea89a7,False,Libyan_cells_dataset/cells.sqlite3,retained,Al-Madar,261054757270242,144
sqlite:1511,radio-7c88ec8cc5ea89a7,False,Libyan_cells_dataset/cells.sqlite3,retained,Al-Madar,261054757270242,144
sqlite:1568,radio-7c88ec8cc5ea89a7,False,Libyan_cells_dataset/cells.sqlite3,retained,Al-Madar,261054757270242,144
sqlite:1745,radio-7c88ec8cc5ea89a7,False,Libyan_cells_dataset/cells.sqlite3,retained,Al-Madar,261054757270242,144
sqlite:1746,radio-a2894b740e8bed2d,False,Libyan_cells_dataset/cells.sqlite3,retained,Al-Madar,153476362856810,1935
sqlite:1512,radio-a2894b740e8bed2d,False,Libyan_cells_dataset/cells.sqlite3,retained,Al-Madar,153476362856810,1935
sqlite:1903,radio-a2894b740e8bed2d,False,Libyan_cells_dataset/cells.sqlite3,retained,Al-Madar,153476362856810,1935
sqlite:1569,radio-a2894b740e8bed2d,False,Libyan_cells_dataset/cells.sqlite3,retained,Al-Madar,153476362856810,1935
sqlite:1747,radio-146454f3084b0649,False,Libyan_cells_dataset/cells.sqlite3,retained,Al-Madar,64053719388722,137
sqlite:1513,radio-146454f3084b0649,False,Libyan_cells_dataset/cells.sqlite3,retained,Al-Madar,64053719388722,137
sqlite:1905,radio-146454f3084b0649,False,Libyan_cells_dataset/cells.sqlite3,retained,Al-Madar,64053719388722,137
sqlite:1570,radio-146454f3084b0649,False,Libyan_cells_dataset/cells.sqlite3,retained,Al-Madar,64053719388722,137
sqlite:1533,radio-3508581d0017caaa,False,Libyan_cells_dataset/cells.sqlite3,retained,Al-Madar,165283613332041,1936
sqlite:1773,radio-3508581d0017caaa,False,Libyan_cells_dataset/cells.sqlite3,retained,Al-Madar,165283613332041,1936
sqlite:1468,radio-3508581d0017caaa,False,Libyan_cells_dataset/cells.sqlite3,retained,Al-Madar,165283613332041,1936
sqlite:1497,radio-7c8a914997ab1483,False,Libyan_cells_dataset/cells.sqlite3,retained,Al-Madar,19014434692261,1937
sqlite:1534,radio-a83b38a6dfd6a7db,False,Libyan_cells_dataset/cells.sqlite3,retained,Al-Madar,39671680306911,1938
sqlite:1469,radio-a83b38a6dfd6a7db,False,Libyan_cells_dataset/cells.sqlite3,retained,Al-Madar,39671680306911,1938
sqlite:1774,radio-a83b38a6dfd6a7db,False,Libyan_cells_dataset/cells.sqlite3,retained,Al-Madar,39671680306911,1938
sqlite:1488,radio-45d26d7fc0baa481,False,Libyan_cells_dataset/cells.sqlite3,retained,Al-Madar,124959092603528,1939
sqlite:1553,radio-45d26d7fc0baa481,False,Libyan_cells_dataset/cells.sqlite3,retained,Al-Madar,124959092603528,1939
sqlite:1458,radio-6805653f9eb8af4f,False,Libyan_cells_dataset/cells.sqlite3,retained,Al-Madar,88053715592125,1940
sqlite:1929,radio-6805653f9eb8af4f,False,Libyan_cells_dataset/cells.sqlite3,retained,Al-Madar,88053715592125,1940
sqlite:1750,radio-6805653f9eb8af4f,False,Libyan_cells_dataset/cells.sqlite3,retained,Al-Madar,88053715592125,1940
sqlite:1517,radio-6805653f9eb8af4f,False,Libyan_cells_dataset/cells.sqlite3,retained,Al-Madar,88053715592125,1940
sqlite:1499,radio-d522a00a6cfc6fc5,False,Libyan_cells_dataset/cells.sqlite3,retained,Al-Madar,10472530415450,1353
sqlite:1775,radio-0ef7b4559a60eeed,False,Libyan_cells_dataset/cells.sqlite3,retained,Al-Madar,181828654107273,1941
sqlite:1535,radio-0ef7b4559a60eeed,False,Libyan_cells_dataset/cells.sqlite3,retained,Al-Madar,181828654107273,1941
sqlite:1470,radio-0ef7b4559a60eeed,False,Libyan_cells_dataset/cells.sqlite3,retained,Al-Madar,181828654107273,1941
sqlite:1500,radio-6d8d0cc6922e7301,False,Libyan_cells_dataset/cells.sqlite3,retained,Al-Madar,206662265417512,1942
sqlite:1756,radio-bd08d881de76b13b,False,Libyan_cells_dataset/cells.sqlite3,retained,Al-Madar,123619467746788,1943
sqlite:1462,radio-bd08d881de76b13b,False,Libyan_cells_dataset/cells.sqlite3,retained,Al-Madar,123619467746788,1943
sqlite:1523,radio-bd08d881de76b13b,False,Libyan_cells_dataset/cells.sqlite3,retained,Al-Madar,123619467746788,1943
sqlite:1505,radio-f0efa3cc8013ae3d,False,Libyan_cells_dataset/cells.sqlite3,retained,Al-Madar,101417855825294,1944
sqlite:1476,radio-39cb0b72367e3716,False,Libyan_cells_dataset/cells.sqlite3,retained,Al-Madar,65327345143457,1945
sqlite:1783,radio-39cb0b72367e3716,False,Libyan_cells_dataset/cells.sqlite3,retained,Al-Madar,65327345143457,1945
sqlite:1542,radio-39cb0b72367e3716,False,Libyan_cells_dataset/cells.sqlite3,retained,Al-Madar,65327345143457,1945
sqlite:1748,radio-60ec2fafd5b56ec3,False,Libyan_cells_dataset/cells.sqlite3,retained,Al-Madar,6113766208557,1946
sqlite:1456,radio-60ec2fafd5b56ec3,False,Libyan_cells_dataset/cells.sqlite3,retained,Al-Madar,6113766208557,1946
sqlite:1514,radio-60ec2fafd5b56ec3,False,Libyan_cells_dataset/cells.sqlite3,retained,Al-Madar,6113766208557,1946
sqlite:1915,radio-60ec2fafd5b56ec3,False,Libyan_cells_dataset/cells.sqlite3,retained,Al-Madar,6113766208557,1946
sqlite:1480,radio-54fae1eef08bc890,False,Libyan_cells_dataset/cells.sqlite3,retained,Al-Madar,73770633651254,1947
sqlite:1545,radio-54fae1eef08bc890,False,Libyan_cells_dataset/cells.sqlite3,retained,Al-Madar,73770633651254,1947
sqlite:1546,radio-3d3280de816d6db5,False,Libyan_cells_dataset/cells.sqlite3,retained,Al-Madar,111217624083758,1948
sqlite:1481,radio-3d3280de816d6db5,False,Libyan_cells_dataset/cells.sqlite3,retained,Al-Madar,111217624083758,1948
sqlite:1464,radio-f3d1e3074cc07d65,False,Libyan_cells_dataset/cells.sqlite3,retained,Al-Madar,253371999335201,1949
sqlite:1763,radio-f3d1e3074cc07d65,False,Libyan_cells_dataset/cells.sqlite3,retained,Al-Madar,253371999335201,1949
sqlite:1525,radio-f3d1e3074cc07d65,False,Libyan_cells_dataset/cells.sqlite3,retained,Al-Madar,253371999335201,1949
sqlite:1482,radio-7276abec67022570,False,Libyan_cells_dataset/cells.sqlite3,retained,Al-Madar,62245370764485,1950
sqlite:1547,radio-7276abec67022570,False,Libyan_cells_dataset/cells.sqlite3,retained,Al-Madar,62245370764485,1950
sqlite:1548,radio-ca965eafa12c6624,False,Libyan_cells_dataset/cells.sqlite3,retained,Al-Madar,60221885781597,1951
sqlite:1483,radio-ca965eafa12c6624,False,Libyan_cells_dataset/cells.sqlite3,retained,Al-Madar,60221885781597,1951
sqlite:1549,radio-6416866adf8cb0c0,False,Libyan_cells_dataset/cells.sqlite3,retained,Al-Madar,128088239259040,1952
sqlite:1484,radio-6416866adf8cb0c0,False,Libyan_cells_dataset/cells.sqlite3,retained,Al-Madar,128088239259040,1952
sqlite:1550,radio-a36e0eb7ff2aafba,False,Libyan_cells_dataset/cells.sqlite3,retained,Al-Madar,34008525070845,1953
sqlite:1485,radio-a36e0eb7ff2aafba,False,Libyan_cells_dataset/cells.sqlite3,retained,Al-Madar,34008525070845,1953
sqlite:1486,radio-f63a03ad42d2ebbc,False,Libyan_cells_dataset/cells.sqlite3,retained,Al-Madar,11720604440400,1954
sqlite:1551,radio-f63a03ad42d2ebbc,False,Libyan_cells_dataset/cells.sqlite3,retained,Al-Madar,11720604440400,1954
sqlite:1552,radio-f9f8bbe440e34222,False,Libyan_cells_dataset/cells.sqlite3,retained,Al-Madar,135011479170084,1955
sqlite:1487,radio-f9f8bbe440e34222,False,Libyan_cells_dataset/cells.sqlite3,retained,Al-Madar,135011479170084,1955
sqlite:1465,radio-9dcbd72682415a73,False,Libyan_cells_dataset/cells.sqlite3,retained,Al-Madar,28762913526566,1956
sqlite:1764,radio-9dcbd72682415a73,False,Libyan_cells_dataset/cells.sqlite3,retained,Al-Madar,28762913526566,1956
sqlite:1526,radio-9dcbd72682415a73,False,Libyan_cells_dataset/cells.sqlite3,retained,Al-Madar,28762913526566,1956
sqlite:1493,radio-682b55e4c08a638b,False,Libyan_cells_dataset/cells.sqlite3,retained,Al-Madar,18446594048447,1957
sqlite:1496,radio-11f11c8f6097ad6c,False,Libyan_cells_dataset/cells.sqlite3,retained,Al-Madar,271246083565428,1958
sqlite:1765,radio-45ee65e2db736b06,False,Libyan_cells_dataset/cells.sqlite3,retained,Al-Madar,140459799336981,1959
sqlite:1466,radio-45ee65e2db736b06,False,Libyan_cells_dataset/cells.sqlite3,retained,Al-Madar,140459799336981,1959
sqlite:1527,radio-45ee65e2db736b06,False,Libyan_cells_dataset/cells.sqlite3,retained,Al-Madar,140459799336981,1959
sqlite:1498,radio-8eaf715b82eaf15a,False,Libyan_cells_dataset/cells.sqlite3,retained,Al-Madar,84925159616500,1363
sqlite:1490,radio-449ba24aaebe1088,False,Libyan_cells_dataset/cells.sqlite3,retained,Al-Madar,79418141314020,1960
sqlite:1555,radio-449ba24aaebe1088,False,Libyan_cells_dataset/cells.sqlite3,retained,Al-Madar,79418141314020,1960
sqlite:1491,radio-f82c631f29266fbf,False,Libyan_cells_dataset/cells.sqlite3,retained,Al-Madar,81564791518124,149
sqlite:1933,radio-0786503dc2dc75ba,False,Libyan_cells_dataset/cells.sqlite3,retained,Al-Madar,54073004094679,1961
sqlite:1521,radio-0786503dc2dc75ba,False,Libyan_cells_dataset/cells.sqlite3,retained,Al-Madar,54073004094679,1961
sqlite:1461,radio-0786503dc2dc75ba,False,Libyan_cells_dataset/cells.sqlite3,retained,Al-Madar,54073004094679,1961
sqlite:1754,radio-0786503dc2dc75ba,False,Libyan_cells_dataset/cells.sqlite3,retained,Al-Madar,54073004094679,1961
sqlite:1492,radio-f18e8dad6498f49b,False,Libyan_cells_dataset/cells.sqlite3,retained,Al-Madar,127207099935723,1962
sqlite:1772,radio-8ecab2f7854a67f5,False,Libyan_cells_dataset/cells.sqlite3,retained,Al-Madar,254461621876966,1963
sqlite:1532,radio-8ecab2f7854a67f5,False,Libyan_cells_dataset/cells.sqlite3,retained,Al-Madar,254461621876966,1963
sqlite:1467,radio-8ecab2f7854a67f5,False,Libyan_cells_dataset/cells.sqlite3,retained,Al-Madar,254461621876966,1963
sqlite:1494,radio-515607f462a86f91,False,Libyan_cells_dataset/cells.sqlite3,retained,Al-Madar,99840163275817,1964
sqlite:1495,radio-721e5814b57de2f6,False,Libyan_cells_dataset/cells.sqlite3,retained,Al-Madar,103303030055849,1965
collected:1032,radio-721e5814b57de2f6,False,data/new_data/libya_collected_antennas/cellmapper/cellmapper_libya_antennas.csv,retained,Al-Madar,103303030055849,
sqlite:1489,radio-55901784a72c8ca2,False,Libyan_cells_dataset/cells.sqlite3,retained,Al-Madar,77181451527156,1966
sqlite:1554,radio-55901784a72c8ca2,False,Libyan_cells_dataset/cells.sqlite3,retained,Al-Madar,77181451527156,1966
sqlite:1543,radio-f85db81f3457cfb2,False,Libyan_cells_dataset/cells.sqlite3,retained,Al-Madar,135623421660925,1375
sqlite:1787,radio-f85db81f3457cfb2,False,Libyan_cells_dataset/cells.sqlite3,retained,Al-Madar,135623421660925,1375
sqlite:1478,radio-f85db81f3457cfb2,False,Libyan_cells_dataset/cells.sqlite3,retained,Al-Madar,135623421660925,1375
sqlite:1751,radio-b197d9c390e60e0d,False,Libyan_cells_dataset/cells.sqlite3,retained,Al-Madar,10472530415450,1353
sqlite:1930,radio-b197d9c390e60e0d,False,Libyan_cells_dataset/cells.sqlite3,retained,Al-Madar,10472530415450,1353
sqlite:1518,radio-b197d9c390e60e0d,False,Libyan_cells_dataset/cells.sqlite3,retained,Al-Madar,10472530415450,1353
sqlite:1459,radio-b197d9c390e60e0d,False,Libyan_cells_dataset/cells.sqlite3,retained,Al-Madar,10472530415450,1353
sqlite:1536,radio-0ced93c1335cf04a,False,Libyan_cells_dataset/cells.sqlite3,retained,Al-Madar,173442474763485,1967
sqlite:1776,radio-0ced93c1335cf04a,False,Libyan_cells_dataset/cells.sqlite3,retained,Al-Madar,173442474763485,1967
sqlite:1471,radio-0ced93c1335cf04a,False,Libyan_cells_dataset/cells.sqlite3,retained,Al-Madar,173442474763485,1967
sqlite:1777,radio-e053ab504db5de85,False,Libyan_cells_dataset/cells.sqlite3,retained,Al-Madar,13732714726844,1968
sqlite:1472,radio-e053ab504db5de85,False,Libyan_cells_dataset/cells.sqlite3,retained,Al-Madar,13732714726844,1968
sqlite:1537,radio-e053ab504db5de85,False,Libyan_cells_dataset/cells.sqlite3,retained,Al-Madar,13732714726844,1968
sqlite:1474,radio-ad8fa0c43c59e678,False,Libyan_cells_dataset/cells.sqlite3,retained,Al-Madar,113778209441195,1969
sqlite:1781,radio-ad8fa0c43c59e678,False,Libyan_cells_dataset/cells.sqlite3,retained,Al-Madar,113778209441195,1969
sqlite:1475,radio-5409ba17d794f105,False,Libyan_cells_dataset/cells.sqlite3,retained,Al-Madar,110708556401878,1970
sqlite:1782,radio-5409ba17d794f105,False,Libyan_cells_dataset/cells.sqlite3,retained,Al-Madar,110708556401878,1970
sqlite:1541,radio-5409ba17d794f105,False,Libyan_cells_dataset/cells.sqlite3,retained,Al-Madar,110708556401878,1970
sqlite:1986,radio-68cb32ff96be2bbf,False,Libyan_cells_dataset/cells.sqlite3,retained,Al-Madar,249844446633151,597
sqlite:1479,radio-68cb32ff96be2bbf,False,Libyan_cells_dataset/cells.sqlite3,retained,Al-Madar,249844446633151,597
sqlite:1784,radio-1309cec325b4cc7a,False,Libyan_cells_dataset/cells.sqlite3,retained,Al-Madar,213390303848912,1971
sqlite:1477,radio-1309cec325b4cc7a,False,Libyan_cells_dataset/cells.sqlite3,retained,Al-Madar,213390303848912,1971
sqlite:1757,radio-6f3910e6ec6c1f4a,False,Libyan_cells_dataset/cells.sqlite3,retained,Al-Madar,67742449134898,1972
sqlite:1758,radio-5a782d9dcc973fe9,False,Libyan_cells_dataset/cells.sqlite3,retained,Al-Madar,83149523945197,1973
sqlite:1578,radio-76fcd87d463e02b6,False,Libyan_cells_dataset/cells.sqlite3,retained,Al-Madar,36467636676189,1974
sqlite:1571,radio-6238f96cd7fa75a3,False,Libyan_cells_dataset/cells.sqlite3,retained,Al-Madar,30107752835643,1975
sqlite:1622,radio-879ebf30f72df124,False,Libyan_cells_dataset/cells.sqlite3,retained,Al-Madar,114377664970796,1976
sqlite:1706,radio-879ebf30f72df124,False,Libyan_cells_dataset/cells.sqlite3,retained,Al-Madar,114377664970796,1976
sqlite:1586,radio-879ebf30f72df124,False,Libyan_cells_dataset/cells.sqlite3,retained,Al-Madar,114377664970796,1976
sqlite:1762,radio-9e2e2105320e384d,False,Libyan_cells_dataset/cells.sqlite3,retained,Al-Madar,77512513835048,1977
sqlite:1744,radio-ec5c1f35e6e4b431,False,Libyan_cells_dataset/cells.sqlite3,retained,Al-Madar,56214008489870,1449
sqlite:1567,radio-ec5c1f35e6e4b431,False,Libyan_cells_dataset/cells.sqlite3,retained,Al-Madar,56214008489870,1449
sqlite:1770,radio-29ffc896405e1544,False,Libyan_cells_dataset/cells.sqlite3,retained,Al-Madar,136414738725977,1978
sqlite:1448,radio-9e8be26d3039f7a6,False,Libyan_cells_dataset/cells.sqlite3,retained,Al-Madar,211657733414838,1979
sqlite:1785,radio-9e8be26d3039f7a6,False,Libyan_cells_dataset/cells.sqlite3,retained,Al-Madar,211657733414838,1979
sqlite:2131,radio-9e8be26d3039f7a6,False,Libyan_cells_dataset/cells.sqlite3,retained,Al-Madar,211657733414838,1979
sqlite:1982,radio-9e8be26d3039f7a6,False,Libyan_cells_dataset/cells.sqlite3,retained,Al-Madar,211657733414838,1979
sqlite:2093,radio-e182c4daf27f6bd6,False,Libyan_cells_dataset/cells.sqlite3,retained,Al-Madar,33393486578360,1980
sqlite:1740,radio-e182c4daf27f6bd6,False,Libyan_cells_dataset/cells.sqlite3,retained,Al-Madar,33393486578360,1980
sqlite:1895,radio-e182c4daf27f6bd6,False,Libyan_cells_dataset/cells.sqlite3,retained,Al-Madar,33393486578360,1980
sqlite:1943,radio-e182c4daf27f6bd6,False,Libyan_cells_dataset/cells.sqlite3,retained,Al-Madar,33393486578360,1980
sqlite:1411,radio-e182c4daf27f6bd6,False,Libyan_cells_dataset/cells.sqlite3,retained,Al-Madar,33393486578360,1980
sqlite:1675,radio-981d92786907b842,False,Libyan_cells_dataset/cells.sqlite3,retained,Al-Madar,137195825736988,1981
sqlite:1676,radio-04cd08f322c08dbe,False,Libyan_cells_dataset/cells.sqlite3,retained,Al-Madar,210094469450820,1982
sqlite:1677,radio-f410e08d15e17c42,False,Libyan_cells_dataset/cells.sqlite3,retained,Al-Madar,196973659141829,1983
sqlite:1678,radio-4244e9c0bc1e92ec,False,Libyan_cells_dataset/cells.sqlite3,retained,Al-Madar,117210169472194,1984
sqlite:1679,radio-d3b2f9cb44bf958e,False,Libyan_cells_dataset/cells.sqlite3,retained,Al-Madar,4167604552202,1985
sqlite:1684,radio-dc35d1c6830ce569,False,Libyan_cells_dataset/cells.sqlite3,retained,Al-Madar,232446986108545,1986
sqlite:1680,radio-bf4645ae0a00de78,False,Libyan_cells_dataset/cells.sqlite3,retained,Al-Madar,192871960508272,1987
sqlite:1673,radio-ec3edd2a88eb17cd,False,Libyan_cells_dataset/cells.sqlite3,retained,Al-Madar,183027206969693,1508
sqlite:1661,radio-ec3edd2a88eb17cd,False,Libyan_cells_dataset/cells.sqlite3,retained,Al-Madar,183027206969693,1508
sqlite:1662,radio-e810d14f35b4035d,False,Libyan_cells_dataset/cells.sqlite3,retained,Al-Madar,17752628432956,1988
sqlite:1674,radio-e810d14f35b4035d,False,Libyan_cells_dataset/cells.sqlite3,retained,Al-Madar,17752628432956,1988
sqlite:1681,radio-07f5d61aa55c8b87,False,Libyan_cells_dataset/cells.sqlite3,retained,Al-Madar,68833881461766,1989
sqlite:1664,radio-07f5d61aa55c8b87,False,Libyan_cells_dataset/cells.sqlite3,retained,Al-Madar,68833881461766,1989
sqlite:1672,radio-c26106baf12173ee,False,Libyan_cells_dataset/cells.sqlite3,retained,Al-Madar,129117122050873,852
sqlite:1658,radio-c26106baf12173ee,False,Libyan_cells_dataset/cells.sqlite3,retained,Al-Madar,129117122050873,852
sqlite:1665,radio-50a7481f9e8598fa,False,Libyan_cells_dataset/cells.sqlite3,retained,Al-Madar,269600438964656,1990
sqlite:1666,radio-759c2cf4287d47c6,False,Libyan_cells_dataset/cells.sqlite3,retained,Al-Madar,85985850987672,1991
sqlite:1667,radio-1a9cabf2dfcf8ce2,False,Libyan_cells_dataset/cells.sqlite3,retained,Al-Madar,234418087518827,1992
sqlite:1659,radio-42701127289d51af,False,Libyan_cells_dataset/cells.sqlite3,retained,Al-Madar,212815694977548,1993
sqlite:1682,radio-9803dc31121b5189,False,Libyan_cells_dataset/cells.sqlite3,retained,Al-Madar,241059215928765,858
sqlite:1683,radio-e08d03510291769d,False,Libyan_cells_dataset/cells.sqlite3,retained,Al-Madar,93945924692964,1994
sqlite:1668,radio-8969e2c67c5a2677,False,Libyan_cells_dataset/cells.sqlite3,retained,Al-Madar,206445890909744,1995
sqlite:1669,radio-53091a5adf928922,False,Libyan_cells_dataset/cells.sqlite3,retained,Al-Madar,133062964250000,1996
sqlite:1685,radio-53091a5adf928922,False,Libyan_cells_dataset/cells.sqlite3,retained,Al-Madar,133062964250000,1996
sqlite:1686,radio-3acdaf7338f261cd,False,Libyan_cells_dataset/cells.sqlite3,retained,Al-Madar,26689316030176,1997
sqlite:1687,radio-f9d2eedf7a68105f,False,Libyan_cells_dataset/cells.sqlite3,retained,Al-Madar,217842294582846,1998
sqlite:1670,radio-f9d2eedf7a68105f,False,Libyan_cells_dataset/cells.sqlite3,retained,Al-Madar,217842294582846,1998
sqlite:1761,radio-a01483c9ef381889,False,Libyan_cells_dataset/cells.sqlite3,retained,Al-Madar,48163255447273,1999
sqlite:1760,radio-2ca237a3f827b2d2,False,Libyan_cells_dataset/cells.sqlite3,retained,Al-Madar,164728366551591,388
sqlite:1698,radio-9ae4b8460e03e613,False,Libyan_cells_dataset/cells.sqlite3,retained,Al-Madar,148483159968764,1131
sqlite:1576,radio-9ae4b8460e03e613,False,Libyan_cells_dataset/cells.sqlite3,retained,Al-Madar,148483159968764,1131
sqlite:1615,radio-9ae4b8460e03e613,False,Libyan_cells_dataset/cells.sqlite3,retained,Al-Madar,148483159968764,1131
sqlite:1717,radio-d63598eb4cb4f978,False,Libyan_cells_dataset/cells.sqlite3,retained,Al-Madar,168550610144666,2020
sqlite:1598,radio-d63598eb4cb4f978,False,Libyan_cells_dataset/cells.sqlite3,retained,Al-Madar,168550610144666,2020
sqlite:1631,radio-d63598eb4cb4f978,False,Libyan_cells_dataset/cells.sqlite3,retained,Al-Madar,168550610144666,2020
sqlite:1632,radio-dd32302e697dff7a,False,Libyan_cells_dataset/cells.sqlite3,retained,Al-Madar,168550610144666,2020
sqlite:1599,radio-dd32302e697dff7a,False,Libyan_cells_dataset/cells.sqlite3,retained,Al-Madar,168550610144666,2020
sqlite:1718,radio-dd32302e697dff7a,False,Libyan_cells_dataset/cells.sqlite3,retained,Al-Madar,168550610144666,2020
sqlite:1654,radio-89a5081aef7d1164,False,Libyan_cells_dataset/cells.sqlite3,retained,Al-Madar,106894481852609,2021
sqlite:1671,radio-89a5081aef7d1164,False,Libyan_cells_dataset/cells.sqlite3,retained,Al-Madar,106894481852609,2021
sqlite:1638,radio-dd14bbcd15bfda8a,False,Libyan_cells_dataset/cells.sqlite3,retained,Al-Madar,168550610144666,2020
sqlite:1725,radio-dd14bbcd15bfda8a,False,Libyan_cells_dataset/cells.sqlite3,retained,Al-Madar,168550610144666,2020
sqlite:1655,radio-322dab6e05fbef77,False,Libyan_cells_dataset/cells.sqlite3,retained,Al-Madar,250349383475702,2022
sqlite:1606,radio-d7515c181788c628,False,Libyan_cells_dataset/cells.sqlite3,retained,Al-Madar,71300179965392,2023
sqlite:1607,radio-b970b241fc3bf72d,False,Libyan_cells_dataset/cells.sqlite3,retained,Al-Madar,168956749000054,2024
sqlite:1616,radio-a1b280819316ec10,False,Libyan_cells_dataset/cells.sqlite3,retained,Al-Madar,124985597070470,2025
sqlite:1699,radio-a1b280819316ec10,False,Libyan_cells_dataset/cells.sqlite3,retained,Al-Madar,124985597070470,2025
sqlite:1579,radio-a1b280819316ec10,False,Libyan_cells_dataset/cells.sqlite3,retained,Al-Madar,124985597070470,2025
sqlite:1700,radio-3827051d457a8aa4,False,Libyan_cells_dataset/cells.sqlite3,retained,Al-Madar,228273782256620,2026
sqlite:1580,radio-3827051d457a8aa4,False,Libyan_cells_dataset/cells.sqlite3,retained,Al-Madar,228273782256620,2026
sqlite:1617,radio-3827051d457a8aa4,False,Libyan_cells_dataset/cells.sqlite3,retained,Al-Madar,228273782256620,2026
sqlite:1618,radio-9a3a6c6b9cc3cbcb,False,Libyan_cells_dataset/cells.sqlite3,retained,Al-Madar,94220840095169,2027
sqlite:1582,radio-9a3a6c6b9cc3cbcb,False,Libyan_cells_dataset/cells.sqlite3,retained,Al-Madar,94220840095169,2027
sqlite:1702,radio-9a3a6c6b9cc3cbcb,False,Libyan_cells_dataset/cells.sqlite3,retained,Al-Madar,94220840095169,2027
sqlite:1619,radio-436e1d327e9ae49e,False,Libyan_cells_dataset/cells.sqlite3,retained,Al-Madar,120885521438242,2028
sqlite:1583,radio-436e1d327e9ae49e,False,Libyan_cells_dataset/cells.sqlite3,retained,Al-Madar,120885521438242,2028
sqlite:1703,radio-436e1d327e9ae49e,False,Libyan_cells_dataset/cells.sqlite3,retained,Al-Madar,120885521438242,2028
sqlite:1584,radio-3f5aae2b0df30d86,False,Libyan_cells_dataset/cells.sqlite3,retained,Al-Madar,123968608160777,2029
sqlite:1620,radio-3f5aae2b0df30d86,False,Libyan_cells_dataset/cells.sqlite3,retained,Al-Madar,123968608160777,2029
sqlite:1704,radio-3f5aae2b0df30d86,False,Libyan_cells_dataset/cells.sqlite3,retained,Al-Madar,123968608160777,2029
sqlite:1621,radio-aa4a3bac4bac0180,False,Libyan_cells_dataset/cells.sqlite3,retained,Al-Madar,166301314653146,2030
sqlite:1705,radio-aa4a3bac4bac0180,False,Libyan_cells_dataset/cells.sqlite3,retained,Al-Madar,166301314653146,2030
sqlite:1585,radio-aa4a3bac4bac0180,False,Libyan_cells_dataset/cells.sqlite3,retained,Al-Madar,166301314653146,2030
sqlite:1656,radio-fec3961a4b11b4ca,False,Libyan_cells_dataset/cells.sqlite3,retained,Al-Madar,239806401766686,2031
sqlite:1588,radio-2aa15e0fb67b83e7,False,Libyan_cells_dataset/cells.sqlite3,retained,Al-Madar,159557612118776,2032
sqlite:1708,radio-2aa15e0fb67b83e7,False,Libyan_cells_dataset/cells.sqlite3,retained,Al-Madar,159557612118776,2032
sqlite:1623,radio-2aa15e0fb67b83e7,False,Libyan_cells_dataset/cells.sqlite3,retained,Al-Madar,159557612118776,2032
sqlite:1657,radio-407698a947f8c1af,False,Libyan_cells_dataset/cells.sqlite3,retained,Al-Madar,165591045554995,2033
sqlite:1709,radio-d8dfc1353e09b179,False,Libyan_cells_dataset/cells.sqlite3,retained,Al-Madar,56741132555248,2034
sqlite:1624,radio-d8dfc1353e09b179,False,Libyan_cells_dataset/cells.sqlite3,retained,Al-Madar,56741132555248,2034
sqlite:1589,radio-d8dfc1353e09b179,False,Libyan_cells_dataset/cells.sqlite3,retained,Al-Madar,56741132555248,2034
sqlite:1591,radio-513cc5c3c8af423b,False,Libyan_cells_dataset/cells.sqlite3,retained,Al-Madar,36676784161820,2035
sqlite:1625,radio-513cc5c3c8af423b,False,Libyan_cells_dataset/cells.sqlite3,retained,Al-Madar,36676784161820,2035
sqlite:1710,radio-513cc5c3c8af423b,False,Libyan_cells_dataset/cells.sqlite3,retained,Al-Madar,36676784161820,2035
sqlite:1711,radio-50a1e58092178a9a,False,Libyan_cells_dataset/cells.sqlite3,retained,Al-Madar,111671869417290,1151
sqlite:1592,radio-50a1e58092178a9a,False,Libyan_cells_dataset/cells.sqlite3,retained,Al-Madar,111671869417290,1151
sqlite:1626,radio-50a1e58092178a9a,False,Libyan_cells_dataset/cells.sqlite3,retained,Al-Madar,111671869417290,1151
sqlite:1630,radio-72e85080d11c1abd,False,Libyan_cells_dataset/cells.sqlite3,retained,Al-Madar,105542454283720,2036
sqlite:1597,radio-72e85080d11c1abd,False,Libyan_cells_dataset/cells.sqlite3,retained,Al-Madar,105542454283720,2036
sqlite:1716,radio-72e85080d11c1abd,False,Libyan_cells_dataset/cells.sqlite3,retained,Al-Madar,105542454283720,2036
sqlite:1634,radio-54fc0e4b2db1c598,False,Libyan_cells_dataset/cells.sqlite3,retained,Al-Madar,248389868401660,2037
sqlite:1720,radio-54fc0e4b2db1c598,False,Libyan_cells_dataset/cells.sqlite3,retained,Al-Madar,248389868401660,2037
sqlite:1601,radio-54fc0e4b2db1c598,False,Libyan_cells_dataset/cells.sqlite3,retained,Al-Madar,248389868401660,2037
sqlite:1648,radio-baa0edc4af960ff3,False,Libyan_cells_dataset/cells.sqlite3,retained,Al-Madar,270613757226377,2038
sqlite:1736,radio-baa0edc4af960ff3,False,Libyan_cells_dataset/cells.sqlite3,retained,Al-Madar,270613757226377,2038
sqlite:1726,radio-f2b8e062c324f807,False,Libyan_cells_dataset/cells.sqlite3,retained,Al-Madar,168550610144666,2020
sqlite:1639,radio-f2b8e062c324f807,False,Libyan_cells_dataset/cells.sqlite3,retained,Al-Madar,168550610144666,2020
sqlite:1640,radio-bc966626a5f24b54,False,Libyan_cells_dataset/cells.sqlite3,retained,Al-Madar,168550610144666,2020
sqlite:1727,radio-bc966626a5f24b54,False,Libyan_cells_dataset/cells.sqlite3,retained,Al-Madar,168550610144666,2020
sqlite:1663,radio-8897227adac09bb9,False,Libyan_cells_dataset/cells.sqlite3,retained,Al-Madar,83441797938472,2039
sqlite:1660,radio-a7fd95abdb71f16d,False,Libyan_cells_dataset/cells.sqlite3,retained,Al-Madar,13584993734803,2040
sqlite:1590,radio-76226829b026a7c1,False,Libyan_cells_dataset/cells.sqlite3,retained,Al-Madar,207260487287209,2112
sqlite:1577,radio-3ea3cfc0bd0a1e5c,False,Libyan_cells_dataset/cells.sqlite3,retained,Al-Madar,369711666662,2113
sqlite:1329,radio-56730b3c3eca0a41,False,Libyan_cells_dataset/cells.sqlite3,retained,Al-Madar,134270554802076,2114
sqlite:604,,True,Libyan_cells_dataset/cells.sqlite3,invalid_or_outside_boundary,Al-Madar,,41
sqlite:690,,True,Libyan_cells_dataset/cells.sqlite3,invalid_or_outside_boundary,Al-Madar,,628
sqlite:746,,False,Libyan_cells_dataset/cells.sqlite3,invalid_or_outside_boundary,Unknown,,1545
sqlite:767,,False,Libyan_cells_dataset/cells.sqlite3,invalid_or_outside_boundary,Unknown,,890
sqlite:1142,,False,Libyan_cells_dataset/cells.sqlite3,invalid_or_outside_boundary,Unknown,,808
sqlite:1148,,False,Libyan_cells_dataset/cells.sqlite3,invalid_or_outside_boundary,Unknown,,781
sqlite:1149,,False,Libyan_cells_dataset/cells.sqlite3,invalid_or_outside_boundary,Unknown,,753
sqlite:1285,,False,Libyan_cells_dataset/cells.sqlite3,invalid_or_outside_boundary,Unknown,,1598
sqlite:1403,,False,Libyan_cells_dataset/cells.sqlite3,invalid_or_outside_boundary,Unknown,,1739
sqlite:1454,,False,Libyan_cells_dataset/cells.sqlite3,invalid_or_outside_boundary,Unknown,,1739
sqlite:1457,,False,Libyan_cells_dataset/cells.sqlite3,invalid_or_outside_boundary,Unknown,,1708
sqlite:1516,,False,Libyan_cells_dataset/cells.sqlite3,invalid_or_outside_boundary,Unknown,,1708
sqlite:1789,,False,Libyan_cells_dataset/cells.sqlite3,invalid_or_outside_boundary,Unknown,,1708
sqlite:1839,,False,Libyan_cells_dataset/cells.sqlite3,invalid_or_outside_boundary,Unknown,,1708
sqlite:1921,,False,Libyan_cells_dataset/cells.sqlite3,invalid_or_outside_boundary,Unknown,,1708
sqlite:1961,,False,Libyan_cells_dataset/cells.sqlite3,invalid_or_outside_boundary,Unknown,,1708
sqlite:2034,,False,Libyan_cells_dataset/cells.sqlite3,invalid_or_outside_boundary,Unknown,,1739
sqlite:2039,,False,Libyan_cells_dataset/cells.sqlite3,invalid_or_outside_boundary,Unknown,,1708
sqlite:2137,,False,Libyan_cells_dataset/cells.sqlite3,invalid_or_outside_boundary,Unknown,,1739
sqlite:2139,,False,Libyan_cells_dataset/cells.sqlite3,invalid_or_outside_boundary,Unknown,,1708
sqlite:2730,,False,Libyan_cells_dataset/cells.sqlite3,invalid_or_outside_boundary,Unknown,,247
sqlite:2776,,False,Libyan_cells_dataset/cells.sqlite3,invalid_or_outside_boundary,Unknown,,247
sqlite:2869,,False,Libyan_cells_dataset/cells.sqlite3,invalid_or_outside_boundary,Unknown,,247
sqlite:3079,,False,Libyan_cells_dataset/cells.sqlite3,invalid_or_outside_boundary,Unknown,,247
sqlite:4142,,False,Libyan_cells_dataset/cells.sqlite3,invalid_or_outside_boundary,Unknown,,41
sqlite:4197,,False,Libyan_cells_dataset/cells.sqlite3,invalid_or_outside_boundary,Unknown,,41
