{"type": "FeatureCollection", "features": [{"id": "0", "type": "Feature", "properties": {"id": "0", "building_id": "ac8e3febd7823205e591", "source_tile": "libya_122012230.csv.gz", "source_line": 227719, "footprint_area_m2": 2028.2917510641707, "building_height_m": null, "building_height_known": false, "height_source": "unavailable", "canonical_longitude": 13.235967293936316, "canonical_latitude": 32.88155380276238, "structural_survey_required": true, "owner_permission_verified": false, "power_verified": false, "backhaul_verified": false, "roof_usable_area_m2": null, "candidate_status": "preliminary_footprint_review", "h3_index": "88384b28e7fffff", "area_priority_rank": 1, "elevation_m": 9.0, "dist_to_nearest_road_m": 16.997411976909323, "dist_to_nearest_site_m": 78.1711654975727, "population_sum_3km": 120930.7792268619, "feature_version": "gis_v2_density_circles_geodesic_20260922", "building_height_status": "Unavailable"}, "geometry": {"type": "Polygon", "coordinates": [[[13.236150179629114, 32.881411214194074], [13.236171414880232, 32.881724238092694], [13.236193934029217, 32.88172315936846], [13.23620042785933, 32.88181876573585], [13.236023975476186, 32.88182720787097], [13.236024344819581, 32.881832645580054], [13.235959040240237, 32.881835773830794], [13.235949379967975, 32.881693374319944], [13.235919971120538, 32.88169478135012], [13.235931611576817, 32.88186637019679], [13.235796405423983, 32.881872846903065], [13.23575980557667, 32.88133399925749], [13.235806830300266, 32.881331746644264], [13.235805089722943, 32.88130608912657], [13.235901336859923, 32.88130148428031], [13.235903533993278, 32.88133387180373], [13.235954330891445, 32.881331438493014], [13.235952807762903, 32.88130898634666], [13.236079559319274, 32.88130291459769], [13.236087120194039, 32.88141423120483], [13.236150179629114, 32.881411214194074]]]}}, {"id": "1", "type": "Feature", "properties": {"id": "1", "building_id": "a88a7370dd05828fc0d7", "source_tile": "libya_122012230.csv.gz", "source_line": 529032, "footprint_area_m2": 1606.4442505624354, "building_height_m": null, "building_height_known": false, "height_source": "unavailable", "canonical_longitude": 13.237439391366037, "canonical_latitude": 32.884531260529315, "structural_survey_required": true, "owner_permission_verified": false, "power_verified": false, "backhaul_verified": false, "roof_usable_area_m2": null, "candidate_status": "preliminary_footprint_review", "h3_index": "88384b28e7fffff", "area_priority_rank": 1, "elevation_m": 7.0, "dist_to_nearest_road_m": 219.5921837263806, "dist_to_nearest_site_m": 330.4365338974754, "population_sum_3km": 118100.60224632017, "feature_version": "gis_v2_density_circles_geodesic_20260922", "building_height_status": "Unavailable"}, "geometry": {"type": "Polygon", "coordinates": [[[13.2375112968327, 32.88472500928307], [13.237216368320968, 32.88472012104866], [13.237220302479166, 32.884552134325304], [13.237255157714864, 32.88455270997903], [13.237255104984644, 32.88455496153683], [13.23736235186374, 32.884556732779046], [13.237363459198285, 32.88450945005458], [13.236980051605492, 32.884503117860085], [13.236984059101907, 32.88433199920555], [13.23756051107706, 32.88434151965604], [13.237556556310865, 32.88451038673333], [13.237516338731199, 32.884509722517166], [13.2375112968327, 32.88472500928307]]]}}, {"id": "2", "type": "Feature", "properties": {"id": "2", "building_id": "6bad3592d3be571931a6", "source_tile": "libya_122012230.csv.gz", "source_line": 536393, "footprint_area_m2": 1600.3229888380604, "building_height_m": null, "building_height_known": false, "height_source": "unavailable", "canonical_longitude": 13.234577415614007, "canonical_latitude": 32.88031405889543, "structural_survey_required": true, "owner_permission_verified": false, "power_verified": false, "backhaul_verified": false, "roof_usable_area_m2": null, "candidate_status": "preliminary_footprint_review", "h3_index": "88384b28e7fffff", "area_priority_rank": 1, "elevation_m": 10.0, "dist_to_nearest_road_m": 184.34975950325418, "dist_to_nearest_site_m": 212.38137278597983, "population_sum_3km": 121787.59015571486, "feature_version": "gis_v2_density_circles_geodesic_20260922", "building_height_status": "Unavailable"}, "geometry": {"type": "Polygon", "coordinates": [[[13.234780654103808, 32.880561008015896], [13.234446592467496, 32.88054408255666], [13.234458670871852, 32.88037575456529], [13.234398857614824, 32.88037272408], [13.234401759786447, 32.88033232548308], [13.234449864459691, 32.880334762744965], [13.234458087279318, 32.88022029995687], [13.234409982606072, 32.88021786269181], [13.234421430060856, 32.8800585122853], [13.234779542628377, 32.88007665640055], [13.234775995529722, 32.880126032603364], [13.23480806531187, 32.88012765744841], [13.234803712054397, 32.88018825547682], [13.234755607381153, 32.8801858182109], [13.234747707025063, 32.88029579230778], [13.234704947315489, 32.88029362585181], [13.234694950946517, 32.88043277655776], [13.234789511600344, 32.88043756754373], [13.234780654103808, 32.880561008015896]]]}}, {"id": "3", "type": "Feature", "properties": {"id": "3", "building_id": "392d33605c5c6cbc877c", "source_tile": "libya_122012230.csv.gz", "source_line": 45014, "footprint_area_m2": 1590.4602520299297, "building_height_m": null, "building_height_known": false, "height_source": "unavailable", "canonical_longitude": 13.24208965360719, "canonical_latitude": 32.88232876356346, "structural_survey_required": true, "owner_permission_verified": false, "power_verified": false, "backhaul_verified": false, "roof_usable_area_m2": null, "candidate_status": "preliminary_footprint_review", "h3_index": "88384b28e7fffff", "area_priority_rank": 1, "elevation_m": 12.0, "dist_to_nearest_road_m": 308.8117516054529, "dist_to_nearest_site_m": 67.72423422074924, "population_sum_3km": 119280.27761024705, "feature_version": "gis_v2_density_circles_geodesic_20260922", "building_height_status": "Unavailable"}, "geometry": {"type": "Polygon", "coordinates": [[[13.24178327486942, 32.88220280154847], [13.242417962511222, 32.88225096134807], [13.24239871654524, 32.88242969976788], [13.242373295535664, 32.882427770838035], [13.242366083839263, 32.88249479807443], [13.242073430109013, 32.88247259171144], [13.242079199466126, 32.88241896991294], [13.241915727707676, 32.882406565778844], [13.241905383000944, 32.882502637555625], [13.241752264574966, 32.88249101903689], [13.24178327486942, 32.88220280154847]]]}}, {"id": "4", "type": "Feature", "properties": {"id": "4", "building_id": "973f967b237516bb671e", "source_tile": "libya_122012230.csv.gz", "source_line": 347466, "footprint_area_m2": 1371.4635550167118, "building_height_m": null, "building_height_known": false, "height_source": "unavailable", "canonical_longitude": 13.236852853627411, "canonical_latitude": 32.88389364392069, "structural_survey_required": true, "owner_permission_verified": false, "power_verified": false, "backhaul_verified": false, "roof_usable_area_m2": null, "candidate_status": "preliminary_footprint_review", "h3_index": "88384b28e7fffff", "area_priority_rank": 1, "elevation_m": 7.0, "dist_to_nearest_road_m": 144.89087673658634, "dist_to_nearest_site_m": 254.3215920048742, "population_sum_3km": 118815.91962479771, "feature_version": "gis_v2_density_circles_geodesic_20260922", "building_height_status": "Unavailable"}, "geometry": {"type": "Polygon", "coordinates": [[[13.236970710142447, 32.88375838951224], [13.236946785062212, 32.88393859621904], [13.236933538778462, 32.88393735521735], [13.236910499812327, 32.884110887257755], [13.23695288792035, 32.884114858455334], [13.236934457286091, 32.88425367977947], [13.236707941438532, 32.88423247162521], [13.236758777204528, 32.88384981130187], [13.236760072992286, 32.88384993262404], [13.236774369771528, 32.883742247424955], [13.236739929433785, 32.88373902081338], [13.236767103598982, 32.88353434110165], [13.236849230558256, 32.883542035346835], [13.236845567806954, 32.883569623740435], [13.236913175769303, 32.883575953765266], [13.23690490017949, 32.88363824761139], [13.236882335056999, 32.88363613487677], [13.236875836836957, 32.88368508038925], [13.236965912260716, 32.88369351399529], [13.236957463858698, 32.88375714850802], [13.236970710142447, 32.88375838951224]]]}}, {"id": "5", "type": "Feature", "properties": {"id": "5", "building_id": "129e75fb4ef5c649180d", "source_tile": "libya_122012230.csv.gz", "source_line": 705738, "footprint_area_m2": 1954.4094219287285, "building_height_m": null, "building_height_known": false, "height_source": "unavailable", "canonical_longitude": 13.172178148984603, "canonical_latitude": 32.84093197074982, "structural_survey_required": true, "owner_permission_verified": false, "power_verified": false, "backhaul_verified": false, "roof_usable_area_m2": null, "candidate_status": "preliminary_footprint_review", "h3_index": "88384b29e5fffff", "area_priority_rank": 2, "elevation_m": 27.0, "dist_to_nearest_road_m": 132.51645488179085, "dist_to_nearest_site_m": 234.7885706364448, "population_sum_3km": 103489.71250560778, "feature_version": "gis_v2_density_circles_geodesic_20260922", "building_height_status": "Unavailable"}, "geometry": {"type": "Polygon", "coordinates": [[[13.171738091997995, 32.841013615526506], [13.171763340041691, 32.84078486848696], [13.172025056399637, 32.84080527532165], [13.172024471027726, 32.84081057479174], [13.172348908322595, 32.840835853086055], [13.172341840892035, 32.84089983567484], [13.172368433941678, 32.84090190921478], [13.17237435707446, 32.84084828614284], [13.17248870718788, 32.84085720236941], [13.172484174639024, 32.84089823626042], [13.17251180984027, 32.8409079799846], [13.172533188665941, 32.84086517780247], [13.172615860231733, 32.840871623955074], [13.172590440120198, 32.841101756016165], [13.172579650960593, 32.8411009147549], [13.172523001863379, 32.84108094124338], [13.172520064205182, 32.841107536269135], [13.1724083733967, 32.841098827421234], [13.172422238922866, 32.8409733008144], [13.17237835064034, 32.84095782652799], [13.172364803206884, 32.84108047341905], [13.172299450037448, 32.84107538148931], [13.172356871995117, 32.840960418137456], [13.172299672854212, 32.840955961515036], [13.172286938933574, 32.84107133056827], [13.172176328937493, 32.84106270599086], [13.172181174113113, 32.841018841920224], [13.172133306315509, 32.84101511234396], [13.17212582136257, 32.84108287469171], [13.171983651802485, 32.841032748095806], [13.171738091997995, 32.841013615526506]]]}}, {"id": "6", "type": "Feature", "properties": {"id": "6", "building_id": "e4593d03027766774d32", "source_tile": "libya_122012230.csv.gz", "source_line": 438534, "footprint_area_m2": 1925.1307333260456, "building_height_m": null, "building_height_known": false, "height_source": "unavailable", "canonical_longitude": 13.16954958485849, "canonical_latitude": 32.842358590891024, "structural_survey_required": true, "owner_permission_verified": false, "power_verified": false, "backhaul_verified": false, "roof_usable_area_m2": null, "candidate_status": "preliminary_footprint_review", "h3_index": "88384b29e5fffff", "area_priority_rank": 2, "elevation_m": 22.0, "dist_to_nearest_road_m": 151.4926911813189, "dist_to_nearest_site_m": 330.2011642952004, "population_sum_3km": 105355.30339101474, "feature_version": "gis_v2_density_circles_geodesic_20260922", "building_height_status": "Unavailable"}, "geometry": {"type": "Polygon", "coordinates": [[[13.169326924679869, 32.84222926357799], [13.169691808503945, 32.84216508864588], [13.1697730332169, 32.84249108174663], [13.169791020447645, 32.84248791820405], [13.169829212200085, 32.842641199319885], [13.169446341145266, 32.8427085374426], [13.169326924679869, 32.84222926357799]]]}}, {"id": "7", "type": "Feature", "properties": {"id": "7", "building_id": "9300e9a9708c351a3211", "source_tile": "libya_122012230.csv.gz", "source_line": 690267, "footprint_area_m2": 1482.6007343029924, "building_height_m": null, "building_height_known": false, "height_source": "unavailable", "canonical_longitude": 13.174353802762178, "canonical_latitude": 32.840991666237414, "structural_survey_required": true, "owner_permission_verified": false, "power_verified": false, "backhaul_verified": false, "roof_usable_area_m2": null, "candidate_status": "preliminary_footprint_review", "h3_index": "88384b29e5fffff", "area_priority_rank": 2, "elevation_m": 24.0, "dist_to_nearest_road_m": 323.1147252173705, "dist_to_nearest_site_m": 242.02835682957442, "population_sum_3km": 103018.73981339994, "feature_version": "gis_v2_density_circles_geodesic_20260922", "building_height_status": "Unavailable"}, "geometry": {"type": "Polygon", "coordinates": [[[13.17458496341584, 32.840937559261086], [13.174465785665653, 32.84107919534328], [13.174392467295917, 32.84103564644812], [13.17444075926522, 32.84108662422599], [13.174418012833403, 32.84111365705845], [13.174358909732868, 32.84115317976832], [13.174312461848011, 32.84112559115434], [13.174208026094124, 32.841015337412806], [13.174128313277897, 32.84096799506202], [13.174323818717774, 32.84117439186826], [13.174236788456577, 32.84123258964494], [13.173976630176497, 32.84095793834315], [13.173987609067854, 32.84094488924536], [13.174014655719851, 32.84092680448584], [13.174044721525298, 32.84089107291972], [13.174064746958969, 32.84091221398591], [13.174128310214348, 32.84094996495406], [13.174204113654714, 32.84089927893338], [13.174208577472228, 32.84089397392956], [13.174161514164616, 32.84086602245921], [13.174322146905686, 32.840758605688706], [13.174371055439389, 32.840787653096235], [13.174403183483893, 32.840766170622224], [13.174447615154797, 32.840792559161486], [13.17458496341584, 32.840937559261086]]]}}, {"id": "8", "type": "Feature", "properties": {"id": "8", "building_id": "fddb87b84e11662772f4", "source_tile": "libya_122012230.csv.gz", "source_line": 282874, "footprint_area_m2": 1460.5558603613915, "building_height_m": null, "building_height_known": false, "height_source": "unavailable", "canonical_longitude": 13.177920939058378, "canonical_latitude": 32.83794660496777, "structural_survey_required": true, "owner_permission_verified": false, "power_verified": false, "backhaul_verified": false, "roof_usable_area_m2": null, "candidate_status": "preliminary_footprint_review", "h3_index": "88384b29e5fffff", "area_priority_rank": 2, "elevation_m": 30.0, "dist_to_nearest_road_m": 748.3132106552112, "dist_to_nearest_site_m": 629.3461241223323, "population_sum_3km": 99800.92753380633, "feature_version": "gis_v2_density_circles_geodesic_20260922", "building_height_status": "Unavailable"}, "geometry": {"type": "Polygon", "coordinates": [[[13.177852878833033, 32.83818677516928], [13.177627129546288, 32.83795000328942], [13.177988975367153, 32.83770642924202], [13.178214749025003, 32.837943206646116], [13.177852878833033, 32.83818677516928]]]}}, {"id": "9", "type": "Feature", "properties": {"id": "9", "building_id": "986c0c7aa88258d53ac5", "source_tile": "libya_122012230.csv.gz", "source_line": 300906, "footprint_area_m2": 1241.1823609964765, "building_height_m": null, "building_height_known": false, "height_source": "unavailable", "canonical_longitude": 13.174595361799327, "canonical_latitude": 32.844540920091134, "structural_survey_required": true, "owner_permission_verified": false, "power_verified": false, "backhaul_verified": false, "roof_usable_area_m2": null, "candidate_status": "preliminary_footprint_review", "h3_index": "88384b29e5fffff", "area_priority_rank": 2, "elevation_m": 26.0, "dist_to_nearest_road_m": 217.2527445929269, "dist_to_nearest_site_m": 204.2223983156603, "population_sum_3km": 106610.76897147347, "feature_version": "gis_v2_density_circles_geodesic_20260922", "building_height_status": "Unavailable"}, "geometry": {"type": "Polygon", "coordinates": [[[13.174497780178172, 32.844722131363945], [13.174540210535, 32.84448085545323], [13.17450454461694, 32.84447643039394], [13.174510977068913, 32.84443983551538], [13.174589725162559, 32.84444961040087], [13.174597090343303, 32.84440770911873], [13.174523592122554, 32.84439858588797], [13.17453692969384, 32.84432270699434], [13.174648731301652, 32.84433657820809], [13.17461925661624, 32.84450418335231], [13.174666505472427, 32.844510045501245], [13.174655646377804, 32.84457179468103], [13.17508985625186, 32.84462566689127], [13.17506061980296, 32.84479199557622], [13.174497780178172, 32.844722131363945]]]}}, {"id": "10", "type": "Feature", "properties": {"id": "10", "building_id": "e3f9994e18f53a241569", "source_tile": "libya_122012230.csv.gz", "source_line": 155042, "footprint_area_m2": 4320.878237489408, "building_height_m": null, "building_height_known": false, "height_source": "unavailable", "canonical_longitude": 13.231316167562774, "canonical_latitude": 32.85768575350143, "structural_survey_required": true, "owner_permission_verified": false, "power_verified": false, "backhaul_verified": false, "roof_usable_area_m2": null, "candidate_status": "preliminary_footprint_review", "h3_index": "88384b2999fffff", "area_priority_rank": 3, "elevation_m": 17.0, "dist_to_nearest_road_m": 104.72068940641914, "dist_to_nearest_site_m": 344.5807246772854, "population_sum_3km": 114474.07599071821, "feature_version": "gis_v2_density_circles_geodesic_20260922", "building_height_status": "Unavailable"}, "geometry": {"type": "Polygon", "coordinates": [[[13.230897355314557, 32.85773504195015], [13.231157667334937, 32.85744443412564], [13.231292965692454, 32.85752994484303], [13.23132131650655, 32.857498294458935], [13.231019077987419, 32.85730727471812], [13.231097161873414, 32.857220094792744], [13.231207947817554, 32.85723259394263], [13.231267435419717, 32.85716618272316], [13.23141852303186, 32.857183219936104], [13.231416204588943, 32.85719772807507], [13.231302779555655, 32.85732435428411], [13.231354469056056, 32.85735702292578], [13.231348103395097, 32.85739683653182], [13.231600310394743, 32.85755625022046], [13.2315971914227, 32.85757576775399], [13.23164347847873, 32.85760502187676], [13.231638573079284, 32.857635718285444], [13.231693299498918, 32.85767030618986], [13.23168797963477, 32.857703578812526], [13.231666902174233, 32.857701200813], [13.231634885872502, 32.85790144369898], [13.231623599751146, 32.857914044456], [13.231612895185991, 32.85798102992748], [13.231650362680938, 32.85800471204895], [13.231698087964103, 32.85801009368262], [13.231735863310913, 32.858033970380546], [13.231731161697615, 32.85806339141899], [13.231771873177362, 32.858067982153955], [13.23176644380549, 32.85810193953069], [13.231663578325916, 32.858216786712994], [13.231658729012846, 32.85821623960735], [13.230897355314557, 32.85773504195015]]]}}, {"id": "11", "type": "Feature", "properties": {"id": "11", "building_id": "35154d84d91fc0f919d3", "source_tile": "libya_122012230.csv.gz", "source_line": 559015, "footprint_area_m2": 3168.6176259498866, "building_height_m": null, "building_height_known": false, "height_source": "unavailable", "canonical_longitude": 13.235959929307406, "canonical_latitude": 32.8591860816156, "structural_survey_required": true, "owner_permission_verified": false, "power_verified": false, "backhaul_verified": false, "roof_usable_area_m2": null, "candidate_status": "preliminary_footprint_review", "h3_index": "88384b2999fffff", "area_priority_rank": 3, "elevation_m": 13.0, "dist_to_nearest_road_m": 450.1150944981277, "dist_to_nearest_site_m": 268.47538630579305, "population_sum_3km": 113575.26935903334, "feature_version": "gis_v2_density_circles_geodesic_20260922", "building_height_status": "Unavailable"}, "geometry": {"type": "Polygon", "coordinates": [[[13.23567925941633, 32.85991268776835], [13.235740630899745, 32.85961118280808], [13.235763896666978, 32.85958912286506], [13.235968526239423, 32.858583813925335], [13.23601962904581, 32.858535359119976], [13.23607454051614, 32.858543242693855], [13.236226229449715, 32.85865612687952], [13.236171638022416, 32.858924435640944], [13.236041333902921, 32.858905728114145], [13.236018074450318, 32.85902004464851], [13.235962807617007, 32.859072447425376], [13.236058267966552, 32.85908615246977], [13.236050438169462, 32.859124634623356], [13.236085408453771, 32.859129657287795], [13.236058673384093, 32.85926100180088], [13.23592989585701, 32.8592425059434], [13.235919907754745, 32.85929159571935], [13.235936622564841, 32.85929399542419], [13.235941524051258, 32.85926991534032], [13.236049899246476, 32.859285474507516], [13.236023761804624, 32.85941393534416], [13.235983893350166, 32.85945173755738], [13.236003265589979, 32.85945451877795], [13.236039519382746, 32.859481497936656], [13.23601398134642, 32.859607012527384], [13.23593574197572, 32.85959577992933], [13.235975394167689, 32.85962528804363], [13.235910172519487, 32.85994583916596], [13.23567925941633, 32.85991268776835]]]}}, {"id": "12", "type": "Feature", "properties": {"id": "12", "building_id": "cbef24f804b4ed412374", "source_tile": "libya_122012230.csv.gz", "source_line": 581563, "footprint_area_m2": 2584.8011843852023, "building_height_m": null, "building_height_known": false, "height_source": "unavailable", "canonical_longitude": 13.238145969948793, "canonical_latitude": 32.85988108395331, "structural_survey_required": true, "owner_permission_verified": false, "power_verified": false, "backhaul_verified": false, "roof_usable_area_m2": null, "candidate_status": "preliminary_footprint_review", "h3_index": "88384b2999fffff", "area_priority_rank": 3, "elevation_m": 15.0, "dist_to_nearest_road_m": 613.1523893457779, "dist_to_nearest_site_m": 51.936650389734545, "population_sum_3km": 112686.23150117206, "feature_version": "gis_v2_density_circles_geodesic_20260922", "building_height_status": "Unavailable"}, "geometry": {"type": "Polygon", "coordinates": [[[13.238533502421674, 32.85994788076226], [13.238770502249677, 32.85998828746789], [13.238749587785076, 32.86007484377929], [13.238553805318478, 32.8600414643607], [13.238527662237738, 32.86014965967188], [13.238707988193825, 32.86018040383616], [13.238689688037315, 32.860256140449216], [13.237842156043689, 32.860111642907775], [13.237866207677973, 32.860012103183685], [13.238440674652363, 32.860110045421855], [13.23846629487151, 32.86000401397084], [13.23790728440763, 32.85990870683734], [13.237930290318687, 32.85981349471182], [13.238239420529116, 32.85986619918668], [13.238261380716946, 32.85977531484372], [13.238397913226523, 32.85979859266734], [13.238374384453873, 32.85989596871995], [13.23850576479332, 32.859918368104765], [13.238601971330418, 32.85952020767064], [13.238792601626844, 32.85955270887463], [13.238738746880543, 32.85977559229966], [13.238656312157776, 32.85976153776175], [13.238618143259892, 32.85991950337026], [13.23854343679236, 32.859906766466025], [13.238533502421674, 32.85994788076226]]]}}, {"id": "13", "type": "Feature", "properties": {"id": "13", "building_id": "b34354c78c2a48b93ed7", "source_tile": "libya_122012230.csv.gz", "source_line": 250060, "footprint_area_m2": 1859.7447322962514, "building_height_m": null, "building_height_known": false, "height_source": "unavailable", "canonical_longitude": 13.235682000616933, "canonical_latitude": 32.86020417728948, "structural_survey_required": true, "owner_permission_verified": false, "power_verified": false, "backhaul_verified": false, "roof_usable_area_m2": null, "candidate_status": "preliminary_footprint_review", "h3_index": "88384b2999fffff", "area_priority_rank": 3, "elevation_m": 16.0, "dist_to_nearest_road_m": 385.1364707872439, "dist_to_nearest_site_m": 284.51464888145404, "population_sum_3km": 114688.12202780551, "feature_version": "gis_v2_density_circles_geodesic_20260922", "building_height_status": "Unavailable"}, "geometry": {"type": "Polygon", "coordinates": [[[13.235623099757564, 32.859902101825305], [13.235879207930914, 32.85996634894501], [13.235822579826308, 32.860125628230826], [13.23587183139809, 32.86013798341862], [13.235824763882565, 32.86027037116035], [13.235859239982819, 32.86027901977788], [13.23582026219654, 32.86038865321624], [13.235827649932283, 32.86039050648902], [13.235815147623494, 32.86042567190208], [13.23566000517233, 32.860386753180876], [13.235668094901536, 32.860363999081684], [13.235609931217427, 32.8603494082495], [13.235576829749899, 32.86044249139288], [13.235617762504566, 32.860452759696045], [13.235561869829876, 32.86060996955943], [13.235400261013828, 32.86056942878291], [13.235448074244722, 32.86043497551465], [13.235434829695425, 32.86043165301485], [13.235623099757564, 32.859902101825305]]]}}, {"id": "14", "type": "Feature", "properties": {"id": "14", "building_id": "d4e3b1086a52a5f00f32", "source_tile": "libya_122012230.csv.gz", "source_line": 422267, "footprint_area_m2": 1659.8015473221697, "building_height_m": null, "building_height_known": false, "height_source": "unavailable", "canonical_longitude": 13.235554284113443, "canonical_latitude": 32.85842721993849, "structural_survey_required": true, "owner_permission_verified": false, "power_verified": false, "backhaul_verified": false, "roof_usable_area_m2": null, "candidate_status": "preliminary_footprint_review", "h3_index": "88384b2999fffff", "area_priority_rank": 3, "elevation_m": 15.0, "dist_to_nearest_road_m": 445.0522400422486, "dist_to_nearest_site_m": 336.7864634792545, "population_sum_3km": 113092.72524777509, "feature_version": "gis_v2_density_circles_geodesic_20260922", "building_height_status": "Unavailable"}, "geometry": {"type": "Polygon", "coordinates": [[[13.235317186620543, 32.85805539650571], [13.235635767985992, 32.85814801617332], [13.235542107977603, 32.85837538681262], [13.235587619601233, 32.85838861815191], [13.235569025349815, 32.85843375779881], [13.23563370116112, 32.858452556819614], [13.23558847259211, 32.85856235416365], [13.235711966178986, 32.85859825668178], [13.235616281360718, 32.85860837123774], [13.235598377211115, 32.85865182668771], [13.23566253937054, 32.85867047636186], [13.235670962782509, 32.858726735940735], [13.235644308615475, 32.85879144168999], [13.235542781883254, 32.858802167784894], [13.235538132649737, 32.85877111580016], [13.235447574729292, 32.85878068306442], [13.2354965453891, 32.8586618016685], [13.235351470423101, 32.85861962495968], [13.235387582844954, 32.85853197586513], [13.235482351017943, 32.85855952166253], [13.235539542879469, 32.85842068207817], [13.23552123553327, 32.85841536076449], [13.235513824734454, 32.85836589173871], [13.235328739651276, 32.85831209384514], [13.235323210209572, 32.85827518333107], [13.235292353319927, 32.858350092001444], [13.235154487437416, 32.8583100110026], [13.235229097378603, 32.858128923174085], [13.23530095628251, 32.85814981436766], [13.235318365268803, 32.85810756049776], [13.235298123078998, 32.85810167558095], [13.235317186620543, 32.85805539650571]]]}}, {"id": "15", "type": "Feature", "properties": {"id": "15", "building_id": "de9c0bd91a76b6f04722", "source_tile": "libya_122012230.csv.gz", "source_line": 322034, "footprint_area_m2": 4652.030038672961, "building_height_m": null, "building_height_known": false, "height_source": "unavailable", "canonical_longitude": 13.214028329055111, "canonical_latitude": 32.844301206704216, "structural_survey_required": true, "owner_permission_verified": false, "power_verified": false, "backhaul_verified": false, "roof_usable_area_m2": null, "candidate_status": "preliminary_footprint_review", "h3_index": "88384b2987fffff", "area_priority_rank": 4, "elevation_m": 20.0, "dist_to_nearest_road_m": 456.95208914648555, "dist_to_nearest_site_m": 405.1537654588004, "population_sum_3km": 101787.6983626597, "feature_version": "gis_v2_density_circles_geodesic_20260922", "building_height_status": "Unavailable"}, "geometry": {"type": "Polygon", "coordinates": [[[13.213425827999412, 32.84444042824159], [13.21423745006241, 32.8438066506383], [13.21439260277149, 32.84394689659427], [13.214040618896243, 32.84422175308915], [13.214122211116903, 32.844295500226565], [13.214477069788511, 32.84401839909297], [13.214633560020923, 32.844159853727334], [13.214265756707476, 32.84444706256576], [13.214293845832623, 32.844472450867], [13.214219860824583, 32.84453022386707], [13.214200357119491, 32.84451259416588], [13.213832582407289, 32.844799801154274], [13.213674753784037, 32.84465714849141], [13.214028144911957, 32.84438117367605], [13.213945990831778, 32.84430691318186], [13.213587668325232, 32.84458671823225], [13.213425827999412, 32.84444042824159]]]}}, {"id": "16", "type": "Feature", "properties": {"id": "16", "building_id": "913f3858da7c5248e589", "source_tile": "libya_122012230.csv.gz", "source_line": 346887, "footprint_area_m2": 3334.7641749061013, "building_height_m": null, "building_height_known": false, "height_source": "unavailable", "canonical_longitude": 13.21518420723989, "canonical_latitude": 32.841087110784926, "structural_survey_required": true, "owner_permission_verified": false, "power_verified": false, "backhaul_verified": false, "roof_usable_area_m2": null, "candidate_status": "preliminary_footprint_review", "h3_index": "88384b2987fffff", "area_priority_rank": 4, "elevation_m": 25.0, "dist_to_nearest_road_m": 341.48167166116843, "dist_to_nearest_site_m": 584.0480689895008, "population_sum_3km": 98554.11585591291, "feature_version": "gis_v2_density_circles_geodesic_20260922", "building_height_status": "Unavailable"}, "geometry": {"type": "Polygon", "coordinates": [[[13.214962275639568, 32.841011693653364], [13.2150360077073, 32.840947993409394], [13.215011194716197, 32.84092771946617], [13.215063477455175, 32.840882550164245], [13.21541361632939, 32.84116863774716], [13.215365355339586, 32.84121033235383], [13.215454957807392, 32.84128354356059], [13.215548798620912, 32.84120247076318], [13.215133870269952, 32.84086344574228], [13.215207602337724, 32.840799745391934], [13.215622530688641, 32.84113877065612], [13.215717712085207, 32.84105653954124], [13.215301980669555, 32.840716857801475], [13.215382418627527, 32.84064736882396], [13.21578849757168, 32.8409791640916], [13.215956070452929, 32.8408343906907], [13.216096677402414, 32.84094927642862], [13.215913017524548, 32.84110794785822], [13.21586201304287, 32.84106627371164], [13.21570650540906, 32.841200623084596], [13.215841598360566, 32.841311003046854], [13.215762503960576, 32.84137933575458], [13.215621897011092, 32.841264450573284], [13.215522693865394, 32.8413501560399], [13.215663300814878, 32.84146504111028], [13.215592249913236, 32.84152642462497], [13.214962275639568, 32.841011693653364]]]}}, {"id": "17", "type": "Feature", "properties": {"id": "17", "building_id": "184d49eb907153a7a699", "source_tile": "libya_122012230.csv.gz", "source_line": 44228, "footprint_area_m2": 3259.3967041468345, "building_height_m": null, "building_height_known": false, "height_source": "unavailable", "canonical_longitude": 13.212135627107475, "canonical_latitude": 32.83780264148297, "structural_survey_required": true, "owner_permission_verified": false, "power_verified": false, "backhaul_verified": false, "roof_usable_area_m2": null, "candidate_status": "preliminary_footprint_review", "h3_index": "88384b2987fffff", "area_priority_rank": 4, "elevation_m": 23.0, "dist_to_nearest_road_m": 98.02801282540793, "dist_to_nearest_site_m": 265.6377241233147, "population_sum_3km": 95171.84585578147, "feature_version": "gis_v2_density_circles_geodesic_20260922", "building_height_status": "Unavailable"}, "geometry": {"type": "Polygon", "coordinates": [[[13.211727191175452, 32.83754736373419], [13.211858211535974, 32.83752425732527], [13.211901459697625, 32.83769737878339], [13.211942718903117, 32.837716686955304], [13.21200030560972, 32.83770653113408], [13.211950696496345, 32.83750794691535], [13.212157549968534, 32.83747146675776], [13.212203116393448, 32.83765392911347], [13.212354693232168, 32.83762720636276], [13.212378137121359, 32.837721082981155], [13.212441003416169, 32.83775050636317], [13.212466158537396, 32.83774607008223], [13.212530326847101, 32.83800293367884], [13.212471239233539, 32.83801335416075], [13.212450907995406, 32.83793196898476], [13.212435571903809, 32.837924792134125], [13.212403646231184, 32.83797295298852], [13.212460366393831, 32.83799949637913], [13.212349289399988, 32.838019085523484], [13.212309917779184, 32.837861482359706], [13.212295588371124, 32.837854776602775], [13.212289194253328, 32.837864421122966], [13.21234006100594, 32.838068038821156], [13.212129400818444, 32.83810519007166], [13.212079791705067, 32.837906606744696], [13.211987306744696, 32.837922917081364], [13.212043925841508, 32.838149561018405], [13.211884646187562, 32.83817765096395], [13.211727191175452, 32.83754736373419]]]}}, {"id": "18", "type": "Feature", "properties": {"id": "18", "building_id": "8bb55eb6647251347518", "source_tile": "libya_122012230.csv.gz", "source_line": 565702, "footprint_area_m2": 3187.315605354428, "building_height_m": null, "building_height_known": false, "height_source": "unavailable", "canonical_longitude": 13.216386409234715, "canonical_latitude": 32.838841940234374, "structural_survey_required": true, "owner_permission_verified": false, "power_verified": false, "backhaul_verified": false, "roof_usable_area_m2": null, "candidate_status": "preliminary_footprint_review", "h3_index": "88384b2987fffff", "area_priority_rank": 4, "elevation_m": 28.0, "dist_to_nearest_road_m": 297.01523905339394, "dist_to_nearest_site_m": 317.48827672000596, "population_sum_3km": 96075.44766585575, "feature_version": "gis_v2_density_circles_geodesic_20260922", "building_height_status": "Unavailable"}, "geometry": {"type": "Polygon", "coordinates": [[[13.21607176375403, 32.83823215548036], [13.216135765095656, 32.83821808716155], [13.216158751801155, 32.83829191055406], [13.21620393878327, 32.83828197788057], [13.216211760686916, 32.838307098453186], [13.216241166668205, 32.83834123907002], [13.21622109466199, 32.838276776474885], [13.216249921923286, 32.83827043818001], [13.21620168188636, 32.838214430998434], [13.21619942185392, 32.83820717274456], [13.216317408063043, 32.83818123090965], [13.216400520077794, 32.83844815070627], [13.216287599984597, 32.83851681079096], [13.216388190371218, 32.838494693883696], [13.216454943135854, 32.83870907416038], [13.216473821453683, 32.838704924485626], [13.216668928908035, 32.8393313525816], [13.216549586235411, 32.83935758530665], [13.216624098683102, 32.839596883884525], [13.216583255505823, 32.83954946982982], [13.216521903190873, 32.83958677411735], [13.21649799230788, 32.839592029956485], [13.21630575109873, 32.83897480630837], [13.21629822019319, 32.83897646212721], [13.21621126710458, 32.8386972827942], [13.216214247885283, 32.838696627583715], [13.216235348716365, 32.83868379743614], [13.216213900194367, 32.83868851333418], [13.21607176375403, 32.83823215548036]]]}}, {"id": "19", "type": "Feature", "properties": {"id": "19", "building_id": "01d4266e262855e2eda9", "source_tile": "libya_122012230.csv.gz", "source_line": 626804, "footprint_area_m2": 2664.0449181923323, "building_height_m": null, "building_height_known": false, "height_source": "unavailable", "canonical_longitude": 13.214729630397358, "canonical_latitude": 32.84229311581741, "structural_survey_required": true, "owner_permission_verified": false, "power_verified": false, "backhaul_verified": false, "roof_usable_area_m2": null, "candidate_status": "preliminary_footprint_review", "h3_index": "88384b2987fffff", "area_priority_rank": 4, "elevation_m": 22.0, "dist_to_nearest_road_m": 380.7028433098127, "dist_to_nearest_site_m": 520.8044201105433, "population_sum_3km": 99839.55379538494, "feature_version": "gis_v2_density_circles_geodesic_20260922", "building_height_status": "Unavailable"}, "geometry": {"type": "Polygon", "coordinates": [[[13.214885428490803, 32.841933348823076], [13.21500037169268, 32.84201740303553], [13.21502166638641, 32.84205028977415], [13.215055675466601, 32.84205051975296], [13.215098257497782, 32.8421162733735], [13.215002135935471, 32.84220905832684], [13.214953726560164, 32.84223118481185], [13.21497216421093, 32.84225965917097], [13.214850031289673, 32.842377542880484], [13.214782432889876, 32.842328106612], [13.214760661763695, 32.842327959390076], [13.214808687404558, 32.84236308165151], [13.214486489407435, 32.842674069132606], [13.214266146183249, 32.84267259207778], [13.21420315181153, 32.8426265266994], [13.21423437455756, 32.842596390345165], [13.21422818441568, 32.84258683180842], [13.214138861579151, 32.842673046649416], [13.214115551390574, 32.84267288902057], [13.214045953590091, 32.8426219948057], [13.214096073895396, 32.84257361453306], [13.214291904391334, 32.842484106551716], [13.214435234661227, 32.84258891863805], [13.214475085017003, 32.842550454852635], [13.214330026109518, 32.84244437863133], [13.214326988627331, 32.84243968767757], [13.214435004289268, 32.84233543014489], [13.214544848129371, 32.842415761457396], [13.214487096597974, 32.84232657246385], [13.21457882509629, 32.84223803531954], [13.21463896167353, 32.84221054868076], [13.214623305568715, 32.84218637312564], [13.214885428490803, 32.841933348823076]]]}}, {"id": "20", "type": "Feature", "properties": {"id": "20", "building_id": "c3b572956229be74f8dd", "source_tile": "libya_122012230.csv.gz", "source_line": 491816, "footprint_area_m2": 5506.886614040732, "building_height_m": null, "building_height_known": false, "height_source": "unavailable", "canonical_longitude": 13.240935574040057, "canonical_latitude": 32.88843184133424, "structural_survey_required": true, "owner_permission_verified": false, "power_verified": false, "backhaul_verified": false, "roof_usable_area_m2": null, "candidate_status": "preliminary_footprint_review", "h3_index": "88384b28e3fffff", "area_priority_rank": 5, "elevation_m": 11.0, "dist_to_nearest_road_m": 499.6708359639528, "dist_to_nearest_site_m": 179.33592397990506, "population_sum_3km": 112872.01919971147, "feature_version": "gis_v2_density_circles_geodesic_20260922", "building_height_status": "Unavailable"}, "geometry": {"type": "Polygon", "coordinates": [[[13.240658593574004, 32.88876601986718], [13.240589658633688, 32.888034085775196], [13.241104107196438, 32.8879999200682], [13.2411150693276, 32.88811631370633], [13.241213694181603, 32.88810976381103], [13.241279677778909, 32.88881036080074], [13.241229983240025, 32.88881366109924], [13.241239250731919, 32.88891214767101], [13.241188605258024, 32.88891551111885], [13.241199557748459, 32.889031904194475], [13.240937402582684, 32.88904931431816], [13.240915478320318, 32.88881652934025], [13.240945749808235, 32.88881451895957], [13.240939431063747, 32.88874736896215], [13.240658593574004, 32.88876601986718]]]}}, {"id": "21", "type": "Feature", "properties": {"id": "21", "building_id": "54ac322a896f28ad231c", "source_tile": "libya_122012230.csv.gz", "source_line": 574235, "footprint_area_m2": 2327.2708965109446, "building_height_m": null, "building_height_known": false, "height_source": "unavailable", "canonical_longitude": 13.248699875862027, "canonical_latitude": 32.88478452337041, "structural_survey_required": true, "owner_permission_verified": false, "power_verified": false, "backhaul_verified": false, "roof_usable_area_m2": null, "candidate_status": "preliminary_footprint_review", "h3_index": "88384b28e3fffff", "area_priority_rank": 5, "elevation_m": 12.0, "dist_to_nearest_road_m": 461.69930168600087, "dist_to_nearest_site_m": 321.16949651736724, "population_sum_3km": 115209.81931514911, "feature_version": "gis_v2_density_circles_geodesic_20260922", "building_height_status": "Unavailable"}, "geometry": {"type": "Polygon", "coordinates": [[[13.24901863156116, 32.88468852191194], [13.248982534403897, 32.88468987547969], [13.248991096305565, 32.88485089493818], [13.24896828863833, 32.884851748835864], [13.248969720758632, 32.88487872426746], [13.248926890545096, 32.88488032778996], [13.248928844419279, 32.884917130969455], [13.248420237217404, 32.88493620262264], [13.248408660947861, 32.884718151802645], [13.248440783507993, 32.88471694727434], [13.248431428825844, 32.88454074191925], [13.249009636708537, 32.88451909428006], [13.24901863156116, 32.88468852191194]]]}}, {"id": "22", "type": "Feature", "properties": {"id": "22", "building_id": "f682cda66c68a6680fd6", "source_tile": "libya_122012230.csv.gz", "source_line": 725340, "footprint_area_m2": 1747.787301233524, "building_height_m": null, "building_height_known": false, "height_source": "unavailable", "canonical_longitude": 13.242601441495275, "canonical_latitude": 32.887051293647815, "structural_survey_required": true, "owner_permission_verified": false, "power_verified": false, "backhaul_verified": false, "roof_usable_area_m2": null, "candidate_status": "preliminary_footprint_review", "h3_index": "88384b28e3fffff", "area_priority_rank": 5, "elevation_m": 12.0, "dist_to_nearest_road_m": 679.4382077315531, "dist_to_nearest_site_m": 328.20004078341304, "population_sum_3km": 114260.13195703192, "feature_version": "gis_v2_density_circles_geodesic_20260922", "building_height_status": "Unavailable"}, "geometry": {"type": "Polygon", "coordinates": [[[13.242487212761516, 32.886813304095135], [13.242803577556877, 32.88685885846382], [13.242721782859142, 32.887259263405845], [13.242613898247377, 32.887243728831805], [13.24257770838619, 32.88742095876836], [13.24236926062138, 32.88739094390766], [13.242487212761516, 32.886813304095135]]]}}, {"id": "23", "type": "Feature", "properties": {"id": "23", "building_id": "7bc435ff7e5e8203460f", "source_tile": "libya_122012230.csv.gz", "source_line": 166496, "footprint_area_m2": 1656.3291498115223, "building_height_m": null, "building_height_known": false, "height_source": "unavailable", "canonical_longitude": 13.241520196082519, "canonical_latitude": 32.88784345112708, "structural_survey_required": true, "owner_permission_verified": false, "power_verified": false, "backhaul_verified": false, "roof_usable_area_m2": null, "candidate_status": "preliminary_footprint_review", "h3_index": "88384b28e3fffff", "area_priority_rank": 5, "elevation_m": 11.0, "dist_to_nearest_road_m": 574.0735569608496, "dist_to_nearest_site_m": 262.9472694632349, "population_sum_3km": 113517.45078108998, "feature_version": "gis_v2_density_circles_geodesic_20260922", "building_height_status": "Unavailable"}, "geometry": {"type": "Polygon", "coordinates": [[[13.241380645420758, 32.8880949148553], [13.241394758284795, 32.887562436628], [13.24140425986116, 32.88755126109964], [13.241645156360068, 32.88755577751062], [13.241686286025542, 32.88758043620825], [13.241654321884848, 32.88761802796796], [13.241604680560517, 32.887617100193424], [13.241567020737897, 32.88759452179963], [13.241561077226812, 32.88760151172763], [13.241556554678118, 32.887771612811434], [13.241587476853859, 32.887772190732306], [13.241671060728759, 32.8878223070216], [13.241634406911938, 32.88786541400454], [13.241590597734012, 32.887864595232564], [13.241589941398466, 32.88788935875196], [13.241654282543518, 32.88789056125599], [13.241652330735683, 32.887964202864936], [13.24164679372711, 32.88797071469432], [13.241646369961009, 32.8879867033579], [13.241697371158914, 32.88801728024068], [13.241708625264081, 32.88800404349742], [13.241710460059636, 32.88793503379975], [13.241693604804126, 32.88792492851572], [13.24169423087708, 32.88790130681188], [13.241732795224475, 32.887902029826776], [13.24173120143973, 32.88796197473468], [13.241768163135713, 32.887984136657366], [13.241770507004972, 32.887895979826666], [13.241856294930777, 32.88789758820217], [13.241850814875766, 32.888103702067994], [13.241380645420758, 32.8880949148553]]]}}, {"id": "24", "type": "Feature", "properties": {"id": "24", "building_id": "fd1ae35254a5f1b0f470", "source_tile": "libya_122012230.csv.gz", "source_line": 623276, "footprint_area_m2": 1545.5799966968716, "building_height_m": null, "building_height_known": false, "height_source": "unavailable", "canonical_longitude": 13.248228515473727, "canonical_latitude": 32.88913244394981, "structural_survey_required": true, "owner_permission_verified": false, "power_verified": false, "backhaul_verified": false, "roof_usable_area_m2": null, "candidate_status": "preliminary_footprint_review", "h3_index": "88384b28e3fffff", "area_priority_rank": 5, "elevation_m": 14.0, "dist_to_nearest_road_m": 551.7978542978336, "dist_to_nearest_site_m": 172.5938787542761, "population_sum_3km": 109990.00068242438, "feature_version": "gis_v2_density_circles_geodesic_20260922", "building_height_status": "Unavailable"}, "geometry": {"type": "Polygon", "coordinates": [[[13.248359939648466, 32.8888471061301], [13.248315004005939, 32.889214866484394], [13.248364454902116, 32.88921912709914], [13.248354477050292, 32.88930073152933], [13.248442066590913, 32.88930828325252], [13.24842244521411, 32.88946875756892], [13.24803492785267, 32.88943534697048], [13.248062617301004, 32.8892088873965], [13.2481219904761, 32.88921400290016], [13.248141705624775, 32.88905265121402], [13.248180552634503, 32.889056000503125], [13.248207698076278, 32.8888339891698], [13.248359939648466, 32.8888471061301]]]}}, {"id": "25", "type": "Feature", "properties": {"id": "25", "building_id": "0c503a9e7b567240d43b", "source_tile": "libya_122012230.csv.gz", "source_line": 529202, "footprint_area_m2": 2691.103367908431, "building_height_m": null, "building_height_known": false, "height_source": "unavailable", "canonical_longitude": 13.245402779182047, "canonical_latitude": 32.87545483993155, "structural_survey_required": true, "owner_permission_verified": false, "power_verified": false, "backhaul_verified": false, "roof_usable_area_m2": null, "candidate_status": "preliminary_footprint_review", "h3_index": "88384b28a9fffff", "area_priority_rank": 6, "elevation_m": 9.0, "dist_to_nearest_road_m": 497.74834257900267, "dist_to_nearest_site_m": 317.1353386780809, "population_sum_3km": 121180.01303417476, "feature_version": "gis_v2_density_circles_geodesic_20260922", "building_height_status": "Unavailable"}, "geometry": {"type": "Polygon", "coordinates": [[[13.245243055285458, 32.875677682628805], [13.24524663600602, 32.875532520799524], [13.245058962193127, 32.875529244441736], [13.24506271282937, 32.87537719399789], [13.24524901251461, 32.87538043542136], [13.245252913628999, 32.87522281683175], [13.245789124522966, 32.875232146367324], [13.245786560933507, 32.875335724318326], [13.245747715733408, 32.87533504845135], [13.245742353370096, 32.87555243818406], [13.245678008062814, 32.87555131486165], [13.245676927386384, 32.875595125325304], [13.245781488662223, 32.87559694457981], [13.245779266956564, 32.87568701213006], [13.245243055285458, 32.875677682628805]]]}}, {"id": "26", "type": "Feature", "properties": {"id": "26", "building_id": "7aab51e4b82f135c4f1e", "source_tile": "libya_122012230.csv.gz", "source_line": 551701, "footprint_area_m2": 1925.9621453493128, "building_height_m": null, "building_height_known": false, "height_source": "unavailable", "canonical_longitude": 13.247902649196128, "canonical_latitude": 32.877741493330745, "structural_survey_required": true, "owner_permission_verified": false, "power_verified": false, "backhaul_verified": false, "roof_usable_area_m2": null, "candidate_status": "preliminary_footprint_review", "h3_index": "88384b28a9fffff", "area_priority_rank": 6, "elevation_m": 9.0, "dist_to_nearest_road_m": 291.954097336117, "dist_to_nearest_site_m": 37.910978803576754, "population_sum_3km": 119963.62841099875, "feature_version": "gis_v2_density_circles_geodesic_20260922", "building_height_status": "Unavailable"}, "geometry": {"type": "Polygon", "coordinates": [[[13.247802779662678, 32.87737906966059], [13.248096278449314, 32.8773798114778], [13.24809578605219, 32.877517219396346], [13.248038331021736, 32.87751707417917], [13.248036588577467, 32.878014894632166], [13.24804035842706, 32.878014904160395], [13.248040075904095, 32.87809374423056], [13.247911331037447, 32.87809341883096], [13.247911787930292, 32.87796591955999], [13.247850097668671, 32.877965767265145], [13.247849769942226, 32.878057221743894], [13.247766622215842, 32.87805701158989], [13.247768583732352, 32.87750963457208], [13.247802322369594, 32.87750971984624], [13.247802779662678, 32.87737906966059]]]}}, {"id": "27", "type": "Feature", "properties": {"id": "27", "building_id": "4455efb908b0b3c5906c", "source_tile": "libya_122012230.csv.gz", "source_line": 638457, "footprint_area_m2": 1820.330525623218, "building_height_m": null, "building_height_known": false, "height_source": "unavailable", "canonical_longitude": 13.246228781885213, "canonical_latitude": 32.88133143054971, "structural_survey_required": true, "owner_permission_verified": false, "power_verified": false, "backhaul_verified": false, "roof_usable_area_m2": null, "candidate_status": "preliminary_footprint_review", "h3_index": "88384b28a9fffff", "area_priority_rank": 6, "elevation_m": 9.0, "dist_to_nearest_road_m": 128.2929046302233, "dist_to_nearest_site_m": 338.4357518657875, "population_sum_3km": 118983.76545030877, "feature_version": "gis_v2_density_circles_geodesic_20260922", "building_height_status": "Unavailable"}, "geometry": {"type": "Polygon", "coordinates": [[[13.246496144671873, 32.88157281963494], [13.246396927324335, 32.88157412591778], [13.24639873504331, 32.88167095975315], [13.246331696294998, 32.88167184237573], [13.246331023655372, 32.881635811193874], [13.246132588960297, 32.881638423757664], [13.246132000400618, 32.881606896462465], [13.246048872352652, 32.881607990915235], [13.24604206187647, 32.88124317425956], [13.24611982682455, 32.881242150412426], [13.246118378748811, 32.8811645811716], [13.24634362919031, 32.88116162877896], [13.246344848350962, 32.88122693570632], [13.246411887172854, 32.881226057018665], [13.24641552100541, 32.88142071068493], [13.246493285953452, 32.881419686839855], [13.246496144671873, 32.88157281963494]]]}}, {"id": "28", "type": "Feature", "properties": {"id": "28", "building_id": "81514ef34a534a564712", "source_tile": "libya_122012230.csv.gz", "source_line": 25378, "footprint_area_m2": 1430.1827484457572, "building_height_m": null, "building_height_known": false, "height_source": "unavailable", "canonical_longitude": 13.251656032033228, "canonical_latitude": 32.87977116826833, "structural_survey_required": true, "owner_permission_verified": false, "power_verified": false, "backhaul_verified": false, "roof_usable_area_m2": null, "candidate_status": "preliminary_footprint_review", "h3_index": "88384b28a9fffff", "area_priority_rank": 6, "elevation_m": 12.0, "dist_to_nearest_road_m": 135.90475839386102, "dist_to_nearest_site_m": 451.61266161047746, "population_sum_3km": 117571.00541451131, "feature_version": "gis_v2_density_circles_geodesic_20260922", "building_height_status": "Unavailable"}, "geometry": {"type": "Polygon", "coordinates": [[[13.251461762088805, 32.87990056676214], [13.251457604024273, 32.879549203451575], [13.251822348423756, 32.87954615914425], [13.251822854854694, 32.87958895346958], [13.251873811792883, 32.87958852816214], [13.251874478149372, 32.87964483645373], [13.251850340652332, 32.87964503791501], [13.251853325929437, 32.87989729862164], [13.251461762088805, 32.87990056676214]]]}}, {"id": "29", "type": "Feature", "properties": {"id": "29", "building_id": "9b4e2f257978cf353231", "source_tile": "libya_122012230.csv.gz", "source_line": 521505, "footprint_area_m2": 1289.4178751884208, "building_height_m": null, "building_height_known": false, "height_source": "unavailable", "canonical_longitude": 13.248202366820411, "canonical_latitude": 32.87668074034185, "structural_survey_required": true, "owner_permission_verified": false, "power_verified": false, "backhaul_verified": false, "roof_usable_area_m2": null, "candidate_status": "preliminary_footprint_review", "h3_index": "88384b28a9fffff", "area_priority_rank": 6, "elevation_m": 9.0, "dist_to_nearest_road_m": 412.7466294551715, "dist_to_nearest_site_m": 130.81166248019758, "population_sum_3km": 120121.81438174598, "feature_version": "gis_v2_density_circles_geodesic_20260922", "building_height_status": "Unavailable"}, "geometry": {"type": "Polygon", "coordinates": [[[13.24837231470077, 32.87651196008546], [13.248371794827026, 32.87651868965706], [13.248419872214017, 32.876521309329185], [13.248398104358179, 32.8768030856237], [13.248328659557668, 32.87679929760003], [13.24832893898403, 32.876795680541605], [13.247989726309083, 32.876777197354954], [13.248004629356917, 32.87658428332874], [13.247924500378584, 32.876579917211586], [13.24793160531998, 32.87648794641887], [13.24837231470077, 32.87651196008546]]]}}, {"id": "30", "type": "Feature", "properties": {"id": "30", "building_id": "43176d4cfaaf7df32878", "source_tile": "libya_122012230.csv.gz", "source_line": 109493, "footprint_area_m2": 2129.3010974791487, "building_height_m": null, "building_height_known": false, "height_source": "unavailable", "canonical_longitude": 13.177393498689352, "canonical_latitude": 32.847402657386816, "structural_survey_required": true, "owner_permission_verified": false, "power_verified": false, "backhaul_verified": false, "roof_usable_area_m2": null, "candidate_status": "preliminary_footprint_review", "h3_index": "88384b29e1fffff", "area_priority_rank": 7, "elevation_m": 24.0, "dist_to_nearest_road_m": 362.50684493224367, "dist_to_nearest_site_m": 434.2332351158924, "population_sum_3km": 109352.97654542168, "feature_version": "gis_v2_density_circles_geodesic_20260922", "building_height_status": "Unavailable"}, "geometry": {"type": "Polygon", "coordinates": [[[13.177302487621425, 32.846999689740926], [13.17754495938905, 32.84701628503728], [13.177510445138353, 32.847372209873754], [13.177526432287877, 32.84737330406462], [13.177520571377359, 32.84743374398866], [13.177495246527462, 32.847432010709014], [13.17748547000679, 32.847532743255684], [13.177548106542067, 32.84753703021125], [13.177537253004118, 32.84764895575755], [13.177487929755154, 32.84764557999119], [13.177470114761874, 32.84782913654881], [13.17722369093589, 32.84781227091942], [13.177302487621425, 32.846999689740926]]]}}, {"id": "31", "type": "Feature", "properties": {"id": "31", "building_id": "ebe1c69f5d94f15ffdd9", "source_tile": "libya_122012230.csv.gz", "source_line": 154872, "footprint_area_m2": 1899.1366277664895, "building_height_m": null, "building_height_known": false, "height_source": "unavailable", "canonical_longitude": 13.17847266471254, "canonical_latitude": 32.848304252634136, "structural_survey_required": true, "owner_permission_verified": false, "power_verified": false, "backhaul_verified": false, "roof_usable_area_m2": null, "candidate_status": "preliminary_footprint_review", "h3_index": "88384b29e1fffff", "area_priority_rank": 7, "elevation_m": 24.0, "dist_to_nearest_road_m": 425.76983188343405, "dist_to_nearest_site_m": 521.6831560945168, "population_sum_3km": 110191.89012842628, "feature_version": "gis_v2_density_circles_geodesic_20260922", "building_height_status": "Unavailable"}, "geometry": {"type": "Polygon", "coordinates": [[[13.178402478050009, 32.84797634591056], [13.178428881099435, 32.84797914033712], [13.178443347320776, 32.8478826704387], [13.178525196063639, 32.847891337907335], [13.178517050431552, 32.84794565813317], [13.178649065678766, 32.84795963026996], [13.178594677169627, 32.848322326332706], [13.178587991755727, 32.84832161837643], [13.178572017153364, 32.8484280874295], [13.178541747350101, 32.84842488199265], [13.17851031809746, 32.84863447068055], [13.17854464206173, 32.84863810340813], [13.178529171269924, 32.84874127153453], [13.178399797450545, 32.848727571473006], [13.178415430699403, 32.84862331997302], [13.178383747315046, 32.848619964851665], [13.178370611077227, 32.84870756485676], [13.178288761623973, 32.848698902205214], [13.178350629911705, 32.84828632800845], [13.178355910521574, 32.848286886891835], [13.178402478050009, 32.84797634591056]]]}}, {"id": "32", "type": "Feature", "properties": {"id": "32", "building_id": "7d50a2e8b01308b883a2", "source_tile": "libya_122012230.csv.gz", "source_line": 732380, "footprint_area_m2": 1780.5270534158403, "building_height_m": null, "building_height_known": false, "height_source": "unavailable", "canonical_longitude": 13.184648125104154, "canonical_latitude": 32.84647889794578, "structural_survey_required": true, "owner_permission_verified": false, "power_verified": false, "backhaul_verified": false, "roof_usable_area_m2": null, "candidate_status": "preliminary_footprint_review", "h3_index": "88384b29e1fffff", "area_priority_rank": 7, "elevation_m": 28.0, "dist_to_nearest_road_m": 1038.252901084875, "dist_to_nearest_site_m": 566.968214923602, "population_sum_3km": 107568.66378331977, "feature_version": "gis_v2_density_circles_geodesic_20260922", "building_height_status": "Unavailable"}, "geometry": {"type": "Polygon", "coordinates": [[[13.184315726629162, 32.8466624050237], [13.184329207816647, 32.846564566855804], [13.184411256780951, 32.846572546464806], [13.184436993593472, 32.84638576422517], [13.184513749076201, 32.846393229035755], [13.184524895861255, 32.84631233228739], [13.184747223864544, 32.84633394161363], [13.184753845958257, 32.84628588236578], [13.184865009071132, 32.84629669348276], [13.184857655696142, 32.846350059930614], [13.184889416585541, 32.84635314881907], [13.184854181663601, 32.8466088625942], [13.184803893588736, 32.84660397186818], [13.184779995119932, 32.846777412105865], [13.18469393332824, 32.8467690422517], [13.184703425771032, 32.84670011035818], [13.184315726629162, 32.8466624050237]]]}}, {"id": "33", "type": "Feature", "properties": {"id": "33", "building_id": "630d777dac071cb9a0dc", "source_tile": "libya_122012230.csv.gz", "source_line": 436439, "footprint_area_m2": 1767.4511542259652, "building_height_m": null, "building_height_known": false, "height_source": "unavailable", "canonical_longitude": 13.177800366519946, "canonical_latitude": 32.84919811794897, "structural_survey_required": true, "owner_permission_verified": false, "power_verified": false, "backhaul_verified": false, "roof_usable_area_m2": null, "candidate_status": "preliminary_footprint_review", "h3_index": "88384b29e1fffff", "area_priority_rank": 7, "elevation_m": 24.0, "dist_to_nearest_road_m": 334.1647864362765, "dist_to_nearest_site_m": 469.28632094339287, "population_sum_3km": 111091.30366037619, "feature_version": "gis_v2_density_circles_geodesic_20260922", "building_height_status": "Unavailable"}, "geometry": {"type": "Polygon", "coordinates": [[[13.177788135328035, 32.848578692938204], [13.177912419895513, 32.84858407870875], [13.177881235084179, 32.84909198128243], [13.177902635815887, 32.84909290866037], [13.177898910196832, 32.8491535870914], [13.17785343364199, 32.84915161641461], [13.177847844303399, 32.84924264880655], [13.177869245112124, 32.84924357492794], [13.177866141262546, 32.84929412663797], [13.177884866902785, 32.84929493809182], [13.177856233950656, 32.849761275272634], [13.177861584152858, 32.84976150680163], [13.177854340754095, 32.84987947769734], [13.177708763011594, 32.849873169296444], [13.177788135328035, 32.848578692938204]]]}}, {"id": "34", "type": "Feature", "properties": {"id": "34", "building_id": "03150a7b7f748dd64757", "source_tile": "libya_122012230.csv.gz", "source_line": 572979, "footprint_area_m2": 1739.526139095221, "building_height_m": null, "building_height_known": false, "height_source": "unavailable", "canonical_longitude": 13.179460944960107, "canonical_latitude": 32.84812371116034, "structural_survey_required": true, "owner_permission_verified": false, "power_verified": false, "backhaul_verified": false, "roof_usable_area_m2": null, "candidate_status": "preliminary_footprint_review", "h3_index": "88384b29e1fffff", "area_priority_rank": 7, "elevation_m": 24.0, "dist_to_nearest_road_m": 519.7857771804489, "dist_to_nearest_site_m": 509.65008861584903, "population_sum_3km": 109932.26574885493, "feature_version": "gis_v2_density_circles_geodesic_20260922", "building_height_status": "Unavailable"}, "geometry": {"type": "Polygon", "coordinates": [[[13.179260614525766, 32.848590062082465], [13.179351409681882, 32.84806254121054], [13.179360668394157, 32.84806366593619], [13.179429396978342, 32.847664156639794], [13.179459580025604, 32.84766782321869], [13.179464518674253, 32.84763912939724], [13.17954070971413, 32.84764838494145], [13.179510318030081, 32.84782496213875], [13.179528708970732, 32.84782719623105], [13.17951181758588, 32.84792533586358], [13.179493426462937, 32.847923102832965], [13.179466250088225, 32.84808099845076], [13.179501783339486, 32.84808531494193], [13.179511100355526, 32.848031156596846], [13.179595174893578, 32.84804136482498], [13.179572946702688, 32.84817057372367], [13.179503251890008, 32.848162107378755], [13.179497377347476, 32.84819623859311], [13.179560432626193, 32.84820389467423], [13.179546756232817, 32.848283354746776], [13.179486328257353, 32.84827601767562], [13.179482149359366, 32.84830029713004], [13.179526813515139, 32.84830572018121], [13.179490139408188, 32.848518796946095], [13.17950064851717, 32.84852007356028], [13.179483933090928, 32.84861719010832], [13.179260614525766, 32.848590062082465]]]}}, {"id": "35", "type": "Feature", "properties": {"id": "35", "building_id": "36c512aeb5eae84f19d7", "source_tile": "libya_122012230.csv.gz", "source_line": 87576, "footprint_area_m2": 4059.6775515041645, "building_height_m": null, "building_height_known": false, "height_source": "unavailable", "canonical_longitude": 13.199988401551163, "canonical_latitude": 32.87899715324106, "structural_survey_required": true, "owner_permission_verified": false, "power_verified": false, "backhaul_verified": false, "roof_usable_area_m2": null, "candidate_status": "preliminary_footprint_review", "h3_index": "88384b2835fffff", "area_priority_rank": 8, "elevation_m": 15.0, "dist_to_nearest_road_m": 106.92417099402904, "dist_to_nearest_site_m": 224.57839818151817, "population_sum_3km": 113686.70929720184, "feature_version": "gis_v2_density_circles_geodesic_20260922", "building_height_status": "Unavailable"}, "geometry": {"type": "Polygon", "coordinates": [[[13.199634481297839, 32.87955168657235], [13.199662084055959, 32.87928565195108], [13.19973395798273, 32.87929091156069], [13.199797745869182, 32.878676122652905], [13.200242299416196, 32.878708654531046], [13.200178279573809, 32.879325678800605], [13.200093095660606, 32.879319445191626], [13.200065724858462, 32.879583244130615], [13.199634481297839, 32.87955168657235]]]}}, {"id": "36", "type": "Feature", "properties": {"id": "36", "building_id": "9e306308db13e8a7e268", "source_tile": "libya_122012230.csv.gz", "source_line": 249154, "footprint_area_m2": 2246.142781158048, "building_height_m": null, "building_height_known": false, "height_source": "unavailable", "canonical_longitude": 13.20096494260168, "canonical_latitude": 32.879524814992045, "structural_survey_required": true, "owner_permission_verified": false, "power_verified": false, "backhaul_verified": false, "roof_usable_area_m2": null, "candidate_status": "preliminary_footprint_review", "h3_index": "88384b2835fffff", "area_priority_rank": 8, "elevation_m": 16.0, "dist_to_nearest_road_m": 215.29741919562264, "dist_to_nearest_site_m": 293.76624443801416, "population_sum_3km": 113445.58128421211, "feature_version": "gis_v2_density_circles_geodesic_20260922", "building_height_status": "Unavailable"}, "geometry": {"type": "Polygon", "coordinates": [[[13.20130382352513, 32.879424268144064], [13.201204843161825, 32.87980119294985], [13.200887670231584, 32.87974246875312], [13.20090486285415, 32.87967699800096], [13.20062606172085, 32.87962536184003], [13.200707854130096, 32.87931388957717], [13.20130382352513, 32.879424268144064]]]}}, {"id": "37", "type": "Feature", "properties": {"id": "37", "building_id": "2e6309d30a61b5cc577e", "source_tile": "libya_122012230.csv.gz", "source_line": 132068, "footprint_area_m2": 2159.483032403696, "building_height_m": null, "building_height_known": false, "height_source": "unavailable", "canonical_longitude": 13.198944538788144, "canonical_latitude": 32.88023613319673, "structural_survey_required": true, "owner_permission_verified": false, "power_verified": false, "backhaul_verified": false, "roof_usable_area_m2": null, "candidate_status": "preliminary_footprint_review", "h3_index": "88384b2835fffff", "area_priority_rank": 8, "elevation_m": 15.0, "dist_to_nearest_road_m": 90.31021768592308, "dist_to_nearest_site_m": 98.8288267895871, "population_sum_3km": 112222.6743137998, "feature_version": "gis_v2_density_circles_geodesic_20260922", "building_height_status": "Unavailable"}, "geometry": {"type": "Polygon", "coordinates": [[[13.198752227507416, 32.88002565788837], [13.198868234141754, 32.88003848357911], [13.198871705084926, 32.88001634188961], [13.198990348233712, 32.880029459074684], [13.199011520987103, 32.87989439466889], [13.199201350025152, 32.879915382192955], [13.199178094705841, 32.88006373157603], [13.19913063744632, 32.88005848470425], [13.199118489145194, 32.880135980556474], [13.199184402005603, 32.88014326787192], [13.199144833253328, 32.88039568244296], [13.199189653998445, 32.88040063780303], [13.199178894074572, 32.88046927672488], [13.199126163786236, 32.880463446894026], [13.199122692843023, 32.88048558847184], [13.198785218997635, 32.880448277554535], [13.19879320216696, 32.88039735189584], [13.198753654450698, 32.880392979519186], [13.198762678902964, 32.88033541134521], [13.198704675585816, 32.88032899852154], [13.198752227507416, 32.88002565788837]]]}}, {"id": "38", "type": "Feature", "properties": {"id": "38", "building_id": "8dff8a5ba48392c99e68", "source_tile": "libya_122012230.csv.gz", "source_line": 474817, "footprint_area_m2": 1669.3863903483489, "building_height_m": null, "building_height_known": false, "height_source": "unavailable", "canonical_longitude": 13.1943705817352, "canonical_latitude": 32.88191990213318, "structural_survey_required": true, "owner_permission_verified": false, "power_verified": false, "backhaul_verified": false, "roof_usable_area_m2": null, "candidate_status": "preliminary_footprint_review", "h3_index": "88384b2835fffff", "area_priority_rank": 8, "elevation_m": 14.0, "dist_to_nearest_road_m": 188.58843542323729, "dist_to_nearest_site_m": 218.8116233695888, "population_sum_3km": 109128.65007913673, "feature_version": "gis_v2_density_circles_geodesic_20260922", "building_height_status": "Unavailable"}, "geometry": {"type": "Polygon", "coordinates": [[[13.19402457146409, 32.88189316179138], [13.194087448116774, 32.88180360177181], [13.194127613982488, 32.88179051118319], [13.194118964380213, 32.88177179410553], [13.194189062882856, 32.881671935456765], [13.19426439861303, 32.881709236448174], [13.194271147496682, 32.88172384052679], [13.194424316838532, 32.88179967922513], [13.194421573377833, 32.881800573355356], [13.194716585550324, 32.88194664247498], [13.19465616053865, 32.882032710297764], [13.194585202895489, 32.88205583627077], [13.19459069020969, 32.88205855287171], [13.194330042784967, 32.882143501034825], [13.19427560182091, 32.88211654900556], [13.194228084085843, 32.88201372459142], [13.194238403779543, 32.88199902374441], [13.19402457146409, 32.88189316179138]]]}}, {"id": "39", "type": "Feature", "properties": {"id": "39", "building_id": "2631c528497d02c02bcb", "source_tile": "libya_122012230.csv.gz", "source_line": 159469, "footprint_area_m2": 1177.900452708404, "building_height_m": null, "building_height_known": false, "height_source": "unavailable", "canonical_longitude": 13.19938357357714, "canonical_latitude": 32.878977073210194, "structural_survey_required": true, "owner_permission_verified": false, "power_verified": false, "backhaul_verified": false, "roof_usable_area_m2": null, "candidate_status": "preliminary_footprint_review", "h3_index": "88384b2835fffff", "area_priority_rank": 8, "elevation_m": 15.0, "dist_to_nearest_road_m": 56.683261299618955, "dist_to_nearest_site_m": 168.67319354314532, "population_sum_3km": 113557.23992246081, "feature_version": "gis_v2_density_circles_geodesic_20260922", "building_height_status": "Unavailable"}, "geometry": {"type": "Polygon", "coordinates": [[[13.198818095577533, 32.878715547290604], [13.199386587859783, 32.87874916267359], [13.199378409960785, 32.87884670695923], [13.199348037576577, 32.878844912804475], [13.19934390741988, 32.878894225436895], [13.199537084162003, 32.87890563674911], [13.199523462637973, 32.87906811112092], [13.199328627254827, 32.87905659039876], [13.199324868867786, 32.87910141951923], [13.19927049683647, 32.879098204472804], [13.199274439239472, 32.8790511336632], [13.199230062993713, 32.87904850967127], [13.19924396902584, 32.87888264171327], [13.19913619903315, 32.87887626920184], [13.199140418466753, 32.878825890623645], [13.198810478651723, 32.87880640044195], [13.198818095577533, 32.878715547290604]]]}}, {"id": "40", "type": "Feature", "properties": {"id": "40", "building_id": "dfa7f16e358b03f4ef27", "source_tile": "libya_122012230.csv.gz", "source_line": 311012, "footprint_area_m2": 4927.793108851974, "building_height_m": null, "building_height_known": false, "height_source": "unavailable", "canonical_longitude": 13.213007625336118, "canonical_latitude": 32.84513371400658, "structural_survey_required": true, "owner_permission_verified": false, "power_verified": false, "backhaul_verified": false, "roof_usable_area_m2": null, "candidate_status": "preliminary_footprint_review", "h3_index": "88384b2981fffff", "area_priority_rank": 9, "elevation_m": 20.0, "dist_to_nearest_road_m": 417.4388272852555, "dist_to_nearest_site_m": 323.0852531136635, "population_sum_3km": 102526.970526418, "feature_version": "gis_v2_density_circles_geodesic_20260922", "building_height_status": "Unavailable"}, "geometry": {"type": "Polygon", "coordinates": [[[13.212400928267849, 32.84528095526111], [13.21273253166343, 32.84501942325901], [13.2127560267852, 32.844962584505296], [13.212824107072848, 32.84490889019097], [13.212844964481366, 32.844914974491886], [13.213197104508346, 32.844637244300706], [13.21327339507417, 32.84470552061711], [13.213327573339285, 32.84466279058257], [13.213377566465802, 32.84470753197303], [13.213347656500979, 32.844779904125936], [13.213176548790218, 32.844914855382285], [13.21313371755446, 32.84501849244686], [13.213051675345952, 32.84508319831948], [13.213097181999238, 32.84512392434499], [13.213435229142316, 32.84485730974975], [13.213633784506825, 32.84491523022125], [13.213660163622198, 32.84493883816833], [13.213653124860505, 32.84495586958816], [13.213271116948162, 32.845257155234314], [13.213242102240086, 32.84532736073018], [13.213191197462692, 32.845367508686856], [13.213153654127371, 32.845356557000756], [13.21280129375641, 32.84563445872297], [13.212644697331783, 32.84549431400995], [13.212996856054925, 32.84521657088626], [13.212915211765157, 32.845143503668176], [13.212560201554409, 32.845423495951], [13.212400928267849, 32.84528095526111]]]}}, {"id": "41", "type": "Feature", "properties": {"id": "41", "building_id": "a15b1c25e53cc8958dad", "source_tile": "libya_122012230.csv.gz", "source_line": 47398, "footprint_area_m2": 4675.142941218244, "building_height_m": null, "building_height_known": false, "height_source": "unavailable", "canonical_longitude": 13.214259036547526, "canonical_latitude": 32.84624341256998, "structural_survey_required": true, "owner_permission_verified": false, "power_verified": false, "backhaul_verified": false, "roof_usable_area_m2": null, "candidate_status": "preliminary_footprint_review", "h3_index": "88384b2981fffff", "area_priority_rank": 9, "elevation_m": 23.0, "dist_to_nearest_road_m": 571.9163460959973, "dist_to_nearest_site_m": 478.04816549923106, "population_sum_3km": 103687.83649983628, "feature_version": "gis_v2_density_circles_geodesic_20260922", "building_height_status": "Unavailable"}, "geometry": {"type": "Polygon", "coordinates": [[[13.214456360292592, 32.84574587110102], [13.21461551144409, 32.84588990172185], [13.214266873125675, 32.846161811791575], [13.214347117403737, 32.846234431961534], [13.214702298233645, 32.84595741947363], [13.214860105589787, 32.84610024439792], [13.214496287225392, 32.8463839930008], [13.214524372722721, 32.84640941000341], [13.21443649281601, 32.84647794899582], [13.214415094341856, 32.8464585836761], [13.214052049481321, 32.84674172786686], [13.213896910543706, 32.846601329620526], [13.21425275213318, 32.84632380293983], [13.214173845259744, 32.84625239317843], [13.213816563016035, 32.84653104367139], [13.213657411864496, 32.846387014091064], [13.21402045672503, 32.84610386876864], [13.214009757487975, 32.84609418606849], [13.214456360292592, 32.84574587110102]]]}}, {"id": "42", "type": "Feature", "properties": {"id": "42", "building_id": "e67b9255ca2d0527fc0b", "source_tile": "libya_122012230.csv.gz", "source_line": 53481, "footprint_area_m2": 3103.6545941561926, "building_height_m": null, "building_height_known": false, "height_source": "unavailable", "canonical_longitude": 13.209702226312789, "canonical_latitude": 32.84596372057783, "structural_survey_required": true, "owner_permission_verified": false, "power_verified": false, "backhaul_verified": false, "roof_usable_area_m2": null, "candidate_status": "preliminary_footprint_review", "h3_index": "88384b2981fffff", "area_priority_rank": 9, "elevation_m": 23.0, "dist_to_nearest_road_m": 164.35903110489838, "dist_to_nearest_site_m": 184.42738331210762, "population_sum_3km": 103149.41725649491, "feature_version": "gis_v2_density_circles_geodesic_20260922", "building_height_status": "Unavailable"}, "geometry": {"type": "Polygon", "coordinates": [[[13.209456943483136, 32.84635680132145], [13.209488497134068, 32.846202393473575], [13.209306118105069, 32.84617608792835], [13.209337429398346, 32.84602286574724], [13.209530230086122, 32.84605067451425], [13.20955930485843, 32.84590839658238], [13.20954746865957, 32.845906689375944], [13.209628605525317, 32.84550948149271], [13.209710821023325, 32.845521335148575], [13.209627174163607, 32.845930663761095], [13.210085732502947, 32.845996777394554], [13.210066050888889, 32.846093089663164], [13.210049018546993, 32.84609063399222], [13.209979265912043, 32.84643210791398], [13.209456943483136, 32.84635680132145]]]}}, {"id": "43", "type": "Feature", "properties": {"id": "43", "building_id": "b4fc6124d2b2a43b4210", "source_tile": "libya_122012230.csv.gz", "source_line": 363946, "footprint_area_m2": 2785.739729805764, "building_height_m": null, "building_height_known": false, "height_source": "unavailable", "canonical_longitude": 13.210908785280365, "canonical_latitude": 32.84563064594286, "structural_survey_required": true, "owner_permission_verified": false, "power_verified": false, "backhaul_verified": false, "roof_usable_area_m2": null, "candidate_status": "preliminary_footprint_review", "h3_index": "88384b2981fffff", "area_priority_rank": 9, "elevation_m": 22.0, "dist_to_nearest_road_m": 255.4988130576274, "dist_to_nearest_site_m": 185.86805502176907, "population_sum_3km": 102878.8075659617, "feature_version": "gis_v2_density_circles_geodesic_20260922", "building_height_status": "Unavailable"}, "geometry": {"type": "Polygon", "coordinates": [[[13.21054677877199, 32.84579612147296], [13.21055817045199, 32.84569907121625], [13.210511552078707, 32.845695211663], [13.210541394331816, 32.84544079254768], [13.210591866172802, 32.845444971142996], [13.210602598912939, 32.84535346935732], [13.211068955818433, 32.845392079368054], [13.211057036734033, 32.84549362314157], [13.211123446143525, 32.84549912511974], [13.211117421144266, 32.84555045461564], [13.211306023867223, 32.84556608022273], [13.21128781945141, 32.84572117106957], [13.211091246255648, 32.84570489670113], [13.211084828105157, 32.845759575489666], [13.211023731448424, 32.84575451368462], [13.211014301014789, 32.84583485525998], [13.21054677877199, 32.84579612147296]]]}}, {"id": "44", "type": "Feature", "properties": {"id": "44", "building_id": "e9b0f7a176238f2d3835", "source_tile": "libya_122012230.csv.gz", "source_line": 317476, "footprint_area_m2": 2654.6102925543987, "building_height_m": null, "building_height_known": false, "height_source": "unavailable", "canonical_longitude": 13.207363772092974, "canonical_latitude": 32.84969270186406, "structural_survey_required": true, "owner_permission_verified": false, "power_verified": false, "backhaul_verified": false, "roof_usable_area_m2": null, "candidate_status": "preliminary_footprint_review", "h3_index": "88384b2981fffff", "area_priority_rank": 9, "elevation_m": 20.0, "dist_to_nearest_road_m": 114.76936037984426, "dist_to_nearest_site_m": 435.2305965529663, "population_sum_3km": 107057.52871783648, "feature_version": "gis_v2_density_circles_geodesic_20260922", "building_height_status": "Unavailable"}, "geometry": {"type": "Polygon", "coordinates": [[[13.207598092961188, 32.848882563441215], [13.207491183383278, 32.84950521010035], [13.207424307563077, 32.84951978650123], [13.207405409215509, 32.84962985093793], [13.207473725187548, 32.8496381295636], [13.207453258422026, 32.84975732833961], [13.207370290344178, 32.84974727416452], [13.207337147672611, 32.84994020369648], [13.20735181537878, 32.84994198200603], [13.207379862150486, 32.849778637449965], [13.207454542278727, 32.849787691668816], [13.207391975834222, 32.85015190182858], [13.207277912758798, 32.85013807287755], [13.207236752320458, 32.85037779042774], [13.207357619040291, 32.85039243710307], [13.207325629270619, 32.85057874438865], [13.20718637116637, 32.850561860885655], [13.207199636531337, 32.850484603902544], [13.207150767230932, 32.85047867903511], [13.207139391513723, 32.85054489865969], [13.207117323410657, 32.85054222314579], [13.207280132513816, 32.84959402423378], [13.207392004756407, 32.84956964033272], [13.207290270411299, 32.84955731201175], [13.207344495199717, 32.84924165805467], [13.207393108520126, 32.84924754911115], [13.207432858222216, 32.849376259544925], [13.20750812104479, 32.84893792496935], [13.207382000497505, 32.848922633967035], [13.207393145044989, 32.848857727350406], [13.207598092961188, 32.848882563441215]]]}}, {"id": "45", "type": "Feature", "properties": {"id": "45", "building_id": "693b464da93499128d7a", "source_tile": "libya_122012230.csv.gz", "source_line": 371548, "footprint_area_m2": 2292.006178549014, "building_height_m": null, "building_height_known": false, "height_source": "unavailable", "canonical_longitude": 13.207019802157102, "canonical_latitude": 32.876320153847075, "structural_survey_required": true, "owner_permission_verified": false, "power_verified": false, "backhaul_verified": false, "roof_usable_area_m2": null, "candidate_status": "preliminary_footprint_review", "h3_index": "88384b29cbfffff", "area_priority_rank": 10, "elevation_m": 22.0, "dist_to_nearest_road_m": 38.106900748037084, "dist_to_nearest_site_m": 79.42961351753293, "population_sum_3km": 117894.40461487956, "feature_version": "gis_v2_density_circles_geodesic_20260922", "building_height_status": "Unavailable"}, "geometry": {"type": "Polygon", "coordinates": [[[13.207095866072072, 32.87609597295608], [13.20710014316755, 32.87620977326299], [13.206931566165832, 32.87629183887628], [13.206932241454536, 32.87630980619418], [13.207192156763412, 32.8763029159312], [13.20719645264694, 32.8764172158632], [13.207208964758447, 32.87638671791793], [13.207311394625956, 32.876384008561566], [13.20722375572398, 32.876358648293426], [13.207221377956756, 32.8762953833723], [13.207324430423398, 32.87629265148746], [13.207331722137031, 32.87648709209078], [13.207213802915124, 32.876490211150006], [13.207194995387269, 32.876462961186], [13.20718479170337, 32.87648782732757], [13.207116026566945, 32.876489650263274], [13.20711766716784, 32.87653330141261], [13.206855071740197, 32.87654024727126], [13.206846411618498, 32.87630982887452], [13.206673844134794, 32.87631440357725], [13.206746679389543, 32.876335480091356], [13.206753919097176, 32.87652853381272], [13.206632129493453, 32.87653176240393], [13.206625070903781, 32.87634395572606], [13.206562701639427, 32.876325904116904], [13.206556798207805, 32.87616883219225], [13.206608144749662, 32.87616747101144], [13.206630573270344, 32.87611281301867], [13.206872199412478, 32.87610640758083], [13.206873972663464, 32.87615369317415], [13.20689547790681, 32.87610128518797], [13.207095866072072, 32.87609597295608]]]}}, {"id": "46", "type": "Feature", "properties": {"id": "46", "building_id": "5d79667230620dbc27d2", "source_tile": "libya_122012230.csv.gz", "source_line": 713641, "footprint_area_m2": 2278.213480678142, "building_height_m": null, "building_height_known": false, "height_source": "unavailable", "canonical_longitude": 13.205714767814813, "canonical_latitude": 32.87526212223781, "structural_survey_required": true, "owner_permission_verified": false, "power_verified": false, "backhaul_verified": false, "roof_usable_area_m2": null, "candidate_status": "preliminary_footprint_review", "h3_index": "88384b29cbfffff", "area_priority_rank": 10, "elevation_m": 22.0, "dist_to_nearest_road_m": 166.92332572009718, "dist_to_nearest_site_m": 245.25461641143627, "population_sum_3km": 118181.2813861173, "feature_version": "gis_v2_density_circles_geodesic_20260922", "building_height_status": "Unavailable"}, "geometry": {"type": "Polygon", "coordinates": [[[13.206122313938522, 32.87504706718811], [13.20610430971473, 32.8751507371365], [13.206058161853598, 32.87514508409253], [13.206075225904769, 32.87516376031508], [13.206067282941923, 32.87520949656811], [13.20597969676497, 32.87526593794702], [13.205976878789079, 32.875282164075], [13.205992655473437, 32.875299431276794], [13.20598982530122, 32.8753157276258], [13.205965663597263, 32.8753312976463], [13.20596056635068, 32.875360647971156], [13.205987195333178, 32.87536390997379], [13.20601843493912, 32.875398100936714], [13.205998698954033, 32.87551174206669], [13.205733126717831, 32.87547920999255], [13.20572888710469, 32.875474569847626], [13.205721919077176, 32.87551469220088], [13.205574719466675, 32.875496651889115], [13.205565812578968, 32.875486903536746], [13.205564860172094, 32.87549238755753], [13.20546586607981, 32.87548026097561], [13.205445007599707, 32.87545743191639], [13.20541072763488, 32.875453232686546], [13.205458228140209, 32.8751797211536], [13.205625762492081, 32.875200243851374], [13.205669797061152, 32.87524843866483], [13.205750352130568, 32.87525830652859], [13.205774485451789, 32.87511934482386], [13.205782364459516, 32.87512030999081], [13.205801900957695, 32.8750078170239], [13.206122313938522, 32.87504706718811]]]}}, {"id": "47", "type": "Feature", "properties": {"id": "47", "building_id": "6f4220ea52514b94e60a", "source_tile": "libya_122012230.csv.gz", "source_line": 491218, "footprint_area_m2": 1488.8358817335102, "building_height_m": null, "building_height_known": false, "height_source": "unavailable", "canonical_longitude": 13.206337765212373, "canonical_latitude": 32.876361006916376, "structural_survey_required": true, "owner_permission_verified": false, "power_verified": false, "backhaul_verified": false, "roof_usable_area_m2": null, "candidate_status": "preliminary_footprint_review", "h3_index": "88384b29cbfffff", "area_priority_rank": 10, "elevation_m": 22.0, "dist_to_nearest_road_m": 39.900381821411855, "dist_to_nearest_site_m": 139.45939752561335, "population_sum_3km": 117677.58352435176, "feature_version": "gis_v2_density_circles_geodesic_20260922", "building_height_status": "Unavailable"}, "geometry": {"type": "Polygon", "coordinates": [[[13.206525225204114, 32.87610403187775], [13.206527383461125, 32.876144498257965], [13.206479200373288, 32.87614631086135], [13.20650210187826, 32.8765757029714], [13.206196942322075, 32.87658718273637], [13.206173321398097, 32.876144301892595], [13.20625362654447, 32.87614128088687], [13.206252187706461, 32.87611430330112], [13.206525225204114, 32.87610403187775]]]}}, {"id": "48", "type": "Feature", "properties": {"id": "48", "building_id": "57bd10aadb494c40af07", "source_tile": "libya_122012230.csv.gz", "source_line": 386558, "footprint_area_m2": 1467.9378994717244, "building_height_m": null, "building_height_known": false, "height_source": "unavailable", "canonical_longitude": 13.197446925212306, "canonical_latitude": 32.87565470605489, "structural_survey_required": true, "owner_permission_verified": false, "power_verified": false, "backhaul_verified": false, "roof_usable_area_m2": null, "candidate_status": "preliminary_footprint_review", "h3_index": "88384b29cbfffff", "area_priority_rank": 10, "elevation_m": 19.0, "dist_to_nearest_road_m": 31.60984554071804, "dist_to_nearest_site_m": 375.8503893082801, "population_sum_3km": 116063.46666290116, "feature_version": "gis_v2_density_circles_geodesic_20260922", "building_height_status": "Unavailable"}, "geometry": {"type": "Polygon", "coordinates": [[[13.19714706430326, 32.87573410833679], [13.197195613260476, 32.875641723807966], [13.197137245282423, 32.87562008868738], [13.197211554910755, 32.87547868357538], [13.197272167811015, 32.87550115085171], [13.197293965302027, 32.87545967198658], [13.197723822908895, 32.87561900645525], [13.197692113259428, 32.875679337675365], [13.197660685160706, 32.87566768830182], [13.197566547138928, 32.87584679639316], [13.197511607432864, 32.875826432069296], [13.197492782327028, 32.87586225457848], [13.19714706430326, 32.87573410833679]]]}}, {"id": "49", "type": "Feature", "properties": {"id": "49", "building_id": "13ae579dbc8aa06be2ec", "source_tile": "libya_122012230.csv.gz", "source_line": 299567, "footprint_area_m2": 1306.3972898483169, "building_height_m": null, "building_height_known": false, "height_source": "unavailable", "canonical_longitude": 13.206811832695132, "canonical_latitude": 32.87355624561025, "structural_survey_required": true, "owner_permission_verified": false, "power_verified": false, "backhaul_verified": false, "roof_usable_area_m2": null, "candidate_status": "preliminary_footprint_review", "h3_index": "88384b29cbfffff", "area_priority_rank": 10, "elevation_m": 17.0, "dist_to_nearest_road_m": 345.0380802041808, "dist_to_nearest_site_m": 350.11654522672916, "population_sum_3km": 119273.96215881212, "feature_version": "gis_v2_density_circles_geodesic_20260922", "building_height_status": "Unavailable"}, "geometry": {"type": "Polygon", "coordinates": [[[13.206681205892878, 32.87384036599509], [13.206715064165383, 32.873625619269866], [13.206696612251827, 32.87362356714833], [13.20672767808949, 32.87342653103104], [13.206769853891899, 32.87343122160492], [13.20680266500137, 32.873223115578355], [13.207003000062869, 32.87324539585307], [13.206964604083753, 32.87348892407218], [13.2069277002566, 32.87348481982274], [13.206868361016117, 32.873861180317526], [13.206681205892878, 32.87384036599509]]]}}, {"id": "50", "type": "Feature", "properties": {"id": "50", "building_id": "ab8d3f14b06c7f79d27d", "source_tile": "libya_122012230.csv.gz", "source_line": 299834, "footprint_area_m2": 4139.102429367576, "building_height_m": null, "building_height_known": false, "height_source": "unavailable", "canonical_longitude": 13.216104167004906, "canonical_latitude": 32.87278638108458, "structural_survey_required": true, "owner_permission_verified": false, "power_verified": false, "backhaul_verified": false, "roof_usable_area_m2": null, "candidate_status": "preliminary_footprint_review", "h3_index": "88384b29ddfffff", "area_priority_rank": 11, "elevation_m": 19.0, "dist_to_nearest_road_m": 415.9440432962106, "dist_to_nearest_site_m": 292.92366596620826, "population_sum_3km": 122704.69754808286, "feature_version": "gis_v2_density_circles_geodesic_20260922", "building_height_status": "Unavailable"}, "geometry": {"type": "Polygon", "coordinates": [[[13.216488895986945, 32.873194834362025], [13.21610654662913, 32.873307187670456], [13.215719437807252, 32.87237792780713], [13.216101787165027, 32.87226557332108], [13.216488895986945, 32.873194834362025]]]}}, {"id": "51", "type": "Feature", "properties": {"id": "51", "building_id": "86b69e56a171432e65af", "source_tile": "libya_122012230.csv.gz", "source_line": 103453, "footprint_area_m2": 2663.955565045685, "building_height_m": null, "building_height_known": false, "height_source": "unavailable", "canonical_longitude": 13.208701051729028, "canonical_latitude": 32.87481065142421, "structural_survey_required": true, "owner_permission_verified": false, "power_verified": false, "backhaul_verified": false, "roof_usable_area_m2": null, "candidate_status": "preliminary_footprint_review", "h3_index": "88384b29ddfffff", "area_priority_rank": 11, "elevation_m": 22.0, "dist_to_nearest_road_m": 191.4464605172374, "dist_to_nearest_site_m": 215.69322422928263, "population_sum_3km": 119274.25702618383, "feature_version": "gis_v2_density_circles_geodesic_20260922", "building_height_status": "Unavailable"}, "geometry": {"type": "Polygon", "coordinates": [[[13.209024936663937, 32.8749953610272], [13.208425803858571, 32.87504448924455], [13.208377182178609, 32.87462594182123], [13.20850205733938, 32.874615709492424], [13.20850050201571, 32.87460232084806], [13.20891096245219, 32.87456868751541], [13.208916150548461, 32.87461331603713], [13.208979916156656, 32.8746080910529], [13.209024936663937, 32.8749953610272]]]}}, {"id": "52", "type": "Feature", "properties": {"id": "52", "building_id": "1f97a1ac9db425e80d3b", "source_tile": "libya_122012230.csv.gz", "source_line": 244373, "footprint_area_m2": 1957.687394846873, "building_height_m": null, "building_height_known": false, "height_source": "unavailable", "canonical_longitude": 13.209100662358022, "canonical_latitude": 32.87076111657404, "structural_survey_required": true, "owner_permission_verified": false, "power_verified": false, "backhaul_verified": false, "roof_usable_area_m2": null, "candidate_status": "preliminary_footprint_review", "h3_index": "88384b29ddfffff", "area_priority_rank": 11, "elevation_m": 16.0, "dist_to_nearest_road_m": 640.5265936554566, "dist_to_nearest_site_m": 400.63486014951104, "population_sum_3km": 120337.36295800084, "feature_version": "gis_v2_density_circles_geodesic_20260922", "building_height_status": "Unavailable"}, "geometry": {"type": "Polygon", "coordinates": [[[13.208916640806297, 32.870508017005484], [13.209292092450472, 32.87051192346266], [13.209284683909889, 32.87101421612045], [13.208909232265755, 32.87101030968542], [13.208916640806297, 32.870508017005484]]]}}, {"id": "53", "type": "Feature", "properties": {"id": "53", "building_id": "3bdfc9f0ef3e8be83b2d", "source_tile": "libya_122012230.csv.gz", "source_line": 649443, "footprint_area_m2": 1921.0508520801068, "building_height_m": null, "building_height_known": false, "height_source": "unavailable", "canonical_longitude": 13.210935053129427, "canonical_latitude": 32.8679593445498, "structural_survey_required": true, "owner_permission_verified": false, "power_verified": false, "backhaul_verified": false, "roof_usable_area_m2": null, "candidate_status": "preliminary_footprint_review", "h3_index": "88384b29ddfffff", "area_priority_rank": 11, "elevation_m": 20.0, "dist_to_nearest_road_m": 804.2864643415419, "dist_to_nearest_site_m": 446.78653645557233, "population_sum_3km": 120631.89568907653, "feature_version": "gis_v2_density_circles_geodesic_20260922", "building_height_status": "Unavailable"}, "geometry": {"type": "Polygon", "coordinates": [[[13.21098973877083, 32.86727880860556], [13.211099186010182, 32.867285165329584], [13.211050066710595, 32.867881799644465], [13.21102775980727, 32.86782846200821], [13.210987594695434, 32.867826129222465], [13.21097024330383, 32.86803688945514], [13.211012954421633, 32.86803937010678], [13.21101051998606, 32.868068940155275], [13.210945873013165, 32.86808801377365], [13.21096294419779, 32.86812883226035], [13.210993176038222, 32.86813058811669], [13.210996409908994, 32.86809134741252], [13.211107385803347, 32.86809779938588], [13.211100279346644, 32.868184118394716], [13.210956129324046, 32.868175746208856], [13.210952252949344, 32.8682228307995], [13.21098161684282, 32.868224536243915], [13.210973310325587, 32.868325431709195], [13.211005343663928, 32.868327292191864], [13.210996114200295, 32.86843939812737], [13.211052172542423, 32.86844265396785], [13.211062882251383, 32.868312568183164], [13.211126558114286, 32.868293781131335], [13.211167022854085, 32.86829613130704], [13.211209511254921, 32.86839772399652], [13.211128677696276, 32.86839302922145], [13.211113725965182, 32.86857464063115], [13.210844112034042, 32.86855898161107], [13.210908718279395, 32.86777423814444], [13.210948759952332, 32.867776563762256], [13.21098973877083, 32.86727880860556]]]}}, {"id": "54", "type": "Feature", "properties": {"id": "54", "building_id": "dba680318f84a7a7d55f", "source_tile": "libya_122012230.csv.gz", "source_line": 656848, "footprint_area_m2": 1890.5931140327132, "building_height_m": null, "building_height_known": false, "height_source": "unavailable", "canonical_longitude": 13.208848983321353, "canonical_latitude": 32.87342911228733, "structural_survey_required": true, "owner_permission_verified": false, "power_verified": false, "backhaul_verified": false, "roof_usable_area_m2": null, "candidate_status": "preliminary_footprint_review", "h3_index": "88384b29ddfffff", "area_priority_rank": 11, "elevation_m": 17.0, "dist_to_nearest_road_m": 344.65474043258814, "dist_to_nearest_site_m": 365.1929773146211, "population_sum_3km": 119907.94906177878, "feature_version": "gis_v2_density_circles_geodesic_20260922", "building_height_status": "Unavailable"}, "geometry": {"type": "Polygon", "coordinates": [[[13.208585134468237, 32.87311398804621], [13.208934944591423, 32.87311004005072], [13.208936133799716, 32.87318436634071], [13.20902075730352, 32.87318341127133], [13.209025489365981, 32.8734807160909], [13.208812167844414, 32.87348312365099], [13.208815086810205, 32.87366556002928], [13.208615407130132, 32.873667813621964], [13.20861262654697, 32.87349311633579], [13.208674306332128, 32.87349242383957], [13.208672462342047, 32.87337657023223], [13.208589328796322, 32.87337750848376], [13.208585134468237, 32.87311398804621]]]}}, {"id": "55", "type": "Feature", "properties": {"id": "55", "building_id": "3be155f2ab7ed62d5e07", "source_tile": "libya_122012230.csv.gz", "source_line": 23186, "footprint_area_m2": 2503.3563881955183, "building_height_m": null, "building_height_known": false, "height_source": "unavailable", "canonical_longitude": 13.243072710171617, "canonical_latitude": 32.86377354588821, "structural_survey_required": true, "owner_permission_verified": false, "power_verified": false, "backhaul_verified": false, "roof_usable_area_m2": null, "candidate_status": "preliminary_footprint_review", "h3_index": "88384b28a5fffff", "area_priority_rank": 12, "elevation_m": 17.0, "dist_to_nearest_road_m": 887.5334810519306, "dist_to_nearest_site_m": 398.79961619830385, "population_sum_3km": 113597.4053088446, "feature_version": "gis_v2_density_circles_geodesic_20260922", "building_height_status": "Unavailable"}, "geometry": {"type": "Polygon", "coordinates": [[[13.242707122622717, 32.863892980272446], [13.242744646840968, 32.86349444637561], [13.242901913500065, 32.86350489370355], [13.242889475697357, 32.86363699220054], [13.243001428234358, 32.863644429269605], [13.242996333249565, 32.86369854164646], [13.243129995095035, 32.863674819183736], [13.243129509804866, 32.86367997331137], [13.243408170391554, 32.863698484878455], [13.243445919925012, 32.86384855012996], [13.2433765984409, 32.863860853365814], [13.243518104810361, 32.86387025368854], [13.243512775680104, 32.86392680266943], [13.243450492685103, 32.86393785669858], [13.243536526124036, 32.86394357192828], [13.243532279234875, 32.863988676774], [13.243485906757897, 32.86399690698778], [13.243471606651918, 32.86414878363861], [13.243331346598666, 32.864139466138425], [13.243271980259461, 32.86390346852722], [13.243389364176888, 32.86391126638245], [13.243393158760735, 32.86387096529159], [13.243311940977236, 32.86386556996305], [13.24320109961091, 32.86388524217824], [13.243217369159538, 32.86388632297039], [13.243210201612223, 32.86396244722461], [13.243023522783588, 32.863950046090686], [13.243014300827989, 32.863913386230486], [13.242707122622717, 32.863892980272446]]]}}, {"id": "56", "type": "Feature", "properties": {"id": "56", "building_id": "7d646d3c9ccdeb023b7b", "source_tile": "libya_122012230.csv.gz", "source_line": 329335, "footprint_area_m2": 2069.8585759808107, "building_height_m": null, "building_height_known": false, "height_source": "unavailable", "canonical_longitude": 13.239395546854027, "canonical_latitude": 32.862372396721085, "structural_survey_required": true, "owner_permission_verified": false, "power_verified": false, "backhaul_verified": false, "roof_usable_area_m2": null, "candidate_status": "preliminary_footprint_review", "h3_index": "88384b28a5fffff", "area_priority_rank": 12, "elevation_m": 11.0, "dist_to_nearest_road_m": 622.5917781081372, "dist_to_nearest_site_m": 281.717194822093, "population_sum_3km": 114190.58953821416, "feature_version": "gis_v2_density_circles_geodesic_20260922", "building_height_status": "Unavailable"}, "geometry": {"type": "Polygon", "coordinates": [[[13.239218737161625, 32.86264371359515], [13.239212701913443, 32.86261362123058], [13.239421026577842, 32.86208836360175], [13.239589084832875, 32.86213540226266], [13.239590693707669, 32.86213134658182], [13.239681666848448, 32.86215680949745], [13.23969456171782, 32.86222110495344], [13.239722172970424, 32.86215150204872], [13.239818741279375, 32.862178525339694], [13.2397645299115, 32.862315182164096], [13.239539886708261, 32.86225230578242], [13.239536683346845, 32.86223633342559], [13.239460026610486, 32.86242961127808], [13.239519792150162, 32.862446335777214], [13.239531464745973, 32.862504536634084], [13.239639830285594, 32.862534867464504], [13.239668096606959, 32.8624636135029], [13.239680771342538, 32.862526811125605], [13.23970396404286, 32.8625235292486], [13.239779205248524, 32.862544588783656], [13.23974381669412, 32.862633815176096], [13.23972352979304, 32.86262813700769], [13.239686525672232, 32.862721417097184], [13.239568231976872, 32.862688307507774], [13.239551338791301, 32.86273089187976], [13.239405034474881, 32.86268994231327], [13.239393868425395, 32.86263426726984], [13.23937299671947, 32.86268688073193], [13.239218737161625, 32.86264371359515]]]}}, {"id": "57", "type": "Feature", "properties": {"id": "57", "building_id": "0e342b6e622f89b51f74", "source_tile": "libya_122012230.csv.gz", "source_line": 376791, "footprint_area_m2": 1465.973366937218, "building_height_m": null, "building_height_known": false, "height_source": "unavailable", "canonical_longitude": 13.247618745948232, "canonical_latitude": 32.866596397350435, "structural_survey_required": true, "owner_permission_verified": false, "power_verified": false, "backhaul_verified": false, "roof_usable_area_m2": null, "candidate_status": "preliminary_footprint_review", "h3_index": "88384b28a5fffff", "area_priority_rank": 12, "elevation_m": 11.0, "dist_to_nearest_road_m": 1177.3924586022497, "dist_to_nearest_site_m": 51.65901681172127, "population_sum_3km": 114446.36506705165, "feature_version": "gis_v2_density_circles_geodesic_20260922", "building_height_status": "Unavailable"}, "geometry": {"type": "Polygon", "coordinates": [[[13.247449332609612, 32.866428827537156], [13.247506351442828, 32.86642936719685], [13.24748752393, 32.86642468322367], [13.247712020296657, 32.86642680798907], [13.247717800449532, 32.866410420599856], [13.247718305174194, 32.86637279811376], [13.247779350379165, 32.866373375881764], [13.247816022652504, 32.86638249934066], [13.247815854865719, 32.86639492906764], [13.247797787189484, 32.866446165082536], [13.247797044657048, 32.86650151385542], [13.247791468086882, 32.86651732778417], [13.247789346565643, 32.86667546691669], [13.247779504672902, 32.866703376307285], [13.247778650583744, 32.86676664740334], [13.24775930387235, 32.866821510253594], [13.247666986264392, 32.866820636509445], [13.247654520561403, 32.86685597802444], [13.247444303764272, 32.866803679806736], [13.247449332609612, 32.866428827537156]]]}}, {"id": "58", "type": "Feature", "properties": {"id": "58", "building_id": "79b98c2b124879dc9287", "source_tile": "libya_122012230.csv.gz", "source_line": 144032, "footprint_area_m2": 1272.6622150790176, "building_height_m": null, "building_height_known": false, "height_source": "unavailable", "canonical_longitude": 13.237254009483653, "canonical_latitude": 32.863548976164104, "structural_survey_required": true, "owner_permission_verified": false, "power_verified": false, "backhaul_verified": false, "roof_usable_area_m2": null, "candidate_status": "preliminary_footprint_review", "h3_index": "88384b28a5fffff", "area_priority_rank": 12, "elevation_m": 15.0, "dist_to_nearest_road_m": 388.5943367966081, "dist_to_nearest_site_m": 426.6323219943191, "population_sum_3km": 116547.50818895854, "feature_version": "gis_v2_density_circles_geodesic_20260922", "building_height_status": "Unavailable"}, "geometry": {"type": "Polygon", "coordinates": [[[13.23734010110063, 32.86394834332381], [13.237188020929533, 32.86393904523092], [13.237207247190316, 32.86371717814074], [13.237156553799952, 32.86371407876849], [13.237175585856082, 32.863494452205714], [13.237180922002448, 32.863494778456236], [13.237194904737578, 32.863333419819256], [13.23716555593263, 32.86333162543807], [13.237175460370022, 32.86321732955694], [13.237383570077888, 32.86323005336628], [13.237378714961498, 32.86328608076936], [13.237338693863823, 32.86328363388462], [13.23732859522182, 32.863400170772884], [13.237349939807238, 32.86340147577637], [13.237332461388327, 32.86360317387197], [13.23738164334963, 32.86360618083988], [13.237371942404504, 32.86371823570327], [13.237360104180063, 32.86371751191929], [13.23734010110063, 32.86394834332381]]]}}, {"id": "59", "type": "Feature", "properties": {"id": "59", "building_id": "827fabde342bff255409", "source_tile": "libya_122012230.csv.gz", "source_line": 623266, "footprint_area_m2": 1190.0955681348069, "building_height_m": null, "building_height_known": false, "height_source": "unavailable", "canonical_longitude": 13.247424732232943, "canonical_latitude": 32.86522301843255, "structural_survey_required": true, "owner_permission_verified": false, "power_verified": false, "backhaul_verified": false, "roof_usable_area_m2": null, "candidate_status": "preliminary_footprint_review", "h3_index": "88384b28a5fffff", "area_priority_rank": 12, "elevation_m": 19.0, "dist_to_nearest_road_m": 1209.4340068647598, "dist_to_nearest_site_m": 187.18098128798258, "population_sum_3km": 113050.46999991943, "feature_version": "gis_v2_density_circles_geodesic_20260922", "building_height_status": "Unavailable"}, "geometry": {"type": "Polygon", "coordinates": [[[13.247686828989455, 32.86504154409702], [13.247689487843992, 32.86512033295794], [13.247634494795877, 32.8651216455084], [13.247637007900842, 32.86519593193587], [13.247515111439597, 32.86519884130577], [13.247516858686863, 32.86525061675902], [13.247660199819187, 32.865247195559334], [13.247665835266655, 32.865413776922686], [13.247340236839914, 32.86542154814015], [13.247327702239836, 32.86505011558734], [13.247686828989455, 32.86504154409702]]]}}, {"id": "60", "type": "Feature", "properties": {"id": "60", "building_id": "23b7ae7fb6b7d3131009", "source_tile": "libya_122012230.csv.gz", "source_line": 204649, "footprint_area_m2": 1792.752661290793, "building_height_m": null, "building_height_known": false, "height_source": "unavailable", "canonical_longitude": 13.21076443299277, "canonical_latitude": 32.88465033426989, "structural_survey_required": true, "owner_permission_verified": false, "power_verified": false, "backhaul_verified": false, "roof_usable_area_m2": null, "candidate_status": "preliminary_footprint_review", "h3_index": "88384b2837fffff", "area_priority_rank": 13, "elevation_m": 14.0, "dist_to_nearest_road_m": 506.1168522661643, "dist_to_nearest_site_m": 823.2280684925133, "population_sum_3km": null, "feature_version": "gis_v2_density_circles_geodesic_20260922", "building_height_status": "Unavailable"}, "geometry": {"type": "Polygon", "coordinates": [[[13.211180996354122, 32.8847562632529], [13.210770639410775, 32.884898344399154], [13.210707310628198, 32.88476935898259], [13.21067063067796, 32.884782058980704], [13.210621479981048, 32.884681950781136], [13.210639819956187, 32.88467560077514], [13.210584052819318, 32.88456201632669], [13.21054508037217, 32.8845755101062], [13.210492148852442, 32.88446770101994], [13.210684718591237, 32.88440102577297], [13.210698896676863, 32.8844299032414], [13.210852493968508, 32.88437672177577], [13.210974425505055, 32.88462506776465], [13.210827705704107, 32.88467586782894], [13.210850390641117, 32.884722071630584], [13.21094090933206, 32.88469073058198], [13.210937129057765, 32.88468302975738], [13.211114831954443, 32.88462150214946], [13.211180996354122, 32.8847562632529]]]}}, {"id": "61", "type": "Feature", "properties": {"id": "61", "building_id": "dfd00fd6acdeb56d5b70", "source_tile": "libya_122012230.csv.gz", "source_line": 121830, "footprint_area_m2": 1491.485867581347, "building_height_m": null, "building_height_known": false, "height_source": "unavailable", "canonical_longitude": 13.21413976482472, "canonical_latitude": 32.879385160717014, "structural_survey_required": true, "owner_permission_verified": false, "power_verified": false, "backhaul_verified": false, "roof_usable_area_m2": null, "candidate_status": "preliminary_footprint_review", "h3_index": "88384b2837fffff", "area_priority_rank": 13, "elevation_m": 19.0, "dist_to_nearest_road_m": 315.8335099418226, "dist_to_nearest_site_m": 352.14981488005293, "population_sum_3km": 118358.35936955614, "feature_version": "gis_v2_density_circles_geodesic_20260922", "building_height_status": "Unavailable"}, "geometry": {"type": "Polygon", "coordinates": [[[13.213947605262529, 32.879219030637344], [13.214092134405181, 32.87910602873051], [13.214317460673906, 32.87903621856121], [13.214305859492729, 32.87907867246117], [13.214421272277818, 32.87910091626706], [13.214322256337972, 32.879131593187445], [13.214341977697316, 32.879176488412966], [13.214275697398147, 32.87922831046549], [13.214262254383167, 32.87927750434899], [13.214233733142876, 32.879272007387726], [13.214220529544264, 32.87924194973104], [13.214071792755258, 32.87928803098809], [13.21410053451579, 32.87935346082841], [13.214296104124216, 32.87929286998504], [13.214316513154444, 32.879311278907956], [13.214241800190747, 32.8793696940501], [13.21428193230358, 32.879405893136955], [13.214240064360908, 32.87943862801248], [13.214362719463942, 32.87940062738393], [13.214356667115958, 32.879422775538075], [13.21422176237498, 32.87946457130063], [13.214255729910164, 32.879541897316315], [13.21438321858642, 32.879502399210594], [13.214400126434382, 32.8795408893818], [13.214286805741953, 32.87957600465756], [13.214329597363559, 32.87967341829243], [13.214250479387388, 32.87965816977843], [13.214257537764471, 32.87967423792026], [13.214160740806541, 32.879704227166236], [13.213947605262529, 32.879219030637344]]]}}, {"id": "62", "type": "Feature", "properties": {"id": "62", "building_id": "fe9abf80e333eaebe46b", "source_tile": "libya_122012230.csv.gz", "source_line": 668239, "footprint_area_m2": 1374.7081217506998, "building_height_m": null, "building_height_known": false, "height_source": "unavailable", "canonical_longitude": 13.21234274432913, "canonical_latitude": 32.88035816385461, "structural_survey_required": true, "owner_permission_verified": false, "power_verified": false, "backhaul_verified": false, "roof_usable_area_m2": null, "candidate_status": "preliminary_footprint_review", "h3_index": "88384b2837fffff", "area_priority_rank": 13, "elevation_m": 17.0, "dist_to_nearest_road_m": 423.7383309473968, "dist_to_nearest_site_m": 499.17362129423253, "population_sum_3km": 116773.95160073513, "feature_version": "gis_v2_density_circles_geodesic_20260922", "building_height_status": "Unavailable"}, "geometry": {"type": "Polygon", "coordinates": [[[13.212756877651577, 32.88012197210786], [13.212830535793923, 32.88033321405031], [13.212777956444768, 32.88034614143596], [13.212776327675808, 32.88037284067112], [13.21276326582125, 32.880372278687844], [13.212636722365417, 32.880403391190974], [13.212605954585213, 32.880315132248164], [13.212382087738991, 32.88037018627327], [13.212434692388628, 32.88052104917436], [13.212434653040383, 32.880521694180395], [13.212205530473904, 32.88057804057672], [13.212164744939914, 32.88057628579256], [13.21217599873625, 32.880392062353025], [13.212244508710702, 32.880395009978216], [13.212265557020476, 32.88038983371589], [13.212235557841696, 32.88030380010076], [13.212328499373406, 32.88028094908256], [13.212313648853552, 32.880238349562966], [13.21234169349648, 32.88023145272952], [13.212427428177476, 32.88023514648945], [13.212558709374669, 32.88020286136759], [13.212561005780255, 32.88016521797227], [13.212739874120874, 32.8801212405328], [13.212756877651577, 32.88012197210786]]]}}, {"id": "63", "type": "Feature", "properties": {"id": "63", "building_id": "1792571dea11901f864f", "source_tile": "libya_122012230.csv.gz", "source_line": 638150, "footprint_area_m2": 1361.043014985383, "building_height_m": null, "building_height_known": false, "height_source": "unavailable", "canonical_longitude": 13.212143931241918, "canonical_latitude": 32.88457652095685, "structural_survey_required": true, "owner_permission_verified": false, "power_verified": false, "backhaul_verified": false, "roof_usable_area_m2": null, "candidate_status": "preliminary_footprint_review", "h3_index": "88384b2837fffff", "area_priority_rank": 13, "elevation_m": 12.0, "dist_to_nearest_road_m": 536.2702228814856, "dist_to_nearest_site_m": 796.2379568848545, "population_sum_3km": null, "feature_version": "gis_v2_density_circles_geodesic_20260922", "building_height_status": "Unavailable"}, "geometry": {"type": "Polygon", "coordinates": [[[13.212044924648264, 32.884362854545365], [13.212058594989685, 32.88441197853423], [13.212085283874465, 32.88440674247621], [13.212108144080874, 32.88448891454121], [13.2122861787524, 32.8844539757083], [13.212290654224672, 32.88447006299708], [13.21234660884613, 32.8844590853386], [13.212403651458322, 32.88466412737249], [13.211957329759962, 32.8847516903582], [13.211859259919393, 32.8843992798817], [13.212044924648264, 32.884362854545365]]]}}, {"id": "64", "type": "Feature", "properties": {"id": "64", "building_id": "482cd70ec5c0f359dedb", "source_tile": "libya_122012230.csv.gz", "source_line": 461316, "footprint_area_m2": 1348.9384611197536, "building_height_m": null, "building_height_known": false, "height_source": "unavailable", "canonical_longitude": 13.211725503627678, "canonical_latitude": 32.877443279378, "structural_survey_required": true, "owner_permission_verified": false, "power_verified": false, "backhaul_verified": false, "roof_usable_area_m2": null, "candidate_status": "preliminary_footprint_review", "h3_index": "88384b2837fffff", "area_priority_rank": 13, "elevation_m": 16.0, "dist_to_nearest_road_m": 100.49020898557026, "dist_to_nearest_site_m": 171.45100500529347, "population_sum_3km": 118803.12283512576, "feature_version": "gis_v2_density_circles_geodesic_20260922", "building_height_status": "Unavailable"}, "geometry": {"type": "Polygon", "coordinates": [[[13.211856932856652, 32.8771852435589], [13.21186446106319, 32.8772567679178], [13.211900578472612, 32.877254084511634], [13.211907293757022, 32.87731783489719], [13.211972304555605, 32.87731300863064], [13.211999963571163, 32.87757579211739], [13.211958555245037, 32.877590960394635], [13.211958667506355, 32.87759117658499], [13.211971597850592, 32.87771402524385], [13.211845408084395, 32.87772339326715], [13.21182373295834, 32.877517625001055], [13.211871307850167, 32.877500200631836], [13.211858892925278, 32.87738224858972], [13.211823163217527, 32.87738490108689], [13.211826466131908, 32.87741625669017], [13.211854534765767, 32.877470302065824], [13.211792405100834, 32.87749305714759], [13.211776800584833, 32.877494215592094], [13.211780799969137, 32.87753221301575], [13.211621115177628, 32.87754406765294], [13.211602059287802, 32.877363020983054], [13.211680426398962, 32.87735720317457], [13.211749838880685, 32.877331776631046], [13.211674006313698, 32.87733740628194], [13.21165878373514, 32.8773080908855], [13.211623376655952, 32.87731072151484], [13.211612084346104, 32.877203435020164], [13.211856932856652, 32.8771852435589]]]}}, {"id": "65", "type": "Feature", "properties": {"id": "65", "building_id": "bc35740b988644eb6477", "source_tile": "libya_122012230.csv.gz", "source_line": 316528, "footprint_area_m2": 3458.142608161727, "building_height_m": null, "building_height_known": false, "height_source": "unavailable", "canonical_longitude": 13.173754566954672, "canonical_latitude": 32.84910492832385, "structural_survey_required": true, "owner_permission_verified": false, "power_verified": false, "backhaul_verified": false, "roof_usable_area_m2": null, "candidate_status": "preliminary_footprint_review", "h3_index": "88384b29edfffff", "area_priority_rank": 14, "elevation_m": 24.0, "dist_to_nearest_road_m": 20.870661997985486, "dist_to_nearest_site_m": 385.89661046486805, "population_sum_3km": 111028.16133366479, "feature_version": "gis_v2_density_circles_geodesic_20260922", "building_height_status": "Unavailable"}, "geometry": {"type": "Polygon", "coordinates": [[[13.173196116269793, 32.84887874584451], [13.173278450733758, 32.84886080959579], [13.173314452764036, 32.84890930006266], [13.17339084721568, 32.848892657828834], [13.173369992853804, 32.84882509413715], [13.17361126177872, 32.84877253458079], [13.17366535277976, 32.84894777790357], [13.173919187794487, 32.8488924809459], [13.173971975397976, 32.849063501310916], [13.17400213401358, 32.84905693138572], [13.174029651365778, 32.84914608150353], [13.173999637646547, 32.849161810610795], [13.17402355318106, 32.84923929155175], [13.174068791104467, 32.849229436683295], [13.174097465852043, 32.849322336322814], [13.17344905561638, 32.84946358918478], [13.173417774073624, 32.849362244279995], [13.173701767703957, 32.84930037767345], [13.17367439635401, 32.84921170072499], [13.173370296979927, 32.84927794733287], [13.173327936557397, 32.84914070912614], [13.173616956623677, 32.849077747377805], [13.1735882818761, 32.848984847482235], [13.173646085889356, 32.848972255114035], [13.173635149574503, 32.84893682382089], [13.17354048944277, 32.84898642632196], [13.173565853410976, 32.849068600021766], [13.173274320126742, 32.84913210926989], [13.173196116269793, 32.84887874584451]]]}}, {"id": "66", "type": "Feature", "properties": {"id": "66", "building_id": "bb359067348c615bbb90", "source_tile": "libya_122012230.csv.gz", "source_line": 153449, "footprint_area_m2": 3438.24514243817, "building_height_m": null, "building_height_known": false, "height_source": "unavailable", "canonical_longitude": 13.170671676750864, "canonical_latitude": 32.84926417770696, "structural_survey_required": true, "owner_permission_verified": false, "power_verified": false, "backhaul_verified": false, "roof_usable_area_m2": null, "candidate_status": "preliminary_footprint_review", "h3_index": "88384b29edfffff", "area_priority_rank": 14, "elevation_m": 21.0, "dist_to_nearest_road_m": 299.6661023607341, "dist_to_nearest_site_m": 446.90931838393874, "population_sum_3km": 110992.28412465384, "feature_version": "gis_v2_density_circles_geodesic_20260922", "building_height_status": "Unavailable"}, "geometry": {"type": "Polygon", "coordinates": [[[13.170240755503961, 32.848912834180304], [13.170477198353101, 32.84886167357676], [13.17055429254645, 32.84911313878128], [13.170766978519882, 32.84906711870527], [13.170786418983562, 32.84913051214339], [13.170847901148361, 32.8491172089021], [13.170851788250562, 32.84912988780053], [13.170947371529973, 32.84910920590855], [13.171061650389348, 32.849481958455584], [13.17050325224914, 32.84960281445971], [13.170440411826117, 32.84939784327052], [13.170392620994305, 32.84940818681866], [13.170291935682776, 32.84907977324894], [13.170291935682776, 32.84907977324894], [13.170240755503961, 32.848912834180304]]]}}, {"id": "67", "type": "Feature", "properties": {"id": "67", "building_id": "0ab9fade546e45c854b1", "source_tile": "libya_122012230.csv.gz", "source_line": 289590, "footprint_area_m2": 3367.4795387215945, "building_height_m": null, "building_height_known": false, "height_source": "unavailable", "canonical_longitude": 13.174919973979824, "canonical_latitude": 32.850292869267605, "structural_survey_required": true, "owner_permission_verified": false, "power_verified": false, "backhaul_verified": false, "roof_usable_area_m2": null, "candidate_status": "preliminary_footprint_review", "h3_index": "88384b29edfffff", "area_priority_rank": 14, "elevation_m": 16.0, "dist_to_nearest_road_m": 39.76709936914287, "dist_to_nearest_site_m": 306.9560148077755, "population_sum_3km": 112090.34976557503, "feature_version": "gis_v2_density_circles_geodesic_20260922", "building_height_status": "Unavailable"}, "geometry": {"type": "Polygon", "coordinates": [[[13.174731198836014, 32.84977073913092], [13.17530987816571, 32.84978737724588], [13.175307585917476, 32.8498436441192], [13.175342413840102, 32.84984464548649], [13.175340420942337, 32.84989356429762], [13.175269948701892, 32.84991160126141], [13.175268179865135, 32.84995502011148], [13.175239243915101, 32.84987523008887], [13.175237124925916, 32.84992724399379], [13.174872771273867, 32.84991676816049], [13.174869653816295, 32.84999329098787], [13.174953016357765, 32.84999568781131], [13.17506606860233, 32.85030742518641], [13.175067304902992, 32.85027707838539], [13.175110169935994, 32.8502783133488], [13.175107457928416, 32.8503448835097], [13.175172114460905, 32.85034674249429], [13.175110212651667, 32.8503625858249], [13.175131201079342, 32.85042046048002], [13.175128331725308, 32.850490892824176], [13.175100333743174, 32.850498058698534], [13.175166234318652, 32.850679776197765], [13.175164847386203, 32.85071382031921], [13.17526933115408, 32.850716824391604], [13.175265074356407, 32.85082131312782], [13.174967693012135, 32.850812745472005], [13.174716919438989, 32.85012124909478], [13.174731198836014, 32.84977073913092]]]}}, {"id": "68", "type": "Feature", "properties": {"id": "68", "building_id": "719ad829bc4867cbb707", "source_tile": "libya_122012230.csv.gz", "source_line": 147622, "footprint_area_m2": 3018.0537550069216, "building_height_m": null, "building_height_known": false, "height_source": "unavailable", "canonical_longitude": 13.1733733730077, "canonical_latitude": 32.84680138747689, "structural_survey_required": true, "owner_permission_verified": false, "power_verified": false, "backhaul_verified": false, "roof_usable_area_m2": null, "candidate_status": "preliminary_footprint_review", "h3_index": "88384b29edfffff", "area_priority_rank": 14, "elevation_m": 25.0, "dist_to_nearest_road_m": 27.95489506723805, "dist_to_nearest_site_m": 129.8306243176583, "population_sum_3km": 108958.81874405094, "feature_version": "gis_v2_density_circles_geodesic_20260922", "building_height_status": "Unavailable"}, "geometry": {"type": "Polygon", "coordinates": [[[13.172877263585615, 32.846927790494874], [13.172888888274827, 32.846648712137345], [13.173186249324731, 32.846657454456874], [13.173187936779627, 32.84661694301345], [13.173354030339013, 32.846621826112695], [13.173353842844033, 32.84662632738485], [13.173510614881025, 32.846630936433755], [13.173509017990126, 32.84666919714231], [13.173705867682472, 32.84667498445891], [13.17370718014737, 32.84664347556629], [13.173870594778435, 32.84664827990444], [13.173857751371777, 32.846956616427555], [13.172877263585615, 32.846927790494874]]]}}, {"id": "69", "type": "Feature", "properties": {"id": "69", "building_id": "4640564ba09e2e34a982", "source_tile": "libya_122012230.csv.gz", "source_line": 34762, "footprint_area_m2": 2477.2154893928814, "building_height_m": null, "building_height_known": false, "height_source": "unavailable", "canonical_longitude": 13.171918529377892, "canonical_latitude": 32.8493480202108, "structural_survey_required": true, "owner_permission_verified": false, "power_verified": false, "backhaul_verified": false, "roof_usable_area_m2": null, "candidate_status": "preliminary_footprint_review", "h3_index": "88384b29edfffff", "area_priority_rank": 14, "elevation_m": 21.0, "dist_to_nearest_road_m": 192.2242343304982, "dist_to_nearest_site_m": 414.8139323851911, "population_sum_3km": 111166.64001037773, "feature_version": "gis_v2_density_circles_geodesic_20260922", "building_height_status": "Unavailable"}, "geometry": {"type": "Polygon", "coordinates": [[[13.172242627304488, 32.84900397444779], [13.172285826508464, 32.84914565109837], [13.172346235632727, 32.84913265107752], [13.172375894787699, 32.84922992149702], [13.17205764548223, 32.849298408531595], [13.172087957171268, 32.849397791666576], [13.172388579379035, 32.84933309804529], [13.172416304241281, 32.849424024539665], [13.172131877948043, 32.84948523275357], [13.172155734224877, 32.84956347170157], [13.172445194611818, 32.849501180210964], [13.172475498531032, 32.84960056479089], [13.172113043785654, 32.849678564476136], [13.172078226516785, 32.84956437802837], [13.171790207412698, 32.84962635931278], [13.171762475441898, 32.84953543455549], [13.172037916420285, 32.84947616000527], [13.172011481086482, 32.84938946270319], [13.171722020699583, 32.849451754272216], [13.17169494060154, 32.8493629423763], [13.171936577098432, 32.849310942408785], [13.171919410002806, 32.84925464111888], [13.171899273966847, 32.84925897556445], [13.17185131953558, 32.84910170379799], [13.172077853751446, 32.84905295368581], [13.172093566701907, 32.8491044860728], [13.172176627850307, 32.84908660645227], [13.172157047711837, 32.849022391170145], [13.172242627304488, 32.84900397444779]]]}}, {"id": "70", "type": "Feature", "properties": {"id": "70", "building_id": "0c18aa0ffed95be65160", "source_tile": "libya_122012230.csv.gz", "source_line": 237745, "footprint_area_m2": 6022.652543402563, "building_height_m": null, "building_height_known": false, "height_source": "unavailable", "canonical_longitude": 13.190797642582137, "canonical_latitude": 32.87307729211763, "structural_survey_required": true, "owner_permission_verified": false, "power_verified": false, "backhaul_verified": false, "roof_usable_area_m2": null, "candidate_status": "preliminary_footprint_review", "h3_index": "88384b29c9fffff", "area_priority_rank": 15, "elevation_m": 21.0, "dist_to_nearest_road_m": 156.08928538599332, "dist_to_nearest_site_m": 200.6604774336641, "population_sum_3km": 116903.42845554955, "feature_version": "gis_v2_density_circles_geodesic_20260922", "building_height_status": "Unavailable"}, "geometry": {"type": "Polygon", "coordinates": [[[13.191129900438412, 32.873200404920325], [13.191024865918251, 32.87329164096256], [13.19085525161185, 32.8732914914093], [13.19085511363442, 32.873401874247286], [13.190691499064847, 32.873401729984316], [13.190691634226411, 32.873293599858506], [13.190550423705055, 32.87329347534959], [13.19052416477934, 32.87327215128193], [13.190523927516251, 32.873450099998536], [13.19048190154399, 32.873450060472884], [13.190459598902894, 32.87341679753377], [13.190459545569876, 32.87345679757921], [13.190312024259029, 32.873456658834606], [13.190312608553324, 32.87301843402794], [13.189922184623178, 32.873018089780125], [13.18992238026448, 32.87286157475887], [13.190021461849257, 32.87286166794627], [13.190051967492069, 32.872886440756766], [13.190115505794807, 32.872856389692245], [13.190115672337829, 32.87272315333585], [13.19044558368307, 32.87272344422896], [13.190445104051696, 32.87310715430172], [13.190474063342062, 32.8731503453488], [13.19053168493312, 32.87310029348906], [13.190474674796508, 32.87305399719943], [13.190474954312279, 32.872830381760146], [13.190660088580234, 32.872669567845115], [13.190925326554659, 32.87266980171385], [13.191118688920099, 32.87282682630294], [13.191118404593176, 32.873054290746204], [13.191063758422906, 32.87310175809061], [13.191129900438412, 32.873200404920325]]]}}, {"id": "71", "type": "Feature", "properties": {"id": "71", "building_id": "3e3a5a4a0942cab45803", "source_tile": "libya_122012230.csv.gz", "source_line": 690420, "footprint_area_m2": 3331.5081879218656, "building_height_m": null, "building_height_known": false, "height_source": "unavailable", "canonical_longitude": 13.193130512521426, "canonical_latitude": 32.88151561418894, "structural_survey_required": true, "owner_permission_verified": false, "power_verified": false, "backhaul_verified": false, "roof_usable_area_m2": null, "candidate_status": "preliminary_footprint_review", "h3_index": "88384b29c9fffff", "area_priority_rank": 15, "elevation_m": 17.0, "dist_to_nearest_road_m": 311.57704733596205, "dist_to_nearest_site_m": 202.0344302350377, "population_sum_3km": 109223.11257481221, "feature_version": "gis_v2_density_circles_geodesic_20260922", "building_height_status": "Unavailable"}, "geometry": {"type": "Polygon", "coordinates": [[[13.1926181913556, 32.88170976555169], [13.19287827227376, 32.88145354991384], [13.192896802110985, 32.88134665584945], [13.192839060870956, 32.88116914145598], [13.192840238768975, 32.88116234643479], [13.192802010713972, 32.88113498130558], [13.19299739996727, 32.881090158083595], [13.193023990010118, 32.88109340885416], [13.193045253209679, 32.88110862988793], [13.193094940062512, 32.88111470728233], [13.193146225712638, 32.88127237531459], [13.193278239733953, 32.88136688366464], [13.193443725313792, 32.88138712479619], [13.19345958261966, 32.881435874964254], [13.193434989465548, 32.88157767846403], [13.193356101377006, 32.88159577566911], [13.193211290925575, 32.881578071939636], [13.193070431681466, 32.8816103938223], [13.19298323608708, 32.88169629346044], [13.193067766305226, 32.88175680805344], [13.193074526906067, 32.88177759210757], [13.193092295906057, 32.88177976444311], [13.19317113222489, 32.88183619812778], [13.193037909170101, 32.88196744076911], [13.192853011028305, 32.881835073741286], [13.19280773684774, 32.881845459767916], [13.1926181913556, 32.88170976555169]]]}}, {"id": "72", "type": "Feature", "properties": {"id": "72", "building_id": "3264dc9bb4a05082b247", "source_tile": "libya_122012230.csv.gz", "source_line": 64422, "footprint_area_m2": 2965.8234945537124, "building_height_m": null, "building_height_known": false, "height_source": "unavailable", "canonical_longitude": 13.192149902910348, "canonical_latitude": 32.877661834068846, "structural_survey_required": true, "owner_permission_verified": false, "power_verified": false, "backhaul_verified": false, "roof_usable_area_m2": null, "candidate_status": "preliminary_footprint_review", "h3_index": "88384b29c9fffff", "area_priority_rank": 15, "elevation_m": 17.0, "dist_to_nearest_road_m": 520.9103810833867, "dist_to_nearest_site_m": 425.22183988018617, "population_sum_3km": 113105.4622460409, "feature_version": "gis_v2_density_circles_geodesic_20260922", "building_height_status": "Unavailable"}, "geometry": {"type": "Polygon", "coordinates": [[[13.191688900081985, 32.877707784572884], [13.19161300269625, 32.877575564493014], [13.191633877736905, 32.877499358018135], [13.191675433760448, 32.87745342883807], [13.191800625259816, 32.877402742620966], [13.192049469270412, 32.87745082088774], [13.192098908762233, 32.877536961583615], [13.192145554002824, 32.87754597373308], [13.192166313277603, 32.87753757016731], [13.192146699060473, 32.87750339542675], [13.192198289174172, 32.877513362960094], [13.192224656759887, 32.87750268908888], [13.192306687368912, 32.877518537916295], [13.192348204506082, 32.877545032593275], [13.192370001175032, 32.877536209079665], [13.192526453348448, 32.87756642740944], [13.192614931176351, 32.87762289059466], [13.19265963360651, 32.877700777543026], [13.192642599501742, 32.8777629621517], [13.192567506349926, 32.87784595743932], [13.192484565818843, 32.877879532489104], [13.192271249612384, 32.877838318624], [13.192206997220897, 32.8777973152943], [13.19217952624868, 32.877749458458254], [13.192086009474515, 32.877731395975474], [13.19207277440064, 32.87770833930538], [13.19194214691317, 32.87776121852704], [13.191775121021134, 32.877728948164005], [13.191764995947835, 32.87772248673681], [13.191688900081985, 32.877707784572884]]]}}, {"id": "73", "type": "Feature", "properties": {"id": "73", "building_id": "4070729ffd5e5744fcc3", "source_tile": "libya_122012230.csv.gz", "source_line": 136633, "footprint_area_m2": 2594.536816681585, "building_height_m": null, "building_height_known": false, "height_source": "unavailable", "canonical_longitude": 13.191760637737808, "canonical_latitude": 32.87836565588425, "structural_survey_required": true, "owner_permission_verified": false, "power_verified": false, "backhaul_verified": false, "roof_usable_area_m2": null, "candidate_status": "preliminary_footprint_review", "h3_index": "88384b29c9fffff", "area_priority_rank": 15, "elevation_m": 18.0, "dist_to_nearest_road_m": 596.2400158659186, "dist_to_nearest_site_m": 350.0933249274819, "population_sum_3km": 112297.8092955367, "feature_version": "gis_v2_density_circles_geodesic_20260922", "building_height_status": "Unavailable"}, "geometry": {"type": "Polygon", "coordinates": [[[13.191902313560714, 32.8782193539481], [13.191815335914509, 32.878627519951415], [13.191454074516953, 32.87857324510994], [13.191474539845466, 32.87847720616063], [13.19162166819261, 32.87849931031535], [13.191699514757245, 32.87813385100319], [13.191759291823022, 32.87814283529277], [13.191774434952052, 32.87807174402994], [13.191409024891483, 32.87801684556125], [13.191431815825542, 32.87790989241702], [13.191714048148775, 32.8779522944848], [13.19170355514439, 32.87800155524388], [13.19185794944989, 32.87802476021541], [13.191869577336345, 32.87797019296794], [13.192432503413855, 32.87805479896204], [13.192400230336446, 32.8782063088131], [13.1922063435983, 32.87817717971], [13.192217041383678, 32.87812697732061], [13.191870324914383, 32.87807488737255], [13.191855911624263, 32.8781425523166], [13.192148043569416, 32.87818644156989], [13.192133624815266, 32.87825410560788], [13.191902313560714, 32.8782193539481]]]}}, {"id": "74", "type": "Feature", "properties": {"id": "74", "building_id": "10a8a2f3a51798fe58c9", "source_tile": "libya_122012230.csv.gz", "source_line": 222813, "footprint_area_m2": 2549.0739166438207, "building_height_m": null, "building_height_known": false, "height_source": "unavailable", "canonical_longitude": 13.195165412261971, "canonical_latitude": 32.87499467240397, "structural_survey_required": true, "owner_permission_verified": false, "power_verified": false, "backhaul_verified": false, "roof_usable_area_m2": null, "candidate_status": "preliminary_footprint_review", "h3_index": "88384b29c9fffff", "area_priority_rank": 15, "elevation_m": 20.0, "dist_to_nearest_road_m": 120.69848321490893, "dist_to_nearest_site_m": 190.87714268184763, "population_sum_3km": 116108.20350498096, "feature_version": "gis_v2_density_circles_geodesic_20260922", "building_height_status": "Unavailable"}, "geometry": {"type": "Polygon", "coordinates": [[[13.194809280810912, 32.87514013897548], [13.195132668013168, 32.874663229805], [13.195521543919963, 32.874849205832454], [13.19519814501367, 32.87532613126273], [13.194809280810912, 32.87514013897548]]]}}, {"id": "75", "type": "Feature", "properties": {"id": "75", "building_id": "8e2f90017514d515ae7b", "source_tile": "libya_122012230.csv.gz", "source_line": 649736, "footprint_area_m2": 3646.527423663933, "building_height_m": null, "building_height_known": false, "height_source": "unavailable", "canonical_longitude": 13.245100398492045, "canonical_latitude": 32.8540729656261, "structural_survey_required": true, "owner_permission_verified": false, "power_verified": false, "backhaul_verified": false, "roof_usable_area_m2": null, "candidate_status": "preliminary_footprint_review", "h3_index": "88384b299bfffff", "area_priority_rank": 16, "elevation_m": 15.0, "dist_to_nearest_road_m": 614.5962649742893, "dist_to_nearest_site_m": 238.19344267914713, "population_sum_3km": 102336.24663597769, "feature_version": "gis_v2_density_circles_geodesic_20260922", "building_height_status": "Unavailable"}, "geometry": {"type": "Polygon", "coordinates": [[[13.24532762817519, 32.85379842807475], [13.24519199694642, 32.8546047378146], [13.245170959552395, 32.85460223932821], [13.245162238220217, 32.85465408624664], [13.245112273924917, 32.85464815522471], [13.245097213827467, 32.85473768501902], [13.245155066661072, 32.85474455584596], [13.24514188602269, 32.85482291248606], [13.245031438633097, 32.854809801830406], [13.245044444493445, 32.85473248420475], [13.244998571043167, 32.85472703879225], [13.244985558867231, 32.854804355672954], [13.24484735965044, 32.854787950733346], [13.244859993914794, 32.854712842165156], [13.244846845416024, 32.854711281370975], [13.24485093297216, 32.85468698152605], [13.244882489369175, 32.85469072743305], [13.24488211777318, 32.85469293651005], [13.244949323546166, 32.85470091418102], [13.244969771251217, 32.85457941605371], [13.244802626963166, 32.8545595751384], [13.244838300180186, 32.85434750317745], [13.244872486276979, 32.854351561258866], [13.244978567629403, 32.85372092045528], [13.245128459061867, 32.85373872234615], [13.245122513583357, 32.853774067608], [13.24532762817519, 32.85379842807475]]]}}, {"id": "76", "type": "Feature", "properties": {"id": "76", "building_id": "47482648c0b1141114cc", "source_tile": "libya_122012230.csv.gz", "source_line": 560, "footprint_area_m2": 3335.3223935565356, "building_height_m": null, "building_height_known": false, "height_source": "unavailable", "canonical_longitude": 13.244537857098702, "canonical_latitude": 32.85928797799463, "structural_survey_required": true, "owner_permission_verified": false, "power_verified": false, "backhaul_verified": false, "roof_usable_area_m2": null, "candidate_status": "preliminary_footprint_review", "h3_index": "88384b299bfffff", "area_priority_rank": 16, "elevation_m": 14.0, "dist_to_nearest_road_m": 1185.003863342598, "dist_to_nearest_site_m": 177.0787992845326, "population_sum_3km": 107889.43988578132, "feature_version": "gis_v2_density_circles_geodesic_20260922", "building_height_status": "Unavailable"}, "geometry": {"type": "Polygon", "coordinates": [[[13.244068157370382, 32.85960746195306], [13.244113863600461, 32.859189666449204], [13.244282979417893, 32.85920272094641], [13.244264339650202, 32.85937323504285], [13.244311747319472, 32.85939832766926], [13.244315329976285, 32.85939751211895], [13.24436219968312, 32.85896875381572], [13.244386870114898, 32.8589358652623], [13.24449476938993, 32.85894419431675], [13.24449854333273, 32.85890969694734], [13.244537801482501, 32.858900760234654], [13.244564054753019, 32.85898213755588], [13.244528056247722, 32.85903012771903], [13.244610258369871, 32.85903647312989], [13.24463594089234, 32.85900223917033], [13.24464423297492, 32.85892644180559], [13.244702747433559, 32.858930958705024], [13.24469265365003, 32.85902322528223], [13.244536279368306, 32.85905882221927], [13.24455184986316, 32.859107098507934], [13.244736352565196, 32.859065098457414], [13.24473306645913, 32.859095136490744], [13.244657893994717, 32.85911224868825], [13.24476670222606, 32.85912064789094], [13.244712327143784, 32.85961806339946], [13.244550432119997, 32.859654916827154], [13.24447858030358, 32.859432199103125], [13.244450446795497, 32.859469704129005], [13.24447597048518, 32.85954881946042], [13.244317898524978, 32.85953661751543], [13.24424261640444, 32.859553754589655], [13.244264835343529, 32.859622643974284], [13.244068157370382, 32.85960746195306]]]}}, {"id": "77", "type": "Feature", "properties": {"id": "77", "building_id": "c2b910655e25e69b1406", "source_tile": "libya_122012230.csv.gz", "source_line": 233984, "footprint_area_m2": 1709.5730850586535, "building_height_m": null, "building_height_known": false, "height_source": "unavailable", "canonical_longitude": 13.244215146586171, "canonical_latitude": 32.85992670293321, "structural_survey_required": true, "owner_permission_verified": false, "power_verified": false, "backhaul_verified": false, "roof_usable_area_m2": null, "candidate_status": "preliminary_footprint_review", "h3_index": "88384b299bfffff", "area_priority_rank": 16, "elevation_m": 14.0, "dist_to_nearest_road_m": 1141.1330948490124, "dist_to_nearest_site_m": 172.1819848916674, "population_sum_3km": 108770.86910266621, "feature_version": "gis_v2_density_circles_geodesic_20260922", "building_height_status": "Unavailable"}, "geometry": {"type": "Polygon", "coordinates": [[[13.24405936436126, 32.8596132749652], [13.244410894294742, 32.85962840299977], [13.244406852570428, 32.85969467153993], [13.24444965572281, 32.85969651104879], [13.244440884192148, 32.85984032982231], [13.244266996385594, 32.85983285682949], [13.24427501319565, 32.85970141251785], [13.244252538563375, 32.85970044532652], [13.244242068964747, 32.85987234056323], [13.244373154087103, 32.859877974067786], [13.244366721271263, 32.85998359116349], [13.244258087799764, 32.859978922544975], [13.2442485616431, 32.8601351137231], [13.244149579707214, 32.860130854075884], [13.24414519395753, 32.86020276288252], [13.244078314271142, 32.86019988474474], [13.244078862489852, 32.86019089614678], [13.244006632428519, 32.860187787757546], [13.244019584099135, 32.85997543179864], [13.24405703685747, 32.859977041363784], [13.24406313565294, 32.85987704516574], [13.244043350813094, 32.85987619373077], [13.24405936436126, 32.8596132749652]]]}}, {"id": "78", "type": "Feature", "properties": {"id": "78", "building_id": "e3ff0efcb7e439ba6b69", "source_tile": "libya_122012230.csv.gz", "source_line": 611894, "footprint_area_m2": 1617.491977174305, "building_height_m": null, "building_height_known": false, "height_source": "unavailable", "canonical_longitude": 13.247351153827632, "canonical_latitude": 32.86058491588577, "structural_survey_required": true, "owner_permission_verified": false, "power_verified": false, "backhaul_verified": false, "roof_usable_area_m2": null, "candidate_status": "preliminary_footprint_review", "h3_index": "88384b299bfffff", "area_priority_rank": 16, "elevation_m": 16.0, "dist_to_nearest_road_m": 1353.8605555837294, "dist_to_nearest_site_m": 130.28967985082957, "population_sum_3km": 107828.57770521498, "feature_version": "gis_v2_density_circles_geodesic_20260922", "building_height_status": "Unavailable"}, "geometry": {"type": "Polygon", "coordinates": [[[13.247566729908936, 32.86029072319779], [13.247608051434256, 32.860538195580574], [13.247483434179541, 32.8605528774205], [13.247494138738979, 32.86061695435103], [13.247458292570666, 32.86062117758055], [13.247465302472285, 32.86066315939485], [13.247423215078914, 32.86066811793399], [13.247444244783772, 32.86079406325065], [13.247231177354992, 32.86081916581515], [13.247200555153178, 32.8606357717501], [13.247221598849844, 32.86063329247964], [13.247172160596353, 32.86033720968654], [13.247566729908936, 32.86029072319779]]]}}, {"id": "79", "type": "Feature", "properties": {"id": "79", "building_id": "f5c372c8ad6c79d2487b", "source_tile": "libya_122012230.csv.gz", "source_line": 67415, "footprint_area_m2": 1510.778558374644, "building_height_m": null, "building_height_known": false, "height_source": "unavailable", "canonical_longitude": 13.24643864432678, "canonical_latitude": 32.860558205205734, "structural_survey_required": true, "owner_permission_verified": false, "power_verified": false, "backhaul_verified": false, "roof_usable_area_m2": null, "candidate_status": "preliminary_footprint_review", "h3_index": "88384b299bfffff", "area_priority_rank": 16, "elevation_m": 16.0, "dist_to_nearest_road_m": 1309.9668302725174, "dist_to_nearest_site_m": 49.97391035403106, "population_sum_3km": 108208.37499230706, "feature_version": "gis_v2_density_circles_geodesic_20260922", "building_height_status": "Unavailable"}, "geometry": {"type": "Polygon", "coordinates": [[[13.246457359490726, 32.86080919658423], [13.246453604867835, 32.860702414028005], [13.246232864279147, 32.86070789046953], [13.24622250609044, 32.86041399638347], [13.246644260619899, 32.86040350807672], [13.246658349421345, 32.8608041983342], [13.246457359490726, 32.86080919658423]]]}}, {"id": "80", "type": "Feature", "properties": {"id": "80", "building_id": "aab888a5dc4d4dcc7397", "source_tile": "libya_122012230.csv.gz", "source_line": 211484, "footprint_area_m2": 3839.0980742235583, "building_height_m": null, "building_height_known": false, "height_source": "unavailable", "canonical_longitude": 13.235364697239334, "canonical_latitude": 32.853882706457476, "structural_survey_required": true, "owner_permission_verified": false, "power_verified": false, "backhaul_verified": false, "roof_usable_area_m2": null, "candidate_status": "preliminary_footprint_review", "h3_index": "88384b2991fffff", "area_priority_rank": 17, "elevation_m": 21.0, "dist_to_nearest_road_m": 367.82865036971856, "dist_to_nearest_site_m": 174.98327306261845, "population_sum_3km": 108404.12408099543, "feature_version": "gis_v2_density_circles_geodesic_20260922", "building_height_status": "Unavailable"}, "geometry": {"type": "Polygon", "coordinates": [[[13.235743001580197, 32.85396617360643], [13.235649708683908, 32.85403290543458], [13.235725174200944, 32.85410735804197], [13.235788028304185, 32.85406239893632], [13.235855553299821, 32.85412901210669], [13.235646537108504, 32.85427851974343], [13.235452493877343, 32.8540870812331], [13.235351430064464, 32.85415937739071], [13.235052958008872, 32.85386491127987], [13.235003201797522, 32.85390050163508], [13.234923037111233, 32.85382141274492], [13.234873282618747, 32.85385700481336], [13.234743539369923, 32.85372900259834], [13.23505980121983, 32.85350276289246], [13.235141298470339, 32.853583160143856], [13.235265053305678, 32.853494638620695], [13.235743001580197, 32.85396617360643]]]}}, {"id": "81", "type": "Feature", "properties": {"id": "81", "building_id": "b75a89f533ab5c8d0e33", "source_tile": "libya_122012230.csv.gz", "source_line": 600688, "footprint_area_m2": 2072.8013553376563, "building_height_m": null, "building_height_known": false, "height_source": "unavailable", "canonical_longitude": 13.236245987167278, "canonical_latitude": 32.84494675820709, "structural_survey_required": true, "owner_permission_verified": false, "power_verified": false, "backhaul_verified": false, "roof_usable_area_m2": null, "candidate_status": "preliminary_footprint_review", "h3_index": "88384b2991fffff", "area_priority_rank": 17, "elevation_m": 24.0, "dist_to_nearest_road_m": 536.470291705675, "dist_to_nearest_site_m": 361.6402704612419, "population_sum_3km": 99323.03734554483, "feature_version": "gis_v2_density_circles_geodesic_20260922", "building_height_status": "Unavailable"}, "geometry": {"type": "Polygon", "coordinates": [[[13.236504656533384, 32.84505232874776], [13.236128559538916, 32.84513138862564], [13.236144617650476, 32.84518529247107], [13.236072844534345, 32.845200384201824], [13.236061842070885, 32.84516344082737], [13.235779133630828, 32.84522286929813], [13.235726984232269, 32.845047765261185], [13.236029881140542, 32.84498407501136], [13.235960773012124, 32.84475202729753], [13.236220763809655, 32.8446973740404], [13.236283921371555, 32.84490944140282], [13.236451590216124, 32.84487419541984], [13.236504656533384, 32.84505232874776]]]}}, {"id": "82", "type": "Feature", "properties": {"id": "82", "building_id": "963b6d7d3c9e0b79f463", "source_tile": "libya_122012230.csv.gz", "source_line": 199988, "footprint_area_m2": 2023.167561507795, "building_height_m": null, "building_height_known": false, "height_source": "unavailable", "canonical_longitude": 13.232961368193035, "canonical_latitude": 32.850360672183534, "structural_survey_required": true, "owner_permission_verified": false, "power_verified": false, "backhaul_verified": false, "roof_usable_area_m2": null, "candidate_status": "preliminary_footprint_review", "h3_index": "88384b2991fffff", "area_priority_rank": 17, "elevation_m": 29.0, "dist_to_nearest_road_m": 75.88026993830061, "dist_to_nearest_site_m": 342.52407690474354, "population_sum_3km": 105870.6500383362, "feature_version": "gis_v2_density_circles_geodesic_20260922", "building_height_status": "Unavailable"}, "geometry": {"type": "Polygon", "coordinates": [[[13.232815984799284, 32.850718448364006], [13.232804349792605, 32.85067806176114], [13.232838127643682, 32.85054889915715], [13.23284516802724, 32.850538397477806], [13.232997763810129, 32.849954700453075], [13.23302458149616, 32.8499146979917], [13.232972262963454, 32.84988994701891], [13.233028405240521, 32.84987853212738], [13.233089375885815, 32.84964531088133], [13.233114231182155, 32.84964025726935], [13.23316657693189, 32.84982195807181], [13.233154625811277, 32.849867672737055], [13.233067371317087, 32.84985156865336], [13.233137834900695, 32.84988490374169], [13.233119299353238, 32.849955782089516], [13.233132774429372, 32.85000255618897], [13.23309183617071, 32.850159150191416], [13.233053574586048, 32.85015209073371], [13.233071786196868, 32.85021532422717], [13.233061429815557, 32.85025493862297], [13.232989289362823, 32.85024162835503], [13.233054198518474, 32.85027233942263], [13.23300801283116, 32.85044900494444], [13.233067891369007, 32.85046005632385], [13.232927058772344, 32.850998583216274], [13.2327566662156, 32.85091796445115], [13.232777027132832, 32.85084008207537], [13.232803407743088, 32.85080073196864], [13.232811166258918, 32.850771054902864], [13.232845159096062, 32.850764145520166], [13.232852579288924, 32.85073576256076], [13.232815984799284, 32.850718448364006]]]}}, {"id": "83", "type": "Feature", "properties": {"id": "83", "building_id": "ea2af2da79bfd4fc42aa", "source_tile": "libya_122012230.csv.gz", "source_line": 261466, "footprint_area_m2": 1666.8381858438393, "building_height_m": null, "building_height_known": false, "height_source": "unavailable", "canonical_longitude": 13.236457506036148, "canonical_latitude": 32.849490033985745, "structural_survey_required": true, "owner_permission_verified": false, "power_verified": false, "backhaul_verified": false, "roof_usable_area_m2": null, "candidate_status": "preliminary_footprint_review", "h3_index": "88384b2991fffff", "area_priority_rank": 17, "elevation_m": 30.0, "dist_to_nearest_road_m": 55.7701415931714, "dist_to_nearest_site_m": 305.0588505996975, "population_sum_3km": 103341.82541318642, "feature_version": "gis_v2_density_circles_geodesic_20260922", "building_height_status": "Unavailable"}, "geometry": {"type": "Polygon", "coordinates": [[[13.236207481894127, 32.849445269201055], [13.236204135845169, 32.84944745241752], [13.236045060774412, 32.849275384953394], [13.236227935409687, 32.84923813796147], [13.236166400367466, 32.849278288181566], [13.236175660316114, 32.84931038475226], [13.236270687778573, 32.8491845131236], [13.236377636404328, 32.84930020731693], [13.2363116011806, 32.84938766661321], [13.236414937681836, 32.8493202480374], [13.236449410871698, 32.84935754018142], [13.236419606162958, 32.84945558237448], [13.236497350012995, 32.84940485637308], [13.236791010070865, 32.849722500275824], [13.23659429655239, 32.84985085062287], [13.236381210081722, 32.84962034059875], [13.23647760757407, 32.84955744365465], [13.236500038791075, 32.849635193836754], [13.236539169887518, 32.84960966178823], [13.236476799609736, 32.8495421976058], [13.236362076440251, 32.84961705160207], [13.236296540661648, 32.84954615700199], [13.2363985150254, 32.849411098891345], [13.236380798076933, 32.849391934926786], [13.236280716955662, 32.849524485597], [13.236207481894127, 32.849445269201055]]]}}, {"id": "84", "type": "Feature", "properties": {"id": "84", "building_id": "2ed7f8997e81fd6783f3", "source_tile": "libya_122012230.csv.gz", "source_line": 205261, "footprint_area_m2": 1377.3570580283072, "building_height_m": null, "building_height_known": false, "height_source": "unavailable", "canonical_longitude": 13.234705413941327, "canonical_latitude": 32.84934659095376, "structural_survey_required": true, "owner_permission_verified": false, "power_verified": false, "backhaul_verified": false, "roof_usable_area_m2": null, "candidate_status": "preliminary_footprint_review", "h3_index": "88384b2991fffff", "area_priority_rank": 17, "elevation_m": 33.0, "dist_to_nearest_road_m": 126.33552944739664, "dist_to_nearest_site_m": 335.67187074532774, "population_sum_3km": 104124.28148001575, "feature_version": "gis_v2_density_circles_geodesic_20260922", "building_height_status": "Unavailable"}, "geometry": {"type": "Polygon", "coordinates": [[[13.235051767299462, 32.849254930664614], [13.235052963005396, 32.84936533433176], [13.235109284696346, 32.84936490051503], [13.235109957078777, 32.849426983852126], [13.23505783649253, 32.849427382245096], [13.235058180750713, 32.8494589261027], [13.234909149684944, 32.84946006524773], [13.234909222891504, 32.84946682464854], [13.234728370330537, 32.84946820702661], [13.234728345740647, 32.84946595389453], [13.234540606770837, 32.84946738891006], [13.234539475636812, 32.84936374477425], [13.23435826865607, 32.849365129862996], [13.234357878221225, 32.84932907967802], [13.23431111344981, 32.84932943713326], [13.234310362638677, 32.849260641326524], [13.235051767299462, 32.849254930664614]]]}}, {"id": "85", "type": "Feature", "properties": {"id": "85", "building_id": "671bf0c60a5f796aa082", "source_tile": "libya_122012230.csv.gz", "source_line": 33359, "footprint_area_m2": 3122.068428432818, "building_height_m": null, "building_height_known": false, "height_source": "unavailable", "canonical_longitude": 13.217723018793395, "canonical_latitude": 32.8808322191864, "structural_survey_required": true, "owner_permission_verified": false, "power_verified": false, "backhaul_verified": false, "roof_usable_area_m2": null, "candidate_status": "preliminary_footprint_review", "h3_index": "88384b29d9fffff", "area_priority_rank": 18, "elevation_m": 20.0, "dist_to_nearest_road_m": 476.3101116896905, "dist_to_nearest_site_m": 129.9066146591784, "population_sum_3km": 118600.74039905255, "feature_version": "gis_v2_density_circles_geodesic_20260922", "building_height_status": "Unavailable"}, "geometry": {"type": "Polygon", "coordinates": [[[13.217902970954345, 32.880534552831925], [13.217951518667835, 32.880712153282815], [13.218131426959058, 32.88067746914394], [13.2181554014142, 32.88076520072917], [13.2179755000685, 32.88079988349469], [13.218007085327868, 32.880915430470516], [13.21819563249235, 32.88087908094458], [13.21817282091612, 32.880795630331804], [13.218346080472703, 32.880762228020124], [13.218363005680537, 32.88082414481437], [13.218289396591473, 32.88085904235615], [13.21830277414322, 32.88090798085566], [13.218378200015728, 32.88089343969503], [13.218396327042807, 32.880959773179015], [13.218435563481265, 32.88095220889134], [13.218380581733431, 32.88075107154939], [13.218425444345737, 32.88074242258632], [13.218494728301629, 32.88099595832275], [13.218269144170453, 32.88110290589242], [13.21823484422621, 32.880977389894795], [13.217377209060764, 32.88114273088269], [13.217355788182093, 32.88106436803462], [13.217916798963362, 32.88095624531219], [13.21792050962538, 32.880961766016796], [13.217887304593777, 32.88084029355843], [13.217312993808449, 32.88095097971284], [13.217289603739207, 32.880865386796835], [13.217850166471958, 32.88075735018361], [13.217819531493443, 32.8806452452028], [13.21724623744613, 32.88075576934231], [13.217221678248174, 32.88066589795168], [13.217902970954345, 32.880534552831925]]]}}, {"id": "86", "type": "Feature", "properties": {"id": "86", "building_id": "5e1d86f34b31bd0f34b1", "source_tile": "libya_122012230.csv.gz", "source_line": 188441, "footprint_area_m2": 3072.667896862468, "building_height_m": null, "building_height_known": false, "height_source": "unavailable", "canonical_longitude": 13.216305308584747, "canonical_latitude": 32.877909882577214, "structural_survey_required": true, "owner_permission_verified": false, "power_verified": false, "backhaul_verified": false, "roof_usable_area_m2": null, "candidate_status": "preliminary_footprint_review", "h3_index": "88384b29d9fffff", "area_priority_rank": 18, "elevation_m": 17.0, "dist_to_nearest_road_m": 152.23187878582394, "dist_to_nearest_site_m": 102.23360451032013, "population_sum_3km": 120362.75208188414, "feature_version": "gis_v2_density_circles_geodesic_20260922", "building_height_status": "Unavailable"}, "geometry": {"type": "Polygon", "coordinates": [[[13.215771681770846, 32.87779376432622], [13.216496525522148, 32.87746608569418], [13.216533866665884, 32.877524345530325], [13.21614715048229, 32.87769919029098], [13.216156443166112, 32.87773553566751], [13.216007466340955, 32.87780289196697], [13.21606241983691, 32.87779298203281], [13.216301498263645, 32.87768490247038], [13.21632717565214, 32.87772496436342], [13.216497267273567, 32.87769429118383], [13.216542647537395, 32.877871781517314], [13.216352709548978, 32.87795765728366], [13.216361329102488, 32.877991369827356], [13.216392410249345, 32.87798576487991], [13.216494494646241, 32.878145036433594], [13.216785643627844, 32.87801341797616], [13.216828182131204, 32.87807978634556], [13.216393538294401, 32.87827627368086], [13.216268161652852, 32.878080661935755], [13.216319401336909, 32.87805749823136], [13.216254382507548, 32.878069223243166], [13.21611538323122, 32.877852385221246], [13.215835153016148, 32.87797906791294], [13.215844962092337, 32.87801743287229], [13.215781047329735, 32.87804632655728], [13.215976569222931, 32.87835133869719], [13.215899632316246, 32.87836521288021], [13.215764747307365, 32.87815479380067], [13.215722153901241, 32.87798820390854], [13.21581111219961, 32.87794798363712], [13.215771681770846, 32.87779376432622]]]}}, {"id": "87", "type": "Feature", "properties": {"id": "87", "building_id": "7d8d4b11ddecf8586b75", "source_tile": "libya_122012230.csv.gz", "source_line": 22733, "footprint_area_m2": 3069.8995584225154, "building_height_m": null, "building_height_known": false, "height_source": "unavailable", "canonical_longitude": 13.223780395693948, "canonical_latitude": 32.87827501920243, "structural_survey_required": true, "owner_permission_verified": false, "power_verified": false, "backhaul_verified": false, "roof_usable_area_m2": null, "candidate_status": "preliminary_footprint_review", "h3_index": "88384b29d9fffff", "area_priority_rank": 18, "elevation_m": 15.0, "dist_to_nearest_road_m": 146.32350786378024, "dist_to_nearest_site_m": 495.17652387026965, "population_sum_3km": 122283.84825017852, "feature_version": "gis_v2_density_circles_geodesic_20260922", "building_height_status": "Unavailable"}, "geometry": {"type": "Polygon", "coordinates": [[[13.223512155523167, 32.87805552279457], [13.223902404819485, 32.87805045343334], [13.223928701316785, 32.87812508532963], [13.223958440177999, 32.87808160414421], [13.224099611899671, 32.87814971300094], [13.22415009043906, 32.87807590834248], [13.22419138920299, 32.87819311800001], [13.22426300886471, 32.87819218765788], [13.224269491881833, 32.87854418960992], [13.224281682002065, 32.87857878611586], [13.224225803020584, 32.87859267283616], [13.224249174278992, 32.878558501904166], [13.224201556299832, 32.878535531332055], [13.22421876267072, 32.87851037708334], [13.224169639155466, 32.87851101519738], [13.224167191999907, 32.87837814453478], [13.224105515948242, 32.87837894570737], [13.224104686403969, 32.878333904759984], [13.224169044023162, 32.87833306875339], [13.224166905763193, 32.87821696965146], [13.22412018264358, 32.8781944306664], [13.22404346011493, 32.87821349287661], [13.224047154143372, 32.87841406400001], [13.224005827991153, 32.8784243341549], [13.223975452318975, 32.878409679341274], [13.223952361053396, 32.87844344095481], [13.22394324132702, 32.878417558426385], [13.223895615079035, 32.878487192483654], [13.223897280635967, 32.878577625409626], [13.223579986530538, 32.87858174705419], [13.223556789471825, 32.87851591199428], [13.223521582814076, 32.87856738738977], [13.223512155523167, 32.87805552279457]]]}}, {"id": "88", "type": "Feature", "properties": {"id": "88", "building_id": "8c3a0283d74e062e3407", "source_tile": "libya_122012230.csv.gz", "source_line": 506554, "footprint_area_m2": 2066.5511156264806, "building_height_m": null, "building_height_known": false, "height_source": "unavailable", "canonical_longitude": 13.224927088070537, "canonical_latitude": 32.878680840866046, "structural_survey_required": true, "owner_permission_verified": false, "power_verified": false, "backhaul_verified": false, "roof_usable_area_m2": null, "candidate_status": "preliminary_footprint_review", "h3_index": "88384b29d9fffff", "area_priority_rank": 18, "elevation_m": 15.0, "dist_to_nearest_road_m": 174.12158451655702, "dist_to_nearest_site_m": 564.3465134150151, "population_sum_3km": 122238.1046936001, "feature_version": "gis_v2_density_circles_geodesic_20260922", "building_height_status": "Unavailable"}, "geometry": {"type": "Polygon", "coordinates": [[[13.224928658048562, 32.87887241338335], [13.22469460086365, 32.87886524577046], [13.224707438295686, 32.87856958146302], [13.224758332466404, 32.87857114300926], [13.224760927757586, 32.87851136964527], [13.22480378611585, 32.87851268211664], [13.224805976760674, 32.87846222832076], [13.225160605407202, 32.87847310912819], [13.22514666804462, 32.87879349176659], [13.225050236984362, 32.87879053872283], [13.225046559501843, 32.87887507400586], [13.225131261362009, 32.87887767283816], [13.22512418781406, 32.879040586257446], [13.224921611994024, 32.87903438272091], [13.224928658048562, 32.87887241338335]]]}}, {"id": "89", "type": "Feature", "properties": {"id": "89", "building_id": "633190b44fc726c30c9a", "source_tile": "libya_122012230.csv.gz", "source_line": 148777, "footprint_area_m2": 2013.3619768521567, "building_height_m": null, "building_height_known": false, "height_source": "unavailable", "canonical_longitude": 13.215472912443577, "canonical_latitude": 32.87885364823042, "structural_survey_required": true, "owner_permission_verified": false, "power_verified": false, "backhaul_verified": false, "roof_usable_area_m2": null, "candidate_status": "preliminary_footprint_review", "h3_index": "88384b29d9fffff", "area_priority_rank": 18, "elevation_m": 17.0, "dist_to_nearest_road_m": 256.89089220008015, "dist_to_nearest_site_m": 214.91461012234006, "population_sum_3km": 119326.6061414409, "feature_version": "gis_v2_density_circles_geodesic_20260922", "building_height_status": "Unavailable"}, "geometry": {"type": "Polygon", "coordinates": [[[13.21576993495983, 32.878976750521474], [13.21543336093458, 32.87910350091681], [13.21541835298126, 32.87913393099083], [13.215370477282855, 32.879151960476776], [13.215351450824606, 32.87911632688066], [13.215300087999214, 32.87913566958576], [13.215243008624387, 32.879028768734806], [13.21533010211093, 32.8789959701928], [13.21529840939428, 32.878936614553], [13.215322123824258, 32.87888853114526], [13.215265756852567, 32.87886892068278], [13.215282111948966, 32.87883576464904], [13.215251213259958, 32.87877789599817], [13.215340539912791, 32.878744256372556], [13.215310788904176, 32.87868853709963], [13.21532346429855, 32.87866283638554], [13.215404211254512, 32.878632427758795], [13.215436255815796, 32.87869244255585], [13.215498784472768, 32.87866889479655], [13.21546974408911, 32.87861450637401], [13.215664029559061, 32.87854134003707], [13.215770554766358, 32.87874084628639], [13.215656666259893, 32.878783742381934], [13.215674683898953, 32.87881748674362], [13.215664379829395, 32.87883837577806], [13.21573103899846, 32.87896321835924], [13.21576993495983, 32.878976750521474]]]}}, {"id": "90", "type": "Feature", "properties": {"id": "90", "building_id": "0e170c132853edfd426b", "source_tile": "libya_122012230.csv.gz", "source_line": 637532, "footprint_area_m2": 3283.6994681164583, "building_height_m": null, "building_height_known": false, "height_source": "unavailable", "canonical_longitude": 13.13069904433917, "canonical_latitude": 32.84398554034108, "structural_survey_required": true, "owner_permission_verified": false, "power_verified": false, "backhaul_verified": false, "roof_usable_area_m2": null, "candidate_status": "preliminary_footprint_review", "h3_index": "88384b2921fffff", "area_priority_rank": 19, "elevation_m": 21.0, "dist_to_nearest_road_m": 843.5656047468005, "dist_to_nearest_site_m": 463.0572613898919, "population_sum_3km": 96723.12786007133, "feature_version": "gis_v2_density_circles_geodesic_20260922", "building_height_status": "Unavailable"}, "geometry": {"type": "Polygon", "coordinates": [[[13.13096999169673, 32.843639084476536], [13.130969121417282, 32.84385672871578], [13.131049586779614, 32.843856955825885], [13.131048550551512, 32.84411610070854], [13.130348501899384, 32.84411412485627], [13.13035040855258, 32.84363729929241], [13.13096999169673, 32.843639084476536]]]}}, {"id": "91", "type": "Feature", "properties": {"id": "91", "building_id": "46594688e93190676cd6", "source_tile": "libya_122012230.csv.gz", "source_line": 571872, "footprint_area_m2": 1820.5149419452787, "building_height_m": null, "building_height_known": false, "height_source": "unavailable", "canonical_longitude": 13.130226386916917, "canonical_latitude": 32.84550279034016, "structural_survey_required": true, "owner_permission_verified": false, "power_verified": false, "backhaul_verified": false, "roof_usable_area_m2": null, "candidate_status": "preliminary_footprint_review", "h3_index": "88384b2921fffff", "area_priority_rank": 19, "elevation_m": 21.0, "dist_to_nearest_road_m": 959.1718742788755, "dist_to_nearest_site_m": 580.5800210484264, "population_sum_3km": 97711.52007280044, "feature_version": "gis_v2_density_circles_geodesic_20260922", "building_height_status": "Unavailable"}, "geometry": {"type": "Polygon", "coordinates": [[[13.130511397908066, 32.84551967002417], [13.130259646729803, 32.845608872838774], [13.130275973487628, 32.845641395893345], [13.130257298107786, 32.845648013121334], [13.130256844130091, 32.84571366945721], [13.129973602974081, 32.8457122871275], [13.12994874207666, 32.84566276402178], [13.129950991715734, 32.845337410236056], [13.130011779037712, 32.84531587145015], [13.130120900852976, 32.845316404010475], [13.13010835226017, 32.84532084961881], [13.130423105581057, 32.84532238574722], [13.13045712012308, 32.84539015448491], [13.130495114167271, 32.84539033991165], [13.13049459914093, 32.845464825597304], [13.13049459914093, 32.845464825597304], [13.130494453349591, 32.84548591065616], [13.130511397908066, 32.84551967002417]]]}}, {"id": "92", "type": "Feature", "properties": {"id": "92", "building_id": "1dccd4d974cb3f8030ab", "source_tile": "libya_122012230.csv.gz", "source_line": 219965, "footprint_area_m2": 1768.3266912694437, "building_height_m": null, "building_height_known": false, "height_source": "unavailable", "canonical_longitude": 13.124876609786757, "canonical_latitude": 32.847114652822, "structural_survey_required": true, "owner_permission_verified": false, "power_verified": false, "backhaul_verified": false, "roof_usable_area_m2": null, "candidate_status": "preliminary_footprint_review", "h3_index": "88384b2921fffff", "area_priority_rank": 19, "elevation_m": 19.0, "dist_to_nearest_road_m": 1486.6582307140714, "dist_to_nearest_site_m": 733.2096718978845, "population_sum_3km": 96499.32721655285, "feature_version": "gis_v2_density_circles_geodesic_20260922", "building_height_status": "Unavailable"}, "geometry": {"type": "Polygon", "coordinates": [[[13.124694728961245, 32.84692714507071], [13.124800703257025, 32.84692762487321], [13.124800818892005, 32.84690959831879], [13.125093171183902, 32.84691092195475], [13.125092231649571, 32.847057387601396], [13.125060046076165, 32.84705724188024], [13.125059308903083, 32.84717216091087], [13.125005666280739, 32.84717191804261], [13.125004191934572, 32.84740175565804], [13.124691732962596, 32.84740034099617], [13.124694728961245, 32.84692714507071]]]}}, {"id": "93", "type": "Feature", "properties": {"id": "93", "building_id": "d89e53af1d8caec7a2c6", "source_tile": "libya_122012230.csv.gz", "source_line": 97946, "footprint_area_m2": 1561.7693368054174, "building_height_m": null, "building_height_known": false, "height_source": "unavailable", "canonical_longitude": 13.1307297050121, "canonical_latitude": 32.844999325293365, "structural_survey_required": true, "owner_permission_verified": false, "power_verified": false, "backhaul_verified": false, "roof_usable_area_m2": null, "candidate_status": "preliminary_footprint_review", "h3_index": "88384b2921fffff", "area_priority_rank": 19, "elevation_m": 21.0, "dist_to_nearest_road_m": 891.8872169942382, "dist_to_nearest_site_m": 555.1751524933018, "population_sum_3km": 97510.98339799193, "feature_version": "gis_v2_density_circles_geodesic_20260922", "building_height_status": "Unavailable"}, "geometry": {"type": "Polygon", "coordinates": [[[13.130402427682583, 32.84511415418056], [13.13040252342212, 32.8448843039935], [13.131056982341619, 32.84488449640617], [13.131056886602082, 32.8451143465927], [13.130402427682583, 32.84511415418056]]]}}, {"id": "94", "type": "Feature", "properties": {"id": "94", "building_id": "7db408cb1d6ba9745460", "source_tile": "libya_122012230.csv.gz", "source_line": 697742, "footprint_area_m2": 1451.9788022830005, "building_height_m": null, "building_height_known": false, "height_source": "unavailable", "canonical_longitude": 13.130689901898144, "canonical_latitude": 32.84642937788814, "structural_survey_required": true, "owner_permission_verified": false, "power_verified": false, "backhaul_verified": false, "roof_usable_area_m2": null, "candidate_status": "preliminary_footprint_review", "h3_index": "88384b2921fffff", "area_priority_rank": 19, "elevation_m": 19.0, "dist_to_nearest_road_m": 966.9831347913959, "dist_to_nearest_site_m": 642.5518783469079, "population_sum_3km": 98509.94865374216, "feature_version": "gis_v2_density_circles_geodesic_20260922", "building_height_status": "Unavailable"}, "geometry": {"type": "Polygon", "coordinates": [[[13.130655260601426, 32.84640348911222], [13.130817540386555, 32.84640456735529], [13.130817064974284, 32.84645506934755], [13.130685645025363, 32.846454188420985], [13.130684516376387, 32.84657408218464], [13.13073105716741, 32.846505391314736], [13.130707709524788, 32.84649422747104], [13.130727637393704, 32.84646481172883], [13.130816967674637, 32.84646540526973], [13.130814337442125, 32.8467448084894], [13.130693645585495, 32.846744006573985], [13.130694642528464, 32.84663810384329], [13.130552494341764, 32.846637159364015], [13.130553300380758, 32.84655153578631], [13.130644335992926, 32.846552140657444], [13.13065345440715, 32.84653868087791], [13.130561473773842, 32.846538069727664], [13.130564061583247, 32.84626317237814], [13.13055869750075, 32.846263136737264], [13.13056030957874, 32.84609188877758], [13.130769508796888, 32.84609327877447], [13.130768702757894, 32.84617890279428], [13.130822343583034, 32.846179259203396], [13.130821049678332, 32.84631670811455], [13.130780819059456, 32.84631644080814], [13.130780535857593, 32.84634652474916], [13.130869659376717, 32.846389139865956], [13.130696997010794, 32.84638799263723], [13.130697437132373, 32.84634123945982], [13.130655260601426, 32.84640348911222]]]}}, {"id": "95", "type": "Feature", "properties": {"id": "95", "building_id": "f7254b92d8b14569bc6d", "source_tile": "libya_122012230.csv.gz", "source_line": 379112, "footprint_area_m2": 5773.467451074226, "building_height_m": null, "building_height_known": false, "height_source": "unavailable", "canonical_longitude": 13.20257890005254, "canonical_latitude": 32.85095685658263, "structural_survey_required": true, "owner_permission_verified": false, "power_verified": false, "backhaul_verified": false, "roof_usable_area_m2": null, "candidate_status": "preliminary_footprint_review", "h3_index": "88384b298dfffff", "area_priority_rank": 20, "elevation_m": 18.0, "dist_to_nearest_road_m": 267.332639970418, "dist_to_nearest_site_m": 300.8842238928489, "population_sum_3km": 108203.6794593312, "feature_version": "gis_v2_density_circles_geodesic_20260922", "building_height_status": "Unavailable"}, "geometry": {"type": "Polygon", "coordinates": [[[13.202594793445055, 32.850300179367245], [13.20298542262266, 32.85036876119522], [13.20289247656461, 32.850742262504035], [13.202784539555, 32.850723312347164], [13.202608551214459, 32.85143051274567], [13.202701067354248, 32.851446760819954], [13.202600601058364, 32.85185047703489], [13.20215600960867, 32.85177239633933], [13.202212958418137, 32.85154355187796], [13.201976528283069, 32.85150202906084], [13.201950740142925, 32.85160565686307], [13.201909621858587, 32.85159843551002], [13.201948304068782, 32.85144299374865], [13.202302949271388, 32.85150527800848], [13.202385686220959, 32.851172804671485], [13.202377976542664, 32.85117145066122], [13.202594793445055, 32.850300179367245]]]}}, {"id": "96", "type": "Feature", "properties": {"id": "96", "building_id": "a0aaf325b96aaa0174eb", "source_tile": "libya_122012230.csv.gz", "source_line": 267996, "footprint_area_m2": 3043.3354258331897, "building_height_m": null, "building_height_known": false, "height_source": "unavailable", "canonical_longitude": 13.203156524249668, "canonical_latitude": 32.84904809042477, "structural_survey_required": true, "owner_permission_verified": false, "power_verified": false, "backhaul_verified": false, "roof_usable_area_m2": null, "candidate_status": "preliminary_footprint_review", "h3_index": "88384b298dfffff", "area_priority_rank": 20, "elevation_m": 20.0, "dist_to_nearest_road_m": 277.42373457913374, "dist_to_nearest_site_m": 170.7999073786432, "population_sum_3km": 106214.45606434153, "feature_version": "gis_v2_density_circles_geodesic_20260922", "building_height_status": "Unavailable"}, "geometry": {"type": "Polygon", "coordinates": [[[13.202756083235858, 32.849243517990914], [13.202790499541702, 32.849058763203026], [13.202862352314714, 32.84906820981609], [13.202868090869666, 32.849037417646514], [13.202792167064864, 32.84902743580411], [13.202828647878434, 32.848831685311396], [13.202788192954383, 32.848826366615846], [13.202797382483759, 32.848777034876186], [13.20339548227813, 32.848855703515916], [13.203376047714773, 32.84895998645015], [13.203461271554676, 32.84897119099374], [13.203394897250504, 32.84932750380617], [13.202756083235858, 32.849243517990914]]]}}, {"id": "97", "type": "Feature", "properties": {"id": "97", "building_id": "a192bcc29af702bacb68", "source_tile": "libya_122012230.csv.gz", "source_line": 656808, "footprint_area_m2": 2947.898867634188, "building_height_m": null, "building_height_known": false, "height_source": "unavailable", "canonical_longitude": 13.20357730912178, "canonical_latitude": 32.85129035041364, "structural_survey_required": true, "owner_permission_verified": false, "power_verified": false, "backhaul_verified": false, "roof_usable_area_m2": null, "candidate_status": "preliminary_footprint_review", "h3_index": "88384b298dfffff", "area_priority_rank": 20, "elevation_m": 18.0, "dist_to_nearest_road_m": 169.33644387930866, "dist_to_nearest_site_m": 374.7867944174846, "population_sum_3km": 108605.03815058866, "feature_version": "gis_v2_density_circles_geodesic_20260922", "building_height_status": "Unavailable"}, "geometry": {"type": "Polygon", "coordinates": [[[13.203466486689681, 32.8509309876144], [13.20386785393584, 32.8509947992849], [13.203868343991555, 32.85099262391548], [13.203971922635738, 32.8510090914363], [13.20395506535121, 32.85108392129102], [13.203851485382527, 32.851067459663625], [13.203839430703193, 32.85112097062002], [13.203888630559181, 32.8511287926815], [13.203876182767544, 32.85118404863229], [13.203795908291838, 32.85117129088572], [13.203745139920091, 32.85139665219499], [13.203853897496476, 32.85141394301305], [13.203856837830891, 32.85140089085739], [13.203986311136088, 32.85142147516323], [13.203964553415544, 32.85151805769993], [13.20382472045781, 32.85149583461097], [13.203817076622325, 32.85152976558542], [13.20395690779197, 32.851551996603234], [13.203929464670793, 32.851673816440666], [13.203747257676541, 32.851644848353395], [13.203751666603445, 32.85162526991975], [13.20368787589253, 32.851615128181194], [13.203704537787516, 32.85154116610806], [13.20334201253294, 32.85148353011741], [13.203466486689681, 32.8509309876144]]]}}, {"id": "98", "type": "Feature", "properties": {"id": "98", "building_id": "a87c9a393d78a493f997", "source_tile": "libya_122012230.csv.gz", "source_line": 121154, "footprint_area_m2": 2256.5890480096227, "building_height_m": null, "building_height_known": false, "height_source": "unavailable", "canonical_longitude": 13.204141220250388, "canonical_latitude": 32.848880203991214, "structural_survey_required": true, "owner_permission_verified": false, "power_verified": false, "backhaul_verified": false, "roof_usable_area_m2": null, "candidate_status": "preliminary_footprint_review", "h3_index": "88384b298dfffff", "area_priority_rank": 20, "elevation_m": 20.0, "dist_to_nearest_road_m": 198.76657709564313, "dist_to_nearest_site_m": 252.81927251869513, "population_sum_3km": 106050.53681615343, "feature_version": "gis_v2_density_circles_geodesic_20260922", "building_height_status": "Unavailable"}, "geometry": {"type": "Polygon", "coordinates": [[[13.20406757168222, 32.848522669474], [13.204343598769848, 32.84857423176821], [13.204287888344414, 32.84878465231208], [13.204221437378884, 32.84877223919933], [13.204198353002674, 32.84885942969371], [13.204420704858322, 32.84890097828871], [13.20434055125153, 32.84920372045104], [13.203908626382539, 32.849123011368874], [13.20406757168222, 32.848522669474]]]}}, {"id": "99", "type": "Feature", "properties": {"id": "99", "building_id": "362946534244450124f9", "source_tile": "libya_122012230.csv.gz", "source_line": 256602, "footprint_area_m2": 2242.453179972027, "building_height_m": null, "building_height_known": false, "height_source": "unavailable", "canonical_longitude": 13.19822133238715, "canonical_latitude": 32.85052411425045, "structural_survey_required": true, "owner_permission_verified": false, "power_verified": false, "backhaul_verified": false, "roof_usable_area_m2": null, "candidate_status": "preliminary_footprint_review", "h3_index": "88384b298dfffff", "area_priority_rank": 20, "elevation_m": 21.0, "dist_to_nearest_road_m": 677.7766758609887, "dist_to_nearest_site_m": 386.90387962964104, "population_sum_3km": 108212.47947858545, "feature_version": "gis_v2_density_circles_geodesic_20260922", "building_height_status": "Unavailable"}, "geometry": {"type": "Polygon", "coordinates": [[[13.197770682526041, 32.85025184592157], [13.198073953172958, 32.85036906944439], [13.198094320404298, 32.850331876056174], [13.198148344260447, 32.85035275794673], [13.198127974471792, 32.85038995033773], [13.19853306245319, 32.85054652914374], [13.198375660720863, 32.85083392170561], [13.197898849296, 32.85064964821374], [13.197979866820448, 32.85050169935715], [13.197789492545745, 32.850428113916166], [13.197792996218617, 32.850421715729084], [13.197697806551826, 32.8503849276022], [13.197770682526041, 32.85025184592157]]]}}]}