canonical_longitude,canonical_latitude,feature_version,population_density_1km,dist_to_nearest_road_m,municipality_name,population_sum_3km,population_observed_3km,population_valid_fraction_3km,population_sum_5km,population_observed_5km,population_valid_fraction_5km,elevation_m,elevation_prominence_3km,terrain_slope_deg,dist_to_nearest_site_m,site_density_1km,site_density_3km,site_density_5km,site_density_10km,dist_to_libyana_site_m,dist_to_almadar_site_m,dist_to_nearest_settlement_m,inside_libya,population_data_available,terrain_data_available,population_units,population_radius_m,population_source_units,operator_scope,source_lock_sha256,h3_r7,h3_r6,h3_index,h3_resolution,building_height_m,building_height_status,worldcover_class_code,worldcover_class_name,worldcover_data_available,worldcover_is_water,candidate_source,candidate_id,rejection_reasons,eligible,demand_component,known_site_gap_component,road_access_component,terrain_component,planning_priority_score,score_version,reason_codes,candidate_status
12.9521099,32.6921949,gis_v2_density_circles_geodesic_20260922,194.39370727539062,1807.5044261723392,Aljfara,6710.436035443357,6710.436035443357,0.9999999999999974,18748.69280350525,18748.69280350525,1.0,79.0,1.8454866524192397,0.0,2077.0922096867985,0,3,9,27,2077.0922096867985,3629.566561770849,7634.741362987276,True,True,True,people,5000,people_per_km2,all,3e5d6f9afadaac1f4d1aebe6539fcd69540c23446b0631b0e10c0cb4f9e74d10,87384b619ffffff,86384b61fffffff,87384b619ffffff,7,,Unavailable,30,Grassland,True,False,h3_r7_centre,candidate-c312599a4eff,too_close_to_known_site,False,0.8546,0.0,0.5481,0.7592,52.7387,explainable-gis-v2-20260923,ineligible;too_close_to_known_site,ineligible
12.9543565,32.6512042,gis_v2_density_circles_geodesic_20260922,147.41641235351562,2738.573516922127,Aljfara,5160.595845843294,5160.595845843294,1.0,15709.666388434862,15709.666388434862,1.0,91.0,5.278178482352942,0.9471308212909207,3437.1693808865,0,0,3,17,3437.1693808865,4818.485679275321,8234.652289887284,True,True,True,people,5000,people_per_km2,all,3e5d6f9afadaac1f4d1aebe6539fcd69540c23446b0631b0e10c0cb4f9e74d10,87384b6f5ffffff,86384b6f7ffffff,87384b6f5ffffff,7,,Unavailable,40,Cropland,True,False,h3_r7_centre,candidate-a3dc5274eb87,,True,0.8392,0.0257,0.3154,0.7448,48.0963,explainable-gis-v2-20260923,high_population_catchment,engineering_review
12.9566013,32.6102088,gis_v2_density_circles_geodesic_20260922,169.87940979003906,2843.98769617267,Aljfara,3828.3836261326073,3828.3836261326073,1.0,10825.181208038995,10825.181208038995,1.0,84.0,-6.6750559690961495,0.9132583333508466,7217.987115973933,0,0,0,8,7217.987115973933,8642.177030528723,10897.477921300855,True,True,True,people,5000,people_per_km2,all,3e5d6f9afadaac1f4d1aebe6539fcd69540c23446b0631b0e10c0cb4f9e74d10,87384b6f3ffffff,86384b6f7ffffff,87384b6f3ffffff,7,,Unavailable,30,Grassland,True,False,h3_r7_centre,candidate-5f5c895a4075,,True,0.8069,0.2481,0.289,0.6862,52.3612,explainable-gis-v2-20260923,high_population_catchment,engineering_review
12.9604347,32.7953374,gis_v2_density_circles_geodesic_20260922,390.9474182128906,899.1809019060901,Aljfara,17814.554313108416,17814.554313108416,1.0,,48753.75040931635,0.927748166129307,36.0,5.674878197851079,0.8538577832640388,1654.0242348252573,0,14,32,95,1654.0242348252573,2124.033356111476,7002.796447161238,True,False,True,people,5000,people_per_km2,all,3e5d6f9afadaac1f4d1aebe6539fcd69540c23446b0631b0e10c0cb4f9e74d10,87384b628ffffff,86384b62fffffff,87384b628ffffff,7,,Unavailable,50,Built-up,True,False,h3_r7_centre,candidate-09a3c56517cd,incomplete_population;missing_population_sum_5km;too_close_to_known_site,False,,0.0,0.7752,0.7499,,explainable-gis-v2-20260923,ineligible;incomplete_population;missing_population_sum_5km;too_close_to_known_site,ineligible
12.9626803,32.7543571,gis_v2_density_circles_geodesic_20260922,269.3692932128906,4534.290230944473,Aljfara,6375.268454129936,6375.268454129936,0.9999999999999989,30069.408668201642,30069.408668201642,1.0,50.0,-0.6465691324950669,0.5172149522001984,3487.172108044364,0,0,11,80,3487.172108044364,3487.4026061046407,8360.165255692844,True,True,True,people,5000,people_per_km2,all,3e5d6f9afadaac1f4d1aebe6539fcd69540c23446b0631b0e10c0cb4f9e74d10,87384b60cffffff,86384b60fffffff,87384b60cffffff,7,,Unavailable,30,Grassland,True,False,h3_r7_centre,candidate-2e84ce039551,too_far_from_road,False,0.8956,0.0287,0.0,0.7295,43.9801,explainable-gis-v2-20260923,ineligible;too_far_from_road,ineligible
12.9649241,32.713372,gis_v2_density_circles_geodesic_20260922,166.67343139648438,4156.080633559111,Aljfara,4465.54061158703,4465.54061158703,1.0,17645.23744797387,17645.23744797387,0.999999999999999,72.0,-1.229582318667724,0.5171987592603077,2572.5122122391413,0,1,5,40,2572.5122122391413,4637.697507061549,9518.663229961081,True,True,True,people,5000,people_per_km2,all,3e5d6f9afadaac1f4d1aebe6539fcd69540c23446b0631b0e10c0cb4f9e74d10,87384b60affffff,86384b60fffffff,87384b60affffff,7,,Unavailable,40,Cropland,True,False,h3_r7_centre,candidate-9a30128a2489,too_close_to_known_site;too_far_from_road,False,0.8493,0.0,0.0,0.7266,41.2393,explainable-gis-v2-20260923,ineligible;too_close_to_known_site;too_far_from_road,ineligible
12.9671661,32.6723822,gis_v2_density_circles_geodesic_20260922,191.61502075195312,389.8630090272762,Aljfara,5834.219758012812,5834.219758012812,1.0,16487.58314730946,16487.58314730946,1.0,82.0,-0.4877365530519313,0.5171826127198115,1128.7262666428617,0,2,5,18,1128.7262666428617,4867.408440215774,8903.940340036417,True,True,True,people,5000,people_per_km2,all,3e5d6f9afadaac1f4d1aebe6539fcd69540c23446b0631b0e10c0cb4f9e74d10,87384b6e6ffffff,86384b6e7ffffff,87384b6e6ffffff,7,,Unavailable,30,Grassland,True,False,h3_r7_centre,candidate-0a6def19b746,too_close_to_known_site,False,0.8434,0.0,0.9025,0.7303,59.0913,explainable-gis-v2-20260923,ineligible;too_close_to_known_site,ineligible
12.9694063,32.6313877,gis_v2_density_circles_geodesic_20260922,169.47557067871094,4340.765139676782,Aljfara,4490.327547892013,4490.327547892013,1.0,12360.468660357987,12360.468660357987,0.9999999999999992,87.0,-1.3739227092396362,0.1465373958247567,5290.188456308584,0,0,0,14,5290.188456308584,7369.61806485101,10458.321027916309,True,True,True,people,5000,people_per_km2,all,3e5d6f9afadaac1f4d1aebe6539fcd69540c23446b0631b0e10c0cb4f9e74d10,87384b6f1ffffff,86384b6f7ffffff,87384b6f1ffffff,7,,Unavailable,40,Cropland,True,False,h3_r7_centre,candidate-9d1199028ded,too_far_from_road,False,0.8184,0.1347,0.0,0.7382,44.1605,explainable-gis-v2-20260923,ineligible;too_far_from_road,ineligible
12.9732643,32.8165116,gis_v2_density_circles_geodesic_20260922,955.975341796875,282.5687179996901,Aljfara,,22756.516420151576,0.8843084724469813,,50798.37030379433,0.7360893286932756,16.0,,0.5172393289078618,420.67949529094744,8,20,45,103,420.67949529094744,492.2319144856183,5046.020788718161,True,False,False,people,5000,people_per_km2,all,3e5d6f9afadaac1f4d1aebe6539fcd69540c23446b0631b0e10c0cb4f9e74d10,87384b62dffffff,86384b62fffffff,87384b62dffffff,7,,Unavailable,50,Built-up,True,False,h3_r7_centre,candidate-65f6cf2b2df4,incomplete_population;incomplete_terrain;missing_population_sum_5km;missing_elevation_prominence_3km;too_close_to_known_site,False,,0.0,0.9294,,,explainable-gis-v2-20260923,ineligible;incomplete_population;incomplete_terrain;missing_population_sum_5km;missing_elevation_prominence_3km;too_close_to_known_site,ineligible
12.9755053,32.7755322,gis_v2_density_circles_geodesic_20260922,711.3680419921875,3295.2489910607737,Aljfara,14549.009409682832,14549.009409682832,0.999999999999998,47292.19491022872,47292.19491022872,1.0,33.0,-7.762442041062414,1.0925439162275739,906.4470179877,1,5,33,105,906.4470179877,2719.959478130465,7297.204340343215,True,True,True,people,5000,people_per_km2,all,3e5d6f9afadaac1f4d1aebe6539fcd69540c23446b0631b0e10c0cb4f9e74d10,87384b62bffffff,86384b62fffffff,87384b62bffffff,7,,Unavailable,40,Cropland,True,False,h3_r7_centre,candidate-3af848b4055b,too_close_to_known_site,False,0.935,0.0,0.1762,0.6748,47.6698,explainable-gis-v2-20260923,ineligible;too_close_to_known_site,ineligible
12.9777445,32.734548,gis_v2_density_circles_geodesic_20260922,111.32972717285156,4918.842865504855,Aljfara,5204.74157880594,5204.74157880594,0.9999999999999988,20764.271336859536,20764.271336859536,0.9999999999999989,72.0,9.25784533438948,0.8802049366269517,4211.764863884871,0,0,4,68,4687.396868684567,4211.764863884871,8739.06304691378,True,True,True,people,5000,people_per_km2,all,3e5d6f9afadaac1f4d1aebe6539fcd69540c23446b0631b0e10c0cb4f9e74d10,87384b608ffffff,86384b60fffffff,87384b608ffffff,7,,Unavailable,50,Built-up,True,False,h3_r7_centre,candidate-38b7f89ffc4c,too_far_from_road,False,0.8635,0.0713,0.0,0.7669,44.3466,explainable-gis-v2-20260923,ineligible;too_far_from_road,ineligible
12.9799819,32.6935591,gis_v2_density_circles_geodesic_20260922,108.60964965820312,1958.8516254220094,Aljfara,5192.684672483291,5192.684672483291,1.0,16279.080997305675,16279.080997305675,1.0,77.0,-0.543507053052366,0.5049903954993392,1677.9940950297532,0,1,4,27,1677.9940950297532,6171.353397435246,8448.9537794145,True,True,True,people,5000,people_per_km2,all,3e5d6f9afadaac1f4d1aebe6539fcd69540c23446b0631b0e10c0cb4f9e74d10,87384b6e4ffffff,86384b6e7ffffff,87384b6e4ffffff,7,,Unavailable,40,Cropland,True,False,h3_r7_centre,candidate-e943c58c6607,too_close_to_known_site,False,0.8423,0.0,0.5103,0.7304,51.2035,explainable-gis-v2-20260923,ineligible;too_close_to_known_site,ineligible
12.9822175,32.6525654,gis_v2_density_circles_geodesic_20260922,137.8126220703125,2587.4489993755183,Aljfara,4712.1768516610555,4712.1768516610555,1.0,15226.462970844943,15226.462970844943,0.9999999999999987,86.0,-0.5529780376386384,0.47360187442314755,2945.901720092357,0,1,2,15,2945.901720092357,6917.842961870874,10383.564450695718,True,True,True,people,5000,people_per_km2,all,3e5d6f9afadaac1f4d1aebe6539fcd69540c23446b0631b0e10c0cb4f9e74d10,87384b6e2ffffff,86384b6e7ffffff,87384b6e2ffffff,7,,Unavailable,40,Cropland,True,False,h3_r7_centre,candidate-7ff818bf50d3,too_close_to_known_site,False,0.8365,0.0,0.3531,0.7314,47.8382,explainable-gis-v2-20260923,ineligible;too_close_to_known_site,ineligible
12.9844513,32.6115671,gis_v2_density_circles_geodesic_20260922,200.52967834472656,4376.769810520451,Aljfara,4121.9136849165125,4121.9136849165125,1.0,12118.920446278455,12118.920446278455,0.9999999999999983,91.0,-0.3511675427619423,0.38386226884019553,4689.1446918514375,0,0,1,9,4689.1446918514375,9952.7812296657,12829.569771140363,True,True,True,people,5000,people_per_km2,all,3e5d6f9afadaac1f4d1aebe6539fcd69540c23446b0631b0e10c0cb4f9e74d10,87384b6c6ffffff,86384b6c7ffffff,87384b6c6ffffff,7,,Unavailable,40,Cropland,True,False,h3_r7_centre,candidate-4be33bafa4eb,too_far_from_road,False,0.8167,0.0994,0.0,0.7354,43.0033,explainable-gis-v2-20260923,ineligible;too_far_from_road,ineligible
12.9883365,32.7967061,gis_v2_density_circles_geodesic_20260922,1299.4796142578125,1621.629212761044,Aljfara,28245.766671425346,28245.766671425346,1.0,,64477.51171871958,0.9807832641371426,22.0,-8.21810929675523,0.14680673999885868,1146.6317638697224,0,19,57,123,1559.7043170591553,1146.6317638697224,4769.5350037906,True,False,True,people,5000,people_per_km2,all,3e5d6f9afadaac1f4d1aebe6539fcd69540c23446b0631b0e10c0cb4f9e74d10,87384b629ffffff,86384b62fffffff,87384b629ffffff,7,,Unavailable,30,Grassland,True,False,h3_r7_centre,candidate-d78dfaf94d45,incomplete_population;missing_population_sum_5km;too_close_to_known_site,False,,0.0,0.5946,0.704,,explainable-gis-v2-20260923,ineligible;incomplete_population;missing_population_sum_5km;too_close_to_known_site,ineligible
12.990571,32.7557228,gis_v2_density_circles_geodesic_20260922,369.8246765136719,3259.8940561770173,Aljfara,12917.161759768876,12917.161759768876,1.0,34443.777694769145,34443.777694769145,1.0,45.0,-4.463797911379444,0.5052477482593474,1613.9366802983918,0,6,14,110,2859.4511557862775,1613.9366802983918,8431.895951027014,True,True,True,people,5000,people_per_km2,all,3e5d6f9afadaac1f4d1aebe6539fcd69540c23446b0631b0e10c0cb4f9e74d10,87384b60dffffff,86384b60fffffff,87384b60dffffff,7,,Unavailable,40,Cropland,True,False,h3_r7_centre,candidate-79f5658bcb19,too_close_to_known_site,False,0.9074,0.0,0.185,0.7108,47.1059,explainable-gis-v2-20260923,ineligible;too_close_to_known_site,ineligible
12.9928038,32.7147348,gis_v2_density_circles_geodesic_20260922,72.25432586669922,4326.874286243265,Aljfara,4626.891398894539,4626.891398894539,0.9999999999999967,18402.576774862748,18402.576774862748,1.0,72.0,1.4954137038152169,0.47372540590124257,4275.2374013682465,0,0,2,38,4275.2374013682465,5788.923362416149,6984.19858852561,True,True,True,people,5000,people_per_km2,all,3e5d6f9afadaac1f4d1aebe6539fcd69540c23446b0631b0e10c0cb4f9e74d10,87384b60bffffff,86384b60fffffff,87384b60bffffff,7,,Unavailable,60,Bare / sparse vegetation,True,False,h3_r7_centre,candidate-59a7899d883e,too_far_from_road,False,0.853,0.075,0.0,0.7417,43.7865,explainable-gis-v2-20260923,ineligible;too_far_from_road,ineligible
12.9950348,32.673742,gis_v2_density_circles_geodesic_20260922,183.2783660888672,213.5232254523442,Aljfara,6429.661995257264,6429.661995257264,1.0,17016.01132863218,17016.01132863218,0.9999999999999994,82.0,-0.14128810819204318,0.7434001106489327,1814.3848119578165,0,2,2,15,1814.3848119578165,7437.962841261193,8022.612157976847,True,True,True,people,5000,people_per_km2,all,3e5d6f9afadaac1f4d1aebe6539fcd69540c23446b0631b0e10c0cb4f9e74d10,87384b6e0ffffff,86384b6e7ffffff,87384b6e0ffffff,7,,Unavailable,30,Grassland,True,False,h3_r7_centre,candidate-2af79f5c39a9,too_close_to_known_site,False,0.8462,0.0,0.9466,0.7245,60.0246,explainable-gis-v2-20260923,ineligible;too_close_to_known_site,ineligible
12.997264,32.6327445,gis_v2_density_circles_geodesic_20260922,95.34465026855469,3943.947919907659,Aljfara,4307.83580954345,4307.83580954345,0.9999999999999992,15158.905676078504,15158.905676078504,0.9999999999999976,85.0,-4.387164055075019,0.6627396147543377,4893.326798112524,0,0,1,9,4893.326798112524,9255.970706770862,11017.022631056721,True,True,True,people,5000,people_per_km2,all,3e5d6f9afadaac1f4d1aebe6539fcd69540c23446b0631b0e10c0cb4f9e74d10,87384b6c4ffffff,86384b6c7ffffff,87384b6c4ffffff,7,,Unavailable,60,Bare / sparse vegetation,True,False,h3_r7_centre,candidate-cfa0b3cbfd65,,True,0.8361,0.1114,0.014,0.706,44.1267,explainable-gis-v2-20260923,high_population_catchment,engineering_review
13.0011738,32.8178787,gis_v2_density_circles_geodesic_20260922,1658.7320556640625,599.2149864397508,Aljfara,,32664.828783345893,0.9606185026100895,,66350.11289265637,0.8157791536240605,24.0,,0.37197412439360905,593.6310967956293,2,34,67,138,593.6310967956293,622.2812635935808,2483.024435172057,True,False,False,people,5000,people_per_km2,all,3e5d6f9afadaac1f4d1aebe6539fcd69540c23446b0631b0e10c0cb4f9e74d10,87384b75affffff,86384b75fffffff,87384b75affffff,7,,Unavailable,50,Built-up,True,False,h3_r7_centre,candidate-a00580fb2336,incomplete_population;incomplete_terrain;missing_population_sum_5km;missing_elevation_prominence_3km;too_close_to_known_site,False,,0.0,0.8502,,,explainable-gis-v2-20260923,ineligible;incomplete_population;incomplete_terrain;missing_population_sum_5km;missing_elevation_prominence_3km;too_close_to_known_site,ineligible
13.0034037,32.7768963,gis_v2_density_circles_geodesic_20260922,1225.788330078125,1634.4111575803647,Aljfara,24030.747694770354,24030.747694770354,0.9999999999999988,54805.76252248844,54805.76252248844,0.9999999999999987,48.0,8.303008923272813,0.5172238781449666,480.96820165574394,2,17,37,130,1386.1239916477298,480.96820165574394,5802.664027907604,True,True,True,people,5000,people_per_km2,all,3e5d6f9afadaac1f4d1aebe6539fcd69540c23446b0631b0e10c0cb4f9e74d10,87384b676ffffff,86384b677ffffff,87384b676ffffff,7,,Unavailable,50,Built-up,True,False,h3_r7_centre,candidate-8a9aef7682c9,too_close_to_known_site,False,0.9478,0.0,0.5914,0.7743,57.4813,explainable-gis-v2-20260923,ineligible;too_close_to_known_site,ineligible
13.0056319,32.7359092,gis_v2_density_circles_geodesic_20260922,257.23870849609375,2435.789306667799,Aljfara,8347.528546621146,8347.528546621146,1.0,27638.682977477183,27638.682977477183,1.0,65.0,7.7133235621886485,0.38417081482968746,3383.9642328844507,0,0,7,88,4912.095320099099,3383.9642328844507,6331.944198127404,True,True,True,people,5000,people_per_km2,all,3e5d6f9afadaac1f4d1aebe6539fcd69540c23446b0631b0e10c0cb4f9e74d10,87384b609ffffff,86384b60fffffff,87384b609ffffff,7,,Unavailable,30,Grassland,True,False,h3_r7_centre,candidate-74344984bf89,,True,0.8883,0.0226,0.3911,0.7758,51.7885,explainable-gis-v2-20260923,high_population_catchment,engineering_review
13.0078582,32.6949173,gis_v2_density_circles_geodesic_20260922,486.7174377441406,2161.313440857776,Aljfara,6514.776349929018,6514.776349929018,1.0,20041.158560874865,20041.158560874865,1.0,77.0,2.96570735211931,0.47368417924660267,2156.4437370807045,0,1,3,27,2156.4437370807045,7932.877275845878,5901.513015096933,True,True,True,people,5000,people_per_km2,all,3e5d6f9afadaac1f4d1aebe6539fcd69540c23446b0631b0e10c0cb4f9e74d10,87384b6e5ffffff,86384b6e7ffffff,87384b6e5ffffff,7,,Unavailable,30,Grassland,True,False,h3_r7_centre,candidate-f3fbe0a8ad19,too_close_to_known_site,False,0.8604,0.0,0.4597,0.749,51.0993,explainable-gis-v2-20260923,ineligible;too_close_to_known_site,ineligible
13.0100828,32.6539207,gis_v2_density_circles_geodesic_20260922,170.67697143554688,2379.427404056105,Aljfara,5846.347229629957,5846.347229629957,1.0,18951.08863068847,18951.08863068847,0.9999999999999989,85.0,-0.7528277563480259,0.31829236863414306,2853.170516386952,0,1,4,11,2853.170516386952,9284.993702133454,8425.385935011996,True,True,True,people,5000,people_per_km2,all,3e5d6f9afadaac1f4d1aebe6539fcd69540c23446b0631b0e10c0cb4f9e74d10,87384b6e3ffffff,86384b6e7ffffff,87384b6e3ffffff,7,,Unavailable,40,Cropland,True,False,h3_r7_centre,candidate-f298ccbcab3b,too_close_to_known_site,False,0.8555,0.0,0.4051,0.7356,49.6804,explainable-gis-v2-20260923,ineligible;too_close_to_known_site,ineligible
13.0123056,32.6129194,gis_v2_density_circles_geodesic_20260922,138.81813049316406,1958.7614115502067,Aljfara,5646.928894335139,5646.928894335139,0.9999999999999999,14571.623535124014,14571.623535124014,1.0,92.0,-0.9892114910065999,0.5860082446772815,2363.765145111742,0,1,2,7,2363.765145111742,10501.331380856276,12189.534937817692,True,True,True,people,5000,people_per_km2,all,3e5d6f9afadaac1f4d1aebe6539fcd69540c23446b0631b0e10c0cb4f9e74d10,87384b6c0ffffff,86384b6c7ffffff,87384b6c0ffffff,7,,Unavailable,30,Grassland,True,False,h3_r7_centre,candidate-10b398f21b28,too_close_to_known_site,False,0.8327,0.0,0.5103,0.7255,50.7697,explainable-gis-v2-20260923,ineligible;too_close_to_known_site,ineligible
13.0140173,32.8390501,gis_v2_density_circles_geodesic_20260922,847.6519165039062,855.1945599841918,Aljfara,,23093.58698771534,0.6686316747388936,,53429.55207268354,0.5998605070724856,10.0,,,1119.9909257918894,0,33,64,149,1119.9909257918894,1468.3265656843419,1870.8797234613687,True,False,False,people,5000,people_per_km2,all,3e5d6f9afadaac1f4d1aebe6539fcd69540c23446b0631b0e10c0cb4f9e74d10,87384b758ffffff,86384b75fffffff,87384b758ffffff,7,,Unavailable,50,Built-up,True,False,h3_r7_centre,candidate-4749816ec540,incomplete_population;incomplete_terrain;missing_population_sum_5km;missing_elevation_prominence_3km;missing_terrain_slope_deg;too_close_to_known_site,False,,0.0,0.7862,,,explainable-gis-v2-20260923,ineligible;incomplete_population;incomplete_terrain;missing_population_sum_5km;missing_elevation_prominence_3km;missing_terrain_slope_deg;too_close_to_known_site,ineligible
13.0162426,32.7980687,gis_v2_density_circles_geodesic_20260922,1131.50927734375,538.4684563062349,Aljfara,32744.496837537834,32744.496837537834,1.0,74430.54778892083,74430.54778892083,0.9976509033402661,30.0,-3.65123097811977,0.5763514793722697,509.9182047671957,2,33,69,148,1450.8205088324012,509.9182047671957,3188.087639790933,True,True,True,people,5000,people_per_km2,all,3e5d6f9afadaac1f4d1aebe6539fcd69540c23446b0631b0e10c0cb4f9e74d10,87384b674ffffff,86384b677ffffff,87384b674ffffff,7,,Unavailable,50,Built-up,True,False,h3_r7_centre,candidate-c2694149c129,too_close_to_known_site,False,0.9744,0.0,0.8654,0.7125,63.407,explainable-gis-v2-20260923,ineligible;too_close_to_known_site,ineligible
13.0184661,32.7570825,gis_v2_density_circles_geodesic_20260922,508.99114990234375,667.4114038452472,Aljfara,16295.447770201094,16295.447770201094,1.0,42855.19194291342,42855.19194291342,1.0,43.0,-4.760022210801218,0.5762846470608609,1183.9440240967867,0,8,17,130,2303.931630471403,1183.9440240967867,6732.668115944022,True,True,True,people,5000,people_per_km2,all,3e5d6f9afadaac1f4d1aebe6539fcd69540c23446b0631b0e10c0cb4f9e74d10,87384b672ffffff,86384b677ffffff,87384b672ffffff,7,,Unavailable,40,Cropland,True,False,h3_r7_centre,candidate-5806186da585,too_close_to_known_site,False,0.9264,0.0,0.8331,0.707,60.7889,explainable-gis-v2-20260923,ineligible;too_close_to_known_site,ineligible
13.0206878,32.7160915,gis_v2_density_circles_geodesic_20260922,199.808837890625,2763.2214229061697,Aljfara,7701.405619120885,7701.405619120885,1.0,27199.835129522857,27199.835129522857,0.9999999999999984,63.0,-0.43322013776987944,0.2933450727657386,4191.8493433880885,0,0,1,45,4191.8493433880885,5634.405128340582,4383.510522605073,True,True,True,people,5000,people_per_km2,all,3e5d6f9afadaac1f4d1aebe6539fcd69540c23446b0631b0e10c0cb4f9e74d10,87384b656ffffff,86384b657ffffff,87384b656ffffff,7,,Unavailable,30,Grassland,True,False,h3_r7_centre,candidate-efdc662a22f0,,True,0.8869,0.0701,0.3092,0.7381,51.1443,explainable-gis-v2-20260923,high_population_catchment,engineering_review
13.0229077,32.6750957,gis_v2_density_circles_geodesic_20260922,452.6770324707031,4.4624555977302425,Aljfara,9189.524317099873,9189.524317099873,0.9999999999999996,21601.048451649556,21601.048451649556,0.9999999999999983,80.0,1.9675898077403389,0.29321563821602914,459.6125382650223,1,3,4,13,459.6125382650223,8658.545295227817,5875.5825748904235,True,True,True,people,5000,people_per_km2,all,3e5d6f9afadaac1f4d1aebe6539fcd69540c23446b0631b0e10c0cb4f9e74d10,87384b6e1ffffff,86384b6e7ffffff,87384b6e1ffffff,7,,Unavailable,30,Grassland,True,False,h3_r7_centre,candidate-2f47e56b63a2,too_close_to_known_site,False,0.8669,0.0,0.9989,0.7501,62.1543,explainable-gis-v2-20260923,ineligible;too_close_to_known_site,ineligible
13.0251259,32.6340953,gis_v2_density_circles_geodesic_20260922,119.99105834960938,1460.8211568213426,Aljfara,6263.342370116491,6263.342370116491,1.0,17366.381476493414,17366.381476493414,1.0,90.0,1.0060742735899453,0.5171681203981587,3715.4705512838405,0,0,3,8,3715.4705512838405,10552.39243767766,9553.21405867806,True,True,True,people,5000,people_per_km2,all,3e5d6f9afadaac1f4d1aebe6539fcd69540c23446b0631b0e10c0cb4f9e74d10,87384b6c5ffffff,86384b6c7ffffff,87384b6c5ffffff,7,,Unavailable,30,Grassland,True,False,h3_r7_centre,candidate-b1ca45c89a89,,True,0.8479,0.0421,0.6348,0.7378,55.2542,explainable-gis-v2-20260923,high_population_catchment,engineering_review
13.0290876,32.8192398,gis_v2_density_circles_geodesic_20260922,1800.71728515625,64.99651136720668,Aljfara,34040.410532031434,34040.410532031434,0.9976309636567935,,75033.68463071072,0.8930050479668586,23.0,,0.6952230878304787,321.57570222745386,10,41,76,176,321.57570222745386,535.5963927999643,759.2122204961281,True,False,False,people,5000,people_per_km2,all,3e5d6f9afadaac1f4d1aebe6539fcd69540c23446b0631b0e10c0cb4f9e74d10,87384b75bffffff,86384b75fffffff,87384b75bffffff,7,,Unavailable,50,Built-up,True,False,h3_r7_centre,candidate-20e5d48aefb9,incomplete_population;incomplete_terrain;missing_population_sum_5km;missing_elevation_prominence_3km;too_close_to_known_site,False,,0.0,0.9838,,,explainable-gis-v2-20260923,ineligible;incomplete_population;incomplete_terrain;missing_population_sum_5km;missing_elevation_prominence_3km;too_close_to_known_site,ineligible
13.0313065,32.7782545,gis_v2_density_circles_geodesic_20260922,781.7568969726562,974.9125996616009,Aljfara,21452.128406318578,21452.128406318578,0.9999999999999996,63658.24465849716,63658.24465849716,0.9999999999999979,48.0,5.473095334156341,0.5764003985891795,639.0500010373578,3,13,47,149,639.0500010373578,772.5877699853288,5272.742156001627,True,True,True,people,5000,people_per_km2,all,3e5d6f9afadaac1f4d1aebe6539fcd69540c23446b0631b0e10c0cb4f9e74d10,87384b670ffffff,86384b677ffffff,87384b670ffffff,7,,Unavailable,10,Tree cover,True,False,h3_r7_centre,candidate-0289d4156878,too_close_to_known_site,False,0.9608,0.0,0.7563,0.7582,61.1378,explainable-gis-v2-20260923,ineligible;too_close_to_known_site,ineligible
13.0335236,32.7372644,gis_v2_density_circles_geodesic_20260922,428.1604309082031,159.33376307241022,Aljfara,11785.520694528972,11785.520694528972,1.0,38824.45616245726,38824.45616245726,1.0,52.0,-1.0793069159691555,0.5762546269485594,3794.2902634576453,0,0,7,97,4507.1526679637855,3794.2902634576453,4186.245958406923,True,True,True,people,5000,people_per_km2,all,3e5d6f9afadaac1f4d1aebe6539fcd69540c23446b0631b0e10c0cb4f9e74d10,87384b654ffffff,86384b657ffffff,87384b654ffffff,7,,Unavailable,30,Grassland,True,False,h3_r7_centre,candidate-1a99e55bcebb,,True,0.9178,0.0467,0.9602,0.7254,64.5719,explainable-gis-v2-20260923,high_population_catchment;good_road_access,engineering_review
13.0357389,32.6962695,gis_v2_density_circles_geodesic_20260922,304.1907958984375,2065.0649416413744,Aljfara,10492.352720244273,10492.352720244273,0.9999999999999984,30086.738452359357,30086.738452359357,1.0,64.0,-4.153299108515014,0.12399531762663879,2491.0804244232245,0,2,3,30,2491.0804244232245,7045.075923021547,3461.362190072825,True,True,True,people,5000,people_per_km2,all,3e5d6f9afadaac1f4d1aebe6539fcd69540c23446b0631b0e10c0cb4f9e74d10,87384b652ffffff,86384b657ffffff,87384b652ffffff,7,,Unavailable,40,Cropland,True,False,h3_r7_centre,candidate-aa053cb8b374,too_close_to_known_site,False,0.8957,0.0,0.4837,0.7251,52.7528,explainable-gis-v2-20260923,ineligible;too_close_to_known_site,ineligible
13.0379524,32.65527,gis_v2_density_circles_geodesic_20260922,335.8458251953125,778.0148898562184,Aljfara,8651.244833933339,8651.244833933339,1.0,21332.60279381876,21332.60279381876,0.9999999999999994,79.0,-3.141894754352208,0.31829236863414306,1228.85617722358,0,2,3,14,1228.85617722358,8378.726833660881,6918.632978794737,True,True,True,people,5000,people_per_km2,all,3e5d6f9afadaac1f4d1aebe6539fcd69540c23446b0631b0e10c0cb4f9e74d10,87384b6eeffffff,86384b6efffffff,87384b6eeffffff,7,,Unavailable,30,Grassland,True,False,h3_r7_centre,candidate-c2506040fabe,too_close_to_known_site,False,0.8658,0.0,0.8055,0.7237,57.9792,explainable-gis-v2-20260923,ineligible;too_close_to_known_site,ineligible
13.0401641,32.6142657,gis_v2_density_circles_geodesic_20260922,383.5163879394531,69.1788072344021,Aljfara,6036.212015196455,6036.212015196455,0.9999999999999996,15366.439927040225,15366.439927040225,1.0,93.0,0.05251291573651429,0.5171600852640631,1703.632159183348,0,1,2,12,1703.632159183348,8185.655276586805,11189.16960179035,True,True,True,people,5000,people_per_km2,all,3e5d6f9afadaac1f4d1aebe6539fcd69540c23446b0631b0e10c0cb4f9e74d10,87384b6c1ffffff,86384b6c7ffffff,87384b6c1ffffff,7,,Unavailable,40,Cropland,True,False,h3_r7_centre,candidate-cb09fd7b83dc,too_close_to_known_site,False,0.8373,0.0,0.9827,0.733,60.4771,explainable-gis-v2-20260923,ineligible;too_close_to_known_site,ineligible
13.0419388,32.8404096,gis_v2_density_circles_geodesic_20260922,1197.84033203125,107.09498535452094,Aljfara,,26752.729604814114,0.8120683831188283,,76295.75766699557,0.6921457410138846,17.0,,1.9988203955251733,137.36070327815656,7,36,69,191,137.36070327815656,206.8580222795775,2215.532561775941,True,False,False,people,5000,people_per_km2,all,3e5d6f9afadaac1f4d1aebe6539fcd69540c23446b0631b0e10c0cb4f9e74d10,87384b759ffffff,86384b75fffffff,87384b759ffffff,7,,Unavailable,50,Built-up,True,False,h3_r7_centre,candidate-f1630a295342,incomplete_population;incomplete_terrain;missing_population_sum_5km;missing_elevation_prominence_3km;too_close_to_known_site,False,,0.0,0.9732,,,explainable-gis-v2-20260923,ineligible;incomplete_population;incomplete_terrain;missing_population_sum_5km;missing_elevation_prominence_3km;too_close_to_known_site,ineligible
13.044153,32.7994253,gis_v2_density_circles_geodesic_20260922,626.4501342773438,187.57647190933787,Aljfara,24984.966278765816,24984.966278765816,1.0,86663.08012554602,86663.08012554602,1.0,29.0,-8.27320837681581,0.5172320048744729,1711.1716391035777,0,20,82,189,2609.1174275682847,1711.1716391035777,3360.1315841895753,True,True,True,people,5000,people_per_km2,all,3e5d6f9afadaac1f4d1aebe6539fcd69540c23446b0631b0e10c0cb4f9e74d10,87384b675ffffff,86384b677ffffff,87384b675ffffff,7,,Unavailable,30,Grassland,True,False,h3_r7_centre,candidate-9778e1e8604b,too_close_to_known_site,False,0.9876,0.0,0.9531,0.6914,65.4787,explainable-gis-v2-20260923,ineligible;too_close_to_known_site,ineligible
13.0463655,32.7584361,gis_v2_density_circles_geodesic_20260922,445.33978271484375,1925.3597644501726,Aljfara,15631.149542821882,15631.149542821882,0.9999999999999999,54589.08471584531,54589.08471584531,1.0,46.0,-1.5666901308791026,0.7336873832027919,2686.178956335915,0,2,24,154,2913.635122561685,2686.178956335915,5454.970859172304,True,True,True,people,5000,people_per_km2,all,3e5d6f9afadaac1f4d1aebe6539fcd69540c23446b0631b0e10c0cb4f9e74d10,87384b673ffffff,86384b677ffffff,87384b673ffffff,7,,Unavailable,40,Cropland,True,False,h3_r7_centre,candidate-9499b8742ca6,too_close_to_known_site,False,0.9474,0.0,0.5187,0.7177,55.4472,explainable-gis-v2-20260923,ineligible;too_close_to_known_site,ineligible
13.0485761,32.7174422,gis_v2_density_circles_geodesic_20260922,388.7558288574219,880.2525797236368,Aljfara,14508.057152360718,14508.057152360718,0.9999999999999984,38257.754279502595,38257.754279502595,1.0,59.0,-0.6316386475029532,0.12399490513399147,4303.592296952075,0,0,3,81,4303.592296952075,6182.208462612613,1833.9487237774479,True,True,True,people,5000,people_per_km2,all,3e5d6f9afadaac1f4d1aebe6539fcd69540c23446b0631b0e10c0cb4f9e74d10,87384b650ffffff,86384b657ffffff,87384b650ffffff,7,,Unavailable,40,Cropland,True,False,h3_r7_centre,candidate-2fe97ad5a644,,True,0.9165,0.0767,0.7799,0.7427,61.9881,explainable-gis-v2-20260923,high_population_catchment;good_road_access,engineering_review
13.050785,32.6764435,gis_v2_density_circles_geodesic_20260922,536.6209716796875,30.526905339083598,Aljfara,10947.398935420628,10947.398935420628,0.9999999999999986,28194.7263833908,28194.7263833908,0.9999999999999979,74.0,0.9881968919396513,0.49597130581111526,147.51545876532245,1,3,3,23,147.51545876532245,6159.181150380302,4289.048005132934,True,True,True,people,5000,people_per_km2,all,3e5d6f9afadaac1f4d1aebe6539fcd69540c23446b0631b0e10c0cb4f9e74d10,87384b6ecffffff,86384b6efffffff,87384b6ecffffff,7,,Unavailable,40,Cropland,True,False,h3_r7_centre,candidate-4f469e5b9160,too_close_to_known_site,False,0.89,0.0,0.9924,0.7384,62.8329,explainable-gis-v2-20260923,ineligible;too_close_to_known_site,ineligible
13.0529921,32.6354401,gis_v2_density_circles_geodesic_20260922,231.49256896972656,440.7675722075032,Aljfara,6809.717292459514,6809.717292459514,1.0,17696.183168475654,17696.183168475654,1.0,83.0,-3.6832223098264905,0.29308645781129916,2798.386947765593,0,1,3,21,2798.386947765593,8664.571360123982,8652.622027018117,True,True,True,people,5000,people_per_km2,all,3e5d6f9afadaac1f4d1aebe6539fcd69540c23446b0631b0e10c0cb4f9e74d10,87384b6eaffffff,86384b6efffffff,87384b6eaffffff,7,,Unavailable,40,Cropland,True,False,h3_r7_centre,candidate-308eab818672,too_close_to_known_site,False,0.8496,0.0,0.8898,0.7218,58.9975,explainable-gis-v2-20260923,ineligible;too_close_to_known_site,ineligible
13.0570057,32.8205948,gis_v2_density_circles_geodesic_20260922,621.0709228515625,485.42597655606403,Aljfara,33174.03527024067,33174.03527024067,1.0,,108836.40920370063,0.9554929398980411,32.0,2.239989540852239,0.14684784589459568,456.82437690095816,2,37,87,213,456.82437690095816,565.4240298183498,2949.6445792171194,True,False,True,people,5000,people_per_km2,all,3e5d6f9afadaac1f4d1aebe6539fcd69540c23446b0631b0e10c0cb4f9e74d10,87384b666ffffff,86384b667ffffff,87384b666ffffff,7,,Unavailable,10,Tree cover,True,False,h3_r7_centre,candidate-b62afe995612,incomplete_population;missing_population_sum_5km;too_close_to_known_site,False,,0.0,0.8786,0.7563,,explainable-gis-v2-20260923,ineligible;incomplete_population;missing_population_sum_5km;too_close_to_known_site,ineligible
13.0592135,32.7796066,gis_v2_density_circles_geodesic_20260922,610.4346923828125,648.5380362895969,Aljfara,21373.503897534167,21373.503897534167,0.9999999999999983,76577.96251816505,76577.96251816505,1.0,50.0,5.962755945452031,1.6379869512663892,1258.8744241091472,0,15,47,189,1908.757202263973,1258.8744241091472,5970.531694889309,True,True,True,people,5000,people_per_km2,all,3e5d6f9afadaac1f4d1aebe6539fcd69540c23446b0631b0e10c0cb4f9e74d10,87384b671ffffff,86384b677ffffff,87384b671ffffff,7,,Unavailable,50,Built-up,True,False,h3_r7_centre,candidate-3f8320f34217,too_close_to_known_site,False,0.9768,0.0,0.8379,0.7252,63.0823,explainable-gis-v2-20260923,ineligible;too_close_to_known_site,ineligible
13.0614195,32.7386136,gis_v2_density_circles_geodesic_20260922,559.9291381835938,1618.0987116962008,Aljfara,18582.000333171527,18582.000333171527,1.0,48392.18343003302,48392.18343003302,0.9999999999999994,67.0,13.988128298167865,1.2310384344508283,3886.7927167744456,0,0,11,116,4461.114614557931,3886.7927167744456,2944.4434137299404,True,True,True,people,5000,people_per_km2,all,3e5d6f9afadaac1f4d1aebe6539fcd69540c23446b0631b0e10c0cb4f9e74d10,87384b655ffffff,86384b657ffffff,87384b655ffffff,7,,Unavailable,30,Grassland,True,False,h3_r7_centre,candidate-ebad1c9a9117,,True,0.937,0.0522,0.5955,0.7789,58.7417,explainable-gis-v2-20260923,high_population_catchment,engineering_review
13.0636238,32.6976158,gis_v2_density_circles_geodesic_20260922,626.7045288085938,276.7595213192075,Aljfara,14909.632256103296,14909.632256103296,0.9999999999999984,35792.03107856346,35792.03107856346,1.0,68.0,2.5033908004699725,0.45706009859357166,2492.7106413675565,0,3,8,55,2492.7106413675565,4426.408470682697,1688.0653124182716,True,True,True,people,5000,people_per_km2,all,3e5d6f9afadaac1f4d1aebe6539fcd69540c23446b0631b0e10c0cb4f9e74d10,87384b653ffffff,86384b657ffffff,87384b653ffffff,7,,Unavailable,50,Built-up,True,False,h3_r7_centre,candidate-2a5b44be14e6,too_close_to_known_site,False,0.9108,0.0,0.9308,0.7473,62.5194,explainable-gis-v2-20260923,ineligible;too_close_to_known_site,ineligible
13.0658263,32.6566133,gis_v2_density_circles_geodesic_20260922,215.99038696289062,1123.5547783680242,Aljfara,8225.197801973449,8225.197801973449,1.0,22399.660295097245,22399.660295097245,1.0,79.0,0.8796814596873475,0.24799104050812204,1591.0663576334484,0,2,3,32,1591.0663576334484,6315.812003286443,6201.982065933443,True,True,True,people,5000,people_per_km2,all,3e5d6f9afadaac1f4d1aebe6539fcd69540c23446b0631b0e10c0cb4f9e74d10,87384b6e8ffffff,86384b6efffffff,87384b6e8ffffff,7,,Unavailable,40,Cropland,True,False,h3_r7_centre,candidate-7bd8396ffcdf,too_close_to_known_site,False,0.8701,0.0,0.7191,0.7461,56.6456,explainable-gis-v2-20260923,ineligible;too_close_to_known_site,ineligible
13.068027,32.6156061,gis_v2_density_circles_geodesic_20260922,131.66160583496094,2373.64430978707,Aljfara,4660.350758387583,4660.350758387583,1.0,14251.966795637933,14251.966795637933,0.9999999999999984,96.0,3.250522403000474,0.8640516020011552,3733.3826751328934,0,0,1,19,3733.3826751328934,6119.445021789848,10748.40056881853,True,True,True,people,5000,people_per_km2,all,3e5d6f9afadaac1f4d1aebe6539fcd69540c23446b0631b0e10c0cb4f9e74d10,87384b6ccffffff,86384b6cfffffff,87384b6ccffffff,7,,Unavailable,50,Built-up,True,False,h3_r7_centre,candidate-3b36d97999f8,,True,0.8308,0.0431,0.4066,0.7375,50.0317,explainable-gis-v2-20260923,high_population_catchment,engineering_review
13.0698646,32.8417631,gis_v2_density_circles_geodesic_20260922,1198.770263671875,96.28187459138793,Aljfara,,48051.62109070148,0.9331790892029322,,116850.91851161848,0.7881448516344162,20.0,,0.8802197827718655,222.014358792051,9,38,77,225,222.014358792051,561.3914682255984,4475.691682795066,True,False,False,people,5000,people_per_km2,all,3e5d6f9afadaac1f4d1aebe6539fcd69540c23446b0631b0e10c0cb4f9e74d10,87384b664ffffff,86384b667ffffff,87384b664ffffff,7,,Unavailable,50,Built-up,True,False,h3_r7_centre,candidate-1a5e46caa6d7,incomplete_population;incomplete_terrain;missing_population_sum_5km;missing_elevation_prominence_3km;too_close_to_known_site,False,,0.0,0.9759,,,explainable-gis-v2-20260923,ineligible;incomplete_population;incomplete_terrain;missing_population_sum_5km;missing_elevation_prominence_3km;too_close_to_known_site,ineligible
13.0720677,32.8007759,gis_v2_density_circles_geodesic_20260922,977.727783203125,2017.7252638125717,Aljfara,36081.79571329056,36081.79571329056,1.0,108469.69903935475,108469.69903935475,0.9999999999999998,32.0,-7.341054830425044,0.3187311944464266,311.0008783935394,5,23,71,214,1863.89940625885,311.0008783935394,5112.07404291918,True,True,True,people,5000,people_per_km2,all,3e5d6f9afadaac1f4d1aebe6539fcd69540c23446b0631b0e10c0cb4f9e74d10,87384b662ffffff,86384b667ffffff,87384b662ffffff,7,,Unavailable,50,Built-up,True,False,h3_r7_centre,candidate-7698a58835db,too_close_to_known_site,False,1.0,0.0,0.4956,0.7027,56.9381,explainable-gis-v2-20260923,ineligible;too_close_to_known_site,ineligible
13.0742691,32.7597838,gis_v2_density_circles_geodesic_20260922,1062.5714111328125,1089.4347513807847,Aljfara,22899.61417478379,22899.61417478379,0.999999999999997,65685.22527142428,65685.22527142428,0.9999999999999998,46.0,-3.1703767480625515,0.7440889375447902,1402.2468027001294,0,11,36,170,1824.2848430912766,1402.2468027001294,5282.093113659077,True,True,True,people,5000,people_per_km2,all,3e5d6f9afadaac1f4d1aebe6539fcd69540c23446b0631b0e10c0cb4f9e74d10,87384b646ffffff,86384b647ffffff,87384b646ffffff,7,,Unavailable,50,Built-up,True,False,h3_r7_centre,candidate-892a6d24d9fe,too_close_to_known_site,False,0.9635,0.0,0.7276,0.7093,60.186,explainable-gis-v2-20260923,ineligible;too_close_to_known_site,ineligible
13.0764687,32.7187869,gis_v2_density_circles_geodesic_20260922,812.7510986328125,529.5204352113454,Aljfara,19518.7992920207,19518.7992920207,0.9999999999999989,43384.348320646146,43384.348320646146,1.0,59.0,-1.615690190653055,0.28811960564558514,2067.2574960006523,0,2,7,89,2067.2574960006523,3895.67114792005,1108.4882928395236,True,True,True,people,5000,people_per_km2,all,3e5d6f9afadaac1f4d1aebe6539fcd69540c23446b0631b0e10c0cb4f9e74d10,87384b651ffffff,86384b657ffffff,87384b651ffffff,7,,Unavailable,50,Built-up,True,False,h3_r7_centre,candidate-cc6abdba7c4c,too_close_to_known_site,False,0.9275,0.0,0.8676,0.7323,61.7743,explainable-gis-v2-20260923,ineligible;too_close_to_known_site,ineligible
13.0786666,32.6777852,gis_v2_density_circles_geodesic_20260922,299.6283264160156,1751.5118020148825,Aljfara,10519.96180109913,10519.96180109913,0.9999999999999996,30216.75349209729,30216.75349209729,0.9999999999999994,68.0,-3.302448076809384,0.8642007772895687,2566.7074503439053,0,1,7,44,2566.7074503439053,3823.1809371274694,3998.5135428276044,True,True,True,people,5000,people_per_km2,all,3e5d6f9afadaac1f4d1aebe6539fcd69540c23446b0631b0e10c0cb4f9e74d10,87384b6edffffff,86384b6efffffff,87384b6edffffff,7,,Unavailable,50,Built-up,True,False,h3_r7_centre,candidate-cb80dc259edd,too_close_to_known_site,False,0.8961,0.0,0.5621,0.7047,54.1313,explainable-gis-v2-20260923,ineligible;too_close_to_known_site,ineligible
13.0808626,32.6367789,gis_v2_density_circles_geodesic_20260922,202.87669372558594,2966.0691922925466,Aljfara,5002.921870541289,5002.921870541289,1.0,16693.116854919634,16693.116854919634,0.9999999999999997,80.0,-4.419625194748932,0.28805316773000506,3946.963147094916,0,0,1,40,3946.963147094916,6857.747208804303,8496.576328614294,True,True,True,people,5000,people_per_km2,all,3e5d6f9afadaac1f4d1aebe6539fcd69540c23446b0631b0e10c0cb4f9e74d10,87384b6ebffffff,86384b6efffffff,87384b6ebffffff,7,,Unavailable,40,Cropland,True,False,h3_r7_centre,candidate-5bfedf589e38,,True,0.8445,0.0557,0.2585,0.7183,47.8042,explainable-gis-v2-20260923,high_population_catchment,engineering_review
13.0849281,32.8219439,gis_v2_density_circles_geodesic_20260922,2184.212890625,1500.688680501115,Tripoli,54300.29864969594,54300.29864969594,0.9999999999999998,152744.22482222636,152744.22482222636,0.9933103269571085,27.0,-3.945224793209036,0.8645460091232406,414.39728955991023,1,24,96,237,1908.091271351048,414.39728955991023,5526.52481685736,True,True,True,people,5000,people_per_km2,all,3e5d6f9afadaac1f4d1aebe6539fcd69540c23446b0631b0e10c0cb4f9e74d10,87384b660ffffff,86384b667ffffff,87384b660ffffff,7,,Unavailable,50,Built-up,True,False,h3_r7_centre,candidate-39aaf5a41cfe,too_close_to_known_site,False,1.0,0.0,0.6248,0.7015,59.5111,explainable-gis-v2-20260923,ineligible;too_close_to_known_site,ineligible
13.0871248,32.7809527,gis_v2_density_circles_geodesic_20260922,923.7377319335938,1536.5361124081883,Aljfara,38469.295721640585,38469.295721640585,1.0,97735.45410123223,97735.45410123223,1.0,55.0,6.219942068659812,0.3186683031908735,823.9551604866151,5,32,43,213,823.9551604866151,823.9551604866151,7563.872378315116,True,True,True,people,5000,people_per_km2,all,3e5d6f9afadaac1f4d1aebe6539fcd69540c23446b0631b0e10c0cb4f9e74d10,87384b644ffffff,86384b647ffffff,87384b644ffffff,7,,Unavailable,10,Tree cover,True,False,h3_r7_centre,candidate-b705deadd65c,too_close_to_known_site,False,0.998,0.0,0.6159,0.7705,59.9425,explainable-gis-v2-20260923,ineligible;too_close_to_known_site,ineligible
13.0893198,32.7399567,gis_v2_density_circles_geodesic_20260922,1075.5574951171875,597.3043604628878,Aljfara,21284.811564007265,21284.811564007265,0.9999999999999984,54938.35350619948,54938.35350619948,0.9999999999999994,59.0,4.978521995382373,0.8643505125630291,2162.5622802661233,0,3,20,112,2162.5622802661233,2696.2520668704547,3678.8263892464192,True,True,True,people,5000,people_per_km2,all,3e5d6f9afadaac1f4d1aebe6539fcd69540c23446b0631b0e10c0cb4f9e74d10,87384b642ffffff,86384b647ffffff,87384b642ffffff,7,,Unavailable,40,Cropland,True,False,h3_r7_centre,candidate-6709cd5fd264,too_close_to_known_site,False,0.948,0.0,0.8507,0.7461,62.3933,explainable-gis-v2-20260923,ineligible;too_close_to_known_site,ineligible
13.091513,32.698956,gis_v2_density_circles_geodesic_20260922,364.8352355957031,1317.7818238178445,Aljfara,14061.853074988445,14061.853074988445,0.9999999999999987,39426.40857541734,39426.40857541734,1.0,67.0,1.0506668255189169,0.3184236706538685,774.6237331774336,2,6,9,72,774.6237331774336,1808.5678548402614,2727.3703477922304,True,True,True,people,5000,people_per_km2,all,3e5d6f9afadaac1f4d1aebe6539fcd69540c23446b0631b0e10c0cb4f9e74d10,87384b65effffff,86384b65fffffff,87384b65effffff,7,,Unavailable,50,Built-up,True,False,h3_r7_centre,candidate-707966da9827,too_close_to_known_site,False,0.9192,0.0,0.6706,0.7446,57.6238,explainable-gis-v2-20260923,ineligible;too_close_to_known_site,ineligible
13.0937044,32.6579506,gis_v2_density_circles_geodesic_20260922,245.20489501953125,3648.895051870744,Aljfara,6355.606437977332,6355.606437977332,1.0,23119.893900687817,23119.893900687817,1.0,76.0,-0.8620337270429559,0.12399610098471983,4156.442329475265,0,0,4,51,4156.442329475265,4826.5100280351735,6540.909382854792,True,True,True,people,5000,people_per_km2,all,3e5d6f9afadaac1f4d1aebe6539fcd69540c23446b0631b0e10c0cb4f9e74d10,87384b6e9ffffff,86384b6efffffff,87384b6e9ffffff,7,,Unavailable,40,Cropland,True,False,h3_r7_centre,candidate-8928cb021482,,True,0.8728,0.068,0.0878,0.7416,46.1239,explainable-gis-v2-20260923,high_population_catchment,engineering_review
13.0958941,32.6169404,gis_v2_density_circles_geodesic_20260922,116.79537200927734,4819.489176661074,Aljfara,4014.3454666982734,4014.3454666982734,1.0,12122.42963269386,12122.42963269386,1.0,89.0,-3.2376515476647256,1.0092481743735646,4644.971917861861,0,0,5,42,4665.762413754859,4644.971917861861,10869.377794158547,True,True,True,people,5000,people_per_km2,all,3e5d6f9afadaac1f4d1aebe6539fcd69540c23446b0631b0e10c0cb4f9e74d10,87384b6cdffffff,86384b6cfffffff,87384b6cdffffff,7,,Unavailable,30,Grassland,True,False,h3_r7_centre,candidate-67cea36bdc75,too_far_from_road,False,0.8167,0.0968,0.0,0.7002,42.5736,explainable-gis-v2-20260923,ineligible;too_far_from_road,ineligible
13.0977947,32.8431106,gis_v2_density_circles_geodesic_20260922,4014.905517578125,1405.3199492200706,Tripoli,77325.2639785637,77325.2639785637,0.9938359408861581,,171806.54736398425,0.874503910355632,25.0,,0.6634135197483481,425.8108936148788,6,47,83,255,852.0797923192363,425.8108936148788,4551.534141302199,True,False,False,people,5000,people_per_km2,all,3e5d6f9afadaac1f4d1aebe6539fcd69540c23446b0631b0e10c0cb4f9e74d10,87384b665ffffff,86384b667ffffff,87384b665ffffff,7,,Unavailable,50,Built-up,True,False,h3_r7_centre,candidate-3b2959ca770f,incomplete_population;incomplete_terrain;missing_population_sum_5km;missing_elevation_prominence_3km;too_close_to_known_site,False,,0.0,0.6487,,,explainable-gis-v2-20260923,ineligible;incomplete_population;incomplete_terrain;missing_population_sum_5km;missing_elevation_prominence_3km;too_close_to_known_site,ineligible
13.0999867,32.8021204,gis_v2_density_circles_geodesic_20260922,1990.7215576171875,1327.9489741093132,Tripoli,58150.72545181436,58150.72545181436,0.9999999999999986,143487.43844557914,143487.43844557914,1.0,44.0,-0.684906340221815,0.9561335618522752,1020.1259881405963,0,24,73,233,1354.8746322045267,1020.1259881405963,7395.776572404551,True,True,True,people,5000,people_per_km2,all,3e5d6f9afadaac1f4d1aebe6539fcd69540c23446b0631b0e10c0cb4f9e74d10,87384b663ffffff,86384b667ffffff,87384b663ffffff,7,,Unavailable,40,Cropland,True,False,h3_r7_centre,candidate-956866e3fe2e,too_close_to_known_site,False,1.0,0.0,0.668,0.7147,60.5073,explainable-gis-v2-20260923,ineligible;too_close_to_known_site,ineligible
13.1021771,32.7611254,gis_v2_density_circles_geodesic_20260922,790.5623168945312,492.9315816547614,Aljfara,26173.121627333756,26173.121627333756,0.9999999999999988,87657.7847005696,87657.7847005696,0.9999999999999997,45.0,-7.561621052092406,0.14674859388724967,704.8035680093125,2,16,48,162,704.8035680093125,947.3182697685425,6305.955750660169,True,True,True,people,5000,people_per_km2,all,3e5d6f9afadaac1f4d1aebe6539fcd69540c23446b0631b0e10c0cb4f9e74d10,87384b640ffffff,86384b647ffffff,87384b640ffffff,7,,Unavailable,40,Cropland,True,False,h3_r7_centre,candidate-04505525cae9,too_close_to_known_site,False,0.9886,0.0,0.8768,0.7073,64.1507,explainable-gis-v2-20260923,ineligible;too_close_to_known_site,ineligible
13.1043656,32.7201256,gis_v2_density_circles_geodesic_20260922,416.9798889160156,1276.769107503819,Aljfara,16212.569407313444,16212.569407313444,1.0,51680.46919336477,51680.46919336477,1.0,61.0,-0.5413179658809497,0.1239948638773934,1886.5147614976845,0,7,19,105,1886.5147614976845,2336.5529774802258,3580.001885827806,True,True,True,people,5000,people_per_km2,all,3e5d6f9afadaac1f4d1aebe6539fcd69540c23446b0631b0e10c0cb4f9e74d10,87384b65cffffff,86384b65fffffff,87384b65cffffff,7,,Unavailable,50,Built-up,True,False,h3_r7_centre,candidate-fdf5a7827fcb,too_close_to_known_site,False,0.9427,0.0,0.6808,0.7432,58.7544,explainable-gis-v2-20260923,ineligible;too_close_to_known_site,ineligible
13.1065524,32.679121,gis_v2_density_circles_geodesic_20260922,282.95574951171875,2878.086739714365,Aljfara,10155.103234501838,10155.103234501838,1.0,33630.263667990126,33630.263667990126,0.9999999999999992,71.0,-0.9444914475585193,0.5049283982558959,2240.3175662671856,0,3,17,64,2564.1690495871667,2240.3175662671856,5225.311337039273,True,True,True,people,5000,people_per_km2,all,3e5d6f9afadaac1f4d1aebe6539fcd69540c23446b0631b0e10c0cb4f9e74d10,87384b65affffff,86384b65fffffff,87384b65affffff,7,,Unavailable,30,Grassland,True,False,h3_r7_centre,candidate-03442deb743f,too_close_to_known_site,False,0.9053,0.0,0.2805,0.7284,49.1079,explainable-gis-v2-20260923,ineligible;too_close_to_known_site,ineligible
13.1087374,32.6381117,gis_v2_density_circles_geodesic_20260922,189.4514923095703,5491.6558224445935,Aljfara,5079.880374490021,5079.880374490021,1.0,16997.63859887211,16997.63859887211,1.0,81.0,-2.6722237431594777,1.009424716054015,4645.052534034981,0,0,1,52,5726.34059046437,4645.052534034981,8467.3487052756,True,True,True,people,5000,people_per_km2,all,3e5d6f9afadaac1f4d1aebe6539fcd69540c23446b0631b0e10c0cb4f9e74d10,873fa59b6ffffff,863fa59b7ffffff,873fa59b6ffffff,7,,Unavailable,30,Grassland,True,False,h3_r7_centre,candidate-1e28452307ab,too_far_from_road,False,0.8461,0.0968,0.0,0.703,43.7762,explainable-gis-v2-20260923,ineligible;too_far_from_road,ineligible
13.1106674,32.8642761,gis_v2_density_circles_geodesic_20260922,3668.187255859375,74.922803168992,Tripoli,,73255.67522492445,0.7972312782630899,,163012.0346056163,0.677065611982256,14.0,,0.7606211930937692,104.76678657468847,7,44,78,247,104.76678657468847,279.95279587274314,2037.2416871962275,True,False,False,people,5000,people_per_km2,all,3e5d6f9afadaac1f4d1aebe6539fcd69540c23446b0631b0e10c0cb4f9e74d10,87384b296ffffff,86384b297ffffff,87384b296ffffff,7,,Unavailable,50,Built-up,True,False,h3_r7_centre,candidate-07354a2dceda,incomplete_population;incomplete_terrain;missing_population_sum_5km;missing_elevation_prominence_3km;too_close_to_known_site,False,,0.0,0.9813,,,explainable-gis-v2-20260923,ineligible;incomplete_population;incomplete_terrain;missing_population_sum_5km;missing_elevation_prominence_3km;too_close_to_known_site,ineligible
13.1128548,32.8232869,gis_v2_density_circles_geodesic_20260922,2420.630859375,1765.8503786192075,Tripoli,72640.12958750185,72640.12958750185,0.9999999999999966,205325.42966998147,205325.42966998147,0.9999999999999994,29.0,-5.404670689586908,0.47394058501194053,1316.093470391771,0,20,99,266,1316.093470391771,1450.0342253755575,5924.642441026114,True,True,True,people,5000,people_per_km2,all,3e5d6f9afadaac1f4d1aebe6539fcd69540c23446b0631b0e10c0cb4f9e74d10,87384b661ffffff,86384b667ffffff,87384b661ffffff,7,,Unavailable,50,Built-up,True,False,h3_r7_centre,candidate-5a5c15fc8ae8,too_close_to_known_site,False,1.0,0.0,0.5585,0.7072,58.2425,explainable-gis-v2-20260923,ineligible;too_close_to_known_site,ineligible
13.1150405,32.7822928,gis_v2_density_circles_geodesic_20260922,1659.673828125,632.989412230302,Tripoli,49271.35281221247,49271.35281221247,1.0,128907.82561425598,128907.82561425598,0.9999999999999989,64.0,8.671324422606453,0.12399362554020654,953.0143416803738,3,29,62,213,1435.9005569303633,953.0143416803738,8939.954907093406,True,True,True,people,5000,people_per_km2,all,3e5d6f9afadaac1f4d1aebe6539fcd69540c23446b0631b0e10c0cb4f9e74d10,87384b645ffffff,86384b647ffffff,87384b645ffffff,7,,Unavailable,50,Built-up,True,False,h3_r7_centre,candidate-2963deb68eff,too_close_to_known_site,False,1.0,0.0,0.8418,0.7892,64.7273,explainable-gis-v2-20260923,ineligible;too_close_to_known_site,ineligible
13.1172243,32.7412939,gis_v2_density_circles_geodesic_20260922,613.5693969726562,2853.2354278006906,Aljfara,19755.20964414561,19755.20964414561,0.9999999999999996,65238.24805872189,65238.24805872189,1.0,51.0,-4.023259637887996,1.1254100629075776,640.8929688257346,1,6,41,116,640.8929688257346,2353.6998476030026,5667.620645990927,True,True,True,people,5000,people_per_km2,all,3e5d6f9afadaac1f4d1aebe6539fcd69540c23446b0631b0e10c0cb4f9e74d10,87384b643ffffff,86384b647ffffff,87384b643ffffff,7,,Unavailable,10,Tree cover,True,False,h3_r7_centre,candidate-fb819a104503,too_close_to_known_site,False,0.9629,0.0,0.2867,0.6924,51.1736,explainable-gis-v2-20260923,ineligible;too_close_to_known_site,ineligible
13.1194065,32.7002902,gis_v2_density_circles_geodesic_20260922,555.9205932617188,258.1586490057065,Aljfara,13931.271203071212,13931.271203071212,1.0,44839.755816782985,44839.755816782985,1.0,70.0,2.5242917647434666,0.31842993051051877,291.4087684213325,3,10,25,85,555.724824826723,291.4087684213325,5074.74744307195,True,True,True,people,5000,people_per_km2,all,3e5d6f9afadaac1f4d1aebe6539fcd69540c23446b0631b0e10c0cb4f9e74d10,87384b658ffffff,86384b65fffffff,87384b658ffffff,7,,Unavailable,50,Built-up,True,False,h3_r7_centre,candidate-d7d97c180425,too_close_to_known_site,False,0.9303,0.0,0.9355,0.752,63.4426,explainable-gis-v2-20260923,ineligible;too_close_to_known_site,ineligible
13.1215869,32.6592818,gis_v2_density_circles_geodesic_20260922,182.92855834960938,4504.781244954409,Aljfara,9196.66934060296,9196.66934060296,1.0,28076.014306121113,28076.014306121113,1.0,79.0,0.8885895749412782,0.0,2327.0172867783017,0,1,18,64,3205.4313078224477,2327.0172867783017,6259.272643159727,True,True,True,people,5000,people_per_km2,all,3e5d6f9afadaac1f4d1aebe6539fcd69540c23446b0631b0e10c0cb4f9e74d10,873fa59b4ffffff,863fa59b7ffffff,873fa59b4ffffff,7,,Unavailable,30,Grassland,True,False,h3_r7_centre,candidate-8144efa2173a,too_close_to_known_site;too_far_from_road,False,0.8897,0.0,0.0,0.7544,43.1312,explainable-gis-v2-20260923,ineligible;too_close_to_known_site;too_far_from_road,ineligible
13.1237655,32.6182688,gis_v2_density_circles_geodesic_20260922,182.5501251220703,4383.6363603322125,Aljfara,4657.816463147108,4657.816463147108,0.9999999999999971,14581.393939612426,14581.393939612426,1.0,94.0,3.002445933918551,0.43953324345242417,3662.512599281458,0,0,12,47,3662.512599281458,4286.988491118307,8957.788727959956,True,True,True,people,5000,people_per_km2,all,3e5d6f9afadaac1f4d1aebe6539fcd69540c23446b0631b0e10c0cb4f9e74d10,873fa59b2ffffff,863fa59b7ffffff,873fa59b2ffffff,7,,Unavailable,40,Cropland,True,False,h3_r7_centre,candidate-e52cc92f32cc,too_far_from_road,False,0.8328,0.039,0.0,0.7504,41.9834,explainable-gis-v2-20260923,ineligible;too_far_from_road,ineligible
13.125729,32.8444521,gis_v2_density_circles_geodesic_20260922,3946.773681640625,1281.8822151638096,Tripoli,95158.60510129762,95158.60510129762,0.9999999999999984,,230304.95478733152,0.9477272787476168,25.0,-0.0217599690507555,0.758273086268513,437.6452531634813,3,44,99,280,732.4918204519846,437.6452531634813,3407.5949329159275,True,False,True,people,5000,people_per_km2,all,3e5d6f9afadaac1f4d1aebe6539fcd69540c23446b0631b0e10c0cb4f9e74d10,87384b292ffffff,86384b297ffffff,87384b292ffffff,7,,Unavailable,50,Built-up,True,False,h3_r7_centre,candidate-171c9b6d447c,incomplete_population;missing_population_sum_5km;too_close_to_known_site,False,,0.0,0.6795,0.7246,,explainable-gis-v2-20260923,ineligible;incomplete_population;missing_population_sum_5km;too_close_to_known_site,ineligible
13.12791,32.8034589,gis_v2_density_circles_geodesic_20260922,2458.223388671875,553.2090074586049,Tripoli,70966.16721310155,70966.16721310155,0.9999999999999983,180636.22656930456,180636.22656930456,0.9999999999999977,49.0,-0.79011065376978,0.12399321248883191,210.62552040380316,2,20,67,248,1520.6927349179414,210.62552040380316,6525.181319538327,True,True,True,people,5000,people_per_km2,all,3e5d6f9afadaac1f4d1aebe6539fcd69540c23446b0631b0e10c0cb4f9e74d10,87384b66effffff,86384b66fffffff,87384b66effffff,7,,Unavailable,50,Built-up,True,False,h3_r7_centre,candidate-7738149df85a,too_close_to_known_site,False,1.0,0.0,0.8617,0.7419,64.6531,explainable-gis-v2-20260923,ineligible;too_close_to_known_site,ineligible
13.1300893,32.762461,gis_v2_density_circles_geodesic_20260922,696.9926147460938,2395.337448922599,Aljfara,30901.707504316626,30901.707504316626,0.9999999999999993,99956.21297335325,99956.21297335325,0.999999999999999,45.0,-9.466688145951935,0.44024833262360674,858.3240080915331,3,20,50,146,936.4220100204061,858.3240080915331,8084.2794771484905,True,True,True,people,5000,people_per_km2,all,3e5d6f9afadaac1f4d1aebe6539fcd69540c23446b0631b0e10c0cb4f9e74d10,87384b641ffffff,86384b647ffffff,87384b641ffffff,7,,Unavailable,50,Built-up,True,False,h3_r7_centre,candidate-8390f0ef9b1a,too_close_to_known_site,False,1.0,0.0,0.4012,0.688,54.9017,explainable-gis-v2-20260923,ineligible;too_close_to_known_site,ineligible
13.1322667,32.7214582,gis_v2_density_circles_geodesic_20260922,449.8867492675781,1715.928437511174,Aljfara,18693.405530350174,18693.405530350174,0.9999999999999989,51387.49107198243,51387.49107198243,1.0,64.0,0.93050565849137,0.2933655330624064,1325.8733130854282,0,11,30,112,1325.8733130854282,1332.1341587053075,6175.059107125892,True,True,True,people,5000,people_per_km2,all,3e5d6f9afadaac1f4d1aebe6539fcd69540c23446b0631b0e10c0cb4f9e74d10,87384b65dffffff,86384b65fffffff,87384b65dffffff,7,,Unavailable,40,Cropland,True,False,h3_r7_centre,candidate-24241dbd0abe,too_close_to_known_site,False,0.9422,0.0,0.571,0.7449,56.556,explainable-gis-v2-20260923,ineligible;too_close_to_known_site,ineligible
13.1344425,32.6804507,gis_v2_density_circles_geodesic_20260922,680.4280395507812,1895.607716891815,Aljfara,15998.365270058002,15998.365270058002,0.9999999999999979,37943.797925208215,37943.797925208215,0.9999999999999983,74.0,0.2992989513809192,0.4569815375319186,899.3086810998176,2,13,30,75,899.3086810998176,1130.0218753091847,4537.769957113717,True,True,True,people,5000,people_per_km2,all,3e5d6f9afadaac1f4d1aebe6539fcd69540c23446b0631b0e10c0cb4f9e74d10,87384b65bffffff,86384b65fffffff,87384b65bffffff,7,,Unavailable,40,Cropland,True,False,h3_r7_centre,candidate-0ae8d16d3c18,too_close_to_known_site,False,0.9158,0.0,0.5261,0.7363,54.5178,explainable-gis-v2-20260923,ineligible;too_close_to_known_site,ineligible
13.1366164,32.6394386,gis_v2_density_circles_geodesic_20260922,225.07093811035156,3140.4115893303447,Aljfara,6831.757773796965,6831.757773796965,0.9999999999999992,23773.42161564668,23773.42161564668,0.9999999999999994,83.0,-2.0117345416217773,0.24799169987240857,3115.546039821772,0,0,15,62,3115.546039821772,3138.4683714388007,6386.758522154695,True,True,True,people,5000,people_per_km2,all,3e5d6f9afadaac1f4d1aebe6539fcd69540c23446b0631b0e10c0cb4f9e74d10,873fa59b0ffffff,863fa59b7ffffff,873fa59b0ffffff,7,,Unavailable,40,Cropland,True,False,h3_r7_centre,candidate-0e6cbe78e498,,True,0.8752,0.0068,0.2149,0.7317,46.8274,explainable-gis-v2-20260923,high_population_catchment,engineering_review
13.1386094,32.865616,gis_v2_density_circles_geodesic_20260922,3448.88525390625,790.1372624673733,Tripoli,,94729.90136205076,0.9296898731682294,,215520.8346967948,0.7876555178969346,11.0,,1.2010615759822376,232.6573698226179,7,49,100,258,337.06645964772235,232.6573698226179,1430.7714147039908,True,False,False,people,5000,people_per_km2,all,3e5d6f9afadaac1f4d1aebe6539fcd69540c23446b0631b0e10c0cb4f9e74d10,87384b290ffffff,86384b297ffffff,87384b290ffffff,7,,Unavailable,30,Grassland,True,False,h3_r7_centre,candidate-f110814768d2,incomplete_population;incomplete_terrain;missing_population_sum_5km;missing_elevation_prominence_3km;too_close_to_known_site,False,,0.0,0.8025,,,explainable-gis-v2-20260923,ineligible;incomplete_population;incomplete_terrain;missing_population_sum_5km;missing_elevation_prominence_3km;too_close_to_known_site,ineligible
13.1407858,32.8246238,gis_v2_density_circles_geodesic_20260922,2713.156005859375,769.864899489512,Tripoli,82968.00590914079,82968.00590914079,0.9999999999999987,240237.77498919336,240237.77498919336,1.0,47.0,11.263435424980564,1.2339435274717467,665.7571292379807,2,23,72,281,1078.0037731059158,665.7571292379807,3924.707974738251,True,True,True,people,5000,people_per_km2,all,3e5d6f9afadaac1f4d1aebe6539fcd69540c23446b0631b0e10c0cb4f9e74d10,87384b66cffffff,86384b66fffffff,87384b66cffffff,7,,Unavailable,50,Built-up,True,False,h3_r7_centre,candidate-868f126df5ac,too_close_to_known_site,False,1.0,0.0,0.8075,0.7652,63.8025,explainable-gis-v2-20260923,ineligible;too_close_to_known_site,ineligible
13.1429603,32.7836268,gis_v2_density_circles_geodesic_20260922,3134.79931640625,1207.70435058079,Tripoli,56524.4959602851,56524.4959602851,1.0,144870.7114605094,144870.7114605094,1.0,64.0,9.805881025481,0.0,499.4323984724443,4,22,49,219,614.6566578331385,499.4323984724443,7905.563727702859,True,True,True,people,5000,people_per_km2,all,3e5d6f9afadaac1f4d1aebe6539fcd69540c23446b0631b0e10c0cb4f9e74d10,87384b66affffff,86384b66fffffff,87384b66affffff,7,,Unavailable,50,Built-up,True,False,h3_r7_centre,candidate-e04d5060190e,too_close_to_known_site,False,1.0,0.0,0.6981,0.799,61.9518,explainable-gis-v2-20260923,ineligible;too_close_to_known_site,ineligible
13.1451332,32.742625,gis_v2_density_circles_geodesic_20260922,1553.2445068359375,1072.1384279687434,Tripoli,23035.71587165101,23035.71587165101,0.9999999999999973,69140.9889458667,69140.9889458667,1.0,54.0,-1.912753139920575,0.7996934710164227,164.07691769521256,2,12,30,122,1715.7385087740438,164.07691769521256,7618.735374949944,True,True,True,people,5000,people_per_km2,all,3e5d6f9afadaac1f4d1aebe6539fcd69540c23446b0631b0e10c0cb4f9e74d10,87384b64effffff,86384b64fffffff,87384b64effffff,7,,Unavailable,50,Built-up,True,False,h3_r7_centre,candidate-787a068b5a5c,too_close_to_known_site,False,0.9679,0.0,0.732,0.7138,60.495,explainable-gis-v2-20260923,ineligible;too_close_to_known_site,ineligible
13.1473042,32.7016184,gis_v2_density_circles_geodesic_20260922,764.2033081054688,288.85848269103724,Aljfara,18343.963308291724,18343.963308291724,1.0,50806.31974303229,50806.31974303229,0.9999999999999981,69.0,0.5567990592120537,0.2881046281621105,805.4477216416913,1,19,35,92,1433.3895311714607,805.4477216416913,3991.855100632544,True,True,True,people,5000,people_per_km2,all,3e5d6f9afadaac1f4d1aebe6539fcd69540c23446b0631b0e10c0cb4f9e74d10,87384b659ffffff,86384b65fffffff,87384b659ffffff,7,,Unavailable,30,Grassland,True,False,h3_r7_centre,candidate-efcf30f551eb,too_close_to_known_site,False,0.9412,0.0,0.9278,0.7432,63.6349,explainable-gis-v2-20260923,ineligible;too_close_to_known_site,ineligible
13.1494735,32.6606071,gis_v2_density_circles_geodesic_20260922,323.2709045410156,2260.436590216187,Aljfara,14053.594703889132,14053.594703889132,1.0,35029.927770660994,35029.927770660994,1.0,81.0,0.6793742551197113,0.31831110796345086,829.1671698223682,1,11,25,75,2329.963964513898,829.1671698223682,3907.838185015861,True,True,True,people,5000,people_per_km2,all,3e5d6f9afadaac1f4d1aebe6539fcd69540c23446b0631b0e10c0cb4f9e74d10,873fa59b5ffffff,863fa59b7ffffff,873fa59b5ffffff,7,,Unavailable,30,Grassland,True,False,h3_r7_centre,candidate-810f7005574b,too_close_to_known_site,False,0.9089,0.0,0.4349,0.7428,52.4813,explainable-gis-v2-20260923,ineligible;too_close_to_known_site,ineligible
13.1516411,32.6195912,gis_v2_density_circles_geodesic_20260922,235.87380981445312,1770.6216382571163,Aljfara,7355.396944429396,7355.396944429396,0.9999999999999994,19795.54233763408,19795.54233763408,0.9999999999999998,93.0,1.181597248582321,0.1239968426559375,1556.7278569589787,0,7,13,51,1556.7278569589787,1681.6377996805418,7487.802394981458,True,True,True,people,5000,people_per_km2,all,3e5d6f9afadaac1f4d1aebe6539fcd69540c23446b0631b0e10c0cb4f9e74d10,873fa59b3ffffff,863fa59b7ffffff,873fa59b3ffffff,7,,Unavailable,50,Built-up,True,False,h3_r7_centre,candidate-81fd5121a577,too_close_to_known_site,False,0.8593,0.0,0.5573,0.7518,53.0373,explainable-gis-v2-20260923,ineligible;too_close_to_known_site,ineligible
13.1536677,32.8457875,gis_v2_density_circles_geodesic_20260922,4468.73388671875,803.6956644386482,Tripoli,106139.87336445508,106139.87336445508,1.0,,263839.9789562561,0.9895060750157111,33.0,7.019968973501729,0.37197238856051107,166.79436845754176,5,33,105,293,166.79436845754176,170.31760649912346,1468.1192856035202,True,False,True,people,5000,people_per_km2,all,3e5d6f9afadaac1f4d1aebe6539fcd69540c23446b0631b0e10c0cb4f9e74d10,87384b293ffffff,86384b297ffffff,87384b293ffffff,7,,Unavailable,50,Built-up,True,False,h3_r7_centre,candidate-bf03b4b82463,incomplete_population;missing_population_sum_5km;too_close_to_known_site,False,,0.0,0.7991,0.7727,,explainable-gis-v2-20260923,ineligible;incomplete_population;missing_population_sum_5km;too_close_to_known_site,ineligible
13.1558376,32.8047914,gis_v2_density_circles_geodesic_20260922,2679.03759765625,263.53265334479124,Tripoli,75724.33668357956,75724.33668357956,0.9999999999999999,196362.80590019203,196362.80590019203,0.9999999999999989,47.0,1.8369084664802529,0.47390324617865115,463.88973080993577,1,17,47,266,463.88973080993577,1422.2399735956315,5328.862605176893,True,True,True,people,5000,people_per_km2,all,3e5d6f9afadaac1f4d1aebe6539fcd69540c23446b0631b0e10c0cb4f9e74d10,87384b668ffffff,86384b66fffffff,87384b668ffffff,7,,Unavailable,40,Cropland,True,False,h3_r7_centre,candidate-e45d7fdedcc0,too_close_to_known_site,False,1.0,0.0,0.9341,0.7434,66.1162,explainable-gis-v2-20260923,ineligible;too_close_to_known_site,ineligible
13.1580057,32.7637905,gis_v2_density_circles_geodesic_20260922,357.7867431640625,224.1691160631376,Tripoli,34326.618198757955,34326.618198757955,0.9999999999999993,117135.7093276185,117135.7093276185,1.0,50.0,-1.6544444459035574,0.29350209739044847,1279.7568849564,0,16,34,171,1279.7568849564,1425.4081831298754,9390.27504530627,True,True,True,people,5000,people_per_km2,all,3e5d6f9afadaac1f4d1aebe6539fcd69540c23446b0631b0e10c0cb4f9e74d10,87384b64cffffff,86384b64fffffff,87384b64cffffff,7,,Unavailable,30,Grassland,True,False,h3_r7_centre,candidate-ef7e8ed9a0f0,too_close_to_known_site,False,1.0,0.0,0.944,0.7319,66.1986,explainable-gis-v2-20260923,ineligible;too_close_to_known_site,ineligible
13.1601721,32.7227849,gis_v2_density_circles_geodesic_20260922,441.8431701660156,762.5670271567805,Tripoli,20532.75661636979,20532.75661636979,0.9999999999999999,62700.338876878566,62700.338876878566,1.0,65.0,1.8235737784385933,0.3184988332616655,421.1129633285007,3,10,39,114,978.0814772053193,421.1129633285007,5020.899366601277,True,True,True,people,5000,people_per_km2,all,3e5d6f9afadaac1f4d1aebe6539fcd69540c23446b0631b0e10c0cb4f9e74d10,87384b64affffff,86384b64fffffff,87384b64affffff,7,,Unavailable,30,Grassland,True,False,h3_r7_centre,candidate-9ee34ea008d5,too_close_to_known_site,False,0.9595,0.0,0.8094,0.7485,62.0504,explainable-gis-v2-20260923,ineligible;too_close_to_known_site,ineligible
13.1623368,32.6817745,gis_v2_density_circles_geodesic_20260922,734.0284423828125,1098.8615996015153,Aljfara,20023.478361361074,20023.478361361074,0.9999999999999993,42743.61637750277,42743.61637750277,1.0,72.0,-1.9702140449520726,0.7582404572192181,246.29573474760463,1,15,38,74,1000.5966379610636,246.29573474760463,1919.3127802445156,True,True,True,people,5000,people_per_km2,all,3e5d6f9afadaac1f4d1aebe6539fcd69540c23446b0631b0e10c0cb4f9e74d10,873fa59a6ffffff,863fa59a7ffffff,873fa59a6ffffff,7,,Unavailable,50,Built-up,True,False,h3_r7_centre,candidate-0d4e74423f8f,too_close_to_known_site,False,0.9262,0.0,0.7253,0.7149,58.7015,explainable-gis-v2-20260923,ineligible;too_close_to_known_site,ineligible
13.1644997,32.6407594,gis_v2_density_circles_geodesic_20260922,313.5738830566406,567.5962633262576,Aljfara,9723.00119061224,9723.00119061224,1.0,27879.41659254976,27879.41659254976,1.0,87.0,0.17965114378328906,0.47357722152705567,498.9873249926862,4,9,19,73,498.9873249926862,953.147482879178,4859.405702949502,True,True,True,people,5000,people_per_km2,all,3e5d6f9afadaac1f4d1aebe6539fcd69540c23446b0631b0e10c0cb4f9e74d10,873fa59b1ffffff,863fa59b7ffffff,873fa59b1ffffff,7,,Unavailable,40,Cropland,True,False,h3_r7_centre,candidate-1ad6a507dc1e,too_close_to_known_site,False,0.8891,0.0,0.8581,0.7351,60.0755,explainable-gis-v2-20260923,ineligible;too_close_to_known_site,ineligible
13.1665558,32.8669498,gis_v2_density_circles_geodesic_20260922,4165.1904296875,77.83612365342903,Tripoli,,112631.80583688167,0.9878406715768335,,259309.20350183532,0.8937812191046024,15.0,,0.24798270099093347,542.4541627129231,4,58,125,267,542.4541627129231,1063.526067837467,1683.5502949518384,True,False,False,people,5000,people_per_km2,all,3e5d6f9afadaac1f4d1aebe6539fcd69540c23446b0631b0e10c0cb4f9e74d10,87384b291ffffff,86384b297ffffff,87384b291ffffff,7,,Unavailable,50,Built-up,True,False,h3_r7_centre,candidate-04231340b972,incomplete_population;incomplete_terrain;missing_population_sum_5km;missing_elevation_prominence_3km;too_close_to_known_site,False,,0.0,0.9805,,,explainable-gis-v2-20260923,ineligible;incomplete_population;incomplete_terrain;missing_population_sum_5km;missing_elevation_prominence_3km;too_close_to_known_site,ineligible
13.168721,32.8259548,gis_v2_density_circles_geodesic_20260922,2696.720703125,340.7981959948352,Tripoli,88890.99684444001,88890.99684444001,1.0,249818.22635940695,249818.22635940695,1.0,28.0,-5.994408213261025,0.39991183006054776,1825.0910087604232,0,16,73,307,2224.5481312787388,1825.0910087604232,2867.7176945970905,True,True,True,people,5000,people_per_km2,all,3e5d6f9afadaac1f4d1aebe6539fcd69540c23446b0631b0e10c0cb4f9e74d10,87384b66dffffff,86384b66fffffff,87384b66dffffff,7,,Unavailable,50,Built-up,True,False,h3_r7_centre,candidate-8e829a59a36b,too_close_to_known_site,False,1.0,0.0,0.9148,0.7067,65.363,explainable-gis-v2-20260923,ineligible;too_close_to_known_site,ineligible
13.1708845,32.7849548,gis_v2_density_circles_geodesic_20260922,2726.638916015625,1405.0610028877,Tripoli,59379.76628920939,59379.76628920939,1.0,156023.67415395516,156023.67415395516,0.9999999999999989,43.0,-4.477284480139446,0.3186808760480005,964.0013231897888,1,13,29,215,964.0013231897888,1269.9156723748813,7419.095304029434,True,True,True,people,5000,people_per_km2,all,3e5d6f9afadaac1f4d1aebe6539fcd69540c23446b0631b0e10c0cb4f9e74d10,87384b66bffffff,86384b66fffffff,87384b66bffffff,7,,Unavailable,50,Built-up,True,False,h3_r7_centre,candidate-87d3ceacb7c1,too_close_to_known_site,False,1.0,0.0,0.6487,0.717,60.1446,explainable-gis-v2-20260923,ineligible;too_close_to_known_site,ineligible
13.1730462,32.7439501,gis_v2_density_circles_geodesic_20260922,371.8685302734375,1547.5880303345582,Tripoli,28342.91457615894,28342.91457615894,0.9999999999999983,83307.22627221595,83307.22627221595,0.9999999999999984,48.0,-7.900161480662888,1.0766027468124464,1993.0392299623581,0,5,30,132,1993.0392299623581,2299.913122845935,6958.100397500843,True,True,True,people,5000,people_per_km2,all,3e5d6f9afadaac1f4d1aebe6539fcd69540c23446b0631b0e10c0cb4f9e74d10,87384b648ffffff,86384b64fffffff,87384b648ffffff,7,,Unavailable,30,Grassland,True,False,h3_r7_centre,candidate-0a981d9901ba,too_close_to_known_site,False,0.9841,0.0,0.6131,0.6746,58.3737,explainable-gis-v2-20260923,ineligible;too_close_to_known_site,ineligible
13.1752062,32.7029406,gis_v2_density_circles_geodesic_20260922,242.2249755859375,1535.2843741986017,Aljfara,20121.95774215479,20121.95774215479,1.0,57293.865011728376,57293.865011728376,1.0,66.0,-1.3114028591781164,0.12399519389329208,1893.915666454338,0,21,38,95,1893.915666454338,1966.835504833962,2455.3670864282235,True,True,True,people,5000,people_per_km2,all,3e5d6f9afadaac1f4d1aebe6539fcd69540c23446b0631b0e10c0cb4f9e74d10,873fa59a4ffffff,863fa59a7ffffff,873fa59a4ffffff,7,,Unavailable,30,Grassland,True,False,h3_r7_centre,candidate-a13cb183ce4d,too_close_to_known_site,False,0.9516,0.0,0.6162,0.7393,57.7816,explainable-gis-v2-20260923,ineligible;too_close_to_known_site,ineligible
13.1773645,32.6619264,gis_v2_density_circles_geodesic_20260922,455.0028381347656,312.437124576553,Aljfara,14298.560855057067,14298.560855057067,0.9999999999999983,36915.71196777833,36915.71196777833,0.9999999999999984,82.0,1.3704866310184372,0.3998219632850336,784.2551527986321,1,11,30,76,1498.1212998354956,784.2551527986321,2256.997337787723,True,True,True,people,5000,people_per_km2,all,3e5d6f9afadaac1f4d1aebe6539fcd69540c23446b0631b0e10c0cb4f9e74d10,873fa59a2ffffff,863fa59a7ffffff,873fa59a2ffffff,7,,Unavailable,10,Tree cover,True,False,h3_r7_centre,candidate-68e51f42d6c6,too_close_to_known_site,False,0.9134,0.0,0.9219,0.7435,62.4108,explainable-gis-v2-20260923,ineligible;too_close_to_known_site,ineligible
13.17945,32.8881109,gis_v2_density_circles_geodesic_20260922,4136.18017578125,384.1243394774317,Tripoli,,88347.88120264429,0.8876450806526505,,208465.6690121624,0.7389325196848935,15.0,,1.9730027526406417,83.10225420171275,9,58,107,252,167.38962263560833,83.10225420171275,4176.176130856205,True,False,False,people,5000,people_per_km2,all,3e5d6f9afadaac1f4d1aebe6539fcd69540c23446b0631b0e10c0cb4f9e74d10,87384b282ffffff,86384b287ffffff,87384b282ffffff,7,,Unavailable,10,Tree cover,True,False,h3_r7_centre,candidate-49f2bf3090b1,incomplete_population;incomplete_terrain;missing_population_sum_5km;missing_elevation_prominence_3km;too_close_to_known_site,False,,0.0,0.904,,,explainable-gis-v2-20260923,ineligible;incomplete_population;incomplete_terrain;missing_population_sum_5km;missing_elevation_prominence_3km;too_close_to_known_site,ineligible
13.179521,32.6209075,gis_v2_density_circles_geodesic_20260922,377.17327880859375,768.9085775276081,Aljfara,8571.67991981647,8571.67991981647,1.0,21242.333542277604,21242.333542277604,0.9999999999999994,92.0,-0.8785287881009793,0.3719857585332712,1005.1113137715865,0,9,12,58,1041.576180358642,1005.1113137715865,6754.563373483211,True,True,True,people,5000,people_per_km2,all,3e5d6f9afadaac1f4d1aebe6539fcd69540c23446b0631b0e10c0cb4f9e74d10,873fa5986ffffff,863fa5987ffffff,873fa5986ffffff,7,,Unavailable,40,Cropland,True,False,h3_r7_centre,candidate-d377f1eb5252,too_close_to_known_site,False,0.8654,0.0,0.8078,0.7332,58.1053,explainable-gis-v2-20260923,ineligible;too_close_to_known_site,ineligible
13.1816106,32.8471168,gis_v2_density_circles_geodesic_20260922,4870.6552734375,746.3114006566952,Tripoli,108694.82710496613,108694.82710496613,0.9999999999999998,283499.03876976506,283499.03876976506,0.9999999999999994,28.0,2.9290696696861787,0.19222472772922194,486.6892819919812,6,43,103,297,830.3409901079825,486.6892819919812,1406.9013952672367,True,True,True,people,5000,people_per_km2,all,3e5d6f9afadaac1f4d1aebe6539fcd69540c23446b0631b0e10c0cb4f9e74d10,87384b29effffff,86384b29fffffff,87384b29effffff,7,,Unavailable,50,Built-up,True,False,h3_r7_centre,candidate-2f9328946b02,too_close_to_known_site,False,1.0,0.0,0.8134,0.7582,63.8508,explainable-gis-v2-20260923,ineligible;too_close_to_known_site,ineligible
13.1837694,32.8061179,gis_v2_density_circles_geodesic_20260922,2309.873046875,2305.1694658034403,Tripoli,71646.31848611226,71646.31848611226,1.0,208191.39202260217,208191.39202260217,1.0,36.0,-2.2997572362857,1.152901465614171,502.956776298222,1,6,45,281,1076.5561293832043,502.956776298222,5286.156272915426,True,True,True,people,5000,people_per_km2,all,3e5d6f9afadaac1f4d1aebe6539fcd69540c23446b0631b0e10c0cb4f9e74d10,87384b669ffffff,86384b66fffffff,87384b669ffffff,7,,Unavailable,50,Built-up,True,False,h3_r7_centre,candidate-2a20f8334ab4,too_close_to_known_site,False,1.0,0.0,0.4237,0.7001,55.4749,explainable-gis-v2-20260923,ineligible;too_close_to_known_site,ineligible
13.1859264,32.7651141,gis_v2_density_circles_geodesic_20260922,1113.0576171875,1456.8431112201674,Tripoli,41321.44081632001,41321.44081632001,0.9999999999999993,119053.56859462682,119053.56859462682,0.9999999999999998,49.0,-0.02774918608840693,0.1921237170112868,2598.5130142086414,0,1,26,165,2598.5130142086414,3783.630808581308,9249.460924747735,True,True,True,people,5000,people_per_km2,all,3e5d6f9afadaac1f4d1aebe6539fcd69540c23446b0631b0e10c0cb4f9e74d10,87384b64dffffff,86384b64fffffff,87384b64dffffff,7,,Unavailable,50,Built-up,True,False,h3_r7_centre,candidate-2d583126dfa2,too_close_to_known_site,False,1.0,0.0,0.6358,0.7435,60.1504,explainable-gis-v2-20260923,ineligible;too_close_to_known_site,ineligible
13.1880818,32.7241055,gis_v2_density_circles_geodesic_20260922,618.094970703125,1266.3460244866535,Aljfara,24524.320903232037,24524.320903232037,0.9999999999999993,62667.03540826531,62667.03540826531,1.0,60.0,-1.5989345468384002,0.5761990059101424,633.1595970412359,1,10,33,119,633.1595970412359,1135.747219785773,4722.9942103448575,True,True,True,people,5000,people_per_km2,all,3e5d6f9afadaac1f4d1aebe6539fcd69540c23446b0631b0e10c0cb4f9e74d10,87384b64bffffff,86384b64fffffff,87384b64bffffff,7,,Unavailable,50,Built-up,True,False,h3_r7_centre,candidate-5d6f947f55b4,too_close_to_known_site,False,0.9594,0.0,0.6834,0.7228,59.2726,explainable-gis-v2-20260923,ineligible;too_close_to_known_site,ineligible
13.1902354,32.6830922,gis_v2_density_circles_geodesic_20260922,1025.697021484375,540.6216587445704,Aljfara,16780.559218473198,16780.559218473198,1.0,42842.67281644471,42842.67281644471,1.0,71.0,-2.301545656661318,0.38404199695142377,873.9217543987655,1,13,34,84,1090.7637394433386,873.9217543987655,712.8828134541402,True,True,True,people,5000,people_per_km2,all,3e5d6f9afadaac1f4d1aebe6539fcd69540c23446b0631b0e10c0cb4f9e74d10,873fa59a0ffffff,863fa59a7ffffff,873fa59a0ffffff,7,,Unavailable,40,Cropland,True,False,h3_r7_centre,candidate-9e560907af18,too_close_to_known_site,False,0.9264,0.0,0.8648,0.7257,61.6089,explainable-gis-v2-20260923,ineligible;too_close_to_known_site,ineligible
13.1923505,32.9092707,gis_v2_density_circles_geodesic_20260922,1514.7916259765625,2244.205992713417,Tripoli,,44462.43132028792,0.6273300220782678,,134871.70299784612,0.5204665420822194,5.0,,0.24798104631772275,1512.256399465963,0,34,75,220,1512.256399465963,1555.947899778613,6780.407917560182,True,False,False,people,5000,people_per_km2,all,3e5d6f9afadaac1f4d1aebe6539fcd69540c23446b0631b0e10c0cb4f9e74d10,87384b280ffffff,86384b287ffffff,87384b280ffffff,7,,Unavailable,50,Built-up,True,False,h3_r7_centre,candidate-1fc4e16cca08,incomplete_population;incomplete_terrain;missing_population_sum_5km;missing_elevation_prominence_3km;too_close_to_known_site,False,,0.0,0.4389,,,explainable-gis-v2-20260923,ineligible;incomplete_population;incomplete_terrain;missing_population_sum_5km;missing_elevation_prominence_3km;too_close_to_known_site,ineligible
13.1923872,32.6420742,gis_v2_density_circles_geodesic_20260922,269.35601806640625,2005.5022377250623,Aljfara,9040.905940959356,9040.905940959356,0.9999999999999998,26026.948532847044,26026.948532847044,0.9999999999999966,85.0,-2.599935724500213,0.49597394355922686,2093.1148798170207,0,6,16,80,2093.1148798170207,2112.875075419067,4491.150016290196,True,True,True,people,5000,people_per_km2,all,3e5d6f9afadaac1f4d1aebe6539fcd69540c23446b0631b0e10c0cb4f9e74d10,873fa5984ffffff,863fa5987ffffff,873fa5984ffffff,7,,Unavailable,40,Cropland,True,False,h3_r7_centre,candidate-f84649b12de4,too_close_to_known_site,False,0.8831,0.0,0.4986,0.7205,52.5007,explainable-gis-v2-20260923,ineligible;too_close_to_known_site,ineligible
13.1945063,32.8682776,gis_v2_density_circles_geodesic_20260922,4691.2578125,479.1985320685677,Tripoli,118887.50073493754,118887.50073493754,0.9999999999999986,,292278.17273752636,0.9796515382507096,19.0,-0.4165984921911736,0.9733576153005797,267.8509142998118,8,63,130,272,267.8509142998118,475.77010119074595,3108.627513104884,True,False,True,people,5000,people_per_km2,all,3e5d6f9afadaac1f4d1aebe6539fcd69540c23446b0631b0e10c0cb4f9e74d10,87384b29cffffff,86384b29fffffff,87384b29cffffff,7,,Unavailable,50,Built-up,True,False,h3_r7_centre,candidate-4ca15b6be493,incomplete_population;missing_population_sum_5km;too_close_to_known_site,False,,0.0,0.8802,0.7155,,explainable-gis-v2-20260923,ineligible;incomplete_population;missing_population_sum_5km;too_close_to_known_site,ineligible
13.1945373,32.6010516,gis_v2_density_circles_geodesic_20260922,133.11244201660156,1651.6197041569626,Aljfara,7110.95683774009,7110.95683774009,1.0,18852.063804489506,18852.063804489506,0.9999999999999984,97.0,-1.7148116510604297,0.14648650270249003,2237.436111528494,0,4,11,46,2649.7027505615524,2237.436111528494,7098.102522250444,True,True,True,people,5000,people_per_km2,all,3e5d6f9afadaac1f4d1aebe6539fcd69540c23446b0631b0e10c0cb4f9e74d10,873fa5982ffffff,863fa5987ffffff,873fa5982ffffff,7,,Unavailable,40,Cropland,True,False,h3_r7_centre,candidate-b7a7611ba799,too_close_to_known_site,False,0.8551,0.0,0.5871,0.7365,53.3104,explainable-gis-v2-20260923,ineligible;too_close_to_known_site,ineligible
13.1966604,32.8272796,gis_v2_density_circles_geodesic_20260922,1969.3853759765625,1950.8844783420088,Tripoli,88972.1304263947,88972.1304263947,0.9999999999999992,249157.10802535748,249157.10802535748,1.0,36.0,6.440662410819407,0.7997869855983369,847.6856269805293,1,21,70,300,1669.756372759798,847.6856269805293,3843.6991845412313,True,True,True,people,5000,people_per_km2,all,3e5d6f9afadaac1f4d1aebe6539fcd69540c23446b0631b0e10c0cb4f9e74d10,87384b29affffff,86384b29fffffff,87384b29affffff,7,,Unavailable,30,Grassland,True,False,h3_r7_centre,candidate-7f10300fe074,too_close_to_known_site,False,1.0,0.0,0.5123,0.7555,57.801,explainable-gis-v2-20260923,ineligible;too_close_to_known_site,ineligible
13.1988128,32.7862768,gis_v2_density_circles_geodesic_20260922,2229.444091796875,885.5277853723396,Tripoli,62258.25779577425,62258.25779577425,1.0,152061.3250202983,152061.3250202983,1.0,39.0,-4.418793792105674,0.2935773282527131,1771.7825990351175,0,4,19,199,1771.7825990351175,2986.3091988412225,7287.9592407195305,True,True,True,people,5000,people_per_km2,all,3e5d6f9afadaac1f4d1aebe6539fcd69540c23446b0631b0e10c0cb4f9e74d10,873fa5936ffffff,863fa5937ffffff,873fa5936ffffff,7,,Unavailable,40,Cropland,True,False,h3_r7_centre,candidate-4f649a62fe9c,too_close_to_known_site,False,1.0,0.0,0.7786,0.7181,62.7536,explainable-gis-v2-20260923,ineligible;too_close_to_known_site,ineligible
13.2009635,32.7452692,gis_v2_density_circles_geodesic_20260922,1468.6689453125,156.6091505324192,Tripoli,31173.077612177083,31173.077612177083,1.0,77562.05680499262,77562.05680499262,1.0,55.0,-0.6640823118935302,0.2881396018322226,2204.9124371823236,0,5,15,132,2301.0658289318503,2204.9124371823236,7246.906545942121,True,True,True,people,5000,people_per_km2,all,3e5d6f9afadaac1f4d1aebe6539fcd69540c23446b0631b0e10c0cb4f9e74d10,87384b649ffffff,86384b64fffffff,87384b649ffffff,7,,Unavailable,50,Built-up,True,False,h3_r7_centre,candidate-ff7548df3cf7,too_close_to_known_site,False,0.9779,0.0,0.9608,0.7371,65.7049,explainable-gis-v2-20260923,ineligible;too_close_to_known_site,ineligible
13.2031124,32.7042568,gis_v2_density_circles_geodesic_20260922,456.8134460449219,780.2674431023156,Aljfara,18341.77438099589,18341.77438099589,1.0,49794.29409069686,49794.29409069686,1.0,67.0,-0.12156130349056582,0.31844245223834045,1021.6313562319044,0,14,32,105,1057.3804593920174,1021.6313562319044,3139.5283212079376,True,True,True,people,5000,people_per_km2,all,3e5d6f9afadaac1f4d1aebe6539fcd69540c23446b0631b0e10c0cb4f9e74d10,873fa59a5ffffff,863fa59a7ffffff,873fa59a5ffffff,7,,Unavailable,40,Cropland,True,False,h3_r7_centre,candidate-329aea203f47,too_close_to_known_site,False,0.9394,0.0,0.8049,0.7388,61.0639,explainable-gis-v2-20260923,ineligible;too_close_to_known_site,ineligible
13.2052596,32.6632397,gis_v2_density_circles_geodesic_20260922,324.1302490234375,2864.8587094629893,Aljfara,10025.016557529434,10025.016557529434,0.9999999999999992,31242.85612225699,31242.85612225699,0.999999999999999,88.0,7.02492035825081,0.3998230949336398,1711.289882402456,0,3,24,80,1711.289882402456,2987.5564718123355,2941.4585096542587,True,True,True,people,5000,people_per_km2,all,3e5d6f9afadaac1f4d1aebe6539fcd69540c23446b0631b0e10c0cb4f9e74d10,873fa59a3ffffff,863fa59a7ffffff,873fa59a3ffffff,7,,Unavailable,50,Built-up,True,False,h3_r7_centre,candidate-dff198aa3ea8,too_close_to_known_site,False,0.899,0.0,0.2838,0.7718,49.3518,explainable-gis-v2-20260923,ineligible;too_close_to_known_site,ineligible
13.2074051,32.6222179,gis_v2_density_circles_geodesic_20260922,188.27069091796875,3283.659538682768,Aljfara,6467.497411018077,6467.497411018077,1.0,18761.37400932659,18761.37400932659,1.0,94.0,0.4532800748700083,0.5171632979342788,478.63294561173905,1,1,14,66,3620.1020151229004,478.63294561173905,6994.112126505559,True,True,True,people,5000,people_per_km2,all,3e5d6f9afadaac1f4d1aebe6539fcd69540c23446b0631b0e10c0cb4f9e74d10,873fa5980ffffff,863fa5987ffffff,873fa5980ffffff,7,,Unavailable,40,Cropland,True,False,h3_r7_centre,candidate-1ccce1955a84,too_close_to_known_site,False,0.8547,0.0,0.1791,0.735,45.1183,explainable-gis-v2-20260923,ineligible;too_close_to_known_site,ineligible
13.2074083,32.8894371,gis_v2_density_circles_geodesic_20260922,4248.66943359375,70.63052158450982,Tripoli,,101738.31351849234,0.9748982277296496,,240125.86103153983,0.8383197661018325,13.0,,0.37196978331957464,352.5582336055686,10,58,111,244,685.7222529645406,352.5582336055686,4749.817306758946,True,False,False,people,5000,people_per_km2,all,3e5d6f9afadaac1f4d1aebe6539fcd69540c23446b0631b0e10c0cb4f9e74d10,87384b283ffffff,86384b287ffffff,87384b283ffffff,7,,Unavailable,50,Built-up,True,False,h3_r7_centre,candidate-09f257d2af0c,incomplete_population;incomplete_terrain;missing_population_sum_5km;missing_elevation_prominence_3km;too_close_to_known_site,False,,0.0,0.9823,,,explainable-gis-v2-20260923,ineligible;incomplete_population;incomplete_terrain;missing_population_sum_5km;missing_elevation_prominence_3km;too_close_to_known_site,ineligible
13.2095577,32.8484401,gis_v2_density_circles_geodesic_20260922,4319.24951171875,253.8265317900193,Tripoli,105665.74973573032,105665.74973573032,0.9999999999999987,291589.79928481544,291589.79928481544,1.0,23.0,-0.5458448926013233,0.6004893373615401,459.2568477757088,5,37,103,285,515.4719205303547,459.2568477757088,3941.4232680587047,True,True,True,people,5000,people_per_km2,all,3e5d6f9afadaac1f4d1aebe6539fcd69540c23446b0631b0e10c0cb4f9e74d10,87384b298ffffff,86384b29fffffff,87384b298ffffff,7,,Unavailable,50,Built-up,True,False,h3_r7_centre,candidate-7934341a3a24,too_close_to_known_site,False,1.0,0.0,0.9365,0.7273,66.0034,explainable-gis-v2-20260923,ineligible;too_close_to_known_site,ineligible
13.2117054,32.8074383,gis_v2_density_circles_geodesic_20260922,2198.28662109375,914.8081224623385,Tripoli,71296.50490891637,71296.50490891637,0.9999999999999987,198854.7443183422,198854.7443183422,1.0,33.0,-1.9069558234279498,0.1921754611726691,1235.0768293505719,0,12,33,268,1567.362672158845,1235.0768293505719,5472.586037578497,True,True,True,people,5000,people_per_km2,all,3e5d6f9afadaac1f4d1aebe6539fcd69540c23446b0631b0e10c0cb4f9e74d10,873fa5934ffffff,863fa5937ffffff,873fa5934ffffff,7,,Unavailable,10,Tree cover,True,False,h3_r7_centre,candidate-fbff41e73541,too_close_to_known_site,False,1.0,0.0,0.7713,0.7341,62.7666,explainable-gis-v2-20260923,ineligible;too_close_to_known_site,ineligible
13.2138514,32.7664316,gis_v2_density_circles_geodesic_20260922,1230.1593017578125,1163.591834414839,Aljfara,40522.86688275293,40522.86688275293,0.9999999999999977,106785.74402309943,106785.74402309943,1.0,59.0,8.427612042851287,1.0477211973325729,2599.819642150939,0,2,25,148,2599.819642150939,3549.375333092047,7378.7091022672685,True,True,True,people,5000,people_per_km2,all,3e5d6f9afadaac1f4d1aebe6539fcd69540c23446b0631b0e10c0cb4f9e74d10,873fa5932ffffff,863fa5937ffffff,873fa5932ffffff,7,,Unavailable,50,Built-up,True,False,h3_r7_centre,candidate-c42cac60e307,too_close_to_known_site,False,1.0,0.0,0.7091,0.7572,61.7542,explainable-gis-v2-20260923,ineligible;too_close_to_known_site,ineligible
13.2159956,32.7254201,gis_v2_density_circles_geodesic_20260922,581.533203125,1169.3031951646465,Aljfara,21959.18053244061,21959.18053244061,0.9999999999999999,53634.56128661627,53634.56128661627,0.9999999999999998,59.0,-3.1629877502466996,0.31850510117957564,286.53740118062797,3,10,25,119,647.702864124537,286.53740118062797,5756.701552256263,True,True,True,people,5000,people_per_km2,all,3e5d6f9afadaac1f4d1aebe6539fcd69540c23446b0631b0e10c0cb4f9e74d10,873fa5916ffffff,863fa5917ffffff,873fa5916ffffff,7,,Unavailable,40,Cropland,True,False,h3_r7_centre,candidate-8f0d325c5e86,too_close_to_known_site,False,0.9459,0.0,0.7077,0.7236,59.2248,explainable-gis-v2-20260923,ineligible;too_close_to_known_site,ineligible
13.2181381,32.6844039,gis_v2_density_circles_geodesic_20260922,415.69793701171875,2318.6684386790494,Aljfara,11992.765532224359,11992.765532224359,0.9999999999999991,34590.92856398654,34590.92856398654,0.9999999999999992,72.0,-1.7682013221308779,0.3719820494491538,972.8194599227328,1,10,30,87,972.8194599227328,1217.6762902958326,3327.1149579129515,True,True,True,people,5000,people_per_km2,all,3e5d6f9afadaac1f4d1aebe6539fcd69540c23446b0631b0e10c0cb4f9e74d10,873fa59a1ffffff,863fa59a7ffffff,873fa59a1ffffff,7,,Unavailable,40,Cropland,True,False,h3_r7_centre,candidate-67c6907ddddb,too_close_to_known_site,False,0.9078,0.0,0.4203,0.7288,52.006,explainable-gis-v2-20260923,ineligible;too_close_to_known_site,ineligible
13.2202789,32.643383,gis_v2_density_circles_geodesic_20260922,270.5514831542969,4578.8846157024755,Aljfara,6373.765078713857,6373.765078713857,0.9999999999999999,19628.87102955226,19628.87102955226,1.0,88.0,-0.17963433130196904,0.3719845225839478,2196.4588532184675,0,4,11,70,2196.4588532184675,2438.6840992513175,5519.5560978132135,True,True,True,people,5000,people_per_km2,all,3e5d6f9afadaac1f4d1aebe6539fcd69540c23446b0631b0e10c0cb4f9e74d10,873fa5985ffffff,863fa5987ffffff,873fa5985ffffff,7,,Unavailable,40,Cropland,True,False,h3_r7_centre,candidate-af4e2595a730,too_close_to_known_site;too_far_from_road,False,0.8586,0.0,0.0,0.7367,41.7103,explainable-gis-v2-20260923,ineligible;too_close_to_known_site;too_far_from_road,ineligible
13.2203164,32.9105953,gis_v2_density_circles_geodesic_20260922,1384.306396484375,2176.528973068726,Tripoli,,51562.759229416486,0.6831743575855871,,154422.88350516924,0.5814522620927299,,,,763.4181665707073,1,25,72,207,1015.9342542235088,763.4181665707073,5120.074691689275,True,False,False,people,5000,people_per_km2,all,3e5d6f9afadaac1f4d1aebe6539fcd69540c23446b0631b0e10c0cb4f9e74d10,87384b281ffffff,86384b287ffffff,87384b281ffffff,7,,Unavailable,50,Built-up,True,False,h3_r7_centre,candidate-5224436ba203,incomplete_population;incomplete_terrain;missing_population_sum_5km;missing_elevation_m;missing_elevation_prominence_3km;missing_terrain_slope_deg;too_close_to_known_site,False,,0.0,0.4559,,,explainable-gis-v2-20260923,ineligible;incomplete_population;incomplete_terrain;missing_population_sum_5km;missing_elevation_m;missing_elevation_prominence_3km;missing_terrain_slope_deg;too_close_to_known_site,ineligible
13.222418,32.6023575,gis_v2_density_circles_geodesic_20260922,185.3870849609375,4266.763573869187,Aljfara,4542.022947596677,4542.022947596677,0.9999999999999992,13847.838267257757,13847.838267257757,1.0,100.0,0.47236595763236267,0.0,2409.789876937944,0,1,2,44,5040.2743580798715,2409.789876937944,5431.40969697135,True,True,True,people,5000,people_per_km2,all,3e5d6f9afadaac1f4d1aebe6539fcd69540c23446b0631b0e10c0cb4f9e74d10,873fa5983ffffff,863fa5987ffffff,873fa5983ffffff,7,,Unavailable,40,Cropland,True,False,h3_r7_centre,candidate-15daeed84ce6,too_close_to_known_site;too_far_from_road,False,0.8283,0.0,0.0,0.7524,40.6549,explainable-gis-v2-20260923,ineligible;too_close_to_known_site;too_far_from_road,ineligible
13.2224611,32.8695993,gis_v2_density_circles_geodesic_20260922,3725.894287109375,784.9374653804033,Tripoli,123861.17500996894,123861.17500996894,1.0,297157.0093480157,297157.0093480157,0.9937228071273073,17.0,0.2531513915662771,1.3268237864407704,589.8187584330191,4,47,139,251,589.8187584330191,727.6743850425185,3123.4358768257516,True,True,True,people,5000,people_per_km2,all,3e5d6f9afadaac1f4d1aebe6539fcd69540c23446b0631b0e10c0cb4f9e74d10,87384b29dffffff,86384b29fffffff,87384b29dffffff,7,,Unavailable,50,Built-up,True,False,h3_r7_centre,candidate-ea38195e144b,too_close_to_known_site,False,1.0,0.0,0.8038,0.707,63.1457,explainable-gis-v2-20260923,ineligible;too_close_to_known_site,ineligible
13.2246041,32.8285985,gis_v2_density_circles_geodesic_20260922,2729.02978515625,390.8675623029792,Tripoli,85288.4500153871,85288.4500153871,1.0,237073.60044784585,237073.60044784585,0.9999999999999998,34.0,5.39983597736197,1.0344025093901679,115.04888514853158,2,21,65,278,1098.969079793159,115.04888514853158,4551.475828518154,True,True,True,people,5000,people_per_km2,all,3e5d6f9afadaac1f4d1aebe6539fcd69540c23446b0631b0e10c0cb4f9e74d10,87384b29bffffff,86384b29fffffff,87384b29bffffff,7,,Unavailable,50,Built-up,True,False,h3_r7_centre,candidate-ae889e4f7b3a,too_close_to_known_site,False,1.0,0.0,0.9023,0.7425,65.4709,explainable-gis-v2-20260923,ineligible;too_close_to_known_site,ineligible
13.2267454,32.7875928,gis_v2_density_circles_geodesic_20260922,2512.641357421875,1317.0910499868369,Tripoli,51678.682617227154,51678.682617227154,0.9999999999999992,142296.68016715426,142296.68016715426,0.999999999999999,52.0,7.501393465939181,0.8538299972143879,233.29448851416095,1,10,29,188,233.29448851416095,1727.859681921191,4934.768567854732,True,True,True,people,5000,people_per_km2,all,3e5d6f9afadaac1f4d1aebe6539fcd69540c23446b0631b0e10c0cb4f9e74d10,873fa5930ffffff,863fa5937ffffff,873fa5930ffffff,7,,Unavailable,50,Built-up,True,False,h3_r7_centre,candidate-303438e9c097,too_close_to_known_site,False,1.0,0.0,0.6707,0.759,61.005,explainable-gis-v2-20260923,ineligible;too_close_to_known_site,ineligible
13.228885,32.7465822,gis_v2_density_circles_geodesic_20260922,535.1231079101562,2464.035936656075,Aljfara,18248.940714190558,18248.940714190558,1.0,73000.97236401011,73000.97236401011,1.0,57.0,0.906231085434051,0.39986848481714726,1342.3392497267528,0,6,25,129,2436.684069766817,1342.3392497267528,8332.86341361373,True,True,True,people,5000,people_per_km2,all,3e5d6f9afadaac1f4d1aebe6539fcd69540c23446b0631b0e10c0cb4f9e74d10,873fa5914ffffff,863fa5917ffffff,873fa5914ffffff,7,,Unavailable,40,Cropland,True,False,h3_r7_centre,candidate-ab09429f551f,too_close_to_known_site,False,0.9727,0.0,0.384,0.7412,53.9985,explainable-gis-v2-20260923,ineligible;too_close_to_known_site,ineligible
13.2310228,32.705567,gis_v2_density_circles_geodesic_20260922,430.4320373535156,3215.3897201664213,Aljfara,12398.598712629791,12398.598712629791,1.0,38859.43014309543,38859.43014309543,1.0,69.0,1.250316217651914,0.31844245223834045,1075.2560092848146,0,10,30,100,1531.9229447153605,1075.2560092848146,5236.729665178218,True,True,True,people,5000,people_per_km2,all,3e5d6f9afadaac1f4d1aebe6539fcd69540c23446b0631b0e10c0cb4f9e74d10,873fa5912ffffff,863fa5917ffffff,873fa5912ffffff,7,,Unavailable,30,Grassland,True,False,h3_r7_centre,candidate-ccee504553e4,too_close_to_known_site,False,0.9179,0.0,0.1962,0.7456,48.0954,explainable-gis-v2-20260923,ineligible;too_close_to_known_site,ineligible
13.233159,32.664547,gis_v2_density_circles_geodesic_20260922,261.1089782714844,4716.511312331943,Aljfara,7411.397583272949,7411.397583272949,0.9999999999999981,21357.528014117626,21357.528014117626,0.9999999999999992,81.0,-0.8049302694484481,0.24799071076065995,681.2616443043447,3,4,16,77,681.2616443043447,3165.716101151946,5094.178601781469,True,True,True,people,5000,people_per_km2,all,3e5d6f9afadaac1f4d1aebe6539fcd69540c23446b0631b0e10c0cb4f9e74d10,873fa59aeffffff,863fa59afffffff,873fa59aeffffff,7,,Unavailable,40,Cropland,True,False,h3_r7_centre,candidate-43e4138919ca,too_close_to_known_site;too_far_from_road,False,0.8659,0.0,0.0,0.7377,42.0136,explainable-gis-v2-20260923,ineligible;too_close_to_known_site;too_far_from_road,ineligible
13.2352934,32.6235223,gis_v2_density_circles_geodesic_20260922,139.92225646972656,5814.015050617648,Aljfara,4625.478182410471,4625.478182410471,1.0,13041.744199810886,13041.744199810886,1.0,93.0,-1.12255915825439,0.1919486684507152,2142.693085776674,0,1,9,53,3815.7148166801258,2142.693085776674,7131.683541571961,True,True,True,people,5000,people_per_km2,all,3e5d6f9afadaac1f4d1aebe6539fcd69540c23446b0631b0e10c0cb4f9e74d10,873fa5981ffffff,863fa5987ffffff,873fa5981ffffff,7,,Unavailable,40,Cropland,True,False,h3_r7_centre,candidate-7641bc8d36b4,too_close_to_known_site;too_far_from_road,False,0.8231,0.0,0.0,0.738,40.3028,explainable-gis-v2-20260923,ineligible;too_close_to_known_site;too_far_from_road,ineligible
13.2353707,32.8907573,gis_v2_density_circles_geodesic_20260922,4943.21484375,148.1189609716698,Tripoli,,109508.31073951663,0.988055728865917,,238810.43862648398,0.8581525751314912,10.0,,0.24798179105514673,141.65250309253358,6,40,106,235,1674.8582950240705,141.65250309253358,2547.163776169106,True,False,False,people,5000,people_per_km2,all,3e5d6f9afadaac1f4d1aebe6539fcd69540c23446b0631b0e10c0cb4f9e74d10,87384b28effffff,86384b28fffffff,87384b28effffff,7,,Unavailable,50,Built-up,True,False,h3_r7_centre,candidate-4536399b78a3,incomplete_population;incomplete_terrain;missing_population_sum_5km;missing_elevation_prominence_3km;too_close_to_known_site,False,,0.0,0.963,,,explainable-gis-v2-20260923,ineligible;incomplete_population;incomplete_terrain;missing_population_sum_5km;missing_elevation_prominence_3km;too_close_to_known_site,ineligible
13.2375091,32.8497574,gis_v2_density_circles_geodesic_20260922,4776.3505859375,5.495442387195351,Tripoli,102996.05545205783,102996.05545205783,0.9999999999999981,275304.3270689161,275304.3270689161,0.9999999999999983,28.0,4.994267582139397,2.1508972857054833,309.9519203697103,4,32,103,268,813.7924662248013,309.9519203697103,3255.884381205533,True,True,True,people,5000,people_per_km2,all,3e5d6f9afadaac1f4d1aebe6539fcd69540c23446b0631b0e10c0cb4f9e74d10,87384b299ffffff,86384b29fffffff,87384b299ffffff,7,,Unavailable,50,Built-up,True,False,h3_r7_centre,candidate-bd3ed273a34e,too_close_to_known_site,False,1.0,0.0,0.9986,0.7033,67.0053,explainable-gis-v2-20260923,ineligible;too_close_to_known_site,ineligible
13.2396457,32.8087526,gis_v2_density_circles_geodesic_20260922,2657.595458984375,1618.4923635222742,Tripoli,68221.46127706318,68221.46127706318,1.0,176934.33749761706,176934.33749761706,1.0,31.0,-6.436757801288891,0.19217805148485054,594.6200924726925,2,13,42,233,2680.21863262551,594.6200924726925,2862.1356864716395,True,True,True,people,5000,people_per_km2,all,3e5d6f9afadaac1f4d1aebe6539fcd69540c23446b0631b0e10c0cb4f9e74d10,873fa5935ffffff,863fa5937ffffff,873fa5935ffffff,7,,Unavailable,30,Grassland,True,False,h3_r7_centre,candidate-3910e2674c70,too_close_to_known_site,False,1.0,0.0,0.5954,0.7114,59.0216,explainable-gis-v2-20260923,ineligible;too_close_to_known_site,ineligible
13.2417805,32.7677431,gis_v2_density_circles_geodesic_20260922,606.8763427734375,3629.583346225425,Aljfara,26323.34925369846,26323.34925369846,1.0,97011.27566128543,97011.27566128543,1.0,50.0,-3.000302592898322,0.28815795801766125,969.8859103629972,2,14,27,137,969.8859103629972,969.8859103629972,5693.266383292813,True,True,True,people,5000,people_per_km2,all,3e5d6f9afadaac1f4d1aebe6539fcd69540c23446b0631b0e10c0cb4f9e74d10,873fa5933ffffff,863fa5937ffffff,873fa5933ffffff,7,,Unavailable,40,Cropland,True,False,h3_r7_centre,candidate-f8b3c592b8f1,too_close_to_known_site,False,0.9974,0.0,0.0926,0.7254,49.0006,explainable-gis-v2-20260923,ineligible;too_close_to_known_site,ineligible
13.2439137,32.7267287,gis_v2_density_circles_geodesic_20260922,533.6737060546875,3771.3356577767972,Aljfara,12561.350821963515,12561.350821963515,0.9999999999999989,41007.03782965798,41007.03782965798,0.9999999999999992,60.0,-2.363831306082197,0.5762067407279972,796.0551945050674,1,8,26,108,1054.6953941343586,796.0551945050674,7596.9279407965405,True,True,True,people,5000,people_per_km2,all,3e5d6f9afadaac1f4d1aebe6539fcd69540c23446b0631b0e10c0cb4f9e74d10,873fa5910ffffff,863fa5917ffffff,873fa5910ffffff,7,,Unavailable,40,Cropland,True,False,h3_r7_centre,candidate-6e740d852791,too_close_to_known_site,False,0.9226,0.0,0.0572,0.719,45.236,explainable-gis-v2-20260923,ineligible;too_close_to_known_site,ineligible
13.2460451,32.6857096,gis_v2_density_circles_geodesic_20260922,338.20758056640625,4809.319573716603,Aljfara,7773.20520988856,7773.20520988856,0.9999999999999992,24551.54696075135,24551.54696075135,0.9999999999999998,70.0,-4.0183933477694325,0.5994465863179118,942.5804057795609,1,8,27,91,1370.2140079340872,942.5804057795609,5947.547195093309,True,True,True,people,5000,people_per_km2,all,3e5d6f9afadaac1f4d1aebe6539fcd69540c23446b0631b0e10c0cb4f9e74d10,873fa59acffffff,863fa59afffffff,873fa59acffffff,7,,Unavailable,40,Cropland,True,False,h3_r7_centre,candidate-09b163b7aa06,too_close_to_known_site;too_far_from_road,False,0.878,0.0,0.0,0.7099,42.22,explainable-gis-v2-20260923,ineligible;too_close_to_known_site;too_far_from_road,ineligible
13.2481749,32.6446858,gis_v2_density_circles_geodesic_20260922,137.9547576904297,7152.560868461872,Aljfara,4592.903594673149,4592.903594673149,1.0,14862.192230477915,14862.192230477915,0.9999999999999998,88.0,-0.501288821139724,0.28805979659557035,1400.6884941942567,0,5,12,65,1626.472364371948,1400.6884941942567,7382.693327570825,True,True,True,people,5000,people_per_km2,all,3e5d6f9afadaac1f4d1aebe6539fcd69540c23446b0631b0e10c0cb4f9e74d10,873fa59aaffffff,863fa59afffffff,873fa59aaffffff,7,,Unavailable,40,Cropland,True,False,h3_r7_centre,candidate-115936227933,too_close_to_known_site;too_far_from_road,False,0.8344,0.0,0.0,0.7379,40.7558,explainable-gis-v2-20260923,ineligible;too_close_to_known_site;too_far_from_road,ineligible
13.2503029,32.6036574,gis_v2_density_circles_geodesic_20260922,106.17530059814453,3739.9681974404934,Aljfara,3185.0486499549534,3185.0486499549534,1.0,10917.03180620661,10917.03180620661,1.0,99.0,-2.1751556156852843,0.3719868705343787,3075.8554777573995,0,0,6,39,3075.8554777573995,4112.117440706969,4728.4901379401135,True,True,True,people,5000,people_per_km2,all,3e5d6f9afadaac1f4d1aebe6539fcd69540c23446b0631b0e10c0cb4f9e74d10,873fa598effffff,863fa598fffffff,873fa598effffff,7,,Unavailable,40,Cropland,True,False,h3_r7_centre,candidate-b20844a5f9c6,,True,0.8076,0.0045,0.065,0.7267,41.0064,explainable-gis-v2-20260923,high_population_catchment,engineering_review
13.2504201,32.870915,gis_v2_density_circles_geodesic_20260922,4829.83203125,1079.5305137345727,Tripoli,117279.16713629797,117279.16713629797,1.0,278620.4064054334,278620.4064054334,0.9999999999999984,11.0,-4.405374621420114,0.19225589857741746,537.6426805238365,4,52,105,253,800.6243174635122,537.6426805238365,639.712284674394,True,True,True,people,5000,people_per_km2,all,3e5d6f9afadaac1f4d1aebe6539fcd69540c23446b0631b0e10c0cb4f9e74d10,87384b28affffff,86384b28fffffff,87384b28affffff,7,,Unavailable,50,Built-up,True,False,h3_r7_centre,candidate-3c6348e56c38,too_close_to_known_site,False,1.0,0.0,0.7301,0.7216,61.818,explainable-gis-v2-20260923,ineligible;too_close_to_known_site,ineligible
13.2525521,32.8299113,gis_v2_density_circles_geodesic_20260922,3320.309814453125,1987.1173553261488,Tripoli,76176.98488236827,76176.98488236827,0.9999999999999981,219749.20113368207,219749.20113368207,1.0,40.0,6.755068559000058,0.5172442168544656,458.7679738005759,1,22,65,263,1899.200931214575,458.7679738005759,2442.3970428545485,True,True,True,people,5000,people_per_km2,all,3e5d6f9afadaac1f4d1aebe6539fcd69540c23446b0631b0e10c0cb4f9e74d10,873fa5926ffffff,863fa5927ffffff,873fa5926ffffff,7,,Unavailable,40,Cropland,True,False,h3_r7_centre,candidate-7f0c5cae4cdf,too_close_to_known_site,False,1.0,0.0,0.5032,0.7665,57.7298,explainable-gis-v2-20260923,ineligible;too_close_to_known_site,ineligible
13.2546822,32.7889027,gis_v2_density_circles_geodesic_20260922,1160.2484130859375,3533.112477243021,Tripoli,43079.88274767133,43079.88274767133,0.9999999999999979,133682.97695390863,133682.97695390863,1.0,47.0,-2.221932574316128,0.6373671845486536,197.23363227931858,3,15,35,158,766.0266055163099,197.23363227931858,3053.6614854543586,True,True,True,people,5000,people_per_km2,all,3e5d6f9afadaac1f4d1aebe6539fcd69540c23446b0631b0e10c0cb4f9e74d10,873fa5931ffffff,863fa5937ffffff,873fa5931ffffff,7,,Unavailable,30,Grassland,True,False,h3_r7_centre,candidate-fcb789342a15,too_close_to_known_site,False,1.0,0.0,0.1167,0.7176,49.5109,explainable-gis-v2-20260923,ineligible;too_close_to_known_site,ineligible
13.2568107,32.7478892,gis_v2_density_circles_geodesic_20260922,341.1015625,5084.970760845742,Aljfara,14900.86839537158,14900.86839537158,0.9999999999999962,56042.854346474036,56042.854346474036,0.9999999999999992,56.0,-2.123157700564171,1.056493093831573,1239.3101781148303,0,12,29,103,1239.3101781148303,1289.1802878652816,7357.856302826619,True,True,True,people,5000,people_per_km2,all,3e5d6f9afadaac1f4d1aebe6539fcd69540c23446b0631b0e10c0cb4f9e74d10,873fa5915ffffff,863fa5917ffffff,873fa5915ffffff,7,,Unavailable,40,Cropland,True,False,h3_r7_centre,candidate-b7b5120cf6ee,too_close_to_known_site;too_far_from_road,False,0.9497,0.0,0.0,0.7042,45.0299,explainable-gis-v2-20260923,ineligible;too_close_to_known_site;too_far_from_road,ineligible
13.2589375,32.7068711,gis_v2_density_circles_geodesic_20260922,160.5839080810547,5632.4825800641465,Aljfara,9315.963439020987,9315.963439020987,0.9999999999999996,27434.82239310164,27434.82239310164,1.0,64.0,-3.455378661805014,0.7681627427456148,1178.0110109977782,0,9,21,90,1178.0110109977782,1459.9900948461855,7663.81137279231,True,True,True,people,5000,people_per_km2,all,3e5d6f9afadaac1f4d1aebe6539fcd69540c23446b0631b0e10c0cb4f9e74d10,873fa5913ffffff,863fa5917ffffff,873fa5913ffffff,7,,Unavailable,60,Bare / sparse vegetation,True,False,h3_r7_centre,candidate-358a018026b5,too_close_to_known_site;too_far_from_road,False,0.8877,0.0,0.0,0.7071,42.5777,explainable-gis-v2-20260923,ineligible;too_close_to_known_site;too_far_from_road,ineligible
13.2610625,32.6658482,gis_v2_density_circles_geodesic_20260922,123.7013168334961,6836.490643762667,Aljfara,5586.68312645333,5586.68312645333,0.9999999999999994,16385.718127436674,16385.718127436674,1.0,85.0,3.423196160038543,0.5761382023403495,952.4001810779381,1,7,16,65,952.4001810779381,1462.6457689550164,7549.462961981571,True,True,True,people,5000,people_per_km2,all,3e5d6f9afadaac1f4d1aebe6539fcd69540c23446b0631b0e10c0cb4f9e74d10,873fa59a8ffffff,863fa59afffffff,873fa59a8ffffff,7,,Unavailable,30,Grassland,True,False,h3_r7_centre,candidate-31da5bda3fa4,too_close_to_known_site;too_far_from_road,False,0.8429,0.0,0.0,0.7479,41.195,explainable-gis-v2-20260923,ineligible;too_close_to_known_site;too_far_from_road,ineligible
13.2631859,32.6248206,gis_v2_density_circles_geodesic_20260922,117.5512924194336,5751.9895112706445,Aljfara,3119.1238981636657,3119.1238981636657,0.9999999999999999,10462.679346917073,10462.679346917073,0.9999999999999998,95.0,1.1431678564332515,0.288044886303592,1239.3537717017136,0,3,8,47,1239.3537717017136,2526.614982558611,7122.179813600125,True,True,True,people,5000,people_per_km2,all,3e5d6f9afadaac1f4d1aebe6539fcd69540c23446b0631b0e10c0cb4f9e74d10,873fa598cffffff,863fa598fffffff,873fa598cffffff,7,,Unavailable,40,Cropland,True,False,h3_r7_centre,candidate-578f16cab12f,too_close_to_known_site;too_far_from_road,False,0.8039,0.0,0.0,0.7461,39.6186,explainable-gis-v2-20260923,ineligible;too_close_to_known_site;too_far_from_road,ineligible
13.2633374,32.8920713,gis_v2_density_circles_geodesic_20260922,3785.07568359375,488.5719843084158,Tripoli,,96499.6808774276,0.9796631546187633,,215781.66174886315,0.8125458523527685,14.0,,1.125415779827711,422.7296167022055,3,33,78,229,422.7296167022055,422.7296167022055,2037.1368541228926,True,False,False,people,5000,people_per_km2,all,3e5d6f9afadaac1f4d1aebe6539fcd69540c23446b0631b0e10c0cb4f9e74d10,87384b288ffffff,86384b28fffffff,87384b288ffffff,7,,Unavailable,50,Built-up,True,False,h3_r7_centre,candidate-2520a904da97,incomplete_population;incomplete_terrain;missing_population_sum_5km;missing_elevation_prominence_3km;too_close_to_known_site,False,,0.0,0.8779,,,explainable-gis-v2-20260923,ineligible;incomplete_population;incomplete_terrain;missing_population_sum_5km;missing_elevation_prominence_3km;too_close_to_known_site,ineligible
13.2654646,32.8510686,gis_v2_density_circles_geodesic_20260922,2214.090087890625,43.954021711573105,Tripoli,90592.86254544964,90592.86254544964,1.0,252613.99424647394,252613.99424647394,1.0,25.0,-1.908877509447752,1.1157910253345862,400.70382053918365,7,42,81,257,1159.8612677797196,400.70382053918365,2825.5255081950277,True,True,True,people,5000,people_per_km2,all,3e5d6f9afadaac1f4d1aebe6539fcd69540c23446b0631b0e10c0cb4f9e74d10,873fa5924ffffff,863fa5927ffffff,873fa5924ffffff,7,,Unavailable,40,Cropland,True,False,h3_r7_centre,candidate-b36e2825db61,too_close_to_known_site,False,1.0,0.0,0.989,0.7033,66.8129,explainable-gis-v2-20260923,ineligible;too_close_to_known_site,ineligible
13.2675901,32.810061,gis_v2_density_circles_geodesic_20260922,2579.46923828125,4196.856864858592,Tripoli,58772.94065545688,58772.94065545688,0.9999999999999988,165878.62601449632,165878.62601449632,0.999999999999999,50.0,6.3562198964162775,0.7604706058248535,249.62040346178063,3,12,46,197,648.4066729807568,249.62040346178063,414.1652031500335,True,True,True,people,5000,people_per_km2,all,3e5d6f9afadaac1f4d1aebe6539fcd69540c23446b0631b0e10c0cb4f9e74d10,873fa5922ffffff,863fa5927ffffff,873fa5922ffffff,7,,Unavailable,50,Built-up,True,False,h3_r7_centre,candidate-2de250d703fb,too_close_to_known_site;too_far_from_road,False,1.0,0.0,0.0,0.7564,47.5643,explainable-gis-v2-20260923,ineligible;too_close_to_known_site;too_far_from_road,ineligible
13.2697139,32.7690485,gis_v2_density_circles_geodesic_20260922,845.3213500976562,5832.6956624687555,Tripoli,28304.745318825935,28304.745318825935,0.9999999999999988,89678.41027770477,89678.41027770477,1.0,67.0,11.803561836401137,0.5053099904625283,720.0727891329084,3,15,36,116,1419.8377693312461,720.0727891329084,4911.1831309529525,True,True,True,people,5000,people_per_km2,all,3e5d6f9afadaac1f4d1aebe6539fcd69540c23446b0631b0e10c0cb4f9e74d10,873fa5906ffffff,863fa5907ffffff,873fa5906ffffff,7,,Unavailable,40,Cropland,True,False,h3_r7_centre,candidate-43125fb1d94d,too_close_to_known_site;too_far_from_road,False,0.9905,0.0,0.0,0.7922,47.5432,explainable-gis-v2-20260923,ineligible;too_close_to_known_site;too_far_from_road,ineligible
13.271836,32.7280313,gis_v2_density_circles_geodesic_20260922,297.9452209472656,6389.125754674089,Aljfara,10240.282179342184,10240.282179342184,1.0,41657.10134386514,41657.10134386514,0.9999999999999987,64.0,2.095688774468563,0.47375016568638784,1122.6009313706554,0,7,30,93,1122.6009313706554,1851.0313765163096,9462.063658986295,True,True,True,people,5000,people_per_km2,all,3e5d6f9afadaac1f4d1aebe6539fcd69540c23446b0631b0e10c0cb4f9e74d10,873fa5911ffffff,863fa5917ffffff,873fa5911ffffff,7,,Unavailable,30,Grassland,True,False,h3_r7_centre,candidate-63882d818d20,too_close_to_known_site;too_far_from_road,False,0.9239,0.0,0.0,0.7447,44.4044,explainable-gis-v2-20260923,ineligible;too_close_to_known_site;too_far_from_road,ineligible
13.2739563,32.6870093,gis_v2_density_circles_geodesic_20260922,187.53189086914062,7391.016130895961,Aljfara,6239.287592312509,6239.287592312509,1.0,21232.60142851154,21232.60142851154,0.9999999999999987,76.0,3.2084013666749627,0.19202572816981822,1182.9275418774948,0,9,21,80,1461.9363414992263,1182.9275418774948,8568.78476797264,True,True,True,people,5000,people_per_km2,all,3e5d6f9afadaac1f4d1aebe6539fcd69540c23446b0631b0e10c0cb4f9e74d10,873fa59adffffff,863fa59afffffff,873fa59adffffff,7,,Unavailable,40,Cropland,True,False,h3_r7_centre,candidate-db35675cb4ad,too_close_to_known_site;too_far_from_road,False,0.8654,0.0,0.0,0.7596,42.2126,explainable-gis-v2-20260923,ineligible;too_close_to_known_site;too_far_from_road,ineligible
13.276075,32.6459826,gis_v2_density_circles_geodesic_20260922,131.065185546875,7764.0049192731885,Aljfara,3943.4118679812645,3943.4118679812645,0.9999999999999984,11239.710456384872,11239.710456384872,0.9999999999999997,89.0,0.9564178417211053,0.19197689302185866,1267.5684797852966,0,4,11,49,1379.966129648806,1267.5684797852966,9606.833388022755,True,True,True,people,5000,people_per_km2,all,3e5d6f9afadaac1f4d1aebe6539fcd69540c23446b0631b0e10c0cb4f9e74d10,873fa59abffffff,863fa59afffffff,873fa59abffffff,7,,Unavailable,40,Cropland,True,False,h3_r7_centre,candidate-e92ad09379c0,too_close_to_known_site;too_far_from_road,False,0.8102,0.0,0.0,0.7484,39.8902,explainable-gis-v2-20260923,ineligible;too_close_to_known_site;too_far_from_road,ineligible
13.278192,32.6049513,gis_v2_density_circles_geodesic_20260922,78.28080749511719,3287.1311570829243,Aljfara,2603.595415987226,2603.595415987226,1.0,8573.758709442784,8573.758709442784,0.9999999999999981,99.0,-3.6200421231178694,0.0,1360.0749043138408,0,3,8,23,1360.0749043138408,2504.759853404761,5381.756860146529,True,True,True,people,5000,people_per_km2,all,3e5d6f9afadaac1f4d1aebe6539fcd69540c23446b0631b0e10c0cb4f9e74d10,873fa5988ffffff,863fa598fffffff,873fa5988ffffff,7,,Unavailable,40,Cropland,True,False,h3_r7_centre,candidate-fe74b8114594,too_close_to_known_site,False,0.7866,0.0,0.1782,0.7319,42.3491,explainable-gis-v2-20260923,ineligible;too_close_to_known_site,ineligible
13.2783834,32.8722246,gis_v2_density_circles_geodesic_20260922,3945.744873046875,1376.1560384577658,Tripoli,95653.99349436842,95653.99349436842,1.0,246435.18062358792,246435.18062358792,0.9925622604053208,17.0,2.188481781042354,0.49595578080232905,360.43636694800557,8,37,88,237,667.5326806455068,360.43636694800557,2191.0225878182346,True,True,True,people,5000,people_per_km2,all,3e5d6f9afadaac1f4d1aebe6539fcd69540c23446b0631b0e10c0cb4f9e74d10,87384b28bffffff,86384b28fffffff,87384b28bffffff,7,,Unavailable,50,Built-up,True,False,h3_r7_centre,candidate-173b11148ecb,too_close_to_known_site,False,1.0,0.0,0.656,0.7444,60.5633,explainable-gis-v2-20260923,ineligible;too_close_to_known_site,ineligible
13.2805042,32.831218,gis_v2_density_circles_geodesic_20260922,1697.7490234375,2654.6438011823,Tripoli,68107.5759635721,68107.5759635721,0.9999999999999996,200434.10261611533,200434.10261611533,1.0,53.0,11.013492372967725,0.5172450319215619,570.1016781840538,1,16,58,226,1003.7715692939302,570.1016781840538,2225.6578827837975,True,True,True,people,5000,people_per_km2,all,3e5d6f9afadaac1f4d1aebe6539fcd69540c23446b0631b0e10c0cb4f9e74d10,873fa5920ffffff,863fa5927ffffff,873fa5920ffffff,7,,Unavailable,50,Built-up,True,False,h3_r7_centre,candidate-50350d4f84fa,too_close_to_known_site,False,1.0,0.0,0.3363,0.7878,54.605,explainable-gis-v2-20260923,ineligible;too_close_to_known_site,ineligible
13.2826233,32.7902065,gis_v2_density_circles_geodesic_20260922,1934.339111328125,5977.647836733097,Tripoli,46693.73522846354,46693.73522846354,1.0,124130.24979405705,124130.24979405705,1.0,48.0,-3.003859221737379,1.1807348220624037,720.858752624053,3,16,38,145,720.858752624053,797.2769282890476,2835.1504076191604,True,True,True,people,5000,people_per_km2,all,3e5d6f9afadaac1f4d1aebe6539fcd69540c23446b0631b0e10c0cb4f9e74d10,873fa5904ffffff,863fa5907ffffff,873fa5904ffffff,7,,Unavailable,50,Built-up,True,False,h3_r7_centre,candidate-9281e49aadcb,too_close_to_known_site;too_far_from_road,False,1.0,0.0,0.0,0.6956,46.9562,explainable-gis-v2-20260923,ineligible;too_close_to_known_site;too_far_from_road,ineligible
13.2847406,32.7491902,gis_v2_density_circles_geodesic_20260922,249.4835205078125,7706.1960943235645,Aljfara,22137.42308135862,22137.42308135862,1.0,66704.43738726687,66704.43738726687,1.0,54.0,-4.100230365455076,0.9556434992457433,538.0195480520816,3,13,32,95,538.0195480520816,1123.1282651210436,7251.2839322705395,True,True,True,people,5000,people_per_km2,all,3e5d6f9afadaac1f4d1aebe6539fcd69540c23446b0631b0e10c0cb4f9e74d10,873fa5902ffffff,863fa5907ffffff,873fa5902ffffff,7,,Unavailable,50,Built-up,True,False,h3_r7_centre,candidate-c9113de36b0d,too_close_to_known_site;too_far_from_road,False,0.9648,0.0,0.0,0.6976,45.5697,explainable-gis-v2-20260923,ineligible;too_close_to_known_site;too_far_from_road,ineligible
13.2868563,32.7081692,gis_v2_density_circles_geodesic_20260922,273.9670104980469,8074.94237395101,Aljfara,9300.561787296887,9300.561787296887,1.0,30131.442594026696,30131.442594026696,1.0,66.0,-0.33745732184900135,0.3719805647787796,772.7160661800474,2,6,22,88,772.7160661800474,962.5029313228312,10187.909040476861,True,True,True,people,5000,people_per_km2,all,3e5d6f9afadaac1f4d1aebe6539fcd69540c23446b0631b0e10c0cb4f9e74d10,873fa591effffff,863fa591fffffff,873fa591effffff,7,,Unavailable,50,Built-up,True,False,h3_r7_centre,candidate-da5e4d8171c4,too_close_to_known_site;too_far_from_road,False,0.8958,0.0,0.0,0.7359,43.1914,explainable-gis-v2-20260923,ineligible;too_close_to_known_site;too_far_from_road,ineligible
13.2889703,32.6671434,gis_v2_density_circles_geodesic_20260922,249.51416015625,9218.299755840178,Aljfara,4876.695581615765,4876.695581615765,0.9999999999999989,13840.0926955088,13840.0926955088,0.9999999999999977,80.0,-1.3282555189762633,0.29318842123676214,321.3772787073791,2,4,17,59,632.7077239602781,321.3772787073791,10089.03283399473,True,True,True,people,5000,people_per_km2,all,3e5d6f9afadaac1f4d1aebe6539fcd69540c23446b0631b0e10c0cb4f9e74d10,873fa59a9ffffff,863fa59afffffff,873fa59a9ffffff,7,,Unavailable,50,Built-up,True,False,h3_r7_centre,candidate-88faf871e24c,too_close_to_known_site;too_far_from_road,False,0.8282,0.0,0.0,0.7336,40.4652,explainable-gis-v2-20260923,ineligible;too_close_to_known_site;too_far_from_road,ineligible
13.2910826,32.626113,gis_v2_density_circles_geodesic_20260922,85.6613998413086,5299.260118528037,Aljfara,2921.582922349036,2921.582922349036,1.0,8191.512475221207,8191.512475221207,1.0,94.0,0.5280275656777889,0.39980274833800317,1395.0591562930138,0,3,8,37,1395.0591562930138,3573.6013107288068,8021.110679499365,True,True,True,people,5000,people_per_km2,all,3e5d6f9afadaac1f4d1aebe6539fcd69540c23446b0631b0e10c0cb4f9e74d10,873fa598dffffff,863fa598fffffff,873fa598dffffff,7,,Unavailable,40,Cropland,True,False,h3_r7_centre,candidate-98e24741190d,too_close_to_known_site;too_far_from_road,False,0.7827,0.0,0.0,0.7393,38.7004,explainable-gis-v2-20260923,ineligible;too_close_to_known_site;too_far_from_road,ineligible
13.2913083,32.8933793,gis_v2_density_circles_geodesic_20260922,1689.0233154296875,667.0571434802634,Tripoli,,72262.73941707837,0.9175147445619755,,177693.86237541883,0.7419638787785235,4.0,,0.12399143482349956,1359.984238426068,0,24,66,204,1359.984238426068,1364.578529346577,3943.54553277185,True,False,False,people,5000,people_per_km2,all,3e5d6f9afadaac1f4d1aebe6539fcd69540c23446b0631b0e10c0cb4f9e74d10,87384b289ffffff,86384b28fffffff,87384b289ffffff,7,,Unavailable,50,Built-up,True,False,h3_r7_centre,candidate-b6136db5acc5,incomplete_population;incomplete_terrain;missing_population_sum_5km;missing_elevation_prominence_3km;too_close_to_known_site,False,,0.0,0.8332,,,explainable-gis-v2-20260923,ineligible;incomplete_population;incomplete_terrain;missing_population_sum_5km;missing_elevation_prominence_3km;too_close_to_known_site,ineligible
13.2934244,32.8523737,gis_v2_density_circles_geodesic_20260922,3265.061279296875,1234.4414608973777,Tripoli,78629.35234979405,78629.35234979405,1.0,224584.2962664569,224584.2962664569,1.0,26.0,-5.67672193607811,1.0453292414595434,336.3547880767153,2,25,74,228,660.9275916184729,336.3547880767153,4371.2240190362045,True,True,True,people,5000,people_per_km2,all,3e5d6f9afadaac1f4d1aebe6539fcd69540c23446b0631b0e10c0cb4f9e74d10,873fa5925ffffff,863fa5927ffffff,873fa5925ffffff,7,,Unavailable,50,Built-up,True,False,h3_r7_centre,candidate-13d5a1e9e534,too_close_to_known_site,False,1.0,0.0,0.6914,0.6868,60.6955,explainable-gis-v2-20260923,ineligible;too_close_to_known_site,ineligible
13.2955388,32.8113632,gis_v2_density_circles_geodesic_20260922,2350.4306640625,5265.621423889191,Tripoli,55302.0074616389,55302.0074616389,0.9999999999999992,156936.98300108901,156936.98300108901,1.0,51.0,-2.612610519103484,1.0929260596996002,705.5421010880253,2,14,29,180,828.6840797018465,705.5421010880253,2427.6111574711213,True,True,True,people,5000,people_per_km2,all,3e5d6f9afadaac1f4d1aebe6539fcd69540c23446b0631b0e10c0cb4f9e74d10,873fa5923ffffff,863fa5927ffffff,873fa5923ffffff,7,,Unavailable,50,Built-up,True,False,h3_r7_centre,candidate-76b252838829,too_close_to_known_site;too_far_from_road,False,1.0,0.0,0.0,0.7005,47.0051,explainable-gis-v2-20260923,ineligible;too_close_to_known_site;too_far_from_road,ineligible
13.2976515,32.7703479,gis_v2_density_circles_geodesic_20260922,1993.630126953125,8052.027081928326,Tripoli,37784.062879721925,37784.062879721925,1.0,91297.6824893618,91297.6824893618,0.9999999999999992,50.0,-5.608744729995273,0.28815962801293227,910.1834585951196,2,16,35,98,1665.4257690088273,910.1834585951196,5437.79749592343,True,True,True,people,5000,people_per_km2,all,3e5d6f9afadaac1f4d1aebe6539fcd69540c23446b0631b0e10c0cb4f9e74d10,873fa5900ffffff,863fa5907ffffff,873fa5900ffffff,7,,Unavailable,40,Cropland,True,False,h3_r7_centre,candidate-a6dca8639cff,too_close_to_known_site;too_far_from_road,False,0.9921,0.0,0.0,0.7124,46.8072,explainable-gis-v2-20260923,ineligible;too_close_to_known_site;too_far_from_road,ineligible
13.2997625,32.7293278,gis_v2_density_circles_geodesic_20260922,431.46527099609375,9009.201470536736,Aljfara,17229.795500316315,17229.795500316315,0.9999999999999979,50655.83414125322,50655.83414125322,0.9999999999999971,60.0,-1.0420009552543945,0.3998593874615477,1829.6991903989453,0,10,26,87,2021.0549132225215,1829.6991903989453,9732.098949356516,True,True,True,people,5000,people_per_km2,all,3e5d6f9afadaac1f4d1aebe6539fcd69540c23446b0631b0e10c0cb4f9e74d10,873fa591cffffff,863fa591fffffff,873fa591cffffff,7,,Unavailable,50,Built-up,True,False,h3_r7_centre,candidate-c8fab88f61d3,too_close_to_known_site;too_far_from_road,False,0.9409,0.0,0.0,0.7315,44.9517,explainable-gis-v2-20260923,ineligible;too_close_to_known_site;too_far_from_road,ineligible
13.3018717,32.688303,gis_v2_density_circles_geodesic_20260922,294.3144836425781,9993.673300982477,Aljfara,7432.076658646102,7432.076658646102,1.0,21596.7471673085,21596.7471673085,1.0,71.0,-2.1875763620105317,0.636765100052428,1651.0907418903855,0,8,13,68,1651.0907418903855,1671.7305003117222,11190.48606924227,True,True,True,people,5000,people_per_km2,all,3e5d6f9afadaac1f4d1aebe6539fcd69540c23446b0631b0e10c0cb4f9e74d10,873fa591affffff,863fa591fffffff,873fa591affffff,7,,Unavailable,50,Built-up,True,False,h3_r7_centre,candidate-7fb4ed0a89c0,too_close_to_known_site;too_far_from_road,False,0.8669,0.0,0.0,0.7178,41.8536,explainable-gis-v2-20260923,ineligible;too_close_to_known_site;too_far_from_road,ineligible
13.3039793,32.6472734,gis_v2_density_circles_geodesic_20260922,103.08955383300781,6963.19155696116,Aljfara,3336.6402982177715,3336.6402982177715,1.0,9187.055345502851,9187.055345502851,1.0,88.0,-0.3779260119861334,0.19197689302185866,2099.2163056718136,0,3,8,44,2099.2163056718136,2674.744427545641,10660.941912301918,True,True,True,people,5000,people_per_km2,all,3e5d6f9afadaac1f4d1aebe6539fcd69540c23446b0631b0e10c0cb4f9e74d10,873fa5836ffffff,863fa5837ffffff,873fa5836ffffff,7,,Unavailable,40,Cropland,True,False,h3_r7_centre,candidate-d9fedf7ccc01,too_close_to_known_site;too_far_from_road,False,0.7926,0.0,0.0,0.7417,39.1229,explainable-gis-v2-20260923,ineligible;too_close_to_known_site;too_far_from_road,ineligible
13.3060852,32.6062392,gis_v2_density_circles_geodesic_20260922,84.9075927734375,2834.248557551435,Aljfara,2527.294690339148,2527.294690339148,0.9999999999999983,7333.2962156381445,7333.2962156381445,1.0,99.0,-5.4464190025057775,0.1239970897809822,2457.8749644760796,0,3,8,28,2457.8749644760796,2762.833218425262,7022.764035412484,True,True,True,people,5000,people_per_km2,all,3e5d6f9afadaac1f4d1aebe6539fcd69540c23446b0631b0e10c0cb4f9e74d10,873fa5989ffffff,863fa598fffffff,873fa5989ffffff,7,,Unavailable,30,Grassland,True,False,h3_r7_centre,candidate-5f3466bdffa5,too_close_to_known_site,False,0.7731,0.0,0.2914,0.7186,43.9379,explainable-gis-v2-20260923,ineligible;too_close_to_known_site,ineligible
13.3063508,32.8735282,gis_v2_density_circles_geodesic_20260922,3314.8330078125,438.3802916657637,Tripoli,84147.10284355313,84147.10284355313,0.9999999999999998,,205737.84160210498,0.9304574187746328,8.0,-7.0237485130265025,1.0853393538734828,42.21268047444269,4,31,70,194,255.66409245676732,42.21268047444269,4460.829821283325,True,False,True,people,5000,people_per_km2,all,3e5d6f9afadaac1f4d1aebe6539fcd69540c23446b0631b0e10c0cb4f9e74d10,87384b2d6ffffff,86384b2d7ffffff,87384b2d6ffffff,7,,Unavailable,50,Built-up,True,False,h3_r7_centre,candidate-670b2105974f,incomplete_population;missing_population_sum_5km;too_close_to_known_site,False,,0.0,0.8904,0.6787,,explainable-gis-v2-20260923,ineligible;incomplete_population;missing_population_sum_5km;too_close_to_known_site,ineligible
13.3084605,32.8325187,gis_v2_density_circles_geodesic_20260922,1668.5323486328125,3822.4392937969214,Tripoli,67514.55482957767,67514.55482957767,1.0,181655.8102673465,181655.8102673465,1.0,63.0,10.862542764445436,1.2740347769097506,1461.4405606253276,0,12,40,206,1461.4405606253276,1667.8316342654166,4205.429295537304,True,True,True,people,5000,people_per_km2,all,3e5d6f9afadaac1f4d1aebe6539fcd69540c23446b0631b0e10c0cb4f9e74d10,873fa5921ffffff,863fa5927ffffff,873fa5921ffffff,7,,Unavailable,30,Grassland,True,False,h3_r7_centre,candidate-025ab71067ab,too_close_to_known_site,False,1.0,0.0,0.0444,0.7618,48.5063,explainable-gis-v2-20260923,ineligible;too_close_to_known_site,ineligible
13.3105685,32.7915043,gis_v2_density_circles_geodesic_20260922,1041.9993896484375,7876.88203798052,Tripoli,45741.66075242313,45741.66075242313,1.0,122405.9820156304,122405.9820156304,0.9999999999999984,64.0,6.054417035866685,0.6199438688089792,1619.414402308799,0,11,27,135,1948.6506771207846,1619.414402308799,4527.313691108942,True,True,True,people,5000,people_per_km2,all,3e5d6f9afadaac1f4d1aebe6539fcd69540c23446b0631b0e10c0cb4f9e74d10,873fa5905ffffff,863fa5907ffffff,873fa5905ffffff,7,,Unavailable,40,Cropland,True,False,h3_r7_centre,candidate-d9caf180b0c1,too_close_to_known_site;too_far_from_road,False,1.0,0.0,0.0,0.7596,47.5961,explainable-gis-v2-20260923,ineligible;too_close_to_known_site;too_far_from_road,ineligible
13.3126748,32.7504852,gis_v2_density_circles_geodesic_20260922,1949.669189453125,10125.60001800508,Tripoli,29152.577969468948,29152.577969468948,1.0,71449.03570594253,71449.03570594253,0.999999999999999,53.0,-5.299857854432233,0.19210563446237977,587.4315021955591,3,14,24,82,602.7639598510306,587.4315021955591,8048.03701719048,True,True,True,people,5000,people_per_km2,all,3e5d6f9afadaac1f4d1aebe6539fcd69540c23446b0631b0e10c0cb4f9e74d10,873fa5903ffffff,863fa5907ffffff,873fa5903ffffff,7,,Unavailable,40,Cropland,True,False,h3_r7_centre,candidate-12415a61b78a,too_close_to_known_site;too_far_from_road,False,0.9708,0.0,0.0,0.7171,46.003,explainable-gis-v2-20260923,ineligible;too_close_to_known_site;too_far_from_road,ineligible
13.3147793,32.7094613,gis_v2_density_circles_geodesic_20260922,563.4338989257812,10596.773079642544,Tripoli,13805.48368346157,13805.48368346157,0.9999999999999999,36026.99129240139,36026.99129240139,0.9999999999999992,67.0,-0.6876048431916644,0.2881112827431374,887.4061491976057,2,8,21,75,917.6744061416402,887.4061491976057,12268.746140623398,True,True,True,people,5000,people_per_km2,all,3e5d6f9afadaac1f4d1aebe6539fcd69540c23446b0631b0e10c0cb4f9e74d10,873fa5918ffffff,863fa591fffffff,873fa5918ffffff,7,,Unavailable,40,Cropland,True,False,h3_r7_centre,candidate-31b242953481,too_close_to_known_site;too_far_from_road,False,0.9113,0.0,0.0,0.737,43.8227,explainable-gis-v2-20260923,ineligible;too_close_to_known_site;too_far_from_road,ineligible
13.3168822,32.6684326,gis_v2_density_circles_geodesic_20260922,110.60346984863281,8435.899702130768,Aljfara,4091.349650791065,4091.349650791065,1.0,14408.198297242228,14408.198297242228,0.9999999999999989,84.0,0.9703645154285567,0.19200258251852173,2057.351169380186,0,2,12,55,2057.351169380186,2372.2833866130777,12662.461641621894,True,True,True,people,5000,people_per_km2,all,3e5d6f9afadaac1f4d1aebe6539fcd69540c23446b0631b0e10c0cb4f9e74d10,873fa5834ffffff,863fa5837ffffff,873fa5834ffffff,7,,Unavailable,40,Cropland,True,False,h3_r7_centre,candidate-6f9696a07782,too_close_to_known_site;too_far_from_road,False,0.8317,0.0,0.0,0.7485,40.7536,explainable-gis-v2-20260923,ineligible;too_close_to_known_site;too_far_from_road,ineligible
13.3189834,32.6273993,gis_v2_density_circles_geodesic_20260922,103.79157257080078,4349.3638354996665,Aljfara,2271.049381062487,2271.049381062487,1.0,7088.607948574747,7088.607948574747,1.0,99.0,2.618501542914757,0.5171657086470234,1251.4462035750764,0,1,4,36,1251.4462035750764,5280.604034462302,9576.211467814064,True,True,True,people,5000,people_per_km2,all,3e5d6f9afadaac1f4d1aebe6539fcd69540c23446b0631b0e10c0cb4f9e74d10,873fa5832ffffff,863fa5837ffffff,873fa5832ffffff,7,,Unavailable,40,Cropland,True,False,h3_r7_centre,candidate-693c3f690527,too_close_to_known_site;too_far_from_road,False,0.7701,0.0,0.0,0.7459,38.2635,explainable-gis-v2-20260923,ineligible;too_close_to_known_site;too_far_from_road,ineligible
13.3192834,32.8946813,gis_v2_density_circles_geodesic_20260922,2144.89892578125,40.52474610835166,Tripoli,,53851.13323341739,0.7319419191535381,,145583.671190259,0.663202544716844,3.0,,0.7348014729194856,279.53508858024753,4,25,52,158,279.53508858024753,742.5426112518572,3352.7217561975226,True,False,False,people,5000,people_per_km2,all,3e5d6f9afadaac1f4d1aebe6539fcd69540c23446b0631b0e10c0cb4f9e74d10,87384b2d4ffffff,86384b2d7ffffff,87384b2d4ffffff,7,,Unavailable,50,Built-up,True,False,h3_r7_centre,candidate-08c0565af57a,incomplete_population;incomplete_terrain;missing_population_sum_5km;missing_elevation_prominence_3km;too_close_to_known_site,False,,0.0,0.9899,,,explainable-gis-v2-20260923,ineligible;incomplete_population;incomplete_terrain;missing_population_sum_5km;missing_elevation_prominence_3km;too_close_to_known_site,ineligible
13.3213884,32.8536728,gis_v2_density_circles_geodesic_20260922,2767.962890625,2092.3501988498015,Tripoli,75654.15805908866,75654.15805908866,0.9999999999999977,205984.7322023895,205984.7322023895,1.0,26.0,-5.224439888059134,0.880221219270872,1119.787799535692,0,21,62,177,1308.6474196152612,1119.787799535692,4405.226900714255,True,True,True,people,5000,people_per_km2,all,3e5d6f9afadaac1f4d1aebe6539fcd69540c23446b0631b0e10c0cb4f9e74d10,87384b2d2ffffff,86384b2d7ffffff,87384b2d2ffffff,7,,Unavailable,50,Built-up,True,False,h3_r7_centre,candidate-85fce5697265,too_close_to_known_site,False,1.0,0.0,0.4769,0.6945,56.4836,explainable-gis-v2-20260923,ineligible;too_close_to_known_site,ineligible
13.3234916,32.8126594,gis_v2_density_circles_geodesic_20260922,2054.470703125,5623.401331737241,Tripoli,53360.90447529595,53360.90447529595,1.0,145549.4692233567,145549.4692233567,1.0,69.0,1.3195268786207492,0.7748761170187736,1183.6122906639068,0,6,27,173,1183.6122906639068,1840.891049377,5036.074636748599,True,True,True,people,5000,people_per_km2,all,3e5d6f9afadaac1f4d1aebe6539fcd69540c23446b0631b0e10c0cb4f9e74d10,873fa592effffff,863fa592fffffff,873fa592effffff,7,,Unavailable,50,Built-up,True,False,h3_r7_centre,candidate-8abfe1dd9d6c,too_close_to_known_site;too_far_from_road,False,1.0,0.0,0.0,0.7308,47.3077,explainable-gis-v2-20260923,ineligible;too_close_to_known_site;too_far_from_road,ineligible
13.3255932,32.7716413,gis_v2_density_circles_geodesic_20260922,771.256103515625,7815.582525450849,Tripoli,35108.8283877568,35108.8283877568,0.9999999999999996,90885.32474547872,90885.32474547872,0.9999999999999998,66.0,3.23450599255807,0.8644255908643325,1004.8439952294161,0,7,25,89,1004.8439952294161,2165.2329220185825,6983.4057190697995,True,True,True,people,5000,people_per_km2,all,3e5d6f9afadaac1f4d1aebe6539fcd69540c23446b0631b0e10c0cb4f9e74d10,873fa5901ffffff,863fa5907ffffff,873fa5901ffffff,7,,Unavailable,30,Grassland,True,False,h3_r7_centre,candidate-1ff60f0f21f3,too_close_to_known_site;too_far_from_road,False,0.9917,0.0,0.0,0.7374,47.0415,explainable-gis-v2-20260923,ineligible;too_close_to_known_site;too_far_from_road,ineligible
13.3276931,32.7306183,gis_v2_density_circles_geodesic_20260922,1015.5210571289062,10363.147563664337,Tripoli,22811.235615229285,22811.235615229285,0.9999999999999979,52200.66054298266,52200.66054298266,1.0,62.0,-1.952687222361135,0.288127933747822,357.18890136982424,2,9,24,73,743.9894996432931,357.18890136982424,10660.517423503443,True,True,True,people,5000,people_per_km2,all,3e5d6f9afadaac1f4d1aebe6539fcd69540c23446b0631b0e10c0cb4f9e74d10,873fa591dffffff,863fa591fffffff,873fa591dffffff,7,,Unavailable,30,Grassland,True,False,h3_r7_centre,candidate-85462111c730,too_close_to_known_site;too_far_from_road,False,0.9435,0.0,0.0,0.7306,45.0478,explainable-gis-v2-20260923,ineligible;too_close_to_known_site;too_far_from_road,ineligible
13.3297913,32.6895906,gis_v2_density_circles_geodesic_20260922,256.6210021972656,9345.044237863216,Aljfara,8043.200397742963,8043.200397742963,1.0,23834.901991902203,23834.901991902203,0.9999999999999997,77.0,0.0708786813925002,0.4570306304413494,1323.8636864888063,0,4,14,63,1323.8636864888063,1753.6811357409106,13812.568362036212,True,True,True,people,5000,people_per_km2,all,3e5d6f9afadaac1f4d1aebe6539fcd69540c23446b0631b0e10c0cb4f9e74d10,873fa591bffffff,863fa591fffffff,873fa591bffffff,7,,Unavailable,40,Cropland,True,False,h3_r7_centre,candidate-87f816078d99,too_close_to_known_site;too_far_from_road,False,0.8754,0.0,0.0,0.7351,42.369,explainable-gis-v2-20260923,ineligible;too_close_to_known_site;too_far_from_road,ineligible
13.3318878,32.6485582,gis_v2_density_circles_geodesic_20260922,51.82972717285156,5841.30526438353,Aljfara,1919.2518890919062,1919.2518890919062,1.0,9574.787168780182,9574.787168780182,0.9999999999999998,91.0,-2.039167988209428,0.3182736353339332,3321.938708269464,0,0,6,41,3321.938708269464,4407.182995985965,12166.884226856804,True,True,True,people,5000,people_per_km2,all,3e5d6f9afadaac1f4d1aebe6539fcd69540c23446b0631b0e10c0cb4f9e74d10,873fa5830ffffff,863fa5837ffffff,873fa5830ffffff,7,,Unavailable,50,Built-up,True,False,h3_r7_centre,candidate-0c96fa9897ed,too_far_from_road,False,0.7962,0.0189,0.0,0.7292,39.7094,explainable-gis-v2-20260923,ineligible;too_far_from_road,ineligible
13.3339826,32.6075211,gis_v2_density_circles_geodesic_20260922,114.03209686279297,1735.2521671415025,Aljfara,2420.8662653710867,2420.8662653710867,0.9999999999999993,6112.326295738937,6112.326295738937,1.0,111.0,-0.08758493671949452,1.2483992162126354,2210.722853832932,0,1,4,24,2210.722853832932,4769.338377372403,9134.077754843358,True,True,True,people,5000,people_per_km2,all,3e5d6f9afadaac1f4d1aebe6539fcd69540c23446b0631b0e10c0cb4f9e74d10,873fa5814ffffff,863fa5817ffffff,873fa5814ffffff,7,,Unavailable,30,Grassland,True,False,h3_r7_centre,candidate-ca528e9c9762,too_close_to_known_site,False,0.7573,0.0,0.5662,0.7079,48.6934,explainable-gis-v2-20260923,ineligible;too_close_to_known_site,ineligible
13.3343224,32.8748256,gis_v2_density_circles_geodesic_20260922,3550.77587890625,267.3867738500136,Tripoli,,79690.99240863885,0.9858014680700682,,181297.3157940693,0.8645805199905876,7.0,,0.4959554499607587,132.59056165904997,11,31,60,155,132.59056165904997,329.6826117171713,1955.1140394879037,True,False,False,people,5000,people_per_km2,all,3e5d6f9afadaac1f4d1aebe6539fcd69540c23446b0631b0e10c0cb4f9e74d10,87384b2d0ffffff,86384b2d7ffffff,87384b2d0ffffff,7,,Unavailable,50,Built-up,True,False,h3_r7_centre,candidate-15b23178f56c,incomplete_population;incomplete_terrain;missing_population_sum_5km;missing_elevation_prominence_3km;too_close_to_known_site,False,,0.0,0.9332,,,explainable-gis-v2-20260923,ineligible;incomplete_population;incomplete_terrain;missing_population_sum_5km;missing_elevation_prominence_3km;too_close_to_known_site,ineligible
13.336421,32.8338133,gis_v2_density_circles_geodesic_20260922,2903.453369140625,2984.148049143481,Tripoli,63625.37118912971,63625.37118912971,1.0,163244.79569477978,163244.79569477978,1.0,53.0,-4.993325657092505,0.7997938482271676,638.4500295169222,1,9,32,162,638.4500295169222,1005.6870967645202,5707.440574809677,True,True,True,people,5000,people_per_km2,all,3e5d6f9afadaac1f4d1aebe6539fcd69540c23446b0631b0e10c0cb4f9e74d10,873fa592cffffff,863fa592fffffff,873fa592cffffff,7,,Unavailable,50,Built-up,True,False,h3_r7_centre,candidate-0a01a37a5b19,too_close_to_known_site,False,1.0,0.0,0.254,0.6984,52.063,explainable-gis-v2-20260923,ineligible;too_close_to_known_site,ineligible
13.3385179,32.7927961,gis_v2_density_circles_geodesic_20260922,1472.968017578125,5597.15130653289,Tripoli,35532.960245135815,35532.960245135815,1.0,107963.54757571172,107963.54757571172,1.0,81.0,7.221021285535471,0.3843103519299046,1711.4540582792836,0,2,16,119,1711.4540582792836,3560.408446744007,6834.1278908580625,True,True,True,people,5000,people_per_km2,all,3e5d6f9afadaac1f4d1aebe6539fcd69540c23446b0631b0e10c0cb4f9e74d10,873fa592affffff,863fa592fffffff,873fa592affffff,7,,Unavailable,50,Built-up,True,False,h3_r7_centre,candidate-1d1bd8307e3d,too_close_to_known_site;too_far_from_road,False,1.0,0.0,0.0,0.7733,47.7329,explainable-gis-v2-20260923,ineligible;too_close_to_known_site;too_far_from_road,ineligible
13.340613,32.7517741,gis_v2_density_circles_geodesic_20260922,752.72509765625,7968.957876494765,Tripoli,25357.401256706155,25357.401256706155,0.9999999999999992,68167.40225900203,68167.40225900203,1.0,68.0,3.7124764113594892,0.12399424486237133,1674.1210100163114,0,9,22,75,1674.1210100163114,1783.1902472525276,9524.302063303583,True,True,True,people,5000,people_per_km2,all,3e5d6f9afadaac1f4d1aebe6539fcd69540c23446b0631b0e10c0cb4f9e74d10,873fa590effffff,863fa590fffffff,873fa590effffff,7,,Unavailable,30,Grassland,True,False,h3_r7_centre,candidate-5e97fdcf6fab,too_close_to_known_site;too_far_from_road,False,0.9667,0.0,0.0,0.7644,46.3129,explainable-gis-v2-20260923,ineligible;too_close_to_known_site;too_far_from_road,ineligible
13.3427065,32.7107473,gis_v2_density_circles_geodesic_20260922,440.68048095703125,10335.938827092017,Tripoli,14480.677909659973,14480.677909659973,1.0,38437.02069044051,38437.02069044051,1.0,75.0,2.755742852636132,0.9601968262943007,759.7839726022038,1,5,17,57,759.7839726022038,2494.083964613721,13274.089657539023,True,True,True,people,5000,people_per_km2,all,3e5d6f9afadaac1f4d1aebe6539fcd69540c23446b0631b0e10c0cb4f9e74d10,873fa5919ffffff,863fa591fffffff,873fa5919ffffff,7,,Unavailable,50,Built-up,True,False,h3_r7_centre,candidate-858e0fa8dde8,too_close_to_known_site;too_far_from_road,False,0.917,0.0,0.0,0.7318,43.9958,explainable-gis-v2-20260923,ineligible;too_close_to_known_site;too_far_from_road,ineligible
13.3447983,32.6697158,gis_v2_density_circles_geodesic_20260922,71.49598693847656,6783.242889703181,Aljfara,4113.846208944868,4113.846208944868,1.0,14769.52913481514,14769.52913481514,0.9999999999999983,84.0,-4.2066271789106935,0.9138068262762544,904.2036754883875,1,3,10,49,904.2036754883875,3824.2202867653937,14775.212742720048,True,True,True,people,5000,people_per_km2,all,3e5d6f9afadaac1f4d1aebe6539fcd69540c23446b0631b0e10c0cb4f9e74d10,873fa5835ffffff,863fa5837ffffff,873fa5835ffffff,7,,Unavailable,40,Cropland,True,False,h3_r7_centre,candidate-47b85b3df458,too_close_to_known_site;too_far_from_road,False,0.8339,0.0,0.0,0.6985,40.3402,explainable-gis-v2-20260923,ineligible;too_close_to_known_site;too_far_from_road,ineligible
13.3468884,32.6286796,gis_v2_density_circles_geodesic_20260922,53.256141662597656,3246.4266748182094,Aljfara,2026.541418427731,2026.541418427731,0.999999999999998,6850.95970564899,6850.95970564899,0.9999999999999997,100.0,-5.231155171933622,0.8846818473651626,3055.4884327612513,0,0,5,35,3055.4884327612513,4820.86056650537,11525.080880557041,True,True,True,people,5000,people_per_km2,all,3e5d6f9afadaac1f4d1aebe6539fcd69540c23446b0631b0e10c0cb4f9e74d10,873fa5833ffffff,863fa5837ffffff,873fa5833ffffff,7,,Unavailable,60,Bare / sparse vegetation,True,False,h3_r7_centre,candidate-59314f88c2a7,,True,0.7672,0.0033,0.1884,0.6944,41.4958,explainable-gis-v2-20260923,meets_minimum_planning_constraints,engineering_review
13.3493565,32.8549658,gis_v2_density_circles_geodesic_20260922,1731.9893798828125,344.9076714913121,Tripoli,70449.9339733302,70449.9339733302,0.9999999999999989,186310.97605143843,186310.97605143843,0.9993987598819836,32.0,5.116100089295923,0.5766880289452679,819.7118967364826,1,23,56,147,819.7118967364826,1536.1806177364238,3172.454123189721,True,True,True,people,5000,people_per_km2,all,3e5d6f9afadaac1f4d1aebe6539fcd69540c23446b0631b0e10c0cb4f9e74d10,87384b2d3ffffff,86384b2d7ffffff,87384b2d3ffffff,7,,Unavailable,50,Built-up,True,False,h3_r7_centre,candidate-ff8752c72e0b,too_close_to_known_site,False,1.0,0.0,0.9138,0.7564,65.839,explainable-gis-v2-20260923,ineligible;too_close_to_known_site,ineligible
13.3514487,32.8139496,gis_v2_density_circles_geodesic_20260922,1807.5882568359375,3378.7138078525513,Tripoli,45353.04992559249,45353.04992559249,1.0,117489.42374995032,117489.42374995032,1.0,93.0,17.32787677907143,0.6859696076585383,1376.073201175311,0,4,16,151,1376.073201175311,1722.7580270505364,7653.9491399587,True,True,True,people,5000,people_per_km2,all,3e5d6f9afadaac1f4d1aebe6539fcd69540c23446b0631b0e10c0cb4f9e74d10,873fa5928ffffff,863fa592fffffff,873fa5928ffffff,7,,Unavailable,40,Cropland,True,False,h3_r7_centre,candidate-ec4daca4332d,too_close_to_known_site,False,1.0,0.0,0.1553,0.8138,51.2442,explainable-gis-v2-20260923,ineligible;too_close_to_known_site,ineligible
13.3535391,32.7729286,gis_v2_density_circles_geodesic_20260922,703.969970703125,5574.755959086343,Tripoli,23021.874559846343,23021.874559846343,0.9999999999999991,77675.66929480809,77675.66929480809,0.999999999999999,74.0,1.4174298055070977,0.4738411044663872,1837.9553934809594,0,2,17,88,1837.9553934809594,4036.790854656545,9039.89901544821,True,True,True,people,5000,people_per_km2,all,3e5d6f9afadaac1f4d1aebe6539fcd69540c23446b0631b0e10c0cb4f9e74d10,873fa590cffffff,863fa590fffffff,873fa590cffffff,7,,Unavailable,40,Cropland,True,False,h3_r7_centre,candidate-9f2907f7c73a,too_close_to_known_site;too_far_from_road,False,0.9781,0.0,0.0,0.7413,46.5352,explainable-gis-v2-20260923,ineligible;too_close_to_known_site;too_far_from_road,ineligible
13.3556279,32.7319027,gis_v2_density_circles_geodesic_20260922,668.5980224609375,8081.658096802988,Tripoli,18837.451738673037,18837.451738673037,1.0,47851.39859543636,47851.39859543636,1.0,64.0,-4.8632866770576015,0.6370679581678281,290.1638992328286,2,7,16,63,290.1638992328286,518.3035659830052,12096.880411061991,True,True,True,people,5000,people_per_km2,all,3e5d6f9afadaac1f4d1aebe6539fcd69540c23446b0631b0e10c0cb4f9e74d10,873fa590affffff,863fa590fffffff,873fa590affffff,7,,Unavailable,40,Cropland,True,False,h3_r7_centre,candidate-f92c42fd2815,too_close_to_known_site;too_far_from_road,False,0.936,0.0,0.0,0.7044,44.4837,explainable-gis-v2-20260923,ineligible;too_close_to_known_site;too_far_from_road,ineligible
13.357715,32.6908722,gis_v2_density_circles_geodesic_20260922,164.49183654785156,7882.026324848388,Tripoli,7800.444478860274,7800.444478860274,1.0,23177.52901738341,23177.52901738341,0.9999999999999997,77.0,-5.072240831655165,1.3265826831687433,1922.6352797233008,0,4,10,56,1922.6352797233008,1928.9242042866676,15888.36200032162,True,True,True,people,5000,people_per_km2,all,3e5d6f9afadaac1f4d1aebe6539fcd69540c23446b0631b0e10c0cb4f9e74d10,873fa5826ffffff,863fa5827ffffff,873fa5826ffffff,7,,Unavailable,30,Grassland,True,False,h3_r7_centre,candidate-7252610d76a6,too_close_to_known_site;too_far_from_road,False,0.873,0.0,0.0,0.6804,41.7249,explainable-gis-v2-20260923,ineligible;too_close_to_known_site;too_far_from_road,ineligible
13.3598004,32.6498369,gis_v2_density_circles_geodesic_20260922,89.0735092163086,4221.183890324958,Aljfara,3109.9606284321926,3109.9606284321926,0.9999999999999979,9280.8222569839,9280.8222569839,0.9999999999999983,101.0,1.3156059502850042,0.7736176614526903,2425.263649130068,0,3,8,37,2425.263649130068,3037.090801535871,14006.070531338135,True,True,True,people,5000,people_per_km2,all,3e5d6f9afadaac1f4d1aebe6539fcd69540c23446b0631b0e10c0cb4f9e74d10,873fa5831ffffff,863fa5837ffffff,873fa5831ffffff,7,,Unavailable,30,Grassland,True,False,h3_r7_centre,candidate-47c9a2265c77,too_close_to_known_site;too_far_from_road,False,0.7935,0.0,0.0,0.7308,39.0489,explainable-gis-v2-20260923,ineligible;too_close_to_known_site;too_far_from_road,ineligible
13.3618842,32.608797,gis_v2_density_circles_geodesic_20260922,67.37638854980469,651.2758334392962,Aljfara,2168.064324516217,2168.064324516217,0.9999999999999984,6132.121172067961,6132.121172067961,1.0,119.0,-1.385985813211164,1.0549433537874922,825.6784421579817,1,1,5,25,825.6784421579817,3939.009970773414,11458.832390264388,True,True,True,people,5000,people_per_km2,all,3e5d6f9afadaac1f4d1aebe6539fcd69540c23446b0631b0e10c0cb4f9e74d10,873fa5815ffffff,863fa5817ffffff,873fa5815ffffff,7,,Unavailable,60,Bare / sparse vegetation,True,False,h3_r7_centre,candidate-be3fee0619f9,too_close_to_known_site,False,0.7575,0.0,0.8372,0.7079,54.1241,explainable-gis-v2-20260923,ineligible;too_close_to_known_site,ineligible
13.3622982,32.876117,gis_v2_density_circles_geodesic_20260922,3543.47509765625,971.369840816476,Tripoli,,73225.42362052556,0.9717344413631002,,148168.3638718526,0.7990036789482841,7.0,,0.7606560118111827,374.1738404162906,6,30,55,120,374.1738404162906,1031.9201259087517,1221.8845203413423,True,False,False,people,5000,people_per_km2,all,3e5d6f9afadaac1f4d1aebe6539fcd69540c23446b0631b0e10c0cb4f9e74d10,87384b2d1ffffff,86384b2d7ffffff,87384b2d1ffffff,7,,Unavailable,50,Built-up,True,False,h3_r7_centre,candidate-6a9f452516fb,incomplete_population;incomplete_terrain;missing_population_sum_5km;missing_elevation_prominence_3km;too_close_to_known_site,False,,0.0,0.7572,,,explainable-gis-v2-20260923,ineligible;incomplete_population;incomplete_terrain;missing_population_sum_5km;missing_elevation_prominence_3km;too_close_to_known_site,ineligible
13.3643857,32.8351018,gis_v2_density_circles_geodesic_20260922,1766.3385009765625,1160.262442774167,Tripoli,50040.77682895505,50040.77682895505,0.9999999999999983,139742.98746620654,139742.98746620654,0.9999999999999984,60.0,4.936353770254499,2.0046938897474966,1005.2447767737623,0,8,30,129,1005.2447767737623,1515.5996085479496,5474.626798372543,True,True,True,people,5000,people_per_km2,all,3e5d6f9afadaac1f4d1aebe6539fcd69540c23446b0631b0e10c0cb4f9e74d10,873fa592dffffff,863fa592fffffff,873fa592dffffff,7,,Unavailable,50,Built-up,True,False,h3_r7_centre,candidate-d95b28942463,too_close_to_known_site,False,1.0,0.0,0.7099,0.7079,61.2773,explainable-gis-v2-20260923,ineligible;too_close_to_known_site,ineligible
13.3664714,32.7940818,gis_v2_density_circles_geodesic_20260922,606.6563110351562,3255.8006402581195,Tripoli,28320.929956906228,28320.929956906228,1.0,81503.91267144482,81503.91267144482,0.9999999999999987,86.0,5.141862735988042,1.432971836923225,3521.232159945587,0,0,5,104,3521.232159945587,4311.93643446697,9309.628096372755,True,True,True,people,5000,people_per_km2,all,3e5d6f9afadaac1f4d1aebe6539fcd69540c23446b0631b0e10c0cb4f9e74d10,873fa592bffffff,863fa592fffffff,873fa592bffffff,7,,Unavailable,30,Grassland,True,False,h3_r7_centre,candidate-e59316e969c1,,True,0.9822,0.0307,0.186,0.7279,51.2097,explainable-gis-v2-20260923,high_population_catchment,engineering_review
13.3685555,32.7530569,gis_v2_density_circles_geodesic_20260922,486.94403076171875,5812.125617565491,Tripoli,18116.555123718725,18116.555123718725,1.0,54521.38200450997,54521.38200450997,0.9999999999999992,69.0,-0.4351398237305375,0.9556811478872076,1325.2078612672324,0,6,12,62,1325.2078612672324,2225.5062025524553,11419.748018700851,True,True,True,people,5000,people_per_km2,all,3e5d6f9afadaac1f4d1aebe6539fcd69540c23446b0631b0e10c0cb4f9e74d10,873fa5908ffffff,863fa590fffffff,873fa5908ffffff,7,,Unavailable,50,Built-up,True,False,h3_r7_centre,candidate-ceb750c5dc9c,too_close_to_known_site;too_far_from_road,False,0.9473,0.0,0.0,0.716,45.0522,explainable-gis-v2-20260923,ineligible;too_close_to_known_site;too_far_from_road,ineligible
13.3706379,32.7120273,gis_v2_density_circles_geodesic_20260922,359.3717041015625,8025.307591219014,Tripoli,11212.255367061614,11212.255367061614,0.9999999999999994,32794.5760235756,32794.5760235756,0.9999999999999989,87.0,10.796178431207792,0.7582462798846537,1363.3100907958212,0,2,14,56,2324.8611056492455,1363.3100907958212,14684.646269003364,True,True,True,people,5000,people_per_km2,all,3e5d6f9afadaac1f4d1aebe6539fcd69540c23446b0631b0e10c0cb4f9e74d10,873fa5824ffffff,863fa5827ffffff,873fa5824ffffff,7,,Unavailable,30,Grassland,True,False,h3_r7_centre,candidate-62ebdb39d271,too_close_to_known_site;too_far_from_road,False,0.9032,0.0,0.0,0.7787,43.9136,explainable-gis-v2-20260923,ineligible;too_close_to_known_site;too_far_from_road,ineligible
13.3727186,32.670993,gis_v2_density_circles_geodesic_20260922,267.91387939453125,5272.780809081274,Tripoli,5361.5113523372465,5361.5113523372465,1.0,13325.934647467979,13325.934647467979,1.0,93.0,-0.20989865106544414,0.7600904817269637,343.16826109190936,2,4,7,44,343.16826109190936,1285.4788525986655,16536.605687158328,True,True,True,people,5000,people_per_km2,all,3e5d6f9afadaac1f4d1aebe6539fcd69540c23446b0631b0e10c0cb4f9e74d10,873fa5822ffffff,863fa5827ffffff,873fa5822ffffff,7,,Unavailable,30,Grassland,True,False,h3_r7_centre,candidate-e8739216244b,too_close_to_known_site;too_far_from_road,False,0.8249,0.0,0.0,0.7236,40.234,explainable-gis-v2-20260923,ineligible;too_close_to_known_site;too_far_from_road,ineligible
13.3747976,32.6299539,gis_v2_density_circles_geodesic_20260922,44.475337982177734,1658.841607239976,Almargeb,2469.0130072965953,2469.0130072965953,1.0,7525.617982747608,7525.617982747608,1.0,115.0,0.3086135523832354,1.8095854256521933,1602.4395531282241,0,4,7,28,1602.4395531282241,2227.4835634953643,13700.885218223104,True,True,True,people,5000,people_per_km2,all,3e5d6f9afadaac1f4d1aebe6539fcd69540c23446b0631b0e10c0cb4f9e74d10,873fa5806ffffff,863fa5807ffffff,873fa5806ffffff,7,,Unavailable,30,Grassland,True,False,h3_r7_centre,candidate-093fd2e6c851,too_close_to_known_site,False,0.7753,0.0,0.5853,0.6912,49.6308,explainable-gis-v2-20260923,ineligible;too_close_to_known_site,ineligible
13.3752461,32.8972669,gis_v2_density_circles_geodesic_20260922,2212.455322265625,1422.5313253140882,Tripoli,,38436.83361782162,0.5289609553310906,,90018.99730957435,0.46990285422819433,1.0,,,1120.0029757460081,0,19,44,92,1120.0029757460081,2790.1322420983824,2619.293206146767,True,False,False,people,5000,people_per_km2,all,3e5d6f9afadaac1f4d1aebe6539fcd69540c23446b0631b0e10c0cb4f9e74d10,87384b2c2ffffff,86384b2c7ffffff,87384b2c2ffffff,7,,Unavailable,60,Bare / sparse vegetation,True,False,h3_r7_centre,candidate-afe5d39dadb7,incomplete_population;incomplete_terrain;missing_population_sum_5km;missing_elevation_prominence_3km;missing_terrain_slope_deg;too_close_to_known_site,False,,0.0,0.6444,,,explainable-gis-v2-20260923,ineligible;incomplete_population;incomplete_terrain;missing_population_sum_5km;missing_elevation_prominence_3km;missing_terrain_slope_deg;too_close_to_known_site,ineligible
13.3773288,32.8562527,gis_v2_density_circles_geodesic_20260922,1998.58837890625,1205.3009902157141,Tripoli,57655.35225930415,57655.35225930415,0.9999999999999993,,146265.58968527254,0.9664612593088372,13.0,-11.109247814924828,1.3715423986524506,810.2390883970447,1,19,52,106,810.2390883970447,1185.3859804428037,3804.366412089756,True,False,True,people,5000,people_per_km2,all,3e5d6f9afadaac1f4d1aebe6539fcd69540c23446b0631b0e10c0cb4f9e74d10,87384b2deffffff,86384b2dfffffff,87384b2deffffff,7,,Unavailable,10,Tree cover,True,False,h3_r7_centre,candidate-24d522181a79,incomplete_population;missing_population_sum_5km;too_close_to_known_site,False,,0.0,0.6987,0.6487,,explainable-gis-v2-20260923,ineligible;incomplete_population;missing_population_sum_5km;too_close_to_known_site,ineligible
13.3794099,32.8152337,gis_v2_density_circles_geodesic_20260922,1018.8126831054688,1037.2407716149812,Tripoli,29558.229663185153,29558.229663185153,1.0,99432.2526445871,99432.2526445871,0.9999999999999992,70.0,-8.610303941737158,1.7075217294284857,2897.3688186839227,0,1,14,116,3348.037888198585,2897.3688186839227,7971.719683853123,True,True,True,people,5000,people_per_km2,all,3e5d6f9afadaac1f4d1aebe6539fcd69540c23446b0631b0e10c0cb4f9e74d10,873fa5929ffffff,863fa592fffffff,873fa5929ffffff,7,,Unavailable,60,Bare / sparse vegetation,True,False,h3_r7_centre,candidate-bb657ede57c0,too_close_to_known_site,False,0.9995,0.0,0.7407,0.65,61.2943,explainable-gis-v2-20260923,ineligible;too_close_to_known_site,ineligible
13.3814892,32.7742098,gis_v2_density_circles_geodesic_20260922,613.0798950195312,3417.7998437382976,Tripoli,19420.541040149594,19420.541040149594,1.0,59402.53412109704,59402.53412109704,1.0,72.0,-5.928809621097756,0.6949700888128238,3139.5370355658906,0,0,8,69,3190.0400979557144,3139.5370355658906,11332.700910350895,True,True,True,people,5000,people_per_km2,all,3e5d6f9afadaac1f4d1aebe6539fcd69540c23446b0631b0e10c0cb4f9e74d10,873fa590dffffff,863fa590fffffff,873fa590dffffff,7,,Unavailable,40,Cropland,True,False,h3_r7_centre,candidate-45e81b7178f1,,True,0.9548,0.0082,0.1456,0.6972,48.3196,explainable-gis-v2-20260923,high_population_catchment,engineering_review
13.3835669,32.7331812,gis_v2_density_circles_geodesic_20260922,449.26300048828125,5770.9032760546415,Tripoli,13943.407506154574,13943.407506154574,1.0,38225.79026761318,38225.79026761318,1.0,68.0,-7.008264297271936,0.8535895942332089,1322.5714691211417,0,6,13,52,1322.5714691211417,2123.293062964341,13884.596619705806,True,True,True,people,5000,people_per_km2,all,3e5d6f9afadaac1f4d1aebe6539fcd69540c23446b0631b0e10c0cb4f9e74d10,873fa590bffffff,863fa590fffffff,873fa590bffffff,7,,Unavailable,40,Cropland,True,False,h3_r7_centre,candidate-2f0b5bd49ea6,too_close_to_known_site;too_far_from_road,False,0.9165,0.0,0.0,0.6865,43.524,explainable-gis-v2-20260923,ineligible;too_close_to_known_site;too_far_from_road,ineligible
13.3856429,32.6921478,gis_v2_density_circles_geodesic_20260922,258.7950134277344,6929.7170515369,Tripoli,6651.7633115178305,6651.7633115178305,1.0,19017.652708709433,19017.652708709433,0.9999999999999998,79.0,-6.580283223715682,0.7601478799650299,1346.590180969618,0,4,8,48,2764.877696480265,1346.590180969618,17280.911770473398,True,True,True,people,5000,people_per_km2,all,3e5d6f9afadaac1f4d1aebe6539fcd69540c23446b0631b0e10c0cb4f9e74d10,873fa5820ffffff,863fa5827ffffff,873fa5820ffffff,7,,Unavailable,10,Tree cover,True,False,h3_r7_centre,candidate-dedf1db990dc,too_close_to_known_site;too_far_from_road,False,0.8558,0.0,0.0,0.6918,41.151,explainable-gis-v2-20260923,ineligible;too_close_to_known_site;too_far_from_road,ineligible
13.3877172,32.6511096,gis_v2_density_circles_geodesic_20260922,133.1761474609375,2674.711991111798,Tripoli,4031.0309934144925,4031.0309934144925,0.9999999999999999,8792.976408260705,8792.976408260705,1.0,107.0,-1.0269814036149398,0.5992204458364004,1731.6057862186383,0,6,11,29,2281.644597234057,1731.6057862186383,16064.614978204341,True,True,True,people,5000,people_per_km2,all,3e5d6f9afadaac1f4d1aebe6539fcd69540c23446b0631b0e10c0cb4f9e74d10,873fa5804ffffff,863fa5807ffffff,873fa5804ffffff,7,,Unavailable,40,Cropland,True,False,h3_r7_centre,candidate-9afc415a96a4,too_close_to_known_site,False,0.7888,0.0,0.3313,0.7249,45.4288,explainable-gis-v2-20260923,ineligible;too_close_to_known_site,ineligible
13.3897899,32.6100669,gis_v2_density_circles_geodesic_20260922,113.8718032836914,903.7758590106937,Almargeb,1979.6761371598427,1979.6761371598427,0.9999999999999994,5970.519825376558,5970.519825376558,1.0,129.0,0.2191992588558378,0.31815513099058657,1423.2370237229559,0,4,4,21,1423.2370237229559,1996.2644757323433,13890.443476104621,True,True,True,people,5000,people_per_km2,all,3e5d6f9afadaac1f4d1aebe6539fcd69540c23446b0631b0e10c0cb4f9e74d10,873fa5802ffffff,863fa5807ffffff,873fa5802ffffff,7,,Unavailable,10,Tree cover,True,False,h3_r7_centre,candidate-14fa79fa86b9,too_close_to_known_site,False,0.7552,0.0,0.7741,0.7405,53.0947,explainable-gis-v2-20260923,ineligible;too_close_to_known_site,ineligible
13.3902782,32.8774024,gis_v2_density_circles_geodesic_20260922,2553.087158203125,251.50639051910224,Tripoli,,50587.68898828265,0.8489669772564008,,104884.60986845782,0.6646104874608482,10.0,,0.47404867990062177,467.29502543467925,2,22,40,89,467.29502543467925,467.29502543467925,3593.8281509476783,True,False,False,people,5000,people_per_km2,all,3e5d6f9afadaac1f4d1aebe6539fcd69540c23446b0631b0e10c0cb4f9e74d10,87384b2dcffffff,86384b2dfffffff,87384b2dcffffff,7,,Unavailable,50,Built-up,True,False,h3_r7_centre,candidate-205dcfeba606,incomplete_population;incomplete_terrain;missing_population_sum_5km;missing_elevation_prominence_3km;too_close_to_known_site,False,,0.0,0.9371,,,explainable-gis-v2-20260923,ineligible;incomplete_population;incomplete_terrain;missing_population_sum_5km;missing_elevation_prominence_3km;too_close_to_known_site,ineligible
13.3923545,32.8363843,gis_v2_density_circles_geodesic_20260922,1964.738037109375,1181.3246113788814,Tripoli,34577.40633386698,34577.40633386698,0.9999999999999991,106779.82139229788,106779.82139229788,0.9950896602182374,49.0,-2.177853863231526,0.31883826445365854,1224.400904072141,0,11,33,101,1337.3728578413381,1224.400904072141,6412.61425816777,True,True,True,people,5000,people_per_km2,all,3e5d6f9afadaac1f4d1aebe6539fcd69540c23446b0631b0e10c0cb4f9e74d10,87384b2daffffff,86384b2dfffffff,87384b2daffffff,7,,Unavailable,30,Grassland,True,False,h3_r7_centre,candidate-2806f4bc5a6c,too_close_to_known_site,False,1.0,0.0,0.7047,0.7285,61.3782,explainable-gis-v2-20260923,ineligible;too_close_to_known_site,ineligible
13.3944291,32.7953614,gis_v2_density_circles_geodesic_20260922,914.6947021484375,1023.4623917207729,Tripoli,21699.32454601566,21699.32454601566,0.9999999999999979,68449.51178957062,68449.51178957062,1.0,92.0,6.253254551738593,1.2483983687916769,4072.3766250430185,0,0,6,88,4281.778761000167,4072.3766250430185,10526.13989847952,True,True,True,people,5000,people_per_km2,all,3e5d6f9afadaac1f4d1aebe6539fcd69540c23446b0631b0e10c0cb4f9e74d10,873fa5976ffffff,863fa5977ffffff,873fa5976ffffff,7,,Unavailable,50,Built-up,True,False,h3_r7_centre,candidate-fc49f59f918d,,True,0.9671,0.0631,0.7441,0.7397,62.8546,explainable-gis-v2-20260923,high_population_catchment,engineering_review
13.3965021,32.7543337,gis_v2_density_circles_geodesic_20260922,561.5869140625,3516.489919876026,Tripoli,15912.321537145575,15912.321537145575,0.9999999999999987,46666.09219422525,46666.09219422525,0.9999999999999989,80.0,3.2554872373217307,0.4959650355382711,602.5441956311571,1,5,13,61,1556.1528665344301,602.5441956311571,13559.882731650763,True,True,True,people,5000,people_per_km2,all,3e5d6f9afadaac1f4d1aebe6539fcd69540c23446b0631b0e10c0cb4f9e74d10,873fa5909ffffff,863fa590fffffff,873fa5909ffffff,7,,Unavailable,40,Cropland,True,False,h3_r7_centre,candidate-625b1186c404,too_close_to_known_site,False,0.9338,0.0,0.1209,0.7497,47.2671,explainable-gis-v2-20260923,ineligible;too_close_to_known_site,ineligible
13.3985734,32.7133013,gis_v2_density_circles_geodesic_20260922,261.9559020996094,5773.434718457783,Tripoli,7947.020594555298,7947.020594555298,1.0,24801.783449409817,24801.783449409817,0.9999999999999997,77.0,-4.298802725951774,0.4571387258473845,2638.8650268436472,0,1,10,53,3142.944466000469,2638.8650268436472,16396.31288780693,True,True,True,people,5000,people_per_km2,all,3e5d6f9afadaac1f4d1aebe6539fcd69540c23446b0631b0e10c0cb4f9e74d10,873fa5825ffffff,863fa5827ffffff,873fa5825ffffff,7,,Unavailable,30,Grassland,True,False,h3_r7_centre,candidate-8bfa22400bb5,too_close_to_known_site;too_far_from_road,False,0.8789,0.0,0.0,0.7133,42.2887,explainable-gis-v2-20260923,ineligible;too_close_to_known_site;too_far_from_road,ineligible
13.400643,32.6722641,gis_v2_density_circles_geodesic_20260922,155.64422607421875,4347.99135623878,Tripoli,4269.724021178961,4269.724021178961,0.9999999999999983,11805.039355894569,11805.039355894569,0.9999999999999992,97.0,0.8313095654216198,1.0556359219528255,1433.9321067259743,0,4,10,40,1433.9321067259743,1561.5910041253237,18503.459570525254,True,True,True,people,5000,people_per_km2,all,3e5d6f9afadaac1f4d1aebe6539fcd69540c23446b0631b0e10c0cb4f9e74d10,873fa5823ffffff,863fa5827ffffff,873fa5823ffffff,7,,Unavailable,30,Grassland,True,False,h3_r7_centre,candidate-b0b64c99612d,too_close_to_known_site;too_far_from_road,False,0.8144,0.0,0.0,0.719,39.7665,explainable-gis-v2-20260923,ineligible;too_close_to_known_site;too_far_from_road,ineligible
13.4027109,32.6312222,gis_v2_density_circles_geodesic_20260922,108.00277709960938,92.6224234828908,Tripoli,2261.887414488576,2261.887414488576,1.0,6912.513524867578,6912.513524867578,0.9999999999999989,127.0,3.467990639480533,0.6370399886920495,423.7762037501033,2,3,10,26,423.7762037501033,664.6861032944312,16011.524598320475,True,True,True,people,5000,people_per_km2,all,3e5d6f9afadaac1f4d1aebe6539fcd69540c23446b0631b0e10c0cb4f9e74d10,873fa5800ffffff,863fa5807ffffff,873fa5800ffffff,7,,Unavailable,40,Cropland,True,False,h3_r7_centre,candidate-6600eab43e6b,too_close_to_known_site,False,0.7679,0.0,0.9768,0.7461,57.7155,explainable-gis-v2-20260923,ineligible;too_close_to_known_site,ineligible
13.4053053,32.8575336,gis_v2_density_circles_geodesic_20260922,1335.6837158203125,1339.9246376591652,Tripoli,,38141.682908304196,0.939300284813624,,96435.3504643629,0.821674409342468,9.0,,1.1527739778959523,456.0542203287669,2,16,39,87,456.0542203287669,1637.2755051048346,5712.8957740316055,True,False,False,people,5000,people_per_km2,all,3e5d6f9afadaac1f4d1aebe6539fcd69540c23446b0631b0e10c0cb4f9e74d10,87384b2d8ffffff,86384b2dfffffff,87384b2d8ffffff,7,,Unavailable,30,Grassland,True,False,h3_r7_centre,candidate-5a2515d03b4d,incomplete_population;incomplete_terrain;missing_population_sum_5km;missing_elevation_prominence_3km;too_close_to_known_site,False,,0.0,0.665,,,explainable-gis-v2-20260923,ineligible;incomplete_population;incomplete_terrain;missing_population_sum_5km;missing_elevation_prominence_3km;too_close_to_known_site,ineligible
13.4073752,32.8165117,gis_v2_density_circles_geodesic_20260922,786.8009643554688,1304.4846836553168,Tripoli,25320.80824436363,25320.80824436363,1.0,77082.13490764599,77082.13490764599,0.9999999999999987,87.0,10.726684940670381,1.610161436455078,1661.1843113224852,0,5,13,99,1705.2413669758432,1661.1843113224852,9024.578373078482,True,True,True,people,5000,people_per_km2,all,3e5d6f9afadaac1f4d1aebe6539fcd69540c23446b0631b0e10c0cb4f9e74d10,873fa5974ffffff,863fa5977ffffff,873fa5974ffffff,7,,Unavailable,50,Built-up,True,False,h3_r7_centre,candidate-e90ed04539a9,too_close_to_known_site,False,0.9774,0.0,0.6739,0.75,60.0728,explainable-gis-v2-20260923,ineligible;too_close_to_known_site,ineligible
13.4094434,32.775485,gis_v2_density_circles_geodesic_20260922,806.8902587890625,1260.6048806476097,Tripoli,20310.714579773758,20310.714579773758,0.9999999999999996,53970.74751207931,53970.74751207931,0.9999999999999977,89.0,4.097823358551253,0.799729903683551,2534.9226885270455,0,1,10,75,2534.9226885270455,3187.9397657423033,13104.581174857585,True,True,True,people,5000,people_per_km2,all,3e5d6f9afadaac1f4d1aebe6539fcd69540c23446b0631b0e10c0cb4f9e74d10,873fa5972ffffff,863fa5977ffffff,873fa5972ffffff,7,,Unavailable,30,Grassland,True,False,h3_r7_centre,candidate-8569ab9d5ff4,too_close_to_known_site,False,0.9464,0.0,0.6848,0.7438,58.9926,explainable-gis-v2-20260923,ineligible;too_close_to_known_site,ineligible
13.41151,32.7344535,gis_v2_density_circles_geodesic_20260922,387.6322326660156,3459.9053709440477,Tripoli,11128.89435592956,11128.89435592956,1.0,32739.77266465657,32739.77266465657,1.0,80.0,-3.3693264444574567,0.94746032953558,1934.1362055274399,0,6,10,50,1934.1362055274399,2132.127274211416,15905.801793225482,True,True,True,people,5000,people_per_km2,all,3e5d6f9afadaac1f4d1aebe6539fcd69540c23446b0631b0e10c0cb4f9e74d10,873fa5956ffffff,863fa5957ffffff,873fa5956ffffff,7,,Unavailable,40,Cropland,True,False,h3_r7_centre,candidate-1c01567b37f1,too_close_to_known_site,False,0.903,0.0,0.135,0.7016,45.8369,explainable-gis-v2-20260923,ineligible;too_close_to_known_site,ineligible
13.4135749,32.6934173,gis_v2_density_circles_geodesic_20260922,120.0645751953125,5844.486348282284,Tripoli,4283.877293670679,4283.877293670679,1.0,14492.767218226641,14492.767218226641,0.9999999999999992,83.0,-6.035410485605382,0.6629322884453109,3100.186941671021,0,0,11,45,3131.525120109533,3100.186941671021,18936.369105134214,True,True,True,people,5000,people_per_km2,all,3e5d6f9afadaac1f4d1aebe6539fcd69540c23446b0631b0e10c0cb4f9e74d10,873fa5821ffffff,863fa5827ffffff,873fa5821ffffff,7,,Unavailable,30,Grassland,True,False,h3_r7_centre,candidate-2f8e39102f95,too_far_from_road,False,0.8322,0.0059,0.0,0.6977,40.4435,explainable-gis-v2-20260923,ineligible;too_far_from_road,ineligible
13.4156381,32.6523763,gis_v2_density_circles_geodesic_20260922,66.98574829101562,1740.5889297845388,Tripoli,2692.3426866002987,2692.3426866002987,0.9999999999999996,7624.795657155088,7624.795657155088,1.0,113.0,-0.5742703444701931,1.1536708527899182,1307.3689980210017,0,4,11,27,1307.3689980210017,1516.1763370882752,18268.644544613813,True,True,True,people,5000,people_per_km2,all,3e5d6f9afadaac1f4d1aebe6539fcd69540c23446b0631b0e10c0cb4f9e74d10,873fa5805ffffff,863fa5807ffffff,873fa5805ffffff,7,,Unavailable,30,Grassland,True,False,h3_r7_centre,candidate-112a3e75aca9,too_close_to_known_site,False,0.7765,0.0,0.5649,0.7087,49.442,explainable-gis-v2-20260923,ineligible;too_close_to_known_site,ineligible
13.4176997,32.6113307,gis_v2_density_circles_geodesic_20260922,46.00121307373047,2489.743789830243,Almargeb,1841.8173499568404,1841.8173499568404,1.0,5655.936431013917,5655.936431013917,1.0,133.0,0.24772374085191018,0.31816136204157675,2425.114528055101,0,3,6,22,2425.114528055101,2493.320228879544,16381.541727434489,True,True,True,people,5000,people_per_km2,all,3e5d6f9afadaac1f4d1aebe6539fcd69540c23446b0631b0e10c0cb4f9e74d10,873fa5803ffffff,863fa5807ffffff,873fa5803ffffff,7,,Unavailable,30,Grassland,True,False,h3_r7_centre,candidate-1dd2140eb42c,too_close_to_known_site,False,0.7505,0.0,0.3776,0.7406,44.9782,explainable-gis-v2-20260923,ineligible;too_close_to_known_site,ineligible
13.4203275,32.8376607,gis_v2_density_circles_geodesic_20260922,594.5464477539062,2313.528501445197,Tripoli,28390.01678034384,28390.01678034384,0.9999999999999981,,77751.19710866548,0.9127879681157903,45.0,2.5468147579762572,1.199600251375641,803.9905961578485,2,12,24,87,803.9905961578485,1696.681241172593,8125.898641714422,True,False,True,people,5000,people_per_km2,all,3e5d6f9afadaac1f4d1aebe6539fcd69540c23446b0631b0e10c0cb4f9e74d10,87384b2dbffffff,86384b2dfffffff,87384b2dbffffff,7,,Unavailable,50,Built-up,True,False,h3_r7_centre,candidate-cf2022fd9867,incomplete_population;missing_population_sum_5km;too_close_to_known_site,False,,0.0,0.4216,0.7227,,explainable-gis-v2-20260923,ineligible;incomplete_population;missing_population_sum_5km;too_close_to_known_site,ineligible
13.422391,32.796635,gis_v2_density_circles_geodesic_20260922,563.08642578125,1133.8642298656955,Tripoli,22871.268147090494,22871.268147090494,0.9999999999999979,63626.30752152855,63626.30752152855,1.0,99.0,9.30866279307169,0.7439193737395897,1778.1497449784154,0,3,14,74,1778.1497449784154,4206.312920925449,11637.957250329788,True,True,True,people,5000,people_per_km2,all,3e5d6f9afadaac1f4d1aebe6539fcd69540c23446b0631b0e10c0cb4f9e74d10,873fa5970ffffff,863fa5977ffffff,873fa5970ffffff,7,,Unavailable,40,Cropland,True,False,h3_r7_centre,candidate-f6876a0b6679,too_close_to_known_site,False,0.9607,0.0,0.7165,0.7717,60.4773,explainable-gis-v2-20260923,ineligible;too_close_to_known_site,ineligible
13.4244528,32.7556045,gis_v2_density_circles_geodesic_20260922,909.3875122070312,1205.3681758458672,Tripoli,16800.102321357575,16800.102321357575,0.9999999999999996,41842.19565207804,41842.19565207804,0.999999999999999,95.0,9.428171988161651,1.2483985225352123,443.3640648053068,1,8,12,54,443.3640648053068,2174.1173417867494,15695.358570169063,True,True,True,people,5000,people_per_km2,all,3e5d6f9afadaac1f4d1aebe6539fcd69540c23446b0631b0e10c0cb4f9e74d10,873fa5954ffffff,863fa5957ffffff,873fa5954ffffff,7,,Unavailable,30,Grassland,True,False,h3_r7_centre,candidate-8d1327057e26,too_close_to_known_site,False,0.9243,0.0,0.6987,0.7555,58.5014,explainable-gis-v2-20260923,ineligible;too_close_to_known_site,ineligible
13.426513,32.7145692,gis_v2_density_circles_geodesic_20260922,128.94850158691406,3684.7742819896794,Tripoli,5580.282425799687,5580.282425799687,1.0,19667.58068912402,19667.58068912402,0.999999999999999,96.0,7.595417752892104,0.3998514352316903,1201.8812613030634,0,3,11,45,1201.8812613030634,2725.5136120710968,18325.04603247409,True,True,True,people,5000,people_per_km2,all,3e5d6f9afadaac1f4d1aebe6539fcd69540c23446b0631b0e10c0cb4f9e74d10,873fa5952ffffff,863fa5957ffffff,873fa5952ffffff,7,,Unavailable,40,Cropland,True,False,h3_r7_centre,candidate-a1469a530717,too_close_to_known_site,False,0.8588,0.0,0.0788,0.7746,43.6728,explainable-gis-v2-20260923,ineligible;too_close_to_known_site,ineligible
13.4285715,32.6735292,gis_v2_density_circles_geodesic_20260922,72.02413177490234,3236.619018520197,Tripoli,2515.67623330171,2515.67623330171,1.0,9057.937034816687,9057.937034816687,0.9999999999999992,89.0,-13.607910446624658,1.654549255364874,1261.7072384134353,0,4,9,36,1876.723775524376,1261.7072384134353,20617.181123256716,True,True,True,people,5000,people_per_km2,all,3e5d6f9afadaac1f4d1aebe6539fcd69540c23446b0631b0e10c0cb4f9e74d10,873fa582effffff,863fa582fffffff,873fa582effffff,7,,Unavailable,30,Grassland,True,False,h3_r7_centre,candidate-5f8446bac31d,too_close_to_known_site,False,0.7914,0.0,0.1908,0.6268,41.7416,explainable-gis-v2-20260923,ineligible;too_close_to_known_site,ineligible
13.4306284,32.6324845,gis_v2_density_circles_geodesic_20260922,49.48165512084961,867.6434920120424,Almargeb,1610.353874346746,1610.353874346746,1.0,5656.9163691018,5656.9163691018,1.0,131.0,5.414348021157309,1.3259123550675853,1508.0951834706834,0,3,7,26,1508.0951834706834,3112.2390352387742,18406.43125005049,True,True,True,people,5000,people_per_km2,all,3e5d6f9afadaac1f4d1aebe6539fcd69540c23446b0631b0e10c0cb4f9e74d10,873fa5801ffffff,863fa5807ffffff,873fa5801ffffff,7,,Unavailable,40,Cropland,True,False,h3_r7_centre,candidate-a3dd674a7fb8,too_close_to_known_site,False,0.7505,0.0,0.7831,0.7329,53.0118,explainable-gis-v2-20260923,ineligible;too_close_to_known_site,ineligible
13.4332859,32.8588084,gis_v2_density_circles_geodesic_20260922,1015.3012084960938,291.1547063304344,Tripoli,,18088.378774501878,0.6934105815965643,,60764.961642983035,0.6364731500816421,5.0,,0.8802220819277111,648.436560642421,2,9,25,79,959.3358924799171,648.436560642421,8035.006320613913,True,False,False,people,5000,people_per_km2,all,3e5d6f9afadaac1f4d1aebe6539fcd69540c23446b0631b0e10c0cb4f9e74d10,87384b2d9ffffff,86384b2dfffffff,87384b2d9ffffff,7,,Unavailable,50,Built-up,True,False,h3_r7_centre,candidate-2813233b4880,incomplete_population;incomplete_terrain;missing_population_sum_5km;missing_elevation_prominence_3km;too_close_to_known_site,False,,0.0,0.9272,,,explainable-gis-v2-20260923,ineligible;incomplete_population;incomplete_terrain;missing_population_sum_5km;missing_elevation_prominence_3km;too_close_to_known_site,ineligible
13.4353447,32.8177837,gis_v2_density_circles_geodesic_20260922,1133.4359130859375,3528.3370581106137,Tripoli,25968.192844793546,25968.192844793546,1.0,68865.27133341518,68865.27133341518,0.9942391315669415,65.0,0.5968628205801849,2.230962771259793,548.5423991439193,1,6,19,76,548.5423991439193,3298.964530829093,10634.815355076038,True,True,True,people,5000,people_per_km2,all,3e5d6f9afadaac1f4d1aebe6539fcd69540c23446b0631b0e10c0cb4f9e74d10,873fa5975ffffff,863fa5977ffffff,873fa5975ffffff,7,,Unavailable,50,Built-up,True,False,h3_r7_centre,candidate-491391004150,too_close_to_known_site,False,0.9676,0.0,0.1179,0.6786,47.8485,explainable-gis-v2-20260923,ineligible;too_close_to_known_site,ineligible
13.4374018,32.7767542,gis_v2_density_circles_geodesic_20260922,727.2713012695312,1049.1748780896403,Tripoli,20818.649358469207,20818.649358469207,1.0,53729.404607610384,53729.404607610384,1.0,92.0,1.3582860452669223,1.0448906673649905,317.79779344960303,1,6,14,62,317.79779344960303,1661.9860375065637,14252.131856309414,True,True,True,people,5000,people_per_km2,all,3e5d6f9afadaac1f4d1aebe6539fcd69540c23446b0631b0e10c0cb4f9e74d10,873fa5973ffffff,863fa5977ffffff,873fa5973ffffff,7,,Unavailable,50,Built-up,True,False,h3_r7_centre,candidate-07258a16dafb,too_close_to_known_site,False,0.946,0.0,0.7377,0.722,59.8155,explainable-gis-v2-20260923,ineligible;too_close_to_known_site,ineligible
13.4394572,32.7357198,gis_v2_density_circles_geodesic_20260922,342.0036315917969,1242.5148521450724,Tripoli,9620.900805909883,9620.900805909883,1.0,28782.57914260843,28782.57914260843,0.9999999999999998,96.0,6.539706064410254,1.0268455694767373,471.8535769534457,2,5,13,49,471.8535769534457,502.14884685746455,18082.492388496168,True,True,True,people,5000,people_per_km2,all,3e5d6f9afadaac1f4d1aebe6539fcd69540c23446b0631b0e10c0cb4f9e74d10,873fa5950ffffff,863fa5957ffffff,873fa5950ffffff,7,,Unavailable,30,Grassland,True,False,h3_r7_centre,candidate-bacbe3c80c36,too_close_to_known_site,False,0.8918,0.0,0.6894,0.7485,56.9453,explainable-gis-v2-20260923,ineligible;too_close_to_known_site,ineligible
13.441511,32.6946808,gis_v2_density_circles_geodesic_20260922,172.73223876953125,3382.711326063747,Tripoli,3323.307475267732,3323.307475267732,1.0,10982.517784887266,10982.517784887266,1.0,91.0,-7.153191851604788,1.2675288544009933,871.1314013580445,2,3,11,42,871.1314013580445,1088.3510355748208,20792.14114383744,True,True,True,people,5000,people_per_km2,all,3e5d6f9afadaac1f4d1aebe6539fcd69540c23446b0631b0e10c0cb4f9e74d10,873fa582cffffff,863fa582fffffff,873fa582cffffff,7,,Unavailable,30,Grassland,True,False,h3_r7_centre,candidate-4c473182f15a,too_close_to_known_site,False,0.8081,0.0,0.1543,0.672,42.1322,explainable-gis-v2-20260923,ineligible;too_close_to_known_site,ineligible
13.4435632,32.653637,gis_v2_density_circles_geodesic_20260922,57.008819580078125,628.4696138909034,Tripoli,1634.5068182810103,1634.5068182810103,0.9999999999999996,5835.778996132001,5835.778996132001,0.9999999999999983,111.0,-6.21706097711504,0.8793610772712138,1032.8140141425781,0,4,10,29,1032.8140141425781,2694.3306083358416,20571.578041482888,True,True,True,people,5000,people_per_km2,all,3e5d6f9afadaac1f4d1aebe6539fcd69540c23446b0631b0e10c0cb4f9e74d10,873fa582affffff,863fa582fffffff,873fa582affffff,7,,Unavailable,30,Grassland,True,False,h3_r7_centre,candidate-70213dbd101c,too_close_to_known_site,False,0.7532,0.0,0.8429,0.6896,53.883,explainable-gis-v2-20260923,ineligible;too_close_to_known_site,ineligible
13.4456136,32.6125885,gis_v2_density_circles_geodesic_20260922,54.84373474121094,3476.1586905564136,Almargeb,1988.7803634314528,1988.7803634314528,0.9999999999999983,5833.0632990061695,5833.0632990061695,1.0,130.0,-0.002342568465792283,1.0092128892408208,3377.0894926904193,0,0,5,23,3377.0894926904193,4713.3202415304795,18908.76380158434,True,True,True,people,5000,people_per_km2,all,3e5d6f9afadaac1f4d1aebe6539fcd69540c23446b0631b0e10c0cb4f9e74d10,873fa580effffff,863fa580fffffff,873fa580effffff,7,,Unavailable,30,Grassland,True,False,h3_r7_centre,candidate-94d582ad7c33,,True,0.7532,0.0222,0.131,0.7163,40.5759,explainable-gis-v2-20260923,meets_minimum_planning_constraints,engineering_review
13.4483046,32.8389311,gis_v2_density_circles_geodesic_20260922,1394.4212646484375,911.160857900252,Tripoli,,25091.2033052464,0.9257939922413693,,56756.56294828725,0.7773724571546112,30.0,,1.0026541564908924,1461.6063494360792,0,10,18,68,1461.6063494360792,1561.355371964831,10232.404329648298,True,False,False,people,5000,people_per_km2,all,3e5d6f9afadaac1f4d1aebe6539fcd69540c23446b0631b0e10c0cb4f9e74d10,873fa5966ffffff,863fa5967ffffff,873fa5966ffffff,7,,Unavailable,20,Shrubland,True,False,h3_r7_centre,candidate-4bb5f6fc6292,incomplete_population;incomplete_terrain;missing_population_sum_5km;missing_elevation_prominence_3km;too_close_to_known_site,False,,0.0,0.7722,,,explainable-gis-v2-20260923,ineligible;incomplete_population;incomplete_terrain;missing_population_sum_5km;missing_elevation_prominence_3km;too_close_to_known_site,ineligible
13.450357,32.7979025,gis_v2_density_circles_geodesic_20260922,686.3092041015625,3304.5349121339027,Tripoli,23224.357820341633,23224.357820341633,0.9999999999999989,62629.784223892915,62629.784223892915,1.0,93.0,13.776468892350152,0.39989697669670027,1091.0962854519762,0,7,17,65,1091.0962854519762,2268.663981077788,13185.195332863572,True,True,True,people,5000,people_per_km2,all,3e5d6f9afadaac1f4d1aebe6539fcd69540c23446b0631b0e10c0cb4f9e74d10,873fa5971ffffff,863fa5977ffffff,873fa5971ffffff,7,,Unavailable,50,Built-up,True,False,h3_r7_centre,candidate-337e9fa06524,too_close_to_known_site,False,0.9594,0.0,0.1739,0.8056,49.9071,explainable-gis-v2-20260923,ineligible;too_close_to_known_site,ineligible
13.4524077,32.7568692,gis_v2_density_circles_geodesic_20260922,573.9265747070312,1106.011719933938,Tripoli,15455.201447480458,15455.201447480458,1.0,37145.42225068473,37145.42225068473,1.0,82.0,-9.181030382477587,0.2881496111699259,967.7743112071081,1,7,17,55,1042.6384016038066,967.7743112071081,16866.88317538199,True,True,True,people,5000,people_per_km2,all,3e5d6f9afadaac1f4d1aebe6539fcd69540c23446b0631b0e10c0cb4f9e74d10,873fa5955ffffff,863fa5957ffffff,873fa5955ffffff,7,,Unavailable,50,Built-up,True,False,h3_r7_centre,candidate-e3883b6159a6,too_close_to_known_site,False,0.914,0.0,0.7235,0.6945,57.9741,explainable-gis-v2-20260923,ineligible;too_close_to_known_site,ineligible
13.4544567,32.7158311,gis_v2_density_circles_geodesic_20260922,136.7044219970703,1441.668849191495,Tripoli,4571.68171078809,4571.68171078809,0.9999999999999986,16381.607580113101,16381.607580113101,1.0,96.0,1.1754640338758549,0.5761680754707137,2266.666221778376,0,7,10,48,2266.666221778376,2291.488653214955,20409.51233574503,True,True,True,people,5000,people_per_km2,all,3e5d6f9afadaac1f4d1aebe6539fcd69540c23446b0631b0e10c0cb4f9e74d10,873fa5953ffffff,863fa5957ffffff,873fa5953ffffff,7,,Unavailable,30,Grassland,True,False,h3_r7_centre,candidate-f6887598cc58,too_close_to_known_site,False,0.8429,0.0,0.6396,0.7367,53.8734,explainable-gis-v2-20260923,ineligible;too_close_to_known_site,ineligible
13.4565041,32.6747882,gis_v2_density_circles_geodesic_20260922,68.22010040283203,1983.9610023423159,Tripoli,2452.45916033463,2452.45916033463,0.999999999999998,7448.602506211559,7448.602506211559,1.0,120.0,8.720282686140266,0.29321563821602914,1731.5258848916828,0,5,13,35,1731.5258848916828,2286.0483325180344,22837.127531730413,True,True,True,people,5000,people_per_km2,all,3e5d6f9afadaac1f4d1aebe6539fcd69540c23446b0631b0e10c0cb4f9e74d10,873fa5828ffffff,863fa582fffffff,873fa5828ffffff,7,,Unavailable,60,Bare / sparse vegetation,True,False,h3_r7_centre,candidate-a61dadf38ae4,too_close_to_known_site,False,0.7744,0.0,0.504,0.7838,48.8955,explainable-gis-v2-20260923,ineligible;too_close_to_known_site,ineligible
13.4585499,32.6337407,gis_v2_density_circles_geodesic_20260922,36.634986877441406,1979.957495545299,Almargeb,1452.7964702926506,1452.7964702926506,1.0,5275.823002222458,5275.823002222458,0.9999999999999998,124.0,-0.35731295451840595,0.6942033772725626,1920.9870809329332,0,2,4,26,1920.9870809329332,5033.549156006585,20856.696817245804,True,True,True,people,5000,people_per_km2,all,3e5d6f9afadaac1f4d1aebe6539fcd69540c23446b0631b0e10c0cb4f9e74d10,873fa580cffffff,863fa580fffffff,873fa580cffffff,7,,Unavailable,40,Cropland,True,False,h3_r7_centre,candidate-2cc8a34c7ed4,too_close_to_known_site,False,0.7445,0.0,0.505,0.7251,47.1299,explainable-gis-v2-20260923,ineligible;too_close_to_known_site,ineligible
13.4633183,32.8190496,gis_v2_density_circles_geodesic_20260922,794.9155883789062,2484.3360751781365,Tripoli,26178.229212053095,26178.229212053095,0.9999999999999993,,61098.814034595445,0.9159684109724108,38.0,-7.733962838625871,0.6952230878304787,2075.0950942851878,0,8,23,64,2075.0950942851878,2504.8510232662757,12590.558311258475,True,False,True,people,5000,people_per_km2,all,3e5d6f9afadaac1f4d1aebe6539fcd69540c23446b0631b0e10c0cb4f9e74d10,873fa5962ffffff,863fa5967ffffff,873fa5962ffffff,7,,Unavailable,30,Grassland,True,False,h3_r7_centre,candidate-442a8bc4b1b5,incomplete_population;missing_population_sum_5km;too_close_to_known_site,False,,0.0,0.3789,0.6882,,explainable-gis-v2-20260923,ineligible;incomplete_population;missing_population_sum_5km;too_close_to_known_site,ineligible
13.4653643,32.7780172,gis_v2_density_circles_geodesic_20260922,735.44775390625,3360.6755688239823,Tripoli,18286.11398707182,18286.11398707182,0.9999999999999999,48539.09905253387,48539.09905253387,1.0,106.0,20.504790682410444,0.24798625487468964,1297.018946148127,0,9,21,58,1297.018946148127,1854.054122687431,15757.056818267378,True,True,True,people,5000,people_per_km2,all,3e5d6f9afadaac1f4d1aebe6539fcd69540c23446b0631b0e10c0cb4f9e74d10,873fa5946ffffff,863fa5947ffffff,873fa5946ffffff,7,,Unavailable,40,Cropland,True,False,h3_r7_centre,candidate-ed9c676adcb5,too_close_to_known_site,False,0.9372,0.0,0.1598,0.8443,49.128,explainable-gis-v2-20260923,ineligible;too_close_to_known_site,ineligible
13.4674086,32.7369801,gis_v2_density_circles_geodesic_20260922,126.87458801269531,845.9184967619464,Tripoli,7274.1778939410615,7274.1778939410615,1.0,23634.56725079236,23634.56725079236,0.9999999999999979,95.0,2.589713127821966,0.3185364508537587,1737.5857855251656,0,2,15,51,2745.875349548382,1737.5857855251656,19482.088544560647,True,True,True,people,5000,people_per_km2,all,3e5d6f9afadaac1f4d1aebe6539fcd69540c23446b0631b0e10c0cb4f9e74d10,873fa5951ffffff,863fa5957ffffff,873fa5951ffffff,7,,Unavailable,60,Bare / sparse vegetation,True,False,h3_r7_centre,candidate-1ae580e01b09,too_close_to_known_site,False,0.8747,0.0,0.7885,0.7523,58.2822,explainable-gis-v2-20260923,ineligible;too_close_to_known_site,ineligible
13.4694513,32.6959382,gis_v2_density_circles_geodesic_20260922,204.37811279296875,872.6212434787069,Tripoli,3888.5851986290927,3888.5851986290927,0.9999999999999994,8746.814702519618,8746.814702519618,1.0,108.0,4.10577160651691,0.9601067059638783,1120.7079452683126,0,5,11,41,1610.7211485257887,1120.7079452683126,22799.487548169,True,True,True,people,5000,people_per_km2,all,3e5d6f9afadaac1f4d1aebe6539fcd69540c23446b0631b0e10c0cb4f9e74d10,873fa582dffffff,863fa582fffffff,873fa582dffffff,7,,Unavailable,60,Bare / sparse vegetation,True,False,h3_r7_centre,candidate-c853fd25bd63,too_close_to_known_site,False,0.7884,0.0,0.7818,0.7385,54.5573,explainable-gis-v2-20260923,ineligible;too_close_to_known_site,ineligible
13.4714923,32.6548916,gis_v2_density_circles_geodesic_20260922,49.107872009277344,627.0143717706112,Almargeb,1590.3206009071469,1590.3206009071469,0.9999999999999968,5763.05216370102,5763.05216370102,0.9999999999999992,134.0,10.339346041942576,0.662812620037906,578.175537851676,1,2,10,31,578.175537851676,2416.860374400655,22943.74162869446,True,True,True,people,5000,people_per_km2,all,3e5d6f9afadaac1f4d1aebe6539fcd69540c23446b0631b0e10c0cb4f9e74d10,873fa582bffffff,863fa582fffffff,873fa582bffffff,7,,Unavailable,30,Grassland,True,False,h3_r7_centre,candidate-ed7b7edd9111,too_close_to_known_site,False,0.7521,0.0,0.8432,0.7796,54.7468,explainable-gis-v2-20260923,ineligible;too_close_to_known_site,ineligible
13.4735317,32.6138403,gis_v2_density_circles_geodesic_20260922,73.72992706298828,4348.899148903664,Almargeb,2352.1277555920697,2352.1277555920697,1.0,5656.973259694055,5656.973259694055,0.9999999999999981,132.0,-1.0537289526432687,0.7324959392869329,2720.0521828543497,0,1,4,22,2720.0521828543497,6572.681631441253,21459.47474108665,True,True,True,people,5000,people_per_km2,all,3e5d6f9afadaac1f4d1aebe6539fcd69540c23446b0631b0e10c0cb4f9e74d10,873fa5808ffffff,863fa580fffffff,873fa5808ffffff,7,,Unavailable,60,Bare / sparse vegetation,True,False,h3_r7_centre,candidate-321bdf809f1c,too_close_to_known_site;too_far_from_road,False,0.7505,0.0,0.0,0.7203,37.2244,explainable-gis-v2-20260923,ineligible;too_close_to_known_site;too_far_from_road,ineligible
13.4762858,32.8401954,gis_v2_density_circles_geodesic_20260922,921.1421508789062,136.87503598229296,Tripoli,,18483.923809042357,0.712212618595651,,44112.281605752665,0.6247335196900305,20.0,,1.3718140534045529,195.40361662427392,3,4,17,57,195.40361662427392,880.9516258122802,12535.638113122679,True,False,False,people,5000,people_per_km2,all,3e5d6f9afadaac1f4d1aebe6539fcd69540c23446b0631b0e10c0cb4f9e74d10,873fa5960ffffff,863fa5967ffffff,873fa5960ffffff,7,,Unavailable,30,Grassland,True,False,h3_r7_centre,candidate-ba8e5ee9c615,incomplete_population;incomplete_terrain;missing_population_sum_5km;missing_elevation_prominence_3km;too_close_to_known_site,False,,0.0,0.9658,,,explainable-gis-v2-20260923,ineligible;incomplete_population;incomplete_terrain;missing_population_sum_5km;missing_elevation_prominence_3km;too_close_to_known_site,ineligible
13.4783271,32.799164,gis_v2_density_circles_geodesic_20260922,791.115478515625,3729.1977474144433,Tripoli,21001.422083351994,21001.422083351994,0.9999999999999968,55211.63455442937,55211.63455442937,0.997147396348211,48.0,-11.053489427647968,0.9560958162104018,322.5489742863924,3,11,23,63,322.5489742863924,327.3734293463902,15034.1702591109,True,True,True,people,5000,people_per_km2,all,3e5d6f9afadaac1f4d1aebe6539fcd69540c23446b0631b0e10c0cb4f9e74d10,873fa5944ffffff,863fa5947ffffff,873fa5944ffffff,7,,Unavailable,40,Cropland,True,False,h3_r7_centre,candidate-0e96489abb5f,too_close_to_known_site,False,0.9484,0.0,0.0677,0.6629,45.9189,explainable-gis-v2-20260923,ineligible;too_close_to_known_site,ineligible
13.4803666,32.7581278,gis_v2_density_circles_geodesic_20260922,401.9556579589844,3288.3175961198776,Tripoli,10894.389875238114,10894.389875238114,1.0,31709.693307151672,31709.693307151672,1.0,77.0,-10.714690208270227,1.4329256286425927,1312.4244545881324,0,5,19,61,1450.6132837141322,1312.4244545881324,18341.491046396284,True,True,True,people,5000,people_per_km2,all,3e5d6f9afadaac1f4d1aebe6539fcd69540c23446b0631b0e10c0cb4f9e74d10,873fa5942ffffff,863fa5947ffffff,873fa5942ffffff,7,,Unavailable,30,Grassland,True,False,h3_r7_centre,candidate-bb13107ae706,too_close_to_known_site,False,0.9002,0.0,0.1779,0.6487,46.0547,explainable-gis-v2-20260923,ineligible;too_close_to_known_site,ineligible
13.4824046,32.7170869,gis_v2_density_circles_geodesic_20260922,103.63932037353516,1068.525375180844,Tripoli,4015.534467553443,4015.534467553443,0.9999999999999991,12097.042708968449,12097.042708968449,0.9999999999999989,97.0,1.4062876731774594,0.9918616975893364,1030.6574172029073,0,3,11,47,1030.6574172029073,1080.5470537533408,21782.538706279676,True,True,True,people,5000,people_per_km2,all,3e5d6f9afadaac1f4d1aebe6539fcd69540c23446b0631b0e10c0cb4f9e74d10,873fa595effffff,863fa595fffffff,873fa595effffff,7,,Unavailable,30,Grassland,True,False,h3_r7_centre,candidate-debb93674951,too_close_to_known_site,False,0.8165,0.0,0.7329,0.724,54.5588,explainable-gis-v2-20260923,ineligible;too_close_to_known_site,ineligible
13.4844409,32.6760412,gis_v2_density_circles_geodesic_20260922,115.09370422363281,587.7489715375668,Tripoli,2760.977524815795,2760.977524815795,1.0,7035.129311427388,7035.129311427388,0.9999999999999989,113.0,-2.931530636115312,0.6628790710096618,546.5252454602197,3,4,9,33,907.2925388348865,546.5252454602197,22651.445822792746,True,True,True,people,5000,people_per_km2,all,3e5d6f9afadaac1f4d1aebe6539fcd69540c23446b0631b0e10c0cb4f9e74d10,873fa5829ffffff,863fa582fffffff,873fa5829ffffff,7,,Unavailable,30,Grassland,True,False,h3_r7_centre,candidate-86355151a257,too_close_to_known_site,False,0.7695,0.0,0.8531,0.7132,54.9724,explainable-gis-v2-20260923,ineligible;too_close_to_known_site,ineligible
13.4864755,32.6349909,gis_v2_density_circles_geodesic_20260922,48.460933685302734,2300.15108404564,Almargeb,1585.6192818895256,1585.6192818895256,0.9999999999999971,5458.038819492556,5458.038819492556,1.0,139.0,7.6079364742709,0.9728675175695488,1650.227937607653,0,1,7,29,1650.227937607653,4094.5666511794407,23345.01146482835,True,True,True,people,5000,people_per_km2,all,3e5d6f9afadaac1f4d1aebe6539fcd69540c23446b0631b0e10c0cb4f9e74d10,873fa580dffffff,863fa580fffffff,873fa580dffffff,7,,Unavailable,30,Grassland,True,False,h3_r7_centre,candidate-8dc3e0c3a82d,too_close_to_known_site,False,0.7474,0.0,0.425,0.7556,45.9523,explainable-gis-v2-20260923,ineligible;too_close_to_known_site,ineligible
13.491296,32.8203094,gis_v2_density_circles_geodesic_20260922,901.0195922851562,1101.5807596465424,Tripoli,,21255.378602901703,0.939224754271735,,47132.83262990256,0.7841580530182586,29.0,,0.39990840007466244,1160.1043926311688,0,10,19,61,1160.1043926311688,1218.8452890978003,14755.218747121073,True,False,False,people,5000,people_per_km2,all,3e5d6f9afadaac1f4d1aebe6539fcd69540c23446b0631b0e10c0cb4f9e74d10,873fa5963ffffff,863fa5967ffffff,873fa5963ffffff,7,,Unavailable,40,Cropland,True,False,h3_r7_centre,candidate-bf7005c7f022,incomplete_population;incomplete_terrain;missing_population_sum_5km;missing_elevation_prominence_3km;too_close_to_known_site,False,,0.0,0.7246,,,explainable-gis-v2-20260923,ineligible;incomplete_population;incomplete_terrain;missing_population_sum_5km;missing_elevation_prominence_3km;too_close_to_known_site,ineligible
13.4933309,32.7792743,gis_v2_density_circles_geodesic_20260922,367.8434753417969,4910.280457972793,Tripoli,14329.951216331843,14329.951216331843,0.9999999999999998,38921.37224884295,38921.37224884295,1.0,67.0,0.8152316527098549,2.688021629622431,758.4536874838849,2,12,21,62,1566.190120680199,758.4536874838849,17527.660635174932,True,True,True,people,5000,people_per_km2,all,3e5d6f9afadaac1f4d1aebe6539fcd69540c23446b0631b0e10c0cb4f9e74d10,873fa5940ffffff,863fa5947ffffff,873fa5940ffffff,7,,Unavailable,50,Built-up,True,False,h3_r7_centre,candidate-ab5bae130482,too_close_to_known_site;too_far_from_road,False,0.918,0.0,0.0,0.6645,43.3663,explainable-gis-v2-20260923,ineligible;too_close_to_known_site;too_far_from_road,ineligible
13.4953641,32.7382343,gis_v2_density_circles_geodesic_20260922,117.33454132080078,3027.072408219568,Tripoli,4770.947629774791,4770.947629774791,0.9999999999999983,16413.814681131185,16413.814681131185,1.0,82.0,-6.856426969274764,2.2499522475216676,1323.2803662689782,0,4,9,57,1323.2803662689782,1673.2594409122178,20385.044204992566,True,True,True,people,5000,people_per_km2,all,3e5d6f9afadaac1f4d1aebe6539fcd69540c23446b0631b0e10c0cb4f9e74d10,873fa595cffffff,863fa595fffffff,873fa595cffffff,7,,Unavailable,30,Grassland,True,False,h3_r7_centre,candidate-09cbcbfb88de,too_close_to_known_site,False,0.843,0.0,0.2432,0.6407,44.9937,explainable-gis-v2-20260923,ineligible;too_close_to_known_site,ineligible
13.4973956,32.6971896,gis_v2_density_circles_geodesic_20260922,138.79071044921875,1627.2681056200906,Tripoli,3267.1204430861435,3267.1204430861435,0.9999999999999981,7496.740297536729,7496.740297536729,1.0,95.0,-5.628827242424862,1.9103287690902067,1929.4310476502244,0,5,11,37,2296.14792573561,1929.4310476502244,20815.09110200697,True,True,True,people,5000,people_per_km2,all,3e5d6f9afadaac1f4d1aebe6539fcd69540c23446b0631b0e10c0cb4f9e74d10,873fa595affffff,863fa595fffffff,873fa595affffff,7,,Unavailable,30,Grassland,True,False,h3_r7_centre,candidate-bf6a10121fba,too_close_to_known_site,False,0.775,0.0,0.5932,0.6582,49.4449,explainable-gis-v2-20260923,ineligible;too_close_to_known_site,ineligible
13.4994256,32.6561402,gis_v2_density_circles_geodesic_20260922,72.66661071777344,251.3757897213771,Almargeb,1953.6254288271682,1953.6254288271682,1.0,5568.489333825344,5568.489333825344,1.0,139.0,11.395712570788945,0.9136891559191755,2070.083611756482,0,4,5,30,2215.230894489614,2070.083611756482,22192.450197951915,True,True,True,people,5000,people_per_km2,all,3e5d6f9afadaac1f4d1aebe6539fcd69540c23446b0631b0e10c0cb4f9e74d10,873fa5876ffffff,863fa5877ffffff,873fa5876ffffff,7,,Unavailable,30,Grassland,True,False,h3_r7_centre,candidate-a7fff4eedf47,too_close_to_known_site,False,0.7492,0.0,0.9372,0.7765,56.4748,explainable-gis-v2-20260923,ineligible;too_close_to_known_site,ineligible
13.5014538,32.6150861,gis_v2_density_circles_geodesic_20260922,54.080902099609375,1768.5338757569466,Almargeb,1959.227962664012,1959.227962664012,0.9999999999999983,5489.804819494972,5489.804819494972,0.9999999999999994,139.0,-2.632090275890903,0.4959760856943772,1105.3130498553876,0,1,3,25,1105.3130498553876,6433.286136534769,23583.404297933932,True,True,True,people,5000,people_per_km2,all,3e5d6f9afadaac1f4d1aebe6539fcd69540c23446b0631b0e10c0cb4f9e74d10,873fa5809ffffff,863fa580fffffff,873fa5809ffffff,7,,Unavailable,40,Cropland,True,False,h3_r7_centre,candidate-2c3ee45edabf,too_close_to_known_site,False,0.7479,0.0,0.5579,0.7203,48.2775,explainable-gis-v2-20260923,ineligible;too_close_to_known_site,ineligible
13.5063013,32.8004194,gis_v2_density_circles_geodesic_20260922,427.4807434082031,2269.6225599781824,Tripoli,17211.33608427024,17211.33608427024,1.0,,41054.78258296695,0.9189043521822831,37.0,-2.301947465087281,0.2479853462183948,860.7601010797024,1,11,23,57,1081.8251123542618,860.7601010797024,17087.35934223391,True,False,True,people,5000,people_per_km2,all,3e5d6f9afadaac1f4d1aebe6539fcd69540c23446b0631b0e10c0cb4f9e74d10,873fa5945ffffff,863fa5947ffffff,873fa5945ffffff,7,,Unavailable,30,Grassland,True,False,h3_r7_centre,candidate-f4f7e71f594c,incomplete_population;missing_population_sum_5km;too_close_to_known_site,False,,0.0,0.4326,0.7302,,explainable-gis-v2-20260923,ineligible;incomplete_population;missing_population_sum_5km;too_close_to_known_site,ineligible
13.5083297,32.7593804,gis_v2_density_circles_geodesic_20260922,262.61480712890625,5377.1065186767355,Tripoli,7180.17960505044,7180.17960505044,1.0,22724.733823682105,22724.733823682105,1.0,76.0,2.836152994704051,0.2881512801227368,1329.1877229235688,0,8,15,64,1329.1877229235688,1583.1835157649361,19250.27238821841,True,True,True,people,5000,people_per_km2,all,3e5d6f9afadaac1f4d1aebe6539fcd69540c23446b0631b0e10c0cb4f9e74d10,873fa5943ffffff,863fa5947ffffff,873fa5943ffffff,7,,Unavailable,40,Cropland,True,False,h3_r7_centre,candidate-7d28dac3f412,too_close_to_known_site;too_far_from_road,False,0.8713,0.0,0.0,0.7546,42.3979,explainable-gis-v2-20260923,ineligible;too_close_to_known_site;too_far_from_road,ineligible
13.5103565,32.7183367,gis_v2_density_circles_geodesic_20260922,48.12200164794922,3578.988554807626,Tripoli,2178.688056894364,2178.688056894364,1.0,8924.23985724366,8924.23985724366,0.9999999999999992,91.0,3.591832167382279,0.5866884052991356,2863.3308178926536,0,1,10,52,3279.9014956857663,2863.3308178926536,19167.703916063245,True,True,True,people,5000,people_per_km2,all,3e5d6f9afadaac1f4d1aebe6539fcd69540c23446b0631b0e10c0cb4f9e74d10,873fa5958ffffff,863fa595fffffff,873fa5958ffffff,7,,Unavailable,30,Grassland,True,False,h3_r7_centre,candidate-71acd3e75894,too_close_to_known_site,False,0.7901,0.0,0.1053,0.7484,41.194,explainable-gis-v2-20260923,ineligible;too_close_to_known_site,ineligible
13.5123817,32.6772882,gis_v2_density_circles_geodesic_20260922,68.05442810058594,351.00814596721153,Almargeb,2244.841916375579,2244.841916375579,0.9999999999999991,6186.620962165512,6186.620962165512,1.0,117.0,7.509207857771457,1.6091617995247895,1680.6896862425701,0,3,10,37,1680.6896862425701,2399.922600311488,20143.08373697959,True,True,True,people,5000,people_per_km2,all,3e5d6f9afadaac1f4d1aebe6539fcd69540c23446b0631b0e10c0cb4f9e74d10,873fa5874ffffff,863fa5877ffffff,873fa5874ffffff,7,,Unavailable,30,Grassland,True,False,h3_r7_centre,candidate-a43ebe271ac4,too_close_to_known_site,False,0.7583,0.0,0.9122,0.7339,55.9162,explainable-gis-v2-20260923,ineligible;too_close_to_known_site,ineligible
13.5144053,32.6362351,gis_v2_density_circles_geodesic_20260922,46.529903411865234,158.21598792662786,Almargeb,1934.0227913032866,1934.0227913032866,0.999999999999997,4876.0594686672375,4876.0594686672375,1.0,132.0,0.5049312716853933,1.4583839393087825,1887.5313808514502,0,1,6,28,1887.5313808514502,4141.298030786809,22036.67343726703,True,True,True,people,5000,people_per_km2,all,3e5d6f9afadaac1f4d1aebe6539fcd69540c23446b0631b0e10c0cb4f9e74d10,873fa5872ffffff,863fa5877ffffff,873fa5872ffffff,7,,Unavailable,30,Grassland,True,False,h3_r7_centre,candidate-ac5be020c5e5,too_close_to_known_site,False,0.7376,0.0,0.9604,0.7039,55.7533,explainable-gis-v2-20260923,ineligible;too_close_to_known_site,ineligible
13.5192778,32.8215632,gis_v2_density_circles_geodesic_20260922,844.1444702148438,371.0335387547859,Tripoli,,13069.11313987073,0.7137231192591731,,30048.52688390909,0.6324840327530523,23.0,,1.0852424400014766,1158.4950863910826,0,7,19,52,1158.4950863910826,1984.512298538009,17049.545470067264,True,False,False,people,5000,people_per_km2,all,3e5d6f9afadaac1f4d1aebe6539fcd69540c23446b0631b0e10c0cb4f9e74d10,873fa596effffff,863fa596fffffff,873fa596effffff,7,,Unavailable,30,Grassland,True,False,h3_r7_centre,candidate-5d4abb8ea0c6,incomplete_population;incomplete_terrain;missing_population_sum_5km;missing_elevation_prominence_3km;too_close_to_known_site,False,,0.0,0.9072,,,explainable-gis-v2-20260923,ineligible;incomplete_population;incomplete_terrain;missing_population_sum_5km;missing_elevation_prominence_3km;too_close_to_known_site,ineligible
13.5213015,32.7805252,gis_v2_density_circles_geodesic_20260922,362.0805358886719,3580.8147304618224,Tripoli,9518.693381650644,9518.693381650644,1.0,30553.274784881985,30553.274784881985,0.9982923652208597,43.0,-4.155210290090544,0.4403303872323321,1304.5022018105444,0,8,25,59,1304.5022018105444,1509.7496302467073,18426.820708721247,True,True,True,people,5000,people_per_km2,all,3e5d6f9afadaac1f4d1aebe6539fcd69540c23446b0631b0e10c0cb4f9e74d10,873fa5941ffffff,863fa5947ffffff,873fa5941ffffff,7,,Unavailable,30,Grassland,True,False,h3_r7_centre,candidate-5b466742b80f,too_close_to_known_site,False,0.897,0.0,0.1048,0.7145,45.1219,explainable-gis-v2-20260923,ineligible;too_close_to_known_site,ineligible
13.5233236,32.7394825,gis_v2_density_circles_geodesic_20260922,59.705387115478516,5520.257079533135,Tripoli,2967.8639294706168,2967.8639294706168,1.0,11778.343802677271,11778.343802677271,1.0,75.0,-1.7478832572659115,0.4959661911812147,1943.7899872237476,0,1,11,68,1943.7899872237476,3215.2280612705135,17761.948732764828,True,True,True,people,5000,people_per_km2,all,3e5d6f9afadaac1f4d1aebe6539fcd69540c23446b0631b0e10c0cb4f9e74d10,873fa595dffffff,863fa595fffffff,873fa595dffffff,7,,Unavailable,30,Grassland,True,False,h3_r7_centre,candidate-04fe87660b6c,too_close_to_known_site;too_far_from_road,False,0.8142,0.0,0.0,0.7247,39.8162,explainable-gis-v2-20260923,ineligible;too_close_to_known_site;too_far_from_road,ineligible
13.5253441,32.698435,gis_v2_density_circles_geodesic_20260922,43.920989990234375,1582.6663093149605,Almargeb,1767.1927070879167,1767.1927070879167,0.9999999999999994,5847.937542161544,5847.937542161544,1.0,70.0,-20.87503746216842,0.6368276726855662,1282.3848596693908,0,1,9,46,3213.574415604976,1282.3848596693908,18246.550957105923,True,True,True,people,5000,people_per_km2,all,3e5d6f9afadaac1f4d1aebe6539fcd69540c23446b0631b0e10c0cb4f9e74d10,873fa595bffffff,863fa595fffffff,873fa595bffffff,7,,Unavailable,30,Grassland,True,False,h3_r7_centre,candidate-70482cab8d96,too_close_to_known_site,False,0.7534,0.0,0.6043,0.6244,48.4672,explainable-gis-v2-20260923,ineligible;too_close_to_known_site,ineligible
13.5273629,32.6573827,gis_v2_density_circles_geodesic_20260922,67.49718475341797,2207.0899578347553,Almargeb,1886.8118741713736,1886.8118741713736,0.9999999999999987,5212.495116243902,5212.495116243902,0.9999999999999987,118.0,-1.631759782396756,0.773665871438579,2440.1986285271996,0,1,6,28,3717.1587446906865,2440.1986285271996,19796.744933806483,True,True,True,people,5000,people_per_km2,all,3e5d6f9afadaac1f4d1aebe6539fcd69540c23446b0631b0e10c0cb4f9e74d10,873fa5870ffffff,863fa5877ffffff,873fa5870ffffff,7,,Unavailable,30,Grassland,True,False,h3_r7_centre,candidate-0aef09414247,too_close_to_known_site,False,0.7434,0.0,0.4482,0.7161,45.8621,explainable-gis-v2-20260923,ineligible;too_close_to_known_site,ineligible
13.5293801,32.6163259,gis_v2_density_circles_geodesic_20260922,71.60480499267578,830.1326627722241,Almargeb,1608.5318080985162,1608.5318080985162,0.9999999999999993,4622.371982384788,4622.371982384788,1.0,145.0,-1.3199138594352746,0.12399692503686681,2956.689190877353,0,2,5,22,2956.689190877353,4753.501679381147,22190.599079370066,True,True,True,people,5000,people_per_km2,all,3e5d6f9afadaac1f4d1aebe6539fcd69540c23446b0631b0e10c0cb4f9e74d10,873fa5854ffffff,863fa5857ffffff,873fa5854ffffff,7,,Unavailable,30,Grassland,True,False,h3_r7_centre,candidate-11dd92520921,too_close_to_known_site,False,0.733,0.0,0.7925,0.7393,52.5617,explainable-gis-v2-20260923,ineligible;too_close_to_known_site,ineligible
13.5342796,32.8016687,gis_v2_density_circles_geodesic_20260922,261.8028259277344,940.0136642876864,Tripoli,,11161.613556961032,0.9431929215264626,,28384.959276595444,0.784300835826837,36.0,,0.5764857833878154,1692.4948923828688,0,6,24,52,1748.3914050619512,1692.4948923828688,17957.565767357686,True,False,False,people,5000,people_per_km2,all,3e5d6f9afadaac1f4d1aebe6539fcd69540c23446b0631b0e10c0cb4f9e74d10,873fa596affffff,863fa596fffffff,873fa596affffff,7,,Unavailable,30,Grassland,True,False,h3_r7_centre,candidate-83cb77b482d7,incomplete_population;incomplete_terrain;missing_population_sum_5km;missing_elevation_prominence_3km;too_close_to_known_site,False,,0.0,0.765,,,explainable-gis-v2-20260923,ineligible;incomplete_population;incomplete_terrain;missing_population_sum_5km;missing_elevation_prominence_3km;too_close_to_known_site,ineligible
13.5362969,32.7606269,gis_v2_density_circles_geodesic_20260922,201.91444396972656,4526.295952882476,Tripoli,5806.159445537331,5806.159445537331,0.9999999999999994,17142.07694803917,17142.07694803917,1.0,54.0,-3.089315921459601,1.6585480806577575,1198.372206122884,0,4,15,59,1220.4161147350535,1198.372206122884,16659.113907420007,True,True,True,people,5000,people_per_km2,all,3e5d6f9afadaac1f4d1aebe6539fcd69540c23446b0631b0e10c0cb4f9e74d10,873fa594effffff,863fa594fffffff,873fa594effffff,7,,Unavailable,30,Grassland,True,False,h3_r7_centre,candidate-92b6317a51cd,too_close_to_known_site;too_far_from_road,False,0.8468,0.0,0.0,0.6793,40.6654,explainable-gis-v2-20260923,ineligible;too_close_to_known_site;too_far_from_road,ineligible
13.5383126,32.7195804,gis_v2_density_circles_geodesic_20260922,44.796024322509766,3512.6975761949793,Tripoli,1362.2718964682574,1362.2718964682574,0.9999999999999984,6279.264522531599,6279.264522531599,1.0,62.0,-15.832329205168023,1.9455312672614737,1982.383976801611,0,2,5,57,3150.4562560933705,1982.383976801611,16555.496176037002,True,True,True,people,5000,people_per_km2,all,3e5d6f9afadaac1f4d1aebe6539fcd69540c23446b0631b0e10c0cb4f9e74d10,873fa5959ffffff,863fa595fffffff,873fa5959ffffff,7,,Unavailable,30,Grassland,True,False,h3_r7_centre,candidate-70fdb3b14472,too_close_to_known_site,False,0.7596,0.0,0.1218,0.606,38.8802,explainable-gis-v2-20260923,ineligible;too_close_to_known_site,ineligible
13.5403266,32.6785291,gis_v2_density_circles_geodesic_20260922,67.92276000976562,898.3494639842396,Almargeb,1626.6465941813315,1626.6465941813315,0.9999999999999992,5237.829447991791,5237.829447991791,1.0,95.0,-9.10477393345802,1.1359649514672727,2440.796770153257,0,4,7,37,2695.059759828771,2440.796770153257,17668.138642871483,True,True,True,people,5000,people_per_km2,all,3e5d6f9afadaac1f4d1aebe6539fcd69540c23446b0631b0e10c0cb4f9e74d10,873fa5875ffffff,863fa5877ffffff,873fa5875ffffff,7,,Unavailable,30,Grassland,True,False,h3_r7_centre,candidate-bf546ca860a5,too_close_to_known_site,False,0.7438,0.0,0.7754,0.6666,51.9282,explainable-gis-v2-20260923,ineligible;too_close_to_known_site,ineligible
13.5423391,32.6374732,gis_v2_density_circles_geodesic_20260922,54.949493408203125,2616.843461064478,Almargeb,1778.1339988111315,1778.1339988111315,1.0,4835.496685039821,4835.496685039821,0.9999999999999987,128.0,-2.1502471192920893,1.0757572545837475,2111.976136021354,0,1,8,23,3261.897329089598,2111.976136021354,19793.29739739284,True,True,True,people,5000,people_per_km2,all,3e5d6f9afadaac1f4d1aebe6539fcd69540c23446b0631b0e10c0cb4f9e74d10,873fa5873ffffff,863fa5877ffffff,873fa5873ffffff,7,,Unavailable,30,Grassland,True,False,h3_r7_centre,candidate-272cc93a6bfb,too_close_to_known_site,False,0.7369,0.0,0.3458,0.7034,43.4259,explainable-gis-v2-20260923,ineligible;too_close_to_known_site,ineligible
13.5492763,32.7817701,gis_v2_density_circles_geodesic_20260922,313.6717834472656,2228.8377471358413,Tripoli,8287.437565612576,8287.437565612576,0.999999999999998,,21289.75529620656,0.9225410566911169,44.0,5.317751103944005,0.5172255025573147,1328.5083457484259,0,5,22,52,1328.5083457484259,1821.2090320884115,15922.286491236573,True,False,True,people,5000,people_per_km2,all,3e5d6f9afadaac1f4d1aebe6539fcd69540c23446b0631b0e10c0cb4f9e74d10,873fa594cffffff,863fa594fffffff,873fa594cffffff,7,,Unavailable,40,Cropland,True,False,h3_r7_centre,candidate-c9ef44567cbb,incomplete_population;missing_population_sum_5km;too_close_to_known_site,False,,0.0,0.4428,0.7593,,explainable-gis-v2-20260923,ineligible;incomplete_population;missing_population_sum_5km;too_close_to_known_site,ineligible
13.5512873,32.7407245,gis_v2_density_circles_geodesic_20260922,50.27447509765625,3969.774173037004,Tripoli,2768.779382293664,2768.779382293664,0.9999999999999986,10686.241204584368,10686.241204584368,0.9999999999999984,61.0,-2.5154768839704786,0.6370702985481863,1880.5808788010565,0,2,12,58,2374.229845800499,1880.5808788010565,15138.925262496576,True,True,True,people,5000,people_per_km2,all,3e5d6f9afadaac1f4d1aebe6539fcd69540c23446b0631b0e10c0cb4f9e74d10,873fa594affffff,863fa594fffffff,873fa594affffff,7,,Unavailable,30,Grassland,True,False,h3_r7_centre,candidate-13f63179d09c,too_close_to_known_site,False,0.8058,0.0,0.0076,0.7162,39.5439,explainable-gis-v2-20260923,ineligible;too_close_to_known_site,ineligible
13.5532966,32.6996742,gis_v2_density_circles_geodesic_20260922,50.2131233215332,901.3659093046725,Almargeb,1550.4706736793391,1550.4706736793391,1.0,4677.379222085531,4677.379222085531,1.0,94.0,2.6302201521570794,1.1993713262984558,634.2753626815849,2,4,4,46,634.2753626815849,1362.3834560677692,15696.206724086062,True,True,True,people,5000,people_per_km2,all,3e5d6f9afadaac1f4d1aebe6539fcd69540c23446b0631b0e10c0cb4f9e74d10,873fa5866ffffff,863fa5867ffffff,873fa5866ffffff,7,,Unavailable,30,Grassland,True,False,h3_r7_centre,candidate-450f73da7cad,too_close_to_known_site,False,0.734,0.0,0.7747,0.7232,52.0856,explainable-gis-v2-20260923,ineligible;too_close_to_known_site,ineligible
13.5553043,32.6586192,gis_v2_density_circles_geodesic_20260922,44.700340270996094,3379.620420550044,Almargeb,1772.178346964747,1772.178346964747,0.9999999999999966,5083.5026994669715,5083.5026994669715,0.9999999999999979,121.0,3.153611411099888,1.654294462316323,531.890437763046,1,1,9,26,3115.8801581045677,531.890437763046,17466.648887825613,True,True,True,people,5000,people_per_km2,all,3e5d6f9afadaac1f4d1aebe6539fcd69540c23446b0631b0e10c0cb4f9e74d10,873fa5871ffffff,863fa5877ffffff,873fa5871ffffff,7,,Unavailable,30,Grassland,True,False,h3_r7_centre,candidate-eb91f0700787,too_close_to_known_site,False,0.7412,0.0,0.1551,0.7106,39.8581,explainable-gis-v2-20260923,ineligible;too_close_to_known_site,ineligible
13.5573104,32.6175596,gis_v2_density_circles_geodesic_20260922,50.23966979980469,3078.1213707689953,Almargeb,1506.9673099645786,1506.9673099645786,0.9999999999999993,4328.049680408682,4328.049680408682,0.9999999999999997,155.0,4.180565595803557,0.12399688384724034,2138.9305895578636,0,4,7,19,2138.9305895578636,2539.4514464011877,20133.029234826856,True,True,True,people,5000,people_per_km2,all,3e5d6f9afadaac1f4d1aebe6539fcd69540c23446b0631b0e10c0cb4f9e74d10,873fa5855ffffff,863fa5857ffffff,873fa5855ffffff,7,,Unavailable,30,Grassland,True,False,h3_r7_centre,candidate-c611771aa287,too_close_to_known_site,False,0.7273,0.0,0.2305,0.7668,41.3682,explainable-gis-v2-20260923,ineligible;too_close_to_known_site,ineligible
13.5622619,32.8029119,gis_v2_density_circles_geodesic_20260922,337.00335693359375,391.643212163107,Tripoli,,6854.192377469722,0.7141881284054047,,16735.224403383923,0.6395364470992568,31.0,,0.5763581717903269,589.5492024286053,2,11,18,45,589.5492024286053,1632.8693490861351,15603.396775400714,True,False,False,people,5000,people_per_km2,all,3e5d6f9afadaac1f4d1aebe6539fcd69540c23446b0631b0e10c0cb4f9e74d10,873fa596bffffff,863fa596fffffff,873fa596bffffff,7,,Unavailable,30,Grassland,True,False,h3_r7_centre,candidate-98b165c24673,incomplete_population;incomplete_terrain;missing_population_sum_5km;missing_elevation_prominence_3km;too_close_to_known_site,False,,0.0,0.9021,,,explainable-gis-v2-20260923,ineligible;incomplete_population;incomplete_terrain;missing_population_sum_5km;missing_elevation_prominence_3km;too_close_to_known_site,ineligible
13.5642681,32.7618674,gis_v2_density_circles_geodesic_20260922,305.57501220703125,1902.1951456601996,Tripoli,5938.990610484042,5938.990610484042,1.0,15407.844331512882,15407.844331512882,0.9960476727961809,39.0,-5.7065064048188034,0.3998764529709387,362.6265139415693,1,6,18,50,362.6265139415693,1627.4505356989594,14079.950060338984,True,True,True,people,5000,people_per_km2,all,3e5d6f9afadaac1f4d1aebe6539fcd69540c23446b0631b0e10c0cb4f9e74d10,873fa5948ffffff,863fa594fffffff,873fa5948ffffff,7,,Unavailable,30,Grassland,True,False,h3_r7_centre,candidate-61b333800abf,too_close_to_known_site,False,0.8376,0.0,0.5245,0.7081,51.0725,explainable-gis-v2-20260923,ineligible;too_close_to_known_site,ineligible
13.5662727,32.7208181,gis_v2_density_circles_geodesic_20260922,39.50724792480469,2364.5025843148783,Almargeb,1658.343031840011,1658.343031840011,0.9999999999999992,7642.992939043948,7642.992939043948,0.9999999999999984,79.0,5.449296497929836,0.663025540296737,857.8118643395167,1,3,12,49,2649.697351313583,857.8118643395167,13947.58905306288,True,True,True,people,5000,people_per_km2,all,3e5d6f9afadaac1f4d1aebe6539fcd69540c23446b0631b0e10c0cb4f9e74d10,873fa5864ffffff,863fa5867ffffff,873fa5864ffffff,7,,Unavailable,30,Grassland,True,False,h3_r7_centre,candidate-e28554bb4108,too_close_to_known_site,False,0.7767,0.0,0.4089,0.7551,46.7955,explainable-gis-v2-20260923,ineligible;too_close_to_known_site,ineligible
13.5682756,32.679764,gis_v2_density_circles_geodesic_20260922,65.5166015625,1710.2358747630735,Almargeb,1767.56916433214,1767.56916433214,0.9999999999999972,5095.981384304051,5095.981384304051,1.0,124.0,15.608072963595433,1.8419163956909212,2008.8987916669487,0,3,10,35,2008.8987916669487,3172.293556279101,15243.052440686026,True,True,True,people,5000,people_per_km2,all,3e5d6f9afadaac1f4d1aebe6539fcd69540c23446b0631b0e10c0cb4f9e74d10,873fa5862ffffff,863fa5867ffffff,873fa5862ffffff,7,,Unavailable,30,Grassland,True,False,h3_r7_centre,candidate-32015974a16e,too_close_to_known_site,False,0.7415,0.0,0.5724,0.7666,48.7737,explainable-gis-v2-20260923,ineligible;too_close_to_known_site,ineligible
13.570277,32.6387053,gis_v2_density_circles_geodesic_20260922,45.792724609375,4459.390334199612,Almargeb,1817.780397227008,1817.780397227008,1.0,4968.735560558986,4968.735560558986,0.9999999999999998,129.0,-5.19709793647371,1.152073716027501,696.5458276102986,2,5,8,23,696.5458276102986,696.5458276102986,17655.136820801366,True,True,True,people,5000,people_per_km2,all,3e5d6f9afadaac1f4d1aebe6539fcd69540c23446b0631b0e10c0cb4f9e74d10,873fa5846ffffff,863fa5847ffffff,873fa5846ffffff,7,,Unavailable,30,Grassland,True,False,h3_r7_centre,candidate-5b4e0b703a6d,too_close_to_known_site;too_far_from_road,False,0.7393,0.0,0.0,0.6856,36.4268,explainable-gis-v2-20260923,ineligible;too_close_to_known_site;too_far_from_road,ineligible
13.5772551,32.7830089,gis_v2_density_circles_geodesic_20260922,465.1870422363281,556.8373460603116,Tripoli,,7049.535013330845,0.9403367046435538,,14683.596055737928,0.820514343218485,39.0,,0.2881696523653029,471.55637664027313,3,11,17,49,471.55637664027313,1267.1867878833066,13463.21505466601,True,False,False,people,5000,people_per_km2,all,3e5d6f9afadaac1f4d1aebe6539fcd69540c23446b0631b0e10c0cb4f9e74d10,873fa594dffffff,863fa594fffffff,873fa594dffffff,7,,Unavailable,30,Grassland,True,False,h3_r7_centre,candidate-200e518dca88,incomplete_population;incomplete_terrain;missing_population_sum_5km;missing_elevation_prominence_3km;too_close_to_known_site,False,,0.0,0.8608,,,explainable-gis-v2-20260923,ineligible;incomplete_population;incomplete_terrain;missing_population_sum_5km;missing_elevation_prominence_3km;too_close_to_known_site,ineligible
13.579255,32.7419606,gis_v2_density_circles_geodesic_20260922,79.91771697998047,2253.183500410357,Almargeb,4170.176410349768,4170.176410349768,1.0,11206.213763224645,11206.213763224645,1.0,51.0,-2.1182825420830014,0.6370708838765778,2346.344790045257,0,6,15,46,2346.344790045257,2442.1127834559643,12516.238859950328,True,True,True,people,5000,people_per_km2,all,3e5d6f9afadaac1f4d1aebe6539fcd69540c23446b0631b0e10c0cb4f9e74d10,873fa594bffffff,863fa594fffffff,873fa594bffffff,7,,Unavailable,30,Grassland,True,False,h3_r7_centre,candidate-b5abcfaed16b,too_close_to_known_site,False,0.8099,0.0,0.4367,0.7182,48.3118,explainable-gis-v2-20260923,ineligible;too_close_to_known_site,ineligible
13.5812531,32.7009075,gis_v2_density_circles_geodesic_20260922,70.96187591552734,238.32589858087306,Almargeb,1968.9593993294422,1968.9593993294422,0.9999999999999994,6111.351430842,6111.351430842,1.0,89.0,-3.9908984495463216,0.864255615088904,2063.185090727025,0,2,12,43,2063.185090727025,3410.3465429984476,13174.798202650789,True,True,True,people,5000,people_per_km2,all,3e5d6f9afadaac1f4d1aebe6539fcd69540c23446b0631b0e10c0cb4f9e74d10,873fa5860ffffff,863fa5867ffffff,873fa5860ffffff,7,,Unavailable,50,Built-up,True,False,h3_r7_centre,candidate-ab8633086f97,too_close_to_known_site,False,0.7572,0.0,0.9404,0.7012,56.1104,explainable-gis-v2-20260923,ineligible;too_close_to_known_site,ineligible
13.5832497,32.6598497,gis_v2_density_circles_geodesic_20260922,81.41512298583984,4322.122058817628,Almargeb,1967.4150953126637,1967.4150953126637,1.0,5386.58880291867,5386.58880291867,1.0,131.0,9.396318309368866,0.4736142075393217,1398.9359183824745,0,7,10,27,1419.520160548473,1398.9359183824745,15232.46966123036,True,True,True,people,5000,people_per_km2,all,3e5d6f9afadaac1f4d1aebe6539fcd69540c23446b0631b0e10c0cb4f9e74d10,873fa5844ffffff,863fa5847ffffff,873fa5844ffffff,7,,Unavailable,30,Grassland,True,False,h3_r7_centre,candidate-da7f306dacb6,too_close_to_known_site;too_far_from_road,False,0.7463,0.0,0.0,0.7812,37.6631,explainable-gis-v2-20260923,ineligible;too_close_to_known_site;too_far_from_road,ineligible
13.5852447,32.6187872,gis_v2_density_circles_geodesic_20260922,86.8533706665039,1845.190568422322,Almargeb,1552.5131217733795,1552.5131217733795,1.0,4201.292531121175,4201.292531121175,0.9999999999999997,159.0,-0.8829793801860149,1.7277302142511675,500.4379822189031,2,5,8,15,500.4379822189031,565.1892245396988,18221.643835260682,True,True,True,people,5000,people_per_km2,all,3e5d6f9afadaac1f4d1aebe6539fcd69540c23446b0631b0e10c0cb4f9e74d10,873fa5842ffffff,863fa5847ffffff,873fa5842ffffff,7,,Unavailable,50,Built-up,True,False,h3_r7_centre,candidate-3ac378e9b3dc,too_close_to_known_site,False,0.7247,0.0,0.5387,0.688,46.6419,explainable-gis-v2-20260923,ineligible;too_close_to_known_site,ineligible
13.5922434,32.7631018,gis_v2_density_circles_geodesic_20260922,232.59617614746094,384.2416162163814,Almargeb,5680.075597995851,5680.075597995851,1.0,,13171.667359702473,0.9643669657360052,39.0,0.8147956342848133,1.760473762869433,1323.9936873164231,0,9,16,44,1427.5697670985858,1323.9936873164231,11521.034795317408,True,False,True,people,5000,people_per_km2,all,3e5d6f9afadaac1f4d1aebe6539fcd69540c23446b0631b0e10c0cb4f9e74d10,873fa5949ffffff,863fa594fffffff,873fa5949ffffff,7,,Unavailable,30,Grassland,True,False,h3_r7_centre,candidate-f090d7c9bdca,incomplete_population;missing_population_sum_5km;too_close_to_known_site,False,,0.0,0.9039,0.6954,,explainable-gis-v2-20260923,ineligible;incomplete_population;missing_population_sum_5km;too_close_to_known_site,ineligible
13.5942368,32.7220497,gis_v2_density_circles_geodesic_20260922,58.83317947387695,1317.1945695666018,Almargeb,3402.5580660763876,3402.5580660763876,1.0,8953.626463327992,8953.626463327992,1.0,66.0,-4.15397183906579,0.3998548424217557,1664.7921452671874,0,6,11,40,1664.7921452671874,2503.9213932137377,11347.16059132353,True,True,True,people,5000,people_per_km2,all,3e5d6f9afadaac1f4d1aebe6539fcd69540c23446b0631b0e10c0cb4f9e74d10,873fa5865ffffff,863fa5867ffffff,873fa5865ffffff,7,,Unavailable,30,Grassland,True,False,h3_r7_centre,candidate-689553dfce1d,too_close_to_known_site,False,0.7904,0.0,0.6707,0.7159,52.1894,explainable-gis-v2-20260923,ineligible;too_close_to_known_site,ineligible
13.5962287,32.6809928,gis_v2_density_circles_geodesic_20260922,54.61467742919922,2840.8690685264837,Almargeb,2045.1531360005733,2045.1531360005733,0.9999999999999987,5995.771133153996,5995.771133153996,0.9999999999999983,108.0,-0.4452289342584237,0.8679042111950459,1552.2182421873201,0,3,9,30,1552.2182421873201,2555.231517299782,12896.180378509402,True,True,True,people,5000,people_per_km2,all,3e5d6f9afadaac1f4d1aebe6539fcd69540c23446b0631b0e10c0cb4f9e74d10,873fa5863ffffff,863fa5867ffffff,873fa5863ffffff,7,,Unavailable,30,Grassland,True,False,h3_r7_centre,candidate-9c7734e69041,too_close_to_known_site,False,0.7556,0.0,0.2898,0.7188,43.2074,explainable-gis-v2-20260923,ineligible;too_close_to_known_site,ineligible
13.5982189,32.6399313,gis_v2_density_circles_geodesic_20260922,79.19478607177734,3062.1461300500237,Almargeb,2082.771368860265,2082.771368860265,0.9999999999999992,5166.185206018102,5166.185206018102,0.9999999999999984,139.0,0.22065761947882834,0.2880564817487357,1550.243211377914,0,4,9,19,1928.4447467431958,1550.243211377914,15665.505341329108,True,True,True,people,5000,people_per_km2,all,3e5d6f9afadaac1f4d1aebe6539fcd69540c23446b0631b0e10c0cb4f9e74d10,873fa5840ffffff,863fa5847ffffff,873fa5840ffffff,7,,Unavailable,30,Grassland,True,False,h3_r7_centre,candidate-b39efd7fdbd8,too_close_to_known_site,False,0.7427,0.0,0.2345,0.7415,41.8103,explainable-gis-v2-20260923,ineligible;too_close_to_known_site,ineligible
13.605238,32.7842416,gis_v2_density_circles_geodesic_20260922,112.049072265625,1819.835804035645,Almargeb,,3913.2163268876525,0.8362284868482002,,10398.543007521866,0.7152822811687998,29.0,,0.663225886780566,2158.6856389401482,0,8,13,36,2158.6856389401482,2446.487246580388,11080.123986337983,True,False,False,people,5000,people_per_km2,all,3e5d6f9afadaac1f4d1aebe6539fcd69540c23446b0631b0e10c0cb4f9e74d10,873f164b2ffffff,863f164b7ffffff,873f164b2ffffff,7,,Unavailable,30,Grassland,True,False,h3_r7_centre,candidate-78557f0ba742,incomplete_population;incomplete_terrain;missing_population_sum_5km;missing_elevation_prominence_3km;too_close_to_known_site,False,,0.0,0.545,,,explainable-gis-v2-20260923,ineligible;incomplete_population;incomplete_terrain;missing_population_sum_5km;missing_elevation_prominence_3km;too_close_to_known_site,ineligible
13.6072267,32.7431905,gis_v2_density_circles_geodesic_20260922,256.38311767578125,910.4111714579593,Almargeb,4678.17773572641,4678.17773572641,0.9999999999999973,11004.518930755923,11004.518930755923,1.0,49.0,0.40334007831391006,0.47377907467806624,192.02922858718293,3,6,14,42,531.4653224306285,192.02922858718293,9894.39897389073,True,True,True,people,5000,people_per_km2,all,3e5d6f9afadaac1f4d1aebe6539fcd69540c23446b0631b0e10c0cb4f9e74d10,873f16496ffffff,863f16497ffffff,873f16496ffffff,7,,Unavailable,30,Grassland,True,False,h3_r7_centre,candidate-821dd3e833bc,too_close_to_known_site,False,0.8083,0.0,0.7724,0.7362,55.143,explainable-gis-v2-20260923,ineligible;too_close_to_known_site,ineligible
13.6092138,32.7021347,gis_v2_density_circles_geodesic_20260922,87.72406768798828,1286.006917448036,Almargeb,2692.7312047731393,2692.7312047731393,1.0,7878.6912625481145,7878.6912625481145,0.9999999999999981,89.0,-2.4099501985164835,1.706523912885574,1327.026883194296,0,3,12,36,1327.026883194296,1461.8866119386935,10703.011166112377,True,True,True,people,5000,people_per_km2,all,3e5d6f9afadaac1f4d1aebe6539fcd69540c23446b0631b0e10c0cb4f9e74d10,873fa5861ffffff,863fa5867ffffff,873fa5861ffffff,7,,Unavailable,30,Grassland,True,False,h3_r7_centre,candidate-133fa5acc242,too_close_to_known_site,False,0.7793,0.0,0.6785,0.6811,51.5527,explainable-gis-v2-20260923,ineligible;too_close_to_known_site,ineligible
13.6111992,32.6610741,gis_v2_density_circles_geodesic_20260922,70.91877746582031,4632.760236838222,Almargeb,2295.514787860427,2295.514787860427,1.0,5591.994162216872,5591.994162216872,0.9999999999999981,118.0,-3.6165395802637477,0.6199568649361517,857.3339366309691,1,3,7,28,857.3339366309691,1284.2063103777148,13143.395169836922,True,True,True,people,5000,people_per_km2,all,3e5d6f9afadaac1f4d1aebe6539fcd69540c23446b0631b0e10c0cb4f9e74d10,873fa5845ffffff,863fa5847ffffff,873fa5845ffffff,7,,Unavailable,30,Grassland,True,False,h3_r7_centre,candidate-7abf073c14bd,too_close_to_known_site;too_far_from_road,False,0.7495,0.0,0.0,0.7113,37.0936,explainable-gis-v2-20260923,ineligible;too_close_to_known_site;too_far_from_road,ineligible
13.6131831,32.6200089,gis_v2_density_circles_geodesic_20260922,47.8731575012207,445.8594064109962,Almargeb,1644.4614625568115,1644.4614625568115,1.0,4368.648860322034,4368.648860322034,0.9999999999999997,172.0,-1.2825017663678295,1.002636040381487,2824.1636264330155,0,1,6,17,3116.3902984411548,2824.1636264330155,16507.422427893747,True,True,True,people,5000,people_per_km2,all,3e5d6f9afadaac1f4d1aebe6539fcd69540c23446b0631b0e10c0cb4f9e74d10,873fa5843ffffff,863fa5847ffffff,873fa5843ffffff,7,,Unavailable,40,Cropland,True,False,h3_r7_centre,candidate-91bcab0586c7,too_close_to_known_site,False,0.7281,0.0,0.8885,0.7102,53.9959,explainable-gis-v2-20260923,ineligible;too_close_to_known_site,ineligible
13.6202228,32.7643301,gis_v2_density_circles_geodesic_20260922,110.22822570800781,1001.5594114851004,Almargeb,3632.5123344139447,3632.5123344139447,0.9999999999999998,,11014.275766343319,0.9140844256129786,34.0,-2.4722234328454107,1.3205678641306084,2273.1045208453434,0,2,13,40,2273.1045208453434,2786.17725583945,8999.929674083949,True,False,True,people,5000,people_per_km2,all,3e5d6f9afadaac1f4d1aebe6539fcd69540c23446b0631b0e10c0cb4f9e74d10,873f16494ffffff,863f16497ffffff,873f16494ffffff,7,,Unavailable,50,Built-up,True,False,h3_r7_centre,candidate-768e2302ad3b,incomplete_population;missing_population_sum_5km;too_close_to_known_site,False,,0.0,0.7496,0.6936,,explainable-gis-v2-20260923,ineligible;incomplete_population;missing_population_sum_5km;too_close_to_known_site,ineligible
13.6222051,32.7232752,gis_v2_density_circles_geodesic_20260922,219.99745178222656,210.99239813167463,Almargeb,4217.844537513124,4217.844537513124,1.0,10452.738070057312,10452.738070057312,1.0,74.0,6.472723441185693,3.0054812143158793,945.2514089214205,1,8,11,43,945.2514089214205,1628.397965089629,8761.126744468333,True,True,True,people,5000,people_per_km2,all,3e5d6f9afadaac1f4d1aebe6539fcd69540c23446b0631b0e10c0cb4f9e74d10,873f16492ffffff,863f16497ffffff,873f16492ffffff,7,,Unavailable,30,Grassland,True,False,h3_r7_centre,candidate-1a3e147dc235,too_close_to_known_site,False,0.8039,0.0,0.9473,0.6822,57.921,explainable-gis-v2-20260923,ineligible;too_close_to_known_site,ineligible
13.6241857,32.6822156,gis_v2_density_circles_geodesic_20260922,52.58163070678711,3900.8229809736395,Almargeb,2066.903024134171,2066.903024134171,0.9999999999999991,7041.406628470173,7041.406628470173,0.9999999999999984,119.0,9.263270990143923,1.0474177966368383,1904.9628161542637,0,2,7,31,1904.9628161542637,2928.916402271265,10679.450657437847,True,True,True,people,5000,people_per_km2,all,3e5d6f9afadaac1f4d1aebe6539fcd69540c23446b0631b0e10c0cb4f9e74d10,873fa586effffff,863fa586fffffff,873fa586effffff,7,,Unavailable,40,Cropland,True,False,h3_r7_centre,candidate-67cb9b02c681,too_close_to_known_site,False,0.7695,0.0,0.0248,0.7614,38.8917,explainable-gis-v2-20260923,ineligible;too_close_to_known_site,ineligible
13.6261648,32.6411513,gis_v2_density_circles_geodesic_20260922,63.33029556274414,2108.4939343910505,Almargeb,2168.370615868011,2168.370615868011,0.9999999999999994,5427.4074975214235,5427.4074975214235,1.0,140.0,-2.8113770879076583,1.5116362160544137,3236.286033873528,0,0,8,21,3360.7617073850206,3236.286033873528,13888.547490114865,True,True,True,people,5000,people_per_km2,all,3e5d6f9afadaac1f4d1aebe6539fcd69540c23446b0631b0e10c0cb4f9e74d10,873fa5841ffffff,863fa5847ffffff,873fa5841ffffff,7,,Unavailable,30,Grassland,True,False,h3_r7_centre,candidate-a2e9ca43536d,,True,0.7469,0.0139,0.4729,0.6856,46.6074,explainable-gis-v2-20260923,meets_minimum_planning_constraints,engineering_review
13.6281423,32.6000824,gis_v2_density_circles_geodesic_20260922,37.21527862548828,2165.779191298867,Almargeb,931.9102440277834,931.9102440277834,1.0,3113.6326129636,3113.6326129636,1.0,259.0,30.648123857427237,6.03401666064876,4413.879075478579,0,0,3,16,4910.0652561792085,4413.879075478579,17700.10636667876,True,True,True,people,5000,people_per_km2,all,3e5d6f9afadaac1f4d1aebe6539fcd69540c23446b0631b0e10c0cb4f9e74d10,873fa585dffffff,863fa585fffffff,873fa585dffffff,7,,Unavailable,20,Shrubland,True,False,h3_r7_centre,candidate-9397afcef075,,True,0.6987,0.0832,0.4586,0.7021,46.6345,explainable-gis-v2-20260923,terrain_advantage,engineering_review
13.633225,32.7854683,gis_v2_density_circles_geodesic_20260922,96.33891296386719,3628.4834622817534,Almargeb,,1745.0396167736785,0.7399506419703317,,6882.851015419921,0.6685421309481792,26.0,,1.4875904885198434,4779.875528658684,0,0,5,37,4779.875528658684,4914.187811171124,8834.99795429191,True,False,False,people,5000,people_per_km2,all,3e5d6f9afadaac1f4d1aebe6539fcd69540c23446b0631b0e10c0cb4f9e74d10,873f164b3ffffff,863f164b7ffffff,873f164b3ffffff,7,,Unavailable,30,Grassland,True,False,h3_r7_centre,candidate-ce32a2667b74,incomplete_population;incomplete_terrain;missing_population_sum_5km;missing_elevation_prominence_3km,False,,0.1047,0.0929,,,explainable-gis-v2-20260923,ineligible;incomplete_population;incomplete_terrain;missing_population_sum_5km;missing_elevation_prominence_3km,ineligible
13.6352025,32.7444144,gis_v2_density_circles_geodesic_20260922,150.1612091064453,1601.2796978622732,Almargeb,4220.410539107677,4220.410539107677,1.0,12609.659572635124,12609.659572635124,0.9999999999999997,41.0,-4.340570214803705,0.247987575967301,2400.644830766318,0,5,12,42,2400.644830766318,2809.712113457334,7274.639344606774,True,True,True,people,5000,people_per_km2,all,3e5d6f9afadaac1f4d1aebe6539fcd69540c23446b0631b0e10c0cb4f9e74d10,873f16490ffffff,863f16497ffffff,873f16490ffffff,7,,Unavailable,30,Grassland,True,False,h3_r7_centre,candidate-d84b5a952247,too_close_to_known_site,False,0.8201,0.0,0.5997,0.72,51.9998,explainable-gis-v2-20260923,ineligible;too_close_to_known_site,ineligible
13.6371784,32.7033558,gis_v2_density_circles_geodesic_20260922,95.30738830566406,2320.0754952884595,Almargeb,3302.88959245547,3302.88959245547,1.0,9041.641937566277,9041.641937566277,0.999999999999999,95.0,3.4648724379904223,2.864547883134952,1468.1745800406377,0,3,12,37,2872.5885811644184,1468.1745800406377,8325.490575781865,True,True,True,people,5000,people_per_km2,all,3e5d6f9afadaac1f4d1aebe6539fcd69540c23446b0631b0e10c0cb4f9e74d10,873fa586cffffff,863fa586fffffff,873fa586cffffff,7,,Unavailable,50,Built-up,True,False,h3_r7_centre,candidate-37a5c0ae6941,too_close_to_known_site,False,0.7913,0.0,0.42,0.6718,46.7684,explainable-gis-v2-20260923,ineligible;too_close_to_known_site,ineligible
13.6391528,32.6622925,gis_v2_density_circles_geodesic_20260922,115.46910095214844,4144.497807677371,Almargeb,2112.4950625212314,2112.4950625212314,0.9999999999999996,5838.8205045667155,5838.8205045667155,0.9999999999999998,130.0,6.629659824236924,0.5993002142498612,2210.6708849682736,0,2,4,27,2210.6708849682736,3889.690551100565,11280.543596510479,True,True,True,people,5000,people_per_km2,all,3e5d6f9afadaac1f4d1aebe6539fcd69540c23446b0631b0e10c0cb4f9e74d10,873fa586affffff,863fa586fffffff,873fa586affffff,7,,Unavailable,40,Cropland,True,False,h3_r7_centre,candidate-4ff5abf776e6,too_close_to_known_site;too_far_from_road,False,0.7533,0.0,0.0,0.7632,37.7629,explainable-gis-v2-20260923,ineligible;too_close_to_known_site;too_far_from_road,ineligible
13.6411255,32.6212245,gis_v2_density_circles_geodesic_20260922,49.98908233642578,411.7594972915872,Almargeb,1696.6303472451725,1696.6303472451725,0.9999999999999964,4651.160808274477,4651.160808274477,1.0,174.0,-11.816627049489654,2.1868455758688854,3449.8099531836483,0,0,1,17,3449.8099531836483,5424.2993534834295,15058.041382941992,True,True,True,people,5000,people_per_km2,all,3e5d6f9afadaac1f4d1aebe6539fcd69540c23446b0631b0e10c0cb4f9e74d10,873fa584effffff,863fa584fffffff,873fa584effffff,7,,Unavailable,30,Grassland,True,False,h3_r7_centre,candidate-ff5e12aa67c8,,True,0.7335,0.0265,0.8971,0.618,54.2564,explainable-gis-v2-20260923,good_road_access,engineering_review
13.6482061,32.7655523,gis_v2_density_circles_geodesic_20260922,66.6309585571289,3083.0438519607696,Almargeb,2974.2983925089493,2974.2983925089493,0.9934592933598057,,11186.544722890558,0.9024259563940291,36.0,,0.5172190077013286,4178.8706831824165,0,0,8,39,4178.8706831824165,4758.715764886985,6560.763177634844,True,False,False,people,5000,people_per_km2,all,3e5d6f9afadaac1f4d1aebe6539fcd69540c23446b0631b0e10c0cb4f9e74d10,873f16495ffffff,863f16497ffffff,873f16495ffffff,7,,Unavailable,60,Bare / sparse vegetation,True,False,h3_r7_centre,candidate-624876a45eb1,incomplete_population;incomplete_terrain;missing_population_sum_5km;missing_elevation_prominence_3km,False,,0.0693,0.2292,,,explainable-gis-v2-20260923,ineligible;incomplete_population;incomplete_terrain;missing_population_sum_5km;missing_elevation_prominence_3km,ineligible
