{"type": "FeatureCollection", "features": [{"id": "0", "type": "Feature", "properties": {"building_id": "f934a018dbce28be73b8", "source_tile": "libya_122012231.csv.gz", "source_line": 55315, "footprint_area_m2": 2767.347012487574, "building_height_m": null, "building_height_known": false, "height_source": "unavailable", "canonical_longitude": 13.399089783398278, "canonical_latitude": 32.80075127082559, "structural_survey_required": true, "owner_permission_verified": false, "power_verified": false, "backhaul_verified": false, "roof_usable_area_m2": null, "candidate_status": "preliminary_footprint_review", "h3_index": "883fa5976bfffff", "area_priority_rank": 1, "building_height_status": "Unavailable"}, "geometry": {"type": "Polygon", "coordinates": [[[13.399398084298655, 32.80046900624724], [13.399270401046643, 32.80077134598603], [13.399387121042832, 32.80080617340947], [13.399349915327043, 32.80089427217823], [13.399354679408493, 32.800895693704014], [13.39924390784553, 32.801157987244494], [13.398991411527238, 32.80108264656869], [13.399038764256455, 32.800970521085404], [13.398833908752934, 32.80090939550742], [13.398909165768993, 32.80073119566516], [13.398768625365438, 32.80068926056726], [13.398802448743456, 32.80060917059638], [13.399074001387628, 32.80069019778988], [13.39908161164769, 32.80067217755292], [13.398991094099632, 32.800645168491144], [13.399102711247078, 32.8003808711824], [13.399398084298655, 32.80046900624724]]]}}, {"id": "1", "type": "Feature", "properties": {"building_id": "46f19c9309dce03cb1a5", "source_tile": "libya_122012231.csv.gz", "source_line": 176316, "footprint_area_m2": 2635.8905503514707, "building_height_m": null, "building_height_known": false, "height_source": "unavailable", "canonical_longitude": 13.398157963932693, "canonical_latitude": 32.800468308043456, "structural_survey_required": true, "owner_permission_verified": false, "power_verified": false, "backhaul_verified": false, "roof_usable_area_m2": null, "candidate_status": "preliminary_footprint_review", "h3_index": "883fa5976bfffff", "area_priority_rank": 1, "building_height_status": "Unavailable"}, "geometry": {"type": "Polygon", "coordinates": [[[13.397858185180196, 32.80061602858857], [13.397939970980289, 32.80024083989339], [13.398457755054425, 32.80032058749834], [13.398327176180631, 32.800919382221245], [13.398127359746073, 32.800888595532754], [13.398152094516345, 32.80077516972232], [13.398092409087825, 32.8007659736847], [13.398116433945688, 32.800655803157305], [13.397858185180196, 32.80061602858857]]]}}, {"id": "2", "type": "Feature", "properties": {"building_id": "fe405c36397c0d32bb96", "source_tile": "libya_122012231.csv.gz", "source_line": 198769, "footprint_area_m2": 2093.0535027927704, "building_height_m": null, "building_height_known": false, "height_source": "unavailable", "canonical_longitude": 13.397385559622276, "canonical_latitude": 32.800476732474934, "structural_survey_required": true, "owner_permission_verified": false, "power_verified": false, "backhaul_verified": false, "roof_usable_area_m2": null, "candidate_status": "preliminary_footprint_review", "h3_index": "883fa5976bfffff", "area_priority_rank": 1, "building_height_status": "Unavailable"}, "geometry": {"type": "Polygon", "coordinates": [[[13.397181878855173, 32.80078201713101], [13.39729726146452, 32.8001475209325], [13.397741445514422, 32.80020456579331], [13.3977130132233, 32.800360988685846], [13.397648861144372, 32.800352749896156], [13.397640447829087, 32.80039901529022], [13.397577543879077, 32.80039093679609], [13.397564526017568, 32.800462522862766], [13.397536951430634, 32.800458979953014], [13.397531141803576, 32.800490942087094], [13.397710731957485, 32.80051400607988], [13.397698113333497, 32.800583396618194], [13.397428153370115, 32.80054871096167], [13.397415333214218, 32.800619209707776], [13.397416602353092, 32.800619372772296], [13.39740878919445, 32.80066235741763], [13.397364231764266, 32.8006566351082], [13.39733780174717, 32.80080204157369], [13.397181878855173, 32.80078201713101]]]}}, {"id": "3", "type": "Feature", "properties": {"building_id": "b66d635eaadb11e7f8b7", "source_tile": "libya_122012231.csv.gz", "source_line": 6204, "footprint_area_m2": 1233.764881550334, "building_height_m": null, "building_height_known": false, "height_source": "unavailable", "canonical_longitude": 13.399823632379636, "canonical_latitude": 32.80124193740238, "structural_survey_required": true, "owner_permission_verified": false, "power_verified": false, "backhaul_verified": false, "roof_usable_area_m2": null, "candidate_status": "preliminary_footprint_review", "h3_index": "883fa5976bfffff", "area_priority_rank": 1, "building_height_status": "Unavailable"}, "geometry": {"type": "Polygon", "coordinates": [[[13.399562802036865, 32.801308310839346], [13.399668159678356, 32.8010538196665], [13.400084462760042, 32.801175563965415], [13.399979096074626, 32.80143007663526], [13.399562802036865, 32.801308310839346]]]}}, {"id": "4", "type": "Feature", "properties": {"building_id": "2c12cd5621390b2108cc", "source_tile": "libya_122012231.csv.gz", "source_line": 10492, "footprint_area_m2": 1088.0126930249921, "building_height_m": null, "building_height_known": false, "height_source": "unavailable", "canonical_longitude": 13.398942927532971, "canonical_latitude": 32.801216714942, "structural_survey_required": true, "owner_permission_verified": false, "power_verified": false, "backhaul_verified": false, "roof_usable_area_m2": null, "candidate_status": "preliminary_footprint_review", "h3_index": "883fa5976bfffff", "area_priority_rank": 1, "building_height_status": "Unavailable"}, "geometry": {"type": "Polygon", "coordinates": [[[13.399214574285029, 32.801183118983325], [13.399128874655037, 32.80138652590456], [13.398671280802589, 32.801250310900684], [13.398756970354402, 32.80104692758836], [13.399214574285029, 32.801183118983325]]]}}, {"id": "5", "type": "Feature", "properties": {"building_id": "8bc5273b70243369519b", "source_tile": "libya_122012230.csv.gz", "source_line": 610378, "footprint_area_m2": 2960.3883475187195, "building_height_m": null, "building_height_known": false, "height_source": "unavailable", "canonical_longitude": 13.040494190284681, "canonical_latitude": 32.73584547787088, "structural_survey_required": true, "owner_permission_verified": false, "power_verified": false, "backhaul_verified": false, "roof_usable_area_m2": null, "candidate_status": "preliminary_footprint_review", "h3_index": "88384b6543fffff", "area_priority_rank": 2, "building_height_status": "Unavailable"}, "geometry": {"type": "Polygon", "coordinates": [[[13.04043210360975, 32.73546643451022], [13.040841440646016, 32.735598303399314], [13.04058372314, 32.7361642492403], [13.04036151680107, 32.73609265234246], [13.040320868676645, 32.73618191508305], [13.040133743174351, 32.73612163258128], [13.04043210360975, 32.73546643451022]]]}}, {"id": "6", "type": "Feature", "properties": {"building_id": "1c6ba5549edb95b6b373", "source_tile": "libya_122012230.csv.gz", "source_line": 563346, "footprint_area_m2": 2536.0629494157474, "building_height_m": null, "building_height_known": false, "height_source": "unavailable", "canonical_longitude": 13.046507411975334, "canonical_latitude": 32.73398738297957, "structural_survey_required": true, "owner_permission_verified": false, "power_verified": false, "backhaul_verified": false, "roof_usable_area_m2": null, "candidate_status": "preliminary_footprint_review", "h3_index": "88384b6543fffff", "area_priority_rank": 2, "building_height_status": "Unavailable"}, "geometry": {"type": "Polygon", "coordinates": [[[13.04612331902101, 32.7336557698568], [13.046358899427354, 32.73354156760442], [13.046891504638566, 32.73431899610234], [13.046655924232224, 32.73443319735861], [13.04612331902101, 32.7336557698568]]]}}, {"id": "7", "type": "Feature", "properties": {"building_id": "d1d19b9660d707af4609", "source_tile": "libya_122012230.csv.gz", "source_line": 526103, "footprint_area_m2": 2524.1676831722575, "building_height_m": null, "building_height_known": false, "height_source": "unavailable", "canonical_longitude": 13.04695648252526, "canonical_latitude": 32.734978235028684, "structural_survey_required": true, "owner_permission_verified": false, "power_verified": false, "backhaul_verified": false, "roof_usable_area_m2": null, "candidate_status": "preliminary_footprint_review", "h3_index": "88384b6543fffff", "area_priority_rank": 2, "building_height_status": "Unavailable"}, "geometry": {"type": "Polygon", "coordinates": [[[13.046708266360255, 32.73456789323847], [13.046974011032404, 32.73451806287648], [13.047204698629468, 32.7353885768189], [13.046938953957321, 32.73543840669418], [13.046708266360255, 32.73456789323847]]]}}, {"id": "8", "type": "Feature", "properties": {"building_id": "95d7412d24a886f2ef98", "source_tile": "libya_122012230.csv.gz", "source_line": 309522, "footprint_area_m2": 2499.4734100157657, "building_height_m": null, "building_height_known": false, "height_source": "unavailable", "canonical_longitude": 13.048212541878932, "canonical_latitude": 32.734495220972825, "structural_survey_required": true, "owner_permission_verified": false, "power_verified": false, "backhaul_verified": false, "roof_usable_area_m2": null, "candidate_status": "preliminary_footprint_review", "h3_index": "88384b6543fffff", "area_priority_rank": 2, "building_height_status": "Unavailable"}, "geometry": {"type": "Polygon", "coordinates": [[[13.047895642861018, 32.734121200301836], [13.048147587358883, 32.7340391741564], [13.04852944073852, 32.734869241643814], [13.048277496240615, 32.734951267025345], [13.047895642861018, 32.734121200301836]]]}}, {"id": "9", "type": "Feature", "properties": {"building_id": "74a2c22fa2be8836507b", "source_tile": "libya_122012230.csv.gz", "source_line": 145021, "footprint_area_m2": 2196.002673343386, "building_height_m": null, "building_height_known": false, "height_source": "unavailable", "canonical_longitude": 13.04091211184404, "canonical_latitude": 32.738629240728244, "structural_survey_required": true, "owner_permission_verified": false, "power_verified": false, "backhaul_verified": false, "roof_usable_area_m2": null, "candidate_status": "preliminary_footprint_review", "h3_index": "88384b6543fffff", "area_priority_rank": 2, "building_height_status": "Unavailable"}, "geometry": {"type": "Polygon", "coordinates": [[[13.040480984511236, 32.73841586107395], [13.040647166989414, 32.73827825852803], [13.040697034385387, 32.738320866483356], [13.040717595475098, 32.73832137850474], [13.040759218053042, 32.73835694439324], [13.040731974070612, 32.7383795029716], [13.040763935811984, 32.73840681379897], [13.040824720045151, 32.73840833105196], [13.041034144445813, 32.73858728084277], [13.041070062401783, 32.73858817739954], [13.041094221989313, 32.738608821356195], [13.041092784615454, 32.738649660100286], [13.041179697819366, 32.73865182956023], [13.041178119960923, 32.738696554006594], [13.041303098423903, 32.73880334579616], [13.041301889034473, 32.73883762592008], [13.041391236267525, 32.73883985613168], [13.041428976652902, 32.738808606475494], [13.041427314989695, 32.738855706287126], [13.041354958914244, 32.73885390445471], [13.041352328062867, 32.738928475836815], [13.041323447740933, 32.73895238918442], [13.041268251529132, 32.7389510146735], [13.041236616949817, 32.738923985488064], [13.041198151280607, 32.7389230253408], [13.041135386173575, 32.73897499580291], [13.040480984511236, 32.73841586107395]]]}}, {"id": "10", "type": "Feature", "properties": {"building_id": "b0799ef7c0da0f54c973", "source_tile": "libya_122012230.csv.gz", "source_line": 728762, "footprint_area_m2": 2563.059149466879, "building_height_m": null, "building_height_known": false, "height_source": "unavailable", "canonical_longitude": 13.20252522608341, "canonical_latitude": 32.76140398181256, "structural_survey_required": true, "owner_permission_verified": false, "power_verified": false, "backhaul_verified": false, "roof_usable_area_m2": null, "candidate_status": "preliminary_footprint_review", "h3_index": "883fa59325fffff", "area_priority_rank": 3, "building_height_status": "Unavailable"}, "geometry": {"type": "Polygon", "coordinates": [[[13.202299893594635, 32.76184089179994], [13.202369070857394, 32.761494278774016], [13.20250211590881, 32.76151305621933], [13.20250780770888, 32.761484537372], [13.202387806289998, 32.76146760084744], [13.202413200475075, 32.76134036277769], [13.202355808492108, 32.76133226268801], [13.202432428878105, 32.760948353582], [13.202501821046235, 32.760958147375035], [13.202503135071284, 32.76095156613755], [13.202748352560597, 32.760986175359015], [13.202735838890938, 32.76104884948596], [13.202735838890938, 32.76104884948596], [13.202706303758557, 32.76119677463524], [13.202690651578365, 32.76119456554163], [13.202682329419645, 32.761236246590364], [13.202652090660347, 32.761231978800154], [13.20263413959847, 32.76132192308124], [13.202665444316448, 32.76132634131256], [13.202555548791448, 32.76187697380577], [13.202299893594635, 32.76184089179994]]]}}, {"id": "11", "type": "Feature", "properties": {"building_id": "049f264205d767980023", "source_tile": "libya_122012230.csv.gz", "source_line": 634249, "footprint_area_m2": 2372.7453785161224, "building_height_m": null, "building_height_known": false, "height_source": "unavailable", "canonical_longitude": 13.201945821494594, "canonical_latitude": 32.76090614030976, "structural_survey_required": true, "owner_permission_verified": false, "power_verified": false, "backhaul_verified": false, "roof_usable_area_m2": null, "candidate_status": "preliminary_footprint_review", "h3_index": "883fa59325fffff", "area_priority_rank": 3, "building_height_status": "Unavailable"}, "geometry": {"type": "Polygon", "coordinates": [[[13.202255685561482, 32.760884753006124], [13.202214458218062, 32.761100219803886], [13.201618347964104, 32.761019560154566], [13.201646534005004, 32.76087225114433], [13.20162038881843, 32.7608687134329], [13.201592850489451, 32.761012637307616], [13.201300021185327, 32.76097303179372], [13.20131073524161, 32.76091703680482], [13.20114967574575, 32.76089524381469], [13.201182895941464, 32.76072154892618], [13.20159234880116, 32.760776952165905], [13.201578692993676, 32.76084832176707], [13.201617911204035, 32.760853626085414], [13.201628201083624, 32.76079984790463], [13.202255685561482, 32.760884753006124]]]}}, {"id": "12", "type": "Feature", "properties": {"building_id": "c4a332697a4083d1aca3", "source_tile": "libya_122012230.csv.gz", "source_line": 232832, "footprint_area_m2": 2343.3296894271725, "building_height_m": null, "building_height_known": false, "height_source": "unavailable", "canonical_longitude": 13.201532178870568, "canonical_latitude": 32.76160040722546, "structural_survey_required": true, "owner_permission_verified": false, "power_verified": false, "backhaul_verified": false, "roof_usable_area_m2": null, "candidate_status": "preliminary_footprint_review", "h3_index": "883fa59325fffff", "area_priority_rank": 3, "building_height_status": "Unavailable"}, "geometry": {"type": "Polygon", "coordinates": [[[13.20097794156859, 32.761628964216776], [13.201022563108493, 32.76140640828721], [13.201205125877156, 32.76143230342752], [13.201197210856757, 32.76147178068489], [13.201291100280672, 32.7614850981768], [13.201278581995144, 32.761547534809765], [13.201315094967828, 32.76155271174065], [13.201332684103818, 32.7614649835514], [13.202086416182727, 32.76157185023414], [13.202044641984788, 32.761780204292386], [13.20097794156859, 32.761628964216776]]]}}, {"id": "13", "type": "Feature", "properties": {"building_id": "845ff4f05aacc25dbed1", "source_tile": "libya_122012230.csv.gz", "source_line": 702226, "footprint_area_m2": 1785.813748384937, "building_height_m": null, "building_height_known": false, "height_source": "unavailable", "canonical_longitude": 13.209142168926453, "canonical_latitude": 32.76274370490729, "structural_survey_required": true, "owner_permission_verified": false, "power_verified": false, "backhaul_verified": false, "roof_usable_area_m2": null, "candidate_status": "preliminary_footprint_review", "h3_index": "883fa59325fffff", "area_priority_rank": 3, "building_height_status": "Unavailable"}, "geometry": {"type": "Polygon", "coordinates": [[[13.208532427490534, 32.76240242661681], [13.209178407423918, 32.762350948573065], [13.209252165015833, 32.763005938598866], [13.2091298807486, 32.763015683344314], [13.209121825311922, 32.762944148839686], [13.209084608361042, 32.76294711463395], [13.209034765346725, 32.76250449362332], [13.208548286631455, 32.76254326097489], [13.208532427490534, 32.76240242661681]]]}}, {"id": "14", "type": "Feature", "properties": {"building_id": "498734300409adb5be16", "source_tile": "libya_122012230.csv.gz", "source_line": 414171, "footprint_area_m2": 1141.8442737340092, "building_height_m": null, "building_height_known": false, "height_source": "unavailable", "canonical_longitude": 13.208835485641394, "canonical_latitude": 32.763094443359506, "structural_survey_required": true, "owner_permission_verified": false, "power_verified": false, "backhaul_verified": false, "roof_usable_area_m2": null, "candidate_status": "preliminary_footprint_review", "h3_index": "883fa59325fffff", "area_priority_rank": 3, "building_height_status": "Unavailable"}, "geometry": {"type": "Polygon", "coordinates": [[[13.20852687805726, 32.7630295388433], [13.20912098682908, 32.762976460296485], [13.20914409322064, 32.76315934787572], [13.20854998444882, 32.76321242631347], [13.20852687805726, 32.7630295388433]]]}}, {"id": "15", "type": "Feature", "properties": {"building_id": "ff9563552a0f567bb004", "source_tile": "libya_122012230.csv.gz", "source_line": 377268, "footprint_area_m2": 3261.9919000219343, "building_height_m": null, "building_height_known": false, "height_source": "unavailable", "canonical_longitude": 13.079872554324155, "canonical_latitude": 32.7299259715725, "structural_survey_required": true, "owner_permission_verified": false, "power_verified": false, "backhaul_verified": false, "roof_usable_area_m2": null, "candidate_status": "preliminary_footprint_review", "h3_index": "88384b6425fffff", "area_priority_rank": 4, "building_height_status": "Unavailable"}, "geometry": {"type": "Polygon", "coordinates": [[[13.079913521429493, 32.730139716181036], [13.079279448025591, 32.73016659520291], [13.079261517051325, 32.72986726098547], [13.079903616700857, 32.729840041631356], [13.079900920313783, 32.72979502886639], [13.080470783752741, 32.72977087167045], [13.08048359159149, 32.72998468215952], [13.079905701906904, 32.73000917953884], [13.079913521429493, 32.730139716181036]]]}}, {"id": "16", "type": "Feature", "properties": {"building_id": "2b60f5cf6bc77401a900", "source_tile": "libya_122012230.csv.gz", "source_line": 55579, "footprint_area_m2": 2729.2564460979816, "building_height_m": null, "building_height_known": false, "height_source": "unavailable", "canonical_longitude": 13.085236786829677, "canonical_latitude": 32.736888370398006, "structural_survey_required": true, "owner_permission_verified": false, "power_verified": false, "backhaul_verified": false, "roof_usable_area_m2": null, "candidate_status": "preliminary_footprint_review", "h3_index": "88384b6425fffff", "area_priority_rank": 4, "building_height_status": "Unavailable"}, "geometry": {"type": "Polygon", "coordinates": [[[13.08435278537306, 32.736870164917136], [13.084350588646059, 32.7366829204408], [13.085377774665501, 32.73667439380241], [13.085382776851088, 32.73710076924742], [13.085095808433138, 32.73710315135178], [13.085092950041375, 32.73685950849664], [13.084689283516369, 32.73686285931274], [13.084689572584258, 32.73688767483539], [13.084521986285779, 32.73688906596063], [13.08452174808644, 32.736868762366036], [13.08435278537306, 32.736870164917136]]]}}, {"id": "17", "type": "Feature", "properties": {"building_id": "6b046ac563c5341b5de2", "source_tile": "libya_122012230.csv.gz", "source_line": 321429, "footprint_area_m2": 2262.923910382377, "building_height_m": null, "building_height_known": false, "height_source": "unavailable", "canonical_longitude": 13.076856395556568, "canonical_latitude": 32.73277860951156, "structural_survey_required": true, "owner_permission_verified": false, "power_verified": false, "backhaul_verified": false, "roof_usable_area_m2": null, "candidate_status": "preliminary_footprint_review", "h3_index": "88384b6425fffff", "area_priority_rank": 4, "building_height_status": "Unavailable"}, "geometry": {"type": "Polygon", "coordinates": [[[13.076699503918121, 32.73236575524894], [13.076899666321653, 32.73234891511953], [13.076912689821413, 32.73245837753183], [13.076967460333098, 32.73245376956616], [13.076987114857825, 32.732619081047424], [13.07694563609752, 32.73262257074188], [13.076983377668228, 32.732939787001285], [13.077044457082874, 32.732934648281244], [13.077064391011062, 32.7331021916343], [13.077024556610244, 32.73310554296719], [13.077043693181292, 32.73326638428378], [13.076808931812746, 32.73328613510112], [13.076699503918121, 32.73236575524894]]]}}, {"id": "18", "type": "Feature", "properties": {"building_id": "dc7546675b11142fae49", "source_tile": "libya_122012230.csv.gz", "source_line": 362146, "footprint_area_m2": 2089.0493700626653, "building_height_m": null, "building_height_known": false, "height_source": "unavailable", "canonical_longitude": 13.084071162361289, "canonical_latitude": 32.73520080333304, "structural_survey_required": true, "owner_permission_verified": false, "power_verified": false, "backhaul_verified": false, "roof_usable_area_m2": null, "candidate_status": "preliminary_footprint_review", "h3_index": "88384b6425fffff", "area_priority_rank": 4, "building_height_status": "Unavailable"}, "geometry": {"type": "Polygon", "coordinates": [[[13.084397227916224, 32.73501549971151], [13.08444853759461, 32.73529454002979], [13.083745104223219, 32.73538606327172], [13.083693779311059, 32.7351070666363], [13.084397227916224, 32.73501549971151]]]}}, {"id": "19", "type": "Feature", "properties": {"building_id": "3acb6885a0a7606a853d", "source_tile": "libya_122012230.csv.gz", "source_line": 287772, "footprint_area_m2": 1880.706302119986, "building_height_m": null, "building_height_known": false, "height_source": "unavailable", "canonical_longitude": 13.07952486587331, "canonical_latitude": 32.7295376375924, "structural_survey_required": true, "owner_permission_verified": false, "power_verified": false, "backhaul_verified": false, "roof_usable_area_m2": null, "candidate_status": "preliminary_footprint_review", "h3_index": "88384b6425fffff", "area_priority_rank": 4, "building_height_status": "Unavailable"}, "geometry": {"type": "Polygon", "coordinates": [[[13.07970789141132, 32.72971431017786], [13.079252198776295, 32.72972386154523], [13.0792508630064, 32.729678762416285], [13.079206429492531, 32.729679693748], [13.079198970180403, 32.729427137766734], [13.07984382475546, 32.729413621499155], [13.079850770758753, 32.72964813741807], [13.079706021333507, 32.72965117138417], [13.07970789141132, 32.72971431017786]]]}}, {"id": "20", "type": "Feature", "properties": {"building_id": "dc58bfad2e65debfe373", "source_tile": "libya_122012230.csv.gz", "source_line": 89140, "footprint_area_m2": 3089.118326006619, "building_height_m": null, "building_height_known": false, "height_source": "unavailable", "canonical_longitude": 13.060916424560057, "canonical_latitude": 32.71614635672008, "structural_survey_required": true, "owner_permission_verified": false, "power_verified": false, "backhaul_verified": false, "roof_usable_area_m2": null, "candidate_status": "preliminary_footprint_review", "h3_index": "88384b6503fffff", "area_priority_rank": 5, "building_height_status": "Unavailable"}, "geometry": {"type": "Polygon", "coordinates": [[[13.0610734495191, 32.716176468730744], [13.060974810638797, 32.71618295673003], [13.060980854662239, 32.71624800341382], [13.060755726525986, 32.71626281126583], [13.060772716336903, 32.716445821707666], [13.06061396688268, 32.71645625411654], [13.060582373781626, 32.71611624470942], [13.060686208926349, 32.716109414919316], [13.060703308074405, 32.71611293502514], [13.060710130571174, 32.71608947520566], [13.060706325955632, 32.71604849260706], [13.06061685783468, 32.7160543721372], [13.060594643374968, 32.715815296048156], [13.060684130776696, 32.71580940996565], [13.060690585880309, 32.71587894329523], [13.060755335694338, 32.7158746843441], [13.060767524605698, 32.715832783454715], [13.060778875607957, 32.71583512022921], [13.060782594908705, 32.71587514806195], [13.060919926544607, 32.715866115004815], [13.0609353154715, 32.71581319852617], [13.061036395194252, 32.715806549952255], [13.061058403640637, 32.71604340891414], [13.06123702096285, 32.716031670810324], [13.061279537772684, 32.71648924284361], [13.06110891824102, 32.716500455303205], [13.061102123785782, 32.71642733256393], [13.061054137303474, 32.716430488879084], [13.061034129501778, 32.716215162185], [13.06107678415275, 32.716212356564775], [13.0610734495191, 32.716176468730744]]]}}, {"id": "21", "type": "Feature", "properties": {"building_id": "4253a2d74175dfbded7b", "source_tile": "libya_122012230.csv.gz", "source_line": 488954, "footprint_area_m2": 2751.7611568606785, "building_height_m": null, "building_height_known": false, "height_source": "unavailable", "canonical_longitude": 13.059177111546166, "canonical_latitude": 32.71611563294413, "structural_survey_required": true, "owner_permission_verified": false, "power_verified": false, "backhaul_verified": false, "roof_usable_area_m2": null, "candidate_status": "preliminary_footprint_review", "h3_index": "88384b6503fffff", "area_priority_rank": 5, "building_height_status": "Unavailable"}, "geometry": {"type": "Polygon", "coordinates": [[[13.059380299653789, 32.716466120306066], [13.059181132852578, 32.71647478731923], [13.059181623414009, 32.71648277807714], [13.05901844401074, 32.71648986943979], [13.058973952587593, 32.715765145582196], [13.059115731413392, 32.715758984184305], [13.05911490238067, 32.71574547995622], [13.059335409895159, 32.715735897179286], [13.059380299653789, 32.716466120306066]]]}}, {"id": "22", "type": "Feature", "properties": {"building_id": "bde5bd22acf775120df0", "source_tile": "libya_122012230.csv.gz", "source_line": 412139, "footprint_area_m2": 1432.8083065603776, "building_height_m": null, "building_height_known": false, "height_source": "unavailable", "canonical_longitude": 13.061389851754958, "canonical_latitude": 32.71584900908647, "structural_survey_required": true, "owner_permission_verified": false, "power_verified": false, "backhaul_verified": false, "roof_usable_area_m2": null, "candidate_status": "preliminary_footprint_review", "h3_index": "88384b6503fffff", "area_priority_rank": 5, "building_height_status": "Unavailable"}, "geometry": {"type": "Polygon", "coordinates": [[[13.061493912619117, 32.71629980962557], [13.061342647855362, 32.71630650792408], [13.061285753388745, 32.71539820854737], [13.061437092944912, 32.71539149795686], [13.061493912619117, 32.71629980962557]]]}}, {"id": "23", "type": "Feature", "properties": {"building_id": "c18002aed4585c3c9c11", "source_tile": "libya_122012230.csv.gz", "source_line": 414392, "footprint_area_m2": 1246.6216263015522, "building_height_m": null, "building_height_known": false, "height_source": "unavailable", "canonical_longitude": 13.058281005657511, "canonical_latitude": 32.71788047890592, "structural_survey_required": true, "owner_permission_verified": false, "power_verified": false, "backhaul_verified": false, "roof_usable_area_m2": null, "candidate_status": "preliminary_footprint_review", "h3_index": "88384b6503fffff", "area_priority_rank": 5, "building_height_status": "Unavailable"}, "geometry": {"type": "Polygon", "coordinates": [[[13.058465869054388, 32.71807158747851], [13.05819260906703, 32.71807952021845], [13.058192424190675, 32.718075012284395], [13.058128127723085, 32.718076878811424], [13.058123461699838, 32.717963104718024], [13.05810738754419, 32.71796357040498], [13.058100591272805, 32.71779785309381], [13.058172924798853, 32.71779575324434], [13.058171401789135, 32.71775861679763], [13.05820622912643, 32.71775760780691], [13.058204331839782, 32.7177113451224], [13.05826327026844, 32.717709634132284], [13.058264009773817, 32.71772766594103], [13.058328306241407, 32.71772579940667], [13.058327289421538, 32.717701005668204], [13.058450524317786, 32.717697428142934], [13.058465869054388, 32.71807158747851]]]}}, {"id": "24", "type": "Feature", "properties": {"building_id": "3b391907315da3724789", "source_tile": "libya_122012230.csv.gz", "source_line": 518549, "footprint_area_m2": 1202.4911664272367, "building_height_m": null, "building_height_known": false, "height_source": "unavailable", "canonical_longitude": 13.05884065889877, "canonical_latitude": 32.7161900108061, "structural_survey_required": true, "owner_permission_verified": false, "power_verified": false, "backhaul_verified": false, "roof_usable_area_m2": null, "candidate_status": "preliminary_footprint_review", "h3_index": "88384b6503fffff", "area_priority_rank": 5, "building_height_status": "Unavailable"}, "geometry": {"type": "Polygon", "coordinates": [[[13.058739275120214, 32.71577917824217], [13.058878166604728, 32.715771604717226], [13.05894204267464, 32.716600843370024], [13.058803151190128, 32.71660841682456], [13.058739275120214, 32.71577917824217]]]}}, {"id": "25", "type": "Feature", "properties": {"building_id": "b2d264a3b170c0c3f17d", "source_tile": "libya_122012230.csv.gz", "source_line": 414178, "footprint_area_m2": 2966.927769663177, "building_height_m": null, "building_height_known": false, "height_source": "unavailable", "canonical_longitude": 13.039625768312362, "canonical_latitude": 32.62848344936808, "structural_survey_required": true, "owner_permission_verified": false, "power_verified": false, "backhaul_verified": false, "roof_usable_area_m2": null, "candidate_status": "preliminary_footprint_review", "h3_index": "88384b6ea5fffff", "area_priority_rank": 6, "building_height_status": "Unavailable"}, "geometry": {"type": "Polygon", "coordinates": [[[13.039396428002433, 32.627902855522905], [13.039417627035842, 32.6279002002229], [13.039491050539759, 32.62786301519826], [13.039612027847692, 32.627847869222585], [13.039718242723026, 32.628449612320324], [13.03966651877866, 32.628475804475435], [13.039741570776036, 32.62846640826779], [13.039768564075711, 32.62861926177769], [13.03973508736259, 32.62863621577688], [13.039729698868179, 32.62860568829955], [13.039713926729704, 32.62860766290474], [13.039662247056762, 32.62863383259533], [13.039666587627705, 32.62865842325718], [13.039692085001157, 32.6286941365136], [13.039743556699062, 32.628668069121574], [13.039777510138762, 32.62866381629568], [13.03978748191045, 32.62872030940307], [13.039826675005418, 32.6287751993323], [13.039881907879693, 32.629088109459005], [13.039751753957454, 32.629104404091784], [13.039716203491402, 32.62912240822795], [13.03967431113282, 32.62912765294412], [13.039624138247135, 32.6288434092801], [13.039540164148299, 32.628853927404236], [13.039476815271595, 32.628495036756945], [13.039508305879238, 32.62849109426073], [13.039465738021638, 32.62824993358582], [13.039493615753921, 32.628235816725784], [13.039442582321762, 32.62816433564753], [13.039396428002433, 32.627902855522905]]]}}, {"id": "26", "type": "Feature", "properties": {"building_id": "dc754a6e25ad67bf3698", "source_tile": "libya_122012230.csv.gz", "source_line": 563264, "footprint_area_m2": 929.5719855521203, "building_height_m": null, "building_height_known": false, "height_source": "unavailable", "canonical_longitude": 13.04047681618983, "canonical_latitude": 32.627910368302835, "structural_survey_required": true, "owner_permission_verified": false, "power_verified": false, "backhaul_verified": false, "roof_usable_area_m2": null, "candidate_status": "preliminary_footprint_review", "h3_index": "88384b6ea5fffff", "area_priority_rank": 6, "building_height_status": "Unavailable"}, "geometry": {"type": "Polygon", "coordinates": [[[13.040319179689694, 32.62773136751407], [13.040534825585874, 32.62769292936151], [13.040634452670655, 32.6280893690916], [13.040418809831792, 32.628127819239744], [13.040319179689694, 32.62773136751407]]]}}, {"id": "27", "type": "Feature", "properties": {"building_id": "f6de746da1a543e376b0", "source_tile": "libya_122012230.csv.gz", "source_line": 481410, "footprint_area_m2": 860.4095229576668, "building_height_m": null, "building_height_known": false, "height_source": "unavailable", "canonical_longitude": 13.047432270416877, "canonical_latitude": 32.627631080544276, "structural_survey_required": true, "owner_permission_verified": false, "power_verified": false, "backhaul_verified": false, "roof_usable_area_m2": null, "candidate_status": "preliminary_footprint_review", "h3_index": "88384b6ea5fffff", "area_priority_rank": 6, "building_height_status": "Unavailable"}, "geometry": {"type": "Polygon", "coordinates": [[[13.047358754734821, 32.627921444343016], [13.047363636194579, 32.62733986209599], [13.047505786098945, 32.627340716745536], [13.047500904709533, 32.62792229060858], [13.047358754734821, 32.627921444343016]]]}}, {"id": "28", "type": "Feature", "properties": {"building_id": "67296754930ed2993ac0", "source_tile": "libya_122012230.csv.gz", "source_line": 366247, "footprint_area_m2": 811.9401807097327, "building_height_m": null, "building_height_known": false, "height_source": "unavailable", "canonical_longitude": 13.04216257260816, "canonical_latitude": 32.6330501011566, "structural_survey_required": true, "owner_permission_verified": false, "power_verified": false, "backhaul_verified": false, "roof_usable_area_m2": null, "candidate_status": "preliminary_footprint_review", "h3_index": "88384b6ea5fffff", "area_priority_rank": 6, "building_height_status": "Unavailable"}, "geometry": {"type": "Polygon", "coordinates": [[[13.04202001714537, 32.632836685110796], [13.042182202748279, 32.63280579894601], [13.042305110314562, 32.633263517202394], [13.042142960900588, 32.63329439631748], [13.04202001714537, 32.632836685110796]]]}}, {"id": "29", "type": "Feature", "properties": {"building_id": "e97257a7aa9ad9376ba5", "source_tile": "libya_122012230.csv.gz", "source_line": 670771, "footprint_area_m2": 701.1914181213682, "building_height_m": null, "building_height_known": false, "height_source": "unavailable", "canonical_longitude": 13.040724771329145, "canonical_latitude": 32.62874681601482, "structural_survey_required": true, "owner_permission_verified": false, "power_verified": false, "backhaul_verified": false, "roof_usable_area_m2": null, "candidate_status": "preliminary_footprint_review", "h3_index": "88384b6ea5fffff", "area_priority_rank": 6, "building_height_status": "Unavailable"}, "geometry": {"type": "Polygon", "coordinates": [[[13.040643537900385, 32.62846986806238], [13.040716737230262, 32.628456790436225], [13.04072204619417, 32.62845711431764], [13.040708709822484, 32.628612165740215], [13.040766334137004, 32.628615681193], [13.040777872597351, 32.628481402944], [13.040843378614003, 32.628741377015245], [13.04078249105225, 32.62875225501439], [13.040757728408515, 32.629040149481206], [13.040748026176697, 32.6290016443592], [13.040700059873288, 32.62899872094695], [13.040616937009176, 32.62866872278201], [13.040620126130062, 32.62863160959095], [13.04073558789549, 32.628638653497525], [13.040763863893314, 32.62863360178168], [13.040635304395867, 32.62862575882915], [13.040695047970114, 32.62861508167503], [13.040700124556984, 32.62855606025703], [13.040691805836794, 32.62852304568213], [13.040655873016034, 32.628529467471814], [13.04066754002935, 32.628575770439056], [13.040623558167557, 32.62857308726223], [13.04062015493654, 32.62861265390629], [13.040595860919861, 32.628616995644784], [13.040570814723944, 32.62851756183199], [13.040625881380778, 32.628507720507635], [13.040653500171313, 32.628509405432986], [13.040643537900385, 32.62846986806238]]]}}, {"id": "30", "type": "Feature", "properties": {"building_id": "10e6a699c1b3cba2b851", "source_tile": "libya_122012231.csv.gz", "source_line": 352, "footprint_area_m2": 427.20866635580967, "building_height_m": null, "building_height_known": false, "height_source": "unavailable", "canonical_longitude": 13.629581761003955, "canonical_latitude": 32.622781012907225, "structural_survey_required": true, "owner_permission_verified": false, "power_verified": false, "backhaul_verified": false, "roof_usable_area_m2": null, "candidate_status": "preliminary_footprint_review", "h3_index": "883fa584edfffff", "area_priority_rank": 7, "building_height_status": "Unavailable"}, "geometry": {"type": "Polygon", "coordinates": [[[13.62943259599982, 32.62282075469765], [13.629520802172665, 32.62265965823608], [13.629730926027941, 32.622741271116794], [13.62964272544778, 32.62290235721717], [13.62943259599982, 32.62282075469765]]]}}, {"id": "31", "type": "Feature", "properties": {"building_id": "890be95dfab4b7caf1e3", "source_tile": "libya_122012231.csv.gz", "source_line": 82003, "footprint_area_m2": 378.3039398948103, "building_height_m": null, "building_height_known": false, "height_source": "unavailable", "canonical_longitude": 13.629002468304684, "canonical_latitude": 32.62217969289683, "structural_survey_required": true, "owner_permission_verified": false, "power_verified": false, "backhaul_verified": false, "roof_usable_area_m2": null, "candidate_status": "preliminary_footprint_review", "h3_index": "883fa584edfffff", "area_priority_rank": 7, "building_height_status": "Unavailable"}, "geometry": {"type": "Polygon", "coordinates": [[[13.628854495141596, 32.6221996379458], [13.628938731083057, 32.622065462686464], [13.62915044148095, 32.62215974784786], [13.629066205539528, 32.62229392296588], [13.628854495141596, 32.6221996379458]]]}}, {"id": "32", "type": "Feature", "properties": {"building_id": "4367e7a8e8a25bd44b42", "source_tile": "libya_122012231.csv.gz", "source_line": 43085, "footprint_area_m2": 351.6648200081126, "building_height_m": null, "building_height_known": false, "height_source": "unavailable", "canonical_longitude": 13.629160689784435, "canonical_latitude": 32.620450743559374, "structural_survey_required": true, "owner_permission_verified": false, "power_verified": false, "backhaul_verified": false, "roof_usable_area_m2": null, "candidate_status": "preliminary_footprint_review", "h3_index": "883fa584edfffff", "area_priority_rank": 7, "building_height_status": "Unavailable"}, "geometry": {"type": "Polygon", "coordinates": [[[13.629089495782264, 32.620347335175964], [13.629276450848051, 32.6203815877663], [13.629231883793445, 32.62055415187673], [13.629044928727655, 32.620519899352445], [13.629089495782264, 32.620347335175964]]]}}, {"id": "33", "type": "Feature", "properties": {"building_id": "a0fa1b41aa4c8bfd0999", "source_tile": "libya_122012231.csv.gz", "source_line": 141071, "footprint_area_m2": 306.38881500944416, "building_height_m": null, "building_height_known": false, "height_source": "unavailable", "canonical_longitude": 13.633744954196121, "canonical_latitude": 32.620827856410074, "structural_survey_required": true, "owner_permission_verified": false, "power_verified": false, "backhaul_verified": false, "roof_usable_area_m2": null, "candidate_status": "preliminary_footprint_review", "h3_index": "883fa584edfffff", "area_priority_rank": 7, "building_height_status": "Unavailable"}, "geometry": {"type": "Polygon", "coordinates": [[[13.63362820499313, 32.62090059127303], [13.633639260342406, 32.62085979342811], [13.633657106205192, 32.620863223957244], [13.633673398298868, 32.620803100785785], [13.633703991206474, 32.62080898169648], [13.633723192602588, 32.62073812219722], [13.633841383330871, 32.62076084215461], [13.633818102127666, 32.62084673112368], [13.633863080357127, 32.62085537733741], [13.633839805937615, 32.62094126751983], [13.63362820499313, 32.62090059127303]]]}}, {"id": "34", "type": "Feature", "properties": {"building_id": "8ac34e1b3068c0d8be29", "source_tile": "libya_122012231.csv.gz", "source_line": 151869, "footprint_area_m2": 304.5810196375957, "building_height_m": null, "building_height_known": false, "height_source": "unavailable", "canonical_longitude": 13.631946902536757, "canonical_latitude": 32.619609142984814, "structural_survey_required": true, "owner_permission_verified": false, "power_verified": false, "backhaul_verified": false, "roof_usable_area_m2": null, "candidate_status": "preliminary_footprint_review", "h3_index": "883fa584edfffff", "area_priority_rank": 7, "building_height_status": "Unavailable"}, "geometry": {"type": "Polygon", "coordinates": [[[13.632062921994393, 32.61957030148742], [13.631960916541468, 32.61970389233999], [13.63183873281737, 32.61963770725242], [13.631964411855986, 32.619473094360664], [13.632105579403039, 32.61954956283608], [13.632081896745163, 32.61958057871721], [13.632062921994393, 32.61957030148742]]]}}, {"id": "35", "type": "Feature", "properties": {"building_id": "9f84bc1b9acce9cf416e", "source_tile": "libya_122012231.csv.gz", "source_line": 120379, "footprint_area_m2": 1673.2681359817657, "building_height_m": null, "building_height_known": false, "height_source": "unavailable", "canonical_longitude": 13.367534857386067, "canonical_latitude": 32.808463321585265, "structural_survey_required": true, "owner_permission_verified": false, "power_verified": false, "backhaul_verified": false, "roof_usable_area_m2": null, "candidate_status": "preliminary_footprint_review", "h3_index": "883fa59295fffff", "area_priority_rank": 8, "building_height_status": "Unavailable"}, "geometry": {"type": "Polygon", "coordinates": [[[13.367818408614438, 32.8083536549595], [13.367753226738461, 32.808678047979335], [13.367672384011628, 32.80866657287626], [13.36767282442969, 32.808664381035236], [13.367584158213202, 32.808651795436305], [13.367584598631264, 32.808649603594894], [13.367493324584864, 32.808636647829125], [13.367498609601846, 32.80861034572422], [13.367310845849222, 32.80858369384938], [13.367311286267283, 32.80858150200628], [13.367251306179666, 32.80857298821104], [13.367309881784433, 32.80828147257145], [13.367818408614438, 32.8083536549595]]]}}, {"id": "36", "type": "Feature", "properties": {"building_id": "3b5cffac8a9f3b29dffc", "source_tile": "libya_122012231.csv.gz", "source_line": 43022, "footprint_area_m2": 1291.8634007078545, "building_height_m": null, "building_height_known": false, "height_source": "unavailable", "canonical_longitude": 13.376058460361357, "canonical_latitude": 32.81065425894054, "structural_survey_required": true, "owner_permission_verified": false, "power_verified": false, "backhaul_verified": false, "roof_usable_area_m2": null, "candidate_status": "preliminary_footprint_review", "h3_index": "883fa59295fffff", "area_priority_rank": 8, "building_height_status": "Unavailable"}, "geometry": {"type": "Polygon", "coordinates": [[[13.375724708302222, 32.810804341367756], [13.376569954328472, 32.810255828738214], [13.376681536912724, 32.81037728931237], [13.376610959709762, 32.810423089638626], [13.37664988386706, 32.810465459545476], [13.3765902218925, 32.81050417651332], [13.376516270193694, 32.81042367098255], [13.375801259144925, 32.81088766847454], [13.375724708302222, 32.810804341367756]]]}}, {"id": "37", "type": "Feature", "properties": {"building_id": "d24a63490257be9160f4", "source_tile": "libya_122012231.csv.gz", "source_line": 118286, "footprint_area_m2": 991.7800242852063, "building_height_m": null, "building_height_known": false, "height_source": "unavailable", "canonical_longitude": 13.373704024618595, "canonical_latitude": 32.81353412306997, "structural_survey_required": true, "owner_permission_verified": false, "power_verified": false, "backhaul_verified": false, "roof_usable_area_m2": null, "candidate_status": "preliminary_footprint_review", "h3_index": "883fa59295fffff", "area_priority_rank": 8, "building_height_status": "Unavailable"}, "geometry": {"type": "Polygon", "coordinates": [[[13.373735363169438, 32.81332049806697], [13.373891823665836, 32.813680491861014], [13.373743668946982, 32.81372596482851], [13.373776511453737, 32.81380154511664], [13.37370551423719, 32.8138233361887], [13.373516237685239, 32.81338775427892], [13.373735363169438, 32.81332049806697]]]}}, {"id": "38", "type": "Feature", "properties": {"building_id": "5fbb5a077222ef4eefd2", "source_tile": "libya_122012231.csv.gz", "source_line": 98416, "footprint_area_m2": 744.1654880971953, "building_height_m": null, "building_height_known": false, "height_source": "unavailable", "canonical_longitude": 13.37560012328225, "canonical_latitude": 32.81170753367864, "structural_survey_required": true, "owner_permission_verified": false, "power_verified": false, "backhaul_verified": false, "roof_usable_area_m2": null, "candidate_status": "preliminary_footprint_review", "h3_index": "883fa59295fffff", "area_priority_rank": 8, "building_height_status": "Unavailable"}, "geometry": {"type": "Polygon", "coordinates": [[[13.375768472444092, 32.811737494776146], [13.3755145120477, 32.811882622968795], [13.375409750758775, 32.81175313069448], [13.375466611416318, 32.811720637079816], [13.375445409726874, 32.81169443027748], [13.375497610650978, 32.81166459949676], [13.375436504200838, 32.81158905971605], [13.375581411882532, 32.811506250536574], [13.375768472444092, 32.811737494776146]]]}}, {"id": "39", "type": "Feature", "properties": {"building_id": "ccc7fcbe136ac1141ff5", "source_tile": "libya_122012231.csv.gz", "source_line": 115967, "footprint_area_m2": 725.7124044615658, "building_height_m": null, "building_height_known": false, "height_source": "unavailable", "canonical_longitude": 13.368120003409848, "canonical_latitude": 32.80581219899477, "structural_survey_required": true, "owner_permission_verified": false, "power_verified": false, "backhaul_verified": false, "roof_usable_area_m2": null, "candidate_status": "preliminary_footprint_review", "h3_index": "883fa59295fffff", "area_priority_rank": 8, "building_height_status": "Unavailable"}, "geometry": {"type": "Polygon", "coordinates": [[[13.367953399579404, 32.80596794514798], [13.368009898103264, 32.80585329441458], [13.367998450899758, 32.80584930924811], [13.368126467617504, 32.80558952826378], [13.36824551853423, 32.805630974107565], [13.36820569111091, 32.805711794901924], [13.36829040041704, 32.80574128517528], [13.368267641889457, 32.80578746843801], [13.368240168600973, 32.80577790403109], [13.368196939858707, 32.805865626888576], [13.368114522032624, 32.805836929551525], [13.368099350056308, 32.80586771760107], [13.3681314014331, 32.80587887767383], [13.368117177705304, 32.80590774145698], [13.368190437995139, 32.805933250181134], [13.368141129072114, 32.80603331119476], [13.367953399579404, 32.80596794514798]]]}}, {"id": "40", "type": "Feature", "properties": {"building_id": "2254649b1dcdb93703f7", "source_tile": "libya_122012231.csv.gz", "source_line": 92333, "footprint_area_m2": 812.1695103568442, "building_height_m": null, "building_height_known": false, "height_source": "unavailable", "canonical_longitude": 13.394704178027668, "canonical_latitude": 32.779221748327544, "structural_survey_required": true, "owner_permission_verified": false, "power_verified": false, "backhaul_verified": false, "roof_usable_area_m2": null, "candidate_status": "preliminary_footprint_review", "h3_index": "883fa5972dfffff", "area_priority_rank": 9, "building_height_status": "Unavailable"}, "geometry": {"type": "Polygon", "coordinates": [[[13.394843255033898, 32.77937267414371], [13.39460254782541, 32.7793924756228], [13.394565088453806, 32.779070822511386], [13.394805822184196, 32.77905101877893], [13.394843255033898, 32.77937267414371]]]}}, {"id": "41", "type": "Feature", "properties": {"building_id": "caacbd8e06db8e2f27f6", "source_tile": "libya_122012231.csv.gz", "source_line": 135917, "footprint_area_m2": 721.57005070785, "building_height_m": null, "building_height_known": false, "height_source": "unavailable", "canonical_longitude": 13.396188011900312, "canonical_latitude": 32.777336704135394, "structural_survey_required": true, "owner_permission_verified": false, "power_verified": false, "backhaul_verified": false, "roof_usable_area_m2": null, "candidate_status": "preliminary_footprint_review", "h3_index": "883fa5972dfffff", "area_priority_rank": 9, "building_height_status": "Unavailable"}, "geometry": {"type": "Polygon", "coordinates": [[[13.396339140758986, 32.77721650392931], [13.39636965633645, 32.777421989371966], [13.396036885900084, 32.77745692354234], [13.39600636745919, 32.777251418898814], [13.396339140758986, 32.77721650392931]]]}}, {"id": "42", "type": "Feature", "properties": {"building_id": "51ee41cadbc623dc14da", "source_tile": "libya_122012231.csv.gz", "source_line": 63867, "footprint_area_m2": 516.5283094545871, "building_height_m": null, "building_height_known": false, "height_source": "unavailable", "canonical_longitude": 13.394433501830171, "canonical_latitude": 32.77933467796694, "structural_survey_required": true, "owner_permission_verified": false, "power_verified": false, "backhaul_verified": false, "roof_usable_area_m2": null, "candidate_status": "preliminary_footprint_review", "h3_index": "883fa5972dfffff", "area_priority_rank": 9, "building_height_status": "Unavailable"}, "geometry": {"type": "Polygon", "coordinates": [[[13.394354795548637, 32.7790796762334], [13.394551631939544, 32.77906453769802], [13.39455382181962, 32.779084665228446], [13.394516582502431, 32.779087529275216], [13.394526071982673, 32.779174748518265], [13.394467553055648, 32.77917924915862], [13.394501374536585, 32.77949010677528], [13.394400296389893, 32.77949788058091], [13.394354795548637, 32.7790796762334]]]}}, {"id": "43", "type": "Feature", "properties": {"building_id": "053fe2582be3c80d33c6", "source_tile": "libya_122012231.csv.gz", "source_line": 180120, "footprint_area_m2": 463.54702718051306, "building_height_m": null, "building_height_known": false, "height_source": "unavailable", "canonical_longitude": 13.402524164043133, "canonical_latitude": 32.7808793802361, "structural_survey_required": true, "owner_permission_verified": false, "power_verified": false, "backhaul_verified": false, "roof_usable_area_m2": null, "candidate_status": "preliminary_footprint_review", "h3_index": "883fa5972dfffff", "area_priority_rank": 9, "building_height_status": "Unavailable"}, "geometry": {"type": "Polygon", "coordinates": [[[13.402628805569204, 32.78095494794271], [13.402425143433927, 32.780960113072496], [13.402415694538421, 32.78069736805652], [13.402537786775422, 32.780694264449316], [13.402541717245251, 32.780803812529484], [13.402623295996525, 32.7808017435854], [13.402628805569204, 32.78095494794271]]]}}, {"id": "44", "type": "Feature", "properties": {"building_id": "bbf6595a844035c8dad2", "source_tile": "libya_122012231.csv.gz", "source_line": 134048, "footprint_area_m2": 457.1093049194298, "building_height_m": null, "building_height_known": false, "height_source": "unavailable", "canonical_longitude": 13.394439511800691, "canonical_latitude": 32.77894859034916, "structural_survey_required": true, "owner_permission_verified": false, "power_verified": false, "backhaul_verified": false, "roof_usable_area_m2": null, "candidate_status": "preliminary_footprint_review", "h3_index": "883fa5972dfffff", "area_priority_rank": 9, "building_height_status": "Unavailable"}, "geometry": {"type": "Polygon", "coordinates": [[[13.394300009051259, 32.778778482677176], [13.394366221472485, 32.77877220196584], [13.394371124867256, 32.77880874284228], [13.39440820411225, 32.77880522779965], [13.394423320602908, 32.77891787819802], [13.394550448451636, 32.77890581925073], [13.394560309134626, 32.7789793025003], [13.394504690700808, 32.77898457828558], [13.39451425257522, 32.77905583470784], [13.39433945178314, 32.77907241573199], [13.394300009051259, 32.778778482677176]]]}}, {"id": "45", "type": "Feature", "properties": {"building_id": "fbe981953220d150fd0f", "source_tile": "libya_122012230.csv.gz", "source_line": 129164, "footprint_area_m2": 3559.428603652397, "building_height_m": null, "building_height_known": false, "height_source": "unavailable", "canonical_longitude": 13.060813096030262, "canonical_latitude": 32.757250186243326, "structural_survey_required": true, "owner_permission_verified": false, "power_verified": false, "backhaul_verified": false, "roof_usable_area_m2": null, "candidate_status": "preliminary_footprint_review", "h3_index": "88384b6733fffff", "area_priority_rank": 10, "building_height_status": "Unavailable"}, "geometry": {"type": "Polygon", "coordinates": [[[13.061012490113338, 32.757635768977025], [13.060658454840638, 32.75763374770047], [13.060658036046359, 32.757685625223175], [13.060607076423798, 32.757685334282016], [13.060614305177033, 32.75678987888506], [13.060995161303751, 32.756792053309226], [13.060994560425003, 32.75686648697069], [13.061018699193628, 32.756866624786184], [13.061012490113338, 32.757635768977025]]]}}, {"id": "46", "type": "Feature", "properties": {"building_id": "5814f283d4dd13f94238", "source_tile": "libya_122012230.csv.gz", "source_line": 663325, "footprint_area_m2": 2398.0662131037075, "building_height_m": null, "building_height_known": false, "height_source": "unavailable", "canonical_longitude": 13.053300645211916, "canonical_latitude": 32.75436048835401, "structural_survey_required": true, "owner_permission_verified": false, "power_verified": false, "backhaul_verified": false, "roof_usable_area_m2": null, "candidate_status": "preliminary_footprint_review", "h3_index": "88384b6733fffff", "area_priority_rank": 10, "building_height_status": "Unavailable"}, "geometry": {"type": "Polygon", "coordinates": [[[13.054031277693582, 32.75470137826359], [13.053225642954263, 32.75475140616657], [13.053178052431619, 32.75420936315192], [13.053395530015681, 32.754195871059125], [13.05342642617715, 32.754548104171946], [13.054014616627656, 32.7545116135561], [13.054031277693582, 32.75470137826359]]]}}, {"id": "47", "type": "Feature", "properties": {"building_id": "64190de5304094852d73", "source_tile": "libya_122012230.csv.gz", "source_line": 746745, "footprint_area_m2": 2397.610348112259, "building_height_m": null, "building_height_known": false, "height_source": "unavailable", "canonical_longitude": 13.05982619438126, "canonical_latitude": 32.75312348922394, "structural_survey_required": true, "owner_permission_verified": false, "power_verified": false, "backhaul_verified": false, "roof_usable_area_m2": null, "candidate_status": "preliminary_footprint_review", "h3_index": "88384b6733fffff", "area_priority_rank": 10, "building_height_status": "Unavailable"}, "geometry": {"type": "Polygon", "coordinates": [[[13.059446441701787, 32.75303133118217], [13.060312727844687, 32.753024906349104], [13.060315022036285, 32.753243698349394], [13.059832261956652, 32.75324727874298], [13.059832593077063, 32.753278856924176], [13.059294713886477, 32.75328284610747], [13.059293784159461, 32.75319487834739], [13.059339378138812, 32.753194540199125], [13.05933787627206, 32.75305243824875], [13.059446654564915, 32.75305163149201], [13.059446441701787, 32.75303133118217]]]}}, {"id": "48", "type": "Feature", "properties": {"building_id": "aee802cf6ebf84a2b96b", "source_tile": "libya_122012230.csv.gz", "source_line": 556122, "footprint_area_m2": 2150.834175412757, "building_height_m": null, "building_height_known": false, "height_source": "unavailable", "canonical_longitude": 13.05691732121351, "canonical_latitude": 32.757457556407914, "structural_survey_required": true, "owner_permission_verified": false, "power_verified": false, "backhaul_verified": false, "roof_usable_area_m2": null, "candidate_status": "preliminary_footprint_review", "h3_index": "88384b6733fffff", "area_priority_rank": 10, "building_height_status": "Unavailable"}, "geometry": {"type": "Polygon", "coordinates": [[[13.057185959351486, 32.757269404275206], [13.057187797894802, 32.757643836382485], [13.056920697756635, 32.75764476392442], [13.056920828410764, 32.75767183125218], [13.056740009533772, 32.75767245917038], [13.056739887702587, 32.75764764746093], [13.056648694151075, 32.75764796414305], [13.056646844532178, 32.757271276433336], [13.057185959351486, 32.757269404275206]]]}}, {"id": "49", "type": "Feature", "properties": {"building_id": "3ff9db55396fbb8999c3", "source_tile": "libya_122012230.csv.gz", "source_line": 354774, "footprint_area_m2": 2034.7260800110987, "building_height_m": null, "building_height_known": false, "height_source": "unavailable", "canonical_longitude": 13.058464105944712, "canonical_latitude": 32.75665530548112, "structural_survey_required": true, "owner_permission_verified": false, "power_verified": false, "backhaul_verified": false, "roof_usable_area_m2": null, "candidate_status": "preliminary_footprint_review", "h3_index": "88384b6733fffff", "area_priority_rank": 10, "building_height_status": "Unavailable"}, "geometry": {"type": "Polygon", "coordinates": [[[13.058352711850581, 32.756902892649805], [13.058352876694359, 32.75640770741909], [13.058575500029486, 32.7564077467293], [13.058575252233062, 32.75715211801849], [13.058231929499339, 32.75715205739602], [13.058232012454383, 32.75690286423294], [13.058352711850581, 32.756902892649805]]]}}, {"id": "50", "type": "Feature", "properties": {"building_id": "e13c6e50bd83ce6ce6a4", "source_tile": "libya_122012230.csv.gz", "source_line": 351476, "footprint_area_m2": 5227.447651949773, "building_height_m": null, "building_height_known": false, "height_source": "unavailable", "canonical_longitude": 13.013339880642889, "canonical_latitude": 32.729687184290185, "structural_survey_required": true, "owner_permission_verified": false, "power_verified": false, "backhaul_verified": false, "roof_usable_area_m2": null, "candidate_status": "preliminary_footprint_review", "h3_index": "88384b6093fffff", "area_priority_rank": 11, "building_height_status": "Unavailable"}, "geometry": {"type": "Polygon", "coordinates": [[[13.014044789157907, 32.72955220386383], [13.014012003144803, 32.72991110318107], [13.012634983371676, 32.729822164716545], [13.012669582243483, 32.72944307486645], [13.012754909940751, 32.7294485860075], [13.012754705213716, 32.72945082914732], [13.01297602392847, 32.729465123667474], [13.012974386112068, 32.72948306878103], [13.014044789157907, 32.72955220386383]]]}}, {"id": "51", "type": "Feature", "properties": {"building_id": "24315f050fd71ef5440b", "source_tile": "libya_122012230.csv.gz", "source_line": 151716, "footprint_area_m2": 5100.374203100378, "building_height_m": null, "building_height_known": false, "height_source": "unavailable", "canonical_longitude": 13.014956302183705, "canonical_latitude": 32.73240630623532, "structural_survey_required": true, "owner_permission_verified": false, "power_verified": false, "backhaul_verified": false, "roof_usable_area_m2": null, "candidate_status": "preliminary_footprint_review", "h3_index": "88384b6093fffff", "area_priority_rank": 11, "building_height_status": "Unavailable"}, "geometry": {"type": "Polygon", "coordinates": [[[13.014203853847167, 32.73252229673215], [13.014229044974432, 32.73218399972234], [13.014915678501428, 32.732220180632325], [13.014914918368113, 32.73223038863948], [13.01501911521874, 32.73223588523647], [13.01501911521874, 32.73223588523647], [13.015120640355239, 32.732241240894744], [13.015120731959602, 32.732240010718826], [13.015223942832371, 32.73224544922633], [13.015223272659933, 32.73225443908016], [13.015626701491874, 32.732275697016696], [13.015625937404081, 32.732285946670366], [13.015708760179677, 32.732290315738496], [13.015685639332602, 32.73260046365946], [13.014203853847167, 32.73252229673215]]]}}, {"id": "52", "type": "Feature", "properties": {"building_id": "bebaac77da0509bc7284", "source_tile": "libya_122012230.csv.gz", "source_line": 562980, "footprint_area_m2": 4455.251970230298, "building_height_m": null, "building_height_known": false, "height_source": "unavailable", "canonical_longitude": 13.013616862242449, "canonical_latitude": 32.735023286655164, "structural_survey_required": true, "owner_permission_verified": false, "power_verified": false, "backhaul_verified": false, "roof_usable_area_m2": null, "candidate_status": "preliminary_footprint_review", "h3_index": "88384b6093fffff", "area_priority_rank": 11, "building_height_status": "Unavailable"}, "geometry": {"type": "Polygon", "coordinates": [[[13.014160428051849, 32.73494945262457], [13.013906808352168, 32.735425807544104], [13.013819678461065, 32.7353929832724], [13.013822166376578, 32.735388310417314], [13.013721634511546, 32.73535043131086], [13.013714630772837, 32.735363585884585], [13.013625269115042, 32.735329915559184], [13.013630780540598, 32.73531956387652], [13.013534714250397, 32.73528337296904], [13.013537715931061, 32.735277735142546], [13.013451787384742, 32.73524536339741], [13.013496818455334, 32.73516079813443], [13.01340177905946, 32.7351249940236], [13.013359253850908, 32.735204865963674], [13.013073296545912, 32.73509712068575], [13.013249390547372, 32.73476637553926], [13.013450454277438, 32.734842134232544], [13.01350198690908, 32.734745343915726], [13.01360152069785, 32.73478284135474], [13.013621534506981, 32.73474525660829], [13.013716364793684, 32.73478098209387], [13.013715853804232, 32.734781941851566], [13.014160428051849, 32.73494945262457]]]}}, {"id": "53", "type": "Feature", "properties": {"building_id": "7277135b2b7c9ec60758", "source_tile": "libya_122012230.csv.gz", "source_line": 388503, "footprint_area_m2": 4063.902238945211, "building_height_m": null, "building_height_known": false, "height_source": "unavailable", "canonical_longitude": 13.012755138939884, "canonical_latitude": 32.73422431480925, "structural_survey_required": true, "owner_permission_verified": false, "power_verified": false, "backhaul_verified": false, "roof_usable_area_m2": null, "candidate_status": "preliminary_footprint_review", "h3_index": "88384b6093fffff", "area_priority_rank": 11, "building_height_status": "Unavailable"}, "geometry": {"type": "Polygon", "coordinates": [[[13.013331477817434, 32.73425653843692], [13.01314852801221, 32.73457613864428], [13.012805682827885, 32.73443724901221], [13.012705906992611, 32.734432173736], [13.012711397827958, 32.734355792210934], [13.012688150203534, 32.73439640416416], [13.012621894952169, 32.73436956353557], [13.012627122250002, 32.73429684795997], [13.012590756911262, 32.734360375664934], [13.012529303323483, 32.73433548384385], [13.012534617039911, 32.734261651546504], [13.012498805749217, 32.73432421139329], [13.012426106650876, 32.734294760277095], [13.012429423471733, 32.73424862081654], [13.012406810439288, 32.73428812423027], [13.012320953977587, 32.73425334797697], [13.012318856835009, 32.73425701100909], [13.012257781716485, 32.734232272458605], [13.012264318258913, 32.73414144929329], [13.012221432382463, 32.734216357159895], [13.012146163954892, 32.734185865146216], [13.012331734101181, 32.733861685962886], [13.012503740632638, 32.733931367814925], [13.012505291365063, 32.733928658781636], [13.012669141017827, 32.73399502649188], [13.012664609419131, 32.73405799171883], [13.01269576990932, 32.734003556338656], [13.012784116496604, 32.73403934132011], [13.012786213639185, 32.73403567827905], [13.013331477817434, 32.73425653843692]]]}}, {"id": "54", "type": "Feature", "properties": {"building_id": "6698e10d50da81c8f424", "source_tile": "libya_122012230.csv.gz", "source_line": 365965, "footprint_area_m2": 3206.2885498985843, "building_height_m": null, "building_height_known": false, "height_source": "unavailable", "canonical_longitude": 13.01786619041252, "canonical_latitude": 32.73205073160224, "structural_survey_required": true, "owner_permission_verified": false, "power_verified": false, "backhaul_verified": false, "roof_usable_area_m2": null, "candidate_status": "preliminary_footprint_review", "h3_index": "88384b6093fffff", "area_priority_rank": 11, "building_height_status": "Unavailable"}, "geometry": {"type": "Polygon", "coordinates": [[[13.017465950195612, 32.73184779746658], [13.017555301734859, 32.7318505382387], [13.017555263801324, 32.73185141502962], [13.017656096410946, 32.73185450203579], [13.017655743461795, 32.73186264439849], [13.01786467795826, 32.73186905326104], [13.017864543065482, 32.73187216517016], [13.017978004806006, 32.73187563881833], [13.017977749201908, 32.73188154681639], [13.018089293640474, 32.73188496833293], [13.018089061645291, 32.73189032034535], [13.01819716757226, 32.73189363002383], [13.018197203872903, 32.73189279097549], [13.018281960903298, 32.73189539081416], [13.018263952568955, 32.73231083303623], [13.018159485054476, 32.732307634763245], [13.018159387379566, 32.73230988806328], [13.018053235286011, 32.73230663821688], [13.018053430261368, 32.73230213160515], [13.0179489624811, 32.73229893332372], [13.017952313985294, 32.7322214674425], [13.017450419927501, 32.732206072390326], [13.017465950195612, 32.73184779746658]]]}}, {"id": "55", "type": "Feature", "properties": {"building_id": "7c965207fed80739895c", "source_tile": "libya_122012230.csv.gz", "source_line": 297930, "footprint_area_m2": 1180.979958058339, "building_height_m": null, "building_height_known": false, "height_source": "unavailable", "canonical_longitude": 13.031955523617789, "canonical_latitude": 32.71489815505693, "structural_survey_required": true, "owner_permission_verified": false, "power_verified": false, "backhaul_verified": false, "roof_usable_area_m2": null, "candidate_status": "preliminary_footprint_review", "h3_index": "88384b6563fffff", "area_priority_rank": 12, "building_height_status": "Unavailable"}, "geometry": {"type": "Polygon", "coordinates": [[[13.031753505742518, 32.715027663952924], [13.031774270897474, 32.71494563042268], [13.031809149791327, 32.714951882478275], [13.031844133677794, 32.71481372255294], [13.031807158940882, 32.714807094806375], [13.031804537044982, 32.71477503055844], [13.031763705426656, 32.7147677114601], [13.031760521695936, 32.714728776283216], [13.031812329687554, 32.71473806290873], [13.031825995268221, 32.714684094084], [13.032044084287744, 32.714723186734815], [13.032040804548384, 32.714736139250064], [13.03217165796009, 32.714759594828934], [13.032146632478923, 32.71485842665745], [13.032153129675024, 32.71493788345641], [13.032096173000607, 32.71494118377028], [13.032117945612839, 32.714855198413396], [13.032113358955506, 32.714799163313565], [13.032075731689442, 32.714947762607125], [13.032127879757308, 32.71495711016861], [13.032130940856842, 32.71499454554152], [13.03210871799485, 32.71508230890653], [13.032009363588868, 32.71506449961468], [13.031967878216651, 32.71506690100867], [13.031965306921514, 32.715035455669856], [13.031838064546598, 32.71504282113746], [13.031753505742518, 32.715027663952924]]]}}, {"id": "56", "type": "Feature", "properties": {"building_id": "3e46c246326a1f8f633b", "source_tile": "libya_122012230.csv.gz", "source_line": 208203, "footprint_area_m2": 1169.7340515186065, "building_height_m": null, "building_height_known": false, "height_source": "unavailable", "canonical_longitude": 13.027398184719537, "canonical_latitude": 32.71224890367948, "structural_survey_required": true, "owner_permission_verified": false, "power_verified": false, "backhaul_verified": false, "roof_usable_area_m2": null, "candidate_status": "preliminary_footprint_review", "h3_index": "88384b6563fffff", "area_priority_rank": 12, "building_height_status": "Unavailable"}, "geometry": {"type": "Polygon", "coordinates": [[[13.027575608177052, 32.71219681410138], [13.027468732976324, 32.71248717272028], [13.027336570016228, 32.71245273371651], [13.027321410413295, 32.71249391927559], [13.027091348964245, 32.71243396989466], [13.027140295018933, 32.71230099325758], [13.027213720337919, 32.71232012212616], [13.02727240601184, 32.71216068466524], [13.02720632453179, 32.712143465102], [13.027220726154605, 32.71210433866763], [13.027575608177052, 32.71219681410138]]]}}, {"id": "57", "type": "Feature", "properties": {"building_id": "fbd6149a519539b19b07", "source_tile": "libya_122012230.csv.gz", "source_line": 218177, "footprint_area_m2": 1137.3023847512256, "building_height_m": null, "building_height_known": false, "height_source": "unavailable", "canonical_longitude": 13.031371581589193, "canonical_latitude": 32.71320373527541, "structural_survey_required": true, "owner_permission_verified": false, "power_verified": false, "backhaul_verified": false, "roof_usable_area_m2": null, "candidate_status": "preliminary_footprint_review", "h3_index": "88384b6563fffff", "area_priority_rank": 12, "building_height_status": "Unavailable"}, "geometry": {"type": "Polygon", "coordinates": [[[13.030933957215677, 32.71308461216126], [13.031831537857288, 32.71320396195687], [13.031809205960435, 32.71332285823046], [13.030911625318824, 32.71320350859394], [13.030933957215677, 32.71308461216126]]]}}, {"id": "58", "type": "Feature", "properties": {"building_id": "fbe19c611bd054d4ed77", "source_tile": "libya_122012230.csv.gz", "source_line": 563485, "footprint_area_m2": 1050.2770431712495, "building_height_m": null, "building_height_known": false, "height_source": "unavailable", "canonical_longitude": 13.02886880184401, "canonical_latitude": 32.70975806019771, "structural_survey_required": true, "owner_permission_verified": false, "power_verified": false, "backhaul_verified": false, "roof_usable_area_m2": null, "candidate_status": "preliminary_footprint_review", "h3_index": "88384b6563fffff", "area_priority_rank": 12, "building_height_status": "Unavailable"}, "geometry": {"type": "Polygon", "coordinates": [[[13.029059926795309, 32.70942617702416], [13.028810487320314, 32.71012357435232], [13.028677676937463, 32.71008994337125], [13.028927116412458, 32.70939254578018], [13.029059926795309, 32.70942617702416]]]}}, {"id": "59", "type": "Feature", "properties": {"building_id": "1b1b9da16ee223e860b3", "source_tile": "libya_122012230.csv.gz", "source_line": 648161, "footprint_area_m2": 628.3268542717595, "building_height_m": null, "building_height_known": false, "height_source": "unavailable", "canonical_longitude": 13.027284571071359, "canonical_latitude": 32.710553066893866, "structural_survey_required": true, "owner_permission_verified": false, "power_verified": false, "backhaul_verified": false, "roof_usable_area_m2": null, "candidate_status": "preliminary_footprint_review", "h3_index": "88384b6563fffff", "area_priority_rank": 12, "building_height_status": "Unavailable"}, "geometry": {"type": "Polygon", "coordinates": [[[13.027272826235974, 32.71034420750369], [13.02739978718293, 32.710382921678026], [13.027367143333466, 32.71045872768276], [13.02740507754216, 32.7104702949398], [13.02727622024153, 32.710769528501274], [13.02715160170456, 32.710731528762366], [13.02722512866616, 32.71056081682815], [13.027174287796445, 32.71054531695959], [13.027228409075903, 32.7104196358529], [13.027238954089606, 32.71042285071861], [13.027272826235974, 32.71034420750369]]]}}, {"id": "60", "type": "Feature", "properties": {"building_id": "20d3a10b08e272304d5e", "source_tile": "libya_122012230.csv.gz", "source_line": 746225, "footprint_area_m2": 501.8219461100017, "building_height_m": null, "building_height_known": false, "height_source": "unavailable", "canonical_longitude": 12.953256070612643, "canonical_latitude": 32.61625421583736, "structural_survey_required": true, "owner_permission_verified": false, "power_verified": false, "backhaul_verified": false, "roof_usable_area_m2": null, "candidate_status": "preliminary_footprint_review", "h3_index": "88384b6f39fffff", "area_priority_rank": 13, "building_height_status": "Unavailable"}, "geometry": {"type": "Polygon", "coordinates": [[[12.953389683636246, 32.61640185117704], [12.953221814766241, 32.61641335045742], [12.95321206314517, 32.61631235353101], [12.953137454758501, 32.61631746432758], [12.953123152380899, 32.61616933530457], [12.953280362909933, 32.616158566107956], [12.953286430585296, 32.61622140876125], [12.95337702648336, 32.61621520278731], [12.953383960969465, 32.61628702291347], [12.953378631799, 32.6162873879705], [12.953389683636246, 32.61640185117704]]]}}, {"id": "61", "type": "Feature", "properties": {"building_id": "de23058ea7e91391e9ac", "source_tile": "libya_122012230.csv.gz", "source_line": 606282, "footprint_area_m2": 472.0793758803607, "building_height_m": null, "building_height_known": false, "height_source": "unavailable", "canonical_longitude": 12.95893782667342, "canonical_latitude": 32.61786463411748, "structural_survey_required": true, "owner_permission_verified": false, "power_verified": false, "backhaul_verified": false, "roof_usable_area_m2": null, "candidate_status": "preliminary_footprint_review", "h3_index": "88384b6f39fffff", "area_priority_rank": 13, "building_height_status": "Unavailable"}, "geometry": {"type": "Polygon", "coordinates": [[[12.958793902920164, 32.61775502746618], [12.958994215391893, 32.61773788147959], [12.959009053835766, 32.617860866506525], [12.959067459258824, 32.61785586723045], [12.959081758122878, 32.61797437992139], [12.95890919664565, 32.617989150489436], [12.958894627991686, 32.61786840172843], [12.958808481504981, 32.61787577553006], [12.958793902920164, 32.61775502746618]]]}}, {"id": "62", "type": "Feature", "properties": {"building_id": "a79c7cf1dca9c484841f", "source_tile": "libya_122012230.csv.gz", "source_line": 218394, "footprint_area_m2": 452.6711730634331, "building_height_m": null, "building_height_known": false, "height_source": "unavailable", "canonical_longitude": 12.952209933887467, "canonical_latitude": 32.619749202801, "structural_survey_required": true, "owner_permission_verified": false, "power_verified": false, "backhaul_verified": false, "roof_usable_area_m2": null, "candidate_status": "preliminary_footprint_review", "h3_index": "88384b6f39fffff", "area_priority_rank": 13, "building_height_status": "Unavailable"}, "geometry": {"type": "Polygon", "coordinates": [[[12.952398216544179, 32.61981274703565], [12.952398760918804, 32.619878258676124], [12.952114460689486, 32.61987993460173], [12.952112846337073, 32.619685658566354], [12.952305955926793, 32.619684520199314], [12.95230702590458, 32.61981328459711], [12.952398216544179, 32.61981274703565]]]}}, {"id": "63", "type": "Feature", "properties": {"building_id": "e484ebe083e4b2169282", "source_tile": "libya_122012230.csv.gz", "source_line": 734733, "footprint_area_m2": 431.2224665465285, "building_height_m": null, "building_height_known": false, "height_source": "unavailable", "canonical_longitude": 12.95189148019372, "canonical_latitude": 32.617892128062195, "structural_survey_required": true, "owner_permission_verified": false, "power_verified": false, "backhaul_verified": false, "roof_usable_area_m2": null, "candidate_status": "preliminary_footprint_review", "h3_index": "88384b6f39fffff", "area_priority_rank": 13, "building_height_status": "Unavailable"}, "geometry": {"type": "Polygon", "coordinates": [[[12.951779451453094, 32.61798460971629], [12.951785187597453, 32.61779496150645], [12.952003516619154, 32.6177996464081], [12.951997764726432, 32.61798929427009], [12.951779451453094, 32.61798460971629]]]}}, {"id": "64", "type": "Feature", "properties": {"building_id": "546207060d64edde8ab4", "source_tile": "libya_122012230.csv.gz", "source_line": 172223, "footprint_area_m2": 397.91595793611873, "building_height_m": null, "building_height_known": false, "height_source": "unavailable", "canonical_longitude": 12.953751846583893, "canonical_latitude": 32.617823438092046, "structural_survey_required": true, "owner_permission_verified": false, "power_verified": false, "backhaul_verified": false, "roof_usable_area_m2": null, "candidate_status": "preliminary_footprint_review", "h3_index": "88384b6f39fffff", "area_priority_rank": 13, "building_height_status": "Unavailable"}, "geometry": {"type": "Polygon", "coordinates": [[[12.953846150504948, 32.61794019931735], [12.953690788956283, 32.617944970963016], [12.953685416850963, 32.617820880932875], [12.95377769951823, 32.617818046635726], [12.953777017106303, 32.61780225330606], [12.953635048432766, 32.61780661362079], [12.95363066149907, 32.61770508501145], [12.953812809985884, 32.61769949063897], [12.953818306435977, 32.617826697232154], [12.953841206382757, 32.61782599525122], [12.953846150504948, 32.61794019931735]]]}}, {"id": "65", "type": "Feature", "properties": {"building_id": "75d70381ade92277f022", "source_tile": "libya_122012230.csv.gz", "source_line": 140694, "footprint_area_m2": 1743.9079052322945, "building_height_m": null, "building_height_known": false, "height_source": "unavailable", "canonical_longitude": 13.024588540756081, "canonical_latitude": 32.6404823539562, "structural_survey_required": true, "owner_permission_verified": false, "power_verified": false, "backhaul_verified": false, "roof_usable_area_m2": null, "candidate_status": "preliminary_footprint_review", "h3_index": "88384b6c59fffff", "area_priority_rank": 14, "building_height_status": "Unavailable"}, "geometry": {"type": "Polygon", "coordinates": [[[13.024346737748186, 32.640236547030135], [13.024633563961805, 32.64023066432842], [13.024635718512943, 32.64030515450802], [13.024753665740967, 32.640302735455], [13.024756407896948, 32.64039754105098], [13.024792481195778, 32.64039680120205], [13.024822199709266, 32.640446593580265], [13.024824268377744, 32.64051811433214], [13.024717043624987, 32.640520313465956], [13.024717761808699, 32.6405451434523], [13.024653426957054, 32.64054646293221], [13.02465421043018, 32.6405735501818], [13.024572379972131, 32.640575228488444], [13.024536678859544, 32.640590339871004], [13.024537830148407, 32.640630143700555], [13.024580915599856, 32.64062926003748], [13.02460044151446, 32.64066197041917], [13.024602095958361, 32.64071916991704], [13.024499479148153, 32.6407212745392], [13.024488263636753, 32.640726021775464], [13.024355609605912, 32.64072874244655], [13.02435285878662, 32.64063363768348], [13.024317103580344, 32.640573739490925], [13.024356014393037, 32.64055727181312], [13.024346737748186, 32.640236547030135]]]}}, {"id": "66", "type": "Feature", "properties": {"building_id": "682c2763d1cc022bd1c5", "source_tile": "libya_122012230.csv.gz", "source_line": 212053, "footprint_area_m2": 1084.2248590794375, "building_height_m": null, "building_height_known": false, "height_source": "unavailable", "canonical_longitude": 13.023104432813017, "canonical_latitude": 32.64181831048907, "structural_survey_required": true, "owner_permission_verified": false, "power_verified": false, "backhaul_verified": false, "roof_usable_area_m2": null, "candidate_status": "preliminary_footprint_review", "h3_index": "88384b6c59fffff", "area_priority_rank": 14, "building_height_status": "Unavailable"}, "geometry": {"type": "Polygon", "coordinates": [[[13.023013927004413, 32.642165434622555], [13.02304611842958, 32.641466326441815], [13.02319496747415, 32.64147118635559], [13.023162718029116, 32.64217029260401], [13.023013927004413, 32.642165434622555]]]}}, {"id": "67", "type": "Feature", "properties": {"building_id": "cfcbfebba53b1d7222d4", "source_tile": "libya_122012230.csv.gz", "source_line": 43195, "footprint_area_m2": 1081.2673436521113, "building_height_m": null, "building_height_known": false, "height_source": "unavailable", "canonical_longitude": 13.022520340862933, "canonical_latitude": 32.6417846843215, "structural_survey_required": true, "owner_permission_verified": false, "power_verified": false, "backhaul_verified": false, "roof_usable_area_m2": null, "candidate_status": "preliminary_footprint_review", "h3_index": "88384b6c59fffff", "area_priority_rank": 14, "building_height_status": "Unavailable"}, "geometry": {"type": "Polygon", "coordinates": [[[13.022421122791897, 32.642124241579836], [13.022468712153827, 32.64143771406796], [13.02261953071319, 32.641445127063164], [13.022571998219327, 32.6421316573133], [13.022421122791897, 32.642124241579836]]]}}, {"id": "68", "type": "Feature", "properties": {"building_id": "45f5171b37729f1d084e", "source_tile": "libya_122012230.csv.gz", "source_line": 253095, "footprint_area_m2": 980.8963895810225, "building_height_m": null, "building_height_known": false, "height_source": "unavailable", "canonical_longitude": 13.021218476395582, "canonical_latitude": 32.642885146641405, "structural_survey_required": true, "owner_permission_verified": false, "power_verified": false, "backhaul_verified": false, "roof_usable_area_m2": null, "candidate_status": "preliminary_footprint_review", "h3_index": "88384b6c59fffff", "area_priority_rank": 14, "building_height_status": "Unavailable"}, "geometry": {"type": "Polygon", "coordinates": [[[13.021169535111682, 32.64253082954702], [13.021298108214605, 32.642534800081684], [13.02126539577253, 32.64328588719514], [13.02118911500131, 32.64328353154769], [13.021191140632013, 32.643237111252695], [13.021138844581204, 32.64323549320112], [13.021169535111682, 32.64253082954702]]]}}, {"id": "69", "type": "Feature", "properties": {"building_id": "8a55459868a77a2dbcef", "source_tile": "libya_122012230.csv.gz", "source_line": 38574, "footprint_area_m2": 950.2312628561828, "building_height_m": null, "building_height_known": false, "height_source": "unavailable", "canonical_longitude": 13.026502033616701, "canonical_latitude": 32.645508622268935, "structural_survey_required": true, "owner_permission_verified": false, "power_verified": false, "backhaul_verified": false, "roof_usable_area_m2": null, "candidate_status": "preliminary_footprint_review", "h3_index": "88384b6c59fffff", "area_priority_rank": 14, "building_height_status": "Unavailable"}, "geometry": {"type": "Polygon", "coordinates": [[[13.026611180639943, 32.645281633757065], [13.026591102443996, 32.64574174345221], [13.026392886594142, 32.6457356107808], [13.026412964790088, 32.645275501054094], [13.026611180639943, 32.645281633757065]]]}}, {"id": "70", "type": "Feature", "properties": {"building_id": "3581017d96f4877d32f8", "source_tile": "libya_122012230.csv.gz", "source_line": 404513, "footprint_area_m2": 2022.8347119167263, "building_height_m": null, "building_height_known": false, "height_source": "unavailable", "canonical_longitude": 13.065204550001173, "canonical_latitude": 32.63819591472283, "structural_survey_required": true, "owner_permission_verified": false, "power_verified": false, "backhaul_verified": false, "roof_usable_area_m2": null, "candidate_status": "preliminary_footprint_review", "h3_index": "88384b6ebdfffff", "area_priority_rank": 15, "building_height_status": "Unavailable"}, "geometry": {"type": "Polygon", "coordinates": [[[13.065341117292672, 32.638286619782754], [13.065759497008864, 32.638282970390534], [13.065760608219229, 32.63837330734613], [13.065157175936285, 32.63837857088724], [13.06515814824536, 32.63845761564393], [13.065034779867526, 32.63845869174467], [13.065032779688863, 32.6382960853141], [13.065070326586454, 32.63829575780458], [13.065066548471194, 32.63798861151708], [13.06505850270742, 32.63798868169793], [13.06505775264041, 32.63792770400074], [13.06518916678202, 32.637926557712696], [13.065190000189801, 32.63799431070789], [13.065699565228726, 32.63798986592078], [13.06570067643909, 32.638080203172336], [13.065263523274142, 32.63808401632799], [13.065263828856981, 32.63810885905513], [13.065338922652202, 32.638108204034715], [13.065341117292672, 32.638286619782754]]]}}, {"id": "71", "type": "Feature", "properties": {"building_id": "5fb33e2599fc3cf8db34", "source_tile": "libya_122012230.csv.gz", "source_line": 689517, "footprint_area_m2": 1488.0968726019025, "building_height_m": null, "building_height_known": false, "height_source": "unavailable", "canonical_longitude": 13.069831349979033, "canonical_latitude": 32.63865905287099, "structural_survey_required": true, "owner_permission_verified": false, "power_verified": false, "backhaul_verified": false, "roof_usable_area_m2": null, "candidate_status": "preliminary_footprint_review", "h3_index": "88384b6ebdfffff", "area_priority_rank": 15, "building_height_status": "Unavailable"}, "geometry": {"type": "Polygon", "coordinates": [[[13.069695913011303, 32.63894897885], [13.069690858503611, 32.63849172623603], [13.069968132412804, 32.63848956913671], [13.069971835532375, 32.638827107451824], [13.070064702629667, 32.63882637950595], [13.07006625047256, 32.63896640378844], [13.069815135014334, 32.638968372173146], [13.069814912016714, 32.63894804606843], [13.069695913011303, 32.63894897885]]]}}, {"id": "72", "type": "Feature", "properties": {"building_id": "0549b79dde7ae02b264e", "source_tile": "libya_122012230.csv.gz", "source_line": 269293, "footprint_area_m2": 981.0117359464999, "building_height_m": null, "building_height_known": false, "height_source": "unavailable", "canonical_longitude": 13.069798764318051, "canonical_latitude": 32.6366818916265, "structural_survey_required": true, "owner_permission_verified": false, "power_verified": false, "backhaul_verified": false, "roof_usable_area_m2": null, "candidate_status": "preliminary_footprint_review", "h3_index": "88384b6ebdfffff", "area_priority_rank": 15, "building_height_status": "Unavailable"}, "geometry": {"type": "Polygon", "coordinates": [[[13.069712568893777, 32.63683856893515], [13.069717180438163, 32.636415009623036], [13.070080450531488, 32.636417814399266], [13.070079731982588, 32.636483311546165], [13.07008121709682, 32.636483323012584], [13.070080761001659, 32.63652521431786], [13.069884976327266, 32.63652369114435], [13.069881325791034, 32.6368589839171], [13.06978862207509, 32.63685826816345], [13.06978883168114, 32.636839162245394], [13.069712568893777, 32.63683856893515]]]}}, {"id": "73", "type": "Feature", "properties": {"building_id": "853a705c0a0ad930876c", "source_tile": "libya_122012230.csv.gz", "source_line": 444524, "footprint_area_m2": 835.1156473731431, "building_height_m": null, "building_height_known": false, "height_source": "unavailable", "canonical_longitude": 13.07085945839759, "canonical_latitude": 32.64154251325887, "structural_survey_required": true, "owner_permission_verified": false, "power_verified": false, "backhaul_verified": false, "roof_usable_area_m2": null, "candidate_status": "preliminary_footprint_review", "h3_index": "88384b6ebdfffff", "area_priority_rank": 15, "building_height_status": "Unavailable"}, "geometry": {"type": "Polygon", "coordinates": [[[13.070666039689854, 32.6416153587469], [13.070709260972006, 32.641360825324846], [13.070774972700265, 32.64136873729261], [13.070764825094908, 32.64142849737323], [13.070796366724458, 32.64143229511495], [13.070798621747866, 32.64141901510104], [13.070814392562639, 32.64142091397214], [13.070819654283978, 32.641389927266026], [13.071003647123064, 32.64141208076677], [13.070993875354908, 32.641469627483865], [13.071051701675799, 32.64147659000706], [13.071028399767117, 32.64161381663393], [13.070983715791918, 32.64160843651069], [13.07097619904721, 32.64165270312226], [13.070666039689854, 32.6416153587469]]]}}, {"id": "74", "type": "Feature", "properties": {"building_id": "de20dc7ab6cae96989d1", "source_tile": "libya_122012230.csv.gz", "source_line": 10081, "footprint_area_m2": 670.663697254664, "building_height_m": null, "building_height_known": false, "height_source": "unavailable", "canonical_longitude": 13.070967283224231, "canonical_latitude": 32.64230420928608, "structural_survey_required": true, "owner_permission_verified": false, "power_verified": false, "backhaul_verified": false, "roof_usable_area_m2": null, "candidate_status": "preliminary_footprint_review", "h3_index": "88384b6ebdfffff", "area_priority_rank": 15, "building_height_status": "Unavailable"}, "geometry": {"type": "Polygon", "coordinates": [[[13.070874105620378, 32.64264301160171], [13.070967807191721, 32.64195644082043], [13.071060460832719, 32.64196540697045], [13.070966759261378, 32.6426519776829], [13.070874105620378, 32.64264301160171]]]}}, {"id": "75", "type": "Feature", "properties": {"building_id": "4ed6f6f58e93955bf3fb", "source_tile": "libya_122012231.csv.gz", "source_line": 92855, "footprint_area_m2": 1356.4571626308573, "building_height_m": null, "building_height_known": false, "height_source": "unavailable", "canonical_longitude": 13.515963944794292, "canonical_latitude": 32.64960110461004, "structural_survey_required": true, "owner_permission_verified": false, "power_verified": false, "backhaul_verified": false, "roof_usable_area_m2": null, "candidate_status": "preliminary_footprint_review", "h3_index": "883fa58705fffff", "area_priority_rank": 16, "building_height_status": "Unavailable"}, "geometry": {"type": "Polygon", "coordinates": [[[13.515709265506896, 32.64950556830196], [13.516054050124634, 32.64937894624779], [13.516218624011632, 32.64969664091813], [13.515873830550689, 32.64982324545159], [13.515709265506896, 32.64950556830196]]]}}, {"id": "76", "type": "Feature", "properties": {"building_id": "0a6c5e72d4cd3400501e", "source_tile": "libya_122012231.csv.gz", "source_line": 77455, "footprint_area_m2": 755.3146752194019, "building_height_m": null, "building_height_known": false, "height_source": "unavailable", "canonical_longitude": 13.515025549538326, "canonical_latitude": 32.64978354620861, "structural_survey_required": true, "owner_permission_verified": false, "power_verified": false, "backhaul_verified": false, "roof_usable_area_m2": null, "candidate_status": "preliminary_footprint_review", "h3_index": "883fa58705fffff", "area_priority_rank": 16, "building_height_status": "Unavailable"}, "geometry": {"type": "Polygon", "coordinates": [[[13.51483191455397, 32.64970251363479], [13.515076675260271, 32.649606654162994], [13.51522234230206, 32.649870294036376], [13.5150406517192, 32.649941452167184], [13.514998183733034, 32.649864578782434], [13.514935110044682, 32.6498892849751], [13.51483191455397, 32.64970251363479]]]}}, {"id": "77", "type": "Feature", "properties": {"building_id": "4ac270e6424b97d2acc4", "source_tile": "libya_122012231.csv.gz", "source_line": 107934, "footprint_area_m2": 543.2345656560502, "building_height_m": null, "building_height_known": false, "height_source": "unavailable", "canonical_longitude": 13.514726986390574, "canonical_latitude": 32.64941340244846, "structural_survey_required": true, "owner_permission_verified": false, "power_verified": false, "backhaul_verified": false, "roof_usable_area_m2": null, "candidate_status": "preliminary_footprint_review", "h3_index": "883fa58705fffff", "area_priority_rank": 16, "building_height_status": "Unavailable"}, "geometry": {"type": "Polygon", "coordinates": [[[13.51453726109138, 32.64940295785871], [13.514835175341329, 32.64928176872983], [13.514916711681648, 32.649423847038214], [13.514618805599685, 32.64954505020736], [13.51453726109138, 32.64940295785871]]]}}, {"id": "78", "type": "Feature", "properties": {"building_id": "e2da84d98227568e55a7", "source_tile": "libya_122012231.csv.gz", "source_line": 32704, "footprint_area_m2": 530.5024078739085, "building_height_m": null, "building_height_known": false, "height_source": "unavailable", "canonical_longitude": 13.515589555077135, "canonical_latitude": 32.6500720112341, "structural_survey_required": true, "owner_permission_verified": false, "power_verified": false, "backhaul_verified": false, "roof_usable_area_m2": null, "candidate_status": "preliminary_footprint_review", "h3_index": "883fa58705fffff", "area_priority_rank": 16, "building_height_status": "Unavailable"}, "geometry": {"type": "Polygon", "coordinates": [[[13.515351950106908, 32.650116439835436], [13.515766818274528, 32.649931564919754], [13.515827173340513, 32.65002758263277], [13.515412293167696, 32.650212438251145], [13.515351950106908, 32.650116439835436]]]}}, {"id": "79", "type": "Feature", "properties": {"building_id": "19b035d3f85d7c69bac5", "source_tile": "libya_122012231.csv.gz", "source_line": 55819, "footprint_area_m2": 468.67991564107484, "building_height_m": null, "building_height_known": false, "height_source": "unavailable", "canonical_longitude": 13.518157676749276, "canonical_latitude": 32.6486039896727, "structural_survey_required": true, "owner_permission_verified": false, "power_verified": false, "backhaul_verified": false, "roof_usable_area_m2": null, "candidate_status": "preliminary_footprint_review", "h3_index": "883fa58705fffff", "area_priority_rank": 16, "building_height_status": "Unavailable"}, "geometry": {"type": "Polygon", "coordinates": [[[13.51811970517748, 32.648714890163994], [13.51801028297642, 32.648529037367666], [13.518176075492656, 32.64845984479531], [13.518306840127696, 32.64868194768416], [13.51829176850055, 32.648688238617574], [13.518314182904604, 32.64872630928022], [13.518249590216804, 32.648753270406964], [13.518205828761225, 32.648678941977735], [13.51811970517748, 32.648714890163994]]]}}, {"id": "80", "type": "Feature", "properties": {"building_id": "86339d5dd46a0fe476ab", "source_tile": "libya_122012230.csv.gz", "source_line": 674327, "footprint_area_m2": 777.6283420695852, "building_height_m": null, "building_height_known": false, "height_source": "unavailable", "canonical_longitude": 13.000090604546607, "canonical_latitude": 32.65835084705233, "structural_survey_required": true, "owner_permission_verified": false, "power_verified": false, "backhaul_verified": false, "roof_usable_area_m2": null, "candidate_status": "preliminary_footprint_review", "h3_index": "88384b6e3dfffff", "area_priority_rank": 17, "building_height_status": "Unavailable"}, "geometry": {"type": "Polygon", "coordinates": [[[12.999964762339724, 32.658480059034254], [12.999963328530812, 32.65822263439512], [13.000014289381511, 32.65822243320677], [13.000014025258828, 32.658175012797535], [13.000216167947416, 32.65817421475792], [13.00021789122074, 32.65847905970954], [12.999964762339724, 32.658480059034254]]]}}, {"id": "81", "type": "Feature", "properties": {"building_id": "1b3eabb7297bd9a4af2e", "source_tile": "libya_122012230.csv.gz", "source_line": 510431, "footprint_area_m2": 657.2555377259437, "building_height_m": null, "building_height_known": false, "height_source": "unavailable", "canonical_longitude": 12.999592901090828, "canonical_latitude": 32.65853220595119, "structural_survey_required": true, "owner_permission_verified": false, "power_verified": false, "backhaul_verified": false, "roof_usable_area_m2": null, "candidate_status": "preliminary_footprint_review", "h3_index": "88384b6e3dfffff", "area_priority_rank": 17, "building_height_status": "Unavailable"}, "geometry": {"type": "Polygon", "coordinates": [[[12.99982345200737, 32.65846953854894], [12.999817784585437, 32.65860810342815], [12.999362350174653, 32.65859487335344], [12.999368016500302, 32.65845633525784], [12.99982345200737, 32.65846953854894]]]}}, {"id": "82", "type": "Feature", "properties": {"building_id": "1e99d01d0b9653b99daf", "source_tile": "libya_122012230.csv.gz", "source_line": 502675, "footprint_area_m2": 615.9480915268886, "building_height_m": null, "building_height_known": false, "height_source": "unavailable", "canonical_longitude": 13.001705471337218, "canonical_latitude": 32.66069886137491, "structural_survey_required": true, "owner_permission_verified": false, "power_verified": false, "backhaul_verified": false, "roof_usable_area_m2": null, "candidate_status": "preliminary_footprint_review", "h3_index": "88384b6e3dfffff", "area_priority_rank": 17, "building_height_status": "Unavailable"}, "geometry": {"type": "Polygon", "coordinates": [[[13.001527056511035, 32.66064513670365], [13.001771022316593, 32.6606406804462], [13.001771110683586, 32.66064409828876], [13.001881029175856, 32.66064208405085], [13.001885289069094, 32.66080684733084], [13.001807541842837, 32.66080827203309], [13.001808592227455, 32.66084889854797], [13.001645054958448, 32.66085189533403], [13.00164248735156, 32.66075258604618], [13.001529887920462, 32.6607546494093], [13.001527056511035, 32.66064513670365]]]}}, {"id": "83", "type": "Feature", "properties": {"building_id": "8fcf162dc4607afd3857", "source_tile": "libya_122012230.csv.gz", "source_line": 510872, "footprint_area_m2": 610.0190831349037, "building_height_m": null, "building_height_known": false, "height_source": "unavailable", "canonical_longitude": 12.998836785457607, "canonical_latitude": 32.65450484633633, "structural_survey_required": true, "owner_permission_verified": false, "power_verified": false, "backhaul_verified": false, "roof_usable_area_m2": null, "candidate_status": "preliminary_footprint_review", "h3_index": "88384b6e3dfffff", "area_priority_rank": 17, "building_height_status": "Unavailable"}, "geometry": {"type": "Polygon", "coordinates": [[[12.99892078334767, 32.654328102678136], [12.998917618113474, 32.654683958752834], [12.998830570239885, 32.65468341503623], [12.998830582000117, 32.65468208040401], [12.99875280225995, 32.654681589994524], [12.998755934297819, 32.65432614413088], [12.99883496568901, 32.654326637777075], [12.998834957472504, 32.65432756153479], [12.99892078334767, 32.654328102678136]]]}}, {"id": "84", "type": "Feature", "properties": {"building_id": "b120b472b5cb8c021774", "source_tile": "libya_122012230.csv.gz", "source_line": 674354, "footprint_area_m2": 606.1653648695852, "building_height_m": null, "building_height_known": false, "height_source": "unavailable", "canonical_longitude": 13.003731539821445, "canonical_latitude": 32.65828008601504, "structural_survey_required": true, "owner_permission_verified": false, "power_verified": false, "backhaul_verified": false, "roof_usable_area_m2": null, "candidate_status": "preliminary_footprint_review", "h3_index": "88384b6e3dfffff", "area_priority_rank": 17, "building_height_status": "Unavailable"}, "geometry": {"type": "Polygon", "coordinates": [[[13.003640311759707, 32.65835361827508], [13.003637701096222, 32.658206870643994], [13.003669880385655, 32.658206464872386], [13.003668193495429, 32.6581116431976], [13.003821045120304, 32.658109715780284], [13.003827190220454, 32.658455137118835], [13.00366729852637, 32.65845715330173], [13.003665442348478, 32.65835330138608], [13.003640311759707, 32.65835361827508]]]}}, {"id": "85", "type": "Feature", "properties": {"building_id": "06cec65be40d8f61998c", "source_tile": "libya_122012230.csv.gz", "source_line": 213121, "footprint_area_m2": 1130.0276317463813, "building_height_m": null, "building_height_known": false, "height_source": "unavailable", "canonical_longitude": 13.086473118667879, "canonical_latitude": 32.6755923224757, "structural_survey_required": true, "owner_permission_verified": false, "power_verified": false, "backhaul_verified": false, "roof_usable_area_m2": null, "candidate_status": "preliminary_footprint_review", "h3_index": "88384b6ed3fffff", "area_priority_rank": 18, "building_height_status": "Unavailable"}, "geometry": {"type": "Polygon", "coordinates": [[[13.086553244958843, 32.675957162690274], [13.086404759494599, 32.67595885097787], [13.086392962041185, 32.67522748226113], [13.086541508305952, 32.67522579326838], [13.086553244958843, 32.675957162690274]]]}}, {"id": "86", "type": "Feature", "properties": {"building_id": "084fc9cad4a2c0f1f385", "source_tile": "libya_122012230.csv.gz", "source_line": 689674, "footprint_area_m2": 1020.1689829832408, "building_height_m": null, "building_height_known": false, "height_source": "unavailable", "canonical_longitude": 13.091741894084434, "canonical_latitude": 32.67826833215176, "structural_survey_required": true, "owner_permission_verified": false, "power_verified": false, "backhaul_verified": false, "roof_usable_area_m2": null, "candidate_status": "preliminary_footprint_review", "h3_index": "88384b6ed3fffff", "area_priority_rank": 18, "building_height_status": "Unavailable"}, "geometry": {"type": "Polygon", "coordinates": [[[13.091998913065455, 32.67836148142798], [13.091487818832398, 32.67836705156901], [13.091484867357934, 32.67817518287555], [13.09199597754227, 32.678169612548686], [13.091998913065455, 32.67836148142798]]]}}, {"id": "87", "type": "Feature", "properties": {"building_id": "50ec6f9f7975143e89f8", "source_tile": "libya_122012230.csv.gz", "source_line": 548982, "footprint_area_m2": 992.1763235266665, "building_height_m": null, "building_height_known": false, "height_source": "unavailable", "canonical_longitude": 13.086711205523196, "canonical_latitude": 32.67555808138187, "structural_survey_required": true, "owner_permission_verified": false, "power_verified": false, "backhaul_verified": false, "roof_usable_area_m2": null, "candidate_status": "preliminary_footprint_review", "h3_index": "88384b6ed3fffff", "area_priority_rank": 18, "building_height_status": "Unavailable"}, "geometry": {"type": "Polygon", "coordinates": [[[13.086794004641433, 32.67588803573866], [13.086650272712156, 32.67589138889618], [13.086628433839484, 32.675228127025086], [13.086772110662523, 32.67522477512828], [13.086794004641433, 32.67588803573866]]]}}, {"id": "88", "type": "Feature", "properties": {"building_id": "674c07e8a5fcd012554e", "source_tile": "libya_122012230.csv.gz", "source_line": 659787, "footprint_area_m2": 902.1139628761259, "building_height_m": null, "building_height_known": false, "height_source": "unavailable", "canonical_longitude": 13.091704385339003, "canonical_latitude": 32.67534510777394, "structural_survey_required": true, "owner_permission_verified": false, "power_verified": false, "backhaul_verified": false, "roof_usable_area_m2": null, "candidate_status": "preliminary_footprint_review", "h3_index": "88384b6ed3fffff", "area_priority_rank": 18, "building_height_status": "Unavailable"}, "geometry": {"type": "Polygon", "coordinates": [[[13.09183763942773, 32.675280918317846], [13.091828580407956, 32.6754385901574], [13.091714547225859, 32.6754339413125], [13.09171765765985, 32.67537988260744], [13.091628314828196, 32.67537624032341], [13.091629479559309, 32.675355968231194], [13.091574323737758, 32.67535371966557], [13.091576267758981, 32.675319932948405], [13.091528100980735, 32.67531796930789], [13.091518899280175, 32.675477892993115], [13.09147608436616, 32.67547614753797], [13.091484119653956, 32.67533649588231], [13.09143595287567, 32.67533453224216], [13.09143271284027, 32.675390843421134], [13.091226666066508, 32.67538244340979], [13.091235417629981, 32.675230342859756], [13.091417381629928, 32.675237750369384], [13.091418997564395, 32.67520966570201], [13.091590257220531, 32.67521664754319], [13.09158714678654, 32.67527070634702], [13.09183763942773, 32.675280918317846]]]}}, {"id": "89", "type": "Feature", "properties": {"building_id": "f677803815d472d591c5", "source_tile": "libya_122012230.csv.gz", "source_line": 603340, "footprint_area_m2": 737.9780806085743, "building_height_m": null, "building_height_known": false, "height_source": "unavailable", "canonical_longitude": 13.092594255904032, "canonical_latitude": 32.67821524419797, "structural_survey_required": true, "owner_permission_verified": false, "power_verified": false, "backhaul_verified": false, "roof_usable_area_m2": null, "candidate_status": "preliminary_footprint_review", "h3_index": "88384b6ed3fffff", "area_priority_rank": 18, "building_height_status": "Unavailable"}, "geometry": {"type": "Polygon", "coordinates": [[[13.092774859516947, 32.678312280108926], [13.092584434169737, 32.67831352531567], [13.092584184135664, 32.6782864350733], [13.092415215165607, 32.6782875399754], [13.092413339910095, 32.67808436289821], [13.092456252664366, 32.67808408228751], [13.092456074335734, 32.67806476100504], [13.092606268894125, 32.67806377001983], [13.092607009881077, 32.67814405332264], [13.092773296803987, 32.67814296595692], [13.092774859516947, 32.678312280108926]]]}}, {"id": "90", "type": "Feature", "properties": {"building_id": "31eba3f690a5b28bdc66", "source_tile": "libya_122012230.csv.gz", "source_line": 107394, "footprint_area_m2": 874.5386835030788, "building_height_m": null, "building_height_known": false, "height_source": "unavailable", "canonical_longitude": 13.066040193410974, "canonical_latitude": 32.614229518445, "structural_survey_required": true, "owner_permission_verified": false, "power_verified": false, "backhaul_verified": false, "roof_usable_area_m2": null, "candidate_status": "preliminary_footprint_review", "h3_index": "88384b6cc1fffff", "area_priority_rank": 19, "building_height_status": "Unavailable"}, "geometry": {"type": "Polygon", "coordinates": [[[13.065754049406856, 32.614335653716445], [13.06576186737253, 32.61426168397064], [13.065950806757387, 32.6142758521599], [13.065955071102264, 32.61423550500648], [13.065795404016471, 32.61422353188352], [13.065801563625774, 32.61416525262198], [13.065821693206816, 32.61416676210103], [13.065828568898992, 32.61410175866751], [13.065984067753625, 32.6141134192388], [13.065976723604056, 32.61418290608651], [13.066026123847912, 32.61418661051618], [13.06603181407592, 32.614132814586476], [13.066102159711598, 32.61413808967386], [13.066100738263318, 32.614151538741645], [13.066212505223366, 32.61415991993462], [13.066190472774739, 32.614368380207736], [13.065754049406856, 32.614335653716445]]]}}, {"id": "91", "type": "Feature", "properties": {"building_id": "f4f363a079382b59f62a", "source_tile": "libya_122012230.csv.gz", "source_line": 231291, "footprint_area_m2": 829.8088768814969, "building_height_m": null, "building_height_known": false, "height_source": "unavailable", "canonical_longitude": 13.068564186353012, "canonical_latitude": 32.61502773605491, "structural_survey_required": true, "owner_permission_verified": false, "power_verified": false, "backhaul_verified": false, "roof_usable_area_m2": null, "candidate_status": "preliminary_footprint_review", "h3_index": "88384b6cc1fffff", "area_priority_rank": 19, "building_height_status": "Unavailable"}, "geometry": {"type": "Polygon", "coordinates": [[[13.06829765174825, 32.61517008971794], [13.068309795763682, 32.61505009598449], [13.068514834628967, 32.615064830667976], [13.068520851745532, 32.61500537612534], [13.068339777389344, 32.61499237426673], [13.068352035333643, 32.614871254573025], [13.06868100956278, 32.614894876260976], [13.068671467835093, 32.614989079898514], [13.068614112911243, 32.61498496158646], [13.068593229006119, 32.615191313296975], [13.06829765174825, 32.61517008971794]]]}}, {"id": "92", "type": "Feature", "properties": {"building_id": "4428193edb15d7538681", "source_tile": "libya_122012230.csv.gz", "source_line": 593198, "footprint_area_m2": 703.3343704693542, "building_height_m": null, "building_height_known": false, "height_source": "unavailable", "canonical_longitude": 13.067048280269674, "canonical_latitude": 32.61390956035594, "structural_survey_required": true, "owner_permission_verified": false, "power_verified": false, "backhaul_verified": false, "roof_usable_area_m2": null, "candidate_status": "preliminary_footprint_review", "h3_index": "88384b6cc1fffff", "area_priority_rank": 19, "building_height_status": "Unavailable"}, "geometry": {"type": "Polygon", "coordinates": [[[13.067197479433998, 32.61382744531419], [13.067182993774606, 32.61410027179076], [13.066896571189757, 32.614089465097656], [13.066900880972728, 32.61400829366102], [13.067017508782417, 32.6140126940198], [13.067019906845765, 32.613967598888756], [13.066900598450001, 32.61396309738937], [13.066906639960973, 32.61384931001043], [13.067084848790707, 32.61385602332251], [13.067086590992329, 32.61382326149271], [13.067197479433998, 32.61382744531419]]]}}, {"id": "93", "type": "Feature", "properties": {"building_id": "09adf32529dca6ce7331", "source_tile": "libya_122012230.csv.gz", "source_line": 218780, "footprint_area_m2": 643.0221396756632, "building_height_m": null, "building_height_known": false, "height_source": "unavailable", "canonical_longitude": 13.068659598028766, "canonical_latitude": 32.61160892172389, "structural_survey_required": true, "owner_permission_verified": false, "power_verified": false, "backhaul_verified": false, "roof_usable_area_m2": null, "candidate_status": "preliminary_footprint_review", "h3_index": "88384b6cc1fffff", "area_priority_rank": 19, "building_height_status": "Unavailable"}, "geometry": {"type": "Polygon", "coordinates": [[[13.068429309289078, 32.61168589531435], [13.06844474788516, 32.6116032030119], [13.06853112542428, 32.61161464043588], [13.068537300037782, 32.61158156791633], [13.068481395522404, 32.61157416548426], [13.068499088393612, 32.61147935650145], [13.068666610268105, 32.611501538439704], [13.068662495646901, 32.61152358704386], [13.068731491769277, 32.61153272296766], [13.068727375360263, 32.61155477132742], [13.068795430391113, 32.61156378263613], [13.06876434584218, 32.61173027788214], [13.068429309289078, 32.61168589531435]]]}}, {"id": "94", "type": "Feature", "properties": {"building_id": "8d8d660b793e71c3800a", "source_tile": "libya_122012230.csv.gz", "source_line": 377106, "footprint_area_m2": 610.4276854597484, "building_height_m": null, "building_height_known": false, "height_source": "unavailable", "canonical_longitude": 13.068102015566419, "canonical_latitude": 32.61157453270603, "structural_survey_required": true, "owner_permission_verified": false, "power_verified": false, "backhaul_verified": false, "roof_usable_area_m2": null, "candidate_status": "preliminary_footprint_review", "h3_index": "88384b6cc1fffff", "area_priority_rank": 19, "building_height_status": "Unavailable"}, "geometry": {"type": "Polygon", "coordinates": [[[13.068247178056382, 32.611451351409585], [13.068222784385298, 32.61162056629452], [13.068230714085875, 32.611621377393476], [13.068223331790701, 32.6116725870978], [13.067892927600372, 32.61163879132041], [13.067896458263295, 32.61161429971711], [13.0679678255684, 32.611621599608114], [13.067980343373273, 32.61153476569494], [13.06797770013976, 32.61153449532836], [13.067993427638225, 32.61142539618959], [13.068247178056382, 32.611451351409585]]]}}, {"id": "95", "type": "Feature", "properties": {"building_id": "e9d550d11a6a031285b8", "source_tile": "libya_122012231.csv.gz", "source_line": 181066, "footprint_area_m2": 1070.3512473432531, "building_height_m": null, "building_height_known": false, "height_source": "unavailable", "canonical_longitude": 13.37209606411901, "canonical_latitude": 32.78524302464662, "structural_survey_required": true, "owner_permission_verified": false, "power_verified": false, "backhaul_verified": false, "roof_usable_area_m2": null, "candidate_status": "preliminary_footprint_review", "h3_index": "883fa592b7fffff", "area_priority_rank": 20, "building_height_status": "Unavailable"}, "geometry": {"type": "Polygon", "coordinates": [[[13.371946260358417, 32.785275365074064], [13.371942550674056, 32.78526153492257], [13.371958833073446, 32.785258449022905], [13.371978915752845, 32.78514412038166], [13.371878199685359, 32.7851316221489], [13.37185379837047, 32.785040650912386], [13.371989751937875, 32.78505752191491], [13.372002891107426, 32.78510650642913], [13.37204372234238, 32.78511157333114], [13.37206529273773, 32.78510748522429], [13.372161818860704, 32.78511946351449], [13.372168636836367, 32.78508063102759], [13.372271414517293, 32.78509339114841], [13.372293677318815, 32.785176415454785], [13.372386842179601, 32.78518797662436], [13.372410543359381, 32.785276337522234], [13.372404138891586, 32.78531281475241], [13.372294413145415, 32.78529919204446], [13.372276993485261, 32.785234229283326], [13.372184178030139, 32.78525182000992], [13.372176609011248, 32.7852949300573], [13.372221234284925, 32.785300467764145], [13.372213734923033, 32.78534318105016], [13.372169342395859, 32.78535159447539], [13.372151336249885, 32.785454149996276], [13.371988585251806, 32.78543395368693], [13.372006331205952, 32.78533288008846], [13.372112730613356, 32.785312714899305], [13.37210265121688, 32.78531146351875], [13.37215586331165, 32.785301375442934], [13.371946260358417, 32.785275365074064]]]}}, {"id": "96", "type": "Feature", "properties": {"building_id": "0acea698bbcf665847c7", "source_tile": "libya_122012231.csv.gz", "source_line": 98679, "footprint_area_m2": 1016.0345560470047, "building_height_m": null, "building_height_known": false, "height_source": "unavailable", "canonical_longitude": 13.371943083030608, "canonical_latitude": 32.786365951327625, "structural_survey_required": true, "owner_permission_verified": false, "power_verified": false, "backhaul_verified": false, "roof_usable_area_m2": null, "candidate_status": "preliminary_footprint_review", "h3_index": "883fa592b7fffff", "area_priority_rank": 20, "building_height_status": "Unavailable"}, "geometry": {"type": "Polygon", "coordinates": [[[13.371766816208478, 32.78621883023304], [13.371889798661257, 32.786212939958176], [13.37189071254199, 32.786226425735904], [13.372099248005448, 32.78621643787917], [13.372118835132047, 32.786505476919345], [13.371787318533435, 32.78652137444152], [13.371766816208478, 32.78621883023304]]]}}, {"id": "97", "type": "Feature", "properties": {"building_id": "90783ba0bea0d2bd1853", "source_tile": "libya_122012231.csv.gz", "source_line": 71686, "footprint_area_m2": 989.2841151686017, "building_height_m": null, "building_height_known": false, "height_source": "unavailable", "canonical_longitude": 13.370003814780706, "canonical_latitude": 32.78247969323159, "structural_survey_required": true, "owner_permission_verified": false, "power_verified": false, "backhaul_verified": false, "roof_usable_area_m2": null, "candidate_status": "preliminary_footprint_review", "h3_index": "883fa592b7fffff", "area_priority_rank": 20, "building_height_status": "Unavailable"}, "geometry": {"type": "Polygon", "coordinates": [[[13.369701759489171, 32.78241016254202], [13.369945837151093, 32.78240940135654], [13.369945777455484, 32.7823958714139], [13.370061110856195, 32.782395511732794], [13.370061240196653, 32.782424826606054], [13.370191306234513, 32.78242442097959], [13.370191238936107, 32.78240945033252], [13.370305251776795, 32.78240908806105], [13.370305805372645, 32.78253455985713], [13.370185107627726, 32.782534936267005], [13.370185286714511, 32.78257552602534], [13.369702495734916, 32.78257703166412], [13.369701759489171, 32.78241016254202]]]}}, {"id": "98", "type": "Feature", "properties": {"building_id": "2586af631d6bd30eae9e", "source_tile": "libya_122012231.csv.gz", "source_line": 26541, "footprint_area_m2": 836.7975854943658, "building_height_m": null, "building_height_known": false, "height_source": "unavailable", "canonical_longitude": 13.366246624645491, "canonical_latitude": 32.78244860529753, "structural_survey_required": true, "owner_permission_verified": false, "power_verified": false, "backhaul_verified": false, "roof_usable_area_m2": null, "candidate_status": "preliminary_footprint_review", "h3_index": "883fa592b7fffff", "area_priority_rank": 20, "building_height_status": "Unavailable"}, "geometry": {"type": "Polygon", "coordinates": [[[13.366301786942628, 32.78225400792984], [13.366372489052116, 32.78279773411138], [13.366341996081449, 32.78280053673936], [13.366340124937608, 32.78278613775476], [13.366162536647535, 32.782802449556655], [13.366157034596839, 32.78276010970435], [13.366206078332631, 32.782755604947695], [13.36619694069023, 32.782685333147185], [13.36623537130432, 32.78268180096087], [13.366232475510076, 32.78265951696875], [13.366191392531377, 32.782663292936824], [13.366176189877281, 32.78254637883373], [13.36617884042874, 32.78254613537516], [13.36615347627864, 32.78235107521989], [13.36623299222139, 32.78234376682286], [13.366222270999879, 32.78226131633426], [13.366301786942628, 32.78225400792984]]]}}, {"id": "99", "type": "Feature", "properties": {"building_id": "55c8a5c57381492485aa", "source_tile": "libya_122012231.csv.gz", "source_line": 208537, "footprint_area_m2": 797.1473346213866, "building_height_m": null, "building_height_known": false, "height_source": "unavailable", "canonical_longitude": 13.37271512031738, "canonical_latitude": 32.78463572571984, "structural_survey_required": true, "owner_permission_verified": false, "power_verified": false, "backhaul_verified": false, "roof_usable_area_m2": null, "candidate_status": "preliminary_footprint_review", "h3_index": "883fa592b7fffff", "area_priority_rank": 20, "building_height_status": "Unavailable"}, "geometry": {"type": "Polygon", "coordinates": [[[13.372540288224592, 32.78448702838558], [13.372905587571324, 32.78447116551639], [13.37291208166107, 32.78457686699703], [13.37287730572266, 32.784578377116205], [13.372884352500861, 32.78469307432348], [13.372553810793217, 32.78470742783075], [13.372540288224592, 32.78448702838558]]]}}]}